price,total_area,rooms,bathrooms,terrace,furnished,air_conditioning,heating,security,latitude,longitude,bedrooms,garage,garden,pool,municipality_avg_price,governorate_avg_price,municipality_quality_affordable_housing_area,municipality_quality_mid_price_housing_area,municipality_quality_premium_housing_area,municipality_quality_confidence_high,municipality_quality_confidence_low,governorate_quality_affordable_housing_area,governorate_quality_mid_price_housing_area,governorate_quality_premium_housing_area,governorate_quality_confidence_high,governorate_quality_confidence_low
856000.0,405.0,5.0,5.0,0.0,0.0,0.0,0.0,0.0,36.8764,10.3253,4.0,0.0,0.0,0.0,1578293.3970945948,1449446.8968031188,False,False,True,True,False,False,False,True,True,False
892000.0,485.0,5.0,4.0,1.0,0.0,1.0,1.0,0.0,36.3884,10.5515,4.0,1.0,1.0,1.0,809528.7390138675,783799.5456266907,False,False,True,True,False,False,True,False,True,False
1150000.0,550.0,5.0,4.0,1.0,0.0,1.0,1.0,0.0,36.4011,10.6146,4.0,1.0,1.0,1.0,809528.7390138675,783799.5456266907,False,False,True,True,False,False,True,False,True,False
2200000.0,438.0,8.0,4.0,1.0,0.0,1.0,1.0,1.0,36.8355,10.2242,6.0,1.0,1.0,1.0,1578293.3970945948,1449446.8968031188,False,False,True,True,False,False,False,True,True,False
190000.0,142.0,2.0,1.0,0.0,0.0,0.0,0.0,0.0,36.4011,10.6146,2.0,1.0,1.0,0.0,809528.7390138675,783799.5456266907,False,False,True,True,False,False,True,False,True,False
980000.0,350.0,6.0,3.0,1.0,1.0,1.0,1.0,1.0,36.8764,10.3253,6.0,1.0,1.0,0.0,1578293.3970945948,1449446.8968031188,False,False,True,True,False,False,False,True,True,False
200000.0,200.0,3.0,1.0,1.0,0.0,0.0,0.0,0.0,36.8188,10.166,3.0,0.0,0.0,0.0,395000.0,927922.7543356643,True,False,False,False,True,False,False,True,True,False
945000.0,220.0,7.0,4.0,1.0,0.0,1.0,1.0,0.0,36.8716,10.3344,6.0,0.0,0.0,0.0,2180444.6730612246,1449446.8968031188,False,False,True,True,False,False,False,True,True,False
3000000.0,100.0,5.0,1.0,1.0,1.0,1.0,1.0,1.0,36.8942,10.2762,3.0,0.0,0.0,0.0,1578293.3970945948,1449446.8968031188,False,False,True,True,False,False,False,True,True,False
650000.0,220.0,5.0,2.0,1.0,0.0,0.0,0.0,0.0,36.4011,10.6146,4.0,1.0,1.0,1.0,809528.7390138675,783799.5456266907,False,False,True,True,False,False,True,False,True,False
879000.0,450.0,5.0,3.0,1.0,0.0,1.0,1.0,0.0,36.8833,10.25,4.0,1.0,0.0,0.0,1011828.5111111111,917271.3972689076,False,False,True,True,False,False,False,True,True,False
1050000.0,220.0,5.0,3.0,1.0,0.0,1.0,1.0,0.0,36.8764,10.3253,3.0,1.0,1.0,0.0,1578293.3970945948,1449446.8968031188,False,False,True,True,False,False,False,True,True,False
1190000.0,300.0,5.0,1.0,1.0,0.0,1.0,1.0,0.0,36.8694,10.3164,3.0,1.0,0.0,0.0,2180444.6730612246,1449446.8968031188,False,False,True,True,False,False,False,True,True,False
1050000.0,322.0,5.0,1.0,0.0,0.0,0.0,0.0,0.0,36.8556,10.2918,3.0,0.0,0.0,0.0,1416795.7877419356,1449446.8968031188,False,False,True,True,False,False,False,True,True,False
355000.0,131.0,5.0,1.0,1.0,0.0,0.0,0.0,0.0,36.8452,10.1647,3.0,0.0,0.0,0.0,1177994.243076923,783799.5456266907,False,False,True,True,False,False,True,False,True,False
365000.0,150.0,4.0,1.0,0.0,0.0,0.0,0.0,1.0,36.8942,10.2762,3.0,0.0,0.0,0.0,1578293.3970945948,1449446.8968031188,False,False,True,True,False,False,False,True,True,False
1300000.0,380.0,4.0,1.0,1.0,0.0,1.0,1.0,1.0,36.8625,10.1956,4.0,1.0,1.0,1.0,1020923.2245882354,917271.3972689076,False,False,True,True,False,False,False,True,True,False
1000000.0,410.0,6.0,3.0,1.0,0.0,1.0,1.0,1.0,36.8625,10.1956,6.0,1.0,1.0,0.0,1020923.2245882354,917271.3972689076,False,False,True,True,False,False,False,True,True,False
1014000.0,100.0,5.0,2.0,1.0,0.0,0.0,0.0,0.0,36.8486,10.3182,4.0,1.0,1.0,0.0,2180444.6730612246,1449446.8968031188,False,False,True,True,False,False,False,True,True,False
660000.0,210.0,4.0,2.0,1.0,0.0,1.0,1.0,0.0,36.4011,10.6146,3.0,1.0,1.0,1.0,809528.7390138675,783799.5456266907,False,False,True,True,False,False,True,False,True,False
1200000.0,630.0,6.0,3.0,1.0,0.0,1.0,1.0,1.0,36.4011,10.6146,4.0,1.0,1.0,1.0,809528.7390138675,783799.5456266907,False,False,True,True,False,False,True,False,True,False
850000.0,300.0,5.0,3.0,1.0,0.0,1.0,1.0,1.0,36.8452,10.1647,4.0,1.0,1.0,1.0,1177994.243076923,783799.5456266907,False,False,True,True,False,False,True,False,True,False
845000.0,350.0,6.0,4.0,1.0,0.0,1.0,1.0,1.0,36.8764,10.3253,3.0,1.0,1.0,1.0,1578293.3970945948,1449446.8968031188,False,False,True,True,False,False,False,True,True,False
970000.0,300.0,6.0,3.0,1.0,1.0,1.0,1.0,1.0,36.8833,10.25,5.0,1.0,1.0,1.0,1011828.5111111111,917271.3972689076,False,False,True,True,False,False,False,True,True,False
1500000.0,426.0,7.0,2.0,1.0,0.0,1.0,1.0,0.0,36.4198,10.6619,5.0,1.0,1.0,0.0,809528.7390138675,783799.5456266907,False,False,True,True,False,False,True,False,True,False
1148920.0,256.0,5.0,2.0,1.0,0.0,1.0,1.0,1.0,36.8893,10.2079,3.0,1.0,1.0,0.0,1011828.5111111111,917271.3972689076,False,False,True,True,False,False,False,True,True,False
1350000.0,592.0,5.0,5.0,0.0,0.0,0.0,0.0,0.0,36.8764,10.3253,4.0,0.0,0.0,0.0,1578293.3970945948,1449446.8968031188,False,False,True,True,False,False,False,True,True,False
1180000.0,378.0,2.0,2.0,1.0,0.0,1.0,1.0,0.0,35.8569,10.5972,4.0,1.0,1.0,0.0,1015812.9829508197,927922.7543356643,False,False,True,True,False,False,False,True,True,False
385000.0,200.0,5.0,2.0,1.0,0.0,0.0,0.0,0.0,35.87,10.57,4.0,0.0,0.0,0.0,1026490.2244999999,927922.7543356643,False,False,True,True,False,False,False,True,True,False
325000.0,152.0,4.0,2.0,1.0,0.0,0.0,0.0,0.0,35.87,10.57,3.0,0.0,0.0,0.0,1026490.2244999999,927922.7543356643,False,False,True,True,False,False,False,True,True,False
1100000.0,415.0,5.0,2.0,1.0,1.0,1.0,0.0,1.0,35.87,10.57,4.0,1.0,0.0,1.0,1026490.2244999999,927922.7543356643,False,False,True,True,False,False,False,True,True,False
1250000.0,600.0,5.0,5.0,1.0,0.0,1.0,1.0,1.0,36.4011,10.6146,5.0,1.0,1.0,1.0,809528.7390138675,783799.5456266907,False,False,True,True,False,False,True,False,True,False
960000.0,530.0,6.0,4.0,1.0,1.0,0.0,0.0,0.0,36.4011,10.6146,4.0,1.0,1.0,1.0,809528.7390138675,783799.5456266907,False,False,True,True,False,False,True,False,True,False
470000.0,500.0,6.0,2.0,1.0,0.0,0.0,0.0,0.0,36.0164,10.5129,4.0,1.0,0.0,0.0,847410.6436363637,927922.7543356643,False,False,True,True,False,False,False,True,True,False
240000.0,200.0,5.0,2.0,1.0,0.0,1.0,1.0,0.0,36.8764,10.3253,3.0,1.0,1.0,0.0,1578293.3970945948,1449446.8968031188,False,False,True,True,False,False,False,True,True,False
540000.0,160.0,4.0,3.0,1.0,0.0,1.0,1.0,0.0,36.4011,10.6146,3.0,1.0,1.0,1.0,809528.7390138675,783799.5456266907,False,False,True,True,False,False,True,False,True,False
790000.0,500.0,4.0,3.0,0.0,0.0,1.0,1.0,1.0,36.4011,10.6146,3.0,0.0,1.0,1.0,809528.7390138675,783799.5456266907,False,False,True,True,False,False,True,False,True,False
1100000.0,347.0,5.0,4.0,1.0,0.0,1.0,1.0,0.0,36.4011,10.6146,4.0,1.0,1.0,1.0,809528.7390138675,783799.5456266907,False,False,True,True,False,False,True,False,True,False
1350000.0,295.0,5.0,2.0,1.0,0.0,1.0,1.0,0.0,36.8833,10.25,4.0,1.0,1.0,1.0,1011828.5111111111,917271.3972689076,False,False,True,True,False,False,False,True,True,False
1550000.0,684.0,5.0,1.0,0.0,0.0,0.0,0.0,0.0,36.8452,10.1647,3.0,0.0,1.0,0.0,1177994.243076923,783799.5456266907,False,False,True,True,False,False,True,False,True,False
1750000.0,630.0,7.0,4.0,1.0,0.0,1.0,1.0,1.0,35.8569,10.5972,6.0,1.0,1.0,1.0,1015812.9829508197,927922.7543356643,False,False,True,True,False,False,False,True,True,False
650000.0,282.0,5.0,5.0,1.0,1.0,1.0,1.0,1.0,36.4011,10.6146,4.0,0.0,1.0,1.0,809528.7390138675,783799.5456266907,False,False,True,True,False,False,True,False,True,False
450000.0,185.0,5.0,1.0,0.0,0.0,1.0,1.0,0.0,36.689,10.2996,3.0,1.0,1.0,0.0,529454.5454545454,831885.7976100629,False,True,False,True,False,False,False,True,True,False
450000.0,130.0,3.0,1.0,1.0,0.0,1.0,1.0,1.0,36.4011,10.6146,2.0,1.0,1.0,1.0,809528.7390138675,783799.5456266907,False,False,True,True,False,False,True,False,True,False
865000.0,370.0,5.0,4.0,1.0,0.0,1.0,1.0,1.0,36.47,10.78,4.0,1.0,1.0,0.0,642782.0582608696,783799.5456266907,False,True,False,True,False,False,True,False,True,False
210000.0,160.0,5.0,1.0,0.0,0.0,0.0,0.0,0.0,35.8569,10.5915,3.0,0.0,0.0,0.0,1015812.9829508197,927922.7543356643,False,False,True,True,False,False,False,True,True,False
1890000.0,813.0,2.0,3.0,1.0,0.0,1.0,1.0,0.0,35.8569,10.5972,3.0,1.0,1.0,1.0,1015812.9829508197,927922.7543356643,False,False,True,True,False,False,False,True,True,False
1000000.0,355.0,5.0,4.0,0.0,0.0,1.0,1.0,1.0,36.4011,10.6146,4.0,1.0,1.0,1.0,809528.7390138675,783799.5456266907,False,False,True,True,False,False,True,False,True,False
570000.0,227.0,5.0,1.0,0.0,0.0,1.0,1.0,0.0,36.8942,10.2762,3.0,0.0,1.0,0.0,1578293.3970945948,1449446.8968031188,False,False,True,True,False,False,False,True,True,False
1500000.0,250.0,5.0,1.0,1.0,0.0,0.0,0.0,0.0,36.8942,10.2762,4.0,1.0,0.0,1.0,1578293.3970945948,1449446.8968031188,False,False,True,True,False,False,False,True,True,False
370000.0,233.0,5.0,1.0,1.0,1.0,1.0,1.0,0.0,36.8452,10.1647,3.0,0.0,0.0,0.0,1177994.243076923,783799.5456266907,False,False,True,True,False,False,True,False,True,False
900000.0,400.0,5.0,2.0,1.0,0.0,1.0,1.0,0.0,36.4011,10.6146,4.0,1.0,1.0,0.0,809528.7390138675,783799.5456266907,False,False,True,True,False,False,True,False,True,False
850000.0,290.0,8.0,4.0,1.0,0.0,1.0,1.0,0.0,36.4506,10.735,6.0,1.0,1.0,0.0,994136.9111340205,783799.5456266907,False,False,True,True,False,False,True,False,True,False
1270000.0,500.0,5.0,2.0,1.0,0.0,1.0,1.0,1.0,36.4506,10.735,3.0,1.0,1.0,1.0,994136.9111340205,783799.5456266907,False,False,True,True,False,False,True,False,True,False
790000.0,300.0,5.0,2.0,1.0,1.0,1.0,1.0,0.0,36.4506,10.735,4.0,1.0,1.0,0.0,994136.9111340205,783799.5456266907,False,False,True,True,False,False,True,False,True,False
750000.0,226.0,3.0,1.0,0.0,0.0,1.0,1.0,1.0,36.4506,10.735,2.0,1.0,0.0,0.0,994136.9111340205,783799.5456266907,False,False,True,True,False,False,True,False,True,False
850000.0,300.0,7.0,3.0,1.0,0.0,1.0,0.0,1.0,37.272,9.8708,5.0,1.0,1.0,1.0,513185.1669565218,534121.1009677419,False,True,False,True,False,True,False,False,True,False
2500000.0,750.0,5.0,4.0,1.0,1.0,1.0,1.0,1.0,36.8791,10.3065,5.0,1.0,1.0,1.0,1578293.3970945948,1449446.8968031188,False,False,True,True,False,False,False,True,True,False
990000.0,470.0,5.0,3.0,1.0,0.0,1.0,1.0,1.0,36.4011,10.6146,4.0,0.0,1.0,1.0,809528.7390138675,783799.5456266907,False,False,True,True,False,False,True,False,True,False
1250000.0,380.0,5.0,3.0,1.0,0.0,1.0,1.0,1.0,36.4011,10.6146,4.0,1.0,1.0,1.0,809528.7390138675,783799.5456266907,False,False,True,True,False,False,True,False,True,False
660000.0,220.0,5.0,2.0,1.0,0.0,1.0,1.0,1.0,36.4011,10.6146,4.0,0.0,1.0,1.0,809528.7390138675,783799.5456266907,False,False,True,True,False,False,True,False,True,False
2000000.0,800.0,3.0,4.0,1.0,0.0,1.0,1.0,0.0,36.8833,10.25,6.0,0.0,1.0,1.0,1011828.5111111111,917271.3972689076,False,False,True,True,False,False,False,True,True,False
1400000.0,500.0,5.0,4.0,1.0,1.0,1.0,1.0,1.0,36.8534,10.2505,7.0,1.0,1.0,0.0,1578293.3970945948,1449446.8968031188,False,False,True,True,False,False,False,True,True,False
650000.0,200.0,5.0,3.0,1.0,0.0,1.0,1.0,0.0,36.8819,10.1797,4.0,1.0,1.0,0.0,1020923.2245882354,917271.3972689076,False,False,True,True,False,False,False,True,True,False
2700000.0,900.0,5.0,3.0,1.0,0.0,1.0,1.0,0.0,36.8932,10.3099,5.0,1.0,1.0,1.0,1578293.3970945948,1449446.8968031188,False,False,True,True,False,False,False,True,True,False
1300000.0,450.0,8.0,1.0,1.0,0.0,0.0,0.0,0.0,36.8239,10.2264,8.0,0.0,1.0,0.0,952083.3333333334,709285.7142857143,False,False,True,True,False,False,True,False,True,False
388000.0,112.0,3.0,2.0,1.0,0.0,0.0,1.0,1.0,36.8728,10.2919,2.0,1.0,1.0,0.0,1578293.3970945948,1449446.8968031188,False,False,True,True,False,False,False,True,True,False
850000.0,290.0,5.0,3.0,0.0,0.0,1.0,1.0,0.0,36.8833,10.25,4.0,1.0,1.0,1.0,1011828.5111111111,917271.3972689076,False,False,True,True,False,False,False,True,True,False
1152000.0,495.0,5.0,5.0,0.0,0.0,0.0,0.0,0.0,36.8764,10.3253,4.0,0.0,0.0,0.0,1578293.3970945948,1449446.8968031188,False,False,True,True,False,False,False,True,True,False
2650000.0,659.0,5.0,1.0,1.0,0.0,0.0,0.0,0.0,36.8942,10.2762,3.0,1.0,1.0,0.0,1578293.3970945948,1449446.8968031188,False,False,True,True,False,False,False,True,True,False
980000.0,241.0,3.0,3.0,1.0,0.0,1.0,1.0,1.0,36.8484,10.3099,3.0,1.0,1.0,1.0,1416795.7877419356,1449446.8968031188,False,False,True,True,False,False,False,True,True,False
1600000.0,500.0,6.0,3.0,1.0,0.0,0.0,0.0,0.0,36.8764,10.3253,4.0,1.0,1.0,0.0,1578293.3970945948,1449446.8968031188,False,False,True,True,False,False,False,True,True,False
1765000.0,642.0,5.0,5.0,0.0,0.0,0.0,0.0,0.0,36.8764,10.3253,4.0,0.0,0.0,0.0,1578293.3970945948,1449446.8968031188,False,False,True,True,False,False,False,True,True,False
1050000.0,280.0,5.0,3.0,1.0,0.0,1.0,1.0,0.0,36.4198,10.6619,4.0,1.0,1.0,1.0,809528.7390138675,783799.5456266907,False,False,True,True,False,False,True,False,True,False
650000.0,140.0,5.0,4.0,1.0,0.0,1.0,1.0,0.0,36.4011,10.6146,4.0,1.0,1.0,1.0,809528.7390138675,783799.5456266907,False,False,True,True,False,False,True,False,True,False
520000.0,150.0,3.0,1.0,1.0,0.0,1.0,1.0,0.0,36.47,10.78,2.0,1.0,1.0,1.0,548571.4285714285,783799.5456266907,False,True,False,True,False,False,True,False,True,False
756000.0,420.0,5.0,4.0,1.0,0.0,1.0,1.0,0.0,36.4011,10.6146,4.0,1.0,1.0,1.0,809528.7390138675,783799.5456266907,False,False,True,True,False,False,True,False,True,False
1240000.0,490.0,5.0,4.0,1.0,0.0,1.0,1.0,0.0,36.4011,10.6146,4.0,1.0,1.0,1.0,809528.7390138675,783799.5456266907,False,False,True,True,False,False,True,False,True,False
550000.0,200.0,5.0,3.0,1.0,1.0,1.0,0.0,0.0,35.8273,10.6339,4.0,0.0,0.0,0.0,1015812.9829508197,927922.7543356643,False,False,True,True,False,False,False,True,True,False
520000.0,232.0,5.0,1.0,1.0,0.0,0.0,0.0,0.0,35.7678,10.8225,3.0,0.0,1.0,0.0,925293.5079999999,641574.9720430108,False,False,True,True,False,False,True,False,True,False
700000.0,449.0,5.0,1.0,1.0,0.0,0.0,0.0,0.0,35.7833,10.8333,3.0,0.0,1.0,0.0,925293.5079999999,641574.9720430108,False,False,True,True,False,False,True,False,True,False
1150000.0,250.0,5.0,1.0,0.0,0.0,1.0,1.0,1.0,36.8883,10.2742,3.0,1.0,0.0,1.0,1011828.5111111111,917271.3972689076,False,False,True,True,False,False,False,True,True,False
790000.0,300.0,5.0,1.0,0.0,1.0,1.0,1.0,1.0,36.8883,10.2742,3.0,0.0,1.0,0.0,1011828.5111111111,917271.3972689076,False,False,True,True,False,False,False,True,True,False
1480000.0,422.0,5.0,1.0,1.0,1.0,1.0,1.0,0.0,36.8833,10.25,3.0,1.0,1.0,1.0,1011828.5111111111,917271.3972689076,False,False,True,True,False,False,False,True,True,False
450000.0,364.0,4.0,2.0,1.0,1.0,1.0,0.0,0.0,33.8145,10.9927,3.0,0.0,1.0,1.0,537322.9179591837,537322.9179591837,False,True,False,True,False,False,True,False,True,False
330000.0,130.0,4.0,1.0,0.0,0.0,1.0,0.0,0.0,36.4011,10.6146,2.0,0.0,1.0,0.0,809528.7390138675,783799.5456266907,False,False,True,True,False,False,True,False,True,False
900000.0,350.0,4.0,1.0,0.0,0.0,1.0,1.0,0.0,36.4011,10.6146,3.0,1.0,1.0,1.0,809528.7390138675,783799.5456266907,False,False,True,True,False,False,True,False,True,False
1190000.0,400.0,6.0,4.0,0.0,0.0,0.0,0.0,0.0,36.8452,10.1647,4.0,0.0,1.0,0.0,1177994.243076923,783799.5456266907,False,False,True,True,False,False,True,False,True,False
1600000.0,400.0,5.0,3.0,0.0,0.0,0.0,0.0,0.0,36.8452,10.1647,4.0,1.0,1.0,1.0,1177994.243076923,783799.5456266907,False,False,True,True,False,False,True,False,True,False
375000.0,112.0,2.0,2.0,1.0,0.0,1.0,1.0,0.0,33.7594,11.0131,2.0,0.0,1.0,1.0,552642.1685714285,927922.7543356643,False,True,False,True,False,False,False,True,True,False
495000.0,153.0,3.0,2.0,1.0,0.0,1.0,1.0,0.0,33.7598,11.0131,3.0,0.0,1.0,1.0,552642.1685714285,927922.7543356643,False,True,False,True,False,False,False,True,True,False
600000.0,284.0,3.0,3.0,1.0,0.0,1.0,1.0,0.0,33.7591,11.0135,3.0,0.0,1.0,1.0,552642.1685714285,927922.7543356643,False,True,False,True,False,False,False,True,True,False
1500000.0,418.0,4.0,2.0,1.0,0.0,1.0,1.0,0.0,36.8764,10.3253,3.0,1.0,0.0,1.0,1578293.3970945948,1449446.8968031188,False,False,True,True,False,False,False,True,True,False
986000.0,445.0,5.0,5.0,0.0,0.0,0.0,0.0,0.0,36.8764,10.3253,4.0,0.0,0.0,0.0,1578293.3970945948,1449446.8968031188,False,False,True,True,False,False,False,True,True,False
990000.0,400.0,6.0,4.0,1.0,1.0,0.0,0.0,0.0,36.4011,10.6146,5.0,0.0,1.0,1.0,809528.7390138675,783799.5456266907,False,False,True,True,False,False,True,False,True,False
450000.0,150.0,3.0,1.0,0.0,0.0,0.0,0.0,0.0,36.4011,10.6146,2.0,0.0,1.0,1.0,809528.7390138675,783799.5456266907,False,False,True,True,False,False,True,False,True,False
850000.0,260.0,5.0,3.0,1.0,0.0,0.0,0.0,0.0,36.4011,10.6146,4.0,1.0,1.0,1.0,809528.7390138675,783799.5456266907,False,False,True,True,False,False,True,False,True,False
1300000.0,580.0,12.0,6.0,1.0,0.0,1.0,1.0,1.0,36.8625,10.1956,9.0,1.0,1.0,0.0,1020923.2245882354,917271.3972689076,False,False,True,True,False,False,False,True,True,False
745000.0,400.0,5.0,3.0,1.0,1.0,1.0,0.0,1.0,33.8667,10.85,4.0,1.0,1.0,1.0,537322.9179591837,537322.9179591837,False,True,False,True,False,False,True,False,True,False
370000.0,250.0,5.0,2.0,1.0,0.0,0.0,0.0,0.0,35.3581,10.73,4.0,1.0,1.0,0.0,375000.0,607626.79375,True,False,False,True,False,False,True,False,True,False
630000.0,190.0,3.0,2.0,1.0,0.0,1.0,1.0,0.0,35.8337,10.6407,3.0,1.0,1.0,0.0,952083.3333333334,709285.7142857143,False,False,True,True,False,False,True,False,True,False
950000.0,320.0,3.0,2.0,1.0,0.0,1.0,0.0,0.0,36.9306,11.0485,3.0,0.0,1.0,0.0,809528.7390138675,783799.5456266907,False,False,True,True,False,False,True,False,True,False
1200000.0,350.0,5.0,3.0,1.0,0.0,0.0,0.0,0.0,36.4198,10.6619,4.0,1.0,1.0,0.0,809528.7390138675,783799.5456266907,False,False,True,True,False,False,True,False,True,False
1900000.0,840.0,9.0,4.0,1.0,0.0,1.0,1.0,1.0,36.4357,10.7039,5.0,1.0,1.0,1.0,994136.9111340205,783799.5456266907,False,False,True,True,False,False,True,False,True,False
2900000.0,210.0,5.0,2.0,1.0,0.0,1.0,1.0,0.0,36.8708,10.3477,3.0,0.0,0.0,0.0,2180444.6730612246,1449446.8968031188,False,False,True,True,False,False,False,True,True,False
850000.0,200.0,5.0,2.0,1.0,0.0,1.0,1.0,0.0,36.8711,10.2438,4.0,1.0,1.0,0.0,1011828.5111111111,917271.3972689076,False,False,True,True,False,False,False,True,True,False
220000.0,105.0,4.0,2.0,1.0,0.0,1.0,0.0,1.0,36.4472,10.7564,3.0,1.0,0.0,0.0,300000.0,783799.5456266907,True,False,False,True,False,False,True,False,True,False
1050000.0,460.0,5.0,1.0,1.0,0.0,0.0,0.0,0.0,36.4506,10.735,3.0,1.0,0.0,0.0,994136.9111340205,783799.5456266907,False,False,True,True,False,False,True,False,True,False
790000.0,300.0,6.0,2.0,1.0,0.0,1.0,1.0,0.0,36.8915,10.1626,5.0,1.0,1.0,1.0,1542012.4593548388,831885.7976100629,False,False,True,True,False,False,False,True,True,False
680000.0,670.0,4.0,2.0,1.0,0.0,0.0,0.0,0.0,35.87,10.57,3.0,1.0,1.0,0.0,1026490.2244999999,927922.7543356643,False,False,True,True,False,False,False,True,True,False
1270000.0,573.0,4.0,1.0,0.0,0.0,0.0,0.0,0.0,36.9544,10.1914,4.0,0.0,1.0,1.0,499150.58999999997,917271.3972689076,False,True,False,True,False,False,False,True,True,False
980000.0,280.0,3.0,1.0,0.0,0.0,0.0,0.0,0.0,36.8764,10.3253,3.0,0.0,1.0,0.0,1578293.3970945948,1449446.8968031188,False,False,True,True,False,False,False,True,True,False
1400000.0,620.0,7.0,3.0,1.0,0.0,1.0,0.0,0.0,36.8833,10.25,6.0,1.0,1.0,0.0,1011828.5111111111,917271.3972689076,False,False,True,True,False,False,False,True,True,False
1300000.0,700.0,5.0,3.0,0.0,0.0,0.0,0.0,0.0,36.8493,11.0918,5.0,1.0,0.0,0.0,451934.8628125,783799.5456266907,True,False,False,True,False,False,True,False,True,False
813000.0,373.0,5.0,4.0,0.0,0.0,0.0,0.0,0.0,36.8764,10.3253,3.0,0.0,0.0,0.0,1578293.3970945948,1449446.8968031188,False,False,True,True,False,False,False,True,True,False
1950000.0,400.0,5.0,4.0,1.0,0.0,1.0,1.0,1.0,36.8833,10.25,4.0,1.0,1.0,1.0,1011828.5111111111,917271.3972689076,False,False,True,True,False,False,False,True,True,False
888000.0,345.0,5.0,4.0,0.0,0.0,0.0,0.0,0.0,36.8764,10.3253,3.0,0.0,0.0,0.0,1578293.3970945948,1449446.8968031188,False,False,True,True,False,False,False,True,True,False
1160000.0,507.0,5.0,5.0,0.0,0.0,0.0,0.0,0.0,36.8764,10.3253,4.0,0.0,0.0,0.0,1578293.3970945948,1449446.8968031188,False,False,True,True,False,False,False,True,True,False
650000.0,730.0,6.0,3.0,0.0,0.0,1.0,0.0,0.0,35.87,10.57,5.0,0.0,1.0,1.0,1026490.2244999999,927922.7543356643,False,False,True,True,False,False,False,True,True,False
1112000.0,450.0,5.0,5.0,0.0,0.0,0.0,0.0,0.0,36.8764,10.3253,4.0,0.0,0.0,0.0,1578293.3970945948,1449446.8968031188,False,False,True,True,False,False,False,True,True,False
990000.0,490.0,5.0,1.0,0.0,0.0,1.0,1.0,1.0,36.4506,10.735,3.0,1.0,1.0,0.0,994136.9111340205,783799.5456266907,False,False,True,True,False,False,True,False,True,False
950000.0,350.0,10.0,5.0,1.0,0.0,0.0,1.0,1.0,35.8324,10.6225,8.0,1.0,1.0,0.0,1015812.9829508197,927922.7543356643,False,False,True,True,False,False,False,True,True,False
1250000.0,432.0,5.0,1.0,1.0,0.0,1.0,1.0,1.0,36.8833,10.25,3.0,1.0,1.0,0.0,1011828.5111111111,917271.3972689076,False,False,True,True,False,False,False,True,True,False
1900000.0,378.0,5.0,1.0,0.0,0.0,0.0,0.0,0.0,36.8452,10.1647,7.0,1.0,1.0,0.0,1177994.243076923,783799.5456266907,False,False,True,True,False,False,True,False,True,False
1550000.0,240.0,4.0,3.0,1.0,0.0,1.0,1.0,1.0,36.8833,10.25,4.0,1.0,1.0,1.0,1011828.5111111111,917271.3972689076,False,False,True,True,False,False,False,True,True,False
1800000.0,420.0,6.0,3.0,1.0,0.0,1.0,1.0,0.0,36.8833,10.25,4.0,1.0,1.0,1.0,1011828.5111111111,917271.3972689076,False,False,True,True,False,False,False,True,True,False
1800000.0,799.0,5.0,1.0,1.0,0.0,1.0,0.0,1.0,36.8764,10.3253,5.0,0.0,0.0,1.0,1578293.3970945948,1449446.8968031188,False,False,True,True,False,False,False,True,True,False
990000.0,502.0,6.0,5.0,1.0,0.0,0.0,0.0,0.0,36.4011,10.6146,5.0,0.0,0.0,0.0,809528.7390138675,783799.5456266907,False,False,True,True,False,False,True,False,True,False
840000.0,300.0,5.0,3.0,1.0,0.0,0.0,1.0,0.0,36.4198,10.6619,4.0,0.0,1.0,1.0,809528.7390138675,783799.5456266907,False,False,True,True,False,False,True,False,True,False
870000.0,460.0,3.0,3.0,0.0,1.0,1.0,1.0,0.0,36.4011,10.6146,6.0,1.0,1.0,0.0,809528.7390138675,783799.5456266907,False,False,True,True,False,False,True,False,True,False
130000.0,300.0,3.0,1.0,1.0,0.0,0.0,0.0,0.0,36.8493,11.0918,3.0,0.0,0.0,0.0,451934.8628125,783799.5456266907,True,False,False,True,False,False,True,False,True,False
870000.0,600.0,6.0,4.0,1.0,1.0,1.0,1.0,1.0,36.4011,10.6146,4.0,1.0,1.0,1.0,809528.7390138675,783799.5456266907,False,False,True,True,False,False,True,False,True,False
1000000.0,932.0,5.0,1.0,0.0,0.0,0.0,0.0,0.0,36.8764,10.3253,5.0,1.0,1.0,0.0,1578293.3970945948,1449446.8968031188,False,False,True,True,False,False,False,True,True,False
540000.0,250.0,5.0,2.0,1.0,0.0,1.0,1.0,0.0,36.9544,10.1914,5.0,1.0,1.0,0.0,499150.58999999997,917271.3972689076,False,True,False,True,False,False,False,True,True,False
470000.0,170.0,4.0,2.0,0.0,0.0,0.0,1.0,0.0,36.8241,10.2244,4.0,1.0,1.0,0.0,518012.26,917271.3972689076,False,True,False,True,False,False,False,True,True,False
1200000.0,400.0,8.0,4.0,0.0,0.0,0.0,1.0,0.0,36.8625,10.1956,8.0,0.0,1.0,0.0,1020923.2245882354,917271.3972689076,False,False,True,True,False,False,False,True,True,False
850000.0,300.0,4.0,3.0,1.0,0.0,1.0,1.0,0.0,36.4011,10.6146,3.0,1.0,1.0,1.0,809528.7390138675,783799.5456266907,False,False,True,True,False,False,True,False,True,False
595000.0,170.0,5.0,3.0,1.0,0.0,1.0,1.0,0.0,36.8833,10.25,4.0,1.0,1.0,0.0,1011828.5111111111,917271.3972689076,False,False,True,True,False,False,False,True,True,False
270000.0,130.0,4.0,1.0,1.0,0.0,1.0,0.0,0.0,36.8188,10.166,3.0,0.0,0.0,0.0,1047495.4257471263,1449446.8968031188,False,False,True,True,False,False,False,True,True,False
1490000.0,463.0,6.0,4.0,1.0,0.0,1.0,1.0,1.0,36.8764,10.3253,5.0,1.0,1.0,0.0,1578293.3970945948,1449446.8968031188,False,False,True,True,False,False,False,True,True,False
2900000.0,600.0,5.0,4.0,1.0,0.0,1.0,1.0,1.0,36.8764,10.3253,4.0,1.0,1.0,1.0,1578293.3970945948,1449446.8968031188,False,False,True,True,False,False,False,True,True,False
1200000.0,450.0,7.0,3.0,1.0,0.0,1.0,1.0,0.0,36.8625,10.1956,5.0,1.0,1.0,0.0,1020923.2245882354,917271.3972689076,False,False,True,True,False,False,False,True,True,False
1290000.0,420.0,8.0,2.0,0.0,0.0,0.0,1.0,0.0,36.8625,10.1956,6.0,1.0,1.0,0.0,1020923.2245882354,917271.3972689076,False,False,True,True,False,False,False,True,True,False
770000.0,305.0,5.0,1.0,0.0,0.0,1.0,1.0,1.0,36.4198,10.6619,3.0,1.0,1.0,1.0,809528.7390138675,783799.5456266907,False,False,True,True,False,False,True,False,True,False
575000.0,160.0,5.0,1.0,1.0,0.0,0.0,0.0,0.0,36.4198,10.6619,3.0,1.0,0.0,1.0,809528.7390138675,783799.5456266907,False,False,True,True,False,False,True,False,True,False
520000.0,308.0,5.0,1.0,1.0,0.0,1.0,0.0,0.0,36.4011,10.6146,3.0,0.0,1.0,1.0,809528.7390138675,783799.5456266907,False,False,True,True,False,False,True,False,True,False
400000.0,150.0,3.0,1.0,1.0,0.0,0.0,0.0,0.0,35.6776,10.0924,3.0,0.0,0.0,0.0,337774.4436363636,814548.518095238,True,False,False,True,False,False,False,True,True,False
1400000.0,350.0,5.0,5.0,1.0,0.0,0.0,0.0,0.0,36.4011,10.6146,4.0,0.0,1.0,1.0,809528.7390138675,783799.5456266907,False,False,True,True,False,False,True,False,True,False
350000.0,321.0,4.0,2.0,1.0,0.0,1.0,0.0,0.0,35.4683,11.0488,3.0,1.0,1.0,0.0,375000.0,607626.79375,True,False,False,True,False,False,True,False,True,False
245000.0,163.0,3.0,1.0,1.0,0.0,0.0,0.0,0.0,36.4011,10.6146,2.0,1.0,0.0,0.0,809528.7390138675,783799.5456266907,False,False,True,True,False,False,True,False,True,False
750000.0,260.0,5.0,3.0,1.0,0.0,1.0,1.0,1.0,36.9077,10.296,4.0,1.0,1.0,0.0,1578293.3970945948,1449446.8968031188,False,False,True,True,False,False,False,True,True,False
1350000.0,500.0,5.0,3.0,1.0,1.0,1.0,1.0,0.0,36.8764,10.3253,6.0,1.0,1.0,0.0,1578293.3970945948,1449446.8968031188,False,False,True,True,False,False,False,True,True,False
1179000.0,340.0,6.0,3.0,1.0,0.0,1.0,1.0,0.0,36.8625,10.1956,5.0,1.0,1.0,0.0,1020923.2245882354,917271.3972689076,False,False,True,True,False,False,False,True,True,False
1550000.0,500.0,7.0,3.0,1.0,0.0,1.0,1.0,0.0,36.8833,10.25,5.0,1.0,1.0,1.0,1011828.5111111111,917271.3972689076,False,False,True,True,False,False,False,True,True,False
1700000.0,500.0,6.0,1.0,1.0,0.0,1.0,1.0,1.0,36.8764,10.3253,6.0,1.0,1.0,0.0,1578293.3970945948,1449446.8968031188,False,False,True,True,False,False,False,True,True,False
250000.0,400.0,8.0,2.0,1.0,0.0,0.0,0.0,0.0,36.689,10.2996,6.0,1.0,1.0,0.0,529454.5454545454,831885.7976100629,False,True,False,True,False,False,False,True,True,False
420000.0,250.0,7.0,3.0,1.0,1.0,0.0,0.0,0.0,36.4465,10.7172,5.0,1.0,0.0,0.0,994136.9111340205,783799.5456266907,False,False,True,True,False,False,True,False,True,False
720000.0,181.0,4.0,3.0,1.0,1.0,1.0,1.0,0.0,36.55,10.8333,3.0,1.0,0.0,0.0,700000.0,783799.5456266907,False,True,False,False,True,False,True,False,True,False
750000.0,400.0,4.0,1.0,1.0,1.0,0.0,0.0,0.0,36.4011,10.6146,4.0,0.0,1.0,0.0,809528.7390138675,783799.5456266907,False,False,True,True,False,False,True,False,True,False
3700000.0,550.0,12.0,3.0,1.0,0.0,1.0,1.0,1.0,36.8566,10.3258,6.0,1.0,1.0,0.0,2180444.6730612246,1449446.8968031188,False,False,True,True,False,False,False,True,True,False
1700000.0,640.0,6.0,6.0,1.0,0.0,1.0,1.0,0.0,36.8625,10.1956,4.0,0.0,1.0,0.0,1020923.2245882354,917271.3972689076,False,False,True,True,False,False,False,True,True,False
1700000.0,230.0,4.0,3.0,1.0,0.0,1.0,1.0,1.0,36.8764,10.3253,3.0,1.0,1.0,1.0,1578293.3970945948,1449446.8968031188,False,False,True,True,False,False,False,True,True,False
1050000.0,480.0,5.0,2.0,1.0,0.0,1.0,1.0,0.0,36.4011,10.6146,4.0,0.0,1.0,1.0,809528.7390138675,783799.5456266907,False,False,True,True,False,False,True,False,True,False
680000.0,380.0,8.0,1.0,0.0,0.0,0.0,0.0,0.0,36.8188,10.166,8.0,0.0,0.0,0.0,1047495.4257471263,1449446.8968031188,False,False,True,True,False,False,False,True,True,False
995000.0,400.0,6.0,3.0,0.0,0.0,1.0,1.0,1.0,36.8241,10.2244,6.0,1.0,1.0,0.0,518012.26,917271.3972689076,False,True,False,True,False,False,False,True,True,False
170000.0,130.0,5.0,1.0,0.0,0.0,0.0,0.0,0.0,35.8014,10.6082,2.0,0.0,0.0,0.0,1015812.9829508197,927922.7543356643,False,False,True,True,False,False,False,True,True,False
360000.0,297.0,5.0,1.0,1.0,1.0,1.0,0.0,0.0,36.5772,10.3425,3.0,0.0,1.0,0.0,747303.2021052631,831885.7976100629,False,False,True,True,False,False,False,True,True,False
445000.0,150.0,4.0,2.0,1.0,0.0,1.0,1.0,1.0,36.4011,10.6146,3.0,1.0,1.0,1.0,809528.7390138675,783799.5456266907,False,False,True,True,False,False,True,False,True,False
1100000.0,347.0,4.0,1.0,1.0,0.0,0.0,0.0,0.0,36.4011,10.6146,4.0,1.0,0.0,1.0,809528.7390138675,783799.5456266907,False,False,True,True,False,False,True,False,True,False
750000.0,200.0,4.0,1.0,1.0,0.0,1.0,1.0,0.0,36.4011,10.6146,4.0,0.0,1.0,1.0,809528.7390138675,783799.5456266907,False,False,True,True,False,False,True,False,True,False
500000.0,140.0,4.0,2.0,1.0,0.0,0.0,0.0,0.0,36.7833,10.9833,3.0,1.0,1.0,0.0,357611.62727272726,783799.5456266907,True,False,False,True,False,False,True,False,True,False
750000.0,120.0,6.0,2.0,1.0,0.0,1.0,0.0,0.0,37.2667,9.8667,4.0,1.0,0.0,0.0,513185.1669565218,534121.1009677419,False,True,False,True,False,True,False,False,True,False
350000.0,250.0,7.0,2.0,1.0,0.0,1.0,0.0,0.0,37.2667,9.8667,5.0,1.0,1.0,0.0,513185.1669565218,534121.1009677419,False,True,False,True,False,True,False,False,True,False
350000.0,260.0,7.0,2.0,1.0,0.0,1.0,0.0,0.0,37.2667,9.8667,5.0,0.0,1.0,0.0,513185.1669565218,534121.1009677419,False,True,False,True,False,True,False,False,True,False
200000.0,100.0,4.0,2.0,1.0,1.0,1.0,0.0,0.0,37.2667,9.8667,3.0,0.0,0.0,0.0,513185.1669565218,534121.1009677419,False,True,False,True,False,True,False,False,True,False
450000.0,250.0,6.0,2.0,1.0,0.0,1.0,0.0,0.0,37.23,9.91,4.0,1.0,1.0,0.0,419940.0,534121.1009677419,True,False,False,True,False,True,False,False,True,False
540000.0,450.0,5.0,2.0,1.0,0.0,1.0,1.0,1.0,36.4011,10.6146,3.0,1.0,1.0,1.0,809528.7390138675,783799.5456266907,False,False,True,True,False,False,True,False,True,False
2200000.0,700.0,5.0,1.0,1.0,0.0,1.0,1.0,0.0,36.8452,10.1647,3.0,1.0,1.0,0.0,1542012.4593548388,831885.7976100629,False,False,True,True,False,False,False,True,True,False
1190000.0,300.0,4.0,2.0,1.0,1.0,1.0,1.0,0.0,36.8452,10.1647,3.0,1.0,1.0,0.0,1542012.4593548388,831885.7976100629,False,False,True,True,False,False,False,True,True,False
481000.0,155.0,4.0,3.0,1.0,0.0,1.0,1.0,1.0,36.861,10.2746,3.0,0.0,0.0,0.0,1578293.3970945948,1449446.8968031188,False,False,True,True,False,False,False,True,True,False
802500.0,350.0,6.0,4.0,1.0,0.0,1.0,1.0,1.0,36.8764,10.3253,3.0,1.0,1.0,1.0,1578293.3970945948,1449446.8968031188,False,False,True,True,False,False,False,True,True,False
200000.0,383.0,3.0,1.0,1.0,0.0,0.0,0.0,0.0,35.644,10.9468,4.0,1.0,0.0,0.0,362886.7866666666,641574.9720430108,True,False,False,True,False,False,True,False,True,False
1250000.0,400.0,8.0,4.0,1.0,0.0,1.0,1.0,0.0,36.4011,10.6146,6.0,0.0,1.0,1.0,809528.7390138675,783799.5456266907,False,False,True,True,False,False,True,False,True,False
500000.0,140.0,4.0,2.0,1.0,0.0,0.0,0.0,0.0,36.7833,10.9833,3.0,1.0,1.0,0.0,357611.62727272726,783799.5456266907,True,False,False,True,False,False,True,False,True,False
695000.0,463.0,8.0,2.0,1.0,0.0,0.0,1.0,1.0,36.8302,10.1374,6.0,1.0,1.0,0.0,694850.0507317072,1449446.8968031188,False,True,False,True,False,False,False,True,True,False
750000.0,120.0,6.0,2.0,1.0,0.0,1.0,0.0,0.0,37.2667,9.8667,4.0,1.0,0.0,0.0,513185.1669565218,534121.1009677419,False,True,False,True,False,True,False,False,True,False
350000.0,250.0,7.0,2.0,1.0,0.0,1.0,0.0,0.0,37.2667,9.8667,5.0,1.0,1.0,0.0,513185.1669565218,534121.1009677419,False,True,False,True,False,True,False,False,True,False
350000.0,260.0,7.0,2.0,1.0,0.0,1.0,0.0,0.0,37.2667,9.8667,5.0,0.0,1.0,0.0,513185.1669565218,534121.1009677419,False,True,False,True,False,True,False,False,True,False
200000.0,100.0,4.0,2.0,1.0,1.0,1.0,0.0,0.0,37.2667,9.8667,3.0,0.0,0.0,0.0,513185.1669565218,534121.1009677419,False,True,False,True,False,True,False,False,True,False
450000.0,250.0,6.0,2.0,1.0,0.0,1.0,0.0,0.0,37.23,9.91,4.0,1.0,1.0,0.0,419940.0,534121.1009677419,True,False,False,True,False,True,False,False,True,False
490000.0,450.0,9.0,3.0,1.0,0.0,1.0,0.0,1.0,37.2433,9.6467,7.0,1.0,1.0,0.0,513185.1669565218,534121.1009677419,False,True,False,True,False,True,False,False,True,False
520000.0,609.0,5.0,1.0,1.0,0.0,0.0,0.0,1.0,37.2667,9.8667,3.0,1.0,1.0,0.0,513185.1669565218,534121.1009677419,False,True,False,True,False,True,False,False,True,False
200000.0,120.0,4.0,1.0,0.0,0.0,1.0,0.0,0.0,37.23,9.91,3.0,1.0,0.0,0.0,419940.0,534121.1009677419,True,False,False,True,False,True,False,False,True,False
350000.0,250.0,5.0,2.0,1.0,0.0,1.0,0.0,0.0,37.272,9.8708,4.0,0.0,1.0,0.0,513185.1669565218,534121.1009677419,False,True,False,True,False,True,False,False,True,False
470000.0,270.0,5.0,2.0,1.0,0.0,1.0,0.0,1.0,37.2597,9.8823,3.0,1.0,1.0,0.0,235000.0,465625.0,True,False,False,True,False,True,False,False,True,False
350000.0,300.0,4.0,2.0,1.0,0.0,1.0,0.0,0.0,37.23,9.91,3.0,1.0,1.0,0.0,419940.0,534121.1009677419,True,False,False,True,False,True,False,False,True,False
425000.0,180.0,3.0,2.0,0.0,0.0,1.0,1.0,0.0,36.5769,10.8582,2.0,1.0,0.0,1.0,468502.50999999995,783799.5456266907,True,False,False,True,False,False,True,False,True,False
950000.0,250.0,6.0,3.0,1.0,0.0,1.0,1.0,0.0,36.8764,10.3253,5.0,1.0,1.0,0.0,1578293.3970945948,1449446.8968031188,False,False,True,True,False,False,False,True,True,False
1800000.0,799.0,9.0,5.0,1.0,0.0,1.0,1.0,0.0,36.8764,10.3253,7.0,1.0,1.0,1.0,1578293.3970945948,1449446.8968031188,False,False,True,True,False,False,False,True,True,False
1050000.0,400.0,6.0,1.0,1.0,0.0,0.0,0.0,0.0,34.7655,10.7434,3.0,1.0,1.0,0.0,544027.7777777778,1105774.472,False,True,False,True,False,False,False,True,True,False
828000.0,350.0,6.0,4.0,1.0,0.0,1.0,1.0,1.0,36.8764,10.3253,3.0,1.0,1.0,1.0,1578293.3970945948,1449446.8968031188,False,False,True,True,False,False,False,True,True,False
502000.0,140.0,4.0,3.0,1.0,0.0,0.0,1.0,1.0,36.8728,10.2919,3.0,1.0,1.0,0.0,1578293.3970945948,1449446.8968031188,False,False,True,True,False,False,False,True,True,False
1352000.0,542.0,5.0,5.0,0.0,0.0,0.0,0.0,0.0,36.8764,10.3253,4.0,0.0,0.0,0.0,1578293.3970945948,1449446.8968031188,False,False,True,True,False,False,False,True,True,False
1050000.0,280.0,5.0,3.0,0.0,0.0,1.0,1.0,1.0,36.4011,10.6146,4.0,0.0,1.0,1.0,809528.7390138675,783799.5456266907,False,False,True,True,False,False,True,False,True,False
1700000.0,570.0,5.0,5.0,0.0,0.0,0.0,0.0,0.0,36.8764,10.3253,4.0,0.0,0.0,0.0,1578293.3970945948,1449446.8968031188,False,False,True,True,False,False,False,True,True,False
496000.0,185.0,5.0,1.0,1.0,0.0,1.0,1.0,1.0,36.861,10.2746,3.0,0.0,0.0,0.0,1578293.3970945948,1449446.8968031188,False,False,True,True,False,False,False,True,True,False
1500000.0,427.0,5.0,1.0,1.0,0.0,1.0,1.0,0.0,36.8452,10.1647,3.0,1.0,1.0,1.0,1177994.243076923,783799.5456266907,False,False,True,True,False,False,True,False,True,False
1488000.0,525.0,5.0,5.0,0.0,0.0,0.0,0.0,0.0,36.8764,10.3253,4.0,0.0,0.0,0.0,1578293.3970945948,1449446.8968031188,False,False,True,True,False,False,False,True,True,False
1780000.0,800.0,7.0,3.0,1.0,0.0,1.0,1.0,1.0,36.8764,10.3253,6.0,1.0,1.0,1.0,1578293.3970945948,1449446.8968031188,False,False,True,True,False,False,False,True,True,False
996000.0,440.0,5.0,1.0,1.0,0.0,1.0,1.0,0.0,36.7723,10.2212,3.0,1.0,1.0,0.0,559271.8892307692,831885.7976100629,False,True,False,True,False,False,False,True,True,False
1050000.0,440.0,5.0,2.0,1.0,0.0,1.0,1.0,0.0,36.4011,10.6146,4.0,0.0,1.0,1.0,809528.7390138675,783799.5456266907,False,False,True,True,False,False,True,False,True,False
1500000.0,480.0,4.0,2.0,1.0,0.0,1.0,1.0,0.0,36.4011,10.6146,3.0,0.0,1.0,1.0,809528.7390138675,783799.5456266907,False,False,True,True,False,False,True,False,True,False
250000.0,200.0,3.0,1.0,1.0,0.0,0.0,0.0,0.0,36.8493,11.0918,3.0,0.0,0.0,0.0,451934.8628125,783799.5456266907,True,False,False,True,False,False,True,False,True,False
990000.0,418.0,5.0,4.0,1.0,0.0,1.0,1.0,1.0,36.4011,10.6146,4.0,1.0,1.0,1.0,809528.7390138675,783799.5456266907,False,False,True,True,False,False,True,False,True,False
1300000.0,300.0,8.0,4.0,1.0,0.0,1.0,1.0,0.0,36.8452,10.1647,6.0,1.0,1.0,0.0,1578293.3970945948,1449446.8968031188,False,False,True,True,False,False,False,True,True,False
1079000.0,600.0,4.0,1.0,0.0,0.0,0.0,0.0,0.0,36.8625,10.1956,3.0,0.0,1.0,0.0,1020923.2245882354,917271.3972689076,False,False,True,True,False,False,False,True,True,False
1240000.0,550.0,6.0,4.0,1.0,0.0,1.0,1.0,0.0,36.4011,10.6146,5.0,1.0,1.0,1.0,809528.7390138675,783799.5456266907,False,False,True,True,False,False,True,False,True,False
530000.0,200.0,6.0,2.0,0.0,0.0,0.0,0.0,0.0,36.8302,10.1374,6.0,0.0,0.0,0.0,694850.0507317072,1449446.8968031188,False,True,False,True,False,False,False,True,True,False
400000.0,140.0,4.0,3.0,0.0,0.0,0.0,0.0,0.0,35.8177,10.6455,4.0,0.0,0.0,0.0,1015812.9829508197,927922.7543356643,False,False,True,True,False,False,False,True,True,False
1350000.0,375.0,6.0,4.0,0.0,0.0,0.0,0.0,0.0,36.8833,10.25,4.0,1.0,1.0,1.0,1011828.5111111111,917271.3972689076,False,False,True,True,False,False,False,True,True,False
1050000.0,270.0,5.0,4.0,1.0,0.0,1.0,1.0,1.0,36.4002,10.6188,4.0,1.0,1.0,1.0,809528.7390138675,783799.5456266907,False,False,True,True,False,False,True,False,True,False
1150000.0,890.0,4.0,4.0,1.0,0.0,1.0,1.0,1.0,35.8324,10.6225,7.0,1.0,1.0,0.0,1015812.9829508197,927922.7543356643,False,False,True,True,False,False,False,True,True,False
850000.0,325.0,9.0,4.0,1.0,1.0,1.0,1.0,1.0,35.7218,10.6179,7.0,1.0,1.0,0.0,1339000.0,814548.518095238,False,False,True,True,False,False,False,True,True,False
540000.0,500.0,4.0,1.0,1.0,0.0,0.0,0.0,0.0,36.4011,10.6146,4.0,0.0,1.0,1.0,809528.7390138675,783799.5456266907,False,False,True,True,False,False,True,False,True,False
340000.0,350.0,5.0,2.0,0.0,0.0,0.0,0.0,0.0,35.6776,10.0924,4.0,1.0,1.0,0.0,337774.4436363636,814548.518095238,True,False,False,True,False,False,False,True,True,False
180000.0,82.0,2.0,1.0,0.0,0.0,0.0,0.0,0.0,35.6776,10.0924,4.0,0.0,0.0,0.0,337774.4436363636,814548.518095238,True,False,False,True,False,False,False,True,True,False
270000.0,200.0,6.0,2.0,0.0,0.0,0.0,0.0,0.0,35.6776,10.0924,4.0,1.0,0.0,0.0,337774.4436363636,814548.518095238,True,False,False,True,False,False,False,True,True,False
360000.0,254.0,6.0,2.0,1.0,0.0,0.0,0.0,0.0,35.6776,10.0924,5.0,1.0,0.0,0.0,337774.4436363636,814548.518095238,True,False,False,True,False,False,False,True,True,False
1900000.0,557.0,5.0,3.0,1.0,0.0,0.0,0.0,0.0,36.8579,10.2803,3.0,0.0,1.0,0.0,1578293.3970945948,1449446.8968031188,False,False,True,True,False,False,False,True,True,False
1050000.0,253.0,4.0,1.0,1.0,0.0,0.0,1.0,0.0,36.8833,10.25,4.0,1.0,1.0,1.0,1011828.5111111111,917271.3972689076,False,False,True,True,False,False,False,True,True,False
590000.0,163.0,8.0,3.0,1.0,0.0,1.0,1.0,0.0,36.8833,10.25,4.0,1.0,1.0,0.0,1011828.5111111111,917271.3972689076,False,False,True,True,False,False,False,True,True,False
690000.0,603.0,5.0,2.0,1.0,0.0,0.0,0.0,0.0,36.8188,10.166,4.0,1.0,1.0,0.0,1047495.4257471263,1449446.8968031188,False,False,True,True,False,False,False,True,True,False
1400000.0,560.0,6.0,1.0,1.0,0.0,0.0,1.0,0.0,36.8452,10.1647,6.0,1.0,1.0,0.0,1177994.243076923,783799.5456266907,False,False,True,True,False,False,True,False,True,False
720000.0,120.0,2.0,1.0,1.0,0.0,1.0,1.0,0.0,36.8764,10.3253,2.0,1.0,0.0,0.0,1578293.3970945948,1449446.8968031188,False,False,True,True,False,False,False,True,True,False
2800000.0,375.0,4.0,3.0,1.0,0.0,1.0,1.0,0.0,36.8764,10.3253,3.0,1.0,1.0,0.0,1578293.3970945948,1449446.8968031188,False,False,True,True,False,False,False,True,True,False
550000.0,530.0,5.0,1.0,0.0,0.0,0.0,1.0,1.0,36.689,10.2996,3.0,1.0,1.0,0.0,529454.5454545454,831885.7976100629,False,True,False,True,False,False,False,True,True,False
660000.0,630.0,5.0,1.0,1.0,0.0,0.0,0.0,0.0,35.7833,10.8333,3.0,0.0,1.0,0.0,925293.5079999999,641574.9720430108,False,False,True,True,False,False,True,False,True,False
1150000.0,220.0,6.0,4.0,1.0,0.0,1.0,1.0,0.0,36.4011,10.6146,5.0,1.0,1.0,1.0,809528.7390138675,783799.5456266907,False,False,True,True,False,False,True,False,True,False
825000.0,502.0,5.0,1.0,1.0,0.0,0.0,0.0,0.0,35.7833,10.8333,3.0,0.0,1.0,0.0,925293.5079999999,641574.9720430108,False,False,True,True,False,False,True,False,True,False
1200000.0,476.0,5.0,1.0,0.0,0.0,0.0,0.0,0.0,35.7833,10.8333,3.0,0.0,0.0,0.0,925293.5079999999,641574.9720430108,False,False,True,True,False,False,True,False,True,False
780000.0,360.0,4.0,1.0,1.0,0.0,1.0,1.0,1.0,36.8452,10.1647,3.0,1.0,1.0,0.0,1177994.243076923,783799.5456266907,False,False,True,True,False,False,True,False,True,False
750000.0,174.0,9.0,3.0,1.0,1.0,1.0,1.0,0.0,36.4011,10.6146,4.0,1.0,1.0,1.0,809528.7390138675,783799.5456266907,False,False,True,True,False,False,True,False,True,False
1300000.0,386.0,4.0,2.0,1.0,0.0,1.0,1.0,0.0,36.8566,10.3258,3.0,1.0,1.0,0.0,2180444.6730612246,1449446.8968031188,False,False,True,True,False,False,False,True,True,False
350000.0,152.0,5.0,2.0,0.0,0.0,0.0,0.0,0.0,35.7678,10.8225,3.0,1.0,1.0,0.0,925293.5079999999,641574.9720430108,False,False,True,True,False,False,True,False,True,False
650000.0,753.0,5.0,1.0,0.0,0.0,0.0,0.0,0.0,35.6886,10.8423,6.0,0.0,1.0,0.0,360350.0,641574.9720430108,True,False,False,True,False,False,True,False,True,False
170000.0,262.0,3.0,1.0,1.0,0.0,0.0,0.0,0.0,35.682,10.7662,2.0,1.0,0.0,0.0,219000.0,641574.9720430108,True,False,False,False,True,False,True,False,True,False
268000.0,490.0,6.0,1.0,1.0,0.0,0.0,0.0,0.0,35.682,10.7662,5.0,0.0,0.0,0.0,219000.0,641574.9720430108,True,False,False,False,True,False,True,False,True,False
970000.0,800.0,5.0,4.0,1.0,0.0,1.0,1.0,1.0,36.4011,10.6146,4.0,1.0,1.0,1.0,809528.7390138675,783799.5456266907,False,False,True,True,False,False,True,False,True,False
1268000.0,493.0,5.0,5.0,1.0,0.0,1.0,1.0,1.0,36.8764,10.3253,4.0,1.0,1.0,1.0,1578293.3970945948,1449446.8968031188,False,False,True,True,False,False,False,True,True,False
1800000.0,800.0,5.0,5.0,1.0,1.0,1.0,1.0,0.0,36.8643,10.2184,6.0,1.0,1.0,1.0,1578293.3970945948,1449446.8968031188,False,False,True,True,False,False,False,True,True,False
1100000.0,260.0,11.0,5.0,1.0,0.0,1.0,1.0,1.0,36.4011,10.6146,4.0,1.0,1.0,1.0,809528.7390138675,783799.5456266907,False,False,True,True,False,False,True,False,True,False
4400000.0,550.0,6.0,2.0,1.0,0.0,1.0,1.0,0.0,36.8566,10.3258,4.0,1.0,1.0,0.0,2180444.6730612246,1449446.8968031188,False,False,True,True,False,False,False,True,True,False
1300000.0,200.0,4.0,1.0,1.0,0.0,0.0,1.0,0.0,36.8625,10.1956,4.0,1.0,1.0,0.0,1020923.2245882354,917271.3972689076,False,False,True,True,False,False,False,True,True,False
1200000.0,260.0,5.0,4.0,1.0,0.0,1.0,1.0,1.0,36.8833,10.25,4.0,1.0,0.0,1.0,1011828.5111111111,917271.3972689076,False,False,True,True,False,False,False,True,True,False
750000.0,215.0,5.0,2.0,1.0,0.0,1.0,1.0,0.0,36.4011,10.6146,4.0,0.0,1.0,1.0,809528.7390138675,783799.5456266907,False,False,True,True,False,False,True,False,True,False
900000.0,603.0,6.0,3.0,1.0,0.0,1.0,1.0,0.0,36.4011,10.6146,5.0,1.0,1.0,0.0,809528.7390138675,783799.5456266907,False,False,True,True,False,False,True,False,True,False
1100000.0,347.0,5.0,3.0,1.0,0.0,1.0,1.0,0.0,36.4011,10.6146,4.0,1.0,1.0,1.0,809528.7390138675,783799.5456266907,False,False,True,True,False,False,True,False,True,False
750000.0,230.0,4.0,2.0,1.0,0.0,0.0,1.0,0.0,36.4011,10.6146,3.0,1.0,0.0,1.0,809528.7390138675,783799.5456266907,False,False,True,True,False,False,True,False,True,False
1180000.0,443.0,5.0,3.0,1.0,0.0,1.0,1.0,1.0,36.4011,10.6146,4.0,1.0,1.0,1.0,809528.7390138675,783799.5456266907,False,False,True,True,False,False,True,False,True,False
1250000.0,487.0,5.0,4.0,1.0,0.0,1.0,1.0,1.0,36.4011,10.6146,4.0,1.0,1.0,1.0,809528.7390138675,783799.5456266907,False,False,True,True,False,False,True,False,True,False
1470000.0,421.0,4.0,3.0,1.0,0.0,1.0,1.0,1.0,36.4011,10.6146,3.0,1.0,1.0,1.0,809528.7390138675,783799.5456266907,False,False,True,True,False,False,True,False,True,False
1700000.0,639.0,5.0,5.0,1.0,0.0,1.0,1.0,1.0,36.4011,10.6146,4.0,1.0,1.0,1.0,809528.7390138675,783799.5456266907,False,False,True,True,False,False,True,False,True,False
1400000.0,481.0,4.0,3.0,1.0,0.0,1.0,0.0,0.0,36.4109,10.6551,3.0,0.0,1.0,1.0,809528.7390138675,783799.5456266907,False,False,True,True,False,False,True,False,True,False
1050000.0,400.0,5.0,3.0,1.0,0.0,1.0,1.0,1.0,36.4011,10.6146,4.0,1.0,1.0,1.0,809528.7390138675,783799.5456266907,False,False,True,True,False,False,True,False,True,False
1100000.0,394.0,5.0,5.0,1.0,1.0,1.0,1.0,1.0,36.4011,10.6146,4.0,1.0,1.0,1.0,809528.7390138675,783799.5456266907,False,False,True,True,False,False,True,False,True,False
530000.0,320.0,7.0,2.0,1.0,1.0,0.0,0.0,0.0,37.2667,9.8667,5.0,0.0,0.0,1.0,513185.1669565218,534121.1009677419,False,True,False,True,False,True,False,False,True,False
1035000.0,285.0,7.0,4.0,1.0,0.0,1.0,1.0,0.0,36.8764,10.3253,5.0,1.0,1.0,1.0,1578293.3970945948,1449446.8968031188,False,False,True,True,False,False,False,True,True,False
2200000.0,245.0,5.0,2.0,0.0,1.0,1.0,1.0,1.0,35.7218,10.6179,4.0,1.0,1.0,1.0,1339000.0,814548.518095238,False,False,True,True,False,False,False,True,True,False
1160000.0,488.0,5.0,5.0,0.0,0.0,0.0,0.0,0.0,36.8764,10.3253,4.0,0.0,0.0,0.0,1578293.3970945948,1449446.8968031188,False,False,True,True,False,False,False,True,True,False
580000.0,445.0,3.0,1.0,0.0,0.0,0.0,0.0,0.0,35.8569,10.5972,3.0,1.0,0.0,0.0,1015812.9829508197,927922.7543356643,False,False,True,True,False,False,False,True,True,False
680000.0,500.0,5.0,2.0,0.0,0.0,1.0,1.0,0.0,35.87,10.57,4.0,1.0,0.0,1.0,1026490.2244999999,927922.7543356643,False,False,True,True,False,False,False,True,True,False
1500000.0,300.0,5.0,4.0,1.0,0.0,1.0,1.0,1.0,36.8764,10.3253,4.0,1.0,1.0,1.0,1578293.3970945948,1449446.8968031188,False,False,True,True,False,False,False,True,True,False
190000.0,82.0,4.0,3.0,1.0,0.0,0.0,1.0,0.0,36.8188,10.166,3.0,0.0,1.0,0.0,360350.0,641574.9720430108,True,False,False,True,False,False,True,False,True,False
360000.0,144.0,5.0,2.0,1.0,0.0,0.0,1.0,0.0,36.8302,10.1374,4.0,1.0,0.0,0.0,694850.0507317072,1449446.8968031188,False,True,False,True,False,False,False,True,True,False
2650000.0,800.0,6.0,4.0,1.0,0.0,1.0,1.0,0.0,35.8569,10.5972,4.0,1.0,1.0,0.0,1015812.9829508197,927922.7543356643,False,False,True,True,False,False,False,True,True,False
450000.0,232.0,7.0,4.0,1.0,0.0,1.0,1.0,1.0,35.79,10.56,5.0,1.0,1.0,1.0,1015812.9829508197,927922.7543356643,False,False,True,True,False,False,False,True,True,False
1300000.0,350.0,5.0,2.0,0.0,0.0,0.0,0.0,0.0,35.7218,10.6179,3.0,0.0,1.0,0.0,1339000.0,814548.518095238,False,False,True,True,False,False,False,True,True,False
1100000.0,400.0,5.0,1.0,1.0,0.0,0.0,0.0,1.0,36.8883,10.2742,4.0,0.0,1.0,1.0,1011828.5111111111,917271.3972689076,False,False,True,True,False,False,False,True,True,False
730000.0,230.0,5.0,3.0,1.0,0.0,1.0,1.0,1.0,35.8569,10.5972,3.0,1.0,1.0,0.0,1015812.9829508197,927922.7543356643,False,False,True,True,False,False,False,True,True,False
700000.0,400.0,5.0,2.0,1.0,0.0,0.0,0.0,0.0,37.1303,9.7507,3.0,1.0,1.0,0.0,437142.85714285716,534121.1009677419,True,False,False,True,False,True,False,False,True,False
1670000.0,400.0,7.0,4.0,1.0,0.0,0.0,1.0,0.0,36.8625,10.1956,6.0,1.0,1.0,0.0,1020923.2245882354,917271.3972689076,False,False,True,True,False,False,False,True,True,False
365000.0,220.0,4.0,3.0,1.0,0.0,0.0,0.0,0.0,37.1303,9.7507,3.0,1.0,1.0,0.0,437142.85714285716,534121.1009677419,True,False,False,True,False,True,False,False,True,False
350000.0,130.0,4.0,1.0,1.0,0.0,0.0,0.0,0.0,36.4536,10.741,3.0,0.0,0.0,0.0,994136.9111340205,783799.5456266907,False,False,True,True,False,False,True,False,True,False
2000000.0,630.0,6.0,3.0,1.0,0.0,1.0,1.0,0.0,36.4444,10.7276,4.0,1.0,1.0,0.0,994136.9111340205,783799.5456266907,False,False,True,True,False,False,True,False,True,False
200000.0,170.0,6.0,2.0,1.0,0.0,1.0,0.0,0.0,36.4687,10.7825,4.0,0.0,0.0,0.0,642782.0582608696,783799.5456266907,False,True,False,True,False,False,True,False,True,False
1750000.0,650.0,12.0,5.0,1.0,0.0,0.0,1.0,0.0,36.8716,10.2452,8.0,0.0,1.0,0.0,1011828.5111111111,917271.3972689076,False,False,True,True,False,False,False,True,True,False
750000.0,250.0,5.0,6.0,1.0,0.0,1.0,1.0,1.0,36.4527,10.6581,4.0,1.0,1.0,1.0,809528.7390138675,783799.5456266907,False,False,True,True,False,False,True,False,True,False
680000.0,190.0,3.0,3.0,1.0,1.0,1.0,1.0,1.0,36.6683,10.9217,2.0,1.0,1.0,1.0,468502.50999999995,783799.5456266907,True,False,False,True,False,False,True,False,True,False
1460000.0,200.0,5.0,2.0,1.0,0.0,1.0,1.0,0.0,36.4397,10.7139,4.0,1.0,1.0,1.0,994136.9111340205,783799.5456266907,False,False,True,True,False,False,True,False,True,False
450000.0,140.0,4.0,1.0,1.0,0.0,1.0,0.0,1.0,36.4462,10.7527,3.0,0.0,0.0,0.0,300000.0,783799.5456266907,True,False,False,True,False,False,True,False,True,False
590000.0,500.0,12.0,5.0,1.0,0.0,1.0,0.0,0.0,36.7911,10.121,8.0,0.0,0.0,0.0,395000.0,927922.7543356643,True,False,False,False,True,False,False,True,True,False
980000.0,431.0,6.0,3.0,1.0,1.0,1.0,1.0,1.0,36.4103,10.6511,4.0,0.0,1.0,1.0,809528.7390138675,783799.5456266907,False,False,True,True,False,False,True,False,True,False
590000.0,215.0,6.0,4.0,1.0,0.0,0.0,1.0,0.0,36.4451,10.6866,5.0,1.0,1.0,0.0,994136.9111340205,783799.5456266907,False,False,True,True,False,False,True,False,True,False
135000.0,180.0,5.0,1.0,0.0,0.0,0.0,0.0,0.0,36.8188,10.166,5.0,0.0,0.0,0.0,360350.0,641574.9720430108,True,False,False,True,False,False,True,False,True,False
1023000.0,450.0,5.0,5.0,0.0,0.0,0.0,0.0,0.0,36.8764,10.3253,4.0,0.0,0.0,0.0,1578293.3970945948,1449446.8968031188,False,False,True,True,False,False,False,True,True,False
942000.0,412.0,6.0,4.0,1.0,0.0,1.0,1.0,1.0,36.8764,10.3253,3.0,1.0,1.0,1.0,1578293.3970945948,1449446.8968031188,False,False,True,True,False,False,False,True,True,False
1150000.0,484.0,5.0,5.0,0.0,0.0,0.0,0.0,0.0,36.8764,10.3253,4.0,0.0,0.0,0.0,1578293.3970945948,1449446.8968031188,False,False,True,True,False,False,False,True,True,False
550000.0,375.0,12.0,6.0,1.0,0.0,1.0,1.0,0.0,35.7941,10.6591,9.0,1.0,1.0,0.0,518012.26,917271.3972689076,False,True,False,True,False,False,False,True,True,False
620000.0,300.0,6.0,2.0,1.0,0.0,1.0,1.0,0.0,36.7683,10.2898,4.0,0.0,1.0,0.0,530909.0909090909,534121.1009677419,False,True,False,True,False,True,False,False,True,False
1000000.0,505.0,8.0,3.0,1.0,0.0,1.0,1.0,1.0,36.4442,10.7121,6.0,1.0,1.0,0.0,994136.9111340205,783799.5456266907,False,False,True,True,False,False,True,False,True,False
570000.0,169.0,6.0,3.0,1.0,0.0,1.0,1.0,0.0,36.4521,10.7759,5.0,0.0,1.0,0.0,994136.9111340205,783799.5456266907,False,False,True,True,False,False,True,False,True,False
450000.0,400.0,4.0,3.0,1.0,1.0,1.0,0.0,0.0,36.4357,10.591,4.0,0.0,1.0,1.0,809528.7390138675,783799.5456266907,False,False,True,True,False,False,True,False,True,False
890000.0,583.0,5.0,1.0,0.0,0.0,0.0,1.0,0.0,36.8806,10.1717,3.0,1.0,1.0,1.0,1020923.2245882354,917271.3972689076,False,False,True,True,False,False,False,True,True,False
920000.0,142.0,4.0,2.0,1.0,0.0,0.0,0.0,0.0,37.2433,9.6467,3.0,0.0,1.0,0.0,513185.1669565218,534121.1009677419,False,True,False,True,False,True,False,False,True,False
320000.0,115.0,5.0,2.0,1.0,0.0,1.0,1.0,0.0,37.1303,9.7507,3.0,1.0,1.0,0.0,299946.6666666667,534121.1009677419,True,False,False,True,False,True,False,False,True,False
685000.0,180.0,4.0,2.0,1.0,0.0,1.0,1.0,0.0,36.4011,10.6146,3.0,1.0,1.0,1.0,809528.7390138675,783799.5456266907,False,False,True,True,False,False,True,False,True,False
950000.0,540.0,7.0,1.0,0.0,0.0,0.0,0.0,0.0,36.8302,10.1374,10.0,0.0,0.0,0.0,694850.0507317072,1449446.8968031188,False,True,False,True,False,False,False,True,True,False
530000.0,240.0,6.0,2.0,1.0,1.0,1.0,0.0,1.0,36.453,10.7929,4.0,0.0,1.0,1.0,642782.0582608696,783799.5456266907,False,True,False,True,False,False,True,False,True,False
950000.0,410.0,9.0,6.0,1.0,0.0,1.0,1.0,1.0,36.8833,10.25,7.0,1.0,1.0,0.0,1011828.5111111111,917271.3972689076,False,False,True,True,False,False,False,True,True,False
1180000.0,400.0,5.0,3.0,1.0,0.0,1.0,1.0,1.0,36.8833,10.25,4.0,1.0,1.0,1.0,1011828.5111111111,917271.3972689076,False,False,True,True,False,False,False,True,True,False
1050000.0,300.0,5.0,1.0,1.0,0.0,1.0,1.0,1.0,36.4506,10.735,3.0,0.0,1.0,1.0,994136.9111340205,783799.5456266907,False,False,True,True,False,False,True,False,True,False
400000.0,269.0,4.0,1.0,0.0,0.0,0.0,0.0,0.0,36.8493,11.0918,3.0,1.0,1.0,1.0,451934.8628125,783799.5456266907,True,False,False,True,False,False,True,False,True,False
1400000.0,594.0,4.0,2.0,1.0,0.0,0.0,1.0,0.0,35.8569,10.5972,3.0,1.0,1.0,0.0,1015812.9829508197,927922.7543356643,False,False,True,True,False,False,False,True,True,False
550000.0,240.0,8.0,2.0,1.0,0.0,0.0,0.0,0.0,35.8273,10.6339,6.0,1.0,0.0,0.0,1015812.9829508197,927922.7543356643,False,False,True,True,False,False,False,True,True,False
1600000.0,540.0,6.0,4.0,1.0,0.0,1.0,1.0,1.0,36.4011,10.6146,5.0,1.0,1.0,1.0,809528.7390138675,783799.5456266907,False,False,True,True,False,False,True,False,True,False
1200000.0,380.0,5.0,5.0,1.0,0.0,1.0,1.0,1.0,36.8833,10.25,4.0,1.0,1.0,1.0,1011828.5111111111,917271.3972689076,False,False,True,True,False,False,False,True,True,False
1006000.0,431.0,4.0,4.0,1.0,0.0,1.0,1.0,1.0,36.8764,10.3253,3.0,1.0,1.0,1.0,1578293.3970945948,1449446.8968031188,False,False,True,True,False,False,False,True,True,False
493000.0,156.0,4.0,2.0,1.0,0.0,1.0,1.0,1.0,36.861,10.2746,3.0,0.0,0.0,0.0,1578293.3970945948,1449446.8968031188,False,False,True,True,False,False,False,True,True,False
806000.0,350.0,5.0,4.0,0.0,0.0,0.0,0.0,0.0,36.8764,10.3253,3.0,0.0,0.0,0.0,1578293.3970945948,1449446.8968031188,False,False,True,True,False,False,False,True,True,False
850000.0,200.0,8.0,4.0,1.0,0.0,1.0,1.0,0.0,36.0301,10.5079,7.0,0.0,1.0,0.0,847410.6436363637,927922.7543356643,False,False,True,True,False,False,False,True,True,False
890000.0,582.0,6.0,2.0,1.0,0.0,0.0,0.0,0.0,36.8188,10.166,3.0,1.0,1.0,0.0,1047495.4257471263,1449446.8968031188,False,False,True,True,False,False,False,True,True,False
1650000.0,400.0,2.0,1.0,0.0,0.0,0.0,0.0,0.0,36.8566,10.3258,3.0,1.0,0.0,1.0,2180444.6730612246,1449446.8968031188,False,False,True,True,False,False,False,True,True,False
815000.0,350.0,8.0,4.0,1.0,0.0,0.0,0.0,0.0,36.9544,10.1914,6.0,1.0,1.0,0.0,499150.58999999997,917271.3972689076,False,True,False,True,False,False,False,True,True,False
850000.0,230.0,4.0,3.0,0.0,0.0,1.0,1.0,0.0,36.8833,10.25,3.0,0.0,1.0,0.0,1011828.5111111111,917271.3972689076,False,False,True,True,False,False,False,True,True,False
1350000.0,307.0,4.0,3.0,1.0,0.0,1.0,1.0,1.0,36.8333,10.3167,3.0,1.0,1.0,1.0,1416795.7877419356,1449446.8968031188,False,False,True,True,False,False,False,True,True,False
390000.0,160.0,4.0,2.0,1.0,0.0,0.0,0.0,0.0,36.4011,10.6146,4.0,0.0,0.0,0.0,809528.7390138675,783799.5456266907,False,False,True,True,False,False,True,False,True,False
950000.0,500.0,10.0,2.0,0.0,0.0,0.0,0.0,0.0,35.9431,10.5202,6.0,1.0,1.0,0.0,966122.5883333334,1236960.2596551725,False,False,True,True,False,False,False,True,True,False
950000.0,350.0,6.0,3.0,1.0,1.0,1.0,1.0,1.0,36.4011,10.6146,4.0,1.0,1.0,1.0,809528.7390138675,783799.5456266907,False,False,True,True,False,False,True,False,True,False
750000.0,360.0,6.0,4.0,1.0,0.0,1.0,0.0,0.0,36.4011,10.6146,5.0,1.0,0.0,1.0,809528.7390138675,783799.5456266907,False,False,True,True,False,False,True,False,True,False
660000.0,245.0,4.0,3.0,1.0,1.0,1.0,0.0,1.0,36.4011,10.6146,3.0,1.0,1.0,1.0,809528.7390138675,783799.5456266907,False,False,True,True,False,False,True,False,True,False
1000000.0,200.0,5.0,3.0,0.0,0.0,0.0,0.0,0.0,36.8452,10.1647,4.0,0.0,0.0,0.0,1177994.243076923,783799.5456266907,False,False,True,True,False,False,True,False,True,False
780000.0,300.0,3.0,2.0,1.0,1.0,1.0,1.0,1.0,36.4011,10.6146,3.0,1.0,1.0,1.0,809528.7390138675,783799.5456266907,False,False,True,True,False,False,True,False,True,False
1700000.0,480.0,6.0,1.0,1.0,0.0,0.0,0.0,0.0,36.8764,10.3253,6.0,1.0,1.0,1.0,1578293.3970945948,1449446.8968031188,False,False,True,True,False,False,False,True,True,False
1050000.0,408.0,3.0,1.0,1.0,0.0,0.0,0.0,0.0,36.8764,10.3253,5.0,0.0,1.0,0.0,1578293.3970945948,1449446.8968031188,False,False,True,True,False,False,False,True,True,False
1081000.0,446.0,5.0,5.0,0.0,0.0,0.0,0.0,0.0,36.8764,10.3253,4.0,0.0,0.0,0.0,1578293.3970945948,1449446.8968031188,False,False,True,True,False,False,False,True,True,False
600000.0,550.0,2.0,2.0,1.0,0.0,0.0,0.0,0.0,36.4011,10.6146,3.0,1.0,1.0,1.0,809528.7390138675,783799.5456266907,False,False,True,True,False,False,True,False,True,False
890000.0,485.0,4.0,3.0,1.0,0.0,0.0,0.0,0.0,36.4011,10.6146,4.0,1.0,1.0,1.0,809528.7390138675,783799.5456266907,False,False,True,True,False,False,True,False,True,False
1550000.0,220.0,4.0,2.0,0.0,0.0,0.0,0.0,0.0,36.8452,10.1647,3.0,1.0,1.0,0.0,1177994.243076923,783799.5456266907,False,False,True,True,False,False,True,False,True,False
1250000.0,380.0,5.0,3.0,1.0,0.0,0.0,0.0,0.0,36.4198,10.6619,4.0,1.0,1.0,1.0,809528.7390138675,783799.5456266907,False,False,True,True,False,False,True,False,True,False
1250000.0,270.0,5.0,2.0,1.0,0.0,1.0,1.0,1.0,36.8893,10.2079,3.0,1.0,1.0,1.0,1011828.5111111111,917271.3972689076,False,False,True,True,False,False,False,True,True,False
560000.0,180.0,5.0,1.0,1.0,0.0,0.0,0.0,0.0,33.0777,9.5838,3.0,0.0,0.0,0.0,528091.5136842105,783799.5456266907,False,True,False,True,False,False,True,False,True,False
980000.0,350.0,4.0,1.0,1.0,0.0,0.0,0.0,0.0,36.8833,10.25,4.0,1.0,1.0,0.0,1047495.4257471263,1449446.8968031188,False,False,True,True,False,False,False,True,True,False
3200000.0,750.0,8.0,4.0,0.0,0.0,1.0,1.0,0.0,35.8569,10.5972,5.0,1.0,1.0,1.0,1015812.9829508197,927922.7543356643,False,False,True,True,False,False,False,True,True,False
980000.0,380.0,9.0,2.0,1.0,0.0,1.0,1.0,1.0,35.8273,10.6339,4.0,1.0,1.0,0.0,1015812.9829508197,927922.7543356643,False,False,True,True,False,False,False,True,True,False
350000.0,144.0,4.0,2.0,0.0,0.0,0.0,1.0,1.0,36.8764,10.3253,3.0,0.0,1.0,0.0,1578293.3970945948,1449446.8968031188,False,False,True,True,False,False,False,True,True,False
1530000.0,530.0,6.0,3.0,1.0,0.0,1.0,1.0,0.0,36.8833,10.25,5.0,1.0,1.0,1.0,1011828.5111111111,917271.3972689076,False,False,True,True,False,False,False,True,True,False
890000.0,360.0,6.0,2.0,1.0,0.0,1.0,1.0,1.0,36.8833,10.25,3.0,0.0,1.0,1.0,1011828.5111111111,917271.3972689076,False,False,True,True,False,False,False,True,True,False
650000.0,420.0,4.0,1.0,0.0,0.0,1.0,1.0,0.0,35.8569,10.5972,5.0,1.0,1.0,0.0,1015812.9829508197,927922.7543356643,False,False,True,True,False,False,False,True,True,False
1300000.0,300.0,5.0,3.0,1.0,0.0,1.0,1.0,0.0,36.8833,10.25,3.0,1.0,1.0,1.0,1011828.5111111111,917271.3972689076,False,False,True,True,False,False,False,True,True,False
350000.0,130.0,4.0,2.0,1.0,0.0,0.0,0.0,0.0,33.8076,10.8451,3.0,1.0,1.0,0.0,556674.2993630574,580727.7766850828,False,True,False,True,False,False,True,False,True,False
1500000.0,330.0,8.0,4.0,1.0,0.0,0.0,1.0,0.0,36.8764,10.3253,6.0,0.0,1.0,0.0,1578293.3970945948,1449446.8968031188,False,False,True,True,False,False,False,True,True,False
870000.0,434.0,4.0,1.0,0.0,0.0,0.0,1.0,0.0,36.8833,10.25,4.0,0.0,1.0,0.0,1011828.5111111111,917271.3972689076,False,False,True,True,False,False,False,True,True,False
320000.0,180.0,4.0,1.0,1.0,0.0,0.0,1.0,0.0,36.8625,10.1956,4.0,1.0,1.0,0.0,1020923.2245882354,917271.3972689076,False,False,True,True,False,False,False,True,True,False
220000.0,216.0,3.0,1.0,0.0,0.0,0.0,0.0,0.0,36.8493,11.0918,2.0,1.0,1.0,0.0,451934.8628125,783799.5456266907,True,False,False,True,False,False,True,False,True,False
990000.0,800.0,11.0,5.0,1.0,0.0,1.0,1.0,0.0,36.8883,10.2742,6.0,1.0,1.0,0.0,1011828.5111111111,917271.3972689076,False,False,True,True,False,False,False,True,True,False
850000.0,400.0,4.0,3.0,1.0,0.0,1.0,1.0,0.0,36.8833,10.25,3.0,1.0,1.0,0.0,1011828.5111111111,917271.3972689076,False,False,True,True,False,False,False,True,True,False
985000.0,250.0,5.0,2.0,1.0,0.0,1.0,1.0,1.0,36.8833,10.25,4.0,1.0,1.0,1.0,1011828.5111111111,917271.3972689076,False,False,True,True,False,False,False,True,True,False
330000.0,409.0,6.0,4.0,0.0,0.0,0.0,0.0,0.0,36.9544,10.1914,4.0,1.0,0.0,1.0,499150.58999999997,917271.3972689076,False,True,False,True,False,False,False,True,True,False
980000.0,400.0,7.0,4.0,1.0,0.0,1.0,1.0,1.0,36.4198,10.6619,5.0,1.0,1.0,1.0,809528.7390138675,783799.5456266907,False,False,True,True,False,False,True,False,True,False
1400000.0,222.0,5.0,1.0,0.0,0.0,0.0,0.0,1.0,35.7833,10.8333,3.0,1.0,1.0,0.0,925293.5079999999,641574.9720430108,False,False,True,True,False,False,True,False,True,False
950000.0,300.0,6.0,4.0,1.0,0.0,0.0,0.0,0.0,36.8883,10.2742,6.0,0.0,1.0,1.0,1011828.5111111111,917271.3972689076,False,False,True,True,False,False,False,True,True,False
1057000.0,447.0,5.0,5.0,0.0,0.0,0.0,0.0,0.0,36.8764,10.3253,4.0,0.0,0.0,0.0,1578293.3970945948,1449446.8968031188,False,False,True,True,False,False,False,True,True,False
640000.0,206.0,4.0,3.0,1.0,0.0,1.0,1.0,1.0,36.8669,10.3064,3.0,1.0,1.0,0.0,1578293.3970945948,1449446.8968031188,False,False,True,True,False,False,False,True,True,False
1400000.0,600.0,2.0,4.0,1.0,0.0,1.0,1.0,1.0,35.844,10.6188,6.0,1.0,1.0,0.0,809528.7390138675,783799.5456266907,False,False,True,True,False,False,True,False,True,False
720000.0,160.0,4.0,3.0,1.0,0.0,1.0,1.0,1.0,36.4011,10.6146,3.0,0.0,0.0,1.0,809528.7390138675,783799.5456266907,False,False,True,True,False,False,True,False,True,False
530000.0,100.0,5.0,1.0,0.0,0.0,0.0,0.0,0.0,37.272,9.8708,3.0,0.0,0.0,0.0,513185.1669565218,534121.1009677419,False,True,False,True,False,True,False,False,True,False
690000.0,300.0,6.0,2.0,1.0,0.0,1.0,0.0,0.0,36.8493,11.0918,6.0,1.0,0.0,0.0,451934.8628125,783799.5456266907,True,False,False,True,False,False,True,False,True,False
350000.0,200.0,9.0,2.0,1.0,0.0,0.0,0.0,0.0,36.4011,10.6146,5.0,1.0,0.0,0.0,809528.7390138675,783799.5456266907,False,False,True,True,False,False,True,False,True,False
440000.0,147.0,5.0,2.0,1.0,1.0,1.0,0.0,0.0,36.8432,11.105,3.0,1.0,0.0,0.0,451934.8628125,783799.5456266907,True,False,False,True,False,False,True,False,True,False
1800000.0,740.0,7.0,6.0,1.0,0.0,1.0,1.0,0.0,36.8764,10.3253,6.0,1.0,1.0,1.0,1578293.3970945948,1449446.8968031188,False,False,True,True,False,False,False,True,True,False
550000.0,155.0,5.0,2.0,1.0,1.0,0.0,0.0,0.0,36.8625,10.1956,4.0,0.0,1.0,0.0,1020923.2245882354,917271.3972689076,False,False,True,True,False,False,False,True,True,False
690000.0,303.0,3.0,2.0,0.0,0.0,1.0,1.0,1.0,36.4011,10.6146,3.0,1.0,1.0,0.0,809528.7390138675,783799.5456266907,False,False,True,True,False,False,True,False,True,False
1200000.0,580.0,4.0,1.0,0.0,0.0,1.0,1.0,0.0,36.4011,10.6146,4.0,0.0,0.0,1.0,809528.7390138675,783799.5456266907,False,False,True,True,False,False,True,False,True,False
1600000.0,780.0,4.0,1.0,1.0,1.0,1.0,1.0,1.0,36.4506,10.735,3.0,0.0,1.0,0.0,994136.9111340205,783799.5456266907,False,False,True,True,False,False,True,False,True,False
2300000.0,580.0,6.0,1.0,1.0,0.0,1.0,1.0,1.0,36.4506,10.735,6.0,0.0,1.0,1.0,994136.9111340205,783799.5456266907,False,False,True,True,False,False,True,False,True,False
980000.0,360.0,5.0,2.0,1.0,0.0,1.0,1.0,0.0,36.4011,10.6146,5.0,1.0,1.0,1.0,809528.7390138675,783799.5456266907,False,False,True,True,False,False,True,False,True,False
1400000.0,356.0,2.0,2.0,1.0,0.0,0.0,0.0,0.0,36.8302,10.1374,4.0,1.0,1.0,1.0,694850.0507317072,1449446.8968031188,False,True,False,True,False,False,False,True,True,False
229840.0,100.0,3.0,1.0,0.0,0.0,0.0,0.0,0.0,37.1303,9.7507,2.0,0.0,1.0,0.0,299946.6666666667,534121.1009677419,True,False,False,True,False,True,False,False,True,False
430000.0,340.0,4.0,4.0,1.0,0.0,0.0,1.0,0.0,36.4092,10.606,3.0,1.0,1.0,1.0,809528.7390138675,783799.5456266907,False,False,True,True,False,False,True,False,True,False
650000.0,500.0,6.0,3.0,1.0,0.0,0.0,0.0,0.0,36.4011,10.6146,4.0,0.0,1.0,1.0,809528.7390138675,783799.5456266907,False,False,True,True,False,False,True,False,True,False
1230000.0,250.0,5.0,1.0,1.0,0.0,0.0,0.0,0.0,36.8883,10.2742,5.0,0.0,1.0,1.0,1011828.5111111111,917271.3972689076,False,False,True,True,False,False,False,True,True,False
1657000.0,552.0,5.0,5.0,0.0,0.0,0.0,0.0,0.0,36.8764,10.3253,4.0,0.0,0.0,0.0,1578293.3970945948,1449446.8968031188,False,False,True,True,False,False,False,True,True,False
1680000.0,800.0,10.0,4.0,1.0,0.0,1.0,1.0,0.0,36.8452,10.1647,7.0,1.0,1.0,1.0,1177994.243076923,783799.5456266907,False,False,True,True,False,False,True,False,True,False
540000.0,240.0,9.0,3.0,1.0,0.0,0.0,0.0,0.0,36.4011,10.6146,4.0,1.0,1.0,1.0,809528.7390138675,783799.5456266907,False,False,True,True,False,False,True,False,True,False
780000.0,507.0,4.0,1.0,0.0,0.0,0.0,0.0,0.0,36.4011,10.6146,4.0,0.0,0.0,1.0,809528.7390138675,783799.5456266907,False,False,True,True,False,False,True,False,True,False
580000.0,200.0,4.0,2.0,1.0,0.0,1.0,1.0,0.0,36.4011,10.6146,3.0,0.0,1.0,1.0,809528.7390138675,783799.5456266907,False,False,True,True,False,False,True,False,True,False
680000.0,200.0,5.0,3.0,1.0,0.0,1.0,1.0,0.0,36.4068,10.581,4.0,0.0,1.0,1.0,809528.7390138675,783799.5456266907,False,False,True,True,False,False,True,False,True,False
1200000.0,380.0,6.0,4.0,1.0,0.0,1.0,1.0,1.0,36.3879,10.5496,5.0,1.0,1.0,1.0,809528.7390138675,783799.5456266907,False,False,True,True,False,False,True,False,True,False
260000.0,196.0,4.0,2.0,1.0,1.0,0.0,1.0,1.0,36.8839,10.2059,3.0,0.0,1.0,0.0,1011828.5111111111,917271.3972689076,False,False,True,True,False,False,False,True,True,False
380000.0,175.0,4.0,1.0,1.0,1.0,0.0,0.0,1.0,36.7055,10.4132,3.0,0.0,1.0,0.0,499150.58999999997,917271.3972689076,False,True,False,True,False,False,False,True,True,False
750000.0,271.0,6.0,2.0,1.0,0.0,1.0,1.0,0.0,36.8071,10.1544,4.0,1.0,1.0,0.0,1047495.4257471263,1449446.8968031188,False,False,True,True,False,False,False,True,True,False
575000.0,160.0,4.0,2.0,1.0,0.0,0.0,0.0,1.0,33.8137,11.0124,3.0,0.0,1.0,1.0,537322.9179591837,537322.9179591837,False,True,False,True,False,False,True,False,True,False
475000.0,140.0,4.0,1.0,1.0,0.0,0.0,0.0,0.0,33.8226,11.0212,3.0,0.0,1.0,1.0,537322.9179591837,537322.9179591837,False,True,False,True,False,False,True,False,True,False
950000.0,152.0,11.0,4.0,0.0,0.0,0.0,0.0,0.0,36.8764,10.3253,7.0,0.0,0.0,0.0,1578293.3970945948,1449446.8968031188,False,False,True,True,False,False,False,True,True,False
880000.0,380.0,5.0,1.0,0.0,0.0,1.0,1.0,0.0,36.4011,10.6146,3.0,1.0,0.0,0.0,809528.7390138675,783799.5456266907,False,False,True,True,False,False,True,False,True,False
730000.0,257.0,5.0,1.0,1.0,0.0,0.0,0.0,0.0,36.4011,10.6146,3.0,1.0,1.0,1.0,809528.7390138675,783799.5456266907,False,False,True,True,False,False,True,False,True,False
620000.0,215.0,5.0,1.0,0.0,0.0,1.0,1.0,0.0,36.4011,10.6146,3.0,0.0,1.0,1.0,809528.7390138675,783799.5456266907,False,False,True,True,False,False,True,False,True,False
990000.0,514.0,5.0,1.0,1.0,0.0,1.0,1.0,1.0,36.4011,10.6146,5.0,0.0,1.0,1.0,809528.7390138675,783799.5456266907,False,False,True,True,False,False,True,False,True,False
1090000.0,495.0,7.0,1.0,1.0,0.0,0.0,0.0,0.0,36.4506,10.735,7.0,1.0,0.0,0.0,994136.9111340205,783799.5456266907,False,False,True,True,False,False,True,False,True,False
1950000.0,747.0,5.0,1.0,1.0,0.0,1.0,1.0,0.0,36.4391,10.6844,5.0,0.0,0.0,1.0,994136.9111340205,783799.5456266907,False,False,True,True,False,False,True,False,True,False
850000.0,300.0,3.0,1.0,1.0,0.0,0.0,0.0,0.0,36.4011,10.6146,3.0,0.0,1.0,1.0,809528.7390138675,783799.5456266907,False,False,True,True,False,False,True,False,True,False
950000.0,460.0,5.0,4.0,1.0,1.0,1.0,1.0,1.0,36.4506,10.735,4.0,0.0,1.0,1.0,994136.9111340205,783799.5456266907,False,False,True,True,False,False,True,False,True,False
1550000.0,550.0,5.0,1.0,0.0,0.0,1.0,1.0,0.0,36.4506,10.735,5.0,1.0,1.0,0.0,994136.9111340205,783799.5456266907,False,False,True,True,False,False,True,False,True,False
695000.0,540.0,6.0,3.0,1.0,0.0,0.0,0.0,0.0,35.8324,10.5545,5.0,1.0,1.0,0.0,552642.1685714285,927922.7543356643,False,True,False,True,False,False,False,True,True,False
800000.0,470.0,3.0,3.0,1.0,0.0,0.0,0.0,0.0,35.8337,10.6407,5.0,1.0,1.0,0.0,952083.3333333334,709285.7142857143,False,False,True,True,False,False,True,False,True,False
415000.0,289.0,2.0,1.0,0.0,0.0,1.0,0.0,0.0,36.5769,10.8582,2.0,0.0,0.0,1.0,468502.50999999995,783799.5456266907,True,False,False,True,False,False,True,False,True,False
680000.0,340.0,4.0,1.0,1.0,0.0,1.0,1.0,1.0,36.55,10.8333,4.0,1.0,0.0,0.0,700000.0,783799.5456266907,False,True,False,False,True,False,True,False,True,False
670000.0,225.0,3.0,1.0,1.0,0.0,1.0,0.0,1.0,36.4011,10.6146,3.0,0.0,1.0,1.0,809528.7390138675,783799.5456266907,False,False,True,True,False,False,True,False,True,False
575000.0,460.0,3.0,1.0,1.0,0.0,1.0,1.0,0.0,35.8324,10.5545,3.0,1.0,1.0,0.0,552642.1685714285,927922.7543356643,False,True,False,True,False,False,False,True,True,False
420000.0,150.0,4.0,1.0,0.0,0.0,0.0,0.0,0.0,36.4842,10.7526,3.0,0.0,0.0,0.0,300000.0,783799.5456266907,True,False,False,True,False,False,True,False,True,False
1090000.0,228.0,5.0,2.0,1.0,0.0,1.0,1.0,0.0,36.8452,10.1647,4.0,1.0,1.0,0.0,1177994.243076923,783799.5456266907,False,False,True,True,False,False,True,False,True,False
680000.0,315.0,8.0,3.0,1.0,0.0,0.0,0.0,0.0,37.05,11.0167,5.0,0.0,1.0,0.0,528091.5136842105,783799.5456266907,False,True,False,True,False,False,True,False,True,False
450000.0,370.0,5.0,2.0,1.0,1.0,1.0,0.0,0.0,33.8076,10.8451,3.0,1.0,1.0,1.0,556674.2993630574,580727.7766850828,False,True,False,True,False,False,True,False,True,False
650000.0,524.0,3.0,1.0,0.0,0.0,0.0,0.0,0.0,36.0683,9.9724,3.0,0.0,0.0,0.0,736411.7647058824,831885.7976100629,False,True,False,True,False,False,False,True,True,False
1020000.0,180.0,4.0,1.0,0.0,0.0,0.0,1.0,0.0,36.8764,10.3253,4.0,0.0,0.0,1.0,1578293.3970945948,1449446.8968031188,False,False,True,True,False,False,False,True,True,False
140000.0,90.0,3.0,1.0,1.0,0.0,0.0,0.0,0.0,37.0305,11.0531,2.0,0.0,1.0,0.0,451934.8628125,783799.5456266907,True,False,False,True,False,False,True,False,True,False
1240000.0,330.0,4.0,4.0,0.0,0.0,1.0,1.0,1.0,36.8833,10.25,3.0,1.0,1.0,1.0,1011828.5111111111,917271.3972689076,False,False,True,True,False,False,False,True,True,False
950000.0,221.0,4.0,1.0,0.0,0.0,0.0,0.0,0.0,36.8833,10.25,4.0,1.0,1.0,1.0,1011828.5111111111,917271.3972689076,False,False,True,True,False,False,False,True,True,False
1350000.0,426.0,5.0,4.0,1.0,1.0,1.0,1.0,1.0,36.8764,10.3253,6.0,1.0,1.0,0.0,1578293.3970945948,1449446.8968031188,False,False,True,True,False,False,False,True,True,False
1580000.0,826.0,10.0,4.0,1.0,0.0,1.0,1.0,0.0,36.8625,10.1956,5.0,0.0,1.0,1.0,1020923.2245882354,917271.3972689076,False,False,True,True,False,False,False,True,True,False
990000.0,515.0,5.0,5.0,1.0,0.0,1.0,1.0,1.0,36.4198,10.6619,5.0,1.0,1.0,1.0,809528.7390138675,783799.5456266907,False,False,True,True,False,False,True,False,True,False
980000.0,340.0,6.0,4.0,0.0,0.0,0.0,0.0,0.0,36.4011,10.6146,5.0,0.0,1.0,1.0,809528.7390138675,783799.5456266907,False,False,True,True,False,False,True,False,True,False
845000.0,700.0,5.0,2.0,1.0,0.0,1.0,1.0,0.0,36.4011,10.6146,3.0,1.0,1.0,1.0,809528.7390138675,783799.5456266907,False,False,True,True,False,False,True,False,True,False
600000.0,220.0,4.0,2.0,0.0,0.0,1.0,1.0,0.0,36.4011,10.6146,3.0,0.0,1.0,1.0,809528.7390138675,783799.5456266907,False,False,True,True,False,False,True,False,True,False
2000000.0,355.0,5.0,5.0,1.0,0.0,1.0,1.0,1.0,36.8542,10.3007,4.0,1.0,1.0,0.0,1416795.7877419356,1449446.8968031188,False,False,True,True,False,False,False,True,True,False
950000.0,460.0,4.0,2.0,0.0,0.0,0.0,0.0,0.0,36.8302,10.1374,2.0,0.0,1.0,0.0,694850.0507317072,1449446.8968031188,False,True,False,True,False,False,False,True,True,False
1750000.0,492.0,4.0,1.0,1.0,0.0,0.0,0.0,0.0,36.8764,10.3253,4.0,0.0,1.0,1.0,1578293.3970945948,1449446.8968031188,False,False,True,True,False,False,False,True,True,False
2700000.0,174.0,3.0,1.0,0.0,0.0,0.0,0.0,0.0,36.8566,10.3258,5.0,0.0,0.0,0.0,2180444.6730612246,1449446.8968031188,False,False,True,True,False,False,False,True,True,False
960000.0,800.0,6.0,3.0,1.0,0.0,1.0,1.0,1.0,36.4031,10.5698,4.0,1.0,1.0,1.0,809528.7390138675,783799.5456266907,False,False,True,True,False,False,True,False,True,False
630000.0,180.0,8.0,4.0,1.0,1.0,1.0,1.0,1.0,33.8076,10.8451,3.0,0.0,1.0,1.0,556674.2993630574,580727.7766850828,False,True,False,True,False,False,True,False,True,False
350000.0,243.0,4.0,2.0,1.0,0.0,1.0,0.0,0.0,37.1303,9.7507,2.0,0.0,1.0,0.0,437142.85714285716,534121.1009677419,True,False,False,True,False,True,False,False,True,False
650000.0,204.0,5.0,3.0,1.0,0.0,1.0,0.0,0.0,36.4011,10.6146,4.0,1.0,1.0,1.0,809528.7390138675,783799.5456266907,False,False,True,True,False,False,True,False,True,False
780000.0,275.0,4.0,2.0,1.0,0.0,0.0,1.0,0.0,36.4011,10.6146,4.0,0.0,1.0,0.0,809528.7390138675,783799.5456266907,False,False,True,True,False,False,True,False,True,False
600000.0,150.0,5.0,1.0,0.0,0.0,0.0,0.0,1.0,36.8302,10.1374,3.0,1.0,1.0,0.0,694850.0507317072,1449446.8968031188,False,True,False,True,False,False,False,True,True,False
980000.0,670.0,4.0,3.0,0.0,0.0,0.0,1.0,1.0,36.4011,10.6146,4.0,0.0,1.0,0.0,809528.7390138675,783799.5456266907,False,False,True,True,False,False,True,False,True,False
1250000.0,500.0,4.0,1.0,1.0,0.0,0.0,0.0,0.0,36.4011,10.6146,4.0,0.0,0.0,1.0,809528.7390138675,783799.5456266907,False,False,True,True,False,False,True,False,True,False
650000.0,260.0,4.0,2.0,1.0,0.0,1.0,1.0,1.0,36.4011,10.6146,3.0,1.0,1.0,1.0,809528.7390138675,783799.5456266907,False,False,True,True,False,False,True,False,True,False
250000.0,189.0,3.0,1.0,1.0,0.0,0.0,0.0,0.0,36.8493,11.0918,3.0,1.0,0.0,0.0,451934.8628125,783799.5456266907,True,False,False,True,False,False,True,False,True,False
490000.0,281.0,10.0,4.0,1.0,0.0,0.0,0.0,0.0,36.8493,11.0918,6.0,1.0,0.0,0.0,451934.8628125,783799.5456266907,True,False,False,True,False,False,True,False,True,False
350000.0,260.0,5.0,3.0,1.0,0.0,0.0,0.0,0.0,36.8493,11.0918,4.0,1.0,1.0,0.0,451934.8628125,783799.5456266907,True,False,False,True,False,False,True,False,True,False
968000.0,256.0,4.0,3.0,1.0,0.0,1.0,1.0,1.0,36.89,10.2189,3.0,1.0,1.0,1.0,1011828.5111111111,917271.3972689076,False,False,True,True,False,False,False,True,True,False
500000.0,500.0,5.0,1.0,1.0,0.0,0.0,0.0,1.0,36.8833,10.25,4.0,0.0,1.0,0.0,1011828.5111111111,917271.3972689076,False,False,True,True,False,False,False,True,True,False
595000.0,300.0,4.0,2.0,0.0,0.0,1.0,1.0,0.0,36.8566,10.3258,3.0,1.0,1.0,0.0,2180444.6730612246,1449446.8968031188,False,False,True,True,False,False,False,True,True,False
1300000.0,320.0,5.0,4.0,1.0,0.0,1.0,1.0,1.0,36.8764,10.3253,3.0,1.0,1.0,1.0,1578293.3970945948,1449446.8968031188,False,False,True,True,False,False,False,True,True,False
1650000.0,532.0,8.0,4.0,1.0,0.0,0.0,0.0,0.0,36.8194,10.1706,7.0,1.0,1.0,0.0,1047495.4257471263,1449446.8968031188,False,False,True,True,False,False,False,True,True,False
790000.0,250.0,5.0,3.0,1.0,0.0,1.0,1.0,0.0,36.7287,10.2935,6.0,1.0,1.0,0.0,747303.2021052631,831885.7976100629,False,False,True,True,False,False,False,True,True,False
1170000.0,463.0,5.0,5.0,0.0,0.0,0.0,0.0,0.0,36.8764,10.3253,4.0,0.0,0.0,0.0,1578293.3970945948,1449446.8968031188,False,False,True,True,False,False,False,True,True,False
1650000.0,407.0,3.0,5.0,0.0,0.0,0.0,0.0,0.0,36.7992,10.1756,10.0,0.0,0.0,0.0,1047495.4257471263,1449446.8968031188,False,False,True,True,False,False,False,True,True,False
198000.0,200.0,5.0,1.0,1.0,0.0,0.0,0.0,0.0,35.8213,10.5967,3.0,0.0,0.0,0.0,1015812.9829508197,927922.7543356643,False,False,True,True,False,False,False,True,True,False
1900000.0,320.0,5.0,3.0,1.0,1.0,1.0,1.0,0.0,36.8566,10.3258,4.0,0.0,0.0,0.0,2180444.6730612246,1449446.8968031188,False,False,True,True,False,False,False,True,True,False
180000.0,300.0,5.0,1.0,0.0,0.0,0.0,0.0,0.0,35.8213,10.5967,3.0,1.0,0.0,0.0,1015812.9829508197,927922.7543356643,False,False,True,True,False,False,False,True,True,False
420000.0,200.0,5.0,3.0,1.0,0.0,0.0,0.0,0.0,36.8764,10.3253,4.0,0.0,1.0,0.0,1578293.3970945948,1449446.8968031188,False,False,True,True,False,False,False,True,True,False
1350000.0,850.0,5.0,1.0,0.0,0.0,0.0,0.0,0.0,35.8213,10.5967,3.0,0.0,0.0,0.0,1015812.9829508197,927922.7543356643,False,False,True,True,False,False,False,True,True,False
730000.0,369.0,3.0,2.0,1.0,0.0,0.0,0.0,0.0,36.7833,10.9833,2.0,1.0,1.0,0.0,357611.62727272726,783799.5456266907,True,False,False,True,False,False,True,False,True,False
380000.0,260.0,6.0,1.0,1.0,0.0,0.0,0.0,0.0,36.8493,11.0918,2.0,0.0,1.0,0.0,451934.8628125,783799.5456266907,True,False,False,True,False,False,True,False,True,False
225000.0,200.0,5.0,2.0,1.0,0.0,0.0,0.0,0.0,36.8493,11.0918,5.0,0.0,0.0,0.0,451934.8628125,783799.5456266907,True,False,False,True,False,False,True,False,True,False
1050000.0,260.0,4.0,1.0,0.0,0.0,0.0,0.0,0.0,36.8833,10.25,4.0,1.0,1.0,1.0,1011828.5111111111,917271.3972689076,False,False,True,True,False,False,False,True,True,False
890000.0,320.0,5.0,2.0,0.0,1.0,1.0,1.0,1.0,36.4011,10.6146,4.0,0.0,1.0,1.0,809528.7390138675,783799.5456266907,False,False,True,True,False,False,True,False,True,False
450000.0,220.0,6.0,2.0,1.0,0.0,1.0,0.0,0.0,34.6687,10.6999,4.0,1.0,1.0,0.0,544027.7777777778,1105774.472,False,True,False,True,False,False,False,True,True,False
850000.0,450.0,5.0,5.0,1.0,0.0,1.0,1.0,0.0,36.3908,10.5466,4.0,1.0,1.0,1.0,809528.7390138675,783799.5456266907,False,False,True,True,False,False,True,False,True,False
1650000.0,387.0,3.0,3.0,1.0,0.0,1.0,1.0,1.0,36.8566,10.3258,2.0,1.0,1.0,1.0,2180444.6730612246,1449446.8968031188,False,False,True,True,False,False,False,True,True,False
1300000.0,400.0,5.0,4.0,1.0,0.0,0.0,0.0,0.0,36.8764,10.3253,4.0,1.0,1.0,1.0,1578293.3970945948,1449446.8968031188,False,False,True,True,False,False,False,True,True,False
1400000.0,300.0,5.0,4.0,1.0,0.0,1.0,1.0,0.0,36.8833,10.25,4.0,1.0,1.0,1.0,1011828.5111111111,917271.3972689076,False,False,True,True,False,False,False,True,True,False
850000.0,500.0,5.0,2.0,0.0,0.0,1.0,1.0,1.0,36.8833,10.25,4.0,1.0,1.0,1.0,1011828.5111111111,917271.3972689076,False,False,True,True,False,False,False,True,True,False
880000.0,340.0,5.0,4.0,1.0,0.0,1.0,1.0,1.0,36.4124,10.6122,4.0,1.0,1.0,1.0,809528.7390138675,783799.5456266907,False,False,True,True,False,False,True,False,True,False
640000.0,265.0,4.0,3.0,1.0,0.0,1.0,1.0,1.0,36.47,10.78,4.0,1.0,1.0,1.0,642782.0582608696,783799.5456266907,False,True,False,True,False,False,True,False,True,False
1700000.0,400.0,5.0,1.0,0.0,0.0,0.0,0.0,0.0,36.8694,10.3164,2.0,0.0,1.0,1.0,2180444.6730612246,1449446.8968031188,False,False,True,True,False,False,False,True,True,False
850000.0,400.0,5.0,2.0,1.0,0.0,0.0,0.0,1.0,36.4011,10.6146,4.0,1.0,1.0,0.0,809528.7390138675,783799.5456266907,False,False,True,True,False,False,True,False,True,False
1680000.0,370.0,6.0,5.0,1.0,0.0,1.0,1.0,0.0,36.8452,10.1647,4.0,1.0,1.0,1.0,1177994.243076923,783799.5456266907,False,False,True,True,False,False,True,False,True,False
1700000.0,573.0,12.0,6.0,1.0,0.0,1.0,1.0,0.0,36.8625,10.1956,11.0,1.0,1.0,1.0,1020923.2245882354,917271.3972689076,False,False,True,True,False,False,False,True,True,False
1200000.0,261.0,3.0,1.0,0.0,0.0,0.0,0.0,0.0,36.4506,10.735,2.0,0.0,0.0,0.0,994136.9111340205,783799.5456266907,False,False,True,True,False,False,True,False,True,False
643000.0,420.0,5.0,1.0,0.0,0.0,0.0,0.0,0.0,36.8625,10.1956,3.0,0.0,1.0,0.0,1020923.2245882354,917271.3972689076,False,False,True,True,False,False,False,True,True,False
650000.0,300.0,5.0,1.0,1.0,0.0,0.0,0.0,0.0,36.6939,10.2622,3.0,0.0,1.0,1.0,906315.7894736842,831885.7976100629,False,False,True,True,False,False,False,True,True,False
2700000.0,824.0,5.0,1.0,0.0,0.0,0.0,0.0,0.0,36.8333,10.3167,3.0,0.0,1.0,1.0,1416795.7877419356,1449446.8968031188,False,False,True,True,False,False,False,True,True,False
590000.0,446.0,6.0,4.0,0.0,0.0,0.0,0.0,0.0,36.8188,10.166,6.0,0.0,0.0,0.0,966122.5883333334,1236960.2596551725,False,False,True,True,False,False,False,True,True,False
1300000.0,300.0,4.0,4.0,0.0,0.0,1.0,1.0,1.0,36.8833,10.25,3.0,1.0,1.0,1.0,1011828.5111111111,917271.3972689076,False,False,True,True,False,False,False,True,True,False
1250000.0,509.0,6.0,2.0,1.0,0.0,1.0,1.0,0.0,35.844,10.6188,5.0,1.0,1.0,0.0,809528.7390138675,783799.5456266907,False,False,True,True,False,False,True,False,True,False
2250000.0,300.0,5.0,1.0,1.0,0.0,0.0,0.0,0.0,36.8833,10.25,3.0,1.0,0.0,1.0,1011828.5111111111,917271.3972689076,False,False,True,True,False,False,False,True,True,False
900000.0,200.0,5.0,1.0,0.0,0.0,0.0,0.0,1.0,37.2667,9.8667,3.0,0.0,1.0,1.0,513185.1669565218,534121.1009677419,False,True,False,True,False,True,False,False,True,False
2500000.0,430.0,10.0,3.0,1.0,0.0,0.0,1.0,0.0,36.8764,10.3253,7.0,1.0,1.0,1.0,1578293.3970945948,1449446.8968031188,False,False,True,True,False,False,False,True,True,False
1120000.0,300.0,5.0,4.0,1.0,0.0,1.0,1.0,1.0,36.8883,10.2742,4.0,1.0,1.0,1.0,1011828.5111111111,917271.3972689076,False,False,True,True,False,False,False,True,True,False
950000.0,227.0,5.0,4.0,1.0,0.0,1.0,1.0,1.0,36.8833,10.25,4.0,0.0,1.0,1.0,1011828.5111111111,917271.3972689076,False,False,True,True,False,False,False,True,True,False
980000.0,300.0,4.0,1.0,0.0,0.0,1.0,1.0,0.0,36.8833,10.25,4.0,0.0,0.0,1.0,1011828.5111111111,917271.3972689076,False,False,True,True,False,False,False,True,True,False
1830000.0,799.0,5.0,2.0,1.0,0.0,1.0,1.0,0.0,36.8764,10.3253,4.0,0.0,1.0,1.0,1578293.3970945948,1449446.8968031188,False,False,True,True,False,False,False,True,True,False
1600000.0,491.0,9.0,2.0,0.0,0.0,0.0,1.0,0.0,36.8239,10.2264,7.0,0.0,1.0,0.0,952083.3333333334,709285.7142857143,False,False,True,True,False,False,True,False,True,False
200000.0,268.0,2.0,1.0,1.0,0.0,0.0,0.0,0.0,36.8493,11.0918,2.0,0.0,1.0,0.0,451934.8628125,783799.5456266907,True,False,False,True,False,False,True,False,True,False
4000000.0,833.0,5.0,4.0,1.0,0.0,0.0,0.0,0.0,36.8587,10.1684,7.0,1.0,1.0,1.0,1578293.3970945948,1449446.8968031188,False,False,True,True,False,False,False,True,True,False
320000.0,86.0,3.0,2.0,0.0,1.0,1.0,0.0,0.0,36.4506,10.735,2.0,1.0,1.0,0.0,994136.9111340205,783799.5456266907,False,False,True,True,False,False,True,False,True,False
1800000.0,799.0,9.0,4.0,1.0,0.0,1.0,1.0,0.0,36.8764,10.3253,8.0,1.0,1.0,1.0,1578293.3970945948,1449446.8968031188,False,False,True,True,False,False,False,True,True,False
1450000.0,300.0,5.0,3.0,1.0,0.0,1.0,1.0,0.0,36.8452,10.1647,4.0,1.0,1.0,0.0,1177994.243076923,783799.5456266907,False,False,True,True,False,False,True,False,True,False
470000.0,156.0,4.0,2.0,0.0,0.0,1.0,0.0,0.0,36.4011,10.6146,3.0,1.0,1.0,0.0,809528.7390138675,783799.5456266907,False,False,True,True,False,False,True,False,True,False
450000.0,335.0,5.0,2.0,1.0,0.0,1.0,1.0,0.0,36.4011,10.6146,3.0,1.0,1.0,0.0,809528.7390138675,783799.5456266907,False,False,True,True,False,False,True,False,True,False
660000.0,217.0,3.0,3.0,1.0,1.0,1.0,1.0,1.0,36.4011,10.6146,3.0,1.0,1.0,0.0,809528.7390138675,783799.5456266907,False,False,True,True,False,False,True,False,True,False
2500000.0,400.0,8.0,4.0,1.0,0.0,1.0,1.0,0.0,36.8764,10.3253,6.0,1.0,1.0,1.0,1578293.3970945948,1449446.8968031188,False,False,True,True,False,False,False,True,True,False
850000.0,140.0,2.0,1.0,1.0,0.0,0.0,0.0,0.0,36.8764,10.3253,2.0,0.0,0.0,0.0,1578293.3970945948,1449446.8968031188,False,False,True,True,False,False,False,True,True,False
660000.0,250.0,5.0,2.0,1.0,0.0,1.0,1.0,1.0,36.4011,10.6146,3.0,1.0,1.0,1.0,809528.7390138675,783799.5456266907,False,False,True,True,False,False,True,False,True,False
830000.0,740.0,5.0,1.0,1.0,0.0,0.0,0.0,0.0,36.9544,10.1914,4.0,0.0,1.0,0.0,499150.58999999997,917271.3972689076,False,True,False,True,False,False,False,True,True,False
1350000.0,350.0,5.0,2.0,1.0,0.0,1.0,1.0,1.0,36.8833,10.25,4.0,1.0,1.0,1.0,1011828.5111111111,917271.3972689076,False,False,True,True,False,False,False,True,True,False
1200000.0,420.0,9.0,4.0,1.0,0.0,0.0,1.0,0.0,35.7218,10.6179,5.0,0.0,1.0,0.0,1339000.0,814548.518095238,False,False,True,True,False,False,False,True,True,False
1500000.0,320.0,7.0,4.0,1.0,0.0,1.0,1.0,1.0,35.8569,10.5972,4.0,0.0,1.0,0.0,1015812.9829508197,927922.7543356643,False,False,True,True,False,False,False,True,True,False
377500.0,200.0,6.0,2.0,1.0,0.0,0.0,0.0,0.0,34.7646,10.7194,3.0,1.0,0.0,0.0,544027.7777777778,1105774.472,False,True,False,True,False,False,False,True,True,False
2300000.0,600.0,5.0,1.0,1.0,0.0,1.0,1.0,1.0,36.8942,10.2762,6.0,1.0,1.0,1.0,1578293.3970945948,1449446.8968031188,False,False,True,True,False,False,False,True,True,False
310000.0,300.0,3.0,1.0,1.0,0.0,0.0,0.0,0.0,36.9306,11.0485,2.0,1.0,0.0,0.0,809528.7390138675,783799.5456266907,False,False,True,True,False,False,True,False,True,False
240000.0,125.0,4.0,1.0,1.0,0.0,0.0,0.0,0.0,36.8302,10.1374,3.0,1.0,0.0,0.0,694850.0507317072,1449446.8968031188,False,True,False,True,False,False,False,True,True,False
115000.0,28.0,5.0,1.0,1.0,0.0,0.0,0.0,0.0,36.7771,10.147,3.0,1.0,1.0,0.0,1177994.243076923,783799.5456266907,False,False,True,True,False,False,True,False,True,False
750000.0,300.0,5.0,2.0,1.0,0.0,0.0,1.0,1.0,36.789,10.1835,4.0,1.0,1.0,0.0,428142.85714285716,1236960.2596551725,True,False,False,True,False,False,False,True,True,False
530000.0,530.0,3.0,2.0,0.0,0.0,1.0,1.0,1.0,36.8493,11.0918,2.0,0.0,1.0,1.0,451934.8628125,783799.5456266907,True,False,False,True,False,False,True,False,True,False
690000.0,236.0,5.0,1.0,0.0,0.0,1.0,1.0,1.0,36.8883,10.2742,3.0,1.0,1.0,0.0,1011828.5111111111,917271.3972689076,False,False,True,True,False,False,False,True,True,False
930000.0,400.0,5.0,1.0,1.0,0.0,1.0,1.0,1.0,36.8833,10.25,3.0,1.0,1.0,0.0,1011828.5111111111,917271.3972689076,False,False,True,True,False,False,False,True,True,False
725000.0,570.0,5.0,1.0,0.0,0.0,1.0,1.0,0.0,36.8883,10.2742,3.0,1.0,1.0,0.0,1011828.5111111111,917271.3972689076,False,False,True,True,False,False,False,True,True,False
1900000.0,530.0,5.0,1.0,1.0,0.0,1.0,1.0,0.0,36.8833,10.25,3.0,1.0,1.0,1.0,1011828.5111111111,917271.3972689076,False,False,True,True,False,False,False,True,True,False
900000.0,715.0,5.0,1.0,0.0,0.0,0.0,0.0,0.0,36.8883,10.2742,3.0,1.0,0.0,1.0,1011828.5111111111,917271.3972689076,False,False,True,True,False,False,False,True,True,False
1137500.0,339.0,5.0,1.0,1.0,0.0,1.0,1.0,0.0,36.8883,10.2742,3.0,1.0,0.0,1.0,1011828.5111111111,917271.3972689076,False,False,True,True,False,False,False,True,True,False
900000.0,240.0,5.0,1.0,0.0,0.0,0.0,1.0,1.0,36.8883,10.2742,3.0,1.0,0.0,1.0,1011828.5111111111,917271.3972689076,False,False,True,True,False,False,False,True,True,False
530000.0,350.0,5.0,1.0,0.0,0.0,1.0,1.0,0.0,36.8833,10.25,3.0,1.0,1.0,0.0,1011828.5111111111,917271.3972689076,False,False,True,True,False,False,False,True,True,False
400000.0,200.0,4.0,2.0,1.0,0.0,0.0,0.0,0.0,35.644,10.9468,4.0,0.0,0.0,0.0,362886.7866666666,641574.9720430108,True,False,False,True,False,False,True,False,True,False
260000.0,317.0,4.0,1.0,1.0,0.0,0.0,0.0,0.0,35.6913,10.8559,3.0,0.0,0.0,0.0,362886.7866666666,641574.9720430108,True,False,False,True,False,False,True,False,True,False
170000.0,211.0,6.0,1.0,0.0,0.0,0.0,0.0,0.0,35.441,10.8339,5.0,0.0,0.0,0.0,362886.7866666666,641574.9720430108,True,False,False,True,False,False,True,False,True,False
1845000.0,586.0,7.0,2.0,1.0,1.0,0.0,1.0,0.0,36.8452,10.1647,6.0,1.0,1.0,0.0,1542012.4593548388,831885.7976100629,False,False,True,True,False,False,False,True,True,False
850000.0,465.0,7.0,4.0,1.0,0.0,1.0,1.0,0.0,36.8764,10.3253,6.0,1.0,1.0,1.0,1578293.3970945948,1449446.8968031188,False,False,True,True,False,False,False,True,True,False
1000000.0,200.0,6.0,2.0,1.0,0.0,0.0,1.0,0.0,36.8833,10.25,4.0,1.0,1.0,1.0,1011828.5111111111,917271.3972689076,False,False,True,True,False,False,False,True,True,False
850000.0,190.0,5.0,3.0,1.0,0.0,1.0,1.0,1.0,36.8834,10.2229,4.0,1.0,1.0,1.0,1011828.5111111111,917271.3972689076,False,False,True,True,False,False,False,True,True,False
1450000.0,190.0,4.0,3.0,1.0,0.0,1.0,1.0,0.0,36.8625,10.1956,3.0,1.0,1.0,0.0,1020923.2245882354,917271.3972689076,False,False,True,True,False,False,False,True,True,False
2000000.0,350.0,6.0,3.0,1.0,1.0,1.0,1.0,1.0,36.8764,10.3253,4.0,1.0,1.0,1.0,1578293.3970945948,1449446.8968031188,False,False,True,True,False,False,False,True,True,False
460000.0,200.0,5.0,1.0,1.0,0.0,0.0,0.0,0.0,36.5772,10.3425,3.0,0.0,1.0,0.0,747303.2021052631,831885.7976100629,False,False,True,True,False,False,False,True,True,False
168000.0,120.0,5.0,1.0,0.0,0.0,0.0,0.0,0.0,36.5772,10.3425,3.0,0.0,0.0,0.0,747303.2021052631,831885.7976100629,False,False,True,True,False,False,False,True,True,False
680000.0,220.0,5.0,1.0,1.0,0.0,1.0,1.0,0.0,36.8188,10.166,4.0,0.0,1.0,0.0,1047495.4257471263,1449446.8968031188,False,False,True,True,False,False,False,True,True,False
470000.0,388.0,4.0,2.0,1.0,0.0,0.0,0.0,0.0,35.8324,10.6225,3.0,1.0,1.0,0.0,1015812.9829508197,927922.7543356643,False,False,True,True,False,False,False,True,True,False
980000.0,250.0,5.0,1.0,1.0,0.0,1.0,1.0,1.0,36.4011,10.6146,4.0,1.0,1.0,1.0,809528.7390138675,783799.5456266907,False,False,True,True,False,False,True,False,True,False
950000.0,200.0,3.0,2.0,1.0,0.0,1.0,1.0,0.0,37.1303,9.7507,2.0,1.0,1.0,1.0,487846.1538461539,534121.1009677419,True,False,False,True,False,True,False,False,True,False
920000.0,250.0,4.0,3.0,1.0,0.0,1.0,0.0,0.0,36.4011,10.6146,3.0,1.0,1.0,1.0,809528.7390138675,783799.5456266907,False,False,True,True,False,False,True,False,True,False
1180000.0,320.0,2.0,3.0,1.0,0.0,1.0,1.0,1.0,36.4011,10.6146,3.0,1.0,1.0,1.0,809528.7390138675,783799.5456266907,False,False,True,True,False,False,True,False,True,False
890000.0,320.0,5.0,1.0,1.0,0.0,1.0,1.0,0.0,36.8764,10.3253,5.0,1.0,1.0,0.0,1578293.3970945948,1449446.8968031188,False,False,True,True,False,False,False,True,True,False
630000.0,565.0,3.0,1.0,0.0,0.0,0.0,0.0,0.0,36.8356,10.2159,4.0,1.0,0.0,0.0,528091.5136842105,783799.5456266907,False,True,False,True,False,False,True,False,True,False
520000.0,575.0,4.0,1.0,0.0,0.0,0.0,0.0,0.0,36.7731,10.1832,4.0,1.0,1.0,0.0,528091.5136842105,783799.5456266907,False,True,False,True,False,False,True,False,True,False
1190000.0,400.0,6.0,3.0,1.0,0.0,0.0,0.0,0.0,36.8625,10.1956,5.0,1.0,1.0,0.0,1020923.2245882354,917271.3972689076,False,False,True,True,False,False,False,True,True,False
850000.0,257.0,5.0,1.0,1.0,1.0,0.0,1.0,0.0,36.9177,10.2889,3.0,0.0,0.0,0.0,1578293.3970945948,1449446.8968031188,False,False,True,True,False,False,False,True,True,False
1050000.0,378.0,9.0,3.0,1.0,1.0,1.0,1.0,1.0,36.8764,10.3253,3.0,1.0,1.0,0.0,1578293.3970945948,1449446.8968031188,False,False,True,True,False,False,False,True,True,False
1200000.0,300.0,5.0,1.0,0.0,0.0,0.0,0.0,0.0,36.4506,10.735,3.0,0.0,1.0,0.0,994136.9111340205,783799.5456266907,False,False,True,True,False,False,True,False,True,False
2000000.0,300.0,6.0,5.0,1.0,0.0,1.0,1.0,1.0,36.8764,10.3253,4.0,0.0,1.0,1.0,1578293.3970945948,1449446.8968031188,False,False,True,True,False,False,False,True,True,False
520000.0,320.0,4.0,3.0,1.0,0.0,1.0,1.0,0.0,36.4421,10.5771,3.0,1.0,0.0,1.0,809528.7390138675,783799.5456266907,False,False,True,True,False,False,True,False,True,False
1390000.0,609.0,7.0,5.0,1.0,0.0,1.0,1.0,0.0,35.844,10.6188,6.0,1.0,1.0,0.0,809528.7390138675,783799.5456266907,False,False,True,True,False,False,True,False,True,False
1300000.0,240.0,4.0,4.0,1.0,0.0,1.0,1.0,1.0,36.8333,10.3167,3.0,1.0,0.0,0.0,1416795.7877419356,1449446.8968031188,False,False,True,True,False,False,False,True,True,False
1450000.0,400.0,5.0,4.0,1.0,0.0,1.0,1.0,1.0,36.8833,10.25,4.0,1.0,1.0,1.0,1011828.5111111111,917271.3972689076,False,False,True,True,False,False,False,True,True,False
970000.0,227.0,5.0,2.0,1.0,0.0,1.0,1.0,1.0,36.8635,10.2139,4.0,1.0,1.0,1.0,1011828.5111111111,917271.3972689076,False,False,True,True,False,False,False,True,True,False
760000.0,430.0,4.0,3.0,1.0,0.0,0.0,0.0,0.0,36.4011,10.6146,4.0,1.0,1.0,1.0,809528.7390138675,783799.5456266907,False,False,True,True,False,False,True,False,True,False
3000000.0,700.0,6.0,3.0,1.0,0.0,1.0,1.0,0.0,36.8764,10.3253,4.0,1.0,1.0,1.0,1578293.3970945948,1449446.8968031188,False,False,True,True,False,False,False,True,True,False
1790000.0,800.0,8.0,4.0,1.0,0.0,1.0,1.0,0.0,36.8764,10.3253,6.0,1.0,1.0,1.0,1578293.3970945948,1449446.8968031188,False,False,True,True,False,False,False,True,True,False
500000.0,220.0,5.0,1.0,0.0,0.0,1.0,1.0,0.0,36.7786,10.0554,3.0,1.0,1.0,0.0,646545.4545454546,513184.2105263158,False,True,False,True,False,True,False,False,True,False
700000.0,400.0,5.0,1.0,1.0,0.0,0.0,0.0,1.0,36.8883,10.2742,3.0,1.0,0.0,0.0,1011828.5111111111,917271.3972689076,False,False,True,True,False,False,False,True,True,False
750000.0,180.0,5.0,1.0,1.0,1.0,0.0,1.0,1.0,36.8883,10.2742,3.0,1.0,1.0,0.0,1011828.5111111111,917271.3972689076,False,False,True,True,False,False,False,True,True,False
1000000.0,688.0,5.0,1.0,1.0,0.0,0.0,0.0,0.0,35.3947,11.0401,3.0,0.0,1.0,0.0,603000.0,456714.28571428574,False,True,False,True,False,True,False,False,True,False
550000.0,480.0,9.0,4.0,1.0,0.0,1.0,1.0,0.0,35.6706,10.776,9.0,1.0,0.0,0.0,550000.0,641574.9720430108,False,True,False,False,True,False,True,False,True,False
920000.0,300.0,5.0,2.0,1.0,0.0,1.0,1.0,0.0,36.4011,10.6146,4.0,1.0,1.0,1.0,809528.7390138675,783799.5456266907,False,False,True,True,False,False,True,False,True,False
1410000.0,864.0,5.0,2.0,1.0,0.0,1.0,1.0,0.0,36.4506,10.735,4.0,1.0,1.0,0.0,994136.9111340205,783799.5456266907,False,False,True,True,False,False,True,False,True,False
590000.0,520.0,5.0,2.0,1.0,0.0,0.0,0.0,0.0,36.8497,11.0885,4.0,0.0,1.0,0.0,451934.8628125,783799.5456266907,True,False,False,True,False,False,True,False,True,False
395000.0,250.0,7.0,1.0,1.0,0.0,1.0,1.0,0.0,36.8356,10.2159,4.0,0.0,1.0,0.0,528091.5136842105,783799.5456266907,False,True,False,True,False,False,True,False,True,False
890000.0,288.0,5.0,2.0,1.0,0.0,0.0,0.0,0.0,36.4011,10.6146,4.0,0.0,1.0,1.0,809528.7390138675,783799.5456266907,False,False,True,True,False,False,True,False,True,False
655000.0,180.0,4.0,3.0,1.0,0.0,1.0,1.0,0.0,36.4011,10.6146,3.0,1.0,1.0,1.0,809528.7390138675,783799.5456266907,False,False,True,True,False,False,True,False,True,False
950000.0,400.0,11.0,4.0,1.0,0.0,1.0,1.0,0.0,36.8764,10.3253,5.0,1.0,1.0,0.0,1578293.3970945948,1449446.8968031188,False,False,True,True,False,False,False,True,True,False
450000.0,180.0,5.0,1.0,0.0,1.0,0.0,0.0,0.0,36.8625,10.1956,3.0,1.0,1.0,0.0,1020923.2245882354,917271.3972689076,False,False,True,True,False,False,False,True,True,False
280000.0,500.0,3.0,1.0,1.0,0.0,0.0,0.0,0.0,36.9544,10.1914,3.0,1.0,1.0,0.0,499150.58999999997,917271.3972689076,False,True,False,True,False,False,False,True,True,False
750000.0,210.0,4.0,2.0,1.0,0.0,1.0,1.0,1.0,36.4011,10.6146,3.0,1.0,1.0,1.0,809528.7390138675,783799.5456266907,False,False,True,True,False,False,True,False,True,False
780000.0,200.0,4.0,2.0,1.0,0.0,1.0,1.0,1.0,36.4011,10.6146,3.0,1.0,1.0,1.0,809528.7390138675,783799.5456266907,False,False,True,True,False,False,True,False,True,False
1950000.0,617.0,6.0,5.0,1.0,0.0,1.0,1.0,0.0,36.8625,10.1956,6.0,0.0,1.0,1.0,1020923.2245882354,917271.3972689076,False,False,True,True,False,False,False,True,True,False
355000.0,129.0,3.0,1.0,1.0,0.0,1.0,0.0,1.0,36.4011,10.6146,2.0,0.0,0.0,0.0,809528.7390138675,783799.5456266907,False,False,True,True,False,False,True,False,True,False
640000.0,204.0,3.0,1.0,1.0,0.0,0.0,0.0,0.0,37.1303,9.7507,3.0,0.0,0.0,1.0,487846.1538461539,534121.1009677419,True,False,False,True,False,True,False,False,True,False
350000.0,400.0,3.0,1.0,1.0,0.0,0.0,0.0,0.0,36.4287,10.5927,3.0,0.0,1.0,1.0,809528.7390138675,783799.5456266907,False,False,True,True,False,False,True,False,True,False
420000.0,164.0,7.0,2.0,1.0,0.0,1.0,1.0,0.0,36.4011,10.6146,3.0,1.0,0.0,0.0,809528.7390138675,783799.5456266907,False,False,True,True,False,False,True,False,True,False
895000.0,260.0,3.0,1.0,0.0,0.0,1.0,1.0,1.0,36.4506,10.735,3.0,1.0,1.0,1.0,994136.9111340205,783799.5456266907,False,False,True,True,False,False,True,False,True,False
1050000.0,580.0,5.0,1.0,1.0,1.0,1.0,1.0,1.0,36.47,10.78,5.0,1.0,0.0,0.0,642782.0582608696,783799.5456266907,False,True,False,True,False,False,True,False,True,False
990000.0,480.0,5.0,2.0,0.0,0.0,1.0,1.0,0.0,36.4011,10.6146,4.0,0.0,1.0,1.0,809528.7390138675,783799.5456266907,False,False,True,True,False,False,True,False,True,False
540000.0,160.0,4.0,2.0,0.0,0.0,0.0,0.0,0.0,36.4011,10.6146,3.0,0.0,1.0,1.0,809528.7390138675,783799.5456266907,False,False,True,True,False,False,True,False,True,False
740000.0,400.0,6.0,2.0,1.0,0.0,1.0,1.0,0.0,35.3581,10.73,5.0,1.0,1.0,0.0,410765.3846153846,607626.79375,True,False,False,True,False,False,True,False,True,False
220000.0,160.0,3.0,1.0,1.0,0.0,0.0,0.0,0.0,37.05,11.0167,3.0,0.0,1.0,0.0,528091.5136842105,783799.5456266907,False,True,False,True,False,False,True,False,True,False
3500000.0,500.0,5.0,3.0,1.0,0.0,1.0,1.0,0.0,36.8566,10.3258,4.0,1.0,1.0,1.0,2180444.6730612246,1449446.8968031188,False,False,True,True,False,False,False,True,True,False
1700000.0,378.0,7.0,3.0,1.0,1.0,1.0,0.0,0.0,36.4011,10.6146,4.0,0.0,1.0,1.0,809528.7390138675,783799.5456266907,False,False,True,True,False,False,True,False,True,False
560000.0,393.0,5.0,2.0,1.0,0.0,0.0,0.0,0.0,36.6939,10.2622,4.0,1.0,1.0,0.0,614259.2592592592,831885.7976100629,False,True,False,True,False,False,False,True,True,False
145000.0,240.0,3.0,1.0,1.0,0.0,0.0,0.0,0.0,36.8493,11.0918,2.0,0.0,0.0,0.0,451934.8628125,783799.5456266907,True,False,False,True,False,False,True,False,True,False
185000.0,165.0,3.0,1.0,1.0,0.0,0.0,0.0,0.0,36.8493,11.0918,3.0,1.0,0.0,0.0,451934.8628125,783799.5456266907,True,False,False,True,False,False,True,False,True,False
350000.0,400.0,2.0,1.0,1.0,0.0,0.0,0.0,0.0,36.8493,11.0918,2.0,1.0,0.0,0.0,451934.8628125,783799.5456266907,True,False,False,True,False,False,True,False,True,False
320000.0,300.0,4.0,2.0,0.0,0.0,0.0,0.0,0.0,36.8493,11.0918,3.0,0.0,1.0,1.0,451934.8628125,783799.5456266907,True,False,False,True,False,False,True,False,True,False
1500000.0,200.0,3.0,1.0,1.0,0.0,1.0,1.0,0.0,36.8764,10.3253,3.0,1.0,1.0,0.0,1578293.3970945948,1449446.8968031188,False,False,True,True,False,False,False,True,True,False
970000.0,450.0,7.0,6.0,1.0,0.0,1.0,1.0,0.0,36.8452,10.1647,5.0,0.0,1.0,0.0,1177994.243076923,783799.5456266907,False,False,True,True,False,False,True,False,True,False
750000.0,320.0,4.0,2.0,1.0,0.0,1.0,1.0,0.0,36.8625,10.1956,3.0,1.0,1.0,0.0,1020923.2245882354,917271.3972689076,False,False,True,True,False,False,False,True,True,False
199000.0,200.0,5.0,2.0,0.0,0.0,0.0,0.0,0.0,36.8625,10.1956,4.0,0.0,0.0,0.0,1020923.2245882354,917271.3972689076,False,False,True,True,False,False,False,True,True,False
1050000.0,227.0,7.0,2.0,1.0,0.0,1.0,1.0,0.0,36.8833,10.25,4.0,1.0,1.0,1.0,1011828.5111111111,917271.3972689076,False,False,True,True,False,False,False,True,True,False
490000.0,700.0,9.0,2.0,1.0,0.0,0.0,1.0,0.0,36.4011,10.6146,4.0,1.0,1.0,0.0,809528.7390138675,783799.5456266907,False,False,True,True,False,False,True,False,True,False
470000.0,156.0,8.0,3.0,1.0,0.0,1.0,1.0,0.0,36.4011,10.6146,3.0,1.0,1.0,0.0,809528.7390138675,783799.5456266907,False,False,True,True,False,False,True,False,True,False
420000.0,157.0,7.0,2.0,1.0,0.0,0.0,1.0,0.0,36.4011,10.6146,3.0,1.0,0.0,0.0,809528.7390138675,783799.5456266907,False,False,True,True,False,False,True,False,True,False
1350000.0,280.0,6.0,3.0,1.0,0.0,0.0,0.0,0.0,36.8493,11.0918,6.0,0.0,1.0,0.0,451934.8628125,783799.5456266907,True,False,False,True,False,False,True,False,True,False
1300000.0,530.0,4.0,1.0,1.0,0.0,0.0,0.0,0.0,36.8625,10.1956,4.0,0.0,1.0,0.0,1020923.2245882354,917271.3972689076,False,False,True,True,False,False,False,True,True,False
1600000.0,624.0,5.0,3.0,1.0,1.0,1.0,1.0,1.0,36.8764,10.3253,4.0,0.0,1.0,1.0,1578293.3970945948,1449446.8968031188,False,False,True,True,False,False,False,True,True,False
680000.0,360.0,6.0,2.0,1.0,1.0,0.0,0.0,0.0,35.7289,10.8145,4.0,0.0,0.0,0.0,925293.5079999999,641574.9720430108,False,False,True,True,False,False,True,False,True,False
375000.0,180.0,2.0,2.0,0.0,0.0,0.0,0.0,0.0,35.7678,10.8225,4.0,0.0,0.0,0.0,925293.5079999999,641574.9720430108,False,False,True,True,False,False,True,False,True,False
660000.0,205.0,3.0,1.0,1.0,0.0,0.0,0.0,1.0,36.4011,10.6146,3.0,0.0,0.0,1.0,809528.7390138675,783799.5456266907,False,False,True,True,False,False,True,False,True,False
490000.0,200.0,8.0,3.0,1.0,0.0,0.0,0.0,0.0,37.272,9.8708,7.0,0.0,0.0,0.0,513185.1669565218,534121.1009677419,False,True,False,True,False,True,False,False,True,False
350000.0,200.0,6.0,1.0,1.0,0.0,0.0,0.0,0.0,36.4011,10.6146,3.0,1.0,1.0,0.0,809528.7390138675,783799.5456266907,False,False,True,True,False,False,True,False,True,False
220000.0,170.0,5.0,2.0,1.0,0.0,0.0,0.0,0.0,36.8493,11.0918,3.0,0.0,0.0,0.0,451934.8628125,783799.5456266907,True,False,False,True,False,False,True,False,True,False
225000.0,376.0,3.0,1.0,1.0,0.0,0.0,0.0,0.0,36.8493,11.0918,3.0,0.0,1.0,0.0,451934.8628125,783799.5456266907,True,False,False,True,False,False,True,False,True,False
390000.0,250.0,7.0,1.0,1.0,0.0,0.0,0.0,0.0,36.8493,11.0918,3.0,1.0,0.0,0.0,451934.8628125,783799.5456266907,True,False,False,True,False,False,True,False,True,False
95000.0,130.0,2.0,1.0,1.0,0.0,0.0,0.0,0.0,36.8493,11.0918,2.0,0.0,0.0,0.0,451934.8628125,783799.5456266907,True,False,False,True,False,False,True,False,True,False
150000.0,220.0,5.0,2.0,1.0,0.0,0.0,0.0,0.0,36.9306,11.0485,3.0,0.0,1.0,0.0,809528.7390138675,783799.5456266907,False,False,True,True,False,False,True,False,True,False
127000.0,238.0,4.0,1.0,1.0,0.0,0.0,0.0,0.0,36.8493,11.0918,3.0,0.0,1.0,0.0,451934.8628125,783799.5456266907,True,False,False,True,False,False,True,False,True,False
1200000.0,659.0,4.0,4.0,1.0,0.0,1.0,1.0,0.0,36.4011,10.6146,6.0,0.0,1.0,0.0,809528.7390138675,783799.5456266907,False,False,True,True,False,False,True,False,True,False
660000.0,210.0,8.0,3.0,1.0,0.0,1.0,1.0,1.0,36.4011,10.6146,3.0,1.0,1.0,1.0,809528.7390138675,783799.5456266907,False,False,True,True,False,False,True,False,True,False
460000.0,378.0,8.0,5.0,1.0,0.0,0.0,0.0,0.0,35.8015,10.5952,5.0,0.0,1.0,0.0,1015812.9829508197,927922.7543356643,False,False,True,True,False,False,False,True,True,False
1450000.0,465.0,7.0,4.0,1.0,0.0,1.0,1.0,1.0,36.8599,10.2621,6.0,1.0,1.0,0.0,1578293.3970945948,1449446.8968031188,False,False,True,True,False,False,False,True,True,False
240000.0,120.0,4.0,3.0,0.0,0.0,0.0,0.0,0.0,36.4578,10.7339,4.0,0.0,0.0,0.0,994136.9111340205,783799.5456266907,False,False,True,True,False,False,True,False,True,False
1250000.0,400.0,7.0,4.0,1.0,0.0,1.0,1.0,1.0,36.4011,10.6146,5.0,1.0,1.0,1.0,809528.7390138675,783799.5456266907,False,False,True,True,False,False,True,False,True,False
630000.0,300.0,10.0,3.0,1.0,0.0,1.0,0.0,0.0,36.8189,10.1637,6.0,1.0,0.0,0.0,1177994.243076923,783799.5456266907,False,False,True,True,False,False,True,False,True,False
300000.0,90.0,3.0,2.0,1.0,0.0,1.0,1.0,0.0,36.4565,10.786,2.0,0.0,0.0,0.0,642782.0582608696,783799.5456266907,False,True,False,True,False,False,True,False,True,False
1300000.0,230.0,7.0,3.0,1.0,0.0,0.0,1.0,0.0,36.4506,10.7349,6.0,1.0,1.0,0.0,994136.9111340205,783799.5456266907,False,False,True,True,False,False,True,False,True,False
320000.0,100.0,4.0,1.0,1.0,0.0,0.0,0.0,0.0,36.8782,10.2533,3.0,0.0,1.0,0.0,1011828.5111111111,917271.3972689076,False,False,True,True,False,False,False,True,True,False
650000.0,200.0,5.0,1.0,1.0,0.0,0.0,0.0,0.0,36.4011,10.6146,3.0,1.0,1.0,0.0,809528.7390138675,783799.5456266907,False,False,True,True,False,False,True,False,True,False
870000.0,550.0,4.0,1.0,0.0,0.0,0.0,0.0,0.0,36.4011,10.6146,7.0,0.0,0.0,1.0,809528.7390138675,783799.5456266907,False,False,True,True,False,False,True,False,True,False
1500000.0,300.0,5.0,4.0,1.0,0.0,0.0,1.0,0.0,36.8764,10.3253,4.0,1.0,1.0,1.0,1578293.3970945948,1449446.8968031188,False,False,True,True,False,False,False,True,True,False
850000.0,325.0,5.0,3.0,0.0,0.0,0.0,1.0,0.0,36.4011,10.6146,4.0,0.0,1.0,1.0,809528.7390138675,783799.5456266907,False,False,True,True,False,False,True,False,True,False
790000.0,409.0,7.0,3.0,1.0,0.0,1.0,1.0,0.0,36.4448,10.7106,5.0,0.0,1.0,0.0,994136.9111340205,783799.5456266907,False,False,True,True,False,False,True,False,True,False
850000.0,433.0,3.0,2.0,1.0,0.0,1.0,0.0,0.0,36.4597,10.8103,2.0,1.0,1.0,0.0,548571.4285714285,783799.5456266907,False,True,False,True,False,False,True,False,True,False
170000.0,100.0,3.0,2.0,1.0,1.0,1.0,0.0,0.0,36.4572,10.7371,2.0,0.0,0.0,0.0,300000.0,783799.5456266907,True,False,False,True,False,False,True,False,True,False
1300000.0,340.0,8.0,4.0,1.0,0.0,1.0,1.0,0.0,36.8764,10.3253,6.0,1.0,1.0,0.0,1578293.3970945948,1449446.8968031188,False,False,True,True,False,False,False,True,True,False
650000.0,416.0,8.0,4.0,1.0,0.0,1.0,1.0,0.0,36.7723,10.2212,6.0,1.0,1.0,0.0,559271.8892307692,831885.7976100629,False,True,False,True,False,False,False,True,True,False
1350000.0,900.0,6.0,2.0,1.0,0.0,0.0,0.0,0.0,35.8324,10.6225,4.0,0.0,0.0,0.0,1015812.9829508197,927922.7543356643,False,False,True,True,False,False,False,True,True,False
225000.0,163.0,5.0,1.0,0.0,0.0,0.0,0.0,0.0,33.8869,9.5375,3.0,0.0,0.0,0.0,809528.7390138675,783799.5456266907,False,False,True,True,False,False,True,False,True,False
2000000.0,330.0,3.0,1.0,0.0,0.0,0.0,0.0,0.0,36.4506,10.735,3.0,0.0,0.0,0.0,994136.9111340205,783799.5456266907,False,False,True,True,False,False,True,False,True,False
195000.0,110.0,4.0,1.0,1.0,0.0,1.0,1.0,1.0,36.8302,10.1374,3.0,0.0,0.0,0.0,694850.0507317072,1449446.8968031188,False,True,False,True,False,False,False,True,True,False
650000.0,300.0,3.0,1.0,1.0,0.0,0.0,0.0,0.0,36.8147,10.1558,5.0,0.0,0.0,0.0,1393440.1199999999,692148.4488888889,False,False,True,True,False,False,True,False,True,False
750000.0,320.0,5.0,1.0,1.0,0.0,0.0,0.0,1.0,37.2667,9.8667,3.0,1.0,0.0,0.0,513185.1669565218,534121.1009677419,False,True,False,True,False,True,False,False,True,False
790000.0,300.0,5.0,1.0,1.0,0.0,1.0,1.0,1.0,36.8625,10.1956,3.0,1.0,1.0,0.0,1020923.2245882354,917271.3972689076,False,False,True,True,False,False,False,True,True,False
190000.0,89.0,5.0,1.0,0.0,0.0,0.0,0.0,0.0,36.7786,10.0554,3.0,0.0,0.0,0.0,646545.4545454546,513184.2105263158,False,True,False,True,False,True,False,False,True,False
740000.0,400.0,5.0,1.0,1.0,0.0,0.0,0.0,0.0,35.5044,11.0661,3.0,0.0,1.0,0.0,410765.3846153846,607626.79375,True,False,False,True,False,False,True,False,True,False
1400000.0,485.0,6.0,3.0,1.0,1.0,0.0,0.0,0.0,36.8625,10.1956,5.0,0.0,1.0,0.0,1020923.2245882354,917271.3972689076,False,False,True,True,False,False,False,True,True,False
550000.0,520.0,5.0,1.0,0.0,0.0,0.0,0.0,0.0,35.65,10.9,3.0,1.0,0.0,0.0,521875.0,641574.9720430108,False,True,False,True,False,False,True,False,True,False
320000.0,194.0,5.0,1.0,1.0,0.0,0.0,0.0,0.0,35.3947,11.0401,3.0,0.0,1.0,0.0,603000.0,456714.28571428574,False,True,False,True,False,True,False,False,True,False
1700000.0,541.0,8.0,3.0,1.0,0.0,1.0,1.0,0.0,36.8625,10.1956,5.0,1.0,1.0,0.0,1020923.2245882354,917271.3972689076,False,False,True,True,False,False,False,True,True,False
629000.0,416.0,3.0,2.0,1.0,1.0,1.0,1.0,1.0,36.689,10.2996,5.0,1.0,1.0,0.0,529454.5454545454,831885.7976100629,False,True,False,True,False,False,False,True,True,False
850000.0,280.0,7.0,2.0,1.0,0.0,1.0,1.0,0.0,36.4011,10.6146,3.0,1.0,1.0,0.0,809528.7390138675,783799.5456266907,False,False,True,True,False,False,True,False,True,False
256000.0,120.0,4.0,1.0,0.0,1.0,0.0,0.0,0.0,35.6886,10.8423,3.0,0.0,0.0,0.0,360350.0,641574.9720430108,True,False,False,True,False,False,True,False,True,False
500000.0,436.0,5.0,1.0,0.0,0.0,0.0,0.0,0.0,36.8625,10.1956,3.0,1.0,1.0,0.0,1020923.2245882354,917271.3972689076,False,False,True,True,False,False,False,True,True,False
890000.0,405.0,5.0,3.0,1.0,0.0,1.0,1.0,1.0,33.8076,10.8451,3.0,1.0,1.0,1.0,556674.2993630574,580727.7766850828,False,True,False,True,False,False,True,False,True,False
695000.0,640.0,3.0,3.0,0.0,0.0,0.0,0.0,0.0,35.8015,10.6101,9.0,0.0,1.0,0.0,1015812.9829508197,927922.7543356643,False,False,True,True,False,False,False,True,True,False
1100000.0,813.0,5.0,1.0,0.0,0.0,0.0,0.0,1.0,35.8213,10.5967,3.0,0.0,1.0,0.0,1015812.9829508197,927922.7543356643,False,False,True,True,False,False,False,True,True,False
1050000.0,586.0,5.0,1.0,0.0,0.0,0.0,0.0,0.0,36.8484,10.1745,3.0,1.0,1.0,0.0,1020923.2245882354,917271.3972689076,False,False,True,True,False,False,False,True,True,False
1550000.0,320.0,6.0,5.0,1.0,0.0,1.0,1.0,0.0,36.8625,10.1956,4.0,1.0,1.0,1.0,1020923.2245882354,917271.3972689076,False,False,True,True,False,False,False,True,True,False
1850000.0,450.0,6.0,2.0,0.0,1.0,1.0,1.0,0.0,36.8452,10.1647,5.0,1.0,1.0,1.0,1542012.4593548388,831885.7976100629,False,False,True,True,False,False,False,True,True,False
1350000.0,347.0,5.0,2.0,1.0,0.0,1.0,1.0,0.0,36.4011,10.6146,4.0,1.0,1.0,1.0,809528.7390138675,783799.5456266907,False,False,True,True,False,False,True,False,True,False
690000.0,250.0,5.0,3.0,1.0,0.0,0.0,0.0,0.0,33.8088,11.0141,4.0,1.0,1.0,1.0,537322.9179591837,537322.9179591837,False,True,False,True,False,False,True,False,True,False
450000.0,520.0,5.0,2.0,1.0,1.0,1.0,0.0,0.0,33.8732,10.8568,3.0,0.0,1.0,0.0,556674.2993630574,580727.7766850828,False,True,False,True,False,False,True,False,True,False
900000.0,300.0,5.0,3.0,1.0,1.0,1.0,1.0,1.0,36.8942,10.2762,5.0,1.0,0.0,0.0,1578293.3970945948,1449446.8968031188,False,False,True,True,False,False,False,True,True,False
500000.0,200.0,6.0,2.0,1.0,1.0,1.0,0.0,0.0,36.7055,10.4132,5.0,1.0,1.0,0.0,499150.58999999997,917271.3972689076,False,True,False,True,False,False,False,True,True,False
350000.0,80.0,3.0,1.0,1.0,0.0,0.0,0.0,0.0,33.8183,11.0027,2.0,1.0,1.0,0.0,537322.9179591837,537322.9179591837,False,True,False,True,False,False,True,False,True,False
800000.0,167.0,12.0,2.0,1.0,0.0,0.0,0.0,0.0,37.2667,9.8667,8.0,1.0,1.0,0.0,513185.1669565218,534121.1009677419,False,True,False,True,False,True,False,False,True,False
212000.0,101.0,5.0,1.0,0.0,0.0,0.0,0.0,0.0,36.8325,10.3124,2.0,0.0,0.0,0.0,1416795.7877419356,1449446.8968031188,False,False,True,True,False,False,False,True,True,False
370000.0,130.0,4.0,1.0,0.0,0.0,0.0,1.0,0.0,36.7359,10.2071,3.0,0.0,0.0,0.0,614259.2592592592,831885.7976100629,False,True,False,True,False,False,False,True,True,False
680000.0,916.0,6.0,2.0,0.0,0.0,0.0,0.0,0.0,35.6886,10.8423,3.0,0.0,0.0,0.0,360350.0,641574.9720430108,True,False,False,True,False,False,True,False,True,False
588000.0,528.0,8.0,2.0,1.0,0.0,0.0,0.0,0.0,35.6886,10.8423,3.0,1.0,1.0,0.0,360350.0,641574.9720430108,True,False,False,True,False,False,True,False,True,False
790000.0,300.0,4.0,1.0,1.0,0.0,1.0,1.0,0.0,36.8568,10.1157,4.0,0.0,1.0,0.0,510000.0,709285.7142857143,False,True,False,True,False,False,True,False,True,False
820000.0,240.0,4.0,2.0,1.0,0.0,1.0,1.0,0.0,36.8302,10.1374,3.0,1.0,0.0,0.0,694850.0507317072,1449446.8968031188,False,True,False,True,False,False,False,True,True,False
350000.0,180.0,5.0,3.0,0.0,1.0,1.0,0.0,1.0,33.8076,10.8451,3.0,0.0,0.0,0.0,556674.2993630574,580727.7766850828,False,True,False,True,False,False,True,False,True,False
670000.0,215.0,5.0,3.0,1.0,1.0,1.0,0.0,1.0,33.8358,11.0002,4.0,1.0,1.0,1.0,556674.2993630574,580727.7766850828,False,True,False,True,False,False,True,False,True,False
825000.0,368.0,5.0,1.0,1.0,0.0,1.0,1.0,0.0,36.5772,10.3425,3.0,1.0,1.0,0.0,747303.2021052631,831885.7976100629,False,False,True,True,False,False,False,True,True,False
990000.0,514.0,6.0,2.0,1.0,0.0,0.0,0.0,0.0,36.4011,10.6146,5.0,0.0,1.0,1.0,809528.7390138675,783799.5456266907,False,False,True,True,False,False,True,False,True,False
540000.0,160.0,4.0,2.0,0.0,0.0,0.0,1.0,0.0,36.4011,10.6146,3.0,1.0,1.0,1.0,809528.7390138675,783799.5456266907,False,False,True,True,False,False,True,False,True,False
660000.0,205.0,4.0,3.0,1.0,0.0,0.0,1.0,0.0,36.4011,10.6146,3.0,0.0,0.0,1.0,809528.7390138675,783799.5456266907,False,False,True,True,False,False,True,False,True,False
540000.0,380.0,10.0,4.0,1.0,0.0,1.0,0.0,0.0,36.7786,10.0554,8.0,0.0,1.0,0.0,646545.4545454546,513184.2105263158,False,True,False,True,False,True,False,False,True,False
450000.0,120.0,4.0,1.0,1.0,0.0,1.0,1.0,0.0,36.4011,10.6146,4.0,1.0,1.0,1.0,809528.7390138675,783799.5456266907,False,False,True,True,False,False,True,False,True,False
990000.0,515.0,6.0,4.0,1.0,1.0,1.0,1.0,0.0,36.4011,10.6146,5.0,1.0,1.0,1.0,809528.7390138675,783799.5456266907,False,False,True,True,False,False,True,False,True,False
1800000.0,500.0,5.0,3.0,1.0,0.0,1.0,1.0,0.0,36.6939,10.2622,4.0,1.0,1.0,1.0,906315.7894736842,831885.7976100629,False,False,True,True,False,False,False,True,True,False
990000.0,350.0,10.0,4.0,1.0,0.0,1.0,1.0,1.0,36.4011,10.6146,4.0,1.0,1.0,1.0,809528.7390138675,783799.5456266907,False,False,True,True,False,False,True,False,True,False
980000.0,210.0,10.0,4.0,1.0,0.0,1.0,1.0,0.0,36.4011,10.6146,4.0,1.0,1.0,1.0,809528.7390138675,783799.5456266907,False,False,True,True,False,False,True,False,True,False
650000.0,363.0,4.0,1.0,1.0,0.0,0.0,0.0,0.0,37.272,9.8708,3.0,1.0,1.0,0.0,513185.1669565218,534121.1009677419,False,True,False,True,False,True,False,False,True,False
860000.0,280.0,5.0,1.0,0.0,0.0,0.0,0.0,1.0,36.8155,10.1857,3.0,0.0,1.0,0.0,1047495.4257471263,1449446.8968031188,False,False,True,True,False,False,False,True,True,False
1770000.0,411.0,3.0,1.0,1.0,1.0,1.0,1.0,0.0,36.8333,10.3167,3.0,1.0,1.0,1.0,1416795.7877419356,1449446.8968031188,False,False,True,True,False,False,False,True,True,False
690000.0,185.0,8.0,3.0,1.0,0.0,1.0,1.0,1.0,36.4011,10.6146,3.0,1.0,1.0,0.0,809528.7390138675,783799.5456266907,False,False,True,True,False,False,True,False,True,False
600000.0,486.0,3.0,1.0,0.0,0.0,0.0,0.0,0.0,36.9544,10.1914,3.0,1.0,1.0,0.0,499150.58999999997,917271.3972689076,False,True,False,True,False,False,False,True,True,False
460000.0,218.0,4.0,1.0,1.0,0.0,0.0,1.0,0.0,36.5769,10.8582,4.0,0.0,1.0,0.0,468502.50999999995,783799.5456266907,True,False,False,True,False,False,True,False,True,False
990000.0,320.0,4.0,1.0,0.0,0.0,1.0,1.0,0.0,36.4011,10.6146,4.0,0.0,0.0,1.0,809528.7390138675,783799.5456266907,False,False,True,True,False,False,True,False,True,False
1180000.0,300.0,4.0,1.0,1.0,0.0,1.0,1.0,1.0,36.4011,10.6146,4.0,0.0,0.0,1.0,809528.7390138675,783799.5456266907,False,False,True,True,False,False,True,False,True,False
770000.0,134.0,5.0,1.0,0.0,0.0,0.0,0.0,0.0,35.7678,10.8225,3.0,0.0,0.0,0.0,925293.5079999999,641574.9720430108,False,False,True,True,False,False,True,False,True,False
530000.0,123.0,6.0,2.0,1.0,0.0,1.0,0.0,0.0,36.4011,10.6146,3.0,0.0,0.0,0.0,809528.7390138675,783799.5456266907,False,False,True,True,False,False,True,False,True,False
870000.0,890.0,4.0,2.0,1.0,0.0,1.0,1.0,1.0,36.4011,10.6146,3.0,1.0,1.0,1.0,809528.7390138675,783799.5456266907,False,False,True,True,False,False,True,False,True,False
1080000.0,498.0,9.0,2.0,1.0,0.0,0.0,1.0,0.0,36.8452,10.1647,9.0,0.0,1.0,0.0,1177994.243076923,783799.5456266907,False,False,True,True,False,False,True,False,True,False
385000.0,130.0,3.0,1.0,1.0,0.0,0.0,1.0,0.0,36.4011,10.6146,3.0,0.0,1.0,0.0,809528.7390138675,783799.5456266907,False,False,True,True,False,False,True,False,True,False
1250000.0,340.0,8.0,4.0,1.0,1.0,1.0,1.0,1.0,36.8764,10.3253,6.0,1.0,1.0,1.0,1578293.3970945948,1449446.8968031188,False,False,True,True,False,False,False,True,True,False
980000.0,640.0,5.0,1.0,1.0,0.0,0.0,0.0,0.0,36.4506,10.735,3.0,1.0,1.0,0.0,994136.9111340205,783799.5456266907,False,False,True,True,False,False,True,False,True,False
590000.0,250.0,5.0,3.0,1.0,0.0,1.0,0.0,1.0,37.2464,10.0469,3.0,1.0,1.0,1.0,530909.0909090909,534121.1009677419,False,True,False,True,False,True,False,False,True,False
870000.0,300.0,4.0,1.0,0.0,0.0,1.0,1.0,0.0,36.8833,10.25,4.0,1.0,1.0,0.0,1011828.5111111111,917271.3972689076,False,False,True,True,False,False,False,True,True,False
5700000.0,378.0,4.0,2.0,0.0,0.0,0.0,0.0,0.0,36.8566,10.3258,3.0,1.0,1.0,0.0,2180444.6730612246,1449446.8968031188,False,False,True,True,False,False,False,True,True,False
320000.0,175.0,4.0,1.0,0.0,0.0,0.0,0.0,0.0,35.6776,10.0924,3.0,0.0,0.0,0.0,337774.4436363636,814548.518095238,True,False,False,True,False,False,False,True,True,False
750000.0,250.0,10.0,4.0,1.0,0.0,0.0,1.0,0.0,36.4011,10.6146,4.0,1.0,1.0,1.0,809528.7390138675,783799.5456266907,False,False,True,True,False,False,True,False,True,False
700000.0,270.0,5.0,2.0,1.0,0.0,1.0,1.0,0.0,36.4011,10.6146,4.0,0.0,1.0,1.0,809528.7390138675,783799.5456266907,False,False,True,True,False,False,True,False,True,False
370000.0,105.0,4.0,2.0,1.0,1.0,1.0,1.0,0.0,36.4011,10.6146,3.0,0.0,1.0,0.0,809528.7390138675,783799.5456266907,False,False,True,True,False,False,True,False,True,False
1100000.0,216.0,4.0,3.0,1.0,0.0,1.0,1.0,1.0,36.4011,10.6146,3.0,1.0,1.0,1.0,809528.7390138675,783799.5456266907,False,False,True,True,False,False,True,False,True,False
1300000.0,612.0,4.0,1.0,1.0,0.0,0.0,1.0,0.0,36.8625,10.1956,3.0,1.0,1.0,1.0,1020923.2245882354,917271.3972689076,False,False,True,True,False,False,False,True,True,False
390000.0,180.0,5.0,1.0,0.0,0.0,0.0,0.0,0.0,36.7723,10.2212,3.0,1.0,0.0,0.0,559271.8892307692,831885.7976100629,False,True,False,True,False,False,False,True,True,False
790000.0,378.0,4.0,1.0,0.0,0.0,0.0,0.0,0.0,36.4506,10.735,4.0,0.0,1.0,0.0,994136.9111340205,783799.5456266907,False,False,True,True,False,False,True,False,True,False
480000.0,140.0,4.0,1.0,1.0,0.0,0.0,0.0,0.0,33.8155,11.0074,3.0,0.0,1.0,0.0,537322.9179591837,537322.9179591837,False,True,False,True,False,False,True,False,True,False
450000.0,120.0,5.0,1.0,1.0,1.0,0.0,0.0,1.0,37.1789,10.0498,2.0,0.0,1.0,0.0,450000.0,534121.1009677419,True,False,False,False,True,True,False,False,True,False
1800000.0,799.0,6.0,4.0,1.0,0.0,1.0,1.0,0.0,36.8764,10.3253,5.0,1.0,1.0,1.0,1578293.3970945948,1449446.8968031188,False,False,True,True,False,False,False,True,True,False
420000.0,150.0,5.0,2.0,1.0,0.0,0.0,0.0,0.0,37.272,9.8708,4.0,0.0,1.0,0.0,513185.1669565218,534121.1009677419,False,True,False,True,False,True,False,False,True,False
650000.0,543.0,5.0,1.0,1.0,0.0,0.0,1.0,1.0,36.8332,10.1385,3.0,1.0,1.0,0.0,1177994.243076923,783799.5456266907,False,False,True,True,False,False,True,False,True,False
1700000.0,587.0,5.0,2.0,1.0,1.0,1.0,1.0,1.0,36.8452,10.1647,4.0,1.0,1.0,1.0,1177994.243076923,783799.5456266907,False,False,True,True,False,False,True,False,True,False
950000.0,320.0,5.0,4.0,1.0,0.0,0.0,1.0,0.0,36.7352,10.1942,9.0,1.0,0.0,0.0,614259.2592592592,831885.7976100629,False,True,False,True,False,False,False,True,True,False
480000.0,400.0,4.0,3.0,1.0,1.0,1.0,0.0,0.0,33.8076,10.8451,3.0,1.0,1.0,1.0,556674.2993630574,580727.7766850828,False,True,False,True,False,False,True,False,True,False
900000.0,209.0,5.0,2.0,1.0,0.0,1.0,0.0,0.0,33.8667,10.85,3.0,1.0,1.0,1.0,510761.18000000005,580727.7766850828,False,True,False,True,False,False,True,False,True,False
680000.0,298.0,5.0,2.0,0.0,0.0,1.0,1.0,0.0,36.4011,10.6146,4.0,0.0,1.0,1.0,809528.7390138675,783799.5456266907,False,False,True,True,False,False,True,False,True,False
1100000.0,357.0,5.0,5.0,1.0,0.0,1.0,1.0,0.0,36.8833,10.25,4.0,1.0,1.0,0.0,1011828.5111111111,917271.3972689076,False,False,True,True,False,False,False,True,True,False
1100000.0,280.0,4.0,3.0,1.0,1.0,1.0,1.0,0.0,36.4011,10.6146,3.0,1.0,1.0,1.0,809528.7390138675,783799.5456266907,False,False,True,True,False,False,True,False,True,False
485000.0,180.0,3.0,3.0,1.0,1.0,1.0,0.0,0.0,33.8076,10.8451,3.0,0.0,1.0,1.0,556674.2993630574,580727.7766850828,False,True,False,True,False,False,True,False,True,False
680000.0,200.0,3.0,3.0,1.0,0.0,0.0,0.0,0.0,33.8076,10.8451,3.0,0.0,1.0,1.0,556674.2993630574,580727.7766850828,False,True,False,True,False,False,True,False,True,False
750000.0,455.0,3.0,3.0,1.0,0.0,0.0,0.0,0.0,33.8076,10.8451,3.0,0.0,1.0,1.0,556674.2993630574,580727.7766850828,False,True,False,True,False,False,True,False,True,False
480000.0,140.0,3.0,1.0,1.0,0.0,0.0,0.0,0.0,33.8076,10.8451,3.0,0.0,1.0,1.0,556674.2993630574,580727.7766850828,False,True,False,True,False,False,True,False,True,False
480000.0,160.0,3.0,1.0,1.0,0.0,0.0,0.0,0.0,33.8076,10.8451,3.0,0.0,1.0,1.0,556674.2993630574,580727.7766850828,False,True,False,True,False,False,True,False,True,False
625000.0,280.0,5.0,3.0,1.0,0.0,0.0,0.0,0.0,36.7615,10.1838,7.0,0.0,1.0,0.0,994136.9111340205,783799.5456266907,False,False,True,True,False,False,True,False,True,False
270000.0,170.0,5.0,2.0,1.0,0.0,0.0,0.0,0.0,37.048,11.0102,3.0,1.0,0.0,0.0,528091.5136842105,783799.5456266907,False,True,False,True,False,False,True,False,True,False
550000.0,290.0,4.0,2.0,1.0,1.0,0.0,0.0,0.0,36.9783,11.0706,3.0,1.0,1.0,1.0,451934.8628125,783799.5456266907,True,False,False,True,False,False,True,False,True,False
140000.0,180.0,2.0,1.0,0.0,0.0,0.0,0.0,0.0,36.8493,11.0918,2.0,1.0,0.0,0.0,451934.8628125,783799.5456266907,True,False,False,True,False,False,True,False,True,False
2200000.0,457.0,5.0,4.0,0.0,0.0,1.0,1.0,1.0,36.8833,10.25,4.0,1.0,1.0,1.0,1011828.5111111111,917271.3972689076,False,False,True,True,False,False,False,True,True,False
510000.0,100.0,3.0,1.0,1.0,0.0,1.0,1.0,1.0,36.7607,10.2881,3.0,1.0,1.0,0.0,530909.0909090909,534121.1009677419,False,True,False,True,False,True,False,False,True,False
370000.0,269.0,7.0,2.0,1.0,0.0,0.0,0.0,1.0,36.6939,10.2622,5.0,1.0,0.0,0.0,614259.2592592592,831885.7976100629,False,True,False,True,False,False,False,True,True,False
230000.0,117.0,2.0,2.0,1.0,1.0,0.0,0.0,0.0,36.8493,11.0918,2.0,1.0,0.0,0.0,451934.8628125,783799.5456266907,True,False,False,True,False,False,True,False,True,False
330000.0,182.0,3.0,2.0,0.0,0.0,0.0,0.0,0.0,36.8493,11.0918,3.0,1.0,0.0,0.0,451934.8628125,783799.5456266907,True,False,False,True,False,False,True,False,True,False
250000.0,120.0,3.0,1.0,1.0,0.0,1.0,1.0,0.0,36.4011,10.6146,2.0,0.0,0.0,0.0,809528.7390138675,783799.5456266907,False,False,True,True,False,False,True,False,True,False
1650000.0,387.0,3.0,2.0,0.0,0.0,1.0,1.0,1.0,36.8566,10.3258,2.0,1.0,1.0,1.0,2180444.6730612246,1449446.8968031188,False,False,True,True,False,False,False,True,True,False
450000.0,442.0,4.0,1.0,1.0,0.0,1.0,1.0,1.0,36.6927,10.4918,3.0,1.0,1.0,1.0,627104.5516666666,783799.5456266907,False,True,False,True,False,False,True,False,True,False
395000.0,280.0,5.0,1.0,1.0,0.0,1.0,1.0,0.0,36.8356,10.2159,4.0,0.0,0.0,0.0,528091.5136842105,783799.5456266907,False,True,False,True,False,False,True,False,True,False
300000.0,134.0,5.0,2.0,0.0,1.0,0.0,1.0,0.0,36.8625,10.1956,4.0,0.0,1.0,0.0,1020923.2245882354,917271.3972689076,False,False,True,True,False,False,False,True,True,False
2100000.0,400.0,5.0,1.0,0.0,0.0,0.0,0.0,0.0,36.8965,10.218,5.0,0.0,1.0,1.0,1011828.5111111111,917271.3972689076,False,False,True,True,False,False,False,True,True,False
380000.0,200.0,3.0,1.0,1.0,0.0,0.0,1.0,0.0,36.7311,10.3277,3.0,1.0,1.0,0.0,516205.0955555556,831885.7976100629,False,True,False,True,False,False,False,True,True,False
170000.0,163.0,6.0,1.0,0.0,0.0,0.0,0.0,0.0,36.8188,10.166,5.0,0.0,0.0,0.0,360350.0,641574.9720430108,True,False,False,True,False,False,True,False,True,False
545000.0,150.0,5.0,1.0,0.0,0.0,0.0,0.0,1.0,36.8625,10.1956,3.0,1.0,1.0,0.0,1020923.2245882354,917271.3972689076,False,False,True,True,False,False,False,True,True,False
575000.0,150.0,3.0,2.0,1.0,0.0,0.0,0.0,0.0,33.8076,10.8451,3.0,0.0,1.0,1.0,556674.2993630574,580727.7766850828,False,True,False,True,False,False,True,False,True,False
1080000.0,380.0,9.0,5.0,1.0,0.0,1.0,1.0,0.0,36.8625,10.1956,7.0,0.0,1.0,0.0,1020923.2245882354,917271.3972689076,False,False,True,True,False,False,False,True,True,False
850000.0,318.0,2.0,1.0,0.0,0.0,0.0,0.0,0.0,36.4506,10.735,3.0,0.0,0.0,0.0,994136.9111340205,783799.5456266907,False,False,True,True,False,False,True,False,True,False
310000.0,220.0,3.0,1.0,1.0,0.0,1.0,0.0,0.0,36.8188,10.166,2.0,1.0,1.0,0.0,966122.5883333334,1236960.2596551725,False,False,True,True,False,False,False,True,True,False
450000.0,180.0,3.0,1.0,0.0,0.0,0.0,0.0,0.0,36.8625,10.1956,2.0,0.0,0.0,0.0,1020923.2245882354,917271.3972689076,False,False,True,True,False,False,False,True,True,False
600000.0,330.0,5.0,1.0,0.0,0.0,0.0,0.0,0.0,36.8625,10.1956,3.0,0.0,0.0,0.0,1020923.2245882354,917271.3972689076,False,False,True,True,False,False,False,True,True,False
1250000.0,564.0,5.0,1.0,1.0,0.0,0.0,0.0,0.0,36.8625,10.1956,3.0,0.0,1.0,0.0,1020923.2245882354,917271.3972689076,False,False,True,True,False,False,False,True,True,False
940000.0,300.0,5.0,2.0,0.0,0.0,1.0,1.0,0.0,36.4011,10.6146,4.0,0.0,1.0,1.0,809528.7390138675,783799.5456266907,False,False,True,True,False,False,True,False,True,False
1250000.0,420.0,6.0,2.0,1.0,0.0,1.0,1.0,0.0,36.4011,10.6146,4.0,0.0,1.0,1.0,809528.7390138675,783799.5456266907,False,False,True,True,False,False,True,False,True,False
690000.0,600.0,4.0,2.0,0.0,0.0,1.0,0.0,0.0,36.4011,10.6146,3.0,0.0,1.0,1.0,809528.7390138675,783799.5456266907,False,False,True,True,False,False,True,False,True,False
830000.0,600.0,4.0,2.0,0.0,0.0,1.0,1.0,1.0,36.4011,10.6146,3.0,0.0,1.0,1.0,809528.7390138675,783799.5456266907,False,False,True,True,False,False,True,False,True,False
890000.0,345.0,4.0,2.0,1.0,0.0,1.0,1.0,0.0,36.8833,10.25,3.0,1.0,1.0,0.0,1011828.5111111111,917271.3972689076,False,False,True,True,False,False,False,True,True,False
1350000.0,276.0,5.0,2.0,0.0,0.0,0.0,0.0,0.0,36.4011,10.6146,4.0,1.0,1.0,1.0,809528.7390138675,783799.5456266907,False,False,True,True,False,False,True,False,True,False
850000.0,300.0,4.0,1.0,0.0,0.0,1.0,1.0,0.0,36.4011,10.6146,3.0,0.0,1.0,1.0,809528.7390138675,783799.5456266907,False,False,True,True,False,False,True,False,True,False
1100000.0,480.0,5.0,4.0,1.0,0.0,1.0,1.0,1.0,36.8625,10.1956,4.0,1.0,1.0,0.0,1020923.2245882354,917271.3972689076,False,False,True,True,False,False,False,True,True,False
650000.0,125.0,3.0,2.0,1.0,0.0,0.0,0.0,1.0,33.8076,10.8451,3.0,1.0,1.0,1.0,556674.2993630574,580727.7766850828,False,True,False,True,False,False,True,False,True,False
750000.0,176.0,3.0,3.0,1.0,0.0,1.0,0.0,1.0,33.8076,10.8451,3.0,0.0,1.0,1.0,556674.2993630574,580727.7766850828,False,True,False,True,False,False,True,False,True,False
850000.0,205.0,3.0,2.0,1.0,0.0,0.0,0.0,1.0,33.8076,10.8451,3.0,1.0,1.0,1.0,556674.2993630574,580727.7766850828,False,True,False,True,False,False,True,False,True,False
555000.0,144.0,5.0,1.0,1.0,0.0,0.0,0.0,0.0,35.75,10.72,3.0,1.0,0.0,0.0,611065.7495652174,641574.9720430108,False,True,False,True,False,False,True,False,True,False
320000.0,200.0,4.0,2.0,1.0,0.0,0.0,0.0,0.0,36.7609,10.2736,3.0,0.0,1.0,0.0,477254.9476923077,831885.7976100629,True,False,False,True,False,False,False,True,True,False
790000.0,600.0,3.0,2.0,1.0,0.0,0.0,0.0,0.0,36.4011,10.6146,3.0,1.0,1.0,1.0,809528.7390138675,783799.5456266907,False,False,True,True,False,False,True,False,True,False
350000.0,378.0,5.0,1.0,0.0,0.0,0.0,0.0,0.0,33.8869,9.5375,2.0,0.0,0.0,0.0,809528.7390138675,783799.5456266907,False,False,True,True,False,False,True,False,True,False
920000.0,280.0,5.0,3.0,1.0,0.0,1.0,1.0,0.0,36.8625,10.1956,4.0,0.0,1.0,0.0,1020923.2245882354,917271.3972689076,False,False,True,True,False,False,False,True,True,False
1130000.0,322.0,6.0,1.0,1.0,0.0,0.0,0.0,0.0,36.8333,10.3167,6.0,1.0,1.0,1.0,1416795.7877419356,1449446.8968031188,False,False,True,True,False,False,False,True,True,False
640000.0,320.0,4.0,2.0,1.0,0.0,1.0,1.0,0.0,37.2667,9.8667,3.0,1.0,1.0,1.0,513185.1669565218,534121.1009677419,False,True,False,True,False,True,False,False,True,False
648000.0,410.0,7.0,3.0,0.0,0.0,0.0,0.0,0.0,36.8915,10.1626,5.0,1.0,0.0,0.0,1542012.4593548388,831885.7976100629,False,False,True,True,False,False,False,True,True,False
540000.0,260.0,5.0,4.0,1.0,0.0,0.0,0.0,0.0,36.8833,10.25,4.0,0.0,1.0,1.0,1011828.5111111111,917271.3972689076,False,False,True,True,False,False,False,True,True,False
900000.0,600.0,4.0,2.0,1.0,0.0,0.0,0.0,0.0,36.8764,10.3253,3.0,1.0,1.0,0.0,1578293.3970945948,1449446.8968031188,False,False,True,True,False,False,False,True,True,False
1300000.0,650.0,9.0,4.0,1.0,0.0,1.0,1.0,0.0,36.8855,10.1773,10.0,1.0,1.0,0.0,1020923.2245882354,917271.3972689076,False,False,True,True,False,False,False,True,True,False
658000.0,200.0,4.0,3.0,1.0,0.0,1.0,0.0,0.0,36.4011,10.6146,3.0,1.0,1.0,1.0,809528.7390138675,783799.5456266907,False,False,True,True,False,False,True,False,True,False
790000.0,250.0,7.0,3.0,1.0,1.0,0.0,1.0,1.0,36.8188,10.166,6.0,1.0,1.0,1.0,528091.5136842105,783799.5456266907,False,True,False,True,False,False,True,False,True,False
1000000.0,100.0,10.0,3.0,1.0,1.0,1.0,1.0,1.0,36.4667,10.8,4.0,1.0,1.0,0.0,548571.4285714285,783799.5456266907,False,True,False,True,False,False,True,False,True,False
710000.0,465.0,5.0,1.0,1.0,1.0,1.0,0.0,0.0,35.7294,10.5833,4.0,1.0,1.0,0.0,424118.86799999996,927922.7543356643,True,False,False,True,False,False,False,True,True,False
1180000.0,302.0,4.0,2.0,1.0,0.0,1.0,1.0,1.0,35.8324,10.6225,3.0,1.0,1.0,0.0,1015812.9829508197,927922.7543356643,False,False,True,True,False,False,False,True,True,False
2750000.0,817.0,8.0,5.0,0.0,0.0,0.0,0.0,0.0,36.8566,10.3258,7.0,0.0,0.0,0.0,2180444.6730612246,1449446.8968031188,False,False,True,True,False,False,False,True,True,False
660000.0,245.0,4.0,2.0,1.0,0.0,1.0,1.0,0.0,36.4011,10.6146,3.0,0.0,1.0,1.0,809528.7390138675,783799.5456266907,False,False,True,True,False,False,True,False,True,False
800000.0,300.0,4.0,1.0,1.0,0.0,1.0,1.0,1.0,36.8833,10.25,4.0,1.0,1.0,0.0,1011828.5111111111,917271.3972689076,False,False,True,True,False,False,False,True,True,False
2900000.0,700.0,5.0,3.0,1.0,0.0,1.0,1.0,1.0,36.8764,10.3253,4.0,1.0,1.0,1.0,1578293.3970945948,1449446.8968031188,False,False,True,True,False,False,False,True,True,False
1300000.0,191.0,4.0,2.0,0.0,0.0,0.0,0.0,0.0,36.8452,10.1647,3.0,0.0,0.0,0.0,1542012.4593548388,831885.7976100629,False,False,True,True,False,False,False,True,True,False
725000.0,500.0,5.0,1.0,1.0,0.0,0.0,1.0,1.0,36.4506,10.735,3.0,0.0,0.0,0.0,994136.9111340205,783799.5456266907,False,False,True,True,False,False,True,False,True,False
500000.0,280.0,7.0,2.0,1.0,0.0,1.0,1.0,0.0,36.5022,10.1908,5.0,0.0,0.0,0.0,2180444.6730612246,1449446.8968031188,False,False,True,True,False,False,False,True,True,False
320000.0,372.0,3.0,1.0,0.0,0.0,0.0,0.0,0.0,37.272,9.8708,2.0,0.0,0.0,0.0,513185.1669565218,534121.1009677419,False,True,False,True,False,True,False,False,True,False
140000.0,121.0,4.0,1.0,1.0,0.0,0.0,0.0,0.0,35.4126,11.0297,3.0,0.0,0.0,0.0,375000.0,607626.79375,True,False,False,True,False,False,True,False,True,False
530000.0,417.0,4.0,1.0,1.0,0.0,0.0,0.0,0.0,36.8493,11.0918,3.0,0.0,1.0,0.0,451934.8628125,783799.5456266907,True,False,False,True,False,False,True,False,True,False
420000.0,140.0,5.0,1.0,0.0,0.0,0.0,0.0,0.0,36.8625,10.1956,3.0,0.0,1.0,0.0,1020923.2245882354,917271.3972689076,False,False,True,True,False,False,False,True,True,False
900000.0,750.0,4.0,1.0,1.0,0.0,1.0,1.0,0.0,35.8213,10.5967,3.0,0.0,1.0,0.0,1015812.9829508197,927922.7543356643,False,False,True,True,False,False,False,True,True,False
1200000.0,480.0,7.0,2.0,1.0,0.0,1.0,1.0,0.0,36.8481,10.1573,6.0,1.0,1.0,0.0,1177994.243076923,783799.5456266907,False,False,True,True,False,False,True,False,True,False
600000.0,270.0,4.0,2.0,1.0,0.0,1.0,0.0,0.0,37.1303,9.7507,3.0,0.0,1.0,1.0,487846.1538461539,534121.1009677419,True,False,False,True,False,True,False,False,True,False
1900000.0,480.0,10.0,6.0,1.0,0.0,1.0,1.0,0.0,36.8452,10.1647,5.0,1.0,1.0,1.0,1177994.243076923,783799.5456266907,False,False,True,True,False,False,True,False,True,False
275000.0,225.0,5.0,1.0,0.0,0.0,0.0,0.0,0.0,37.1303,9.7507,3.0,0.0,0.0,0.0,437142.85714285716,534121.1009677419,True,False,False,True,False,True,False,False,True,False
950000.0,157.0,3.0,1.0,1.0,0.0,1.0,0.0,0.0,36.8764,10.3253,3.0,0.0,0.0,0.0,1578293.3970945948,1449446.8968031188,False,False,True,True,False,False,False,True,True,False
480000.0,380.0,3.0,1.0,0.0,0.0,1.0,0.0,0.0,36.47,10.78,3.0,0.0,0.0,0.0,548571.4285714285,783799.5456266907,False,True,False,True,False,False,True,False,True,False
1750000.0,180.0,3.0,2.0,1.0,0.0,1.0,1.0,0.0,36.8566,10.3258,2.0,1.0,1.0,1.0,2180444.6730612246,1449446.8968031188,False,False,True,True,False,False,False,True,True,False
240000.0,388.0,5.0,2.0,0.0,0.0,0.0,0.0,0.0,35.6886,10.8423,2.0,0.0,0.0,0.0,360350.0,641574.9720430108,True,False,False,True,False,False,True,False,True,False
290000.0,246.0,4.0,1.0,1.0,0.0,0.0,0.0,0.0,36.4011,10.6146,3.0,1.0,0.0,0.0,809528.7390138675,783799.5456266907,False,False,True,True,False,False,True,False,True,False
600000.0,585.0,3.0,2.0,1.0,0.0,0.0,0.0,0.0,36.4011,10.6146,3.0,1.0,1.0,1.0,809528.7390138675,783799.5456266907,False,False,True,True,False,False,True,False,True,False
890000.0,500.0,4.0,3.0,1.0,0.0,1.0,1.0,1.0,36.404,10.569,4.0,1.0,1.0,1.0,809528.7390138675,783799.5456266907,False,False,True,True,False,False,True,False,True,False
550000.0,650.0,7.0,3.0,1.0,0.0,0.0,0.0,0.0,36.8493,11.0918,6.0,1.0,1.0,1.0,451934.8628125,783799.5456266907,True,False,False,True,False,False,True,False,True,False
370000.0,330.0,12.0,2.0,1.0,0.0,0.0,0.0,0.0,36.4667,10.8,7.0,1.0,0.0,0.0,548571.4285714285,783799.5456266907,False,True,False,True,False,False,True,False,True,False
1350000.0,295.0,5.0,1.0,1.0,0.0,1.0,1.0,1.0,36.8833,10.25,3.0,0.0,1.0,1.0,1011828.5111111111,917271.3972689076,False,False,True,True,False,False,False,True,True,False
750000.0,484.0,10.0,2.0,1.0,1.0,1.0,1.0,1.0,36.6939,10.2622,6.0,1.0,1.0,0.0,614259.2592592592,831885.7976100629,False,True,False,True,False,False,False,True,True,False
420000.0,250.0,4.0,1.0,1.0,0.0,0.0,0.0,0.0,36.8493,11.0918,3.0,0.0,1.0,1.0,451934.8628125,783799.5456266907,True,False,False,True,False,False,True,False,True,False
395000.0,265.0,4.0,1.0,1.0,0.0,0.0,0.0,0.0,36.8493,11.0918,3.0,0.0,1.0,0.0,451934.8628125,783799.5456266907,True,False,False,True,False,False,True,False,True,False
195000.0,57.0,4.0,1.0,1.0,0.0,0.0,0.0,0.0,37.05,11.0167,3.0,1.0,0.0,0.0,528091.5136842105,783799.5456266907,False,True,False,True,False,False,True,False,True,False
1900000.0,480.0,6.0,5.0,1.0,0.0,1.0,1.0,0.0,36.8452,10.1647,5.0,1.0,1.0,0.0,1177994.243076923,783799.5456266907,False,False,True,True,False,False,True,False,True,False
1600000.0,500.0,6.0,3.0,1.0,0.0,1.0,1.0,1.0,36.8452,10.1647,4.0,1.0,1.0,1.0,1177994.243076923,783799.5456266907,False,False,True,True,False,False,True,False,True,False
1800000.0,500.0,7.0,4.0,1.0,0.0,1.0,1.0,1.0,36.8452,10.1647,5.0,1.0,1.0,0.0,1177994.243076923,783799.5456266907,False,False,True,True,False,False,True,False,True,False
650000.0,260.0,5.0,1.0,1.0,0.0,0.0,0.0,1.0,36.4011,10.6146,3.0,0.0,1.0,0.0,809528.7390138675,783799.5456266907,False,False,True,True,False,False,True,False,True,False
650000.0,250.0,4.0,3.0,0.0,0.0,0.0,0.0,0.0,36.4011,10.6146,4.0,0.0,0.0,0.0,809528.7390138675,783799.5456266907,False,False,True,True,False,False,True,False,True,False
1250000.0,570.0,5.0,5.0,1.0,0.0,0.0,0.0,1.0,36.4011,10.6146,4.0,0.0,0.0,1.0,809528.7390138675,783799.5456266907,False,False,True,True,False,False,True,False,True,False
470000.0,340.0,10.0,3.0,1.0,0.0,0.0,0.0,0.0,36.9544,10.1914,10.0,1.0,1.0,0.0,499150.58999999997,917271.3972689076,False,True,False,True,False,False,False,True,True,False
2500000.0,680.0,5.0,3.0,1.0,0.0,1.0,1.0,1.0,36.8591,10.2565,7.0,1.0,1.0,0.0,1578293.3970945948,1449446.8968031188,False,False,True,True,False,False,False,True,True,False
2400000.0,720.0,5.0,4.0,1.0,1.0,1.0,1.0,0.0,36.8932,10.3099,7.0,1.0,1.0,0.0,1578293.3970945948,1449446.8968031188,False,False,True,True,False,False,False,True,True,False
930000.0,300.0,5.0,2.0,1.0,0.0,1.0,1.0,0.0,36.4011,10.6146,4.0,1.0,1.0,1.0,809528.7390138675,783799.5456266907,False,False,True,True,False,False,True,False,True,False
900000.0,302.0,7.0,4.0,1.0,1.0,1.0,1.0,1.0,36.8764,10.3253,5.0,1.0,1.0,0.0,1578293.3970945948,1449446.8968031188,False,False,True,True,False,False,False,True,True,False
2200000.0,288.0,5.0,1.0,1.0,1.0,0.0,0.0,0.0,36.8932,10.3099,3.0,0.0,1.0,1.0,1578293.3970945948,1449446.8968031188,False,False,True,True,False,False,False,True,True,False
320000.0,154.0,7.0,2.0,1.0,0.0,0.0,0.0,0.0,37.272,9.8708,5.0,1.0,0.0,0.0,513185.1669565218,534121.1009677419,False,True,False,True,False,True,False,False,True,False
720000.0,286.0,5.0,4.0,0.0,0.0,1.0,1.0,1.0,36.4011,10.6146,4.0,0.0,1.0,1.0,809528.7390138675,783799.5456266907,False,False,True,True,False,False,True,False,True,False
195000.0,122.0,3.0,1.0,0.0,0.0,0.0,0.0,0.0,36.8188,10.166,2.0,0.0,0.0,0.0,1047495.4257471263,1449446.8968031188,False,False,True,True,False,False,False,True,True,False
390000.0,218.0,4.0,1.0,1.0,0.0,0.0,1.0,0.0,36.8764,10.3253,4.0,1.0,0.0,0.0,1578293.3970945948,1449446.8968031188,False,False,True,True,False,False,False,True,True,False
170000.0,330.0,4.0,1.0,1.0,0.0,0.0,0.0,0.0,36.9719,11.0753,3.0,0.0,1.0,0.0,451934.8628125,783799.5456266907,True,False,False,True,False,False,True,False,True,False
2550000.0,830.0,10.0,6.0,1.0,0.0,1.0,1.0,1.0,35.8569,10.5972,6.0,1.0,1.0,1.0,1015812.9829508197,927922.7543356643,False,False,True,True,False,False,False,True,True,False
1200000.0,474.0,7.0,2.0,0.0,0.0,0.0,0.0,0.0,36.8625,10.1956,6.0,0.0,0.0,0.0,1020923.2245882354,917271.3972689076,False,False,True,True,False,False,False,True,True,False
320000.0,250.0,4.0,1.0,1.0,0.0,0.0,0.0,0.0,36.9544,10.1914,3.0,0.0,0.0,0.0,499150.58999999997,917271.3972689076,False,True,False,True,False,False,False,True,True,False
340000.0,230.0,6.0,2.0,0.0,0.0,0.0,0.0,0.0,36.9544,10.1914,5.0,0.0,0.0,0.0,499150.58999999997,917271.3972689076,False,True,False,True,False,False,False,True,True,False
400000.0,380.0,7.0,3.0,0.0,0.0,0.0,0.0,0.0,36.9544,10.1914,5.0,0.0,0.0,0.0,499150.58999999997,917271.3972689076,False,True,False,True,False,False,False,True,True,False
200000.0,200.0,4.0,2.0,1.0,0.0,0.0,0.0,0.0,36.9544,10.1914,3.0,0.0,1.0,0.0,499150.58999999997,917271.3972689076,False,True,False,True,False,False,False,True,True,False
700000.0,631.0,6.0,1.0,1.0,0.0,0.0,0.0,0.0,36.9544,10.1914,5.0,0.0,0.0,0.0,499150.58999999997,917271.3972689076,False,True,False,True,False,False,False,True,True,False
330000.0,200.0,3.0,1.0,1.0,0.0,0.0,0.0,0.0,36.8625,10.1956,2.0,1.0,0.0,0.0,1020923.2245882354,917271.3972689076,False,False,True,True,False,False,False,True,True,False
1200000.0,580.0,4.0,4.0,1.0,0.0,0.0,0.0,0.0,36.8452,10.1647,3.0,1.0,1.0,0.0,1177994.243076923,783799.5456266907,False,False,True,True,False,False,True,False,True,False
130000.0,230.0,3.0,1.0,0.0,0.0,0.0,0.0,0.0,36.9544,10.1914,2.0,0.0,0.0,0.0,499150.58999999997,917271.3972689076,False,True,False,True,False,False,False,True,True,False
2300000.0,460.0,6.0,3.0,1.0,0.0,1.0,1.0,1.0,36.8625,10.1956,5.0,1.0,1.0,0.0,1020923.2245882354,917271.3972689076,False,False,True,True,False,False,False,True,True,False
480000.0,330.0,6.0,1.0,1.0,0.0,0.0,0.0,0.0,36.9544,10.1914,5.0,0.0,0.0,0.0,499150.58999999997,917271.3972689076,False,True,False,True,False,False,False,True,True,False
650000.0,428.0,4.0,2.0,1.0,0.0,0.0,0.0,0.0,36.8625,10.1956,3.0,0.0,1.0,0.0,1020923.2245882354,917271.3972689076,False,False,True,True,False,False,False,True,True,False
280000.0,400.0,10.0,4.0,1.0,0.0,0.0,0.0,0.0,36.9544,10.1914,9.0,1.0,1.0,0.0,499150.58999999997,917271.3972689076,False,True,False,True,False,False,False,True,True,False
520000.0,280.0,6.0,3.0,1.0,0.0,0.0,0.0,0.0,36.9544,10.1914,5.0,0.0,0.0,0.0,499150.58999999997,917271.3972689076,False,True,False,True,False,False,False,True,True,False
1000000.0,500.0,7.0,2.0,0.0,0.0,0.0,0.0,0.0,36.8625,10.1956,6.0,0.0,0.0,0.0,1020923.2245882354,917271.3972689076,False,False,True,True,False,False,False,True,True,False
1200000.0,600.0,6.0,3.0,1.0,0.0,0.0,0.0,0.0,36.8625,10.1956,5.0,1.0,0.0,0.0,1020923.2245882354,917271.3972689076,False,False,True,True,False,False,False,True,True,False
1200000.0,244.0,7.0,2.0,1.0,0.0,0.0,0.0,0.0,36.8239,10.2264,5.0,0.0,1.0,0.0,952083.3333333334,709285.7142857143,False,False,True,True,False,False,True,False,True,False
235000.0,90.0,3.0,1.0,0.0,0.0,0.0,0.0,0.0,36.8239,10.2264,2.0,0.0,0.0,0.0,952083.3333333334,709285.7142857143,False,False,True,True,False,False,True,False,True,False
1180000.0,650.0,12.0,4.0,1.0,0.0,0.0,0.0,0.0,36.8452,10.1647,9.0,1.0,0.0,0.0,1177994.243076923,783799.5456266907,False,False,True,True,False,False,True,False,True,False
450000.0,350.0,4.0,2.0,1.0,0.0,1.0,1.0,1.0,36.9544,10.1914,3.0,1.0,0.0,0.0,499150.58999999997,917271.3972689076,False,True,False,True,False,False,False,True,True,False
850000.0,225.0,4.0,2.0,1.0,0.0,0.0,0.0,0.0,36.9544,10.1914,3.0,0.0,1.0,0.0,499150.58999999997,917271.3972689076,False,True,False,True,False,False,False,True,True,False
360000.0,277.0,7.0,2.0,1.0,0.0,0.0,0.0,0.0,36.8625,10.1956,6.0,0.0,1.0,0.0,1020923.2245882354,917271.3972689076,False,False,True,True,False,False,False,True,True,False
600000.0,625.0,6.0,3.0,1.0,0.0,0.0,0.0,0.0,36.9544,10.1914,5.0,0.0,1.0,0.0,499150.58999999997,917271.3972689076,False,True,False,True,False,False,False,True,True,False
2200000.0,500.0,7.0,6.0,1.0,0.0,1.0,1.0,1.0,36.8452,10.1647,6.0,1.0,1.0,0.0,1177994.243076923,783799.5456266907,False,False,True,True,False,False,True,False,True,False
1400000.0,388.0,4.0,1.0,1.0,0.0,0.0,0.0,0.0,36.8566,10.3258,3.0,0.0,0.0,0.0,2180444.6730612246,1449446.8968031188,False,False,True,True,False,False,False,True,True,False
1400000.0,425.0,7.0,3.0,1.0,0.0,0.0,0.0,0.0,36.8452,10.1647,6.0,1.0,1.0,0.0,1047495.4257471263,1449446.8968031188,False,False,True,True,False,False,False,True,True,False
450000.0,260.0,4.0,2.0,1.0,0.0,0.0,0.0,0.0,36.7609,10.2736,3.0,0.0,0.0,0.0,530909.0909090909,534121.1009677419,False,True,False,True,False,True,False,False,True,False
720000.0,600.0,11.0,4.0,0.0,0.0,0.0,0.0,0.0,36.7609,10.2736,8.0,0.0,0.0,0.0,477254.9476923077,831885.7976100629,True,False,False,True,False,False,False,True,True,False
180000.0,133.0,6.0,3.0,1.0,0.0,0.0,0.0,0.0,36.8625,10.1956,4.0,1.0,0.0,0.0,1020923.2245882354,917271.3972689076,False,False,True,True,False,False,False,True,True,False
650000.0,300.0,5.0,2.0,1.0,0.0,1.0,1.0,1.0,36.8452,10.1647,4.0,1.0,1.0,0.0,1177994.243076923,783799.5456266907,False,False,True,True,False,False,True,False,True,False
235000.0,207.0,4.0,2.0,1.0,0.0,0.0,0.0,0.0,36.8625,10.1956,3.0,0.0,0.0,0.0,1020923.2245882354,917271.3972689076,False,False,True,True,False,False,False,True,True,False
980000.0,460.0,12.0,4.0,1.0,0.0,0.0,0.0,0.0,36.8625,10.1956,9.0,0.0,1.0,0.0,1020923.2245882354,917271.3972689076,False,False,True,True,False,False,False,True,True,False
380000.0,80.0,4.0,1.0,0.0,0.0,0.0,0.0,0.0,36.8764,10.3253,3.0,1.0,1.0,0.0,1578293.3970945948,1449446.8968031188,False,False,True,True,False,False,False,True,True,False
1200000.0,300.0,5.0,4.0,1.0,0.0,1.0,1.0,0.0,36.8333,10.3167,4.0,0.0,1.0,0.0,1416795.7877419356,1449446.8968031188,False,False,True,True,False,False,False,True,True,False
1000000.0,260.0,5.0,1.0,1.0,0.0,0.0,0.0,0.0,36.8332,10.1385,3.0,0.0,1.0,0.0,1177994.243076923,783799.5456266907,False,False,True,True,False,False,True,False,True,False
930000.0,450.0,5.0,1.0,1.0,0.0,0.0,0.0,0.0,36.8332,10.1385,3.0,1.0,1.0,0.0,1177994.243076923,783799.5456266907,False,False,True,True,False,False,True,False,True,False
1350000.0,300.0,3.0,1.0,1.0,0.0,1.0,1.0,1.0,36.4506,10.735,2.0,1.0,1.0,0.0,994136.9111340205,783799.5456266907,False,False,True,True,False,False,True,False,True,False
600000.0,243.0,5.0,2.0,1.0,0.0,0.0,0.0,0.0,36.8188,10.166,4.0,0.0,0.0,0.0,1047495.4257471263,1449446.8968031188,False,False,True,True,False,False,False,True,True,False
500000.0,150.0,4.0,1.0,1.0,0.0,0.0,0.0,0.0,36.8188,10.166,3.0,0.0,0.0,0.0,1047495.4257471263,1449446.8968031188,False,False,True,True,False,False,False,True,True,False
600000.0,160.0,10.0,3.0,0.0,0.0,0.0,0.0,0.0,36.3998,10.1448,7.0,0.0,0.0,0.0,560000.0,527233.07,False,True,False,True,False,True,False,False,True,False
750000.0,160.0,5.0,5.0,1.0,0.0,0.0,0.0,0.0,36.8764,10.3253,4.0,1.0,0.0,0.0,1578293.3970945948,1449446.8968031188,False,False,True,True,False,False,False,True,True,False
700000.0,130.0,4.0,1.0,1.0,0.0,0.0,0.0,0.0,36.8452,10.1647,3.0,1.0,0.0,0.0,1047495.4257471263,1449446.8968031188,False,False,True,True,False,False,False,True,True,False
1800000.0,285.0,5.0,4.0,1.0,0.0,1.0,1.0,0.0,36.8764,10.3253,4.0,1.0,0.0,1.0,1578293.3970945948,1449446.8968031188,False,False,True,True,False,False,False,True,True,False
680000.0,355.0,10.0,3.0,1.0,0.0,0.0,0.0,0.0,36.8566,10.3258,7.0,0.0,0.0,0.0,2180444.6730612246,1449446.8968031188,False,False,True,True,False,False,False,True,True,False
950000.0,156.0,6.0,3.0,1.0,0.0,0.0,0.0,0.0,36.8764,10.3253,5.0,0.0,0.0,0.0,1578293.3970945948,1449446.8968031188,False,False,True,True,False,False,False,True,True,False
950000.0,450.0,8.0,2.0,1.0,0.0,1.0,1.0,1.0,36.3998,10.1448,6.0,1.0,1.0,0.0,560000.0,527233.07,False,True,False,True,False,True,False,False,True,False
1000000.0,320.0,12.0,5.0,1.0,0.0,0.0,0.0,0.0,36.8764,10.3253,10.0,0.0,0.0,0.0,1578293.3970945948,1449446.8968031188,False,False,True,True,False,False,False,True,True,False
370000.0,580.0,4.0,1.0,1.0,0.0,0.0,0.0,0.0,36.1793,8.7141,3.0,1.0,0.0,0.0,341502.61333333334,692148.4488888889,True,False,False,True,False,False,True,False,True,False
365000.0,550.0,5.0,1.0,1.0,0.0,0.0,0.0,0.0,36.1793,8.7141,3.0,0.0,0.0,0.0,341502.61333333334,692148.4488888889,True,False,False,True,False,False,True,False,True,False
650000.0,300.0,7.0,3.0,1.0,0.0,0.0,0.0,0.0,36.6939,10.2622,5.0,1.0,1.0,0.0,614259.2592592592,831885.7976100629,False,True,False,True,False,False,False,True,True,False
450000.0,306.0,4.0,2.0,1.0,0.0,0.0,0.0,0.0,36.8188,10.166,3.0,0.0,0.0,0.0,528091.5136842105,783799.5456266907,False,True,False,True,False,False,True,False,True,False
550000.0,480.0,6.0,3.0,1.0,0.0,0.0,0.0,0.0,36.6939,10.2622,5.0,0.0,0.0,0.0,614259.2592592592,831885.7976100629,False,True,False,True,False,False,False,True,True,False
750000.0,500.0,8.0,3.0,1.0,0.0,0.0,0.0,0.0,36.6939,10.2622,5.0,0.0,0.0,0.0,614259.2592592592,831885.7976100629,False,True,False,True,False,False,False,True,True,False
770000.0,420.0,3.0,1.0,1.0,0.0,0.0,0.0,0.0,36.8147,10.1558,2.0,0.0,0.0,0.0,1177994.243076923,783799.5456266907,False,False,True,True,False,False,True,False,True,False
520000.0,500.0,4.0,2.0,1.0,0.0,0.0,0.0,0.0,36.8094,9.909,3.0,1.0,0.0,1.0,529454.5454545454,831885.7976100629,False,True,False,True,False,False,False,True,True,False
390000.0,170.0,7.0,2.0,1.0,0.0,0.0,0.0,0.0,36.3998,10.1448,5.0,0.0,1.0,0.0,560000.0,527233.07,False,True,False,True,False,True,False,False,True,False
900000.0,235.0,5.0,3.0,1.0,0.0,1.0,1.0,1.0,36.8764,10.3253,4.0,1.0,1.0,1.0,1578293.3970945948,1449446.8968031188,False,False,True,True,False,False,False,True,True,False
1100000.0,480.0,8.0,3.0,1.0,0.0,0.0,0.0,0.0,36.8356,10.2159,5.0,1.0,0.0,0.0,528091.5136842105,783799.5456266907,False,True,False,True,False,False,True,False,True,False
700000.0,750.0,5.0,2.0,1.0,0.0,1.0,1.0,1.0,36.1793,8.7141,4.0,1.0,1.0,0.0,341502.61333333334,692148.4488888889,True,False,False,True,False,False,True,False,True,False
600000.0,477.0,11.0,5.0,1.0,0.0,0.0,0.0,0.0,36.6749,9.2974,8.0,1.0,1.0,0.0,600000.0,534121.1009677419,False,True,False,False,True,True,False,False,True,False
420000.0,140.0,8.0,2.0,1.0,0.0,0.0,0.0,0.0,36.8566,10.3258,6.0,0.0,0.0,0.0,2180444.6730612246,1449446.8968031188,False,False,True,True,False,False,False,True,True,False
1160000.0,270.0,8.0,2.0,1.0,0.0,0.0,0.0,0.0,36.8566,10.3258,6.0,1.0,1.0,0.0,2180444.6730612246,1449446.8968031188,False,False,True,True,False,False,False,True,True,False
800000.0,518.0,7.0,2.0,1.0,0.0,0.0,0.0,0.0,36.0683,9.9724,5.0,1.0,1.0,0.0,736411.7647058824,831885.7976100629,False,True,False,True,False,False,False,True,True,False
550000.0,500.0,5.0,3.0,1.0,0.0,0.0,0.0,0.0,36.4011,10.6146,4.0,1.0,1.0,1.0,809528.7390138675,783799.5456266907,False,False,True,True,False,False,True,False,True,False
600000.0,450.0,9.0,2.0,1.0,0.0,1.0,1.0,1.0,36.6939,10.2622,7.0,1.0,1.0,0.0,614259.2592592592,831885.7976100629,False,True,False,True,False,False,False,True,True,False
300000.0,140.0,6.0,2.0,0.0,0.0,0.0,0.0,0.0,37.2667,9.8667,5.0,0.0,1.0,0.0,513185.1669565218,534121.1009677419,False,True,False,True,False,True,False,False,True,False
220000.0,200.0,9.0,3.0,0.0,0.0,0.0,0.0,0.0,36.8188,10.166,6.0,0.0,0.0,0.0,360350.0,641574.9720430108,True,False,False,True,False,False,True,False,True,False
450000.0,180.0,2.0,1.0,1.0,0.0,0.0,0.0,0.0,36.8566,10.3258,3.0,0.0,0.0,0.0,2180444.6730612246,1449446.8968031188,False,False,True,True,False,False,False,True,True,False
850000.0,734.0,8.0,3.0,1.0,0.0,1.0,1.0,0.0,37.272,9.8708,7.0,1.0,1.0,0.0,513185.1669565218,534121.1009677419,False,True,False,True,False,True,False,False,True,False
385000.0,320.0,7.0,3.0,0.0,0.0,0.0,0.0,0.0,36.6939,10.2622,4.0,0.0,0.0,0.0,614259.2592592592,831885.7976100629,False,True,False,True,False,False,False,True,True,False
880000.0,580.0,9.0,4.0,1.0,0.0,0.0,0.0,0.0,36.8764,10.3253,8.0,0.0,0.0,0.0,1578293.3970945948,1449446.8968031188,False,False,True,True,False,False,False,True,True,False
1250000.0,420.0,10.0,5.0,1.0,1.0,1.0,1.0,0.0,36.8833,10.25,9.0,0.0,1.0,1.0,1011828.5111111111,917271.3972689076,False,False,True,True,False,False,False,True,True,False
3500000.0,550.0,5.0,2.0,1.0,0.0,1.0,1.0,0.0,36.8764,10.3253,4.0,1.0,1.0,1.0,1578293.3970945948,1449446.8968031188,False,False,True,True,False,False,False,True,True,False
1100000.0,260.0,5.0,5.0,0.0,0.0,1.0,1.0,0.0,36.8764,10.3253,4.0,0.0,0.0,1.0,1578293.3970945948,1449446.8968031188,False,False,True,True,False,False,False,True,True,False
580000.0,205.0,4.0,2.0,1.0,0.0,1.0,1.0,0.0,36.8764,10.3253,3.0,0.0,1.0,0.0,1578293.3970945948,1449446.8968031188,False,False,True,True,False,False,False,True,True,False
1800000.0,700.0,5.0,4.0,1.0,0.0,1.0,1.0,0.0,36.8764,10.3253,4.0,1.0,1.0,1.0,1578293.3970945948,1449446.8968031188,False,False,True,True,False,False,False,True,True,False
230000.0,124.0,3.0,2.0,1.0,0.0,1.0,1.0,0.0,36.8833,10.25,2.0,1.0,0.0,0.0,1011828.5111111111,917271.3972689076,False,False,True,True,False,False,False,True,True,False
580000.0,850.0,5.0,2.0,1.0,0.0,0.0,0.0,0.0,36.8833,10.25,4.0,0.0,1.0,0.0,1011828.5111111111,917271.3972689076,False,False,True,True,False,False,False,True,True,False
650000.0,514.0,4.0,1.0,0.0,0.0,0.0,0.0,0.0,36.8833,10.25,4.0,0.0,1.0,0.0,1011828.5111111111,917271.3972689076,False,False,True,True,False,False,False,True,True,False
2400000.0,720.0,4.0,3.0,1.0,0.0,1.0,1.0,0.0,36.8764,10.3253,3.0,1.0,1.0,0.0,1578293.3970945948,1449446.8968031188,False,False,True,True,False,False,False,True,True,False
1100000.0,260.0,5.0,5.0,1.0,0.0,1.0,1.0,0.0,36.8833,10.25,4.0,1.0,1.0,1.0,1011828.5111111111,917271.3972689076,False,False,True,True,False,False,False,True,True,False
1700000.0,220.0,4.0,4.0,1.0,0.0,1.0,1.0,0.0,36.8764,10.3253,3.0,0.0,0.0,0.0,1578293.3970945948,1449446.8968031188,False,False,True,True,False,False,False,True,True,False
2200000.0,750.0,9.0,3.0,1.0,0.0,0.0,0.0,0.0,36.8764,10.3253,7.0,0.0,1.0,1.0,1578293.3970945948,1449446.8968031188,False,False,True,True,False,False,False,True,True,False
1100000.0,440.0,5.0,3.0,1.0,0.0,1.0,1.0,0.0,36.8764,10.3253,3.0,1.0,1.0,0.0,1578293.3970945948,1449446.8968031188,False,False,True,True,False,False,False,True,True,False
1200000.0,330.0,5.0,4.0,0.0,0.0,1.0,1.0,0.0,36.8833,10.25,3.0,1.0,1.0,1.0,1011828.5111111111,917271.3972689076,False,False,True,True,False,False,False,True,True,False
470000.0,170.0,6.0,2.0,0.0,0.0,0.0,0.0,0.0,36.8493,11.0918,6.0,1.0,0.0,0.0,451934.8628125,783799.5456266907,True,False,False,True,False,False,True,False,True,False
900000.0,240.0,6.0,4.0,1.0,0.0,1.0,1.0,1.0,36.8608,10.2051,4.0,1.0,1.0,1.0,1011828.5111111111,917271.3972689076,False,False,True,True,False,False,False,True,True,False
160000.0,120.0,7.0,1.0,1.0,0.0,0.0,0.0,0.0,34.8,10.78,5.0,0.0,0.0,0.0,280000.0,1105774.472,True,False,False,False,True,False,False,True,True,False
370000.0,330.0,5.0,1.0,0.0,0.0,0.0,0.0,0.0,36.4667,10.8,3.0,0.0,0.0,0.0,548571.4285714285,783799.5456266907,False,True,False,True,False,False,True,False,True,False
190000.0,50.0,3.0,2.0,1.0,0.0,0.0,0.0,0.0,37.1303,9.7507,2.0,0.0,0.0,0.0,513185.1669565218,534121.1009677419,False,True,False,True,False,True,False,False,True,False
1100000.0,280.0,4.0,1.0,1.0,0.0,1.0,1.0,1.0,36.4011,10.6146,4.0,1.0,1.0,1.0,809528.7390138675,783799.5456266907,False,False,True,True,False,False,True,False,True,False
560000.0,374.0,3.0,1.0,1.0,0.0,0.0,0.0,0.0,36.712,10.9411,3.0,0.0,0.0,0.0,1015812.9829508197,927922.7543356643,False,False,True,True,False,False,False,True,True,False
480000.0,600.0,6.0,3.0,1.0,0.0,1.0,1.0,0.0,36.8625,10.1956,5.0,1.0,1.0,0.0,1020923.2245882354,917271.3972689076,False,False,True,True,False,False,False,True,True,False
670000.0,202.0,5.0,2.0,0.0,0.0,1.0,1.0,0.0,36.4011,10.6146,4.0,0.0,0.0,1.0,809528.7390138675,783799.5456266907,False,False,True,True,False,False,True,False,True,False
360000.0,136.0,4.0,2.0,1.0,0.0,1.0,1.0,0.0,36.8188,10.166,3.0,1.0,0.0,0.0,1047495.4257471263,1449446.8968031188,False,False,True,True,False,False,False,True,True,False
420000.0,441.0,11.0,3.0,1.0,0.0,0.0,0.0,0.0,36.8188,10.166,9.0,0.0,0.0,0.0,360350.0,641574.9720430108,True,False,False,True,False,False,True,False,True,False
360000.0,620.0,5.0,3.0,0.0,0.0,0.0,0.0,0.0,36.9544,10.1914,4.0,0.0,0.0,0.0,499150.58999999997,917271.3972689076,False,True,False,True,False,False,False,True,True,False
850000.0,300.0,6.0,5.0,1.0,0.0,0.0,0.0,1.0,36.9756,11.0728,5.0,0.0,1.0,1.0,451934.8628125,783799.5456266907,True,False,False,True,False,False,True,False,True,False
225000.0,125.0,4.0,1.0,1.0,0.0,0.0,0.0,0.0,36.9746,11.0733,3.0,1.0,1.0,0.0,451934.8628125,783799.5456266907,True,False,False,True,False,False,True,False,True,False
940000.0,477.0,6.0,3.0,1.0,0.0,1.0,0.0,1.0,33.8076,10.8451,6.0,1.0,1.0,1.0,556674.2993630574,580727.7766850828,False,True,False,True,False,False,True,False,True,False
650000.0,140.0,4.0,2.0,1.0,0.0,1.0,1.0,1.0,36.4011,10.6146,3.0,1.0,1.0,1.0,809528.7390138675,783799.5456266907,False,False,True,True,False,False,True,False,True,False
190000.0,410.0,5.0,1.0,0.0,0.0,0.0,0.0,0.0,35.65,10.9,3.0,0.0,0.0,0.0,521875.0,641574.9720430108,False,True,False,True,False,False,True,False,True,False
410000.0,300.0,5.0,1.0,0.0,0.0,0.0,0.0,0.0,35.65,10.9,3.0,1.0,0.0,0.0,521875.0,641574.9720430108,False,True,False,True,False,False,True,False,True,False
780000.0,417.0,5.0,1.0,1.0,0.0,0.0,0.0,0.0,35.65,10.9,3.0,0.0,0.0,0.0,521875.0,641574.9720430108,False,True,False,True,False,False,True,False,True,False
690000.0,250.0,5.0,3.0,1.0,0.0,0.0,0.0,0.0,33.8081,10.9957,4.0,1.0,1.0,1.0,556674.2993630574,580727.7766850828,False,True,False,True,False,False,True,False,True,False
1850000.0,800.0,5.0,1.0,0.0,0.0,1.0,0.0,1.0,36.8942,10.2762,7.0,0.0,0.0,1.0,1578293.3970945948,1449446.8968031188,False,False,True,True,False,False,False,True,True,False
2100000.0,289.0,3.0,1.0,1.0,0.0,0.0,0.0,0.0,36.8764,10.3253,3.0,0.0,1.0,1.0,1578293.3970945948,1449446.8968031188,False,False,True,True,False,False,False,True,True,False
115000.0,196.0,4.0,1.0,1.0,0.0,0.0,0.0,0.0,36.8094,9.909,3.0,0.0,0.0,0.0,310714.28571428574,513184.2105263158,True,False,False,True,False,True,False,False,True,False
1150000.0,220.0,4.0,3.0,1.0,0.0,1.0,1.0,1.0,36.8764,10.3253,3.0,1.0,1.0,1.0,1578293.3970945948,1449446.8968031188,False,False,True,True,False,False,False,True,True,False
350000.0,383.0,5.0,3.0,1.0,0.0,0.0,0.0,0.0,36.9365,11.0936,4.0,0.0,1.0,0.0,451934.8628125,783799.5456266907,True,False,False,True,False,False,True,False,True,False
230000.0,250.0,3.0,1.0,1.0,0.0,0.0,0.0,0.0,36.9732,11.0694,2.0,1.0,1.0,0.0,451934.8628125,783799.5456266907,True,False,False,True,False,False,True,False,True,False
520000.0,517.0,5.0,2.0,1.0,0.0,0.0,0.0,0.0,36.9865,11.0663,4.0,0.0,1.0,1.0,451934.8628125,783799.5456266907,True,False,False,True,False,False,True,False,True,False
130000.0,500.0,4.0,1.0,1.0,0.0,0.0,0.0,0.0,36.8493,11.0918,3.0,0.0,1.0,0.0,451934.8628125,783799.5456266907,True,False,False,True,False,False,True,False,True,False
650000.0,300.0,4.0,1.0,0.0,0.0,0.0,0.0,0.0,36.8493,11.0918,3.0,0.0,1.0,0.0,451934.8628125,783799.5456266907,True,False,False,True,False,False,True,False,True,False
460000.0,170.0,4.0,2.0,1.0,0.0,0.0,1.0,0.0,36.8764,10.3253,3.0,0.0,1.0,0.0,1578293.3970945948,1449446.8968031188,False,False,True,True,False,False,False,True,True,False
2500000.0,370.0,5.0,1.0,0.0,0.0,0.0,0.0,0.0,36.8942,10.2762,3.0,0.0,1.0,1.0,1578293.3970945948,1449446.8968031188,False,False,True,True,False,False,False,True,True,False
480000.0,180.0,4.0,1.0,1.0,0.0,0.0,1.0,0.0,36.8625,10.1956,4.0,1.0,1.0,0.0,1020923.2245882354,917271.3972689076,False,False,True,True,False,False,False,True,True,False
180000.0,362.0,3.0,1.0,1.0,0.0,0.0,0.0,0.0,35.8569,10.5972,4.0,0.0,0.0,0.0,1015812.9829508197,927922.7543356643,False,False,True,True,False,False,False,True,True,False
380000.0,150.0,4.0,2.0,1.0,0.0,1.0,1.0,0.0,35.87,10.57,3.0,0.0,1.0,0.0,1026490.2244999999,927922.7543356643,False,False,True,True,False,False,False,True,True,False
910000.0,242.0,4.0,2.0,1.0,0.0,1.0,1.0,1.0,36.8764,10.3253,3.0,0.0,0.0,0.0,1578293.3970945948,1449446.8968031188,False,False,True,True,False,False,False,True,True,False
920000.0,402.0,7.0,3.0,1.0,0.0,1.0,1.0,1.0,36.8332,10.1385,4.0,1.0,1.0,0.0,1177994.243076923,783799.5456266907,False,False,True,True,False,False,True,False,True,False
780000.0,400.0,8.0,3.0,1.0,0.0,0.0,0.0,1.0,36.8181,10.305,6.0,1.0,1.0,0.0,1118000.0,1449446.8968031188,False,False,True,True,False,False,False,True,True,False
555000.0,140.0,5.0,1.0,1.0,0.0,0.0,0.0,0.0,35.75,10.72,3.0,1.0,0.0,0.0,611065.7495652174,641574.9720430108,False,True,False,True,False,False,True,False,True,False
700000.0,180.0,4.0,3.0,1.0,1.0,1.0,0.0,1.0,33.8076,10.8451,3.0,1.0,1.0,1.0,556674.2993630574,580727.7766850828,False,True,False,True,False,False,True,False,True,False
1250000.0,400.0,5.0,2.0,1.0,0.0,1.0,1.0,1.0,36.4011,10.6146,4.0,1.0,1.0,1.0,809528.7390138675,783799.5456266907,False,False,True,True,False,False,True,False,True,False
1080000.0,450.0,7.0,4.0,1.0,0.0,1.0,1.0,0.0,36.8625,10.1956,6.0,1.0,1.0,0.0,1020923.2245882354,917271.3972689076,False,False,True,True,False,False,False,True,True,False
750000.0,430.0,7.0,2.0,1.0,0.0,1.0,1.0,1.0,36.6939,10.2622,5.0,1.0,1.0,0.0,614259.2592592592,831885.7976100629,False,True,False,True,False,False,False,True,True,False
890000.0,265.0,5.0,5.0,0.0,0.0,0.0,0.0,0.0,36.4011,10.6146,4.0,0.0,1.0,1.0,809528.7390138675,783799.5456266907,False,False,True,True,False,False,True,False,True,False
1170000.0,400.0,8.0,4.0,0.0,0.0,0.0,1.0,0.0,36.4011,10.6146,6.0,1.0,0.0,0.0,809528.7390138675,783799.5456266907,False,False,True,True,False,False,True,False,True,False
2200000.0,734.0,3.0,2.0,1.0,0.0,1.0,1.0,0.0,36.8764,10.3253,3.0,1.0,1.0,0.0,1578293.3970945948,1449446.8968031188,False,False,True,True,False,False,False,True,True,False
670000.0,489.0,5.0,1.0,0.0,0.0,0.0,0.0,1.0,35.75,10.72,3.0,1.0,1.0,0.0,611065.7495652174,641574.9720430108,False,True,False,True,False,False,True,False,True,False
730000.0,220.0,5.0,2.0,1.0,0.0,0.0,1.0,0.0,36.8458,10.1645,4.0,1.0,1.0,0.0,1177994.243076923,783799.5456266907,False,False,True,True,False,False,True,False,True,False
2150000.0,580.0,5.0,1.0,1.0,0.0,1.0,1.0,0.0,36.8806,10.1717,3.0,0.0,1.0,1.0,1020923.2245882354,917271.3972689076,False,False,True,True,False,False,False,True,True,False
750000.0,200.0,5.0,3.0,0.0,1.0,0.0,0.0,0.0,36.4198,10.6619,4.0,0.0,1.0,1.0,809528.7390138675,783799.5456266907,False,False,True,True,False,False,True,False,True,False
430000.0,165.0,5.0,2.0,1.0,0.0,1.0,1.0,0.0,36.8241,10.2244,4.0,1.0,1.0,0.0,1020923.2245882354,917271.3972689076,False,False,True,True,False,False,False,True,True,False
460000.0,315.0,4.0,1.0,0.0,0.0,1.0,0.0,0.0,36.54,10.55,3.0,0.0,1.0,0.0,655000.0,783799.5456266907,False,True,False,False,True,False,True,False,True,False
800000.0,330.0,5.0,2.0,1.0,0.0,1.0,1.0,0.0,36.8452,10.1647,4.0,1.0,1.0,0.0,1177994.243076923,783799.5456266907,False,False,True,True,False,False,True,False,True,False
1300000.0,505.0,6.0,2.0,1.0,0.0,1.0,1.0,1.0,36.4506,10.735,6.0,1.0,1.0,0.0,994136.9111340205,783799.5456266907,False,False,True,True,False,False,True,False,True,False
120000.0,203.0,2.0,2.0,0.0,0.0,0.0,0.0,0.0,36.7723,10.2212,3.0,1.0,1.0,0.0,559271.8892307692,831885.7976100629,False,True,False,True,False,False,False,True,True,False
800000.0,514.0,5.0,1.0,1.0,0.0,0.0,1.0,0.0,36.8302,10.1374,5.0,1.0,1.0,0.0,694850.0507317072,1449446.8968031188,False,True,False,True,False,False,False,True,True,False
335000.0,200.0,8.0,3.0,1.0,0.0,1.0,1.0,0.0,37.05,11.0167,3.0,1.0,1.0,0.0,528091.5136842105,783799.5456266907,False,True,False,True,False,False,True,False,True,False
390000.0,170.0,4.0,2.0,1.0,1.0,1.0,1.0,1.0,36.9124,11.102,3.0,1.0,1.0,1.0,287500.0,783799.5456266907,True,False,False,True,False,False,True,False,True,False
690000.0,345.0,5.0,3.0,1.0,0.0,1.0,1.0,0.0,36.4011,10.6146,4.0,1.0,1.0,1.0,809528.7390138675,783799.5456266907,False,False,True,True,False,False,True,False,True,False
950000.0,870.0,4.0,2.0,0.0,0.0,0.0,0.0,0.0,36.8625,10.1956,3.0,1.0,1.0,0.0,1020923.2245882354,917271.3972689076,False,False,True,True,False,False,False,True,True,False
295000.0,180.0,4.0,1.0,1.0,0.0,0.0,0.0,0.0,36.1793,8.7141,4.0,0.0,1.0,0.0,341502.61333333334,692148.4488888889,True,False,False,True,False,False,True,False,True,False
485000.0,425.0,4.0,1.0,0.0,0.0,0.0,0.0,0.0,36.8493,11.0918,3.0,0.0,1.0,1.0,451934.8628125,783799.5456266907,True,False,False,True,False,False,True,False,True,False
860000.0,500.0,6.0,5.0,1.0,0.0,1.0,0.0,1.0,36.8493,11.0918,5.0,0.0,1.0,1.0,451934.8628125,783799.5456266907,True,False,False,True,False,False,True,False,True,False
260000.0,120.0,6.0,2.0,1.0,0.0,0.0,0.0,0.0,36.8493,11.0918,6.0,0.0,0.0,0.0,451934.8628125,783799.5456266907,True,False,False,True,False,False,True,False,True,False
320000.0,300.0,6.0,1.0,1.0,0.0,0.0,0.0,0.0,36.8493,11.0918,3.0,0.0,0.0,0.0,451934.8628125,783799.5456266907,True,False,False,True,False,False,True,False,True,False
820000.0,250.0,5.0,3.0,1.0,0.0,0.0,0.0,0.0,36.4011,10.6146,4.0,1.0,1.0,0.0,809528.7390138675,783799.5456266907,False,False,True,True,False,False,True,False,True,False
820000.0,275.0,5.0,3.0,1.0,0.0,0.0,0.0,0.0,36.4011,10.6146,4.0,0.0,0.0,1.0,809528.7390138675,783799.5456266907,False,False,True,True,False,False,True,False,True,False
300000.0,450.0,3.0,1.0,1.0,1.0,1.0,0.0,0.0,36.4011,10.6146,2.0,0.0,0.0,1.0,809528.7390138675,783799.5456266907,False,False,True,True,False,False,True,False,True,False
940000.0,490.0,5.0,3.0,1.0,0.0,0.0,0.0,0.0,36.4011,10.6146,4.0,0.0,1.0,0.0,809528.7390138675,783799.5456266907,False,False,True,True,False,False,True,False,True,False
880000.0,400.0,4.0,4.0,1.0,0.0,0.0,0.0,0.0,36.4011,10.6146,4.0,0.0,1.0,1.0,809528.7390138675,783799.5456266907,False,False,True,True,False,False,True,False,True,False
750000.0,225.0,3.0,2.0,1.0,0.0,0.0,0.0,0.0,36.4011,10.6146,3.0,0.0,1.0,1.0,809528.7390138675,783799.5456266907,False,False,True,True,False,False,True,False,True,False
285000.0,180.0,4.0,2.0,1.0,0.0,0.0,0.0,0.0,36.4011,10.6146,3.0,0.0,0.0,0.0,809528.7390138675,783799.5456266907,False,False,True,True,False,False,True,False,True,False
540000.0,165.0,5.0,2.0,0.0,0.0,0.0,1.0,1.0,36.4011,10.6146,4.0,0.0,1.0,1.0,809528.7390138675,783799.5456266907,False,False,True,True,False,False,True,False,True,False
735000.0,202.0,5.0,3.0,1.0,0.0,0.0,0.0,0.0,36.4011,10.6146,4.0,0.0,1.0,1.0,809528.7390138675,783799.5456266907,False,False,True,True,False,False,True,False,True,False
1150000.0,450.0,5.0,4.0,1.0,0.0,0.0,0.0,0.0,36.4011,10.6146,4.0,0.0,1.0,1.0,809528.7390138675,783799.5456266907,False,False,True,True,False,False,True,False,True,False
1250000.0,490.0,5.0,2.0,1.0,0.0,1.0,1.0,0.0,36.4011,10.6146,4.0,1.0,1.0,1.0,809528.7390138675,783799.5456266907,False,False,True,True,False,False,True,False,True,False
850000.0,290.0,5.0,1.0,0.0,0.0,1.0,1.0,0.0,36.8883,10.2742,5.0,1.0,1.0,1.0,1011828.5111111111,917271.3972689076,False,False,True,True,False,False,False,True,True,False
2600000.0,800.0,5.0,4.0,0.0,0.0,1.0,1.0,0.0,36.8764,10.3253,9.0,1.0,1.0,0.0,1578293.3970945948,1449446.8968031188,False,False,True,True,False,False,False,True,True,False
550000.0,170.0,4.0,1.0,0.0,0.0,0.0,0.0,0.0,36.4506,10.735,3.0,0.0,0.0,0.0,994136.9111340205,783799.5456266907,False,False,True,True,False,False,True,False,True,False
545000.0,100.0,5.0,1.0,1.0,1.0,1.0,1.0,0.0,36.8333,10.3167,3.0,0.0,1.0,1.0,1416795.7877419356,1449446.8968031188,False,False,True,True,False,False,False,True,True,False
950000.0,350.0,5.0,3.0,1.0,1.0,1.0,1.0,1.0,36.4011,10.6146,4.0,0.0,1.0,1.0,809528.7390138675,783799.5456266907,False,False,True,True,False,False,True,False,True,False
600000.0,210.0,4.0,2.0,1.0,0.0,1.0,1.0,0.0,36.4011,10.6146,3.0,0.0,1.0,1.0,809528.7390138675,783799.5456266907,False,False,True,True,False,False,True,False,True,False
1050000.0,387.0,5.0,2.0,1.0,0.0,1.0,1.0,1.0,36.4011,10.6146,4.0,0.0,1.0,1.0,809528.7390138675,783799.5456266907,False,False,True,True,False,False,True,False,True,False
1290000.0,500.0,5.0,2.0,1.0,0.0,1.0,1.0,0.0,36.4011,10.6146,5.0,1.0,1.0,1.0,809528.7390138675,783799.5456266907,False,False,True,True,False,False,True,False,True,False
600000.0,191.0,5.0,3.0,1.0,0.0,1.0,1.0,1.0,36.0301,10.5079,4.0,1.0,1.0,1.0,847410.6436363637,927922.7543356643,False,False,True,True,False,False,False,True,True,False
330000.0,170.0,5.0,2.0,0.0,0.0,0.0,0.0,0.0,33.8076,10.8451,3.0,0.0,1.0,0.0,556674.2993630574,580727.7766850828,False,True,False,True,False,False,True,False,True,False
850000.0,550.0,4.0,2.0,1.0,1.0,0.0,0.0,0.0,35.87,10.57,3.0,0.0,1.0,1.0,1026490.2244999999,927922.7543356643,False,False,True,True,False,False,False,True,True,False
1250000.0,634.0,5.0,1.0,1.0,1.0,0.0,0.0,0.0,36.8491,10.1661,3.0,0.0,1.0,0.0,1020923.2245882354,917271.3972689076,False,False,True,True,False,False,False,True,True,False
850000.0,280.0,5.0,3.0,1.0,0.0,0.0,0.0,1.0,36.4011,10.6146,4.0,1.0,0.0,1.0,809528.7390138675,783799.5456266907,False,False,True,True,False,False,True,False,True,False
800000.0,450.0,4.0,1.0,1.0,0.0,0.0,0.0,0.0,36.8625,10.1956,3.0,0.0,1.0,0.0,1020923.2245882354,917271.3972689076,False,False,True,True,False,False,False,True,True,False
750000.0,410.0,4.0,3.0,1.0,0.0,0.0,1.0,0.0,36.4011,10.6146,3.0,0.0,1.0,1.0,809528.7390138675,783799.5456266907,False,False,True,True,False,False,True,False,True,False
130000.0,65.0,3.0,1.0,0.0,0.0,0.0,0.0,0.0,36.8188,10.166,3.0,0.0,0.0,0.0,1047495.4257471263,1449446.8968031188,False,False,True,True,False,False,False,True,True,False
940000.0,730.0,5.0,1.0,1.0,0.0,0.0,0.0,0.0,35.8213,10.5967,3.0,0.0,1.0,0.0,1015812.9829508197,927922.7543356643,False,False,True,True,False,False,False,True,True,False
1300000.0,634.0,5.0,1.0,1.0,0.0,0.0,0.0,0.0,36.8491,10.1661,3.0,1.0,1.0,0.0,1020923.2245882354,917271.3972689076,False,False,True,True,False,False,False,True,True,False
1490000.0,640.0,6.0,3.0,1.0,0.0,1.0,1.0,0.0,36.8625,10.1956,4.0,1.0,1.0,0.0,1020923.2245882354,917271.3972689076,False,False,True,True,False,False,False,True,True,False
650000.0,527.0,4.0,1.0,1.0,1.0,1.0,0.0,1.0,36.025,10.513,3.0,1.0,1.0,0.0,847410.6436363637,927922.7543356643,False,False,True,True,False,False,False,True,True,False
550000.0,430.0,5.0,1.0,0.0,0.0,1.0,1.0,0.0,35.87,10.57,3.0,0.0,1.0,1.0,1026490.2244999999,927922.7543356643,False,False,True,True,False,False,False,True,True,False
680000.0,250.0,8.0,2.0,0.0,0.0,0.0,0.0,0.0,36.7723,10.2212,6.0,0.0,0.0,0.0,559271.8892307692,831885.7976100629,False,True,False,True,False,False,False,True,True,False
880000.0,411.0,5.0,1.0,1.0,0.0,0.0,0.0,0.0,36.8145,10.1345,3.0,1.0,1.0,0.0,694850.0507317072,1449446.8968031188,False,True,False,True,False,False,False,True,True,False
1050000.0,400.0,10.0,2.0,1.0,0.0,1.0,1.0,0.0,36.8452,10.1647,8.0,1.0,1.0,0.0,1177994.243076923,783799.5456266907,False,False,True,True,False,False,True,False,True,False
980000.0,450.0,6.0,2.0,1.0,0.0,1.0,1.0,1.0,36.7786,10.0554,5.0,1.0,1.0,1.0,646545.4545454546,513184.2105263158,False,True,False,True,False,True,False,False,True,False
1300000.0,160.0,5.0,2.0,1.0,0.0,0.0,1.0,0.0,36.8452,10.1647,4.0,1.0,1.0,0.0,1177994.243076923,783799.5456266907,False,False,True,True,False,False,True,False,True,False
1800000.0,284.0,5.0,3.0,1.0,0.0,1.0,1.0,0.0,36.8764,10.3253,3.0,1.0,0.0,1.0,1578293.3970945948,1449446.8968031188,False,False,True,True,False,False,False,True,True,False
930000.0,378.0,4.0,2.0,1.0,0.0,1.0,1.0,0.0,36.8764,10.3253,3.0,1.0,1.0,0.0,1578293.3970945948,1449446.8968031188,False,False,True,True,False,False,False,True,True,False
1800000.0,704.0,8.0,4.0,1.0,0.0,1.0,1.0,0.0,36.8625,10.1956,6.0,1.0,0.0,1.0,1020923.2245882354,917271.3972689076,False,False,True,True,False,False,False,True,True,False
900000.0,445.0,5.0,1.0,0.0,1.0,1.0,1.0,0.0,36.8452,10.1647,3.0,0.0,1.0,1.0,1177994.243076923,783799.5456266907,False,False,True,True,False,False,True,False,True,False
900000.0,487.0,5.0,1.0,0.0,0.0,1.0,1.0,1.0,36.8452,10.1647,3.0,1.0,1.0,0.0,1177994.243076923,783799.5456266907,False,False,True,True,False,False,True,False,True,False
450000.0,220.0,5.0,3.0,1.0,1.0,0.0,0.0,0.0,34.552,10.5062,2.0,1.0,1.0,0.0,450000.0,1105774.472,True,False,False,False,True,False,False,True,True,False
395000.0,167.0,4.0,2.0,1.0,1.0,1.0,1.0,0.0,36.4506,10.735,3.0,0.0,0.0,0.0,994136.9111340205,783799.5456266907,False,False,True,True,False,False,True,False,True,False
1390000.0,270.0,5.0,4.0,1.0,0.0,1.0,1.0,1.0,36.4011,10.6146,4.0,1.0,1.0,1.0,809528.7390138675,783799.5456266907,False,False,True,True,False,False,True,False,True,False
1050000.0,500.0,6.0,4.0,1.0,0.0,1.0,1.0,0.0,36.8625,10.1956,4.0,1.0,1.0,1.0,1020923.2245882354,917271.3972689076,False,False,True,True,False,False,False,True,True,False
220000.0,200.0,5.0,1.0,0.0,0.0,0.0,0.0,0.0,36.7927,10.1794,4.0,0.0,0.0,0.0,1047495.4257471263,1449446.8968031188,False,False,True,True,False,False,False,True,True,False
1700000.0,230.0,5.0,4.0,1.0,0.0,1.0,1.0,1.0,36.9177,10.2889,4.0,1.0,0.0,1.0,1578293.3970945948,1449446.8968031188,False,False,True,True,False,False,False,True,True,False
1340000.0,230.0,10.0,2.0,1.0,0.0,1.0,1.0,0.0,36.4145,10.6143,4.0,1.0,1.0,1.0,809528.7390138675,783799.5456266907,False,False,True,True,False,False,True,False,True,False
1340000.0,277.0,8.0,4.0,1.0,0.0,1.0,1.0,1.0,36.8704,10.2876,4.0,1.0,1.0,1.0,1011828.5111111111,917271.3972689076,False,False,True,True,False,False,False,True,True,False
300000.0,310.0,8.0,2.0,0.0,0.0,0.0,0.0,0.0,35.6776,10.0924,6.0,1.0,0.0,0.0,337774.4436363636,814548.518095238,True,False,False,True,False,False,False,True,True,False
325000.0,202.0,4.0,2.0,1.0,1.0,1.0,1.0,1.0,35.5007,11.0539,3.0,1.0,0.0,0.0,375000.0,607626.79375,True,False,False,True,False,False,True,False,True,False
660000.0,178.0,6.0,3.0,1.0,0.0,1.0,1.0,1.0,37.23,9.91,3.0,1.0,0.0,0.0,419940.0,534121.1009677419,True,False,False,True,False,True,False,False,True,False
800000.0,400.0,10.0,4.0,1.0,0.0,1.0,0.0,0.0,37.23,9.91,7.0,1.0,1.0,0.0,419940.0,534121.1009677419,True,False,False,True,False,True,False,False,True,False
170000.0,60.0,6.0,2.0,0.0,0.0,0.0,0.0,0.0,37.2597,9.8823,4.0,0.0,0.0,0.0,235000.0,465625.0,True,False,False,True,False,True,False,False,True,False
110000.0,100.0,5.0,1.0,1.0,0.0,0.0,0.0,0.0,37.2667,9.8667,3.0,0.0,0.0,0.0,513185.1669565218,534121.1009677419,False,True,False,True,False,True,False,False,True,False
350000.0,300.0,4.0,1.0,1.0,0.0,1.0,0.0,1.0,37.23,9.91,3.0,1.0,1.0,0.0,419940.0,534121.1009677419,True,False,False,True,False,True,False,False,True,False
740000.0,470.0,7.0,3.0,1.0,0.0,1.0,0.0,1.0,37.272,9.8708,5.0,1.0,1.0,0.0,513185.1669565218,534121.1009677419,False,True,False,True,False,True,False,False,True,False
750000.0,300.0,6.0,2.0,1.0,0.0,1.0,0.0,1.0,37.272,9.8708,3.0,1.0,1.0,0.0,513185.1669565218,534121.1009677419,False,True,False,True,False,True,False,False,True,False
360000.0,370.0,5.0,2.0,1.0,0.0,0.0,0.0,0.0,35.6775,10.0853,3.0,1.0,1.0,0.0,337774.4436363636,814548.518095238,True,False,False,True,False,False,False,True,True,False
300000.0,140.0,4.0,2.0,0.0,0.0,0.0,0.0,0.0,33.8076,10.8451,3.0,0.0,0.0,1.0,556674.2993630574,580727.7766850828,False,True,False,True,False,False,True,False,True,False
640000.0,300.0,4.0,2.0,1.0,0.0,1.0,1.0,0.0,35.2537,11.0846,3.0,0.0,1.0,0.0,375000.0,607626.79375,True,False,False,True,False,False,True,False,True,False
670000.0,605.0,6.0,3.0,1.0,0.0,1.0,1.0,1.0,36.4011,10.6146,5.0,0.0,1.0,1.0,809528.7390138675,783799.5456266907,False,False,True,True,False,False,True,False,True,False
280000.0,131.0,5.0,1.0,0.0,0.0,0.0,0.0,0.0,35.8569,10.5915,3.0,0.0,0.0,0.0,1015812.9829508197,927922.7543356643,False,False,True,True,False,False,False,True,True,False
620000.0,287.0,5.0,1.0,1.0,0.0,0.0,0.0,0.0,35.8569,10.5915,3.0,1.0,0.0,0.0,1015812.9829508197,927922.7543356643,False,False,True,True,False,False,False,True,True,False
1350000.0,299.0,3.0,4.0,1.0,0.0,0.0,0.0,0.0,36.4011,10.6146,3.0,0.0,1.0,1.0,809528.7390138675,783799.5456266907,False,False,True,True,False,False,True,False,True,False
1100000.0,830.0,5.0,1.0,0.0,0.0,1.0,0.0,1.0,36.47,10.78,5.0,0.0,0.0,1.0,642782.0582608696,783799.5456266907,False,True,False,True,False,False,True,False,True,False
780000.0,610.0,4.0,1.0,1.0,0.0,0.0,0.0,0.0,37.1303,9.7507,4.0,1.0,1.0,1.0,513185.1669565218,534121.1009677419,False,True,False,True,False,True,False,False,True,False
620000.0,240.0,7.0,2.0,1.0,0.0,1.0,0.0,0.0,36.7793,10.2871,6.0,1.0,1.0,0.0,477254.9476923077,831885.7976100629,True,False,False,True,False,False,False,True,True,False
1300000.0,440.0,5.0,3.0,1.0,0.0,1.0,1.0,1.0,36.8794,10.183,4.0,1.0,1.0,0.0,1020923.2245882354,917271.3972689076,False,False,True,True,False,False,False,True,True,False
370000.0,155.0,5.0,1.0,0.0,0.0,1.0,1.0,0.0,36.8332,10.1385,3.0,0.0,1.0,0.0,1177994.243076923,783799.5456266907,False,False,True,True,False,False,True,False,True,False
3100000.0,100.0,4.0,1.0,0.0,0.0,1.0,1.0,0.0,35.8982,10.5802,4.0,1.0,1.0,1.0,1015812.9829508197,927922.7543356643,False,False,True,True,False,False,False,True,True,False
820000.0,507.0,6.0,4.0,1.0,0.0,0.0,1.0,0.0,36.4011,10.6146,4.0,0.0,1.0,1.0,809528.7390138675,783799.5456266907,False,False,True,True,False,False,True,False,True,False
980000.0,500.0,5.0,3.0,1.0,0.0,0.0,0.0,0.0,36.4011,10.6146,5.0,1.0,1.0,1.0,809528.7390138675,783799.5456266907,False,False,True,True,False,False,True,False,True,False
650000.0,870.0,12.0,5.0,1.0,0.0,1.0,0.0,0.0,36.8094,9.909,8.0,0.0,1.0,0.0,310714.28571428574,513184.2105263158,True,False,False,True,False,True,False,False,True,False
1200000.0,280.0,4.0,2.0,0.0,0.0,1.0,1.0,0.0,36.4011,10.6146,4.0,0.0,1.0,0.0,809528.7390138675,783799.5456266907,False,False,True,True,False,False,True,False,True,False
1300000.0,406.0,6.0,3.0,1.0,0.0,1.0,1.0,0.0,36.8625,10.1956,5.0,1.0,1.0,0.0,1020923.2245882354,917271.3972689076,False,False,True,True,False,False,False,True,True,False
1750000.0,434.0,5.0,1.0,1.0,0.0,0.0,1.0,0.0,36.8316,10.1641,3.0,0.0,0.0,0.0,1542012.4593548388,831885.7976100629,False,False,True,True,False,False,False,True,True,False
840000.0,690.0,5.0,4.0,1.0,0.0,0.0,1.0,0.0,36.8764,10.3253,7.0,1.0,1.0,0.0,1578293.3970945948,1449446.8968031188,False,False,True,True,False,False,False,True,True,False
780000.0,320.0,4.0,2.0,1.0,0.0,1.0,1.0,1.0,36.4011,10.6146,4.0,0.0,1.0,1.0,809528.7390138675,783799.5456266907,False,False,True,True,False,False,True,False,True,False
1400000.0,600.0,5.0,5.0,1.0,0.0,1.0,1.0,0.0,36.8764,10.3253,9.0,1.0,1.0,0.0,1578293.3970945948,1449446.8968031188,False,False,True,True,False,False,False,True,True,False
1800000.0,350.0,6.0,4.0,1.0,0.0,1.0,1.0,0.0,36.8386,10.1525,6.0,1.0,1.0,0.0,1177994.243076923,783799.5456266907,False,False,True,True,False,False,True,False,True,False
230000.0,561.0,3.0,1.0,0.0,1.0,0.0,0.0,0.0,36.1793,8.7141,6.0,1.0,1.0,0.0,341502.61333333334,692148.4488888889,True,False,False,True,False,False,True,False,True,False
650000.0,275.0,4.0,2.0,1.0,0.0,1.0,1.0,0.0,36.7609,10.2736,3.0,1.0,1.0,0.0,530909.0909090909,534121.1009677419,False,True,False,True,False,True,False,False,True,False
1800000.0,317.0,5.0,1.0,0.0,0.0,0.0,0.0,0.0,36.8942,10.2762,2.0,1.0,0.0,0.0,1578293.3970945948,1449446.8968031188,False,False,True,True,False,False,False,True,True,False
720000.0,300.0,6.0,3.0,1.0,1.0,1.0,0.0,0.0,33.8076,10.8451,5.0,1.0,1.0,1.0,556674.2993630574,580727.7766850828,False,True,False,True,False,False,True,False,True,False
749000.0,300.0,5.0,4.0,1.0,0.0,1.0,1.0,0.0,36.0301,10.5079,4.0,1.0,1.0,0.0,847410.6436363637,927922.7543356643,False,False,True,True,False,False,False,True,True,False
350000.0,90.0,7.0,2.0,1.0,0.0,1.0,1.0,0.0,36.4011,10.6146,3.0,1.0,1.0,0.0,809528.7390138675,783799.5456266907,False,False,True,True,False,False,True,False,True,False
60000.0,60.0,5.0,1.0,0.0,0.0,0.0,0.0,0.0,35.75,10.72,3.0,0.0,0.0,0.0,611065.7495652174,641574.9720430108,False,True,False,True,False,False,True,False,True,False
395000.0,290.0,3.0,2.0,1.0,0.0,0.0,0.0,0.0,35.75,10.72,5.0,1.0,0.0,0.0,611065.7495652174,641574.9720430108,False,True,False,True,False,False,True,False,True,False
280000.0,190.0,5.0,1.0,0.0,0.0,0.0,0.0,0.0,35.75,10.72,3.0,0.0,0.0,0.0,611065.7495652174,641574.9720430108,False,True,False,True,False,False,True,False,True,False
590000.0,288.0,5.0,1.0,1.0,1.0,0.0,0.0,0.0,35.75,10.72,3.0,1.0,0.0,0.0,611065.7495652174,641574.9720430108,False,True,False,True,False,False,True,False,True,False
2016000.0,300.0,5.0,5.0,1.0,1.0,1.0,1.0,1.0,33.5805,11.0962,3.0,1.0,1.0,1.0,2055800.0,580727.7766850828,False,False,True,False,True,False,True,False,True,False
1400000.0,205.0,9.0,1.0,1.0,0.0,0.0,0.0,0.0,36.8566,10.3258,9.0,0.0,0.0,0.0,2180444.6730612246,1449446.8968031188,False,False,True,True,False,False,False,True,True,False
690000.0,280.0,5.0,4.0,1.0,0.0,1.0,1.0,1.0,36.4011,10.6146,4.0,1.0,1.0,1.0,809528.7390138675,783799.5456266907,False,False,True,True,False,False,True,False,True,False
370000.0,200.0,5.0,1.0,1.0,0.0,0.0,0.0,0.0,36.4011,10.6146,2.0,0.0,1.0,0.0,809528.7390138675,783799.5456266907,False,False,True,True,False,False,True,False,True,False
600000.0,270.0,9.0,3.0,1.0,0.0,0.0,1.0,0.0,36.4011,10.6146,3.0,0.0,0.0,0.0,809528.7390138675,783799.5456266907,False,False,True,True,False,False,True,False,True,False
240000.0,44.0,5.0,1.0,0.0,0.0,0.0,0.0,0.0,36.8556,10.2918,3.0,1.0,1.0,0.0,1416795.7877419356,1449446.8968031188,False,False,True,True,False,False,False,True,True,False
890000.0,320.0,9.0,3.0,1.0,0.0,1.0,1.0,1.0,36.4011,10.6146,4.0,1.0,1.0,0.0,809528.7390138675,783799.5456266907,False,False,True,True,False,False,True,False,True,False
1000000.0,391.0,4.0,3.0,1.0,0.0,0.0,1.0,0.0,36.4011,10.6146,3.0,1.0,1.0,1.0,809528.7390138675,783799.5456266907,False,False,True,True,False,False,True,False,True,False
800000.0,350.0,4.0,1.0,0.0,0.0,1.0,1.0,1.0,36.4011,10.6146,6.0,1.0,0.0,1.0,809528.7390138675,783799.5456266907,False,False,True,True,False,False,True,False,True,False
1250000.0,450.0,5.0,2.0,0.0,0.0,1.0,1.0,1.0,36.4,10.6167,4.0,1.0,0.0,1.0,809528.7390138675,783799.5456266907,False,False,True,True,False,False,True,False,True,False
660000.0,400.0,5.0,2.0,1.0,0.0,1.0,1.0,0.0,36.4011,10.6146,4.0,0.0,1.0,1.0,809528.7390138675,783799.5456266907,False,False,True,True,False,False,True,False,True,False
580000.0,174.0,4.0,3.0,0.0,0.0,1.0,1.0,0.0,36.4011,10.6146,3.0,1.0,0.0,1.0,809528.7390138675,783799.5456266907,False,False,True,True,False,False,True,False,True,False
650000.0,610.0,3.0,2.0,1.0,0.0,1.0,0.0,0.0,36.8784,10.1875,3.0,1.0,1.0,0.0,499150.58999999997,917271.3972689076,False,True,False,True,False,False,False,True,True,False
780000.0,200.0,4.0,1.0,0.0,0.0,1.0,1.0,0.0,36.8181,10.305,5.0,0.0,0.0,0.0,1118000.0,1449446.8968031188,False,False,True,True,False,False,False,True,True,False
690000.0,350.0,6.0,3.0,1.0,0.0,1.0,1.0,1.0,36.4011,10.6146,4.0,1.0,1.0,1.0,809528.7390138675,783799.5456266907,False,False,True,True,False,False,True,False,True,False
580000.0,190.0,5.0,3.0,1.0,0.0,1.0,1.0,0.0,36.8333,10.3167,4.0,0.0,0.0,0.0,1416795.7877419356,1449446.8968031188,False,False,True,True,False,False,False,True,True,False
1200000.0,845.0,6.0,4.0,1.0,0.0,1.0,1.0,0.0,36.4011,10.6146,4.0,0.0,1.0,1.0,809528.7390138675,783799.5456266907,False,False,True,True,False,False,True,False,True,False
2200000.0,460.0,5.0,2.0,1.0,0.0,1.0,1.0,1.0,36.8764,10.3253,4.0,1.0,1.0,1.0,1578293.3970945948,1449446.8968031188,False,False,True,True,False,False,False,True,True,False
280000.0,123.0,3.0,1.0,1.0,0.0,0.0,0.0,0.0,35.8324,10.6225,2.0,0.0,0.0,0.0,1015812.9829508197,927922.7543356643,False,False,True,True,False,False,False,True,True,False
1100000.0,378.0,2.0,1.0,0.0,0.0,0.0,0.0,0.0,36.8452,10.1647,3.0,0.0,0.0,0.0,1177994.243076923,783799.5456266907,False,False,True,True,False,False,True,False,True,False
690000.0,345.0,4.0,1.0,0.0,0.0,0.0,0.0,0.0,36.4011,10.6146,4.0,0.0,1.0,1.0,809528.7390138675,783799.5456266907,False,False,True,True,False,False,True,False,True,False
460000.0,442.0,3.0,2.0,1.0,0.0,0.0,0.0,0.0,36.4011,10.6146,3.0,0.0,1.0,0.0,809528.7390138675,783799.5456266907,False,False,True,True,False,False,True,False,True,False
590000.0,255.0,6.0,2.0,1.0,0.0,1.0,1.0,0.0,36.8188,10.166,4.0,0.0,0.0,0.0,1047495.4257471263,1449446.8968031188,False,False,True,True,False,False,False,True,True,False
1550000.0,545.0,5.0,4.0,1.0,0.0,1.0,1.0,1.0,36.8764,10.3253,5.0,1.0,1.0,1.0,1578293.3970945948,1449446.8968031188,False,False,True,True,False,False,False,True,True,False
1100000.0,420.0,9.0,4.0,1.0,0.0,1.0,1.0,1.0,35.8324,10.6225,5.0,1.0,1.0,0.0,1015812.9829508197,927922.7543356643,False,False,True,True,False,False,False,True,True,False
1200000.0,200.0,5.0,1.0,1.0,0.0,1.0,1.0,1.0,36.8333,10.3167,4.0,1.0,1.0,0.0,1416795.7877419356,1449446.8968031188,False,False,True,True,False,False,False,True,True,False
580000.0,358.0,5.0,2.0,1.0,1.0,1.0,0.0,0.0,36.5793,10.8694,3.0,1.0,1.0,1.0,468502.50999999995,783799.5456266907,True,False,False,True,False,False,True,False,True,False
351450.0,102.0,5.0,1.0,0.0,0.0,0.0,0.0,0.0,33.8076,10.8451,3.0,0.0,0.0,0.0,556674.2993630574,580727.7766850828,False,True,False,True,False,False,True,False,True,False
618730.0,205.0,6.0,3.0,1.0,1.0,0.0,0.0,0.0,33.8076,10.8451,4.0,1.0,1.0,1.0,556674.2993630574,580727.7766850828,False,True,False,True,False,False,True,False,True,False
632690.0,180.0,5.0,2.0,1.0,1.0,1.0,0.0,1.0,33.8124,10.9868,3.0,1.0,1.0,1.0,556674.2993630574,580727.7766850828,False,True,False,True,False,False,True,False,True,False
276400.0,102.0,2.0,1.0,0.0,0.0,0.0,0.0,0.0,33.8076,10.8451,2.0,0.0,1.0,0.0,556674.2993630574,580727.7766850828,False,True,False,True,False,False,True,False,True,False
529700.0,125.0,5.0,2.0,0.0,1.0,1.0,0.0,1.0,33.8123,10.9869,3.0,0.0,1.0,1.0,556674.2993630574,580727.7766850828,False,True,False,True,False,False,True,False,True,False
879500.0,220.0,5.0,4.0,1.0,1.0,1.0,0.0,1.0,33.8124,10.9867,3.0,1.0,1.0,1.0,556674.2993630574,580727.7766850828,False,True,False,True,False,False,True,False,True,False
787690.0,192.0,5.0,3.0,1.0,0.0,0.0,0.0,0.0,33.8076,10.8451,4.0,1.0,1.0,1.0,556674.2993630574,580727.7766850828,False,True,False,True,False,False,True,False,True,False
468900.0,143.0,5.0,1.0,0.0,1.0,1.0,0.0,0.0,33.8076,10.8451,3.0,0.0,1.0,1.0,556674.2993630574,580727.7766850828,False,True,False,True,False,False,True,False,True,False
443800.0,132.0,5.0,2.0,0.0,0.0,0.0,0.0,0.0,33.8076,10.8451,3.0,0.0,1.0,1.0,556674.2993630574,580727.7766850828,False,True,False,True,False,False,True,False,True,False
495500.0,149.0,5.0,2.0,1.0,1.0,1.0,0.0,1.0,33.8076,10.8451,3.0,1.0,1.0,1.0,556674.2993630574,580727.7766850828,False,True,False,True,False,False,True,False,True,False
496580.0,520.0,10.0,6.0,1.0,0.0,0.0,0.0,0.0,33.8076,10.8451,6.0,1.0,1.0,0.0,556674.2993630574,580727.7766850828,False,True,False,True,False,False,True,False,True,False
698300.0,600.0,5.0,3.0,1.0,1.0,0.0,0.0,0.0,33.8076,10.8451,3.0,1.0,1.0,1.0,556674.2993630574,580727.7766850828,False,True,False,True,False,False,True,False,True,False
1099500.0,252.0,6.0,4.0,1.0,0.0,1.0,1.0,1.0,33.8076,10.8451,4.0,1.0,1.0,1.0,556674.2993630574,580727.7766850828,False,True,False,True,False,False,True,False,True,False
257800.0,168.0,5.0,2.0,0.0,0.0,0.0,0.0,0.0,33.8076,10.8451,3.0,0.0,0.0,0.0,556674.2993630574,580727.7766850828,False,True,False,True,False,False,True,False,True,False
914900.0,233.0,7.0,4.0,1.0,0.0,1.0,0.0,1.0,33.8076,10.8451,4.0,0.0,1.0,1.0,556674.2993630574,580727.7766850828,False,True,False,True,False,False,True,False,True,False
1055000.0,270.0,5.0,3.0,1.0,0.0,1.0,0.0,1.0,33.8076,10.8451,4.0,1.0,1.0,1.0,556674.2993630574,580727.7766850828,False,True,False,True,False,False,True,False,True,False
801580.0,270.0,5.0,3.0,1.0,0.0,0.0,0.0,0.0,33.8076,10.8451,3.0,1.0,1.0,0.0,556674.2993630574,580727.7766850828,False,True,False,True,False,False,True,False,True,False
618450.0,174.0,5.0,3.0,0.0,0.0,1.0,0.0,0.0,33.8076,10.8451,3.0,1.0,0.0,1.0,556674.2993630574,580727.7766850828,False,True,False,True,False,False,True,False,True,False
734850.0,220.0,5.0,2.0,0.0,0.0,1.0,0.0,1.0,33.8076,10.8451,4.0,1.0,1.0,1.0,556674.2993630574,580727.7766850828,False,True,False,True,False,False,True,False,True,False
1148560.0,402.0,5.0,3.0,0.0,0.0,1.0,0.0,0.0,33.8076,10.8451,4.0,0.0,1.0,1.0,556674.2993630574,580727.7766850828,False,True,False,True,False,False,True,False,True,False
798520.0,220.0,5.0,3.0,1.0,1.0,1.0,0.0,1.0,33.8076,10.8451,3.0,1.0,1.0,1.0,556674.2993630574,580727.7766850828,False,True,False,True,False,False,True,False,True,False
1120000.0,348.0,5.0,4.0,1.0,1.0,1.0,0.0,1.0,33.8076,10.8451,4.0,1.0,1.0,1.0,556674.2993630574,580727.7766850828,False,True,False,True,False,False,True,False,True,False
394740.0,146.0,5.0,2.0,0.0,0.0,1.0,0.0,1.0,33.8076,10.8451,3.0,1.0,0.0,1.0,556674.2993630574,580727.7766850828,False,True,False,True,False,False,True,False,True,False
689711.0,235.0,5.0,3.0,0.0,0.0,0.0,0.0,0.0,33.8076,10.8451,3.0,0.0,0.0,0.0,556674.2993630574,580727.7766850828,False,True,False,True,False,False,True,False,True,False
689800.0,190.0,5.0,3.0,1.0,1.0,1.0,0.0,1.0,33.8076,10.8451,3.0,1.0,1.0,1.0,556674.2993630574,580727.7766850828,False,True,False,True,False,False,True,False,True,False
309800.0,125.0,5.0,1.0,0.0,0.0,0.0,0.0,0.0,33.8076,10.8451,3.0,1.0,1.0,0.0,556674.2993630574,580727.7766850828,False,True,False,True,False,False,True,False,True,False
1020700.0,250.0,5.0,4.0,1.0,1.0,1.0,0.0,1.0,33.8076,10.8451,3.0,0.0,1.0,1.0,556674.2993630574,580727.7766850828,False,True,False,True,False,False,True,False,True,False
658000.0,186.0,6.0,2.0,1.0,1.0,1.0,0.0,1.0,33.8076,10.8451,3.0,0.0,1.0,1.0,556674.2993630574,580727.7766850828,False,True,False,True,False,False,True,False,True,False
620480.0,195.0,5.0,3.0,1.0,1.0,1.0,0.0,1.0,33.8076,10.8451,3.0,0.0,1.0,1.0,556674.2993630574,580727.7766850828,False,True,False,True,False,False,True,False,True,False
378400.0,165.0,5.0,2.0,0.0,0.0,1.0,0.0,0.0,33.8125,10.9866,3.0,1.0,1.0,1.0,556674.2993630574,580727.7766850828,False,True,False,True,False,False,True,False,True,False
518600.0,148.0,5.0,2.0,1.0,1.0,1.0,0.0,0.0,33.8128,10.9864,3.0,0.0,1.0,1.0,556674.2993630574,580727.7766850828,False,True,False,True,False,False,True,False,True,False
610400.0,235.0,5.0,4.0,1.0,1.0,1.0,0.0,1.0,33.8076,10.8451,3.0,0.0,1.0,1.0,556674.2993630574,580727.7766850828,False,True,False,True,False,False,True,False,True,False
759200.0,175.0,5.0,3.0,1.0,1.0,1.0,0.0,1.0,33.8076,10.8451,3.0,1.0,1.0,1.0,556674.2993630574,580727.7766850828,False,True,False,True,False,False,True,False,True,False
1095700.0,350.0,5.0,4.0,1.0,1.0,1.0,0.0,1.0,33.8076,10.8451,7.0,1.0,1.0,1.0,556674.2993630574,580727.7766850828,False,True,False,True,False,False,True,False,True,False
314840.0,118.0,5.0,1.0,0.0,0.0,0.0,0.0,0.0,33.8076,10.8451,3.0,0.0,0.0,0.0,556674.2993630574,580727.7766850828,False,True,False,True,False,False,True,False,True,False
473600.0,330.0,4.0,2.0,0.0,1.0,1.0,0.0,1.0,33.8076,10.8451,2.0,1.0,1.0,1.0,556674.2993630574,580727.7766850828,False,True,False,True,False,False,True,False,True,False
275800.0,109.0,5.0,2.0,1.0,0.0,0.0,0.0,0.0,33.8076,10.8451,3.0,1.0,0.0,0.0,556674.2993630574,580727.7766850828,False,True,False,True,False,False,True,False,True,False
629850.0,212.0,5.0,2.0,1.0,0.0,0.0,0.0,0.0,33.8076,10.8451,4.0,1.0,1.0,0.0,556674.2993630574,580727.7766850828,False,True,False,True,False,False,True,False,True,False
984500.0,300.0,5.0,4.0,1.0,0.0,1.0,0.0,0.0,33.8076,10.8451,5.0,1.0,1.0,1.0,556674.2993630574,580727.7766850828,False,True,False,True,False,False,True,False,True,False
389580.0,165.0,5.0,1.0,0.0,0.0,0.0,0.0,0.0,33.8076,10.8451,3.0,0.0,1.0,0.0,556674.2993630574,580727.7766850828,False,True,False,True,False,False,True,False,True,False
270000.0,160.0,5.0,1.0,0.0,0.0,0.0,0.0,0.0,36.8145,10.1345,3.0,0.0,1.0,0.0,694850.0507317072,1449446.8968031188,False,True,False,True,False,False,False,True,True,False
630000.0,140.0,5.0,1.0,0.0,0.0,1.0,1.0,1.0,36.7786,10.0554,3.0,1.0,1.0,0.0,646545.4545454546,513184.2105263158,False,True,False,True,False,True,False,False,True,False
370000.0,200.0,5.0,1.0,0.0,0.0,0.0,0.0,0.0,36.8145,10.1345,3.0,0.0,0.0,0.0,694850.0507317072,1449446.8968031188,False,True,False,True,False,False,False,True,True,False
270000.0,185.0,7.0,2.0,1.0,0.0,1.0,0.0,0.0,36.789,10.1835,4.0,0.0,0.0,0.0,428142.85714285716,1236960.2596551725,True,False,False,True,False,False,False,True,True,False
490000.0,500.0,4.0,2.0,1.0,0.0,0.0,0.0,0.0,36.789,10.1835,3.0,1.0,1.0,0.0,440000.0,527233.07,True,False,False,False,True,True,False,False,True,False
770000.0,220.0,5.0,3.0,1.0,0.0,1.0,1.0,1.0,36.4011,10.6146,4.0,1.0,1.0,0.0,809528.7390138675,783799.5456266907,False,False,True,True,False,False,True,False,True,False
518000.0,652.0,5.0,2.0,0.0,0.0,0.0,0.0,0.0,33.8076,10.8451,3.0,0.0,1.0,1.0,556674.2993630574,580727.7766850828,False,True,False,True,False,False,True,False,True,False
620000.0,269.0,2.0,1.0,1.0,1.0,1.0,0.0,0.0,36.4506,10.735,2.0,0.0,1.0,0.0,994136.9111340205,783799.5456266907,False,False,True,True,False,False,True,False,True,False
990000.0,320.0,5.0,3.0,1.0,0.0,1.0,1.0,0.0,36.4198,10.6619,4.0,1.0,1.0,0.0,809528.7390138675,783799.5456266907,False,False,True,True,False,False,True,False,True,False
740000.0,380.0,6.0,1.0,1.0,0.0,1.0,1.0,0.0,36.4011,10.6146,4.0,1.0,1.0,1.0,809528.7390138675,783799.5456266907,False,False,True,True,False,False,True,False,True,False
730000.0,529.0,5.0,1.0,1.0,0.0,0.0,0.0,0.0,35.8213,10.5967,3.0,0.0,1.0,0.0,1015812.9829508197,927922.7543356643,False,False,True,True,False,False,False,True,True,False
460000.0,120.0,6.0,3.0,1.0,0.0,1.0,0.0,0.0,37.05,11.0167,5.0,1.0,1.0,0.0,528091.5136842105,783799.5456266907,False,True,False,True,False,False,True,False,True,False
500000.0,725.0,6.0,1.0,0.0,0.0,0.0,0.0,0.0,36.8241,10.2244,6.0,0.0,1.0,0.0,518012.26,917271.3972689076,False,True,False,True,False,False,False,True,True,False
650000.0,328.0,5.0,1.0,1.0,0.0,0.0,0.0,0.0,36.7786,10.0554,5.0,1.0,1.0,0.0,646545.4545454546,513184.2105263158,False,True,False,True,False,True,False,False,True,False
950000.0,230.0,5.0,1.0,0.0,0.0,0.0,0.0,0.0,36.8942,10.2762,4.0,0.0,1.0,0.0,1578293.3970945948,1449446.8968031188,False,False,True,True,False,False,False,True,True,False
1600000.0,270.0,5.0,1.0,1.0,0.0,0.0,0.0,0.0,36.8942,10.2762,4.0,0.0,1.0,1.0,1578293.3970945948,1449446.8968031188,False,False,True,True,False,False,False,True,True,False
2500000.0,750.0,5.0,1.0,0.0,0.0,1.0,1.0,0.0,36.8942,10.2762,6.0,1.0,1.0,0.0,1578293.3970945948,1449446.8968031188,False,False,True,True,False,False,False,True,True,False
1800000.0,800.0,5.0,1.0,1.0,0.0,0.0,0.0,0.0,36.8942,10.2762,7.0,0.0,1.0,1.0,1578293.3970945948,1449446.8968031188,False,False,True,True,False,False,False,True,True,False
590000.0,750.0,3.0,2.0,1.0,1.0,1.0,1.0,1.0,36.4011,10.6146,3.0,0.0,1.0,1.0,809528.7390138675,783799.5456266907,False,False,True,True,False,False,True,False,True,False
550000.0,230.0,4.0,2.0,0.0,0.0,0.0,0.0,0.0,36.4011,10.6146,3.0,0.0,1.0,1.0,809528.7390138675,783799.5456266907,False,False,True,True,False,False,True,False,True,False
850000.0,291.0,12.0,4.0,0.0,0.0,0.0,1.0,1.0,36.659,10.4059,8.0,0.0,0.0,0.0,736411.7647058824,831885.7976100629,False,True,False,True,False,False,False,True,True,False
575400.0,189.0,5.0,3.0,1.0,0.0,0.0,0.0,0.0,33.8126,10.9865,3.0,0.0,1.0,1.0,556674.2993630574,580727.7766850828,False,True,False,True,False,False,True,False,True,False
485000.0,338.0,7.0,3.0,1.0,0.0,0.0,0.0,0.0,36.7038,10.4249,5.0,1.0,1.0,1.0,627104.5516666666,783799.5456266907,False,True,False,True,False,False,True,False,True,False
1500000.0,350.0,7.0,3.0,1.0,1.0,1.0,1.0,1.0,36.4299,10.6855,5.0,1.0,1.0,1.0,809528.7390138675,783799.5456266907,False,False,True,True,False,False,True,False,True,False
650000.0,300.0,5.0,1.0,0.0,0.0,1.0,1.0,0.0,36.8145,10.1345,3.0,1.0,0.0,0.0,694850.0507317072,1449446.8968031188,False,True,False,True,False,False,False,True,True,False
420000.0,512.0,3.0,1.0,1.0,0.0,0.0,0.0,0.0,36.8493,11.0918,2.0,1.0,1.0,0.0,451934.8628125,783799.5456266907,True,False,False,True,False,False,True,False,True,False
1000000.0,180.0,4.0,1.0,0.0,0.0,0.0,0.0,0.0,36.8764,10.3253,4.0,0.0,0.0,0.0,1578293.3970945948,1449446.8968031188,False,False,True,True,False,False,False,True,True,False
650000.0,500.0,4.0,2.0,0.0,0.0,0.0,0.0,0.0,36.4011,10.6146,3.0,0.0,0.0,1.0,809528.7390138675,783799.5456266907,False,False,True,True,False,False,True,False,True,False
690000.0,345.0,5.0,3.0,1.0,0.0,1.0,1.0,1.0,36.4011,10.6146,4.0,0.0,1.0,1.0,809528.7390138675,783799.5456266907,False,False,True,True,False,False,True,False,True,False
1300000.0,268.0,5.0,3.0,1.0,0.0,1.0,1.0,1.0,36.8764,10.3253,3.0,1.0,1.0,0.0,1578293.3970945948,1449446.8968031188,False,False,True,True,False,False,False,True,True,False
360000.0,170.0,4.0,2.0,1.0,0.0,1.0,1.0,1.0,36.8764,10.3253,5.0,1.0,1.0,0.0,1578293.3970945948,1449446.8968031188,False,False,True,True,False,False,False,True,True,False
2700000.0,378.0,4.0,1.0,1.0,0.0,0.0,0.0,0.0,36.8694,10.3164,3.0,1.0,1.0,0.0,2180444.6730612246,1449446.8968031188,False,False,True,True,False,False,False,True,True,False
1850000.0,790.0,5.0,1.0,1.0,0.0,0.0,0.0,0.0,36.8764,10.3253,5.0,0.0,1.0,1.0,1578293.3970945948,1449446.8968031188,False,False,True,True,False,False,False,True,True,False
300000.0,164.0,5.0,2.0,0.0,0.0,1.0,0.0,0.0,36.3998,10.1448,5.0,0.0,1.0,0.0,560000.0,527233.07,False,True,False,True,False,True,False,False,True,False
390000.0,340.0,4.0,2.0,1.0,1.0,1.0,1.0,0.0,33.8667,10.85,3.0,1.0,1.0,0.0,537322.9179591837,537322.9179591837,False,True,False,True,False,False,True,False,True,False
880000.0,409.0,5.0,1.0,0.0,0.0,0.0,0.0,0.0,36.8452,10.1647,3.0,1.0,0.0,0.0,1177994.243076923,783799.5456266907,False,False,True,True,False,False,True,False,True,False
1300000.0,400.0,5.0,1.0,0.0,0.0,0.0,0.0,0.0,36.8316,10.1641,3.0,1.0,0.0,0.0,1542012.4593548388,831885.7976100629,False,False,True,True,False,False,False,True,True,False
580000.0,630.0,5.0,1.0,1.0,0.0,0.0,0.0,0.0,35.8273,10.6339,4.0,0.0,1.0,0.0,1015812.9829508197,927922.7543356643,False,False,True,True,False,False,False,True,True,False
1800000.0,940.0,6.0,3.0,1.0,0.0,0.0,0.0,0.0,35.8569,10.5972,4.0,0.0,1.0,0.0,1015812.9829508197,927922.7543356643,False,False,True,True,False,False,False,True,True,False
1400000.0,887.0,4.0,1.0,0.0,0.0,0.0,0.0,0.0,36.4011,10.6146,4.0,1.0,0.0,1.0,809528.7390138675,783799.5456266907,False,False,True,True,False,False,True,False,True,False
610000.0,370.0,6.0,2.0,1.0,0.0,0.0,0.0,0.0,35.65,10.9,6.0,1.0,0.0,0.0,521875.0,641574.9720430108,False,True,False,True,False,False,True,False,True,False
800000.0,300.0,4.0,3.0,1.0,1.0,1.0,1.0,1.0,36.8833,10.25,3.0,1.0,1.0,0.0,1011828.5111111111,917271.3972689076,False,False,True,True,False,False,False,True,True,False
1150000.0,210.0,12.0,3.0,0.0,0.0,1.0,1.0,0.0,36.8333,10.3167,9.0,1.0,1.0,0.0,1416795.7877419356,1449446.8968031188,False,False,True,True,False,False,False,True,True,False
850000.0,400.0,5.0,2.0,1.0,0.0,1.0,1.0,0.0,35.87,10.57,3.0,1.0,1.0,0.0,1026490.2244999999,927922.7543356643,False,False,True,True,False,False,False,True,True,False
638600.0,228.0,4.0,1.0,1.0,0.0,1.0,1.0,0.0,35.87,10.57,3.0,1.0,1.0,1.0,1026490.2244999999,927922.7543356643,False,False,True,True,False,False,False,True,True,False
890000.0,240.0,5.0,3.0,1.0,0.0,1.0,1.0,1.0,36.4198,10.6619,4.0,1.0,1.0,1.0,809528.7390138675,783799.5456266907,False,False,True,True,False,False,True,False,True,False
440000.0,240.0,6.0,2.0,1.0,0.0,0.0,0.0,0.0,36.8493,11.0918,4.0,0.0,1.0,0.0,451934.8628125,783799.5456266907,True,False,False,True,False,False,True,False,True,False
185000.0,200.0,3.0,1.0,1.0,0.0,0.0,0.0,0.0,37.05,11.0167,2.0,0.0,1.0,0.0,528091.5136842105,783799.5456266907,False,True,False,True,False,False,True,False,True,False
470000.0,500.0,5.0,1.0,1.0,0.0,0.0,0.0,0.0,36.8493,11.0918,4.0,1.0,1.0,0.0,451934.8628125,783799.5456266907,True,False,False,True,False,False,True,False,True,False
1190000.0,459.0,6.0,3.0,1.0,0.0,0.0,0.0,0.0,36.8493,11.0918,5.0,1.0,1.0,0.0,451934.8628125,783799.5456266907,True,False,False,True,False,False,True,False,True,False
375000.0,160.0,4.0,2.0,1.0,0.0,0.0,0.0,0.0,35.8218,10.5606,3.0,0.0,0.0,0.0,552642.1685714285,927922.7543356643,False,True,False,True,False,False,False,True,True,False
1200000.0,240.0,6.0,2.0,1.0,0.0,1.0,1.0,1.0,36.8625,10.1956,5.0,1.0,1.0,0.0,1020923.2245882354,917271.3972689076,False,False,True,True,False,False,False,True,True,False
590000.0,480.0,5.0,1.0,1.0,0.0,0.0,0.0,0.0,35.3947,11.0401,3.0,1.0,1.0,0.0,603000.0,456714.28571428574,False,True,False,True,False,True,False,False,True,False
320000.0,325.0,5.0,2.0,1.0,0.0,0.0,0.0,0.0,34.427,8.7731,6.0,1.0,1.0,0.0,205000.0,488000.0,True,False,False,False,True,True,False,False,True,False
790000.0,550.0,5.0,1.0,1.0,0.0,0.0,0.0,0.0,36.8625,10.1956,3.0,1.0,1.0,0.0,1020923.2245882354,917271.3972689076,False,False,True,True,False,False,False,True,True,False
585000.0,400.0,5.0,1.0,1.0,0.0,0.0,1.0,1.0,36.8605,10.1604,3.0,1.0,1.0,0.0,1020923.2245882354,917271.3972689076,False,False,True,True,False,False,False,True,True,False
377000.0,450.0,5.0,2.0,1.0,1.0,1.0,0.0,0.0,36.952,8.7581,5.0,1.0,1.0,1.0,401160.838,368467.365,True,False,False,True,False,True,False,False,True,False
680000.0,535.0,5.0,1.0,0.0,0.0,0.0,0.0,0.0,36.8145,10.1345,3.0,0.0,0.0,0.0,694850.0507317072,1449446.8968031188,False,True,False,True,False,False,False,True,True,False
780000.0,150.0,5.0,1.0,1.0,0.0,0.0,0.0,0.0,36.8145,10.1345,3.0,0.0,1.0,0.0,694850.0507317072,1449446.8968031188,False,True,False,True,False,False,False,True,True,False
1038500.0,670.0,5.0,1.0,0.0,0.0,0.0,0.0,0.0,36.8302,10.1374,3.0,0.0,0.0,0.0,694850.0507317072,1449446.8968031188,False,True,False,True,False,False,False,True,True,False
890000.0,430.0,5.0,1.0,0.0,0.0,0.0,0.0,0.0,36.8145,10.1345,3.0,0.0,0.0,0.0,694850.0507317072,1449446.8968031188,False,True,False,True,False,False,False,True,True,False
450000.0,220.0,5.0,1.0,0.0,0.0,0.0,0.0,0.0,36.8145,10.1345,3.0,0.0,1.0,0.0,694850.0507317072,1449446.8968031188,False,True,False,True,False,False,False,True,True,False
450000.0,150.0,5.0,1.0,0.0,0.0,0.0,0.0,0.0,36.8145,10.1345,3.0,0.0,1.0,0.0,694850.0507317072,1449446.8968031188,False,True,False,True,False,False,False,True,True,False
450000.0,140.0,5.0,1.0,0.0,1.0,1.0,1.0,0.0,36.8302,10.1374,3.0,1.0,1.0,0.0,694850.0507317072,1449446.8968031188,False,True,False,True,False,False,False,True,True,False
1500000.0,423.0,7.0,4.0,1.0,0.0,1.0,1.0,0.0,36.8764,10.3253,6.0,1.0,1.0,0.0,1578293.3970945948,1449446.8968031188,False,False,True,True,False,False,False,True,True,False
1200000.0,649.0,6.0,5.0,1.0,0.0,1.0,1.0,0.0,36.8965,10.218,5.0,1.0,1.0,1.0,1011828.5111111111,917271.3972689076,False,False,True,True,False,False,False,True,True,False
1100000.0,770.0,8.0,5.0,1.0,0.0,0.0,0.0,0.0,36.8515,10.1666,5.0,1.0,1.0,1.0,1020923.2245882354,917271.3972689076,False,False,True,True,False,False,False,True,True,False
690000.0,304.0,4.0,1.0,1.0,0.0,1.0,1.0,0.0,36.4011,10.6146,3.0,1.0,1.0,0.0,809528.7390138675,783799.5456266907,False,False,True,True,False,False,True,False,True,False
370000.0,328.0,4.0,2.0,1.0,0.0,0.0,0.0,0.0,36.8493,11.0918,3.0,1.0,0.0,0.0,451934.8628125,783799.5456266907,True,False,False,True,False,False,True,False,True,False
800000.0,337.0,5.0,5.0,1.0,0.0,1.0,1.0,1.0,36.4198,10.6619,4.0,0.0,1.0,1.0,809528.7390138675,783799.5456266907,False,False,True,True,False,False,True,False,True,False
1100000.0,482.0,10.0,3.0,1.0,0.0,1.0,1.0,0.0,36.8452,10.1647,8.0,1.0,1.0,0.0,1177994.243076923,783799.5456266907,False,False,True,True,False,False,True,False,True,False
380000.0,600.0,10.0,2.0,1.0,0.0,1.0,1.0,0.0,36.9544,10.1914,7.0,1.0,1.0,0.0,499150.58999999997,917271.3972689076,False,True,False,True,False,False,False,True,True,False
2400000.0,400.0,7.0,5.0,1.0,0.0,1.0,1.0,0.0,36.8932,10.3099,8.0,1.0,1.0,1.0,1578293.3970945948,1449446.8968031188,False,False,True,True,False,False,False,True,True,False
500000.0,180.0,6.0,2.0,0.0,1.0,1.0,0.0,0.0,37.1303,9.7507,4.0,0.0,0.0,0.0,437142.85714285716,534121.1009677419,True,False,False,True,False,True,False,False,True,False
1500000.0,140.0,6.0,1.0,1.0,0.0,0.0,0.0,0.0,35.8146,10.6264,3.0,1.0,1.0,0.0,1015812.9829508197,927922.7543356643,False,False,True,True,False,False,False,True,True,False
150000.0,100.0,5.0,1.0,1.0,0.0,0.0,0.0,0.0,36.3008,10.4555,2.0,0.0,0.0,0.0,150000.0,927922.7543356643,True,False,False,False,True,False,False,True,True,False
750000.0,172.0,3.0,2.0,1.0,0.0,0.0,0.0,1.0,33.8076,10.8451,3.0,1.0,1.0,1.0,556674.2993630574,580727.7766850828,False,True,False,True,False,False,True,False,True,False
548900.0,135.0,5.0,2.0,1.0,0.0,1.0,0.0,0.0,33.8123,10.987,3.0,1.0,1.0,1.0,556674.2993630574,580727.7766850828,False,True,False,True,False,False,True,False,True,False
442300.0,168.0,5.0,2.0,0.0,0.0,0.0,0.0,0.0,33.8124,10.9868,3.0,1.0,1.0,1.0,556674.2993630574,580727.7766850828,False,True,False,True,False,False,True,False,True,False
447900.0,173.0,5.0,2.0,1.0,1.0,1.0,0.0,1.0,33.8122,10.9869,3.0,1.0,1.0,1.0,556674.2993630574,580727.7766850828,False,True,False,True,False,False,True,False,True,False
420000.0,240.0,5.0,1.0,1.0,0.0,0.0,0.0,0.0,36.8605,10.1604,3.0,0.0,0.0,0.0,1020923.2245882354,917271.3972689076,False,False,True,True,False,False,False,True,True,False
980000.0,300.0,5.0,4.0,1.0,0.0,0.0,1.0,1.0,36.4011,10.6146,3.0,1.0,1.0,1.0,809528.7390138675,783799.5456266907,False,False,True,True,False,False,True,False,True,False
660000.0,205.0,4.0,2.0,1.0,0.0,0.0,0.0,0.0,36.404,10.569,3.0,1.0,1.0,1.0,809528.7390138675,783799.5456266907,False,False,True,True,False,False,True,False,True,False
560000.0,180.0,5.0,1.0,0.0,0.0,0.0,0.0,0.0,36.8145,10.1345,3.0,0.0,0.0,0.0,694850.0507317072,1449446.8968031188,False,True,False,True,False,False,False,True,True,False
450000.0,180.0,5.0,1.0,1.0,0.0,0.0,0.0,1.0,37.2667,9.8667,3.0,0.0,0.0,0.0,513185.1669565218,534121.1009677419,False,True,False,True,False,True,False,False,True,False
1100000.0,347.0,5.0,3.0,1.0,0.0,1.0,1.0,0.0,36.4011,10.6146,4.0,1.0,1.0,1.0,809528.7390138675,783799.5456266907,False,False,True,True,False,False,True,False,True,False
790000.0,500.0,4.0,2.0,1.0,0.0,1.0,1.0,0.0,36.4011,10.6146,3.0,1.0,1.0,1.0,809528.7390138675,783799.5456266907,False,False,True,True,False,False,True,False,True,False
660000.0,200.0,3.0,3.0,1.0,0.0,0.0,1.0,0.0,36.4011,10.6146,3.0,1.0,1.0,1.0,809528.7390138675,783799.5456266907,False,False,True,True,False,False,True,False,True,False
900000.0,300.0,5.0,1.0,0.0,0.0,0.0,1.0,0.0,35.8273,10.6339,4.0,0.0,1.0,1.0,1015812.9829508197,927922.7543356643,False,False,True,True,False,False,False,True,True,False
2650000.0,400.0,5.0,2.0,1.0,0.0,1.0,1.0,0.0,35.7218,10.6179,4.0,0.0,1.0,1.0,1339000.0,814548.518095238,False,False,True,True,False,False,False,True,True,False
570000.0,200.0,3.0,1.0,1.0,0.0,0.0,0.0,0.0,36.4011,10.6146,3.0,1.0,1.0,0.0,809528.7390138675,783799.5456266907,False,False,True,True,False,False,True,False,True,False
600000.0,200.0,4.0,2.0,1.0,0.0,0.0,0.0,0.0,36.8625,10.1956,3.0,0.0,0.0,0.0,1020923.2245882354,917271.3972689076,False,False,True,True,False,False,False,True,True,False
780000.0,820.0,5.0,1.0,1.0,0.0,0.0,0.0,0.0,35.3947,11.0401,3.0,1.0,1.0,0.0,603000.0,456714.28571428574,False,True,False,True,False,True,False,False,True,False
440000.0,371.0,5.0,1.0,1.0,0.0,0.0,0.0,0.0,35.4319,10.8357,3.0,1.0,1.0,0.0,302750.0,607626.79375,True,False,False,True,False,False,True,False,True,False
122000.0,120.0,4.0,1.0,0.0,0.0,0.0,0.0,0.0,37.2155,10.1266,3.0,0.0,0.0,0.0,487846.1538461539,534121.1009677419,True,False,False,True,False,True,False,False,True,False
890000.0,262.0,5.0,4.0,1.0,0.0,1.0,1.0,1.0,36.4011,10.6146,4.0,1.0,1.0,1.0,809528.7390138675,783799.5456266907,False,False,True,True,False,False,True,False,True,False
1380000.0,920.0,5.0,5.0,1.0,0.0,1.0,1.0,1.0,36.4011,10.6146,4.0,1.0,1.0,1.0,809528.7390138675,783799.5456266907,False,False,True,True,False,False,True,False,True,False
1700000.0,629.0,5.0,4.0,1.0,0.0,1.0,1.0,1.0,36.4011,10.6146,4.0,1.0,1.0,1.0,809528.7390138675,783799.5456266907,False,False,True,True,False,False,True,False,True,False
780000.0,740.0,5.0,4.0,1.0,0.0,1.0,1.0,0.0,36.4011,10.6146,4.0,0.0,1.0,1.0,809528.7390138675,783799.5456266907,False,False,True,True,False,False,True,False,True,False
750000.0,509.0,5.0,1.0,0.0,0.0,1.0,1.0,1.0,36.8965,10.218,3.0,1.0,0.0,1.0,1011828.5111111111,917271.3972689076,False,False,True,True,False,False,False,True,True,False
232000.0,280.0,8.0,2.0,0.0,0.0,0.0,0.0,0.0,36.8094,9.909,7.0,1.0,0.0,0.0,279250.0,513184.2105263158,True,False,False,True,False,True,False,False,True,False
490000.0,340.0,8.0,2.0,1.0,0.0,0.0,0.0,0.0,37.1303,9.7507,6.0,0.0,0.0,0.0,487846.1538461539,534121.1009677419,True,False,False,True,False,True,False,False,True,False
880000.0,200.0,2.0,1.0,0.0,0.0,0.0,0.0,0.0,36.8764,10.3253,2.0,0.0,0.0,0.0,1578293.3970945948,1449446.8968031188,False,False,True,True,False,False,False,True,True,False
150000.0,140.0,5.0,1.0,1.0,0.0,0.0,0.0,0.0,35.75,10.72,3.0,0.0,0.0,0.0,611065.7495652174,641574.9720430108,False,True,False,True,False,False,True,False,True,False
260000.0,170.0,5.0,1.0,0.0,0.0,0.0,0.0,0.0,35.75,10.72,3.0,1.0,0.0,0.0,611065.7495652174,641574.9720430108,False,True,False,True,False,False,True,False,True,False
500000.0,497.0,5.0,1.0,0.0,0.0,0.0,0.0,0.0,35.75,10.72,3.0,0.0,0.0,0.0,611065.7495652174,641574.9720430108,False,True,False,True,False,False,True,False,True,False
295000.0,135.0,2.0,2.0,1.0,0.0,0.0,0.0,0.0,35.75,10.72,4.0,1.0,0.0,0.0,611065.7495652174,641574.9720430108,False,True,False,True,False,False,True,False,True,False
240000.0,200.0,5.0,1.0,0.0,0.0,0.0,0.0,0.0,35.75,10.72,3.0,1.0,0.0,0.0,611065.7495652174,641574.9720430108,False,True,False,True,False,False,True,False,True,False
120000.0,350.0,2.0,1.0,0.0,0.0,0.0,0.0,0.0,35.75,10.72,4.0,0.0,0.0,0.0,611065.7495652174,641574.9720430108,False,True,False,True,False,False,True,False,True,False
310000.0,250.0,5.0,1.0,0.0,0.0,0.0,0.0,0.0,35.75,10.72,3.0,0.0,0.0,0.0,611065.7495652174,641574.9720430108,False,True,False,True,False,False,True,False,True,False
390000.0,520.0,5.0,1.0,0.0,0.0,0.0,0.0,0.0,35.75,10.72,3.0,0.0,0.0,0.0,611065.7495652174,641574.9720430108,False,True,False,True,False,False,True,False,True,False
1750000.0,480.0,6.0,3.0,1.0,0.0,1.0,1.0,0.0,36.8915,10.1626,6.0,1.0,1.0,1.0,1542012.4593548388,831885.7976100629,False,False,True,True,False,False,False,True,True,False
380000.0,148.0,9.0,3.0,0.0,0.0,0.0,1.0,0.0,36.5772,10.3425,7.0,1.0,1.0,0.0,747303.2021052631,831885.7976100629,False,False,True,True,False,False,False,True,True,False
620000.0,240.0,3.0,4.0,1.0,0.0,1.0,1.0,1.0,33.8076,10.8451,3.0,0.0,1.0,1.0,556674.2993630574,580727.7766850828,False,True,False,True,False,False,True,False,True,False
990000.0,300.0,6.0,6.0,1.0,0.0,0.0,0.0,1.0,33.9216,8.1386,4.0,0.0,1.0,1.0,890627.31,1250438.6644444445,False,False,True,False,True,False,False,True,True,False
290000.0,300.0,5.0,2.0,1.0,0.0,0.0,0.0,0.0,36.9544,10.1914,4.0,0.0,0.0,0.0,499150.58999999997,917271.3972689076,False,True,False,True,False,False,False,True,True,False
1650000.0,414.0,7.0,1.0,0.0,0.0,1.0,1.0,0.0,35.8324,10.6225,7.0,0.0,0.0,0.0,1015812.9829508197,927922.7543356643,False,False,True,True,False,False,False,True,True,False
1499000.0,340.0,6.0,3.0,1.0,0.0,1.0,1.0,0.0,35.8324,10.6225,4.0,1.0,1.0,0.0,1015812.9829508197,927922.7543356643,False,False,True,True,False,False,False,True,True,False
1600000.0,500.0,8.0,4.0,0.0,0.0,1.0,1.0,1.0,36.8452,10.1647,5.0,1.0,1.0,0.0,1177994.243076923,783799.5456266907,False,False,True,True,False,False,True,False,True,False
1200000.0,439.0,5.0,1.0,1.0,0.0,0.0,1.0,0.0,36.8625,10.1956,3.0,0.0,1.0,0.0,1020923.2245882354,917271.3972689076,False,False,True,True,False,False,False,True,True,False
900000.0,440.0,4.0,2.0,1.0,1.0,1.0,1.0,0.0,36.4011,10.6146,3.0,1.0,1.0,1.0,809528.7390138675,783799.5456266907,False,False,True,True,False,False,True,False,True,False
650000.0,625.0,4.0,3.0,1.0,1.0,1.0,1.0,0.0,36.4011,10.6146,3.0,1.0,1.0,1.0,809528.7390138675,783799.5456266907,False,False,True,True,False,False,True,False,True,False
257500.0,560.0,4.0,1.0,0.0,0.0,0.0,0.0,0.0,35.8569,10.5972,3.0,0.0,0.0,0.0,1015812.9829508197,927922.7543356643,False,False,True,True,False,False,False,True,True,False
1200000.0,310.0,5.0,3.0,1.0,0.0,1.0,1.0,0.0,36.3749,10.5352,4.0,1.0,1.0,0.0,809528.7390138675,783799.5456266907,False,False,True,True,False,False,True,False,True,False
1200000.0,460.0,5.0,1.0,0.0,0.0,0.0,0.0,0.0,36.8452,10.1647,3.0,0.0,0.0,0.0,1177994.243076923,783799.5456266907,False,False,True,True,False,False,True,False,True,False
1100000.0,378.0,5.0,1.0,0.0,0.0,0.0,0.0,0.0,36.8404,10.1739,3.0,0.0,0.0,0.0,1177994.243076923,783799.5456266907,False,False,True,True,False,False,True,False,True,False
1950000.0,500.0,5.0,1.0,1.0,0.0,1.0,1.0,1.0,36.8316,10.1641,2.0,1.0,0.0,1.0,1542012.4593548388,831885.7976100629,False,False,True,True,False,False,False,True,True,False
1250000.0,423.0,7.0,2.0,0.0,0.0,1.0,1.0,0.0,36.4506,10.735,4.0,1.0,1.0,0.0,994136.9111340205,783799.5456266907,False,False,True,True,False,False,True,False,True,False
950000.0,300.0,5.0,1.0,1.0,0.0,1.0,1.0,1.0,36.4011,10.6146,4.0,1.0,1.0,1.0,809528.7390138675,783799.5456266907,False,False,True,True,False,False,True,False,True,False
580000.0,180.0,4.0,3.0,0.0,0.0,1.0,1.0,0.0,36.4011,10.6146,3.0,1.0,0.0,1.0,809528.7390138675,783799.5456266907,False,False,True,True,False,False,True,False,True,False
1000000.0,140.0,4.0,1.0,1.0,0.0,1.0,1.0,0.0,36.4011,10.6146,3.0,0.0,0.0,0.0,809528.7390138675,783799.5456266907,False,False,True,True,False,False,True,False,True,False
1250000.0,350.0,4.0,1.0,1.0,0.0,1.0,1.0,1.0,36.4011,10.6146,4.0,0.0,0.0,1.0,809528.7390138675,783799.5456266907,False,False,True,True,False,False,True,False,True,False
540000.0,165.0,5.0,4.0,1.0,1.0,1.0,1.0,0.0,36.4011,10.6146,4.0,1.0,1.0,1.0,809528.7390138675,783799.5456266907,False,False,True,True,False,False,True,False,True,False
850000.0,400.0,4.0,1.0,1.0,0.0,1.0,1.0,0.0,36.6939,10.2622,4.0,1.0,1.0,0.0,906315.7894736842,831885.7976100629,False,False,True,True,False,False,False,True,True,False
350000.0,218.0,3.0,2.0,0.0,0.0,1.0,1.0,0.0,36.4011,10.6146,2.0,1.0,1.0,0.0,809528.7390138675,783799.5456266907,False,False,True,True,False,False,True,False,True,False
1888000.0,273.0,5.0,5.0,1.0,0.0,1.0,1.0,1.0,36.8333,10.3167,4.0,1.0,1.0,0.0,1416795.7877419356,1449446.8968031188,False,False,True,True,False,False,False,True,True,False
445000.0,431.0,5.0,1.0,0.0,0.0,0.0,0.0,0.0,35.65,10.9,3.0,1.0,0.0,0.0,521875.0,641574.9720430108,False,True,False,True,False,False,True,False,True,False
390000.0,380.0,10.0,3.0,0.0,0.0,0.0,0.0,0.0,35.65,10.9,3.0,1.0,0.0,0.0,521875.0,641574.9720430108,False,True,False,True,False,False,True,False,True,False
800000.0,454.0,5.0,1.0,0.0,0.0,0.0,0.0,0.0,35.65,10.9,3.0,0.0,0.0,0.0,521875.0,641574.9720430108,False,True,False,True,False,False,True,False,True,False
165000.0,100.0,2.0,1.0,1.0,0.0,0.0,0.0,0.0,37.1303,9.7507,3.0,0.0,0.0,0.0,487846.1538461539,534121.1009677419,True,False,False,True,False,True,False,False,True,False
1250000.0,630.0,5.0,2.0,1.0,0.0,0.0,0.0,0.0,36.4011,10.6146,4.0,0.0,1.0,1.0,809528.7390138675,783799.5456266907,False,False,True,True,False,False,True,False,True,False
1190000.0,365.0,6.0,4.0,1.0,0.0,0.0,0.0,0.0,36.8493,11.0918,5.0,1.0,0.0,1.0,451934.8628125,783799.5456266907,True,False,False,True,False,False,True,False,True,False
1100000.0,500.0,5.0,3.0,1.0,0.0,1.0,1.0,1.0,36.8625,10.1956,4.0,1.0,1.0,0.0,1020923.2245882354,917271.3972689076,False,False,True,True,False,False,False,True,True,False
580000.0,429.0,4.0,2.0,0.0,1.0,0.0,0.0,0.0,33.8667,10.85,4.0,0.0,0.0,1.0,1011828.5111111111,917271.3972689076,False,False,True,True,False,False,False,True,True,False
480000.0,120.0,3.0,2.0,0.0,0.0,0.0,0.0,0.0,33.8667,10.85,3.0,0.0,1.0,1.0,537322.9179591837,537322.9179591837,False,True,False,True,False,False,True,False,True,False
550000.0,180.0,3.0,2.0,0.0,1.0,1.0,0.0,0.0,33.804,11.0401,3.0,1.0,0.0,1.0,604000.0,465625.0,False,True,False,True,False,True,False,False,True,False
350000.0,243.0,3.0,2.0,0.0,1.0,0.0,0.0,0.0,33.8667,10.85,3.0,0.0,1.0,0.0,1011828.5111111111,917271.3972689076,False,False,True,True,False,False,False,True,True,False
1550000.0,467.0,8.0,2.0,1.0,0.0,0.0,1.0,0.0,36.8452,10.1647,6.0,1.0,1.0,0.0,1542012.4593548388,831885.7976100629,False,False,True,True,False,False,False,True,True,False
700000.0,500.0,3.0,2.0,1.0,1.0,1.0,1.0,0.0,33.7597,11.0125,3.0,1.0,1.0,1.0,552642.1685714285,927922.7543356643,False,True,False,True,False,False,False,True,True,False
470000.0,600.0,5.0,2.0,0.0,0.0,1.0,1.0,0.0,36.8625,10.1956,4.0,1.0,1.0,0.0,1020923.2245882354,917271.3972689076,False,False,True,True,False,False,False,True,True,False
550000.0,282.0,8.0,2.0,1.0,0.0,1.0,1.0,0.0,36.8094,9.909,6.0,0.0,1.0,0.0,529454.5454545454,831885.7976100629,False,True,False,True,False,False,False,True,True,False
1190000.0,381.0,5.0,2.0,1.0,0.0,1.0,1.0,1.0,36.8147,10.1558,5.0,1.0,1.0,0.0,1177994.243076923,783799.5456266907,False,False,True,True,False,False,True,False,True,False
1620000.0,608.0,5.0,4.0,1.0,0.0,1.0,1.0,1.0,36.8596,10.2054,6.0,1.0,1.0,0.0,1020923.2245882354,917271.3972689076,False,False,True,True,False,False,False,True,True,False
895000.0,501.0,5.0,5.0,1.0,0.0,1.0,1.0,1.0,36.8356,10.2159,7.0,1.0,1.0,0.0,528091.5136842105,783799.5456266907,False,True,False,True,False,False,True,False,True,False
595000.0,470.0,5.0,3.0,1.0,0.0,1.0,1.0,0.0,36.7786,10.0554,4.0,1.0,1.0,0.0,646545.4545454546,513184.2105263158,False,True,False,True,False,True,False,False,True,False
675000.0,512.0,5.0,1.0,1.0,0.0,1.0,0.0,0.0,36.8651,10.2124,4.0,1.0,1.0,1.0,1011828.5111111111,917271.3972689076,False,False,True,True,False,False,False,True,True,False
1300000.0,400.0,5.0,1.0,0.0,0.0,0.0,0.0,0.0,36.4011,10.6146,3.0,0.0,1.0,1.0,809528.7390138675,783799.5456266907,False,False,True,True,False,False,True,False,True,False
990000.0,469.0,6.0,1.0,1.0,0.0,0.0,0.0,0.0,36.4011,10.6146,5.0,0.0,0.0,0.0,809528.7390138675,783799.5456266907,False,False,True,True,False,False,True,False,True,False
1950000.0,747.0,6.0,3.0,1.0,0.0,1.0,1.0,0.0,36.4506,10.735,6.0,1.0,1.0,1.0,994136.9111340205,783799.5456266907,False,False,True,True,False,False,True,False,True,False
1400000.0,250.0,4.0,2.0,1.0,0.0,1.0,1.0,1.0,36.8764,10.3253,3.0,1.0,1.0,0.0,1578293.3970945948,1449446.8968031188,False,False,True,True,False,False,False,True,True,False
620000.0,200.0,6.0,1.0,0.0,0.0,0.0,0.0,0.0,36.7134,10.2096,3.0,0.0,0.0,0.0,614259.2592592592,831885.7976100629,False,True,False,True,False,False,False,True,True,False
590000.0,191.0,7.0,3.0,1.0,1.0,0.0,1.0,0.0,36.0301,10.5079,4.0,0.0,1.0,1.0,847410.6436363637,927922.7543356643,False,False,True,True,False,False,False,True,True,False
1800000.0,424.0,6.0,5.0,1.0,0.0,1.0,1.0,1.0,36.8764,10.3253,4.0,1.0,1.0,1.0,1578293.3970945948,1449446.8968031188,False,False,True,True,False,False,False,True,True,False
690000.0,200.0,4.0,2.0,1.0,0.0,0.0,0.0,0.0,33.8667,10.85,3.0,1.0,0.0,1.0,1011828.5111111111,917271.3972689076,False,False,True,True,False,False,False,True,True,False
470000.0,550.0,4.0,1.0,1.0,0.0,0.0,0.0,0.0,36.8493,11.0918,3.0,0.0,1.0,0.0,451934.8628125,783799.5456266907,True,False,False,True,False,False,True,False,True,False
690000.0,620.0,5.0,4.0,0.0,1.0,1.0,0.0,0.0,36.4011,10.6146,4.0,0.0,1.0,1.0,809528.7390138675,783799.5456266907,False,False,True,True,False,False,True,False,True,False
500000.0,440.0,4.0,2.0,1.0,0.0,1.0,1.0,1.0,36.4506,10.735,3.0,0.0,1.0,0.0,994136.9111340205,783799.5456266907,False,False,True,True,False,False,True,False,True,False
1950000.0,500.0,6.0,3.0,1.0,0.0,1.0,1.0,1.0,36.8625,10.1956,4.0,1.0,1.0,0.0,1020923.2245882354,917271.3972689076,False,False,True,True,False,False,False,True,True,False
890000.0,543.0,8.0,3.0,0.0,0.0,1.0,1.0,0.0,36.8625,10.1956,6.0,1.0,1.0,0.0,1020923.2245882354,917271.3972689076,False,False,True,True,False,False,False,True,True,False
960000.0,431.0,5.0,3.0,1.0,0.0,1.0,0.0,0.0,36.4011,10.6146,4.0,0.0,1.0,1.0,809528.7390138675,783799.5456266907,False,False,True,True,False,False,True,False,True,False
850000.0,280.0,5.0,2.0,1.0,1.0,1.0,1.0,1.0,36.4011,10.6146,4.0,0.0,1.0,1.0,809528.7390138675,783799.5456266907,False,False,True,True,False,False,True,False,True,False
720000.0,270.0,4.0,2.0,1.0,0.0,1.0,1.0,0.0,36.4011,10.6146,3.0,0.0,1.0,1.0,809528.7390138675,783799.5456266907,False,False,True,True,False,False,True,False,True,False
870000.0,325.0,5.0,3.0,0.0,0.0,0.0,0.0,0.0,36.4011,10.6146,4.0,0.0,1.0,1.0,809528.7390138675,783799.5456266907,False,False,True,True,False,False,True,False,True,False
800000.0,750.0,4.0,2.0,0.0,0.0,0.0,0.0,0.0,36.4011,10.6146,3.0,0.0,1.0,1.0,809528.7390138675,783799.5456266907,False,False,True,True,False,False,True,False,True,False
1180000.0,500.0,5.0,4.0,1.0,0.0,0.0,0.0,0.0,36.4011,10.6146,4.0,0.0,0.0,0.0,809528.7390138675,783799.5456266907,False,False,True,True,False,False,True,False,True,False
775000.0,184.0,6.0,2.0,0.0,0.0,0.0,0.0,1.0,36.5772,10.3425,4.0,1.0,1.0,0.0,747303.2021052631,831885.7976100629,False,False,True,True,False,False,False,True,True,False
890000.0,485.0,5.0,2.0,1.0,0.0,1.0,0.0,0.0,36.4011,10.6146,4.0,0.0,1.0,1.0,809528.7390138675,783799.5456266907,False,False,True,True,False,False,True,False,True,False
900000.0,227.0,4.0,4.0,0.0,0.0,1.0,1.0,1.0,36.8833,10.25,3.0,1.0,0.0,1.0,1011828.5111111111,917271.3972689076,False,False,True,True,False,False,False,True,True,False
240000.0,110.0,6.0,1.0,1.0,0.0,0.0,0.0,0.0,36.8462,11.0854,3.0,0.0,1.0,0.0,451934.8628125,783799.5456266907,True,False,False,True,False,False,True,False,True,False
1200000.0,400.0,8.0,2.0,1.0,0.0,1.0,1.0,0.0,36.0683,9.9724,7.0,0.0,1.0,1.0,736411.7647058824,831885.7976100629,False,True,False,True,False,False,False,True,True,False
1500000.0,587.0,4.0,5.0,1.0,0.0,1.0,0.0,1.0,36.8386,10.1525,8.0,1.0,1.0,0.0,1177994.243076923,783799.5456266907,False,False,True,True,False,False,True,False,True,False
680000.0,256.0,4.0,4.0,0.0,0.0,1.0,1.0,1.0,36.4011,10.6146,3.0,0.0,1.0,1.0,809528.7390138675,783799.5456266907,False,False,True,True,False,False,True,False,True,False
330000.0,240.0,4.0,2.0,1.0,0.0,0.0,0.0,0.0,36.47,10.78,3.0,0.0,1.0,0.0,642782.0582608696,783799.5456266907,False,True,False,True,False,False,True,False,True,False
1200000.0,630.0,5.0,4.0,1.0,0.0,1.0,1.0,1.0,36.4011,10.6146,4.0,1.0,1.0,0.0,809528.7390138675,783799.5456266907,False,False,True,True,False,False,True,False,True,False
1100000.0,200.0,4.0,2.0,1.0,0.0,1.0,1.0,1.0,36.8833,10.25,3.0,1.0,1.0,1.0,1011828.5111111111,917271.3972689076,False,False,True,True,False,False,False,True,True,False
395000.0,230.0,2.0,1.0,1.0,1.0,0.0,1.0,0.0,36.8302,10.1374,4.0,1.0,0.0,0.0,694850.0507317072,1449446.8968031188,False,True,False,True,False,False,False,True,True,False
579000.0,176.0,4.0,3.0,1.0,0.0,1.0,1.0,0.0,36.8625,10.1956,3.0,1.0,0.0,0.0,1020923.2245882354,917271.3972689076,False,False,True,True,False,False,False,True,True,False
2400000.0,500.0,6.0,2.0,1.0,0.0,1.0,1.0,0.0,36.798,10.1717,5.0,0.0,0.0,0.0,1047495.4257471263,1449446.8968031188,False,False,True,True,False,False,False,True,True,False
660000.0,245.0,4.0,3.0,1.0,0.0,0.0,1.0,1.0,36.4011,10.6146,3.0,0.0,0.0,1.0,809528.7390138675,783799.5456266907,False,False,True,True,False,False,True,False,True,False
1900000.0,553.0,6.0,3.0,1.0,0.0,1.0,1.0,0.0,36.9177,10.2889,5.0,1.0,1.0,0.0,1578293.3970945948,1449446.8968031188,False,False,True,True,False,False,False,True,True,False
950000.0,417.0,5.0,1.0,0.0,0.0,0.0,0.0,0.0,36.8625,10.1956,4.0,0.0,1.0,0.0,1020923.2245882354,917271.3972689076,False,False,True,True,False,False,False,True,True,False
210000.0,180.0,3.0,1.0,0.0,0.0,0.0,0.0,0.0,36.8493,11.0918,3.0,0.0,0.0,0.0,451934.8628125,783799.5456266907,True,False,False,True,False,False,True,False,True,False
640000.0,300.0,6.0,3.0,0.0,0.0,0.0,0.0,0.0,36.4011,10.6146,5.0,0.0,1.0,0.0,809528.7390138675,783799.5456266907,False,False,True,True,False,False,True,False,True,False
800000.0,380.0,8.0,2.0,1.0,0.0,0.0,0.0,0.0,37.1303,9.7507,6.0,1.0,0.0,0.0,513185.1669565218,534121.1009677419,False,True,False,True,False,True,False,False,True,False
830000.0,600.0,5.0,3.0,1.0,0.0,1.0,1.0,1.0,36.4011,10.6146,4.0,1.0,1.0,1.0,809528.7390138675,783799.5456266907,False,False,True,True,False,False,True,False,True,False
495000.0,423.0,5.0,1.0,1.0,1.0,1.0,1.0,0.0,36.8605,10.1604,3.0,1.0,1.0,0.0,1020923.2245882354,917271.3972689076,False,False,True,True,False,False,False,True,True,False
695000.0,455.0,8.0,4.0,1.0,0.0,0.0,0.0,0.0,36.8605,10.1604,6.0,1.0,1.0,0.0,1020923.2245882354,917271.3972689076,False,False,True,True,False,False,False,True,True,False
380000.0,160.0,2.0,3.0,1.0,0.0,1.0,1.0,1.0,33.8076,10.8451,2.0,0.0,1.0,0.0,556674.2993630574,580727.7766850828,False,True,False,True,False,False,True,False,True,False
990000.0,250.0,4.0,3.0,1.0,0.0,1.0,1.0,1.0,36.8883,10.2742,3.0,1.0,1.0,1.0,1011828.5111111111,917271.3972689076,False,False,True,True,False,False,False,True,True,False
980000.0,220.0,5.0,4.0,1.0,0.0,1.0,1.0,1.0,36.8833,10.25,4.0,1.0,1.0,1.0,1011828.5111111111,917271.3972689076,False,False,True,True,False,False,False,True,True,False
1800000.0,314.0,6.0,5.0,1.0,0.0,1.0,1.0,1.0,36.8833,10.25,5.0,1.0,1.0,1.0,1011828.5111111111,917271.3972689076,False,False,True,True,False,False,False,True,True,False
1230000.0,160.0,7.0,4.0,1.0,0.0,1.0,1.0,0.0,36.8833,10.25,6.0,0.0,1.0,1.0,1011828.5111111111,917271.3972689076,False,False,True,True,False,False,False,True,True,False
550000.0,200.0,4.0,3.0,1.0,0.0,1.0,1.0,1.0,36.4506,10.735,3.0,0.0,0.0,1.0,994136.9111340205,783799.5456266907,False,False,True,True,False,False,True,False,True,False
550000.0,500.0,7.0,3.0,1.0,0.0,0.0,0.0,0.0,33.8076,10.8451,5.0,0.0,1.0,1.0,556674.2993630574,580727.7766850828,False,True,False,True,False,False,True,False,True,False
500000.0,500.0,5.0,1.0,1.0,0.0,0.0,0.0,0.0,36.8625,10.1956,4.0,0.0,1.0,0.0,1020923.2245882354,917271.3972689076,False,False,True,True,False,False,False,True,True,False
650000.0,195.0,3.0,2.0,1.0,0.0,1.0,1.0,1.0,36.4011,10.6146,3.0,0.0,1.0,1.0,809528.7390138675,783799.5456266907,False,False,True,True,False,False,True,False,True,False
1200000.0,280.0,5.0,1.0,0.0,0.0,1.0,0.0,1.0,36.8833,10.25,7.0,1.0,1.0,0.0,1047495.4257471263,1449446.8968031188,False,False,True,True,False,False,False,True,True,False
1350000.0,760.0,4.0,2.0,1.0,0.0,1.0,1.0,1.0,36.4011,10.6146,3.0,1.0,1.0,1.0,809528.7390138675,783799.5456266907,False,False,True,True,False,False,True,False,True,False
520000.0,320.0,4.0,1.0,1.0,0.0,1.0,1.0,0.0,36.4011,10.6146,3.0,1.0,1.0,1.0,809528.7390138675,783799.5456266907,False,False,True,True,False,False,True,False,True,False
300000.0,186.0,5.0,2.0,1.0,0.0,0.0,0.0,0.0,35.8004,10.6026,3.0,1.0,0.0,0.0,1015812.9829508197,927922.7543356643,False,False,True,True,False,False,False,True,True,False
1100000.0,255.0,4.0,1.0,1.0,0.0,1.0,1.0,1.0,36.8833,10.25,4.0,1.0,1.0,1.0,1011828.5111111111,917271.3972689076,False,False,True,True,False,False,False,True,True,False
400000.0,204.0,9.0,1.0,1.0,0.0,1.0,0.0,0.0,37.1578,9.7674,5.0,1.0,1.0,0.0,400000.0,534121.1009677419,True,False,False,False,True,True,False,False,True,False
130000.0,130.0,5.0,1.0,0.0,0.0,0.0,0.0,0.0,36.8493,11.0918,2.0,0.0,0.0,0.0,451934.8628125,783799.5456266907,True,False,False,True,False,False,True,False,True,False
110000.0,75.0,3.0,1.0,0.0,0.0,0.0,0.0,0.0,36.8493,11.0918,2.0,0.0,0.0,0.0,451934.8628125,783799.5456266907,True,False,False,True,False,False,True,False,True,False
1250000.0,240.0,7.0,3.0,1.0,0.0,0.0,0.0,0.0,36.8625,10.1956,5.0,0.0,1.0,0.0,1020923.2245882354,917271.3972689076,False,False,True,True,False,False,False,True,True,False
360000.0,130.0,5.0,2.0,1.0,0.0,0.0,0.0,0.0,35.6759,10.0919,4.0,1.0,0.0,0.0,1020923.2245882354,917271.3972689076,False,False,True,True,False,False,False,True,True,False
370000.0,534.0,7.0,2.0,1.0,0.0,1.0,0.0,0.0,36.7639,10.2861,5.0,1.0,1.0,0.0,544027.7777777778,1105774.472,False,True,False,True,False,False,False,True,True,False
700000.0,500.0,7.0,2.0,0.0,0.0,0.0,0.0,0.0,36.8452,10.1647,6.0,0.0,0.0,0.0,1177994.243076923,783799.5456266907,False,False,True,True,False,False,True,False,True,False
600000.0,700.0,7.0,4.0,1.0,0.0,0.0,0.0,0.0,36.8625,10.1956,6.0,0.0,0.0,0.0,1020923.2245882354,917271.3972689076,False,False,True,True,False,False,False,True,True,False
900000.0,431.0,4.0,2.0,1.0,0.0,1.0,1.0,1.0,36.4011,10.6146,4.0,1.0,1.0,1.0,809528.7390138675,783799.5456266907,False,False,True,True,False,False,True,False,True,False
690000.0,450.0,7.0,2.0,1.0,0.0,0.0,0.0,0.0,36.8625,10.1956,5.0,1.0,0.0,0.0,1020923.2245882354,917271.3972689076,False,False,True,True,False,False,False,True,True,False
3500000.0,700.0,6.0,4.0,1.0,0.0,0.0,0.0,1.0,36.8764,10.3253,4.0,1.0,1.0,1.0,1578293.3970945948,1449446.8968031188,False,False,True,True,False,False,False,True,True,False
880000.0,300.0,5.0,4.0,1.0,0.0,1.0,0.0,0.0,36.4011,10.6146,4.0,1.0,1.0,1.0,809528.7390138675,783799.5456266907,False,False,True,True,False,False,True,False,True,False
980000.0,645.0,5.0,1.0,0.0,0.0,1.0,1.0,0.0,36.7723,10.2212,3.0,1.0,1.0,0.0,559271.8892307692,831885.7976100629,False,True,False,True,False,False,False,True,True,False
950000.0,417.0,7.0,4.0,0.0,0.0,0.0,0.0,0.0,36.8625,10.1956,6.0,1.0,1.0,1.0,1020923.2245882354,917271.3972689076,False,False,True,True,False,False,False,True,True,False
850000.0,200.0,4.0,2.0,1.0,0.0,0.0,0.0,0.0,36.4011,10.6146,4.0,0.0,1.0,1.0,809528.7390138675,783799.5456266907,False,False,True,True,False,False,True,False,True,False
1500000.0,502.0,5.0,2.0,0.0,0.0,0.0,0.0,0.0,36.8452,10.1647,3.0,0.0,0.0,0.0,1177994.243076923,783799.5456266907,False,False,True,True,False,False,True,False,True,False
115000.0,100.0,3.0,1.0,0.0,0.0,0.0,0.0,0.0,36.8094,9.909,2.0,0.0,0.0,0.0,279250.0,513184.2105263158,True,False,False,True,False,True,False,False,True,False
65000.0,70.0,2.0,1.0,0.0,0.0,0.0,0.0,0.0,37.2597,9.8823,2.0,0.0,0.0,0.0,235000.0,465625.0,True,False,False,True,False,True,False,False,True,False
750000.0,600.0,5.0,2.0,1.0,0.0,1.0,1.0,0.0,36.689,10.2996,4.0,1.0,1.0,0.0,529454.5454545454,831885.7976100629,False,True,False,True,False,False,False,True,True,False
1900000.0,800.0,8.0,6.0,1.0,0.0,0.0,0.0,0.0,36.8452,10.1647,6.0,1.0,0.0,0.0,1542012.4593548388,831885.7976100629,False,False,True,True,False,False,False,True,True,False
850000.0,210.0,4.0,2.0,1.0,1.0,1.0,1.0,0.0,36.4011,10.6146,3.0,1.0,0.0,0.0,809528.7390138675,783799.5456266907,False,False,True,True,False,False,True,False,True,False
2450000.0,747.0,7.0,4.0,1.0,0.0,1.0,1.0,0.0,36.4506,10.735,4.0,1.0,1.0,1.0,994136.9111340205,783799.5456266907,False,False,True,True,False,False,True,False,True,False
1100000.0,320.0,4.0,4.0,1.0,0.0,1.0,1.0,0.0,36.4011,10.6146,3.0,0.0,1.0,1.0,809528.7390138675,783799.5456266907,False,False,True,True,False,False,True,False,True,False
660000.0,210.0,4.0,3.0,1.0,0.0,0.0,1.0,0.0,36.4011,10.6146,3.0,0.0,0.0,1.0,809528.7390138675,783799.5456266907,False,False,True,True,False,False,True,False,True,False
350000.0,436.0,4.0,1.0,1.0,0.0,0.0,0.0,0.0,36.9544,10.1914,3.0,1.0,1.0,0.0,499150.58999999997,917271.3972689076,False,True,False,True,False,False,False,True,True,False
355000.0,230.0,6.0,4.0,1.0,0.0,0.0,0.0,0.0,36.9544,10.1914,4.0,1.0,1.0,0.0,499150.58999999997,917271.3972689076,False,True,False,True,False,False,False,True,True,False
1250000.0,320.0,4.0,3.0,0.0,0.0,0.0,0.0,0.0,36.8883,10.2742,5.0,0.0,1.0,1.0,1011828.5111111111,917271.3972689076,False,False,True,True,False,False,False,True,True,False
700000.0,234.0,5.0,2.0,1.0,0.0,1.0,1.0,1.0,36.8764,10.3253,3.0,1.0,1.0,0.0,1578293.3970945948,1449446.8968031188,False,False,True,True,False,False,False,True,True,False
370000.0,180.0,6.0,3.0,1.0,0.0,0.0,0.0,0.0,36.7232,10.3502,4.0,0.0,0.0,1.0,516205.0955555556,831885.7976100629,False,True,False,True,False,False,False,True,True,False
1350000.0,347.0,9.0,3.0,1.0,1.0,1.0,1.0,1.0,36.4011,10.6146,4.0,1.0,0.0,0.0,809528.7390138675,783799.5456266907,False,False,True,True,False,False,True,False,True,False
820000.0,450.0,5.0,2.0,1.0,0.0,1.0,0.0,0.0,36.4011,10.6146,4.0,1.0,1.0,1.0,809528.7390138675,783799.5456266907,False,False,True,True,False,False,True,False,True,False
270000.0,250.0,4.0,2.0,1.0,0.0,0.0,0.0,0.0,36.47,10.78,3.0,1.0,0.0,0.0,642782.0582608696,783799.5456266907,False,True,False,True,False,False,True,False,True,False
880000.0,327.0,3.0,1.0,1.0,0.0,0.0,0.0,0.0,36.8833,10.25,3.0,0.0,1.0,1.0,1011828.5111111111,917271.3972689076,False,False,True,True,False,False,False,True,True,False
800000.0,353.0,7.0,4.0,1.0,0.0,1.0,1.0,0.0,36.8625,10.1956,5.0,1.0,1.0,0.0,1020923.2245882354,917271.3972689076,False,False,True,True,False,False,False,True,True,False
2400000.0,900.0,5.0,4.0,1.0,0.0,0.0,0.0,0.0,36.8932,10.3099,5.0,1.0,1.0,1.0,1578293.3970945948,1449446.8968031188,False,False,True,True,False,False,False,True,True,False
1200000.0,264.0,4.0,2.0,1.0,1.0,0.0,1.0,0.0,36.8764,10.3253,3.0,1.0,1.0,0.0,1578293.3970945948,1449446.8968031188,False,False,True,True,False,False,False,True,True,False
1200000.0,443.0,3.0,2.0,0.0,0.0,1.0,1.0,0.0,36.4011,10.6146,2.0,1.0,1.0,1.0,809528.7390138675,783799.5456266907,False,False,True,True,False,False,True,False,True,False
1500000.0,378.0,5.0,3.0,1.0,0.0,1.0,1.0,1.0,36.8566,10.3258,3.0,0.0,0.0,0.0,2180444.6730612246,1449446.8968031188,False,False,True,True,False,False,False,True,True,False
460000.0,240.0,4.0,1.0,0.0,0.0,1.0,1.0,0.0,36.8764,10.3253,4.0,1.0,0.0,0.0,1578293.3970945948,1449446.8968031188,False,False,True,True,False,False,False,True,True,False
690000.0,400.0,8.0,4.0,1.0,0.0,1.0,1.0,0.0,36.9544,10.1914,8.0,1.0,0.0,0.0,499150.58999999997,917271.3972689076,False,True,False,True,False,False,False,True,True,False
820000.0,320.0,8.0,2.0,1.0,0.0,0.0,1.0,0.0,36.8302,10.1374,5.0,1.0,1.0,0.0,694850.0507317072,1449446.8968031188,False,True,False,True,False,False,False,True,True,False
910000.0,300.0,7.0,4.0,1.0,0.0,0.0,1.0,1.0,36.8833,10.25,5.0,1.0,1.0,1.0,1011828.5111111111,917271.3972689076,False,False,True,True,False,False,False,True,True,False
160000.0,85.0,2.0,1.0,0.0,0.0,0.0,0.0,0.0,36.4011,10.6146,2.0,1.0,0.0,0.0,809528.7390138675,783799.5456266907,False,False,True,True,False,False,True,False,True,False
2095600.0,308.0,2.0,3.0,1.0,1.0,1.0,1.0,0.0,33.6015,11.0665,3.0,1.0,1.0,1.0,2055800.0,580727.7766850828,False,False,True,False,True,False,True,False,True,False
98000.0,150.0,2.0,1.0,0.0,0.0,0.0,0.0,0.0,35.7678,10.8225,3.0,0.0,0.0,0.0,925293.5079999999,641574.9720430108,False,False,True,True,False,False,True,False,True,False
100000.0,110.0,2.0,1.0,0.0,0.0,0.0,0.0,0.0,36.8493,11.0918,2.0,0.0,1.0,0.0,451934.8628125,783799.5456266907,True,False,False,True,False,False,True,False,True,False
450000.0,240.0,4.0,2.0,1.0,0.0,0.0,0.0,0.0,36.8493,11.0918,3.0,0.0,1.0,0.0,451934.8628125,783799.5456266907,True,False,False,True,False,False,True,False,True,False
950000.0,530.0,4.0,1.0,1.0,0.0,1.0,1.0,0.0,36.8302,10.1374,3.0,1.0,1.0,0.0,694850.0507317072,1449446.8968031188,False,True,False,True,False,False,False,True,True,False
280000.0,121.0,5.0,2.0,0.0,0.0,0.0,0.0,0.0,37.1303,9.7507,4.0,0.0,0.0,0.0,487846.1538461539,534121.1009677419,True,False,False,True,False,True,False,False,True,False
1800000.0,457.0,5.0,2.0,0.0,0.0,1.0,1.0,0.0,36.8833,10.25,4.0,0.0,1.0,1.0,1011828.5111111111,917271.3972689076,False,False,True,True,False,False,False,True,True,False
490000.0,200.0,3.0,2.0,1.0,0.0,1.0,1.0,1.0,33.8076,10.8451,3.0,0.0,1.0,1.0,556674.2993630574,580727.7766850828,False,True,False,True,False,False,True,False,True,False
1200000.0,350.0,9.0,3.0,1.0,0.0,0.0,0.0,0.0,35.8273,10.6339,6.0,1.0,1.0,0.0,1015812.9829508197,927922.7543356643,False,False,True,True,False,False,False,True,True,False
1050000.0,330.0,7.0,2.0,1.0,0.0,1.0,1.0,1.0,35.8273,10.6339,6.0,1.0,1.0,0.0,1015812.9829508197,927922.7543356643,False,False,True,True,False,False,False,True,True,False
1500000.0,600.0,9.0,4.0,0.0,0.0,1.0,1.0,1.0,36.8764,10.3253,9.0,0.0,0.0,0.0,1578293.3970945948,1449446.8968031188,False,False,True,True,False,False,False,True,True,False
530000.0,358.0,5.0,1.0,1.0,0.0,0.0,0.0,0.0,35.5303,11.0169,3.0,0.0,1.0,0.0,410765.3846153846,607626.79375,True,False,False,True,False,False,True,False,True,False
700000.0,400.0,5.0,2.0,1.0,1.0,1.0,1.0,1.0,35.3581,10.73,4.0,1.0,1.0,0.0,410765.3846153846,607626.79375,True,False,False,True,False,False,True,False,True,False
390000.0,258.0,5.0,1.0,1.0,0.0,0.0,0.0,0.0,35.5303,11.0169,3.0,0.0,0.0,0.0,410765.3846153846,607626.79375,True,False,False,True,False,False,True,False,True,False
690000.0,620.0,3.0,2.0,0.0,0.0,1.0,1.0,1.0,36.4011,10.6146,2.0,0.0,1.0,1.0,809528.7390138675,783799.5456266907,False,False,True,True,False,False,True,False,True,False
600000.0,215.0,5.0,1.0,0.0,0.0,0.0,0.0,0.0,36.6939,10.2622,3.0,1.0,1.0,0.0,614259.2592592592,831885.7976100629,False,True,False,True,False,False,False,True,True,False
1800000.0,800.0,8.0,4.0,1.0,0.0,1.0,1.0,1.0,36.8764,10.3253,7.0,1.0,1.0,1.0,1578293.3970945948,1449446.8968031188,False,False,True,True,False,False,False,True,True,False
1100000.0,250.0,5.0,3.0,1.0,1.0,1.0,0.0,0.0,36.4011,10.6146,4.0,1.0,1.0,1.0,809528.7390138675,783799.5456266907,False,False,True,True,False,False,True,False,True,False
190000.0,220.0,3.0,1.0,1.0,0.0,0.0,0.0,0.0,36.8625,10.1956,2.0,0.0,0.0,0.0,1020923.2245882354,917271.3972689076,False,False,True,True,False,False,False,True,True,False
1300000.0,240.0,6.0,1.0,1.0,0.0,1.0,0.0,1.0,36.9177,10.2889,3.0,1.0,1.0,1.0,1578293.3970945948,1449446.8968031188,False,False,True,True,False,False,False,True,True,False
1100000.0,321.0,5.0,3.0,1.0,0.0,1.0,1.0,1.0,36.4011,10.6146,4.0,1.0,1.0,1.0,809528.7390138675,783799.5456266907,False,False,True,True,False,False,True,False,True,False
1850000.0,280.0,5.0,3.0,1.0,0.0,1.0,1.0,0.0,36.8452,10.1647,4.0,0.0,1.0,0.0,1542012.4593548388,831885.7976100629,False,False,True,True,False,False,False,True,True,False
1700000.0,130.0,5.0,2.0,1.0,0.0,0.0,1.0,0.0,36.4011,10.6146,4.0,0.0,0.0,0.0,809528.7390138675,783799.5456266907,False,False,True,True,False,False,True,False,True,False
3700000.0,587.0,5.0,1.0,1.0,0.0,0.0,0.0,0.0,36.8469,10.2642,4.0,0.0,1.0,1.0,1578293.3970945948,1449446.8968031188,False,False,True,True,False,False,False,True,True,False
1350000.0,350.0,7.0,3.0,1.0,0.0,1.0,1.0,0.0,36.8538,10.1442,6.0,1.0,1.0,0.0,1177994.243076923,783799.5456266907,False,False,True,True,False,False,True,False,True,False
240000.0,120.0,3.0,1.0,0.0,0.0,0.0,0.0,0.0,36.4011,10.6146,2.0,0.0,0.0,0.0,809528.7390138675,783799.5456266907,False,False,True,True,False,False,True,False,True,False
2300000.0,600.0,7.0,3.0,1.0,0.0,1.0,1.0,1.0,36.4506,10.735,6.0,1.0,1.0,0.0,994136.9111340205,783799.5456266907,False,False,True,True,False,False,True,False,True,False
760000.0,280.0,5.0,2.0,1.0,0.0,0.0,0.0,0.0,36.4011,10.6146,4.0,1.0,1.0,1.0,809528.7390138675,783799.5456266907,False,False,True,True,False,False,True,False,True,False
1600000.0,385.0,7.0,3.0,1.0,0.0,1.0,1.0,0.0,36.8452,10.1647,5.0,1.0,1.0,0.0,1177994.243076923,783799.5456266907,False,False,True,True,False,False,True,False,True,False
1000000.0,400.0,10.0,4.0,1.0,0.0,0.0,0.0,0.0,36.9544,10.1914,7.0,0.0,1.0,0.0,499150.58999999997,917271.3972689076,False,True,False,True,False,False,False,True,True,False
1700000.0,400.0,4.0,1.0,1.0,0.0,0.0,0.0,0.0,36.8452,10.1647,3.0,1.0,1.0,0.0,1177994.243076923,783799.5456266907,False,False,True,True,False,False,True,False,True,False
630000.0,140.0,4.0,3.0,1.0,0.0,0.0,1.0,1.0,36.7786,10.0554,4.0,0.0,1.0,0.0,646545.4545454546,513184.2105263158,False,True,False,True,False,True,False,False,True,False
850000.0,522.0,5.0,1.0,0.0,0.0,1.0,1.0,0.0,36.4011,10.6146,3.0,1.0,1.0,0.0,809528.7390138675,783799.5456266907,False,False,True,True,False,False,True,False,True,False
2800000.0,590.0,5.0,4.0,1.0,0.0,1.0,1.0,1.0,33.8869,9.5375,5.0,1.0,1.0,1.0,1578293.3970945948,1449446.8968031188,False,False,True,True,False,False,False,True,True,False
1300000.0,330.0,9.0,3.0,1.0,0.0,0.0,1.0,0.0,36.8806,10.1717,6.0,1.0,1.0,1.0,1020923.2245882354,917271.3972689076,False,False,True,True,False,False,False,True,True,False
460000.0,240.0,9.0,4.0,1.0,0.0,0.0,1.0,0.0,36.9544,10.1914,9.0,0.0,0.0,0.0,1020923.2245882354,917271.3972689076,False,False,True,True,False,False,False,True,True,False
120000.0,140.0,6.0,2.0,0.0,0.0,0.0,0.0,0.0,36.7609,10.2736,4.0,0.0,0.0,0.0,477254.9476923077,831885.7976100629,True,False,False,True,False,False,False,True,True,False
320000.0,100.0,5.0,1.0,1.0,0.0,0.0,0.0,0.0,36.7609,10.2736,2.0,0.0,0.0,0.0,477254.9476923077,831885.7976100629,True,False,False,True,False,False,False,True,True,False
450000.0,200.0,2.0,2.0,0.0,0.0,0.0,0.0,0.0,36.7609,10.2736,6.0,0.0,0.0,0.0,477254.9476923077,831885.7976100629,True,False,False,True,False,False,False,True,True,False
1800000.0,770.0,9.0,3.0,1.0,0.0,1.0,1.0,0.0,36.8625,10.1956,6.0,1.0,1.0,1.0,1020923.2245882354,917271.3972689076,False,False,True,True,False,False,False,True,True,False
650000.0,180.0,5.0,1.0,0.0,0.0,0.0,0.0,0.0,36.8625,10.1956,3.0,1.0,1.0,0.0,1020923.2245882354,917271.3972689076,False,False,True,True,False,False,False,True,True,False
1000000.0,310.0,6.0,2.0,0.0,0.0,1.0,1.0,0.0,36.4011,10.6146,4.0,0.0,1.0,1.0,809528.7390138675,783799.5456266907,False,False,True,True,False,False,True,False,True,False
1250000.0,360.0,5.0,2.0,1.0,0.0,1.0,1.0,1.0,36.4011,10.6146,3.0,1.0,1.0,1.0,809528.7390138675,783799.5456266907,False,False,True,True,False,False,True,False,True,False
200000.0,125.0,5.0,1.0,1.0,0.0,0.0,0.0,0.0,35.5044,11.0661,3.0,0.0,0.0,0.0,410765.3846153846,607626.79375,True,False,False,True,False,False,True,False,True,False
2000000.0,514.0,8.0,2.0,1.0,0.0,0.0,0.0,0.0,36.8625,10.1956,6.0,1.0,1.0,0.0,1020923.2245882354,917271.3972689076,False,False,True,True,False,False,False,True,True,False
370000.0,257.0,5.0,1.0,1.0,0.0,0.0,0.0,0.0,35.5044,11.0661,4.0,0.0,0.0,0.0,410765.3846153846,607626.79375,True,False,False,True,False,False,True,False,True,False
400000.0,630.0,6.0,2.0,1.0,0.0,0.0,0.0,0.0,36.9544,10.1914,4.0,0.0,1.0,0.0,499150.58999999997,917271.3972689076,False,True,False,True,False,False,False,True,True,False
1100000.0,350.0,5.0,4.0,1.0,0.0,1.0,1.0,0.0,35.87,10.57,4.0,1.0,1.0,1.0,1026490.2244999999,927922.7543356643,False,False,True,True,False,False,False,True,True,False
929000.0,404.0,5.0,1.0,0.0,0.0,0.0,0.0,1.0,36.8452,10.1647,3.0,0.0,1.0,0.0,1177994.243076923,783799.5456266907,False,False,True,True,False,False,True,False,True,False
370000.0,200.0,5.0,1.0,1.0,0.0,1.0,1.0,0.0,36.6939,10.2622,4.0,1.0,0.0,0.0,614259.2592592592,831885.7976100629,False,True,False,True,False,False,False,True,True,False
900000.0,500.0,4.0,4.0,1.0,0.0,1.0,1.0,1.0,36.8833,10.25,4.0,1.0,1.0,1.0,1011828.5111111111,917271.3972689076,False,False,True,True,False,False,False,True,True,False
387000.0,132.0,6.0,2.0,1.0,1.0,1.0,1.0,0.0,36.789,10.1835,4.0,0.0,0.0,0.0,428142.85714285716,1236960.2596551725,True,False,False,True,False,False,False,True,True,False
750000.0,450.0,2.0,2.0,1.0,0.0,1.0,1.0,1.0,36.7786,10.0554,6.0,1.0,1.0,0.0,646545.4545454546,513184.2105263158,False,True,False,True,False,True,False,False,True,False
2380000.0,494.0,5.0,5.0,1.0,0.0,1.0,1.0,1.0,35.8703,10.605,8.0,1.0,1.0,1.0,1015812.9829508197,927922.7543356643,False,False,True,True,False,False,False,True,True,False
850000.0,350.0,4.0,1.0,1.0,0.0,0.0,1.0,0.0,36.4506,10.735,3.0,1.0,0.0,0.0,994136.9111340205,783799.5456266907,False,False,True,True,False,False,True,False,True,False
850000.0,508.0,7.0,1.0,1.0,0.0,0.0,0.0,0.0,37.05,11.0167,7.0,0.0,0.0,1.0,528091.5136842105,783799.5456266907,False,True,False,True,False,False,True,False,True,False
350000.0,324.0,3.0,1.0,0.0,0.0,0.0,0.0,0.0,36.9544,10.1914,4.0,0.0,0.0,0.0,499150.58999999997,917271.3972689076,False,True,False,True,False,False,False,True,True,False
650000.0,140.0,4.0,2.0,0.0,0.0,0.0,0.0,1.0,36.4011,10.6146,3.0,0.0,1.0,1.0,809528.7390138675,783799.5456266907,False,False,True,True,False,False,True,False,True,False
155000.0,133.0,2.0,1.0,0.0,0.0,1.0,0.0,0.0,36.8493,11.0918,2.0,0.0,0.0,0.0,451934.8628125,783799.5456266907,True,False,False,True,False,False,True,False,True,False
660000.0,743.0,4.0,2.0,0.0,0.0,0.0,0.0,0.0,36.8493,11.0918,3.0,0.0,1.0,0.0,451934.8628125,783799.5456266907,True,False,False,True,False,False,True,False,True,False
840000.0,550.0,5.0,2.0,1.0,0.0,1.0,1.0,0.0,36.4011,10.6146,4.0,1.0,1.0,1.0,809528.7390138675,783799.5456266907,False,False,True,True,False,False,True,False,True,False
1050000.0,800.0,5.0,3.0,1.0,0.0,1.0,1.0,0.0,36.4011,10.6146,4.0,1.0,1.0,1.0,809528.7390138675,783799.5456266907,False,False,True,True,False,False,True,False,True,False
990000.0,400.0,6.0,4.0,1.0,0.0,1.0,1.0,0.0,36.404,10.569,5.0,1.0,1.0,1.0,809528.7390138675,783799.5456266907,False,False,True,True,False,False,True,False,True,False
260000.0,129.0,5.0,1.0,1.0,0.0,0.0,0.0,0.0,35.8569,10.5972,3.0,0.0,0.0,0.0,1015812.9829508197,927922.7543356643,False,False,True,True,False,False,False,True,True,False
2400000.0,378.0,5.0,1.0,0.0,0.0,0.0,0.0,0.0,36.8188,10.166,4.0,0.0,0.0,1.0,1047495.4257471263,1449446.8968031188,False,False,True,True,False,False,False,True,True,False
1200000.0,300.0,4.0,3.0,1.0,0.0,0.0,0.0,1.0,36.8942,10.2762,5.0,1.0,0.0,0.0,1578293.3970945948,1449446.8968031188,False,False,True,True,False,False,False,True,True,False
1500000.0,378.0,11.0,3.0,1.0,0.0,1.0,1.0,1.0,36.8833,10.25,5.0,1.0,1.0,0.0,1011828.5111111111,917271.3972689076,False,False,True,True,False,False,False,True,True,False
1700000.0,420.0,5.0,2.0,1.0,0.0,1.0,1.0,0.0,36.4506,10.735,4.0,0.0,1.0,0.0,994136.9111340205,783799.5456266907,False,False,True,True,False,False,True,False,True,False
95000.0,80.0,5.0,1.0,1.0,0.0,0.0,0.0,0.0,36.8188,10.166,6.0,0.0,0.0,0.0,1047495.4257471263,1449446.8968031188,False,False,True,True,False,False,False,True,True,False
90000.0,135.0,3.0,1.0,0.0,0.0,0.0,0.0,0.0,36.6477,10.0911,2.0,0.0,0.0,0.0,205000.0,488000.0,True,False,False,False,True,True,False,False,True,False
1375000.0,928.0,5.0,1.0,0.0,0.0,0.0,0.0,1.0,35.8213,10.5967,3.0,0.0,0.0,0.0,1015812.9829508197,927922.7543356643,False,False,True,True,False,False,False,True,True,False
1150000.0,300.0,5.0,5.0,1.0,0.0,1.0,1.0,1.0,36.8833,10.25,4.0,1.0,1.0,0.0,1011828.5111111111,917271.3972689076,False,False,True,True,False,False,False,True,True,False
1250000.0,500.0,5.0,1.0,0.0,0.0,0.0,0.0,0.0,36.8764,10.3253,5.0,1.0,1.0,0.0,1578293.3970945948,1449446.8968031188,False,False,True,True,False,False,False,True,True,False
1050000.0,700.0,5.0,3.0,1.0,0.0,0.0,0.0,0.0,36.4011,10.6146,4.0,0.0,1.0,1.0,809528.7390138675,783799.5456266907,False,False,True,True,False,False,True,False,True,False
650000.0,833.0,5.0,1.0,1.0,1.0,0.0,0.0,0.0,37.1303,9.7507,4.0,1.0,1.0,0.0,437142.85714285716,534121.1009677419,True,False,False,True,False,True,False,False,True,False
2200000.0,531.0,9.0,6.0,0.0,0.0,0.0,0.0,0.0,36.8316,10.1641,9.0,0.0,0.0,0.0,1542012.4593548388,831885.7976100629,False,False,True,True,False,False,False,True,True,False
740000.0,244.0,6.0,1.0,1.0,0.0,0.0,0.0,0.0,36.8625,10.1956,6.0,1.0,0.0,0.0,1020923.2245882354,917271.3972689076,False,False,True,True,False,False,False,True,True,False
670000.0,220.0,5.0,3.0,1.0,0.0,0.0,1.0,1.0,36.4011,10.6146,4.0,1.0,1.0,1.0,809528.7390138675,783799.5456266907,False,False,True,True,False,False,True,False,True,False
850000.0,608.0,7.0,1.0,0.0,0.0,0.0,1.0,0.0,36.8356,10.2159,6.0,1.0,1.0,0.0,528091.5136842105,783799.5456266907,False,True,False,True,False,False,True,False,True,False
950000.0,764.0,2.0,1.0,0.0,0.0,0.0,0.0,0.0,36.8833,10.25,2.0,1.0,0.0,0.0,1011828.5111111111,917271.3972689076,False,False,True,True,False,False,False,True,True,False
650000.0,217.0,6.0,2.0,1.0,0.0,0.0,0.0,0.0,36.8493,11.0918,5.0,1.0,1.0,0.0,451934.8628125,783799.5456266907,True,False,False,True,False,False,True,False,True,False
2300000.0,858.0,5.0,1.0,0.0,0.0,0.0,0.0,0.0,36.8452,10.1647,3.0,0.0,1.0,1.0,1177994.243076923,783799.5456266907,False,False,True,True,False,False,True,False,True,False
230000.0,135.0,4.0,1.0,1.0,0.0,0.0,0.0,0.0,33.7957,10.963,2.0,0.0,1.0,0.0,537322.9179591837,537322.9179591837,False,True,False,True,False,False,True,False,True,False
430000.0,195.0,4.0,3.0,1.0,0.0,0.0,0.0,0.0,33.8667,10.85,3.0,0.0,1.0,1.0,1011828.5111111111,917271.3972689076,False,False,True,True,False,False,False,True,True,False
1800000.0,520.0,6.0,4.0,1.0,0.0,1.0,1.0,1.0,36.8764,10.3253,5.0,1.0,1.0,1.0,1578293.3970945948,1449446.8968031188,False,False,True,True,False,False,False,True,True,False
1500000.0,378.0,10.0,5.0,1.0,1.0,1.0,1.0,1.0,36.8833,10.25,4.0,1.0,1.0,1.0,1011828.5111111111,917271.3972689076,False,False,True,True,False,False,False,True,True,False
250000.0,110.0,2.0,1.0,0.0,0.0,1.0,0.0,0.0,35.3581,10.73,2.0,1.0,1.0,0.0,375000.0,607626.79375,True,False,False,True,False,False,True,False,True,False
690000.0,350.0,4.0,2.0,1.0,0.0,1.0,0.0,1.0,36.4011,10.6146,2.0,1.0,1.0,1.0,809528.7390138675,783799.5456266907,False,False,True,True,False,False,True,False,True,False
630000.0,269.0,3.0,2.0,1.0,0.0,0.0,1.0,0.0,36.4506,10.735,2.0,1.0,1.0,0.0,994136.9111340205,783799.5456266907,False,False,True,True,False,False,True,False,True,False
990000.0,490.0,4.0,4.0,1.0,0.0,1.0,0.0,1.0,36.4011,10.6146,4.0,1.0,1.0,1.0,809528.7390138675,783799.5456266907,False,False,True,True,False,False,True,False,True,False
620000.0,269.0,3.0,1.0,1.0,0.0,1.0,1.0,1.0,36.4011,10.6146,2.0,1.0,1.0,0.0,809528.7390138675,783799.5456266907,False,False,True,True,False,False,True,False,True,False
175000.0,90.0,5.0,1.0,1.0,0.0,0.0,0.0,0.0,36.6966,10.1717,3.0,1.0,0.0,0.0,230000.0,709285.7142857143,True,False,False,True,False,False,True,False,True,False
100000.0,84.0,5.0,1.0,1.0,0.0,0.0,0.0,0.0,34.7781,10.7258,3.0,0.0,0.0,0.0,544027.7777777778,1105774.472,False,True,False,True,False,False,False,True,True,False
870000.0,236.0,5.0,1.0,0.0,0.0,0.0,0.0,0.0,36.4011,10.6146,3.0,1.0,0.0,1.0,809528.7390138675,783799.5456266907,False,False,True,True,False,False,True,False,True,False
1400000.0,525.0,5.0,3.0,1.0,1.0,1.0,1.0,1.0,36.4011,10.6146,4.0,1.0,1.0,0.0,809528.7390138675,783799.5456266907,False,False,True,True,False,False,True,False,True,False
275000.0,104.0,4.0,1.0,1.0,0.0,0.0,0.0,0.0,33.8062,10.9843,2.0,0.0,1.0,0.0,537322.9179591837,537322.9179591837,False,True,False,True,False,False,True,False,True,False
2300000.0,450.0,6.0,3.0,0.0,1.0,1.0,1.0,1.0,36.8833,10.25,6.0,0.0,1.0,1.0,1011828.5111111111,917271.3972689076,False,False,True,True,False,False,False,True,True,False
520000.0,150.0,5.0,2.0,1.0,0.0,0.0,0.0,0.0,33.8281,10.9754,3.0,1.0,1.0,1.0,537322.9179591837,537322.9179591837,False,True,False,True,False,False,True,False,True,False
650000.0,135.0,5.0,1.0,0.0,0.0,1.0,1.0,0.0,35.87,10.57,3.0,0.0,0.0,0.0,1026490.2244999999,927922.7543356643,False,False,True,True,False,False,False,True,True,False
660000.0,160.0,5.0,1.0,1.0,0.0,0.0,0.0,0.0,34.6687,10.6999,3.0,1.0,1.0,0.0,544027.7777777778,1105774.472,False,True,False,True,False,False,False,True,True,False
1130000.0,490.0,5.0,1.0,1.0,0.0,0.0,0.0,1.0,36.8625,10.1956,3.0,0.0,1.0,0.0,1020923.2245882354,917271.3972689076,False,False,True,True,False,False,False,True,True,False
1200000.0,628.0,7.0,5.0,1.0,0.0,0.0,1.0,0.0,36.8147,10.1558,6.0,1.0,1.0,0.0,1177994.243076923,783799.5456266907,False,False,True,True,False,False,True,False,True,False
2300000.0,600.0,3.0,3.0,1.0,0.0,1.0,1.0,1.0,36.4506,10.735,3.0,1.0,1.0,0.0,994136.9111340205,783799.5456266907,False,False,True,True,False,False,True,False,True,False
2400000.0,600.0,5.0,2.0,1.0,0.0,1.0,1.0,1.0,36.8764,10.3253,4.0,1.0,1.0,1.0,1578293.3970945948,1449446.8968031188,False,False,True,True,False,False,False,True,True,False
2600000.0,811.0,5.0,2.0,1.0,0.0,1.0,1.0,0.0,36.8932,10.3099,3.0,1.0,1.0,0.0,1578293.3970945948,1449446.8968031188,False,False,True,True,False,False,False,True,True,False
1200000.0,410.0,4.0,4.0,1.0,0.0,1.0,1.0,0.0,36.8764,10.3253,4.0,1.0,1.0,1.0,1578293.3970945948,1449446.8968031188,False,False,True,True,False,False,False,True,True,False
575000.0,330.0,7.0,3.0,0.0,0.0,0.0,0.0,0.0,36.4011,10.6146,6.0,1.0,1.0,0.0,809528.7390138675,783799.5456266907,False,False,True,True,False,False,True,False,True,False
300000.0,297.0,5.0,1.0,1.0,0.0,0.0,0.0,0.0,36.6939,10.2622,3.0,1.0,0.0,0.0,906315.7894736842,831885.7976100629,False,False,True,True,False,False,False,True,True,False
2100000.0,600.0,5.0,1.0,1.0,0.0,1.0,1.0,0.0,36.5046,10.1919,5.0,1.0,1.0,0.0,2180444.6730612246,1449446.8968031188,False,False,True,True,False,False,False,True,True,False
220000.0,150.0,3.0,1.0,0.0,0.0,0.0,0.0,0.0,37.1303,9.7507,2.0,0.0,0.0,0.0,513185.1669565218,534121.1009677419,False,True,False,True,False,True,False,False,True,False
295000.0,130.0,4.0,1.0,0.0,0.0,0.0,0.0,0.0,36.7786,10.0554,3.0,0.0,0.0,0.0,646545.4545454546,513184.2105263158,False,True,False,True,False,True,False,False,True,False
2200000.0,598.0,5.0,5.0,0.0,0.0,1.0,1.0,0.0,36.8566,10.3258,4.0,1.0,1.0,1.0,2180444.6730612246,1449446.8968031188,False,False,True,True,False,False,False,True,True,False
2200000.0,600.0,5.0,4.0,1.0,0.0,1.0,1.0,1.0,36.8764,10.3253,3.0,1.0,1.0,1.0,1578293.3970945948,1449446.8968031188,False,False,True,True,False,False,False,True,True,False
1200000.0,378.0,5.0,1.0,1.0,0.0,1.0,1.0,0.0,36.5772,10.3425,3.0,1.0,1.0,0.0,747303.2021052631,831885.7976100629,False,False,True,True,False,False,False,True,True,False
630000.0,300.0,9.0,3.0,1.0,0.0,0.0,0.0,0.0,36.9544,10.1914,8.0,0.0,1.0,0.0,499150.58999999997,917271.3972689076,False,True,False,True,False,False,False,True,True,False
1350000.0,470.0,5.0,3.0,1.0,0.0,1.0,1.0,1.0,35.8324,10.6225,4.0,1.0,1.0,0.0,1015812.9829508197,927922.7543356643,False,False,True,True,False,False,False,True,True,False
1080000.0,220.0,5.0,3.0,1.0,0.0,1.0,1.0,1.0,36.8764,10.3253,3.0,1.0,1.0,1.0,1578293.3970945948,1449446.8968031188,False,False,True,True,False,False,False,True,True,False
650000.0,400.0,3.0,3.0,1.0,0.0,1.0,1.0,0.0,36.7311,10.3277,6.0,1.0,1.0,0.0,516205.0955555556,831885.7976100629,False,True,False,True,False,False,False,True,True,False
450000.0,140.0,5.0,1.0,1.0,0.0,0.0,0.0,0.0,33.8231,11.0069,3.0,1.0,1.0,0.0,537322.9179591837,537322.9179591837,False,True,False,True,False,False,True,False,True,False
350000.0,340.0,3.0,4.0,1.0,0.0,0.0,0.0,0.0,36.9279,8.7906,8.0,1.0,1.0,0.0,401160.838,368467.365,True,False,False,True,False,True,False,False,True,False
550000.0,210.0,4.0,2.0,1.0,0.0,0.0,0.0,0.0,33.7597,11.0125,3.0,0.0,1.0,1.0,552642.1685714285,927922.7543356643,False,True,False,True,False,False,False,True,True,False
690000.0,140.0,4.0,2.0,1.0,1.0,1.0,0.0,0.0,33.8116,10.9875,3.0,1.0,1.0,1.0,537322.9179591837,537322.9179591837,False,True,False,True,False,False,True,False,True,False
950000.0,300.0,4.0,1.0,1.0,0.0,1.0,1.0,1.0,36.8833,10.25,4.0,1.0,1.0,1.0,1011828.5111111111,917271.3972689076,False,False,True,True,False,False,False,True,True,False
520000.0,130.0,4.0,3.0,1.0,0.0,1.0,1.0,0.0,36.4011,10.6146,3.0,1.0,0.0,0.0,809528.7390138675,783799.5456266907,False,False,True,True,False,False,True,False,True,False
500000.0,299.0,5.0,1.0,1.0,0.0,1.0,1.0,0.0,36.4506,10.735,3.0,0.0,1.0,0.0,994136.9111340205,783799.5456266907,False,False,True,True,False,False,True,False,True,False
440000.0,80.0,4.0,1.0,0.0,0.0,0.0,0.0,0.0,36.4011,10.6146,4.0,0.0,0.0,0.0,809528.7390138675,783799.5456266907,False,False,True,True,False,False,True,False,True,False
1100000.0,400.0,5.0,3.0,1.0,0.0,1.0,1.0,0.0,36.4011,10.6146,4.0,0.0,1.0,1.0,809528.7390138675,783799.5456266907,False,False,True,True,False,False,True,False,True,False
750000.0,220.0,4.0,3.0,1.0,0.0,0.0,0.0,0.0,36.4011,10.6146,3.0,1.0,0.0,1.0,809528.7390138675,783799.5456266907,False,False,True,True,False,False,True,False,True,False
1180000.0,360.0,8.0,4.0,1.0,0.0,1.0,1.0,1.0,36.8883,10.2742,7.0,1.0,1.0,1.0,1011828.5111111111,917271.3972689076,False,False,True,True,False,False,False,True,True,False
1500000.0,350.0,5.0,1.0,1.0,0.0,1.0,1.0,0.0,36.8942,10.2762,5.0,1.0,1.0,1.0,1578293.3970945948,1449446.8968031188,False,False,True,True,False,False,False,True,True,False
270000.0,200.0,3.0,2.0,1.0,0.0,1.0,1.0,0.0,36.4011,10.6146,2.0,0.0,0.0,0.0,809528.7390138675,783799.5456266907,False,False,True,True,False,False,True,False,True,False
620000.0,180.0,4.0,2.0,1.0,0.0,1.0,1.0,0.0,36.8625,10.1956,3.0,0.0,1.0,0.0,1020923.2245882354,917271.3972689076,False,False,True,True,False,False,False,True,True,False
790000.0,285.0,5.0,3.0,1.0,0.0,1.0,1.0,0.0,36.404,10.569,4.0,1.0,1.0,1.0,809528.7390138675,783799.5456266907,False,False,True,True,False,False,True,False,True,False
1200000.0,600.0,5.0,4.0,1.0,0.0,1.0,1.0,1.0,36.4011,10.6146,4.0,1.0,1.0,1.0,809528.7390138675,783799.5456266907,False,False,True,True,False,False,True,False,True,False
800000.0,320.0,9.0,3.0,1.0,0.0,0.0,0.0,0.0,36.4011,10.6146,6.0,1.0,1.0,0.0,809528.7390138675,783799.5456266907,False,False,True,True,False,False,True,False,True,False
450000.0,145.0,4.0,1.0,1.0,0.0,0.0,0.0,0.0,36.4011,10.6146,3.0,0.0,0.0,0.0,809528.7390138675,783799.5456266907,False,False,True,True,False,False,True,False,True,False
850000.0,380.0,4.0,2.0,1.0,0.0,0.0,0.0,0.0,36.7639,10.2861,4.0,1.0,1.0,1.0,544027.7777777778,1105774.472,False,True,False,True,False,False,False,True,True,False
670000.0,240.0,6.0,4.0,1.0,0.0,0.0,1.0,1.0,36.4011,10.6146,4.0,0.0,1.0,0.0,809528.7390138675,783799.5456266907,False,False,True,True,False,False,True,False,True,False
460000.0,200.0,4.0,2.0,0.0,0.0,1.0,1.0,0.0,36.4011,10.6146,3.0,1.0,0.0,1.0,809528.7390138675,783799.5456266907,False,False,True,True,False,False,True,False,True,False
125000.0,60.0,5.0,1.0,0.0,1.0,0.0,0.0,0.0,36.8493,11.0918,3.0,0.0,0.0,0.0,451934.8628125,783799.5456266907,True,False,False,True,False,False,True,False,True,False
125000.0,60.0,5.0,1.0,0.0,1.0,0.0,0.0,0.0,36.8493,11.0918,3.0,0.0,0.0,0.0,451934.8628125,783799.5456266907,True,False,False,True,False,False,True,False,True,False
1200000.0,473.0,7.0,2.0,1.0,0.0,0.0,1.0,0.0,36.8452,10.1647,6.0,1.0,1.0,0.0,1177994.243076923,783799.5456266907,False,False,True,True,False,False,True,False,True,False
390000.0,252.0,5.0,1.0,0.0,0.0,0.0,0.0,0.0,36.8356,10.2159,2.0,0.0,1.0,0.0,528091.5136842105,783799.5456266907,False,True,False,True,False,False,True,False,True,False
1000000.0,410.0,5.0,1.0,0.0,0.0,1.0,1.0,0.0,36.8833,10.25,5.0,0.0,1.0,0.0,1011828.5111111111,917271.3972689076,False,False,True,True,False,False,False,True,True,False
785000.0,191.0,3.0,2.0,1.0,0.0,1.0,1.0,0.0,36.8833,10.25,3.0,0.0,1.0,0.0,1011828.5111111111,917271.3972689076,False,False,True,True,False,False,False,True,True,False
550000.0,225.0,4.0,2.0,1.0,0.0,1.0,1.0,0.0,36.9544,10.1914,3.0,1.0,1.0,0.0,499150.58999999997,917271.3972689076,False,True,False,True,False,False,False,True,True,False
1800000.0,500.0,7.0,5.0,1.0,0.0,1.0,1.0,1.0,36.8833,10.25,6.0,1.0,1.0,0.0,1011828.5111111111,917271.3972689076,False,False,True,True,False,False,False,True,True,False
4000000.0,750.0,5.0,1.0,1.0,0.0,0.0,0.0,0.0,36.8566,10.3258,5.0,0.0,1.0,0.0,2180444.6730612246,1449446.8968031188,False,False,True,True,False,False,False,True,True,False
1000000.0,270.0,7.0,2.0,1.0,0.0,1.0,1.0,1.0,36.4506,10.735,3.0,0.0,1.0,1.0,994136.9111340205,783799.5456266907,False,False,True,True,False,False,True,False,True,False
530000.0,260.0,4.0,2.0,1.0,0.0,1.0,0.0,0.0,36.4011,10.6146,3.0,1.0,1.0,0.0,809528.7390138675,783799.5456266907,False,False,True,True,False,False,True,False,True,False
1090000.0,400.0,6.0,2.0,1.0,0.0,1.0,1.0,1.0,36.8764,10.3253,4.0,1.0,1.0,0.0,1578293.3970945948,1449446.8968031188,False,False,True,True,False,False,False,True,True,False
2880000.0,720.0,8.0,5.0,1.0,0.0,1.0,1.0,1.0,36.8333,10.3167,7.0,1.0,1.0,1.0,1416795.7877419356,1449446.8968031188,False,False,True,True,False,False,False,True,True,False
1250000.0,378.0,5.0,3.0,1.0,0.0,1.0,1.0,1.0,36.8883,10.2742,4.0,1.0,1.0,1.0,1011828.5111111111,917271.3972689076,False,False,True,True,False,False,False,True,True,False
1750000.0,395.0,2.0,1.0,0.0,0.0,0.0,0.0,0.0,36.8566,10.3258,3.0,1.0,0.0,1.0,2180444.6730612246,1449446.8968031188,False,False,True,True,False,False,False,True,True,False
265000.0,200.0,5.0,1.0,1.0,0.0,0.0,0.0,0.0,35.4319,10.8357,3.0,1.0,0.0,0.0,302750.0,607626.79375,True,False,False,True,False,False,True,False,True,False
196000.0,243.0,5.0,1.0,1.0,0.0,0.0,0.0,0.0,35.4319,10.8357,3.0,0.0,0.0,0.0,302750.0,607626.79375,True,False,False,True,False,False,True,False,True,False
830000.0,200.0,4.0,4.0,1.0,0.0,1.0,1.0,1.0,36.4011,10.6146,4.0,1.0,1.0,1.0,809528.7390138675,783799.5456266907,False,False,True,True,False,False,True,False,True,False
990000.0,250.0,5.0,4.0,1.0,0.0,1.0,1.0,1.0,36.4011,10.6146,4.0,1.0,0.0,1.0,809528.7390138675,783799.5456266907,False,False,True,True,False,False,True,False,True,False
480000.0,376.0,6.0,2.0,1.0,0.0,1.0,1.0,1.0,36.6939,10.2622,4.0,1.0,1.0,0.0,614259.2592592592,831885.7976100629,False,True,False,True,False,False,False,True,True,False
790000.0,430.0,9.0,4.0,1.0,0.0,0.0,0.0,0.0,36.8302,10.1374,8.0,1.0,1.0,0.0,694850.0507317072,1449446.8968031188,False,True,False,True,False,False,False,True,True,False
780000.0,609.0,5.0,2.0,1.0,0.0,1.0,1.0,0.0,36.8188,10.166,4.0,0.0,0.0,0.0,1047495.4257471263,1449446.8968031188,False,False,True,True,False,False,False,True,True,False
650000.0,210.0,8.0,2.0,1.0,0.0,0.0,0.0,0.0,36.6939,10.2622,7.0,1.0,1.0,0.0,614259.2592592592,831885.7976100629,False,True,False,True,False,False,False,True,True,False
175000.0,112.0,3.0,2.0,0.0,0.0,0.0,0.0,0.0,36.8188,10.166,3.0,0.0,0.0,0.0,1047495.4257471263,1449446.8968031188,False,False,True,True,False,False,False,True,True,False
1400000.0,300.0,11.0,2.0,1.0,0.0,0.0,0.0,0.0,36.8181,10.305,9.0,1.0,0.0,0.0,1118000.0,1449446.8968031188,False,False,True,True,False,False,False,True,True,False
980000.0,582.0,5.0,2.0,1.0,0.0,0.0,0.0,0.0,36.8188,10.166,3.0,1.0,1.0,0.0,1047495.4257471263,1449446.8968031188,False,False,True,True,False,False,False,True,True,False
620000.0,260.0,3.0,3.0,1.0,1.0,1.0,1.0,0.0,36.7789,10.0803,3.0,1.0,1.0,0.0,1047495.4257471263,1449446.8968031188,False,False,True,True,False,False,False,True,True,False
820000.0,600.0,5.0,1.0,0.0,1.0,1.0,1.0,0.0,36.4506,10.735,3.0,0.0,1.0,0.0,994136.9111340205,783799.5456266907,False,False,True,True,False,False,True,False,True,False
1100000.0,580.0,7.0,3.0,1.0,0.0,0.0,1.0,0.0,36.8452,10.1647,7.0,1.0,1.0,0.0,1542012.4593548388,831885.7976100629,False,False,True,True,False,False,False,True,True,False
790000.0,300.0,9.0,4.0,0.0,0.0,1.0,1.0,0.0,36.0683,9.9724,7.0,1.0,1.0,0.0,736411.7647058824,831885.7976100629,False,True,False,True,False,False,False,True,True,False
480000.0,350.0,8.0,3.0,1.0,0.0,1.0,1.0,0.0,36.7059,10.407,4.0,1.0,1.0,0.0,736411.7647058824,831885.7976100629,False,True,False,True,False,False,False,True,True,False
790000.0,220.0,4.0,2.0,1.0,0.0,1.0,1.0,0.0,36.4011,10.6146,3.0,1.0,1.0,1.0,809528.7390138675,783799.5456266907,False,False,True,True,False,False,True,False,True,False
2400000.0,450.0,4.0,3.0,1.0,0.0,1.0,1.0,0.0,36.8764,10.3253,3.0,1.0,1.0,1.0,1578293.3970945948,1449446.8968031188,False,False,True,True,False,False,False,True,True,False
850000.0,300.0,5.0,3.0,1.0,0.0,1.0,1.0,1.0,36.4011,10.6146,4.0,0.0,1.0,1.0,809528.7390138675,783799.5456266907,False,False,True,True,False,False,True,False,True,False
155000.0,133.0,2.0,1.0,0.0,0.0,0.0,0.0,0.0,36.8493,11.0918,2.0,0.0,0.0,0.0,451934.8628125,783799.5456266907,True,False,False,True,False,False,True,False,True,False
210000.0,120.0,3.0,2.0,0.0,0.0,0.0,0.0,0.0,36.9544,10.1914,2.0,0.0,0.0,0.0,499150.58999999997,917271.3972689076,False,True,False,True,False,False,False,True,True,False
540000.0,411.0,5.0,3.0,1.0,0.0,0.0,0.0,0.0,36.8833,10.25,3.0,0.0,1.0,1.0,1011828.5111111111,917271.3972689076,False,False,True,True,False,False,False,True,True,False
3600000.0,650.0,4.0,1.0,1.0,0.0,0.0,0.0,0.0,36.8566,10.3258,4.0,1.0,0.0,0.0,2180444.6730612246,1449446.8968031188,False,False,True,True,False,False,False,True,True,False
600000.0,816.0,5.0,1.0,1.0,0.0,0.0,0.0,0.0,36.7311,10.3277,3.0,1.0,1.0,0.0,516205.0955555556,831885.7976100629,False,True,False,True,False,False,False,True,True,False
2100000.0,379.0,6.0,4.0,1.0,0.0,1.0,1.0,1.0,36.8764,10.3253,4.0,1.0,1.0,0.0,1578293.3970945948,1449446.8968031188,False,False,True,True,False,False,False,True,True,False
180000.0,103.0,5.0,1.0,0.0,0.0,0.0,0.0,0.0,36.9372,10.1363,3.0,0.0,0.0,0.0,499150.58999999997,917271.3972689076,False,True,False,True,False,False,False,True,True,False
1000000.0,905.0,4.0,2.0,0.0,0.0,0.0,0.0,0.0,36.8302,10.1374,3.0,0.0,1.0,0.0,694850.0507317072,1449446.8968031188,False,True,False,True,False,False,False,True,True,False
820000.0,850.0,5.0,1.0,0.0,0.0,0.0,1.0,0.0,34.7862,10.746,3.0,1.0,1.0,0.0,544027.7777777778,1105774.472,False,True,False,True,False,False,False,True,True,False
270000.0,121.0,3.0,2.0,1.0,0.0,0.0,0.0,0.0,36.9544,10.1914,2.0,0.0,1.0,0.0,499150.58999999997,917271.3972689076,False,True,False,True,False,False,False,True,True,False
1260000.0,420.0,5.0,1.0,1.0,1.0,1.0,1.0,1.0,36.0301,10.5079,3.0,1.0,1.0,0.0,847410.6436363637,927922.7543356643,False,False,True,True,False,False,False,True,True,False
790000.0,270.0,5.0,3.0,1.0,0.0,1.0,1.0,1.0,36.8833,10.25,3.0,1.0,1.0,0.0,1011828.5111111111,917271.3972689076,False,False,True,True,False,False,False,True,True,False
770000.0,300.0,6.0,3.0,1.0,0.0,1.0,1.0,0.0,36.8452,10.1647,5.0,1.0,1.0,0.0,1177994.243076923,783799.5456266907,False,False,True,True,False,False,True,False,True,False
590000.0,349.0,5.0,2.0,0.0,0.0,1.0,1.0,1.0,35.8273,10.6339,4.0,1.0,1.0,0.0,1015812.9829508197,927922.7543356643,False,False,True,True,False,False,False,True,True,False
480000.0,466.0,4.0,1.0,1.0,0.0,0.0,0.0,0.0,36.8833,10.25,3.0,1.0,0.0,0.0,1011828.5111111111,917271.3972689076,False,False,True,True,False,False,False,True,True,False
750000.0,389.0,5.0,2.0,1.0,0.0,0.0,1.0,0.0,37.2656,10.0678,4.0,1.0,0.0,0.0,487846.1538461539,534121.1009677419,True,False,False,True,False,True,False,False,True,False
1320000.0,292.0,4.0,3.0,1.0,0.0,1.0,1.0,1.0,36.8333,10.3167,3.0,1.0,1.0,0.0,1416795.7877419356,1449446.8968031188,False,False,True,True,False,False,False,True,True,False
450000.0,400.0,5.0,1.0,1.0,1.0,1.0,1.0,0.0,36.9177,10.2889,3.0,0.0,0.0,0.0,1578293.3970945948,1449446.8968031188,False,False,True,True,False,False,False,True,True,False
2150000.0,492.0,5.0,1.0,1.0,0.0,1.0,1.0,1.0,36.8484,10.1745,3.0,0.0,1.0,1.0,1020923.2245882354,917271.3972689076,False,False,True,True,False,False,False,True,True,False
3500000.0,700.0,7.0,3.0,1.0,0.0,1.0,1.0,1.0,36.8764,10.3253,5.0,1.0,1.0,1.0,1578293.3970945948,1449446.8968031188,False,False,True,True,False,False,False,True,True,False
280000.0,80.0,11.0,3.0,1.0,0.0,0.0,0.0,1.0,36.8625,10.1956,5.0,0.0,0.0,0.0,1020923.2245882354,917271.3972689076,False,False,True,True,False,False,False,True,True,False
300000.0,178.0,5.0,1.0,0.0,0.0,0.0,0.0,0.0,36.8764,10.3253,3.0,0.0,0.0,0.0,1578293.3970945948,1449446.8968031188,False,False,True,True,False,False,False,True,True,False
355000.0,300.0,2.0,1.0,0.0,0.0,0.0,0.0,0.0,36.4207,10.5215,3.0,0.0,1.0,1.0,809528.7390138675,783799.5456266907,False,False,True,True,False,False,True,False,True,False
1300000.0,320.0,5.0,3.0,1.0,0.0,1.0,1.0,0.0,36.8833,10.25,4.0,1.0,1.0,1.0,1011828.5111111111,917271.3972689076,False,False,True,True,False,False,False,True,True,False
1500000.0,571.0,9.0,5.0,1.0,0.0,1.0,1.0,1.0,36.4011,10.6146,7.0,1.0,1.0,1.0,809528.7390138675,783799.5456266907,False,False,True,True,False,False,True,False,True,False
1080000.0,297.0,5.0,2.0,1.0,0.0,1.0,1.0,0.0,36.4011,10.6146,4.0,0.0,1.0,1.0,809528.7390138675,783799.5456266907,False,False,True,True,False,False,True,False,True,False
950000.0,350.0,5.0,2.0,1.0,0.0,1.0,1.0,0.0,36.4011,10.6146,4.0,1.0,1.0,1.0,809528.7390138675,783799.5456266907,False,False,True,True,False,False,True,False,True,False
950000.0,110.0,3.0,2.0,1.0,1.0,1.0,1.0,0.0,36.4506,10.735,6.0,1.0,1.0,0.0,994136.9111340205,783799.5456266907,False,False,True,True,False,False,True,False,True,False
570000.0,147.0,4.0,2.0,1.0,1.0,1.0,0.0,1.0,33.7597,11.0125,3.0,1.0,1.0,1.0,552642.1685714285,927922.7543356643,False,True,False,True,False,False,False,True,True,False
1480000.0,355.0,5.0,1.0,1.0,0.0,0.0,0.0,0.0,36.8833,10.25,5.0,1.0,1.0,1.0,1047495.4257471263,1449446.8968031188,False,False,True,True,False,False,False,True,True,False
1600000.0,500.0,4.0,3.0,1.0,0.0,0.0,0.0,0.0,36.8833,10.25,4.0,1.0,1.0,1.0,1011828.5111111111,917271.3972689076,False,False,True,True,False,False,False,True,True,False
500000.0,400.0,5.0,1.0,0.0,0.0,0.0,0.0,0.0,36.8625,10.1956,3.0,1.0,1.0,0.0,1020923.2245882354,917271.3972689076,False,False,True,True,False,False,False,True,True,False
610000.0,315.0,5.0,2.0,1.0,0.0,1.0,0.0,1.0,33.7749,11.0116,2.0,0.0,1.0,1.0,556674.2993630574,580727.7766850828,False,True,False,True,False,False,True,False,True,False
900000.0,530.0,5.0,2.0,0.0,0.0,1.0,1.0,0.0,36.0301,10.5079,4.0,0.0,1.0,1.0,847410.6436363637,927922.7543356643,False,False,True,True,False,False,False,True,True,False
2100000.0,460.0,6.0,4.0,1.0,1.0,1.0,1.0,1.0,36.8764,10.3253,5.0,1.0,1.0,1.0,1578293.3970945948,1449446.8968031188,False,False,True,True,False,False,False,True,True,False
280000.0,200.0,4.0,1.0,0.0,0.0,1.0,0.0,0.0,36.8188,10.166,4.0,0.0,0.0,0.0,360350.0,641574.9720430108,True,False,False,True,False,False,True,False,True,False
1200000.0,345.0,5.0,5.0,1.0,0.0,1.0,1.0,1.0,36.4011,10.6146,4.0,1.0,0.0,1.0,809528.7390138675,783799.5456266907,False,False,True,True,False,False,True,False,True,False
1500000.0,540.0,6.0,2.0,1.0,0.0,1.0,1.0,1.0,36.5772,10.3425,5.0,1.0,1.0,1.0,747303.2021052631,831885.7976100629,False,False,True,True,False,False,False,True,True,False
1150000.0,606.0,5.0,1.0,1.0,0.0,0.0,0.0,0.0,36.8452,10.1647,3.0,1.0,1.0,1.0,1177994.243076923,783799.5456266907,False,False,True,True,False,False,True,False,True,False
450000.0,300.0,4.0,1.0,1.0,1.0,1.0,0.0,1.0,36.4452,10.7546,3.0,1.0,0.0,0.0,994136.9111340205,783799.5456266907,False,False,True,True,False,False,True,False,True,False
2100000.0,550.0,5.0,1.0,0.0,0.0,0.0,0.0,1.0,36.8764,10.3253,3.0,0.0,1.0,1.0,1578293.3970945948,1449446.8968031188,False,False,True,True,False,False,False,True,True,False
450000.0,800.0,4.0,2.0,1.0,0.0,0.0,0.0,0.0,33.804,11.0401,3.0,0.0,1.0,1.0,604000.0,465625.0,False,True,False,True,False,True,False,False,True,False
370000.0,518.0,3.0,2.0,1.0,1.0,0.0,0.0,0.0,33.7597,11.0125,2.0,0.0,1.0,1.0,552642.1685714285,927922.7543356643,False,True,False,True,False,False,False,True,True,False
895000.0,227.0,4.0,1.0,1.0,0.0,1.0,1.0,1.0,36.8833,10.25,4.0,0.0,1.0,1.0,1011828.5111111111,917271.3972689076,False,False,True,True,False,False,False,True,True,False
750000.0,330.0,5.0,1.0,0.0,0.0,0.0,0.0,0.0,35.8213,10.5967,3.0,0.0,1.0,0.0,1015812.9829508197,927922.7543356643,False,False,True,True,False,False,False,True,True,False
200000.0,90.0,3.0,1.0,1.0,1.0,1.0,0.0,0.0,36.9548,10.2165,2.0,0.0,0.0,0.0,499150.58999999997,917271.3972689076,False,True,False,True,False,False,False,True,True,False
780000.0,210.0,3.0,3.0,1.0,0.0,0.0,0.0,0.0,33.8076,10.8451,3.0,1.0,1.0,1.0,556674.2993630574,580727.7766850828,False,True,False,True,False,False,True,False,True,False
1100000.0,320.0,3.0,4.0,1.0,0.0,1.0,1.0,0.0,36.4011,10.6146,3.0,1.0,1.0,1.0,809528.7390138675,783799.5456266907,False,False,True,True,False,False,True,False,True,False
900000.0,200.0,3.0,1.0,1.0,0.0,0.0,0.0,0.0,37.05,11.0167,2.0,1.0,1.0,0.0,528091.5136842105,783799.5456266907,False,True,False,True,False,False,True,False,True,False
250000.0,240.0,5.0,1.0,1.0,0.0,0.0,0.0,0.0,35.8213,10.5967,3.0,0.0,0.0,0.0,1015812.9829508197,927922.7543356643,False,False,True,True,False,False,False,True,True,False
950000.0,595.0,5.0,1.0,0.0,0.0,0.0,0.0,0.0,35.8213,10.5967,3.0,0.0,0.0,0.0,1015812.9829508197,927922.7543356643,False,False,True,True,False,False,False,True,True,False
455000.0,150.0,5.0,2.0,1.0,0.0,0.0,0.0,0.0,33.8076,10.8451,3.0,0.0,1.0,1.0,556674.2993630574,580727.7766850828,False,True,False,True,False,False,True,False,True,False
335000.0,201.0,2.0,2.0,1.0,0.0,1.0,1.0,0.0,37.05,11.0167,2.0,1.0,1.0,0.0,528091.5136842105,783799.5456266907,False,True,False,True,False,False,True,False,True,False
465000.0,128.0,5.0,1.0,1.0,0.0,0.0,0.0,0.0,33.8076,10.8451,3.0,0.0,1.0,0.0,556674.2993630574,580727.7766850828,False,True,False,True,False,False,True,False,True,False
1100000.0,300.0,5.0,3.0,1.0,0.0,1.0,1.0,0.0,36.4011,10.6146,5.0,0.0,1.0,1.0,809528.7390138675,783799.5456266907,False,False,True,True,False,False,True,False,True,False
155000.0,160.0,3.0,1.0,0.0,0.0,0.0,0.0,0.0,36.8094,9.909,2.0,0.0,0.0,0.0,310714.28571428574,513184.2105263158,True,False,False,True,False,True,False,False,True,False
70000.0,203.0,3.0,1.0,0.0,0.0,0.0,0.0,0.0,35.87,10.57,3.0,0.0,0.0,0.0,1026490.2244999999,927922.7543356643,False,False,True,True,False,False,False,True,True,False
650000.0,485.0,4.0,2.0,0.0,0.0,0.0,0.0,0.0,36.4011,10.6146,3.0,0.0,0.0,0.0,809528.7390138675,783799.5456266907,False,False,True,True,False,False,True,False,True,False
750000.0,170.0,4.0,2.0,1.0,0.0,0.0,1.0,1.0,36.4011,10.6146,4.0,0.0,1.0,1.0,809528.7390138675,783799.5456266907,False,False,True,True,False,False,True,False,True,False
2900000.0,400.0,5.0,2.0,1.0,1.0,1.0,1.0,0.0,35.8569,10.5972,5.0,0.0,1.0,1.0,1015812.9829508197,927922.7543356643,False,False,True,True,False,False,False,True,True,False
1350000.0,350.0,8.0,4.0,1.0,0.0,1.0,0.0,0.0,36.4011,10.6146,5.0,0.0,1.0,1.0,809528.7390138675,783799.5456266907,False,False,True,True,False,False,True,False,True,False
730000.0,350.0,5.0,1.0,0.0,0.0,0.0,0.0,1.0,36.8625,10.1956,3.0,1.0,1.0,0.0,1020923.2245882354,917271.3972689076,False,False,True,True,False,False,False,True,True,False
2200000.0,520.0,5.0,1.0,1.0,1.0,1.0,0.0,1.0,36.8942,10.2762,3.0,0.0,1.0,1.0,1578293.3970945948,1449446.8968031188,False,False,True,True,False,False,False,True,True,False
770000.0,331.0,5.0,3.0,0.0,0.0,0.0,1.0,0.0,36.8625,10.1956,4.0,1.0,1.0,0.0,1020923.2245882354,917271.3972689076,False,False,True,True,False,False,False,True,True,False
450000.0,430.0,4.0,1.0,1.0,0.0,0.0,0.0,0.0,37.272,9.8708,3.0,0.0,0.0,0.0,513185.1669565218,534121.1009677419,False,True,False,True,False,True,False,False,True,False
180000.0,320.0,4.0,1.0,1.0,0.0,0.0,0.0,0.0,36.9306,11.0485,3.0,0.0,0.0,0.0,809528.7390138675,783799.5456266907,False,False,True,True,False,False,True,False,True,False
370000.0,119.0,11.0,6.0,0.0,0.0,0.0,0.0,0.0,36.8094,9.909,6.0,0.0,0.0,0.0,310714.28571428574,513184.2105263158,True,False,False,True,False,True,False,False,True,False
95000.0,100.0,4.0,1.0,0.0,0.0,0.0,0.0,0.0,36.8094,9.909,3.0,0.0,0.0,0.0,310714.28571428574,513184.2105263158,True,False,False,True,False,True,False,False,True,False
140000.0,150.0,5.0,1.0,1.0,0.0,1.0,0.0,0.0,36.8094,9.909,3.0,1.0,0.0,0.0,310714.28571428574,513184.2105263158,True,False,False,True,False,True,False,False,True,False
120000.0,250.0,3.0,2.0,0.0,0.0,0.0,0.0,0.0,36.8094,9.909,3.0,0.0,0.0,0.0,279250.0,513184.2105263158,True,False,False,True,False,True,False,False,True,False
430000.0,500.0,4.0,1.0,0.0,0.0,0.0,0.0,0.0,36.9544,10.1914,5.0,1.0,0.0,0.0,499150.58999999997,917271.3972689076,False,True,False,True,False,False,False,True,True,False
950000.0,300.0,5.0,4.0,0.0,0.0,1.0,1.0,0.0,36.8942,10.2762,5.0,1.0,1.0,0.0,1578293.3970945948,1449446.8968031188,False,False,True,True,False,False,False,True,True,False
300000.0,150.0,4.0,2.0,1.0,0.0,0.0,0.0,0.0,36.9124,11.102,4.0,1.0,0.0,0.0,287500.0,783799.5456266907,True,False,False,True,False,False,True,False,True,False
750000.0,384.0,10.0,2.0,1.0,0.0,0.0,1.0,0.0,36.8625,10.1956,6.0,1.0,1.0,0.0,1020923.2245882354,917271.3972689076,False,False,True,True,False,False,False,True,True,False
1250000.0,612.0,5.0,1.0,0.0,0.0,0.0,0.0,1.0,36.8625,10.1956,4.0,1.0,1.0,0.0,1020923.2245882354,917271.3972689076,False,False,True,True,False,False,False,True,True,False
2200000.0,561.0,5.0,4.0,0.0,0.0,0.0,1.0,0.0,36.8942,10.2762,4.0,1.0,1.0,1.0,1578293.3970945948,1449446.8968031188,False,False,True,True,False,False,False,True,True,False
650000.0,546.0,5.0,1.0,0.0,0.0,0.0,1.0,0.0,36.0683,9.9724,3.0,1.0,1.0,0.0,736411.7647058824,831885.7976100629,False,True,False,True,False,False,False,True,True,False
780000.0,400.0,4.0,2.0,1.0,0.0,0.0,1.0,0.0,36.7609,10.2736,3.0,1.0,1.0,0.0,477254.9476923077,831885.7976100629,True,False,False,True,False,False,False,True,True,False
95000.0,113.0,5.0,1.0,1.0,0.0,0.0,0.0,0.0,37.2667,9.8667,3.0,0.0,0.0,0.0,513185.1669565218,534121.1009677419,False,True,False,True,False,True,False,False,True,False
1200000.0,628.0,8.0,3.0,1.0,0.0,1.0,1.0,0.0,36.8147,10.1558,6.0,1.0,1.0,0.0,1177994.243076923,783799.5456266907,False,False,True,True,False,False,True,False,True,False
780000.0,250.0,5.0,3.0,1.0,0.0,0.0,0.0,0.0,33.804,11.0401,4.0,1.0,1.0,1.0,604000.0,465625.0,False,True,False,True,False,True,False,False,True,False
190000.0,150.0,4.0,1.0,1.0,0.0,0.0,0.0,0.0,36.8625,10.1956,3.0,0.0,0.0,0.0,1020923.2245882354,917271.3972689076,False,False,True,True,False,False,False,True,True,False
400000.0,155.0,4.0,1.0,0.0,0.0,0.0,0.0,0.0,36.8625,10.1956,3.0,0.0,0.0,0.0,1020923.2245882354,917271.3972689076,False,False,True,True,False,False,False,True,True,False
730000.0,266.0,5.0,4.0,1.0,0.0,0.0,0.0,0.0,36.8452,10.1647,4.0,1.0,1.0,0.0,1177994.243076923,783799.5456266907,False,False,True,True,False,False,True,False,True,False
600000.0,240.0,4.0,2.0,1.0,0.0,0.0,1.0,0.0,36.7609,10.2736,3.0,1.0,1.0,0.0,530909.0909090909,534121.1009677419,False,True,False,True,False,True,False,False,True,False
800000.0,260.0,5.0,2.0,1.0,0.0,0.0,1.0,1.0,36.7609,10.2736,4.0,1.0,1.0,0.0,477254.9476923077,831885.7976100629,True,False,False,True,False,False,False,True,True,False
340000.0,220.0,8.0,2.0,0.0,0.0,0.0,0.0,0.0,36.9544,10.1914,6.0,0.0,0.0,0.0,499150.58999999997,917271.3972689076,False,True,False,True,False,False,False,True,True,False
450000.0,250.0,5.0,1.0,0.0,0.0,0.0,0.0,0.0,35.8337,10.6407,4.0,1.0,0.0,0.0,952083.3333333334,709285.7142857143,False,False,True,True,False,False,True,False,True,False
100000.0,200.0,3.0,1.0,1.0,0.0,0.0,0.0,0.0,36.4011,10.6146,3.0,1.0,0.0,0.0,809528.7390138675,783799.5456266907,False,False,True,True,False,False,True,False,True,False
2200000.0,500.0,6.0,2.0,1.0,0.0,1.0,1.0,0.0,36.8625,10.1956,5.0,1.0,1.0,0.0,1020923.2245882354,917271.3972689076,False,False,True,True,False,False,False,True,True,False
145000.0,102.0,3.0,1.0,1.0,0.0,0.0,0.0,0.0,36.6477,10.0911,4.0,0.0,1.0,0.0,410765.3846153846,607626.79375,True,False,False,True,False,False,True,False,True,False
330000.0,315.0,12.0,3.0,1.0,0.0,0.0,0.0,0.0,36.4011,10.6146,6.0,0.0,0.0,0.0,809528.7390138675,783799.5456266907,False,False,True,True,False,False,True,False,True,False
460000.0,370.0,4.0,2.0,1.0,1.0,1.0,0.0,0.0,33.8178,10.9838,3.0,1.0,1.0,1.0,537322.9179591837,537322.9179591837,False,True,False,True,False,False,True,False,True,False
335000.0,436.0,10.0,1.0,1.0,0.0,0.0,0.0,0.0,35.87,10.57,5.0,0.0,1.0,0.0,1026490.2244999999,927922.7543356643,False,False,True,True,False,False,False,True,True,False
720000.0,170.0,9.0,1.0,1.0,0.0,1.0,1.0,0.0,35.87,10.57,3.0,0.0,0.0,0.0,1026490.2244999999,927922.7543356643,False,False,True,True,False,False,False,True,True,False
670000.0,204.0,4.0,2.0,1.0,0.0,0.0,0.0,0.0,36.4011,10.6146,4.0,1.0,1.0,1.0,809528.7390138675,783799.5456266907,False,False,True,True,False,False,True,False,True,False
675000.0,320.0,6.0,2.0,1.0,0.0,1.0,1.0,1.0,36.8764,10.3253,5.0,0.0,1.0,0.0,1578293.3970945948,1449446.8968031188,False,False,True,True,False,False,False,True,True,False
449000.0,164.0,6.0,3.0,0.0,0.0,1.0,1.0,0.0,36.4198,10.6619,4.0,1.0,1.0,0.0,809528.7390138675,783799.5456266907,False,False,True,True,False,False,True,False,True,False
745000.0,250.0,7.0,5.0,1.0,0.0,1.0,1.0,0.0,36.4198,10.6619,4.0,1.0,1.0,1.0,809528.7390138675,783799.5456266907,False,False,True,True,False,False,True,False,True,False
430000.0,200.0,4.0,3.0,1.0,0.0,0.0,1.0,0.0,36.7609,10.2736,3.0,1.0,1.0,0.0,477254.9476923077,831885.7976100629,True,False,False,True,False,False,False,True,True,False
1600000.0,650.0,9.0,2.0,1.0,0.0,1.0,1.0,0.0,35.8324,10.6225,4.0,0.0,1.0,0.0,1015812.9829508197,927922.7543356643,False,False,True,True,False,False,False,True,True,False
1500000.0,459.0,5.0,2.0,1.0,0.0,1.0,1.0,0.0,36.8625,10.1956,4.0,1.0,1.0,0.0,1020923.2245882354,917271.3972689076,False,False,True,True,False,False,False,True,True,False
650000.0,343.0,4.0,1.0,1.0,0.0,0.0,0.0,0.0,36.7786,10.0554,3.0,1.0,0.0,0.0,646545.4545454546,513184.2105263158,False,True,False,True,False,True,False,False,True,False
850000.0,400.0,5.0,3.0,1.0,0.0,1.0,1.0,1.0,36.4506,10.735,4.0,1.0,1.0,1.0,994136.9111340205,783799.5456266907,False,False,True,True,False,False,True,False,True,False
250000.0,90.0,4.0,2.0,1.0,1.0,1.0,1.0,0.0,33.8102,10.9811,2.0,0.0,1.0,0.0,537322.9179591837,537322.9179591837,False,True,False,True,False,False,True,False,True,False
750000.0,491.0,8.0,2.0,0.0,0.0,1.0,0.0,1.0,36.8625,10.1956,6.0,1.0,1.0,0.0,1020923.2245882354,917271.3972689076,False,False,True,True,False,False,False,True,True,False
750000.0,450.0,2.0,3.0,1.0,0.0,1.0,1.0,1.0,36.8302,10.1374,7.0,1.0,1.0,0.0,694850.0507317072,1449446.8968031188,False,True,False,True,False,False,False,True,True,False
850000.0,270.0,7.0,2.0,1.0,0.0,1.0,1.0,1.0,36.8915,10.1626,5.0,1.0,1.0,0.0,1542012.4593548388,831885.7976100629,False,False,True,True,False,False,False,True,True,False
495000.0,833.0,5.0,1.0,1.0,0.0,0.0,0.0,0.0,34.7862,10.746,3.0,1.0,1.0,0.0,544027.7777777778,1105774.472,False,True,False,True,False,False,False,True,True,False
950000.0,230.0,5.0,2.0,1.0,0.0,1.0,1.0,1.0,36.8764,10.3253,4.0,1.0,1.0,0.0,1578293.3970945948,1449446.8968031188,False,False,True,True,False,False,False,True,True,False
750000.0,475.0,8.0,2.0,0.0,0.0,1.0,1.0,0.0,36.8156,10.169,6.0,1.0,1.0,0.0,1177994.243076923,783799.5456266907,False,False,True,True,False,False,True,False,True,False
130000.0,150.0,2.0,1.0,0.0,0.0,0.0,0.0,0.0,36.8493,11.0918,2.0,0.0,0.0,0.0,451934.8628125,783799.5456266907,True,False,False,True,False,False,True,False,True,False
520000.0,100.0,5.0,1.0,0.0,0.0,0.0,0.0,0.0,36.8625,10.1956,3.0,0.0,0.0,0.0,1020923.2245882354,917271.3972689076,False,False,True,True,False,False,False,True,True,False
645000.0,260.0,5.0,3.0,1.0,0.0,1.0,1.0,1.0,36.4522,10.7937,4.0,1.0,1.0,1.0,642782.0582608696,783799.5456266907,False,True,False,True,False,False,True,False,True,False
400000.0,250.0,5.0,2.0,0.0,0.0,0.0,0.0,0.0,34.789,10.825,3.0,1.0,1.0,0.0,280000.0,1105774.472,True,False,False,False,True,False,False,True,True,False
1500000.0,540.0,10.0,2.0,1.0,0.0,1.0,1.0,0.0,36.5772,10.3425,5.0,1.0,1.0,1.0,747303.2021052631,831885.7976100629,False,False,True,True,False,False,False,True,True,False
850000.0,600.0,4.0,2.0,1.0,0.0,1.0,1.0,0.0,36.8764,10.3253,3.0,1.0,1.0,0.0,1578293.3970945948,1449446.8968031188,False,False,True,True,False,False,False,True,True,False
1850000.0,500.0,6.0,2.0,1.0,0.0,0.0,1.0,0.0,36.8488,10.3199,5.0,1.0,1.0,0.0,2180444.6730612246,1449446.8968031188,False,False,True,True,False,False,False,True,True,False
330000.0,120.0,5.0,2.0,1.0,0.0,1.0,1.0,1.0,36.789,10.1835,3.0,1.0,1.0,0.0,428142.85714285716,1236960.2596551725,True,False,False,True,False,False,False,True,True,False
250000.0,200.0,4.0,1.0,1.0,0.0,0.0,0.0,0.0,36.6939,10.2622,3.0,0.0,1.0,0.0,906315.7894736842,831885.7976100629,False,False,True,True,False,False,False,True,True,False
1250000.0,394.0,5.0,1.0,1.0,0.0,1.0,1.0,0.0,36.8605,10.1604,3.0,0.0,1.0,0.0,1020923.2245882354,917271.3972689076,False,False,True,True,False,False,False,True,True,False
1270000.0,868.0,5.0,1.0,1.0,0.0,0.0,1.0,0.0,34.7781,10.7258,3.0,0.0,0.0,1.0,544027.7777777778,1105774.472,False,True,False,True,False,False,False,True,True,False
1500000.0,800.0,5.0,1.0,1.0,0.0,1.0,1.0,1.0,36.4011,10.6146,4.0,1.0,1.0,1.0,809528.7390138675,783799.5456266907,False,False,True,True,False,False,True,False,True,False
760000.0,216.0,5.0,1.0,1.0,0.0,0.0,0.0,0.0,36.8883,10.2742,3.0,1.0,1.0,0.0,1011828.5111111111,917271.3972689076,False,False,True,True,False,False,False,True,True,False
600000.0,175.0,3.0,3.0,1.0,0.0,1.0,1.0,0.0,36.8833,10.25,3.0,1.0,1.0,0.0,1011828.5111111111,917271.3972689076,False,False,True,True,False,False,False,True,True,False
91670.0,120.0,3.0,1.0,0.0,0.0,0.0,0.0,0.0,35.8273,10.6339,2.0,0.0,0.0,0.0,1015812.9829508197,927922.7543356643,False,False,True,True,False,False,False,True,True,False
795000.0,475.0,5.0,3.0,1.0,0.0,1.0,1.0,0.0,36.532,10.1048,5.0,0.0,1.0,0.0,499150.58999999997,917271.3972689076,False,True,False,True,False,False,False,True,True,False
880000.0,500.0,8.0,2.0,1.0,0.0,1.0,1.0,0.0,36.9544,10.1914,6.0,1.0,1.0,0.0,499150.58999999997,917271.3972689076,False,True,False,True,False,False,False,True,True,False
1230000.0,256.0,5.0,4.0,0.0,0.0,1.0,1.0,0.0,36.8833,10.25,4.0,0.0,1.0,1.0,1011828.5111111111,917271.3972689076,False,False,True,True,False,False,False,True,True,False
790000.0,430.0,5.0,3.0,1.0,0.0,1.0,1.0,1.0,36.4011,10.6146,4.0,1.0,1.0,1.0,809528.7390138675,783799.5456266907,False,False,True,True,False,False,True,False,True,False
1200000.0,480.0,8.0,5.0,1.0,0.0,1.0,1.0,0.0,36.8452,10.1647,6.0,1.0,1.0,0.0,1177994.243076923,783799.5456266907,False,False,True,True,False,False,True,False,True,False
400000.0,240.0,5.0,1.0,1.0,1.0,1.0,1.0,0.0,36.9177,10.2889,3.0,1.0,0.0,0.0,1578293.3970945948,1449446.8968031188,False,False,True,True,False,False,False,True,True,False
495000.0,550.0,5.0,2.0,1.0,0.0,0.0,0.0,0.0,33.8076,10.8451,3.0,0.0,1.0,1.0,556674.2993630574,580727.7766850828,False,True,False,True,False,False,True,False,True,False
220000.0,120.0,4.0,1.0,0.0,0.0,0.0,0.0,0.0,33.8076,10.8451,2.0,0.0,1.0,0.0,556674.2993630574,580727.7766850828,False,True,False,True,False,False,True,False,True,False
550000.0,530.0,6.0,2.0,1.0,0.0,0.0,0.0,0.0,33.8076,10.8451,3.0,1.0,1.0,0.0,556674.2993630574,580727.7766850828,False,True,False,True,False,False,True,False,True,False
750000.0,140.0,5.0,3.0,1.0,0.0,1.0,1.0,1.0,36.4011,10.6146,4.0,1.0,0.0,0.0,809528.7390138675,783799.5456266907,False,False,True,True,False,False,True,False,True,False
580000.0,500.0,4.0,3.0,1.0,0.0,1.0,1.0,0.0,36.8241,10.2244,3.0,0.0,1.0,1.0,518012.26,917271.3972689076,False,True,False,True,False,False,False,True,True,False
1150000.0,350.0,11.0,3.0,1.0,1.0,1.0,1.0,0.0,36.4011,10.6146,7.0,1.0,1.0,1.0,809528.7390138675,783799.5456266907,False,False,True,True,False,False,True,False,True,False
620000.0,500.0,8.0,4.0,0.0,0.0,0.0,0.0,0.0,36.6939,10.2622,8.0,1.0,0.0,0.0,906315.7894736842,831885.7976100629,False,False,True,True,False,False,False,True,True,False
1470000.0,278.0,3.0,2.0,1.0,0.0,1.0,1.0,0.0,36.4011,10.6146,3.0,1.0,1.0,1.0,809528.7390138675,783799.5456266907,False,False,True,True,False,False,True,False,True,False
700000.0,450.0,7.0,3.0,1.0,0.0,0.0,1.0,0.0,36.659,10.4059,7.0,1.0,1.0,0.0,736411.7647058824,831885.7976100629,False,True,False,True,False,False,False,True,True,False
790000.0,500.0,5.0,3.0,1.0,0.0,0.0,0.0,0.0,36.4011,10.6146,4.0,0.0,1.0,1.0,809528.7390138675,783799.5456266907,False,False,True,True,False,False,True,False,True,False
550000.0,193.0,4.0,2.0,1.0,1.0,1.0,1.0,0.0,36.47,10.78,3.0,0.0,0.0,0.0,642782.0582608696,783799.5456266907,False,True,False,True,False,False,True,False,True,False
1300000.0,350.0,3.0,1.0,1.0,0.0,0.0,0.0,0.0,35.8569,10.5972,2.0,0.0,1.0,0.0,1015812.9829508197,927922.7543356643,False,False,True,True,False,False,False,True,True,False
420000.0,330.0,2.0,1.0,0.0,0.0,0.0,0.0,0.0,35.7833,10.8333,3.0,0.0,0.0,0.0,925293.5079999999,641574.9720430108,False,False,True,True,False,False,True,False,True,False
420000.0,300.0,8.0,2.0,0.0,0.0,0.0,0.0,0.0,36.4506,10.735,6.0,0.0,0.0,0.0,994136.9111340205,783799.5456266907,False,False,True,True,False,False,True,False,True,False
1460000.0,200.0,5.0,3.0,0.0,0.0,0.0,0.0,0.0,36.4506,10.735,4.0,0.0,1.0,1.0,994136.9111340205,783799.5456266907,False,False,True,True,False,False,True,False,True,False
2200000.0,800.0,8.0,3.0,1.0,1.0,0.0,1.0,0.0,36.8625,10.1956,6.0,0.0,1.0,0.0,1020923.2245882354,917271.3972689076,False,False,True,True,False,False,False,True,True,False
550000.0,458.0,4.0,2.0,1.0,0.0,0.0,0.0,0.0,34.9525,10.7703,4.0,1.0,1.0,0.0,375000.0,607626.79375,True,False,False,True,False,False,True,False,True,False
620000.0,160.0,3.0,1.0,1.0,0.0,1.0,0.0,0.0,33.8015,11.0097,2.0,1.0,1.0,0.0,537322.9179591837,537322.9179591837,False,True,False,True,False,False,True,False,True,False
350000.0,180.0,3.0,2.0,1.0,0.0,1.0,1.0,0.0,34.6726,10.7225,2.0,1.0,1.0,0.0,350000.0,1105774.472,True,False,False,False,True,False,False,True,True,False
620000.0,160.0,5.0,2.0,1.0,0.0,0.0,0.0,0.0,36.7281,10.3424,3.0,1.0,1.0,0.0,516205.0955555556,831885.7976100629,False,True,False,True,False,False,False,True,True,False
1170000.0,600.0,7.0,4.0,1.0,0.0,1.0,1.0,0.0,36.8452,10.1647,4.0,1.0,1.0,1.0,1177994.243076923,783799.5456266907,False,False,True,True,False,False,True,False,True,False
1200000.0,690.0,6.0,3.0,1.0,0.0,1.0,1.0,0.0,36.8452,10.1647,5.0,1.0,1.0,1.0,1177994.243076923,783799.5456266907,False,False,True,True,False,False,True,False,True,False
2300000.0,630.0,6.0,3.0,0.0,0.0,1.0,1.0,0.0,36.8932,10.3099,4.0,1.0,1.0,1.0,1578293.3970945948,1449446.8968031188,False,False,True,True,False,False,False,True,True,False
850000.0,805.0,6.0,1.0,1.0,0.0,1.0,1.0,0.0,36.8833,10.25,5.0,1.0,1.0,0.0,1011828.5111111111,917271.3972689076,False,False,True,True,False,False,False,True,True,False
660000.0,210.0,4.0,3.0,1.0,0.0,0.0,0.0,1.0,36.404,10.569,3.0,1.0,1.0,1.0,809528.7390138675,783799.5456266907,False,False,True,True,False,False,True,False,True,False
450000.0,440.0,5.0,1.0,1.0,0.0,1.0,1.0,1.0,36.4011,10.6146,3.0,1.0,1.0,0.0,809528.7390138675,783799.5456266907,False,False,True,True,False,False,True,False,True,False
265000.0,175.0,4.0,1.0,1.0,0.0,1.0,0.0,1.0,36.8833,10.25,3.0,1.0,0.0,0.0,1011828.5111111111,917271.3972689076,False,False,True,True,False,False,False,True,True,False
530000.0,113.0,2.0,1.0,0.0,0.0,1.0,0.0,0.0,36.4011,10.6146,3.0,0.0,0.0,0.0,809528.7390138675,783799.5456266907,False,False,True,True,False,False,True,False,True,False
60000.0,203.0,6.0,1.0,0.0,0.0,0.0,0.0,0.0,35.87,10.57,3.0,0.0,0.0,0.0,1026490.2244999999,927922.7543356643,False,False,True,True,False,False,False,True,True,False
395000.0,105.0,11.0,2.0,0.0,0.0,0.0,0.0,0.0,36.8764,10.3253,4.0,1.0,0.0,0.0,1578293.3970945948,1449446.8968031188,False,False,True,True,False,False,False,True,True,False
1250000.0,469.0,5.0,1.0,1.0,0.0,0.0,0.0,0.0,36.8625,10.1956,3.0,1.0,1.0,0.0,1020923.2245882354,917271.3972689076,False,False,True,True,False,False,False,True,True,False
670000.0,449.0,5.0,1.0,1.0,1.0,1.0,0.0,0.0,36.8605,10.1604,3.0,0.0,1.0,0.0,1020923.2245882354,917271.3972689076,False,False,True,True,False,False,False,True,True,False
250000.0,350.0,5.0,1.0,1.0,0.0,0.0,0.0,0.0,34.7781,10.7258,3.0,0.0,0.0,0.0,544027.7777777778,1105774.472,False,True,False,True,False,False,False,True,True,False
415000.0,420.0,4.0,1.0,0.0,0.0,0.0,0.0,0.0,36.8356,10.2159,4.0,0.0,0.0,0.0,528091.5136842105,783799.5456266907,False,True,False,True,False,False,True,False,True,False
950000.0,220.0,6.0,4.0,1.0,0.0,1.0,1.0,0.0,36.8355,10.2242,5.0,1.0,1.0,0.0,1578293.3970945948,1449446.8968031188,False,False,True,True,False,False,False,True,True,False
550000.0,400.0,5.0,3.0,1.0,0.0,0.0,1.0,0.0,36.8833,10.25,4.0,1.0,1.0,0.0,1011828.5111111111,917271.3972689076,False,False,True,True,False,False,False,True,True,False
250000.0,128.0,5.0,1.0,1.0,0.0,0.0,0.0,0.0,36.6939,10.2622,3.0,0.0,0.0,0.0,906315.7894736842,831885.7976100629,False,False,True,True,False,False,False,True,True,False
460000.0,270.0,5.0,1.0,1.0,0.0,0.0,0.0,0.0,36.4011,10.6146,3.0,0.0,1.0,0.0,809528.7390138675,783799.5456266907,False,False,True,True,False,False,True,False,True,False
490000.0,133.0,4.0,3.0,0.0,0.0,1.0,1.0,0.0,36.7609,10.2736,3.0,1.0,1.0,0.0,530909.0909090909,534121.1009677419,False,True,False,True,False,True,False,False,True,False
780000.0,230.0,5.0,1.0,1.0,0.0,1.0,0.0,0.0,36.8188,10.166,3.0,0.0,0.0,0.0,1047495.4257471263,1449446.8968031188,False,False,True,True,False,False,False,True,True,False
480000.0,103.0,4.0,2.0,1.0,1.0,1.0,0.0,0.0,36.4016,10.6182,3.0,0.0,0.0,1.0,809528.7390138675,783799.5456266907,False,False,True,True,False,False,True,False,True,False
750000.0,211.0,4.0,1.0,0.0,0.0,0.0,0.0,0.0,36.8302,10.1374,3.0,0.0,0.0,0.0,694850.0507317072,1449446.8968031188,False,True,False,True,False,False,False,True,True,False
850000.0,490.0,12.0,4.0,1.0,0.0,1.0,1.0,1.0,36.8764,10.3253,11.0,1.0,1.0,1.0,1578293.3970945948,1449446.8968031188,False,False,True,True,False,False,False,True,True,False
1900000.0,220.0,7.0,4.0,1.0,0.0,0.0,0.0,0.0,36.8452,10.1647,6.0,1.0,1.0,1.0,1177994.243076923,783799.5456266907,False,False,True,True,False,False,True,False,True,False
550000.0,220.0,5.0,1.0,0.0,0.0,0.0,0.0,0.0,36.8625,10.1956,3.0,0.0,0.0,0.0,1020923.2245882354,917271.3972689076,False,False,True,True,False,False,False,True,True,False
990000.0,670.0,5.0,1.0,0.0,0.0,0.0,0.0,1.0,36.8483,10.1411,3.0,1.0,1.0,0.0,1177994.243076923,783799.5456266907,False,False,True,True,False,False,True,False,True,False
1500000.0,500.0,9.0,5.0,1.0,0.0,1.0,0.0,0.0,36.8625,10.1956,7.0,1.0,1.0,1.0,1020923.2245882354,917271.3972689076,False,False,True,True,False,False,False,True,True,False
620000.0,522.0,5.0,2.0,1.0,0.0,0.0,0.0,0.0,36.7723,10.2212,4.0,1.0,1.0,0.0,559271.8892307692,831885.7976100629,False,True,False,True,False,False,False,True,True,False
2800000.0,300.0,5.0,2.0,1.0,0.0,1.0,1.0,0.0,35.8569,10.5972,4.0,1.0,1.0,1.0,1015812.9829508197,927922.7543356643,False,False,True,True,False,False,False,True,True,False
630000.0,150.0,3.0,1.0,1.0,0.0,0.0,0.0,0.0,36.4506,10.735,2.0,0.0,1.0,0.0,994136.9111340205,783799.5456266907,False,False,True,True,False,False,True,False,True,False
750000.0,500.0,5.0,3.0,0.0,0.0,0.0,0.0,0.0,36.4011,10.6146,4.0,0.0,1.0,1.0,809528.7390138675,783799.5456266907,False,False,True,True,False,False,True,False,True,False
795000.0,295.0,5.0,1.0,1.0,0.0,0.0,0.0,0.0,36.689,10.2996,3.0,0.0,1.0,0.0,529454.5454545454,831885.7976100629,False,True,False,True,False,False,False,True,True,False
600000.0,240.0,4.0,2.0,1.0,0.0,1.0,1.0,0.0,36.4506,10.735,4.0,1.0,1.0,1.0,994136.9111340205,783799.5456266907,False,False,True,True,False,False,True,False,True,False
850000.0,180.0,5.0,2.0,1.0,0.0,1.0,1.0,0.0,36.8764,10.3253,4.0,1.0,1.0,0.0,1578293.3970945948,1449446.8968031188,False,False,True,True,False,False,False,True,True,False
390000.0,280.0,5.0,2.0,0.0,0.0,0.0,0.0,0.0,36.8764,10.3253,3.0,0.0,0.0,0.0,1578293.3970945948,1449446.8968031188,False,False,True,True,False,False,False,True,True,False
340000.0,230.0,5.0,1.0,0.0,1.0,0.0,1.0,0.0,36.8605,10.1604,3.0,0.0,0.0,0.0,1020923.2245882354,917271.3972689076,False,False,True,True,False,False,False,True,True,False
730000.0,350.0,5.0,2.0,1.0,1.0,1.0,1.0,1.0,36.4011,10.6146,4.0,1.0,1.0,1.0,809528.7390138675,783799.5456266907,False,False,True,True,False,False,True,False,True,False
890000.0,300.0,4.0,3.0,1.0,0.0,0.0,0.0,0.0,36.4011,10.6146,4.0,0.0,1.0,1.0,809528.7390138675,783799.5456266907,False,False,True,True,False,False,True,False,True,False
1250000.0,250.0,4.0,3.0,1.0,0.0,1.0,1.0,0.0,36.8764,10.3253,3.0,1.0,1.0,0.0,1578293.3970945948,1449446.8968031188,False,False,True,True,False,False,False,True,True,False
780000.0,550.0,5.0,4.0,1.0,0.0,1.0,0.0,1.0,36.4011,10.6146,4.0,1.0,1.0,1.0,809528.7390138675,783799.5456266907,False,False,True,True,False,False,True,False,True,False
1300000.0,396.0,6.0,4.0,1.0,0.0,0.0,0.0,0.0,36.4011,10.6146,5.0,0.0,1.0,1.0,809528.7390138675,783799.5456266907,False,False,True,True,False,False,True,False,True,False
90000.0,172.0,5.0,1.0,1.0,0.0,0.0,0.0,0.0,36.7483,10.1143,2.0,0.0,1.0,0.0,104500.0,1449446.8968031188,True,False,False,True,False,False,False,True,True,False
240000.0,240.0,5.0,2.0,1.0,0.0,0.0,0.0,0.0,34.6687,10.6999,4.0,1.0,1.0,0.0,544027.7777777778,1105774.472,False,True,False,True,False,False,False,True,True,False
1900000.0,400.0,6.0,3.0,0.0,0.0,0.0,0.0,0.0,36.8764,10.3253,5.0,0.0,1.0,1.0,1578293.3970945948,1449446.8968031188,False,False,True,True,False,False,False,True,True,False
980000.0,300.0,7.0,2.0,1.0,1.0,1.0,1.0,0.0,35.7678,10.8225,4.0,1.0,1.0,0.0,925293.5079999999,641574.9720430108,False,False,True,True,False,False,True,False,True,False
850000.0,200.0,5.0,4.0,0.0,0.0,0.0,0.0,0.0,36.4506,10.735,3.0,0.0,1.0,0.0,994136.9111340205,783799.5456266907,False,False,True,True,False,False,True,False,True,False
530000.0,278.0,5.0,2.0,1.0,1.0,1.0,1.0,0.0,37.2892,9.8498,3.0,1.0,1.0,0.0,513185.1669565218,534121.1009677419,False,True,False,True,False,True,False,False,True,False
780000.0,550.0,4.0,3.0,1.0,0.0,1.0,1.0,1.0,36.4011,10.6146,4.0,0.0,1.0,1.0,809528.7390138675,783799.5456266907,False,False,True,True,False,False,True,False,True,False
550000.0,318.0,4.0,1.0,0.0,0.0,0.0,0.0,1.0,36.4506,10.735,3.0,1.0,1.0,0.0,994136.9111340205,783799.5456266907,False,False,True,True,False,False,True,False,True,False
390000.0,180.0,5.0,2.0,1.0,0.0,1.0,1.0,1.0,36.789,10.1835,4.0,1.0,1.0,0.0,440000.0,527233.07,True,False,False,False,True,True,False,False,True,False
890000.0,240.0,9.0,3.0,1.0,0.0,1.0,1.0,1.0,36.4011,10.6146,4.0,1.0,1.0,1.0,809528.7390138675,783799.5456266907,False,False,True,True,False,False,True,False,True,False
890000.0,500.0,9.0,4.0,1.0,0.0,1.0,1.0,1.0,36.4011,10.6146,4.0,1.0,1.0,1.0,809528.7390138675,783799.5456266907,False,False,True,True,False,False,True,False,True,False
495000.0,245.0,5.0,1.0,0.0,0.0,0.0,0.0,0.0,36.4506,10.735,4.0,0.0,0.0,0.0,994136.9111340205,783799.5456266907,False,False,True,True,False,False,True,False,True,False
2200000.0,630.0,5.0,3.0,1.0,0.0,1.0,1.0,0.0,36.8764,10.3253,4.0,1.0,1.0,1.0,1578293.3970945948,1449446.8968031188,False,False,True,True,False,False,False,True,True,False
800000.0,340.0,11.0,5.0,1.0,0.0,1.0,1.0,0.0,36.4011,10.6146,4.0,1.0,1.0,1.0,809528.7390138675,783799.5456266907,False,False,True,True,False,False,True,False,True,False
900000.0,44.0,9.0,3.0,1.0,0.0,1.0,1.0,0.0,36.4011,10.6146,4.0,1.0,1.0,1.0,809528.7390138675,783799.5456266907,False,False,True,True,False,False,True,False,True,False
350000.0,500.0,6.0,2.0,1.0,0.0,1.0,1.0,1.0,36.4011,10.6146,2.0,1.0,1.0,1.0,809528.7390138675,783799.5456266907,False,False,True,True,False,False,True,False,True,False
900000.0,250.0,6.0,2.0,1.0,0.0,1.0,1.0,0.0,36.8625,10.1956,5.0,1.0,1.0,1.0,1020923.2245882354,917271.3972689076,False,False,True,True,False,False,False,True,True,False
360000.0,160.0,3.0,1.0,1.0,0.0,0.0,1.0,0.0,36.789,10.1835,2.0,0.0,0.0,0.0,428142.85714285716,1236960.2596551725,True,False,False,True,False,False,False,True,True,False
820000.0,290.0,3.0,1.0,0.0,0.0,0.0,0.0,0.0,36.4011,10.6146,3.0,0.0,0.0,0.0,809528.7390138675,783799.5456266907,False,False,True,True,False,False,True,False,True,False
1260000.0,420.0,11.0,5.0,0.0,0.0,1.0,0.0,0.0,36.0301,10.5079,8.0,1.0,0.0,0.0,847410.6436363637,927922.7543356643,False,False,True,True,False,False,False,True,True,False
2500000.0,575.0,7.0,6.0,1.0,0.0,0.0,0.0,0.0,36.8333,10.3167,7.0,1.0,1.0,1.0,1416795.7877419356,1449446.8968031188,False,False,True,True,False,False,False,True,True,False
565000.0,504.0,5.0,1.0,1.0,0.0,0.0,1.0,0.0,34.7781,10.7258,3.0,1.0,1.0,0.0,544027.7777777778,1105774.472,False,True,False,True,False,False,False,True,True,False
1890000.0,587.0,5.0,1.0,0.0,0.0,0.0,0.0,0.0,36.8556,10.2918,3.0,0.0,0.0,0.0,1416795.7877419356,1449446.8968031188,False,False,True,True,False,False,False,True,True,False
1350000.0,873.0,5.0,1.0,1.0,0.0,1.0,0.0,0.0,37.2667,9.8667,3.0,0.0,1.0,0.0,513185.1669565218,534121.1009677419,False,True,False,True,False,True,False,False,True,False
895000.0,240.0,4.0,4.0,1.0,0.0,0.0,1.0,1.0,36.8833,10.25,4.0,1.0,1.0,1.0,1011828.5111111111,917271.3972689076,False,False,True,True,False,False,False,True,True,False
350000.0,200.0,3.0,1.0,0.0,0.0,0.0,0.0,0.0,36.4011,10.6146,3.0,0.0,1.0,0.0,809528.7390138675,783799.5456266907,False,False,True,True,False,False,True,False,True,False
880000.0,300.0,3.0,1.0,0.0,0.0,0.0,1.0,0.0,36.4011,10.6146,3.0,1.0,0.0,1.0,809528.7390138675,783799.5456266907,False,False,True,True,False,False,True,False,True,False
850000.0,180.0,6.0,4.0,1.0,1.0,1.0,1.0,1.0,36.659,10.4059,6.0,1.0,1.0,0.0,736411.7647058824,831885.7976100629,False,True,False,True,False,False,False,True,True,False
750000.0,405.0,8.0,3.0,0.0,0.0,0.0,0.0,0.0,36.9544,10.1914,6.0,1.0,0.0,0.0,499150.58999999997,917271.3972689076,False,True,False,True,False,False,False,True,True,False
545000.0,200.0,10.0,1.0,1.0,0.0,0.0,0.0,0.0,37.1303,9.7507,7.0,0.0,1.0,1.0,513185.1669565218,534121.1009677419,False,True,False,True,False,True,False,False,True,False
400000.0,225.0,8.0,1.0,0.0,0.0,0.0,0.0,0.0,33.8667,10.85,4.0,0.0,0.0,0.0,1011828.5111111111,917271.3972689076,False,False,True,True,False,False,False,True,True,False
1350000.0,368.0,4.0,3.0,1.0,0.0,1.0,1.0,0.0,36.8333,10.3167,3.0,1.0,1.0,0.0,1416795.7877419356,1449446.8968031188,False,False,True,True,False,False,False,True,True,False
850000.0,450.0,8.0,4.0,1.0,0.0,1.0,0.0,0.0,36.47,10.78,5.0,0.0,1.0,0.0,642782.0582608696,783799.5456266907,False,True,False,True,False,False,True,False,True,False
1900000.0,200.0,5.0,1.0,0.0,0.0,1.0,1.0,0.0,36.8942,10.2762,4.0,0.0,0.0,1.0,1578293.3970945948,1449446.8968031188,False,False,True,True,False,False,False,True,True,False
1414500.0,615.0,5.0,1.0,0.0,0.0,0.0,0.0,0.0,36.8155,10.1857,3.0,0.0,1.0,0.0,1047495.4257471263,1449446.8968031188,False,False,True,True,False,False,False,True,True,False
2200000.0,630.0,5.0,2.0,1.0,0.0,1.0,1.0,1.0,36.8764,10.3253,4.0,1.0,1.0,1.0,1578293.3970945948,1449446.8968031188,False,False,True,True,False,False,False,True,True,False
350000.0,250.0,5.0,1.0,0.0,0.0,1.0,1.0,0.0,35.8143,10.6339,5.0,1.0,1.0,0.0,1015812.9829508197,927922.7543356643,False,False,True,True,False,False,False,True,True,False
850000.0,405.0,5.0,1.0,0.0,0.0,1.0,1.0,0.0,36.47,10.78,5.0,0.0,1.0,0.0,642782.0582608696,783799.5456266907,False,True,False,True,False,False,True,False,True,False
800000.0,330.0,9.0,4.0,1.0,0.0,1.0,1.0,0.0,36.4506,10.735,6.0,1.0,1.0,0.0,994136.9111340205,783799.5456266907,False,False,True,True,False,False,True,False,True,False
1600000.0,330.0,5.0,4.0,1.0,0.0,1.0,1.0,1.0,36.8764,10.3253,4.0,1.0,1.0,1.0,1578293.3970945948,1449446.8968031188,False,False,True,True,False,False,False,True,True,False
270000.0,170.0,3.0,1.0,0.0,0.0,0.0,0.0,0.0,36.8493,11.0918,3.0,1.0,0.0,0.0,451934.8628125,783799.5456266907,True,False,False,True,False,False,True,False,True,False
300000.0,378.0,5.0,1.0,0.0,0.0,0.0,0.0,1.0,36.8493,11.0918,4.0,0.0,0.0,0.0,451934.8628125,783799.5456266907,True,False,False,True,False,False,True,False,True,False
580000.0,250.0,6.0,2.0,1.0,0.0,0.0,0.0,0.0,36.8493,11.0918,4.0,0.0,1.0,0.0,451934.8628125,783799.5456266907,True,False,False,True,False,False,True,False,True,False
260000.0,170.0,3.0,2.0,1.0,0.0,0.0,0.0,0.0,36.8087,10.1683,3.0,0.0,0.0,0.0,1047495.4257471263,1449446.8968031188,False,False,True,True,False,False,False,True,True,False
350000.0,200.0,3.0,2.0,1.0,0.0,0.0,0.0,0.0,36.9306,11.0485,2.0,0.0,1.0,0.0,809528.7390138675,783799.5456266907,False,False,True,True,False,False,True,False,True,False
350000.0,271.0,3.0,2.0,1.0,0.0,0.0,0.0,0.0,36.8493,11.0918,3.0,0.0,1.0,0.0,451934.8628125,783799.5456266907,True,False,False,True,False,False,True,False,True,False
230000.0,157.0,2.0,1.0,1.0,0.0,0.0,0.0,0.0,36.8493,11.0918,2.0,0.0,1.0,0.0,451934.8628125,783799.5456266907,True,False,False,True,False,False,True,False,True,False
880000.0,400.0,9.0,3.0,1.0,0.0,1.0,1.0,0.0,36.4011,10.6146,2.0,0.0,1.0,0.0,809528.7390138675,783799.5456266907,False,False,True,True,False,False,True,False,True,False
780000.0,445.0,4.0,1.0,0.0,0.0,0.0,0.0,0.0,36.4011,10.6146,4.0,0.0,1.0,1.0,809528.7390138675,783799.5456266907,False,False,True,True,False,False,True,False,True,False
590000.0,235.0,3.0,1.0,0.0,0.0,1.0,1.0,0.0,36.4011,10.6146,4.0,0.0,0.0,1.0,809528.7390138675,783799.5456266907,False,False,True,True,False,False,True,False,True,False
300000.0,350.0,3.0,1.0,1.0,0.0,0.0,0.0,0.0,36.4011,10.6146,2.0,0.0,1.0,1.0,809528.7390138675,783799.5456266907,False,False,True,True,False,False,True,False,True,False
270000.0,150.0,7.0,3.0,1.0,0.0,0.0,0.0,0.0,36.47,10.78,2.0,0.0,0.0,0.0,642782.0582608696,783799.5456266907,False,True,False,True,False,False,True,False,True,False
750000.0,150.0,3.0,2.0,1.0,0.0,1.0,0.0,0.0,33.8667,10.85,3.0,1.0,1.0,1.0,537322.9179591837,537322.9179591837,False,True,False,True,False,False,True,False,True,False
1800000.0,273.0,5.0,4.0,1.0,0.0,1.0,1.0,1.0,36.8333,10.3167,4.0,1.0,1.0,0.0,1416795.7877419356,1449446.8968031188,False,False,True,True,False,False,False,True,True,False
850000.0,320.0,5.0,4.0,1.0,0.0,1.0,0.0,0.0,36.8493,11.0918,3.0,0.0,1.0,0.0,451934.8628125,783799.5456266907,True,False,False,True,False,False,True,False,True,False
2300000.0,500.0,6.0,3.0,1.0,0.0,1.0,0.0,0.0,36.8833,10.25,5.0,1.0,1.0,1.0,1011828.5111111111,917271.3972689076,False,False,True,True,False,False,False,True,True,False
370000.0,193.0,4.0,1.0,1.0,0.0,0.0,1.0,0.0,36.8091,10.1475,3.0,1.0,0.0,0.0,694850.0507317072,1449446.8968031188,False,True,False,True,False,False,False,True,True,False
220000.0,50.0,3.0,2.0,0.0,0.0,0.0,1.0,0.0,36.4011,10.6146,2.0,0.0,0.0,0.0,809528.7390138675,783799.5456266907,False,False,True,True,False,False,True,False,True,False
1210000.0,436.0,5.0,3.0,1.0,0.0,1.0,1.0,0.0,36.8764,10.3253,4.0,0.0,1.0,0.0,1578293.3970945948,1449446.8968031188,False,False,True,True,False,False,False,True,True,False
1600000.0,790.0,6.0,3.0,0.0,0.0,0.0,0.0,0.0,36.8452,10.1647,5.0,0.0,0.0,0.0,1177994.243076923,783799.5456266907,False,False,True,True,False,False,True,False,True,False
75000.0,70.0,2.0,2.0,1.0,0.0,0.0,0.0,0.0,37.1303,9.7507,3.0,0.0,0.0,0.0,487846.1538461539,534121.1009677419,True,False,False,True,False,True,False,False,True,False
85000.0,120.0,3.0,1.0,0.0,0.0,0.0,0.0,0.0,35.8739,10.5437,2.0,0.0,0.0,0.0,167500.0,927922.7543356643,True,False,False,False,True,False,False,True,True,False
500000.0,135.0,4.0,1.0,0.0,1.0,1.0,1.0,0.0,35.9431,10.5202,3.0,0.0,1.0,0.0,966122.5883333334,1236960.2596551725,False,False,True,True,False,False,False,True,True,False
927000.0,250.0,6.0,2.0,0.0,0.0,1.0,1.0,1.0,35.8273,10.6339,4.0,0.0,1.0,1.0,1015812.9829508197,927922.7543356643,False,False,True,True,False,False,False,True,True,False
1200000.0,319.0,5.0,3.0,0.0,0.0,1.0,1.0,0.0,35.87,10.57,5.0,0.0,1.0,0.0,1026490.2244999999,927922.7543356643,False,False,True,True,False,False,False,True,True,False
650000.0,250.0,10.0,3.0,1.0,0.0,0.0,0.0,0.0,35.8324,10.6225,7.0,1.0,0.0,0.0,1015812.9829508197,927922.7543356643,False,False,True,True,False,False,False,True,True,False
980000.0,450.0,5.0,2.0,1.0,0.0,1.0,1.0,0.0,36.0301,10.5079,3.0,1.0,0.0,1.0,847410.6436363637,927922.7543356643,False,False,True,True,False,False,False,True,True,False
2700000.0,750.0,7.0,3.0,1.0,1.0,1.0,1.0,1.0,35.8569,10.5972,5.0,0.0,1.0,1.0,1015812.9829508197,927922.7543356643,False,False,True,True,False,False,False,True,True,False
1500000.0,275.0,5.0,2.0,1.0,1.0,1.0,1.0,1.0,35.8273,10.6339,4.0,0.0,1.0,0.0,1015812.9829508197,927922.7543356643,False,False,True,True,False,False,False,True,True,False
1545000.0,451.0,6.0,1.0,1.0,0.0,1.0,1.0,1.0,35.8403,10.5943,4.0,1.0,1.0,1.0,1015812.9829508197,927922.7543356643,False,False,True,True,False,False,False,True,True,False
870000.0,400.0,6.0,2.0,1.0,0.0,1.0,1.0,0.0,35.7218,10.6179,4.0,1.0,1.0,0.0,1339000.0,814548.518095238,False,False,True,True,False,False,False,True,True,False
2266000.0,735.0,5.0,2.0,1.0,1.0,0.0,0.0,0.0,35.9431,10.5202,4.0,1.0,1.0,0.0,966122.5883333334,1236960.2596551725,False,False,True,True,False,False,False,True,True,False
145000.0,110.0,3.0,1.0,1.0,0.0,0.0,0.0,0.0,35.8569,10.5972,2.0,0.0,1.0,0.0,1015812.9829508197,927922.7543356643,False,False,True,True,False,False,False,True,True,False
1545000.0,769.0,11.0,5.0,1.0,0.0,0.0,0.0,0.0,35.8273,10.6339,8.0,1.0,1.0,1.0,1015812.9829508197,927922.7543356643,False,False,True,True,False,False,False,True,True,False
1350000.0,700.0,7.0,1.0,1.0,1.0,1.0,1.0,0.0,35.87,10.57,4.0,1.0,1.0,1.0,1026490.2244999999,927922.7543356643,False,False,True,True,False,False,False,True,True,False
1550000.0,870.0,10.0,4.0,1.0,0.0,1.0,1.0,0.0,35.8273,10.6339,7.0,1.0,1.0,1.0,1015812.9829508197,927922.7543356643,False,False,True,True,False,False,False,True,True,False
1400000.0,360.0,5.0,1.0,1.0,0.0,1.0,1.0,0.0,35.8273,10.6339,4.0,0.0,1.0,0.0,1015812.9829508197,927922.7543356643,False,False,True,True,False,False,False,True,True,False
1300000.0,220.0,7.0,2.0,1.0,0.0,0.0,0.0,0.0,35.8337,10.6407,6.0,0.0,1.0,0.0,952083.3333333334,709285.7142857143,False,False,True,True,False,False,True,False,True,False
1500000.0,562.0,8.0,3.0,1.0,1.0,1.0,0.0,1.0,35.67,10.9,5.0,1.0,1.0,1.0,1494533.4333333333,641574.9720430108,False,False,True,True,False,False,True,False,True,False
1600000.0,844.0,7.0,1.0,0.0,0.0,0.0,0.0,0.0,35.8569,10.5972,3.0,0.0,0.0,1.0,1015812.9829508197,927922.7543356643,False,False,True,True,False,False,False,True,True,False
850000.0,360.0,5.0,1.0,1.0,1.0,1.0,1.0,0.0,36.0301,10.5079,4.0,1.0,1.0,1.0,847410.6436363637,927922.7543356643,False,False,True,True,False,False,False,True,True,False
890000.0,416.0,6.0,2.0,1.0,0.0,1.0,1.0,0.0,35.8569,10.5972,5.0,1.0,1.0,0.0,1015812.9829508197,927922.7543356643,False,False,True,True,False,False,False,True,True,False
850000.0,432.0,12.0,4.0,1.0,1.0,1.0,1.0,0.0,36.8566,10.1717,6.0,1.0,1.0,0.0,1020923.2245882354,917271.3972689076,False,False,True,True,False,False,False,True,True,False
1100000.0,347.0,5.0,3.0,1.0,0.0,1.0,1.0,0.0,36.4011,10.6146,4.0,1.0,1.0,1.0,809528.7390138675,783799.5456266907,False,False,True,True,False,False,True,False,True,False
180000.0,220.0,5.0,1.0,0.0,0.0,0.0,0.0,0.0,36.8493,11.0918,3.0,0.0,0.0,0.0,451934.8628125,783799.5456266907,True,False,False,True,False,False,True,False,True,False
620000.0,280.0,8.0,2.0,1.0,0.0,0.0,0.0,0.0,36.9306,11.0485,6.0,0.0,1.0,0.0,809528.7390138675,783799.5456266907,False,False,True,True,False,False,True,False,True,False
1200000.0,750.0,11.0,4.0,1.0,0.0,0.0,0.0,0.0,36.8493,11.0918,9.0,1.0,1.0,0.0,451934.8628125,783799.5456266907,True,False,False,True,False,False,True,False,True,False
720000.0,468.0,12.0,6.0,0.0,0.0,0.0,0.0,0.0,35.8569,10.5972,9.0,1.0,1.0,0.0,1015812.9829508197,927922.7543356643,False,False,True,True,False,False,False,True,True,False
1800000.0,530.0,8.0,5.0,1.0,1.0,1.0,1.0,0.0,36.8764,10.3253,7.0,1.0,1.0,1.0,1578293.3970945948,1449446.8968031188,False,False,True,True,False,False,False,True,True,False
1100000.0,410.0,5.0,1.0,0.0,0.0,0.0,0.0,0.0,36.8942,10.2762,4.0,0.0,1.0,1.0,1578293.3970945948,1449446.8968031188,False,False,True,True,False,False,False,True,True,False
420000.0,378.0,5.0,5.0,0.0,0.0,0.0,0.0,0.0,33.8116,10.9875,5.0,0.0,0.0,0.0,537322.9179591837,537322.9179591837,False,True,False,True,False,False,True,False,True,False
690000.0,620.0,2.0,1.0,0.0,0.0,0.0,0.0,0.0,36.4011,10.6146,2.0,0.0,1.0,1.0,809528.7390138675,783799.5456266907,False,False,True,True,False,False,True,False,True,False
470000.0,123.0,3.0,1.0,0.0,0.0,0.0,0.0,0.0,36.4011,10.6146,3.0,0.0,0.0,0.0,809528.7390138675,783799.5456266907,False,False,True,True,False,False,True,False,True,False
670000.0,202.0,5.0,3.0,0.0,0.0,1.0,1.0,1.0,36.4011,10.6146,4.0,0.0,0.0,1.0,809528.7390138675,783799.5456266907,False,False,True,True,False,False,True,False,True,False
670000.0,416.0,6.0,2.0,1.0,0.0,0.0,0.0,0.0,36.7723,10.2212,5.0,1.0,1.0,0.0,559271.8892307692,831885.7976100629,False,True,False,True,False,False,False,True,True,False
999000.0,900.0,6.0,4.0,1.0,0.0,0.0,0.0,0.0,36.4011,10.6146,5.0,0.0,1.0,1.0,809528.7390138675,783799.5456266907,False,False,True,True,False,False,True,False,True,False
1500000.0,700.0,3.0,2.0,0.0,0.0,0.0,0.0,0.0,37.2196,10.1125,3.0,1.0,0.0,0.0,487846.1538461539,534121.1009677419,True,False,False,True,False,True,False,False,True,False
930000.0,947.0,4.0,3.0,1.0,0.0,0.0,0.0,0.0,33.8667,10.85,4.0,0.0,1.0,1.0,537322.9179591837,537322.9179591837,False,True,False,True,False,False,True,False,True,False
500000.0,160.0,3.0,2.0,0.0,1.0,1.0,0.0,0.0,33.8667,10.85,3.0,0.0,1.0,1.0,537322.9179591837,537322.9179591837,False,True,False,True,False,False,True,False,True,False
1700000.0,680.0,9.0,5.0,0.0,1.0,1.0,0.0,0.0,33.8667,10.85,9.0,0.0,0.0,0.0,1011828.5111111111,917271.3972689076,False,False,True,True,False,False,False,True,True,False
630000.0,140.0,3.0,2.0,0.0,0.0,0.0,0.0,0.0,33.8667,10.85,3.0,1.0,0.0,1.0,537322.9179591837,537322.9179591837,False,True,False,True,False,False,True,False,True,False
550000.0,210.0,3.0,2.0,0.0,0.0,1.0,0.0,0.0,33.8667,10.85,3.0,0.0,1.0,1.0,537322.9179591837,537322.9179591837,False,True,False,True,False,False,True,False,True,False
1100000.0,250.0,5.0,3.0,1.0,0.0,1.0,1.0,0.0,36.4011,10.6146,4.0,1.0,1.0,1.0,809528.7390138675,783799.5456266907,False,False,True,True,False,False,True,False,True,False
480000.0,208.0,4.0,3.0,0.0,0.0,0.0,0.0,0.0,33.8667,10.85,4.0,0.0,0.0,1.0,537322.9179591837,537322.9179591837,False,True,False,True,False,False,True,False,True,False
800000.0,378.0,3.0,2.0,0.0,0.0,0.0,0.0,0.0,33.8667,10.85,3.0,0.0,0.0,1.0,537322.9179591837,537322.9179591837,False,True,False,True,False,False,True,False,True,False
725000.0,460.0,5.0,1.0,0.0,0.0,0.0,0.0,1.0,37.2667,9.8667,3.0,0.0,0.0,0.0,513185.1669565218,534121.1009677419,False,True,False,True,False,True,False,False,True,False
650000.0,220.0,5.0,3.0,1.0,1.0,1.0,1.0,1.0,36.4011,10.6146,4.0,1.0,1.0,0.0,809528.7390138675,783799.5456266907,False,False,True,True,False,False,True,False,True,False
950000.0,330.0,12.0,3.0,1.0,0.0,0.0,0.0,0.0,36.6939,10.2622,9.0,1.0,0.0,0.0,614259.2592592592,831885.7976100629,False,True,False,True,False,False,False,True,True,False
1500000.0,418.0,5.0,4.0,1.0,0.0,1.0,1.0,0.0,36.8764,10.3253,5.0,1.0,0.0,1.0,1578293.3970945948,1449446.8968031188,False,False,True,True,False,False,False,True,True,False
550000.0,150.0,3.0,2.0,0.0,0.0,1.0,0.0,0.0,33.8667,10.85,3.0,0.0,1.0,1.0,537322.9179591837,537322.9179591837,False,True,False,True,False,False,True,False,True,False
400000.0,220.0,2.0,2.0,0.0,0.0,0.0,0.0,0.0,33.8667,10.85,2.0,0.0,1.0,1.0,537322.9179591837,537322.9179591837,False,True,False,True,False,False,True,False,True,False
550000.0,360.0,2.0,2.0,0.0,0.0,0.0,0.0,0.0,33.8667,10.85,2.0,0.0,1.0,1.0,537322.9179591837,537322.9179591837,False,True,False,True,False,False,True,False,True,False
750000.0,446.0,3.0,2.0,0.0,0.0,0.0,0.0,0.0,33.8667,10.85,3.0,1.0,1.0,1.0,537322.9179591837,537322.9179591837,False,True,False,True,False,False,True,False,True,False
800000.0,378.0,4.0,3.0,1.0,1.0,1.0,0.0,0.0,33.8667,10.85,4.0,1.0,1.0,1.0,537322.9179591837,537322.9179591837,False,True,False,True,False,False,True,False,True,False
325000.0,150.0,5.0,1.0,1.0,0.0,0.0,0.0,0.0,35.3947,11.0401,3.0,0.0,0.0,0.0,603000.0,456714.28571428574,False,True,False,True,False,True,False,False,True,False
750000.0,197.0,3.0,2.0,0.0,0.0,0.0,0.0,0.0,33.8116,10.9875,3.0,0.0,0.0,1.0,537322.9179591837,537322.9179591837,False,True,False,True,False,False,True,False,True,False
400000.0,280.0,3.0,2.0,0.0,0.0,1.0,0.0,0.0,33.8667,10.85,3.0,0.0,0.0,1.0,537322.9179591837,537322.9179591837,False,True,False,True,False,False,True,False,True,False
560000.0,340.0,3.0,1.0,1.0,0.0,0.0,0.0,0.0,36.8493,11.0918,3.0,1.0,1.0,1.0,451934.8628125,783799.5456266907,True,False,False,True,False,False,True,False,True,False
950000.0,250.0,4.0,1.0,1.0,0.0,0.0,0.0,0.0,36.8493,11.0918,3.0,0.0,1.0,1.0,451934.8628125,783799.5456266907,True,False,False,True,False,False,True,False,True,False
850000.0,250.0,7.0,1.0,1.0,0.0,0.0,0.0,0.0,36.8625,10.1956,5.0,1.0,1.0,1.0,1020923.2245882354,917271.3972689076,False,False,True,True,False,False,False,True,True,False
1100000.0,360.0,7.0,3.0,1.0,0.0,1.0,1.0,0.0,36.8625,10.1956,4.0,1.0,1.0,0.0,1020923.2245882354,917271.3972689076,False,False,True,True,False,False,False,True,True,False
1850000.0,350.0,4.0,3.0,0.0,0.0,1.0,1.0,1.0,36.9177,10.2889,3.0,1.0,1.0,1.0,1578293.3970945948,1449446.8968031188,False,False,True,True,False,False,False,True,True,False
570000.0,365.0,5.0,3.0,0.0,1.0,1.0,1.0,1.0,36.4506,10.735,4.0,1.0,1.0,0.0,994136.9111340205,783799.5456266907,False,False,True,True,False,False,True,False,True,False
719580.0,204.0,5.0,3.0,1.0,0.0,0.0,0.0,0.0,33.8667,10.85,3.0,1.0,1.0,1.0,510761.18000000005,580727.7766850828,False,True,False,True,False,False,True,False,True,False
262500.0,145.0,4.0,2.0,0.0,0.0,0.0,0.0,0.0,33.8076,10.8451,2.0,1.0,1.0,1.0,556674.2993630574,580727.7766850828,False,True,False,True,False,False,True,False,True,False
395580.0,104.0,5.0,2.0,0.0,1.0,1.0,0.0,0.0,33.8076,10.8451,2.0,0.0,1.0,1.0,556674.2993630574,580727.7766850828,False,True,False,True,False,False,True,False,True,False
240000.0,120.0,5.0,1.0,1.0,0.0,0.0,0.0,1.0,37.2667,9.8667,3.0,0.0,0.0,0.0,513185.1669565218,534121.1009677419,False,True,False,True,False,True,False,False,True,False
880000.0,350.0,5.0,1.0,1.0,0.0,0.0,0.0,0.0,37.2667,9.8667,3.0,1.0,0.0,0.0,513185.1669565218,534121.1009677419,False,True,False,True,False,True,False,False,True,False
980000.0,380.0,5.0,4.0,1.0,0.0,0.0,0.0,0.0,36.4011,10.6146,4.0,1.0,1.0,1.0,809528.7390138675,783799.5456266907,False,False,True,True,False,False,True,False,True,False
950000.0,270.0,4.0,2.0,1.0,1.0,1.0,1.0,1.0,36.4011,10.6146,4.0,0.0,1.0,1.0,809528.7390138675,783799.5456266907,False,False,True,True,False,False,True,False,True,False
950000.0,378.0,5.0,1.0,0.0,0.0,0.0,0.0,0.0,36.8452,10.1647,3.0,0.0,0.0,0.0,1177994.243076923,783799.5456266907,False,False,True,True,False,False,True,False,True,False
1100000.0,300.0,6.0,4.0,0.0,0.0,0.0,0.0,0.0,36.8625,10.1956,8.0,0.0,0.0,0.0,1020923.2245882354,917271.3972689076,False,False,True,True,False,False,False,True,True,False
1050000.0,379.0,5.0,3.0,1.0,0.0,0.0,0.0,0.0,36.4011,10.6146,4.0,0.0,1.0,1.0,809528.7390138675,783799.5456266907,False,False,True,True,False,False,True,False,True,False
420000.0,92.0,11.0,1.0,0.0,0.0,0.0,0.0,0.0,37.1303,9.7507,8.0,0.0,0.0,0.0,513185.1669565218,534121.1009677419,False,True,False,True,False,True,False,False,True,False
100000.0,105.0,5.0,1.0,0.0,0.0,0.0,0.0,0.0,36.8094,9.909,2.0,0.0,0.0,0.0,195000.0,513184.2105263158,True,False,False,True,False,True,False,False,True,False
300000.0,115.0,4.0,2.0,1.0,0.0,0.0,0.0,0.0,37.272,9.8708,3.0,0.0,0.0,0.0,513185.1669565218,534121.1009677419,False,True,False,True,False,True,False,False,True,False
630000.0,269.0,3.0,1.0,1.0,0.0,1.0,1.0,0.0,36.4506,10.735,2.0,1.0,1.0,0.0,994136.9111340205,783799.5456266907,False,False,True,True,False,False,True,False,True,False
618000.0,400.0,6.0,2.0,1.0,0.0,1.0,1.0,1.0,35.8143,10.6339,4.0,0.0,1.0,1.0,1015812.9829508197,927922.7543356643,False,False,True,True,False,False,False,True,True,False
490000.0,134.0,5.0,1.0,1.0,0.0,1.0,1.0,0.0,36.8181,10.305,3.0,0.0,0.0,0.0,1118000.0,1449446.8968031188,False,False,True,True,False,False,False,True,True,False
320000.0,400.0,4.0,2.0,1.0,0.0,0.0,0.0,0.0,36.8833,10.25,3.0,1.0,0.0,0.0,1011828.5111111111,917271.3972689076,False,False,True,True,False,False,False,True,True,False
490000.0,305.0,4.0,3.0,1.0,0.0,0.0,0.0,0.0,37.272,9.8708,3.0,1.0,1.0,0.0,513185.1669565218,534121.1009677419,False,True,False,True,False,True,False,False,True,False
115000.0,110.0,5.0,1.0,1.0,0.0,0.0,0.0,0.0,37.05,11.0167,3.0,0.0,0.0,0.0,528091.5136842105,783799.5456266907,False,True,False,True,False,False,True,False,True,False
1098500.0,200.0,2.0,6.0,1.0,1.0,1.0,0.0,1.0,33.8772,10.8585,5.0,0.0,0.0,0.0,1011828.5111111111,917271.3972689076,False,False,True,True,False,False,False,True,True,False
420000.0,345.0,2.0,2.0,1.0,0.0,1.0,0.0,0.0,33.8833,10.1167,5.0,1.0,1.0,0.0,440000.0,1236960.2596551725,True,False,False,False,True,False,False,True,True,False
300000.0,135.0,3.0,1.0,0.0,0.0,0.0,0.0,0.0,36.4011,10.6146,3.0,1.0,0.0,0.0,809528.7390138675,783799.5456266907,False,False,True,True,False,False,True,False,True,False
800000.0,401.0,6.0,3.0,1.0,0.0,1.0,1.0,0.0,36.8764,10.3253,5.0,1.0,1.0,0.0,1578293.3970945948,1449446.8968031188,False,False,True,True,False,False,False,True,True,False
1600000.0,728.0,9.0,5.0,1.0,0.0,1.0,1.0,1.0,35.8143,10.6339,5.0,1.0,1.0,1.0,1015812.9829508197,927922.7543356643,False,False,True,True,False,False,False,True,True,False
650000.0,500.0,4.0,1.0,0.0,0.0,0.0,0.0,0.0,36.4011,10.6146,4.0,0.0,0.0,1.0,809528.7390138675,783799.5456266907,False,False,True,True,False,False,True,False,True,False
550000.0,350.0,4.0,1.0,0.0,0.0,0.0,0.0,0.0,36.4011,10.6146,4.0,0.0,0.0,0.0,809528.7390138675,783799.5456266907,False,False,True,True,False,False,True,False,True,False
580000.0,148.0,3.0,2.0,1.0,0.0,1.0,0.0,1.0,33.8076,10.8451,3.0,0.0,1.0,1.0,556674.2993630574,580727.7766850828,False,True,False,True,False,False,True,False,True,False
1500000.0,385.0,8.0,3.0,0.0,0.0,0.0,0.0,1.0,36.47,10.78,5.0,0.0,0.0,0.0,642782.0582608696,783799.5456266907,False,True,False,True,False,False,True,False,True,False
1050000.0,700.0,5.0,5.0,1.0,0.0,0.0,0.0,0.0,36.4011,10.6146,4.0,0.0,1.0,1.0,809528.7390138675,783799.5456266907,False,False,True,True,False,False,True,False,True,False
670000.0,200.0,5.0,3.0,1.0,0.0,1.0,1.0,1.0,36.4011,10.6146,4.0,1.0,1.0,1.0,809528.7390138675,783799.5456266907,False,False,True,True,False,False,True,False,True,False
310000.0,490.0,5.0,1.0,1.0,0.0,0.0,0.0,0.0,35.4319,10.8357,3.0,1.0,1.0,0.0,302750.0,607626.79375,True,False,False,True,False,False,True,False,True,False
750000.0,800.0,5.0,3.0,1.0,1.0,1.0,1.0,1.0,35.7253,10.8177,7.0,1.0,1.0,0.0,925293.5079999999,641574.9720430108,False,False,True,True,False,False,True,False,True,False
350000.0,400.0,4.0,2.0,0.0,0.0,0.0,0.0,0.0,37.2433,9.6467,8.0,1.0,0.0,0.0,513185.1669565218,534121.1009677419,False,True,False,True,False,True,False,False,True,False
630000.0,270.0,3.0,1.0,0.0,0.0,1.0,0.0,0.0,36.4011,10.6146,2.0,1.0,1.0,0.0,809528.7390138675,783799.5456266907,False,False,True,True,False,False,True,False,True,False
920000.0,170.0,5.0,2.0,0.0,0.0,0.0,0.0,0.0,36.6939,10.2622,4.0,1.0,1.0,0.0,906315.7894736842,831885.7976100629,False,False,True,True,False,False,False,True,True,False
550000.0,550.0,4.0,2.0,1.0,0.0,1.0,1.0,0.0,36.4011,10.6146,3.0,1.0,1.0,1.0,809528.7390138675,783799.5456266907,False,False,True,True,False,False,True,False,True,False
650000.0,255.0,4.0,3.0,1.0,0.0,1.0,1.0,0.0,36.4011,10.6146,3.0,0.0,1.0,1.0,809528.7390138675,783799.5456266907,False,False,True,True,False,False,True,False,True,False
2000000.0,914.0,5.0,1.0,0.0,0.0,0.0,0.0,0.0,36.8452,10.1647,5.0,0.0,0.0,0.0,1542012.4593548388,831885.7976100629,False,False,True,True,False,False,False,True,True,False
600000.0,318.0,7.0,2.0,1.0,0.0,0.0,0.0,0.0,36.8188,10.166,6.0,1.0,0.0,0.0,528091.5136842105,783799.5456266907,False,True,False,True,False,False,True,False,True,False
920000.0,460.0,5.0,3.0,0.0,0.0,0.0,0.0,0.0,36.4011,10.6146,4.0,0.0,1.0,1.0,809528.7390138675,783799.5456266907,False,False,True,True,False,False,True,False,True,False
1100000.0,430.0,5.0,4.0,1.0,0.0,1.0,1.0,1.0,36.4011,10.6146,4.0,1.0,1.0,1.0,809528.7390138675,783799.5456266907,False,False,True,True,False,False,True,False,True,False
650000.0,420.0,4.0,2.0,1.0,1.0,1.0,1.0,0.0,36.4066,10.5673,4.0,1.0,1.0,0.0,310714.28571428574,513184.2105263158,True,False,False,True,False,True,False,False,True,False
1277000.0,230.0,5.0,4.0,1.0,0.0,1.0,1.0,1.0,36.8333,10.3167,3.0,1.0,1.0,1.0,1416795.7877419356,1449446.8968031188,False,False,True,True,False,False,False,True,True,False
680000.0,300.0,7.0,2.0,1.0,0.0,0.0,0.0,0.0,36.4011,10.6146,4.0,0.0,0.0,1.0,809528.7390138675,783799.5456266907,False,False,True,True,False,False,True,False,True,False
97000.0,100.0,5.0,1.0,0.0,0.0,0.0,0.0,0.0,36.352,9.6302,3.0,1.0,0.0,0.0,91000.0,456714.28571428574,True,False,False,False,True,True,False,False,True,False
855000.0,220.0,4.0,3.0,1.0,0.0,1.0,1.0,1.0,36.8624,10.2835,3.0,1.0,1.0,0.0,1578293.3970945948,1449446.8968031188,False,False,True,True,False,False,False,True,True,False
680000.0,250.0,4.0,3.0,1.0,0.0,1.0,1.0,1.0,36.8764,10.3253,3.0,1.0,1.0,1.0,1578293.3970945948,1449446.8968031188,False,False,True,True,False,False,False,True,True,False
930000.0,400.0,5.0,3.0,1.0,0.0,1.0,1.0,1.0,36.8833,10.25,4.0,1.0,1.0,0.0,1011828.5111111111,917271.3972689076,False,False,True,True,False,False,False,True,True,False
55000.0,100.0,5.0,1.0,0.0,0.0,0.0,0.0,0.0,36.8188,10.166,3.0,0.0,0.0,0.0,104500.0,1449446.8968031188,True,False,False,True,False,False,False,True,True,False
2500000.0,188.0,5.0,1.0,0.0,0.0,0.0,0.0,0.0,36.8566,10.3258,3.0,1.0,1.0,0.0,2180444.6730612246,1449446.8968031188,False,False,True,True,False,False,False,True,True,False
450000.0,319.0,5.0,1.0,0.0,0.0,0.0,0.0,0.0,36.8605,10.1604,3.0,1.0,1.0,0.0,1020923.2245882354,917271.3972689076,False,False,True,True,False,False,False,True,True,False
1020000.0,450.0,4.0,2.0,0.0,1.0,1.0,1.0,1.0,35.8273,10.6339,3.0,0.0,1.0,0.0,1015812.9829508197,927922.7543356643,False,False,True,True,False,False,False,True,True,False
690000.0,400.0,10.0,4.0,1.0,0.0,1.0,1.0,0.0,36.8188,10.166,8.0,1.0,0.0,0.0,1047495.4257471263,1449446.8968031188,False,False,True,True,False,False,False,True,True,False
330000.0,202.0,2.0,1.0,0.0,0.0,0.0,0.0,0.0,36.4011,10.6146,2.0,0.0,1.0,0.0,809528.7390138675,783799.5456266907,False,False,True,True,False,False,True,False,True,False
685000.0,234.0,6.0,2.0,1.0,0.0,1.0,1.0,0.0,36.8566,10.3258,4.0,0.0,0.0,0.0,2180444.6730612246,1449446.8968031188,False,False,True,True,False,False,False,True,True,False
390000.0,160.0,4.0,3.0,1.0,1.0,1.0,0.0,0.0,36.4011,10.6146,4.0,1.0,1.0,0.0,809528.7390138675,783799.5456266907,False,False,True,True,False,False,True,False,True,False
2000000.0,600.0,6.0,4.0,1.0,0.0,1.0,1.0,0.0,36.8625,10.1956,4.0,0.0,1.0,0.0,1020923.2245882354,917271.3972689076,False,False,True,True,False,False,False,True,True,False
550000.0,212.0,5.0,2.0,1.0,0.0,1.0,1.0,1.0,36.8883,10.2742,4.0,1.0,0.0,0.0,1011828.5111111111,917271.3972689076,False,False,True,True,False,False,False,True,True,False
790000.0,460.0,8.0,3.0,1.0,0.0,0.0,0.0,0.0,36.8833,10.25,6.0,1.0,1.0,0.0,1011828.5111111111,917271.3972689076,False,False,True,True,False,False,False,True,True,False
1200000.0,700.0,8.0,2.0,1.0,0.0,0.0,1.0,0.0,36.8147,10.1558,6.0,1.0,1.0,0.0,1177994.243076923,783799.5456266907,False,False,True,True,False,False,True,False,True,False
680000.0,116.0,7.0,2.0,1.0,0.0,0.0,0.0,0.0,36.8188,10.166,6.0,0.0,0.0,0.0,360350.0,641574.9720430108,True,False,False,True,False,False,True,False,True,False
990000.0,240.0,4.0,3.0,1.0,0.0,0.0,0.0,0.0,36.8833,10.25,3.0,1.0,1.0,1.0,1011828.5111111111,917271.3972689076,False,False,True,True,False,False,False,True,True,False
830000.0,250.0,4.0,3.0,1.0,0.0,1.0,1.0,0.0,36.4011,10.6146,3.0,1.0,1.0,1.0,809528.7390138675,783799.5456266907,False,False,True,True,False,False,True,False,True,False
1150000.0,266.0,5.0,4.0,1.0,0.0,0.0,1.0,1.0,36.4011,10.6146,4.0,0.0,1.0,1.0,809528.7390138675,783799.5456266907,False,False,True,True,False,False,True,False,True,False
550000.0,500.0,5.0,3.0,1.0,0.0,0.0,1.0,0.0,36.335,10.497,5.0,1.0,1.0,0.0,809528.7390138675,783799.5456266907,False,False,True,True,False,False,True,False,True,False
950000.0,420.0,6.0,3.0,1.0,1.0,1.0,1.0,1.0,36.4086,10.6339,4.0,1.0,1.0,1.0,809528.7390138675,783799.5456266907,False,False,True,True,False,False,True,False,True,False
1500000.0,500.0,8.0,1.0,1.0,0.0,0.0,1.0,0.0,36.8452,10.1647,8.0,1.0,1.0,0.0,1177994.243076923,783799.5456266907,False,False,True,True,False,False,True,False,True,False
720000.0,288.0,4.0,2.0,1.0,0.0,1.0,1.0,1.0,36.4207,10.647,3.0,0.0,1.0,1.0,994136.9111340205,783799.5456266907,False,False,True,True,False,False,True,False,True,False
320000.0,204.0,4.0,2.0,1.0,0.0,0.0,0.0,0.0,36.8493,11.0918,3.0,1.0,0.0,0.0,451934.8628125,783799.5456266907,True,False,False,True,False,False,True,False,True,False
850000.0,250.0,4.0,3.0,1.0,0.0,1.0,1.0,0.0,36.4011,10.6146,3.0,0.0,1.0,0.0,809528.7390138675,783799.5456266907,False,False,True,True,False,False,True,False,True,False
620000.0,350.0,5.0,3.0,1.0,1.0,1.0,0.0,1.0,33.8873,9.5392,4.0,1.0,1.0,0.0,528091.5136842105,783799.5456266907,False,True,False,True,False,False,True,False,True,False
1250000.0,395.0,4.0,4.0,0.0,0.0,0.0,0.0,0.0,36.8764,10.3253,3.0,1.0,1.0,0.0,1578293.3970945948,1449446.8968031188,False,False,True,True,False,False,False,True,True,False
650000.0,359.0,4.0,2.0,0.0,0.0,0.0,0.0,0.0,33.8667,10.85,4.0,0.0,0.0,0.0,537322.9179591837,537322.9179591837,False,True,False,True,False,False,True,False,True,False
850000.0,378.0,3.0,2.0,1.0,1.0,1.0,0.0,0.0,33.8667,10.85,3.0,1.0,1.0,1.0,537322.9179591837,537322.9179591837,False,True,False,True,False,False,True,False,True,False
460000.0,178.0,5.0,1.0,0.0,0.0,0.0,0.0,0.0,36.8625,10.1956,3.0,0.0,1.0,0.0,1020923.2245882354,917271.3972689076,False,False,True,True,False,False,False,True,True,False
440000.0,240.0,10.0,2.0,1.0,0.0,0.0,0.0,0.0,36.8833,10.25,4.0,0.0,0.0,0.0,1011828.5111111111,917271.3972689076,False,False,True,True,False,False,False,True,True,False
850000.0,400.0,6.0,2.0,0.0,0.0,0.0,0.0,0.0,36.6814,10.5849,4.0,0.0,1.0,0.0,640000.0,783799.5456266907,False,True,False,False,True,False,True,False,True,False
1500000.0,430.0,8.0,3.0,0.0,0.0,1.0,1.0,0.0,36.6939,10.2622,6.0,1.0,1.0,0.0,906315.7894736842,831885.7976100629,False,False,True,True,False,False,False,True,True,False
750000.0,250.0,4.0,2.0,0.0,0.0,1.0,1.0,0.0,36.4011,10.6146,3.0,0.0,1.0,1.0,809528.7390138675,783799.5456266907,False,False,True,True,False,False,True,False,True,False
250000.0,257.0,4.0,1.0,1.0,0.0,0.0,0.0,1.0,36.8356,10.2159,3.0,1.0,1.0,0.0,528091.5136842105,783799.5456266907,False,True,False,True,False,False,True,False,True,False
680000.0,432.0,7.0,2.0,1.0,0.0,1.0,1.0,0.0,36.9544,10.1914,5.0,1.0,1.0,0.0,499150.58999999997,917271.3972689076,False,True,False,True,False,False,False,True,True,False
1400000.0,350.0,5.0,3.0,1.0,0.0,1.0,0.0,0.0,36.8764,10.3253,4.0,1.0,1.0,1.0,1578293.3970945948,1449446.8968031188,False,False,True,True,False,False,False,True,True,False
1400000.0,640.0,4.0,3.0,1.0,1.0,1.0,1.0,0.0,36.8764,10.3253,3.0,1.0,1.0,0.0,1578293.3970945948,1449446.8968031188,False,False,True,True,False,False,False,True,True,False
430000.0,363.0,4.0,2.0,1.0,1.0,1.0,0.0,1.0,36.4011,10.6146,2.0,1.0,1.0,1.0,809528.7390138675,783799.5456266907,False,False,True,True,False,False,True,False,True,False
2200000.0,650.0,4.0,3.0,1.0,0.0,0.0,0.0,0.0,36.8764,10.3253,4.0,1.0,1.0,1.0,1578293.3970945948,1449446.8968031188,False,False,True,True,False,False,False,True,True,False
920000.0,470.0,2.0,4.0,1.0,0.0,1.0,1.0,1.0,36.4011,10.6146,4.0,0.0,1.0,1.0,809528.7390138675,783799.5456266907,False,False,True,True,False,False,True,False,True,False
740000.0,320.0,2.0,2.0,1.0,0.0,0.0,0.0,1.0,36.4011,10.6146,4.0,1.0,1.0,1.0,809528.7390138675,783799.5456266907,False,False,True,True,False,False,True,False,True,False
600000.0,230.0,6.0,3.0,0.0,0.0,1.0,1.0,0.0,36.4011,10.6146,5.0,1.0,0.0,1.0,809528.7390138675,783799.5456266907,False,False,True,True,False,False,True,False,True,False
260000.0,90.0,3.0,1.0,0.0,0.0,0.0,0.0,0.0,36.4011,10.6146,2.0,0.0,0.0,0.0,809528.7390138675,783799.5456266907,False,False,True,True,False,False,True,False,True,False
2200000.0,480.0,5.0,1.0,1.0,0.0,0.0,0.0,0.0,36.8942,10.2762,3.0,1.0,1.0,1.0,1578293.3970945948,1449446.8968031188,False,False,True,True,False,False,False,True,True,False
350000.0,350.0,4.0,2.0,0.0,0.0,0.0,0.0,0.0,33.8105,11.0069,3.0,0.0,0.0,1.0,556674.2993630574,580727.7766850828,False,True,False,True,False,False,True,False,True,False
550000.0,210.0,4.0,2.0,1.0,0.0,0.0,0.0,0.0,33.7597,11.0125,3.0,0.0,1.0,1.0,552642.1685714285,927922.7543356643,False,True,False,True,False,False,False,True,True,False
348550.0,445.0,7.0,2.0,1.0,0.0,0.0,0.0,0.0,33.8076,10.8451,3.0,1.0,0.0,0.0,556674.2993630574,580727.7766850828,False,True,False,True,False,False,True,False,True,False
693520.0,198.0,5.0,2.0,1.0,1.0,0.0,0.0,0.0,33.8076,10.8451,4.0,1.0,1.0,0.0,556674.2993630574,580727.7766850828,False,True,False,True,False,False,True,False,True,False
447200.0,135.0,5.0,2.0,1.0,0.0,0.0,0.0,0.0,33.8123,10.9869,3.0,0.0,1.0,1.0,556674.2993630574,580727.7766850828,False,True,False,True,False,False,True,False,True,False
257500.0,125.0,5.0,1.0,0.0,0.0,0.0,0.0,0.0,33.8076,10.8451,3.0,0.0,1.0,0.0,556674.2993630574,580727.7766850828,False,True,False,True,False,False,True,False,True,False
874200.0,270.0,8.0,4.0,1.0,1.0,1.0,0.0,1.0,33.8076,10.8451,4.0,1.0,1.0,1.0,556674.2993630574,580727.7766850828,False,True,False,True,False,False,True,False,True,False
502300.0,155.0,5.0,2.0,1.0,1.0,1.0,1.0,0.0,33.8124,10.9868,3.0,0.0,1.0,1.0,556674.2993630574,580727.7766850828,False,True,False,True,False,False,True,False,True,False
458418.0,172.0,5.0,3.0,1.0,1.0,1.0,0.0,1.0,33.8076,10.8451,3.0,1.0,0.0,1.0,556674.2993630574,580727.7766850828,False,True,False,True,False,False,True,False,True,False
550000.0,158.0,5.0,3.0,0.0,0.0,1.0,0.0,1.0,33.8125,10.9866,3.0,1.0,1.0,1.0,556674.2993630574,580727.7766850828,False,True,False,True,False,False,True,False,True,False
686400.0,160.0,6.0,3.0,1.0,0.0,1.0,0.0,1.0,33.8122,10.9869,4.0,1.0,1.0,1.0,556674.2993630574,580727.7766850828,False,True,False,True,False,False,True,False,True,False
311200.0,105.0,5.0,1.0,0.0,0.0,1.0,0.0,1.0,33.8076,10.8451,2.0,0.0,1.0,1.0,556674.2993630574,580727.7766850828,False,True,False,True,False,False,True,False,True,False
306800.0,162.0,5.0,2.0,0.0,0.0,0.0,0.0,0.0,33.8076,10.8451,3.0,0.0,1.0,0.0,556674.2993630574,580727.7766850828,False,True,False,True,False,False,True,False,True,False
422580.0,192.0,5.0,3.0,1.0,0.0,0.0,0.0,0.0,33.8076,10.8451,3.0,0.0,1.0,0.0,556674.2993630574,580727.7766850828,False,True,False,True,False,False,True,False,True,False
849990.0,500.0,10.0,5.0,1.0,1.0,1.0,0.0,0.0,33.8076,10.8451,4.0,1.0,1.0,1.0,556674.2993630574,580727.7766850828,False,True,False,True,False,False,True,False,True,False
389680.0,159.0,5.0,2.0,0.0,0.0,0.0,0.0,0.0,33.8076,10.8451,3.0,1.0,1.0,0.0,556674.2993630574,580727.7766850828,False,True,False,True,False,False,True,False,True,False
396850.0,167.0,5.0,2.0,1.0,0.0,0.0,0.0,0.0,33.8734,10.8585,3.0,1.0,1.0,1.0,510761.18000000005,580727.7766850828,False,True,False,True,False,False,True,False,True,False
478200.0,165.0,5.0,3.0,0.0,0.0,0.0,0.0,1.0,33.8076,10.8451,3.0,1.0,1.0,1.0,556674.2993630574,580727.7766850828,False,True,False,True,False,False,True,False,True,False
487000.0,346.0,3.0,2.0,1.0,0.0,0.0,0.0,0.0,36.7272,9.1882,4.0,1.0,1.0,0.0,416750.0,416750.0,True,False,False,True,False,True,False,False,True,False
690000.0,350.0,5.0,2.0,1.0,1.0,1.0,0.0,0.0,37.0406,11.0557,3.0,1.0,1.0,0.0,528091.5136842105,783799.5456266907,False,True,False,True,False,False,True,False,True,False
590000.0,150.0,6.0,1.0,1.0,1.0,1.0,0.0,0.0,33.8431,10.8277,3.0,1.0,1.0,0.0,1011828.5111111111,917271.3972689076,False,False,True,True,False,False,False,True,True,False
3600000.0,936.0,7.0,3.0,1.0,1.0,1.0,1.0,0.0,36.8764,10.3253,5.0,1.0,1.0,1.0,1578293.3970945948,1449446.8968031188,False,False,True,True,False,False,False,True,True,False
1400000.0,548.0,5.0,1.0,0.0,0.0,1.0,1.0,0.0,35.844,10.6188,6.0,1.0,1.0,0.0,809528.7390138675,783799.5456266907,False,False,True,True,False,False,True,False,True,False
430000.0,200.0,3.0,1.0,1.0,0.0,1.0,1.0,1.0,35.87,10.57,4.0,1.0,0.0,0.0,1026490.2244999999,927922.7543356643,False,False,True,True,False,False,False,True,True,False
370000.0,160.0,4.0,2.0,1.0,0.0,1.0,1.0,0.0,36.7609,10.2736,3.0,1.0,1.0,0.0,530909.0909090909,534121.1009677419,False,True,False,True,False,True,False,False,True,False
450000.0,200.0,8.0,2.0,1.0,0.0,0.0,0.0,0.0,36.798,10.1717,6.0,0.0,0.0,0.0,360350.0,641574.9720430108,True,False,False,True,False,False,True,False,True,False
779000.0,440.0,8.0,4.0,1.0,0.0,0.0,1.0,0.0,36.0683,9.9724,5.0,1.0,1.0,0.0,736411.7647058824,831885.7976100629,False,True,False,True,False,False,False,True,True,False
680000.0,140.0,7.0,2.0,1.0,0.0,1.0,1.0,0.0,35.87,10.57,4.0,0.0,1.0,0.0,1026490.2244999999,927922.7543356643,False,False,True,True,False,False,False,True,True,False
250000.0,140.0,7.0,1.0,1.0,0.0,0.0,1.0,0.0,36.5769,10.8582,4.0,1.0,1.0,0.0,468502.50999999995,783799.5456266907,True,False,False,True,False,False,True,False,True,False
480000.0,140.0,4.0,3.0,0.0,0.0,0.0,1.0,0.0,36.7609,10.2736,3.0,0.0,1.0,0.0,530909.0909090909,534121.1009677419,False,True,False,True,False,True,False,False,True,False
1900000.0,780.0,6.0,4.0,1.0,0.0,1.0,0.0,1.0,36.6939,10.2622,6.0,1.0,1.0,0.0,906315.7894736842,831885.7976100629,False,False,True,True,False,False,False,True,True,False
420000.0,125.0,5.0,1.0,1.0,0.0,1.0,1.0,0.0,36.4011,10.6146,4.0,1.0,0.0,0.0,809528.7390138675,783799.5456266907,False,False,True,True,False,False,True,False,True,False
1500000.0,400.0,8.0,3.0,1.0,0.0,1.0,1.0,0.0,36.6939,10.2622,6.0,1.0,1.0,0.0,906315.7894736842,831885.7976100629,False,False,True,True,False,False,False,True,True,False
845000.0,400.0,5.0,3.0,1.0,0.0,1.0,1.0,1.0,36.4011,10.6146,4.0,1.0,1.0,0.0,809528.7390138675,783799.5456266907,False,False,True,True,False,False,True,False,True,False
950000.0,465.0,4.0,3.0,1.0,0.0,1.0,1.0,0.0,36.451,10.7788,4.0,0.0,1.0,1.0,642782.0582608696,783799.5456266907,False,True,False,True,False,False,True,False,True,False
990000.0,320.0,5.0,4.0,0.0,0.0,0.0,0.0,0.0,36.4011,10.6146,4.0,1.0,0.0,1.0,809528.7390138675,783799.5456266907,False,False,True,True,False,False,True,False,True,False
590000.0,280.0,5.0,2.0,1.0,0.0,1.0,1.0,0.0,36.8833,10.25,4.0,1.0,1.0,0.0,1011828.5111111111,917271.3972689076,False,False,True,True,False,False,False,True,True,False
575000.0,600.0,5.0,2.0,1.0,0.0,0.0,0.0,0.0,33.8076,10.8451,3.0,0.0,1.0,1.0,556674.2993630574,580727.7766850828,False,True,False,True,False,False,True,False,True,False
1950000.0,780.0,10.0,6.0,1.0,0.0,1.0,1.0,0.0,36.8764,10.3253,6.0,1.0,1.0,0.0,1578293.3970945948,1449446.8968031188,False,False,True,True,False,False,False,True,True,False
1800000.0,340.0,6.0,1.0,0.0,0.0,0.0,1.0,0.0,36.9177,10.2889,3.0,1.0,1.0,1.0,1578293.3970945948,1449446.8968031188,False,False,True,True,False,False,False,True,True,False
135000.0,181.0,5.0,1.0,0.0,0.0,0.0,0.0,0.0,34.7855,10.7334,3.0,0.0,1.0,0.0,544027.7777777778,1105774.472,False,True,False,True,False,False,False,True,True,False
430000.0,344.0,5.0,1.0,1.0,0.0,0.0,0.0,0.0,36.6814,10.5849,9.0,0.0,0.0,0.0,640000.0,783799.5456266907,False,True,False,False,True,False,True,False,True,False
420000.0,362.0,5.0,1.0,0.0,0.0,0.0,0.0,0.0,36.7,10.4833,8.0,1.0,1.0,0.0,627104.5516666666,783799.5456266907,False,True,False,True,False,False,True,False,True,False
922000.0,288.0,5.0,2.0,1.0,0.0,1.0,1.0,1.0,36.4011,10.6146,4.0,1.0,1.0,1.0,809528.7390138675,783799.5456266907,False,False,True,True,False,False,True,False,True,False
750000.0,500.0,6.0,4.0,1.0,0.0,0.0,0.0,0.0,33.8076,10.8451,6.0,0.0,1.0,0.0,556674.2993630574,580727.7766850828,False,True,False,True,False,False,True,False,True,False
1250000.0,490.0,5.0,4.0,1.0,1.0,1.0,0.0,0.0,36.4011,10.6146,4.0,1.0,1.0,1.0,809528.7390138675,783799.5456266907,False,False,True,True,False,False,True,False,True,False
1500000.0,368.0,5.0,1.0,0.0,0.0,0.0,0.0,0.0,36.8579,10.2734,3.0,0.0,0.0,0.0,1578293.3970945948,1449446.8968031188,False,False,True,True,False,False,False,True,True,False
980000.0,400.0,7.0,6.0,1.0,0.0,1.0,1.0,0.0,36.8625,10.1956,5.0,1.0,1.0,0.0,1020923.2245882354,917271.3972689076,False,False,True,True,False,False,False,True,True,False
2850000.0,350.0,5.0,4.0,1.0,0.0,1.0,1.0,1.0,36.8764,10.3253,4.0,1.0,1.0,0.0,1578293.3970945948,1449446.8968031188,False,False,True,True,False,False,False,True,True,False
840000.0,320.0,4.0,2.0,1.0,0.0,1.0,1.0,0.0,36.4011,10.6146,5.0,1.0,1.0,1.0,809528.7390138675,783799.5456266907,False,False,True,True,False,False,True,False,True,False
130000.0,90.0,4.0,2.0,1.0,0.0,0.0,0.0,0.0,36.7833,10.9833,2.0,1.0,0.0,0.0,357611.62727272726,783799.5456266907,True,False,False,True,False,False,True,False,True,False
700000.0,600.0,3.0,3.0,1.0,0.0,0.0,1.0,0.0,36.9358,10.1612,3.0,1.0,1.0,0.0,499150.58999999997,917271.3972689076,False,True,False,True,False,False,False,True,True,False
500000.0,300.0,5.0,1.0,1.0,0.0,0.0,0.0,0.0,36.6939,10.2622,3.0,0.0,0.0,0.0,906315.7894736842,831885.7976100629,False,False,True,True,False,False,False,True,True,False
95000.0,101.0,3.0,1.0,1.0,0.0,0.0,0.0,0.0,36.8493,11.0918,2.0,0.0,0.0,0.0,451934.8628125,783799.5456266907,True,False,False,True,False,False,True,False,True,False
790000.0,213.0,3.0,1.0,0.0,0.0,1.0,1.0,0.0,36.4011,10.6146,3.0,0.0,0.0,1.0,809528.7390138675,783799.5456266907,False,False,True,True,False,False,True,False,True,False
820000.0,365.0,6.0,1.0,0.0,0.0,0.0,0.0,0.0,36.4506,10.735,8.0,0.0,0.0,0.0,994136.9111340205,783799.5456266907,False,False,True,True,False,False,True,False,True,False
2300000.0,600.0,4.0,2.0,1.0,0.0,1.0,1.0,1.0,36.8932,10.3099,3.0,1.0,1.0,1.0,1578293.3970945948,1449446.8968031188,False,False,True,True,False,False,False,True,True,False
1900000.0,290.0,5.0,3.0,1.0,0.0,1.0,1.0,1.0,36.9177,10.2889,4.0,1.0,1.0,1.0,1578293.3970945948,1449446.8968031188,False,False,True,True,False,False,False,True,True,False
2400000.0,856.0,4.0,2.0,1.0,0.0,0.0,1.0,0.0,36.8316,10.1641,3.0,1.0,1.0,0.0,1542012.4593548388,831885.7976100629,False,False,True,True,False,False,False,True,True,False
1100000.0,400.0,7.0,3.0,1.0,0.0,1.0,1.0,0.0,36.8452,10.1647,7.0,1.0,1.0,0.0,1177994.243076923,783799.5456266907,False,False,True,True,False,False,True,False,True,False
1350000.0,399.0,7.0,2.0,1.0,0.0,0.0,0.0,0.0,36.8147,10.1558,3.0,1.0,1.0,0.0,1177994.243076923,783799.5456266907,False,False,True,True,False,False,True,False,True,False
480000.0,140.0,4.0,2.0,1.0,1.0,1.0,0.0,1.0,33.804,11.0401,3.0,0.0,1.0,1.0,604000.0,465625.0,False,True,False,True,False,True,False,False,True,False
660000.0,467.0,5.0,2.0,1.0,0.0,1.0,1.0,0.0,36.6939,10.2622,3.0,1.0,1.0,0.0,614259.2592592592,831885.7976100629,False,True,False,True,False,False,False,True,True,False
790000.0,220.0,4.0,3.0,0.0,0.0,1.0,1.0,0.0,36.4011,10.6146,3.0,1.0,1.0,1.0,809528.7390138675,783799.5456266907,False,False,True,True,False,False,True,False,True,False
360000.0,183.0,4.0,2.0,0.0,0.0,0.0,0.0,0.0,36.6477,10.0911,4.0,1.0,0.0,0.0,410765.3846153846,607626.79375,True,False,False,True,False,False,True,False,True,False
350000.0,534.0,10.0,2.0,1.0,0.0,1.0,0.0,0.0,34.7996,10.7609,5.0,1.0,1.0,0.0,350000.0,1105774.472,True,False,False,False,True,False,False,True,True,False
435000.0,560.0,4.0,2.0,1.0,1.0,1.0,0.0,0.0,33.8076,10.8451,3.0,1.0,1.0,1.0,556674.2993630574,580727.7766850828,False,True,False,True,False,False,True,False,True,False
360000.0,300.0,10.0,2.0,1.0,0.0,0.0,0.0,0.0,36.9544,10.1914,5.0,1.0,1.0,0.0,499150.58999999997,917271.3972689076,False,True,False,True,False,False,False,True,True,False
1650000.0,600.0,7.0,3.0,0.0,0.0,0.0,0.0,0.0,36.8625,10.1956,6.0,0.0,1.0,0.0,1020923.2245882354,917271.3972689076,False,False,True,True,False,False,False,True,True,False
775000.0,300.0,4.0,3.0,1.0,0.0,0.0,1.0,0.0,36.4011,10.6146,3.0,0.0,1.0,1.0,809528.7390138675,783799.5456266907,False,False,True,True,False,False,True,False,True,False
550000.0,360.0,2.0,1.0,1.0,0.0,1.0,1.0,0.0,36.7891,10.8955,3.0,1.0,1.0,0.0,416750.0,416750.0,True,False,False,True,False,True,False,False,True,False
490000.0,600.0,7.0,3.0,1.0,0.0,1.0,1.0,0.0,36.7055,10.4132,6.0,1.0,1.0,0.0,499150.58999999997,917271.3972689076,False,True,False,True,False,False,False,True,True,False
1500000.0,417.0,5.0,1.0,1.0,0.0,1.0,1.0,0.0,36.8806,10.1717,3.0,1.0,1.0,0.0,1020923.2245882354,917271.3972689076,False,False,True,True,False,False,False,True,True,False
420000.0,300.0,5.0,1.0,1.0,0.0,0.0,0.0,0.0,36.8625,10.1956,3.0,1.0,1.0,0.0,1020923.2245882354,917271.3972689076,False,False,True,True,False,False,False,True,True,False
1080000.0,250.0,5.0,3.0,1.0,0.0,1.0,1.0,1.0,36.8833,10.25,4.0,0.0,1.0,0.0,1011828.5111111111,917271.3972689076,False,False,True,True,False,False,False,True,True,False
1700000.0,341.0,4.0,4.0,0.0,0.0,1.0,1.0,1.0,36.8764,10.3253,3.0,0.0,1.0,1.0,1578293.3970945948,1449446.8968031188,False,False,True,True,False,False,False,True,True,False
130000.0,200.0,3.0,2.0,0.0,0.0,0.0,0.0,0.0,36.9544,10.1914,3.0,0.0,0.0,0.0,499150.58999999997,917271.3972689076,False,True,False,True,False,False,False,True,True,False
500000.0,350.0,7.0,2.0,0.0,0.0,0.0,0.0,0.0,36.7833,10.9833,5.0,1.0,0.0,0.0,357611.62727272726,783799.5456266907,True,False,False,True,False,False,True,False,True,False
3150000.0,715.0,8.0,3.0,1.0,0.0,0.0,0.0,0.0,35.8569,10.5972,5.0,1.0,1.0,0.0,1015812.9829508197,927922.7543356643,False,False,True,True,False,False,False,True,True,False
730000.0,200.0,3.0,2.0,1.0,1.0,1.0,1.0,1.0,36.8625,10.1956,2.0,1.0,1.0,1.0,1020923.2245882354,917271.3972689076,False,False,True,True,False,False,False,True,True,False
180000.0,105.0,6.0,2.0,1.0,0.0,0.0,0.0,0.0,36.7833,10.9833,4.0,1.0,0.0,0.0,357611.62727272726,783799.5456266907,True,False,False,True,False,False,True,False,True,False
1600000.0,535.0,11.0,2.0,1.0,0.0,1.0,1.0,0.0,36.8551,10.1764,7.0,1.0,1.0,0.0,1020923.2245882354,917271.3972689076,False,False,True,True,False,False,False,True,True,False
1200000.0,580.0,5.0,4.0,1.0,0.0,1.0,1.0,1.0,36.4011,10.6146,4.0,1.0,1.0,1.0,809528.7390138675,783799.5456266907,False,False,True,True,False,False,True,False,True,False
290000.0,300.0,6.0,2.0,0.0,0.0,0.0,0.0,0.0,36.7833,10.9833,4.0,1.0,0.0,0.0,357611.62727272726,783799.5456266907,True,False,False,True,False,False,True,False,True,False
350000.0,227.0,5.0,2.0,1.0,0.0,0.0,0.0,0.0,36.8493,11.0918,4.0,1.0,0.0,0.0,451934.8628125,783799.5456266907,True,False,False,True,False,False,True,False,True,False
360000.0,220.0,6.0,2.0,0.0,0.0,0.0,0.0,0.0,36.8493,11.0918,4.0,1.0,0.0,0.0,451934.8628125,783799.5456266907,True,False,False,True,False,False,True,False,True,False
350000.0,250.0,4.0,1.0,1.0,0.0,0.0,0.0,0.0,36.8493,11.0918,3.0,0.0,1.0,0.0,451934.8628125,783799.5456266907,True,False,False,True,False,False,True,False,True,False
160000.0,110.0,2.0,2.0,1.0,0.0,1.0,0.0,0.0,36.6477,10.0911,3.0,1.0,0.0,0.0,410765.3846153846,607626.79375,True,False,False,True,False,False,True,False,True,False
1800000.0,378.0,5.0,3.0,1.0,0.0,0.0,0.0,0.0,36.8333,10.3167,4.0,0.0,0.0,0.0,1416795.7877419356,1449446.8968031188,False,False,True,True,False,False,False,True,True,False
750000.0,250.0,3.0,1.0,1.0,0.0,0.0,0.0,0.0,36.8333,10.3167,3.0,0.0,0.0,0.0,1416795.7877419356,1449446.8968031188,False,False,True,True,False,False,False,True,True,False
175000.0,121.0,6.0,1.0,0.0,0.0,0.0,0.0,0.0,35.6886,10.8423,3.0,1.0,0.0,0.0,360350.0,641574.9720430108,True,False,False,True,False,False,True,False,True,False
850000.0,360.0,12.0,3.0,1.0,0.0,0.0,0.0,0.0,33.8076,10.8451,8.0,1.0,1.0,0.0,556674.2993630574,580727.7766850828,False,True,False,True,False,False,True,False,True,False
700000.0,370.0,7.0,4.0,0.0,0.0,0.0,0.0,1.0,35.8324,10.6225,9.0,0.0,1.0,0.0,1015812.9829508197,927922.7543356643,False,False,True,True,False,False,False,True,True,False
180000.0,200.0,4.0,1.0,1.0,1.0,1.0,0.0,0.0,36.8493,11.0918,3.0,0.0,0.0,0.0,451934.8628125,783799.5456266907,True,False,False,True,False,False,True,False,True,False
320000.0,500.0,3.0,1.0,1.0,0.0,0.0,0.0,0.0,36.9124,11.102,2.0,0.0,1.0,0.0,287500.0,783799.5456266907,True,False,False,True,False,False,True,False,True,False
1600000.0,400.0,6.0,4.0,1.0,0.0,1.0,1.0,1.0,36.8833,10.25,5.0,1.0,1.0,1.0,1011828.5111111111,917271.3972689076,False,False,True,True,False,False,False,True,True,False
650000.0,324.0,5.0,2.0,0.0,0.0,1.0,1.0,0.0,34.4231,8.7928,4.0,1.0,1.0,0.0,676666.6666666666,488000.0,False,True,False,True,False,True,False,False,True,False
1500000.0,300.0,8.0,2.0,0.0,0.0,0.0,0.0,0.0,36.6939,10.2622,6.0,1.0,1.0,0.0,906315.7894736842,831885.7976100629,False,False,True,True,False,False,False,True,True,False
290000.0,130.0,4.0,2.0,1.0,1.0,1.0,0.0,1.0,33.8076,10.8451,3.0,1.0,1.0,0.0,556674.2993630574,580727.7766850828,False,True,False,True,False,False,True,False,True,False
1100000.0,350.0,5.0,3.0,1.0,0.0,1.0,1.0,1.0,36.4011,10.6146,4.0,0.0,1.0,1.0,809528.7390138675,783799.5456266907,False,False,True,True,False,False,True,False,True,False
1250000.0,512.0,5.0,3.0,1.0,0.0,1.0,1.0,1.0,36.4011,10.6146,4.0,0.0,1.0,1.0,809528.7390138675,783799.5456266907,False,False,True,True,False,False,True,False,True,False
980000.0,246.0,5.0,2.0,1.0,0.0,1.0,1.0,0.0,36.4011,10.6146,4.0,0.0,1.0,1.0,809528.7390138675,783799.5456266907,False,False,True,True,False,False,True,False,True,False
230000.0,115.0,4.0,2.0,0.0,0.0,0.0,0.0,0.0,36.7115,10.2167,4.0,0.0,0.0,0.0,614259.2592592592,831885.7976100629,False,True,False,True,False,False,False,True,True,False
412000.0,150.0,3.0,1.0,0.0,0.0,1.0,1.0,1.0,36.8833,10.25,2.0,1.0,1.0,0.0,1011828.5111111111,917271.3972689076,False,False,True,True,False,False,False,True,True,False
480000.0,142.0,5.0,2.0,1.0,1.0,1.0,0.0,1.0,33.8076,10.8451,3.0,0.0,0.0,1.0,556674.2993630574,580727.7766850828,False,True,False,True,False,False,True,False,True,False
870000.0,559.0,5.0,1.0,1.0,1.0,0.0,0.0,1.0,36.4198,10.6619,3.0,1.0,1.0,0.0,809528.7390138675,783799.5456266907,False,False,True,True,False,False,True,False,True,False
390000.0,150.0,4.0,1.0,1.0,1.0,1.0,0.0,0.0,33.8055,11.0466,3.0,1.0,1.0,1.0,556674.2993630574,580727.7766850828,False,True,False,True,False,False,True,False,True,False
1990000.0,328.0,6.0,5.0,1.0,0.0,1.0,1.0,1.0,36.8764,10.3253,3.0,1.0,0.0,1.0,1578293.3970945948,1449446.8968031188,False,False,True,True,False,False,False,True,True,False
1350000.0,367.0,3.0,1.0,1.0,0.0,0.0,0.0,0.0,36.8333,10.3167,3.0,0.0,0.0,0.0,1416795.7877419356,1449446.8968031188,False,False,True,True,False,False,False,True,True,False
1400000.0,250.0,4.0,3.0,1.0,0.0,1.0,1.0,0.0,36.8883,10.2742,3.0,0.0,1.0,1.0,1011828.5111111111,917271.3972689076,False,False,True,True,False,False,False,True,True,False
1150000.0,250.0,5.0,4.0,1.0,0.0,1.0,1.0,1.0,35.7792,10.8113,4.0,1.0,1.0,1.0,925293.5079999999,641574.9720430108,False,False,True,True,False,False,True,False,True,False
1960000.0,328.0,5.0,5.0,1.0,0.0,1.0,1.0,1.0,36.8764,10.3253,3.0,1.0,0.0,1.0,1578293.3970945948,1449446.8968031188,False,False,True,True,False,False,False,True,True,False
950000.0,200.0,3.0,1.0,0.0,0.0,0.0,0.0,0.0,36.8833,10.25,3.0,0.0,0.0,1.0,1011828.5111111111,917271.3972689076,False,False,True,True,False,False,False,True,True,False
550000.0,257.0,2.0,1.0,0.0,0.0,0.0,0.0,0.0,36.4011,10.6146,2.0,0.0,0.0,0.0,809528.7390138675,783799.5456266907,False,False,True,True,False,False,True,False,True,False
700000.0,373.0,8.0,5.0,1.0,0.0,1.0,0.0,0.0,35.87,10.57,5.0,1.0,1.0,0.0,1026490.2244999999,927922.7543356643,False,False,True,True,False,False,False,True,True,False
460000.0,132.0,4.0,2.0,1.0,0.0,0.0,0.0,0.0,37.272,9.8708,3.0,1.0,0.0,0.0,513185.1669565218,534121.1009677419,False,True,False,True,False,True,False,False,True,False
250000.0,220.0,3.0,1.0,1.0,0.0,0.0,0.0,0.0,37.272,9.8708,2.0,0.0,0.0,0.0,513185.1669565218,534121.1009677419,False,True,False,True,False,True,False,False,True,False
340000.0,180.0,4.0,1.0,1.0,0.0,0.0,0.0,0.0,37.272,9.8708,3.0,0.0,0.0,0.0,513185.1669565218,534121.1009677419,False,True,False,True,False,True,False,False,True,False
250000.0,100.0,4.0,2.0,1.0,0.0,0.0,0.0,0.0,37.272,9.8708,6.0,0.0,0.0,0.0,513185.1669565218,534121.1009677419,False,True,False,True,False,True,False,False,True,False
280000.0,170.0,4.0,1.0,1.0,0.0,0.0,0.0,0.0,37.272,9.8708,3.0,1.0,0.0,0.0,513185.1669565218,534121.1009677419,False,True,False,True,False,True,False,False,True,False
470000.0,471.0,5.0,1.0,0.0,0.0,0.0,0.0,0.0,33.8076,10.8451,4.0,0.0,0.0,0.0,510761.18000000005,580727.7766850828,False,True,False,True,False,False,True,False,True,False
450000.0,174.0,7.0,2.0,1.0,0.0,1.0,1.0,0.0,35.8324,10.6225,3.0,0.0,0.0,0.0,1015812.9829508197,927922.7543356643,False,False,True,True,False,False,False,True,True,False
800000.0,370.0,10.0,1.0,0.0,0.0,0.0,0.0,0.0,37.1303,9.7507,8.0,0.0,0.0,0.0,513185.1669565218,534121.1009677419,False,True,False,True,False,True,False,False,True,False
900000.0,712.0,6.0,1.0,1.0,0.0,1.0,1.0,1.0,36.8833,10.25,6.0,1.0,1.0,0.0,1011828.5111111111,917271.3972689076,False,False,True,True,False,False,False,True,True,False
1250000.0,251.0,5.0,1.0,1.0,0.0,1.0,1.0,0.0,36.8543,10.1832,6.0,1.0,1.0,0.0,1020923.2245882354,917271.3972689076,False,False,True,True,False,False,False,True,True,False
1400000.0,170.0,5.0,1.0,1.0,0.0,0.0,1.0,0.0,36.8763,10.3193,3.0,1.0,1.0,1.0,1578293.3970945948,1449446.8968031188,False,False,True,True,False,False,False,True,True,False
1000800.0,180.0,5.0,3.0,1.0,0.0,0.0,1.0,0.0,36.8691,10.3476,3.0,0.0,0.0,0.0,2180444.6730612246,1449446.8968031188,False,False,True,True,False,False,False,True,True,False
310000.0,200.0,4.0,2.0,1.0,0.0,0.0,0.0,0.0,36.8188,10.166,4.0,1.0,1.0,0.0,1177994.243076923,783799.5456266907,False,False,True,True,False,False,True,False,True,False
600000.0,240.0,6.0,4.0,1.0,0.0,0.0,0.0,0.0,36.7609,10.2736,4.0,1.0,1.0,0.0,530909.0909090909,534121.1009677419,False,True,False,True,False,True,False,False,True,False
450000.0,350.0,8.0,4.0,0.0,0.0,0.0,0.0,0.0,36.8358,10.1176,6.0,1.0,1.0,0.0,349666.6666666667,917271.3972689076,True,False,False,True,False,False,False,True,True,False
840000.0,500.0,7.0,2.0,1.0,0.0,0.0,0.0,0.0,36.7501,10.31,5.0,1.0,1.0,0.0,1542012.4593548388,831885.7976100629,False,False,True,True,False,False,False,True,True,False
1800000.0,334.0,10.0,4.0,1.0,0.0,1.0,1.0,0.0,36.8452,10.1647,7.0,1.0,0.0,0.0,1542012.4593548388,831885.7976100629,False,False,True,True,False,False,False,True,True,False
2800000.0,700.0,7.0,3.0,1.0,0.0,1.0,1.0,0.0,35.8569,10.5972,4.0,1.0,1.0,0.0,1015812.9829508197,927922.7543356643,False,False,True,True,False,False,False,True,True,False
1250000.0,600.0,6.0,5.0,1.0,1.0,1.0,1.0,1.0,36.4011,10.6146,6.0,0.0,1.0,1.0,809528.7390138675,783799.5456266907,False,False,True,True,False,False,True,False,True,False
520000.0,340.0,5.0,1.0,1.0,0.0,0.0,0.0,0.0,36.7609,10.2736,3.0,1.0,0.0,0.0,477254.9476923077,831885.7976100629,True,False,False,True,False,False,False,True,True,False
220000.0,110.0,3.0,1.0,0.0,0.0,0.0,0.0,0.0,36.7011,10.1698,2.0,0.0,0.0,0.0,230000.0,709285.7142857143,True,False,False,True,False,False,True,False,True,False
470000.0,260.0,7.0,3.0,1.0,0.0,0.0,0.0,0.0,36.8493,11.0918,5.0,1.0,0.0,0.0,451934.8628125,783799.5456266907,True,False,False,True,False,False,True,False,True,False
1460000.0,834.0,5.0,2.0,1.0,0.0,1.0,1.0,0.0,36.4394,10.7138,4.0,1.0,1.0,0.0,994136.9111340205,783799.5456266907,False,False,True,True,False,False,True,False,True,False
2100000.0,331.0,5.0,4.0,1.0,0.0,1.0,1.0,1.0,36.8764,10.3253,4.0,1.0,1.0,1.0,1578293.3970945948,1449446.8968031188,False,False,True,True,False,False,False,True,True,False
125000.0,500.0,3.0,1.0,0.0,0.0,0.0,0.0,1.0,36.4011,10.6146,2.0,0.0,0.0,0.0,809528.7390138675,783799.5456266907,False,False,True,True,False,False,True,False,True,False
335000.0,150.0,5.0,1.0,1.0,0.0,1.0,0.0,0.0,36.6137,8.7232,2.0,1.0,1.0,0.0,287500.0,368467.365,True,False,False,False,True,True,False,False,True,False
400000.0,300.0,3.0,1.0,1.0,0.0,1.0,0.0,0.0,36.8833,10.25,2.0,1.0,1.0,0.0,1011828.5111111111,917271.3972689076,False,False,True,True,False,False,False,True,True,False
1100000.0,590.0,7.0,1.0,1.0,0.0,1.0,1.0,0.0,36.7786,10.0554,5.0,0.0,1.0,1.0,646545.4545454546,513184.2105263158,False,True,False,True,False,True,False,False,True,False
1200000.0,908.0,4.0,2.0,1.0,0.0,1.0,1.0,1.0,36.5772,10.3425,4.0,1.0,0.0,0.0,747303.2021052631,831885.7976100629,False,False,True,True,False,False,False,True,True,False
220000.0,200.0,3.0,1.0,1.0,0.0,0.0,0.0,1.0,36.689,10.2996,3.0,1.0,0.0,0.0,529454.5454545454,831885.7976100629,False,True,False,True,False,False,False,True,True,False
880000.0,360.0,5.0,4.0,1.0,0.0,0.0,0.0,1.0,36.4011,10.6146,4.0,0.0,1.0,1.0,809528.7390138675,783799.5456266907,False,False,True,True,False,False,True,False,True,False
200000.0,110.0,3.0,1.0,1.0,0.0,0.0,0.0,0.0,37.1303,9.7507,2.0,0.0,0.0,0.0,513185.1669565218,534121.1009677419,False,True,False,True,False,True,False,False,True,False
300000.0,500.0,3.0,1.0,0.0,0.0,0.0,0.0,0.0,36.4011,10.6146,2.0,0.0,1.0,1.0,809528.7390138675,783799.5456266907,False,False,True,True,False,False,True,False,True,False
220000.0,240.0,6.0,2.0,0.0,0.0,0.0,0.0,0.0,36.8493,11.0918,4.0,1.0,0.0,0.0,451934.8628125,783799.5456266907,True,False,False,True,False,False,True,False,True,False
100000.0,100.0,3.0,1.0,0.0,0.0,0.0,0.0,0.0,36.7833,10.9833,2.0,0.0,0.0,0.0,357611.62727272726,783799.5456266907,True,False,False,True,False,False,True,False,True,False
220000.0,102.0,5.0,2.0,1.0,0.0,1.0,1.0,1.0,36.4011,10.6146,5.0,1.0,0.0,0.0,809528.7390138675,783799.5456266907,False,False,True,True,False,False,True,False,True,False
250000.0,115.0,5.0,1.0,1.0,0.0,0.0,0.0,0.0,36.4667,10.8,3.0,1.0,0.0,0.0,548571.4285714285,783799.5456266907,False,True,False,True,False,False,True,False,True,False
560000.0,450.0,7.0,2.0,0.0,0.0,0.0,1.0,0.0,35.8324,10.5545,3.0,1.0,1.0,0.0,552642.1685714285,927922.7543356643,False,True,False,True,False,False,False,True,True,False
110000.0,504.0,3.0,1.0,0.0,0.0,0.0,0.0,0.0,37.2433,9.6467,2.0,0.0,1.0,0.0,513185.1669565218,534121.1009677419,False,True,False,True,False,True,False,False,True,False
950000.0,662.0,8.0,4.0,1.0,0.0,0.0,0.0,0.0,36.8302,10.1374,6.0,1.0,1.0,0.0,694850.0507317072,1449446.8968031188,False,True,False,True,False,False,False,True,True,False
1500000.0,750.0,7.0,3.0,1.0,0.0,0.0,0.0,0.0,36.8493,11.0918,4.0,0.0,1.0,1.0,451934.8628125,783799.5456266907,True,False,False,True,False,False,True,False,True,False
90000.0,150.0,2.0,1.0,0.0,0.0,0.0,0.0,0.0,36.8493,11.0918,3.0,0.0,0.0,0.0,451934.8628125,783799.5456266907,True,False,False,True,False,False,True,False,True,False
100000.0,200.0,5.0,1.0,1.0,0.0,0.0,0.0,0.0,36.7833,10.9833,4.0,0.0,0.0,0.0,357611.62727272726,783799.5456266907,True,False,False,True,False,False,True,False,True,False
140000.0,160.0,3.0,1.0,1.0,0.0,0.0,0.0,0.0,36.9124,11.102,2.0,0.0,1.0,0.0,287500.0,783799.5456266907,True,False,False,True,False,False,True,False,True,False
240000.0,268.0,3.0,1.0,0.0,0.0,0.0,0.0,0.0,36.4011,10.6146,3.0,0.0,0.0,0.0,809528.7390138675,783799.5456266907,False,False,True,True,False,False,True,False,True,False
650000.0,760.0,3.0,3.0,1.0,0.0,1.0,0.0,1.0,33.8076,10.8451,3.0,1.0,1.0,1.0,556674.2993630574,580727.7766850828,False,True,False,True,False,False,True,False,True,False
280000.0,330.0,5.0,1.0,0.0,0.0,0.0,0.0,0.0,36.8188,10.166,3.0,0.0,0.0,0.0,360350.0,641574.9720430108,True,False,False,True,False,False,True,False,True,False
3500000.0,400.0,3.0,1.0,1.0,0.0,0.0,0.0,0.0,36.8764,10.3253,3.0,0.0,0.0,0.0,1578293.3970945948,1449446.8968031188,False,False,True,True,False,False,False,True,True,False
750000.0,200.0,6.0,3.0,1.0,0.0,0.0,0.0,0.0,36.4011,10.6146,4.0,1.0,1.0,1.0,809528.7390138675,783799.5456266907,False,False,True,True,False,False,True,False,True,False
380000.0,220.0,10.0,2.0,1.0,1.0,0.0,0.0,1.0,33.8557,10.8759,4.0,1.0,0.0,0.0,1011828.5111111111,917271.3972689076,False,False,True,True,False,False,False,True,True,False
950000.0,227.0,5.0,2.0,1.0,0.0,0.0,1.0,1.0,36.8833,10.25,4.0,1.0,1.0,1.0,1011828.5111111111,917271.3972689076,False,False,True,True,False,False,False,True,True,False
1700000.0,710.0,10.0,4.0,0.0,1.0,0.0,0.0,0.0,36.8452,10.1647,6.0,1.0,1.0,1.0,1177994.243076923,783799.5456266907,False,False,True,True,False,False,True,False,True,False
2800000.0,350.0,5.0,2.0,0.0,0.0,0.0,0.0,0.0,36.9177,10.2889,3.0,1.0,0.0,0.0,1578293.3970945948,1449446.8968031188,False,False,True,True,False,False,False,True,True,False
1200000.0,500.0,10.0,2.0,0.0,0.0,0.0,1.0,0.0,36.84,10.1631,8.0,1.0,1.0,0.0,1177994.243076923,783799.5456266907,False,False,True,True,False,False,True,False,True,False
550000.0,300.0,10.0,3.0,1.0,0.0,0.0,0.0,0.0,36.8493,11.0918,7.0,1.0,0.0,0.0,451934.8628125,783799.5456266907,True,False,False,True,False,False,True,False,True,False
800000.0,600.0,5.0,5.0,0.0,0.0,0.0,0.0,0.0,36.8493,11.0918,4.0,0.0,0.0,0.0,451934.8628125,783799.5456266907,True,False,False,True,False,False,True,False,True,False
1600000.0,378.0,4.0,3.0,0.0,0.0,0.0,0.0,0.0,36.8764,10.3253,3.0,1.0,0.0,1.0,1578293.3970945948,1449446.8968031188,False,False,True,True,False,False,False,True,True,False
700000.0,360.0,5.0,2.0,1.0,0.0,0.0,0.0,0.0,36.8493,11.0918,3.0,0.0,1.0,0.0,451934.8628125,783799.5456266907,True,False,False,True,False,False,True,False,True,False
850000.0,550.0,5.0,2.0,1.0,0.0,0.0,0.0,0.0,36.54,10.55,4.0,0.0,0.0,0.0,655000.0,783799.5456266907,False,True,False,False,True,False,True,False,True,False
950000.0,630.0,6.0,2.0,0.0,0.0,0.0,0.0,0.0,36.8915,10.1626,5.0,0.0,0.0,0.0,1542012.4593548388,831885.7976100629,False,False,True,True,False,False,False,True,True,False
730000.0,530.0,2.0,4.0,1.0,0.0,1.0,1.0,0.0,36.4506,10.735,4.0,0.0,1.0,0.0,994136.9111340205,783799.5456266907,False,False,True,True,False,False,True,False,True,False
1500000.0,560.0,5.0,1.0,1.0,0.0,1.0,0.0,0.0,36.4506,10.735,3.0,0.0,1.0,0.0,994136.9111340205,783799.5456266907,False,False,True,True,False,False,True,False,True,False
1550000.0,620.0,10.0,6.0,1.0,0.0,1.0,1.0,0.0,36.814,10.0912,9.0,1.0,1.0,0.0,646545.4545454546,513184.2105263158,False,True,False,True,False,True,False,False,True,False
230000.0,200.0,2.0,2.0,0.0,0.0,0.0,0.0,0.0,35.6776,10.0924,5.0,0.0,0.0,0.0,337774.4436363636,814548.518095238,True,False,False,True,False,False,False,True,True,False
550000.0,570.0,2.0,3.0,1.0,0.0,1.0,1.0,0.0,35.6776,10.0924,4.0,0.0,0.0,0.0,337774.4436363636,814548.518095238,True,False,False,True,False,False,False,True,True,False
210000.0,100.0,3.0,1.0,0.0,0.0,0.0,0.0,0.0,36.7833,10.9833,2.0,1.0,0.0,0.0,357611.62727272726,783799.5456266907,True,False,False,True,False,False,True,False,True,False
210000.0,210.0,4.0,1.0,1.0,0.0,0.0,0.0,0.0,36.7833,10.9833,3.0,1.0,0.0,0.0,357611.62727272726,783799.5456266907,True,False,False,True,False,False,True,False,True,False
450000.0,260.0,5.0,1.0,1.0,0.0,0.0,0.0,0.0,36.7833,10.9833,3.0,1.0,0.0,0.0,357611.62727272726,783799.5456266907,True,False,False,True,False,False,True,False,True,False
330000.0,200.0,4.0,1.0,1.0,0.0,0.0,0.0,0.0,35.8569,10.5972,3.0,0.0,0.0,0.0,1015812.9829508197,927922.7543356643,False,False,True,True,False,False,False,True,True,False
210000.0,100.0,4.0,2.0,0.0,0.0,0.0,0.0,0.0,36.7833,10.9833,3.0,0.0,0.0,0.0,357611.62727272726,783799.5456266907,True,False,False,True,False,False,True,False,True,False
400000.0,383.0,4.0,3.0,1.0,0.0,0.0,0.0,0.0,36.7833,10.9833,3.0,1.0,0.0,0.0,357611.62727272726,783799.5456266907,True,False,False,True,False,False,True,False,True,False
4500000.0,886.0,5.0,1.0,1.0,0.0,0.0,0.0,0.0,36.8566,10.3258,5.0,1.0,0.0,0.0,2180444.6730612246,1449446.8968031188,False,False,True,True,False,False,False,True,True,False
180000.0,160.0,4.0,2.0,0.0,0.0,0.0,0.0,0.0,36.8493,11.0918,2.0,0.0,0.0,0.0,451934.8628125,783799.5456266907,True,False,False,True,False,False,True,False,True,False
1600000.0,467.0,8.0,5.0,1.0,0.0,1.0,1.0,0.0,36.8625,10.1956,8.0,1.0,0.0,0.0,1020923.2245882354,917271.3972689076,False,False,True,True,False,False,False,True,True,False
1500000.0,460.0,5.0,1.0,1.0,0.0,1.0,1.0,1.0,37.2667,9.8667,3.0,1.0,1.0,0.0,513185.1669565218,534121.1009677419,False,True,False,True,False,True,False,False,True,False
250000.0,285.0,6.0,2.0,1.0,0.0,0.0,0.0,0.0,36.952,8.7581,6.0,0.0,0.0,0.0,401160.838,368467.365,True,False,False,True,False,True,False,False,True,False
3400000.0,378.0,5.0,1.0,0.0,0.0,0.0,0.0,0.0,36.8764,10.3253,3.0,0.0,0.0,0.0,1578293.3970945948,1449446.8968031188,False,False,True,True,False,False,False,True,True,False
1200000.0,570.0,10.0,2.0,0.0,0.0,0.0,0.0,0.0,35.8273,10.6339,5.0,0.0,1.0,0.0,1015812.9829508197,927922.7543356643,False,False,True,True,False,False,False,True,True,False
750000.0,220.0,4.0,1.0,0.0,0.0,1.0,1.0,0.0,36.8625,10.1956,4.0,0.0,0.0,0.0,1020923.2245882354,917271.3972689076,False,False,True,True,False,False,False,True,True,False
180000.0,105.0,5.0,2.0,0.0,0.0,0.0,0.0,0.0,36.7833,10.9833,3.0,1.0,0.0,0.0,357611.62727272726,783799.5456266907,True,False,False,True,False,False,True,False,True,False
130000.0,260.0,3.0,1.0,0.0,0.0,0.0,0.0,0.0,36.8493,11.0918,2.0,0.0,1.0,0.0,451934.8628125,783799.5456266907,True,False,False,True,False,False,True,False,True,False
290000.0,167.0,3.0,1.0,1.0,0.0,0.0,0.0,0.0,36.7833,10.9833,2.0,1.0,0.0,0.0,357611.62727272726,783799.5456266907,True,False,False,True,False,False,True,False,True,False
450000.0,290.0,6.0,2.0,1.0,0.0,0.0,0.0,0.0,36.7833,10.9833,4.0,0.0,1.0,0.0,357611.62727272726,783799.5456266907,True,False,False,True,False,False,True,False,True,False
350000.0,300.0,3.0,1.0,1.0,0.0,0.0,0.0,0.0,36.7833,10.9833,2.0,1.0,1.0,0.0,357611.62727272726,783799.5456266907,True,False,False,True,False,False,True,False,True,False
600000.0,150.0,10.0,4.0,1.0,0.0,0.0,0.0,0.0,36.8188,10.166,6.0,1.0,0.0,0.0,1047495.4257471263,1449446.8968031188,False,False,True,True,False,False,False,True,True,False
260000.0,174.0,6.0,2.0,1.0,0.0,0.0,0.0,0.0,36.7833,10.9833,4.0,1.0,0.0,0.0,357611.62727272726,783799.5456266907,True,False,False,True,False,False,True,False,True,False
820000.0,430.0,6.0,3.0,1.0,0.0,1.0,1.0,0.0,36.8482,10.1964,4.0,1.0,1.0,0.0,1020923.2245882354,917271.3972689076,False,False,True,True,False,False,False,True,True,False
480000.0,269.0,5.0,1.0,1.0,0.0,0.0,0.0,0.0,36.8493,11.0918,3.0,1.0,1.0,0.0,451934.8628125,783799.5456266907,True,False,False,True,False,False,True,False,True,False
430000.0,202.0,6.0,2.0,1.0,0.0,0.0,0.0,0.0,36.8493,11.0918,4.0,1.0,1.0,0.0,451934.8628125,783799.5456266907,True,False,False,True,False,False,True,False,True,False
1200000.0,500.0,6.0,5.0,1.0,0.0,0.0,0.0,0.0,36.8493,11.0918,4.0,1.0,1.0,0.0,451934.8628125,783799.5456266907,True,False,False,True,False,False,True,False,True,False
600000.0,290.0,3.0,1.0,1.0,0.0,0.0,0.0,0.0,36.7833,10.9833,2.0,1.0,1.0,0.0,357611.62727272726,783799.5456266907,True,False,False,True,False,False,True,False,True,False
980000.0,404.0,12.0,3.0,1.0,0.0,0.0,0.0,0.0,36.8625,10.1956,9.0,0.0,1.0,0.0,1020923.2245882354,917271.3972689076,False,False,True,True,False,False,False,True,True,False
300000.0,360.0,2.0,1.0,1.0,0.0,0.0,0.0,0.0,36.8493,11.0918,2.0,1.0,1.0,0.0,451934.8628125,783799.5456266907,True,False,False,True,False,False,True,False,True,False
2500000.0,730.0,3.0,2.0,0.0,0.0,0.0,0.0,0.0,36.8942,10.2762,3.0,0.0,0.0,0.0,1578293.3970945948,1449446.8968031188,False,False,True,True,False,False,False,True,True,False
409000.0,420.0,5.0,2.0,1.0,0.0,0.0,0.0,0.0,33.807,10.9646,3.0,1.0,1.0,1.0,556674.2993630574,580727.7766850828,False,True,False,True,False,False,True,False,True,False
900000.0,380.0,6.0,4.0,0.0,1.0,1.0,1.0,0.0,36.4011,10.6146,5.0,0.0,0.0,1.0,809528.7390138675,783799.5456266907,False,False,True,True,False,False,True,False,True,False
410000.0,200.0,3.0,1.0,1.0,0.0,0.0,0.0,0.0,36.4011,10.6146,2.0,1.0,0.0,0.0,809528.7390138675,783799.5456266907,False,False,True,True,False,False,True,False,True,False
1200000.0,563.0,5.0,1.0,1.0,0.0,0.0,1.0,0.0,36.8491,10.1661,3.0,1.0,1.0,0.0,1020923.2245882354,917271.3972689076,False,False,True,True,False,False,False,True,True,False
2400000.0,440.0,5.0,3.0,1.0,0.0,1.0,1.0,1.0,36.8764,10.3253,3.0,1.0,1.0,1.0,1578293.3970945948,1449446.8968031188,False,False,True,True,False,False,False,True,True,False
1200000.0,350.0,4.0,1.0,0.0,0.0,0.0,0.0,0.0,36.4011,10.6146,4.0,0.0,0.0,0.0,809528.7390138675,783799.5456266907,False,False,True,True,False,False,True,False,True,False
450000.0,300.0,3.0,2.0,1.0,0.0,1.0,1.0,1.0,36.4011,10.6146,3.0,0.0,1.0,1.0,809528.7390138675,783799.5456266907,False,False,True,True,False,False,True,False,True,False
700000.0,240.0,4.0,1.0,1.0,0.0,0.0,0.0,0.0,36.8858,10.3257,3.0,0.0,1.0,0.0,1578293.3970945948,1449446.8968031188,False,False,True,True,False,False,False,True,True,False
880000.0,500.0,8.0,4.0,1.0,0.0,1.0,1.0,0.0,36.8764,10.3253,6.0,1.0,1.0,1.0,1578293.3970945948,1449446.8968031188,False,False,True,True,False,False,False,True,True,False
290000.0,154.0,4.0,2.0,0.0,0.0,0.0,0.0,0.0,36.5769,10.8582,3.0,1.0,0.0,0.0,468502.50999999995,783799.5456266907,True,False,False,True,False,False,True,False,True,False
780000.0,200.0,6.0,3.0,1.0,0.0,0.0,1.0,0.0,36.4506,10.735,6.0,0.0,1.0,0.0,994136.9111340205,783799.5456266907,False,False,True,True,False,False,True,False,True,False
980000.0,490.0,10.0,3.0,1.0,0.0,1.0,1.0,0.0,36.7786,10.0554,8.0,1.0,1.0,1.0,646545.4545454546,513184.2105263158,False,True,False,True,False,True,False,False,True,False
1050000.0,700.0,5.0,4.0,1.0,0.0,0.0,0.0,1.0,36.404,10.569,4.0,1.0,1.0,1.0,809528.7390138675,783799.5456266907,False,False,True,True,False,False,True,False,True,False
2900000.0,606.0,7.0,1.0,0.0,0.0,0.0,1.0,0.0,36.8764,10.3253,6.0,1.0,0.0,1.0,1578293.3970945948,1449446.8968031188,False,False,True,True,False,False,False,True,True,False
190000.0,280.0,11.0,3.0,1.0,0.0,0.0,0.0,0.0,36.4011,10.6146,4.0,1.0,1.0,1.0,809528.7390138675,783799.5456266907,False,False,True,True,False,False,True,False,True,False
230000.0,178.0,4.0,2.0,1.0,0.0,0.0,1.0,0.0,36.8094,9.909,3.0,0.0,1.0,0.0,195000.0,513184.2105263158,True,False,False,True,False,True,False,False,True,False
520000.0,340.0,10.0,4.0,1.0,0.0,0.0,1.0,0.0,36.7468,10.2553,6.0,0.0,0.0,0.0,428142.85714285716,1236960.2596551725,True,False,False,True,False,False,False,True,True,False
1350000.0,300.0,6.0,3.0,1.0,0.0,1.0,1.0,0.0,36.4011,10.6146,5.0,0.0,1.0,1.0,809528.7390138675,783799.5456266907,False,False,True,True,False,False,True,False,True,False
1300000.0,415.0,5.0,3.0,1.0,0.0,1.0,1.0,1.0,36.8791,10.3065,4.0,1.0,1.0,1.0,1578293.3970945948,1449446.8968031188,False,False,True,True,False,False,False,True,True,False
330000.0,80.0,5.0,1.0,0.0,0.0,0.0,0.0,0.0,36.8188,10.166,3.0,0.0,0.0,0.0,1047495.4257471263,1449446.8968031188,False,False,True,True,False,False,False,True,True,False
800000.0,250.0,4.0,3.0,1.0,0.0,1.0,1.0,1.0,36.4011,10.6146,4.0,1.0,1.0,1.0,809528.7390138675,783799.5456266907,False,False,True,True,False,False,True,False,True,False
850000.0,400.0,3.0,2.0,1.0,0.0,1.0,1.0,0.0,36.4011,10.6146,3.0,1.0,1.0,1.0,809528.7390138675,783799.5456266907,False,False,True,True,False,False,True,False,True,False
280000.0,200.0,4.0,1.0,1.0,0.0,0.0,0.0,0.0,36.8493,11.0918,3.0,0.0,1.0,0.0,451934.8628125,783799.5456266907,True,False,False,True,False,False,True,False,True,False
830000.0,750.0,9.0,3.0,1.0,0.0,1.0,1.0,0.0,36.4011,10.6146,4.0,0.0,1.0,1.0,809528.7390138675,783799.5456266907,False,False,True,True,False,False,True,False,True,False
850000.0,300.0,4.0,4.0,1.0,0.0,1.0,1.0,1.0,36.4011,10.6146,3.0,0.0,1.0,1.0,809528.7390138675,783799.5456266907,False,False,True,True,False,False,True,False,True,False
1250000.0,514.0,6.0,3.0,1.0,0.0,1.0,1.0,0.0,36.4011,10.6146,5.0,0.0,1.0,1.0,809528.7390138675,783799.5456266907,False,False,True,True,False,False,True,False,True,False
550000.0,500.0,5.0,2.0,1.0,0.0,0.0,0.0,0.0,36.4011,10.6146,3.0,1.0,1.0,1.0,809528.7390138675,783799.5456266907,False,False,True,True,False,False,True,False,True,False
880000.0,500.0,6.0,5.0,1.0,0.0,1.0,1.0,1.0,36.4011,10.6146,4.0,1.0,1.0,1.0,809528.7390138675,783799.5456266907,False,False,True,True,False,False,True,False,True,False
1450000.0,560.0,4.0,4.0,1.0,0.0,0.0,0.0,0.0,36.4506,10.735,4.0,1.0,1.0,1.0,994136.9111340205,783799.5456266907,False,False,True,True,False,False,True,False,True,False
740000.0,506.0,5.0,3.0,1.0,0.0,1.0,1.0,0.0,36.4011,10.6146,4.0,0.0,1.0,1.0,809528.7390138675,783799.5456266907,False,False,True,True,False,False,True,False,True,False
490000.0,245.0,6.0,4.0,1.0,0.0,1.0,1.0,0.0,36.4506,10.735,5.0,0.0,0.0,0.0,994136.9111340205,783799.5456266907,False,False,True,True,False,False,True,False,True,False
240000.0,250.0,3.0,1.0,0.0,0.0,0.0,0.0,0.0,36.8493,11.0918,3.0,0.0,1.0,0.0,451934.8628125,783799.5456266907,True,False,False,True,False,False,True,False,True,False
650000.0,400.0,10.0,2.0,1.0,0.0,0.0,0.0,0.0,36.8094,9.909,7.0,1.0,1.0,0.0,650000.0,513184.2105263158,False,True,False,False,True,True,False,False,True,False
900000.0,500.0,5.0,4.0,1.0,0.0,0.0,1.0,1.0,36.8356,10.2159,6.0,1.0,1.0,0.0,528091.5136842105,783799.5456266907,False,True,False,True,False,False,True,False,True,False
1150000.0,380.0,6.0,5.0,1.0,0.0,1.0,1.0,0.0,36.4011,10.6146,5.0,0.0,1.0,1.0,809528.7390138675,783799.5456266907,False,False,True,True,False,False,True,False,True,False
550000.0,264.0,6.0,2.0,1.0,0.0,0.0,0.0,0.0,35.2304,11.1108,4.0,0.0,1.0,0.0,1321233.3333333333,607626.79375,False,False,True,True,False,False,True,False,True,False
2000000.0,378.0,7.0,3.0,1.0,0.0,0.0,0.0,0.0,36.8764,10.3253,6.0,1.0,0.0,1.0,1578293.3970945948,1449446.8968031188,False,False,True,True,False,False,False,True,True,False
1150000.0,450.0,7.0,5.0,1.0,0.0,1.0,1.0,1.0,35.7218,10.6179,5.0,1.0,1.0,0.0,1339000.0,814548.518095238,False,False,True,True,False,False,False,True,True,False
560000.0,400.0,8.0,6.0,1.0,0.0,0.0,1.0,0.0,35.8569,10.5972,6.0,0.0,0.0,0.0,1015812.9829508197,927922.7543356643,False,False,True,True,False,False,False,True,True,False
1100000.0,440.0,4.0,2.0,0.0,0.0,1.0,1.0,1.0,36.8764,10.3253,3.0,1.0,1.0,0.0,1578293.3970945948,1449446.8968031188,False,False,True,True,False,False,False,True,True,False
1650000.0,404.0,4.0,2.0,0.0,0.0,0.0,0.0,0.0,36.8764,10.3253,3.0,1.0,0.0,0.0,1578293.3970945948,1449446.8968031188,False,False,True,True,False,False,False,True,True,False
1100000.0,141.0,2.0,1.0,1.0,0.0,1.0,1.0,1.0,36.8333,10.3167,2.0,0.0,1.0,1.0,1416795.7877419356,1449446.8968031188,False,False,True,True,False,False,False,True,True,False
459800.0,205.0,5.0,3.0,1.0,0.0,1.0,0.0,1.0,33.8076,10.8451,3.0,1.0,0.0,1.0,556674.2993630574,580727.7766850828,False,True,False,True,False,False,True,False,True,False
1400000.0,643.0,8.0,1.0,1.0,0.0,1.0,1.0,0.0,36.8651,10.2124,8.0,1.0,1.0,0.0,1011828.5111111111,917271.3972689076,False,False,True,True,False,False,False,True,True,False
1150000.0,400.0,6.0,2.0,1.0,0.0,1.0,1.0,0.0,36.4011,10.6146,4.0,1.0,1.0,1.0,809528.7390138675,783799.5456266907,False,False,True,True,False,False,True,False,True,False
500000.0,180.0,4.0,2.0,0.0,0.0,0.0,0.0,0.0,36.4011,10.6146,3.0,0.0,0.0,1.0,809528.7390138675,783799.5456266907,False,False,True,True,False,False,True,False,True,False
175000.0,200.0,5.0,1.0,1.0,0.0,0.0,0.0,0.0,36.7786,10.0554,2.0,1.0,1.0,0.0,646545.4545454546,513184.2105263158,False,True,False,True,False,True,False,False,True,False
750000.0,600.0,6.0,1.0,1.0,0.0,0.0,1.0,0.0,36.4011,10.6146,3.0,1.0,1.0,1.0,809528.7390138675,783799.5456266907,False,False,True,True,False,False,True,False,True,False
350000.0,200.0,5.0,1.0,1.0,0.0,0.0,1.0,1.0,36.8833,10.25,4.0,1.0,1.0,0.0,1011828.5111111111,917271.3972689076,False,False,True,True,False,False,False,True,True,False
1050000.0,245.0,5.0,3.0,1.0,0.0,1.0,0.0,0.0,36.4011,10.6146,4.0,0.0,1.0,1.0,809528.7390138675,783799.5456266907,False,False,True,True,False,False,True,False,True,False
950000.0,510.0,11.0,2.0,1.0,0.0,1.0,1.0,0.0,36.8483,10.1411,7.0,1.0,1.0,0.0,1177994.243076923,783799.5456266907,False,False,True,True,False,False,True,False,True,False
900000.0,400.0,4.0,3.0,1.0,1.0,1.0,1.0,0.0,35.7218,10.6179,4.0,1.0,1.0,0.0,1339000.0,814548.518095238,False,False,True,True,False,False,False,True,True,False
1250000.0,650.0,5.0,4.0,1.0,0.0,1.0,1.0,1.0,36.4011,10.6146,4.0,1.0,1.0,1.0,809528.7390138675,783799.5456266907,False,False,True,True,False,False,True,False,True,False
2000000.0,750.0,5.0,4.0,1.0,1.0,1.0,1.0,1.0,35.7678,10.8225,5.0,1.0,1.0,0.0,925293.5079999999,641574.9720430108,False,False,True,True,False,False,True,False,True,False
460000.0,620.0,4.0,2.0,1.0,1.0,1.0,0.0,0.0,33.8076,10.8451,3.0,1.0,1.0,1.0,556674.2993630574,580727.7766850828,False,True,False,True,False,False,True,False,True,False
650000.0,605.0,5.0,2.0,0.0,0.0,0.0,0.0,1.0,36.4011,10.6146,5.0,0.0,1.0,1.0,809528.7390138675,783799.5456266907,False,False,True,True,False,False,True,False,True,False
450000.0,500.0,6.0,1.0,0.0,0.0,0.0,0.0,0.0,36.8833,10.25,8.0,0.0,0.0,0.0,1011828.5111111111,917271.3972689076,False,False,True,True,False,False,False,True,True,False
1550000.0,368.0,4.0,1.0,1.0,0.0,0.0,0.0,0.0,36.8333,10.3167,3.0,1.0,1.0,0.0,1416795.7877419356,1449446.8968031188,False,False,True,True,False,False,False,True,True,False
750000.0,190.0,4.0,2.0,1.0,0.0,1.0,1.0,0.0,36.8764,10.3253,3.0,0.0,1.0,0.0,1578293.3970945948,1449446.8968031188,False,False,True,True,False,False,False,True,True,False
850000.0,350.0,5.0,2.0,0.0,0.0,1.0,1.0,0.0,36.4011,10.6146,4.0,1.0,1.0,1.0,809528.7390138675,783799.5456266907,False,False,True,True,False,False,True,False,True,False
4500000.0,886.0,7.0,3.0,1.0,0.0,0.0,1.0,0.0,36.8566,10.3258,5.0,1.0,1.0,0.0,2180444.6730612246,1449446.8968031188,False,False,True,True,False,False,False,True,True,False
980000.0,380.0,5.0,1.0,1.0,0.0,0.0,0.0,0.0,36.8883,10.2742,3.0,0.0,0.0,1.0,1011828.5111111111,917271.3972689076,False,False,True,True,False,False,False,True,True,False
250000.0,43.0,5.0,1.0,0.0,0.0,0.0,0.0,0.0,36.8764,10.3253,3.0,0.0,0.0,1.0,1578293.3970945948,1449446.8968031188,False,False,True,True,False,False,False,True,True,False
350000.0,336.0,6.0,1.0,0.0,0.0,0.0,0.0,0.0,36.8302,10.1374,3.0,1.0,0.0,0.0,694850.0507317072,1449446.8968031188,False,True,False,True,False,False,False,True,True,False
175000.0,100.0,5.0,1.0,1.0,0.0,0.0,0.0,0.0,35.5044,11.0661,3.0,0.0,0.0,0.0,410765.3846153846,607626.79375,True,False,False,True,False,False,True,False,True,False
1100000.0,236.0,5.0,4.0,1.0,0.0,1.0,1.0,1.0,36.8764,10.3253,4.0,0.0,1.0,1.0,1578293.3970945948,1449446.8968031188,False,False,True,True,False,False,False,True,True,False
185000.0,165.0,5.0,1.0,1.0,0.0,0.0,0.0,0.0,36.8356,10.2159,2.0,0.0,1.0,0.0,528091.5136842105,783799.5456266907,False,True,False,True,False,False,True,False,True,False
145000.0,125.0,6.0,2.0,1.0,0.0,0.0,0.0,0.0,37.272,9.8708,5.0,0.0,0.0,0.0,513185.1669565218,534121.1009677419,False,True,False,True,False,True,False,False,True,False
230000.0,170.0,2.0,2.0,1.0,0.0,1.0,0.0,0.0,36.47,10.78,2.0,0.0,0.0,0.0,642782.0582608696,783799.5456266907,False,True,False,True,False,False,True,False,True,False
990000.0,398.0,4.0,4.0,0.0,0.0,0.0,1.0,0.0,36.8833,10.25,4.0,1.0,0.0,1.0,1011828.5111111111,917271.3972689076,False,False,True,True,False,False,False,True,True,False
105000.0,120.0,4.0,1.0,1.0,0.0,0.0,0.0,0.0,36.8188,10.166,2.0,0.0,0.0,0.0,104500.0,1449446.8968031188,True,False,False,True,False,False,False,True,True,False
620000.0,400.0,2.0,1.0,0.0,0.0,0.0,0.0,0.0,36.8188,10.166,3.0,0.0,0.0,0.0,1047495.4257471263,1449446.8968031188,False,False,True,True,False,False,False,True,True,False
640000.0,140.0,3.0,1.0,1.0,0.0,0.0,0.0,0.0,36.8764,10.3253,2.0,0.0,0.0,0.0,1578293.3970945948,1449446.8968031188,False,False,True,True,False,False,False,True,True,False
1200000.0,374.0,4.0,2.0,0.0,0.0,0.0,0.0,1.0,36.8625,10.1956,3.0,1.0,0.0,0.0,1020923.2245882354,917271.3972689076,False,False,True,True,False,False,False,True,True,False
780000.0,400.0,7.0,2.0,0.0,0.0,1.0,1.0,1.0,36.8833,10.25,5.0,0.0,1.0,0.0,1011828.5111111111,917271.3972689076,False,False,True,True,False,False,False,True,True,False
990000.0,500.0,7.0,2.0,1.0,0.0,0.0,0.0,0.0,36.7192,10.3724,5.0,1.0,0.0,0.0,736411.7647058824,831885.7976100629,False,True,False,True,False,False,False,True,True,False
360000.0,200.0,7.0,2.0,1.0,0.0,1.0,0.0,0.0,36.8915,10.1626,3.0,1.0,1.0,0.0,1542012.4593548388,831885.7976100629,False,False,True,True,False,False,False,True,True,False
370000.0,870.0,4.0,2.0,0.0,0.0,0.0,0.0,0.0,33.8076,10.8451,3.0,1.0,0.0,0.0,556674.2993630574,580727.7766850828,False,True,False,True,False,False,True,False,True,False
695000.0,523.0,8.0,3.0,1.0,0.0,1.0,1.0,0.0,35.8143,10.6339,6.0,1.0,1.0,0.0,1015812.9829508197,927922.7543356643,False,False,True,True,False,False,False,True,True,False
270000.0,446.0,4.0,1.0,0.0,0.0,0.0,0.0,0.0,33.7868,11.0017,3.0,0.0,1.0,0.0,556674.2993630574,580727.7766850828,False,True,False,True,False,False,True,False,True,False
550000.0,400.0,4.0,2.0,0.0,0.0,0.0,0.0,0.0,33.8076,10.8451,3.0,0.0,1.0,1.0,556674.2993630574,580727.7766850828,False,True,False,True,False,False,True,False,True,False
1400000.0,350.0,5.0,3.0,0.0,0.0,0.0,0.0,0.0,36.8735,10.3146,5.0,1.0,1.0,0.0,1578293.3970945948,1449446.8968031188,False,False,True,True,False,False,False,True,True,False
620000.0,300.0,4.0,3.0,1.0,0.0,1.0,1.0,0.0,36.4011,10.6146,3.0,1.0,1.0,1.0,809528.7390138675,783799.5456266907,False,False,True,True,False,False,True,False,True,False
1400000.0,503.0,6.0,2.0,1.0,0.0,1.0,1.0,0.0,36.8452,10.1647,5.0,1.0,1.0,0.0,1177994.243076923,783799.5456266907,False,False,True,True,False,False,True,False,True,False
460000.0,360.0,5.0,4.0,1.0,0.0,0.0,0.0,0.0,33.8636,9.9242,5.0,1.0,1.0,0.0,440000.0,1236960.2596551725,True,False,False,False,True,False,False,True,True,False
380000.0,210.0,6.0,1.0,1.0,0.0,0.0,1.0,0.0,36.789,10.1835,6.0,0.0,1.0,0.0,428142.85714285716,1236960.2596551725,True,False,False,True,False,False,False,True,True,False
1500000.0,492.0,5.0,2.0,1.0,0.0,0.0,1.0,0.0,36.8418,10.1546,4.0,1.0,1.0,0.0,1177994.243076923,783799.5456266907,False,False,True,True,False,False,True,False,True,False
1275000.0,458.0,6.0,3.0,1.0,0.0,1.0,1.0,1.0,36.8833,10.25,5.0,1.0,1.0,0.0,1011828.5111111111,917271.3972689076,False,False,True,True,False,False,False,True,True,False
720000.0,482.0,5.0,1.0,0.0,0.0,1.0,0.0,0.0,36.9544,10.1914,3.0,1.0,1.0,0.0,499150.58999999997,917271.3972689076,False,True,False,True,False,False,False,True,True,False
380000.0,270.0,5.0,2.0,1.0,1.0,1.0,1.0,1.0,37.0287,11.0549,4.0,1.0,1.0,0.0,528091.5136842105,783799.5456266907,False,True,False,True,False,False,True,False,True,False
750000.0,554.0,2.0,3.0,1.0,0.0,1.0,1.0,1.0,36.9544,10.1914,5.0,1.0,1.0,0.0,499150.58999999997,917271.3972689076,False,True,False,True,False,False,False,True,True,False
620000.0,269.0,2.0,2.0,1.0,0.0,1.0,1.0,0.0,36.4506,10.735,2.0,1.0,1.0,0.0,994136.9111340205,783799.5456266907,False,False,True,True,False,False,True,False,True,False
950000.0,660.0,3.0,4.0,0.0,0.0,0.0,0.0,0.0,36.8833,10.25,7.0,0.0,0.0,0.0,1011828.5111111111,917271.3972689076,False,False,True,True,False,False,False,True,True,False
700000.0,270.0,3.0,3.0,1.0,1.0,1.0,0.0,1.0,33.8076,10.8451,3.0,0.0,1.0,1.0,556674.2993630574,580727.7766850828,False,True,False,True,False,False,True,False,True,False
550000.0,360.0,5.0,1.0,0.0,0.0,0.0,0.0,0.0,36.4842,10.7526,3.0,1.0,0.0,0.0,300000.0,783799.5456266907,True,False,False,True,False,False,True,False,True,False
190000.0,103.0,5.0,1.0,0.0,0.0,0.0,0.0,0.0,36.7957,10.1631,3.0,0.0,0.0,0.0,360350.0,641574.9720430108,True,False,False,True,False,False,True,False,True,False
550000.0,487.0,8.0,2.0,0.0,0.0,0.0,0.0,0.0,36.8188,10.166,6.0,1.0,1.0,0.0,528091.5136842105,783799.5456266907,False,True,False,True,False,False,True,False,True,False
1650000.0,600.0,6.0,3.0,1.0,0.0,0.0,1.0,0.0,36.8625,10.1956,4.0,1.0,1.0,0.0,1020923.2245882354,917271.3972689076,False,False,True,True,False,False,False,True,True,False
140000.0,400.0,2.0,1.0,1.0,0.0,0.0,0.0,0.0,36.8241,10.2244,3.0,1.0,1.0,0.0,518012.26,917271.3972689076,False,True,False,True,False,False,False,True,True,False
1150000.0,817.0,4.0,2.0,0.0,0.0,1.0,1.0,1.0,36.9177,10.2889,2.0,1.0,1.0,0.0,1578293.3970945948,1449446.8968031188,False,False,True,True,False,False,False,True,True,False
2500000.0,710.0,5.0,4.0,1.0,0.0,1.0,1.0,0.0,36.8764,10.3253,4.0,1.0,1.0,1.0,1578293.3970945948,1449446.8968031188,False,False,True,True,False,False,False,True,True,False
3300000.0,886.0,6.0,5.0,1.0,0.0,1.0,1.0,0.0,36.8764,10.3253,5.0,1.0,1.0,1.0,1578293.3970945948,1449446.8968031188,False,False,True,True,False,False,False,True,True,False
1300000.0,940.0,5.0,3.0,0.0,0.0,1.0,1.0,0.0,36.8883,10.2742,4.0,0.0,1.0,0.0,1011828.5111111111,917271.3972689076,False,False,True,True,False,False,False,True,True,False
3000000.0,245.0,3.0,2.0,1.0,0.0,1.0,1.0,0.0,36.8566,10.3258,3.0,0.0,1.0,0.0,2180444.6730612246,1449446.8968031188,False,False,True,True,False,False,False,True,True,False
980000.0,400.0,7.0,1.0,0.0,0.0,0.0,1.0,0.0,36.8651,10.2124,7.0,1.0,1.0,0.0,1011828.5111111111,917271.3972689076,False,False,True,True,False,False,False,True,True,False
850000.0,250.0,9.0,2.0,1.0,0.0,1.0,1.0,1.0,35.8569,10.5972,3.0,0.0,1.0,0.0,1015812.9829508197,927922.7543356643,False,False,True,True,False,False,False,True,True,False
150000.0,650.0,4.0,1.0,0.0,0.0,0.0,0.0,0.0,36.6137,8.7232,4.0,1.0,0.0,0.0,122500.0,368467.365,True,False,False,False,True,True,False,False,True,False
580000.0,397.0,4.0,2.0,0.0,0.0,0.0,0.0,0.0,36.0683,9.9724,4.0,0.0,0.0,0.0,736411.7647058824,831885.7976100629,False,True,False,True,False,False,False,True,True,False
1300000.0,312.0,4.0,3.0,1.0,0.0,1.0,1.0,0.0,36.8764,10.3253,3.0,1.0,0.0,1.0,1578293.3970945948,1449446.8968031188,False,False,True,True,False,False,False,True,True,False
700000.0,513.0,6.0,1.0,0.0,0.0,0.0,0.0,1.0,37.1303,9.7507,5.0,1.0,1.0,0.0,513185.1669565218,534121.1009677419,False,True,False,True,False,True,False,False,True,False
880000.0,477.0,6.0,2.0,1.0,0.0,1.0,0.0,0.0,36.9544,10.1914,4.0,1.0,1.0,0.0,499150.58999999997,917271.3972689076,False,True,False,True,False,False,False,True,True,False
750000.0,378.0,4.0,2.0,1.0,0.0,1.0,1.0,0.0,33.8869,9.5375,3.0,1.0,1.0,0.0,750000.0,513184.2105263158,False,False,True,False,True,True,False,False,True,False
240000.0,200.0,5.0,1.0,1.0,0.0,1.0,0.0,0.0,36.6137,8.7232,2.0,1.0,1.0,0.0,287500.0,368467.365,True,False,False,False,True,True,False,False,True,False
850000.0,651.0,5.0,1.0,1.0,0.0,0.0,1.0,0.0,36.8188,10.166,5.0,1.0,1.0,0.0,1047495.4257471263,1449446.8968031188,False,False,True,True,False,False,False,True,True,False
480000.0,500.0,3.0,2.0,1.0,0.0,0.0,0.0,0.0,36.47,10.78,4.0,0.0,1.0,0.0,642782.0582608696,783799.5456266907,False,True,False,True,False,False,True,False,True,False
2000000.0,700.0,4.0,2.0,1.0,0.0,0.0,0.0,0.0,36.8625,10.1956,7.0,1.0,1.0,0.0,1020923.2245882354,917271.3972689076,False,False,True,True,False,False,False,True,True,False
450000.0,250.0,8.0,2.0,1.0,0.0,1.0,1.0,0.0,36.7311,10.3277,6.0,1.0,1.0,0.0,516205.0955555556,831885.7976100629,False,True,False,True,False,False,False,True,True,False
349000.0,201.0,3.0,1.0,1.0,0.0,1.0,0.0,1.0,36.8358,10.1176,7.0,1.0,1.0,0.0,349666.6666666667,917271.3972689076,True,False,False,True,False,False,False,True,True,False
1700000.0,436.0,5.0,1.0,1.0,0.0,0.0,0.0,0.0,36.6939,10.2622,3.0,0.0,1.0,1.0,906315.7894736842,831885.7976100629,False,False,True,True,False,False,False,True,True,False
850000.0,700.0,5.0,3.0,1.0,0.0,0.0,0.0,0.0,33.8076,10.8451,5.0,0.0,1.0,1.0,556674.2993630574,580727.7766850828,False,True,False,True,False,False,True,False,True,False
350000.0,214.0,4.0,1.0,0.0,0.0,0.0,0.0,0.0,35.6759,10.0919,3.0,1.0,0.0,0.0,1020923.2245882354,917271.3972689076,False,False,True,True,False,False,False,True,True,False
680000.0,378.0,4.0,2.0,1.0,0.0,1.0,1.0,0.0,36.9544,10.1914,3.0,1.0,1.0,0.0,499150.58999999997,917271.3972689076,False,True,False,True,False,False,False,True,True,False
1200000.0,400.0,5.0,2.0,1.0,0.0,1.0,1.0,1.0,35.87,10.57,3.0,1.0,1.0,0.0,1026490.2244999999,927922.7543356643,False,False,True,True,False,False,False,True,True,False
920000.0,370.0,5.0,3.0,1.0,0.0,0.0,0.0,0.0,36.8806,10.1717,7.0,1.0,1.0,0.0,1020923.2245882354,917271.3972689076,False,False,True,True,False,False,False,True,True,False
95000.0,400.0,5.0,1.0,1.0,0.0,0.0,0.0,0.0,36.6137,8.7232,3.0,0.0,1.0,0.0,122500.0,368467.365,True,False,False,False,True,True,False,False,True,False
750000.0,360.0,5.0,4.0,1.0,0.0,0.0,1.0,0.0,33.8869,9.5375,6.0,1.0,1.0,0.0,1011828.5111111111,917271.3972689076,False,False,True,True,False,False,False,True,True,False
1200000.0,475.0,5.0,4.0,1.0,0.0,1.0,1.0,1.0,36.4011,10.6146,4.0,1.0,1.0,1.0,809528.7390138675,783799.5456266907,False,False,True,True,False,False,True,False,True,False
1200000.0,415.0,5.0,3.0,1.0,0.0,1.0,1.0,0.0,36.8833,10.25,4.0,1.0,1.0,1.0,1011828.5111111111,917271.3972689076,False,False,True,True,False,False,False,True,True,False
1500000.0,400.0,5.0,2.0,1.0,1.0,1.0,1.0,1.0,36.4011,10.6146,3.0,1.0,1.0,1.0,809528.7390138675,783799.5456266907,False,False,True,True,False,False,True,False,True,False
2700000.0,720.0,5.0,3.0,1.0,0.0,0.0,1.0,0.0,36.8932,10.3099,4.0,1.0,1.0,0.0,1578293.3970945948,1449446.8968031188,False,False,True,True,False,False,False,True,True,False
2600000.0,615.0,8.0,3.0,0.0,0.0,0.0,0.0,0.0,36.8942,10.2762,8.0,0.0,1.0,1.0,1578293.3970945948,1449446.8968031188,False,False,True,True,False,False,False,True,True,False
1250000.0,520.0,6.0,4.0,1.0,0.0,0.0,1.0,1.0,36.4011,10.6146,4.0,0.0,1.0,1.0,809528.7390138675,783799.5456266907,False,False,True,True,False,False,True,False,True,False
380000.0,195.0,6.0,1.0,1.0,0.0,0.0,0.0,0.0,36.7726,10.2327,5.0,0.0,0.0,0.0,906315.7894736842,831885.7976100629,False,False,True,True,False,False,False,True,True,False
630000.0,267.0,3.0,2.0,1.0,0.0,0.0,0.0,0.0,36.4011,10.6146,2.0,0.0,1.0,0.0,809528.7390138675,783799.5456266907,False,False,True,True,False,False,True,False,True,False
2140000.0,378.0,8.0,3.0,1.0,0.0,1.0,1.0,0.0,36.8213,10.3103,7.0,1.0,1.0,1.0,1118000.0,1449446.8968031188,False,False,True,True,False,False,False,True,True,False
890000.0,220.0,6.0,3.0,1.0,0.0,1.0,1.0,0.0,36.8833,10.25,4.0,0.0,1.0,1.0,1011828.5111111111,917271.3972689076,False,False,True,True,False,False,False,True,True,False
290000.0,100.0,2.0,3.0,1.0,0.0,1.0,0.0,0.0,36.7011,10.1698,6.0,0.0,0.0,0.0,230000.0,709285.7142857143,True,False,False,True,False,False,True,False,True,False
480000.0,560.0,5.0,1.0,1.0,0.0,1.0,1.0,0.0,36.4011,10.6146,3.0,0.0,1.0,1.0,809528.7390138675,783799.5456266907,False,False,True,True,False,False,True,False,True,False
480000.0,180.0,5.0,1.0,0.0,0.0,1.0,0.0,0.0,36.4011,10.6146,3.0,0.0,0.0,0.0,809528.7390138675,783799.5456266907,False,False,True,True,False,False,True,False,True,False
860000.0,500.0,9.0,3.0,1.0,0.0,1.0,1.0,1.0,36.4011,10.6146,4.0,1.0,1.0,1.0,809528.7390138675,783799.5456266907,False,False,True,True,False,False,True,False,True,False
940000.0,672.0,6.0,3.0,1.0,0.0,0.0,0.0,0.0,36.8625,10.1956,5.0,1.0,1.0,0.0,1020923.2245882354,917271.3972689076,False,False,True,True,False,False,False,True,True,False
930000.0,530.0,12.0,5.0,1.0,0.0,0.0,1.0,0.0,36.8332,10.1385,9.0,1.0,1.0,0.0,1177994.243076923,783799.5456266907,False,False,True,True,False,False,True,False,True,False
500000.0,152.0,11.0,5.0,1.0,0.0,1.0,1.0,0.0,36.8534,10.2505,6.0,1.0,0.0,0.0,1578293.3970945948,1449446.8968031188,False,False,True,True,False,False,False,True,True,False
1450000.0,642.0,10.0,4.0,0.0,0.0,1.0,1.0,0.0,35.8561,10.6073,6.0,1.0,1.0,0.0,809528.7390138675,783799.5456266907,False,False,True,True,False,False,True,False,True,False
130000.0,120.0,4.0,1.0,0.0,0.0,0.0,0.0,0.0,36.5772,10.3425,3.0,0.0,0.0,0.0,747303.2021052631,831885.7976100629,False,False,True,True,False,False,False,True,True,False
450000.0,260.0,5.0,2.0,1.0,0.0,0.0,0.0,0.0,36.8356,10.2159,3.0,0.0,1.0,0.0,528091.5136842105,783799.5456266907,False,True,False,True,False,False,True,False,True,False
950000.0,600.0,10.0,6.0,1.0,1.0,1.0,1.0,0.0,36.8188,10.166,10.0,1.0,1.0,0.0,1047495.4257471263,1449446.8968031188,False,False,True,True,False,False,False,True,True,False
435000.0,94.0,3.0,2.0,1.0,1.0,1.0,0.0,0.0,36.8493,11.0918,2.0,1.0,1.0,0.0,451934.8628125,783799.5456266907,True,False,False,True,False,False,True,False,True,False
645000.0,300.0,11.0,4.0,1.0,0.0,1.0,0.0,0.0,33.8667,10.85,5.0,1.0,1.0,0.0,1011828.5111111111,917271.3972689076,False,False,True,True,False,False,False,True,True,False
1200000.0,610.0,5.0,1.0,0.0,0.0,0.0,0.0,0.0,36.8452,10.1647,3.0,0.0,0.0,0.0,1177994.243076923,783799.5456266907,False,False,True,True,False,False,True,False,True,False
310000.0,250.0,5.0,2.0,1.0,0.0,0.0,0.0,0.0,36.9517,10.1756,4.0,1.0,1.0,0.0,499150.58999999997,917271.3972689076,False,True,False,True,False,False,False,True,True,False
880000.0,430.0,5.0,1.0,0.0,0.0,0.0,0.0,0.0,36.8145,10.1345,6.0,1.0,0.0,0.0,694850.0507317072,1449446.8968031188,False,True,False,True,False,False,False,True,True,False
2500000.0,547.0,6.0,3.0,1.0,0.0,1.0,1.0,0.0,36.8452,10.1647,2.0,1.0,1.0,1.0,1177994.243076923,783799.5456266907,False,False,True,True,False,False,True,False,True,False
1500000.0,500.0,4.0,2.0,1.0,1.0,1.0,1.0,1.0,36.4011,10.6146,4.0,1.0,1.0,1.0,809528.7390138675,783799.5456266907,False,False,True,True,False,False,True,False,True,False
1100000.0,220.0,5.0,4.0,1.0,0.0,1.0,1.0,1.0,36.4011,10.6146,4.0,0.0,0.0,1.0,809528.7390138675,783799.5456266907,False,False,True,True,False,False,True,False,True,False
600000.0,500.0,5.0,2.0,1.0,0.0,1.0,1.0,0.0,36.7736,10.1821,5.0,0.0,1.0,0.0,528091.5136842105,783799.5456266907,False,True,False,True,False,False,True,False,True,False
230000.0,192.0,5.0,3.0,1.0,0.0,0.0,0.0,0.0,36.9032,10.1804,9.0,0.0,1.0,0.0,499150.58999999997,917271.3972689076,False,True,False,True,False,False,False,True,True,False
580000.0,556.0,11.0,1.0,0.0,0.0,0.0,0.0,0.0,37.1303,9.7507,7.0,0.0,1.0,1.0,513185.1669565218,534121.1009677419,False,True,False,True,False,True,False,False,True,False
650000.0,300.0,4.0,2.0,1.0,1.0,1.0,0.0,0.0,36.4011,10.6146,4.0,1.0,1.0,1.0,809528.7390138675,783799.5456266907,False,False,True,True,False,False,True,False,True,False
2000000.0,462.0,5.0,3.0,0.0,0.0,0.0,1.0,0.0,36.8625,10.1956,5.0,1.0,1.0,0.0,1020923.2245882354,917271.3972689076,False,False,True,True,False,False,False,True,True,False
460000.0,400.0,4.0,4.0,1.0,0.0,0.0,0.0,0.0,33.8076,10.8451,3.0,1.0,0.0,1.0,556674.2993630574,580727.7766850828,False,True,False,True,False,False,True,False,True,False
170000.0,168.0,3.0,2.0,1.0,0.0,0.0,0.0,0.0,36.8493,11.0918,2.0,0.0,0.0,0.0,451934.8628125,783799.5456266907,True,False,False,True,False,False,True,False,True,False
1280000.0,370.0,4.0,1.0,0.0,0.0,0.0,0.0,0.0,36.8833,10.25,4.0,0.0,1.0,1.0,1011828.5111111111,917271.3972689076,False,False,True,True,False,False,False,True,True,False
250000.0,140.0,4.0,1.0,1.0,0.0,0.0,0.0,0.0,37.1303,9.7507,3.0,0.0,0.0,0.0,513185.1669565218,534121.1009677419,False,True,False,True,False,True,False,False,True,False
480000.0,780.0,6.0,2.0,1.0,0.0,1.0,0.0,0.0,37.2464,10.0469,4.0,1.0,1.0,0.0,530909.0909090909,534121.1009677419,False,True,False,True,False,True,False,False,True,False
220000.0,300.0,3.0,1.0,0.0,0.0,0.0,0.0,0.0,37.1303,9.7507,2.0,1.0,0.0,0.0,437142.85714285716,534121.1009677419,True,False,False,True,False,True,False,False,True,False
340000.0,180.0,4.0,2.0,0.0,0.0,1.0,1.0,0.0,36.8764,10.3253,3.0,0.0,0.0,0.0,1578293.3970945948,1449446.8968031188,False,False,True,True,False,False,False,True,True,False
950000.0,800.0,5.0,3.0,1.0,1.0,1.0,1.0,1.0,36.4011,10.6146,5.0,1.0,1.0,1.0,809528.7390138675,783799.5456266907,False,False,True,True,False,False,True,False,True,False
1300000.0,290.0,6.0,1.0,1.0,0.0,0.0,1.0,0.0,36.8764,10.3253,5.0,1.0,1.0,0.0,1578293.3970945948,1449446.8968031188,False,False,True,True,False,False,False,True,True,False
980000.0,705.0,8.0,3.0,1.0,1.0,1.0,1.0,1.0,36.7165,10.3743,5.0,1.0,1.0,0.0,736411.7647058824,831885.7976100629,False,True,False,True,False,False,False,True,True,False
320000.0,300.0,4.0,2.0,1.0,0.0,0.0,0.0,0.0,36.9827,11.069,3.0,0.0,1.0,0.0,451934.8628125,783799.5456266907,True,False,False,True,False,False,True,False,True,False
670000.0,204.0,4.0,2.0,0.0,0.0,1.0,0.0,0.0,36.4011,10.6146,4.0,0.0,1.0,1.0,809528.7390138675,783799.5456266907,False,False,True,True,False,False,True,False,True,False
400000.0,630.0,6.0,1.0,1.0,0.0,0.0,0.0,0.0,37.1303,9.7507,5.0,0.0,0.0,0.0,513185.1669565218,534121.1009677419,False,True,False,True,False,True,False,False,True,False
300000.0,200.0,2.0,1.0,1.0,0.0,0.0,0.0,0.0,36.4011,10.6146,2.0,0.0,0.0,0.0,809528.7390138675,783799.5456266907,False,False,True,True,False,False,True,False,True,False
350000.0,133.0,2.0,2.0,0.0,1.0,1.0,0.0,0.0,33.8725,10.8601,2.0,0.0,1.0,0.0,1011828.5111111111,917271.3972689076,False,False,True,True,False,False,False,True,True,False
2300000.0,855.0,7.0,3.0,1.0,0.0,0.0,0.0,0.0,36.8452,10.1647,6.0,1.0,1.0,0.0,1542012.4593548388,831885.7976100629,False,False,True,True,False,False,False,True,True,False
620000.0,300.0,4.0,3.0,1.0,0.0,1.0,1.0,1.0,36.6939,10.2622,4.0,1.0,1.0,0.0,614259.2592592592,831885.7976100629,False,True,False,True,False,False,False,True,True,False
250000.0,320.0,3.0,1.0,1.0,0.0,0.0,0.0,0.0,36.4011,10.6146,3.0,0.0,1.0,0.0,809528.7390138675,783799.5456266907,False,False,True,True,False,False,True,False,True,False
550000.0,300.0,3.0,1.0,0.0,0.0,0.0,0.0,0.0,36.4011,10.6146,3.0,0.0,1.0,0.0,809528.7390138675,783799.5456266907,False,False,True,True,False,False,True,False,True,False
1200000.0,200.0,3.0,2.0,0.0,0.0,1.0,1.0,1.0,36.3981,10.6101,3.0,0.0,1.0,0.0,809528.7390138675,783799.5456266907,False,False,True,True,False,False,True,False,True,False
340000.0,90.0,3.0,1.0,1.0,0.0,0.0,0.0,0.0,37.1303,9.7507,2.0,0.0,0.0,0.0,513185.1669565218,534121.1009677419,False,True,False,True,False,True,False,False,True,False
1250000.0,500.0,5.0,4.0,1.0,0.0,1.0,1.0,1.0,36.4011,10.6146,5.0,1.0,1.0,1.0,809528.7390138675,783799.5456266907,False,False,True,True,False,False,True,False,True,False
120000.0,223.0,4.0,1.0,1.0,0.0,0.0,0.0,0.0,37.05,11.0167,3.0,1.0,0.0,0.0,528091.5136842105,783799.5456266907,False,True,False,True,False,False,True,False,True,False
210000.0,150.0,7.0,2.0,1.0,0.0,0.0,0.0,0.0,36.4011,10.6146,3.0,0.0,0.0,1.0,809528.7390138675,783799.5456266907,False,False,True,True,False,False,True,False,True,False
150000.0,110.0,4.0,1.0,1.0,0.0,0.0,0.0,0.0,37.1303,9.7507,3.0,0.0,0.0,0.0,513185.1669565218,534121.1009677419,False,True,False,True,False,True,False,False,True,False
800000.0,569.0,3.0,1.0,1.0,0.0,0.0,0.0,0.0,37.272,9.8708,2.0,1.0,1.0,0.0,513185.1669565218,534121.1009677419,False,True,False,True,False,True,False,False,True,False
680000.0,600.0,5.0,1.0,1.0,0.0,1.0,1.0,1.0,36.4011,10.6146,5.0,0.0,0.0,1.0,809528.7390138675,783799.5456266907,False,False,True,True,False,False,True,False,True,False
500000.0,140.0,12.0,4.0,0.0,0.0,1.0,1.0,0.0,36.1353,10.3808,6.0,1.0,0.0,0.0,500000.0,927922.7543356643,False,True,False,False,True,False,False,True,True,False
320000.0,270.0,7.0,2.0,1.0,0.0,0.0,0.0,0.0,37.0499,11.0214,4.0,1.0,0.0,0.0,451934.8628125,783799.5456266907,True,False,False,True,False,False,True,False,True,False
180000.0,248.0,4.0,1.0,0.0,0.0,0.0,0.0,0.0,35.8534,10.6073,3.0,0.0,0.0,0.0,809528.7390138675,783799.5456266907,False,False,True,True,False,False,True,False,True,False
2800000.0,831.0,8.0,4.0,1.0,1.0,1.0,1.0,1.0,35.8569,10.5972,7.0,1.0,1.0,0.0,1015812.9829508197,927922.7543356643,False,False,True,True,False,False,False,True,True,False
380000.0,535.0,4.0,1.0,0.0,0.0,1.0,1.0,1.0,36.9544,10.1914,3.0,1.0,1.0,0.0,499150.58999999997,917271.3972689076,False,True,False,True,False,False,False,True,True,False
1350000.0,525.0,4.0,2.0,1.0,1.0,1.0,1.0,0.0,35.8256,10.6084,4.0,0.0,1.0,0.0,1015812.9829508197,927922.7543356643,False,False,True,True,False,False,False,True,True,False
600000.0,500.0,4.0,1.0,1.0,0.0,1.0,1.0,0.0,35.8569,10.5972,3.0,1.0,1.0,0.0,1015812.9829508197,927922.7543356643,False,False,True,True,False,False,False,True,True,False
1300000.0,330.0,5.0,1.0,0.0,0.0,0.0,0.0,0.0,36.8625,10.1956,3.0,1.0,1.0,1.0,1020923.2245882354,917271.3972689076,False,False,True,True,False,False,False,True,True,False
550000.0,300.0,3.0,1.0,1.0,0.0,1.0,0.0,0.0,36.4011,10.6146,3.0,0.0,1.0,1.0,809528.7390138675,783799.5456266907,False,False,True,True,False,False,True,False,True,False
450000.0,237.0,5.0,2.0,1.0,0.0,0.0,1.0,0.0,36.8625,10.1956,3.0,1.0,0.0,0.0,1020923.2245882354,917271.3972689076,False,False,True,True,False,False,False,True,True,False
4000000.0,750.0,5.0,4.0,1.0,1.0,1.0,1.0,0.0,36.8764,10.3253,3.0,1.0,1.0,1.0,1578293.3970945948,1449446.8968031188,False,False,True,True,False,False,False,True,True,False
650000.0,500.0,5.0,2.0,1.0,0.0,1.0,1.0,1.0,36.7426,10.2018,3.0,1.0,1.0,0.0,559271.8892307692,831885.7976100629,False,True,False,True,False,False,False,True,True,False
1300000.0,600.0,5.0,4.0,1.0,0.0,1.0,1.0,1.0,36.8965,10.218,5.0,1.0,1.0,0.0,1011828.5111111111,917271.3972689076,False,False,True,True,False,False,False,True,True,False
490000.0,180.0,6.0,2.0,1.0,0.0,1.0,1.0,1.0,36.8188,10.166,5.0,0.0,1.0,0.0,537322.9179591837,537322.9179591837,False,True,False,True,False,False,True,False,True,False
470000.0,200.0,3.0,1.0,1.0,0.0,0.0,0.0,0.0,36.8493,11.0918,2.0,0.0,1.0,0.0,451934.8628125,783799.5456266907,True,False,False,True,False,False,True,False,True,False
980000.0,367.0,6.0,3.0,1.0,0.0,1.0,1.0,1.0,36.8452,10.1647,5.0,0.0,0.0,0.0,1177994.243076923,783799.5456266907,False,False,True,True,False,False,True,False,True,False
830000.0,650.0,3.0,3.0,1.0,0.0,0.0,0.0,0.0,33.8076,10.8451,3.0,1.0,1.0,1.0,556674.2993630574,580727.7766850828,False,True,False,True,False,False,True,False,True,False
380000.0,200.0,4.0,2.0,1.0,0.0,1.0,1.0,0.0,36.7891,10.8955,4.0,0.0,1.0,0.0,416750.0,416750.0,True,False,False,True,False,True,False,False,True,False
3200000.0,500.0,5.0,2.0,1.0,1.0,1.0,1.0,0.0,35.8569,10.5972,5.0,1.0,1.0,1.0,1015812.9829508197,927922.7543356643,False,False,True,True,False,False,False,True,True,False
370000.0,280.0,6.0,2.0,1.0,0.0,0.0,0.0,0.0,35.8323,10.5852,5.0,0.0,0.0,0.0,552642.1685714285,927922.7543356643,False,True,False,True,False,False,False,True,True,False
850000.0,400.0,5.0,1.0,1.0,0.0,0.0,0.0,1.0,36.8883,10.2742,5.0,0.0,1.0,1.0,1011828.5111111111,917271.3972689076,False,False,True,True,False,False,False,True,True,False
87000.0,80.0,4.0,1.0,0.0,0.0,0.0,0.0,0.0,35.8244,10.6327,3.0,0.0,0.0,0.0,1015812.9829508197,927922.7543356643,False,False,True,True,False,False,False,True,True,False
780000.0,250.0,7.0,2.0,1.0,1.0,1.0,1.0,0.0,36.4506,10.735,6.0,1.0,0.0,0.0,994136.9111340205,783799.5456266907,False,False,True,True,False,False,True,False,True,False
1350000.0,300.0,4.0,3.0,1.0,0.0,1.0,1.0,1.0,36.8965,10.218,3.0,1.0,1.0,1.0,1011828.5111111111,917271.3972689076,False,False,True,True,False,False,False,True,True,False
1200000.0,550.0,4.0,4.0,0.0,0.0,0.0,0.0,0.0,36.8625,10.1956,4.0,1.0,1.0,0.0,1020923.2245882354,917271.3972689076,False,False,True,True,False,False,False,True,True,False
295000.0,97.0,4.0,1.0,0.0,0.0,0.0,0.0,0.0,36.8188,10.166,6.0,0.0,0.0,0.0,1020923.2245882354,917271.3972689076,False,False,True,True,False,False,False,True,True,False
1020000.0,442.0,5.0,1.0,1.0,0.0,0.0,0.0,0.0,36.7754,10.1915,6.0,1.0,1.0,0.0,1047495.4257471263,1449446.8968031188,False,False,True,True,False,False,False,True,True,False
1300000.0,422.0,7.0,3.0,0.0,1.0,1.0,1.0,0.0,36.0301,10.5079,5.0,1.0,1.0,1.0,847410.6436363637,927922.7543356643,False,False,True,True,False,False,False,True,True,False
200000.0,189.0,3.0,2.0,0.0,0.0,1.0,1.0,0.0,36.4011,10.6146,3.0,0.0,0.0,0.0,809528.7390138675,783799.5456266907,False,False,True,True,False,False,True,False,True,False
830000.0,300.0,5.0,3.0,1.0,0.0,1.0,1.0,0.0,36.8833,10.25,3.0,1.0,1.0,0.0,1011828.5111111111,917271.3972689076,False,False,True,True,False,False,False,True,True,False
749000.0,446.0,5.0,2.0,1.0,0.0,0.0,0.0,0.0,33.8076,10.8451,3.0,1.0,1.0,1.0,556674.2993630574,580727.7766850828,False,True,False,True,False,False,True,False,True,False
750000.0,132.0,4.0,1.0,0.0,0.0,1.0,1.0,1.0,36.6028,10.5045,3.0,1.0,1.0,0.0,750000.0,783799.5456266907,False,False,True,False,True,False,True,False,True,False
660000.0,550.0,5.0,2.0,0.0,0.0,0.0,0.0,0.0,36.4011,10.6146,4.0,0.0,1.0,1.0,809528.7390138675,783799.5456266907,False,False,True,True,False,False,True,False,True,False
980000.0,379.0,5.0,5.0,1.0,0.0,1.0,1.0,1.0,36.4011,10.6146,4.0,0.0,1.0,1.0,809528.7390138675,783799.5456266907,False,False,True,True,False,False,True,False,True,False
1490000.0,640.0,9.0,3.0,1.0,0.0,1.0,1.0,0.0,36.8452,10.1647,4.0,1.0,1.0,0.0,1177994.243076923,783799.5456266907,False,False,True,True,False,False,True,False,True,False
300000.0,520.0,4.0,1.0,1.0,0.0,0.0,0.0,0.0,36.4011,10.6146,3.0,0.0,1.0,1.0,809528.7390138675,783799.5456266907,False,False,True,True,False,False,True,False,True,False
250000.0,250.0,4.0,2.0,0.0,0.0,0.0,0.0,0.0,36.4011,10.6146,3.0,0.0,1.0,0.0,809528.7390138675,783799.5456266907,False,False,True,True,False,False,True,False,True,False
700000.0,500.0,5.0,2.0,1.0,0.0,0.0,0.0,0.0,36.8493,11.0918,4.0,1.0,1.0,0.0,451934.8628125,783799.5456266907,True,False,False,True,False,False,True,False,True,False
1350000.0,825.0,6.0,4.0,1.0,0.0,1.0,1.0,0.0,36.4011,10.6146,4.0,1.0,1.0,1.0,809528.7390138675,783799.5456266907,False,False,True,True,False,False,True,False,True,False
580000.0,500.0,4.0,2.0,1.0,0.0,0.0,0.0,0.0,36.4011,10.6146,3.0,1.0,1.0,1.0,809528.7390138675,783799.5456266907,False,False,True,True,False,False,True,False,True,False
450000.0,500.0,4.0,2.0,1.0,1.0,1.0,0.0,1.0,33.8076,10.8451,3.0,1.0,1.0,1.0,556674.2993630574,580727.7766850828,False,True,False,True,False,False,True,False,True,False
2200000.0,530.0,5.0,6.0,1.0,0.0,0.0,1.0,0.0,36.8833,10.25,6.0,1.0,1.0,1.0,1011828.5111111111,917271.3972689076,False,False,True,True,False,False,False,True,True,False
160000.0,156.0,5.0,1.0,1.0,0.0,0.0,0.0,0.0,36.8493,11.0918,2.0,0.0,0.0,0.0,451934.8628125,783799.5456266907,True,False,False,True,False,False,True,False,True,False
1250000.0,420.0,5.0,2.0,1.0,0.0,0.0,0.0,0.0,36.8316,10.1641,4.0,1.0,1.0,0.0,1542012.4593548388,831885.7976100629,False,False,True,True,False,False,False,True,True,False
250000.0,120.0,5.0,3.0,0.0,0.0,0.0,0.0,0.0,36.8764,10.3253,4.0,0.0,0.0,0.0,1578293.3970945948,1449446.8968031188,False,False,True,True,False,False,False,True,True,False
2000000.0,520.0,5.0,2.0,1.0,0.0,1.0,1.0,0.0,36.8764,10.3253,3.0,1.0,1.0,0.0,1578293.3970945948,1449446.8968031188,False,False,True,True,False,False,False,True,True,False
1800000.0,500.0,12.0,5.0,1.0,0.0,1.0,1.0,1.0,36.8452,10.1647,9.0,1.0,1.0,0.0,1177994.243076923,783799.5456266907,False,False,True,True,False,False,True,False,True,False
780000.0,620.0,4.0,1.0,0.0,0.0,1.0,0.0,0.0,36.4011,10.6146,2.0,0.0,1.0,1.0,809528.7390138675,783799.5456266907,False,False,True,True,False,False,True,False,True,False
1100000.0,470.0,8.0,4.0,0.0,0.0,0.0,0.0,0.0,36.8764,10.3253,6.0,0.0,0.0,0.0,1578293.3970945948,1449446.8968031188,False,False,True,True,False,False,False,True,True,False
800000.0,511.0,7.0,3.0,1.0,0.0,0.0,1.0,1.0,36.6939,10.2622,5.0,1.0,0.0,0.0,614259.2592592592,831885.7976100629,False,True,False,True,False,False,False,True,True,False
980000.0,530.0,10.0,2.0,1.0,0.0,0.0,0.0,0.0,36.6939,10.2622,8.0,1.0,0.0,0.0,906315.7894736842,831885.7976100629,False,False,True,True,False,False,False,True,True,False
640000.0,270.0,4.0,2.0,1.0,0.0,1.0,1.0,1.0,36.9544,10.1914,3.0,1.0,1.0,0.0,499150.58999999997,917271.3972689076,False,True,False,True,False,False,False,True,True,False
265000.0,197.0,4.0,1.0,1.0,0.0,0.0,0.0,0.0,33.8076,10.8451,2.0,0.0,0.0,0.0,556674.2993630574,580727.7766850828,False,True,False,True,False,False,True,False,True,False
900000.0,220.0,4.0,2.0,1.0,1.0,1.0,1.0,0.0,36.4011,10.6146,3.0,1.0,1.0,1.0,809528.7390138675,783799.5456266907,False,False,True,True,False,False,True,False,True,False
500000.0,444.0,4.0,1.0,0.0,0.0,1.0,0.0,0.0,34.4193,8.7846,4.0,1.0,1.0,1.0,676666.6666666666,488000.0,False,True,False,True,False,True,False,False,True,False
610000.0,450.0,4.0,2.0,1.0,0.0,0.0,0.0,0.0,33.8667,10.85,3.0,1.0,1.0,1.0,1011828.5111111111,917271.3972689076,False,False,True,True,False,False,False,True,True,False
2800000.0,720.0,8.0,2.0,0.0,0.0,1.0,1.0,0.0,35.8569,10.5972,5.0,1.0,0.0,1.0,1015812.9829508197,927922.7543356643,False,False,True,True,False,False,False,True,True,False
845000.0,345.0,5.0,2.0,1.0,0.0,0.0,0.0,0.0,36.4011,10.6146,4.0,0.0,0.0,1.0,809528.7390138675,783799.5456266907,False,False,True,True,False,False,True,False,True,False
800000.0,402.0,4.0,2.0,1.0,0.0,0.0,0.0,0.0,36.532,10.1048,3.0,1.0,1.0,0.0,499150.58999999997,917271.3972689076,False,True,False,True,False,False,False,True,True,False
265000.0,129.0,6.0,1.0,1.0,0.0,0.0,0.0,0.0,36.8493,11.0918,2.0,1.0,0.0,0.0,451934.8628125,783799.5456266907,True,False,False,True,False,False,True,False,True,False
1250000.0,236.0,5.0,4.0,1.0,0.0,1.0,1.0,1.0,36.8883,10.2742,5.0,1.0,0.0,1.0,1011828.5111111111,917271.3972689076,False,False,True,True,False,False,False,True,True,False
490000.0,280.0,4.0,1.0,0.0,0.0,0.0,0.0,0.0,36.4011,10.6146,3.0,1.0,1.0,0.0,809528.7390138675,783799.5456266907,False,False,True,True,False,False,True,False,True,False
630000.0,269.0,2.0,1.0,1.0,0.0,1.0,1.0,1.0,36.4506,10.735,2.0,0.0,1.0,0.0,994136.9111340205,783799.5456266907,False,False,True,True,False,False,True,False,True,False
700000.0,540.0,5.0,1.0,1.0,0.0,1.0,1.0,1.0,35.7678,10.8225,3.0,1.0,1.0,0.0,925293.5079999999,641574.9720430108,False,False,True,True,False,False,True,False,True,False
320000.0,184.0,5.0,2.0,1.0,0.0,0.0,0.0,0.0,36.4011,10.6146,4.0,0.0,0.0,1.0,809528.7390138675,783799.5456266907,False,False,True,True,False,False,True,False,True,False
220000.0,160.0,5.0,1.0,1.0,0.0,0.0,0.0,0.0,36.8714,10.2163,2.0,1.0,1.0,0.0,1011828.5111111111,917271.3972689076,False,False,True,True,False,False,False,True,True,False
1700000.0,340.0,6.0,5.0,1.0,1.0,1.0,1.0,0.0,36.4506,10.735,5.0,0.0,0.0,1.0,994136.9111340205,783799.5456266907,False,False,True,True,False,False,True,False,True,False
375000.0,311.0,6.0,3.0,1.0,0.0,0.0,0.0,0.0,36.4011,10.6146,4.0,1.0,0.0,0.0,809528.7390138675,783799.5456266907,False,False,True,True,False,False,True,False,True,False
200000.0,96.0,2.0,1.0,1.0,0.0,1.0,1.0,0.0,36.4842,10.7526,2.0,0.0,0.0,0.0,300000.0,783799.5456266907,True,False,False,True,False,False,True,False,True,False
820000.0,173.0,6.0,1.0,1.0,0.0,0.0,0.0,0.0,36.4011,10.6146,3.0,1.0,0.0,0.0,809528.7390138675,783799.5456266907,False,False,True,True,False,False,True,False,True,False
300000.0,300.0,4.0,2.0,1.0,0.0,0.0,0.0,0.0,36.4011,10.6146,3.0,1.0,1.0,1.0,809528.7390138675,783799.5456266907,False,False,True,True,False,False,True,False,True,False
420000.0,400.0,4.0,2.0,0.0,0.0,1.0,0.0,0.0,36.4011,10.6146,3.0,0.0,1.0,0.0,809528.7390138675,783799.5456266907,False,False,True,True,False,False,True,False,True,False
780000.0,430.0,5.0,3.0,1.0,0.0,0.0,0.0,0.0,36.4011,10.6146,4.0,0.0,1.0,1.0,809528.7390138675,783799.5456266907,False,False,True,True,False,False,True,False,True,False
490000.0,88.0,4.0,3.0,1.0,0.0,0.0,1.0,0.0,36.4011,10.6146,3.0,0.0,0.0,0.0,809528.7390138675,783799.5456266907,False,False,True,True,False,False,True,False,True,False
1100000.0,400.0,5.0,2.0,1.0,0.0,1.0,1.0,1.0,36.4011,10.6146,4.0,0.0,1.0,1.0,809528.7390138675,783799.5456266907,False,False,True,True,False,False,True,False,True,False
245000.0,250.0,4.0,1.0,0.0,0.0,0.0,0.0,0.0,36.4011,10.6146,3.0,0.0,1.0,0.0,809528.7390138675,783799.5456266907,False,False,True,True,False,False,True,False,True,False
1100000.0,347.0,9.0,3.0,1.0,0.0,0.0,1.0,0.0,36.4011,10.6146,4.0,0.0,1.0,1.0,809528.7390138675,783799.5456266907,False,False,True,True,False,False,True,False,True,False
780000.0,740.0,4.0,4.0,1.0,0.0,0.0,0.0,0.0,36.4011,10.6146,3.0,0.0,1.0,1.0,809528.7390138675,783799.5456266907,False,False,True,True,False,False,True,False,True,False
2166000.0,367.0,5.0,1.0,1.0,0.0,0.0,0.0,0.0,36.8333,10.3167,4.0,1.0,0.0,1.0,1416795.7877419356,1449446.8968031188,False,False,True,True,False,False,False,True,True,False
920000.0,443.0,2.0,2.0,1.0,0.0,1.0,1.0,1.0,36.6939,10.2622,6.0,1.0,1.0,0.0,614259.2592592592,831885.7976100629,False,True,False,True,False,False,False,True,True,False
600000.0,550.0,3.0,1.0,1.0,0.0,1.0,1.0,0.0,35.87,10.57,3.0,1.0,1.0,0.0,1026490.2244999999,927922.7543356643,False,False,True,True,False,False,False,True,True,False
990000.0,450.0,4.0,3.0,1.0,0.0,0.0,0.0,1.0,36.4011,10.6146,4.0,0.0,0.0,1.0,809528.7390138675,783799.5456266907,False,False,True,True,False,False,True,False,True,False
1680000.0,644.0,8.0,4.0,1.0,0.0,0.0,1.0,1.0,36.8452,10.1647,8.0,1.0,1.0,0.0,1177994.243076923,783799.5456266907,False,False,True,True,False,False,True,False,True,False
460000.0,430.0,2.0,2.0,1.0,0.0,1.0,1.0,0.0,36.4011,10.6146,3.0,0.0,1.0,0.0,809528.7390138675,783799.5456266907,False,False,True,True,False,False,True,False,True,False
330000.0,170.0,4.0,3.0,1.0,0.0,0.0,0.0,0.0,36.4011,10.6146,3.0,0.0,1.0,0.0,809528.7390138675,783799.5456266907,False,False,True,True,False,False,True,False,True,False
830000.0,750.0,6.0,1.0,1.0,0.0,1.0,1.0,0.0,36.4011,10.6146,3.0,0.0,1.0,1.0,809528.7390138675,783799.5456266907,False,False,True,True,False,False,True,False,True,False
2200000.0,600.0,5.0,2.0,1.0,1.0,1.0,1.0,0.0,36.8764,10.3253,6.0,0.0,1.0,0.0,1578293.3970945948,1449446.8968031188,False,False,True,True,False,False,False,True,True,False
1600000.0,560.0,6.0,2.0,1.0,1.0,1.0,1.0,1.0,36.4011,10.6146,6.0,1.0,1.0,1.0,809528.7390138675,783799.5456266907,False,False,True,True,False,False,True,False,True,False
1000000.0,227.0,4.0,1.0,0.0,0.0,0.0,0.0,0.0,36.8833,10.25,5.0,1.0,0.0,1.0,1011828.5111111111,917271.3972689076,False,False,True,True,False,False,False,True,True,False
1850000.0,905.0,6.0,3.0,1.0,0.0,0.0,1.0,0.0,35.79,10.56,5.0,1.0,0.0,0.0,1876666.6666666667,534121.1009677419,False,False,True,True,False,True,False,False,True,False
1750000.0,723.0,6.0,3.0,1.0,0.0,1.0,1.0,0.0,36.8942,10.2762,5.0,1.0,1.0,1.0,1578293.3970945948,1449446.8968031188,False,False,True,True,False,False,False,True,True,False
680000.0,500.0,2.0,3.0,0.0,0.0,1.0,1.0,1.0,36.5022,10.1908,4.0,0.0,1.0,0.0,2180444.6730612246,1449446.8968031188,False,False,True,True,False,False,False,True,True,False
480000.0,235.0,3.0,2.0,1.0,0.0,1.0,1.0,1.0,36.4011,10.6146,3.0,0.0,0.0,0.0,809528.7390138675,783799.5456266907,False,False,True,True,False,False,True,False,True,False
330000.0,256.0,3.0,2.0,0.0,1.0,1.0,0.0,0.0,36.4011,10.6146,3.0,0.0,1.0,0.0,809528.7390138675,783799.5456266907,False,False,True,True,False,False,True,False,True,False
1150000.0,350.0,5.0,3.0,1.0,0.0,1.0,1.0,1.0,36.8764,10.3253,4.0,1.0,0.0,0.0,1578293.3970945948,1449446.8968031188,False,False,True,True,False,False,False,True,True,False
2700000.0,530.0,5.0,4.0,1.0,0.0,1.0,1.0,1.0,36.8452,10.1647,4.0,1.0,1.0,1.0,1542012.4593548388,831885.7976100629,False,False,True,True,False,False,False,True,True,False
220000.0,103.0,2.0,1.0,0.0,0.0,0.0,0.0,0.0,36.9544,10.1914,3.0,0.0,0.0,0.0,499150.58999999997,917271.3972689076,False,True,False,True,False,False,False,True,True,False
260000.0,420.0,6.0,4.0,0.0,0.0,0.0,0.0,0.0,33.8667,10.85,5.0,1.0,1.0,1.0,1011828.5111111111,917271.3972689076,False,False,True,True,False,False,False,True,True,False
320000.0,176.0,4.0,1.0,0.0,0.0,0.0,0.0,0.0,35.8569,10.5972,4.0,0.0,0.0,0.0,1015812.9829508197,927922.7543356643,False,False,True,True,False,False,False,True,True,False
970000.0,300.0,7.0,2.0,1.0,0.0,1.0,1.0,1.0,36.8833,10.25,3.0,0.0,1.0,1.0,1011828.5111111111,917271.3972689076,False,False,True,True,False,False,False,True,True,False
990000.0,418.0,11.0,5.0,1.0,0.0,0.0,0.0,0.0,36.4011,10.6146,4.0,0.0,1.0,1.0,809528.7390138675,783799.5456266907,False,False,True,True,False,False,True,False,True,False
450000.0,250.0,2.0,4.0,0.0,0.0,0.0,0.0,1.0,36.8147,10.1558,6.0,1.0,1.0,0.0,1177994.243076923,783799.5456266907,False,False,True,True,False,False,True,False,True,False
780000.0,507.0,8.0,2.0,1.0,0.0,0.0,0.0,0.0,36.4011,10.6146,3.0,0.0,1.0,1.0,809528.7390138675,783799.5456266907,False,False,True,True,False,False,True,False,True,False
590000.0,330.0,8.0,4.0,1.0,0.0,1.0,1.0,1.0,36.6939,10.2622,5.0,0.0,1.0,0.0,614259.2592592592,831885.7976100629,False,True,False,True,False,False,False,True,True,False
990000.0,450.0,10.0,4.0,1.0,0.0,0.0,0.0,0.0,36.4011,10.6146,4.0,0.0,1.0,1.0,809528.7390138675,783799.5456266907,False,False,True,True,False,False,True,False,True,False
850000.0,277.0,5.0,3.0,1.0,0.0,1.0,1.0,1.0,36.4011,10.6146,4.0,1.0,1.0,1.0,809528.7390138675,783799.5456266907,False,False,True,True,False,False,True,False,True,False
645000.0,300.0,11.0,4.0,1.0,0.0,1.0,0.0,0.0,33.8667,10.85,5.0,1.0,0.0,0.0,1011828.5111111111,917271.3972689076,False,False,True,True,False,False,False,True,True,False
1630000.0,486.0,11.0,3.0,1.0,0.0,1.0,1.0,0.0,35.8569,10.5972,5.0,1.0,1.0,0.0,1015812.9829508197,927922.7543356643,False,False,True,True,False,False,False,True,True,False
650000.0,250.0,3.0,2.0,1.0,0.0,1.0,1.0,1.0,36.4011,10.6146,3.0,0.0,1.0,1.0,809528.7390138675,783799.5456266907,False,False,True,True,False,False,True,False,True,False
2200000.0,253.0,3.0,1.0,0.0,0.0,0.0,0.0,0.0,36.8764,10.3253,4.0,1.0,1.0,1.0,1578293.3970945948,1449446.8968031188,False,False,True,True,False,False,False,True,True,False
3200000.0,638.0,4.0,3.0,0.0,0.0,0.0,0.0,1.0,36.8764,10.3253,3.0,1.0,1.0,1.0,1578293.3970945948,1449446.8968031188,False,False,True,True,False,False,False,True,True,False
670000.0,605.0,2.0,4.0,1.0,0.0,1.0,1.0,1.0,36.4011,10.6146,5.0,0.0,1.0,1.0,809528.7390138675,783799.5456266907,False,False,True,True,False,False,True,False,True,False
1000000.0,600.0,8.0,4.0,0.0,0.0,0.0,0.0,0.0,36.8147,10.1558,6.0,0.0,0.0,0.0,1177994.243076923,783799.5456266907,False,False,True,True,False,False,True,False,True,False
1200000.0,380.0,6.0,4.0,1.0,0.0,1.0,0.0,1.0,35.8054,10.5956,11.0,1.0,1.0,0.0,1015812.9829508197,927922.7543356643,False,False,True,True,False,False,False,True,True,False
1100000.0,350.0,2.0,3.0,1.0,0.0,0.0,1.0,0.0,36.4011,10.6146,4.0,0.0,1.0,1.0,809528.7390138675,783799.5456266907,False,False,True,True,False,False,True,False,True,False
1150000.0,297.0,4.0,3.0,1.0,1.0,1.0,1.0,1.0,36.4011,10.6146,4.0,1.0,1.0,1.0,809528.7390138675,783799.5456266907,False,False,True,True,False,False,True,False,True,False
840000.0,300.0,4.0,3.0,0.0,0.0,1.0,1.0,0.0,36.8833,10.25,3.0,0.0,1.0,0.0,1011828.5111111111,917271.3972689076,False,False,True,True,False,False,False,True,True,False
880000.0,258.0,5.0,3.0,0.0,0.0,0.0,0.0,0.0,36.8833,10.25,4.0,0.0,0.0,0.0,1011828.5111111111,917271.3972689076,False,False,True,True,False,False,False,True,True,False
360000.0,534.0,5.0,1.0,0.0,0.0,1.0,0.0,0.0,35.7734,10.5936,3.0,1.0,1.0,0.0,385000.0,927922.7543356643,True,False,False,False,True,False,False,True,True,False
640000.0,463.0,2.0,2.0,0.0,0.0,1.0,0.0,0.0,35.7294,10.5833,3.0,0.0,1.0,0.0,424118.86799999996,927922.7543356643,True,False,False,True,False,False,False,True,True,False
690000.0,433.0,6.0,2.0,1.0,0.0,1.0,1.0,0.0,36.7786,10.0554,5.0,1.0,1.0,0.0,646545.4545454546,513184.2105263158,False,True,False,True,False,True,False,False,True,False
780000.0,740.0,10.0,3.0,1.0,0.0,0.0,0.0,0.0,36.4011,10.6146,4.0,0.0,1.0,1.0,809528.7390138675,783799.5456266907,False,False,True,True,False,False,True,False,True,False
420000.0,274.0,6.0,1.0,1.0,0.0,0.0,1.0,0.0,36.4011,10.6146,2.0,0.0,1.0,1.0,809528.7390138675,783799.5456266907,False,False,True,True,False,False,True,False,True,False
370000.0,160.0,5.0,3.0,0.0,0.0,0.0,0.0,0.0,36.4011,10.6146,4.0,0.0,1.0,0.0,809528.7390138675,783799.5456266907,False,False,True,True,False,False,True,False,True,False
520000.0,300.0,5.0,1.0,1.0,0.0,0.0,0.0,0.0,35.4319,10.3534,3.0,0.0,0.0,0.0,424118.86799999996,927922.7543356643,True,False,False,True,False,False,False,True,True,False
180000.0,255.0,4.0,1.0,1.0,0.0,0.0,0.0,0.0,36.8493,11.0918,3.0,0.0,1.0,0.0,451934.8628125,783799.5456266907,True,False,False,True,False,False,True,False,True,False
200000.0,140.0,4.0,1.0,1.0,0.0,0.0,0.0,0.0,36.8084,10.094,2.0,0.0,0.0,0.0,646545.4545454546,513184.2105263158,False,True,False,True,False,True,False,False,True,False
600000.0,400.0,8.0,2.0,1.0,0.0,1.0,1.0,0.0,36.735,10.1998,6.0,1.0,1.0,0.0,614259.2592592592,831885.7976100629,False,True,False,True,False,False,False,True,True,False
200000.0,208.0,2.0,2.0,0.0,0.0,0.0,0.0,0.0,36.8539,10.1455,2.0,1.0,1.0,0.0,1177994.243076923,783799.5456266907,False,False,True,True,False,False,True,False,True,False
490000.0,516.0,5.0,2.0,1.0,0.0,0.0,0.0,0.0,36.689,10.2996,6.0,1.0,1.0,0.0,529454.5454545454,831885.7976100629,False,True,False,True,False,False,False,True,True,False
940000.0,275.0,5.0,3.0,1.0,0.0,1.0,1.0,0.0,36.4011,10.6146,4.0,0.0,1.0,1.0,809528.7390138675,783799.5456266907,False,False,True,True,False,False,True,False,True,False
1500000.0,680.0,4.0,2.0,1.0,0.0,1.0,1.0,0.0,36.4011,10.6146,3.0,0.0,1.0,1.0,809528.7390138675,783799.5456266907,False,False,True,True,False,False,True,False,True,False
1700000.0,400.0,8.0,3.0,1.0,1.0,1.0,1.0,1.0,36.4011,10.6146,6.0,0.0,1.0,1.0,809528.7390138675,783799.5456266907,False,False,True,True,False,False,True,False,True,False
350000.0,250.0,5.0,2.0,1.0,0.0,0.0,0.0,0.0,37.1809,10.2193,6.0,1.0,1.0,0.0,299946.6666666667,534121.1009677419,True,False,False,True,False,True,False,False,True,False
420000.0,140.0,7.0,1.0,0.0,0.0,0.0,0.0,0.0,36.8188,10.166,7.0,0.0,0.0,0.0,360350.0,641574.9720430108,True,False,False,True,False,False,True,False,True,False
1150000.0,840.0,5.0,2.0,1.0,0.0,0.0,0.0,0.0,36.4011,10.6146,4.0,0.0,1.0,1.0,809528.7390138675,783799.5456266907,False,False,True,True,False,False,True,False,True,False
199000.0,180.0,4.0,2.0,1.0,0.0,1.0,0.0,0.0,36.4011,10.6146,4.0,0.0,0.0,0.0,809528.7390138675,783799.5456266907,False,False,True,True,False,False,True,False,True,False
370000.0,500.0,5.0,1.0,0.0,0.0,0.0,0.0,0.0,36.8568,10.1157,3.0,0.0,0.0,0.0,510000.0,709285.7142857143,False,True,False,True,False,False,True,False,True,False
1100000.0,280.0,5.0,4.0,1.0,0.0,1.0,1.0,0.0,36.8833,10.25,4.0,1.0,1.0,1.0,1011828.5111111111,917271.3972689076,False,False,True,True,False,False,False,True,True,False
435000.0,403.0,4.0,3.0,1.0,0.0,0.0,0.0,0.0,33.7552,10.9709,3.0,0.0,0.0,0.0,556674.2993630574,580727.7766850828,False,True,False,True,False,False,True,False,True,False
560000.0,299.0,4.0,2.0,0.0,0.0,0.0,0.0,0.0,36.4011,10.6146,3.0,0.0,0.0,1.0,809528.7390138675,783799.5456266907,False,False,True,True,False,False,True,False,True,False
395000.0,152.0,9.0,2.0,1.0,0.0,0.0,1.0,0.0,36.9544,10.1914,3.0,1.0,0.0,0.0,499150.58999999997,917271.3972689076,False,True,False,True,False,False,False,True,True,False
1050000.0,600.0,10.0,5.0,1.0,0.0,1.0,1.0,0.0,36.0301,10.5079,7.0,1.0,1.0,1.0,847410.6436363637,927922.7543356643,False,False,True,True,False,False,False,True,True,False
1100000.0,420.0,4.0,3.0,1.0,0.0,1.0,1.0,1.0,36.7256,10.3516,4.0,1.0,1.0,1.0,736411.7647058824,831885.7976100629,False,True,False,True,False,False,False,True,True,False
1150000.0,266.0,4.0,2.0,1.0,1.0,1.0,1.0,1.0,36.4011,10.6146,4.0,1.0,1.0,1.0,809528.7390138675,783799.5456266907,False,False,True,True,False,False,True,False,True,False
350000.0,220.0,6.0,2.0,1.0,0.0,0.0,0.0,0.0,33.7597,11.0125,6.0,0.0,1.0,0.0,537322.9179591837,537322.9179591837,False,True,False,True,False,False,True,False,True,False
560000.0,500.0,9.0,2.0,1.0,0.0,0.0,0.0,1.0,36.9544,10.1914,7.0,1.0,1.0,0.0,499150.58999999997,917271.3972689076,False,True,False,True,False,False,False,True,True,False
1100000.0,347.0,10.0,3.0,1.0,0.0,0.0,1.0,0.0,36.4011,10.6146,4.0,0.0,1.0,1.0,809528.7390138675,783799.5456266907,False,False,True,True,False,False,True,False,True,False
229950.0,480.0,7.0,2.0,1.0,0.0,0.0,0.0,0.0,36.675,10.1463,5.0,1.0,1.0,0.0,410765.3846153846,607626.79375,True,False,False,True,False,False,True,False,True,False
1180000.0,514.0,5.0,2.0,0.0,0.0,1.0,1.0,0.0,36.4011,10.6146,4.0,1.0,1.0,1.0,809528.7390138675,783799.5456266907,False,False,True,True,False,False,True,False,True,False
2600000.0,610.0,4.0,2.0,0.0,0.0,0.0,0.0,0.0,36.8764,10.3253,3.0,0.0,0.0,0.0,1578293.3970945948,1449446.8968031188,False,False,True,True,False,False,False,True,True,False
1300000.0,474.0,7.0,1.0,0.0,0.0,0.0,0.0,0.0,36.8302,10.1374,4.0,1.0,0.0,0.0,694850.0507317072,1449446.8968031188,False,True,False,True,False,False,False,True,True,False
1500000.0,510.0,6.0,3.0,1.0,0.0,0.0,0.0,0.0,36.7295,10.3067,4.0,1.0,1.0,0.0,747303.2021052631,831885.7976100629,False,False,True,True,False,False,False,True,True,False
110000.0,252.0,4.0,1.0,0.0,0.0,0.0,0.0,0.0,36.4011,10.6146,3.0,0.0,0.0,0.0,809528.7390138675,783799.5456266907,False,False,True,True,False,False,True,False,True,False
420000.0,70.0,5.0,1.0,0.0,0.0,0.0,0.0,1.0,36.8764,10.3253,2.0,0.0,0.0,0.0,1578293.3970945948,1449446.8968031188,False,False,True,True,False,False,False,True,True,False
255000.0,152.0,6.0,1.0,0.0,0.0,0.0,0.0,0.0,36.8094,9.909,5.0,1.0,0.0,0.0,195000.0,513184.2105263158,True,False,False,True,False,True,False,False,True,False
1200000.0,600.0,5.0,1.0,1.0,0.0,0.0,0.0,0.0,35.8213,10.5967,3.0,1.0,1.0,0.0,1015812.9829508197,927922.7543356643,False,False,True,True,False,False,False,True,True,False
900000.0,431.0,10.0,5.0,1.0,0.0,0.0,0.0,0.0,36.8493,11.0918,9.0,1.0,1.0,0.0,451934.8628125,783799.5456266907,True,False,False,True,False,False,True,False,True,False
350000.0,300.0,10.0,4.0,1.0,0.0,0.0,0.0,0.0,36.8493,11.0918,6.0,1.0,0.0,0.0,451934.8628125,783799.5456266907,True,False,False,True,False,False,True,False,True,False
250000.0,303.0,5.0,1.0,0.0,0.0,0.0,0.0,0.0,37.0493,10.9664,6.0,0.0,0.0,0.0,300000.0,783799.5456266907,True,False,False,True,False,False,True,False,True,False
320000.0,280.0,8.0,2.0,1.0,1.0,1.0,0.0,0.0,37.0075,9.9465,4.0,1.0,1.0,0.0,747303.2021052631,831885.7976100629,False,False,True,True,False,False,False,True,True,False
235000.0,100.0,2.0,2.0,1.0,0.0,0.0,0.0,0.0,36.7011,10.1698,3.0,0.0,0.0,0.0,230000.0,709285.7142857143,True,False,False,True,False,False,True,False,True,False
2500000.0,378.0,5.0,1.0,0.0,0.0,0.0,0.0,0.0,36.8942,10.2762,4.0,0.0,0.0,0.0,1578293.3970945948,1449446.8968031188,False,False,True,True,False,False,False,True,True,False
430000.0,300.0,10.0,2.0,1.0,0.0,1.0,0.0,0.0,36.8721,10.2106,7.0,1.0,1.0,0.0,1011828.5111111111,917271.3972689076,False,False,True,True,False,False,False,True,True,False
770000.0,420.0,5.0,1.0,1.0,0.0,1.0,1.0,0.0,36.0301,10.5079,3.0,0.0,0.0,0.0,847410.6436363637,927922.7543356643,False,False,True,True,False,False,False,True,True,False
650000.0,500.0,5.0,1.0,1.0,0.0,0.0,0.0,0.0,36.7786,10.0554,3.0,0.0,0.0,0.0,646545.4545454546,513184.2105263158,False,True,False,True,False,True,False,False,True,False
2000000.0,723.0,3.0,1.0,0.0,0.0,0.0,0.0,0.0,36.8764,10.3253,3.0,1.0,1.0,1.0,1578293.3970945948,1449446.8968031188,False,False,True,True,False,False,False,True,True,False
920000.0,290.0,4.0,2.0,1.0,0.0,1.0,1.0,0.0,36.8188,10.166,3.0,1.0,1.0,0.0,1177994.243076923,783799.5456266907,False,False,True,True,False,False,True,False,True,False
780000.0,345.0,3.0,2.0,1.0,1.0,1.0,1.0,1.0,36.4011,10.6146,3.0,1.0,1.0,1.0,809528.7390138675,783799.5456266907,False,False,True,True,False,False,True,False,True,False
120000.0,70.0,5.0,1.0,0.0,0.0,0.0,0.0,0.0,36.4011,10.6146,3.0,0.0,0.0,0.0,809528.7390138675,783799.5456266907,False,False,True,True,False,False,True,False,True,False
950000.0,166.0,3.0,2.0,0.0,0.0,0.0,0.0,0.0,36.4011,10.6146,2.0,0.0,0.0,0.0,809528.7390138675,783799.5456266907,False,False,True,True,False,False,True,False,True,False
750000.0,190.0,4.0,1.0,1.0,0.0,1.0,1.0,1.0,36.128,9.379,4.0,1.0,0.0,0.0,498633.64,641574.9720430108,False,True,False,False,True,False,True,False,True,False
550000.0,575.0,5.0,1.0,1.0,0.0,1.0,0.0,0.0,34.4515,10.4602,4.0,1.0,1.0,0.0,544027.7777777778,1105774.472,False,True,False,True,False,False,False,True,True,False
1300000.0,450.0,5.0,4.0,1.0,1.0,1.0,1.0,1.0,36.4506,10.735,5.0,1.0,1.0,1.0,994136.9111340205,783799.5456266907,False,False,True,True,False,False,True,False,True,False
850000.0,700.0,3.0,2.0,1.0,1.0,1.0,1.0,1.0,36.4062,10.6139,3.0,1.0,1.0,1.0,809528.7390138675,783799.5456266907,False,False,True,True,False,False,True,False,True,False
380000.0,310.0,3.0,1.0,1.0,0.0,0.0,1.0,0.0,36.7339,10.3295,2.0,1.0,1.0,0.0,516205.0955555556,831885.7976100629,False,True,False,True,False,False,False,True,True,False
1400000.0,600.0,5.0,2.0,1.0,0.0,1.0,1.0,1.0,36.8833,10.25,8.0,1.0,1.0,0.0,1011828.5111111111,917271.3972689076,False,False,True,True,False,False,False,True,True,False
700000.0,200.0,4.0,1.0,1.0,0.0,1.0,1.0,1.0,36.4011,10.6146,4.0,0.0,0.0,1.0,809528.7390138675,783799.5456266907,False,False,True,True,False,False,True,False,True,False
320000.0,130.0,5.0,1.0,1.0,0.0,1.0,1.0,0.0,36.8302,10.1374,3.0,1.0,0.0,0.0,694850.0507317072,1449446.8968031188,False,True,False,True,False,False,False,True,True,False
1500000.0,440.0,9.0,2.0,0.0,0.0,0.0,0.0,0.0,36.8405,10.1696,5.0,0.0,0.0,0.0,1177994.243076923,783799.5456266907,False,False,True,True,False,False,True,False,True,False
820000.0,275.0,5.0,5.0,1.0,0.0,0.0,1.0,0.0,36.4011,10.6146,4.0,1.0,1.0,1.0,809528.7390138675,783799.5456266907,False,False,True,True,False,False,True,False,True,False
3000000.0,600.0,6.0,3.0,1.0,0.0,1.0,1.0,0.0,36.8764,10.3253,4.0,1.0,0.0,1.0,1578293.3970945948,1449446.8968031188,False,False,True,True,False,False,False,True,True,False
850000.0,536.0,6.0,5.0,1.0,0.0,1.0,1.0,0.0,36.8493,11.0918,5.0,1.0,1.0,1.0,451934.8628125,783799.5456266907,True,False,False,True,False,False,True,False,True,False
800000.0,650.0,5.0,2.0,1.0,0.0,1.0,1.0,0.0,36.4011,10.6146,4.0,1.0,1.0,1.0,809528.7390138675,783799.5456266907,False,False,True,True,False,False,True,False,True,False
570000.0,180.0,5.0,1.0,0.0,0.0,0.0,0.0,0.0,36.6939,10.2622,3.0,0.0,1.0,0.0,906315.7894736842,831885.7976100629,False,False,True,True,False,False,False,True,True,False
1550000.0,400.0,6.0,3.0,1.0,0.0,1.0,1.0,1.0,36.8833,10.25,4.0,1.0,1.0,1.0,1011828.5111111111,917271.3972689076,False,False,True,True,False,False,False,True,True,False
850000.0,189.0,5.0,1.0,0.0,0.0,0.0,0.0,0.0,36.8883,10.2742,3.0,0.0,1.0,0.0,1011828.5111111111,917271.3972689076,False,False,True,True,False,False,False,True,True,False
500000.0,316.0,6.0,2.0,1.0,0.0,0.0,0.0,1.0,37.23,9.91,3.0,1.0,0.0,0.0,419940.0,534121.1009677419,True,False,False,True,False,True,False,False,True,False
3000000.0,400.0,5.0,3.0,1.0,0.0,1.0,1.0,0.0,36.8484,10.3232,5.0,1.0,1.0,0.0,2180444.6730612246,1449446.8968031188,False,False,True,True,False,False,False,True,True,False
1300000.0,600.0,5.0,2.0,1.0,0.0,0.0,0.0,0.0,36.8493,11.0918,5.0,0.0,0.0,0.0,451934.8628125,783799.5456266907,True,False,False,True,False,False,True,False,True,False
770000.0,420.0,6.0,6.0,0.0,0.0,0.0,0.0,0.0,33.8076,10.8451,5.0,0.0,1.0,1.0,556674.2993630574,580727.7766850828,False,True,False,True,False,False,True,False,True,False
750000.0,384.0,10.0,4.0,1.0,0.0,0.0,1.0,0.0,36.8932,10.1955,6.0,1.0,1.0,0.0,499150.58999999997,917271.3972689076,False,True,False,True,False,False,False,True,True,False
1050000.0,505.0,5.0,1.0,0.0,0.0,1.0,1.0,0.0,36.4506,10.735,5.0,0.0,0.0,0.0,994136.9111340205,783799.5456266907,False,False,True,True,False,False,True,False,True,False
180000.0,120.0,3.0,2.0,0.0,0.0,0.0,0.0,0.0,37.1303,9.7507,3.0,0.0,0.0,0.0,487846.1538461539,534121.1009677419,True,False,False,True,False,True,False,False,True,False
400000.0,250.0,6.0,1.0,1.0,0.0,0.0,0.0,0.0,36.8493,11.0918,5.0,1.0,1.0,0.0,451934.8628125,783799.5456266907,True,False,False,True,False,False,True,False,True,False
1700000.0,830.0,9.0,6.0,1.0,1.0,1.0,1.0,0.0,36.4011,10.6146,8.0,1.0,1.0,1.0,809528.7390138675,783799.5456266907,False,False,True,True,False,False,True,False,True,False
790000.0,500.0,5.0,3.0,1.0,0.0,1.0,1.0,0.0,36.4011,10.6146,4.0,1.0,1.0,1.0,809528.7390138675,783799.5456266907,False,False,True,True,False,False,True,False,True,False
750000.0,234.0,4.0,2.0,1.0,0.0,1.0,1.0,1.0,36.8965,10.218,4.0,1.0,1.0,0.0,1011828.5111111111,917271.3972689076,False,False,True,True,False,False,False,True,True,False
140000.0,90.0,3.0,1.0,1.0,0.0,1.0,0.0,0.0,36.4842,10.7526,2.0,0.0,0.0,0.0,300000.0,783799.5456266907,True,False,False,True,False,False,True,False,True,False
950000.0,320.0,5.0,5.0,1.0,1.0,1.0,1.0,1.0,36.4011,10.6146,7.0,1.0,1.0,0.0,809528.7390138675,783799.5456266907,False,False,True,True,False,False,True,False,True,False
405000.0,330.0,8.0,2.0,1.0,0.0,0.0,0.0,0.0,36.9435,10.1866,8.0,1.0,1.0,0.0,499150.58999999997,917271.3972689076,False,True,False,True,False,False,False,True,True,False
950000.0,447.0,5.0,1.0,0.0,0.0,0.0,1.0,0.0,36.8625,10.1956,4.0,1.0,0.0,0.0,1020923.2245882354,917271.3972689076,False,False,True,True,False,False,False,True,True,False
260000.0,200.0,5.0,2.0,1.0,0.0,0.0,1.0,0.0,36.8568,10.1157,6.0,1.0,0.0,0.0,510000.0,709285.7142857143,False,True,False,True,False,False,True,False,True,False
390000.0,300.0,4.0,2.0,1.0,0.0,1.0,1.0,0.0,36.4011,10.6146,3.0,1.0,1.0,1.0,809528.7390138675,783799.5456266907,False,False,True,True,False,False,True,False,True,False
430000.0,300.0,3.0,1.0,1.0,1.0,1.0,1.0,0.0,36.7609,10.2736,3.0,1.0,1.0,0.0,477254.9476923077,831885.7976100629,True,False,False,True,False,False,False,True,True,False
129999.0,58.0,4.0,1.0,1.0,1.0,1.0,0.0,1.0,34.6523,10.9784,2.0,1.0,1.0,1.0,129999.0,1105774.472,True,False,False,False,True,False,False,True,True,False
540000.0,170.0,4.0,2.0,1.0,0.0,1.0,1.0,1.0,36.4011,10.6146,3.0,0.0,0.0,1.0,809528.7390138675,783799.5456266907,False,False,True,True,False,False,True,False,True,False
370000.0,200.0,5.0,1.0,1.0,0.0,0.0,0.0,0.0,36.6939,10.2622,3.0,0.0,0.0,0.0,906315.7894736842,831885.7976100629,False,False,True,True,False,False,False,True,True,False
999000.0,376.0,7.0,2.0,0.0,0.0,1.0,1.0,1.0,36.7786,10.0554,3.0,1.0,0.0,0.0,646545.4545454546,513184.2105263158,False,True,False,True,False,True,False,False,True,False
860000.0,414.0,5.0,1.0,0.0,0.0,0.0,0.0,0.0,36.8883,10.2742,3.0,0.0,0.0,0.0,1011828.5111111111,917271.3972689076,False,False,True,True,False,False,False,True,True,False
735000.0,202.0,5.0,3.0,1.0,0.0,1.0,1.0,0.0,36.4011,10.6146,4.0,1.0,1.0,1.0,809528.7390138675,783799.5456266907,False,False,True,True,False,False,True,False,True,False
756000.0,183.0,5.0,1.0,0.0,0.0,0.0,0.0,0.0,36.8883,10.2742,4.0,1.0,1.0,0.0,1011828.5111111111,917271.3972689076,False,False,True,True,False,False,False,True,True,False
1180000.0,380.0,8.0,4.0,1.0,0.0,1.0,1.0,0.0,36.4011,10.6146,6.0,1.0,1.0,1.0,809528.7390138675,783799.5456266907,False,False,True,True,False,False,True,False,True,False
740000.0,220.0,5.0,3.0,1.0,0.0,1.0,1.0,1.0,36.4506,10.735,4.0,1.0,1.0,0.0,994136.9111340205,783799.5456266907,False,False,True,True,False,False,True,False,True,False
680000.0,400.0,4.0,2.0,1.0,0.0,0.0,0.0,0.0,36.7668,10.225,3.0,0.0,0.0,0.0,906315.7894736842,831885.7976100629,False,False,True,True,False,False,False,True,True,False
300000.0,280.0,5.0,2.0,1.0,0.0,0.0,0.0,0.0,36.9544,10.1914,3.0,1.0,0.0,0.0,499150.58999999997,917271.3972689076,False,True,False,True,False,False,False,True,True,False
330000.0,171.0,5.0,3.0,1.0,0.0,1.0,1.0,0.0,36.8762,10.1143,3.0,0.0,1.0,0.0,510000.0,709285.7142857143,False,True,False,True,False,False,True,False,True,False
320000.0,400.0,5.0,1.0,1.0,0.0,0.0,0.0,0.0,37.2656,10.068,3.0,0.0,1.0,0.0,487846.1538461539,534121.1009677419,True,False,False,True,False,True,False,False,True,False
850000.0,450.0,4.0,2.0,0.0,0.0,0.0,0.0,0.0,36.8806,10.1717,4.0,1.0,1.0,0.0,1020923.2245882354,917271.3972689076,False,False,True,True,False,False,False,True,True,False
1100000.0,330.0,5.0,3.0,1.0,0.0,1.0,1.0,1.0,36.8883,10.2742,4.0,1.0,1.0,1.0,1011828.5111111111,917271.3972689076,False,False,True,True,False,False,False,True,True,False
2800000.0,540.0,6.0,3.0,1.0,0.0,1.0,1.0,0.0,36.8764,10.3253,4.0,1.0,1.0,1.0,1578293.3970945948,1449446.8968031188,False,False,True,True,False,False,False,True,True,False
630000.0,230.0,2.0,2.0,0.0,0.0,1.0,1.0,1.0,36.8625,10.1956,3.0,1.0,1.0,0.0,1020923.2245882354,917271.3972689076,False,False,True,True,False,False,False,True,True,False
2800000.0,330.0,5.0,3.0,1.0,0.0,1.0,1.0,1.0,36.8764,10.3253,3.0,1.0,1.0,0.0,1578293.3970945948,1449446.8968031188,False,False,True,True,False,False,False,True,True,False
650000.0,280.0,6.0,2.0,0.0,0.0,1.0,0.0,0.0,36.8833,10.25,4.0,1.0,0.0,1.0,1011828.5111111111,917271.3972689076,False,False,True,True,False,False,False,True,True,False
420000.0,128.0,5.0,2.0,1.0,0.0,0.0,1.0,0.0,36.8333,10.3167,4.0,1.0,0.0,0.0,1416795.7877419356,1449446.8968031188,False,False,True,True,False,False,False,True,True,False
380000.0,500.0,4.0,1.0,1.0,0.0,1.0,0.0,0.0,36.8833,10.25,3.0,1.0,1.0,0.0,1011828.5111111111,917271.3972689076,False,False,True,True,False,False,False,True,True,False
3300000.0,570.0,4.0,2.0,1.0,0.0,1.0,1.0,1.0,36.8764,10.3253,3.0,1.0,1.0,0.0,1578293.3970945948,1449446.8968031188,False,False,True,True,False,False,False,True,True,False
210000.0,170.0,3.0,1.0,1.0,0.0,1.0,0.0,0.0,36.4011,10.6146,2.0,1.0,0.0,0.0,809528.7390138675,783799.5456266907,False,False,True,True,False,False,True,False,True,False
690000.0,400.0,8.0,4.0,1.0,0.0,0.0,0.0,0.0,36.4011,10.6146,5.0,1.0,1.0,0.0,809528.7390138675,783799.5456266907,False,False,True,True,False,False,True,False,True,False
1560000.0,220.0,5.0,4.0,1.0,0.0,1.0,1.0,1.0,36.8764,10.3253,4.0,1.0,1.0,1.0,1578293.3970945948,1449446.8968031188,False,False,True,True,False,False,False,True,True,False
1200000.0,745.0,3.0,3.0,1.0,1.0,1.0,0.0,1.0,33.8667,10.85,3.0,1.0,1.0,1.0,1011828.5111111111,917271.3972689076,False,False,True,True,False,False,False,True,True,False
650000.0,650.0,3.0,2.0,0.0,0.0,0.0,0.0,0.0,33.7597,11.0125,3.0,0.0,1.0,1.0,552642.1685714285,927922.7543356643,False,True,False,True,False,False,False,True,True,False
750000.0,304.0,4.0,3.0,1.0,0.0,1.0,1.0,0.0,36.4011,10.6146,3.0,1.0,1.0,1.0,809528.7390138675,783799.5456266907,False,False,True,True,False,False,True,False,True,False
650000.0,350.0,5.0,1.0,1.0,0.0,1.0,1.0,0.0,36.47,10.78,4.0,1.0,0.0,0.0,642782.0582608696,783799.5456266907,False,True,False,True,False,False,True,False,True,False
650000.0,250.0,6.0,2.0,1.0,0.0,1.0,1.0,0.0,36.8493,11.0918,5.0,1.0,1.0,0.0,451934.8628125,783799.5456266907,True,False,False,True,False,False,True,False,True,False
650000.0,350.0,10.0,2.0,0.0,0.0,0.0,0.0,0.0,36.8493,11.0918,6.0,0.0,1.0,0.0,451934.8628125,783799.5456266907,True,False,False,True,False,False,True,False,True,False
630000.0,198.0,6.0,2.0,1.0,0.0,0.0,1.0,1.0,36.8302,10.1374,3.0,1.0,1.0,0.0,694850.0507317072,1449446.8968031188,False,True,False,True,False,False,False,True,True,False
360000.0,190.0,8.0,2.0,1.0,0.0,0.0,0.0,0.0,36.792,10.1777,5.0,0.0,0.0,0.0,1047495.4257471263,1449446.8968031188,False,False,True,True,False,False,False,True,True,False
1150000.0,420.0,4.0,2.0,1.0,0.0,1.0,1.0,1.0,36.8764,10.3253,3.0,1.0,1.0,1.0,1578293.3970945948,1449446.8968031188,False,False,True,True,False,False,False,True,True,False
375000.0,380.0,10.0,1.0,1.0,0.0,0.0,0.0,0.0,36.8188,10.166,3.0,0.0,0.0,0.0,360350.0,641574.9720430108,True,False,False,True,False,False,True,False,True,False
500000.0,273.0,7.0,2.0,1.0,0.0,1.0,1.0,0.0,36.0683,9.9724,3.0,1.0,1.0,0.0,736411.7647058824,831885.7976100629,False,True,False,True,False,False,False,True,True,False
850000.0,210.0,3.0,2.0,1.0,0.0,1.0,1.0,1.0,36.4198,10.6619,3.0,1.0,0.0,0.0,809528.7390138675,783799.5456266907,False,False,True,True,False,False,True,False,True,False
780000.0,300.0,5.0,3.0,1.0,1.0,1.0,1.0,1.0,36.4011,10.6146,4.0,1.0,1.0,1.0,809528.7390138675,783799.5456266907,False,False,True,True,False,False,True,False,True,False
350000.0,200.0,3.0,1.0,0.0,0.0,1.0,1.0,0.0,35.8143,10.6339,3.0,0.0,0.0,0.0,1015812.9829508197,927922.7543356643,False,False,True,True,False,False,False,True,True,False
820000.0,330.0,3.0,3.0,1.0,0.0,1.0,1.0,0.0,36.8915,10.1626,4.0,1.0,1.0,0.0,516205.0955555556,831885.7976100629,False,True,False,True,False,False,False,True,True,False
1500000.0,800.0,9.0,4.0,1.0,0.0,1.0,1.0,0.0,36.8833,10.25,4.0,1.0,1.0,0.0,1011828.5111111111,917271.3972689076,False,False,True,True,False,False,False,True,True,False
700000.0,130.0,4.0,1.0,1.0,0.0,1.0,1.0,0.0,36.8188,10.166,3.0,1.0,1.0,0.0,1047495.4257471263,1449446.8968031188,False,False,True,True,False,False,False,True,True,False
180000.0,80.0,5.0,1.0,0.0,0.0,0.0,0.0,0.0,36.7609,10.2736,2.0,0.0,0.0,0.0,477254.9476923077,831885.7976100629,True,False,False,True,False,False,False,True,True,False
137000.0,117.0,3.0,1.0,1.0,0.0,1.0,0.0,0.0,36.4506,10.735,2.0,0.0,0.0,0.0,994136.9111340205,783799.5456266907,False,False,True,True,False,False,True,False,True,False
350000.0,200.0,3.0,1.0,1.0,0.0,0.0,0.0,0.0,36.6927,10.4918,3.0,0.0,0.0,0.0,627104.5516666666,783799.5456266907,False,True,False,True,False,False,True,False,True,False
620000.0,550.0,3.0,3.0,1.0,0.0,1.0,1.0,0.0,36.689,10.2996,3.0,1.0,1.0,0.0,529454.5454545454,831885.7976100629,False,True,False,True,False,False,False,True,True,False
2300000.0,600.0,5.0,1.0,0.0,0.0,0.0,0.0,0.0,36.8942,10.2762,3.0,1.0,0.0,1.0,1578293.3970945948,1449446.8968031188,False,False,True,True,False,False,False,True,True,False
950000.0,320.0,5.0,2.0,1.0,0.0,1.0,1.0,1.0,36.4011,10.6146,4.0,1.0,1.0,1.0,809528.7390138675,783799.5456266907,False,False,True,True,False,False,True,False,True,False
1200000.0,320.0,6.0,5.0,1.0,0.0,1.0,1.0,0.0,36.4506,10.735,5.0,1.0,1.0,0.0,994136.9111340205,783799.5456266907,False,False,True,True,False,False,True,False,True,False
730000.0,155.0,9.0,4.0,1.0,0.0,0.0,0.0,0.0,36.4011,10.6146,5.0,0.0,0.0,0.0,809528.7390138675,783799.5456266907,False,False,True,True,False,False,True,False,True,False
470000.0,197.0,6.0,1.0,0.0,0.0,0.0,0.0,0.0,36.8188,10.166,6.0,0.0,0.0,0.0,1047495.4257471263,1449446.8968031188,False,False,True,True,False,False,False,True,True,False
120000.0,145.0,5.0,2.0,1.0,0.0,1.0,0.0,0.0,36.9306,11.0485,4.0,0.0,0.0,0.0,809528.7390138675,783799.5456266907,False,False,True,True,False,False,True,False,True,False
479856.0,145.0,5.0,2.0,0.0,0.0,0.0,0.0,0.0,33.8076,10.8451,3.0,0.0,1.0,1.0,556674.2993630574,580727.7766850828,False,True,False,True,False,False,True,False,True,False
480000.0,312.0,4.0,2.0,1.0,0.0,1.0,1.0,0.0,36.7723,10.2212,3.0,1.0,0.0,0.0,559271.8892307692,831885.7976100629,False,True,False,True,False,False,False,True,True,False
980000.0,320.0,5.0,2.0,1.0,0.0,1.0,1.0,0.0,36.8764,10.3253,4.0,1.0,1.0,0.0,1578293.3970945948,1449446.8968031188,False,False,True,True,False,False,False,True,True,False
185000.0,201.0,5.0,1.0,0.0,0.0,0.0,0.0,0.0,36.8241,10.2244,3.0,1.0,1.0,0.0,518012.26,917271.3972689076,False,True,False,True,False,False,False,True,True,False
168000.0,150.0,4.0,2.0,0.0,0.0,0.0,0.0,0.0,36.7564,10.1156,3.0,1.0,0.0,0.0,104500.0,1449446.8968031188,True,False,False,True,False,False,False,True,True,False
420000.0,550.0,4.0,2.0,1.0,0.0,0.0,0.0,0.0,36.8493,11.0918,3.0,1.0,1.0,0.0,451934.8628125,783799.5456266907,True,False,False,True,False,False,True,False,True,False
500000.0,400.0,3.0,1.0,0.0,0.0,0.0,0.0,0.0,36.5772,10.3425,3.0,0.0,1.0,1.0,747303.2021052631,831885.7976100629,False,False,True,True,False,False,False,True,True,False
135000.0,90.0,2.0,1.0,1.0,0.0,1.0,0.0,0.0,36.941,8.8004,2.0,0.0,1.0,0.0,401160.838,368467.365,True,False,False,True,False,True,False,False,True,False
1650000.0,668.0,6.0,3.0,1.0,0.0,1.0,1.0,0.0,36.8764,10.3253,4.0,1.0,1.0,0.0,1578293.3970945948,1449446.8968031188,False,False,True,True,False,False,False,True,True,False
500000.0,424.0,2.0,3.0,1.0,1.0,0.0,0.0,0.0,36.4011,10.6146,4.0,0.0,1.0,0.0,809528.7390138675,783799.5456266907,False,False,True,True,False,False,True,False,True,False
2100000.0,435.0,5.0,1.0,0.0,0.0,0.0,0.0,0.0,36.8942,10.2762,3.0,1.0,0.0,0.0,1578293.3970945948,1449446.8968031188,False,False,True,True,False,False,False,True,True,False
970000.0,259.0,5.0,3.0,1.0,0.0,1.0,1.0,1.0,36.8965,10.218,4.0,1.0,0.0,1.0,1011828.5111111111,917271.3972689076,False,False,True,True,False,False,False,True,True,False
880000.0,717.0,9.0,2.0,1.0,0.0,0.0,0.0,0.0,34.4167,8.7833,7.0,1.0,1.0,0.0,676666.6666666666,488000.0,False,True,False,True,False,True,False,False,True,False
1270000.0,330.0,4.0,3.0,1.0,0.0,1.0,1.0,1.0,36.8833,10.25,3.0,1.0,1.0,1.0,1011828.5111111111,917271.3972689076,False,False,True,True,False,False,False,True,True,False
2600000.0,800.0,5.0,3.0,1.0,0.0,1.0,1.0,0.0,36.8764,10.3253,9.0,0.0,1.0,1.0,1578293.3970945948,1449446.8968031188,False,False,True,True,False,False,False,True,True,False
300000.0,373.0,2.0,1.0,1.0,0.0,0.0,0.0,0.0,36.9544,10.1914,3.0,1.0,1.0,0.0,499150.58999999997,917271.3972689076,False,True,False,True,False,False,False,True,True,False
520000.0,230.0,3.0,1.0,1.0,0.0,1.0,1.0,1.0,36.8625,10.1956,3.0,0.0,1.0,0.0,1020923.2245882354,917271.3972689076,False,False,True,True,False,False,False,True,True,False
330000.0,128.0,3.0,1.0,1.0,0.0,0.0,0.0,0.0,36.7723,10.2212,3.0,0.0,0.0,0.0,559271.8892307692,831885.7976100629,False,True,False,True,False,False,False,True,True,False
1600000.0,574.0,5.0,1.0,0.0,0.0,0.0,0.0,0.0,36.8386,10.1525,5.0,0.0,0.0,0.0,1177994.243076923,783799.5456266907,False,False,True,True,False,False,True,False,True,False
550000.0,300.0,3.0,2.0,0.0,0.0,1.0,1.0,1.0,36.4011,10.6146,3.0,0.0,0.0,1.0,809528.7390138675,783799.5456266907,False,False,True,True,False,False,True,False,True,False
650000.0,500.0,5.0,3.0,1.0,0.0,0.0,0.0,0.0,36.4011,10.6146,6.0,1.0,0.0,0.0,809528.7390138675,783799.5456266907,False,False,True,True,False,False,True,False,True,False
890000.0,605.0,3.0,2.0,1.0,0.0,1.0,0.0,0.0,36.6927,10.4918,6.0,1.0,1.0,0.0,627104.5516666666,783799.5456266907,False,True,False,True,False,False,True,False,True,False
270000.0,170.0,3.0,1.0,0.0,1.0,1.0,0.0,0.0,36.4011,10.6146,2.0,1.0,0.0,0.0,809528.7390138675,783799.5456266907,False,False,True,True,False,False,True,False,True,False
640000.0,428.0,4.0,2.0,0.0,0.0,1.0,0.0,1.0,35.4319,10.3534,4.0,0.0,1.0,0.0,424118.86799999996,927922.7543356643,True,False,False,True,False,False,False,True,True,False
2200000.0,456.0,6.0,3.0,1.0,0.0,1.0,1.0,0.0,36.8566,10.3258,5.0,1.0,1.0,0.0,2180444.6730612246,1449446.8968031188,False,False,True,True,False,False,False,True,True,False
1200000.0,360.0,5.0,2.0,1.0,0.0,0.0,1.0,0.0,36.8452,10.1647,4.0,1.0,0.0,0.0,1542012.4593548388,831885.7976100629,False,False,True,True,False,False,False,True,True,False
750000.0,280.0,5.0,2.0,1.0,0.0,1.0,1.0,1.0,36.4011,10.6146,4.0,0.0,1.0,1.0,809528.7390138675,783799.5456266907,False,False,True,True,False,False,True,False,True,False
250000.0,400.0,6.0,2.0,1.0,0.0,0.0,0.0,0.0,35.8739,10.5437,4.0,0.0,0.0,0.0,167500.0,927922.7543356643,True,False,False,False,True,False,False,True,True,False
850000.0,513.0,4.0,2.0,1.0,0.0,1.0,1.0,1.0,36.5772,10.3425,3.0,1.0,1.0,1.0,747303.2021052631,831885.7976100629,False,False,True,True,False,False,False,True,True,False
1500000.0,640.0,5.0,4.0,0.0,0.0,0.0,1.0,0.0,36.8833,10.25,5.0,0.0,1.0,1.0,1011828.5111111111,917271.3972689076,False,False,True,True,False,False,False,True,True,False
1500000.0,225.0,5.0,4.0,1.0,1.0,1.0,1.0,0.0,36.8764,10.3253,4.0,1.0,1.0,1.0,1578293.3970945948,1449446.8968031188,False,False,True,True,False,False,False,True,True,False
1040000.0,760.0,8.0,5.0,1.0,0.0,1.0,1.0,0.0,36.8833,10.25,6.0,1.0,1.0,0.0,1011828.5111111111,917271.3972689076,False,False,True,True,False,False,False,True,True,False
820000.0,230.0,6.0,1.0,1.0,0.0,1.0,1.0,1.0,36.4506,10.735,6.0,0.0,1.0,0.0,994136.9111340205,783799.5456266907,False,False,True,True,False,False,True,False,True,False
750000.0,400.0,5.0,3.0,1.0,0.0,0.0,1.0,0.0,36.8906,10.1757,8.0,1.0,1.0,0.0,499150.58999999997,917271.3972689076,False,True,False,True,False,False,False,True,True,False
380000.0,102.0,8.0,1.0,1.0,0.0,0.0,0.0,0.0,36.7786,10.0554,4.0,1.0,1.0,0.0,646545.4545454546,513184.2105263158,False,True,False,True,False,True,False,False,True,False
135000.0,320.0,11.0,2.0,1.0,0.0,0.0,0.0,0.0,35.6796,10.1014,7.0,0.0,0.0,0.0,1020923.2245882354,917271.3972689076,False,False,True,True,False,False,False,True,True,False
1250000.0,450.0,5.0,4.0,1.0,0.0,1.0,1.0,0.0,36.47,10.78,4.0,1.0,1.0,1.0,642782.0582608696,783799.5456266907,False,True,False,True,False,False,True,False,True,False
650000.0,260.0,4.0,2.0,1.0,0.0,1.0,0.0,0.0,33.8076,10.8451,3.0,1.0,1.0,1.0,556674.2993630574,580727.7766850828,False,True,False,True,False,False,True,False,True,False
625300.0,378.0,4.0,3.0,1.0,0.0,1.0,1.0,1.0,33.8076,10.8451,3.0,1.0,1.0,1.0,556674.2993630574,580727.7766850828,False,True,False,True,False,False,True,False,True,False
1400000.0,443.0,6.0,3.0,1.0,0.0,1.0,1.0,1.0,36.8452,10.1647,5.0,1.0,1.0,0.0,1542012.4593548388,831885.7976100629,False,False,True,True,False,False,False,True,True,False
474500.0,220.0,5.0,2.0,1.0,0.0,0.0,0.0,0.0,33.8076,10.8451,2.0,1.0,0.0,1.0,556674.2993630574,580727.7766850828,False,True,False,True,False,False,True,False,True,False
750000.0,599.0,8.0,1.0,1.0,0.0,0.0,0.0,0.0,36.8356,10.2159,3.0,1.0,1.0,0.0,528091.5136842105,783799.5456266907,False,True,False,True,False,False,True,False,True,False
530000.0,200.0,4.0,2.0,1.0,0.0,1.0,1.0,0.0,36.8764,10.3253,3.0,0.0,1.0,0.0,1578293.3970945948,1449446.8968031188,False,False,True,True,False,False,False,True,True,False
950000.0,500.0,8.0,4.0,1.0,1.0,1.0,1.0,1.0,36.7786,10.0554,5.0,1.0,1.0,1.0,646545.4545454546,513184.2105263158,False,True,False,True,False,True,False,False,True,False
700000.0,225.0,6.0,3.0,1.0,0.0,0.0,1.0,0.0,36.8764,10.3253,4.0,1.0,1.0,0.0,1578293.3970945948,1449446.8968031188,False,False,True,True,False,False,False,True,True,False
500000.0,320.0,5.0,2.0,1.0,0.0,0.0,0.0,0.0,36.4554,10.7935,5.0,1.0,1.0,0.0,642782.0582608696,783799.5456266907,False,True,False,True,False,False,True,False,True,False
1400000.0,677.0,6.0,3.0,1.0,0.0,1.0,1.0,0.0,36.8452,10.1647,5.0,1.0,1.0,0.0,1177994.243076923,783799.5456266907,False,False,True,True,False,False,True,False,True,False
850000.0,540.0,5.0,4.0,1.0,0.0,0.0,0.0,0.0,33.8076,10.8451,5.0,0.0,1.0,0.0,556674.2993630574,580727.7766850828,False,True,False,True,False,False,True,False,True,False
755000.0,182.0,5.0,2.0,1.0,0.0,1.0,1.0,1.0,36.8833,10.25,4.0,1.0,1.0,0.0,1011828.5111111111,917271.3972689076,False,False,True,True,False,False,False,True,True,False
1500000.0,300.0,5.0,3.0,1.0,0.0,1.0,1.0,1.0,36.8764,10.3253,4.0,1.0,0.0,0.0,1578293.3970945948,1449446.8968031188,False,False,True,True,False,False,False,True,True,False
2200000.0,500.0,6.0,3.0,0.0,0.0,0.0,0.0,0.0,36.8625,10.1956,5.0,0.0,1.0,0.0,1020923.2245882354,917271.3972689076,False,False,True,True,False,False,False,True,True,False
85000.0,96.0,4.0,1.0,1.0,0.0,0.0,0.0,0.0,36.351,9.6245,4.0,0.0,1.0,0.0,91000.0,456714.28571428574,True,False,False,False,True,True,False,False,True,False
364000.0,135.0,5.0,2.0,1.0,0.0,1.0,1.0,0.0,36.8883,10.2742,2.0,1.0,0.0,0.0,1011828.5111111111,917271.3972689076,False,False,True,True,False,False,False,True,True,False
370000.0,270.0,2.0,2.0,1.0,1.0,1.0,0.0,0.0,34.78,10.8183,3.0,1.0,0.0,0.0,544027.7777777778,1105774.472,False,True,False,True,False,False,False,True,True,False
1200000.0,400.0,5.0,2.0,1.0,0.0,1.0,1.0,1.0,36.4506,10.735,5.0,1.0,1.0,1.0,994136.9111340205,783799.5456266907,False,False,True,True,False,False,True,False,True,False
530000.0,320.0,4.0,2.0,0.0,0.0,1.0,1.0,1.0,36.4011,10.6146,3.0,0.0,1.0,1.0,809528.7390138675,783799.5456266907,False,False,True,True,False,False,True,False,True,False
1800000.0,248.0,5.0,2.0,1.0,0.0,1.0,1.0,0.0,36.8942,10.2762,5.0,1.0,0.0,0.0,1578293.3970945948,1449446.8968031188,False,False,True,True,False,False,False,True,True,False
1365000.0,314.0,5.0,3.0,1.0,0.0,1.0,1.0,0.0,36.8452,10.1647,4.0,1.0,1.0,0.0,1578293.3970945948,1449446.8968031188,False,False,True,True,False,False,False,True,True,False
869300.0,270.0,6.0,3.0,1.0,0.0,0.0,0.0,0.0,33.8076,10.8451,4.0,0.0,1.0,1.0,556674.2993630574,580727.7766850828,False,True,False,True,False,False,True,False,True,False
258900.0,176.0,5.0,2.0,1.0,0.0,0.0,0.0,0.0,33.8076,10.8451,3.0,1.0,0.0,1.0,556674.2993630574,580727.7766850828,False,True,False,True,False,False,True,False,True,False
245700.0,850.0,6.0,1.0,1.0,0.0,0.0,0.0,0.0,33.8076,10.8451,3.0,0.0,1.0,0.0,556674.2993630574,580727.7766850828,False,True,False,True,False,False,True,False,True,False
446500.0,165.0,5.0,3.0,1.0,0.0,0.0,0.0,0.0,33.8076,10.8451,3.0,0.0,1.0,1.0,556674.2993630574,580727.7766850828,False,True,False,True,False,False,True,False,True,False
372400.0,120.0,5.0,1.0,1.0,1.0,1.0,0.0,1.0,33.8076,10.8451,3.0,0.0,1.0,1.0,556674.2993630574,580727.7766850828,False,True,False,True,False,False,True,False,True,False
1750000.0,437.0,5.0,1.0,0.0,0.0,0.0,0.0,0.0,36.8764,10.3253,3.0,0.0,0.0,0.0,1578293.3970945948,1449446.8968031188,False,False,True,True,False,False,False,True,True,False
250000.0,190.0,3.0,1.0,0.0,0.0,0.0,0.0,0.0,36.7891,10.8955,2.0,0.0,1.0,0.0,416750.0,416750.0,True,False,False,True,False,True,False,False,True,False
290000.0,300.0,2.0,1.0,0.0,0.0,0.0,0.0,0.0,36.4011,10.6146,2.0,1.0,1.0,0.0,809528.7390138675,783799.5456266907,False,False,True,True,False,False,True,False,True,False
176000.0,117.0,5.0,2.0,1.0,0.0,0.0,0.0,0.0,33.809,10.964,3.0,1.0,1.0,0.0,537322.9179591837,537322.9179591837,False,True,False,True,False,False,True,False,True,False
4300000.0,720.0,6.0,4.0,1.0,0.0,1.0,1.0,1.0,36.8566,10.3258,5.0,1.0,1.0,0.0,2180444.6730612246,1449446.8968031188,False,False,True,True,False,False,False,True,True,False
1800000.0,539.0,9.0,2.0,1.0,0.0,1.0,1.0,0.0,36.8764,10.3253,8.0,1.0,0.0,0.0,1578293.3970945948,1449446.8968031188,False,False,True,True,False,False,False,True,True,False
230000.0,170.0,5.0,2.0,1.0,0.0,0.0,0.0,0.0,36.47,10.78,4.0,0.0,0.0,0.0,642782.0582608696,783799.5456266907,False,True,False,True,False,False,True,False,True,False
750000.0,500.0,4.0,2.0,1.0,1.0,1.0,1.0,0.0,36.4011,10.6146,4.0,0.0,1.0,1.0,809528.7390138675,783799.5456266907,False,False,True,True,False,False,True,False,True,False
550000.0,650.0,4.0,2.0,1.0,0.0,0.0,0.0,0.0,33.8076,10.8451,3.0,1.0,1.0,1.0,556674.2993630574,580727.7766850828,False,True,False,True,False,False,True,False,True,False
230000.0,370.0,5.0,1.0,0.0,0.0,0.0,0.0,0.0,36.571,10.8553,5.0,0.0,0.0,0.0,468502.50999999995,783799.5456266907,True,False,False,True,False,False,True,False,True,False
785000.0,853.0,4.0,2.0,1.0,0.0,1.0,1.0,1.0,36.4011,10.6146,3.0,0.0,1.0,1.0,809528.7390138675,783799.5456266907,False,False,True,True,False,False,True,False,True,False
680000.0,420.0,4.0,1.0,0.0,0.0,0.0,1.0,0.0,36.4011,10.6146,4.0,1.0,0.0,1.0,809528.7390138675,783799.5456266907,False,False,True,True,False,False,True,False,True,False
630000.0,269.0,2.0,1.0,0.0,0.0,0.0,0.0,0.0,36.4011,10.6146,2.0,0.0,0.0,0.0,809528.7390138675,783799.5456266907,False,False,True,True,False,False,True,False,True,False
470000.0,103.0,7.0,2.0,1.0,0.0,0.0,0.0,0.0,36.8188,10.166,6.0,0.0,0.0,0.0,360350.0,641574.9720430108,True,False,False,True,False,False,True,False,True,False
220000.0,83.0,2.0,2.0,1.0,0.0,0.0,0.0,0.0,36.8147,10.1558,3.0,1.0,1.0,0.0,1177994.243076923,783799.5456266907,False,False,True,True,False,False,True,False,True,False
710000.0,476.0,6.0,2.0,0.0,0.0,1.0,1.0,1.0,36.9544,10.1914,5.0,1.0,1.0,0.0,499150.58999999997,917271.3972689076,False,True,False,True,False,False,False,True,True,False
338000.0,250.0,7.0,2.0,1.0,0.0,0.0,1.0,0.0,36.8188,10.166,4.0,0.0,0.0,0.0,360350.0,641574.9720430108,True,False,False,True,False,False,True,False,True,False
480000.0,120.0,2.0,3.0,0.0,1.0,1.0,0.0,0.0,36.9544,10.1914,6.0,0.0,1.0,0.0,499150.58999999997,917271.3972689076,False,True,False,True,False,False,False,True,True,False
415000.0,466.0,2.0,2.0,1.0,0.0,1.0,1.0,1.0,37.0618,10.1199,4.0,1.0,1.0,0.0,412500.0,917271.3972689076,True,False,False,False,True,False,False,True,True,False
410000.0,465.0,5.0,1.0,1.0,0.0,1.0,0.0,1.0,37.0618,10.1199,4.0,1.0,1.0,0.0,412500.0,917271.3972689076,True,False,False,False,True,False,False,True,True,False
799999.0,400.0,5.0,5.0,1.0,0.0,0.0,0.0,0.0,36.8742,10.2565,5.0,0.0,1.0,1.0,1011828.5111111111,917271.3972689076,False,False,True,True,False,False,False,True,True,False
2700000.0,600.0,6.0,3.0,1.0,0.0,1.0,1.0,0.0,36.8764,10.3253,5.0,1.0,1.0,1.0,1578293.3970945948,1449446.8968031188,False,False,True,True,False,False,False,True,True,False
1980000.0,905.0,7.0,3.0,1.0,0.0,1.0,1.0,0.0,35.79,10.56,6.0,1.0,1.0,0.0,1876666.6666666667,534121.1009677419,False,False,True,True,False,True,False,False,True,False
1100000.0,347.0,5.0,3.0,1.0,0.0,1.0,1.0,0.0,36.4011,10.6146,4.0,1.0,1.0,1.0,809528.7390138675,783799.5456266907,False,False,True,True,False,False,True,False,True,False
750000.0,220.0,5.0,1.0,0.0,0.0,0.0,0.0,0.0,36.4506,10.735,4.0,0.0,0.0,0.0,994136.9111340205,783799.5456266907,False,False,True,True,False,False,True,False,True,False
410000.0,350.0,5.0,3.0,1.0,0.0,0.0,1.0,1.0,34.7265,10.7307,4.0,1.0,1.0,0.0,544027.7777777778,1105774.472,False,True,False,True,False,False,False,True,True,False
950000.0,385.0,6.0,1.0,1.0,0.0,0.0,0.0,0.0,36.8145,10.1345,4.0,1.0,1.0,0.0,694850.0507317072,1449446.8968031188,False,True,False,True,False,False,False,True,True,False
480000.0,155.0,4.0,2.0,1.0,0.0,1.0,0.0,0.0,36.4011,10.6146,3.0,1.0,0.0,1.0,809528.7390138675,783799.5456266907,False,False,True,True,False,False,True,False,True,False
550000.0,700.0,5.0,5.0,1.0,0.0,0.0,0.0,0.0,36.7016,10.4946,10.0,1.0,1.0,0.0,627104.5516666666,783799.5456266907,False,True,False,True,False,False,True,False,True,False
300000.0,226.0,3.0,1.0,0.0,0.0,1.0,0.0,0.0,35.7941,10.6591,2.0,0.0,1.0,0.0,518012.26,917271.3972689076,False,True,False,True,False,False,False,True,True,False
2900000.0,520.0,5.0,1.0,1.0,0.0,0.0,0.0,0.0,36.8566,10.3258,5.0,1.0,0.0,0.0,2180444.6730612246,1449446.8968031188,False,False,True,True,False,False,False,True,True,False
300000.0,260.0,4.0,2.0,0.0,0.0,0.0,0.0,0.0,36.4011,10.6146,3.0,0.0,1.0,0.0,809528.7390138675,783799.5456266907,False,False,True,True,False,False,True,False,True,False
780000.0,750.0,5.0,3.0,1.0,0.0,0.0,1.0,0.0,36.4011,10.6146,4.0,0.0,1.0,1.0,809528.7390138675,783799.5456266907,False,False,True,True,False,False,True,False,True,False
140000.0,140.0,5.0,1.0,1.0,0.0,0.0,0.0,0.0,35.8244,10.6327,5.0,0.0,0.0,0.0,1015812.9829508197,927922.7543356643,False,False,True,True,False,False,False,True,True,False
1450000.0,622.0,9.0,4.0,1.0,0.0,0.0,0.0,0.0,36.8452,10.1647,8.0,1.0,1.0,0.0,1177994.243076923,783799.5456266907,False,False,True,True,False,False,True,False,True,False
600000.0,400.0,4.0,2.0,1.0,1.0,0.0,0.0,0.0,33.8078,10.9796,4.0,0.0,1.0,1.0,537322.9179591837,537322.9179591837,False,True,False,True,False,False,True,False,True,False
370000.0,311.0,4.0,2.0,1.0,0.0,0.0,0.0,0.0,33.8701,10.8778,3.0,1.0,1.0,0.0,1011828.5111111111,917271.3972689076,False,False,True,True,False,False,False,True,True,False
860000.0,580.0,7.0,2.0,1.0,0.0,1.0,1.0,0.0,36.8625,10.1956,5.0,0.0,1.0,0.0,1020923.2245882354,917271.3972689076,False,False,True,True,False,False,False,True,True,False
545000.0,406.0,2.0,3.0,1.0,0.0,1.0,0.0,0.0,36.712,10.9411,4.0,1.0,1.0,0.0,357611.62727272726,783799.5456266907,True,False,False,True,False,False,True,False,True,False
200000.0,178.0,5.0,1.0,0.0,0.0,0.0,0.0,0.0,37.272,9.8708,2.0,0.0,1.0,0.0,513185.1669565218,534121.1009677419,False,True,False,True,False,True,False,False,True,False
345000.0,200.0,4.0,1.0,1.0,0.0,1.0,1.0,0.0,36.4011,10.6146,3.0,0.0,1.0,0.0,809528.7390138675,783799.5456266907,False,False,True,True,False,False,True,False,True,False
155000.0,154.0,5.0,1.0,0.0,0.0,0.0,0.0,0.0,36.8833,10.25,3.0,0.0,0.0,0.0,1011828.5111111111,917271.3972689076,False,False,True,True,False,False,False,True,True,False
350000.0,220.0,5.0,1.0,1.0,0.0,0.0,0.0,0.0,36.9495,10.2155,3.0,1.0,1.0,0.0,499150.58999999997,917271.3972689076,False,True,False,True,False,False,False,True,True,False
739070.0,240.0,6.0,3.0,1.0,0.0,0.0,1.0,0.0,33.8076,10.8451,3.0,1.0,1.0,1.0,556674.2993630574,580727.7766850828,False,True,False,True,False,False,True,False,True,False
477200.0,145.0,5.0,2.0,0.0,0.0,0.0,0.0,0.0,33.8076,10.8451,3.0,0.0,1.0,1.0,556674.2993630574,580727.7766850828,False,True,False,True,False,False,True,False,True,False
291800.0,105.0,4.0,3.0,0.0,0.0,1.0,0.0,0.0,33.8076,10.8451,2.0,0.0,1.0,1.0,556674.2993630574,580727.7766850828,False,True,False,True,False,False,True,False,True,False
637400.0,175.0,5.0,2.0,1.0,1.0,1.0,0.0,0.0,33.8076,10.8451,3.0,0.0,1.0,1.0,556674.2993630574,580727.7766850828,False,True,False,True,False,False,True,False,True,False
542680.0,150.0,4.0,2.0,1.0,0.0,1.0,0.0,0.0,33.8076,10.8451,2.0,1.0,1.0,1.0,556674.2993630574,580727.7766850828,False,True,False,True,False,False,True,False,True,False
323800.0,340.0,6.0,1.0,1.0,1.0,1.0,0.0,0.0,33.8076,10.8451,3.0,0.0,0.0,1.0,556674.2993630574,580727.7766850828,False,True,False,True,False,False,True,False,True,False
395300.0,400.0,5.0,2.0,1.0,0.0,0.0,0.0,0.0,33.8112,10.9884,3.0,1.0,1.0,0.0,556674.2993630574,580727.7766850828,False,True,False,True,False,False,True,False,True,False
615900.0,200.0,5.0,3.0,1.0,1.0,1.0,0.0,1.0,33.8123,10.987,3.0,1.0,1.0,1.0,556674.2993630574,580727.7766850828,False,True,False,True,False,False,True,False,True,False
549580.0,198.0,5.0,3.0,1.0,0.0,1.0,0.0,0.0,33.8122,10.987,3.0,1.0,1.0,1.0,556674.2993630574,580727.7766850828,False,True,False,True,False,False,True,False,True,False
666000.0,250.0,7.0,4.0,1.0,1.0,1.0,0.0,0.0,33.8076,10.8451,4.0,0.0,1.0,1.0,556674.2993630574,580727.7766850828,False,True,False,True,False,False,True,False,True,False
945500.0,350.0,10.0,4.0,1.0,1.0,1.0,0.0,1.0,33.8076,10.8451,4.0,1.0,1.0,1.0,556674.2993630574,580727.7766850828,False,True,False,True,False,False,True,False,True,False
1600000.0,325.0,6.0,2.0,1.0,0.0,0.0,0.0,0.0,36.8965,10.218,4.0,0.0,1.0,0.0,1011828.5111111111,917271.3972689076,False,False,True,True,False,False,False,True,True,False
140000.0,141.0,6.0,2.0,1.0,0.0,0.0,0.0,0.0,36.7749,10.1306,5.0,0.0,0.0,0.0,646545.4545454546,513184.2105263158,False,True,False,True,False,True,False,False,True,False
650000.0,350.0,4.0,2.0,0.0,0.0,0.0,0.0,0.0,36.4011,10.6146,3.0,0.0,1.0,1.0,809528.7390138675,783799.5456266907,False,False,True,True,False,False,True,False,True,False
1200000.0,400.0,3.0,2.0,1.0,0.0,1.0,1.0,1.0,36.4506,10.735,6.0,1.0,1.0,1.0,994136.9111340205,783799.5456266907,False,False,True,True,False,False,True,False,True,False
1200000.0,704.0,5.0,5.0,1.0,0.0,1.0,1.0,0.0,36.8833,10.25,5.0,1.0,1.0,1.0,1011828.5111111111,917271.3972689076,False,False,True,True,False,False,False,True,True,False
250000.0,90.0,5.0,3.0,0.0,0.0,0.0,0.0,0.0,36.8305,10.1239,8.0,0.0,0.0,0.0,1177994.243076923,783799.5456266907,False,False,True,True,False,False,True,False,True,False
280000.0,350.0,4.0,2.0,0.0,0.0,0.0,0.0,0.0,36.4011,10.6146,3.0,0.0,1.0,1.0,809528.7390138675,783799.5456266907,False,False,True,True,False,False,True,False,True,False
796000.0,370.0,5.0,3.0,1.0,0.0,1.0,1.0,1.0,36.8883,10.2742,4.0,1.0,1.0,1.0,1011828.5111111111,917271.3972689076,False,False,True,True,False,False,False,True,True,False
450000.0,300.0,5.0,1.0,1.0,0.0,1.0,0.0,0.0,36.5299,10.1029,3.0,1.0,1.0,0.0,499150.58999999997,917271.3972689076,False,True,False,True,False,False,False,True,True,False
700000.0,550.0,4.0,3.0,0.0,0.0,0.0,1.0,0.0,36.9544,10.1914,3.0,1.0,1.0,0.0,1020923.2245882354,917271.3972689076,False,False,True,True,False,False,False,True,True,False
490000.0,130.0,6.0,2.0,1.0,0.0,0.0,1.0,0.0,36.4011,10.6146,5.0,0.0,0.0,0.0,809528.7390138675,783799.5456266907,False,False,True,True,False,False,True,False,True,False
830000.0,920.0,7.0,3.0,1.0,0.0,1.0,1.0,0.0,34.7862,10.746,4.0,1.0,1.0,0.0,544027.7777777778,1105774.472,False,True,False,True,False,False,False,True,True,False
1250000.0,630.0,5.0,2.0,1.0,0.0,1.0,1.0,0.0,36.4011,10.6146,4.0,0.0,1.0,1.0,809528.7390138675,783799.5456266907,False,False,True,True,False,False,True,False,True,False
850000.0,270.0,4.0,1.0,0.0,0.0,1.0,1.0,1.0,36.4011,10.6146,3.0,0.0,1.0,1.0,809528.7390138675,783799.5456266907,False,False,True,True,False,False,True,False,True,False
600000.0,450.0,5.0,1.0,0.0,0.0,0.0,1.0,0.0,35.8218,10.5606,3.0,1.0,1.0,0.0,552642.1685714285,927922.7543356643,False,True,False,True,False,False,False,True,True,False
135000.0,120.0,5.0,1.0,1.0,0.0,0.0,0.0,0.0,36.0683,9.9724,2.0,0.0,0.0,0.0,736411.7647058824,831885.7976100629,False,True,False,True,False,False,False,True,True,False
1200000.0,680.0,6.0,5.0,1.0,0.0,1.0,1.0,0.0,36.4011,10.6146,4.0,0.0,1.0,1.0,809528.7390138675,783799.5456266907,False,False,True,True,False,False,True,False,True,False
280000.0,120.0,7.0,1.0,0.0,0.0,0.0,0.0,0.0,37.272,9.8708,5.0,1.0,0.0,0.0,513185.1669565218,534121.1009677419,False,True,False,True,False,True,False,False,True,False
2600000.0,480.0,5.0,1.0,0.0,0.0,0.0,0.0,0.0,36.8942,10.2762,5.0,0.0,1.0,1.0,1578293.3970945948,1449446.8968031188,False,False,True,True,False,False,False,True,True,False
640000.0,209.0,8.0,2.0,1.0,0.0,1.0,1.0,0.0,36.47,10.78,4.0,0.0,0.0,1.0,994136.9111340205,783799.5456266907,False,False,True,True,False,False,True,False,True,False
485000.0,225.0,2.0,2.0,1.0,0.0,1.0,0.0,1.0,36.659,10.4059,4.0,0.0,1.0,0.0,736411.7647058824,831885.7976100629,False,True,False,True,False,False,False,True,True,False
300000.0,300.0,3.0,2.0,1.0,0.0,0.0,0.0,0.0,36.404,10.569,3.0,1.0,1.0,0.0,809528.7390138675,783799.5456266907,False,False,True,True,False,False,True,False,True,False
350000.0,200.0,5.0,3.0,1.0,0.0,0.0,0.0,0.0,35.8569,10.5972,3.0,0.0,0.0,0.0,1015812.9829508197,927922.7543356643,False,False,True,True,False,False,False,True,True,False
219700.0,200.0,5.0,2.0,1.0,1.0,1.0,0.0,1.0,35.2913,10.7049,3.0,1.0,1.0,0.0,419940.0,534121.1009677419,True,False,False,True,False,True,False,False,True,False
690000.0,120.0,7.0,3.0,1.0,0.0,0.0,0.0,1.0,36.8883,10.2742,5.0,1.0,0.0,0.0,1011828.5111111111,917271.3972689076,False,False,True,True,False,False,False,True,True,False
350000.0,230.0,5.0,3.0,0.0,0.0,1.0,1.0,0.0,36.9544,10.1914,3.0,1.0,1.0,0.0,499150.58999999997,917271.3972689076,False,True,False,True,False,False,False,True,True,False
650000.0,420.0,4.0,2.0,1.0,0.0,0.0,0.0,0.0,36.6939,10.2622,3.0,1.0,1.0,0.0,614259.2592592592,831885.7976100629,False,True,False,True,False,False,False,True,True,False
340000.0,200.0,4.0,2.0,1.0,0.0,1.0,1.0,0.0,36.6939,10.2622,3.0,0.0,1.0,0.0,614259.2592592592,831885.7976100629,False,True,False,True,False,False,False,True,True,False
1300000.0,500.0,6.0,2.0,1.0,0.0,0.0,1.0,0.0,36.8239,10.2264,4.0,1.0,1.0,0.0,952083.3333333334,709285.7142857143,False,False,True,True,False,False,True,False,True,False
250000.0,200.0,6.0,2.0,1.0,0.0,0.0,0.0,0.0,36.8358,10.1176,6.0,1.0,0.0,0.0,349666.6666666667,917271.3972689076,True,False,False,True,False,False,False,True,True,False
800000.0,600.0,5.0,1.0,0.0,0.0,0.0,0.0,0.0,36.8762,10.1143,3.0,0.0,1.0,0.0,510000.0,709285.7142857143,False,True,False,True,False,False,True,False,True,False
1400000.0,452.0,5.0,1.0,0.0,0.0,0.0,0.0,0.0,36.8942,10.2762,3.0,0.0,0.0,0.0,1578293.3970945948,1449446.8968031188,False,False,True,True,False,False,False,True,True,False
1800000.0,284.0,5.0,3.0,1.0,0.0,1.0,1.0,1.0,36.8764,10.3253,4.0,1.0,1.0,1.0,1578293.3970945948,1449446.8968031188,False,False,True,True,False,False,False,True,True,False
592790.0,159.0,5.0,2.0,1.0,1.0,1.0,0.0,1.0,33.8122,10.987,3.0,1.0,1.0,1.0,556674.2993630574,580727.7766850828,False,True,False,True,False,False,True,False,True,False
650000.0,430.0,3.0,3.0,1.0,1.0,1.0,0.0,1.0,33.7597,11.0125,3.0,1.0,1.0,1.0,552642.1685714285,927922.7543356643,False,True,False,True,False,False,False,True,True,False
620000.0,349.0,4.0,3.0,0.0,0.0,0.0,0.0,0.0,33.8667,10.85,4.0,0.0,0.0,0.0,1011828.5111111111,917271.3972689076,False,False,True,True,False,False,False,True,True,False
650000.0,500.0,3.0,3.0,1.0,0.0,0.0,0.0,0.0,33.8667,10.85,3.0,0.0,0.0,1.0,537322.9179591837,537322.9179591837,False,True,False,True,False,False,True,False,True,False
2900000.0,340.0,3.0,3.0,1.0,0.0,1.0,1.0,1.0,36.8764,10.3253,3.0,0.0,1.0,0.0,1578293.3970945948,1449446.8968031188,False,False,True,True,False,False,False,True,True,False
600000.0,210.0,8.0,3.0,1.0,1.0,1.0,1.0,1.0,36.6817,10.159,5.0,1.0,1.0,0.0,410765.3846153846,607626.79375,True,False,False,True,False,False,True,False,True,False
1090000.0,600.0,4.0,2.0,0.0,0.0,0.0,0.0,0.0,36.8625,10.1956,4.0,1.0,1.0,0.0,1020923.2245882354,917271.3972689076,False,False,True,True,False,False,False,True,True,False
300000.0,140.0,7.0,1.0,0.0,0.0,0.0,0.0,0.0,37.272,9.8708,5.0,0.0,0.0,0.0,513185.1669565218,534121.1009677419,False,True,False,True,False,True,False,False,True,False
550000.0,244.0,4.0,2.0,1.0,0.0,1.0,1.0,0.0,36.4011,10.6146,3.0,0.0,0.0,0.0,809528.7390138675,783799.5456266907,False,False,True,True,False,False,True,False,True,False
1100000.0,272.0,3.0,1.0,1.0,0.0,0.0,1.0,0.0,36.8566,10.3258,2.0,1.0,1.0,0.0,2180444.6730612246,1449446.8968031188,False,False,True,True,False,False,False,True,True,False
940000.0,275.0,5.0,4.0,1.0,0.0,1.0,1.0,0.0,36.4011,10.6146,4.0,1.0,1.0,1.0,809528.7390138675,783799.5456266907,False,False,True,True,False,False,True,False,True,False
680700.0,195.0,5.0,3.0,1.0,0.0,1.0,0.0,0.0,33.8076,10.8451,3.0,1.0,1.0,1.0,556674.2993630574,580727.7766850828,False,True,False,True,False,False,True,False,True,False
760000.0,550.0,5.0,3.0,1.0,1.0,1.0,0.0,0.0,33.804,11.0401,4.0,0.0,1.0,1.0,604000.0,465625.0,False,True,False,True,False,True,False,False,True,False
220000.0,430.0,2.0,1.0,1.0,0.0,0.0,0.0,0.0,36.9668,10.2192,2.0,1.0,1.0,0.0,499150.58999999997,917271.3972689076,False,True,False,True,False,False,False,True,True,False
473580.0,805.0,6.0,2.0,0.0,0.0,0.0,0.0,1.0,33.8076,10.8451,3.0,0.0,1.0,1.0,556674.2993630574,580727.7766850828,False,True,False,True,False,False,True,False,True,False
334490.0,102.0,4.0,2.0,1.0,0.0,0.0,0.0,0.0,33.8123,10.9869,2.0,0.0,1.0,1.0,556674.2993630574,580727.7766850828,False,True,False,True,False,False,True,False,True,False
351300.0,140.0,5.0,2.0,1.0,0.0,0.0,0.0,0.0,33.8076,10.8451,3.0,1.0,1.0,0.0,556674.2993630574,580727.7766850828,False,True,False,True,False,False,True,False,True,False
475300.0,138.0,5.0,3.0,1.0,1.0,1.0,0.0,1.0,33.8076,10.8451,3.0,1.0,1.0,1.0,556674.2993630574,580727.7766850828,False,True,False,True,False,False,True,False,True,False
457600.0,139.0,5.0,2.0,0.0,1.0,1.0,0.0,1.0,33.8076,10.8451,3.0,1.0,1.0,1.0,556674.2993630574,580727.7766850828,False,True,False,True,False,False,True,False,True,False
315800.0,146.0,5.0,2.0,1.0,0.0,1.0,0.0,0.0,33.8076,10.8451,3.0,1.0,1.0,0.0,556674.2993630574,580727.7766850828,False,True,False,True,False,False,True,False,True,False
276900.0,139.0,5.0,2.0,0.0,0.0,0.0,0.0,0.0,33.8076,10.8451,3.0,0.0,1.0,0.0,556674.2993630574,580727.7766850828,False,True,False,True,False,False,True,False,True,False
278300.0,135.0,5.0,2.0,0.0,0.0,0.0,0.0,0.0,33.8076,10.8451,3.0,1.0,1.0,1.0,556674.2993630574,580727.7766850828,False,True,False,True,False,False,True,False,True,False
1100000.0,300.0,6.0,4.0,1.0,0.0,1.0,1.0,1.0,36.4011,10.6146,5.0,1.0,1.0,1.0,809528.7390138675,783799.5456266907,False,False,True,True,False,False,True,False,True,False
1800000.0,576.0,5.0,1.0,1.0,0.0,1.0,1.0,0.0,36.8579,10.2734,4.0,1.0,1.0,1.0,1578293.3970945948,1449446.8968031188,False,False,True,True,False,False,False,True,True,False
900000.0,500.0,5.0,1.0,0.0,0.0,0.0,0.0,0.0,37.272,9.8708,4.0,0.0,1.0,0.0,513185.1669565218,534121.1009677419,False,True,False,True,False,True,False,False,True,False
1070000.0,474.0,5.0,1.0,0.0,0.0,0.0,0.0,0.0,36.8484,10.1745,3.0,0.0,1.0,0.0,1020923.2245882354,917271.3972689076,False,False,True,True,False,False,False,True,True,False
1900000.0,615.0,9.0,2.0,1.0,0.0,0.0,1.0,0.0,36.4506,10.735,7.0,1.0,1.0,0.0,994136.9111340205,783799.5456266907,False,False,True,True,False,False,True,False,True,False
750000.0,255.0,4.0,2.0,1.0,0.0,1.0,1.0,1.0,36.4011,10.6146,3.0,1.0,1.0,1.0,809528.7390138675,783799.5456266907,False,False,True,True,False,False,True,False,True,False
940000.0,275.0,5.0,3.0,1.0,0.0,1.0,1.0,0.0,36.4011,10.6146,4.0,0.0,1.0,1.0,809528.7390138675,783799.5456266907,False,False,True,True,False,False,True,False,True,False
200000.0,378.0,5.0,1.0,0.0,0.0,0.0,0.0,0.0,36.8333,10.3167,3.0,0.0,0.0,0.0,1177994.243076923,783799.5456266907,False,False,True,True,False,False,True,False,True,False
272300.0,105.0,3.0,1.0,0.0,0.0,0.0,0.0,0.0,33.8122,10.987,2.0,0.0,1.0,0.0,556674.2993630574,580727.7766850828,False,True,False,True,False,False,True,False,True,False
950000.0,270.0,7.0,2.0,0.0,0.0,0.0,0.0,0.0,36.8145,10.1345,3.0,0.0,0.0,0.0,694850.0507317072,1449446.8968031188,False,True,False,True,False,False,False,True,True,False
210000.0,300.0,5.0,3.0,1.0,0.0,0.0,0.0,0.0,36.8668,10.1605,6.0,0.0,0.0,0.0,559271.8892307692,831885.7976100629,False,True,False,True,False,False,False,True,True,False
388900.0,139.0,4.0,2.0,1.0,0.0,1.0,0.0,0.0,33.8122,10.9869,3.0,1.0,1.0,1.0,556674.2993630574,580727.7766850828,False,True,False,True,False,False,True,False,True,False
291200.0,125.0,5.0,1.0,0.0,0.0,1.0,0.0,0.0,33.8076,10.8451,3.0,1.0,1.0,1.0,556674.2993630574,580727.7766850828,False,True,False,True,False,False,True,False,True,False
190000.0,100.0,5.0,1.0,0.0,0.0,0.0,0.0,0.0,36.8188,10.166,4.0,0.0,0.0,0.0,1177994.243076923,783799.5456266907,False,False,True,True,False,False,True,False,True,False
389000.0,426.0,6.0,2.0,1.0,1.0,1.0,1.0,1.0,36.731,10.4689,3.0,1.0,1.0,1.0,627104.5516666666,783799.5456266907,False,True,False,True,False,False,True,False,True,False
820000.0,430.0,6.0,1.0,0.0,0.0,0.0,0.0,0.0,36.6939,10.2622,6.0,0.0,0.0,0.0,614259.2592592592,831885.7976100629,False,True,False,True,False,False,False,True,True,False
1700000.0,60.0,4.0,2.0,1.0,0.0,0.0,0.0,0.0,36.4011,10.6146,3.0,0.0,0.0,0.0,809528.7390138675,783799.5456266907,False,False,True,True,False,False,True,False,True,False
850000.0,300.0,5.0,2.0,1.0,0.0,0.0,0.0,0.0,36.4011,10.6146,4.0,0.0,1.0,1.0,809528.7390138675,783799.5456266907,False,False,True,True,False,False,True,False,True,False
330000.0,100.0,3.0,1.0,0.0,0.0,0.0,0.0,0.0,36.4011,10.6146,2.0,0.0,0.0,0.0,809528.7390138675,783799.5456266907,False,False,True,True,False,False,True,False,True,False
750000.0,450.0,5.0,1.0,0.0,0.0,0.0,0.0,0.0,35.844,10.6188,3.0,0.0,0.0,0.0,809528.7390138675,783799.5456266907,False,False,True,True,False,False,True,False,True,False
460000.0,218.0,5.0,2.0,1.0,0.0,0.0,0.0,0.0,36.4011,10.6146,4.0,1.0,0.0,0.0,809528.7390138675,783799.5456266907,False,False,True,True,False,False,True,False,True,False
430000.0,400.0,4.0,2.0,1.0,0.0,0.0,0.0,0.0,36.4011,10.6146,3.0,1.0,0.0,0.0,809528.7390138675,783799.5456266907,False,False,True,True,False,False,True,False,True,False
800000.0,250.0,5.0,3.0,0.0,0.0,0.0,0.0,0.0,36.4011,10.6146,4.0,0.0,1.0,1.0,809528.7390138675,783799.5456266907,False,False,True,True,False,False,True,False,True,False
950000.0,285.0,5.0,3.0,0.0,0.0,0.0,0.0,0.0,36.4011,10.6146,4.0,0.0,1.0,1.0,809528.7390138675,783799.5456266907,False,False,True,True,False,False,True,False,True,False
470000.0,238.0,3.0,1.0,0.0,0.0,0.0,0.0,0.0,36.3749,10.5352,3.0,0.0,0.0,0.0,809528.7390138675,783799.5456266907,False,False,True,True,False,False,True,False,True,False
680000.0,800.0,3.0,1.0,0.0,0.0,0.0,0.0,0.0,36.4011,10.6146,3.0,0.0,0.0,1.0,809528.7390138675,783799.5456266907,False,False,True,True,False,False,True,False,True,False
800000.0,310.0,5.0,2.0,1.0,0.0,0.0,0.0,0.0,36.4011,10.6146,4.0,1.0,1.0,0.0,809528.7390138675,783799.5456266907,False,False,True,True,False,False,True,False,True,False
480000.0,308.0,4.0,2.0,0.0,0.0,0.0,0.0,0.0,36.4011,10.6146,3.0,0.0,0.0,0.0,809528.7390138675,783799.5456266907,False,False,True,True,False,False,True,False,True,False
270000.0,110.0,8.0,2.0,0.0,0.0,0.0,0.0,0.0,37.1303,9.7507,6.0,1.0,0.0,0.0,487846.1538461539,534121.1009677419,True,False,False,True,False,True,False,False,True,False
950000.0,310.0,5.0,4.0,1.0,0.0,1.0,1.0,0.0,36.4011,10.6146,4.0,0.0,1.0,1.0,809528.7390138675,783799.5456266907,False,False,True,True,False,False,True,False,True,False
295000.0,296.0,6.0,2.0,0.0,0.0,0.0,0.0,0.0,35.87,10.57,4.0,0.0,0.0,0.0,1026490.2244999999,927922.7543356643,False,False,True,True,False,False,False,True,True,False
670000.0,441.0,3.0,1.0,1.0,0.0,0.0,0.0,0.0,36.4011,10.6146,2.0,0.0,1.0,0.0,809528.7390138675,783799.5456266907,False,False,True,True,False,False,True,False,True,False
1190000.0,624.0,7.0,2.0,0.0,0.0,0.0,0.0,0.0,36.8308,10.1943,4.0,0.0,0.0,1.0,1177994.243076923,783799.5456266907,False,False,True,True,False,False,True,False,True,False
820000.0,507.0,5.0,3.0,1.0,0.0,1.0,1.0,0.0,36.4011,10.6146,4.0,0.0,1.0,1.0,809528.7390138675,783799.5456266907,False,False,True,True,False,False,True,False,True,False
1500000.0,430.0,4.0,4.0,1.0,0.0,1.0,1.0,0.0,36.8833,10.25,4.0,1.0,1.0,1.0,1011828.5111111111,917271.3972689076,False,False,True,True,False,False,False,True,True,False
1300000.0,450.0,6.0,1.0,0.0,0.0,0.0,1.0,0.0,35.8278,10.6129,3.0,0.0,0.0,0.0,1015812.9829508197,927922.7543356643,False,False,True,True,False,False,False,True,True,False
2400000.0,600.0,12.0,1.0,0.0,0.0,0.0,1.0,1.0,35.8864,10.5915,9.0,0.0,0.0,1.0,3590122.526666667,1105774.472,False,False,True,True,False,False,False,True,True,False
1730400.0,600.0,9.0,1.0,0.0,1.0,1.0,1.0,0.0,36.8857,10.3204,3.0,0.0,0.0,1.0,1578293.3970945948,1449446.8968031188,False,False,True,True,False,False,False,True,True,False
272950.0,100.0,4.0,1.0,0.0,0.0,1.0,1.0,1.0,35.7294,10.5833,3.0,0.0,0.0,0.0,424118.86799999996,927922.7543356643,True,False,False,True,False,False,False,True,True,False
288400.0,100.0,4.0,1.0,0.0,0.0,1.0,1.0,1.0,35.7294,10.5833,3.0,0.0,0.0,0.0,424118.86799999996,927922.7543356643,True,False,False,True,False,False,False,True,True,False
309000.0,100.0,4.0,1.0,0.0,0.0,1.0,1.0,1.0,35.7354,10.5786,3.0,0.0,0.0,0.0,424118.86799999996,927922.7543356643,True,False,False,True,False,False,False,True,True,False
450000.0,232.0,7.0,1.0,0.0,0.0,1.0,1.0,1.0,35.8514,10.5889,5.0,0.0,0.0,1.0,1015812.9829508197,927922.7543356643,False,False,True,True,False,False,False,True,True,False
410000.0,300.0,1.0,1.0,0.0,0.0,0.0,1.0,0.0,35.7557,10.6003,3.0,0.0,0.0,0.0,385000.0,927922.7543356643,True,False,False,False,True,False,False,True,True,False
600000.0,230.0,5.0,1.0,0.0,0.0,0.0,1.0,1.0,36.0314,10.5043,3.0,0.0,0.0,1.0,847410.6436363637,927922.7543356643,False,False,True,True,False,False,False,True,True,False
1550000.0,340.0,10.0,1.0,0.0,0.0,1.0,1.0,1.0,35.8314,10.6049,3.0,0.0,0.0,0.0,611065.7495652174,641574.9720430108,False,True,False,True,False,False,True,False,True,False
1050000.0,500.0,7.0,1.0,0.0,0.0,1.0,1.0,1.0,35.8314,10.6049,3.0,0.0,0.0,0.0,611065.7495652174,641574.9720430108,False,True,False,True,False,False,True,False,True,False
1200000.0,450.0,9.0,1.0,0.0,0.0,0.0,1.0,0.0,35.8392,10.5982,3.0,0.0,0.0,0.0,611065.7495652174,641574.9720430108,False,True,False,True,False,False,True,False,True,False
900000.0,400.0,5.0,1.0,0.0,0.0,0.0,1.0,0.0,35.8435,10.5933,3.0,0.0,0.0,0.0,611065.7495652174,641574.9720430108,False,True,False,True,False,False,True,False,True,False
2600000.0,850.0,8.0,1.0,0.0,0.0,0.0,1.0,0.0,35.9313,10.5475,3.0,0.0,0.0,0.0,1321233.3333333333,607626.79375,False,False,True,True,False,False,True,False,True,False
1260000.0,260.0,5.0,1.0,0.0,0.0,1.0,1.0,1.0,36.0314,10.5043,3.0,0.0,0.0,0.0,847410.6436363637,927922.7543356643,False,False,True,True,False,False,False,True,True,False
1550000.0,470.0,10.0,1.0,0.0,0.0,1.0,1.0,1.0,35.8266,10.6377,3.0,0.0,0.0,1.0,1015812.9829508197,927922.7543356643,False,False,True,True,False,False,False,True,True,False
2575000.0,450.0,8.0,1.0,0.0,0.0,0.0,1.0,0.0,35.8539,10.614,3.0,0.0,0.0,0.0,1015812.9829508197,927922.7543356643,False,False,True,True,False,False,False,True,True,False
920000.0,490.0,8.0,1.0,0.0,0.0,1.0,1.0,0.0,35.8427,10.5916,3.0,0.0,0.0,0.0,1015812.9829508197,927922.7543356643,False,False,True,True,False,False,False,True,True,False
450000.0,200.0,6.0,1.0,0.0,0.0,0.0,1.0,0.0,35.8236,10.6299,3.0,0.0,0.0,0.0,1015812.9829508197,927922.7543356643,False,False,True,True,False,False,False,True,True,False
1011200.0,256.0,5.0,1.0,0.0,1.0,1.0,1.0,1.0,35.7658,10.8088,3.0,0.0,0.0,1.0,925293.5079999999,641574.9720430108,False,False,True,True,False,False,True,False,True,False
1390500.0,310.0,6.0,1.0,0.0,1.0,1.0,1.0,1.0,35.7655,10.815,3.0,0.0,0.0,1.0,925293.5079999999,641574.9720430108,False,False,True,True,False,False,True,False,True,False
950000.0,520.0,4.0,1.0,0.0,0.0,1.0,1.0,0.0,35.8501,10.6066,3.0,0.0,0.0,0.0,1015812.9829508197,927922.7543356643,False,False,True,True,False,False,False,True,True,False
1500000.0,600.0,8.0,1.0,0.0,1.0,1.0,1.0,1.0,35.6679,10.857,3.0,0.0,0.0,1.0,1494533.4333333333,641574.9720430108,False,False,True,True,False,False,True,False,True,False
257500.0,560.0,5.0,1.0,0.0,0.0,0.0,1.0,0.0,35.851,10.5914,3.0,0.0,0.0,0.0,1015812.9829508197,927922.7543356643,False,False,True,True,False,False,False,True,True,False
66885.0,450.0,10.0,1.0,0.0,0.0,0.0,1.0,0.0,35.8216,10.6345,3.0,0.0,0.0,0.0,1015812.9829508197,927922.7543356643,False,False,True,True,False,False,False,True,True,False
1854000.0,380.0,4.0,1.0,0.0,0.0,1.0,1.0,1.0,36.9551,10.1581,3.0,0.0,0.0,1.0,1547034.0,1236960.2596551725,False,False,True,True,False,False,False,True,True,False
91670.0,120.0,3.0,1.0,0.0,0.0,0.0,1.0,0.0,35.8481,10.614,3.0,0.0,0.0,0.0,1015812.9829508197,927922.7543356643,False,False,True,True,False,False,False,True,True,False
450000.0,200.0,6.0,1.0,0.0,0.0,0.0,1.0,0.0,35.8275,10.6378,3.0,0.0,0.0,0.0,1015812.9829508197,927922.7543356643,False,False,True,True,False,False,False,True,True,False
460000.0,200.0,5.0,1.0,0.0,0.0,0.0,1.0,0.0,35.9204,10.5713,3.0,0.0,0.0,0.0,966122.5883333334,1236960.2596551725,False,False,True,True,False,False,False,True,True,False
3400000.0,900.0,5.0,1.0,0.0,1.0,1.0,1.0,1.0,35.8942,10.5982,3.0,0.0,0.0,1.0,3590122.526666667,1105774.472,False,False,True,True,False,False,False,True,True,False
2987000.0,900.0,8.0,1.0,0.0,1.0,1.0,1.0,1.0,35.8381,10.6329,3.0,0.0,0.0,0.0,1015812.9829508197,927922.7543356643,False,False,True,True,False,False,False,True,True,False
1500000.0,400.0,4.0,1.0,0.0,1.0,1.0,1.0,1.0,37.2247,9.7982,3.0,0.0,0.0,1.0,1500000.0,607626.79375,False,False,True,False,True,False,True,False,True,False
300000.0,226.0,3.0,1.0,0.0,0.0,1.0,1.0,0.0,35.8258,10.6315,3.0,0.0,0.0,0.0,1015812.9829508197,927922.7543356643,False,False,True,True,False,False,False,True,True,False
330000.0,250.0,3.0,1.0,0.0,0.0,1.0,1.0,0.0,35.8055,10.6339,3.0,0.0,0.0,0.0,1015812.9829508197,927922.7543356643,False,False,True,True,False,False,False,True,True,False
630000.0,330.0,5.0,1.0,0.0,0.0,1.0,1.0,0.0,33.7594,11.0131,3.0,0.0,0.0,1.0,552642.1685714285,927922.7543356643,False,True,False,True,False,False,False,True,True,False
525000.0,200.0,4.0,1.0,0.0,0.0,0.0,1.0,0.0,33.7594,11.0131,3.0,0.0,0.0,0.0,552642.1685714285,927922.7543356643,False,True,False,True,False,False,False,True,True,False
890000.0,416.0,6.0,1.0,0.0,0.0,1.0,1.0,0.0,35.8902,10.5941,3.0,0.0,0.0,0.0,1015812.9829508197,927922.7543356643,False,False,True,True,False,False,False,True,True,False
1750000.0,576.0,8.0,1.0,0.0,0.0,1.0,1.0,1.0,35.7587,10.7389,3.0,0.0,0.0,0.0,1393440.1199999999,692148.4488888889,False,False,True,True,False,False,True,False,True,False
1500000.0,275.0,5.0,1.0,0.0,1.0,1.0,1.0,0.0,35.8268,10.6355,3.0,0.0,0.0,0.0,1015812.9829508197,927922.7543356643,False,False,True,True,False,False,False,True,True,False
145000.0,110.0,3.0,1.0,0.0,0.0,0.0,0.0,0.0,35.884,10.5927,3.0,0.0,0.0,0.0,1015812.9829508197,927922.7543356643,False,False,True,True,False,False,False,True,True,False
580000.0,340.0,5.0,1.0,0.0,0.0,1.0,1.0,0.0,35.6463,10.9481,3.0,0.0,0.0,0.0,580000.0,1236960.2596551725,False,True,False,False,True,False,False,True,True,False
520000.0,320.0,4.0,1.0,0.0,0.0,1.0,1.0,0.0,36.4073,10.6177,3.0,0.0,0.0,1.0,809528.7390138675,783799.5456266907,False,False,True,True,False,False,True,False,True,False
400000.0,353.0,3.0,1.0,0.0,0.0,0.0,1.0,0.0,35.803,10.5937,3.0,0.0,0.0,0.0,1015812.9829508197,927922.7543356643,False,False,True,True,False,False,False,True,True,False
463500.0,382.0,4.0,1.0,0.0,0.0,1.0,1.0,1.0,36.4085,10.62,3.0,0.0,0.0,0.0,809528.7390138675,783799.5456266907,False,False,True,True,False,False,True,False,True,False
250000.0,180.0,4.0,1.0,0.0,0.0,0.0,1.0,0.0,35.8239,10.6373,3.0,0.0,0.0,0.0,1015812.9829508197,927922.7543356643,False,False,True,True,False,False,False,True,True,False
950000.0,500.0,5.0,1.0,0.0,1.0,1.0,1.0,1.0,35.9189,10.5801,3.0,0.0,0.0,0.0,966122.5883333334,1236960.2596551725,False,False,True,True,False,False,False,True,True,False
1400000.0,403.0,5.0,1.0,0.0,0.0,1.0,1.0,0.0,35.8403,10.5943,3.0,0.0,0.0,0.0,611065.7495652174,641574.9720430108,False,True,False,True,False,False,True,False,True,False
2070300.0,735.0,5.0,1.0,0.0,1.0,0.0,1.0,1.0,35.9271,10.5706,3.0,0.0,0.0,0.0,966122.5883333334,1236960.2596551725,False,False,True,True,False,False,False,True,True,False
1350000.0,700.0,7.0,1.0,0.0,1.0,1.0,1.0,1.0,35.9367,10.5447,3.0,0.0,0.0,1.0,1321233.3333333333,607626.79375,False,False,True,True,False,False,True,False,True,False
550000.0,200.0,4.0,1.0,0.0,1.0,1.0,1.0,0.0,35.852,10.621,3.0,0.0,0.0,0.0,1015812.9829508197,927922.7543356643,False,False,True,True,False,False,False,True,True,False
280800.0,240.0,3.0,1.0,0.0,0.0,0.0,1.0,0.0,35.7607,10.6284,3.0,0.0,0.0,0.0,1015812.9829508197,927922.7543356643,False,False,True,True,False,False,False,True,True,False
988800.0,340.0,5.0,1.0,0.0,1.0,1.0,1.0,1.0,35.72,10.67,3.0,0.0,0.0,0.0,983394.74,641574.9720430108,False,False,True,False,True,False,True,False,True,False
4635000.0,700.0,5.0,1.0,0.0,1.0,1.0,1.0,1.0,35.8861,10.5954,3.0,0.0,0.0,1.0,3590122.526666667,1105774.472,False,False,True,True,False,False,False,True,True,False
515000.0,600.0,5.0,1.0,0.0,0.0,0.0,1.0,0.0,33.8208,10.9989,3.0,0.0,0.0,0.0,625928.45,580727.7766850828,False,True,False,False,True,False,True,False,True,False
566500.0,378.0,5.0,1.0,0.0,0.0,0.0,1.0,0.0,35.8245,10.6346,3.0,0.0,0.0,0.0,1015812.9829508197,927922.7543356643,False,False,True,True,False,False,False,True,True,False
530000.0,250.0,4.0,1.0,0.0,0.0,1.0,1.0,0.0,35.8273,10.6339,3.0,0.0,0.0,0.0,1015812.9829508197,927922.7543356643,False,False,True,True,False,False,False,True,True,False
500000.0,300.0,4.0,1.0,0.0,0.0,1.0,1.0,0.0,35.9101,10.5785,3.0,0.0,0.0,0.0,966122.5883333334,1236960.2596551725,False,False,True,True,False,False,False,True,True,False
470000.0,265.0,4.0,1.0,0.0,0.0,0.0,1.0,0.0,35.8837,10.591,3.0,0.0,0.0,0.0,1015812.9829508197,927922.7543356643,False,False,True,True,False,False,False,True,True,False
900000.0,436.0,4.0,1.0,0.0,0.0,0.0,1.0,0.0,35.8433,10.6236,3.0,0.0,0.0,0.0,1015812.9829508197,927922.7543356643,False,False,True,True,False,False,False,True,True,False
150000.0,450.0,10.0,1.0,0.0,0.0,0.0,1.0,0.0,35.8206,10.6429,3.0,0.0,0.0,0.0,1015812.9829508197,927922.7543356643,False,False,True,True,False,False,False,True,True,False
550000.0,75.0,3.0,1.0,0.0,0.0,1.0,1.0,1.0,36.4506,10.735,3.0,0.0,0.0,1.0,994136.9111340205,783799.5456266907,False,False,True,True,False,False,True,False,True,False
1545000.0,451.0,6.0,1.0,0.0,0.0,1.0,1.0,1.0,35.8403,10.5943,3.0,0.0,0.0,1.0,611065.7495652174,641574.9720430108,False,True,False,True,False,False,True,False,True,False
770000.0,717.0,7.0,1.0,0.0,0.0,0.0,1.0,0.0,35.8348,10.628,3.0,0.0,0.0,0.0,952083.3333333334,709285.7142857143,False,False,True,True,False,False,True,False,True,False
570000.0,287.58,7.0,1.0,0.0,0.0,1.0,1.0,1.0,36.4506,10.735,3.0,0.0,0.0,1.0,994136.9111340205,783799.5456266907,False,False,True,True,False,False,True,False,True,False
638600.0,730.0,4.0,1.0,0.0,0.0,1.0,1.0,0.0,35.8713,10.573,3.0,0.0,0.0,0.0,1321233.3333333333,607626.79375,False,False,True,True,False,False,True,False,True,False
1800000.0,515.0,4.0,2.0,0.0,0.0,1.0,1.0,0.0,35.8694,10.5696,3.0,1.0,0.0,1.0,1321233.3333333333,607626.79375,False,False,True,True,False,False,True,False,True,False
927000.0,400.0,6.0,1.0,0.0,0.0,1.0,1.0,1.0,35.803,10.5904,3.0,0.0,0.0,1.0,1015812.9829508197,927922.7543356643,False,False,True,True,False,False,False,True,True,False
580000.0,630.0,5.0,1.0,0.0,0.0,0.0,1.0,0.0,35.8219,10.6369,3.0,0.0,0.0,0.0,1015812.9829508197,927922.7543356643,False,False,True,True,False,False,False,True,True,False
1300000.0,220.0,6.0,1.0,0.0,0.0,1.0,1.0,0.0,35.8337,10.6407,3.0,0.0,0.0,0.0,952083.3333333334,709285.7142857143,False,False,True,True,False,False,True,False,True,False
650000.0,340.0,6.0,1.0,0.0,0.0,0.0,1.0,0.0,36.8243,10.2046,3.0,0.0,0.0,0.0,279250.0,513184.2105263158,True,False,False,True,False,True,False,False,True,False
1400000.0,750.0,6.0,1.0,0.0,0.0,0.0,1.0,0.0,35.8439,10.6187,3.0,0.0,0.0,0.0,1339000.0,814548.518095238,False,False,True,True,False,False,False,True,True,False
1600000.0,750.0,8.0,1.0,0.0,0.0,0.0,1.0,0.0,36.8528,10.1596,3.0,0.0,0.0,0.0,1020923.2245882354,917271.3972689076,False,False,True,True,False,False,False,True,True,False
1800000.0,750.0,6.0,1.0,0.0,0.0,0.0,1.0,0.0,35.79,10.56,3.0,0.0,0.0,0.0,1876666.6666666667,534121.1009677419,False,False,True,True,False,True,False,False,True,False
1200000.0,550.0,7.0,1.0,0.0,0.0,0.0,1.0,0.0,35.8029,10.6609,3.0,0.0,0.0,0.0,1200000.0,927922.7543356643,False,False,True,False,True,False,False,True,True,False
540000.0,300.0,5.0,1.0,0.0,0.0,1.0,1.0,0.0,35.8337,10.6407,3.0,0.0,0.0,0.0,952083.3333333334,709285.7142857143,False,False,True,True,False,False,True,False,True,False
390000.0,220.0,3.0,1.0,0.0,0.0,0.0,1.0,0.0,35.8064,10.6138,3.0,0.0,0.0,0.0,1015812.9829508197,927922.7543356643,False,False,True,True,False,False,False,True,True,False
270000.0,300.0,6.0,1.0,0.0,0.0,0.0,1.0,0.0,36.0314,10.5043,3.0,0.0,0.0,0.0,1015812.9829508197,927922.7543356643,False,False,True,True,False,False,False,True,True,False
2500000.0,600.0,5.0,1.0,0.0,0.0,1.0,1.0,0.0,35.8064,10.6138,3.0,0.0,0.0,0.0,1015812.9829508197,927922.7543356643,False,False,True,True,False,False,False,True,True,False
988800.0,800.0,8.0,1.0,0.0,0.0,1.0,1.0,0.0,35.9431,10.5202,3.0,0.0,0.0,0.0,1321233.3333333333,607626.79375,False,False,True,True,False,False,True,False,True,False
800000.0,540.0,10.0,1.0,0.0,0.0,0.0,1.0,0.0,36.0301,10.5079,3.0,0.0,0.0,0.0,847410.6436363637,927922.7543356643,False,False,True,True,False,False,False,True,True,False
870000.0,300.0,9.0,1.0,0.0,1.0,1.0,1.0,0.0,35.7218,10.6179,3.0,0.0,0.0,0.0,1339000.0,814548.518095238,False,False,True,True,False,False,False,True,True,False
2700000.0,834.0,7.0,1.0,0.0,0.0,1.0,1.0,1.0,35.8942,10.5982,3.0,0.0,0.0,1.0,3590122.526666667,1105774.472,False,False,True,True,False,False,False,True,True,False
1470000.0,400.0,6.0,1.0,0.0,0.0,0.0,1.0,0.0,35.8064,10.6138,3.0,0.0,0.0,0.0,1015812.9829508197,927922.7543356643,False,False,True,True,False,False,False,True,True,False
1580000.0,357.0,6.0,1.0,0.0,0.0,1.0,1.0,0.0,36.4011,10.6146,3.0,0.0,0.0,1.0,809528.7390138675,783799.5456266907,False,False,True,True,False,False,True,False,True,False
550000.0,378.0,8.0,1.0,0.0,0.0,0.0,1.0,0.0,35.8273,10.6339,3.0,0.0,0.0,0.0,1015812.9829508197,927922.7543356643,False,False,True,True,False,False,False,True,True,False
450000.0,550.0,9.0,1.0,0.0,0.0,1.0,1.0,0.0,36.0301,10.5079,3.0,0.0,0.0,0.0,847410.6436363637,927922.7543356643,False,False,True,True,False,False,False,True,True,False
1500000.0,460.0,9.0,1.0,0.0,0.0,0.0,1.0,0.0,35.8273,10.6339,3.0,0.0,0.0,0.0,1015812.9829508197,927922.7543356643,False,False,True,True,False,False,False,True,True,False
1200000.0,810.0,5.0,1.0,0.0,0.0,0.0,1.0,0.0,35.87,10.57,3.0,0.0,0.0,0.0,1026490.2244999999,927922.7543356643,False,False,True,True,False,False,False,True,True,False
1200000.0,319.0,5.0,1.0,0.0,0.0,0.0,1.0,1.0,35.87,10.57,3.0,0.0,0.0,0.0,1026490.2244999999,927922.7543356643,False,False,True,True,False,False,False,True,True,False
1610580.0,688.0,8.0,1.0,0.0,0.0,1.0,1.0,1.0,36.9662,10.2124,3.0,0.0,0.0,1.0,1547034.0,1236960.2596551725,False,False,True,True,False,False,False,True,True,False
4944000.0,800.0,9.0,1.0,0.0,1.0,1.0,1.0,1.0,35.8942,10.5982,3.0,0.0,0.0,1.0,3590122.526666667,1105774.472,False,False,True,True,False,False,False,True,True,False
377701.0,122.2,3.0,1.0,0.0,1.0,1.0,1.0,1.0,36.952,8.7581,3.0,0.0,0.0,1.0,401160.838,368467.365,True,False,False,True,False,True,False,False,True,False
1337796.0,640.0,7.0,1.0,0.0,0.0,0.0,1.0,0.0,36.8566,10.1688,3.0,0.0,0.0,0.0,1020923.2245882354,917271.3972689076,False,False,True,True,False,False,False,True,True,False
650000.0,420.0,6.0,1.0,0.0,0.0,0.0,1.0,0.0,35.8747,10.5718,3.0,0.0,0.0,0.0,1026490.2244999999,927922.7543356643,False,False,True,True,False,False,False,True,True,False
400400.0,145.0,5.0,1.0,0.0,0.0,0.0,1.0,0.0,36.9668,10.2161,3.0,0.0,0.0,0.0,1547034.0,1236960.2596551725,False,False,True,True,False,False,False,True,True,False
325377.0,105.3,3.0,1.0,0.0,1.0,1.0,1.0,1.0,36.952,8.7581,3.0,0.0,0.0,1.0,401160.838,368467.365,True,False,False,True,False,True,False,False,True,False
288400.0,93.6,3.0,1.0,0.0,1.0,1.0,1.0,1.0,36.952,8.7581,3.0,0.0,0.0,1.0,401160.838,368467.365,True,False,False,True,False,True,False,False,True,False
329394.0,106.6,3.0,1.0,0.0,1.0,1.0,1.0,1.0,36.952,8.7581,3.0,0.0,0.0,1.0,401160.838,368467.365,True,False,False,True,False,True,False,False,True,False
662805.0,202.8,5.0,1.0,0.0,1.0,1.0,1.0,1.0,36.952,8.7581,3.0,0.0,0.0,1.0,401160.838,368467.365,True,False,False,True,False,True,False,False,True,False
395625.62,402.0,7.0,3.0,1.0,0.0,0.0,0.0,0.0,33.7755,10.9581,4.0,0.0,0.0,1.0,537322.9179591837,537322.9179591837,False,True,False,True,False,False,True,False,True,False
1098479.72,280.0,5.0,3.0,1.0,0.0,0.0,1.0,0.0,36.4073,10.6225,4.0,0.0,1.0,1.0,809528.7390138675,783799.5456266907,False,False,True,True,False,False,True,False,True,False
1533053.0799999998,340.0,10.0,1.0,0.0,0.0,1.0,1.0,1.0,35.8245,10.6346,3.0,0.0,0.0,0.0,1015812.9829508197,927922.7543356643,False,False,True,True,False,False,False,True,True,False
2373760.48,600.0,12.0,1.0,0.0,0.0,0.0,1.0,1.0,35.8864,10.5915,9.0,0.0,0.0,1.0,1015812.9829508197,927922.7543356643,False,False,True,True,False,False,False,True,True,False
791254.62,412.0,5.0,1.0,1.0,0.0,1.0,0.0,0.0,36.6966,10.4931,3.0,0.0,0.0,0.0,627104.5516666666,783799.5456266907,False,True,False,True,False,False,True,False,True,False
296720.06,226.0,3.0,1.0,0.0,0.0,1.0,1.0,0.0,35.8245,10.6346,3.0,0.0,0.0,0.0,1015812.9829508197,927922.7543356643,False,False,True,True,False,False,False,True,True,False
326393.08,250.0,3.0,1.0,0.0,0.0,1.0,1.0,0.0,35.8245,10.6346,3.0,0.0,0.0,0.0,1015812.9829508197,927922.7543356643,False,False,True,True,False,False,False,True,True,False
543987.34,224.0,8.0,3.0,1.0,0.0,1.0,0.0,1.0,36.8462,11.0995,5.0,0.0,0.0,0.0,451934.8628125,783799.5456266907,True,False,False,True,False,False,True,False,True,False
1285789.18,450.0,6.0,1.0,0.0,0.0,0.0,1.0,0.0,35.8245,10.6346,3.0,0.0,0.0,0.0,1015812.9829508197,927922.7543356643,False,False,True,True,False,False,False,True,True,False
840707.4,260.0,5.0,3.0,1.0,0.0,0.0,0.0,0.0,36.4073,10.6225,4.0,0.0,0.0,1.0,809528.7390138675,783799.5456266907,False,False,True,True,False,False,True,False,True,False
371391.01999999996,70.0,3.0,1.0,1.0,1.0,0.0,0.0,0.0,36.4073,10.6225,2.0,0.0,1.0,0.0,809528.7390138675,783799.5456266907,False,False,True,True,False,False,True,False,True,False
1266006.04,330.0,5.0,3.0,0.0,0.0,1.0,0.0,1.0,36.8859,10.2488,3.0,0.0,0.0,1.0,1011828.5111111111,917271.3972689076,False,False,True,True,False,False,False,True,True,False
1879229.3,625.0,10.0,5.0,1.0,1.0,1.0,0.0,1.0,36.8414,10.1633,5.0,0.0,0.0,0.0,1177994.243076923,783799.5456266907,False,False,True,True,False,False,True,False,True,False
771471.48,320.0,3.0,3.0,0.0,1.0,1.0,0.0,0.0,37.0535,11.0118,7.0,0.0,0.0,0.0,528091.5136842105,783799.5456266907,False,True,False,True,False,False,True,False,True,False
326393.08,341.0,5.0,1.0,1.0,0.0,0.0,0.0,0.0,35.7513,10.7116,3.0,0.0,0.0,0.0,611065.7495652174,641574.9720430108,False,True,False,True,False,False,True,False,True,False
854555.26,378.0,7.0,4.0,1.0,0.0,0.0,0.0,0.0,36.4256,10.5071,4.0,0.0,0.0,0.0,809528.7390138675,783799.5456266907,False,False,True,True,False,False,True,False,True,False
820927.64,380.0,7.0,2.0,0.0,0.0,0.0,0.0,0.0,36.7449,10.3077,5.0,0.0,0.0,0.0,1542012.4593548388,831885.7976100629,False,False,True,True,False,False,False,True,True,False
1483600.3,520.0,6.0,3.0,1.0,0.0,0.0,0.0,0.0,36.8065,10.1815,5.0,0.0,0.0,1.0,1047495.4257471263,1449446.8968031188,False,False,True,True,False,False,False,True,True,False
445081.77999999997,232.0,7.0,1.0,1.0,0.0,1.0,1.0,0.0,35.8245,10.6346,5.0,1.0,0.0,1.0,1015812.9829508197,927922.7543356643,False,False,True,True,False,False,False,True,True,False
285248.33999999997,100.0,4.0,1.0,0.0,0.0,1.0,1.0,0.0,35.7328,10.5751,3.0,0.0,0.0,0.0,424118.86799999996,927922.7543356643,True,False,False,True,False,False,False,True,True,False
2615433.86,430.0,10.0,4.0,1.0,0.0,0.0,1.0,0.0,36.8891,10.3223,7.0,0.0,1.0,0.0,1578293.3970945948,1449446.8968031188,False,False,True,True,False,False,False,True,True,False
305622.98,100.0,4.0,1.0,0.0,0.0,1.0,1.0,0.0,35.7328,10.5751,3.0,0.0,0.0,0.0,424118.86799999996,927922.7543356643,True,False,False,True,False,False,False,True,True,False
445081.77999999997,272.0,4.0,1.0,1.0,0.0,0.0,0.0,0.0,36.9343,10.1815,3.0,0.0,0.0,0.0,499150.58999999997,917271.3972689076,False,True,False,True,False,False,False,True,True,False
269967.36,100.0,4.0,1.0,0.0,0.0,1.0,1.0,0.0,35.7328,10.5751,3.0,0.0,0.0,0.0,424118.86799999996,927922.7543356643,True,False,False,True,False,False,False,True,True,False
1780320.3599999999,515.0,4.0,1.0,0.0,0.0,1.0,1.0,0.0,35.9335,10.5465,3.0,1.0,0.0,1.0,1353241.9085714284,1250438.6644444445,False,False,True,True,False,False,False,True,True,False
1137427.46,200.0,7.0,2.0,1.0,0.0,1.0,0.0,0.0,36.8065,10.1815,6.0,0.0,0.0,0.0,1047495.4257471263,1449446.8968031188,False,False,True,True,False,False,False,True,True,False
1434147.52,441.0,5.0,1.0,1.0,0.0,0.0,0.0,0.0,36.8065,10.1815,4.0,0.0,0.0,0.0,1047495.4257471263,1449446.8968031188,False,False,True,True,False,False,False,True,True,False
741801.84,300.0,10.0,3.0,0.0,0.0,0.0,0.0,0.0,37.2928,9.8348,4.0,0.0,0.0,0.0,513185.1669565218,534121.1009677419,False,True,False,True,False,True,False,False,True,False
830817.52,265.0,5.0,2.0,1.0,1.0,1.0,0.0,1.0,36.8532,11.1235,3.0,0.0,0.0,1.0,451934.8628125,783799.5456266907,True,False,False,True,False,False,True,False,True,False
939612.96,350.0,6.0,3.0,0.0,1.0,0.0,0.0,0.0,36.404,10.569,4.0,0.0,0.0,1.0,809528.7390138675,783799.5456266907,False,False,True,True,False,False,True,False,True,False
3362829.6,900.0,5.0,1.0,0.0,1.0,1.0,1.0,1.0,35.9158,10.5634,3.0,1.0,1.0,1.0,1026490.2244999999,927922.7543356643,False,False,True,True,False,False,False,True,True,False
415408.76,441.0,11.0,3.0,0.0,0.0,0.0,0.0,0.0,36.7997,10.1675,9.0,0.0,0.0,0.0,1047495.4257471263,1449446.8968031188,False,False,True,True,False,False,False,True,True,False
1107754.44,338.0,5.0,3.0,1.0,0.0,1.0,0.0,1.0,36.8859,10.2488,4.0,0.0,0.0,1.0,1011828.5111111111,917271.3972689076,False,False,True,True,False,False,False,True,True,False
1582509.24,750.0,8.0,3.0,0.0,0.0,0.0,0.0,1.0,36.8859,10.2488,6.0,0.0,0.0,1.0,1011828.5111111111,917271.3972689076,False,False,True,True,False,False,False,True,True,False
791254.62,353.0,7.0,3.0,1.0,0.0,1.0,0.0,0.0,36.8665,10.1647,5.0,0.0,0.0,0.0,1020923.2245882354,917271.3972689076,False,False,True,True,False,False,False,True,True,False
1087974.68,200.0,5.0,1.0,0.0,0.0,0.0,0.0,0.0,35.9335,10.5465,3.0,0.0,0.0,0.0,1353241.9085714284,1250438.6644444445,False,False,True,True,False,False,False,True,True,False
784629.82,210.0,4.0,2.0,1.0,0.0,0.0,1.0,0.0,36.4073,10.6225,3.0,0.0,1.0,1.0,809528.7390138675,783799.5456266907,False,False,True,True,False,False,True,False,True,False
969285.98,180.0,4.0,3.0,0.0,0.0,0.0,0.0,1.0,36.8065,10.1815,3.0,0.0,0.0,1.0,1047495.4257471263,1449446.8968031188,False,False,True,True,False,False,False,True,True,False
593440.12,230.0,5.0,1.0,0.0,0.0,0.0,1.0,1.0,36.0314,10.5043,4.0,0.0,0.0,1.0,847410.6436363637,927922.7543356643,False,False,True,True,False,False,False,True,True,False
642892.9,790.0,5.0,2.0,1.0,0.0,0.0,0.0,0.0,36.8462,11.0995,3.0,0.0,0.0,0.0,451934.8628125,783799.5456266907,True,False,False,True,False,False,True,False,True,False
880270.2999999999,520.0,5.0,1.0,0.0,0.0,0.0,0.0,0.0,36.8065,10.1815,3.0,0.0,0.0,0.0,1047495.4257471263,1449446.8968031188,False,False,True,True,False,False,False,True,True,False
1087974.68,347.0,5.0,3.0,1.0,0.0,1.0,0.0,0.0,36.4198,10.6619,4.0,0.0,0.0,1.0,1353241.9085714284,1250438.6644444445,False,False,True,True,False,False,False,True,True,False
633003.02,514.0,6.0,2.0,1.0,0.0,0.0,0.0,0.0,36.8065,10.1815,4.0,0.0,0.0,0.0,1047495.4257471263,1449446.8968031188,False,False,True,True,False,False,False,True,True,False
682455.7999999999,190.0,1.0,1.0,1.0,1.0,1.0,0.0,1.0,36.8157,10.9129,2.0,0.0,0.0,0.0,357611.62727272726,783799.5456266907,True,False,False,True,False,False,True,False,True,False
375845.86,100.0,4.0,2.0,0.0,0.0,0.0,0.0,1.0,36.6881,10.3779,2.0,0.0,0.0,0.0,548932.28,527233.07,False,True,False,False,True,True,False,False,True,False
741801.84,378.0,4.0,1.0,1.0,0.0,1.0,0.0,0.0,36.8133,10.1339,3.0,0.0,0.0,0.0,694850.0507317072,1449446.8968031188,False,True,False,True,False,False,False,True,True,False
1464641.88,300.0,4.0,3.0,1.0,0.0,0.0,0.0,0.0,36.4073,10.6225,3.0,0.0,1.0,1.0,809528.7390138675,783799.5456266907,False,False,True,True,False,False,True,False,True,False
217594.25999999998,157.0,6.0,2.0,1.0,0.0,0.0,0.0,0.0,36.8065,10.1815,10.0,0.0,0.0,0.0,1047495.4257471263,1449446.8968031188,False,False,True,True,False,False,False,True,True,False
1018738.76,378.0,5.0,1.0,0.0,0.0,1.0,1.0,1.0,36.9173,10.2853,3.0,0.0,0.0,1.0,1547034.0,1236960.2596551725,False,False,True,True,False,False,False,True,True,False
2472669.42,825.0,12.0,4.0,1.0,1.0,1.0,0.0,1.0,35.8245,10.6346,6.0,0.0,0.0,0.0,1015812.9829508197,927922.7543356643,False,False,True,True,False,False,False,True,True,False
543987.34,347.0,4.0,1.0,1.0,0.0,0.0,0.0,0.0,35.6747,10.8762,3.0,0.0,0.0,0.0,1578293.3970945948,1449446.8968031188,False,False,True,True,False,False,False,True,True,False
346172.83999999997,378.0,1.0,1.0,0.0,0.0,0.0,0.0,0.0,36.8462,11.0995,1.0,0.0,0.0,0.0,451934.8628125,783799.5456266907,True,False,False,True,False,False,True,False,True,False
791254.62,378.0,3.0,3.0,0.0,1.0,0.0,0.0,1.0,36.4073,10.6225,3.0,0.0,0.0,1.0,809528.7390138675,783799.5456266907,False,False,True,True,False,False,True,False,True,False
573660.36,630.0,5.0,1.0,0.0,0.0,0.0,1.0,0.0,35.8245,10.6346,3.0,0.0,0.0,0.0,1015812.9829508197,927922.7543356643,False,False,True,True,False,False,False,True,True,False
711395.36,180.0,3.0,2.0,1.0,1.0,0.0,1.0,0.0,36.4073,10.6225,2.0,0.0,1.0,1.0,809528.7390138675,783799.5456266907,False,False,True,True,False,False,True,False,True,False
539042.4,652.0,4.0,2.0,1.0,1.0,0.0,0.0,1.0,33.7755,10.9581,3.0,0.0,0.0,1.0,537322.9179591837,537322.9179591837,False,True,False,True,False,False,True,False,True,False
890160.1799999999,400.0,5.0,1.0,0.0,0.0,0.0,1.0,0.0,35.8245,10.6346,3.0,0.0,0.0,0.0,1015812.9829508197,927922.7543356643,False,False,True,True,False,False,False,True,True,False
1186880.24,450.0,9.0,1.0,0.0,0.0,0.0,1.0,0.0,35.8245,10.6346,3.0,0.0,0.0,0.0,1015812.9829508197,927922.7543356643,False,False,True,True,False,False,False,True,True,False
197814.5,378.0,3.0,1.0,0.0,0.0,0.0,0.0,0.0,33.8277,10.8677,2.0,0.0,0.0,0.0,197814.5,927922.7543356643,True,False,False,False,True,False,False,True,True,False
445081.77999999997,325.0,4.0,2.0,1.0,1.0,1.0,0.0,1.0,33.7755,10.9581,3.0,0.0,0.0,1.0,537322.9179591837,537322.9179591837,False,True,False,True,False,False,True,False,True,False
840707.4,805.0,6.0,1.0,1.0,0.0,1.0,0.0,0.0,36.8859,10.2488,5.0,0.0,0.0,0.0,1011828.5111111111,917271.3972689076,False,False,True,True,False,False,False,True,True,False
90668.5,120.0,3.0,1.0,0.0,0.0,0.0,0.0,0.0,35.8245,10.6346,3.0,0.0,0.0,0.0,1015812.9829508197,927922.7543356643,False,False,True,True,False,False,False,True,True,False
254686.38,560.0,5.0,1.0,0.0,0.0,0.0,0.0,0.0,35.8864,10.5915,3.0,0.0,0.0,0.0,1015812.9829508197,927922.7543356643,False,False,True,True,False,False,False,True,True,False
840707.4,600.0,2.0,4.0,0.0,0.0,0.0,0.0,0.0,37.0217,10.9115,6.0,0.0,0.0,0.0,840707.4,607626.79375,False,False,True,False,True,False,True,False,True,False
543987.34,350.0,1.0,1.0,1.0,0.0,0.0,0.0,0.0,36.4596,10.7831,4.0,0.0,0.0,0.0,642782.0582608696,783799.5456266907,False,True,False,True,False,False,True,False,True,False
746746.78,360.0,5.0,2.0,1.0,0.0,0.0,0.0,0.0,36.8065,10.1815,4.0,0.0,0.0,0.0,1047495.4257471263,1449446.8968031188,False,False,True,True,False,False,False,True,True,False
741801.84,493.0,8.0,2.0,0.0,0.0,1.0,0.0,0.0,36.8859,10.2488,6.0,0.0,0.0,0.0,1011828.5111111111,917271.3972689076,False,False,True,True,False,False,False,True,True,False
484644.68,182.0,9.0,1.0,1.0,0.0,0.0,0.0,1.0,35.8747,10.5718,3.0,0.0,0.0,0.0,1026490.2244999999,927922.7543356643,False,False,True,True,False,False,False,True,True,False
1087974.68,925.0,4.0,1.0,0.0,0.0,1.0,1.0,0.0,37.2652,9.6564,3.0,0.0,0.0,1.0,513185.1669565218,534121.1009677419,False,True,False,True,False,True,False,False,True,False
2571574.98,850.0,8.0,1.0,0.0,0.0,0.0,1.0,0.0,35.9335,10.5465,3.0,0.0,0.0,0.0,1353241.9085714284,1250438.6644444445,False,False,True,True,False,False,False,True,True,False
1444037.4,638.0,6.0,3.0,0.0,0.0,0.0,0.0,1.0,36.8859,10.2488,4.0,0.0,0.0,1.0,1011828.5111111111,917271.3972689076,False,False,True,True,False,False,False,True,True,False
1631962.02,387.0,3.0,2.0,1.0,0.0,1.0,0.0,1.0,36.8626,10.3329,2.0,0.0,0.0,1.0,2180444.6730612246,1449446.8968031188,False,False,True,True,False,False,False,True,True,False
1137427.46,350.0,11.0,3.0,1.0,1.0,0.0,0.0,1.0,36.404,10.569,7.0,0.0,0.0,1.0,809528.7390138675,783799.5456266907,False,False,True,True,False,False,True,False,True,False
445081.77999999997,150.0,3.0,1.0,1.0,0.0,0.0,0.0,0.0,36.4256,10.5071,2.0,0.0,0.0,1.0,809528.7390138675,783799.5456266907,False,False,True,True,False,False,True,False,True,False
890160.1799999999,378.0,4.0,2.0,1.0,0.0,1.0,0.0,0.0,36.4073,10.6225,3.0,0.0,0.0,0.0,809528.7390138675,783799.5456266907,False,False,True,True,False,False,True,False,True,False
741801.84,264.0,5.0,3.0,0.0,0.0,0.0,0.0,1.0,36.4073,10.6225,4.0,0.0,0.0,1.0,809528.7390138675,783799.5456266907,False,False,True,True,False,False,True,False,True,False
1780320.3599999999,749.0,9.0,3.0,1.0,0.0,0.0,0.0,0.0,36.9173,10.2853,7.0,0.0,0.0,1.0,1547034.0,1236960.2596551725,False,False,True,True,False,False,False,True,True,False
1879229.3,330.0,9.0,5.0,1.0,0.0,1.0,0.0,1.0,36.9017,11.1023,4.0,0.0,0.0,0.0,1542012.4593548388,831885.7976100629,False,False,True,True,False,False,False,True,True,False
1883112.92,370.0,6.0,5.0,0.0,0.0,0.0,1.0,0.0,36.8065,10.1815,5.0,0.0,1.0,1.0,1047495.4257471263,1449446.8968031188,False,False,True,True,False,False,False,True,True,False
375845.86,490.0,5.0,1.0,0.0,0.0,0.0,0.0,0.0,36.7231,10.3442,3.0,0.0,0.0,0.0,516205.0955555556,831885.7976100629,False,True,False,True,False,False,False,True,True,False
751691.72,620.0,5.0,3.0,1.0,0.0,1.0,0.0,1.0,33.7755,10.9581,4.0,0.0,0.0,1.0,537322.9179591837,537322.9179591837,False,True,False,True,False,False,True,False,True,False
2848515.28,725.0,7.0,6.0,0.0,0.0,1.0,0.0,0.0,36.8525,10.2965,5.0,0.0,0.0,1.0,2180444.6730612246,1449446.8968031188,False,False,True,True,False,False,False,True,True,False
1113693.0999999999,386.0,7.0,1.0,0.0,0.0,1.0,1.0,1.0,36.9173,10.2853,3.0,0.0,0.0,1.0,1547034.0,1236960.2596551725,False,False,True,True,False,False,False,True,True,False
860487.1599999999,300.0,9.0,1.0,0.0,1.0,1.0,1.0,0.0,35.8245,10.6346,3.0,0.0,0.0,0.0,1015812.9829508197,927922.7543356643,False,False,True,True,False,False,False,True,True,False
751691.72,620.0,5.0,3.0,1.0,0.0,1.0,0.0,1.0,33.7755,10.9581,4.0,0.0,0.0,1.0,537322.9179591837,537322.9179591837,False,True,False,True,False,False,True,False,True,False
1113693.0999999999,386.0,7.0,1.0,0.0,0.0,1.0,1.0,1.0,36.9173,10.2853,3.0,0.0,0.0,1.0,1547034.0,1236960.2596551725,False,False,True,True,False,False,False,True,True,False
3362829.6,270.0,5.0,1.0,0.0,1.0,1.0,0.0,1.0,36.9173,10.2853,3.0,0.0,0.0,1.0,1547034.0,1236960.2596551725,False,False,True,True,False,False,False,True,True,False
385735.74,500.0,9.0,2.0,0.0,0.0,0.0,0.0,0.0,33.876,10.8573,3.0,0.0,0.0,0.0,510761.18000000005,580727.7766850828,False,True,False,True,False,False,True,False,True,False
690473.16,205.0,4.0,2.0,1.0,0.0,0.0,1.0,0.0,36.4073,10.6225,3.0,0.0,1.0,1.0,809528.7390138675,783799.5456266907,False,False,True,True,False,False,True,False,True,False
1150788.5999999999,195.0,4.0,3.0,1.0,0.0,0.0,1.0,0.0,36.4073,10.6225,3.0,0.0,1.0,1.0,809528.7390138675,783799.5456266907,False,False,True,True,False,False,True,False,True,False
835762.46,345.0,5.0,1.0,0.0,0.0,1.0,1.0,1.0,36.4073,10.6225,3.0,0.0,0.0,1.0,809528.7390138675,783799.5456266907,False,False,True,True,False,False,True,False,True,False
573660.36,340.0,5.0,1.0,0.0,0.0,1.0,1.0,0.0,35.644,10.9468,3.0,0.0,0.0,0.0,362886.7866666666,641574.9720430108,True,False,False,True,False,False,True,False,True,False
133638.44,200.0,4.0,1.0,0.0,1.0,1.0,1.0,0.0,36.9483,8.7426,3.0,0.0,0.0,1.0,401160.838,368467.365,True,False,False,True,False,True,False,False,True,False
1384694.74,403.0,5.0,1.0,0.0,0.0,1.0,1.0,1.0,35.8245,10.6346,3.0,0.0,0.0,0.0,1015812.9829508197,927922.7543356643,False,False,True,True,False,False,False,True,True,False
1285789.18,878.0,5.0,1.0,1.0,0.0,0.0,0.0,0.0,36.8665,10.1647,3.0,0.0,0.0,0.0,1020923.2245882354,917271.3972689076,False,False,True,True,False,False,False,True,True,False
780847.6,250.0,6.0,1.0,0.0,0.0,0.0,1.0,0.0,36.8859,10.2488,5.0,0.0,0.0,0.0,1011828.5111111111,917271.3972689076,False,False,True,True,False,False,False,True,True,False
642892.9,420.0,6.0,1.0,0.0,0.0,0.0,1.0,0.0,35.8747,10.5718,3.0,0.0,0.0,0.0,1026490.2244999999,927922.7543356643,False,False,True,True,False,False,False,True,True,False
761581.6,717.0,7.0,1.0,0.0,0.0,0.0,1.0,0.0,35.8343,10.6246,3.0,0.0,0.0,0.0,1015812.9829508197,927922.7543356643,False,False,True,True,False,False,False,True,True,False
326393.08,420.0,3.0,1.0,0.0,0.0,1.0,0.0,0.0,36.4073,10.6225,2.0,0.0,0.0,0.0,809528.7390138675,783799.5456266907,False,False,True,True,False,False,True,False,True,False
573660.36,340.0,5.0,1.0,0.0,0.0,1.0,1.0,0.0,35.644,10.9468,3.0,0.0,0.0,0.0,362886.7866666666,641574.9720430108,True,False,False,True,False,False,True,False,True,False
133638.44,200.0,4.0,1.0,0.0,1.0,1.0,1.0,0.0,36.9483,8.7426,3.0,0.0,0.0,1.0,401160.838,368467.365,True,False,False,True,False,True,False,False,True,False
1384694.74,403.0,5.0,1.0,0.0,0.0,1.0,1.0,1.0,35.8245,10.6346,3.0,0.0,0.0,0.0,1015812.9829508197,927922.7543356643,False,False,True,True,False,False,False,True,True,False
1473710.42,460.0,8.0,1.0,0.0,0.0,1.0,0.0,1.0,36.9173,10.2853,3.0,0.0,0.0,1.0,1547034.0,1236960.2596551725,False,False,True,True,False,False,False,True,True,False
3056219.6599999997,378.0,5.0,1.0,0.0,1.0,1.0,0.0,1.0,36.9173,10.2853,3.0,0.0,0.0,1.0,1547034.0,1236960.2596551725,False,False,True,True,False,False,False,True,True,False
1186880.24,610.0,5.0,1.0,0.0,0.0,0.0,0.0,0.0,36.8665,10.1647,3.0,0.0,0.0,0.0,1020923.2245882354,917271.3972689076,False,False,True,True,False,False,False,True,True,False
1307715.24,350.0,5.0,4.0,1.0,0.0,0.0,1.0,0.0,36.4073,10.6225,4.0,0.0,1.0,1.0,809528.7390138675,783799.5456266907,False,False,True,True,False,False,True,False,True,False
296720.06,350.0,3.0,1.0,1.0,0.0,0.0,0.0,0.0,36.4073,10.6225,2.0,0.0,0.0,1.0,809528.7390138675,783799.5456266907,False,False,True,True,False,False,True,False,True,False
1285789.18,878.0,5.0,1.0,1.0,0.0,0.0,0.0,0.0,36.8665,10.1647,3.0,0.0,0.0,0.0,1020923.2245882354,917271.3972689076,False,False,True,True,False,False,False,True,True,False
1528108.14,451.0,6.0,1.0,0.0,0.0,1.0,1.0,0.0,35.8245,10.6346,3.0,0.0,0.0,1.0,1015812.9829508197,927922.7543356643,False,False,True,True,False,False,False,True,True,False
890160.1799999999,850.0,4.0,1.0,0.0,0.0,1.0,0.0,0.0,36.4073,10.6225,3.0,0.0,0.0,1.0,809528.7390138675,783799.5456266907,False,False,True,True,False,False,True,False,True,False
445081.77999999997,600.0,6.0,1.0,0.0,0.0,0.0,1.0,0.0,35.7941,10.6591,3.0,0.0,0.0,0.0,518012.26,917271.3972689076,False,True,False,True,False,False,False,True,True,False
613223.26,474.0,5.0,2.0,1.0,0.0,0.0,0.0,0.0,36.5806,10.8621,5.0,0.0,0.0,0.0,468502.50999999995,783799.5456266907,True,False,False,True,False,False,True,False,True,False
4889950.78,800.0,9.0,1.0,0.0,1.0,1.0,1.0,1.0,35.9158,10.5634,3.0,0.0,0.0,1.0,1026490.2244999999,927922.7543356643,False,False,True,True,False,False,False,True,True,False
66153.36,450.0,10.0,1.0,0.0,0.0,0.0,0.0,0.0,35.8245,10.6346,3.0,0.0,0.0,0.0,1015812.9829508197,927922.7543356643,False,False,True,True,False,False,False,True,True,False
346172.83999999997,698.0,7.0,2.0,1.0,0.0,1.0,0.0,0.0,33.785,11.0061,5.0,0.0,0.0,0.0,1026490.2244999999,927922.7543356643,False,False,True,True,False,False,False,True,True,False
534097.46,378.0,5.0,2.0,0.0,0.0,0.0,0.0,0.0,33.8767,10.8518,3.0,0.0,0.0,0.0,510761.18000000005,580727.7766850828,False,True,False,True,False,False,True,False,True,False
682455.7999999999,790.0,5.0,2.0,1.0,0.0,0.0,0.0,0.0,36.8462,11.0995,3.0,0.0,0.0,0.0,451934.8628125,783799.5456266907,True,False,False,True,False,False,True,False,True,False
361011.04,507.0,4.0,1.0,1.0,1.0,1.0,0.0,1.0,33.8767,10.8518,2.0,0.0,0.0,1.0,510761.18000000005,580727.7766850828,False,True,False,True,False,False,True,False,True,False
733493.7999999999,320.0,5.0,1.0,0.0,0.0,0.0,0.0,0.0,35.8245,10.6346,3.0,0.0,0.0,0.0,1015812.9829508197,927922.7543356643,False,False,True,True,False,False,False,True,True,False
642892.9,203.0,5.0,1.0,0.0,1.0,1.0,1.0,1.0,36.9483,8.7426,3.0,0.0,0.0,1.0,401160.838,368467.365,True,False,False,True,False,True,False,False,True,False
524204.2,250.0,4.0,1.0,0.0,0.0,1.0,1.0,0.0,35.8245,10.6346,3.0,0.0,0.0,0.0,1015812.9829508197,927922.7543356643,False,False,True,True,False,False,False,True,True,False
1323171.98,640.0,7.0,1.0,0.0,0.0,0.0,1.0,0.0,36.8525,10.1577,3.0,0.0,0.0,0.0,1177994.243076923,783799.5456266907,False,False,True,True,False,False,True,False,True,False
519259.26,200.0,4.0,1.0,0.0,0.0,0.0,0.0,0.0,33.7659,11.0189,3.0,0.0,0.0,0.0,552642.1685714285,927922.7543356643,False,True,False,True,False,False,False,True,True,False
1384694.74,750.0,6.0,1.0,0.0,0.0,0.0,1.0,0.0,35.8245,10.6346,3.0,0.0,0.0,0.0,1015812.9829508197,927922.7543356643,False,False,True,True,False,False,False,True,True,False
1483600.3,275.0,5.0,1.0,0.0,1.0,1.0,1.0,0.0,35.8245,10.6346,3.0,0.0,0.0,0.0,1015812.9829508197,927922.7543356643,False,False,True,True,False,False,False,True,True,False
1426512.0999999999,528.0,8.0,1.0,0.0,0.0,1.0,1.0,1.0,36.9173,10.2853,3.0,0.0,0.0,1.0,1547034.0,1236960.2596551725,False,False,True,True,False,False,False,True,True,False
227484.13999999998,180.0,4.0,1.0,0.0,0.0,0.0,1.0,0.0,35.8245,10.6346,3.0,0.0,0.0,0.0,1015812.9829508197,927922.7543356643,False,False,True,True,False,False,False,True,True,False
321819.94,105.0,3.0,1.0,0.0,1.0,1.0,1.0,1.0,36.9483,8.7426,3.0,0.0,0.0,1.0,401160.838,368467.365,True,False,False,True,False,True,False,False,True,False
395625.62,353.0,3.0,1.0,0.0,0.0,0.0,1.0,0.0,35.7804,10.6309,3.0,0.0,0.0,0.0,1015812.9829508197,927922.7543356643,False,False,True,True,False,False,False,True,True,False
396021.08,145.0,5.0,1.0,0.0,0.0,0.0,1.0,0.0,36.9173,10.2853,3.0,0.0,0.0,0.0,1547034.0,1236960.2596551725,False,False,True,True,False,False,False,True,True,False
494534.56,300.0,4.0,1.0,0.0,0.0,1.0,1.0,0.0,35.9188,10.576,3.0,0.0,0.0,0.0,966122.5883333334,1236960.2596551725,False,False,True,True,False,False,False,True,True,False
754659.36,279.0,7.0,1.0,0.0,0.0,1.0,1.0,1.0,36.9488,10.1983,3.0,0.0,0.0,1.0,499150.58999999997,917271.3972689076,False,True,False,True,False,False,False,True,True,False
633003.02,514.0,6.0,2.0,1.0,0.0,0.0,0.0,0.0,36.8065,10.1815,4.0,0.0,0.0,0.0,1047495.4257471263,1449446.8968031188,False,False,True,True,False,False,False,True,True,False
1150788.5999999999,250.0,6.0,3.0,1.0,0.0,0.0,1.0,0.0,36.8065,10.1815,5.0,0.0,0.0,1.0,1047495.4257471263,1449446.8968031188,False,False,True,True,False,False,False,True,True,False
1778495.16,200.0,5.0,2.0,0.0,0.0,0.0,1.0,0.0,36.4513,10.7357,4.0,0.0,1.0,0.0,994136.9111340205,783799.5456266907,False,False,True,True,False,False,True,False,True,False
1150788.5999999999,250.0,5.0,3.0,1.0,0.0,0.0,1.0,0.0,36.4073,10.6225,4.0,0.0,1.0,1.0,809528.7390138675,783799.5456266907,False,False,True,True,False,False,True,False,True,False
642892.9,783.0,8.0,6.0,1.0,0.0,0.0,0.0,0.0,33.8767,10.8518,5.0,0.0,0.0,0.0,510761.18000000005,580727.7766850828,False,True,False,True,False,False,True,False,True,False
1065345.58,484.0,8.0,1.0,0.0,0.0,1.0,1.0,1.0,36.9173,10.2853,3.0,0.0,0.0,1.0,1547034.0,1236960.2596551725,False,False,True,True,False,False,False,True,True,False
1186880.24,550.0,7.0,1.0,0.0,0.0,0.0,1.0,0.0,35.7941,10.6591,3.0,0.0,0.0,0.0,518012.26,917271.3972689076,False,True,False,True,False,False,False,True,True,False
1271150.4,484.0,8.0,1.0,0.0,0.0,1.0,1.0,1.0,36.9173,10.2853,3.0,0.0,0.0,1.0,1547034.0,1236960.2596551725,False,False,True,True,False,False,False,True,True,False
3056219.6599999997,270.0,6.0,1.0,0.0,1.0,1.0,0.0,1.0,36.9173,10.2853,3.0,0.0,0.0,1.0,1547034.0,1236960.2596551725,False,False,True,True,False,False,False,True,True,False
2670480.54,834.0,7.0,1.0,0.0,0.0,1.0,1.0,0.0,35.9158,10.5634,3.0,0.0,0.0,1.0,1026490.2244999999,927922.7543356643,False,False,True,True,False,False,False,True,True,False
631617.22,730.0,4.0,1.0,0.0,0.0,1.0,1.0,0.0,35.9335,10.5465,3.0,1.0,0.0,0.0,1353241.9085714284,1250438.6644444445,False,False,True,True,False,False,False,True,True,False
1730867.5799999998,576.0,8.0,1.0,0.0,0.0,1.0,1.0,0.0,35.7447,10.7887,3.0,0.0,0.0,0.0,925293.5079999999,641574.9720430108,False,False,True,True,False,False,True,False,True,False
1780320.3599999999,750.0,6.0,1.0,0.0,0.0,0.0,1.0,0.0,33.9532,10.0185,3.0,0.0,0.0,0.0,1393440.1199999999,692148.4488888889,False,False,True,True,False,False,True,False,True,False
325791.44,107.0,3.0,1.0,0.0,1.0,1.0,1.0,1.0,36.9483,8.7426,3.0,0.0,0.0,1.0,401160.838,368467.365,True,False,False,True,False,True,False,False,True,False
395625.62,850.0,1.0,1.0,0.0,0.0,0.0,1.0,0.0,36.4073,10.6225,3.0,0.0,0.0,0.0,809528.7390138675,783799.5456266907,False,False,True,True,False,False,True,False,True,False
979175.86,337.0,5.0,4.0,1.0,0.0,1.0,0.0,1.0,36.4073,10.6225,4.0,0.0,0.0,1.0,809528.7390138675,783799.5456266907,False,False,True,True,False,False,True,False,True,False
1186880.24,250.0,5.0,2.0,0.0,0.0,1.0,0.0,1.0,35.7643,10.8113,4.0,0.0,0.0,0.0,925293.5079999999,641574.9720430108,False,False,True,True,False,False,True,False,True,False
543987.34,378.0,8.0,1.0,0.0,0.0,0.0,0.0,0.0,35.8245,10.6346,3.0,0.0,0.0,0.0,1015812.9829508197,927922.7543356643,False,False,True,True,False,False,False,True,True,False
741801.84,255.0,5.0,1.0,0.0,1.0,1.0,1.0,0.0,35.8245,10.6346,3.0,0.0,0.0,0.0,1015812.9829508197,927922.7543356643,False,False,True,True,False,False,False,True,True,False
1186880.24,400.0,7.0,1.0,0.0,0.0,0.0,1.0,0.0,36.4073,10.6225,3.0,0.0,0.0,0.0,809528.7390138675,783799.5456266907,False,False,True,True,False,False,True,False,True,False
1384694.74,761.0,12.0,4.0,0.0,0.0,0.0,0.0,1.0,36.8891,10.3223,8.0,0.0,0.0,0.0,1578293.3970945948,1449446.8968031188,False,False,True,True,False,False,False,True,True,False
1404474.5,400.0,10.0,2.0,0.0,0.0,0.0,0.0,0.0,36.8065,10.1815,8.0,0.0,0.0,0.0,1047495.4257471263,1449446.8968031188,False,False,True,True,False,False,False,True,True,False
543987.34,378.0,5.0,1.0,0.0,0.0,1.0,0.0,1.0,36.4513,10.7357,3.0,0.0,0.0,1.0,994136.9111340205,783799.5456266907,False,False,True,True,False,False,True,False,True,False
1582509.24,750.0,8.0,1.0,0.0,0.0,0.0,0.0,0.0,36.8665,10.1647,3.0,0.0,0.0,0.0,1020923.2245882354,917271.3972689076,False,False,True,True,False,False,False,True,True,False
2954343.08,900.0,8.0,1.0,0.0,1.0,1.0,1.0,1.0,35.8245,10.6346,3.0,0.0,0.0,0.0,1015812.9829508197,927922.7543356643,False,False,True,True,False,False,False,True,True,False
543987.34,200.0,4.0,1.0,0.0,1.0,1.0,1.0,0.0,35.8245,10.6346,3.0,0.0,0.0,0.0,1015812.9829508197,927922.7543356643,False,False,True,True,False,False,False,True,True,False
1186880.24,810.0,5.0,1.0,0.0,0.0,0.0,0.0,0.0,35.87,10.57,3.0,0.0,0.0,0.0,1026490.2244999999,927922.7543356643,False,False,True,True,False,False,False,True,True,False
1236333.02,469.0,7.0,3.0,1.0,0.0,1.0,0.0,1.0,36.8665,10.1647,5.0,0.0,0.0,0.0,1020923.2245882354,917271.3972689076,False,False,True,True,False,False,False,True,True,False
361011.04,378.0,6.0,2.0,0.0,1.0,0.0,0.0,0.0,33.8767,10.8518,2.0,0.0,0.0,0.0,510761.18000000005,580727.7766850828,False,True,False,True,False,False,True,False,True,False
277731.22,240.0,3.0,1.0,0.0,0.0,0.0,0.0,0.0,35.754,10.6253,3.0,0.0,0.0,0.0,1015812.9829508197,927922.7543356643,False,False,True,True,False,False,False,True,True,False
1533053.0799999998,470.0,10.0,1.0,0.0,0.0,1.0,1.0,1.0,35.8245,10.6346,3.0,0.0,0.0,1.0,1015812.9829508197,927922.7543356643,False,False,True,True,False,False,False,True,True,False
1582509.24,840.0,6.0,4.0,1.0,0.0,1.0,0.0,1.0,36.4073,10.6225,5.0,0.0,0.0,1.0,809528.7390138675,783799.5456266907,False,False,True,True,False,False,True,False,True,False
741801.84,480.0,8.0,3.0,1.0,0.0,0.0,0.0,0.0,36.5806,10.8621,7.0,0.0,0.0,0.0,468502.50999999995,783799.5456266907,True,False,False,True,False,False,True,False,True,False
1285789.18,500.0,5.0,1.0,0.0,0.0,1.0,1.0,0.0,36.4073,10.6225,3.0,0.0,0.0,1.0,809528.7390138675,783799.5456266907,False,False,True,True,False,False,True,False,True,False
445081.77999999997,519.0,6.0,2.0,1.0,1.0,1.0,0.0,1.0,33.8005,11.0174,3.0,0.0,0.0,1.0,747303.2021052631,831885.7976100629,False,False,True,True,False,False,False,True,True,False
692345.6799999999,610.0,5.0,3.0,0.0,0.0,1.0,0.0,1.0,33.7755,10.9581,4.0,0.0,0.0,1.0,537322.9179591837,537322.9179591837,False,True,False,True,False,False,True,False,True,False
791254.62,800.0,5.0,2.0,0.0,0.0,0.0,0.0,0.0,33.9185,8.1229,4.0,0.0,0.0,0.0,890627.31,1250438.6644444445,False,False,True,False,True,False,False,True,True,False
365955.98,378.0,4.0,2.0,1.0,0.0,0.0,0.0,0.0,33.8216,10.9977,3.0,0.0,0.0,0.0,510761.18000000005,580727.7766850828,False,True,False,True,False,False,True,False,True,False
909943.32,490.0,8.0,1.0,0.0,0.0,1.0,1.0,0.0,35.8245,10.6346,3.0,0.0,0.0,0.0,1015812.9829508197,927922.7543356643,False,False,True,True,False,False,False,True,True,False
445081.77999999997,550.0,9.0,1.0,0.0,0.0,1.0,1.0,0.0,36.0314,10.5043,3.0,0.0,0.0,0.0,847410.6436363637,927922.7543356643,False,False,True,True,False,False,False,True,True,False
1074397.22,344.0,7.0,1.0,0.0,0.0,1.0,1.0,1.0,36.9173,10.2853,3.0,0.0,0.0,1.0,1547034.0,1236960.2596551725,False,False,True,True,False,False,False,True,True,False
977989.48,340.0,5.0,1.0,0.0,1.0,1.0,0.0,1.0,35.7087,10.6788,3.0,0.0,0.0,0.0,983394.74,641574.9720430108,False,False,True,False,True,False,True,False,True,False
642892.9,250.0,9.0,1.0,0.0,0.0,0.0,1.0,0.0,35.8245,10.6346,3.0,0.0,0.0,0.0,1015812.9829508197,927922.7543356643,False,False,True,True,False,False,False,True,True,False
296720.06,160.0,5.0,1.0,0.0,0.0,1.0,1.0,0.0,35.8245,10.6346,3.0,0.0,0.0,0.0,1015812.9829508197,927922.7543356643,False,False,True,True,False,False,False,True,True,False
454971.66,200.0,5.0,1.0,0.0,0.0,0.0,1.0,0.0,35.9188,10.576,3.0,0.0,0.0,0.0,966122.5883333334,1236960.2596551725,False,False,True,True,False,False,False,True,True,False
1780320.3599999999,330.0,6.0,1.0,0.0,0.0,1.0,0.0,1.0,36.9173,10.2853,3.0,0.0,1.0,1.0,1547034.0,1236960.2596551725,False,False,True,True,False,False,False,True,True,False
316503.2,812.0,8.0,2.0,1.0,0.0,0.0,0.0,0.0,33.7755,10.9581,5.0,0.0,0.0,0.0,537322.9179591837,537322.9179591837,False,True,False,True,False,False,True,False,True,False
2546850.28,450.0,8.0,1.0,0.0,0.0,0.0,1.0,0.0,35.8245,10.6346,3.0,0.0,0.0,0.0,1015812.9829508197,927922.7543356643,False,False,True,True,False,False,False,True,True,False
840369.4,250.0,6.0,1.0,0.0,0.0,1.0,1.0,1.0,36.8859,10.2488,5.0,0.0,0.0,0.0,1011828.5111111111,917271.3972689076,False,False,True,True,False,False,False,True,True,False
1186880.24,646.0,7.0,2.0,1.0,0.0,1.0,0.0,1.0,36.8065,10.1815,5.0,0.0,0.0,0.0,1047495.4257471263,1449446.8968031188,False,False,True,True,False,False,False,True,True,False
591888.7,138.0,4.0,1.0,1.0,1.0,1.0,1.0,1.0,35.8245,10.6346,3.0,0.0,0.0,0.0,1015812.9829508197,927922.7543356643,False,False,True,True,False,False,False,True,True,False
405518.88,452.0,5.0,2.0,1.0,1.0,1.0,0.0,1.0,33.8005,11.0174,3.0,0.0,0.0,1.0,747303.2021052631,831885.7976100629,False,False,True,True,False,False,False,True,True,False
1074397.22,344.0,7.0,1.0,0.0,0.0,1.0,1.0,1.0,36.9173,10.2853,3.0,0.0,0.0,1.0,1547034.0,1236960.2596551725,False,False,True,True,False,False,False,True,True,False
655750.4199999999,203.0,5.0,1.0,0.0,1.0,1.0,1.0,1.0,36.9483,8.7426,3.0,0.0,0.0,1.0,401160.838,368467.365,True,False,False,True,False,True,False,False,True,False
1285789.18,220.0,6.0,1.0,0.0,0.0,1.0,1.0,0.0,35.8343,10.6246,3.0,0.0,0.0,0.0,1015812.9829508197,927922.7543356643,False,False,True,True,False,False,False,True,True,False
415408.76,666.0,4.0,2.0,1.0,0.0,0.0,0.0,0.0,33.876,10.8573,3.0,0.0,0.0,0.0,510761.18000000005,580727.7766850828,False,True,False,True,False,False,True,False,True,False
1473710.42,378.0,9.0,3.0,1.0,0.0,0.0,0.0,0.0,36.8665,10.1647,4.0,0.0,0.0,0.0,1020923.2245882354,917271.3972689076,False,False,True,True,False,False,False,True,True,False
2546850.28,450.0,8.0,1.0,0.0,0.0,0.0,1.0,0.0,35.8245,10.6346,3.0,0.0,0.0,0.0,1015812.9829508197,927922.7543356643,False,False,True,True,False,False,False,True,True,False
413238.8,250.0,5.0,2.0,1.0,0.0,0.0,0.0,0.0,36.4513,10.7357,3.0,0.0,1.0,0.0,994136.9111340205,783799.5456266907,False,False,True,True,False,False,True,False,True,False
909943.32,572.0,5.0,1.0,1.0,0.0,1.0,0.0,0.0,33.8767,10.8518,3.0,0.0,0.0,1.0,510761.18000000005,580727.7766850828,False,True,False,True,False,False,True,False,True,False
3115562.32,660.0,5.0,1.0,0.0,0.0,1.0,1.0,0.0,36.8626,10.3329,3.0,1.0,0.0,1.0,2180444.6730612246,1449446.8968031188,False,False,True,True,False,False,False,True,True,False
385735.74,380.0,4.0,2.0,0.0,1.0,0.0,0.0,0.0,33.876,10.8573,3.0,0.0,0.0,0.0,510761.18000000005,580727.7766850828,False,True,False,True,False,False,True,False,True,False
405518.88,340.0,9.0,1.0,0.0,0.0,0.0,0.0,0.0,35.6712,10.1005,3.0,0.0,0.0,0.0,337774.4436363636,814548.518095238,True,False,False,True,False,False,False,True,True,False
916865.5599999999,400.0,6.0,1.0,0.0,0.0,1.0,1.0,1.0,35.7804,10.6309,3.0,0.0,0.0,1.0,1015812.9829508197,927922.7543356643,False,False,True,True,False,False,False,True,True,False
543987.34,294.0,5.0,1.0,0.0,0.0,1.0,1.0,0.0,35.8245,10.6346,3.0,0.0,0.0,0.0,1015812.9829508197,927922.7543356643,False,False,True,True,False,False,False,True,True,False
642892.9,340.0,6.0,1.0,0.0,0.0,0.0,0.0,0.0,36.8065,10.1815,3.0,0.0,0.0,0.0,1047495.4257471263,1449446.8968031188,False,False,True,True,False,False,False,True,True,False
771471.48,600.0,5.0,1.0,0.0,1.0,1.0,1.0,0.0,35.8864,10.5915,3.0,0.0,0.0,1.0,1015812.9829508197,927922.7543356643,False,False,True,True,False,False,False,True,True,False
1078084.8,400.0,7.0,1.0,0.0,0.0,1.0,0.0,1.0,36.9173,10.2853,3.0,0.0,0.0,1.0,1547034.0,1236960.2596551725,False,False,True,True,False,False,False,True,True,False
655750.4199999999,203.0,5.0,1.0,0.0,1.0,1.0,1.0,1.0,36.9483,8.7426,3.0,0.0,0.0,1.0,401160.838,368467.365,True,False,False,True,False,True,False,False,True,False
1173292.64,375.0,8.0,1.0,0.0,0.0,1.0,1.0,1.0,36.9173,10.2853,3.0,0.0,0.0,1.0,1547034.0,1236960.2596551725,False,False,True,True,False,False,False,True,True,False
560305.98,378.0,5.0,1.0,0.0,0.0,0.0,0.0,0.0,35.8245,10.6346,3.0,0.0,0.0,0.0,1015812.9829508197,927922.7543356643,False,False,True,True,False,False,False,True,True,False
494534.56,350.0,6.0,1.0,0.0,0.0,0.0,1.0,0.0,36.7435,10.232,3.0,0.0,0.0,0.0,559271.8892307692,831885.7976100629,False,True,False,True,False,False,False,True,True,False
1335241.96,700.0,7.0,1.0,0.0,1.0,1.0,1.0,1.0,35.9335,10.5465,3.0,0.0,0.0,1.0,1353241.9085714284,1250438.6644444445,False,False,True,True,False,False,False,True,True,False
1210617.98,484.0,8.0,1.0,0.0,0.0,1.0,1.0,1.0,36.9173,10.2853,3.0,0.0,0.0,1.0,1547034.0,1236960.2596551725,False,False,True,True,False,False,False,True,True,False
1489265.18,688.0,8.0,1.0,0.0,0.0,1.0,1.0,1.0,36.9173,10.2853,3.0,0.0,0.0,1.0,1547034.0,1236960.2596551725,False,False,True,True,False,False,False,True,True,False
373571.12,122.0,3.0,1.0,0.0,1.0,1.0,1.0,1.0,36.9483,8.7426,3.0,0.0,0.0,1.0,401160.838,368467.365,True,False,False,True,False,True,False,False,True,False
407496.18,360.0,5.0,1.0,0.0,0.0,0.0,0.0,0.0,33.8869,9.5375,3.0,0.0,0.0,0.0,1047495.4257471263,1449446.8968031188,False,False,True,True,False,False,False,True,True,False
1222488.54,700.0,5.0,1.0,0.0,1.0,1.0,0.0,0.0,33.2281,10.8903,3.0,0.0,0.0,0.0,1222488.54,580727.7766850828,False,False,True,True,False,False,True,False,True,False
395625.62,378.0,4.0,2.0,1.0,0.0,0.0,0.0,0.0,33.8216,10.9977,3.0,0.0,0.0,0.0,510761.18000000005,580727.7766850828,False,True,False,True,False,False,True,False,True,False
1266006.04,380.0,6.0,4.0,0.0,0.0,0.0,0.0,0.0,36.8859,10.2488,5.0,0.0,0.0,1.0,1011828.5111111111,917271.3972689076,False,False,True,True,False,False,False,True,True,False
385735.74,380.0,4.0,2.0,0.0,1.0,0.0,0.0,0.0,33.876,10.8573,3.0,0.0,0.0,0.0,510761.18000000005,580727.7766850828,False,True,False,True,False,False,True,False,True,False
1210617.98,484.0,8.0,1.0,0.0,0.0,1.0,1.0,1.0,36.9173,10.2853,3.0,0.0,0.0,1.0,1547034.0,1236960.2596551725,False,False,True,True,False,False,False,True,True,False
1489265.18,688.0,8.0,1.0,0.0,0.0,1.0,1.0,1.0,36.9173,10.2853,3.0,0.0,0.0,1.0,1547034.0,1236960.2596551725,False,False,True,True,False,False,False,True,True,False
373571.12,122.0,3.0,1.0,0.0,1.0,1.0,1.0,1.0,36.9483,8.7426,3.0,0.0,0.0,1.0,401160.838,368467.365,True,False,False,True,False,True,False,False,True,False
407496.18,360.0,5.0,1.0,0.0,0.0,0.0,0.0,0.0,33.8869,9.5375,3.0,0.0,0.0,0.0,1047495.4257471263,1449446.8968031188,False,False,True,True,False,False,False,True,True,False
1222488.54,700.0,5.0,1.0,0.0,1.0,1.0,0.0,0.0,33.2281,10.8903,3.0,0.0,0.0,0.0,1222488.54,580727.7766850828,False,False,True,True,False,False,True,False,True,False
672565.9199999999,320.0,7.0,2.0,0.0,0.0,0.0,0.0,0.0,36.8065,10.1815,5.0,0.0,0.0,0.0,1047495.4257471263,1449446.8968031188,False,False,True,True,False,False,False,True,True,False
1246226.28,260.0,5.0,1.0,0.0,0.0,1.0,1.0,1.0,36.0314,10.5043,3.0,0.0,0.0,0.0,847410.6436363637,927922.7543356643,False,False,True,True,False,False,False,True,True,False
682455.7999999999,320.0,5.0,5.0,1.0,0.0,0.0,0.0,0.0,36.8462,11.0995,5.0,0.0,0.0,0.0,451934.8628125,783799.5456266907,True,False,False,True,False,False,True,False,True,False
910169.78,230.0,4.0,2.0,1.0,0.0,0.0,1.0,0.0,36.4073,10.6225,3.0,0.0,1.0,1.0,809528.7390138675,783799.5456266907,False,False,True,True,False,False,True,False,True,False
356062.72,199.0,4.0,2.0,0.0,0.0,0.0,0.0,0.0,36.8065,10.1815,3.0,0.0,0.0,0.0,1047495.4257471263,1449446.8968031188,False,False,True,True,False,False,False,True,True,False
820927.64,420.0,4.0,1.0,0.0,1.0,1.0,1.0,0.0,36.4073,10.6225,3.0,0.0,0.0,1.0,809528.7390138675,783799.5456266907,False,False,True,True,False,False,True,False,True,False
484644.68,378.0,6.0,2.0,1.0,0.0,0.0,0.0,0.0,33.8617,10.9185,2.0,0.0,0.0,0.0,484644.68,641574.9720430108,True,False,False,False,True,False,True,False,True,False
543987.34,310.0,5.0,1.0,0.0,1.0,0.0,1.0,0.0,35.87,10.57,3.0,0.0,0.0,0.0,1026490.2244999999,927922.7543356643,False,False,True,True,False,False,False,True,True,False
534097.46,300.0,5.0,1.0,0.0,0.0,1.0,1.0,0.0,35.8343,10.6246,3.0,0.0,0.0,0.0,1015812.9829508197,927922.7543356643,False,False,True,True,False,False,False,True,True,False
775804.64,340.0,7.0,1.0,0.0,0.0,1.0,1.0,1.0,36.4513,10.7357,3.0,0.0,0.0,1.0,994136.9111340205,783799.5456266907,False,False,True,True,False,False,True,False,True,False
977989.48,800.0,8.0,1.0,0.0,0.0,1.0,1.0,0.0,35.9335,10.5465,3.0,0.0,0.0,0.0,1353241.9085714284,1250438.6644444445,False,False,True,True,False,False,False,True,True,False
1173292.64,493.0,8.0,1.0,0.0,0.0,1.0,1.0,1.0,36.9173,10.2853,3.0,0.0,0.0,1.0,1547034.0,1236960.2596551725,False,False,True,True,False,False,False,True,True,False
563767.1,288.0,7.0,1.0,0.0,0.0,1.0,1.0,1.0,36.4513,10.7357,3.0,0.0,0.0,1.0,994136.9111340205,783799.5456266907,False,False,True,True,False,False,True,False,True,False
143413.4,110.0,3.0,1.0,0.0,0.0,0.0,1.0,0.0,35.8864,10.5915,3.0,0.0,0.0,0.0,1015812.9829508197,927922.7543356643,False,False,True,True,False,False,False,True,True,False
1511296.02,394.0,7.0,1.0,0.0,0.0,1.0,0.0,1.0,36.9173,10.2853,3.0,0.0,0.0,1.0,1547034.0,1236960.2596551725,False,False,True,True,False,False,False,True,True,False
346172.83999999997,378.0,5.0,1.0,0.0,0.0,0.0,0.0,0.0,35.7941,10.6591,3.0,0.0,0.0,0.0,518012.26,917271.3972689076,False,True,False,True,False,False,False,True,True,False
672565.9199999999,319.0,8.0,3.0,0.0,0.0,0.0,0.0,0.0,36.8665,10.1647,5.0,0.0,0.0,0.0,1020923.2245882354,917271.3972689076,False,False,True,True,False,False,False,True,True,False
583550.24,190.0,4.0,2.0,0.0,0.0,0.0,0.0,0.0,36.8133,10.1339,3.0,0.0,0.0,0.0,694850.0507317072,1449446.8968031188,False,True,False,True,False,False,False,True,True,False
445081.77999999997,200.0,6.0,1.0,0.0,0.0,0.0,1.0,0.0,35.8245,10.6346,3.0,0.0,0.0,0.0,1015812.9829508197,927922.7543356643,False,False,True,True,False,False,False,True,True,False
494534.56,359.0,4.0,3.0,1.0,1.0,1.0,0.0,0.0,33.7755,10.9581,3.0,0.0,0.0,1.0,537322.9179591837,537322.9179591837,False,True,False,True,False,False,True,False,True,False
89015.68,190.0,4.0,1.0,0.0,0.0,0.0,0.0,0.0,36.4073,10.6225,3.0,0.0,0.0,0.0,809528.7390138675,783799.5456266907,False,False,True,True,False,False,True,False,True,False
722018.7,450.0,10.0,1.0,0.0,0.0,0.0,1.0,1.0,36.6881,10.3779,3.0,0.0,0.0,0.0,548932.28,527233.07,False,True,False,False,True,True,False,False,True,False
2472669.42,498.0,4.0,1.0,0.0,0.0,0.0,0.0,0.0,36.8549,10.2993,3.0,0.0,0.0,0.0,1416795.7877419356,1449446.8968031188,False,False,True,True,False,False,False,True,True,False
514314.32,252.0,4.0,2.0,1.0,0.0,0.0,0.0,0.0,36.7716,10.2768,3.0,0.0,0.0,0.0,477254.9476923077,831885.7976100629,True,False,False,True,False,False,False,True,True,False
356062.72,734.0,5.0,3.0,1.0,0.0,0.0,0.0,0.0,33.7755,10.9581,3.0,0.0,0.0,0.0,537322.9179591837,537322.9179591837,False,True,False,True,False,False,True,False,True,False
1186880.24,440.0,7.0,1.0,0.0,0.0,0.0,0.0,0.0,36.8891,10.3223,7.0,0.0,0.0,0.0,1578293.3970945948,1449446.8968031188,False,False,True,True,False,False,False,True,True,False
219700.0,190.0,3.0,2.0,0.0,0.0,0.0,0.0,0.0,35.2923,10.7042,3.0,0.0,0.0,0.0,419940.0,534121.1009677419,True,False,False,True,False,True,False,False,True,False
1234484.16,362.0,5.0,3.0,1.0,0.0,0.0,1.0,0.0,36.4073,10.6225,4.0,0.0,1.0,1.0,809528.7390138675,783799.5456266907,False,False,True,True,False,False,True,False,True,False
1375298.3399999999,310.0,6.0,1.0,0.0,1.0,1.0,1.0,1.0,35.7643,10.8113,3.0,0.0,0.0,1.0,925293.5079999999,641574.9720430108,False,False,True,True,False,False,True,False,True,False
875325.36,262.0,4.0,1.0,0.0,0.0,1.0,1.0,1.0,36.4073,10.6225,3.0,0.0,0.0,1.0,809528.7390138675,783799.5456266907,False,False,True,True,False,False,True,False,True,False
247267.28,103.0,8.0,1.0,0.0,0.0,0.0,0.0,0.0,33.605,10.3044,3.0,0.0,0.0,0.0,498633.64,641574.9720430108,False,True,False,False,True,False,True,False,True,False
593440.12,350.0,5.0,2.0,1.0,1.0,1.0,0.0,1.0,37.0535,11.0118,4.0,0.0,0.0,0.0,528091.5136842105,783799.5456266907,False,True,False,True,False,False,True,False,True,False
2047664.8399999999,735.0,5.0,1.0,0.0,1.0,0.0,1.0,1.0,35.9188,10.576,3.0,0.0,0.0,0.0,966122.5883333334,1236960.2596551725,False,False,True,True,False,False,False,True,True,False
1176990.3599999999,400.0,7.0,1.0,0.0,0.0,1.0,0.0,1.0,36.9173,10.2853,3.0,0.0,0.0,1.0,1547034.0,1236960.2596551725,False,False,True,True,False,False,False,True,True,False
247267.28,160.0,4.0,1.0,0.0,0.0,0.0,1.0,0.0,35.8343,10.6246,3.0,1.0,1.0,0.0,1015812.9829508197,927922.7543356643,False,False,True,True,False,False,False,True,True,False
1222488.54,450.0,5.0,1.0,0.0,1.0,1.0,1.0,1.0,33.2281,10.8903,3.0,0.0,0.0,0.0,1222488.54,580727.7766850828,False,False,True,True,False,False,True,False,True,False
1382122.56,403.0,7.0,1.0,0.0,0.0,1.0,1.0,1.0,36.9173,10.2853,3.0,0.0,0.0,1.0,1547034.0,1236960.2596551725,False,False,True,True,False,False,False,True,True,False
969285.98,450.0,5.0,1.0,0.0,0.0,1.0,1.0,0.0,36.0314,10.5043,3.0,0.0,0.0,1.0,847410.6436363637,927922.7543356643,False,False,True,True,False,False,False,True,True,False
4450804.28,475.0,5.0,1.0,0.0,1.0,1.0,0.0,1.0,36.9173,10.2853,3.0,0.0,0.0,1.0,1547034.0,1236960.2596551725,False,False,True,True,False,False,False,True,True,False
890160.1799999999,947.0,5.0,2.0,1.0,0.0,0.0,0.0,1.0,33.8005,11.0174,5.0,0.0,0.0,1.0,747303.2021052631,831885.7976100629,False,False,True,True,False,False,False,True,True,False
791254.62,567.0,4.0,1.0,0.0,1.0,1.0,1.0,0.0,36.4073,10.6225,3.0,0.0,0.0,0.0,809528.7390138675,783799.5456266907,False,False,True,True,False,False,True,False,True,False
2967200.6,370.0,5.0,1.0,0.0,0.0,0.0,0.0,0.0,36.9173,10.2853,3.0,0.0,0.0,0.0,1547034.0,1236960.2596551725,False,False,True,True,False,False,False,True,True,False
1186880.24,319.0,5.0,1.0,0.0,0.0,0.0,1.0,1.0,35.87,10.57,3.0,0.0,0.0,0.0,1026490.2244999999,927922.7543356643,False,False,True,True,False,False,False,True,True,False
722018.7,334.0,10.0,1.0,0.0,0.0,0.0,1.0,0.0,35.87,10.57,3.0,0.0,0.0,0.0,1026490.2244999999,927922.7543356643,False,False,True,True,False,False,False,True,True,False
672565.9199999999,691.0,2.0,3.0,0.0,0.0,0.0,0.0,1.0,37.0535,11.0118,4.0,0.0,0.0,0.0,528091.5136842105,783799.5456266907,False,True,False,True,False,False,True,False,True,False
3461735.1599999997,900.0,5.0,3.0,0.0,1.0,0.0,0.0,1.0,35.8864,10.5915,4.0,0.0,0.0,1.0,3590122.526666667,1105774.472,False,False,True,True,False,False,False,True,True,False
583550.24,378.0,4.0,2.0,1.0,0.0,0.0,0.0,1.0,33.8216,10.9977,3.0,0.0,0.0,1.0,510761.18000000005,580727.7766850828,False,True,False,True,False,False,True,False,True,False
1255406.3599999999,350.0,5.0,5.0,1.0,0.0,0.0,1.0,0.0,36.4073,10.6225,4.0,0.0,1.0,1.0,809528.7390138675,783799.5456266907,False,False,True,True,False,False,True,False,True,False
1360024.1199999999,143.0,4.0,1.0,0.0,0.0,0.0,1.0,0.0,36.8065,10.1815,3.0,0.0,1.0,0.0,1047495.4257471263,1449446.8968031188,False,False,True,True,False,False,False,True,True,False
870380.4199999999,378.0,7.0,4.0,0.0,0.0,0.0,0.0,1.0,36.4073,10.6225,4.0,0.0,0.0,1.0,809528.7390138675,783799.5456266907,False,False,True,True,False,False,True,False,True,False
1176990.3599999999,418.0,7.0,1.0,0.0,0.0,1.0,0.0,1.0,36.9173,10.2853,3.0,0.0,0.0,1.0,1547034.0,1236960.2596551725,False,False,True,True,False,False,False,True,True,False
2472669.42,600.0,5.0,1.0,0.0,0.0,1.0,0.0,0.0,35.8245,10.6346,3.0,0.0,0.0,0.0,1015812.9829508197,927922.7543356643,False,False,True,True,False,False,False,True,True,False
267047.04,180.0,4.0,1.0,0.0,0.0,1.0,1.0,0.0,32.9409,10.4558,3.0,0.0,0.0,0.0,267047.04,267047.04,True,False,False,False,True,True,False,False,False,True
1592973.72,688.0,8.0,1.0,0.0,0.0,1.0,1.0,1.0,36.9173,10.2853,3.0,0.0,0.0,1.0,1547034.0,1236960.2596551725,False,False,True,True,False,False,False,True,True,False
4584327.8,700.0,5.0,1.0,0.0,1.0,1.0,1.0,0.0,35.9158,10.5634,3.0,0.0,0.0,1.0,1026490.2244999999,927922.7543356643,False,False,True,True,False,False,False,True,True,False
464861.54,265.0,4.0,1.0,0.0,0.0,0.0,1.0,0.0,35.8864,10.5915,3.0,0.0,0.0,0.0,1015812.9829508197,927922.7543356643,False,False,True,True,False,False,False,True,True,False
1483600.3,600.0,8.0,1.0,0.0,1.0,1.0,1.0,1.0,35.6613,10.9044,3.0,0.0,0.0,1.0,1494533.4333333333,641574.9720430108,False,False,True,True,False,False,True,False,True,False
736856.9,400.0,5.0,3.0,1.0,1.0,1.0,0.0,1.0,33.8247,10.9996,4.0,0.0,0.0,1.0,625928.45,580727.7766850828,False,True,False,False,True,False,True,False,True,False
672565.9199999999,460.0,5.0,1.0,0.0,0.0,1.0,1.0,0.0,36.4073,10.6225,3.0,0.0,0.0,1.0,809528.7390138675,783799.5456266907,False,False,True,True,False,False,True,False,True,False
811034.38,400.0,5.0,1.0,0.0,1.0,1.0,1.0,1.0,36.4073,10.6225,3.0,0.0,0.0,0.0,809528.7390138675,783799.5456266907,False,False,True,True,False,False,True,False,True,False
929723.08,378.0,6.0,1.0,0.0,0.0,1.0,0.0,0.0,35.7643,10.8113,4.0,0.0,0.0,0.0,925293.5079999999,641574.9720430108,False,False,True,True,False,False,True,False,True,False
1780320.3599999999,378.0,10.0,4.0,0.0,0.0,0.0,0.0,0.0,36.8065,10.1815,7.0,0.0,0.0,0.0,1047495.4257471263,1449446.8968031188,False,False,True,True,False,False,False,True,True,False
543987.34,500.0,5.0,2.0,1.0,1.0,0.0,0.0,0.0,36.8462,11.0995,3.0,0.0,0.0,0.0,451934.8628125,783799.5456266907,True,False,False,True,False,False,True,False,True,False
929723.08,378.0,6.0,1.0,0.0,0.0,1.0,0.0,0.0,35.7643,10.8113,4.0,0.0,0.0,0.0,925293.5079999999,641574.9720430108,False,False,True,True,False,False,True,False,True,False
672565.9199999999,460.0,5.0,1.0,0.0,0.0,1.0,1.0,0.0,36.4073,10.6225,3.0,0.0,0.0,1.0,809528.7390138675,783799.5456266907,False,False,True,True,False,False,True,False,True,False
811034.38,400.0,5.0,1.0,0.0,1.0,1.0,1.0,1.0,36.4073,10.6225,3.0,0.0,0.0,0.0,809528.7390138675,783799.5456266907,False,False,True,True,False,False,True,False,True,False
2175949.36,378.0,5.0,1.0,0.0,0.0,0.0,0.0,0.0,36.8891,10.3223,3.0,0.0,0.0,0.0,1578293.3970945948,1449446.8968031188,False,False,True,True,False,False,False,True,True,False
89015.68,173.0,3.0,1.0,1.0,0.0,0.0,0.0,0.0,36.7577,10.1099,2.0,0.0,0.0,0.0,341502.61333333334,692148.4488888889,True,False,False,True,False,False,True,False,True,False
1879229.3,330.0,9.0,5.0,1.0,0.0,1.0,0.0,1.0,36.9017,11.1023,4.0,0.0,0.0,0.0,1542012.4593548388,831885.7976100629,False,False,True,True,False,False,False,True,True,False
939612.96,520.0,4.0,1.0,0.0,0.0,1.0,1.0,0.0,35.8245,10.6346,3.0,0.0,0.0,0.0,1015812.9829508197,927922.7543356643,False,False,True,True,False,False,False,True,True,False
1000145.38,256.0,5.0,1.0,0.0,1.0,1.0,1.0,1.0,35.7643,10.8113,3.0,0.0,0.0,1.0,925293.5079999999,641574.9720430108,False,False,True,True,False,False,True,False,True,False
2175949.36,453.0,9.0,4.0,1.0,0.0,0.0,0.0,0.0,36.8626,10.3329,9.0,0.0,0.0,0.0,2180444.6730612246,1449446.8968031188,False,False,True,True,False,False,False,True,True,False
1780320.3599999999,770.0,9.0,3.0,0.0,0.0,0.0,0.0,1.0,36.8665,10.1647,6.0,0.0,0.0,1.0,1020923.2245882354,917271.3972689076,False,False,True,True,False,False,False,True,True,False
458432.77999999997,236.0,10.0,1.0,0.0,0.0,0.0,1.0,0.0,35.8245,10.6346,3.0,0.0,0.0,0.0,1015812.9829508197,927922.7543356643,False,False,True,True,False,False,False,True,True,False
713119.16,378.0,6.0,1.0,0.0,0.0,0.0,1.0,0.0,35.7513,10.7116,3.0,0.0,0.0,0.0,611065.7495652174,641574.9720430108,False,True,False,True,False,False,True,False,True,False
732320.94,220.0,5.0,2.0,1.0,0.0,0.0,1.0,0.0,36.4073,10.6225,4.0,0.0,1.0,1.0,809528.7390138675,783799.5456266907,False,False,True,True,False,False,True,False,True,False
554472.1,200.0,6.0,2.0,1.0,0.0,0.0,0.0,0.0,36.4073,10.6225,3.0,0.0,1.0,0.0,809528.7390138675,783799.5456266907,False,False,True,True,False,False,True,False,True,False
771471.48,229.0,4.0,1.0,0.0,1.0,1.0,1.0,0.0,36.4073,10.6225,3.0,0.0,0.0,1.0,809528.7390138675,783799.5456266907,False,False,True,True,False,False,True,False,True,False
909943.32,378.0,10.0,4.0,1.0,1.0,1.0,0.0,1.0,33.785,11.0061,6.0,0.0,0.0,1.0,1026490.2244999999,927922.7543356643,False,False,True,True,False,False,False,True,True,False
514314.32,440.0,10.0,1.0,0.0,1.0,1.0,1.0,0.0,36.4073,10.6225,3.0,0.0,0.0,0.0,809528.7390138675,783799.5456266907,False,False,True,True,False,False,True,False,True,False
469806.48,422.0,11.0,2.0,1.0,1.0,1.0,0.0,1.0,33.8216,10.9977,3.0,0.0,0.0,1.0,510761.18000000005,580727.7766850828,False,True,False,True,False,False,True,False,True,False
543987.34,75.0,3.0,1.0,0.0,0.0,1.0,1.0,1.0,36.4513,10.7357,3.0,0.0,0.0,1.0,994136.9111340205,783799.5456266907,False,False,True,True,False,False,True,False,True,False
1176990.3599999999,407.0,7.0,1.0,0.0,0.0,1.0,0.0,1.0,36.9173,10.2853,3.0,0.0,0.0,1.0,1547034.0,1236960.2596551725,False,False,True,True,False,False,False,True,True,False
1536629.1199999999,403.0,7.0,1.0,0.0,0.0,1.0,1.0,1.0,36.9173,10.2853,3.0,0.0,0.0,1.0,1547034.0,1236960.2596551725,False,False,True,True,False,False,False,True,True,False
623113.14,330.0,5.0,1.0,0.0,0.0,1.0,0.0,0.0,33.7659,11.0189,3.0,0.0,0.0,1.0,552642.1685714285,927922.7543356643,False,True,False,True,False,False,False,True,True,False
984120.7999999999,372.0,7.0,1.0,0.0,0.0,1.0,0.0,1.0,36.9173,10.2853,3.0,0.0,0.0,1.0,1547034.0,1236960.2596551725,False,False,True,True,False,False,False,True,True,False
655557.76,203.0,5.0,1.0,0.0,1.0,1.0,1.0,1.0,36.9483,8.7426,3.0,0.0,0.0,1.0,401160.838,368467.365,True,False,False,True,False,True,False,False,True,False
623113.14,330.0,5.0,1.0,0.0,0.0,1.0,0.0,0.0,33.7659,11.0189,3.0,0.0,0.0,1.0,552642.1685714285,927922.7543356643,False,True,False,True,False,False,False,True,True,False
984120.7999999999,372.0,7.0,1.0,0.0,0.0,1.0,0.0,1.0,36.9173,10.2853,3.0,0.0,0.0,1.0,1547034.0,1236960.2596551725,False,False,True,True,False,False,False,True,True,False
655557.76,203.0,5.0,1.0,0.0,1.0,1.0,1.0,1.0,36.9483,8.7426,3.0,0.0,0.0,1.0,401160.838,368467.365,True,False,False,True,False,True,False,False,True,False
402402.51999999996,400.0,6.0,1.0,0.0,0.0,1.0,1.0,1.0,36.9488,10.1983,3.0,0.0,1.0,0.0,499150.58999999997,917271.3972689076,False,True,False,True,False,False,False,True,True,False
430243.57999999996,360.0,5.0,2.0,1.0,1.0,1.0,0.0,1.0,33.7755,10.9581,3.0,0.0,0.0,1.0,537322.9179591837,537322.9179591837,False,True,False,True,False,False,True,False,True,False
642892.9,350.0,2.0,2.0,0.0,0.0,0.0,0.0,0.0,36.8462,11.0995,6.0,0.0,0.0,0.0,451934.8628125,783799.5456266907,True,False,False,True,False,False,True,False,True,False
543987.34,360.0,4.0,1.0,1.0,0.0,0.0,0.0,0.0,36.4073,10.6225,3.0,0.0,0.0,0.0,809528.7390138675,783799.5456266907,False,False,True,True,False,False,True,False,True,False
680000.0,581.0,5.0,1.0,1.0,0.0,0.0,0.0,0.0,36.7435,10.232,4.0,1.0,1.0,0.0,680000.0,534121.1009677419,False,True,False,True,False,True,False,False,True,False
650000.0,378.0,6.0,2.0,0.0,0.0,0.0,0.0,0.0,36.8162,10.1619,5.0,0.0,0.0,0.0,1047495.4257471263,1449446.8968031188,False,False,True,True,False,False,False,True,True,False
2500000.0,700.0,7.0,6.0,1.0,0.0,0.0,0.0,1.0,36.8888,10.2967,6.0,1.0,1.0,1.0,1047495.4257471263,1449446.8968031188,False,False,True,True,False,False,False,True,True,False
1900000.0,625.0,10.0,5.0,1.0,1.0,1.0,0.0,1.0,36.8449,10.1537,5.0,1.0,0.0,0.0,1047495.4257471263,1449446.8968031188,False,False,True,True,False,False,False,True,True,False
800000.0,740.0,5.0,1.0,1.0,0.0,1.0,0.0,0.0,36.6966,10.4931,3.0,0.0,1.0,0.0,627104.5516666666,783799.5456266907,False,True,False,True,False,False,True,False,True,False
1050000.0,480.0,7.0,2.0,1.0,0.0,1.0,0.0,0.0,36.8392,10.1577,6.0,0.0,1.0,0.0,1047495.4257471263,1449446.8968031188,False,False,True,True,False,False,False,True,True,False
650000.0,790.0,5.0,2.0,1.0,0.0,0.0,0.0,0.0,36.8367,11.0975,3.0,0.0,1.0,0.0,451934.8628125,783799.5456266907,True,False,False,True,False,False,True,False,True,False
890000.0,501.0,11.0,2.0,1.0,0.0,1.0,1.0,1.0,36.7742,10.1802,7.0,1.0,1.0,0.0,1047495.4257471263,1449446.8968031188,False,False,True,True,False,False,False,True,True,False
2500000.0,498.0,4.0,1.0,0.0,0.0,0.0,0.0,0.0,36.8384,10.3203,3.0,1.0,1.0,0.0,1047495.4257471263,1449446.8968031188,False,False,True,True,False,False,False,True,True,False
680000.0,581.0,5.0,1.0,1.0,0.0,0.0,0.0,0.0,36.7435,10.232,4.0,1.0,1.0,0.0,680000.0,534121.1009677419,False,True,False,True,False,True,False,False,True,False
650000.0,378.0,6.0,2.0,0.0,0.0,0.0,0.0,0.0,36.8162,10.1619,5.0,0.0,0.0,0.0,1047495.4257471263,1449446.8968031188,False,False,True,True,False,False,False,True,True,False
2500000.0,700.0,7.0,6.0,1.0,0.0,0.0,0.0,1.0,36.8888,10.2967,6.0,1.0,1.0,1.0,1047495.4257471263,1449446.8968031188,False,False,True,True,False,False,False,True,True,False
1900000.0,625.0,10.0,5.0,1.0,1.0,1.0,0.0,1.0,36.8449,10.1537,5.0,1.0,0.0,0.0,1047495.4257471263,1449446.8968031188,False,False,True,True,False,False,False,True,True,False
1050000.0,480.0,7.0,2.0,1.0,0.0,1.0,0.0,0.0,36.8392,10.1577,6.0,0.0,1.0,0.0,1047495.4257471263,1449446.8968031188,False,False,True,True,False,False,False,True,True,False
650000.0,790.0,5.0,2.0,1.0,0.0,0.0,0.0,0.0,36.8367,11.0975,3.0,0.0,1.0,0.0,451934.8628125,783799.5456266907,True,False,False,True,False,False,True,False,True,False
890000.0,501.0,11.0,2.0,1.0,0.0,1.0,1.0,1.0,36.7742,10.1802,7.0,1.0,1.0,0.0,1047495.4257471263,1449446.8968031188,False,False,True,True,False,False,False,True,True,False
2500000.0,498.0,4.0,1.0,0.0,0.0,0.0,0.0,0.0,36.8384,10.3203,3.0,1.0,1.0,0.0,1047495.4257471263,1449446.8968031188,False,False,True,True,False,False,False,True,True,False
680000.0,581.0,5.0,1.0,1.0,0.0,0.0,0.0,0.0,36.7435,10.232,4.0,1.0,1.0,0.0,680000.0,534121.1009677419,False,True,False,True,False,True,False,False,True,False
650000.0,378.0,6.0,2.0,0.0,0.0,0.0,0.0,0.0,36.8162,10.1619,5.0,0.0,0.0,0.0,1047495.4257471263,1449446.8968031188,False,False,True,True,False,False,False,True,True,False
2500000.0,700.0,7.0,6.0,1.0,0.0,0.0,0.0,1.0,36.8888,10.2967,6.0,1.0,1.0,1.0,1047495.4257471263,1449446.8968031188,False,False,True,True,False,False,False,True,True,False
800000.0,740.0,5.0,1.0,1.0,0.0,1.0,0.0,0.0,36.6966,10.4931,3.0,0.0,1.0,0.0,627104.5516666666,783799.5456266907,False,True,False,True,False,False,True,False,True,False
1050000.0,480.0,7.0,2.0,1.0,0.0,1.0,0.0,0.0,36.8392,10.1577,6.0,0.0,1.0,0.0,1047495.4257471263,1449446.8968031188,False,False,True,True,False,False,False,True,True,False
650000.0,790.0,5.0,2.0,1.0,0.0,0.0,0.0,0.0,36.8367,11.0975,3.0,0.0,1.0,0.0,451934.8628125,783799.5456266907,True,False,False,True,False,False,True,False,True,False
890000.0,501.0,11.0,2.0,1.0,0.0,1.0,1.0,1.0,36.7742,10.1802,7.0,1.0,1.0,0.0,1047495.4257471263,1449446.8968031188,False,False,True,True,False,False,False,True,True,False
2500000.0,498.0,4.0,1.0,0.0,0.0,0.0,0.0,0.0,36.8384,10.3203,3.0,1.0,1.0,0.0,1047495.4257471263,1449446.8968031188,False,False,True,True,False,False,False,True,True,False
680000.0,581.0,5.0,1.0,1.0,0.0,0.0,0.0,0.0,36.7435,10.232,4.0,1.0,1.0,0.0,680000.0,534121.1009677419,False,True,False,True,False,True,False,False,True,False
650000.0,378.0,6.0,2.0,0.0,0.0,0.0,0.0,0.0,36.8162,10.1619,5.0,0.0,0.0,0.0,1047495.4257471263,1449446.8968031188,False,False,True,True,False,False,False,True,True,False
2500000.0,700.0,7.0,6.0,1.0,0.0,0.0,0.0,1.0,36.8888,10.2967,6.0,1.0,1.0,1.0,1047495.4257471263,1449446.8968031188,False,False,True,True,False,False,False,True,True,False
800000.0,740.0,5.0,1.0,1.0,0.0,1.0,0.0,0.0,36.6966,10.4931,3.0,0.0,1.0,0.0,627104.5516666666,783799.5456266907,False,True,False,True,False,False,True,False,True,False
1050000.0,480.0,7.0,2.0,1.0,0.0,1.0,0.0,0.0,36.8392,10.1577,6.0,0.0,1.0,0.0,1047495.4257471263,1449446.8968031188,False,False,True,True,False,False,False,True,True,False
650000.0,790.0,5.0,2.0,1.0,0.0,0.0,0.0,0.0,36.8367,11.0975,3.0,0.0,1.0,0.0,451934.8628125,783799.5456266907,True,False,False,True,False,False,True,False,True,False
890000.0,501.0,11.0,2.0,1.0,0.0,1.0,1.0,1.0,36.7742,10.1802,7.0,1.0,1.0,0.0,1047495.4257471263,1449446.8968031188,False,False,True,True,False,False,False,True,True,False
2500000.0,498.0,4.0,1.0,0.0,0.0,0.0,0.0,0.0,36.8384,10.3203,3.0,1.0,1.0,0.0,1047495.4257471263,1449446.8968031188,False,False,True,True,False,False,False,True,True,False
680000.0,581.0,5.0,1.0,1.0,0.0,0.0,0.0,0.0,36.7435,10.232,4.0,1.0,1.0,0.0,680000.0,534121.1009677419,False,True,False,True,False,True,False,False,True,False
650000.0,378.0,6.0,2.0,0.0,0.0,0.0,0.0,0.0,36.8162,10.1619,5.0,0.0,0.0,0.0,1047495.4257471263,1449446.8968031188,False,False,True,True,False,False,False,True,True,False
2500000.0,700.0,7.0,6.0,1.0,0.0,0.0,0.0,1.0,36.8888,10.2967,6.0,1.0,1.0,1.0,1047495.4257471263,1449446.8968031188,False,False,True,True,False,False,False,True,True,False
800000.0,740.0,5.0,1.0,1.0,0.0,1.0,0.0,0.0,36.6966,10.4931,3.0,0.0,1.0,0.0,627104.5516666666,783799.5456266907,False,True,False,True,False,False,True,False,True,False
1050000.0,480.0,7.0,2.0,1.0,0.0,1.0,0.0,0.0,36.8392,10.1577,6.0,0.0,1.0,0.0,1047495.4257471263,1449446.8968031188,False,False,True,True,False,False,False,True,True,False
650000.0,790.0,5.0,2.0,1.0,0.0,0.0,0.0,0.0,36.8367,11.0975,3.0,0.0,1.0,0.0,451934.8628125,783799.5456266907,True,False,False,True,False,False,True,False,True,False
