price,total_area,rooms,bathrooms,terrace,furnished,air_conditioning,heating,security,floor,latitude,longitude,bedrooms,garage,garden,pool,municipality_avg_price,governorate_avg_price,municipality_quality_affordable_housing_area,municipality_quality_mid_price_housing_area,municipality_quality_premium_housing_area,municipality_quality_confidence_high,municipality_quality_confidence_low,governorate_quality_affordable_housing_area,governorate_quality_mid_price_housing_area,governorate_quality_premium_housing_area,governorate_quality_confidence_high,governorate_quality_confidence_low
480000.0,118.0,3.0,1.0,1.0,0.0,0.0,0.0,1.0,2,36.8556,10.2918,2.0,1.0,0.0,0.0,601819.5220062697,495512.68618274975,False,False,True,True,False,False,False,True,True,False
720000.0,168.0,3.0,1.0,1.0,0.0,0.0,0.0,0.0,2,36.8556,10.2918,3.0,1.0,0.0,0.0,601819.5220062697,495512.68618274975,False,False,True,True,False,False,False,True,True,False
285800.0,104.0,3.0,2.0,1.0,0.0,1.0,1.0,1.0,6,36.9544,10.1914,2.0,1.0,0.0,0.0,298410.12333333335,368050.949375,False,True,False,True,False,False,False,True,True,False
426690.0,112.0,3.0,2.0,1.0,0.0,1.0,1.0,1.0,2,35.8497,10.5983,2.0,0.0,0.0,0.0,339414.0611787819,330755.1372713178,False,False,True,True,False,False,False,True,True,False
364600.0,129.0,3.0,1.0,1.0,0.0,1.0,1.0,1.0,1,36.9544,10.1914,2.0,1.0,0.0,0.0,298410.12333333335,368050.949375,False,True,False,True,False,False,False,True,True,False
604877.0,149.0,4.0,2.0,0.0,0.0,1.0,1.0,1.0,2,35.8497,10.5983,3.0,0.0,1.0,1.0,339414.0611787819,330755.1372713178,False,False,True,True,False,False,False,True,True,False
267000.0,90.0,3.0,2.0,0.0,0.0,1.0,1.0,1.0,2,36.5772,10.3425,2.0,1.0,1.0,0.0,356912.7528888889,256097.71569620253,False,False,True,True,False,True,False,False,True,False
285000.0,65.0,3.0,1.0,1.0,0.0,0.0,0.0,1.0,2,35.8354,10.6343,2.0,0.0,0.0,0.0,339414.0611787819,330755.1372713178,False,False,True,True,False,False,False,True,True,False
450000.0,70.0,2.0,1.0,0.0,1.0,1.0,1.0,0.0,2,36.8764,10.3253,2.0,0.0,0.0,0.0,519943.5195618153,495512.68618274975,False,False,True,True,False,False,False,True,True,False
330912.0,79.0,2.0,1.0,0.0,0.0,1.0,1.0,1.0,2,35.8497,10.5983,2.0,0.0,1.0,1.0,339414.0611787819,330755.1372713178,False,False,True,True,False,False,False,True,True,False
510000.0,163.0,4.0,2.0,1.0,0.0,1.0,1.0,1.0,2,36.4011,10.6146,3.0,1.0,0.0,1.0,355184.6627435388,335553.90432183904,False,False,True,True,False,False,False,True,True,False
320000.0,100.0,3.0,2.0,1.0,0.0,0.0,1.0,1.0,2,36.4506,10.735,2.0,1.0,0.0,0.0,356101.26872727275,335553.90432183904,False,False,True,True,False,False,False,True,True,False
330810.0,72.0,2.0,1.0,0.0,0.0,1.0,1.0,1.0,2,35.8497,10.5983,2.0,0.0,0.0,0.0,339414.0611787819,330755.1372713178,False,False,True,True,False,False,False,True,True,False
240000.0,81.0,3.0,2.0,0.0,0.0,1.0,1.0,1.0,2,36.5772,10.3425,2.0,1.0,1.0,0.0,356912.7528888889,256097.71569620253,False,False,True,True,False,True,False,False,True,False
260000.0,132.0,4.0,2.0,0.0,0.0,1.0,1.0,1.0,6,36.7723,10.2212,3.0,1.0,0.0,0.0,210000.0,256097.71569620253,True,False,False,True,False,True,False,False,True,False
70000.0,54.0,2.0,1.0,0.0,0.0,0.0,0.0,0.0,2,34.735,10.7267,2.0,0.0,0.0,0.0,254104.44444444444,295071.536,False,True,False,True,False,False,True,False,True,False
245000.0,108.0,4.0,2.0,1.0,0.0,1.0,0.0,1.0,2,36.7609,10.2736,3.0,1.0,0.0,0.0,223470.58823529413,256097.71569620253,False,True,False,True,False,True,False,False,True,False
210000.0,145.0,3.0,1.0,0.0,0.0,0.0,0.0,0.0,2,35.8354,10.6343,2.0,0.0,0.0,0.0,339414.0611787819,330755.1372713178,False,False,True,True,False,False,False,True,True,False
420000.0,120.0,3.0,1.0,1.0,0.0,0.0,0.0,1.0,2,35.8177,10.6455,3.0,0.0,0.0,0.0,339414.0611787819,330755.1372713178,False,False,True,True,False,False,False,True,True,False
435000.0,155.0,5.0,1.0,1.0,0.0,1.0,1.0,0.0,2,36.8625,10.1956,3.0,1.0,1.0,0.0,362112.70683229814,368050.949375,False,False,True,True,False,False,False,True,True,False
324000.0,117.0,3.0,1.0,1.0,0.0,1.0,1.0,1.0,5,36.9544,10.1914,2.0,1.0,0.0,0.0,298410.12333333335,368050.949375,False,True,False,True,False,False,False,True,True,False
614700.0,139.0,3.0,1.0,1.0,0.0,1.0,1.0,1.0,2,36.9331,10.2595,2.0,1.0,1.0,0.0,519943.5195618153,495512.68618274975,False,False,True,True,False,False,False,True,True,False
381000.0,107.0,3.0,2.0,0.0,0.0,0.0,1.0,1.0,2,36.8728,10.2919,2.0,1.0,0.0,0.0,519943.5195618153,495512.68618274975,False,False,True,True,False,False,False,True,True,False
375000.0,136.0,3.0,1.0,1.0,0.0,1.0,1.0,1.0,1,36.9544,10.1914,2.0,1.0,0.0,0.0,298410.12333333335,368050.949375,False,True,False,True,False,False,False,True,True,False
880000.0,140.0,4.0,2.0,1.0,0.0,1.0,1.0,1.0,2,36.8942,10.2762,3.0,0.0,0.0,0.0,519943.5195618153,495512.68618274975,False,False,True,True,False,False,False,True,True,False
225000.0,110.0,3.0,1.0,0.0,0.0,0.0,0.0,0.0,2,33.0777,9.5838,2.0,0.0,0.0,0.0,273416.375,335553.90432183904,False,True,False,True,False,False,False,True,True,False
560000.0,120.0,2.0,1.0,1.0,1.0,1.0,1.0,0.0,2,36.8764,10.3253,3.0,0.0,0.0,0.0,519943.5195618153,495512.68618274975,False,False,True,True,False,False,False,True,True,False
187000.0,71.0,3.0,1.0,0.0,0.0,1.0,1.0,1.0,2,35.8324,10.6225,2.0,1.0,0.0,0.0,339414.0611787819,330755.1372713178,False,False,True,True,False,False,False,True,True,False
315000.0,117.0,2.0,1.0,1.0,1.0,1.0,1.0,1.0,2,36.8333,10.3167,2.0,0.0,1.0,0.0,601819.5220062697,495512.68618274975,False,False,True,True,False,False,False,True,True,False
670000.0,92.0,2.0,1.0,0.0,0.0,0.0,0.0,0.0,2,36.8764,10.3253,3.0,1.0,0.0,0.0,519943.5195618153,495512.68618274975,False,False,True,True,False,False,False,True,True,False
525000.0,114.0,2.0,1.0,0.0,0.0,0.0,0.0,0.0,2,36.8764,10.3253,3.0,0.0,0.0,0.0,519943.5195618153,495512.68618274975,False,False,True,True,False,False,False,True,True,False
622000.0,136.0,4.0,3.0,1.0,0.0,1.0,1.0,0.0,2,36.841,10.3551,3.0,1.0,0.0,0.0,601819.5220062697,495512.68618274975,False,False,True,True,False,False,False,True,True,False
420000.0,151.0,3.0,1.0,1.0,0.0,1.0,1.0,0.0,2,35.4085,10.0289,2.0,1.0,0.0,0.0,448000.0,364147.42,False,False,True,True,False,False,False,True,True,False
974000.0,174.0,3.0,1.0,1.0,0.0,0.0,0.0,0.0,2,36.8556,10.2918,2.0,1.0,0.0,0.0,601819.5220062697,495512.68618274975,False,False,True,True,False,False,False,True,True,False
622000.0,136.0,4.0,2.0,1.0,0.0,1.0,1.0,1.0,2,36.841,10.3551,3.0,1.0,0.0,0.0,601819.5220062697,495512.68618274975,False,False,True,True,False,False,False,True,True,False
85000.0,32.0,2.0,1.0,0.0,0.0,0.0,0.0,0.0,2,36.8188,10.166,2.0,0.0,0.0,0.0,257110.19941176468,495512.68618274975,False,True,False,True,False,False,False,True,True,False
327000.0,70.0,2.0,1.0,1.0,0.0,1.0,1.0,0.0,2,36.8333,10.3167,2.0,0.0,0.0,0.0,601819.5220062697,495512.68618274975,False,False,True,True,False,False,False,True,True,False
145000.0,88.0,3.0,1.0,0.0,0.0,0.0,0.0,0.0,2,36.8433,11.1115,2.0,0.0,0.0,0.0,189879.7706849315,335553.90432183904,True,False,False,True,False,False,False,True,True,False
270000.0,107.0,3.0,2.0,1.0,1.0,1.0,1.0,1.0,3,36.789,10.1835,2.0,1.0,0.0,0.0,224240.0,406094.33674999996,False,True,False,True,False,False,False,True,True,False
225000.0,62.0,2.0,1.0,1.0,0.0,1.0,1.0,1.0,3,36.2828,10.6571,2.0,1.0,0.0,0.0,356912.7528888889,256097.71569620253,False,False,True,True,False,True,False,False,True,False
340000.0,97.0,2.0,2.0,1.0,0.0,1.0,1.0,1.0,2,35.83,10.6012,2.0,1.0,1.0,1.0,339414.0611787819,330755.1372713178,False,False,True,True,False,False,False,True,True,False
520000.0,129.0,4.0,2.0,1.0,0.0,1.0,1.0,1.0,2,36.8402,10.1604,3.0,1.0,1.0,0.0,346388.2,335553.90432183904,False,False,True,True,False,False,False,True,True,False
649000.0,112.0,2.0,1.0,1.0,0.0,1.0,1.0,0.0,2,36.8333,10.3167,3.0,1.0,0.0,0.0,601819.5220062697,495512.68618274975,False,False,True,True,False,False,False,True,True,False
1100000.0,210.0,4.0,2.0,1.0,0.0,0.0,0.0,0.0,2,36.9177,10.2889,2.0,0.0,0.0,0.0,519943.5195618153,495512.68618274975,False,False,True,True,False,False,False,True,True,False
275000.0,64.0,2.0,1.0,0.0,0.0,1.0,1.0,1.0,2,36.8625,10.1956,2.0,1.0,0.0,0.0,362112.70683229814,368050.949375,False,False,True,True,False,False,False,True,True,False
270000.0,90.0,3.0,1.0,0.0,0.0,1.0,1.0,1.0,2,36.8967,10.1777,2.0,1.0,1.0,0.0,298410.12333333335,368050.949375,False,True,False,True,False,False,False,True,True,False
165000.0,42.0,2.0,1.0,1.0,0.0,0.0,0.0,0.0,2,35.87,10.57,2.0,0.0,0.0,0.0,347622.13037037035,330755.1372713178,False,False,True,True,False,False,False,True,True,False
200000.0,120.0,4.0,1.0,1.0,0.0,1.0,1.0,1.0,3,36.8915,10.1626,3.0,0.0,1.0,0.0,261889.71862068964,256097.71569620253,False,True,False,True,False,True,False,False,True,False
470000.0,147.0,4.0,2.0,1.0,0.0,1.0,1.0,1.0,2,36.8556,10.2918,3.0,1.0,1.0,0.0,601819.5220062697,495512.68618274975,False,False,True,True,False,False,False,True,True,False
275000.0,111.0,5.0,1.0,0.0,1.0,0.0,1.0,1.0,1,36.8302,10.1374,3.0,1.0,0.0,0.0,190533.3,495512.68618274975,True,False,False,True,False,False,False,True,True,False
290000.0,80.0,3.0,1.0,1.0,1.0,1.0,1.0,1.0,2,36.8764,10.3253,2.0,1.0,0.0,0.0,519943.5195618153,495512.68618274975,False,False,True,True,False,False,False,True,True,False
230000.0,55.0,3.0,1.0,1.0,0.0,1.0,1.0,0.0,2,35.8324,10.6225,2.0,1.0,0.0,0.0,339414.0611787819,330755.1372713178,False,False,True,True,False,False,False,True,True,False
182000.0,62.0,2.0,1.0,1.0,0.0,0.0,0.0,1.0,2,36.9306,11.0485,2.0,0.0,1.0,0.0,355184.6627435388,335553.90432183904,False,False,True,True,False,False,False,True,True,False
865000.0,137.0,3.0,2.0,1.0,0.0,1.0,1.0,1.0,1,36.8496,10.3054,2.0,1.0,1.0,1.0,601819.5220062697,495512.68618274975,False,False,True,True,False,False,False,True,True,False
397710.0,66.0,2.0,1.0,0.0,0.0,1.0,1.0,1.0,2,36.8542,10.3007,2.0,0.0,0.0,0.0,601819.5220062697,495512.68618274975,False,False,True,True,False,False,False,True,True,False
386000.0,131.0,3.0,1.0,0.0,0.0,0.0,0.0,0.0,2,36.8614,10.287,2.0,1.0,1.0,0.0,601819.5220062697,495512.68618274975,False,False,True,True,False,False,False,True,True,False
415000.0,124.0,4.0,1.0,1.0,1.0,1.0,1.0,1.0,2,35.83,10.6012,3.0,1.0,1.0,1.0,339414.0611787819,330755.1372713178,False,False,True,True,False,False,False,True,True,False
219000.0,56.0,2.0,1.0,1.0,0.0,1.0,1.0,1.0,2,36.8898,10.3543,2.0,1.0,1.0,0.0,519943.5195618153,495512.68618274975,False,False,True,True,False,False,False,True,True,False
298000.0,100.0,3.0,2.0,1.0,0.0,1.0,1.0,1.0,2,36.5772,10.3425,2.0,0.0,0.0,0.0,356912.7528888889,256097.71569620253,False,False,True,True,False,True,False,False,True,False
630000.0,120.0,3.0,2.0,1.0,0.0,1.0,1.0,0.0,2,36.8932,10.3099,2.0,0.0,0.0,0.0,519943.5195618153,495512.68618274975,False,False,True,True,False,False,False,True,True,False
448000.0,128.0,3.0,3.0,1.0,0.0,1.0,1.0,1.0,1,36.8965,10.218,2.0,1.0,0.0,0.0,393150.9196056338,368050.949375,False,False,True,True,False,False,False,True,True,False
415000.0,107.0,3.0,2.0,1.0,0.0,1.0,1.0,1.0,2,36.8651,10.2124,2.0,1.0,0.0,0.0,393150.9196056338,368050.949375,False,False,True,True,False,False,False,True,True,False
416000.0,125.0,4.0,2.0,0.0,0.0,1.0,1.0,1.0,2,36.8728,10.2919,3.0,1.0,0.0,0.0,519943.5195618153,495512.68618274975,False,False,True,True,False,False,False,True,True,False
514701.0,115.0,3.0,2.0,1.0,0.0,1.0,1.0,1.0,2,35.8497,10.5983,2.0,0.0,0.0,0.0,339414.0611787819,330755.1372713178,False,False,True,True,False,False,False,True,True,False
298230.0,67.0,2.0,1.0,0.0,0.0,1.0,1.0,1.0,2,35.8497,10.5983,2.0,0.0,1.0,1.0,339414.0611787819,330755.1372713178,False,False,True,True,False,False,False,True,True,False
385000.0,120.0,3.0,2.0,1.0,0.0,1.0,1.0,0.0,2,36.8942,10.2762,2.0,0.0,0.0,0.0,519943.5195618153,495512.68618274975,False,False,True,True,False,False,False,True,True,False
85000.0,70.0,3.0,1.0,0.0,0.0,0.0,0.0,0.0,2,36.9306,11.0485,2.0,0.0,0.0,0.0,355184.6627435388,335553.90432183904,False,False,True,True,False,False,False,True,True,False
788000.0,170.0,4.0,3.0,1.0,0.0,1.0,1.0,1.0,2,36.8333,10.3167,3.0,1.0,0.0,0.0,601819.5220062697,495512.68618274975,False,False,True,True,False,False,False,True,True,False
1270000.0,225.0,5.0,3.0,1.0,0.0,1.0,1.0,1.0,2,36.8333,10.3167,3.0,1.0,0.0,0.0,601819.5220062697,495512.68618274975,False,False,True,True,False,False,False,True,True,False
470000.0,150.0,4.0,1.0,1.0,0.0,1.0,1.0,0.0,2,36.8333,10.3167,3.0,1.0,0.0,0.0,601819.5220062697,495512.68618274975,False,False,True,True,False,False,False,True,True,False
450000.0,130.0,3.0,2.0,1.0,0.0,1.0,1.0,0.0,2,36.8333,10.3167,2.0,1.0,0.0,0.0,601819.5220062697,495512.68618274975,False,False,True,True,False,False,False,True,True,False
720000.0,200.0,4.0,2.0,1.0,0.0,1.0,1.0,0.0,2,36.8333,10.3167,3.0,1.0,0.0,0.0,601819.5220062697,495512.68618274975,False,False,True,True,False,False,False,True,True,False
450000.0,70.0,2.0,1.0,1.0,0.0,1.0,1.0,1.0,2,36.8333,10.3167,2.0,1.0,0.0,0.0,601819.5220062697,495512.68618274975,False,False,True,True,False,False,False,True,True,False
950000.0,172.0,3.0,2.0,1.0,0.0,1.0,1.0,1.0,2,36.8764,10.3253,2.0,1.0,0.0,0.0,519943.5195618153,495512.68618274975,False,False,True,True,False,False,False,True,True,False
552000.0,131.0,3.0,1.0,0.0,0.0,1.0,1.0,1.0,2,36.8565,10.318,2.0,1.0,1.0,0.0,519943.5195618153,495512.68618274975,False,False,True,True,False,False,False,True,True,False
879831.0,169.0,4.0,3.0,1.0,1.0,1.0,1.0,1.0,2,36.8542,10.3007,3.0,1.0,1.0,0.0,601819.5220062697,495512.68618274975,False,False,True,True,False,False,False,True,True,False
748200.0,121.0,3.0,1.0,1.0,0.0,1.0,1.0,1.0,2,36.8333,10.3167,2.0,1.0,0.0,0.0,601819.5220062697,495512.68618274975,False,False,True,True,False,False,False,True,True,False
533000.0,123.0,3.0,1.0,0.0,0.0,1.0,1.0,1.0,2,36.8565,10.318,2.0,1.0,1.0,0.0,519943.5195618153,495512.68618274975,False,False,True,True,False,False,False,True,True,False
427808.0,120.0,3.0,2.0,1.0,0.0,1.0,1.0,1.0,2,35.8497,10.5983,2.0,1.0,1.0,0.0,339414.0611787819,330755.1372713178,False,False,True,True,False,False,False,True,True,False
520000.0,133.0,2.0,1.0,0.0,0.0,1.0,1.0,0.0,2,36.8764,10.3253,2.0,1.0,0.0,0.0,519943.5195618153,495512.68618274975,False,False,True,True,False,False,False,True,True,False
350000.0,80.0,2.0,1.0,1.0,1.0,1.0,1.0,1.0,2,36.8764,10.3253,2.0,1.0,1.0,1.0,519943.5195618153,495512.68618274975,False,False,True,True,False,False,False,True,True,False
671000.0,116.0,3.0,3.0,1.0,0.0,1.0,1.0,1.0,2,36.8556,10.2918,2.0,1.0,0.0,0.0,601819.5220062697,495512.68618274975,False,False,True,True,False,False,False,True,True,False
689000.0,197.0,3.0,1.0,0.0,0.0,1.0,0.0,0.0,2,36.8764,10.3253,3.0,0.0,0.0,0.0,519943.5195618153,495512.68618274975,False,False,True,True,False,False,False,True,True,False
458000.0,117.0,4.0,2.0,1.0,1.0,1.0,1.0,1.0,2,36.8764,10.3253,3.0,1.0,0.0,0.0,519943.5195618153,495512.68618274975,False,False,True,True,False,False,False,True,True,False
510000.0,159.0,4.0,1.0,1.0,0.0,1.0,1.0,1.0,2,36.8833,10.25,3.0,1.0,0.0,0.0,393150.9196056338,368050.949375,False,False,True,True,False,False,False,True,True,False
490000.0,100.0,3.0,2.0,1.0,1.0,1.0,1.0,1.0,2,36.3927,10.5607,2.0,1.0,0.0,1.0,355184.6627435388,335553.90432183904,False,False,True,True,False,False,False,True,True,False
260000.0,73.0,3.0,1.0,1.0,0.0,1.0,1.0,0.0,2,36.4011,10.6146,2.0,1.0,0.0,1.0,355184.6627435388,335553.90432183904,False,False,True,True,False,False,False,True,True,False
330000.0,112.0,3.0,1.0,1.0,0.0,1.0,1.0,0.0,5,35.8273,10.6339,2.0,1.0,0.0,0.0,339414.0611787819,330755.1372713178,False,False,True,True,False,False,False,True,True,False
385000.0,130.0,3.0,2.0,0.0,0.0,1.0,1.0,1.0,2,36.5772,10.3425,3.0,1.0,1.0,0.0,356912.7528888889,256097.71569620253,False,False,True,True,False,True,False,False,True,False
1030000.0,200.0,4.0,2.0,1.0,0.0,1.0,1.0,1.0,2,36.8764,10.3253,3.0,1.0,0.0,0.0,519943.5195618153,495512.68618274975,False,False,True,True,False,False,False,True,True,False
650000.0,165.0,4.0,2.0,1.0,0.0,1.0,1.0,1.0,2,36.8333,10.3167,3.0,1.0,0.0,0.0,601819.5220062697,495512.68618274975,False,False,True,True,False,False,False,True,True,False
450000.0,88.0,3.0,2.0,1.0,0.0,1.0,1.0,1.0,1,36.8333,10.3167,2.0,0.0,0.0,0.0,601819.5220062697,495512.68618274975,False,False,True,True,False,False,False,True,True,False
410000.0,115.0,3.0,1.0,1.0,0.0,1.0,1.0,1.0,6,36.8333,10.3167,2.0,1.0,0.0,0.0,601819.5220062697,495512.68618274975,False,False,True,True,False,False,False,True,True,False
219000.0,57.0,2.0,1.0,1.0,0.0,1.0,1.0,1.0,1,36.8764,10.3253,2.0,1.0,0.0,0.0,519943.5195618153,495512.68618274975,False,False,True,True,False,False,False,True,True,False
281000.0,77.0,3.0,2.0,1.0,0.0,1.0,1.0,1.0,2,36.8764,10.3253,2.0,1.0,0.0,0.0,519943.5195618153,495512.68618274975,False,False,True,True,False,False,False,True,True,False
305000.0,52.0,2.0,1.0,1.0,0.0,1.0,1.0,1.0,2,36.8333,10.3167,2.0,1.0,0.0,0.0,601819.5220062697,495512.68618274975,False,False,True,True,False,False,False,True,True,False
470000.0,156.0,5.0,2.0,1.0,0.0,1.0,1.0,1.0,2,36.8625,10.1956,4.0,1.0,0.0,0.0,362112.70683229814,368050.949375,False,False,True,True,False,False,False,True,True,False
850000.0,103.0,2.0,1.0,1.0,0.0,0.0,0.0,0.0,2,36.8764,10.3253,2.0,1.0,0.0,1.0,519943.5195618153,495512.68618274975,False,False,True,True,False,False,False,True,True,False
345000.0,144.0,4.0,2.0,1.0,0.0,1.0,1.0,0.0,2,36.8764,10.3253,3.0,0.0,0.0,0.0,519943.5195618153,495512.68618274975,False,False,True,True,False,False,False,True,True,False
370000.0,114.0,3.0,1.0,1.0,0.0,1.0,1.0,1.0,2,36.2828,10.6571,2.0,1.0,0.0,0.0,356912.7528888889,256097.71569620253,False,False,True,True,False,True,False,False,True,False
450000.0,128.0,3.0,1.0,1.0,0.0,0.0,0.0,1.0,2,35.8354,10.6343,2.0,0.0,0.0,0.0,339414.0611787819,330755.1372713178,False,False,True,True,False,False,False,True,True,False
420000.0,112.0,3.0,1.0,1.0,0.0,0.0,0.0,1.0,2,35.8354,10.6343,2.0,0.0,0.0,0.0,339414.0611787819,330755.1372713178,False,False,True,True,False,False,False,True,True,False
355000.0,110.0,3.0,1.0,1.0,0.0,0.0,0.0,1.0,2,35.8354,10.6343,2.0,0.0,0.0,0.0,339414.0611787819,330755.1372713178,False,False,True,True,False,False,False,True,True,False
210000.0,26.0,2.0,1.0,0.0,0.0,0.0,0.0,0.0,1,36.8694,10.3164,2.0,0.0,0.0,0.0,460266.7082352941,495512.68618274975,False,False,True,True,False,False,False,True,True,False
660000.0,230.0,5.0,2.0,1.0,0.0,1.0,1.0,0.0,2,36.4506,10.735,4.0,1.0,0.0,0.0,356101.26872727275,335553.90432183904,False,False,True,True,False,False,False,True,True,False
436000.0,100.0,3.0,1.0,0.0,0.0,0.0,0.0,0.0,2,36.8556,10.2918,2.0,0.0,1.0,0.0,601819.5220062697,495512.68618274975,False,False,True,True,False,False,False,True,True,False
179000.0,88.0,3.0,1.0,1.0,1.0,1.0,0.0,0.0,2,36.8452,10.1647,2.0,0.0,0.0,0.0,346388.2,335553.90432183904,False,False,True,True,False,False,False,True,True,False
205000.0,93.0,3.0,1.0,1.0,0.0,1.0,1.0,0.0,2,36.8452,10.1647,2.0,0.0,0.0,0.0,346388.2,335553.90432183904,False,False,True,True,False,False,False,True,True,False
180000.0,58.0,2.0,1.0,1.0,0.0,0.0,0.0,1.0,2,35.87,10.57,2.0,1.0,0.0,0.0,347622.13037037035,330755.1372713178,False,False,True,True,False,False,False,True,True,False
238000.0,98.0,3.0,1.0,0.0,0.0,1.0,1.0,0.0,2,35.87,10.57,2.0,1.0,0.0,0.0,347622.13037037035,330755.1372713178,False,False,True,True,False,False,False,True,True,False
468800.0,220.0,4.0,2.0,1.0,0.0,1.0,1.0,0.0,2,36.8625,10.1956,3.0,1.0,0.0,0.0,362112.70683229814,368050.949375,False,False,True,True,False,False,False,True,True,False
622000.0,136.0,4.0,3.0,1.0,0.0,1.0,1.0,1.0,2,36.841,10.3551,3.0,1.0,0.0,0.0,601819.5220062697,495512.68618274975,False,False,True,True,False,False,False,True,True,False
197200.0,68.0,2.0,1.0,1.0,0.0,1.0,1.0,1.0,1,35.8324,10.6225,2.0,1.0,0.0,0.0,339414.0611787819,330755.1372713178,False,False,True,True,False,False,False,True,True,False
324000.0,108.0,3.0,1.0,1.0,0.0,1.0,1.0,1.0,3,35.8324,10.6225,2.0,0.0,0.0,0.0,339414.0611787819,330755.1372713178,False,False,True,True,False,False,False,True,True,False
440000.0,114.0,3.0,2.0,1.0,0.0,1.0,1.0,1.0,2,36.8333,10.3167,2.0,1.0,0.0,0.0,601819.5220062697,495512.68618274975,False,False,True,True,False,False,False,True,True,False
550000.0,123.0,3.0,1.0,0.0,0.0,0.0,0.0,0.0,2,36.8833,10.25,3.0,1.0,1.0,0.0,393150.9196056338,368050.949375,False,False,True,True,False,False,False,True,True,False
319000.0,68.0,3.0,1.0,0.0,0.0,0.0,0.0,0.0,2,36.8833,10.25,2.0,1.0,0.0,0.0,393150.9196056338,368050.949375,False,False,True,True,False,False,False,True,True,False
245000.0,57.0,2.0,1.0,1.0,0.0,1.0,1.0,1.0,2,36.8833,10.25,2.0,1.0,0.0,0.0,393150.9196056338,368050.949375,False,False,True,True,False,False,False,True,True,False
175000.0,97.0,3.0,1.0,1.0,0.0,1.0,0.0,1.0,2,35.87,10.57,2.0,0.0,0.0,0.0,347622.13037037035,330755.1372713178,False,False,True,True,False,False,False,True,True,False
274984.0,64.0,2.0,1.0,0.0,0.0,1.0,1.0,1.0,2,35.8497,10.5983,2.0,0.0,1.0,1.0,339414.0611787819,330755.1372713178,False,False,True,True,False,False,False,True,True,False
168000.0,55.0,3.0,1.0,1.0,1.0,0.0,1.0,0.0,2,36.8764,10.3253,2.0,0.0,0.0,0.0,519943.5195618153,495512.68618274975,False,False,True,True,False,False,False,True,True,False
296000.0,77.0,3.0,1.0,1.0,0.0,1.0,1.0,1.0,5,35.9758,10.446,2.0,1.0,1.0,1.0,339414.0611787819,330755.1372713178,False,False,True,True,False,False,False,True,True,False
548080.0,164.0,4.0,2.0,1.0,0.0,1.0,1.0,1.0,2,35.8497,10.5983,3.0,1.0,0.0,1.0,339414.0611787819,330755.1372713178,False,False,True,True,False,False,False,True,True,False
617410.0,106.0,2.0,1.0,0.0,0.0,0.0,0.0,0.0,2,36.8333,10.3167,2.0,1.0,0.0,0.0,601819.5220062697,495512.68618274975,False,False,True,True,False,False,False,True,True,False
408030.0,70.0,2.0,1.0,1.0,0.0,1.0,1.0,0.0,2,36.8333,10.3167,2.0,1.0,0.0,0.0,601819.5220062697,495512.68618274975,False,False,True,True,False,False,False,True,True,False
563528.0,97.0,2.0,1.0,0.0,0.0,0.0,0.0,0.0,2,36.8333,10.3167,3.0,1.0,0.0,0.0,601819.5220062697,495512.68618274975,False,False,True,True,False,False,False,True,True,False
281000.0,75.0,2.0,1.0,1.0,0.0,1.0,1.0,0.0,1,36.0227,10.5163,2.0,0.0,0.0,0.0,260917.67902439024,330755.1372713178,False,True,False,True,False,False,False,True,True,False
250000.0,150.0,2.0,1.0,0.0,0.0,0.0,0.0,1.0,2,36.0301,10.5079,2.0,0.0,0.0,0.0,260917.67902439024,330755.1372713178,False,True,False,True,False,False,False,True,True,False
370000.0,103.0,2.0,1.0,1.0,0.0,1.0,1.0,1.0,2,35.87,10.57,2.0,1.0,0.0,1.0,347622.13037037035,330755.1372713178,False,False,True,True,False,False,False,True,True,False
175000.0,90.0,2.0,1.0,1.0,0.0,0.0,0.0,1.0,2,36.0301,10.5079,2.0,0.0,0.0,0.0,260917.67902439024,330755.1372713178,False,True,False,True,False,False,False,True,True,False
350000.0,80.0,3.0,1.0,0.0,0.0,0.0,0.0,0.0,2,35.8569,10.5972,2.0,1.0,0.0,0.0,339414.0611787819,330755.1372713178,False,False,True,True,False,False,False,True,True,False
275000.0,140.0,3.0,1.0,0.0,0.0,0.0,1.0,0.0,2,35.8324,10.6225,3.0,0.0,0.0,0.0,339414.0611787819,330755.1372713178,False,False,True,True,False,False,False,True,True,False
250000.0,110.0,2.0,1.0,0.0,0.0,1.0,1.0,0.0,2,35.8747,10.5718,3.0,0.0,0.0,0.0,347622.13037037035,330755.1372713178,False,False,True,True,False,False,False,True,True,False
596785.0,147.0,4.0,2.0,1.0,0.0,1.0,1.0,1.0,2,35.8497,10.5983,3.0,1.0,1.0,1.0,339414.0611787819,330755.1372713178,False,False,True,True,False,False,False,True,True,False
520000.0,130.0,4.0,2.0,1.0,0.0,1.0,1.0,1.0,1,36.8669,10.3064,3.0,0.0,0.0,0.0,519943.5195618153,495512.68618274975,False,False,True,True,False,False,False,True,True,False
213500.0,62.0,2.0,1.0,1.0,0.0,1.0,1.0,1.0,2,36.8929,10.1787,2.0,1.0,0.0,0.0,298410.12333333335,368050.949375,False,True,False,True,False,False,False,True,True,False
321000.0,107.0,3.0,1.0,0.0,0.0,1.0,1.0,1.0,2,36.8967,10.1777,2.0,0.0,0.0,0.0,298410.12333333335,368050.949375,False,True,False,True,False,False,False,True,True,False
1200000.0,178.0,4.0,3.0,1.0,0.0,1.0,1.0,1.0,2,36.8942,10.2762,3.0,1.0,0.0,0.0,519943.5195618153,495512.68618274975,False,False,True,True,False,False,False,True,True,False
130000.0,60.0,2.0,1.0,1.0,0.0,0.0,1.0,0.0,1,35.8437,10.5865,2.0,0.0,0.0,0.0,339414.0611787819,330755.1372713178,False,False,True,True,False,False,False,True,True,False
280000.0,150.0,4.0,2.0,1.0,0.0,1.0,1.0,0.0,2,35.8324,10.6225,3.0,1.0,0.0,0.0,339414.0611787819,330755.1372713178,False,False,True,True,False,False,False,True,True,False
700000.0,183.0,3.0,1.0,1.0,0.0,0.0,0.0,0.0,2,36.8556,10.2918,3.0,1.0,0.0,0.0,601819.5220062697,495512.68618274975,False,False,True,True,False,False,False,True,True,False
760000.0,131.0,3.0,2.0,1.0,0.0,1.0,1.0,1.0,2,36.8745,10.3054,2.0,1.0,0.0,0.0,519943.5195618153,495512.68618274975,False,False,True,True,False,False,False,True,True,False
465000.0,206.0,3.0,1.0,1.0,0.0,0.0,0.0,0.0,2,36.8483,10.1411,2.0,1.0,1.0,0.0,346388.2,335553.90432183904,False,False,True,True,False,False,False,True,True,False
150000.0,75.0,3.0,1.0,1.0,0.0,0.0,0.0,0.0,2,36.8452,10.1647,2.0,0.0,0.0,0.0,346388.2,335553.90432183904,False,False,True,True,False,False,False,True,True,False
365000.0,153.0,3.0,1.0,1.0,1.0,1.0,1.0,0.0,2,36.8483,10.1411,2.0,1.0,0.0,0.0,346388.2,335553.90432183904,False,False,True,True,False,False,False,True,True,False
1050000.0,220.0,3.0,1.0,0.0,0.0,0.0,0.0,0.0,2,36.8942,10.2762,3.0,1.0,0.0,0.0,519943.5195618153,495512.68618274975,False,False,True,True,False,False,False,True,True,False
480000.0,90.0,3.0,1.0,1.0,0.0,0.0,0.0,0.0,2,36.8942,10.2762,2.0,1.0,0.0,0.0,519943.5195618153,495512.68618274975,False,False,True,True,False,False,False,True,True,False
175000.0,120.0,4.0,1.0,0.0,0.0,0.0,0.0,0.0,3,35.87,10.57,3.0,1.0,0.0,0.0,347622.13037037035,330755.1372713178,False,False,True,True,False,False,False,True,True,False
585000.0,139.0,4.0,2.0,1.0,0.0,1.0,1.0,1.0,2,36.8764,10.3253,3.0,1.0,1.0,0.0,519943.5195618153,495512.68618274975,False,False,True,True,False,False,False,True,True,False
180000.0,90.0,3.0,1.0,0.0,0.0,1.0,1.0,0.0,2,36.8188,10.166,2.0,1.0,0.0,0.0,389984.1204651163,406094.33674999996,False,False,True,True,False,False,False,True,True,False
400000.0,175.0,4.0,1.0,1.0,0.0,1.0,1.0,1.0,2,36.8625,10.1956,3.0,1.0,0.0,0.0,362112.70683229814,368050.949375,False,False,True,True,False,False,False,True,True,False
432267.0,118.0,3.0,2.0,0.0,0.0,1.0,1.0,1.0,2,36.8833,10.25,2.0,1.0,0.0,0.0,393150.9196056338,368050.949375,False,False,True,True,False,False,False,True,True,False
191100.0,93.0,2.0,1.0,1.0,0.0,1.0,1.0,1.0,2,36.952,8.7581,2.0,1.0,1.0,1.0,222051.35384615383,228616.187,True,False,False,True,False,True,False,False,True,False
380000.0,136.0,3.0,2.0,1.0,0.0,1.0,1.0,0.0,2,36.8833,10.25,2.0,1.0,0.0,0.0,393150.9196056338,368050.949375,False,False,True,True,False,False,False,True,True,False
167000.0,60.0,2.0,1.0,0.0,0.0,1.0,1.0,0.0,2,36.8764,10.3253,2.0,0.0,0.0,0.0,519943.5195618153,495512.68618274975,False,False,True,True,False,False,False,True,True,False
187000.0,45.0,2.0,1.0,1.0,0.0,1.0,1.0,0.0,2,36.8764,10.3253,2.0,1.0,0.0,0.0,519943.5195618153,495512.68618274975,False,False,True,True,False,False,False,True,True,False
580000.0,117.0,3.0,1.0,1.0,0.0,1.0,0.0,1.0,1,35.896,10.5915,2.0,1.0,1.0,1.0,339414.0611787819,330755.1372713178,False,False,True,True,False,False,False,True,True,False
310000.0,87.0,3.0,2.0,1.0,0.0,0.0,1.0,1.0,1,36.8728,10.2919,2.0,1.0,0.0,0.0,519943.5195618153,495512.68618274975,False,False,True,True,False,False,False,True,True,False
600000.0,161.0,5.0,2.0,1.0,0.0,1.0,1.0,1.0,2,35.844,10.6188,4.0,1.0,1.0,0.0,355184.6627435388,335553.90432183904,False,False,True,True,False,False,False,True,True,False
175000.0,100.0,3.0,1.0,1.0,0.0,1.0,0.0,1.0,2,37.23,9.91,2.0,0.0,0.0,0.0,219000.0,273790.43207547173,True,False,False,True,False,True,False,False,True,False
320000.0,120.0,2.0,2.0,1.0,1.0,1.0,1.0,1.0,2,36.4011,10.6146,2.0,1.0,0.0,1.0,355184.6627435388,335553.90432183904,False,False,True,True,False,False,False,True,True,False
1200000.0,165.0,4.0,2.0,1.0,0.0,1.0,1.0,1.0,2,36.8764,10.3253,3.0,0.0,0.0,0.0,519943.5195618153,495512.68618274975,False,False,True,True,False,False,False,True,True,False
525350.0,133.0,4.0,1.0,1.0,0.0,0.0,0.0,0.0,2,35.8497,10.5983,3.0,0.0,1.0,1.0,339414.0611787819,330755.1372713178,False,False,True,True,False,False,False,True,True,False
1015100.0,149.0,3.0,2.0,1.0,0.0,1.0,1.0,1.0,2,36.9331,10.2595,2.0,1.0,1.0,0.0,519943.5195618153,495512.68618274975,False,False,True,True,False,False,False,True,True,False
260000.0,70.0,3.0,1.0,1.0,0.0,1.0,1.0,0.0,6,35.844,10.6188,2.0,1.0,0.0,0.0,355184.6627435388,335553.90432183904,False,False,True,True,False,False,False,True,True,False
255000.0,99.0,3.0,2.0,1.0,0.0,1.0,1.0,1.0,2,36.8778,10.191,2.0,0.0,1.0,0.0,298410.12333333335,368050.949375,False,True,False,True,False,False,False,True,True,False
295000.0,127.0,4.0,2.0,0.0,0.0,1.0,1.0,1.0,2,36.8778,10.191,3.0,0.0,0.0,0.0,298410.12333333335,368050.949375,False,True,False,True,False,False,False,True,True,False
289000.0,97.0,3.0,2.0,0.0,0.0,1.0,1.0,1.0,2,36.5772,10.3425,2.0,1.0,1.0,0.0,356912.7528888889,256097.71569620253,False,False,True,True,False,True,False,False,True,False
272000.0,92.0,3.0,2.0,0.0,0.0,1.0,1.0,1.0,2,36.5772,10.3425,2.0,1.0,1.0,0.0,356912.7528888889,256097.71569620253,False,False,True,True,False,True,False,False,True,False
152000.0,105.0,3.0,2.0,1.0,0.0,0.0,0.0,1.0,2,36.8419,11.106,2.0,0.0,0.0,0.0,189879.7706849315,335553.90432183904,True,False,False,True,False,False,False,True,True,False
150000.0,90.0,3.0,1.0,1.0,0.0,0.0,0.0,0.0,1,36.8466,11.102,2.0,0.0,0.0,0.0,189879.7706849315,335553.90432183904,True,False,False,True,False,False,False,True,True,False
200000.0,148.0,4.0,1.0,1.0,0.0,1.0,0.0,1.0,3,36.8438,11.1106,3.0,0.0,0.0,0.0,189879.7706849315,335553.90432183904,True,False,False,True,False,False,False,True,True,False
255000.0,145.0,4.0,1.0,1.0,1.0,1.0,0.0,1.0,3,36.8444,11.1111,2.0,0.0,0.0,0.0,189879.7706849315,335553.90432183904,True,False,False,True,False,False,False,True,True,False
576000.0,118.0,3.0,2.0,1.0,0.0,1.0,1.0,1.0,2,36.841,10.3551,2.0,1.0,0.0,0.0,601819.5220062697,495512.68618274975,False,False,True,True,False,False,False,True,True,False
475000.0,95.0,3.0,1.0,1.0,0.0,0.0,0.0,0.0,2,36.8556,10.2918,2.0,0.0,0.0,0.0,601819.5220062697,495512.68618274975,False,False,True,True,False,False,False,True,True,False
384000.0,136.0,3.0,1.0,1.0,0.0,1.0,1.0,1.0,1,36.9544,10.1914,2.0,1.0,0.0,0.0,298410.12333333335,368050.949375,False,True,False,True,False,False,False,True,True,False
552000.0,132.0,3.0,2.0,0.0,0.0,1.0,1.0,1.0,2,36.8565,10.318,2.0,1.0,1.0,0.0,519943.5195618153,495512.68618274975,False,False,True,True,False,False,False,True,True,False
600000.0,120.0,3.0,1.0,1.0,0.0,1.0,1.0,1.0,1,36.4506,10.735,2.0,1.0,0.0,0.0,356101.26872727275,335553.90432183904,False,False,True,True,False,False,False,True,True,False
500000.0,87.0,3.0,1.0,0.0,0.0,1.0,1.0,1.0,2,36.8566,10.2977,2.0,1.0,1.0,0.0,601819.5220062697,495512.68618274975,False,False,True,True,False,False,False,True,True,False
411224.0,111.0,5.0,2.0,1.0,0.0,1.0,1.0,1.0,2,36.8893,10.2079,2.0,1.0,1.0,1.0,393150.9196056338,368050.949375,False,False,True,True,False,False,False,True,True,False
533600.0,92.0,3.0,1.0,0.0,0.0,0.0,0.0,1.0,2,36.8333,10.3167,2.0,1.0,0.0,0.0,601819.5220062697,495512.68618274975,False,False,True,True,False,False,False,True,True,False
415000.0,140.0,4.0,2.0,1.0,0.0,1.0,1.0,0.0,2,36.8833,10.25,3.0,1.0,0.0,0.0,393150.9196056338,368050.949375,False,False,True,True,False,False,False,True,True,False
365000.0,100.0,2.0,1.0,0.0,0.0,0.0,0.0,0.0,2,36.4011,10.6146,2.0,0.0,1.0,1.0,355184.6627435388,335553.90432183904,False,False,True,True,False,False,False,True,True,False
150000.0,85.0,3.0,1.0,1.0,0.0,0.0,0.0,1.0,2,35.7678,10.8225,2.0,0.0,0.0,0.0,283320.10545454547,299054.0060240964,False,True,False,True,False,False,True,False,True,False
130000.0,40.0,3.0,1.0,1.0,0.0,1.0,0.0,0.0,1,35.87,10.57,2.0,0.0,1.0,1.0,347622.13037037035,330755.1372713178,False,False,True,True,False,False,False,True,True,False
520000.0,100.0,3.0,1.0,1.0,0.0,1.0,1.0,1.0,2,36.8764,10.3253,2.0,1.0,0.0,0.0,519943.5195618153,495512.68618274975,False,False,True,True,False,False,False,True,True,False
450000.0,198.0,3.0,1.0,1.0,1.0,0.0,1.0,0.0,2,36.8833,10.25,2.0,1.0,0.0,0.0,393150.9196056338,368050.949375,False,False,True,True,False,False,False,True,True,False
340000.0,205.0,3.0,1.0,1.0,1.0,1.0,1.0,0.0,2,36.8833,10.25,2.0,1.0,0.0,0.0,393150.9196056338,368050.949375,False,False,True,True,False,False,False,True,True,False
495000.0,185.0,4.0,2.0,1.0,1.0,1.0,1.0,0.0,2,36.4011,10.6146,3.0,1.0,0.0,1.0,355184.6627435388,335553.90432183904,False,False,True,True,False,False,False,True,True,False
240000.0,75.0,2.0,1.0,1.0,0.0,1.0,1.0,0.0,2,36.4151,10.6514,2.0,0.0,0.0,0.0,355184.6627435388,335553.90432183904,False,False,True,True,False,False,False,True,True,False
345000.0,85.0,3.0,1.0,1.0,1.0,1.0,1.0,0.0,2,36.8181,10.305,2.0,1.0,0.0,0.0,320842.93555555557,495512.68618274975,False,True,False,True,False,False,False,True,True,False
289000.0,122.0,3.0,1.0,1.0,1.0,0.0,1.0,0.0,2,36.8833,10.25,2.0,1.0,0.0,0.0,393150.9196056338,368050.949375,False,False,True,True,False,False,False,True,True,False
340000.0,141.0,3.0,1.0,1.0,0.0,0.0,0.0,0.0,2,36.8764,10.3253,3.0,1.0,0.0,0.0,519943.5195618153,495512.68618274975,False,False,True,True,False,False,False,True,True,False
130000.0,80.0,2.0,1.0,1.0,0.0,1.0,1.0,0.0,2,36.9284,10.1481,2.0,1.0,0.0,0.0,298410.12333333335,368050.949375,False,True,False,True,False,False,False,True,True,False
750000.0,120.0,3.0,2.0,1.0,0.0,1.0,1.0,0.0,2,36.8588,10.2928,3.0,1.0,0.0,0.0,601819.5220062697,495512.68618274975,False,False,True,True,False,False,False,True,True,False
360000.0,107.0,3.0,1.0,1.0,0.0,1.0,1.0,1.0,2,36.4297,10.6724,2.0,0.0,0.0,0.0,355184.6627435388,335553.90432183904,False,False,True,True,False,False,False,True,True,False
822000.0,172.0,5.0,3.0,1.0,0.0,1.0,1.0,1.0,2,36.841,10.3551,4.0,1.0,0.0,0.0,601819.5220062697,495512.68618274975,False,False,True,True,False,False,False,True,True,False
180000.0,100.0,4.0,2.0,1.0,0.0,0.0,0.0,1.0,1,36.7609,10.2736,3.0,0.0,0.0,0.0,239500.0,273790.43207547173,False,True,False,True,False,True,False,False,True,False
366000.0,64.0,2.0,1.0,1.0,0.0,1.0,1.0,1.0,1,35.8569,10.5972,2.0,0.0,1.0,1.0,339414.0611787819,330755.1372713178,False,False,True,True,False,False,False,True,True,False
280000.0,70.0,2.0,1.0,1.0,0.0,1.0,1.0,1.0,2,35.8659,10.6064,2.0,0.0,0.0,0.0,339414.0611787819,330755.1372713178,False,False,True,True,False,False,False,True,True,False
267000.0,90.0,3.0,2.0,0.0,0.0,1.0,1.0,1.0,2,36.5772,10.3425,2.0,1.0,1.0,0.0,356912.7528888889,256097.71569620253,False,False,True,True,False,True,False,False,True,False
98208.0,61.0,2.0,1.0,0.0,0.0,0.0,0.0,1.0,2,36.7397,10.0916,2.0,0.0,1.0,0.0,144860.5,495512.68618274975,True,False,False,True,False,False,False,True,True,False
384000.0,84.0,3.0,1.0,1.0,0.0,1.0,1.0,1.0,2,37.9289,11.3206,2.0,1.0,0.0,0.0,355184.6627435388,335553.90432183904,False,False,True,True,False,False,False,True,True,False
383600.0,97.0,3.0,2.0,1.0,0.0,1.0,1.0,1.0,2,35.8497,10.5983,2.0,0.0,0.0,1.0,339414.0611787819,330755.1372713178,False,False,True,True,False,False,False,True,True,False
533600.0,92.0,3.0,1.0,1.0,1.0,1.0,1.0,1.0,2,36.8333,10.3167,2.0,1.0,0.0,0.0,601819.5220062697,495512.68618274975,False,False,True,True,False,False,False,True,True,False
145000.0,63.0,2.0,1.0,0.0,0.0,0.0,0.0,0.0,2,36.7107,10.1948,2.0,0.0,0.0,0.0,174333.33333333334,274088.2291666667,True,False,False,True,False,True,False,False,True,False
220000.0,95.0,4.0,2.0,0.0,0.0,1.0,1.0,1.0,2,36.8778,10.191,3.0,0.0,0.0,0.0,298410.12333333335,368050.949375,False,True,False,True,False,False,False,True,True,False
250000.0,75.0,3.0,1.0,1.0,0.0,1.0,1.0,1.0,2,36.4011,10.6146,2.0,0.0,0.0,0.0,355184.6627435388,335553.90432183904,False,False,True,True,False,False,False,True,True,False
1250000.0,200.0,4.0,3.0,1.0,0.0,1.0,1.0,1.0,2,36.9194,10.3069,4.0,0.0,1.0,1.0,519943.5195618153,495512.68618274975,False,False,True,True,False,False,False,True,True,False
295000.0,107.0,3.0,1.0,0.0,0.0,0.0,0.0,0.0,2,36.4198,10.6619,2.0,1.0,0.0,1.0,355184.6627435388,335553.90432183904,False,False,True,True,False,False,False,True,True,False
305000.0,76.0,3.0,1.0,1.0,1.0,1.0,1.0,1.0,3,36.4506,10.735,2.0,1.0,0.0,1.0,356101.26872727275,335553.90432183904,False,False,True,True,False,False,False,True,True,False
290000.0,72.0,3.0,1.0,1.0,1.0,1.0,1.0,1.0,3,36.4506,10.735,2.0,0.0,0.0,1.0,356101.26872727275,335553.90432183904,False,False,True,True,False,False,False,True,True,False
135000.0,57.0,2.0,1.0,0.0,0.0,1.0,1.0,1.0,2,36.8778,10.191,2.0,0.0,0.0,0.0,298410.12333333335,368050.949375,False,True,False,True,False,False,False,True,True,False
250000.0,99.0,3.0,2.0,1.0,0.0,1.0,1.0,1.0,2,36.8778,10.191,2.0,0.0,1.0,0.0,298410.12333333335,368050.949375,False,True,False,True,False,False,False,True,True,False
330000.0,144.0,4.0,2.0,0.0,0.0,1.0,1.0,1.0,2,36.8778,10.191,3.0,0.0,0.0,0.0,298410.12333333335,368050.949375,False,True,False,True,False,False,False,True,True,False
550000.0,164.0,5.0,3.0,1.0,0.0,1.0,1.0,1.0,2,36.8778,10.191,4.0,1.0,1.0,0.0,298410.12333333335,368050.949375,False,True,False,True,False,False,False,True,True,False
255000.0,52.0,2.0,1.0,1.0,0.0,1.0,1.0,1.0,2,35.8569,10.5972,2.0,0.0,1.0,1.0,339414.0611787819,330755.1372713178,False,False,True,True,False,False,False,True,True,False
686550.0,149.0,4.0,2.0,1.0,0.0,1.0,1.0,1.0,3,35.8569,10.5972,3.0,0.0,1.0,1.0,339414.0611787819,330755.1372713178,False,False,True,True,False,False,False,True,True,False
580000.0,60.0,3.0,1.0,1.0,0.0,1.0,0.0,0.0,1,35.8569,10.5972,2.0,0.0,0.0,1.0,339414.0611787819,330755.1372713178,False,False,True,True,False,False,False,True,True,False
413000.0,84.0,3.0,1.0,1.0,0.0,1.0,1.0,1.0,2,35.8569,10.5972,2.0,0.0,1.0,1.0,339414.0611787819,330755.1372713178,False,False,True,True,False,False,False,True,True,False
350000.0,65.0,2.0,1.0,1.0,1.0,1.0,1.0,1.0,2,35.8569,10.5972,2.0,1.0,0.0,0.0,339414.0611787819,330755.1372713178,False,False,True,True,False,False,False,True,True,False
391400.0,183.0,4.0,2.0,0.0,1.0,1.0,1.0,1.0,2,35.8337,10.6407,3.0,0.0,0.0,0.0,303301.0294117647,274088.2291666667,False,True,False,True,False,True,False,False,True,False
250000.0,110.0,3.0,1.0,0.0,0.0,1.0,1.0,0.0,1,36.8625,10.1956,2.0,1.0,0.0,0.0,362112.70683229814,368050.949375,False,False,True,True,False,False,False,True,True,False
110000.0,100.0,4.0,2.0,1.0,0.0,0.0,0.0,0.0,2,36.8302,10.1374,3.0,0.0,0.0,0.0,190533.3,495512.68618274975,True,False,False,True,False,False,False,True,True,False
283000.0,81.0,3.0,1.0,0.0,0.0,0.0,1.0,1.0,1,36.8728,10.2919,2.0,1.0,0.0,0.0,519943.5195618153,495512.68618274975,False,False,True,True,False,False,False,True,True,False
563644.0,135.0,3.0,2.0,1.0,0.0,1.0,1.0,1.0,2,35.8497,10.5983,2.0,0.0,1.0,0.0,339414.0611787819,330755.1372713178,False,False,True,True,False,False,False,True,True,False
416000.0,125.0,4.0,2.0,0.0,0.0,0.0,1.0,1.0,2,36.8728,10.2919,3.0,1.0,0.0,0.0,519943.5195618153,495512.68618274975,False,False,True,True,False,False,False,True,True,False
540000.0,135.0,3.0,2.0,1.0,0.0,1.0,1.0,1.0,2,37.2667,9.8667,3.0,0.0,1.0,0.0,301532.5788888889,273790.43207547173,False,True,False,True,False,True,False,False,True,False
390000.0,122.0,4.0,2.0,1.0,0.0,1.0,1.0,1.0,2,36.5772,10.3425,3.0,0.0,0.0,0.0,356912.7528888889,256097.71569620253,False,False,True,True,False,True,False,False,True,False
142000.0,56.0,2.0,1.0,0.0,0.0,0.0,0.0,0.0,2,36.8827,10.2948,2.0,0.0,0.0,0.0,393150.9196056338,368050.949375,False,False,True,True,False,False,False,True,True,False
275000.0,93.0,3.0,2.0,0.0,0.0,1.0,1.0,1.0,2,36.5772,10.3425,2.0,1.0,1.0,0.0,356912.7528888889,256097.71569620253,False,False,True,True,False,True,False,False,True,False
310000.0,92.0,3.0,1.0,1.0,0.0,0.0,0.0,0.0,4,35.5044,11.0661,2.0,0.0,0.0,0.0,277969.225,327705.16642857145,False,True,False,True,False,False,True,False,True,False
345000.0,80.0,3.0,1.0,1.0,0.0,0.0,0.0,0.0,2,36.4011,10.6146,2.0,1.0,0.0,0.0,355184.6627435388,335553.90432183904,False,False,True,True,False,False,False,True,True,False
245000.0,111.0,3.0,1.0,0.0,1.0,1.0,1.0,0.0,5,36.8764,10.3253,2.0,0.0,0.0,0.0,519943.5195618153,495512.68618274975,False,False,True,True,False,False,False,True,True,False
240000.0,92.0,4.0,1.0,1.0,1.0,1.0,1.0,1.0,1,36.8764,10.3253,3.0,0.0,0.0,0.0,519943.5195618153,495512.68618274975,False,False,True,True,False,False,False,True,True,False
495000.0,147.0,4.0,3.0,1.0,1.0,1.0,1.0,1.0,1,36.8764,10.3253,3.0,1.0,0.0,0.0,519943.5195618153,495512.68618274975,False,False,True,True,False,False,False,True,True,False
210000.0,86.0,3.0,1.0,1.0,1.0,1.0,1.0,1.0,5,36.8534,10.2505,2.0,0.0,0.0,0.0,519943.5195618153,495512.68618274975,False,False,True,True,False,False,False,True,True,False
230000.0,120.0,3.0,2.0,1.0,1.0,1.0,1.0,0.0,3,36.8155,10.1857,3.0,0.0,0.0,0.0,257110.19941176468,495512.68618274975,False,True,False,True,False,False,False,True,True,False
450000.0,180.0,3.0,2.0,1.0,1.0,1.0,1.0,0.0,1,36.8483,10.1411,3.0,1.0,0.0,0.0,346388.2,335553.90432183904,False,False,True,True,False,False,False,True,True,False
750000.0,150.0,4.0,2.0,0.0,0.0,1.0,1.0,1.0,2,36.8764,10.3253,3.0,0.0,1.0,1.0,519943.5195618153,495512.68618274975,False,False,True,True,False,False,False,True,True,False
780000.0,206.0,4.0,2.0,1.0,1.0,1.0,1.0,0.0,2,36.9177,10.2889,3.0,1.0,0.0,0.0,519943.5195618153,495512.68618274975,False,False,True,True,False,False,False,True,True,False
845000.0,100.0,3.0,1.0,1.0,1.0,1.0,1.0,1.0,2,36.9177,10.2889,2.0,0.0,0.0,0.0,519943.5195618153,495512.68618274975,False,False,True,True,False,False,False,True,True,False
370000.0,153.0,4.0,2.0,0.0,0.0,0.0,1.0,0.0,2,36.8833,10.25,3.0,0.0,0.0,0.0,393150.9196056338,368050.949375,False,False,True,True,False,False,False,True,True,False
490000.0,87.0,3.0,1.0,1.0,1.0,1.0,1.0,1.0,2,36.8333,10.3167,2.0,1.0,1.0,1.0,601819.5220062697,495512.68618274975,False,False,True,True,False,False,False,True,True,False
112470.0,69.0,2.0,1.0,0.0,0.0,0.0,0.0,0.0,2,36.7397,10.0916,2.0,0.0,1.0,0.0,144860.5,495512.68618274975,True,False,False,True,False,False,False,True,True,False
833000.0,199.0,3.0,3.0,1.0,1.0,1.0,1.0,1.0,2,36.8484,10.3099,2.0,0.0,1.0,1.0,601819.5220062697,495512.68618274975,False,False,True,True,False,False,False,True,True,False
439000.0,91.0,2.0,1.0,1.0,1.0,1.0,1.0,1.0,2,35.9758,10.446,2.0,1.0,1.0,1.0,339414.0611787819,330755.1372713178,False,False,True,True,False,False,False,True,True,False
510000.0,142.0,3.0,1.0,0.0,0.0,1.0,1.0,0.0,2,36.8236,10.281,2.0,0.0,0.0,0.0,320842.93555555557,495512.68618274975,False,True,False,True,False,False,False,True,True,False
1360000.0,209.0,3.0,1.0,1.0,0.0,0.0,0.0,0.0,2,36.8942,10.2762,3.0,0.0,0.0,0.0,519943.5195618153,495512.68618274975,False,False,True,True,False,False,False,True,True,False
545000.0,120.0,2.0,1.0,1.0,0.0,1.0,0.0,1.0,2,36.8764,10.3253,2.0,0.0,1.0,0.0,519943.5195618153,495512.68618274975,False,False,True,True,False,False,False,True,True,False
229000.0,97.0,2.0,1.0,1.0,0.0,1.0,1.0,0.0,1,36.8764,10.3253,2.0,1.0,0.0,0.0,519943.5195618153,495512.68618274975,False,False,True,True,False,False,False,True,True,False
286825.0,52.0,3.0,1.0,0.0,0.0,0.0,0.0,0.0,2,36.8556,10.2918,2.0,0.0,0.0,0.0,601819.5220062697,495512.68618274975,False,False,True,True,False,False,False,True,True,False
220000.0,90.0,3.0,1.0,1.0,0.0,1.0,1.0,1.0,1,36.8415,10.178,3.0,1.0,0.0,0.0,346388.2,335553.90432183904,False,False,True,True,False,False,False,True,True,False
510000.0,150.0,4.0,2.0,0.0,0.0,0.0,1.0,0.0,1,36.8239,10.2264,3.0,1.0,0.0,0.0,303301.0294117647,274088.2291666667,False,True,False,True,False,True,False,False,True,False
419000.0,99.0,3.0,2.0,1.0,0.0,1.0,1.0,0.0,2,36.841,10.3551,2.0,1.0,0.0,0.0,601819.5220062697,495512.68618274975,False,False,True,True,False,False,False,True,True,False
240000.0,61.0,2.0,1.0,1.0,1.0,1.0,1.0,1.0,1,36.4506,10.735,2.0,1.0,0.0,1.0,356101.26872727275,335553.90432183904,False,False,True,True,False,False,False,True,True,False
470000.0,190.0,3.0,1.0,1.0,0.0,1.0,1.0,1.0,2,36.4506,10.735,2.0,0.0,1.0,1.0,356101.26872727275,335553.90432183904,False,False,True,True,False,False,False,True,True,False
570000.0,230.0,3.0,1.0,1.0,1.0,1.0,1.0,1.0,2,36.4506,10.735,2.0,0.0,1.0,1.0,356101.26872727275,335553.90432183904,False,False,True,True,False,False,False,True,True,False
455000.0,103.0,3.0,2.0,1.0,1.0,1.0,1.0,1.0,3,36.3896,10.6014,3.0,1.0,1.0,1.0,355184.6627435388,335553.90432183904,False,False,True,True,False,False,False,True,True,False
720000.0,120.0,4.0,2.0,1.0,0.0,1.0,1.0,0.0,2,36.8932,10.3099,3.0,0.0,0.0,0.0,519943.5195618153,495512.68618274975,False,False,True,True,False,False,False,True,True,False
195860.0,121.0,4.0,1.0,0.0,0.0,0.0,0.0,1.0,2,36.7397,10.0916,3.0,0.0,1.0,0.0,144860.5,495512.68618274975,True,False,False,True,False,False,False,True,True,False
324000.0,73.0,3.0,1.0,1.0,0.0,1.0,1.0,1.0,2,35.9758,10.446,2.0,1.0,1.0,1.0,339414.0611787819,330755.1372713178,False,False,True,True,False,False,False,True,True,False
295000.0,104.0,3.0,1.0,1.0,1.0,1.0,1.0,1.0,3,36.4506,10.735,2.0,0.0,0.0,0.0,356101.26872727275,335553.90432183904,False,False,True,True,False,False,False,True,True,False
350000.0,190.0,3.0,2.0,1.0,0.0,0.0,0.0,0.0,2,36.4011,10.6146,2.0,1.0,0.0,0.0,355184.6627435388,335553.90432183904,False,False,True,True,False,False,False,True,True,False
155000.0,50.0,3.0,1.0,1.0,1.0,0.0,1.0,0.0,2,36.689,10.2996,2.0,1.0,0.0,0.0,209040.0,256097.71569620253,True,False,False,True,False,True,False,False,True,False
445134.0,101.0,3.0,1.0,1.0,1.0,1.0,1.0,1.0,2,36.5772,10.3425,2.0,0.0,0.0,0.0,356912.7528888889,256097.71569620253,False,False,True,True,False,True,False,False,True,False
350000.0,116.0,3.0,1.0,1.0,0.0,1.0,1.0,1.0,2,36.5772,10.3425,2.0,1.0,0.0,0.0,356912.7528888889,256097.71569620253,False,False,True,True,False,True,False,False,True,False
320000.0,95.0,2.0,2.0,1.0,0.0,1.0,1.0,1.0,2,36.4011,10.6146,2.0,1.0,0.0,1.0,355184.6627435388,335553.90432183904,False,False,True,True,False,False,False,True,True,False
386000.0,122.0,3.0,2.0,1.0,0.0,1.0,1.0,0.0,2,36.8625,10.1956,2.0,1.0,0.0,0.0,362112.70683229814,368050.949375,False,False,True,True,False,False,False,True,True,False
185000.0,125.0,3.0,2.0,0.0,0.0,0.0,0.0,0.0,2,35.5303,11.0169,2.0,0.0,0.0,0.0,277969.225,327705.16642857145,False,True,False,True,False,False,True,False,True,False
318000.0,108.0,3.0,1.0,1.0,0.0,1.0,1.0,0.0,2,36.8833,10.25,2.0,0.0,0.0,0.0,393150.9196056338,368050.949375,False,False,True,True,False,False,False,True,True,False
330000.0,111.0,3.0,1.0,0.0,0.0,1.0,1.0,0.0,2,36.8833,10.25,2.0,0.0,0.0,0.0,393150.9196056338,368050.949375,False,False,True,True,False,False,False,True,True,False
550000.0,130.0,3.0,2.0,1.0,0.0,1.0,1.0,1.0,2,36.8764,10.3253,2.0,1.0,0.0,0.0,519943.5195618153,495512.68618274975,False,False,True,True,False,False,False,True,True,False
227000.0,57.0,2.0,1.0,1.0,0.0,1.0,1.0,1.0,2,36.8764,10.3253,2.0,0.0,0.0,0.0,519943.5195618153,495512.68618274975,False,False,True,True,False,False,False,True,True,False
298000.0,80.0,2.0,1.0,0.0,0.0,1.0,1.0,0.0,2,36.8833,10.25,2.0,0.0,1.0,0.0,393150.9196056338,368050.949375,False,False,True,True,False,False,False,True,True,False
390000.0,150.0,2.0,1.0,0.0,0.0,0.0,0.0,0.0,2,36.8764,10.3253,2.0,0.0,0.0,0.0,519943.5195618153,495512.68618274975,False,False,True,True,False,False,False,True,True,False
330000.0,73.0,3.0,1.0,0.0,0.0,0.0,0.0,0.0,2,36.8333,10.3167,2.0,0.0,0.0,0.0,601819.5220062697,495512.68618274975,False,False,True,True,False,False,False,True,True,False
234500.0,59.0,3.0,1.0,0.0,0.0,0.0,0.0,0.0,2,36.8833,10.25,2.0,1.0,0.0,0.0,393150.9196056338,368050.949375,False,False,True,True,False,False,False,True,True,False
258000.0,65.0,2.0,1.0,0.0,0.0,0.0,0.0,0.0,2,36.8883,10.2742,2.0,0.0,0.0,0.0,393150.9196056338,368050.949375,False,False,True,True,False,False,False,True,True,False
279000.0,155.0,4.0,1.0,1.0,0.0,0.0,0.0,0.0,2,36.8534,10.2505,4.0,0.0,0.0,0.0,519943.5195618153,495512.68618274975,False,False,True,True,False,False,False,True,True,False
340000.0,148.0,4.0,1.0,1.0,0.0,0.0,0.0,1.0,2,32.9606,10.5276,3.0,1.0,1.0,0.0,261889.71862068964,256097.71569620253,False,True,False,True,False,True,False,False,True,False
550000.0,153.0,3.0,1.0,1.0,1.0,1.0,1.0,0.0,2,36.8764,10.3253,3.0,0.0,0.0,0.0,519943.5195618153,495512.68618274975,False,False,True,True,False,False,False,True,True,False
398000.0,110.0,3.0,2.0,1.0,0.0,1.0,1.0,0.0,2,36.8764,10.3253,2.0,1.0,0.0,0.0,519943.5195618153,495512.68618274975,False,False,True,True,False,False,False,True,True,False
250000.0,130.0,4.0,1.0,1.0,0.0,0.0,0.0,0.0,2,37.1303,9.7507,3.0,1.0,0.0,0.0,163531.45,273790.43207547173,True,False,False,True,False,True,False,False,True,False
355000.0,140.0,4.0,2.0,1.0,0.0,1.0,1.0,1.0,1,35.8324,10.6225,3.0,1.0,0.0,0.0,339414.0611787819,330755.1372713178,False,False,True,True,False,False,False,True,True,False
576000.0,118.0,3.0,2.0,1.0,0.0,1.0,1.0,1.0,2,36.841,10.3551,2.0,1.0,0.0,0.0,601819.5220062697,495512.68618274975,False,False,True,True,False,False,False,True,True,False
470000.0,140.0,2.0,1.0,1.0,0.0,0.0,0.0,0.0,2,36.8764,10.3253,2.0,1.0,0.0,0.0,519943.5195618153,495512.68618274975,False,False,True,True,False,False,False,True,True,False
450000.0,120.0,3.0,2.0,1.0,0.0,1.0,1.0,0.0,1,36.8764,10.3253,2.0,1.0,0.0,0.0,519943.5195618153,495512.68618274975,False,False,True,True,False,False,False,True,True,False
330000.0,107.0,3.0,1.0,0.0,0.0,0.0,0.0,0.0,2,36.8625,10.1956,4.0,0.0,0.0,0.0,362112.70683229814,368050.949375,False,False,True,True,False,False,False,True,True,False
230000.0,130.0,5.0,2.0,1.0,0.0,0.0,0.0,0.0,1,37.2667,9.8667,3.0,0.0,0.0,0.0,301532.5788888889,273790.43207547173,False,True,False,True,False,True,False,False,True,False
290000.0,135.0,4.0,2.0,0.0,1.0,1.0,1.0,1.0,6,36.9544,10.1914,4.0,1.0,0.0,0.0,298410.12333333335,368050.949375,False,True,False,True,False,False,False,True,True,False
395000.0,143.0,4.0,2.0,1.0,0.0,1.0,1.0,1.0,1,36.0301,10.5079,3.0,1.0,1.0,1.0,260917.67902439024,330755.1372713178,False,True,False,True,False,False,False,True,True,False
179000.0,70.0,3.0,1.0,1.0,0.0,1.0,1.0,1.0,2,36.0157,10.5128,2.0,0.0,0.0,0.0,260917.67902439024,330755.1372713178,False,True,False,True,False,False,False,True,True,False
233430.0,75.0,3.0,1.0,1.0,0.0,1.0,1.0,1.0,2,36.0147,10.5136,2.0,0.0,0.0,0.0,260917.67902439024,330755.1372713178,False,True,False,True,False,False,False,True,True,False
190696.0,62.0,2.0,1.0,1.0,0.0,1.0,1.0,1.0,2,36.015,10.513,2.0,0.0,0.0,0.0,260917.67902439024,330755.1372713178,False,True,False,True,False,False,False,True,True,False
139586.0,41.0,3.0,1.0,1.0,0.0,1.0,1.0,1.0,1,36.0301,10.5079,2.0,1.0,0.0,0.0,260917.67902439024,330755.1372713178,False,True,False,True,False,False,False,True,True,False
165000.0,120.0,3.0,1.0,1.0,0.0,0.0,1.0,0.0,3,36.8625,10.1956,3.0,0.0,0.0,0.0,362112.70683229814,368050.949375,False,False,True,True,False,False,False,True,True,False
385000.0,107.0,2.0,1.0,0.0,0.0,0.0,0.0,0.0,2,36.4011,10.6146,2.0,0.0,0.0,0.0,355184.6627435388,335553.90432183904,False,False,True,True,False,False,False,True,True,False
145000.0,28.0,3.0,1.0,0.0,0.0,0.0,0.0,0.0,2,36.4011,10.6146,2.0,0.0,0.0,0.0,355184.6627435388,335553.90432183904,False,False,True,True,False,False,False,True,True,False
700000.0,171.0,4.0,3.0,1.0,0.0,1.0,1.0,1.0,2,36.8965,10.218,3.0,1.0,0.0,0.0,393150.9196056338,368050.949375,False,False,True,True,False,False,False,True,True,False
709000.0,129.0,3.0,1.0,1.0,0.0,1.0,1.0,1.0,2,36.8333,10.3167,2.0,0.0,1.0,0.0,601819.5220062697,495512.68618274975,False,False,True,True,False,False,False,True,True,False
580000.0,133.0,3.0,1.0,1.0,0.0,1.0,0.0,1.0,2,35.896,10.5915,2.0,1.0,0.0,1.0,339414.0611787819,330755.1372713178,False,False,True,True,False,False,False,True,True,False
380000.0,120.0,3.0,1.0,0.0,0.0,1.0,1.0,1.0,2,36.7265,10.2961,2.0,1.0,1.0,0.0,356912.7528888889,256097.71569620253,False,False,True,True,False,True,False,False,True,False
520000.0,163.0,4.0,3.0,1.0,0.0,1.0,1.0,1.0,2,36.2828,10.6571,3.0,1.0,1.0,0.0,356912.7528888889,256097.71569620253,False,False,True,True,False,True,False,False,True,False
360000.0,144.0,4.0,1.0,1.0,0.0,1.0,1.0,1.0,1,36.8534,10.2505,3.0,0.0,0.0,0.0,519943.5195618153,495512.68618274975,False,False,True,True,False,False,False,True,True,False
335000.0,112.0,3.0,2.0,1.0,0.0,1.0,1.0,1.0,2,36.8883,10.2742,2.0,1.0,0.0,0.0,393150.9196056338,368050.949375,False,False,True,True,False,False,False,True,True,False
325000.0,129.0,3.0,2.0,1.0,0.0,1.0,1.0,1.0,3,36.8625,10.1956,2.0,1.0,1.0,0.0,298410.12333333335,368050.949375,False,True,False,True,False,False,False,True,True,False
300000.0,80.0,3.0,1.0,1.0,1.0,1.0,1.0,1.0,1,35.8403,10.5943,2.0,1.0,1.0,0.0,339414.0611787819,330755.1372713178,False,False,True,True,False,False,False,True,True,False
250000.0,115.0,2.0,1.0,1.0,0.0,1.0,1.0,0.0,2,36.789,10.1835,2.0,1.0,0.0,0.0,215000.0,300416.6666666667,True,False,False,True,False,False,True,False,True,False
180000.0,110.0,3.0,1.0,0.0,0.0,0.0,1.0,0.0,2,36.7609,10.2736,3.0,1.0,0.0,0.0,223470.58823529413,256097.71569620253,False,True,False,True,False,True,False,False,True,False
138000.0,80.0,3.0,1.0,1.0,0.0,0.0,0.0,1.0,2,35.7289,10.8145,2.0,0.0,0.0,0.0,283320.10545454547,299054.0060240964,False,True,False,True,False,False,True,False,True,False
380000.0,168.0,2.0,1.0,1.0,0.0,1.0,1.0,0.0,2,36.8625,10.1956,2.0,1.0,0.0,0.0,362112.70683229814,368050.949375,False,False,True,True,False,False,False,True,True,False
180000.0,80.0,3.0,1.0,0.0,0.0,0.0,0.0,1.0,1,36.9544,10.1914,3.0,0.0,0.0,0.0,298410.12333333335,368050.949375,False,True,False,True,False,False,False,True,True,False
220000.0,135.0,4.0,2.0,1.0,0.0,0.0,0.0,1.0,3,36.4124,10.6401,3.0,0.0,0.0,0.0,355184.6627435388,335553.90432183904,False,False,True,True,False,False,False,True,True,False
155000.0,75.0,3.0,1.0,1.0,0.0,0.0,0.0,0.0,2,35.75,10.72,2.0,0.0,0.0,0.0,304361.5,299054.0060240964,False,True,False,True,False,False,True,False,True,False
145000.0,68.0,3.0,1.0,1.0,0.0,0.0,0.0,1.0,2,35.75,10.72,2.0,1.0,0.0,0.0,304361.5,299054.0060240964,False,True,False,True,False,False,True,False,True,False
430000.0,171.0,3.0,1.0,0.0,0.0,0.0,0.0,1.0,2,36.5772,10.3425,2.0,0.0,0.0,0.0,356912.7528888889,256097.71569620253,False,False,True,True,False,True,False,False,True,False
240000.0,85.0,3.0,1.0,1.0,0.0,0.0,1.0,1.0,1,36.4172,10.6471,2.0,0.0,0.0,0.0,355184.6627435388,335553.90432183904,False,False,True,True,False,False,False,True,True,False
125000.0,75.0,2.0,1.0,0.0,1.0,0.0,0.0,0.0,2,36.8493,11.0918,2.0,0.0,0.0,0.0,189879.7706849315,335553.90432183904,True,False,False,True,False,False,False,True,True,False
240000.0,95.0,3.0,1.0,1.0,1.0,0.0,0.0,0.0,2,36.9306,11.0485,2.0,0.0,0.0,0.0,355184.6627435388,335553.90432183904,False,False,True,True,False,False,False,True,True,False
200000.0,63.0,2.0,1.0,1.0,0.0,0.0,1.0,0.0,3,36.8625,10.1956,2.0,1.0,0.0,0.0,362112.70683229814,368050.949375,False,False,True,True,False,False,False,True,True,False
260000.0,110.0,3.0,1.0,1.0,0.0,0.0,0.0,0.0,1,36.8493,11.0918,3.0,0.0,0.0,0.0,189879.7706849315,335553.90432183904,True,False,False,True,False,False,False,True,True,False
260000.0,110.0,3.0,1.0,1.0,0.0,0.0,0.0,0.0,1,36.8493,11.0918,3.0,0.0,0.0,0.0,189879.7706849315,335553.90432183904,True,False,False,True,False,False,False,True,True,False
366000.0,70.0,3.0,1.0,1.0,0.0,1.0,1.0,1.0,2,35.9758,10.446,2.0,1.0,1.0,1.0,339414.0611787819,330755.1372713178,False,False,True,True,False,False,False,True,True,False
390000.0,140.0,4.0,2.0,1.0,0.0,1.0,1.0,1.0,2,36.8967,10.1777,3.0,0.0,0.0,0.0,298410.12333333335,368050.949375,False,True,False,True,False,False,False,True,True,False
189000.0,120.0,2.0,1.0,0.0,0.0,0.0,0.0,0.0,2,35.8177,10.6455,2.0,0.0,0.0,0.0,339414.0611787819,330755.1372713178,False,False,True,True,False,False,False,True,True,False
475000.0,98.0,3.0,1.0,0.0,0.0,1.0,1.0,1.0,2,36.8764,10.3253,2.0,0.0,0.0,0.0,519943.5195618153,495512.68618274975,False,False,True,True,False,False,False,True,True,False
190000.0,84.0,3.0,1.0,1.0,0.0,0.0,1.0,1.0,2,36.7786,10.0554,2.0,1.0,0.0,0.0,251258.3575,259667.45531914895,False,True,False,True,False,True,False,False,True,False
330000.0,100.0,2.0,1.0,1.0,1.0,1.0,1.0,1.0,2,36.4011,10.6146,2.0,1.0,0.0,1.0,355184.6627435388,335553.90432183904,False,False,True,True,False,False,False,True,True,False
300000.0,125.0,4.0,1.0,0.0,0.0,1.0,1.0,1.0,2,35.8324,10.6225,3.0,0.0,0.0,0.0,339414.0611787819,330755.1372713178,False,False,True,True,False,False,False,True,True,False
150000.0,110.0,3.0,1.0,1.0,0.0,0.0,0.0,0.0,2,37.2667,9.8667,2.0,0.0,0.0,0.0,301532.5788888889,273790.43207547173,False,True,False,True,False,True,False,False,True,False
115000.0,70.0,3.0,1.0,1.0,0.0,0.0,0.0,0.0,2,36.7609,10.2736,2.0,0.0,0.0,0.0,223470.58823529413,256097.71569620253,False,True,False,True,False,True,False,False,True,False
390000.0,105.0,3.0,1.0,1.0,0.0,1.0,1.0,1.0,2,35.844,10.6188,2.0,0.0,0.0,0.0,355184.6627435388,335553.90432183904,False,False,True,True,False,False,False,True,True,False
170000.0,120.0,3.0,1.0,1.0,0.0,0.0,0.0,0.0,2,35.8273,10.6339,3.0,0.0,0.0,0.0,339414.0611787819,330755.1372713178,False,False,True,True,False,False,False,True,True,False
210000.0,79.0,2.0,1.0,0.0,0.0,0.0,0.0,0.0,2,36.0301,10.5079,2.0,0.0,0.0,0.0,260917.67902439024,330755.1372713178,False,True,False,True,False,False,False,True,True,False
225000.0,100.0,3.0,2.0,1.0,1.0,1.0,1.0,1.0,2,36.0301,10.5079,2.0,0.0,0.0,0.0,260917.67902439024,330755.1372713178,False,True,False,True,False,False,False,True,True,False
270000.0,126.0,3.0,1.0,1.0,0.0,1.0,1.0,0.0,1,35.87,10.57,2.0,0.0,0.0,0.0,347622.13037037035,330755.1372713178,False,False,True,True,False,False,False,True,True,False
250000.0,200.0,3.0,1.0,1.0,0.0,1.0,0.0,0.0,2,37.272,9.8708,2.0,0.0,1.0,0.0,301532.5788888889,273790.43207547173,False,True,False,True,False,True,False,False,True,False
210000.0,90.0,4.0,1.0,0.0,0.0,0.0,0.0,0.0,2,37.272,9.8708,3.0,0.0,0.0,0.0,301532.5788888889,273790.43207547173,False,True,False,True,False,True,False,False,True,False
120000.0,120.0,5.0,1.0,1.0,0.0,0.0,0.0,0.0,4,36.8394,10.3077,3.0,0.0,0.0,0.0,601819.5220062697,495512.68618274975,False,False,True,True,False,False,False,True,True,False
227000.0,80.0,3.0,1.0,1.0,0.0,1.0,0.0,1.0,2,36.9069,11.1017,2.0,0.0,1.0,0.0,189879.7706849315,335553.90432183904,True,False,False,True,False,False,False,True,True,False
240000.0,95.0,2.0,1.0,1.0,1.0,1.0,0.0,0.0,2,36.9306,11.0485,2.0,0.0,0.0,0.0,355184.6627435388,335553.90432183904,False,False,True,True,False,False,False,True,True,False
622000.0,136.0,4.0,3.0,1.0,0.0,1.0,1.0,1.0,2,36.841,10.3551,3.0,1.0,0.0,0.0,601819.5220062697,495512.68618274975,False,False,True,True,False,False,False,True,True,False
390000.0,88.0,3.0,1.0,0.0,0.0,1.0,0.0,1.0,2,36.3896,10.6014,2.0,1.0,1.0,1.0,355184.6627435388,335553.90432183904,False,False,True,True,False,False,False,True,True,False
429000.0,91.0,3.0,1.0,1.0,0.0,1.0,1.0,1.0,1,35.9758,10.446,2.0,1.0,1.0,1.0,339414.0611787819,330755.1372713178,False,False,True,True,False,False,False,True,True,False
608800.0,138.0,3.0,1.0,1.0,0.0,1.0,1.0,1.0,2,36.9331,10.2595,2.0,1.0,1.0,0.0,519943.5195618153,495512.68618274975,False,False,True,True,False,False,False,True,True,False
240000.0,130.0,3.0,1.0,1.0,0.0,1.0,1.0,1.0,4,35.8357,10.6198,2.0,0.0,0.0,0.0,339414.0611787819,330755.1372713178,False,False,True,True,False,False,False,True,True,False
270000.0,150.0,3.0,1.0,0.0,0.0,0.0,0.0,0.0,2,35.7833,10.8333,2.0,0.0,0.0,0.0,283320.10545454547,299054.0060240964,False,True,False,True,False,False,True,False,True,False
400000.0,75.0,3.0,1.0,1.0,0.0,0.0,0.0,0.0,2,35.7833,10.8333,2.0,0.0,1.0,1.0,283320.10545454547,299054.0060240964,False,True,False,True,False,False,True,False,True,False
500000.0,120.0,3.0,1.0,1.0,0.0,0.0,0.0,0.0,2,35.7833,10.8333,2.0,0.0,1.0,1.0,283320.10545454547,299054.0060240964,False,True,False,True,False,False,True,False,True,False
251000.0,125.0,3.0,1.0,0.0,1.0,0.0,1.0,0.0,2,36.689,10.2996,2.0,1.0,0.0,0.0,209040.0,256097.71569620253,True,False,False,True,False,True,False,False,True,False
430000.0,160.0,4.0,1.0,0.0,1.0,1.0,1.0,0.0,1,36.8625,10.1956,3.0,1.0,0.0,0.0,362112.70683229814,368050.949375,False,False,True,True,False,False,False,True,True,False
250000.0,120.0,3.0,1.0,1.0,0.0,1.0,1.0,1.0,2,36.8764,10.3253,2.0,1.0,0.0,1.0,519943.5195618153,495512.68618274975,False,False,True,True,False,False,False,True,True,False
460000.0,120.0,3.0,1.0,1.0,0.0,1.0,1.0,0.0,2,35.8354,10.6343,2.0,0.0,0.0,0.0,339414.0611787819,330755.1372713178,False,False,True,True,False,False,False,True,True,False
309500.0,89.0,4.0,1.0,1.0,1.0,1.0,1.0,1.0,1,36.8805,10.1823,3.0,1.0,1.0,0.0,362112.70683229814,368050.949375,False,False,True,True,False,False,False,True,True,False
460000.0,120.0,3.0,1.0,1.0,0.0,1.0,1.0,1.0,2,36.8333,10.3167,2.0,1.0,0.0,0.0,601819.5220062697,495512.68618274975,False,False,True,True,False,False,False,True,True,False
200000.0,57.0,3.0,1.0,1.0,1.0,1.0,1.0,1.0,3,35.8324,10.6225,2.0,1.0,0.0,0.0,355184.6627435388,335553.90432183904,False,False,True,True,False,False,False,True,True,False
290000.0,86.0,3.0,1.0,1.0,1.0,1.0,1.0,1.0,2,35.844,10.6188,2.0,0.0,0.0,0.0,355184.6627435388,335553.90432183904,False,False,True,True,False,False,False,True,True,False
410000.0,105.0,2.0,2.0,1.0,1.0,1.0,1.0,1.0,3,35.844,10.6188,2.0,1.0,0.0,0.0,355184.6627435388,335553.90432183904,False,False,True,True,False,False,False,True,True,False
350000.0,176.0,3.0,2.0,0.0,0.0,1.0,0.0,0.0,2,35.844,10.6188,3.0,0.0,0.0,0.0,355184.6627435388,335553.90432183904,False,False,True,True,False,False,False,True,True,False
248000.0,79.0,3.0,1.0,1.0,0.0,1.0,0.0,1.0,2,35.844,10.6188,2.0,0.0,0.0,0.0,355184.6627435388,335553.90432183904,False,False,True,True,False,False,False,True,True,False
275000.0,100.0,3.0,1.0,1.0,0.0,1.0,1.0,1.0,2,35.844,10.6188,2.0,0.0,0.0,0.0,355184.6627435388,335553.90432183904,False,False,True,True,False,False,False,True,True,False
225000.0,65.0,3.0,1.0,1.0,1.0,1.0,1.0,1.0,3,35.844,10.6188,2.0,0.0,0.0,0.0,355184.6627435388,335553.90432183904,False,False,True,True,False,False,False,True,True,False
375000.0,120.0,3.0,1.0,1.0,1.0,1.0,1.0,1.0,5,35.844,10.6188,2.0,1.0,0.0,0.0,355184.6627435388,335553.90432183904,False,False,True,True,False,False,False,True,True,False
270000.0,90.0,2.0,1.0,0.0,0.0,0.0,1.0,0.0,2,36.8625,10.1956,2.0,1.0,0.0,0.0,362112.70683229814,368050.949375,False,False,True,True,False,False,False,True,True,False
375000.0,135.0,3.0,2.0,1.0,1.0,1.0,1.0,0.0,3,36.8594,10.2807,2.0,1.0,0.0,0.0,519943.5195618153,495512.68618274975,False,False,True,True,False,False,False,True,True,False
520000.0,139.0,4.0,3.0,1.0,0.0,0.0,0.0,1.0,2,36.8598,10.2791,3.0,1.0,0.0,0.0,519943.5195618153,495512.68618274975,False,False,True,True,False,False,False,True,True,False
535000.0,133.0,3.0,1.0,1.0,0.0,0.0,0.0,1.0,2,36.8764,10.3253,2.0,1.0,0.0,0.0,519943.5195618153,495512.68618274975,False,False,True,True,False,False,False,True,True,False
330000.0,148.0,3.0,1.0,1.0,0.0,1.0,1.0,0.0,2,36.8764,10.3253,2.0,0.0,0.0,0.0,519943.5195618153,495512.68618274975,False,False,True,True,False,False,False,True,True,False
500000.0,117.0,3.0,1.0,1.0,0.0,0.0,0.0,1.0,2,36.8764,10.3253,2.0,1.0,0.0,0.0,519943.5195618153,495512.68618274975,False,False,True,True,False,False,False,True,True,False
320000.0,120.0,3.0,1.0,1.0,1.0,1.0,1.0,0.0,2,36.8764,10.3253,2.0,0.0,0.0,0.0,519943.5195618153,495512.68618274975,False,False,True,True,False,False,False,True,True,False
320000.0,127.0,3.0,1.0,1.0,1.0,1.0,1.0,0.0,2,36.8764,10.3253,2.0,0.0,0.0,0.0,519943.5195618153,495512.68618274975,False,False,True,True,False,False,False,True,True,False
220000.0,85.0,3.0,1.0,0.0,0.0,0.0,0.0,0.0,2,35.8337,10.6407,2.0,0.0,0.0,0.0,303301.0294117647,274088.2291666667,False,True,False,True,False,True,False,False,True,False
180000.0,155.0,3.0,2.0,0.0,0.0,0.0,1.0,1.0,2,35.8337,10.6407,3.0,0.0,0.0,0.0,303301.0294117647,274088.2291666667,False,True,False,True,False,True,False,False,True,False
270000.0,133.0,3.0,1.0,0.0,0.0,0.0,1.0,0.0,2,35.8337,10.6407,2.0,0.0,0.0,0.0,303301.0294117647,274088.2291666667,False,True,False,True,False,True,False,False,True,False
175000.0,87.0,3.0,1.0,0.0,1.0,1.0,1.0,0.0,3,35.8324,10.6225,2.0,0.0,0.0,0.0,339414.0611787819,330755.1372713178,False,False,True,True,False,False,False,True,True,False
510118.0,138.0,4.0,2.0,1.0,0.0,1.0,1.0,1.0,1,36.7326,10.3093,3.0,1.0,1.0,0.0,356912.7528888889,256097.71569620253,False,False,True,True,False,True,False,False,True,False
580000.0,133.0,3.0,1.0,1.0,0.0,1.0,1.0,1.0,2,35.896,10.5915,2.0,1.0,1.0,1.0,339414.0611787819,330755.1372713178,False,False,True,True,False,False,False,True,True,False
230000.0,67.0,3.0,1.0,0.0,1.0,0.0,1.0,0.0,2,36.8764,10.3253,2.0,0.0,0.0,0.0,519943.5195618153,495512.68618274975,False,False,True,True,False,False,False,True,True,False
330000.0,110.0,4.0,3.0,0.0,0.0,0.0,0.0,1.0,2,36.8565,10.2819,3.0,1.0,0.0,0.0,519943.5195618153,495512.68618274975,False,False,True,True,False,False,False,True,True,False
520000.0,156.0,3.0,1.0,1.0,1.0,1.0,1.0,1.0,2,36.8764,10.3253,2.0,1.0,0.0,0.0,519943.5195618153,495512.68618274975,False,False,True,True,False,False,False,True,True,False
250000.0,90.0,2.0,1.0,1.0,0.0,0.0,1.0,0.0,2,36.8625,10.1956,2.0,1.0,0.0,0.0,362112.70683229814,368050.949375,False,False,True,True,False,False,False,True,True,False
225000.0,67.0,3.0,1.0,1.0,0.0,0.0,1.0,0.0,2,36.8833,10.25,2.0,0.0,0.0,0.0,393150.9196056338,368050.949375,False,False,True,True,False,False,False,True,True,False
300000.0,125.0,3.0,1.0,1.0,0.0,0.0,1.0,1.0,2,36.8833,10.25,3.0,1.0,0.0,0.0,393150.9196056338,368050.949375,False,False,True,True,False,False,False,True,True,False
680000.0,125.0,3.0,2.0,1.0,1.0,1.0,1.0,0.0,1,36.8333,10.3167,2.0,1.0,0.0,0.0,601819.5220062697,495512.68618274975,False,False,True,True,False,False,False,True,True,False
490000.0,160.0,4.0,2.0,1.0,0.0,1.0,1.0,0.0,2,36.4011,10.6146,3.0,0.0,0.0,0.0,355184.6627435388,335553.90432183904,False,False,True,True,False,False,False,True,True,False
345000.0,96.0,3.0,1.0,1.0,0.0,1.0,0.0,0.0,2,36.4011,10.6146,2.0,1.0,0.0,0.0,355184.6627435388,335553.90432183904,False,False,True,True,False,False,False,True,True,False
430000.0,100.0,2.0,2.0,1.0,0.0,0.0,0.0,0.0,2,36.8556,10.2918,2.0,1.0,0.0,0.0,601819.5220062697,495512.68618274975,False,False,True,True,False,False,False,True,True,False
285000.0,120.0,3.0,1.0,1.0,0.0,1.0,1.0,1.0,2,36.4011,10.6146,2.0,1.0,0.0,1.0,355184.6627435388,335553.90432183904,False,False,True,True,False,False,False,True,True,False
160000.0,90.0,3.0,1.0,1.0,0.0,0.0,0.0,0.0,2,35.3947,11.0401,2.0,0.0,0.0,0.0,247000.0,247000.0,False,True,False,True,False,True,False,False,True,False
190000.0,120.0,3.0,1.0,1.0,0.0,0.0,0.0,0.0,2,35.3947,11.0401,2.0,0.0,0.0,0.0,247000.0,247000.0,False,True,False,True,False,True,False,False,True,False
150000.0,100.0,3.0,1.0,0.0,0.0,0.0,0.0,0.0,2,35.7678,10.8225,2.0,0.0,0.0,0.0,283320.10545454547,299054.0060240964,False,True,False,True,False,False,True,False,True,False
310000.0,190.0,3.0,1.0,1.0,0.0,0.0,1.0,0.0,2,35.8569,10.5915,2.0,0.0,0.0,0.0,339414.0611787819,330755.1372713178,False,False,True,True,False,False,False,True,True,False
300000.0,119.0,3.0,1.0,1.0,0.0,0.0,0.0,0.0,2,35.8569,10.5972,2.0,1.0,0.0,0.0,339414.0611787819,330755.1372713178,False,False,True,True,False,False,False,True,True,False
450000.0,100.0,2.0,1.0,1.0,0.0,1.0,1.0,0.0,2,36.8333,10.3167,2.0,1.0,1.0,0.0,601819.5220062697,495512.68618274975,False,False,True,True,False,False,False,True,True,False
250000.0,95.0,2.0,1.0,1.0,0.0,1.0,1.0,0.0,1,36.8493,11.0918,2.0,0.0,0.0,0.0,189879.7706849315,335553.90432183904,True,False,False,True,False,False,False,True,True,False
220000.0,175.0,2.0,1.0,0.0,0.0,1.0,0.0,0.0,2,37.05,11.0167,2.0,1.0,1.0,0.0,273416.375,335553.90432183904,False,True,False,True,False,False,False,True,True,False
265000.0,115.0,4.0,1.0,0.0,0.0,1.0,1.0,1.0,2,36.8452,10.1647,3.0,1.0,0.0,0.0,346388.2,335553.90432183904,False,False,True,True,False,False,False,True,True,False
380000.0,119.0,4.0,2.0,0.0,0.0,1.0,1.0,1.0,2,36.8728,10.2919,3.0,1.0,0.0,0.0,519943.5195618153,495512.68618274975,False,False,True,True,False,False,False,True,True,False
236000.0,59.0,3.0,1.0,1.0,1.0,1.0,1.0,1.0,1,35.87,10.57,2.0,0.0,1.0,0.0,347622.13037037035,330755.1372713178,False,False,True,True,False,False,False,True,True,False
210000.0,110.0,3.0,1.0,1.0,1.0,1.0,1.0,1.0,1,35.87,10.57,2.0,1.0,1.0,1.0,347622.13037037035,330755.1372713178,False,False,True,True,False,False,False,True,True,False
142000.0,56.0,2.0,1.0,0.0,0.0,0.0,0.0,0.0,2,36.8827,10.2948,2.0,0.0,0.0,0.0,393150.9196056338,368050.949375,False,False,True,True,False,False,False,True,True,False
230000.0,55.0,2.0,1.0,0.0,1.0,1.0,1.0,1.0,2,36.8833,10.25,2.0,1.0,0.0,0.0,393150.9196056338,368050.949375,False,False,True,True,False,False,False,True,True,False
205000.0,160.0,4.0,1.0,1.0,0.0,0.0,0.0,0.0,1,34.4515,10.4602,3.0,0.0,0.0,0.0,254104.44444444444,295071.536,False,True,False,True,False,False,True,False,True,False
390000.0,116.0,3.0,1.0,1.0,0.0,0.0,0.0,0.0,2,36.4011,10.6146,2.0,1.0,0.0,0.0,355184.6627435388,335553.90432183904,False,False,True,True,False,False,False,True,True,False
470000.0,130.0,3.0,1.0,1.0,0.0,1.0,1.0,0.0,2,36.4011,10.6146,2.0,1.0,0.0,1.0,355184.6627435388,335553.90432183904,False,False,True,True,False,False,False,True,True,False
230000.0,120.0,3.0,1.0,0.0,0.0,0.0,0.0,0.0,2,36.8118,10.1805,3.0,0.0,0.0,0.0,230000.0,364147.42,False,True,False,False,True,False,False,True,True,False
140000.0,60.0,3.0,1.0,0.0,1.0,0.0,1.0,0.0,2,35.8273,10.6339,2.0,0.0,0.0,0.0,339414.0611787819,330755.1372713178,False,False,True,True,False,False,False,True,True,False
330000.0,73.0,2.0,1.0,1.0,1.0,1.0,1.0,0.0,4,35.8569,10.5972,2.0,1.0,0.0,0.0,339414.0611787819,330755.1372713178,False,False,True,True,False,False,False,True,True,False
452880.0,103.0,3.0,1.0,0.0,1.0,1.0,1.0,1.0,2,35.7218,10.6179,2.0,1.0,0.0,0.0,335720.0,364147.42,False,False,True,True,False,False,False,True,True,False
288400.0,113.0,3.0,1.0,1.0,0.0,1.0,1.0,0.0,2,35.8569,10.5972,2.0,1.0,1.0,0.0,339414.0611787819,330755.1372713178,False,False,True,True,False,False,False,True,True,False
268000.0,88.0,3.0,1.0,1.0,0.0,1.0,1.0,1.0,2,36.0301,10.5079,2.0,0.0,0.0,0.0,260917.67902439024,330755.1372713178,False,True,False,True,False,False,False,True,True,False
600000.0,150.0,3.0,1.0,0.0,1.0,0.0,0.0,0.0,2,36.8333,10.3167,2.0,1.0,1.0,0.0,601819.5220062697,495512.68618274975,False,False,True,True,False,False,False,True,True,False
210000.0,71.0,2.0,1.0,1.0,0.0,1.0,1.0,1.0,2,35.8273,10.6339,2.0,0.0,0.0,0.0,339414.0611787819,330755.1372713178,False,False,True,True,False,False,False,True,True,False
520000.0,210.0,3.0,1.0,0.0,0.0,0.0,0.0,0.0,2,36.8625,10.1956,3.0,0.0,1.0,0.0,362112.70683229814,368050.949375,False,False,True,True,False,False,False,True,True,False
390000.0,111.0,3.0,1.0,0.0,0.0,1.0,1.0,1.0,2,37.9289,11.3206,2.0,1.0,0.0,0.0,355184.6627435388,335553.90432183904,False,False,True,True,False,False,False,True,True,False
455000.0,103.0,5.0,2.0,1.0,1.0,1.0,1.0,1.0,2,36.3896,10.6014,3.0,1.0,1.0,1.0,355184.6627435388,335553.90432183904,False,False,True,True,False,False,False,True,True,False
640000.0,142.0,4.0,2.0,1.0,0.0,1.0,0.0,1.0,1,35.896,10.5915,3.0,1.0,0.0,0.0,339414.0611787819,330755.1372713178,False,False,True,True,False,False,False,True,True,False
286270.0,155.0,3.0,1.0,1.0,0.0,1.0,1.0,1.0,2,36.7639,10.2861,2.0,1.0,0.0,0.0,254104.44444444444,295071.536,False,True,False,True,False,False,True,False,True,False
214000.0,63.0,3.0,1.0,0.0,0.0,1.0,1.0,1.0,2,36.8959,10.1775,2.0,1.0,0.0,0.0,298410.12333333335,368050.949375,False,True,False,True,False,False,False,True,True,False
370000.0,163.0,4.0,1.0,0.0,0.0,0.0,0.0,0.0,2,36.8764,10.3253,4.0,1.0,0.0,0.0,519943.5195618153,495512.68618274975,False,False,True,True,False,False,False,True,True,False
720000.0,176.0,4.0,2.0,1.0,0.0,1.0,1.0,0.0,2,36.8833,10.25,3.0,1.0,0.0,0.0,393150.9196056338,368050.949375,False,False,True,True,False,False,False,True,True,False
130000.0,72.0,3.0,1.0,0.0,1.0,1.0,1.0,1.0,2,36.7786,10.0554,2.0,1.0,0.0,0.0,251258.3575,259667.45531914895,False,True,False,True,False,True,False,False,True,False
330000.0,110.0,3.0,1.0,0.0,0.0,1.0,0.0,1.0,2,36.4011,10.6146,2.0,0.0,0.0,0.0,355184.6627435388,335553.90432183904,False,False,True,True,False,False,False,True,True,False
520000.0,130.0,4.0,3.0,0.0,0.0,1.0,1.0,1.0,2,36.8764,10.3253,3.0,1.0,0.0,0.0,519943.5195618153,495512.68618274975,False,False,True,True,False,False,False,True,True,False
570000.0,109.0,2.0,1.0,1.0,0.0,1.0,1.0,0.0,2,36.8764,10.3253,2.0,0.0,1.0,0.0,519943.5195618153,495512.68618274975,False,False,True,True,False,False,False,True,True,False
350000.0,80.0,2.0,1.0,1.0,1.0,0.0,1.0,1.0,2,35.8324,10.6225,2.0,1.0,0.0,0.0,339414.0611787819,330755.1372713178,False,False,True,True,False,False,False,True,True,False
380000.0,136.0,2.0,1.0,1.0,0.0,1.0,1.0,0.0,2,35.8324,10.6225,2.0,0.0,0.0,0.0,339414.0611787819,330755.1372713178,False,False,True,True,False,False,False,True,True,False
180000.0,54.0,2.0,1.0,0.0,0.0,1.0,1.0,0.0,3,36.443,10.7281,2.0,0.0,0.0,0.0,356101.26872727275,335553.90432183904,False,False,True,True,False,False,False,True,True,False
311000.0,87.0,3.0,1.0,1.0,0.0,1.0,1.0,1.0,4,36.4406,10.6908,2.0,1.0,1.0,1.0,356101.26872727275,335553.90432183904,False,False,True,True,False,False,False,True,True,False
325000.0,97.0,3.0,1.0,1.0,0.0,1.0,1.0,1.0,5,36.4361,10.6946,2.0,0.0,0.0,1.0,356101.26872727275,335553.90432183904,False,False,True,True,False,False,False,True,True,False
395000.0,121.0,3.0,1.0,1.0,0.0,1.0,1.0,1.0,3,36.4348,10.7059,2.0,1.0,0.0,0.0,356101.26872727275,335553.90432183904,False,False,True,True,False,False,False,True,True,False
399000.0,118.0,3.0,2.0,1.0,0.0,1.0,1.0,1.0,1,36.4402,10.693,2.0,1.0,1.0,1.0,356101.26872727275,335553.90432183904,False,False,True,True,False,False,False,True,True,False
349000.0,97.0,3.0,2.0,1.0,0.0,1.0,1.0,1.0,2,36.4411,10.6928,2.0,1.0,0.0,1.0,356101.26872727275,335553.90432183904,False,False,True,True,False,False,False,True,True,False
190000.0,77.0,3.0,1.0,1.0,0.0,0.0,1.0,0.0,2,36.4454,10.7139,2.0,0.0,0.0,0.0,356101.26872727275,335553.90432183904,False,False,True,True,False,False,False,True,True,False
470000.0,160.0,4.0,2.0,1.0,0.0,1.0,1.0,1.0,2,36.4415,10.6935,3.0,1.0,1.0,1.0,356101.26872727275,335553.90432183904,False,False,True,True,False,False,False,True,True,False
338000.0,94.0,3.0,1.0,1.0,0.0,1.0,1.0,1.0,5,36.4411,10.6927,2.0,1.0,1.0,1.0,356101.26872727275,335553.90432183904,False,False,True,True,False,False,False,True,True,False
240000.0,120.0,3.0,1.0,1.0,0.0,1.0,1.0,1.0,3,37.23,9.91,2.0,1.0,1.0,0.0,219000.0,273790.43207547173,True,False,False,True,False,True,False,False,True,False
584000.0,106.0,2.0,1.0,0.0,0.0,0.0,0.0,0.0,2,36.8333,10.3167,2.0,0.0,0.0,0.0,601819.5220062697,495512.68618274975,False,False,True,True,False,False,False,True,True,False
472000.0,164.0,3.0,2.0,1.0,1.0,1.0,1.0,1.0,2,36.8764,10.3253,2.0,1.0,0.0,0.0,519943.5195618153,495512.68618274975,False,False,True,True,False,False,False,True,True,False
428000.0,75.0,3.0,1.0,1.0,0.0,0.0,0.0,0.0,2,36.8333,10.3167,2.0,1.0,0.0,0.0,601819.5220062697,495512.68618274975,False,False,True,True,False,False,False,True,True,False
1008390.0,174.0,3.0,1.0,1.0,0.0,0.0,0.0,0.0,2,36.8333,10.3167,4.0,1.0,0.0,0.0,601819.5220062697,495512.68618274975,False,False,True,True,False,False,False,True,True,False
600000.0,154.0,2.0,1.0,0.0,0.0,1.0,1.0,0.0,2,36.8333,10.3167,2.0,1.0,0.0,0.0,601819.5220062697,495512.68618274975,False,False,True,True,False,False,False,True,True,False
825000.0,150.0,2.0,1.0,1.0,1.0,1.0,1.0,1.0,2,36.8764,10.3253,2.0,0.0,0.0,0.0,519943.5195618153,495512.68618274975,False,False,True,True,False,False,False,True,True,False
771000.0,164.0,3.0,1.0,0.0,0.0,0.0,0.0,0.0,2,36.8764,10.3253,3.0,1.0,0.0,0.0,519943.5195618153,495512.68618274975,False,False,True,True,False,False,False,True,True,False
425000.0,176.0,5.0,2.0,1.0,0.0,1.0,1.0,0.0,1,36.8764,10.3253,4.0,1.0,0.0,0.0,519943.5195618153,495512.68618274975,False,False,True,True,False,False,False,True,True,False
650000.0,170.0,4.0,2.0,1.0,0.0,1.0,1.0,0.0,2,36.8333,10.3167,3.0,1.0,0.0,0.0,601819.5220062697,495512.68618274975,False,False,True,True,False,False,False,True,True,False
350000.0,74.0,3.0,1.0,0.0,0.0,1.0,1.0,1.0,2,35.8569,10.5972,2.0,1.0,0.0,0.0,339414.0611787819,330755.1372713178,False,False,True,True,False,False,False,True,True,False
650000.0,201.0,2.0,2.0,1.0,1.0,1.0,1.0,1.0,2,36.404,10.569,2.0,1.0,1.0,1.0,355184.6627435388,335553.90432183904,False,False,True,True,False,False,False,True,True,False
575000.0,98.0,3.0,1.0,1.0,0.0,1.0,1.0,1.0,1,36.8333,10.3167,2.0,1.0,0.0,0.0,601819.5220062697,495512.68618274975,False,False,True,True,False,False,False,True,True,False
75000.0,58.0,3.0,1.0,0.0,1.0,1.0,0.0,0.0,4,36.8302,10.1374,2.0,0.0,0.0,0.0,190533.3,495512.68618274975,True,False,False,True,False,False,False,True,True,False
435000.0,135.0,3.0,1.0,1.0,0.0,0.0,0.0,0.0,2,36.8625,10.1956,4.0,1.0,0.0,0.0,362112.70683229814,368050.949375,False,False,True,True,False,False,False,True,True,False
275000.0,135.0,4.0,1.0,1.0,1.0,0.0,1.0,0.0,2,36.8135,10.1374,3.0,0.0,0.0,0.0,190533.3,495512.68618274975,True,False,False,True,False,False,False,True,True,False
214200.0,107.0,3.0,1.0,0.0,1.0,0.0,1.0,0.0,2,36.689,10.2996,2.0,1.0,0.0,0.0,209040.0,256097.71569620253,True,False,False,True,False,True,False,False,True,False
210000.0,55.0,3.0,1.0,1.0,0.0,0.0,1.0,0.0,2,36.4011,10.6146,2.0,0.0,0.0,1.0,355184.6627435388,335553.90432183904,False,False,True,True,False,False,False,True,True,False
650000.0,224.0,3.0,1.0,0.0,0.0,1.0,1.0,0.0,2,36.8764,10.3253,3.0,1.0,0.0,0.0,519943.5195618153,495512.68618274975,False,False,True,True,False,False,False,True,True,False
330000.0,150.0,5.0,1.0,1.0,0.0,1.0,1.0,1.0,2,36.8625,10.1956,3.0,1.0,0.0,0.0,362112.70683229814,368050.949375,False,False,True,True,False,False,False,True,True,False
700000.0,170.0,3.0,2.0,1.0,0.0,1.0,1.0,1.0,2,36.8833,10.25,3.0,1.0,0.0,0.0,393150.9196056338,368050.949375,False,False,True,True,False,False,False,True,True,False
270000.0,58.0,3.0,1.0,1.0,0.0,1.0,1.0,1.0,2,36.8833,10.25,2.0,1.0,0.0,0.0,393150.9196056338,368050.949375,False,False,True,True,False,False,False,True,True,False
550000.0,145.0,3.0,3.0,1.0,0.0,1.0,1.0,1.0,2,36.8764,10.3253,3.0,1.0,0.0,0.0,519943.5195618153,495512.68618274975,False,False,True,True,False,False,False,True,True,False
345000.0,125.0,4.0,2.0,0.0,0.0,1.0,1.0,1.0,1,36.8833,10.25,3.0,0.0,0.0,0.0,393150.9196056338,368050.949375,False,False,True,True,False,False,False,True,True,False
345000.0,101.0,2.0,1.0,1.0,0.0,1.0,1.0,1.0,4,36.4011,10.6146,2.0,1.0,0.0,1.0,355184.6627435388,335553.90432183904,False,False,True,True,False,False,False,True,True,False
300000.0,121.0,4.0,2.0,1.0,0.0,1.0,1.0,1.0,2,36.8833,10.25,3.0,0.0,0.0,0.0,393150.9196056338,368050.949375,False,False,True,True,False,False,False,True,True,False
240000.0,62.0,2.0,1.0,1.0,0.0,1.0,1.0,0.0,2,36.8625,10.1956,2.0,1.0,0.0,0.0,362112.70683229814,368050.949375,False,False,True,True,False,False,False,True,True,False
620000.0,140.0,3.0,3.0,1.0,0.0,1.0,1.0,1.0,2,36.8764,10.3253,2.0,1.0,1.0,0.0,519943.5195618153,495512.68618274975,False,False,True,True,False,False,False,True,True,False
260000.0,125.0,3.0,1.0,0.0,0.0,1.0,1.0,0.0,2,35.6886,10.8423,2.0,0.0,1.0,0.0,165000.0,299054.0060240964,True,False,False,False,True,False,True,False,True,False
98208.0,61.0,2.0,1.0,0.0,0.0,0.0,0.0,1.0,2,36.7397,10.0916,2.0,0.0,1.0,0.0,144860.5,495512.68618274975,True,False,False,True,False,False,False,True,True,False
465000.0,103.0,3.0,1.0,1.0,0.0,1.0,1.0,1.0,4,35.9758,10.446,2.0,0.0,1.0,1.0,339414.0611787819,330755.1372713178,False,False,True,True,False,False,False,True,True,False
590407.0,149.0,4.0,2.0,0.0,0.0,1.0,1.0,1.0,3,36.7326,10.3093,3.0,1.0,1.0,0.0,356912.7528888889,256097.71569620253,False,False,True,True,False,True,False,False,True,False
290000.0,94.0,4.0,2.0,1.0,0.0,1.0,0.0,0.0,2,36.4011,10.6146,3.0,0.0,0.0,0.0,355184.6627435388,335553.90432183904,False,False,True,True,False,False,False,True,True,False
520000.0,173.0,4.0,2.0,1.0,0.0,1.0,1.0,1.0,3,36.8833,10.25,3.0,1.0,0.0,0.0,393150.9196056338,368050.949375,False,False,True,True,False,False,False,True,True,False
340000.0,100.0,2.0,1.0,0.0,0.0,0.0,0.0,0.0,2,36.4011,10.6146,2.0,0.0,0.0,1.0,355184.6627435388,335553.90432183904,False,False,True,True,False,False,False,True,True,False
370000.0,110.0,3.0,2.0,1.0,0.0,0.0,0.0,0.0,2,36.8764,10.3253,2.0,1.0,0.0,0.0,519943.5195618153,495512.68618274975,False,False,True,True,False,False,False,True,True,False
530000.0,190.0,5.0,3.0,1.0,0.0,1.0,1.0,1.0,2,36.8764,10.3253,4.0,1.0,0.0,0.0,519943.5195618153,495512.68618274975,False,False,True,True,False,False,False,True,True,False
75000.0,40.0,3.0,1.0,1.0,1.0,0.0,0.0,0.0,2,35.8354,10.6343,2.0,0.0,0.0,0.0,339414.0611787819,330755.1372713178,False,False,True,True,False,False,False,True,True,False
750000.0,197.0,4.0,3.0,1.0,0.0,1.0,1.0,1.0,2,36.8333,10.3167,3.0,1.0,0.0,0.0,601819.5220062697,495512.68618274975,False,False,True,True,False,False,False,True,True,False
295000.0,80.0,3.0,1.0,1.0,1.0,0.0,0.0,0.0,1,36.8965,10.218,2.0,0.0,1.0,0.0,393150.9196056338,368050.949375,False,False,True,True,False,False,False,True,True,False
320000.0,135.0,4.0,2.0,1.0,0.0,0.0,0.0,0.0,2,36.8764,10.3253,3.0,1.0,0.0,0.0,519943.5195618153,495512.68618274975,False,False,True,True,False,False,False,True,True,False
285000.0,160.0,5.0,2.0,1.0,0.0,1.0,1.0,0.0,3,36.8452,10.1647,4.0,0.0,0.0,0.0,346388.2,335553.90432183904,False,False,True,True,False,False,False,True,True,False
720000.0,192.0,5.0,3.0,1.0,0.0,1.0,1.0,1.0,2,36.8764,10.3253,4.0,1.0,0.0,0.0,519943.5195618153,495512.68618274975,False,False,True,True,False,False,False,True,True,False
320000.0,142.0,3.0,1.0,1.0,0.0,1.0,1.0,1.0,1,35.8569,10.5972,2.0,0.0,0.0,0.0,339414.0611787819,330755.1372713178,False,False,True,True,False,False,False,True,True,False
300000.0,75.0,3.0,2.0,1.0,0.0,1.0,1.0,1.0,2,35.8569,10.5972,2.0,0.0,0.0,0.0,339414.0611787819,330755.1372713178,False,False,True,True,False,False,False,True,True,False
600000.0,89.0,3.0,1.0,1.0,1.0,1.0,1.0,1.0,2,36.8556,10.2918,2.0,1.0,0.0,1.0,601819.5220062697,495512.68618274975,False,False,True,True,False,False,False,True,True,False
435000.0,90.0,2.0,1.0,1.0,1.0,1.0,1.0,1.0,2,36.8333,10.3167,2.0,1.0,1.0,0.0,601819.5220062697,495512.68618274975,False,False,True,True,False,False,False,True,True,False
365000.0,107.0,2.0,1.0,1.0,0.0,1.0,1.0,0.0,2,36.4011,10.6146,2.0,1.0,0.0,0.0,355184.6627435388,335553.90432183904,False,False,True,True,False,False,False,True,True,False
128000.0,90.0,3.0,1.0,1.0,0.0,0.0,1.0,0.0,4,36.7723,10.2212,3.0,1.0,0.0,0.0,210000.0,256097.71569620253,True,False,False,True,False,True,False,False,True,False
270000.0,75.0,3.0,1.0,1.0,0.0,1.0,1.0,1.0,2,36.4011,10.6146,2.0,1.0,1.0,1.0,355184.6627435388,335553.90432183904,False,False,True,True,False,False,False,True,True,False
280000.0,125.0,3.0,1.0,0.0,0.0,1.0,0.0,0.0,1,36.4011,10.6146,2.0,0.0,0.0,0.0,355184.6627435388,335553.90432183904,False,False,True,True,False,False,False,True,True,False
340000.0,134.0,3.0,1.0,1.0,0.0,1.0,0.0,1.0,2,36.8833,10.25,3.0,1.0,0.0,0.0,393150.9196056338,368050.949375,False,False,True,True,False,False,False,True,True,False
176000.0,55.0,2.0,1.0,0.0,0.0,1.0,1.0,1.0,2,36.7265,10.2961,2.0,1.0,1.0,0.0,356912.7528888889,256097.71569620253,False,False,True,True,False,True,False,False,True,False
350000.0,57.0,2.0,1.0,1.0,1.0,1.0,1.0,1.0,2,36.8764,10.3253,2.0,1.0,1.0,0.0,519943.5195618153,495512.68618274975,False,False,True,True,False,False,False,True,True,False
527000.0,97.0,3.0,2.0,1.0,0.0,1.0,1.0,1.0,2,35.9758,10.446,2.0,1.0,1.0,1.0,339414.0611787819,330755.1372713178,False,False,True,True,False,False,False,True,True,False
353387.0,191.0,4.0,2.0,1.0,0.0,1.0,1.0,1.0,2,36.7639,10.2861,3.0,1.0,0.0,0.0,254104.44444444444,295071.536,False,True,False,True,False,False,True,False,True,False
370000.0,125.0,2.0,1.0,0.0,1.0,0.0,0.0,0.0,2,36.8625,10.1956,2.0,1.0,0.0,0.0,362112.70683229814,368050.949375,False,False,True,True,False,False,False,True,True,False
230000.0,120.0,3.0,1.0,1.0,0.0,0.0,1.0,1.0,2,36.4132,10.6418,2.0,1.0,0.0,0.0,355184.6627435388,335553.90432183904,False,False,True,True,False,False,False,True,True,False
350000.0,140.0,2.0,1.0,1.0,1.0,0.0,0.0,0.0,2,36.8625,10.1956,4.0,1.0,0.0,0.0,362112.70683229814,368050.949375,False,False,True,True,False,False,False,True,True,False
425000.0,172.0,4.0,3.0,1.0,1.0,1.0,1.0,0.0,1,36.8625,10.1956,3.0,1.0,0.0,0.0,362112.70683229814,368050.949375,False,False,True,True,False,False,False,True,True,False
335000.0,157.0,3.0,2.0,0.0,1.0,0.0,1.0,0.0,5,36.8625,10.1956,3.0,0.0,0.0,0.0,362112.70683229814,368050.949375,False,False,True,True,False,False,False,True,True,False
180000.0,58.0,2.0,1.0,1.0,1.0,1.0,1.0,0.0,2,36.8625,10.1956,2.0,0.0,0.0,0.0,362112.70683229814,368050.949375,False,False,True,True,False,False,False,True,True,False
510000.0,192.0,5.0,3.0,1.0,1.0,1.0,1.0,0.0,2,36.8625,10.1956,4.0,1.0,0.0,0.0,362112.70683229814,368050.949375,False,False,True,True,False,False,False,True,True,False
450000.0,75.0,3.0,1.0,1.0,0.0,1.0,1.0,1.0,2,36.8333,10.3167,2.0,1.0,0.0,0.0,601819.5220062697,495512.68618274975,False,False,True,True,False,False,False,True,True,False
568000.0,119.0,3.0,2.0,1.0,0.0,1.0,1.0,1.0,1,36.8764,10.3253,2.0,0.0,0.0,0.0,519943.5195618153,495512.68618274975,False,False,True,True,False,False,False,True,True,False
175000.0,58.0,2.0,1.0,0.0,0.0,0.0,0.0,0.0,2,36.8764,10.3253,2.0,0.0,0.0,0.0,519943.5195618153,495512.68618274975,False,False,True,True,False,False,False,True,True,False
330000.0,88.0,2.0,1.0,0.0,0.0,0.0,0.0,0.0,2,36.0301,10.5079,2.0,0.0,0.0,0.0,260917.67902439024,330755.1372713178,False,True,False,True,False,False,False,True,True,False
240000.0,80.0,2.0,1.0,1.0,1.0,0.0,1.0,1.0,2,35.87,10.57,2.0,0.0,0.0,1.0,347622.13037037035,330755.1372713178,False,False,True,True,False,False,False,True,True,False
240000.0,70.0,3.0,1.0,1.0,0.0,0.0,0.0,0.0,2,35.87,10.57,2.0,1.0,0.0,1.0,347622.13037037035,330755.1372713178,False,False,True,True,False,False,False,True,True,False
499000.0,142.0,3.0,1.0,1.0,0.0,1.0,1.0,0.0,3,35.87,10.57,2.0,1.0,0.0,0.0,347622.13037037035,330755.1372713178,False,False,True,True,False,False,False,True,True,False
160000.0,89.0,4.0,1.0,1.0,1.0,1.0,1.0,1.0,2,36.9544,10.1914,3.0,0.0,0.0,0.0,298410.12333333335,368050.949375,False,True,False,True,False,False,False,True,True,False
290000.0,140.0,4.0,2.0,1.0,0.0,1.0,1.0,0.0,6,36.8764,10.3253,3.0,1.0,0.0,0.0,519943.5195618153,495512.68618274975,False,False,True,True,False,False,False,True,True,False
285000.0,66.0,2.0,1.0,1.0,0.0,1.0,1.0,0.0,5,36.8764,10.3253,2.0,1.0,0.0,0.0,519943.5195618153,495512.68618274975,False,False,True,True,False,False,False,True,True,False
330000.0,110.0,3.0,1.0,0.0,0.0,1.0,1.0,1.0,2,36.8833,10.25,3.0,1.0,0.0,0.0,393150.9196056338,368050.949375,False,False,True,True,False,False,False,True,True,False
342000.0,102.0,4.0,1.0,0.0,0.0,1.0,1.0,0.0,1,35.87,10.57,3.0,1.0,1.0,0.0,347622.13037037035,330755.1372713178,False,False,True,True,False,False,False,True,True,False
245000.0,105.0,3.0,1.0,0.0,0.0,1.0,1.0,0.0,2,36.9544,10.1914,2.0,0.0,0.0,0.0,298410.12333333335,368050.949375,False,True,False,True,False,False,False,True,True,False
290000.0,117.0,2.0,1.0,1.0,1.0,0.0,1.0,0.0,2,36.8764,10.3253,2.0,1.0,0.0,0.0,519943.5195618153,495512.68618274975,False,False,True,True,False,False,False,True,True,False
210000.0,155.0,4.0,1.0,1.0,0.0,0.0,1.0,0.0,2,36.8188,10.166,4.0,0.0,0.0,0.0,257110.19941176468,495512.68618274975,False,True,False,True,False,False,False,True,True,False
382000.0,119.0,4.0,2.0,0.0,0.0,0.0,1.0,1.0,2,36.8728,10.2919,3.0,1.0,0.0,0.0,519943.5195618153,495512.68618274975,False,False,True,True,False,False,False,True,True,False
438000.0,119.0,4.0,2.0,0.0,0.0,0.0,1.0,1.0,1,36.8728,10.2919,3.0,1.0,0.0,0.0,519943.5195618153,495512.68618274975,False,False,True,True,False,False,False,True,True,False
195000.0,60.0,3.0,1.0,1.0,0.0,0.0,1.0,0.0,2,36.8625,10.1956,2.0,1.0,0.0,0.0,362112.70683229814,368050.949375,False,False,True,True,False,False,False,True,True,False
496000.0,142.0,3.0,2.0,1.0,0.0,1.0,1.0,0.0,3,35.87,10.57,2.0,1.0,1.0,0.0,347622.13037037035,330755.1372713178,False,False,True,True,False,False,False,True,True,False
390000.0,77.0,3.0,1.0,1.0,0.0,1.0,1.0,1.0,4,33.8869,9.5375,2.0,0.0,0.0,0.0,601819.5220062697,495512.68618274975,False,False,True,True,False,False,False,True,True,False
552000.0,137.0,3.0,2.0,1.0,0.0,1.0,1.0,1.0,2,36.8764,10.3253,2.0,0.0,0.0,0.0,519943.5195618153,495512.68618274975,False,False,True,True,False,False,False,True,True,False
232000.0,56.0,2.0,1.0,1.0,0.0,1.0,1.0,1.0,2,36.8833,10.25,2.0,1.0,1.0,0.0,393150.9196056338,368050.949375,False,False,True,True,False,False,False,True,True,False
237000.0,77.0,2.0,1.0,1.0,0.0,1.0,1.0,1.0,1,36.8837,10.2225,2.0,0.0,0.0,0.0,393150.9196056338,368050.949375,False,False,True,True,False,False,False,True,True,False
635000.0,214.0,4.0,2.0,1.0,0.0,1.0,1.0,1.0,2,36.8833,10.25,3.0,1.0,0.0,1.0,393150.9196056338,368050.949375,False,False,True,True,False,False,False,True,True,False
592000.0,131.0,3.0,1.0,1.0,0.0,1.0,1.0,1.0,2,36.8833,10.25,2.0,1.0,1.0,0.0,393150.9196056338,368050.949375,False,False,True,True,False,False,False,True,True,False
430000.0,116.0,3.0,2.0,0.0,0.0,1.0,1.0,1.0,2,36.8833,10.25,2.0,1.0,1.0,0.0,393150.9196056338,368050.949375,False,False,True,True,False,False,False,True,True,False
305000.0,80.0,2.0,1.0,0.0,0.0,1.0,1.0,1.0,2,36.8833,10.25,2.0,0.0,1.0,0.0,393150.9196056338,368050.949375,False,False,True,True,False,False,False,True,True,False
475000.0,157.0,4.0,2.0,1.0,0.0,1.0,1.0,1.0,1,36.8833,10.25,3.0,1.0,0.0,0.0,393150.9196056338,368050.949375,False,False,True,True,False,False,False,True,True,False
228000.0,53.0,2.0,1.0,0.0,0.0,1.0,1.0,1.0,2,36.8832,10.2226,2.0,1.0,1.0,0.0,393150.9196056338,368050.949375,False,False,True,True,False,False,False,True,True,False
495000.0,163.0,3.0,2.0,1.0,0.0,1.0,1.0,1.0,2,36.8835,10.2227,3.0,1.0,0.0,0.0,393150.9196056338,368050.949375,False,False,True,True,False,False,False,True,True,False
445000.0,103.0,2.0,1.0,1.0,0.0,1.0,1.0,1.0,2,36.8333,10.3167,2.0,1.0,1.0,0.0,601819.5220062697,495512.68618274975,False,False,True,True,False,False,False,True,True,False
381000.0,167.0,4.0,3.0,1.0,0.0,1.0,1.0,0.0,5,36.8625,10.1956,3.0,1.0,0.0,0.0,362112.70683229814,368050.949375,False,False,True,True,False,False,False,True,True,False
255000.0,87.0,3.0,1.0,1.0,0.0,0.0,0.0,1.0,2,35.7554,10.8272,2.0,0.0,1.0,0.0,283320.10545454547,299054.0060240964,False,True,False,True,False,False,True,False,True,False
350000.0,59.0,2.0,1.0,1.0,0.0,1.0,1.0,0.0,2,35.8569,10.5972,2.0,1.0,0.0,0.0,339414.0611787819,330755.1372713178,False,False,True,True,False,False,False,True,True,False
260000.0,105.0,3.0,1.0,1.0,0.0,1.0,1.0,1.0,4,35.844,10.6188,2.0,0.0,0.0,0.0,355184.6627435388,335553.90432183904,False,False,True,True,False,False,False,True,True,False
265000.0,100.0,3.0,2.0,1.0,0.0,1.0,0.0,0.0,1,36.4011,10.6146,2.0,0.0,0.0,0.0,355184.6627435388,335553.90432183904,False,False,True,True,False,False,False,True,True,False
260000.0,85.0,3.0,1.0,1.0,0.0,0.0,0.0,0.0,2,35.7833,10.8333,2.0,0.0,0.0,0.0,283320.10545454547,299054.0060240964,False,True,False,True,False,False,True,False,True,False
500000.0,125.0,3.0,2.0,1.0,0.0,1.0,1.0,0.0,3,36.8764,10.3253,2.0,1.0,1.0,0.0,519943.5195618153,495512.68618274975,False,False,True,True,False,False,False,True,True,False
348500.0,67.0,2.0,1.0,0.0,0.0,1.0,1.0,1.0,2,36.8556,10.2918,2.0,0.0,0.0,0.0,601819.5220062697,495512.68618274975,False,False,True,True,False,False,False,True,True,False
240000.0,80.0,5.0,1.0,1.0,0.0,0.0,0.0,0.0,2,36.4011,10.6146,2.0,0.0,0.0,0.0,355184.6627435388,335553.90432183904,False,False,True,True,False,False,False,True,True,False
348000.0,104.0,3.0,2.0,0.0,0.0,0.0,1.0,1.0,2,36.8728,10.2919,2.0,1.0,0.0,0.0,519943.5195618153,495512.68618274975,False,False,True,True,False,False,False,True,True,False
470000.0,129.0,4.0,2.0,1.0,0.0,1.0,1.0,1.0,2,36.2828,10.6571,3.0,1.0,0.0,0.0,356912.7528888889,256097.71569620253,False,False,True,True,False,True,False,False,True,False
339740.0,95.0,3.0,2.0,1.0,0.0,1.0,1.0,1.0,2,36.8929,10.1787,2.0,1.0,0.0,0.0,298410.12333333335,368050.949375,False,True,False,True,False,False,False,True,True,False
260000.0,59.0,2.0,1.0,1.0,0.0,1.0,1.0,1.0,2,36.3896,10.6014,2.0,0.0,1.0,1.0,355184.6627435388,335553.90432183904,False,False,True,True,False,False,False,True,True,False
520000.0,229.0,3.0,1.0,1.0,0.0,1.0,1.0,1.0,2,36.8833,10.25,2.0,1.0,1.0,0.0,393150.9196056338,368050.949375,False,False,True,True,False,False,False,True,True,False
410550.0,119.0,3.0,2.0,1.0,0.0,1.0,1.0,0.0,5,36.8647,10.2748,2.0,1.0,1.0,0.0,383516.6666666667,295071.536,False,False,True,True,False,False,True,False,True,False
120000.0,80.0,3.0,1.0,1.0,0.0,0.0,0.0,0.0,2,36.6939,10.2622,2.0,0.0,0.0,0.0,197548.69142857144,256097.71569620253,True,False,False,True,False,True,False,False,True,False
665000.0,127.0,3.0,1.0,0.0,0.0,0.0,0.0,0.0,2,36.8806,10.1717,2.0,1.0,1.0,0.0,362112.70683229814,368050.949375,False,False,True,True,False,False,False,True,True,False
450000.0,122.0,3.0,1.0,1.0,1.0,1.0,1.0,0.0,2,36.4506,10.735,2.0,0.0,0.0,1.0,356101.26872727275,335553.90432183904,False,False,True,True,False,False,False,True,True,False
970000.0,187.0,5.0,2.0,0.0,0.0,1.0,1.0,1.0,2,36.8764,10.3253,4.0,0.0,1.0,1.0,519943.5195618153,495512.68618274975,False,False,True,True,False,False,False,True,True,False
138000.0,62.0,5.0,1.0,1.0,0.0,0.0,0.0,0.0,2,36.4011,10.6146,2.0,0.0,0.0,0.0,355184.6627435388,335553.90432183904,False,False,True,True,False,False,False,True,True,False
169000.0,50.0,3.0,1.0,1.0,0.0,1.0,1.0,0.0,3,36.4011,10.6146,2.0,0.0,0.0,0.0,355184.6627435388,335553.90432183904,False,False,True,True,False,False,False,True,True,False
389400.0,105.0,3.0,1.0,1.0,0.0,1.0,1.0,1.0,3,35.87,10.57,2.0,0.0,0.0,0.0,347622.13037037035,330755.1372713178,False,False,True,True,False,False,False,True,True,False
215000.0,82.0,3.0,1.0,0.0,0.0,0.0,0.0,0.0,2,36.8833,10.25,2.0,0.0,0.0,0.0,393150.9196056338,368050.949375,False,False,True,True,False,False,False,True,True,False
180000.0,40.0,2.0,1.0,1.0,0.0,1.0,0.0,0.0,2,36.4011,10.6146,2.0,0.0,0.0,0.0,355184.6627435388,335553.90432183904,False,False,True,True,False,False,False,True,True,False
119000.0,45.0,2.0,1.0,1.0,1.0,1.0,0.0,1.0,2,35.8569,10.5972,2.0,1.0,0.0,0.0,339414.0611787819,330755.1372713178,False,False,True,True,False,False,False,True,True,False
210000.0,60.0,2.0,1.0,1.0,0.0,1.0,0.0,1.0,2,36.4011,10.6146,2.0,1.0,0.0,0.0,355184.6627435388,335553.90432183904,False,False,True,True,False,False,False,True,True,False
580000.0,160.0,3.0,2.0,1.0,0.0,1.0,0.0,1.0,3,36.3995,10.6286,2.0,1.0,1.0,0.0,355184.6627435388,335553.90432183904,False,False,True,True,False,False,False,True,True,False
495000.0,180.0,3.0,3.0,1.0,1.0,1.0,1.0,1.0,1,36.4172,10.6627,2.0,1.0,0.0,0.0,355184.6627435388,335553.90432183904,False,False,True,True,False,False,False,True,True,False
220000.0,100.0,2.0,1.0,0.0,0.0,0.0,0.0,0.0,2,36.8493,11.0918,2.0,0.0,0.0,0.0,189879.7706849315,335553.90432183904,True,False,False,True,False,False,False,True,True,False
71000.0,90.0,3.0,1.0,0.0,0.0,0.0,0.0,0.0,1,36.5407,10.7784,2.0,0.0,0.0,0.0,71000.0,335553.90432183904,True,False,False,False,True,False,False,True,True,False
400000.0,70.0,2.0,1.0,1.0,1.0,1.0,1.0,0.0,2,36.8833,10.25,2.0,1.0,0.0,0.0,393150.9196056338,368050.949375,False,False,True,True,False,False,False,True,True,False
689000.0,161.0,4.0,3.0,1.0,0.0,1.0,1.0,1.0,2,36.8833,10.25,3.0,1.0,1.0,0.0,393150.9196056338,368050.949375,False,False,True,True,False,False,False,True,True,False
240000.0,66.0,3.0,1.0,1.0,0.0,1.0,1.0,0.0,1,36.8764,10.3253,2.0,1.0,1.0,0.0,519943.5195618153,495512.68618274975,False,False,True,True,False,False,False,True,True,False
218000.0,86.0,2.0,1.0,0.0,0.0,0.0,1.0,0.0,4,36.8764,10.3253,2.0,0.0,0.0,0.0,519943.5195618153,495512.68618274975,False,False,True,True,False,False,False,True,True,False
490000.0,130.0,3.0,2.0,1.0,0.0,0.0,1.0,0.0,2,36.4011,10.6146,2.0,1.0,0.0,0.0,355184.6627435388,335553.90432183904,False,False,True,True,False,False,False,True,True,False
250000.0,51.0,2.0,1.0,1.0,0.0,1.0,0.0,1.0,2,36.3896,10.6014,2.0,1.0,1.0,1.0,355184.6627435388,335553.90432183904,False,False,True,True,False,False,False,True,True,False
110000.0,100.0,4.0,1.0,1.0,0.0,0.0,0.0,0.0,2,36.4011,10.6146,2.0,0.0,0.0,0.0,355184.6627435388,335553.90432183904,False,False,True,True,False,False,False,True,True,False
880000.0,200.0,5.0,3.0,1.0,0.0,1.0,1.0,1.0,2,36.8764,10.3253,4.0,1.0,0.0,0.0,519943.5195618153,495512.68618274975,False,False,True,True,False,False,False,True,True,False
170000.0,70.0,3.0,1.0,0.0,0.0,0.0,0.0,0.0,2,36.4011,10.6146,2.0,0.0,0.0,0.0,355184.6627435388,335553.90432183904,False,False,True,True,False,False,False,True,True,False
230000.0,103.0,2.0,1.0,1.0,1.0,1.0,1.0,0.0,2,36.9544,10.1914,2.0,0.0,0.0,0.0,298410.12333333335,368050.949375,False,True,False,True,False,False,False,True,True,False
290000.0,120.0,4.0,1.0,0.0,0.0,0.0,0.0,0.0,2,36.8188,10.166,3.0,0.0,0.0,0.0,257110.19941176468,495512.68618274975,False,True,False,True,False,False,False,True,True,False
425000.0,99.0,3.0,1.0,1.0,0.0,1.0,1.0,1.0,1,36.8833,10.25,2.0,1.0,0.0,0.0,393150.9196056338,368050.949375,False,False,True,True,False,False,False,True,True,False
140000.0,80.0,3.0,1.0,1.0,0.0,0.0,0.0,0.0,2,37.272,9.8708,2.0,0.0,0.0,0.0,301532.5788888889,273790.43207547173,False,True,False,True,False,True,False,False,True,False
120000.0,47.0,2.0,1.0,0.0,0.0,0.0,1.0,0.0,2,36.8625,10.1956,2.0,1.0,0.0,0.0,362112.70683229814,368050.949375,False,False,True,True,False,False,False,True,True,False
219000.0,64.0,2.0,1.0,0.0,0.0,1.0,1.0,1.0,2,36.8534,10.2505,2.0,0.0,0.0,0.0,519943.5195618153,495512.68618274975,False,False,True,True,False,False,False,True,True,False
85000.0,45.0,3.0,1.0,0.0,0.0,0.0,0.0,0.0,2,35.7678,10.8225,2.0,0.0,0.0,0.0,283320.10545454547,299054.0060240964,False,True,False,True,False,False,True,False,True,False
370000.0,105.0,2.0,1.0,1.0,0.0,1.0,1.0,1.0,2,36.8833,10.25,2.0,1.0,0.0,0.0,393150.9196056338,368050.949375,False,False,True,True,False,False,False,True,True,False
400000.0,110.0,2.0,1.0,1.0,0.0,1.0,1.0,0.0,2,36.4506,10.735,2.0,1.0,0.0,0.0,356101.26872727275,335553.90432183904,False,False,True,True,False,False,False,True,True,False
520000.0,145.0,3.0,1.0,0.0,0.0,1.0,1.0,0.0,2,36.4506,10.735,3.0,0.0,0.0,1.0,356101.26872727275,335553.90432183904,False,False,True,True,False,False,False,True,True,False
250800.0,120.0,3.0,1.0,1.0,0.0,1.0,1.0,1.0,2,36.4506,10.735,2.0,1.0,0.0,1.0,356101.26872727275,335553.90432183904,False,False,True,True,False,False,False,True,True,False
388000.0,116.0,3.0,1.0,1.0,0.0,0.0,0.0,1.0,1,36.4011,10.6146,2.0,1.0,0.0,0.0,355184.6627435388,335553.90432183904,False,False,True,True,False,False,False,True,True,False
85000.0,65.0,3.0,1.0,1.0,0.0,0.0,0.0,0.0,1,36.8188,10.166,2.0,0.0,0.0,0.0,257110.19941176468,495512.68618274975,False,True,False,True,False,False,False,True,True,False
295000.0,130.0,4.0,1.0,1.0,0.0,0.0,1.0,0.0,3,36.8239,10.2264,3.0,0.0,0.0,0.0,303301.0294117647,274088.2291666667,False,True,False,True,False,True,False,False,True,False
370000.0,84.0,2.0,1.0,1.0,0.0,1.0,0.0,1.0,2,35.896,10.5915,2.0,1.0,1.0,0.0,339414.0611787819,330755.1372713178,False,False,True,True,False,False,False,True,True,False
425995.0,111.0,3.0,1.0,1.0,0.0,1.0,1.0,1.0,2,35.8497,10.5983,2.0,0.0,0.0,0.0,339414.0611787819,330755.1372713178,False,False,True,True,False,False,False,True,True,False
534542.0,106.0,4.0,1.0,1.0,0.0,1.0,1.0,1.0,2,36.4506,10.735,2.0,0.0,1.0,1.0,356101.26872727275,335553.90432183904,False,False,True,True,False,False,False,True,True,False
510000.0,135.0,4.0,1.0,0.0,0.0,1.0,1.0,1.0,2,36.8639,10.2739,3.0,1.0,0.0,0.0,519943.5195618153,495512.68618274975,False,False,True,True,False,False,False,True,True,False
389000.0,100.0,3.0,1.0,1.0,0.0,1.0,1.0,1.0,2,36.8402,10.1604,2.0,1.0,0.0,0.0,346388.2,335553.90432183904,False,False,True,True,False,False,False,True,True,False
400000.0,97.0,3.0,1.0,1.0,1.0,1.0,1.0,1.0,3,36.4506,10.735,2.0,0.0,0.0,1.0,356101.26872727275,335553.90432183904,False,False,True,True,False,False,False,True,True,False
440000.0,130.0,3.0,1.0,1.0,1.0,1.0,1.0,1.0,1,36.4548,10.7237,2.0,1.0,0.0,0.0,356101.26872727275,335553.90432183904,False,False,True,True,False,False,False,True,True,False
395000.0,111.0,5.0,2.0,1.0,0.0,1.0,1.0,0.0,2,36.8625,10.1956,4.0,1.0,0.0,0.0,362112.70683229814,368050.949375,False,False,True,True,False,False,False,True,True,False
420000.0,130.0,4.0,1.0,0.0,0.0,0.0,1.0,0.0,2,35.8273,10.6339,3.0,0.0,1.0,0.0,339414.0611787819,330755.1372713178,False,False,True,True,False,False,False,True,True,False
165000.0,80.0,3.0,1.0,1.0,0.0,1.0,1.0,0.0,2,35.8324,10.6225,2.0,0.0,0.0,0.0,339414.0611787819,330755.1372713178,False,False,True,True,False,False,False,True,True,False
385000.0,140.0,2.0,1.0,1.0,0.0,0.0,0.0,0.0,2,36.8764,10.3253,2.0,0.0,0.0,0.0,519943.5195618153,495512.68618274975,False,False,True,True,False,False,False,True,True,False
342000.0,68.0,3.0,1.0,0.0,0.0,1.0,1.0,1.0,2,36.8801,10.2298,2.0,1.0,1.0,1.0,393150.9196056338,368050.949375,False,False,True,True,False,False,False,True,True,False
290000.0,120.0,4.0,2.0,0.0,0.0,1.0,1.0,0.0,2,36.8452,10.1647,3.0,1.0,0.0,0.0,346388.2,335553.90432183904,False,False,True,True,False,False,False,True,True,False
140000.0,93.0,3.0,1.0,1.0,0.0,0.0,0.0,1.0,2,36.659,10.4059,2.0,0.0,0.0,0.0,149285.7142857143,256097.71569620253,True,False,False,True,False,True,False,False,True,False
219000.0,79.0,2.0,1.0,1.0,0.0,1.0,0.0,0.0,1,36.4011,10.6146,2.0,0.0,0.0,0.0,355184.6627435388,335553.90432183904,False,False,True,True,False,False,False,True,True,False
250000.0,117.0,4.0,1.0,0.0,0.0,1.0,1.0,1.0,2,36.7972,10.0833,3.0,1.0,0.0,0.0,251258.3575,259667.45531914895,False,True,False,True,False,True,False,False,True,False
120000.0,42.0,5.0,1.0,0.0,0.0,0.0,0.0,0.0,2,36.4011,10.6146,2.0,0.0,0.0,0.0,355184.6627435388,335553.90432183904,False,False,True,True,False,False,False,True,True,False
340000.0,105.0,3.0,1.0,1.0,1.0,1.0,1.0,1.0,2,36.8302,10.1374,2.0,0.0,0.0,0.0,190533.3,495512.68618274975,True,False,False,True,False,False,False,True,True,False
178000.0,100.0,3.0,1.0,0.0,0.0,0.0,0.0,0.0,2,36.8145,10.1345,2.0,0.0,0.0,0.0,190533.3,495512.68618274975,True,False,False,True,False,False,False,True,True,False
300000.0,86.0,2.0,1.0,1.0,0.0,1.0,1.0,0.0,2,36.4011,10.6146,2.0,0.0,0.0,1.0,355184.6627435388,335553.90432183904,False,False,True,True,False,False,False,True,True,False
360000.0,100.0,3.0,2.0,1.0,1.0,0.0,1.0,0.0,2,36.4011,10.6146,2.0,1.0,0.0,0.0,355184.6627435388,335553.90432183904,False,False,True,True,False,False,False,True,True,False
250000.0,43.0,3.0,1.0,1.0,0.0,1.0,1.0,0.0,2,36.8764,10.3253,2.0,0.0,1.0,1.0,519943.5195618153,495512.68618274975,False,False,True,True,False,False,False,True,True,False
705000.0,179.0,3.0,1.0,0.0,0.0,1.0,1.0,0.0,2,36.8833,10.25,4.0,0.0,1.0,0.0,393150.9196056338,368050.949375,False,False,True,True,False,False,False,True,True,False
314000.0,155.0,4.0,2.0,0.0,0.0,0.0,1.0,1.0,2,36.7786,10.0554,3.0,1.0,0.0,0.0,251258.3575,259667.45531914895,False,True,False,True,False,True,False,False,True,False
500000.0,172.0,4.0,3.0,1.0,0.0,1.0,1.0,0.0,2,36.8764,10.3253,3.0,1.0,0.0,0.0,519943.5195618153,495512.68618274975,False,False,True,True,False,False,False,True,True,False
448000.0,128.0,3.0,2.0,1.0,0.0,1.0,1.0,1.0,2,36.8965,10.218,2.0,0.0,1.0,0.0,393150.9196056338,368050.949375,False,False,True,True,False,False,False,True,True,False
326000.0,163.0,4.0,2.0,1.0,0.0,0.0,1.0,1.0,2,36.8833,10.25,3.0,1.0,0.0,0.0,393150.9196056338,368050.949375,False,False,True,True,False,False,False,True,True,False
620000.0,230.0,5.0,2.0,1.0,0.0,1.0,1.0,0.0,2,36.8625,10.1956,4.0,1.0,0.0,0.0,362112.70683229814,368050.949375,False,False,True,True,False,False,False,True,True,False
728400.0,138.0,3.0,1.0,1.0,0.0,1.0,1.0,1.0,2,36.9331,10.2595,2.0,1.0,1.0,0.0,519943.5195618153,495512.68618274975,False,False,True,True,False,False,False,True,True,False
857000.0,203.0,2.0,3.0,1.0,1.0,1.0,1.0,1.0,2,36.8484,10.3099,2.0,0.0,1.0,1.0,601819.5220062697,495512.68618274975,False,False,True,True,False,False,False,True,True,False
194150.0,120.0,3.0,1.0,0.0,0.0,0.0,0.0,1.0,2,36.7397,10.0916,2.0,0.0,1.0,0.0,144860.5,495512.68618274975,True,False,False,True,False,False,False,True,True,False
290000.0,78.0,3.0,1.0,1.0,0.0,1.0,1.0,0.0,3,36.4011,10.6146,2.0,1.0,0.0,1.0,355184.6627435388,335553.90432183904,False,False,True,True,False,False,False,True,True,False
250000.0,56.0,2.0,1.0,0.0,0.0,1.0,1.0,1.0,2,36.8965,10.218,2.0,1.0,0.0,0.0,393150.9196056338,368050.949375,False,False,True,True,False,False,False,True,True,False
200000.0,90.0,3.0,1.0,0.0,0.0,0.0,0.0,0.0,2,36.4011,10.6146,2.0,0.0,0.0,0.0,355184.6627435388,335553.90432183904,False,False,True,True,False,False,False,True,True,False
550000.0,176.0,3.0,2.0,1.0,0.0,1.0,1.0,1.0,2,36.8764,10.3253,2.0,0.0,0.0,0.0,519943.5195618153,495512.68618274975,False,False,True,True,False,False,False,True,True,False
185000.0,120.0,3.0,1.0,0.0,0.0,0.0,0.0,0.0,2,36.4011,10.6146,2.0,1.0,0.0,0.0,355184.6627435388,335553.90432183904,False,False,True,True,False,False,False,True,True,False
460000.0,122.0,3.0,2.0,1.0,0.0,1.0,1.0,1.0,2,36.8764,10.3253,2.0,1.0,0.0,0.0,519943.5195618153,495512.68618274975,False,False,True,True,False,False,False,True,True,False
245000.0,85.0,3.0,1.0,1.0,1.0,0.0,1.0,1.0,3,36.8302,10.1374,2.0,1.0,0.0,0.0,190533.3,495512.68618274975,True,False,False,True,False,False,False,True,True,False
260000.0,125.0,2.0,1.0,0.0,0.0,1.0,1.0,1.0,5,36.7609,10.2736,2.0,1.0,0.0,0.0,239500.0,273790.43207547173,False,True,False,True,False,True,False,False,True,False
250000.0,66.0,3.0,1.0,1.0,0.0,1.0,1.0,1.0,3,36.4198,10.6619,2.0,1.0,0.0,1.0,355184.6627435388,335553.90432183904,False,False,True,True,False,False,False,True,True,False
870000.0,193.0,3.0,1.0,1.0,0.0,0.0,0.0,0.0,2,36.8556,10.2918,3.0,0.0,0.0,0.0,601819.5220062697,495512.68618274975,False,False,True,True,False,False,False,True,True,False
520000.0,120.0,3.0,2.0,0.0,0.0,0.0,1.0,0.0,3,36.8764,10.3253,2.0,1.0,0.0,0.0,519943.5195618153,495512.68618274975,False,False,True,True,False,False,False,True,True,False
298000.0,115.0,3.0,1.0,0.0,1.0,1.0,1.0,0.0,2,36.8833,10.25,2.0,0.0,0.0,0.0,393150.9196056338,368050.949375,False,False,True,True,False,False,False,True,True,False
330000.0,108.0,3.0,1.0,0.0,0.0,0.0,1.0,1.0,2,35.8213,10.5967,2.0,0.0,0.0,0.0,339414.0611787819,330755.1372713178,False,False,True,True,False,False,False,True,True,False
220000.0,107.0,3.0,1.0,1.0,1.0,1.0,1.0,0.0,2,36.8145,10.1345,2.0,1.0,0.0,0.0,190533.3,495512.68618274975,True,False,False,True,False,False,False,True,True,False
120000.0,60.0,3.0,1.0,0.0,0.0,0.0,0.0,0.0,2,36.8305,10.1865,2.0,0.0,0.0,0.0,303301.0294117647,274088.2291666667,False,True,False,True,False,True,False,False,True,False
335000.0,93.0,3.0,1.0,0.0,0.0,0.0,0.0,0.0,2,36.4011,10.6146,2.0,1.0,0.0,1.0,355184.6627435388,335553.90432183904,False,False,True,True,False,False,False,True,True,False
130000.0,130.0,3.0,1.0,1.0,0.0,0.0,0.0,0.0,2,36.8493,11.0918,2.0,0.0,0.0,0.0,189879.7706849315,335553.90432183904,True,False,False,True,False,False,False,True,True,False
290000.0,100.0,3.0,1.0,1.0,0.0,0.0,0.0,1.0,2,36.8493,11.0918,2.0,0.0,0.0,0.0,189879.7706849315,335553.90432183904,True,False,False,True,False,False,False,True,True,False
326000.0,103.0,3.0,1.0,0.0,0.0,1.0,1.0,1.0,2,36.7265,10.2961,2.0,1.0,1.0,0.0,356912.7528888889,256097.71569620253,False,False,True,True,False,True,False,False,True,False
729700.0,138.0,3.0,1.0,1.0,0.0,1.0,1.0,1.0,2,36.9331,10.2595,2.0,1.0,1.0,0.0,519943.5195618153,495512.68618274975,False,False,True,True,False,False,False,True,True,False
310000.0,132.0,4.0,2.0,1.0,1.0,1.0,1.0,1.0,3,36.789,10.1835,3.0,1.0,0.0,1.0,224240.0,406094.33674999996,False,True,False,True,False,False,False,True,True,False
218000.0,100.0,3.0,1.0,1.0,0.0,0.0,1.0,0.0,2,36.8625,10.1956,2.0,1.0,0.0,0.0,362112.70683229814,368050.949375,False,False,True,True,False,False,False,True,True,False
363200.0,100.0,3.0,2.0,0.0,0.0,1.0,1.0,1.0,2,36.8833,10.25,2.0,1.0,1.0,0.0,393150.9196056338,368050.949375,False,False,True,True,False,False,False,True,True,False
650500.0,165.0,4.0,3.0,1.0,0.0,1.0,1.0,1.0,2,36.8833,10.25,3.0,1.0,1.0,0.0,393150.9196056338,368050.949375,False,False,True,True,False,False,False,True,True,False
725000.0,168.0,4.0,3.0,1.0,0.0,1.0,1.0,0.0,2,36.8333,10.3167,3.0,1.0,0.0,0.0,601819.5220062697,495512.68618274975,False,False,True,True,False,False,False,True,True,False
145000.0,107.0,3.0,1.0,0.0,0.0,0.0,0.0,1.0,2,36.8188,10.166,2.0,0.0,0.0,0.0,257110.19941176468,495512.68618274975,False,True,False,True,False,False,False,True,True,False
470000.0,160.0,3.0,1.0,1.0,0.0,1.0,1.0,0.0,2,36.866,10.1684,3.0,1.0,0.0,0.0,362112.70683229814,368050.949375,False,False,True,True,False,False,False,True,True,False
650000.0,120.0,3.0,2.0,1.0,1.0,1.0,1.0,0.0,2,36.8764,10.3253,2.0,1.0,0.0,0.0,519943.5195618153,495512.68618274975,False,False,True,True,False,False,False,True,True,False
340000.0,63.0,2.0,1.0,1.0,0.0,1.0,1.0,0.0,2,36.8764,10.3253,2.0,0.0,1.0,1.0,519943.5195618153,495512.68618274975,False,False,True,True,False,False,False,True,True,False
330000.0,145.0,4.0,2.0,1.0,0.0,0.0,1.0,0.0,2,36.8625,10.1956,4.0,1.0,0.0,0.0,362112.70683229814,368050.949375,False,False,True,True,False,False,False,True,True,False
490000.0,160.0,4.0,2.0,1.0,0.0,0.0,0.0,0.0,2,36.4011,10.6146,3.0,0.0,0.0,0.0,355184.6627435388,335553.90432183904,False,False,True,True,False,False,False,True,True,False
260000.0,64.0,3.0,1.0,0.0,0.0,1.0,1.0,1.0,2,36.8764,10.3253,3.0,1.0,1.0,0.0,519943.5195618153,495512.68618274975,False,False,True,True,False,False,False,True,True,False
250000.0,90.0,3.0,1.0,0.0,0.0,0.0,1.0,1.0,3,36.8764,10.3253,3.0,1.0,0.0,0.0,519943.5195618153,495512.68618274975,False,False,True,True,False,False,False,True,True,False
342000.0,88.0,2.0,1.0,0.0,0.0,0.0,0.0,0.0,2,36.4506,10.735,2.0,1.0,0.0,1.0,356101.26872727275,335553.90432183904,False,False,True,True,False,False,False,True,True,False
520000.0,132.0,3.0,2.0,1.0,1.0,1.0,1.0,1.0,3,36.8333,10.3167,2.0,1.0,0.0,0.0,601819.5220062697,495512.68618274975,False,False,True,True,False,False,False,True,True,False
385000.0,130.0,4.0,1.0,1.0,0.0,1.0,1.0,1.0,3,36.8764,10.3253,3.0,0.0,1.0,0.0,519943.5195618153,495512.68618274975,False,False,True,True,False,False,False,True,True,False
290000.0,121.0,3.0,1.0,1.0,0.0,1.0,1.0,1.0,3,36.8764,10.3253,2.0,1.0,0.0,0.0,519943.5195618153,495512.68618274975,False,False,True,True,False,False,False,True,True,False
210000.0,96.0,3.0,1.0,1.0,1.0,1.0,1.0,0.0,2,36.8145,10.1345,2.0,0.0,0.0,0.0,190533.3,495512.68618274975,True,False,False,True,False,False,False,True,True,False
285000.0,115.0,3.0,1.0,1.0,0.0,1.0,1.0,1.0,1,36.8764,10.3253,2.0,0.0,0.0,0.0,519943.5195618153,495512.68618274975,False,False,True,True,False,False,False,True,True,False
190000.0,70.0,3.0,1.0,1.0,0.0,1.0,1.0,0.0,2,36.8833,10.25,2.0,1.0,0.0,0.0,393150.9196056338,368050.949375,False,False,True,True,False,False,False,True,True,False
300000.0,86.0,3.0,1.0,1.0,1.0,1.0,1.0,0.0,2,36.8833,10.25,2.0,1.0,0.0,0.0,393150.9196056338,368050.949375,False,False,True,True,False,False,False,True,True,False
370000.0,108.0,2.0,3.0,1.0,1.0,1.0,1.0,1.0,3,35.83,10.6012,2.0,0.0,0.0,1.0,339414.0611787819,330755.1372713178,False,False,True,True,False,False,False,True,True,False
225000.0,62.0,2.0,1.0,1.0,0.0,1.0,1.0,1.0,2,36.2828,10.6571,2.0,1.0,0.0,0.0,356912.7528888889,256097.71569620253,False,False,True,True,False,True,False,False,True,False
380000.0,100.0,3.0,1.0,1.0,1.0,0.0,0.0,0.0,2,36.4011,10.6146,2.0,1.0,0.0,0.0,355184.6627435388,335553.90432183904,False,False,True,True,False,False,False,True,True,False
340000.0,90.0,3.0,1.0,1.0,1.0,1.0,1.0,1.0,2,35.8689,10.6093,2.0,0.0,0.0,0.0,339414.0611787819,330755.1372713178,False,False,True,True,False,False,False,True,True,False
240000.0,95.0,3.0,1.0,1.0,0.0,0.0,1.0,0.0,2,35.8677,10.6087,2.0,0.0,0.0,0.0,339414.0611787819,330755.1372713178,False,False,True,True,False,False,False,True,True,False
400000.0,135.0,4.0,2.0,1.0,0.0,1.0,1.0,0.0,4,35.8668,10.6067,3.0,1.0,0.0,0.0,339414.0611787819,330755.1372713178,False,False,True,True,False,False,False,True,True,False
700000.0,140.0,3.0,2.0,1.0,1.0,1.0,1.0,0.0,2,36.8764,10.3253,2.0,1.0,0.0,0.0,519943.5195618153,495512.68618274975,False,False,True,True,False,False,False,True,True,False
340000.0,154.0,4.0,1.0,1.0,0.0,0.0,1.0,0.0,2,36.8764,10.3253,3.0,0.0,0.0,0.0,519943.5195618153,495512.68618274975,False,False,True,True,False,False,False,True,True,False
730000.0,160.0,5.0,2.0,1.0,0.0,1.0,1.0,0.0,2,36.8833,10.25,4.0,0.0,0.0,0.0,393150.9196056338,368050.949375,False,False,True,True,False,False,False,True,True,False
750000.0,190.0,3.0,3.0,1.0,0.0,1.0,1.0,1.0,2,36.8833,10.25,3.0,1.0,1.0,0.0,393150.9196056338,368050.949375,False,False,True,True,False,False,False,True,True,False
290000.0,100.0,3.0,1.0,1.0,0.0,1.0,1.0,0.0,2,36.8625,10.1956,2.0,1.0,0.0,0.0,362112.70683229814,368050.949375,False,False,True,True,False,False,False,True,True,False
235000.0,95.0,3.0,1.0,1.0,0.0,1.0,1.0,0.0,4,35.844,10.6188,2.0,0.0,0.0,0.0,355184.6627435388,335553.90432183904,False,False,True,True,False,False,False,True,True,False
310000.0,135.0,2.0,1.0,1.0,0.0,1.0,1.0,1.0,5,35.844,10.6188,2.0,0.0,0.0,0.0,355184.6627435388,335553.90432183904,False,False,True,True,False,False,False,True,True,False
410000.0,120.0,3.0,1.0,1.0,0.0,1.0,1.0,1.0,5,35.844,10.6188,2.0,0.0,0.0,1.0,355184.6627435388,335553.90432183904,False,False,True,True,False,False,False,True,True,False
220000.0,100.0,2.0,1.0,0.0,0.0,0.0,0.0,0.0,2,36.4011,10.6146,2.0,0.0,0.0,1.0,355184.6627435388,335553.90432183904,False,False,True,True,False,False,False,True,True,False
185000.0,90.0,4.0,1.0,1.0,0.0,0.0,0.0,0.0,2,36.4011,10.6146,3.0,0.0,0.0,1.0,355184.6627435388,335553.90432183904,False,False,True,True,False,False,False,True,True,False
410000.0,168.0,3.0,3.0,1.0,0.0,1.0,1.0,1.0,5,36.8625,10.1956,3.0,1.0,0.0,0.0,362112.70683229814,368050.949375,False,False,True,True,False,False,False,True,True,False
380000.0,148.0,3.0,1.0,0.0,0.0,0.0,0.0,0.0,2,36.8625,10.1956,2.0,0.0,0.0,0.0,362112.70683229814,368050.949375,False,False,True,True,False,False,False,True,True,False
470000.0,140.0,4.0,2.0,1.0,0.0,1.0,1.0,1.0,5,36.4506,10.735,2.0,1.0,0.0,1.0,356101.26872727275,335553.90432183904,False,False,True,True,False,False,False,True,True,False
320000.0,120.0,4.0,1.0,0.0,0.0,0.0,1.0,0.0,2,36.8452,10.1647,3.0,0.0,0.0,0.0,261889.71862068964,256097.71569620253,False,True,False,True,False,True,False,False,True,False
440000.0,185.0,2.0,1.0,0.0,0.0,0.0,0.0,0.0,2,36.8764,10.3253,2.0,0.0,0.0,0.0,519943.5195618153,495512.68618274975,False,False,True,True,False,False,False,True,True,False
440000.0,97.0,2.0,1.0,1.0,1.0,0.0,0.0,0.0,2,36.4011,10.6146,2.0,1.0,0.0,0.0,355184.6627435388,335553.90432183904,False,False,True,True,False,False,False,True,True,False
430000.0,114.0,3.0,2.0,0.0,0.0,1.0,1.0,0.0,2,36.8833,10.25,2.0,1.0,1.0,0.0,393150.9196056338,368050.949375,False,False,True,True,False,False,False,True,True,False
350000.0,125.0,4.0,2.0,1.0,0.0,1.0,1.0,0.0,1,35.8685,10.6086,3.0,0.0,0.0,0.0,339414.0611787819,330755.1372713178,False,False,True,True,False,False,False,True,True,False
250000.0,90.0,3.0,1.0,1.0,0.0,0.0,0.0,0.0,2,35.8569,10.5972,2.0,1.0,0.0,0.0,339414.0611787819,330755.1372713178,False,False,True,True,False,False,False,True,True,False
230000.0,74.0,3.0,1.0,1.0,0.0,0.0,0.0,0.0,2,35.8569,10.5972,2.0,1.0,0.0,0.0,339414.0611787819,330755.1372713178,False,False,True,True,False,False,False,True,True,False
650000.0,189.0,3.0,2.0,1.0,1.0,1.0,1.0,1.0,2,36.8624,10.2835,3.0,1.0,1.0,1.0,519943.5195618153,495512.68618274975,False,False,True,True,False,False,False,True,True,False
650000.0,189.0,3.0,3.0,1.0,1.0,1.0,1.0,1.0,2,36.8624,10.2835,3.0,1.0,1.0,1.0,519943.5195618153,495512.68618274975,False,False,True,True,False,False,False,True,True,False
280000.0,61.0,2.0,1.0,1.0,0.0,0.0,1.0,1.0,1,36.8554,10.2924,2.0,1.0,0.0,0.0,601819.5220062697,495512.68618274975,False,False,True,True,False,False,False,True,True,False
238000.0,58.0,3.0,1.0,0.0,0.0,1.0,1.0,1.0,2,36.8651,10.2124,2.0,0.0,0.0,0.0,393150.9196056338,368050.949375,False,False,True,True,False,False,False,True,True,False
245000.0,70.0,3.0,1.0,1.0,0.0,1.0,1.0,1.0,1,36.8965,10.218,2.0,1.0,0.0,0.0,393150.9196056338,368050.949375,False,False,True,True,False,False,False,True,True,False
299000.0,112.0,3.0,1.0,1.0,0.0,1.0,1.0,0.0,2,36.8625,10.1956,2.0,1.0,0.0,0.0,362112.70683229814,368050.949375,False,False,True,True,False,False,False,True,True,False
550000.0,190.0,4.0,2.0,0.0,0.0,1.0,1.0,1.0,1,36.8188,10.166,3.0,0.0,0.0,0.0,257110.19941176468,495512.68618274975,False,True,False,True,False,False,False,True,True,False
320000.0,120.0,3.0,1.0,1.0,0.0,1.0,1.0,1.0,1,36.4011,10.6146,3.0,1.0,1.0,1.0,355184.6627435388,335553.90432183904,False,False,True,True,False,False,False,True,True,False
227000.0,62.0,2.0,1.0,1.0,0.0,1.0,1.0,1.0,1,36.8764,10.3253,2.0,0.0,1.0,0.0,519943.5195618153,495512.68618274975,False,False,True,True,False,False,False,True,True,False
620000.0,140.0,3.0,2.0,1.0,1.0,1.0,1.0,1.0,2,36.8764,10.3253,2.0,1.0,0.0,0.0,519943.5195618153,495512.68618274975,False,False,True,True,False,False,False,True,True,False
93500.0,75.0,5.0,1.0,1.0,0.0,0.0,0.0,1.0,2,35.7289,10.8145,2.0,0.0,0.0,0.0,283320.10545454547,299054.0060240964,False,True,False,True,False,False,True,False,True,False
470000.0,109.0,3.0,1.0,1.0,0.0,0.0,0.0,0.0,2,36.8806,10.1717,2.0,1.0,0.0,0.0,362112.70683229814,368050.949375,False,False,True,True,False,False,False,True,True,False
170000.0,90.0,4.0,1.0,0.0,0.0,1.0,0.0,1.0,2,36.8302,10.1374,3.0,0.0,0.0,0.0,190533.3,495512.68618274975,True,False,False,True,False,False,False,True,True,False
180000.0,100.0,3.0,2.0,1.0,0.0,1.0,1.0,1.0,2,36.8625,10.1956,3.0,1.0,0.0,0.0,362112.70683229814,368050.949375,False,False,True,True,False,False,False,True,True,False
830000.0,200.0,3.0,1.0,1.0,1.0,1.0,1.0,1.0,2,36.8883,10.2742,2.0,1.0,1.0,0.0,393150.9196056338,368050.949375,False,False,True,True,False,False,False,True,True,False
425000.0,153.0,3.0,1.0,1.0,1.0,0.0,1.0,1.0,2,36.8833,10.25,2.0,1.0,0.0,0.0,393150.9196056338,368050.949375,False,False,True,True,False,False,False,True,True,False
300000.0,118.0,3.0,1.0,0.0,1.0,1.0,1.0,1.0,2,36.8883,10.2742,2.0,0.0,0.0,0.0,393150.9196056338,368050.949375,False,False,True,True,False,False,False,True,True,False
320000.0,127.0,3.0,1.0,1.0,1.0,1.0,1.0,0.0,2,36.8883,10.2742,2.0,0.0,0.0,0.0,393150.9196056338,368050.949375,False,False,True,True,False,False,False,True,True,False
340000.0,105.0,3.0,1.0,1.0,1.0,1.0,1.0,1.0,2,36.8883,10.2742,2.0,1.0,0.0,0.0,393150.9196056338,368050.949375,False,False,True,True,False,False,False,True,True,False
270000.0,70.0,3.0,1.0,0.0,1.0,1.0,1.0,1.0,2,36.8883,10.2742,2.0,1.0,0.0,0.0,393150.9196056338,368050.949375,False,False,True,True,False,False,False,True,True,False
439235.0,120.0,3.0,1.0,0.0,1.0,1.0,1.0,0.0,2,36.8833,10.25,2.0,0.0,0.0,0.0,393150.9196056338,368050.949375,False,False,True,True,False,False,False,True,True,False
320000.0,125.0,3.0,1.0,1.0,1.0,1.0,1.0,1.0,2,36.8883,10.2742,2.0,1.0,0.0,0.0,393150.9196056338,368050.949375,False,False,True,True,False,False,False,True,True,False
360000.0,117.0,3.0,1.0,0.0,1.0,1.0,1.0,1.0,2,36.8883,10.2742,2.0,1.0,0.0,0.0,393150.9196056338,368050.949375,False,False,True,True,False,False,False,True,True,False
270000.0,70.0,3.0,1.0,0.0,1.0,1.0,1.0,1.0,2,36.8833,10.25,2.0,1.0,1.0,0.0,393150.9196056338,368050.949375,False,False,True,True,False,False,False,True,True,False
570000.0,141.0,3.0,1.0,0.0,1.0,1.0,1.0,1.0,2,36.8965,10.218,2.0,1.0,1.0,0.0,393150.9196056338,368050.949375,False,False,True,True,False,False,False,True,True,False
490000.0,183.0,3.0,1.0,1.0,1.0,1.0,1.0,1.0,2,36.8883,10.2742,2.0,1.0,0.0,0.0,393150.9196056338,368050.949375,False,False,True,True,False,False,False,True,True,False
214000.0,68.0,3.0,1.0,1.0,0.0,0.0,0.0,1.0,2,36.8883,10.2742,2.0,0.0,0.0,0.0,393150.9196056338,368050.949375,False,False,True,True,False,False,False,True,True,False
230000.0,109.0,3.0,1.0,0.0,1.0,1.0,1.0,1.0,2,36.8651,10.2124,2.0,1.0,1.0,0.0,393150.9196056338,368050.949375,False,False,True,True,False,False,False,True,True,False
145000.0,60.0,2.0,1.0,0.0,0.0,1.0,1.0,1.0,2,36.689,10.2996,2.0,1.0,0.0,0.0,209040.0,256097.71569620253,True,False,False,True,False,True,False,False,True,False
310000.0,140.0,4.0,2.0,1.0,0.0,1.0,1.0,1.0,1,36.8332,10.1385,3.0,0.0,0.0,0.0,346388.2,335553.90432183904,False,False,True,True,False,False,False,True,True,False
218000.0,98.0,2.0,1.0,0.0,0.0,0.0,1.0,1.0,2,36.7107,10.1948,2.0,0.0,0.0,0.0,174333.33333333334,274088.2291666667,True,False,False,True,False,True,False,False,True,False
445000.0,143.0,3.0,3.0,1.0,1.0,1.0,1.0,1.0,1,35.83,10.6012,3.0,0.0,0.0,1.0,339414.0611787819,330755.1372713178,False,False,True,True,False,False,False,True,True,False
583000.0,103.0,2.0,1.0,0.0,0.0,1.0,1.0,0.0,2,36.8333,10.3167,2.0,1.0,1.0,1.0,601819.5220062697,495512.68618274975,False,False,True,True,False,False,False,True,True,False
185000.0,102.0,4.0,1.0,1.0,1.0,1.0,1.0,1.0,3,36.8625,10.1956,3.0,1.0,0.0,0.0,362112.70683229814,368050.949375,False,False,True,True,False,False,False,True,True,False
420000.0,75.0,3.0,1.0,1.0,0.0,0.0,0.0,0.0,2,36.8556,10.2918,2.0,0.0,0.0,0.0,601819.5220062697,495512.68618274975,False,False,True,True,False,False,False,True,True,False
285000.0,85.0,4.0,1.0,1.0,1.0,1.0,1.0,1.0,2,36.4011,10.6146,2.0,0.0,0.0,0.0,355184.6627435388,335553.90432183904,False,False,True,True,False,False,False,True,True,False
245000.0,75.0,2.0,1.0,1.0,0.0,1.0,1.0,0.0,2,36.4506,10.735,2.0,0.0,0.0,0.0,356101.26872727275,335553.90432183904,False,False,True,True,False,False,False,True,True,False
250800.0,66.0,3.0,1.0,1.0,0.0,1.0,1.0,1.0,4,36.4506,10.735,2.0,1.0,0.0,1.0,356101.26872727275,335553.90432183904,False,False,True,True,False,False,False,True,True,False
380000.0,91.0,3.0,1.0,0.0,0.0,0.0,0.0,0.0,2,36.8333,10.3167,2.0,0.0,0.0,0.0,601819.5220062697,495512.68618274975,False,False,True,True,False,False,False,True,True,False
690000.0,174.0,4.0,3.0,1.0,0.0,1.0,1.0,1.0,2,36.8764,10.3253,3.0,1.0,0.0,0.0,519943.5195618153,495512.68618274975,False,False,True,True,False,False,False,True,True,False
245000.0,90.0,3.0,2.0,1.0,1.0,1.0,1.0,1.0,2,36.8529,10.1536,2.0,0.0,0.0,0.0,362112.70683229814,368050.949375,False,False,True,True,False,False,False,True,True,False
185000.0,36.0,3.0,1.0,1.0,1.0,1.0,0.0,0.0,1,35.8569,10.5972,2.0,1.0,0.0,1.0,339414.0611787819,330755.1372713178,False,False,True,True,False,False,False,True,True,False
500000.0,195.0,3.0,1.0,1.0,0.0,0.0,0.0,0.0,2,36.4506,10.735,2.0,0.0,0.0,0.0,356101.26872727275,335553.90432183904,False,False,True,True,False,False,False,True,True,False
580000.0,164.0,3.0,1.0,0.0,1.0,0.0,1.0,1.0,2,36.9177,10.2889,2.0,1.0,0.0,0.0,519943.5195618153,495512.68618274975,False,False,True,True,False,False,False,True,True,False
170000.0,67.0,3.0,1.0,0.0,1.0,0.0,1.0,0.0,2,36.8915,10.1626,2.0,0.0,0.0,0.0,261889.71862068964,256097.71569620253,False,True,False,True,False,True,False,False,True,False
430000.0,138.0,4.0,2.0,1.0,0.0,0.0,0.0,0.0,2,36.8625,10.1956,3.0,1.0,0.0,0.0,362112.70683229814,368050.949375,False,False,True,True,False,False,False,True,True,False
220000.0,108.0,3.0,1.0,1.0,1.0,0.0,1.0,0.0,2,36.9177,10.2889,2.0,0.0,0.0,0.0,519943.5195618153,495512.68618274975,False,False,True,True,False,False,False,True,True,False
500000.0,114.0,3.0,2.0,0.0,1.0,1.0,1.0,0.0,2,36.8181,10.305,2.0,0.0,0.0,0.0,320842.93555555557,495512.68618274975,False,True,False,True,False,False,False,True,True,False
365000.0,117.0,3.0,1.0,1.0,0.0,0.0,0.0,0.0,2,36.4506,10.735,2.0,1.0,0.0,1.0,356101.26872727275,335553.90432183904,False,False,True,True,False,False,False,True,True,False
230000.0,110.0,5.0,2.0,1.0,0.0,0.0,1.0,0.0,2,35.844,10.6188,4.0,1.0,0.0,0.0,355184.6627435388,335553.90432183904,False,False,True,True,False,False,False,True,True,False
350000.0,150.0,3.0,1.0,1.0,1.0,0.0,1.0,1.0,2,36.8883,10.2742,2.0,0.0,0.0,0.0,393150.9196056338,368050.949375,False,False,True,True,False,False,False,True,True,False
195000.0,100.0,3.0,1.0,1.0,1.0,1.0,0.0,1.0,2,36.8435,11.1112,2.0,0.0,0.0,0.0,189879.7706849315,335553.90432183904,True,False,False,True,False,False,False,True,True,False
260000.0,101.0,3.0,1.0,1.0,0.0,1.0,0.0,1.0,2,36.8549,11.1209,2.0,0.0,0.0,0.0,189879.7706849315,335553.90432183904,True,False,False,True,False,False,False,True,True,False
320000.0,135.0,4.0,1.0,1.0,0.0,0.0,0.0,1.0,2,36.8764,10.3253,4.0,1.0,0.0,0.0,519943.5195618153,495512.68618274975,False,False,True,True,False,False,False,True,True,False
710000.0,100.0,3.0,1.0,0.0,0.0,0.0,0.0,0.0,2,36.8942,10.2762,2.0,1.0,0.0,0.0,519943.5195618153,495512.68618274975,False,False,True,True,False,False,False,True,True,False
328000.0,82.0,2.0,1.0,1.0,0.0,1.0,1.0,1.0,2,35.8659,10.6064,2.0,0.0,0.0,0.0,339414.0611787819,330755.1372713178,False,False,True,True,False,False,False,True,True,False
270000.0,90.0,3.0,1.0,0.0,1.0,0.0,1.0,1.0,2,36.8883,10.2742,2.0,1.0,0.0,0.0,393150.9196056338,368050.949375,False,False,True,True,False,False,False,True,True,False
430000.0,110.0,3.0,1.0,1.0,1.0,1.0,1.0,1.0,2,36.8883,10.2742,2.0,1.0,0.0,0.0,393150.9196056338,368050.949375,False,False,True,True,False,False,False,True,True,False
190000.0,95.0,3.0,1.0,0.0,0.0,0.0,0.0,0.0,1,36.8188,10.166,2.0,0.0,0.0,0.0,257110.19941176468,495512.68618274975,False,True,False,True,False,False,False,True,True,False
390000.0,110.0,3.0,1.0,1.0,0.0,0.0,0.0,1.0,2,36.8624,10.2835,3.0,1.0,0.0,0.0,519943.5195618153,495512.68618274975,False,False,True,True,False,False,False,True,True,False
568000.0,118.0,3.0,1.0,1.0,0.0,1.0,1.0,1.0,1,35.87,10.57,2.0,1.0,0.0,0.0,347622.13037037035,330755.1372713178,False,False,True,True,False,False,False,True,True,False
785000.0,160.0,4.0,3.0,1.0,0.0,1.0,1.0,1.0,2,36.8764,10.3253,3.0,1.0,0.0,0.0,519943.5195618153,495512.68618274975,False,False,True,True,False,False,False,True,True,False
770000.0,139.0,3.0,1.0,1.0,0.0,1.0,1.0,1.0,2,36.8764,10.3253,2.0,1.0,1.0,1.0,519943.5195618153,495512.68618274975,False,False,True,True,False,False,False,True,True,False
150000.0,98.0,2.0,1.0,1.0,0.0,1.0,0.0,0.0,3,36.8625,10.1956,2.0,0.0,0.0,0.0,362112.70683229814,368050.949375,False,False,True,True,False,False,False,True,True,False
260000.0,55.0,2.0,1.0,1.0,0.0,1.0,1.0,1.0,2,36.4011,10.6146,2.0,0.0,0.0,0.0,355184.6627435388,335553.90432183904,False,False,True,True,False,False,False,True,True,False
450000.0,135.0,4.0,2.0,1.0,1.0,1.0,1.0,1.0,2,36.4506,10.735,3.0,1.0,0.0,1.0,356101.26872727275,335553.90432183904,False,False,True,True,False,False,False,True,True,False
400000.0,132.0,2.0,1.0,1.0,0.0,1.0,1.0,1.0,2,36.8764,10.3253,2.0,1.0,1.0,1.0,519943.5195618153,495512.68618274975,False,False,True,True,False,False,False,True,True,False
470000.0,170.0,4.0,2.0,1.0,1.0,0.0,1.0,0.0,5,36.8452,10.1647,4.0,1.0,0.0,0.0,346388.2,335553.90432183904,False,False,True,True,False,False,False,True,True,False
420000.0,132.0,4.0,2.0,1.0,0.0,1.0,1.0,1.0,2,36.8833,10.25,4.0,1.0,0.0,0.0,393150.9196056338,368050.949375,False,False,True,True,False,False,False,True,True,False
360000.0,58.0,3.0,1.0,0.0,0.0,0.0,0.0,0.0,2,36.8556,10.2918,2.0,1.0,0.0,0.0,601819.5220062697,495512.68618274975,False,False,True,True,False,False,False,True,True,False
205000.0,86.0,3.0,1.0,1.0,1.0,1.0,1.0,1.0,2,36.8833,10.25,2.0,0.0,0.0,0.0,393150.9196056338,368050.949375,False,False,True,True,False,False,False,True,True,False
420000.0,120.0,3.0,2.0,0.0,1.0,1.0,1.0,0.0,2,36.4011,10.6146,2.0,0.0,1.0,0.0,355184.6627435388,335553.90432183904,False,False,True,True,False,False,False,True,True,False
180000.0,86.0,3.0,1.0,1.0,0.0,1.0,1.0,0.0,3,35.8324,10.6225,2.0,0.0,0.0,0.0,339414.0611787819,330755.1372713178,False,False,True,True,False,False,False,True,True,False
377000.0,130.0,3.0,1.0,1.0,0.0,0.0,1.0,0.0,1,36.9139,10.2835,2.0,0.0,0.0,0.0,519943.5195618153,495512.68618274975,False,False,True,True,False,False,False,True,True,False
370000.0,150.0,4.0,1.0,1.0,0.0,1.0,1.0,0.0,2,36.8625,10.1956,3.0,1.0,0.0,0.0,362112.70683229814,368050.949375,False,False,True,True,False,False,False,True,True,False
324000.0,169.0,3.0,2.0,1.0,1.0,1.0,1.0,1.0,1,36.789,10.1835,2.0,1.0,0.0,0.0,224240.0,406094.33674999996,False,True,False,True,False,False,False,True,True,False
456000.0,114.0,3.0,2.0,1.0,0.0,1.0,1.0,1.0,2,37.2667,9.8667,2.0,0.0,1.0,0.0,301532.5788888889,273790.43207547173,False,True,False,True,False,True,False,False,True,False
555000.0,145.0,4.0,2.0,1.0,0.0,1.0,1.0,1.0,2,36.8402,10.1604,3.0,1.0,1.0,0.0,346388.2,335553.90432183904,False,False,True,True,False,False,False,True,True,False
255000.0,107.0,3.0,2.0,1.0,1.0,1.0,1.0,1.0,2,36.789,10.1835,2.0,1.0,0.0,0.0,224240.0,406094.33674999996,False,True,False,True,False,False,False,True,True,False
572000.0,122.0,3.0,1.0,0.0,0.0,1.0,1.0,1.0,2,36.8565,10.318,2.0,1.0,1.0,0.0,519943.5195618153,495512.68618274975,False,False,True,True,False,False,False,True,True,False
380000.0,138.0,4.0,2.0,1.0,0.0,1.0,1.0,1.0,2,36.8625,10.1956,3.0,1.0,0.0,0.0,362112.70683229814,368050.949375,False,False,True,True,False,False,False,True,True,False
289406.0,67.0,2.0,1.0,0.0,0.0,1.0,1.0,1.0,2,35.8569,10.5972,2.0,0.0,0.0,1.0,339414.0611787819,330755.1372713178,False,False,True,True,False,False,False,True,True,False
530000.0,73.0,3.0,1.0,1.0,0.0,1.0,1.0,0.0,2,36.8764,10.3253,2.0,1.0,0.0,0.0,519943.5195618153,495512.68618274975,False,False,True,True,False,False,False,True,True,False
200000.0,112.0,4.0,2.0,1.0,0.0,1.0,0.0,1.0,2,36.7786,10.0554,3.0,1.0,1.0,0.0,251258.3575,259667.45531914895,False,True,False,True,False,True,False,False,True,False
475000.0,90.0,3.0,1.0,0.0,0.0,1.0,1.0,1.0,2,36.8764,10.3253,2.0,0.0,0.0,0.0,519943.5195618153,495512.68618274975,False,False,True,True,False,False,False,True,True,False
450000.0,135.0,4.0,2.0,1.0,0.0,1.0,1.0,1.0,5,36.4428,10.6917,3.0,1.0,0.0,1.0,356101.26872727275,335553.90432183904,False,False,True,True,False,False,False,True,True,False
250000.0,76.0,2.0,1.0,1.0,0.0,1.0,1.0,1.0,2,36.4391,10.6915,2.0,1.0,0.0,1.0,356101.26872727275,335553.90432183904,False,False,True,True,False,False,False,True,True,False
428000.0,122.0,4.0,2.0,1.0,0.0,1.0,1.0,0.0,2,36.8833,10.25,3.0,1.0,0.0,0.0,393150.9196056338,368050.949375,False,False,True,True,False,False,False,True,True,False
420000.0,140.0,3.0,1.0,1.0,0.0,0.0,0.0,0.0,2,36.8764,10.3253,2.0,0.0,1.0,0.0,519943.5195618153,495512.68618274975,False,False,True,True,False,False,False,True,True,False
190000.0,60.0,2.0,1.0,1.0,0.0,0.0,0.0,0.0,2,36.8764,10.3253,2.0,0.0,0.0,0.0,519943.5195618153,495512.68618274975,False,False,True,True,False,False,False,True,True,False
400000.0,174.0,4.0,1.0,1.0,0.0,0.0,0.0,0.0,2,36.8833,10.25,3.0,0.0,0.0,0.0,393150.9196056338,368050.949375,False,False,True,True,False,False,False,True,True,False
130000.0,65.0,3.0,1.0,0.0,1.0,0.0,0.0,0.0,2,36.9306,11.0485,2.0,0.0,0.0,0.0,355184.6627435388,335553.90432183904,False,False,True,True,False,False,False,True,True,False
355000.0,112.0,4.0,1.0,0.0,0.0,1.0,1.0,0.0,2,36.8452,10.1647,3.0,1.0,0.0,0.0,346388.2,335553.90432183904,False,False,True,True,False,False,False,True,True,False
265000.0,105.0,3.0,1.0,1.0,1.0,0.0,1.0,0.0,1,36.4011,10.6146,2.0,0.0,0.0,0.0,355184.6627435388,335553.90432183904,False,False,True,True,False,False,False,True,True,False
370000.0,132.0,3.0,1.0,1.0,0.0,1.0,1.0,0.0,2,35.8337,10.6407,2.0,0.0,0.0,0.0,323997.32666666666,306012.785,False,True,False,True,False,False,True,False,True,False
195000.0,45.0,2.0,1.0,1.0,0.0,0.0,0.0,0.0,3,35.8569,10.5972,2.0,0.0,1.0,1.0,339414.0611787819,330755.1372713178,False,False,True,True,False,False,False,True,True,False
225000.0,42.0,3.0,1.0,1.0,0.0,0.0,0.0,0.0,2,35.8569,10.5972,2.0,1.0,1.0,1.0,339414.0611787819,330755.1372713178,False,False,True,True,False,False,False,True,True,False
450000.0,124.0,3.0,1.0,1.0,1.0,1.0,1.0,0.0,2,36.4011,10.6146,2.0,1.0,0.0,0.0,355184.6627435388,335553.90432183904,False,False,True,True,False,False,False,True,True,False
572000.0,122.0,3.0,1.0,0.0,0.0,1.0,1.0,1.0,2,36.8565,10.318,2.0,1.0,1.0,0.0,519943.5195618153,495512.68618274975,False,False,True,True,False,False,False,True,True,False
572000.0,122.0,3.0,1.0,0.0,0.0,1.0,1.0,1.0,2,36.8565,10.318,2.0,1.0,1.0,0.0,519943.5195618153,495512.68618274975,False,False,True,True,False,False,False,True,True,False
355000.0,83.0,2.0,1.0,1.0,1.0,1.0,1.0,0.0,2,36.4011,10.6146,2.0,0.0,0.0,0.0,355184.6627435388,335553.90432183904,False,False,True,True,False,False,False,True,True,False
310000.0,75.0,2.0,1.0,1.0,1.0,1.0,1.0,1.0,2,36.4011,10.6146,2.0,1.0,0.0,1.0,355184.6627435388,335553.90432183904,False,False,True,True,False,False,False,True,True,False
475000.0,95.0,3.0,1.0,1.0,0.0,1.0,1.0,1.0,2,36.8556,10.2918,2.0,0.0,0.0,0.0,601819.5220062697,495512.68618274975,False,False,True,True,False,False,False,True,True,False
265000.0,95.0,3.0,1.0,1.0,1.0,1.0,1.0,1.0,2,33.0777,9.5838,3.0,0.0,0.0,0.0,273416.375,335553.90432183904,False,True,False,True,False,False,False,True,True,False
1300000.0,218.0,3.0,1.0,0.0,0.0,0.0,0.0,0.0,2,36.8469,10.2642,2.0,0.0,0.0,0.0,519943.5195618153,495512.68618274975,False,False,True,True,False,False,False,True,True,False
250000.0,170.0,4.0,2.0,1.0,0.0,1.0,0.0,0.0,2,36.8188,10.166,3.0,0.0,0.0,0.0,257110.19941176468,495512.68618274975,False,True,False,True,False,False,False,True,True,False
185000.0,85.0,3.0,1.0,1.0,0.0,0.0,0.0,0.0,1,36.6939,10.2622,2.0,1.0,1.0,0.0,202500.0,256097.71569620253,True,False,False,True,False,True,False,False,True,False
860000.0,183.0,4.0,3.0,1.0,0.0,1.0,1.0,1.0,2,36.8333,10.3167,3.0,1.0,0.0,0.0,601819.5220062697,495512.68618274975,False,False,True,True,False,False,False,True,True,False
592000.0,131.0,3.0,2.0,1.0,0.0,1.0,1.0,1.0,2,36.8833,10.25,2.0,1.0,1.0,0.0,393150.9196056338,368050.949375,False,False,True,True,False,False,False,True,True,False
700000.0,180.0,5.0,2.0,0.0,0.0,1.0,1.0,1.0,2,36.8764,10.3253,3.0,0.0,1.0,0.0,519943.5195618153,495512.68618274975,False,False,True,True,False,False,False,True,True,False
230000.0,115.0,3.0,1.0,1.0,0.0,1.0,1.0,1.0,4,36.6939,10.2622,2.0,1.0,0.0,0.0,197548.69142857144,256097.71569620253,True,False,False,True,False,True,False,False,True,False
235000.0,120.0,2.0,1.0,0.0,0.0,0.0,0.0,0.0,2,36.8493,11.0918,2.0,0.0,0.0,0.0,189879.7706849315,335553.90432183904,True,False,False,True,False,False,False,True,True,False
200000.0,130.0,3.0,2.0,1.0,0.0,0.0,0.0,0.0,2,36.8493,11.0918,3.0,0.0,0.0,0.0,189879.7706849315,335553.90432183904,True,False,False,True,False,False,False,True,True,False
190000.0,61.0,2.0,1.0,0.0,0.0,0.0,0.0,0.0,2,36.8625,10.1956,2.0,0.0,0.0,0.0,362112.70683229814,368050.949375,False,False,True,True,False,False,False,True,True,False
129000.0,80.0,3.0,1.0,1.0,0.0,0.0,0.0,0.0,2,36.8188,10.166,2.0,0.0,0.0,0.0,257110.19941176468,495512.68618274975,False,True,False,True,False,False,False,True,True,False
430000.0,123.0,3.0,1.0,1.0,0.0,0.0,0.0,1.0,2,36.8625,10.1956,2.0,1.0,0.0,1.0,362112.70683229814,368050.949375,False,False,True,True,False,False,False,True,True,False
327000.0,85.0,3.0,1.0,1.0,0.0,1.0,1.0,0.0,2,36.8833,10.25,2.0,1.0,0.0,0.0,393150.9196056338,368050.949375,False,False,True,True,False,False,False,True,True,False
450000.0,100.0,4.0,1.0,1.0,1.0,1.0,0.0,1.0,1,36.0135,10.5185,2.0,1.0,1.0,1.0,260917.67902439024,330755.1372713178,False,True,False,True,False,False,False,True,True,False
330000.0,77.0,3.0,1.0,1.0,0.0,1.0,1.0,1.0,1,36.4011,10.6146,2.0,0.0,1.0,1.0,355184.6627435388,335553.90432183904,False,False,True,True,False,False,False,True,True,False
220000.0,58.0,2.0,1.0,1.0,0.0,1.0,1.0,0.0,2,36.8833,10.25,2.0,1.0,0.0,0.0,393150.9196056338,368050.949375,False,False,True,True,False,False,False,True,True,False
325000.0,120.0,3.0,2.0,1.0,0.0,0.0,1.0,0.0,2,36.8625,10.1956,2.0,1.0,0.0,0.0,362112.70683229814,368050.949375,False,False,True,True,False,False,False,True,True,False
175000.0,57.0,2.0,1.0,1.0,0.0,1.0,1.0,1.0,1,36.8806,10.1717,2.0,1.0,1.0,0.0,362112.70683229814,368050.949375,False,False,True,True,False,False,False,True,True,False
750000.0,120.0,3.0,1.0,1.0,0.0,0.0,0.0,1.0,2,36.8469,10.2642,2.0,1.0,0.0,0.0,519943.5195618153,495512.68618274975,False,False,True,True,False,False,False,True,True,False
260000.0,76.0,3.0,1.0,1.0,0.0,1.0,1.0,0.0,4,36.8534,10.2505,2.0,1.0,0.0,0.0,519943.5195618153,495512.68618274975,False,False,True,True,False,False,False,True,True,False
250000.0,110.0,3.0,1.0,1.0,0.0,0.0,1.0,0.0,2,36.8188,10.166,3.0,0.0,0.0,0.0,257110.19941176468,495512.68618274975,False,True,False,True,False,False,False,True,True,False
330000.0,129.0,2.0,1.0,0.0,0.0,0.0,1.0,0.0,2,36.8625,10.1956,2.0,0.0,0.0,0.0,362112.70683229814,368050.949375,False,False,True,True,False,False,False,True,True,False
420000.0,145.0,4.0,2.0,1.0,0.0,1.0,1.0,1.0,3,36.4462,10.7476,3.0,1.0,0.0,0.0,356101.26872727275,335553.90432183904,False,False,True,True,False,False,False,True,True,False
300000.0,150.0,3.0,2.0,1.0,0.0,0.0,0.0,0.0,2,36.4478,10.7151,2.0,0.0,0.0,0.0,356101.26872727275,335553.90432183904,False,False,True,True,False,False,False,True,True,False
436000.0,100.0,3.0,1.0,0.0,0.0,1.0,1.0,1.0,2,36.8556,10.2918,2.0,0.0,1.0,0.0,601819.5220062697,495512.68618274975,False,False,True,True,False,False,False,True,True,False
545000.0,165.0,3.0,1.0,1.0,0.0,1.0,1.0,1.0,2,36.861,10.2746,2.0,0.0,0.0,0.0,519943.5195618153,495512.68618274975,False,False,True,True,False,False,False,True,True,False
416000.0,125.0,4.0,2.0,1.0,0.0,1.0,1.0,1.0,2,36.8728,10.2919,3.0,1.0,0.0,0.0,519943.5195618153,495512.68618274975,False,False,True,True,False,False,False,True,True,False
286000.0,66.0,2.0,1.0,1.0,0.0,1.0,1.0,1.0,1,35.9758,10.446,2.0,1.0,1.0,1.0,339414.0611787819,330755.1372713178,False,False,True,True,False,False,False,True,True,False
490000.0,99.0,3.0,2.0,1.0,1.0,1.0,1.0,1.0,1,36.8484,10.3099,2.0,1.0,0.0,1.0,601819.5220062697,495512.68618274975,False,False,True,True,False,False,False,True,True,False
263000.0,117.0,4.0,1.0,0.0,0.0,0.0,0.0,0.0,2,36.8827,10.2948,3.0,0.0,0.0,0.0,393150.9196056338,368050.949375,False,False,True,True,False,False,False,True,True,False
350000.0,120.0,2.0,1.0,0.0,0.0,1.0,1.0,1.0,2,36.4152,10.6082,2.0,0.0,0.0,0.0,355184.6627435388,335553.90432183904,False,False,True,True,False,False,False,True,True,False
408000.0,108.0,3.0,1.0,1.0,0.0,1.0,1.0,1.0,4,36.4421,10.6904,2.0,1.0,1.0,1.0,356101.26872727275,335553.90432183904,False,False,True,True,False,False,False,True,True,False
305000.0,98.0,3.0,1.0,1.0,1.0,1.0,1.0,1.0,2,36.4492,10.7362,2.0,0.0,0.0,0.0,356101.26872727275,335553.90432183904,False,False,True,True,False,False,False,True,True,False
410000.0,170.0,3.0,1.0,1.0,0.0,1.0,1.0,1.0,1,36.4438,10.7138,2.0,1.0,0.0,0.0,356101.26872727275,335553.90432183904,False,False,True,True,False,False,False,True,True,False
650000.0,163.0,3.0,1.0,0.0,0.0,1.0,1.0,0.0,2,36.8333,10.3167,3.0,1.0,1.0,0.0,601819.5220062697,495512.68618274975,False,False,True,True,False,False,False,True,True,False
135000.0,90.0,3.0,1.0,0.0,0.0,0.0,0.0,0.0,4,36.8188,10.166,2.0,0.0,0.0,0.0,257110.19941176468,495512.68618274975,False,True,False,True,False,False,False,True,True,False
495000.0,162.0,4.0,2.0,1.0,1.0,1.0,1.0,1.0,2,36.8764,10.3253,3.0,1.0,0.0,0.0,519943.5195618153,495512.68618274975,False,False,True,True,False,False,False,True,True,False
680000.0,146.0,4.0,1.0,0.0,0.0,0.0,0.0,0.0,2,36.8764,10.3253,3.0,1.0,1.0,1.0,519943.5195618153,495512.68618274975,False,False,True,True,False,False,False,True,True,False
275000.0,74.0,2.0,1.0,1.0,0.0,0.0,0.0,1.0,2,36.8883,10.2742,2.0,1.0,0.0,0.0,393150.9196056338,368050.949375,False,False,True,True,False,False,False,True,True,False
445000.0,119.0,5.0,2.0,1.0,0.0,1.0,1.0,1.0,2,36.4506,10.735,3.0,1.0,0.0,1.0,356101.26872727275,335553.90432183904,False,False,True,True,False,False,False,True,True,False
210000.0,106.0,4.0,2.0,1.0,0.0,0.0,1.0,0.0,1,36.789,10.1835,4.0,1.0,0.0,0.0,224240.0,406094.33674999996,False,True,False,True,False,False,False,True,True,False
345000.0,100.0,4.0,2.0,0.0,0.0,1.0,1.0,1.0,2,36.8764,10.3253,3.0,0.0,0.0,0.0,519943.5195618153,495512.68618274975,False,False,True,True,False,False,False,True,True,False
269000.0,95.0,3.0,1.0,1.0,0.0,1.0,1.0,1.0,2,35.8273,10.6339,2.0,0.0,0.0,0.0,339414.0611787819,330755.1372713178,False,False,True,True,False,False,False,True,True,False
390000.0,116.0,3.0,1.0,1.0,1.0,1.0,1.0,0.0,2,36.4198,10.6619,2.0,1.0,0.0,0.0,355184.6627435388,335553.90432183904,False,False,True,True,False,False,False,True,True,False
350000.0,100.0,3.0,2.0,1.0,0.0,1.0,1.0,1.0,2,35.8273,10.6339,2.0,0.0,0.0,0.0,339414.0611787819,330755.1372713178,False,False,True,True,False,False,False,True,True,False
589000.0,135.0,4.0,1.0,1.0,0.0,1.0,1.0,1.0,2,35.8273,10.6339,3.0,1.0,0.0,1.0,339414.0611787819,330755.1372713178,False,False,True,True,False,False,False,True,True,False
298700.0,132.0,3.0,1.0,1.0,0.0,1.0,1.0,0.0,2,35.8273,10.6339,2.0,0.0,0.0,0.0,339414.0611787819,330755.1372713178,False,False,True,True,False,False,False,True,True,False
350000.0,120.0,3.0,1.0,0.0,0.0,1.0,1.0,1.0,2,35.8273,10.6339,2.0,0.0,0.0,0.0,339414.0611787819,330755.1372713178,False,False,True,True,False,False,False,True,True,False
320000.0,130.0,3.0,1.0,1.0,0.0,0.0,1.0,0.0,2,36.8764,10.3253,2.0,0.0,0.0,0.0,519943.5195618153,495512.68618274975,False,False,True,True,False,False,False,True,True,False
426000.0,142.0,4.0,2.0,0.0,0.0,1.0,1.0,1.0,2,36.8959,10.1775,3.0,1.0,0.0,0.0,298410.12333333335,368050.949375,False,True,False,True,False,False,False,True,True,False
375000.0,100.0,3.0,2.0,1.0,0.0,1.0,1.0,1.0,2,36.8402,10.1604,2.0,1.0,1.0,0.0,346388.2,335553.90432183904,False,False,True,True,False,False,False,True,True,False
415000.0,124.0,4.0,1.0,1.0,1.0,1.0,1.0,1.0,2,35.83,10.6012,3.0,1.0,1.0,1.0,339414.0611787819,330755.1372713178,False,False,True,True,False,False,False,True,True,False
280000.0,60.0,5.0,1.0,1.0,1.0,1.0,1.0,1.0,1,36.3896,10.6014,2.0,0.0,1.0,1.0,355184.6627435388,335553.90432183904,False,False,True,True,False,False,False,True,True,False
533600.0,92.0,3.0,1.0,1.0,0.0,1.0,1.0,0.0,2,36.8333,10.3167,2.0,1.0,1.0,0.0,601819.5220062697,495512.68618274975,False,False,True,True,False,False,False,True,True,False
481000.0,83.0,3.0,1.0,1.0,1.0,1.0,1.0,1.0,5,35.9758,10.446,2.0,1.0,1.0,1.0,339414.0611787819,330755.1372713178,False,False,True,True,False,False,False,True,True,False
310000.0,111.0,3.0,1.0,1.0,1.0,0.0,0.0,0.0,2,36.8625,10.1956,2.0,1.0,0.0,0.0,362112.70683229814,368050.949375,False,False,True,True,False,False,False,True,True,False
730000.0,213.0,3.0,1.0,1.0,1.0,1.0,1.0,1.0,2,36.8806,10.1717,2.0,1.0,1.0,0.0,362112.70683229814,368050.949375,False,False,True,True,False,False,False,True,True,False
240000.0,200.0,3.0,1.0,1.0,0.0,0.0,0.0,0.0,2,35.5044,11.0661,2.0,0.0,0.0,0.0,277969.225,327705.16642857145,False,True,False,True,False,False,True,False,True,False
190000.0,145.0,3.0,1.0,1.0,1.0,0.0,1.0,0.0,2,34.7577,10.763,2.0,1.0,0.0,0.0,257110.19941176468,495512.68618274975,False,True,False,True,False,False,False,True,True,False
475000.0,137.0,3.0,1.0,0.0,0.0,1.0,1.0,0.0,2,35.4085,10.0289,2.0,1.0,1.0,0.0,448000.0,364147.42,False,False,True,True,False,False,False,True,True,False
320000.0,140.0,3.0,1.0,1.0,0.0,0.0,0.0,0.0,2,36.8625,10.1956,2.0,1.0,0.0,0.0,362112.70683229814,368050.949375,False,False,True,True,False,False,False,True,True,False
495000.0,187.0,3.0,1.0,1.0,0.0,1.0,1.0,0.0,2,35.4085,10.0289,2.0,1.0,0.0,0.0,448000.0,364147.42,False,False,True,True,False,False,False,True,True,False
550000.0,150.0,3.0,2.0,1.0,0.0,1.0,1.0,1.0,2,36.8883,10.2742,2.0,1.0,1.0,0.0,393150.9196056338,368050.949375,False,False,True,True,False,False,False,True,True,False
250155.0,55.0,3.0,1.0,0.0,0.0,0.0,0.0,1.0,2,36.4506,10.735,2.0,0.0,0.0,1.0,356101.26872727275,335553.90432183904,False,False,True,True,False,False,False,True,True,False
420000.0,132.0,3.0,1.0,1.0,1.0,1.0,1.0,0.0,2,35.4085,10.0289,2.0,1.0,0.0,0.0,448000.0,364147.42,False,False,True,True,False,False,False,True,True,False
125000.0,68.0,3.0,1.0,0.0,0.0,0.0,0.0,0.0,2,36.8625,10.1956,2.0,0.0,0.0,0.0,362112.70683229814,368050.949375,False,False,True,True,False,False,False,True,True,False
150000.0,100.0,3.0,1.0,1.0,0.0,0.0,0.0,0.0,2,36.7055,10.4132,2.0,0.0,0.0,0.0,298410.12333333335,368050.949375,False,True,False,True,False,False,False,True,True,False
750000.0,226.0,3.0,1.0,1.0,0.0,1.0,1.0,1.0,2,36.8188,10.166,2.0,1.0,0.0,0.0,257110.19941176468,495512.68618274975,False,True,False,True,False,False,False,True,True,False
460000.0,117.0,3.0,1.0,1.0,0.0,0.0,0.0,0.0,2,36.8556,10.2918,2.0,1.0,0.0,0.0,601819.5220062697,495512.68618274975,False,False,True,True,False,False,False,True,True,False
245000.0,117.0,3.0,1.0,1.0,0.0,0.0,0.0,0.0,2,36.836,10.1911,2.0,0.0,0.0,0.0,303301.0294117647,274088.2291666667,False,True,False,True,False,True,False,False,True,False
350000.0,140.0,3.0,1.0,0.0,1.0,0.0,0.0,0.0,2,36.8625,10.1956,2.0,0.0,0.0,0.0,362112.70683229814,368050.949375,False,False,True,True,False,False,False,True,True,False
220000.0,123.0,3.0,1.0,0.0,1.0,1.0,1.0,1.0,2,36.7723,10.2212,2.0,0.0,0.0,0.0,210000.0,256097.71569620253,True,False,False,True,False,True,False,False,True,False
385000.0,116.0,4.0,2.0,1.0,1.0,1.0,1.0,0.0,2,36.8625,10.1956,3.0,0.0,0.0,0.0,362112.70683229814,368050.949375,False,False,True,True,False,False,False,True,True,False
185000.0,87.0,3.0,1.0,0.0,0.0,0.0,0.0,0.0,2,36.6939,10.2622,2.0,1.0,0.0,0.0,202500.0,256097.71569620253,True,False,False,True,False,True,False,False,True,False
455000.0,135.0,3.0,3.0,1.0,0.0,1.0,1.0,1.0,2,36.8764,10.3253,2.0,1.0,0.0,0.0,519943.5195618153,495512.68618274975,False,False,True,True,False,False,False,True,True,False
250000.0,137.0,3.0,1.0,1.0,0.0,0.0,0.0,1.0,2,37.2667,9.8667,2.0,0.0,0.0,0.0,301532.5788888889,273790.43207547173,False,True,False,True,False,True,False,False,True,False
950000.0,160.0,3.0,1.0,1.0,1.0,1.0,1.0,1.0,2,36.8764,10.3253,2.0,1.0,0.0,0.0,519943.5195618153,495512.68618274975,False,False,True,True,False,False,False,True,True,False
640000.0,187.0,4.0,2.0,1.0,0.0,1.0,1.0,0.0,2,36.8625,10.1956,3.0,1.0,0.0,0.0,362112.70683229814,368050.949375,False,False,True,True,False,False,False,True,True,False
199000.0,55.0,2.0,1.0,1.0,1.0,1.0,1.0,0.0,2,36.8625,10.1956,2.0,0.0,0.0,0.0,362112.70683229814,368050.949375,False,False,True,True,False,False,False,True,True,False
250000.0,60.0,3.0,1.0,1.0,1.0,1.0,1.0,0.0,2,36.8833,10.25,2.0,0.0,0.0,0.0,393150.9196056338,368050.949375,False,False,True,True,False,False,False,True,True,False
284800.0,89.0,3.0,1.0,0.0,0.0,1.0,1.0,1.0,2,36.8959,10.1775,2.0,1.0,0.0,0.0,298410.12333333335,368050.949375,False,True,False,True,False,False,False,True,True,False
260000.0,59.0,2.0,1.0,1.0,1.0,1.0,1.0,1.0,2,36.3896,10.6014,2.0,1.0,1.0,1.0,355184.6627435388,335553.90432183904,False,False,True,True,False,False,False,True,True,False
520000.0,163.0,4.0,2.0,1.0,0.0,1.0,1.0,1.0,2,36.2828,10.6571,3.0,1.0,0.0,0.0,356912.7528888889,256097.71569620253,False,False,True,True,False,True,False,False,True,False
430000.0,135.0,3.0,2.0,1.0,1.0,1.0,1.0,0.0,2,36.8625,10.1956,2.0,1.0,0.0,0.0,362112.70683229814,368050.949375,False,False,True,True,False,False,False,True,True,False
550000.0,156.0,4.0,2.0,1.0,1.0,1.0,1.0,1.0,2,36.8625,10.1956,3.0,1.0,0.0,0.0,362112.70683229814,368050.949375,False,False,True,True,False,False,False,True,True,False
445000.0,119.0,4.0,2.0,1.0,0.0,1.0,1.0,1.0,2,36.4506,10.735,3.0,1.0,0.0,1.0,356101.26872727275,335553.90432183904,False,False,True,True,False,False,False,True,True,False
400000.0,126.0,3.0,2.0,1.0,1.0,0.0,1.0,0.0,2,36.8625,10.1956,2.0,1.0,0.0,0.0,362112.70683229814,368050.949375,False,False,True,True,False,False,False,True,True,False
400000.0,200.0,3.0,1.0,1.0,0.0,0.0,0.0,0.0,2,37.2667,9.8667,2.0,0.0,0.0,0.0,301532.5788888889,273790.43207547173,False,True,False,True,False,True,False,False,True,False
300000.0,230.0,3.0,1.0,1.0,0.0,0.0,0.0,0.0,2,35.3947,11.0401,2.0,0.0,0.0,0.0,247000.0,247000.0,False,True,False,True,False,True,False,False,True,False
423000.0,121.0,3.0,2.0,1.0,1.0,1.0,1.0,1.0,3,36.8452,10.1647,2.0,0.0,0.0,0.0,346388.2,335553.90432183904,False,False,True,True,False,False,False,True,True,False
330000.0,200.0,3.0,2.0,1.0,0.0,1.0,1.0,0.0,2,36.4011,10.6146,3.0,0.0,0.0,0.0,355184.6627435388,335553.90432183904,False,False,True,True,False,False,False,True,True,False
290000.0,103.0,4.0,1.0,0.0,0.0,0.0,0.0,0.0,3,35.8375,10.5866,4.0,1.0,0.0,0.0,339414.0611787819,330755.1372713178,False,False,True,True,False,False,False,True,True,False
470000.0,173.0,3.0,3.0,1.0,0.0,1.0,1.0,1.0,4,36.8556,10.1561,3.0,1.0,0.0,0.0,362112.70683229814,368050.949375,False,False,True,True,False,False,False,True,True,False
240000.0,62.0,2.0,1.0,1.0,0.0,1.0,1.0,1.0,2,36.8883,10.2742,2.0,1.0,0.0,0.0,393150.9196056338,368050.949375,False,False,True,True,False,False,False,True,True,False
360000.0,93.0,3.0,1.0,1.0,0.0,1.0,1.0,1.0,2,36.8883,10.2742,2.0,1.0,0.0,0.0,393150.9196056338,368050.949375,False,False,True,True,False,False,False,True,True,False
88500.0,90.0,2.0,1.0,1.0,0.0,0.0,0.0,1.0,2,35.7289,10.8145,2.0,0.0,0.0,0.0,283320.10545454547,299054.0060240964,False,True,False,True,False,False,True,False,True,False
270000.0,94.0,3.0,1.0,1.0,0.0,1.0,1.0,1.0,3,36.849,10.2694,2.0,0.0,0.0,0.0,519943.5195618153,495512.68618274975,False,False,True,True,False,False,False,True,True,False
950000.0,210.0,3.0,1.0,1.0,0.0,0.0,0.0,0.0,2,36.8556,10.2918,3.0,1.0,0.0,0.0,601819.5220062697,495512.68618274975,False,False,True,True,False,False,False,True,True,False
240000.0,81.0,3.0,1.0,0.0,0.0,0.0,0.0,0.0,2,36.9544,10.1914,2.0,0.0,0.0,0.0,298410.12333333335,368050.949375,False,True,False,True,False,False,False,True,True,False
190000.0,100.0,3.0,1.0,0.0,0.0,0.0,0.0,0.0,1,36.8063,10.1796,4.0,0.0,0.0,0.0,346388.2,335553.90432183904,False,False,True,True,False,False,False,True,True,False
385000.0,55.0,2.0,1.0,1.0,0.0,1.0,1.0,1.0,2,36.8764,10.3253,2.0,1.0,0.0,0.0,519943.5195618153,495512.68618274975,False,False,True,True,False,False,False,True,True,False
550000.0,179.0,4.0,3.0,1.0,0.0,1.0,1.0,0.0,2,36.8147,10.1558,3.0,0.0,0.0,0.0,346388.2,335553.90432183904,False,False,True,True,False,False,False,True,True,False
580000.0,170.0,3.0,1.0,1.0,0.0,0.0,0.0,1.0,2,36.8469,10.2642,2.0,1.0,0.0,0.0,519943.5195618153,495512.68618274975,False,False,True,True,False,False,False,True,True,False
395000.0,140.0,4.0,2.0,1.0,0.0,1.0,1.0,0.0,2,36.8625,10.1956,3.0,1.0,0.0,0.0,362112.70683229814,368050.949375,False,False,True,True,False,False,False,True,True,False
582000.0,135.0,3.0,2.0,1.0,0.0,1.0,1.0,1.0,2,36.8565,10.318,2.0,1.0,1.0,0.0,519943.5195618153,495512.68618274975,False,False,True,True,False,False,False,True,True,False
598719.0,144.0,4.0,2.0,0.0,0.0,1.0,1.0,1.0,2,35.8497,10.5983,3.0,0.0,0.0,1.0,339414.0611787819,330755.1372713178,False,False,True,True,False,False,False,True,True,False
290000.0,98.0,3.0,2.0,0.0,0.0,1.0,1.0,1.0,2,36.5772,10.3425,2.0,0.0,0.0,0.0,356912.7528888889,256097.71569620253,False,False,True,True,False,True,False,False,True,False
550000.0,155.0,4.0,2.0,1.0,0.0,1.0,1.0,0.0,1,36.8764,10.3253,3.0,1.0,0.0,0.0,519943.5195618153,495512.68618274975,False,False,True,True,False,False,False,True,True,False
110000.0,40.0,2.0,1.0,1.0,0.0,1.0,1.0,1.0,1,36.8188,10.166,2.0,1.0,0.0,0.0,257110.19941176468,495512.68618274975,False,True,False,True,False,False,False,True,True,False
477000.0,111.0,3.0,2.0,1.0,0.0,0.0,0.0,0.0,2,36.8624,10.2835,2.0,1.0,0.0,0.0,519943.5195618153,495512.68618274975,False,False,True,True,False,False,False,True,True,False
240000.0,45.0,3.0,1.0,1.0,0.0,1.0,1.0,0.0,2,36.8333,10.3167,2.0,1.0,0.0,0.0,601819.5220062697,495512.68618274975,False,False,True,True,False,False,False,True,True,False
670000.0,180.0,4.0,2.0,1.0,0.0,1.0,1.0,1.0,2,36.8764,10.3253,3.0,1.0,1.0,1.0,519943.5195618153,495512.68618274975,False,False,True,True,False,False,False,True,True,False
430000.0,150.0,4.0,2.0,1.0,0.0,1.0,1.0,1.0,6,36.8625,10.1956,3.0,1.0,0.0,0.0,362112.70683229814,368050.949375,False,False,True,True,False,False,False,True,True,False
135000.0,85.0,3.0,1.0,0.0,0.0,0.0,0.0,0.0,2,37.1303,9.7507,2.0,0.0,0.0,0.0,163531.45,273790.43207547173,True,False,False,True,False,True,False,False,True,False
180000.0,72.0,3.0,1.0,1.0,0.0,0.0,0.0,0.0,2,35.7554,10.8272,2.0,0.0,1.0,0.0,283320.10545454547,299054.0060240964,False,True,False,True,False,False,True,False,True,False
192000.0,85.0,3.0,1.0,1.0,0.0,0.0,0.0,0.0,2,35.7554,10.8272,2.0,0.0,0.0,0.0,283320.10545454547,299054.0060240964,False,True,False,True,False,False,True,False,True,False
300000.0,90.0,3.0,1.0,1.0,1.0,1.0,1.0,0.0,2,36.4011,10.6146,2.0,1.0,0.0,0.0,355184.6627435388,335553.90432183904,False,False,True,True,False,False,False,True,True,False
240000.0,70.0,4.0,1.0,1.0,1.0,1.0,1.0,1.0,1,36.8625,10.1956,2.0,1.0,1.0,0.0,362112.70683229814,368050.949375,False,False,True,True,False,False,False,True,True,False
150000.0,100.0,3.0,2.0,0.0,0.0,0.0,0.0,0.0,3,36.8762,10.1143,3.0,0.0,0.0,0.0,255000.0,274088.2291666667,False,True,False,True,False,True,False,False,True,False
444000.0,127.0,3.0,1.0,1.0,0.0,0.0,1.0,1.0,2,36.4011,10.6146,2.0,1.0,0.0,0.0,355184.6627435388,335553.90432183904,False,False,True,True,False,False,False,True,True,False
360000.0,123.0,3.0,2.0,1.0,1.0,1.0,1.0,0.0,2,36.4506,10.735,2.0,0.0,0.0,1.0,356101.26872727275,335553.90432183904,False,False,True,True,False,False,False,True,True,False
200000.0,99.0,3.0,1.0,0.0,0.0,0.0,0.0,1.0,2,36.659,10.4059,2.0,1.0,0.0,0.0,149285.7142857143,256097.71569620253,True,False,False,True,False,True,False,False,True,False
465000.0,93.0,3.0,1.0,1.0,0.0,1.0,1.0,1.0,1,35.5196,11.043,2.0,0.0,0.0,0.0,277969.225,327705.16642857145,False,True,False,True,False,False,True,False,True,False
290000.0,143.0,5.0,2.0,1.0,0.0,1.0,1.0,1.0,3,36.8452,10.1647,4.0,1.0,0.0,0.0,346388.2,335553.90432183904,False,False,True,True,False,False,False,True,True,False
320000.0,35.0,3.0,1.0,0.0,0.0,1.0,1.0,1.0,3,36.8469,10.2642,2.0,0.0,0.0,0.0,519943.5195618153,495512.68618274975,False,False,True,True,False,False,False,True,True,False
480000.0,120.0,4.0,1.0,1.0,0.0,1.0,1.0,0.0,2,36.8452,10.1647,3.0,1.0,0.0,0.0,519943.5195618153,495512.68618274975,False,False,True,True,False,False,False,True,True,False
660000.0,157.0,4.0,2.0,1.0,0.0,1.0,1.0,1.0,2,36.8556,10.2918,3.0,1.0,0.0,0.0,601819.5220062697,495512.68618274975,False,False,True,True,False,False,False,True,True,False
550000.0,140.0,4.0,2.0,1.0,0.0,1.0,1.0,1.0,2,36.8624,10.2835,3.0,1.0,0.0,0.0,519943.5195618153,495512.68618274975,False,False,True,True,False,False,False,True,True,False
500000.0,140.0,4.0,2.0,0.0,0.0,1.0,1.0,0.0,2,36.8625,10.1956,3.0,1.0,1.0,0.0,362112.70683229814,368050.949375,False,False,True,True,False,False,False,True,True,False
400000.0,160.0,4.0,2.0,1.0,0.0,1.0,1.0,1.0,2,36.8625,10.1956,3.0,1.0,0.0,0.0,362112.70683229814,368050.949375,False,False,True,True,False,False,False,True,True,False
350000.0,131.0,3.0,1.0,1.0,1.0,1.0,1.0,1.0,2,36.8624,10.2835,2.0,1.0,1.0,0.0,519943.5195618153,495512.68618274975,False,False,True,True,False,False,False,True,True,False
450000.0,160.0,4.0,2.0,1.0,1.0,1.0,1.0,1.0,2,36.8624,10.2835,3.0,1.0,1.0,0.0,519943.5195618153,495512.68618274975,False,False,True,True,False,False,False,True,True,False
386000.0,117.0,3.0,1.0,1.0,0.0,1.0,1.0,1.0,2,36.8624,10.2835,2.0,1.0,0.0,0.0,519943.5195618153,495512.68618274975,False,False,True,True,False,False,False,True,True,False
900000.0,200.0,5.0,2.0,1.0,0.0,1.0,1.0,1.0,2,36.8469,10.2642,4.0,1.0,0.0,0.0,519943.5195618153,495512.68618274975,False,False,True,True,False,False,False,True,True,False
338000.0,102.0,3.0,2.0,0.0,0.0,0.0,1.0,1.0,2,36.8728,10.2919,2.0,1.0,0.0,0.0,519943.5195618153,495512.68618274975,False,False,True,True,False,False,False,True,True,False
180000.0,53.0,2.0,1.0,0.0,0.0,1.0,1.0,1.0,2,36.8967,10.1777,2.0,0.0,0.0,0.0,298410.12333333335,368050.949375,False,True,False,True,False,False,False,True,True,False
112470.0,69.0,2.0,1.0,0.0,0.0,0.0,0.0,0.0,2,36.7397,10.0916,2.0,0.0,1.0,0.0,144860.5,495512.68618274975,True,False,False,True,False,False,False,True,True,False
255000.0,135.0,4.0,2.0,0.0,0.0,1.0,1.0,0.0,3,36.9544,10.1914,4.0,1.0,0.0,0.0,298410.12333333335,368050.949375,False,True,False,True,False,False,False,True,True,False
175000.0,150.0,4.0,1.0,1.0,0.0,1.0,1.0,0.0,6,36.7609,10.2736,4.0,1.0,0.0,0.0,223470.58823529413,256097.71569620253,False,True,False,True,False,True,False,False,True,False
230000.0,117.0,3.0,1.0,1.0,1.0,1.0,1.0,1.0,3,36.789,10.1835,2.0,1.0,0.0,0.0,224240.0,406094.33674999996,False,True,False,True,False,False,False,True,True,False
595000.0,140.0,4.0,2.0,1.0,0.0,1.0,1.0,1.0,3,36.4506,10.735,3.0,1.0,0.0,1.0,356101.26872727275,335553.90432183904,False,False,True,True,False,False,False,True,True,False
100000.0,100.0,3.0,1.0,0.0,0.0,0.0,0.0,0.0,2,36.8188,10.166,2.0,0.0,0.0,0.0,257110.19941176468,495512.68618274975,False,True,False,True,False,False,False,True,True,False
110000.0,75.0,3.0,1.0,0.0,1.0,1.0,0.0,0.0,4,36.8625,10.1956,3.0,1.0,0.0,0.0,362112.70683229814,368050.949375,False,False,True,True,False,False,False,True,True,False
200000.0,110.0,4.0,1.0,1.0,0.0,0.0,0.0,0.0,2,37.2667,9.8667,3.0,0.0,0.0,0.0,301532.5788888889,273790.43207547173,False,True,False,True,False,True,False,False,True,False
380000.0,74.0,3.0,1.0,1.0,1.0,1.0,1.0,1.0,2,36.8333,10.3167,2.0,0.0,1.0,1.0,601819.5220062697,495512.68618274975,False,False,True,True,False,False,False,True,True,False
410000.0,118.0,3.0,2.0,1.0,1.0,1.0,1.0,1.0,1,36.8452,10.1647,2.0,0.0,0.0,0.0,346388.2,335553.90432183904,False,False,True,True,False,False,False,True,True,False
299000.0,147.0,4.0,1.0,1.0,0.0,0.0,1.0,1.0,2,36.8764,10.3253,3.0,0.0,0.0,0.0,519943.5195618153,495512.68618274975,False,False,True,True,False,False,False,True,True,False
400000.0,109.0,5.0,2.0,1.0,0.0,1.0,1.0,1.0,6,36.4506,10.735,2.0,1.0,0.0,1.0,356101.26872727275,335553.90432183904,False,False,True,True,False,False,False,True,True,False
630000.0,134.0,3.0,1.0,1.0,0.0,1.0,1.0,0.0,2,35.8177,10.6455,4.0,1.0,0.0,0.0,339414.0611787819,330755.1372713178,False,False,True,True,False,False,False,True,True,False
198000.0,60.0,3.0,1.0,0.0,0.0,0.0,1.0,0.0,4,36.8534,10.2505,2.0,0.0,0.0,0.0,519943.5195618153,495512.68618274975,False,False,True,True,False,False,False,True,True,False
330000.0,100.0,5.0,1.0,1.0,0.0,1.0,1.0,1.0,2,36.4011,10.6146,2.0,0.0,0.0,0.0,355184.6627435388,335553.90432183904,False,False,True,True,False,False,False,True,True,False
270000.0,89.0,3.0,1.0,1.0,0.0,1.0,1.0,1.0,2,36.4011,10.6146,2.0,0.0,0.0,0.0,355184.6627435388,335553.90432183904,False,False,True,True,False,False,False,True,True,False
190000.0,70.0,4.0,1.0,0.0,0.0,0.0,0.0,0.0,2,36.4011,10.6146,2.0,0.0,0.0,0.0,355184.6627435388,335553.90432183904,False,False,True,True,False,False,False,True,True,False
160000.0,105.0,4.0,1.0,0.0,0.0,0.0,0.0,0.0,2,36.4506,10.735,3.0,0.0,0.0,0.0,356101.26872727275,335553.90432183904,False,False,True,True,False,False,False,True,True,False
411000.0,69.0,3.0,1.0,1.0,1.0,1.0,1.0,1.0,5,35.9758,10.446,2.0,1.0,1.0,1.0,339414.0611787819,330755.1372713178,False,False,True,True,False,False,False,True,True,False
883000.0,151.0,5.0,3.0,1.0,0.0,1.0,1.0,1.0,2,36.5369,10.1795,3.0,1.0,0.0,1.0,601819.5220062697,495512.68618274975,False,False,True,True,False,False,False,True,True,False
388000.0,119.0,4.0,2.0,0.0,0.0,0.0,1.0,1.0,2,36.8728,10.2919,3.0,1.0,0.0,0.0,519943.5195618153,495512.68618274975,False,False,True,True,False,False,False,True,True,False
480000.0,129.0,4.0,2.0,1.0,0.0,0.0,1.0,1.0,2,36.8728,10.2919,3.0,1.0,1.0,0.0,519943.5195618153,495512.68618274975,False,False,True,True,False,False,False,True,True,False
322300.0,111.0,3.0,1.0,1.0,0.0,1.0,1.0,1.0,5,36.9544,10.1914,2.0,1.0,0.0,0.0,298410.12333333335,368050.949375,False,True,False,True,False,False,False,True,True,False
865000.0,137.0,3.0,2.0,1.0,0.0,1.0,1.0,1.0,2,36.8496,10.3054,2.0,1.0,1.0,1.0,601819.5220062697,495512.68618274975,False,False,True,True,False,False,False,True,True,False
552000.0,131.0,3.0,1.0,0.0,0.0,1.0,1.0,1.0,2,36.8565,10.318,2.0,1.0,1.0,0.0,519943.5195618153,495512.68618274975,False,False,True,True,False,False,False,True,True,False
380000.0,168.0,4.0,3.0,1.0,0.0,1.0,1.0,0.0,5,36.8625,10.1956,3.0,1.0,0.0,0.0,362112.70683229814,368050.949375,False,False,True,True,False,False,False,True,True,False
375000.0,130.0,3.0,1.0,1.0,0.0,1.0,1.0,0.0,4,36.8625,10.1956,3.0,1.0,0.0,0.0,362112.70683229814,368050.949375,False,False,True,True,False,False,False,True,True,False
320000.0,77.0,3.0,1.0,1.0,0.0,1.0,1.0,1.0,5,36.4011,10.6146,2.0,1.0,0.0,0.0,355184.6627435388,335553.90432183904,False,False,True,True,False,False,False,True,True,False
285000.0,58.0,2.0,1.0,1.0,1.0,1.0,1.0,1.0,5,36.8833,10.25,2.0,1.0,0.0,0.0,393150.9196056338,368050.949375,False,False,True,True,False,False,False,True,True,False
330000.0,71.0,3.0,1.0,1.0,0.0,0.0,0.0,1.0,2,35.7833,10.8333,2.0,0.0,0.0,0.0,283320.10545454547,299054.0060240964,False,True,False,True,False,False,True,False,True,False
260000.0,120.0,2.0,1.0,1.0,0.0,0.0,0.0,0.0,2,36.8188,10.166,2.0,0.0,0.0,0.0,257110.19941176468,495512.68618274975,False,True,False,True,False,False,False,True,True,False
110000.0,80.0,3.0,1.0,0.0,0.0,0.0,0.0,0.0,2,36.0683,9.9724,2.0,0.0,0.0,0.0,149285.7142857143,256097.71569620253,True,False,False,True,False,True,False,False,True,False
280000.0,88.0,3.0,1.0,1.0,0.0,1.0,1.0,1.0,2,35.8569,10.5972,2.0,0.0,0.0,0.0,339414.0611787819,330755.1372713178,False,False,True,True,False,False,False,True,True,False
530000.0,155.0,3.0,1.0,0.0,0.0,0.0,0.0,0.0,2,36.8625,10.1956,4.0,1.0,0.0,0.0,362112.70683229814,368050.949375,False,False,True,True,False,False,False,True,True,False
620000.0,230.0,4.0,1.0,0.0,0.0,0.0,0.0,0.0,2,36.8625,10.1956,4.0,1.0,0.0,0.0,362112.70683229814,368050.949375,False,False,True,True,False,False,False,True,True,False
325000.0,101.0,3.0,1.0,1.0,0.0,0.0,0.0,0.0,2,36.8764,10.3253,4.0,0.0,0.0,0.0,519943.5195618153,495512.68618274975,False,False,True,True,False,False,False,True,True,False
240000.0,120.0,3.0,1.0,1.0,0.0,0.0,1.0,0.0,2,36.8356,10.2159,3.0,0.0,0.0,0.0,273416.375,335553.90432183904,False,True,False,True,False,False,False,True,True,False
1000000.0,212.0,4.0,2.0,1.0,0.0,1.0,1.0,1.0,2,36.8764,10.3253,3.0,0.0,0.0,0.0,519943.5195618153,495512.68618274975,False,False,True,True,False,False,False,True,True,False
400000.0,115.0,3.0,2.0,1.0,1.0,1.0,0.0,0.0,2,36.4011,10.6146,2.0,1.0,1.0,1.0,355184.6627435388,335553.90432183904,False,False,True,True,False,False,False,True,True,False
430000.0,220.0,5.0,3.0,1.0,0.0,0.0,0.0,1.0,2,36.8584,10.275,4.0,1.0,0.0,0.0,519943.5195618153,495512.68618274975,False,False,True,True,False,False,False,True,True,False
180000.0,90.0,3.0,1.0,1.0,0.0,0.0,0.0,1.0,1,36.8188,10.166,2.0,0.0,0.0,0.0,273416.375,335553.90432183904,False,True,False,True,False,False,False,True,True,False
155000.0,60.0,3.0,1.0,0.0,0.0,0.0,0.0,0.0,2,36.8188,10.166,2.0,0.0,0.0,0.0,257110.19941176468,495512.68618274975,False,True,False,True,False,False,False,True,True,False
315000.0,97.0,3.0,1.0,1.0,0.0,1.0,0.0,1.0,4,36.4391,10.6844,2.0,0.0,0.0,1.0,356101.26872727275,335553.90432183904,False,False,True,True,False,False,False,True,True,False
330000.0,126.0,4.0,2.0,1.0,0.0,0.0,1.0,1.0,2,36.7786,10.0554,3.0,1.0,0.0,0.0,251258.3575,259667.45531914895,False,True,False,True,False,True,False,False,True,False
120000.0,70.0,3.0,1.0,0.0,0.0,0.0,0.0,0.0,2,36.8833,10.25,2.0,0.0,1.0,0.0,393150.9196056338,368050.949375,False,False,True,True,False,False,False,True,True,False
175000.0,100.0,4.0,2.0,1.0,0.0,0.0,1.0,0.0,2,36.6939,10.2622,3.0,0.0,0.0,0.0,197548.69142857144,256097.71569620253,True,False,False,True,False,True,False,False,True,False
130000.0,80.0,3.0,1.0,1.0,0.0,0.0,0.0,0.0,2,36.789,10.1835,2.0,0.0,0.0,0.0,224240.0,406094.33674999996,False,True,False,True,False,False,False,True,True,False
620000.0,199.0,4.0,3.0,1.0,0.0,1.0,1.0,1.0,2,36.8333,10.3167,3.0,1.0,0.0,0.0,601819.5220062697,495512.68618274975,False,False,True,True,False,False,False,True,True,False
555000.0,103.0,3.0,1.0,1.0,0.0,1.0,1.0,1.0,2,36.8333,10.3167,2.0,1.0,0.0,1.0,601819.5220062697,495512.68618274975,False,False,True,True,False,False,False,True,True,False
149999.0,80.0,4.0,1.0,1.0,0.0,0.0,0.0,0.0,2,36.8302,10.1374,2.0,0.0,0.0,0.0,190533.3,495512.68618274975,True,False,False,True,False,False,False,True,True,False
220000.0,95.0,3.0,1.0,0.0,0.0,1.0,1.0,1.0,4,36.8764,10.3253,3.0,0.0,0.0,0.0,519943.5195618153,495512.68618274975,False,False,True,True,False,False,False,True,True,False
550000.0,156.0,4.0,2.0,1.0,0.0,1.0,1.0,1.0,1,36.8764,10.3253,3.0,1.0,0.0,0.0,519943.5195618153,495512.68618274975,False,False,True,True,False,False,False,True,True,False
850000.0,159.0,5.0,3.0,1.0,0.0,1.0,1.0,0.0,2,36.8764,10.3253,4.0,1.0,0.0,0.0,519943.5195618153,495512.68618274975,False,False,True,True,False,False,False,True,True,False
680000.0,180.0,5.0,2.0,1.0,0.0,1.0,1.0,0.0,2,36.8333,10.3167,4.0,1.0,0.0,0.0,601819.5220062697,495512.68618274975,False,False,True,True,False,False,False,True,True,False
210000.0,70.0,2.0,1.0,1.0,1.0,1.0,0.0,0.0,1,36.4506,10.735,2.0,0.0,0.0,0.0,356101.26872727275,335553.90432183904,False,False,True,True,False,False,False,True,True,False
450000.0,90.0,3.0,1.0,1.0,0.0,0.0,0.0,0.0,2,33.0777,9.5838,4.0,1.0,1.0,1.0,273416.375,335553.90432183904,False,True,False,True,False,False,False,True,True,False
210000.0,70.0,3.0,1.0,0.0,0.0,1.0,0.0,0.0,2,36.8188,10.166,3.0,0.0,0.0,0.0,257110.19941176468,495512.68618274975,False,True,False,True,False,False,False,True,True,False
170000.0,70.0,3.0,1.0,0.0,0.0,0.0,0.0,0.0,2,36.4011,10.6146,2.0,0.0,0.0,0.0,355184.6627435388,335553.90432183904,False,False,True,True,False,False,False,True,True,False
410000.0,91.0,3.0,1.0,1.0,0.0,0.0,0.0,0.0,2,36.8483,10.1411,2.0,1.0,0.0,0.0,346388.2,335553.90432183904,False,False,True,True,False,False,False,True,True,False
420000.0,120.0,3.0,1.0,1.0,0.0,0.0,0.0,0.0,2,36.8625,10.1956,2.0,1.0,0.0,0.0,362112.70683229814,368050.949375,False,False,True,True,False,False,False,True,True,False
365000.0,130.0,3.0,1.0,1.0,0.0,0.0,0.0,1.0,2,36.8625,10.1956,2.0,0.0,0.0,0.0,362112.70683229814,368050.949375,False,False,True,True,False,False,False,True,True,False
365000.0,150.0,3.0,1.0,1.0,0.0,0.0,0.0,1.0,2,36.8625,10.1956,2.0,0.0,0.0,0.0,362112.70683229814,368050.949375,False,False,True,True,False,False,False,True,True,False
475000.0,190.0,3.0,1.0,1.0,0.0,0.0,0.0,1.0,2,36.8483,10.1411,2.0,1.0,0.0,0.0,346388.2,335553.90432183904,False,False,True,True,False,False,False,True,True,False
265000.0,84.0,3.0,1.0,1.0,0.0,0.0,0.0,0.0,2,36.8625,10.1956,2.0,1.0,0.0,0.0,362112.70683229814,368050.949375,False,False,True,True,False,False,False,True,True,False
340000.0,106.0,4.0,1.0,1.0,0.0,1.0,1.0,0.0,2,36.8625,10.1956,3.0,0.0,0.0,0.0,362112.70683229814,368050.949375,False,False,True,True,False,False,False,True,True,False
600000.0,145.0,4.0,2.0,0.0,0.0,0.0,0.0,0.0,2,36.8833,10.25,3.0,1.0,0.0,0.0,393150.9196056338,368050.949375,False,False,True,True,False,False,False,True,True,False
490000.0,130.0,3.0,1.0,1.0,0.0,0.0,0.0,0.0,2,35.7678,10.8225,2.0,0.0,0.0,0.0,283320.10545454547,299054.0060240964,False,True,False,True,False,False,True,False,True,False
490000.0,160.0,4.0,2.0,1.0,0.0,0.0,0.0,0.0,2,36.4011,10.6146,3.0,0.0,0.0,0.0,355184.6627435388,335553.90432183904,False,False,True,True,False,False,False,True,True,False
530000.0,210.0,5.0,3.0,1.0,0.0,1.0,1.0,0.0,5,36.8625,10.1956,4.0,1.0,0.0,0.0,362112.70683229814,368050.949375,False,False,True,True,False,False,False,True,True,False
260000.0,56.0,2.0,1.0,1.0,0.0,1.0,1.0,1.0,2,36.8333,10.3167,2.0,0.0,0.0,0.0,601819.5220062697,495512.68618274975,False,False,True,True,False,False,False,True,True,False
330000.0,82.0,2.0,1.0,0.0,1.0,1.0,1.0,1.0,2,36.8333,10.3167,2.0,1.0,0.0,0.0,601819.5220062697,495512.68618274975,False,False,True,True,False,False,False,True,True,False
566000.0,219.0,4.0,1.0,1.0,0.0,1.0,1.0,1.0,2,37.2667,9.8667,3.0,0.0,1.0,0.0,301532.5788888889,273790.43207547173,False,True,False,True,False,True,False,False,True,False
632000.0,166.0,3.0,2.0,1.0,0.0,1.0,1.0,1.0,2,36.8623,10.288,2.0,0.0,0.0,1.0,519943.5195618153,495512.68618274975,False,False,True,True,False,False,False,True,True,False
140000.0,66.0,2.0,1.0,1.0,0.0,0.0,0.0,0.0,2,36.7107,10.1948,2.0,0.0,0.0,0.0,174333.33333333334,274088.2291666667,True,False,False,True,False,True,False,False,True,False
405000.0,100.0,4.0,2.0,1.0,1.0,1.0,1.0,1.0,2,36.3896,10.6014,2.0,0.0,1.0,1.0,355184.6627435388,335553.90432183904,False,False,True,True,False,False,False,True,True,False
280000.0,120.0,3.0,1.0,0.0,0.0,0.0,0.0,0.0,2,36.9544,10.1914,2.0,0.0,0.0,0.0,298410.12333333335,368050.949375,False,True,False,True,False,False,False,True,True,False
265000.0,140.0,4.0,1.0,1.0,0.0,0.0,0.0,1.0,3,36.8452,10.1647,3.0,1.0,0.0,0.0,346388.2,335553.90432183904,False,False,True,True,False,False,False,True,True,False
220000.0,75.0,3.0,1.0,0.0,0.0,1.0,1.0,1.0,5,36.8764,10.3253,2.0,1.0,0.0,0.0,519943.5195618153,495512.68618274975,False,False,True,True,False,False,False,True,True,False
350000.0,138.0,3.0,2.0,1.0,0.0,1.0,1.0,1.0,2,36.4011,10.6146,2.0,1.0,1.0,1.0,355184.6627435388,335553.90432183904,False,False,True,True,False,False,False,True,True,False
810000.0,228.0,4.0,3.0,1.0,0.0,1.0,1.0,1.0,2,36.8333,10.3167,3.0,1.0,0.0,0.0,601819.5220062697,495512.68618274975,False,False,True,True,False,False,False,True,True,False
640000.0,174.0,4.0,2.0,1.0,0.0,1.0,1.0,0.0,4,36.8625,10.1956,3.0,0.0,1.0,0.0,362112.70683229814,368050.949375,False,False,True,True,False,False,False,True,True,False
474000.0,143.0,4.0,2.0,1.0,0.0,1.0,1.0,0.0,2,36.8452,10.1647,3.0,0.0,0.0,0.0,346388.2,335553.90432183904,False,False,True,True,False,False,False,True,True,False
350000.0,167.0,4.0,2.0,0.0,0.0,1.0,1.0,1.0,3,36.8452,10.1647,3.0,0.0,0.0,0.0,346388.2,335553.90432183904,False,False,True,True,False,False,False,True,True,False
195000.0,56.0,3.0,1.0,1.0,0.0,1.0,1.0,0.0,2,36.8625,10.1956,2.0,1.0,0.0,0.0,362112.70683229814,368050.949375,False,False,True,True,False,False,False,True,True,False
320000.0,107.0,2.0,1.0,1.0,0.0,1.0,1.0,0.0,2,36.4506,10.735,2.0,0.0,0.0,0.0,356101.26872727275,335553.90432183904,False,False,True,True,False,False,False,True,True,False
395000.0,160.0,3.0,1.0,1.0,1.0,0.0,0.0,0.0,2,35.75,10.72,2.0,0.0,0.0,0.0,304361.5,299054.0060240964,False,True,False,True,False,False,True,False,True,False
90000.0,60.0,3.0,1.0,0.0,0.0,0.0,0.0,0.0,2,36.8566,10.3258,2.0,0.0,0.0,0.0,460266.7082352941,495512.68618274975,False,False,True,True,False,False,False,True,True,False
140000.0,55.0,3.0,1.0,1.0,0.0,1.0,1.0,1.0,6,36.8625,10.1956,2.0,1.0,0.0,0.0,362112.70683229814,368050.949375,False,False,True,True,False,False,False,True,True,False
160000.0,55.0,3.0,1.0,0.0,0.0,0.0,0.0,0.0,2,36.4011,10.6146,2.0,0.0,0.0,0.0,355184.6627435388,335553.90432183904,False,False,True,True,False,False,False,True,True,False
300000.0,130.0,3.0,1.0,1.0,0.0,1.0,1.0,0.0,2,36.8764,10.3253,3.0,1.0,0.0,0.0,519943.5195618153,495512.68618274975,False,False,True,True,False,False,False,True,True,False
560000.0,103.0,3.0,2.0,0.0,0.0,1.0,1.0,1.0,2,36.8333,10.3167,2.0,1.0,0.0,0.0,601819.5220062697,495512.68618274975,False,False,True,True,False,False,False,True,True,False
485000.0,220.0,3.0,3.0,1.0,0.0,0.0,1.0,0.0,2,36.8625,10.1956,3.0,1.0,0.0,0.0,362112.70683229814,368050.949375,False,False,True,True,False,False,False,True,True,False
410000.0,130.0,2.0,2.0,1.0,0.0,1.0,1.0,0.0,2,36.8454,10.1851,2.0,1.0,0.0,0.0,303301.0294117647,274088.2291666667,False,True,False,True,False,True,False,False,True,False
737900.0,157.0,3.0,1.0,1.0,0.0,1.0,1.0,0.0,2,36.8333,10.3167,4.0,0.0,1.0,0.0,601819.5220062697,495512.68618274975,False,False,True,True,False,False,False,True,True,False
580000.0,120.0,3.0,1.0,1.0,0.0,1.0,1.0,1.0,2,36.8764,10.3253,2.0,1.0,0.0,0.0,519943.5195618153,495512.68618274975,False,False,True,True,False,False,False,True,True,False
195000.0,97.0,3.0,1.0,1.0,0.0,0.0,0.0,1.0,2,36.7723,10.2212,2.0,1.0,0.0,0.0,210000.0,256097.71569620253,True,False,False,True,False,True,False,False,True,False
125000.0,80.0,2.0,1.0,0.0,0.0,0.0,0.0,0.0,2,35.644,10.9468,2.0,0.0,1.0,0.0,179609.5,299054.0060240964,True,False,False,True,False,False,True,False,True,False
320000.0,95.0,2.0,1.0,0.0,0.0,0.0,0.0,0.0,2,36.4506,10.735,2.0,0.0,0.0,0.0,356101.26872727275,335553.90432183904,False,False,True,True,False,False,False,True,True,False
672800.0,116.0,3.0,1.0,1.0,0.0,1.0,1.0,1.0,2,36.8333,10.3167,2.0,0.0,0.0,1.0,601819.5220062697,495512.68618274975,False,False,True,True,False,False,False,True,True,False
707000.0,170.0,3.0,2.0,1.0,1.0,1.0,1.0,1.0,2,36.8764,10.3253,2.0,1.0,0.0,1.0,519943.5195618153,495512.68618274975,False,False,True,True,False,False,False,True,True,False
630000.0,160.0,4.0,3.0,1.0,1.0,1.0,1.0,1.0,2,36.8333,10.3167,3.0,1.0,1.0,0.0,601819.5220062697,495512.68618274975,False,False,True,True,False,False,False,True,True,False
790000.0,170.0,4.0,3.0,1.0,1.0,1.0,1.0,1.0,2,36.8333,10.3167,3.0,1.0,1.0,0.0,601819.5220062697,495512.68618274975,False,False,True,True,False,False,False,True,True,False
438440.0,121.0,3.0,2.0,1.0,0.0,1.0,1.0,1.0,2,36.8764,10.3253,2.0,1.0,0.0,0.0,519943.5195618153,495512.68618274975,False,False,True,True,False,False,False,True,True,False
345000.0,69.0,2.0,1.0,1.0,0.0,1.0,1.0,1.0,2,36.8624,10.2835,2.0,1.0,0.0,0.0,519943.5195618153,495512.68618274975,False,False,True,True,False,False,False,True,True,False
525000.0,139.0,4.0,2.0,1.0,0.0,1.0,1.0,1.0,2,36.8764,10.3253,3.0,1.0,0.0,0.0,519943.5195618153,495512.68618274975,False,False,True,True,False,False,False,True,True,False
205000.0,60.0,2.0,1.0,1.0,1.0,1.0,1.0,1.0,1,35.83,10.6012,2.0,0.0,0.0,1.0,339414.0611787819,330755.1372713178,False,False,True,True,False,False,False,True,True,False
265000.0,141.0,3.0,1.0,0.0,0.0,0.0,1.0,1.0,2,36.789,10.1835,3.0,1.0,0.0,0.0,215000.0,300416.6666666667,True,False,False,True,False,False,True,False,True,False
139000.0,75.0,2.0,1.0,1.0,0.0,0.0,0.0,0.0,2,36.8651,10.2124,2.0,0.0,0.0,0.0,393150.9196056338,368050.949375,False,False,True,True,False,False,False,True,True,False
100000.0,101.0,3.0,1.0,1.0,0.0,0.0,0.0,0.0,4,35.8143,10.6339,3.0,0.0,0.0,0.0,339414.0611787819,330755.1372713178,False,False,True,True,False,False,False,True,True,False
98000.0,115.0,3.0,2.0,1.0,0.0,0.0,0.0,0.0,4,35.8017,10.6053,3.0,0.0,0.0,0.0,339414.0611787819,330755.1372713178,False,False,True,True,False,False,False,True,True,False
380000.0,180.0,3.0,2.0,0.0,0.0,0.0,0.0,0.0,2,36.8764,10.3253,2.0,1.0,1.0,0.0,519943.5195618153,495512.68618274975,False,False,True,True,False,False,False,True,True,False
105000.0,81.0,3.0,1.0,0.0,0.0,0.0,0.0,0.0,2,35.8059,10.6086,2.0,0.0,0.0,0.0,339414.0611787819,330755.1372713178,False,False,True,True,False,False,False,True,True,False
140000.0,75.0,3.0,1.0,0.0,0.0,0.0,0.0,0.0,1,35.8008,10.6092,2.0,0.0,0.0,0.0,339414.0611787819,330755.1372713178,False,False,True,True,False,False,False,True,True,False
256000.0,37.0,3.0,1.0,0.0,1.0,1.0,1.0,0.0,1,35.8685,10.6087,2.0,0.0,0.0,0.0,339414.0611787819,330755.1372713178,False,False,True,True,False,False,False,True,True,False
273000.0,40.0,3.0,1.0,0.0,1.0,1.0,1.0,0.0,1,35.8654,10.6099,2.0,0.0,0.0,0.0,339414.0611787819,330755.1372713178,False,False,True,True,False,False,False,True,True,False
140000.0,45.0,3.0,1.0,0.0,0.0,1.0,1.0,0.0,2,35.8569,10.5972,2.0,0.0,0.0,0.0,339414.0611787819,330755.1372713178,False,False,True,True,False,False,False,True,True,False
175000.0,81.0,2.0,1.0,1.0,0.0,0.0,1.0,0.0,1,36.7786,10.0554,2.0,0.0,0.0,0.0,251258.3575,259667.45531914895,False,True,False,True,False,True,False,False,True,False
350000.0,93.0,3.0,1.0,1.0,1.0,1.0,1.0,1.0,1,36.4506,10.735,2.0,1.0,0.0,1.0,356101.26872727275,335553.90432183904,False,False,True,True,False,False,False,True,True,False
290000.0,83.0,2.0,1.0,1.0,0.0,0.0,1.0,0.0,2,36.4506,10.735,2.0,1.0,0.0,0.0,356101.26872727275,335553.90432183904,False,False,True,True,False,False,False,True,True,False
365000.0,148.0,4.0,2.0,1.0,0.0,1.0,1.0,0.0,5,36.8764,10.3253,3.0,1.0,0.0,0.0,519943.5195618153,495512.68618274975,False,False,True,True,False,False,False,True,True,False
270000.0,123.0,4.0,1.0,0.0,1.0,1.0,1.0,1.0,2,36.8452,10.1647,3.0,1.0,0.0,0.0,346388.2,335553.90432183904,False,False,True,True,False,False,False,True,True,False
230000.0,103.0,3.0,1.0,1.0,1.0,1.0,0.0,1.0,2,36.9306,11.0485,2.0,0.0,1.0,0.0,355184.6627435388,335553.90432183904,False,False,True,True,False,False,False,True,True,False
570000.0,180.0,4.0,2.0,1.0,0.0,1.0,1.0,1.0,2,36.8833,10.25,3.0,1.0,0.0,0.0,393150.9196056338,368050.949375,False,False,True,True,False,False,False,True,True,False
295000.0,114.0,3.0,1.0,1.0,0.0,1.0,1.0,1.0,2,36.8764,10.3253,2.0,1.0,1.0,1.0,519943.5195618153,495512.68618274975,False,False,True,True,False,False,False,True,True,False
285000.0,85.0,3.0,1.0,0.0,0.0,1.0,1.0,0.0,1,36.8355,10.2242,2.0,1.0,0.0,0.0,519943.5195618153,495512.68618274975,False,False,True,True,False,False,False,True,True,False
240000.0,107.0,3.0,1.0,0.0,0.0,0.0,1.0,1.0,2,36.8625,10.1956,2.0,1.0,0.0,0.0,362112.70683229814,368050.949375,False,False,True,True,False,False,False,True,True,False
115000.0,70.0,3.0,1.0,1.0,0.0,0.0,0.0,0.0,2,36.8625,10.1956,2.0,0.0,0.0,0.0,362112.70683229814,368050.949375,False,False,True,True,False,False,False,True,True,False
520000.0,130.0,3.0,1.0,1.0,0.0,1.0,1.0,0.0,1,35.8569,10.5972,2.0,1.0,0.0,0.0,339414.0611787819,330755.1372713178,False,False,True,True,False,False,False,True,True,False
276000.0,67.0,3.0,1.0,1.0,0.0,0.0,0.0,0.0,2,36.8556,10.2918,2.0,0.0,0.0,0.0,601819.5220062697,495512.68618274975,False,False,True,True,False,False,False,True,True,False
385000.0,83.0,3.0,1.0,1.0,1.0,1.0,1.0,1.0,2,36.8333,10.3167,2.0,1.0,0.0,1.0,601819.5220062697,495512.68618274975,False,False,True,True,False,False,False,True,True,False
1050000.0,220.0,4.0,3.0,1.0,1.0,1.0,1.0,1.0,2,36.8764,10.3253,3.0,1.0,0.0,0.0,519943.5195618153,495512.68618274975,False,False,True,True,False,False,False,True,True,False
850000.0,180.0,3.0,2.0,1.0,1.0,1.0,1.0,1.0,2,36.8764,10.3253,3.0,1.0,0.0,0.0,519943.5195618153,495512.68618274975,False,False,True,True,False,False,False,True,True,False
500000.0,108.0,4.0,1.0,1.0,0.0,1.0,1.0,1.0,2,36.3896,10.6014,3.0,0.0,1.0,1.0,355184.6627435388,335553.90432183904,False,False,True,True,False,False,False,True,True,False
874700.0,142.0,3.0,2.0,1.0,1.0,1.0,1.0,1.0,2,36.9331,10.2595,2.0,0.0,1.0,0.0,519943.5195618153,495512.68618274975,False,False,True,True,False,False,False,True,True,False
195000.0,97.0,3.0,1.0,1.0,1.0,0.0,1.0,1.0,2,36.8625,10.1956,2.0,0.0,0.0,0.0,362112.70683229814,368050.949375,False,False,True,True,False,False,False,True,True,False
325000.0,125.0,4.0,1.0,1.0,0.0,1.0,1.0,0.0,5,35.8324,10.6225,3.0,0.0,0.0,0.0,339414.0611787819,330755.1372713178,False,False,True,True,False,False,False,True,True,False
120000.0,130.0,3.0,1.0,1.0,0.0,0.0,0.0,0.0,1,35.6167,11.0,2.0,0.0,0.0,0.0,201000.0,299054.0060240964,True,False,False,True,False,False,True,False,True,False
170000.0,64.0,3.0,1.0,1.0,0.0,0.0,0.0,0.0,2,35.5941,11.0365,2.0,0.0,0.0,0.0,201000.0,299054.0060240964,True,False,False,True,False,False,True,False,True,False
180000.0,85.0,3.0,1.0,1.0,1.0,0.0,0.0,0.0,1,35.5599,11.0256,2.0,0.0,0.0,0.0,201000.0,299054.0060240964,True,False,False,True,False,False,True,False,True,False
365000.0,126.0,3.0,2.0,1.0,0.0,0.0,1.0,0.0,2,35.5604,11.0278,2.0,0.0,0.0,0.0,201000.0,299054.0060240964,True,False,False,True,False,False,True,False,True,False
640000.0,140.0,4.0,2.0,1.0,0.0,0.0,0.0,0.0,2,36.8764,10.3253,3.0,1.0,1.0,0.0,519943.5195618153,495512.68618274975,False,False,True,True,False,False,False,True,True,False
92000.0,35.0,3.0,1.0,0.0,0.0,0.0,0.0,0.0,2,35.7678,10.8225,2.0,0.0,0.0,0.0,283320.10545454547,299054.0060240964,False,True,False,True,False,False,True,False,True,False
400000.0,200.0,3.0,3.0,0.0,0.0,0.0,0.0,0.0,2,35.7678,10.8225,4.0,0.0,0.0,0.0,283320.10545454547,299054.0060240964,False,True,False,True,False,False,True,False,True,False
200000.0,56.0,3.0,1.0,1.0,0.0,1.0,1.0,1.0,1,35.844,10.6188,2.0,1.0,0.0,0.0,355184.6627435388,335553.90432183904,False,False,True,True,False,False,False,True,True,False
380000.0,135.0,3.0,2.0,1.0,1.0,1.0,1.0,1.0,2,36.8764,10.3253,2.0,1.0,0.0,0.0,519943.5195618153,495512.68618274975,False,False,True,True,False,False,False,True,True,False
830000.0,183.0,3.0,1.0,1.0,1.0,1.0,1.0,0.0,2,36.8764,10.3253,2.0,1.0,0.0,0.0,519943.5195618153,495512.68618274975,False,False,True,True,False,False,False,True,True,False
710000.0,235.0,5.0,2.0,1.0,0.0,1.0,1.0,1.0,2,36.8833,10.25,4.0,1.0,0.0,0.0,393150.9196056338,368050.949375,False,False,True,True,False,False,False,True,True,False
325000.0,118.0,3.0,1.0,1.0,0.0,1.0,1.0,0.0,2,36.8625,10.1956,2.0,1.0,0.0,0.0,362112.70683229814,368050.949375,False,False,True,True,False,False,False,True,True,False
299000.0,64.0,2.0,1.0,1.0,1.0,1.0,1.0,1.0,2,35.87,10.57,2.0,1.0,0.0,1.0,347622.13037037035,330755.1372713178,False,False,True,True,False,False,False,True,True,False
299000.0,90.0,3.0,1.0,1.0,0.0,1.0,1.0,1.0,2,36.0301,10.5079,2.0,1.0,0.0,0.0,260917.67902439024,330755.1372713178,False,True,False,True,False,False,False,True,True,False
473000.0,132.0,3.0,2.0,1.0,1.0,1.0,1.0,1.0,2,36.8764,10.3253,2.0,1.0,0.0,0.0,519943.5195618153,495512.68618274975,False,False,True,True,False,False,False,True,True,False
430000.0,105.0,3.0,1.0,1.0,0.0,1.0,1.0,1.0,1,36.8764,10.3253,2.0,0.0,0.0,0.0,519943.5195618153,495512.68618274975,False,False,True,True,False,False,False,True,True,False
399000.0,120.0,3.0,1.0,1.0,0.0,1.0,1.0,1.0,2,36.0301,10.5079,2.0,1.0,0.0,0.0,260917.67902439024,330755.1372713178,False,True,False,True,False,False,False,True,True,False
425000.0,147.0,4.0,2.0,1.0,0.0,1.0,1.0,0.0,2,36.8764,10.3253,3.0,0.0,0.0,0.0,519943.5195618153,495512.68618274975,False,False,True,True,False,False,False,True,True,False
508000.0,127.0,3.0,2.0,1.0,0.0,1.0,1.0,1.0,2,37.2667,9.8667,2.0,0.0,0.0,0.0,301532.5788888889,273790.43207547173,False,True,False,True,False,True,False,False,True,False
390000.0,116.0,3.0,2.0,1.0,1.0,1.0,1.0,1.0,2,36.4011,10.6146,2.0,1.0,0.0,0.0,355184.6627435388,335553.90432183904,False,False,True,True,False,False,False,True,True,False
385000.0,87.0,5.0,3.0,1.0,0.0,1.0,1.0,1.0,2,36.3896,10.6014,2.0,0.0,1.0,1.0,355184.6627435388,335553.90432183904,False,False,True,True,False,False,False,True,True,False
421000.0,117.0,3.0,2.0,1.0,0.0,0.0,1.0,1.0,2,36.8728,10.2919,2.0,1.0,1.0,0.0,519943.5195618153,495512.68618274975,False,False,True,True,False,False,False,True,True,False
175000.0,80.0,3.0,1.0,0.0,0.0,0.0,0.0,0.0,2,36.8827,10.2948,2.0,0.0,0.0,0.0,393150.9196056338,368050.949375,False,False,True,True,False,False,False,True,True,False
420000.0,130.0,3.0,1.0,1.0,0.0,0.0,0.0,0.0,2,36.8942,10.2762,4.0,1.0,0.0,0.0,519943.5195618153,495512.68618274975,False,False,True,True,False,False,False,True,True,False
350000.0,74.0,3.0,2.0,1.0,0.0,0.0,0.0,1.0,2,36.4011,10.6146,2.0,0.0,1.0,1.0,355184.6627435388,335553.90432183904,False,False,True,True,False,False,False,True,True,False
270000.0,70.0,3.0,1.0,0.0,0.0,0.0,0.0,0.0,2,36.8181,10.305,2.0,0.0,0.0,0.0,320842.93555555557,495512.68618274975,False,True,False,True,False,False,False,True,True,False
240000.0,116.0,2.0,1.0,1.0,0.0,0.0,1.0,0.0,2,36.8625,10.1956,3.0,1.0,0.0,0.0,362112.70683229814,368050.949375,False,False,True,True,False,False,False,True,True,False
235000.0,100.0,3.0,1.0,1.0,0.0,0.0,0.0,0.0,2,36.9306,11.0485,2.0,0.0,0.0,0.0,355184.6627435388,335553.90432183904,False,False,True,True,False,False,False,True,True,False
1300000.0,208.0,3.0,1.0,1.0,1.0,1.0,1.0,1.0,2,36.8764,10.3253,2.0,1.0,0.0,0.0,519943.5195618153,495512.68618274975,False,False,True,True,False,False,False,True,True,False
430000.0,115.0,3.0,2.0,1.0,0.0,1.0,1.0,1.0,4,36.8333,10.3167,2.0,1.0,0.0,0.0,601819.5220062697,495512.68618274975,False,False,True,True,False,False,False,True,True,False
430000.0,159.0,3.0,1.0,1.0,0.0,0.0,1.0,1.0,2,36.9544,10.1914,3.0,0.0,0.0,0.0,298410.12333333335,368050.949375,False,True,False,True,False,False,False,True,True,False
410000.0,163.0,4.0,3.0,1.0,1.0,1.0,1.0,0.0,2,36.8625,10.1956,3.0,1.0,0.0,0.0,362112.70683229814,368050.949375,False,False,True,True,False,False,False,True,True,False
285000.0,105.0,3.0,1.0,1.0,0.0,1.0,1.0,0.0,4,36.8833,10.25,2.0,1.0,0.0,0.0,393150.9196056338,368050.949375,False,False,True,True,False,False,False,True,True,False
410000.0,125.0,3.0,1.0,1.0,0.0,1.0,1.0,1.0,2,36.8625,10.1956,2.0,0.0,1.0,0.0,362112.70683229814,368050.949375,False,False,True,True,False,False,False,True,True,False
270000.0,79.0,2.0,1.0,1.0,0.0,1.0,1.0,0.0,5,36.8625,10.1956,2.0,0.0,1.0,0.0,362112.70683229814,368050.949375,False,False,True,True,False,False,False,True,True,False
390000.0,99.0,3.0,2.0,0.0,1.0,1.0,1.0,0.0,1,36.8625,10.1956,2.0,0.0,1.0,0.0,362112.70683229814,368050.949375,False,False,True,True,False,False,False,True,True,False
420000.0,153.0,3.0,2.0,1.0,0.0,1.0,1.0,1.0,2,36.8625,10.1956,2.0,0.0,0.0,0.0,362112.70683229814,368050.949375,False,False,True,True,False,False,False,True,True,False
460000.0,138.0,4.0,2.0,1.0,0.0,1.0,1.0,0.0,2,36.8452,10.1647,3.0,0.0,0.0,0.0,346388.2,335553.90432183904,False,False,True,True,False,False,False,True,True,False
574000.0,179.0,4.0,2.0,1.0,0.0,1.0,1.0,0.0,2,36.8452,10.1647,3.0,0.0,1.0,0.0,346388.2,335553.90432183904,False,False,True,True,False,False,False,True,True,False
158000.0,120.0,4.0,1.0,0.0,0.0,0.0,0.0,0.0,2,36.8188,10.166,3.0,0.0,0.0,0.0,346388.2,335553.90432183904,False,False,True,True,False,False,False,True,True,False
357000.0,118.0,4.0,1.0,0.0,0.0,0.0,1.0,0.0,4,36.8764,10.3253,3.0,1.0,0.0,0.0,519943.5195618153,495512.68618274975,False,False,True,True,False,False,False,True,True,False
200000.0,75.0,3.0,1.0,0.0,0.0,0.0,0.0,0.0,2,36.4011,10.6146,2.0,0.0,0.0,0.0,355184.6627435388,335553.90432183904,False,False,True,True,False,False,False,True,True,False
370000.0,111.0,4.0,1.0,0.0,1.0,1.0,0.0,0.0,1,36.4506,10.735,3.0,0.0,1.0,0.0,356101.26872727275,335553.90432183904,False,False,True,True,False,False,False,True,True,False
320000.0,130.0,4.0,2.0,0.0,0.0,0.0,1.0,1.0,2,36.8833,10.25,4.0,0.0,0.0,0.0,393150.9196056338,368050.949375,False,False,True,True,False,False,False,True,True,False
232423.0,22.0,2.0,1.0,0.0,0.0,0.0,0.0,0.0,2,36.8358,10.1176,2.0,0.0,0.0,0.0,158246.87,368050.949375,True,False,False,False,True,False,False,True,True,False
312000.0,77.0,2.0,1.0,0.0,0.0,0.0,0.0,0.0,2,36.8764,10.3253,2.0,1.0,0.0,0.0,519943.5195618153,495512.68618274975,False,False,True,True,False,False,False,True,True,False
330000.0,124.0,3.0,1.0,0.0,0.0,0.0,1.0,0.0,2,36.8452,10.1647,2.0,0.0,0.0,0.0,346388.2,335553.90432183904,False,False,True,True,False,False,False,True,True,False
672800.0,116.0,3.0,1.0,1.0,0.0,1.0,1.0,1.0,2,36.8333,10.3167,2.0,1.0,0.0,0.0,601819.5220062697,495512.68618274975,False,False,True,True,False,False,False,True,True,False
512200.0,88.0,3.0,1.0,0.0,0.0,1.0,1.0,1.0,2,36.8566,10.2977,2.0,1.0,1.0,0.0,601819.5220062697,495512.68618274975,False,False,True,True,False,False,False,True,True,False
340000.0,124.0,3.0,2.0,0.0,0.0,1.0,1.0,1.0,1,36.8748,10.2987,2.0,0.0,0.0,0.0,519943.5195618153,495512.68618274975,False,False,True,True,False,False,False,True,True,False
250000.0,85.0,2.0,1.0,1.0,0.0,1.0,1.0,1.0,2,35.8569,10.5972,2.0,0.0,0.0,0.0,339414.0611787819,330755.1372713178,False,False,True,True,False,False,False,True,True,False
280000.0,105.0,3.0,1.0,0.0,0.0,0.0,0.0,0.0,2,35.8569,10.5972,2.0,1.0,0.0,0.0,339414.0611787819,330755.1372713178,False,False,True,True,False,False,False,True,True,False
130000.0,45.0,3.0,1.0,0.0,0.0,0.0,0.0,0.0,2,36.8332,10.1385,2.0,0.0,0.0,0.0,346388.2,335553.90432183904,False,False,True,True,False,False,False,True,True,False
310000.0,110.0,3.0,1.0,0.0,0.0,0.0,1.0,0.0,6,36.8593,10.1631,2.0,1.0,0.0,0.0,362112.70683229814,368050.949375,False,False,True,True,False,False,False,True,True,False
260000.0,69.0,2.0,1.0,1.0,0.0,1.0,1.0,1.0,2,36.4506,10.735,2.0,0.0,0.0,1.0,356101.26872727275,335553.90432183904,False,False,True,True,False,False,False,True,True,False
290000.0,75.0,2.0,1.0,1.0,0.0,1.0,1.0,0.0,2,36.4506,10.735,2.0,0.0,0.0,1.0,356101.26872727275,335553.90432183904,False,False,True,True,False,False,False,True,True,False
350000.0,91.0,3.0,1.0,1.0,0.0,1.0,1.0,1.0,2,36.4506,10.735,2.0,1.0,0.0,1.0,356101.26872727275,335553.90432183904,False,False,True,True,False,False,False,True,True,False
300000.0,75.0,3.0,1.0,0.0,0.0,1.0,1.0,1.0,2,36.4506,10.735,2.0,1.0,0.0,1.0,356101.26872727275,335553.90432183904,False,False,True,True,False,False,False,True,True,False
185000.0,54.0,2.0,1.0,1.0,1.0,1.0,1.0,1.0,2,36.8764,10.3253,2.0,0.0,0.0,0.0,519943.5195618153,495512.68618274975,False,False,True,True,False,False,False,True,True,False
360000.0,120.0,4.0,2.0,0.0,0.0,1.0,1.0,0.0,2,36.8764,10.3253,3.0,0.0,0.0,0.0,519943.5195618153,495512.68618274975,False,False,True,True,False,False,False,True,True,False
620000.0,151.0,2.0,1.0,1.0,0.0,1.0,0.0,1.0,2,36.8883,10.2742,2.0,1.0,0.0,1.0,393150.9196056338,368050.949375,False,False,True,True,False,False,False,True,True,False
270000.0,120.0,4.0,3.0,1.0,0.0,0.0,0.0,1.0,2,33.8076,10.8451,3.0,1.0,0.0,0.0,224500.0,306012.785,False,True,False,False,True,False,True,False,True,False
650000.0,168.0,4.0,3.0,1.0,0.0,1.0,1.0,1.0,2,36.4011,10.6146,3.0,1.0,1.0,1.0,355184.6627435388,335553.90432183904,False,False,True,True,False,False,False,True,True,False
420000.0,116.0,3.0,1.0,1.0,1.0,1.0,1.0,0.0,2,36.4011,10.6146,2.0,1.0,0.0,1.0,355184.6627435388,335553.90432183904,False,False,True,True,False,False,False,True,True,False
400000.0,144.0,4.0,1.0,1.0,1.0,1.0,1.0,1.0,1,36.8625,10.1956,3.0,0.0,0.0,0.0,362112.70683229814,368050.949375,False,False,True,True,False,False,False,True,True,False
145000.0,85.0,3.0,1.0,0.0,1.0,0.0,1.0,1.0,4,36.8302,10.1374,2.0,0.0,0.0,0.0,190533.3,495512.68618274975,True,False,False,True,False,False,False,True,True,False
320000.0,108.0,4.0,1.0,0.0,1.0,0.0,1.0,1.0,2,36.8625,10.1956,3.0,0.0,0.0,0.0,362112.70683229814,368050.949375,False,False,True,True,False,False,False,True,True,False
239000.0,134.0,4.0,2.0,0.0,0.0,1.0,1.0,0.0,2,36.7765,10.286,3.0,0.0,0.0,0.0,223470.58823529413,256097.71569620253,False,True,False,True,False,True,False,False,True,False
268000.0,98.0,3.0,1.0,1.0,0.0,0.0,0.0,0.0,3,36.8625,10.1956,2.0,0.0,0.0,0.0,362112.70683229814,368050.949375,False,False,True,True,False,False,False,True,True,False
130000.0,75.0,2.0,1.0,0.0,0.0,0.0,0.0,0.0,1,36.9544,10.1914,2.0,0.0,1.0,0.0,298410.12333333335,368050.949375,False,True,False,True,False,False,False,True,True,False
180000.0,150.0,3.0,1.0,1.0,0.0,0.0,0.0,0.0,2,35.87,10.57,2.0,1.0,0.0,0.0,347622.13037037035,330755.1372713178,False,False,True,True,False,False,False,True,True,False
250000.0,66.0,3.0,1.0,0.0,0.0,0.0,0.0,0.0,2,36.4506,10.735,2.0,1.0,0.0,0.0,356101.26872727275,335553.90432183904,False,False,True,True,False,False,False,True,True,False
386250.0,103.0,2.0,1.0,0.0,0.0,0.0,0.0,0.0,2,36.4506,10.735,2.0,1.0,0.0,0.0,356101.26872727275,335553.90432183904,False,False,True,True,False,False,False,True,True,False
195000.0,102.0,4.0,2.0,0.0,0.0,0.0,0.0,0.0,2,35.8569,10.5915,3.0,0.0,0.0,0.0,339414.0611787819,330755.1372713178,False,False,True,True,False,False,False,True,True,False
290000.0,116.0,3.0,2.0,1.0,0.0,0.0,0.0,0.0,5,35.8569,10.5972,2.0,0.0,0.0,0.0,339414.0611787819,330755.1372713178,False,False,True,True,False,False,False,True,True,False
210000.0,60.0,3.0,1.0,1.0,0.0,1.0,1.0,0.0,2,35.8569,10.5915,2.0,0.0,0.0,0.0,339414.0611787819,330755.1372713178,False,False,True,True,False,False,False,True,True,False
290000.0,120.0,3.0,1.0,1.0,1.0,1.0,1.0,0.0,1,36.8764,10.3253,2.0,1.0,0.0,0.0,519943.5195618153,495512.68618274975,False,False,True,True,False,False,False,True,True,False
258000.0,70.0,3.0,1.0,0.0,0.0,1.0,0.0,1.0,2,36.8833,10.25,2.0,1.0,0.0,0.0,393150.9196056338,368050.949375,False,False,True,True,False,False,False,True,True,False
150000.0,57.0,2.0,1.0,0.0,0.0,0.0,1.0,0.0,2,36.789,10.1835,2.0,1.0,0.0,0.0,224240.0,406094.33674999996,False,True,False,True,False,False,False,True,True,False
660000.0,198.0,5.0,2.0,1.0,0.0,1.0,1.0,1.0,2,36.8625,10.1956,4.0,1.0,0.0,0.0,362112.70683229814,368050.949375,False,False,True,True,False,False,False,True,True,False
850000.0,184.0,5.0,3.0,1.0,1.0,1.0,1.0,1.0,2,36.8833,10.25,4.0,1.0,1.0,1.0,393150.9196056338,368050.949375,False,False,True,True,False,False,False,True,True,False
450000.0,150.0,4.0,2.0,0.0,0.0,1.0,1.0,0.0,2,36.8625,10.1956,3.0,0.0,0.0,0.0,362112.70683229814,368050.949375,False,False,True,True,False,False,False,True,True,False
370000.0,90.0,3.0,1.0,0.0,0.0,0.0,0.0,0.0,2,36.8625,10.1956,2.0,0.0,0.0,0.0,362112.70683229814,368050.949375,False,False,True,True,False,False,False,True,True,False
280000.0,150.0,4.0,2.0,0.0,0.0,0.0,0.0,0.0,2,36.8625,10.1956,3.0,0.0,0.0,0.0,362112.70683229814,368050.949375,False,False,True,True,False,False,False,True,True,False
365000.0,104.0,3.0,1.0,0.0,0.0,0.0,0.0,0.0,2,36.8625,10.1956,2.0,0.0,0.0,0.0,362112.70683229814,368050.949375,False,False,True,True,False,False,False,True,True,False
290000.0,98.0,3.0,1.0,1.0,0.0,0.0,0.0,0.0,2,36.8625,10.1956,2.0,1.0,0.0,0.0,362112.70683229814,368050.949375,False,False,True,True,False,False,False,True,True,False
404000.0,143.0,3.0,2.0,0.0,0.0,1.0,1.0,1.0,2,36.8625,10.1956,2.0,0.0,0.0,0.0,362112.70683229814,368050.949375,False,False,True,True,False,False,False,True,True,False
411000.0,147.0,4.0,3.0,1.0,0.0,1.0,1.0,1.0,2,36.8625,10.1956,3.0,1.0,0.0,0.0,362112.70683229814,368050.949375,False,False,True,True,False,False,False,True,True,False
370000.0,132.0,4.0,2.0,0.0,0.0,0.0,0.0,0.0,2,36.8625,10.1956,3.0,1.0,0.0,0.0,362112.70683229814,368050.949375,False,False,True,True,False,False,False,True,True,False
230000.0,130.0,4.0,2.0,0.0,0.0,0.0,0.0,0.0,2,36.8625,10.1956,3.0,0.0,0.0,0.0,362112.70683229814,368050.949375,False,False,True,True,False,False,False,True,True,False
175000.0,70.0,3.0,1.0,0.0,0.0,0.0,0.0,0.0,2,36.8625,10.1956,2.0,0.0,0.0,0.0,362112.70683229814,368050.949375,False,False,True,True,False,False,False,True,True,False
140000.0,96.0,3.0,1.0,0.0,0.0,0.0,0.0,1.0,2,36.9544,10.1914,2.0,1.0,0.0,0.0,298410.12333333335,368050.949375,False,True,False,True,False,False,False,True,True,False
250000.0,120.0,4.0,1.0,0.0,0.0,1.0,1.0,1.0,2,36.8625,10.1956,3.0,1.0,0.0,0.0,362112.70683229814,368050.949375,False,False,True,True,False,False,False,True,True,False
260000.0,110.0,4.0,1.0,0.0,0.0,1.0,1.0,1.0,2,36.8625,10.1956,3.0,1.0,0.0,0.0,362112.70683229814,368050.949375,False,False,True,True,False,False,False,True,True,False
240000.0,100.0,4.0,2.0,1.0,0.0,0.0,0.0,0.0,2,36.8625,10.1956,3.0,0.0,0.0,0.0,362112.70683229814,368050.949375,False,False,True,True,False,False,False,True,True,False
270000.0,135.0,4.0,2.0,0.0,0.0,0.0,0.0,0.0,2,36.7723,10.2212,3.0,0.0,0.0,0.0,210000.0,256097.71569620253,True,False,False,True,False,True,False,False,True,False
242000.0,121.0,4.0,2.0,0.0,0.0,0.0,0.0,0.0,2,36.7723,10.2212,3.0,0.0,0.0,0.0,210000.0,256097.71569620253,True,False,False,True,False,True,False,False,True,False
165000.0,70.0,3.0,1.0,0.0,0.0,0.0,0.0,0.0,2,36.8625,10.1956,2.0,0.0,0.0,0.0,362112.70683229814,368050.949375,False,False,True,True,False,False,False,True,True,False
140000.0,120.0,4.0,1.0,0.0,0.0,0.0,0.0,0.0,2,36.8625,10.1956,3.0,0.0,0.0,0.0,362112.70683229814,368050.949375,False,False,True,True,False,False,False,True,True,False
260000.0,100.0,3.0,1.0,0.0,0.0,0.0,0.0,0.0,2,36.8452,10.1647,2.0,0.0,0.0,0.0,346388.2,335553.90432183904,False,False,True,True,False,False,False,True,True,False
165000.0,120.0,4.0,1.0,1.0,0.0,0.0,0.0,0.0,2,36.8625,10.1956,3.0,0.0,0.0,0.0,362112.70683229814,368050.949375,False,False,True,True,False,False,False,True,True,False
429000.0,107.0,3.0,2.0,1.0,0.0,1.0,1.0,1.0,4,35.9758,10.446,2.0,0.0,1.0,1.0,339414.0611787819,330755.1372713178,False,False,True,True,False,False,False,True,True,False
365000.0,125.0,3.0,1.0,0.0,0.0,0.0,0.0,0.0,2,35.8273,10.6339,3.0,1.0,0.0,0.0,339414.0611787819,330755.1372713178,False,False,True,True,False,False,False,True,True,False
450000.0,132.0,4.0,2.0,0.0,0.0,1.0,1.0,1.0,2,36.8728,10.2919,3.0,1.0,0.0,0.0,519943.5195618153,495512.68618274975,False,False,True,True,False,False,False,True,True,False
781650.0,136.0,3.0,1.0,1.0,0.0,1.0,1.0,1.0,1,36.9331,10.2595,2.0,1.0,1.0,0.0,519943.5195618153,495512.68618274975,False,False,True,True,False,False,False,True,True,False
175000.0,80.0,3.0,1.0,0.0,0.0,0.0,0.0,0.0,2,36.8827,10.2948,2.0,0.0,0.0,0.0,393150.9196056338,368050.949375,False,False,True,True,False,False,False,True,True,False
127629.0,79.0,3.0,1.0,0.0,0.0,0.0,0.0,0.0,2,36.7397,10.0916,2.0,0.0,1.0,0.0,144860.5,495512.68618274975,True,False,False,True,False,False,False,True,True,False
620000.0,200.0,4.0,2.0,1.0,0.0,1.0,1.0,0.0,2,36.8625,10.1956,3.0,1.0,0.0,0.0,362112.70683229814,368050.949375,False,False,True,True,False,False,False,True,True,False
220000.0,100.0,4.0,1.0,0.0,0.0,0.0,0.0,0.0,2,36.8625,10.1956,3.0,0.0,0.0,0.0,362112.70683229814,368050.949375,False,False,True,True,False,False,False,True,True,False
220000.0,55.0,2.0,1.0,0.0,1.0,0.0,1.0,1.0,2,36.8833,10.25,2.0,0.0,0.0,0.0,393150.9196056338,368050.949375,False,False,True,True,False,False,False,True,True,False
128000.0,50.0,3.0,1.0,0.0,0.0,0.0,0.0,0.0,2,36.8239,10.2264,2.0,0.0,0.0,0.0,303301.0294117647,274088.2291666667,False,True,False,True,False,True,False,False,True,False
350000.0,128.0,4.0,1.0,0.0,0.0,0.0,0.0,0.0,2,36.8625,10.1956,3.0,0.0,0.0,0.0,362112.70683229814,368050.949375,False,False,True,True,False,False,False,True,True,False
370000.0,115.0,5.0,2.0,0.0,0.0,0.0,0.0,0.0,2,36.8625,10.1956,4.0,0.0,0.0,0.0,362112.70683229814,368050.949375,False,False,True,True,False,False,False,True,True,False
380000.0,168.0,4.0,3.0,0.0,0.0,0.0,0.0,0.0,2,36.8625,10.1956,3.0,1.0,0.0,0.0,362112.70683229814,368050.949375,False,False,True,True,False,False,False,True,True,False
300000.0,140.0,3.0,1.0,1.0,0.0,1.0,0.0,0.0,1,36.4011,10.6146,2.0,0.0,0.0,0.0,355184.6627435388,335553.90432183904,False,False,True,True,False,False,False,True,True,False
340000.0,134.0,3.0,1.0,0.0,0.0,1.0,1.0,1.0,5,36.8764,10.3253,3.0,1.0,0.0,0.0,519943.5195618153,495512.68618274975,False,False,True,True,False,False,False,True,True,False
210000.0,95.0,2.0,1.0,0.0,0.0,0.0,0.0,0.0,2,36.8764,10.3253,2.0,1.0,0.0,0.0,519943.5195618153,495512.68618274975,False,False,True,True,False,False,False,True,True,False
195000.0,115.0,3.0,1.0,1.0,0.0,0.0,0.0,1.0,2,36.7723,10.2212,2.0,1.0,0.0,0.0,210000.0,256097.71569620253,True,False,False,True,False,True,False,False,True,False
425000.0,179.0,5.0,2.0,1.0,0.0,1.0,1.0,1.0,1,36.8706,10.3225,4.0,1.0,1.0,0.0,519943.5195618153,495512.68618274975,False,False,True,True,False,False,False,True,True,False
125000.0,55.0,2.0,1.0,1.0,0.0,1.0,1.0,0.0,2,36.8625,10.1956,2.0,1.0,0.0,0.0,362112.70683229814,368050.949375,False,False,True,True,False,False,False,True,True,False
450000.0,120.0,3.0,1.0,1.0,0.0,1.0,1.0,1.0,1,36.8764,10.3253,2.0,0.0,0.0,0.0,519943.5195618153,495512.68618274975,False,False,True,True,False,False,False,True,True,False
320000.0,145.0,3.0,1.0,1.0,1.0,0.0,1.0,0.0,2,36.8915,10.1626,2.0,0.0,0.0,0.0,261889.71862068964,256097.71569620253,False,True,False,True,False,True,False,False,True,False
155000.0,72.0,3.0,1.0,1.0,0.0,0.0,0.0,0.0,2,36.8915,10.1626,2.0,0.0,1.0,0.0,261889.71862068964,256097.71569620253,False,True,False,True,False,True,False,False,True,False
360000.0,107.0,3.0,1.0,1.0,0.0,1.0,1.0,1.0,4,36.4506,10.735,2.0,1.0,0.0,1.0,356101.26872727275,335553.90432183904,False,False,True,True,False,False,False,True,True,False
350000.0,100.0,4.0,1.0,1.0,0.0,0.0,0.0,0.0,2,37.2803,9.8814,3.0,0.0,0.0,0.0,301532.5788888889,273790.43207547173,False,True,False,True,False,True,False,False,True,False
309000.0,159.0,5.0,2.0,1.0,0.0,1.0,0.0,0.0,2,36.8236,10.281,4.0,0.0,0.0,0.0,320842.93555555557,495512.68618274975,False,True,False,True,False,False,False,True,True,False
795000.0,190.0,3.0,1.0,1.0,0.0,0.0,0.0,0.0,2,36.8556,10.2918,2.0,1.0,0.0,0.0,601819.5220062697,495512.68618274975,False,False,True,True,False,False,False,True,True,False
98000.0,56.0,3.0,1.0,1.0,0.0,0.0,0.0,1.0,1,36.8302,10.1374,2.0,0.0,0.0,0.0,190533.3,495512.68618274975,True,False,False,True,False,False,False,True,True,False
445000.0,113.0,3.0,1.0,1.0,0.0,1.0,1.0,1.0,2,36.4011,10.6146,2.0,1.0,1.0,1.0,355184.6627435388,335553.90432183904,False,False,True,True,False,False,False,True,True,False
360000.0,88.0,2.0,1.0,1.0,0.0,1.0,1.0,1.0,2,36.4011,10.6146,2.0,1.0,1.0,1.0,355184.6627435388,335553.90432183904,False,False,True,True,False,False,False,True,True,False
550000.0,165.0,4.0,2.0,1.0,1.0,1.0,1.0,0.0,2,36.4011,10.6146,3.0,1.0,1.0,0.0,355184.6627435388,335553.90432183904,False,False,True,True,False,False,False,True,True,False
195860.0,121.0,4.0,1.0,0.0,0.0,0.0,0.0,1.0,2,36.7397,10.0916,3.0,0.0,1.0,0.0,144860.5,495512.68618274975,True,False,False,True,False,False,False,True,True,False
182071.0,112.0,4.0,1.0,0.0,0.0,0.0,1.0,0.0,2,36.7397,10.0916,3.0,0.0,1.0,0.0,144860.5,495512.68618274975,True,False,False,True,False,False,False,True,True,False
690000.0,160.0,4.0,2.0,1.0,0.0,1.0,1.0,1.0,2,36.4011,10.6146,3.0,0.0,0.0,1.0,355184.6627435388,335553.90432183904,False,False,True,True,False,False,False,True,True,False
430000.0,117.0,3.0,1.0,0.0,0.0,1.0,1.0,1.0,2,36.4011,10.6146,2.0,1.0,1.0,0.0,355184.6627435388,335553.90432183904,False,False,True,True,False,False,False,True,True,False
980000.0,150.0,3.0,2.0,1.0,0.0,0.0,0.0,0.0,2,36.8764,10.3253,2.0,1.0,0.0,0.0,519943.5195618153,495512.68618274975,False,False,True,True,False,False,False,True,True,False
460000.0,100.0,3.0,1.0,0.0,0.0,1.0,1.0,1.0,2,36.8764,10.3253,2.0,1.0,0.0,0.0,519943.5195618153,495512.68618274975,False,False,True,True,False,False,False,True,True,False
235000.0,123.0,4.0,2.0,0.0,0.0,0.0,0.0,0.0,2,36.8188,10.166,3.0,0.0,0.0,0.0,257110.19941176468,495512.68618274975,False,True,False,True,False,False,False,True,True,False
270000.0,100.0,3.0,1.0,0.0,0.0,0.0,0.0,0.0,2,36.8356,10.2159,2.0,0.0,0.0,0.0,273416.375,335553.90432183904,False,True,False,True,False,False,False,True,True,False
250000.0,100.0,4.0,1.0,1.0,0.0,0.0,0.0,0.0,2,36.8188,10.166,3.0,0.0,0.0,0.0,257110.19941176468,495512.68618274975,False,True,False,True,False,False,False,True,True,False
200000.0,82.0,3.0,1.0,0.0,0.0,0.0,0.0,0.0,2,37.2667,9.8667,2.0,0.0,0.0,0.0,301532.5788888889,273790.43207547173,False,True,False,True,False,True,False,False,True,False
400000.0,166.0,4.0,2.0,0.0,0.0,0.0,0.0,0.0,2,36.8764,10.3253,3.0,0.0,0.0,0.0,519943.5195618153,495512.68618274975,False,False,True,True,False,False,False,True,True,False
150000.0,200.0,4.0,1.0,0.0,0.0,0.0,0.0,0.0,2,36.8356,10.2159,3.0,0.0,0.0,0.0,273416.375,335553.90432183904,False,True,False,True,False,False,False,True,True,False
250000.0,100.0,4.0,1.0,0.0,0.0,0.0,0.0,0.0,2,36.8188,10.166,3.0,0.0,0.0,0.0,257110.19941176468,495512.68618274975,False,True,False,True,False,False,False,True,True,False
510000.0,150.0,4.0,1.0,1.0,0.0,0.0,0.0,0.0,2,36.8764,10.3253,3.0,0.0,0.0,0.0,519943.5195618153,495512.68618274975,False,False,True,True,False,False,False,True,True,False
100000.0,90.0,3.0,1.0,0.0,0.0,0.0,0.0,0.0,2,36.8493,11.0918,2.0,0.0,0.0,0.0,189879.7706849315,335553.90432183904,True,False,False,True,False,False,False,True,True,False
280000.0,135.0,4.0,1.0,0.0,0.0,0.0,0.0,0.0,2,36.8302,10.1374,3.0,0.0,0.0,0.0,190533.3,495512.68618274975,True,False,False,True,False,False,False,True,True,False
160000.0,80.0,3.0,1.0,0.0,0.0,0.0,0.0,0.0,2,37.2667,9.8667,2.0,0.0,0.0,0.0,301532.5788888889,273790.43207547173,False,True,False,True,False,True,False,False,True,False
165000.0,69.0,3.0,1.0,0.0,0.0,0.0,0.0,0.0,2,36.8181,10.305,2.0,0.0,0.0,0.0,320842.93555555557,495512.68618274975,False,True,False,True,False,False,False,True,True,False
255000.0,75.0,2.0,1.0,0.0,0.0,1.0,1.0,1.0,2,36.8959,10.1775,2.0,1.0,0.0,0.0,298410.12333333335,368050.949375,False,True,False,True,False,False,False,True,True,False
480000.0,105.0,3.0,1.0,1.0,0.0,1.0,1.0,1.0,2,37.9289,11.3206,2.0,1.0,0.0,0.0,355184.6627435388,335553.90432183904,False,False,True,True,False,False,False,True,True,False
370000.0,114.0,3.0,1.0,1.0,0.0,1.0,1.0,1.0,2,36.2828,10.6571,2.0,1.0,0.0,0.0,356912.7528888889,256097.71569620253,False,False,True,True,False,True,False,False,True,False
227000.0,107.0,4.0,1.0,0.0,0.0,0.0,0.0,0.0,2,36.7107,10.1948,3.0,0.0,0.0,0.0,174333.33333333334,274088.2291666667,True,False,False,True,False,True,False,False,True,False
160000.0,103.0,3.0,1.0,0.0,0.0,0.0,0.0,0.0,2,36.6939,10.2622,2.0,0.0,0.0,0.0,197548.69142857144,256097.71569620253,True,False,False,True,False,True,False,False,True,False
185000.0,98.0,3.0,1.0,0.0,0.0,0.0,0.0,0.0,2,36.8566,10.3258,2.0,0.0,0.0,0.0,460266.7082352941,495512.68618274975,False,False,True,True,False,False,False,True,True,False
250000.0,120.0,3.0,1.0,1.0,0.0,0.0,0.0,0.0,2,36.8188,10.166,2.0,0.0,0.0,0.0,257110.19941176468,495512.68618274975,False,True,False,True,False,False,False,True,True,False
250000.0,110.0,3.0,1.0,0.0,0.0,0.0,0.0,0.0,2,36.6939,10.2622,2.0,1.0,0.0,0.0,197548.69142857144,256097.71569620253,True,False,False,True,False,True,False,False,True,False
410000.0,137.0,4.0,2.0,0.0,0.0,1.0,1.0,0.0,2,36.8764,10.3253,3.0,1.0,0.0,0.0,519943.5195618153,495512.68618274975,False,False,True,True,False,False,False,True,True,False
550000.0,165.0,4.0,2.0,0.0,0.0,1.0,1.0,0.0,2,36.8333,10.3167,3.0,1.0,1.0,0.0,601819.5220062697,495512.68618274975,False,False,True,True,False,False,False,True,True,False
190000.0,99.0,2.0,1.0,1.0,0.0,0.0,0.0,0.0,2,36.8764,10.3253,2.0,0.0,0.0,0.0,519943.5195618153,495512.68618274975,False,False,True,True,False,False,False,True,True,False
620000.0,204.0,5.0,3.0,1.0,0.0,0.0,0.0,0.0,2,36.8764,10.3253,4.0,0.0,0.0,0.0,519943.5195618153,495512.68618274975,False,False,True,True,False,False,False,True,True,False
288000.0,78.0,2.0,1.0,1.0,0.0,0.0,1.0,0.0,2,36.8833,10.25,2.0,0.0,0.0,0.0,393150.9196056338,368050.949375,False,False,True,True,False,False,False,True,True,False
410000.0,70.0,2.0,1.0,0.0,1.0,1.0,1.0,0.0,2,36.8333,10.3167,2.0,1.0,1.0,0.0,601819.5220062697,495512.68618274975,False,False,True,True,False,False,False,True,True,False
195000.0,40.0,3.0,1.0,0.0,0.0,1.0,1.0,0.0,2,36.8764,10.3253,2.0,0.0,0.0,0.0,519943.5195618153,495512.68618274975,False,False,True,True,False,False,False,True,True,False
535000.0,145.0,3.0,2.0,0.0,0.0,1.0,1.0,0.0,2,36.8764,10.3253,3.0,1.0,0.0,0.0,519943.5195618153,495512.68618274975,False,False,True,True,False,False,False,True,True,False
298000.0,84.0,2.0,2.0,1.0,0.0,0.0,0.0,0.0,2,36.8764,10.3253,2.0,1.0,0.0,0.0,519943.5195618153,495512.68618274975,False,False,True,True,False,False,False,True,True,False
970000.0,211.0,4.0,1.0,1.0,0.0,1.0,1.0,0.0,2,36.8764,10.3253,3.0,1.0,0.0,0.0,519943.5195618153,495512.68618274975,False,False,True,True,False,False,False,True,True,False
250000.0,43.0,3.0,1.0,0.0,0.0,1.0,1.0,0.0,2,36.8764,10.3253,2.0,0.0,0.0,0.0,519943.5195618153,495512.68618274975,False,False,True,True,False,False,False,True,True,False
340000.0,126.0,4.0,1.0,0.0,0.0,1.0,1.0,0.0,2,36.8764,10.3253,3.0,0.0,0.0,0.0,519943.5195618153,495512.68618274975,False,False,True,True,False,False,False,True,True,False
400000.0,85.0,2.0,1.0,0.0,0.0,1.0,1.0,0.0,2,36.8764,10.3253,2.0,0.0,0.0,0.0,519943.5195618153,495512.68618274975,False,False,True,True,False,False,False,True,True,False
707000.0,177.0,3.0,3.0,0.0,0.0,1.0,1.0,0.0,2,36.8764,10.3253,2.0,0.0,0.0,0.0,519943.5195618153,495512.68618274975,False,False,True,True,False,False,False,True,True,False
650000.0,175.0,4.0,2.0,1.0,0.0,1.0,1.0,0.0,2,36.8764,10.3253,3.0,1.0,0.0,0.0,519943.5195618153,495512.68618274975,False,False,True,True,False,False,False,True,True,False
245000.0,70.0,2.0,1.0,1.0,0.0,0.0,0.0,0.0,2,36.8764,10.3253,2.0,0.0,0.0,0.0,519943.5195618153,495512.68618274975,False,False,True,True,False,False,False,True,True,False
240000.0,134.0,4.0,2.0,1.0,1.0,1.0,1.0,0.0,5,35.844,10.6188,3.0,0.0,0.0,0.0,355184.6627435388,335553.90432183904,False,False,True,True,False,False,False,True,True,False
424000.0,134.0,4.0,1.0,0.0,0.0,1.0,1.0,1.0,2,36.7265,10.2961,3.0,1.0,1.0,0.0,356912.7528888889,256097.71569620253,False,False,True,True,False,True,False,False,True,False
310000.0,132.0,4.0,2.0,1.0,1.0,0.0,1.0,1.0,2,36.789,10.1835,3.0,1.0,0.0,0.0,224240.0,406094.33674999996,False,True,False,True,False,False,False,True,True,False
540000.0,120.0,3.0,2.0,1.0,1.0,0.0,0.0,0.0,2,35.87,10.57,2.0,1.0,0.0,1.0,347622.13037037035,330755.1372713178,False,False,True,True,False,False,False,True,True,False
350000.0,102.0,4.0,1.0,1.0,1.0,1.0,1.0,0.0,2,35.87,10.57,3.0,0.0,0.0,0.0,347622.13037037035,330755.1372713178,False,False,True,True,False,False,False,True,True,False
500000.0,142.0,3.0,2.0,1.0,0.0,1.0,1.0,0.0,2,35.87,10.57,2.0,1.0,0.0,0.0,347622.13037037035,330755.1372713178,False,False,True,True,False,False,False,True,True,False
750000.0,147.0,3.0,1.0,1.0,0.0,0.0,0.0,1.0,2,36.8469,10.2642,2.0,1.0,0.0,0.0,519943.5195618153,495512.68618274975,False,False,True,True,False,False,False,True,True,False
190000.0,79.0,3.0,1.0,1.0,0.0,0.0,1.0,0.0,2,36.4455,10.7141,2.0,0.0,0.0,0.0,356101.26872727275,335553.90432183904,False,False,True,True,False,False,False,True,True,False
480000.0,128.0,2.0,1.0,0.0,0.0,0.0,0.0,0.0,2,36.8333,10.3167,2.0,1.0,1.0,0.0,601819.5220062697,495512.68618274975,False,False,True,True,False,False,False,True,True,False
420000.0,110.0,3.0,2.0,1.0,0.0,1.0,1.0,1.0,2,36.8833,10.25,2.0,1.0,0.0,0.0,393150.9196056338,368050.949375,False,False,True,True,False,False,False,True,True,False
398000.0,140.0,4.0,2.0,1.0,0.0,1.0,1.0,1.0,1,36.8833,10.25,3.0,1.0,0.0,0.0,393150.9196056338,368050.949375,False,False,True,True,False,False,False,True,True,False
128000.0,79.0,3.0,1.0,0.0,0.0,0.0,0.0,0.0,2,36.8833,10.25,2.0,0.0,0.0,0.0,393150.9196056338,368050.949375,False,False,True,True,False,False,False,True,True,False
550000.0,130.0,4.0,2.0,1.0,0.0,1.0,1.0,1.0,2,36.8833,10.25,3.0,1.0,0.0,0.0,393150.9196056338,368050.949375,False,False,True,True,False,False,False,True,True,False
330000.0,92.0,2.0,1.0,0.0,0.0,1.0,1.0,0.0,3,36.8764,10.3253,2.0,1.0,0.0,0.0,519943.5195618153,495512.68618274975,False,False,True,True,False,False,False,True,True,False
420000.0,167.0,3.0,2.0,1.0,0.0,1.0,1.0,1.0,2,36.8833,10.25,3.0,0.0,0.0,0.0,393150.9196056338,368050.949375,False,False,True,True,False,False,False,True,True,False
345000.0,144.0,4.0,2.0,1.0,0.0,1.0,1.0,1.0,2,36.8764,10.3253,3.0,0.0,0.0,0.0,519943.5195618153,495512.68618274975,False,False,True,True,False,False,False,True,True,False
419000.0,149.0,3.0,2.0,1.0,0.0,1.0,1.0,0.0,2,36.8625,10.1956,2.0,1.0,0.0,0.0,362112.70683229814,368050.949375,False,False,True,True,False,False,False,True,True,False
340000.0,123.0,3.0,1.0,1.0,0.0,1.0,1.0,0.0,2,36.8452,10.1647,2.0,1.0,0.0,0.0,346388.2,335553.90432183904,False,False,True,True,False,False,False,True,True,False
178000.0,78.0,3.0,1.0,0.0,0.0,0.0,0.0,0.0,2,36.4506,10.735,2.0,0.0,0.0,0.0,356101.26872727275,335553.90432183904,False,False,True,True,False,False,False,True,True,False
80000.0,64.0,3.0,1.0,0.0,0.0,0.0,0.0,0.0,1,36.789,10.1835,2.0,0.0,0.0,0.0,224240.0,406094.33674999996,False,True,False,True,False,False,False,True,True,False
250000.0,200.0,3.0,1.0,0.0,0.0,0.0,0.0,0.0,2,35.65,10.9,2.0,1.0,0.0,0.0,250000.0,299054.0060240964,False,True,False,False,True,False,True,False,True,False
195000.0,135.0,3.0,1.0,1.0,0.0,1.0,1.0,0.0,5,35.3581,10.73,2.0,0.0,1.0,0.0,216166.66666666666,327705.16642857145,True,False,False,True,False,False,True,False,True,False
240000.0,85.0,3.0,1.0,1.0,0.0,0.0,0.0,0.0,2,36.4011,10.6146,2.0,0.0,1.0,0.0,355184.6627435388,335553.90432183904,False,False,True,True,False,False,False,True,True,False
300000.0,60.0,2.0,1.0,1.0,1.0,0.0,0.0,0.0,2,36.7609,10.2736,2.0,1.0,0.0,0.0,239500.0,273790.43207547173,False,True,False,True,False,True,False,False,True,False
330000.0,130.0,4.0,2.0,1.0,0.0,1.0,1.0,1.0,4,35.8324,10.6225,3.0,1.0,0.0,0.0,339414.0611787819,330755.1372713178,False,False,True,True,False,False,False,True,True,False
495000.0,150.0,4.0,2.0,1.0,0.0,1.0,1.0,1.0,4,35.8324,10.6225,3.0,1.0,0.0,0.0,339414.0611787819,330755.1372713178,False,False,True,True,False,False,False,True,True,False
350000.0,80.0,3.0,1.0,1.0,1.0,1.0,1.0,1.0,3,35.8324,10.6225,2.0,1.0,0.0,0.0,339414.0611787819,330755.1372713178,False,False,True,True,False,False,False,True,True,False
188000.0,115.0,3.0,1.0,0.0,0.0,1.0,1.0,0.0,2,36.8188,10.166,2.0,0.0,0.0,0.0,257110.19941176468,495512.68618274975,False,True,False,True,False,False,False,True,True,False
320000.0,83.0,3.0,1.0,1.0,0.0,1.0,1.0,0.0,2,35.87,10.57,2.0,0.0,0.0,0.0,347622.13037037035,330755.1372713178,False,False,True,True,False,False,False,True,True,False
275000.0,109.0,3.0,1.0,1.0,0.0,1.0,1.0,0.0,2,35.87,10.57,2.0,0.0,0.0,0.0,347622.13037037035,330755.1372713178,False,False,True,True,False,False,False,True,True,False
236000.0,59.0,2.0,1.0,1.0,0.0,1.0,1.0,0.0,2,35.87,10.57,2.0,0.0,0.0,0.0,347622.13037037035,330755.1372713178,False,False,True,True,False,False,False,True,True,False
240000.0,86.0,3.0,1.0,1.0,0.0,1.0,0.0,1.0,2,35.87,10.57,2.0,0.0,0.0,0.0,347622.13037037035,330755.1372713178,False,False,True,True,False,False,False,True,True,False
180000.0,68.0,2.0,1.0,0.0,1.0,1.0,1.0,1.0,4,35.87,10.57,2.0,0.0,0.0,0.0,347622.13037037035,330755.1372713178,False,False,True,True,False,False,False,True,True,False
250000.0,86.0,3.0,1.0,1.0,0.0,1.0,1.0,1.0,2,35.87,10.57,2.0,0.0,0.0,0.0,347622.13037037035,330755.1372713178,False,False,True,True,False,False,False,True,True,False
250000.0,76.0,3.0,1.0,0.0,0.0,0.0,0.0,0.0,4,35.87,10.57,2.0,0.0,0.0,0.0,347622.13037037035,330755.1372713178,False,False,True,True,False,False,False,True,True,False
420000.0,72.0,3.0,1.0,1.0,1.0,0.0,0.0,1.0,2,36.8624,10.2835,2.0,0.0,0.0,0.0,519943.5195618153,495512.68618274975,False,False,True,True,False,False,False,True,True,False
950000.0,234.0,3.0,1.0,1.0,1.0,1.0,1.0,0.0,2,36.8764,10.3253,2.0,1.0,0.0,0.0,519943.5195618153,495512.68618274975,False,False,True,True,False,False,False,True,True,False
345000.0,137.0,3.0,1.0,1.0,0.0,0.0,1.0,0.0,3,35.8403,10.5943,2.0,0.0,0.0,0.0,339414.0611787819,330755.1372713178,False,False,True,True,False,False,False,True,True,False
650000.0,118.0,3.0,1.0,0.0,1.0,0.0,0.0,0.0,2,36.4011,10.6146,3.0,0.0,0.0,0.0,355184.6627435388,335553.90432183904,False,False,True,True,False,False,False,True,True,False
195000.0,80.0,3.0,1.0,1.0,0.0,0.0,0.0,0.0,2,36.768,10.2708,2.0,0.0,0.0,0.0,257110.19941176468,495512.68618274975,False,True,False,True,False,False,False,True,True,False
230000.0,108.0,3.0,1.0,0.0,0.0,1.0,1.0,1.0,2,36.9544,10.1914,3.0,1.0,0.0,0.0,298410.12333333335,368050.949375,False,True,False,True,False,False,False,True,True,False
100000.0,70.0,4.0,1.0,0.0,0.0,0.0,0.0,0.0,3,36.659,10.4059,2.0,0.0,0.0,0.0,149285.7142857143,256097.71569620253,True,False,False,True,False,True,False,False,True,False
200000.0,90.0,3.0,1.0,1.0,0.0,0.0,1.0,0.0,2,36.6939,10.2622,2.0,1.0,1.0,0.0,202500.0,256097.71569620253,True,False,False,True,False,True,False,False,True,False
270000.0,140.0,3.0,1.0,0.0,0.0,0.0,0.0,0.0,2,36.8764,10.3253,2.0,1.0,0.0,0.0,519943.5195618153,495512.68618274975,False,False,True,True,False,False,False,True,True,False
687880.0,146.0,4.0,3.0,0.0,0.0,1.0,1.0,1.0,2,36.8833,10.25,3.0,0.0,1.0,0.0,393150.9196056338,368050.949375,False,False,True,True,False,False,False,True,True,False
850000.0,100.0,3.0,2.0,1.0,1.0,1.0,1.0,1.0,2,36.8764,10.3253,2.0,1.0,0.0,0.0,519943.5195618153,495512.68618274975,False,False,True,True,False,False,False,True,True,False
270000.0,122.0,3.0,1.0,1.0,1.0,1.0,1.0,1.0,2,35.7554,10.8272,2.0,0.0,0.0,0.0,283320.10545454547,299054.0060240964,False,True,False,True,False,False,True,False,True,False
550000.0,220.0,4.0,2.0,1.0,0.0,1.0,1.0,1.0,2,35.8354,10.6364,3.0,0.0,0.0,0.0,339414.0611787819,330755.1372713178,False,False,True,True,False,False,False,True,True,False
530000.0,164.0,5.0,2.0,1.0,0.0,1.0,1.0,1.0,2,35.8621,10.6037,4.0,1.0,0.0,0.0,339414.0611787819,330755.1372713178,False,False,True,True,False,False,False,True,True,False
200000.0,134.0,4.0,1.0,1.0,0.0,0.0,1.0,0.0,4,35.8354,10.6364,3.0,0.0,0.0,0.0,339414.0611787819,330755.1372713178,False,False,True,True,False,False,False,True,True,False
95000.0,74.0,3.0,1.0,1.0,0.0,0.0,0.0,0.0,2,35.8015,10.5952,2.0,0.0,0.0,0.0,339414.0611787819,330755.1372713178,False,False,True,True,False,False,False,True,True,False
470000.0,147.0,4.0,2.0,0.0,1.0,1.0,1.0,1.0,2,36.2828,10.6571,3.0,0.0,0.0,0.0,356912.7528888889,256097.71569620253,False,False,True,True,False,True,False,False,True,False
827000.0,196.0,2.0,3.0,1.0,1.0,1.0,1.0,1.0,2,36.8484,10.3099,2.0,0.0,1.0,1.0,601819.5220062697,495512.68618274975,False,False,True,True,False,False,False,True,True,False
407000.0,129.0,4.0,1.0,0.0,0.0,1.0,1.0,1.0,2,36.7265,10.2961,3.0,1.0,1.0,0.0,356912.7528888889,256097.71569620253,False,False,True,True,False,True,False,False,True,False
320000.0,124.0,3.0,2.0,1.0,0.0,1.0,1.0,0.0,2,36.8833,10.25,2.0,1.0,0.0,0.0,393150.9196056338,368050.949375,False,False,True,True,False,False,False,True,True,False
290000.0,114.0,3.0,1.0,1.0,0.0,1.0,1.0,1.0,2,36.8764,10.3253,2.0,1.0,0.0,0.0,519943.5195618153,495512.68618274975,False,False,True,True,False,False,False,True,True,False
426900.0,133.0,4.0,2.0,0.0,0.0,1.0,1.0,1.0,3,36.8929,10.1787,3.0,1.0,0.0,0.0,298410.12333333335,368050.949375,False,True,False,True,False,False,False,True,True,False
315000.0,51.0,2.0,1.0,0.0,0.0,1.0,1.0,1.0,1,36.8542,10.3007,2.0,0.0,0.0,0.0,601819.5220062697,495512.68618274975,False,False,True,True,False,False,False,True,True,False
420000.0,138.0,4.0,3.0,1.0,0.0,1.0,1.0,1.0,1,36.8333,10.3167,3.0,0.0,0.0,0.0,601819.5220062697,495512.68618274975,False,False,True,True,False,False,False,True,True,False
195000.0,70.0,3.0,1.0,1.0,0.0,0.0,0.0,1.0,2,35.75,10.72,2.0,0.0,0.0,0.0,304361.5,299054.0060240964,False,True,False,True,False,False,True,False,True,False
250000.0,120.0,3.0,1.0,1.0,0.0,0.0,0.0,1.0,2,35.75,10.72,2.0,0.0,0.0,0.0,304361.5,299054.0060240964,False,True,False,True,False,False,True,False,True,False
215000.0,120.0,3.0,1.0,1.0,0.0,0.0,0.0,0.0,2,35.75,10.72,2.0,0.0,0.0,0.0,304361.5,299054.0060240964,False,True,False,True,False,False,True,False,True,False
315000.0,107.0,3.0,1.0,1.0,1.0,0.0,1.0,1.0,2,36.8806,10.1717,2.0,1.0,0.0,0.0,362112.70683229814,368050.949375,False,False,True,True,False,False,False,True,True,False
290000.0,60.0,3.0,1.0,1.0,0.0,0.0,0.0,0.0,2,36.8806,10.1717,2.0,1.0,0.0,0.0,362112.70683229814,368050.949375,False,False,True,True,False,False,False,True,True,False
440000.0,117.0,3.0,1.0,0.0,0.0,1.0,1.0,1.0,2,36.8806,10.1717,2.0,0.0,0.0,0.0,362112.70683229814,368050.949375,False,False,True,True,False,False,False,True,True,False
572000.0,100.0,3.0,2.0,1.0,0.0,1.0,1.0,1.0,2,36.8333,10.3167,2.0,0.0,0.0,0.0,601819.5220062697,495512.68618274975,False,False,True,True,False,False,False,True,True,False
295000.0,147.0,4.0,2.0,0.0,0.0,1.0,1.0,1.0,5,36.8764,10.3253,3.0,0.0,1.0,0.0,519943.5195618153,495512.68618274975,False,False,True,True,False,False,False,True,True,False
300000.0,38.0,3.0,1.0,0.0,0.0,0.0,0.0,0.0,2,36.8469,10.2642,2.0,1.0,0.0,0.0,519943.5195618153,495512.68618274975,False,False,True,True,False,False,False,True,True,False
1100000.0,193.0,3.0,1.0,0.0,0.0,0.0,0.0,1.0,2,36.8469,10.2642,3.0,1.0,0.0,0.0,519943.5195618153,495512.68618274975,False,False,True,True,False,False,False,True,True,False
350000.0,117.0,2.0,1.0,1.0,0.0,0.0,0.0,0.0,2,36.8764,10.3253,2.0,1.0,0.0,0.0,519943.5195618153,495512.68618274975,False,False,True,True,False,False,False,True,True,False
615000.0,111.0,3.0,2.0,1.0,0.0,1.0,1.0,1.0,2,36.4011,10.6146,3.0,1.0,1.0,1.0,355184.6627435388,335553.90432183904,False,False,True,True,False,False,False,True,True,False
150000.0,50.0,3.0,1.0,0.0,0.0,0.0,0.0,0.0,2,36.8452,10.1647,3.0,0.0,0.0,0.0,257110.19941176468,495512.68618274975,False,True,False,True,False,False,False,True,True,False
572000.0,122.0,3.0,2.0,1.0,0.0,1.0,1.0,1.0,2,36.8764,10.3253,2.0,0.0,0.0,0.0,519943.5195618153,495512.68618274975,False,False,True,True,False,False,False,True,True,False
360000.0,137.0,4.0,2.0,1.0,0.0,1.0,1.0,1.0,2,36.8625,10.1956,3.0,1.0,0.0,0.0,362112.70683229814,368050.949375,False,False,True,True,False,False,False,True,True,False
1100000.0,180.0,3.0,1.0,0.0,0.0,0.0,0.0,0.0,2,36.8764,10.3253,3.0,0.0,1.0,0.0,519943.5195618153,495512.68618274975,False,False,True,True,False,False,False,True,True,False
530000.0,140.0,4.0,2.0,1.0,0.0,1.0,1.0,1.0,5,36.8833,10.25,3.0,1.0,0.0,0.0,393150.9196056338,368050.949375,False,False,True,True,False,False,False,True,True,False
252000.0,63.0,2.0,1.0,0.0,0.0,1.0,1.0,1.0,2,37.2667,9.8667,2.0,0.0,0.0,0.0,301532.5788888889,273790.43207547173,False,True,False,True,False,True,False,False,True,False
277223.0,150.0,3.0,1.0,1.0,0.0,0.0,0.0,1.0,2,36.7639,10.2861,2.0,1.0,0.0,0.0,254104.44444444444,295071.536,False,True,False,True,False,False,True,False,True,False
130000.0,65.0,3.0,1.0,1.0,0.0,0.0,0.0,0.0,2,36.9306,11.0485,2.0,0.0,0.0,0.0,355184.6627435388,335553.90432183904,False,False,True,True,False,False,False,True,True,False
550000.0,144.0,4.0,1.0,1.0,0.0,1.0,1.0,1.0,2,36.8764,10.3253,3.0,1.0,1.0,0.0,519943.5195618153,495512.68618274975,False,False,True,True,False,False,False,True,True,False
530741.0,147.0,4.0,2.0,0.0,0.0,1.0,1.0,1.0,2,36.7326,10.3093,3.0,1.0,1.0,0.0,356912.7528888889,256097.71569620253,False,False,True,True,False,True,False,False,True,False
398000.0,117.0,3.0,1.0,0.0,0.0,1.0,1.0,1.0,1,36.8833,10.25,2.0,0.0,0.0,0.0,393150.9196056338,368050.949375,False,False,True,True,False,False,False,True,True,False
230000.0,81.0,3.0,1.0,0.0,0.0,0.0,1.0,1.0,2,36.8764,10.3253,2.0,0.0,1.0,0.0,519943.5195618153,495512.68618274975,False,False,True,True,False,False,False,True,True,False
385000.0,131.0,4.0,2.0,1.0,0.0,1.0,1.0,1.0,3,36.8764,10.3253,3.0,0.0,0.0,0.0,519943.5195618153,495512.68618274975,False,False,True,True,False,False,False,True,True,False
250000.0,43.0,2.0,1.0,0.0,0.0,0.0,0.0,0.0,2,36.8764,10.3253,2.0,0.0,0.0,0.0,519943.5195618153,495512.68618274975,False,False,True,True,False,False,False,True,True,False
390000.0,100.0,2.0,1.0,0.0,0.0,1.0,1.0,1.0,1,36.4011,10.6146,2.0,1.0,0.0,1.0,355184.6627435388,335553.90432183904,False,False,True,True,False,False,False,True,True,False
600000.0,113.0,3.0,2.0,0.0,0.0,1.0,1.0,1.0,1,36.8764,10.3253,3.0,0.0,1.0,0.0,519943.5195618153,495512.68618274975,False,False,True,True,False,False,False,True,True,False
620000.0,126.0,2.0,1.0,1.0,0.0,1.0,1.0,1.0,2,36.8764,10.3253,3.0,1.0,0.0,0.0,519943.5195618153,495512.68618274975,False,False,True,True,False,False,False,True,True,False
310000.0,118.0,3.0,1.0,1.0,0.0,1.0,1.0,1.0,2,36.9544,10.1914,2.0,1.0,0.0,0.0,362112.70683229814,368050.949375,False,False,True,True,False,False,False,True,True,False
490000.0,160.0,4.0,2.0,1.0,1.0,1.0,1.0,1.0,2,36.4011,10.6146,3.0,0.0,0.0,0.0,355184.6627435388,335553.90432183904,False,False,True,True,False,False,False,True,True,False
850000.0,220.0,4.0,3.0,1.0,0.0,1.0,1.0,1.0,2,36.8833,10.25,3.0,1.0,1.0,0.0,393150.9196056338,368050.949375,False,False,True,True,False,False,False,True,True,False
220000.0,53.0,2.0,1.0,1.0,1.0,1.0,1.0,0.0,4,36.4506,10.735,2.0,0.0,0.0,1.0,356101.26872727275,335553.90432183904,False,False,True,True,False,False,False,True,True,False
330000.0,146.0,3.0,1.0,1.0,0.0,0.0,0.0,1.0,2,36.8534,10.2505,4.0,0.0,0.0,0.0,519943.5195618153,495512.68618274975,False,False,True,True,False,False,False,True,True,False
865000.0,175.0,4.0,2.0,1.0,0.0,1.0,1.0,1.0,2,36.8764,10.3253,3.0,1.0,0.0,0.0,519943.5195618153,495512.68618274975,False,False,True,True,False,False,False,True,True,False
215000.0,41.0,3.0,1.0,0.0,1.0,1.0,1.0,1.0,2,36.8333,10.3167,2.0,1.0,0.0,0.0,601819.5220062697,495512.68618274975,False,False,True,True,False,False,False,True,True,False
355000.0,81.0,2.0,1.0,1.0,0.0,1.0,1.0,1.0,3,36.4011,10.6146,2.0,0.0,0.0,1.0,355184.6627435388,335553.90432183904,False,False,True,True,False,False,False,True,True,False
821000.0,142.0,2.0,1.0,1.0,0.0,0.0,0.0,0.0,2,36.8764,10.3253,2.0,1.0,0.0,0.0,519943.5195618153,495512.68618274975,False,False,True,True,False,False,False,True,True,False
1000000.0,200.0,3.0,1.0,1.0,0.0,1.0,1.0,0.0,2,36.8764,10.3253,3.0,1.0,0.0,0.0,519943.5195618153,495512.68618274975,False,False,True,True,False,False,False,True,True,False
850000.0,138.0,4.0,3.0,1.0,0.0,1.0,1.0,1.0,2,36.8833,10.25,3.0,1.0,1.0,1.0,393150.9196056338,368050.949375,False,False,True,True,False,False,False,True,True,False
480000.0,136.0,3.0,1.0,1.0,1.0,1.0,1.0,1.0,2,36.8883,10.2742,2.0,1.0,0.0,0.0,393150.9196056338,368050.949375,False,False,True,True,False,False,False,True,True,False
515000.0,105.0,3.0,2.0,1.0,1.0,1.0,1.0,1.0,3,36.3896,10.6014,3.0,0.0,1.0,1.0,355184.6627435388,335553.90432183904,False,False,True,True,False,False,False,True,True,False
285000.0,106.0,3.0,2.0,1.0,1.0,1.0,1.0,1.0,2,36.0153,10.5133,2.0,1.0,0.0,0.0,260917.67902439024,330755.1372713178,False,True,False,True,False,False,False,True,True,False
600000.0,150.0,3.0,1.0,1.0,1.0,1.0,1.0,0.0,2,36.4011,10.6146,2.0,1.0,0.0,0.0,355184.6627435388,335553.90432183904,False,False,True,True,False,False,False,True,True,False
365000.0,190.0,4.0,2.0,1.0,1.0,0.0,1.0,0.0,2,36.4011,10.6146,3.0,1.0,0.0,0.0,355184.6627435388,335553.90432183904,False,False,True,True,False,False,False,True,True,False
425000.0,92.0,2.0,1.0,0.0,0.0,1.0,0.0,0.0,2,35.896,10.5915,2.0,0.0,0.0,1.0,339414.0611787819,330755.1372713178,False,False,True,True,False,False,False,True,True,False
730000.0,190.0,3.0,2.0,1.0,0.0,0.0,0.0,0.0,2,36.8556,10.2918,3.0,1.0,0.0,0.0,601819.5220062697,495512.68618274975,False,False,True,True,False,False,False,True,True,False
149000.0,130.0,3.0,1.0,1.0,0.0,0.0,0.0,0.0,2,36.8493,11.0918,2.0,0.0,0.0,0.0,189879.7706849315,335553.90432183904,True,False,False,True,False,False,False,True,True,False
230000.0,85.0,3.0,1.0,1.0,1.0,1.0,0.0,0.0,2,36.9306,11.0485,2.0,0.0,0.0,0.0,355184.6627435388,335553.90432183904,False,False,True,True,False,False,False,True,True,False
170000.0,162.0,2.0,1.0,1.0,0.0,0.0,0.0,0.0,2,36.8493,11.0918,2.0,1.0,0.0,0.0,189879.7706849315,335553.90432183904,True,False,False,True,False,False,False,True,True,False
360000.0,220.0,3.0,1.0,1.0,0.0,0.0,0.0,0.0,2,36.4011,10.6146,2.0,1.0,0.0,0.0,355184.6627435388,335553.90432183904,False,False,True,True,False,False,False,True,True,False
470000.0,129.0,3.0,1.0,1.0,1.0,0.0,0.0,0.0,2,36.4011,10.6146,2.0,0.0,0.0,1.0,355184.6627435388,335553.90432183904,False,False,True,True,False,False,False,True,True,False
250000.0,75.0,3.0,1.0,1.0,0.0,0.0,0.0,0.0,2,36.4011,10.6146,2.0,0.0,0.0,0.0,355184.6627435388,335553.90432183904,False,False,True,True,False,False,False,True,True,False
270000.0,69.0,2.0,1.0,0.0,0.0,1.0,1.0,1.0,2,36.4011,10.6146,2.0,1.0,1.0,1.0,355184.6627435388,335553.90432183904,False,False,True,True,False,False,False,True,True,False
490000.0,160.0,4.0,2.0,1.0,0.0,0.0,0.0,0.0,2,36.4011,10.6146,3.0,0.0,0.0,0.0,355184.6627435388,335553.90432183904,False,False,True,True,False,False,False,True,True,False
285000.0,95.0,2.0,1.0,1.0,0.0,0.0,0.0,0.0,2,36.4011,10.6146,2.0,0.0,0.0,0.0,355184.6627435388,335553.90432183904,False,False,True,True,False,False,False,True,True,False
460000.0,98.0,3.0,1.0,0.0,1.0,0.0,0.0,0.0,2,36.4011,10.6146,2.0,1.0,1.0,1.0,355184.6627435388,335553.90432183904,False,False,True,True,False,False,False,True,True,False
750000.0,168.0,3.0,1.0,1.0,0.0,0.0,0.0,0.0,2,36.8333,10.3167,4.0,1.0,0.0,0.0,601819.5220062697,495512.68618274975,False,False,True,True,False,False,False,True,True,False
250000.0,90.0,3.0,1.0,0.0,0.0,0.0,1.0,0.0,2,36.8625,10.1956,3.0,1.0,0.0,0.0,362112.70683229814,368050.949375,False,False,True,True,False,False,False,True,True,False
440000.0,157.0,3.0,1.0,1.0,0.0,0.0,0.0,0.0,2,36.8764,10.3253,2.0,1.0,0.0,0.0,519943.5195618153,495512.68618274975,False,False,True,True,False,False,False,True,True,False
255000.0,59.0,2.0,1.0,1.0,0.0,1.0,1.0,0.0,2,36.4011,10.6146,2.0,0.0,0.0,0.0,355184.6627435388,335553.90432183904,False,False,True,True,False,False,False,True,True,False
350000.0,80.0,3.0,2.0,1.0,0.0,1.0,0.0,1.0,2,36.4011,10.6146,2.0,0.0,1.0,1.0,355184.6627435388,335553.90432183904,False,False,True,True,False,False,False,True,True,False
181000.0,52.0,2.0,1.0,1.0,0.0,1.0,1.0,0.0,2,36.8625,10.1956,2.0,0.0,0.0,0.0,362112.70683229814,368050.949375,False,False,True,True,False,False,False,True,True,False
375000.0,113.0,3.0,1.0,1.0,0.0,1.0,1.0,0.0,2,36.8833,10.25,2.0,1.0,0.0,0.0,393150.9196056338,368050.949375,False,False,True,True,False,False,False,True,True,False
648102.0,154.0,3.0,1.0,0.0,0.0,0.0,0.0,0.0,2,36.4506,10.735,2.0,0.0,0.0,0.0,356101.26872727275,335553.90432183904,False,False,True,True,False,False,False,True,True,False
468384.0,111.0,3.0,1.0,0.0,0.0,0.0,0.0,1.0,2,36.4506,10.735,2.0,0.0,0.0,1.0,356101.26872727275,335553.90432183904,False,False,True,True,False,False,False,True,True,False
232000.0,58.0,2.0,1.0,0.0,0.0,1.0,1.0,1.0,2,35.8659,10.6064,2.0,0.0,0.0,0.0,339414.0611787819,330755.1372713178,False,False,True,True,False,False,False,True,True,False
255000.0,107.0,3.0,2.0,1.0,1.0,1.0,1.0,1.0,2,36.789,10.1835,2.0,1.0,0.0,1.0,224240.0,406094.33674999996,False,True,False,True,False,False,False,True,True,False
194150.0,120.0,3.0,1.0,0.0,0.0,0.0,0.0,0.0,2,36.7397,10.0916,2.0,0.0,1.0,0.0,144860.5,495512.68618274975,True,False,False,True,False,False,False,True,True,False
700000.0,140.0,4.0,1.0,1.0,0.0,1.0,1.0,0.0,2,36.8764,10.3253,4.0,1.0,0.0,0.0,519943.5195618153,495512.68618274975,False,False,True,True,False,False,False,True,True,False
435000.0,102.0,3.0,2.0,1.0,0.0,1.0,1.0,1.0,5,36.8643,10.247,2.0,1.0,0.0,0.0,393150.9196056338,368050.949375,False,False,True,True,False,False,False,True,True,False
550000.0,155.0,3.0,1.0,1.0,0.0,0.0,0.0,0.0,2,36.8764,10.3253,4.0,1.0,0.0,0.0,519943.5195618153,495512.68618274975,False,False,True,True,False,False,False,True,True,False
270000.0,104.0,4.0,1.0,0.0,0.0,0.0,1.0,0.0,2,36.8625,10.1956,3.0,1.0,0.0,0.0,362112.70683229814,368050.949375,False,False,True,True,False,False,False,True,True,False
200000.0,50.0,2.0,1.0,0.0,0.0,0.0,0.0,0.0,2,36.4011,10.6146,2.0,1.0,0.0,1.0,355184.6627435388,335553.90432183904,False,False,True,True,False,False,False,True,True,False
297000.0,157.0,3.0,2.0,1.0,0.0,1.0,1.0,1.0,2,36.8883,10.2742,3.0,1.0,1.0,0.0,393150.9196056338,368050.949375,False,False,True,True,False,False,False,True,True,False
68000.0,89.0,3.0,1.0,0.0,0.0,0.0,0.0,0.0,2,35.8213,10.5967,2.0,0.0,0.0,0.0,339414.0611787819,330755.1372713178,False,False,True,True,False,False,False,True,True,False
270000.0,136.0,3.0,1.0,1.0,0.0,0.0,0.0,0.0,2,35.8163,10.6367,2.0,0.0,0.0,0.0,339414.0611787819,330755.1372713178,False,False,True,True,False,False,False,True,True,False
360000.0,120.0,3.0,1.0,0.0,1.0,1.0,1.0,1.0,2,36.8452,10.1647,2.0,0.0,0.0,0.0,346388.2,335553.90432183904,False,False,True,True,False,False,False,True,True,False
162000.0,87.0,3.0,1.0,1.0,0.0,0.0,0.0,0.0,2,36.8188,10.166,2.0,0.0,0.0,0.0,257110.19941176468,495512.68618274975,False,True,False,True,False,False,False,True,True,False
292000.0,160.0,3.0,1.0,1.0,0.0,0.0,0.0,0.0,2,36.8188,10.166,2.0,0.0,0.0,0.0,257110.19941176468,495512.68618274975,False,True,False,True,False,False,False,True,True,False
550000.0,180.0,3.0,1.0,1.0,0.0,0.0,0.0,0.0,2,36.8491,10.1661,2.0,0.0,0.0,0.0,362112.70683229814,368050.949375,False,False,True,True,False,False,False,True,True,False
600000.0,134.0,3.0,1.0,0.0,0.0,0.0,0.0,1.0,2,36.8491,10.1661,2.0,0.0,1.0,0.0,362112.70683229814,368050.949375,False,False,True,True,False,False,False,True,True,False
515000.0,140.0,3.0,1.0,1.0,0.0,0.0,0.0,1.0,2,36.8764,10.3253,2.0,1.0,0.0,0.0,519943.5195618153,495512.68618274975,False,False,True,True,False,False,False,True,True,False
160000.0,75.0,3.0,1.0,1.0,0.0,0.0,1.0,0.0,3,36.8625,10.1956,2.0,0.0,0.0,0.0,362112.70683229814,368050.949375,False,False,True,True,False,False,False,True,True,False
420000.0,80.0,3.0,1.0,1.0,0.0,0.0,0.0,1.0,2,36.8469,10.2642,2.0,0.0,0.0,0.0,519943.5195618153,495512.68618274975,False,False,True,True,False,False,False,True,True,False
330000.0,146.0,3.0,2.0,1.0,0.0,1.0,1.0,1.0,2,36.532,10.1048,3.0,1.0,0.0,0.0,298410.12333333335,368050.949375,False,True,False,True,False,False,False,True,True,False
480000.0,142.0,4.0,2.0,1.0,1.0,1.0,1.0,1.0,2,36.8452,10.1647,3.0,0.0,0.0,0.0,346388.2,335553.90432183904,False,False,True,True,False,False,False,True,True,False
345000.0,106.0,3.0,1.0,1.0,0.0,1.0,1.0,1.0,2,36.861,10.2746,2.0,0.0,0.0,0.0,519943.5195618153,495512.68618274975,False,False,True,True,False,False,False,True,True,False
620000.0,166.0,4.0,3.0,1.0,0.0,1.0,1.0,1.0,2,36.8833,10.25,3.0,1.0,0.0,0.0,393150.9196056338,368050.949375,False,False,True,True,False,False,False,True,True,False
197000.0,58.0,2.0,1.0,0.0,0.0,1.0,1.0,0.0,2,36.8967,10.1777,2.0,0.0,0.0,0.0,298410.12333333335,368050.949375,False,True,False,True,False,False,False,True,True,False
231000.0,109.0,4.0,1.0,0.0,0.0,0.0,1.0,1.0,2,36.7107,10.1948,3.0,0.0,0.0,0.0,174333.33333333334,274088.2291666667,True,False,False,True,False,True,False,False,True,False
1150000.0,200.0,5.0,3.0,1.0,0.0,1.0,1.0,0.0,2,36.8764,10.3253,4.0,1.0,0.0,0.0,519943.5195618153,495512.68618274975,False,False,True,True,False,False,False,True,True,False
255000.0,134.0,4.0,1.0,1.0,0.0,1.0,1.0,0.0,2,36.8625,10.1956,3.0,0.0,0.0,0.0,362112.70683229814,368050.949375,False,False,True,True,False,False,False,True,True,False
353000.0,120.0,4.0,1.0,0.0,0.0,1.0,1.0,1.0,2,36.8333,10.3167,2.0,1.0,0.0,0.0,601819.5220062697,495512.68618274975,False,False,True,True,False,False,False,True,True,False
550000.0,130.0,3.0,3.0,1.0,0.0,1.0,1.0,1.0,2,36.8764,10.3253,2.0,1.0,0.0,0.0,519943.5195618153,495512.68618274975,False,False,True,True,False,False,False,True,True,False
440000.0,168.0,3.0,1.0,1.0,0.0,1.0,1.0,1.0,2,36.8915,10.1626,2.0,1.0,0.0,0.0,261889.71862068964,256097.71569620253,False,True,False,True,False,True,False,False,True,False
130000.0,87.0,3.0,1.0,0.0,0.0,0.0,0.0,0.0,2,36.8915,10.1626,2.0,0.0,0.0,0.0,261889.71862068964,256097.71569620253,False,True,False,True,False,True,False,False,True,False
274000.0,64.0,2.0,1.0,1.0,0.0,1.0,1.0,1.0,2,36.8625,10.1956,2.0,0.0,0.0,0.0,362112.70683229814,368050.949375,False,False,True,True,False,False,False,True,True,False
980000.0,234.0,5.0,3.0,0.0,0.0,1.0,1.0,1.0,2,36.8388,10.2744,4.0,1.0,0.0,0.0,519943.5195618153,495512.68618274975,False,False,True,True,False,False,False,True,True,False
490000.0,101.0,3.0,2.0,1.0,0.0,1.0,1.0,1.0,2,36.4011,10.6146,3.0,1.0,1.0,1.0,355184.6627435388,335553.90432183904,False,False,True,True,False,False,False,True,True,False
265000.0,93.0,3.0,1.0,1.0,1.0,0.0,1.0,0.0,3,35.3581,10.73,2.0,0.0,0.0,0.0,216166.66666666666,327705.16642857145,True,False,False,True,False,False,True,False,True,False
431000.0,100.0,3.0,2.0,0.0,0.0,1.0,1.0,1.0,2,36.8625,10.1956,2.0,1.0,0.0,0.0,362112.70683229814,368050.949375,False,False,True,True,False,False,False,True,True,False
415000.0,115.0,3.0,2.0,1.0,0.0,1.0,1.0,1.0,2,36.8333,10.3167,2.0,1.0,0.0,0.0,601819.5220062697,495512.68618274975,False,False,True,True,False,False,False,True,True,False
308000.0,77.0,2.0,1.0,1.0,0.0,1.0,1.0,1.0,1,36.8833,10.25,2.0,1.0,0.0,0.0,393150.9196056338,368050.949375,False,False,True,True,False,False,False,True,True,False
339000.0,140.0,4.0,2.0,1.0,0.0,1.0,1.0,0.0,2,36.8452,10.1647,3.0,0.0,0.0,0.0,346388.2,335553.90432183904,False,False,True,True,False,False,False,True,True,False
750000.0,142.0,3.0,1.0,1.0,0.0,0.0,0.0,1.0,2,36.8469,10.2642,2.0,1.0,0.0,0.0,519943.5195618153,495512.68618274975,False,False,True,True,False,False,False,True,True,False
322000.0,115.0,3.0,1.0,1.0,1.0,1.0,1.0,1.0,2,36.8625,10.1956,2.0,1.0,0.0,0.0,362112.70683229814,368050.949375,False,False,True,True,False,False,False,True,True,False
270000.0,120.0,4.0,2.0,1.0,0.0,0.0,1.0,0.0,2,36.7723,10.2212,3.0,0.0,0.0,0.0,210000.0,256097.71569620253,True,False,False,True,False,True,False,False,True,False
220000.0,90.0,3.0,1.0,1.0,0.0,0.0,1.0,0.0,2,36.8915,10.1626,2.0,0.0,0.0,0.0,261889.71862068964,256097.71569620253,False,True,False,True,False,True,False,False,True,False
240000.0,80.0,3.0,1.0,0.0,0.0,0.0,0.0,0.0,2,36.8764,10.3253,2.0,0.0,0.0,0.0,519943.5195618153,495512.68618274975,False,False,True,True,False,False,False,True,True,False
578000.0,149.0,4.0,2.0,1.0,0.0,1.0,1.0,1.0,2,36.8625,10.1956,3.0,0.0,0.0,0.0,362112.70683229814,368050.949375,False,False,True,True,False,False,False,True,True,False
360000.0,130.0,3.0,1.0,1.0,0.0,0.0,0.0,0.0,1,36.7992,10.1756,3.0,0.0,0.0,0.0,257110.19941176468,495512.68618274975,False,True,False,True,False,False,False,True,True,False
304165.0,74.0,2.0,1.0,0.0,0.0,1.0,1.0,1.0,2,35.8497,10.5983,2.0,0.0,0.0,1.0,339414.0611787819,330755.1372713178,False,False,True,True,False,False,False,True,True,False
495700.0,171.0,4.0,2.0,1.0,0.0,1.0,1.0,1.0,2,36.9544,10.1914,3.0,1.0,1.0,0.0,298410.12333333335,368050.949375,False,True,False,True,False,False,False,True,True,False
520000.0,151.0,2.0,3.0,1.0,1.0,1.0,1.0,1.0,2,35.83,10.6012,3.0,0.0,0.0,1.0,339414.0611787819,330755.1372713178,False,False,True,True,False,False,False,True,True,False
200000.0,76.0,3.0,1.0,1.0,0.0,0.0,0.0,0.0,1,35.8273,10.6339,2.0,0.0,0.0,0.0,339414.0611787819,330755.1372713178,False,False,True,True,False,False,False,True,True,False
435000.0,91.0,3.0,1.0,1.0,0.0,1.0,1.0,1.0,2,36.8556,10.2918,2.0,1.0,0.0,0.0,601819.5220062697,495512.68618274975,False,False,True,True,False,False,False,True,True,False
138000.0,77.0,3.0,1.0,1.0,0.0,0.0,0.0,0.0,2,35.7678,10.8225,2.0,0.0,0.0,0.0,283320.10545454547,299054.0060240964,False,True,False,True,False,False,True,False,True,False
285000.0,88.0,2.0,1.0,1.0,1.0,1.0,0.0,1.0,2,35.9179,10.5796,2.0,1.0,0.0,1.0,347622.13037037035,330755.1372713178,False,False,True,True,False,False,False,True,True,False
175000.0,86.0,3.0,1.0,0.0,0.0,0.0,1.0,1.0,2,36.6939,10.2622,2.0,0.0,0.0,0.0,197548.69142857144,256097.71569620253,True,False,False,True,False,True,False,False,True,False
420000.0,147.0,3.0,1.0,1.0,0.0,0.0,0.0,0.0,2,36.8833,10.25,3.0,1.0,0.0,0.0,393150.9196056338,368050.949375,False,False,True,True,False,False,False,True,True,False
270000.0,170.0,3.0,1.0,0.0,0.0,0.0,1.0,0.0,2,36.6939,10.2622,2.0,1.0,1.0,0.0,197548.69142857144,256097.71569620253,True,False,False,True,False,True,False,False,True,False
200000.0,90.0,3.0,1.0,1.0,0.0,0.0,0.0,0.0,2,36.6939,10.2622,2.0,1.0,0.0,0.0,202500.0,256097.71569620253,True,False,False,True,False,True,False,False,True,False
280000.0,120.0,3.0,1.0,1.0,0.0,0.0,0.0,0.0,2,36.8483,10.1411,2.0,1.0,0.0,0.0,346388.2,335553.90432183904,False,False,True,True,False,False,False,True,True,False
335000.0,73.0,2.0,1.0,0.0,1.0,1.0,1.0,0.0,1,36.8333,10.3167,2.0,0.0,0.0,0.0,601819.5220062697,495512.68618274975,False,False,True,True,False,False,False,True,True,False
1000000.0,72.0,4.0,2.0,1.0,0.0,1.0,1.0,1.0,6,36.8764,10.3253,3.0,1.0,0.0,0.0,519943.5195618153,495512.68618274975,False,False,True,True,False,False,False,True,True,False
350000.0,107.0,3.0,1.0,1.0,0.0,1.0,1.0,1.0,2,36.8764,10.3253,2.0,1.0,0.0,0.0,519943.5195618153,495512.68618274975,False,False,True,True,False,False,False,True,True,False
475000.0,127.0,2.0,1.0,1.0,0.0,0.0,0.0,0.0,2,36.8764,10.3253,3.0,0.0,0.0,0.0,519943.5195618153,495512.68618274975,False,False,True,True,False,False,False,True,True,False
1250000.0,178.0,4.0,2.0,1.0,0.0,1.0,1.0,1.0,2,36.8764,10.3253,3.0,1.0,0.0,0.0,519943.5195618153,495512.68618274975,False,False,True,True,False,False,False,True,True,False
95000.0,73.0,3.0,1.0,0.0,0.0,0.0,0.0,0.0,2,36.8188,10.166,2.0,0.0,0.0,0.0,257110.19941176468,495512.68618274975,False,True,False,True,False,False,False,True,True,False
160000.0,63.0,3.0,1.0,0.0,0.0,0.0,0.0,0.0,2,36.8188,10.166,2.0,0.0,0.0,0.0,257110.19941176468,495512.68618274975,False,True,False,True,False,False,False,True,True,False
270000.0,65.0,3.0,1.0,1.0,0.0,0.0,0.0,0.0,2,36.6939,10.2622,2.0,1.0,0.0,0.0,202500.0,256097.71569620253,True,False,False,True,False,True,False,False,True,False
170000.0,65.0,3.0,1.0,1.0,0.0,0.0,0.0,0.0,2,36.6939,10.2622,2.0,0.0,0.0,0.0,202500.0,256097.71569620253,True,False,False,True,False,True,False,False,True,False
400000.0,150.0,4.0,1.0,1.0,0.0,0.0,0.0,0.0,1,36.9306,11.0485,3.0,0.0,1.0,0.0,355184.6627435388,335553.90432183904,False,False,True,True,False,False,False,True,True,False
240000.0,129.0,4.0,1.0,1.0,1.0,0.0,0.0,1.0,3,36.8625,10.1956,3.0,0.0,0.0,0.0,362112.70683229814,368050.949375,False,False,True,True,False,False,False,True,True,False
360000.0,166.0,4.0,2.0,1.0,1.0,1.0,1.0,1.0,1,36.8833,10.25,3.0,1.0,0.0,0.0,393150.9196056338,368050.949375,False,False,True,True,False,False,False,True,True,False
230000.0,88.0,3.0,1.0,1.0,1.0,1.0,1.0,1.0,2,36.7723,10.2212,2.0,1.0,0.0,0.0,210000.0,256097.71569620253,True,False,False,True,False,True,False,False,True,False
183000.0,105.0,3.0,1.0,1.0,0.0,1.0,0.0,0.0,4,35.4642,11.0468,2.0,0.0,0.0,0.0,216166.66666666666,327705.16642857145,True,False,False,True,False,False,True,False,True,False
218000.0,92.0,3.0,1.0,1.0,0.0,0.0,0.0,0.0,2,35.7678,10.8225,2.0,0.0,0.0,0.0,283320.10545454547,299054.0060240964,False,True,False,True,False,False,True,False,True,False
212000.0,94.0,3.0,1.0,1.0,0.0,1.0,1.0,0.0,2,35.7678,10.8225,2.0,1.0,0.0,0.0,283320.10545454547,299054.0060240964,False,True,False,True,False,False,True,False,True,False
110000.0,87.0,3.0,1.0,1.0,0.0,0.0,0.0,1.0,2,35.7678,10.8225,2.0,0.0,0.0,0.0,283320.10545454547,299054.0060240964,False,True,False,True,False,False,True,False,True,False
540000.0,160.0,4.0,2.0,0.0,0.0,1.0,1.0,0.0,2,36.8967,10.1777,3.0,0.0,1.0,0.0,298410.12333333335,368050.949375,False,True,False,True,False,False,False,True,True,False
369000.0,100.0,3.0,1.0,0.0,1.0,0.0,1.0,0.0,2,36.4011,10.6146,2.0,0.0,0.0,0.0,355184.6627435388,335553.90432183904,False,False,True,True,False,False,False,True,True,False
230000.0,47.0,2.0,1.0,0.0,0.0,1.0,1.0,0.0,2,36.8764,10.3253,2.0,1.0,0.0,0.0,519943.5195618153,495512.68618274975,False,False,True,True,False,False,False,True,True,False
245000.0,95.0,2.0,1.0,0.0,0.0,1.0,1.0,0.0,2,35.8273,10.6339,2.0,1.0,0.0,0.0,339414.0611787819,330755.1372713178,False,False,True,True,False,False,False,True,True,False
350000.0,119.0,4.0,1.0,1.0,0.0,0.0,0.0,0.0,2,35.844,10.6188,3.0,0.0,0.0,0.0,355184.6627435388,335553.90432183904,False,False,True,True,False,False,False,True,True,False
185000.0,66.0,3.0,1.0,1.0,0.0,0.0,0.0,1.0,2,35.7289,10.8145,2.0,0.0,0.0,0.0,283320.10545454547,299054.0060240964,False,True,False,True,False,False,True,False,True,False
330000.0,138.0,4.0,2.0,1.0,0.0,0.0,1.0,0.0,1,36.8833,10.25,3.0,1.0,0.0,0.0,393150.9196056338,368050.949375,False,False,True,True,False,False,False,True,True,False
145000.0,60.0,3.0,1.0,1.0,0.0,1.0,1.0,1.0,2,36.0301,10.5079,2.0,0.0,1.0,0.0,260917.67902439024,330755.1372713178,False,True,False,True,False,False,False,True,True,False
384000.0,109.0,3.0,2.0,1.0,0.0,0.0,1.0,0.0,2,36.4,10.6167,2.0,0.0,0.0,0.0,355184.6627435388,335553.90432183904,False,False,True,True,False,False,False,True,True,False
490000.0,163.0,3.0,1.0,0.0,0.0,1.0,0.0,0.0,2,36.4506,10.735,4.0,0.0,0.0,1.0,356101.26872727275,335553.90432183904,False,False,True,True,False,False,False,True,True,False
480000.0,102.0,3.0,1.0,1.0,0.0,1.0,0.0,0.0,2,36.4011,10.6146,3.0,0.0,0.0,1.0,355184.6627435388,335553.90432183904,False,False,True,True,False,False,False,True,True,False
230000.0,100.0,2.0,1.0,0.0,0.0,1.0,1.0,1.0,1,36.6939,10.2622,2.0,1.0,0.0,0.0,197548.69142857144,256097.71569620253,True,False,False,True,False,True,False,False,True,False
375000.0,114.0,3.0,2.0,1.0,0.0,0.0,1.0,0.0,3,36.8764,10.3253,2.0,0.0,0.0,0.0,519943.5195618153,495512.68618274975,False,False,True,True,False,False,False,True,True,False
400000.0,140.0,4.0,1.0,1.0,1.0,1.0,1.0,1.0,1,36.7786,10.0554,3.0,1.0,0.0,0.0,251258.3575,259667.45531914895,False,True,False,True,False,True,False,False,True,False
95000.0,70.0,3.0,1.0,1.0,0.0,0.0,0.0,0.0,2,36.4506,10.735,2.0,0.0,0.0,0.0,356101.26872727275,335553.90432183904,False,False,True,True,False,False,False,True,True,False
265000.0,114.0,4.0,1.0,1.0,0.0,1.0,0.0,0.0,2,36.8452,10.1647,3.0,1.0,0.0,0.0,346388.2,335553.90432183904,False,False,True,True,False,False,False,True,True,False
186000.0,85.0,3.0,1.0,1.0,0.0,0.0,0.0,0.0,2,36.836,10.1911,2.0,1.0,0.0,0.0,303301.0294117647,274088.2291666667,False,True,False,True,False,True,False,False,True,False
405000.0,129.0,3.0,2.0,0.0,0.0,0.0,0.0,0.0,2,36.4506,10.735,2.0,0.0,0.0,0.0,356101.26872727275,335553.90432183904,False,False,True,True,False,False,False,True,True,False
365000.0,73.0,3.0,1.0,0.0,1.0,1.0,1.0,1.0,3,36.8764,10.3253,2.0,1.0,0.0,1.0,519943.5195618153,495512.68618274975,False,False,True,True,False,False,False,True,True,False
1100000.0,220.0,3.0,1.0,1.0,0.0,0.0,0.0,1.0,2,36.8469,10.2642,3.0,1.0,0.0,0.0,519943.5195618153,495512.68618274975,False,False,True,True,False,False,False,True,True,False
370000.0,80.0,3.0,1.0,1.0,0.0,0.0,1.0,0.0,2,36.4011,10.6146,2.0,1.0,0.0,0.0,355184.6627435388,335553.90432183904,False,False,True,True,False,False,False,True,True,False
350000.0,130.0,3.0,1.0,1.0,1.0,1.0,1.0,0.0,2,36.8452,10.1647,2.0,1.0,0.0,0.0,346388.2,335553.90432183904,False,False,True,True,False,False,False,True,True,False
520000.0,120.0,3.0,1.0,1.0,0.0,0.0,0.0,0.0,2,36.8764,10.3253,2.0,0.0,0.0,0.0,519943.5195618153,495512.68618274975,False,False,True,True,False,False,False,True,True,False
393633.0,95.0,3.0,1.0,1.0,0.0,1.0,1.0,1.0,2,35.8497,10.5983,2.0,0.0,1.0,1.0,339414.0611787819,330755.1372713178,False,False,True,True,False,False,False,True,True,False
140000.0,100.0,4.0,1.0,1.0,0.0,0.0,0.0,0.0,2,36.8833,10.25,3.0,1.0,0.0,0.0,393150.9196056338,368050.949375,False,False,True,True,False,False,False,True,True,False
430000.0,150.0,4.0,2.0,0.0,1.0,1.0,1.0,1.0,2,36.8625,10.1956,3.0,1.0,0.0,0.0,362112.70683229814,368050.949375,False,False,True,True,False,False,False,True,True,False
620000.0,142.0,4.0,2.0,0.0,0.0,1.0,1.0,1.0,2,36.8833,10.25,3.0,1.0,1.0,0.0,393150.9196056338,368050.949375,False,False,True,True,False,False,False,True,True,False
235000.0,69.0,2.0,1.0,0.0,0.0,1.0,1.0,1.0,2,36.8959,10.1775,2.0,1.0,0.0,0.0,298410.12333333335,368050.949375,False,True,False,True,False,False,False,True,True,False
680000.0,150.0,3.0,2.0,1.0,0.0,1.0,1.0,1.0,2,36.8556,10.2918,2.0,1.0,0.0,0.0,601819.5220062697,495512.68618274975,False,False,True,True,False,False,False,True,True,False
395000.0,70.0,2.0,1.0,1.0,0.0,1.0,1.0,1.0,2,36.8333,10.3167,2.0,1.0,1.0,0.0,601819.5220062697,495512.68618274975,False,False,True,True,False,False,False,True,True,False
890000.0,209.0,4.0,2.0,1.0,0.0,1.0,1.0,0.0,2,36.8333,10.3167,3.0,1.0,0.0,0.0,601819.5220062697,495512.68618274975,False,False,True,True,False,False,False,True,True,False
215000.0,96.0,3.0,1.0,1.0,0.0,0.0,0.0,0.0,2,36.8806,10.1717,2.0,1.0,0.0,0.0,362112.70683229814,368050.949375,False,False,True,True,False,False,False,True,True,False
290000.0,127.0,3.0,1.0,1.0,0.0,0.0,0.0,0.0,2,36.8806,10.1717,2.0,1.0,0.0,0.0,362112.70683229814,368050.949375,False,False,True,True,False,False,False,True,True,False
240000.0,90.0,2.0,1.0,0.0,0.0,0.0,0.0,0.0,2,36.4011,10.6146,2.0,0.0,0.0,0.0,355184.6627435388,335553.90432183904,False,False,True,True,False,False,False,True,True,False
530000.0,150.0,4.0,1.0,1.0,0.0,1.0,1.0,0.0,2,36.4011,10.6146,3.0,1.0,0.0,0.0,355184.6627435388,335553.90432183904,False,False,True,True,False,False,False,True,True,False
440000.0,118.0,3.0,1.0,1.0,1.0,1.0,1.0,0.0,2,36.8883,10.2742,2.0,1.0,0.0,0.0,393150.9196056338,368050.949375,False,False,True,True,False,False,False,True,True,False
570000.0,165.0,3.0,1.0,0.0,0.0,0.0,0.0,0.0,2,36.8764,10.3253,3.0,1.0,0.0,0.0,519943.5195618153,495512.68618274975,False,False,True,True,False,False,False,True,True,False
270000.0,127.0,3.0,1.0,0.0,0.0,0.0,0.0,1.0,2,36.8625,10.1956,2.0,0.0,0.0,0.0,362112.70683229814,368050.949375,False,False,True,True,False,False,False,True,True,False
169000.0,144.0,4.0,1.0,0.0,0.0,0.0,0.0,0.0,2,36.8188,10.166,3.0,0.0,0.0,0.0,257110.19941176468,495512.68618274975,False,True,False,True,False,False,False,True,True,False
154000.0,70.0,3.0,2.0,0.0,0.0,0.0,0.0,1.0,3,36.8188,10.166,2.0,0.0,0.0,0.0,257110.19941176468,495512.68618274975,False,True,False,True,False,False,False,True,True,False
650000.0,113.0,2.0,1.0,1.0,0.0,1.0,1.0,1.0,2,36.8764,10.3253,3.0,1.0,0.0,0.0,519943.5195618153,495512.68618274975,False,False,True,True,False,False,False,True,True,False
145000.0,52.0,3.0,1.0,0.0,0.0,1.0,1.0,0.0,2,36.0301,10.5079,2.0,0.0,0.0,0.0,260917.67902439024,330755.1372713178,False,True,False,True,False,False,False,True,True,False
510000.0,230.0,4.0,2.0,1.0,0.0,1.0,1.0,1.0,5,35.8273,10.6339,3.0,0.0,0.0,0.0,339414.0611787819,330755.1372713178,False,False,True,True,False,False,False,True,True,False
265000.0,100.0,3.0,1.0,1.0,0.0,1.0,1.0,1.0,1,35.8273,10.6339,2.0,1.0,0.0,0.0,339414.0611787819,330755.1372713178,False,False,True,True,False,False,False,True,True,False
145000.0,108.0,3.0,1.0,1.0,0.0,0.0,0.0,1.0,2,35.75,10.72,2.0,0.0,0.0,0.0,304361.5,299054.0060240964,False,True,False,True,False,False,True,False,True,False
398000.0,153.0,3.0,2.0,1.0,0.0,1.0,1.0,0.0,2,36.8833,10.25,2.0,1.0,0.0,0.0,393150.9196056338,368050.949375,False,False,True,True,False,False,False,True,True,False
349000.0,118.0,2.0,1.0,0.0,0.0,0.0,0.0,0.0,2,36.8833,10.25,2.0,1.0,1.0,0.0,393150.9196056338,368050.949375,False,False,True,True,False,False,False,True,True,False
360000.0,200.0,4.0,2.0,1.0,0.0,1.0,1.0,1.0,2,36.8764,10.3253,3.0,0.0,1.0,0.0,519943.5195618153,495512.68618274975,False,False,True,True,False,False,False,True,True,False
263000.0,117.0,4.0,2.0,0.0,0.0,0.0,0.0,0.0,2,36.8827,10.2948,3.0,0.0,0.0,0.0,393150.9196056338,368050.949375,False,False,True,True,False,False,False,True,True,False
270000.0,114.0,3.0,2.0,1.0,1.0,0.0,1.0,1.0,2,36.789,10.1835,2.0,1.0,0.0,0.0,224240.0,406094.33674999996,False,True,False,True,False,False,False,True,True,False
510000.0,167.0,4.0,1.0,0.0,0.0,1.0,1.0,1.0,1,36.8639,10.2739,3.0,1.0,0.0,0.0,519943.5195618153,495512.68618274975,False,False,True,True,False,False,False,True,True,False
275000.0,58.0,2.0,1.0,1.0,0.0,1.0,1.0,0.0,2,36.3896,10.6014,2.0,1.0,1.0,1.0,355184.6627435388,335553.90432183904,False,False,True,True,False,False,False,True,True,False
650000.0,113.0,3.0,1.0,1.0,1.0,1.0,1.0,1.0,2,36.8764,10.3253,4.0,0.0,0.0,0.0,519943.5195618153,495512.68618274975,False,False,True,True,False,False,False,True,True,False
440000.0,110.0,3.0,1.0,1.0,1.0,1.0,1.0,1.0,2,35.8324,10.6225,2.0,0.0,0.0,0.0,339414.0611787819,330755.1372713178,False,False,True,True,False,False,False,True,True,False
409000.0,118.0,3.0,2.0,0.0,1.0,1.0,1.0,0.0,1,36.8452,10.1647,2.0,1.0,0.0,0.0,346388.2,335553.90432183904,False,False,True,True,False,False,False,True,True,False
380000.0,138.0,4.0,2.0,1.0,0.0,1.0,1.0,0.0,2,36.8764,10.3253,3.0,1.0,0.0,0.0,519943.5195618153,495512.68618274975,False,False,True,True,False,False,False,True,True,False
560000.0,180.0,2.0,1.0,0.0,0.0,1.0,0.0,0.0,2,36.4354,10.6308,2.0,0.0,0.0,0.0,355184.6627435388,335553.90432183904,False,False,True,True,False,False,False,True,True,False
560000.0,180.0,2.0,1.0,0.0,0.0,1.0,0.0,0.0,2,36.4198,10.6619,2.0,0.0,0.0,0.0,355184.6627435388,335553.90432183904,False,False,True,True,False,False,False,True,True,False
850000.0,115.0,2.0,1.0,1.0,0.0,1.0,1.0,0.0,2,36.8764,10.3253,2.0,0.0,1.0,0.0,519943.5195618153,495512.68618274975,False,False,True,True,False,False,False,True,True,False
198000.0,100.0,3.0,1.0,1.0,0.0,0.0,1.0,0.0,4,36.8806,10.1717,3.0,1.0,0.0,0.0,362112.70683229814,368050.949375,False,False,True,True,False,False,False,True,True,False
220000.0,67.0,3.0,1.0,0.0,0.0,0.0,0.0,0.0,2,36.8625,10.1956,2.0,0.0,0.0,0.0,362112.70683229814,368050.949375,False,False,True,True,False,False,False,True,True,False
94640.0,80.0,3.0,1.0,0.0,0.0,0.0,0.0,0.0,5,36.8094,9.909,2.0,0.0,0.0,0.0,87320.0,259667.45531914895,True,False,False,False,True,True,False,False,True,False
480000.0,128.0,3.0,1.0,1.0,0.0,1.0,1.0,1.0,2,36.4011,10.6146,2.0,1.0,0.0,0.0,355184.6627435388,335553.90432183904,False,False,True,True,False,False,False,True,True,False
430000.0,117.0,3.0,2.0,1.0,0.0,1.0,1.0,1.0,2,36.8556,10.2918,2.0,1.0,1.0,0.0,519943.5195618153,495512.68618274975,False,False,True,True,False,False,False,True,True,False
200000.0,56.0,2.0,1.0,1.0,0.0,1.0,1.0,0.0,2,35.844,10.6188,2.0,0.0,0.0,0.0,355184.6627435388,335553.90432183904,False,False,True,True,False,False,False,True,True,False
618000.0,153.0,3.0,3.0,1.0,0.0,1.0,1.0,0.0,2,36.8833,10.25,2.0,1.0,0.0,1.0,393150.9196056338,368050.949375,False,False,True,True,False,False,False,True,True,False
157000.0,48.0,3.0,1.0,1.0,1.0,0.0,1.0,0.0,2,36.8833,10.25,2.0,0.0,0.0,0.0,393150.9196056338,368050.949375,False,False,True,True,False,False,False,True,True,False
230000.0,122.0,3.0,1.0,1.0,1.0,1.0,1.0,0.0,2,36.8833,10.25,2.0,0.0,0.0,0.0,393150.9196056338,368050.949375,False,False,True,True,False,False,False,True,True,False
275000.0,64.0,3.0,1.0,0.0,1.0,0.0,1.0,0.0,2,36.8764,10.3253,2.0,1.0,0.0,0.0,519943.5195618153,495512.68618274975,False,False,True,True,False,False,False,True,True,False
515000.0,190.0,3.0,2.0,1.0,0.0,1.0,1.0,1.0,2,36.4011,10.6146,2.0,1.0,1.0,0.0,355184.6627435388,335553.90432183904,False,False,True,True,False,False,False,True,True,False
220000.0,130.0,3.0,1.0,1.0,0.0,0.0,0.0,0.0,1,36.8493,11.0918,3.0,0.0,0.0,0.0,189879.7706849315,335553.90432183904,True,False,False,True,False,False,False,True,True,False
290000.0,60.0,2.0,1.0,1.0,0.0,1.0,1.0,1.0,1,36.8764,10.3253,2.0,1.0,0.0,0.0,519943.5195618153,495512.68618274975,False,False,True,True,False,False,False,True,True,False
700000.0,120.0,3.0,3.0,0.0,1.0,1.0,1.0,1.0,2,36.8333,10.3167,3.0,1.0,0.0,0.0,601819.5220062697,495512.68618274975,False,False,True,True,False,False,False,True,True,False
250000.0,120.0,4.0,2.0,1.0,0.0,1.0,1.0,0.0,4,36.8764,10.3253,3.0,0.0,0.0,0.0,519943.5195618153,495512.68618274975,False,False,True,True,False,False,False,True,True,False
200000.0,56.0,2.0,1.0,1.0,0.0,1.0,1.0,1.0,2,35.844,10.6188,2.0,1.0,0.0,0.0,355184.6627435388,335553.90432183904,False,False,True,True,False,False,False,True,True,False
329000.0,104.0,3.0,1.0,0.0,0.0,1.0,1.0,1.0,2,36.7265,10.2961,2.0,1.0,1.0,0.0,356912.7528888889,256097.71569620253,False,False,True,True,False,True,False,False,True,False
330000.0,126.0,3.0,2.0,1.0,0.0,1.0,1.0,1.0,5,36.8833,10.25,3.0,1.0,0.0,0.0,393150.9196056338,368050.949375,False,False,True,True,False,False,False,True,True,False
560000.0,101.0,4.0,2.0,1.0,1.0,1.0,1.0,1.0,2,36.4011,10.6146,3.0,0.0,0.0,0.0,355184.6627435388,335553.90432183904,False,False,True,True,False,False,False,True,True,False
650000.0,156.0,3.0,3.0,1.0,0.0,1.0,1.0,1.0,2,36.8833,10.25,3.0,1.0,0.0,0.0,393150.9196056338,368050.949375,False,False,True,True,False,False,False,True,True,False
375000.0,113.0,3.0,1.0,1.0,0.0,1.0,1.0,1.0,2,36.8833,10.25,2.0,1.0,0.0,0.0,393150.9196056338,368050.949375,False,False,True,True,False,False,False,True,True,False
380000.0,121.0,3.0,2.0,1.0,0.0,1.0,1.0,0.0,2,35.844,10.6188,2.0,0.0,0.0,0.0,355184.6627435388,335553.90432183904,False,False,True,True,False,False,False,True,True,False
550000.0,156.0,3.0,1.0,0.0,0.0,1.0,1.0,1.0,2,36.4011,10.6146,3.0,0.0,0.0,0.0,355184.6627435388,335553.90432183904,False,False,True,True,False,False,False,True,True,False
150000.0,30.0,3.0,1.0,0.0,0.0,1.0,0.0,0.0,2,36.4011,10.6146,2.0,0.0,0.0,0.0,355184.6627435388,335553.90432183904,False,False,True,True,False,False,False,True,True,False
290000.0,135.0,3.0,1.0,1.0,0.0,0.0,1.0,0.0,2,36.8332,10.1385,2.0,0.0,0.0,0.0,346388.2,335553.90432183904,False,False,True,True,False,False,False,True,True,False
190000.0,72.0,3.0,1.0,1.0,1.0,1.0,1.0,0.0,2,36.4011,10.6146,2.0,0.0,0.0,0.0,355184.6627435388,335553.90432183904,False,False,True,True,False,False,False,True,True,False
370000.0,112.0,3.0,2.0,1.0,0.0,1.0,1.0,1.0,2,36.8833,10.25,2.0,1.0,0.0,0.0,393150.9196056338,368050.949375,False,False,True,True,False,False,False,True,True,False
375000.0,105.0,3.0,1.0,1.0,0.0,1.0,1.0,1.0,2,36.8833,10.25,2.0,1.0,0.0,0.0,393150.9196056338,368050.949375,False,False,True,True,False,False,False,True,True,False
320000.0,150.0,5.0,1.0,1.0,0.0,0.0,1.0,0.0,2,36.8764,10.3253,4.0,0.0,0.0,0.0,519943.5195618153,495512.68618274975,False,False,True,True,False,False,False,True,True,False
230000.0,115.0,3.0,1.0,1.0,0.0,1.0,1.0,0.0,2,36.8764,10.3253,2.0,0.0,0.0,0.0,519943.5195618153,495512.68618274975,False,False,True,True,False,False,False,True,True,False
670000.0,196.0,4.0,2.0,1.0,0.0,1.0,1.0,1.0,2,36.8764,10.3253,3.0,1.0,1.0,0.0,519943.5195618153,495512.68618274975,False,False,True,True,False,False,False,True,True,False
392000.0,120.0,4.0,2.0,1.0,0.0,1.0,1.0,1.0,1,35.7276,10.5394,3.0,0.0,0.0,1.0,353905.15,306012.785,False,False,True,False,True,False,True,False,True,False
285000.0,115.0,3.0,1.0,1.0,0.0,1.0,1.0,1.0,4,36.8452,10.1647,2.0,1.0,0.0,0.0,346388.2,335553.90432183904,False,False,True,True,False,False,False,True,True,False
640000.0,130.0,3.0,1.0,0.0,0.0,1.0,1.0,1.0,2,36.8764,10.3253,2.0,1.0,0.0,0.0,519943.5195618153,495512.68618274975,False,False,True,True,False,False,False,True,True,False
780000.0,200.0,5.0,3.0,1.0,0.0,1.0,1.0,1.0,2,36.8333,10.3167,3.0,1.0,1.0,0.0,601819.5220062697,495512.68618274975,False,False,True,True,False,False,False,True,True,False
385000.0,129.0,3.0,1.0,1.0,1.0,1.0,1.0,0.0,2,36.8405,10.1696,2.0,0.0,0.0,0.0,346388.2,335553.90432183904,False,False,True,True,False,False,False,True,True,False
135000.0,98.0,3.0,1.0,0.0,0.0,0.0,0.0,0.0,2,36.789,10.1835,2.0,1.0,0.0,0.0,224240.0,406094.33674999996,False,True,False,True,False,False,False,True,True,False
150000.0,57.0,2.0,1.0,1.0,0.0,1.0,1.0,0.0,1,36.789,10.1835,2.0,1.0,0.0,0.0,224240.0,406094.33674999996,False,True,False,True,False,False,False,True,True,False
220000.0,100.0,3.0,2.0,1.0,0.0,1.0,1.0,1.0,2,36.789,10.1835,2.0,0.0,0.0,0.0,224240.0,406094.33674999996,False,True,False,True,False,False,False,True,True,False
526400.0,188.0,4.0,2.0,0.0,0.0,1.0,1.0,1.0,2,36.8959,10.1775,3.0,1.0,0.0,0.0,298410.12333333335,368050.949375,False,True,False,True,False,False,False,True,True,False
190000.0,57.0,3.0,1.0,1.0,0.0,1.0,0.0,1.0,2,36.0301,10.5079,2.0,0.0,1.0,1.0,260917.67902439024,330755.1372713178,False,True,False,True,False,False,False,True,True,False
268000.0,103.0,3.0,2.0,1.0,0.0,1.0,1.0,1.0,1,36.0164,10.5143,2.0,1.0,0.0,1.0,260917.67902439024,330755.1372713178,False,True,False,True,False,False,False,True,True,False
287175.0,69.0,2.0,1.0,1.0,0.0,1.0,1.0,1.0,2,36.8893,10.2079,2.0,1.0,1.0,1.0,393150.9196056338,368050.949375,False,False,True,True,False,False,False,True,True,False
85000.0,70.0,3.0,1.0,0.0,0.0,1.0,0.0,0.0,3,35.8273,10.6339,2.0,1.0,0.0,0.0,339414.0611787819,330755.1372713178,False,False,True,True,False,False,False,True,True,False
225000.0,126.0,3.0,1.0,1.0,1.0,0.0,1.0,1.0,2,36.789,10.1835,2.0,1.0,0.0,0.0,215000.0,300416.6666666667,True,False,False,True,False,False,True,False,True,False
510000.0,190.0,3.0,1.0,1.0,0.0,1.0,0.0,0.0,2,36.4506,10.735,3.0,0.0,0.0,1.0,356101.26872727275,335553.90432183904,False,False,True,True,False,False,False,True,True,False
235600.0,62.0,3.0,1.0,1.0,0.0,1.0,1.0,1.0,3,36.4506,10.735,2.0,1.0,0.0,1.0,356101.26872727275,335553.90432183904,False,False,True,True,False,False,False,True,True,False
220000.0,85.0,3.0,1.0,0.0,0.0,1.0,1.0,1.0,2,36.4506,10.735,2.0,0.0,0.0,0.0,356101.26872727275,335553.90432183904,False,False,True,True,False,False,False,True,True,False
195000.0,82.0,3.0,1.0,1.0,0.0,1.0,0.0,1.0,2,35.3581,10.73,2.0,0.0,0.0,0.0,216166.66666666666,327705.16642857145,True,False,False,True,False,False,True,False,True,False
355000.0,83.0,3.0,1.0,1.0,1.0,1.0,1.0,1.0,2,36.4011,10.6146,2.0,0.0,0.0,0.0,355184.6627435388,335553.90432183904,False,False,True,True,False,False,False,True,True,False
375000.0,73.0,2.0,1.0,0.0,0.0,0.0,0.0,1.0,2,36.8764,10.3253,2.0,1.0,0.0,0.0,519943.5195618153,495512.68618274975,False,False,True,True,False,False,False,True,True,False
540000.0,90.0,2.0,1.0,0.0,0.0,1.0,0.0,0.0,2,36.8764,10.3253,3.0,1.0,0.0,0.0,519943.5195618153,495512.68618274975,False,False,True,True,False,False,False,True,True,False
300000.0,117.0,4.0,1.0,1.0,0.0,1.0,1.0,1.0,1,36.7804,10.0546,3.0,1.0,1.0,0.0,251258.3575,259667.45531914895,False,True,False,True,False,True,False,False,True,False
175000.0,65.0,3.0,1.0,1.0,0.0,1.0,1.0,1.0,5,36.948,10.1846,2.0,1.0,0.0,0.0,298410.12333333335,368050.949375,False,True,False,True,False,False,False,True,True,False
169000.0,80.0,3.0,1.0,1.0,0.0,0.0,0.0,0.0,2,36.8188,10.166,2.0,0.0,0.0,0.0,257110.19941176468,495512.68618274975,False,True,False,True,False,False,False,True,True,False
530000.0,150.0,3.0,1.0,1.0,1.0,1.0,1.0,0.0,2,36.8942,10.2762,2.0,0.0,0.0,0.0,519943.5195618153,495512.68618274975,False,False,True,True,False,False,False,True,True,False
218000.0,76.0,2.0,1.0,1.0,1.0,1.0,1.0,0.0,2,36.0301,10.5079,2.0,1.0,0.0,0.0,260917.67902439024,330755.1372713178,False,True,False,True,False,False,False,True,True,False
470000.0,160.0,4.0,3.0,0.0,0.0,1.0,1.0,1.0,3,35.8273,10.6339,3.0,1.0,0.0,0.0,339414.0611787819,330755.1372713178,False,False,True,True,False,False,False,True,True,False
529000.0,139.0,4.0,2.0,0.0,0.0,0.0,0.0,0.0,2,36.8883,10.2742,3.0,0.0,0.0,0.0,393150.9196056338,368050.949375,False,False,True,True,False,False,False,True,True,False
130000.0,60.0,2.0,1.0,0.0,1.0,1.0,1.0,0.0,2,35.8324,10.6225,2.0,0.0,0.0,0.0,339414.0611787819,330755.1372713178,False,False,True,True,False,False,False,True,True,False
350000.0,120.0,4.0,1.0,1.0,0.0,1.0,1.0,0.0,1,36.8302,10.1677,3.0,0.0,0.0,0.0,261889.71862068964,256097.71569620253,False,True,False,True,False,True,False,False,True,False
540000.0,106.0,3.0,1.0,1.0,0.0,1.0,1.0,1.0,2,36.8333,10.3167,2.0,1.0,0.0,0.0,601819.5220062697,495512.68618274975,False,False,True,True,False,False,False,True,True,False
550000.0,183.0,3.0,2.0,1.0,1.0,1.0,1.0,0.0,2,36.4506,10.735,3.0,1.0,0.0,0.0,356101.26872727275,335553.90432183904,False,False,True,True,False,False,False,True,True,False
420000.0,114.0,3.0,2.0,1.0,0.0,1.0,1.0,1.0,3,36.8333,10.3167,2.0,1.0,1.0,0.0,601819.5220062697,495512.68618274975,False,False,True,True,False,False,False,True,True,False
466000.0,103.0,3.0,2.0,1.0,1.0,1.0,1.0,1.0,2,35.9758,10.446,2.0,0.0,1.0,1.0,339414.0611787819,330755.1372713178,False,False,True,True,False,False,False,True,True,False
420000.0,152.0,4.0,3.0,1.0,0.0,1.0,1.0,1.0,3,36.8625,10.1956,3.0,1.0,0.0,0.0,362112.70683229814,368050.949375,False,False,True,True,False,False,False,True,True,False
400000.0,129.0,3.0,2.0,0.0,0.0,1.0,1.0,1.0,6,36.8534,10.2505,3.0,1.0,0.0,0.0,519943.5195618153,495512.68618274975,False,False,True,True,False,False,False,True,True,False
490000.0,160.0,3.0,1.0,1.0,1.0,0.0,1.0,1.0,2,36.8605,10.1604,2.0,0.0,0.0,0.0,362112.70683229814,368050.949375,False,False,True,True,False,False,False,True,True,False
420000.0,113.0,3.0,2.0,1.0,0.0,1.0,1.0,0.0,2,36.8764,10.3253,2.0,1.0,0.0,0.0,519943.5195618153,495512.68618274975,False,False,True,True,False,False,False,True,True,False
370000.0,90.0,3.0,1.0,1.0,1.0,1.0,1.0,0.0,1,35.87,10.57,2.0,0.0,0.0,0.0,347622.13037037035,330755.1372713178,False,False,True,True,False,False,False,True,True,False
560000.0,148.0,4.0,1.0,1.0,0.0,1.0,1.0,1.0,2,35.8569,10.5972,3.0,0.0,0.0,1.0,339414.0611787819,330755.1372713178,False,False,True,True,False,False,False,True,True,False
265000.0,65.0,3.0,1.0,1.0,0.0,1.0,1.0,1.0,4,36.4506,10.735,2.0,1.0,0.0,1.0,356101.26872727275,335553.90432183904,False,False,True,True,False,False,False,True,True,False
108000.0,80.0,3.0,1.0,1.0,0.0,0.0,0.0,0.0,2,36.8188,10.166,2.0,0.0,0.0,0.0,257110.19941176468,495512.68618274975,False,True,False,True,False,False,False,True,True,False
205000.0,86.0,3.0,1.0,1.0,1.0,1.0,1.0,1.0,2,36.8833,10.25,2.0,0.0,0.0,0.0,393150.9196056338,368050.949375,False,False,True,True,False,False,False,True,True,False
880000.0,115.0,2.0,1.0,1.0,0.0,0.0,0.0,1.0,2,36.8764,10.3253,2.0,1.0,0.0,0.0,519943.5195618153,495512.68618274975,False,False,True,True,False,False,False,True,True,False
580000.0,139.0,4.0,3.0,1.0,1.0,1.0,1.0,1.0,2,36.8764,10.3253,3.0,1.0,0.0,0.0,519943.5195618153,495512.68618274975,False,False,True,True,False,False,False,True,True,False
860000.0,180.0,5.0,3.0,1.0,0.0,0.0,1.0,1.0,2,36.8764,10.3253,4.0,1.0,1.0,0.0,519943.5195618153,495512.68618274975,False,False,True,True,False,False,False,True,True,False
240000.0,100.0,3.0,1.0,1.0,0.0,0.0,1.0,0.0,2,36.8462,10.2623,2.0,1.0,0.0,0.0,519943.5195618153,495512.68618274975,False,False,True,True,False,False,False,True,True,False
325000.0,80.0,2.0,1.0,1.0,0.0,1.0,1.0,1.0,5,36.4506,10.735,2.0,1.0,0.0,1.0,356101.26872727275,335553.90432183904,False,False,True,True,False,False,False,True,True,False
268000.0,66.0,3.0,1.0,1.0,0.0,1.0,1.0,1.0,3,36.4506,10.735,2.0,1.0,0.0,1.0,356101.26872727275,335553.90432183904,False,False,True,True,False,False,False,True,True,False
470000.0,170.0,4.0,2.0,1.0,0.0,1.0,1.0,1.0,2,36.8625,10.1956,3.0,1.0,0.0,0.0,362112.70683229814,368050.949375,False,False,True,True,False,False,False,True,True,False
800000.0,150.0,4.0,2.0,1.0,1.0,1.0,1.0,0.0,1,36.8333,10.3167,3.0,1.0,0.0,0.0,601819.5220062697,495512.68618274975,False,False,True,True,False,False,False,True,True,False
360000.0,30.0,3.0,1.0,0.0,1.0,1.0,1.0,1.0,2,36.8496,10.3054,2.0,0.0,0.0,1.0,601819.5220062697,495512.68618274975,False,False,True,True,False,False,False,True,True,False
748200.0,121.0,3.0,1.0,1.0,0.0,1.0,1.0,1.0,2,36.8333,10.3167,2.0,1.0,0.0,0.0,601819.5220062697,495512.68618274975,False,False,True,True,False,False,False,True,True,False
455000.0,143.0,3.0,3.0,1.0,1.0,1.0,1.0,1.0,1,35.83,10.6012,3.0,0.0,0.0,1.0,339414.0611787819,330755.1372713178,False,False,True,True,False,False,False,True,True,False
130000.0,70.0,3.0,1.0,0.0,0.0,0.0,0.0,0.0,2,36.8188,10.166,2.0,0.0,0.0,0.0,257110.19941176468,495512.68618274975,False,True,False,True,False,False,False,True,True,False
130000.0,72.0,4.0,2.0,0.0,0.0,0.0,0.0,0.0,2,36.7311,10.3277,2.0,0.0,0.0,0.0,113500.0,256097.71569620253,True,False,False,False,True,True,False,False,True,False
349300.0,134.0,3.0,1.0,1.0,0.0,1.0,1.0,1.0,4,36.9544,10.1914,2.0,1.0,0.0,0.0,298410.12333333335,368050.949375,False,True,False,True,False,False,False,True,True,False
505000.0,172.0,4.0,2.0,1.0,0.0,1.0,1.0,1.0,4,36.8764,10.3253,3.0,1.0,0.0,0.0,519943.5195618153,495512.68618274975,False,False,True,True,False,False,False,True,True,False
950000.0,210.0,5.0,2.0,1.0,0.0,1.0,1.0,1.0,1,36.8333,10.3167,3.0,1.0,0.0,1.0,601819.5220062697,495512.68618274975,False,False,True,True,False,False,False,True,True,False
175000.0,65.0,2.0,1.0,1.0,0.0,1.0,1.0,1.0,1,35.8324,10.6225,2.0,0.0,0.0,0.0,339414.0611787819,330755.1372713178,False,False,True,True,False,False,False,True,True,False
450000.0,165.0,3.0,1.0,0.0,0.0,0.0,0.0,0.0,2,35.8324,10.6225,3.0,0.0,0.0,0.0,339414.0611787819,330755.1372713178,False,False,True,True,False,False,False,True,True,False
290000.0,100.0,2.0,1.0,0.0,0.0,0.0,0.0,0.0,2,35.8324,10.6225,2.0,1.0,0.0,0.0,339414.0611787819,330755.1372713178,False,False,True,True,False,False,False,True,True,False
380000.0,48.0,2.0,1.0,0.0,0.0,1.0,1.0,0.0,2,36.4011,10.6146,2.0,0.0,0.0,0.0,355184.6627435388,335553.90432183904,False,False,True,True,False,False,False,True,True,False
650000.0,190.0,3.0,1.0,0.0,1.0,1.0,1.0,0.0,2,36.4011,10.6146,2.0,0.0,0.0,1.0,355184.6627435388,335553.90432183904,False,False,True,True,False,False,False,True,True,False
340000.0,200.0,5.0,1.0,0.0,0.0,0.0,0.0,0.0,2,36.8493,11.0918,2.0,0.0,1.0,0.0,189879.7706849315,335553.90432183904,True,False,False,True,False,False,False,True,True,False
237000.0,50.0,3.0,1.0,0.0,1.0,1.0,0.0,1.0,3,35.87,10.57,2.0,0.0,0.0,1.0,347622.13037037035,330755.1372713178,False,False,True,True,False,False,False,True,True,False
670000.0,197.0,3.0,1.0,1.0,0.0,0.0,0.0,1.0,2,36.9177,10.2889,4.0,1.0,1.0,0.0,519943.5195618153,495512.68618274975,False,False,True,True,False,False,False,True,True,False
320000.0,105.0,3.0,1.0,0.0,1.0,1.0,1.0,1.0,2,36.8625,10.1956,2.0,1.0,0.0,0.0,362112.70683229814,368050.949375,False,False,True,True,False,False,False,True,True,False
120000.0,85.0,3.0,1.0,0.0,0.0,0.0,0.0,0.0,4,36.7763,10.1671,2.0,0.0,0.0,0.0,257110.19941176468,495512.68618274975,False,True,False,True,False,False,False,True,True,False
208000.0,100.0,3.0,1.0,1.0,0.0,0.0,0.0,1.0,2,36.8302,10.1374,2.0,0.0,0.0,0.0,190533.3,495512.68618274975,True,False,False,True,False,False,False,True,True,False
87000.0,40.0,3.0,1.0,0.0,0.0,0.0,0.0,0.0,2,36.8145,10.1345,2.0,0.0,1.0,0.0,190533.3,495512.68618274975,True,False,False,True,False,False,False,True,True,False
145000.0,92.0,3.0,1.0,0.0,0.0,0.0,0.0,0.0,2,36.8145,10.1345,2.0,1.0,0.0,0.0,190533.3,495512.68618274975,True,False,False,True,False,False,False,True,True,False
295000.0,101.0,3.0,1.0,1.0,1.0,1.0,1.0,0.0,2,36.8145,10.1345,2.0,1.0,0.0,0.0,190533.3,495512.68618274975,True,False,False,True,False,False,False,True,True,False
185000.0,116.0,3.0,1.0,1.0,0.0,0.0,1.0,0.0,2,36.8145,10.1345,2.0,0.0,0.0,0.0,190533.3,495512.68618274975,True,False,False,True,False,False,False,True,True,False
457000.0,72.0,2.0,1.0,0.0,0.0,1.0,1.0,1.0,2,36.8469,10.2642,2.0,1.0,1.0,0.0,519943.5195618153,495512.68618274975,False,False,True,True,False,False,False,True,True,False
1076000.0,205.0,4.0,3.0,0.0,0.0,1.0,1.0,1.0,2,36.8469,10.2642,3.0,1.0,1.0,0.0,519943.5195618153,495512.68618274975,False,False,True,True,False,False,False,True,True,False
245000.0,70.0,2.0,1.0,0.0,1.0,1.0,1.0,1.0,2,35.83,10.6012,2.0,0.0,0.0,1.0,339414.0611787819,330755.1372713178,False,False,True,True,False,False,False,True,True,False
670000.0,130.0,3.0,1.0,1.0,0.0,1.0,1.0,1.0,2,36.8469,10.2642,2.0,1.0,0.0,0.0,519943.5195618153,495512.68618274975,False,False,True,True,False,False,False,True,True,False
600000.0,152.0,3.0,3.0,1.0,0.0,0.0,0.0,1.0,3,36.8547,10.2721,2.0,1.0,0.0,0.0,519943.5195618153,495512.68618274975,False,False,True,True,False,False,False,True,True,False
450000.0,173.0,4.0,1.0,1.0,0.0,1.0,1.0,0.0,2,36.4011,10.6146,3.0,0.0,0.0,0.0,355184.6627435388,335553.90432183904,False,False,True,True,False,False,False,True,True,False
335000.0,114.0,3.0,1.0,1.0,0.0,1.0,1.0,1.0,5,36.8625,10.1956,2.0,1.0,0.0,0.0,362112.70683229814,368050.949375,False,False,True,True,False,False,False,True,True,False
440000.0,178.0,3.0,1.0,1.0,1.0,1.0,1.0,1.0,2,36.8833,10.25,2.0,1.0,1.0,0.0,393150.9196056338,368050.949375,False,False,True,True,False,False,False,True,True,False
310000.0,98.0,3.0,1.0,1.0,0.0,1.0,1.0,0.0,5,36.8534,10.2505,2.0,1.0,0.0,0.0,519943.5195618153,495512.68618274975,False,False,True,True,False,False,False,True,True,False
900000.0,211.0,5.0,2.0,1.0,0.0,1.0,1.0,1.0,4,36.8489,10.2748,3.0,1.0,0.0,0.0,519943.5195618153,495512.68618274975,False,False,True,True,False,False,False,True,True,False
900000.0,190.0,3.0,1.0,1.0,0.0,0.0,0.0,1.0,2,36.8355,10.2242,4.0,1.0,0.0,0.0,519943.5195618153,495512.68618274975,False,False,True,True,False,False,False,True,True,False
300000.0,146.0,4.0,2.0,1.0,0.0,0.0,1.0,0.0,2,36.8764,10.3253,3.0,1.0,0.0,0.0,519943.5195618153,495512.68618274975,False,False,True,True,False,False,False,True,True,False
360000.0,103.0,3.0,1.0,1.0,1.0,1.0,1.0,0.0,2,36.8764,10.3253,3.0,1.0,0.0,0.0,519943.5195618153,495512.68618274975,False,False,True,True,False,False,False,True,True,False
557000.0,137.0,3.0,1.0,0.0,0.0,0.0,0.0,0.0,2,36.4198,10.6619,2.0,1.0,1.0,0.0,355184.6627435388,335553.90432183904,False,False,True,True,False,False,False,True,True,False
313000.0,85.0,3.0,2.0,0.0,0.0,0.0,0.0,0.0,2,36.8764,10.3253,2.0,0.0,0.0,0.0,519943.5195618153,495512.68618274975,False,False,True,True,False,False,False,True,True,False
148000.0,94.0,3.0,2.0,1.0,0.0,0.0,0.0,1.0,2,36.8833,10.25,2.0,0.0,0.0,0.0,393150.9196056338,368050.949375,False,False,True,True,False,False,False,True,True,False
170000.0,90.0,4.0,1.0,0.0,0.0,0.0,0.0,0.0,2,36.8302,10.1374,3.0,0.0,0.0,0.0,190533.3,495512.68618274975,True,False,False,True,False,False,False,True,True,False
220000.0,60.0,3.0,1.0,0.0,0.0,1.0,1.0,0.0,6,36.8496,10.1454,2.0,0.0,0.0,0.0,346388.2,335553.90432183904,False,False,True,True,False,False,False,True,True,False
510000.0,142.0,3.0,1.0,1.0,0.0,1.0,1.0,1.0,2,36.8965,10.218,2.0,1.0,0.0,0.0,393150.9196056338,368050.949375,False,False,True,True,False,False,False,True,True,False
285000.0,160.0,3.0,1.0,1.0,0.0,0.0,0.0,0.0,2,35.5044,11.0661,2.0,0.0,0.0,0.0,277969.225,327705.16642857145,False,True,False,True,False,False,True,False,True,False
225000.0,50.0,3.0,1.0,0.0,0.0,1.0,1.0,0.0,2,36.4011,10.6146,2.0,0.0,0.0,0.0,355184.6627435388,335553.90432183904,False,False,True,True,False,False,False,True,True,False
380000.0,110.0,2.0,1.0,0.0,0.0,0.0,0.0,0.0,2,36.8764,10.3253,3.0,0.0,0.0,0.0,519943.5195618153,495512.68618274975,False,False,True,True,False,False,False,True,True,False
345000.0,170.0,2.0,1.0,0.0,0.0,0.0,0.0,0.0,2,36.8463,11.0963,2.0,1.0,0.0,0.0,189879.7706849315,335553.90432183904,True,False,False,True,False,False,False,True,True,False
560000.0,106.0,3.0,1.0,1.0,1.0,1.0,1.0,1.0,1,35.9431,10.5202,2.0,1.0,0.0,0.0,389984.1204651163,406094.33674999996,False,False,True,True,False,False,False,True,True,False
240000.0,80.0,3.0,1.0,0.0,1.0,1.0,0.0,0.0,2,35.8337,10.6407,2.0,0.0,0.0,0.0,303301.0294117647,274088.2291666667,False,True,False,True,False,True,False,False,True,False
280000.0,85.0,3.0,1.0,1.0,0.0,0.0,1.0,1.0,1,35.8337,10.6407,2.0,0.0,0.0,0.0,303301.0294117647,274088.2291666667,False,True,False,True,False,True,False,False,True,False
883000.0,221.0,3.0,3.0,1.0,0.0,1.0,1.0,1.0,2,36.8484,10.3099,3.0,0.0,1.0,1.0,601819.5220062697,495512.68618274975,False,False,True,True,False,False,False,True,True,False
400000.0,100.0,3.0,1.0,1.0,0.0,1.0,1.0,1.0,2,35.8659,10.6064,2.0,0.0,0.0,0.0,339414.0611787819,330755.1372713178,False,False,True,True,False,False,False,True,True,False
200000.0,90.0,3.0,1.0,1.0,0.0,0.0,0.0,1.0,2,35.7678,10.8225,2.0,0.0,0.0,0.0,283320.10545454547,299054.0060240964,False,True,False,True,False,False,True,False,True,False
292000.0,71.0,3.0,1.0,1.0,0.0,1.0,1.0,1.0,2,35.9758,10.446,2.0,1.0,1.0,1.0,339414.0611787819,330755.1372713178,False,False,True,True,False,False,False,True,True,False
350200.0,65.0,2.0,1.0,1.0,1.0,0.0,0.0,0.0,2,35.8569,10.5972,2.0,0.0,0.0,1.0,339414.0611787819,330755.1372713178,False,False,True,True,False,False,False,True,True,False
370800.0,65.0,2.0,1.0,1.0,1.0,1.0,0.0,0.0,2,35.8569,10.5972,2.0,0.0,0.0,0.0,339414.0611787819,330755.1372713178,False,False,True,True,False,False,False,True,True,False
280000.0,90.0,3.0,1.0,0.0,1.0,1.0,0.0,1.0,2,35.8569,10.5972,2.0,0.0,0.0,0.0,339414.0611787819,330755.1372713178,False,False,True,True,False,False,False,True,True,False
600000.0,98.0,4.0,1.0,1.0,1.0,1.0,1.0,0.0,2,35.8569,10.5972,3.0,1.0,1.0,1.0,339414.0611787819,330755.1372713178,False,False,True,True,False,False,False,True,True,False
391400.0,120.0,3.0,1.0,1.0,0.0,1.0,1.0,0.0,4,36.0301,10.5079,2.0,0.0,0.0,1.0,260917.67902439024,330755.1372713178,False,True,False,True,False,False,False,True,True,False
339900.0,96.0,3.0,1.0,1.0,0.0,1.0,1.0,0.0,3,35.8273,10.6339,2.0,0.0,0.0,0.0,339414.0611787819,330755.1372713178,False,False,True,True,False,False,False,True,True,False
355000.0,85.0,2.0,1.0,1.0,1.0,1.0,1.0,1.0,1,36.4011,10.6146,2.0,0.0,0.0,0.0,355184.6627435388,335553.90432183904,False,False,True,True,False,False,False,True,True,False
295000.0,160.0,4.0,2.0,1.0,0.0,0.0,0.0,0.0,2,35.5044,11.0661,3.0,0.0,0.0,0.0,277969.225,327705.16642857145,False,True,False,True,False,False,True,False,True,False
330000.0,73.0,2.0,1.0,1.0,1.0,1.0,1.0,1.0,1,36.4011,10.6146,2.0,1.0,1.0,1.0,355184.6627435388,335553.90432183904,False,False,True,True,False,False,False,True,True,False
248000.0,91.0,3.0,1.0,1.0,0.0,0.0,0.0,0.0,2,35.3947,11.0401,2.0,0.0,0.0,0.0,247000.0,247000.0,False,True,False,True,False,True,False,False,True,False
228000.0,78.0,3.0,1.0,1.0,0.0,0.0,0.0,0.0,1,35.3947,11.0401,2.0,0.0,0.0,0.0,247000.0,247000.0,False,True,False,True,False,True,False,False,True,False
170000.0,100.0,3.0,1.0,1.0,0.0,1.0,1.0,1.0,2,35.8569,10.5972,2.0,0.0,0.0,0.0,339414.0611787819,330755.1372713178,False,False,True,True,False,False,False,True,True,False
851000.0,180.0,4.0,3.0,1.0,0.0,1.0,1.0,1.0,2,36.8764,10.3253,3.0,1.0,0.0,0.0,519943.5195618153,495512.68618274975,False,False,True,True,False,False,False,True,True,False
350000.0,100.0,3.0,2.0,1.0,0.0,1.0,1.0,1.0,2,36.8534,10.2505,2.0,1.0,0.0,0.0,519943.5195618153,495512.68618274975,False,False,True,True,False,False,False,True,True,False
600000.0,80.0,3.0,1.0,0.0,0.0,0.0,0.0,1.0,2,36.8942,10.2762,2.0,1.0,0.0,0.0,519943.5195618153,495512.68618274975,False,False,True,True,False,False,False,True,True,False
595000.0,185.0,3.0,2.0,1.0,1.0,1.0,1.0,0.0,2,36.4198,10.6619,2.0,0.0,0.0,0.0,355184.6627435388,335553.90432183904,False,False,True,True,False,False,False,True,True,False
530000.0,162.0,4.0,3.0,1.0,0.0,1.0,1.0,1.0,2,36.8764,10.3253,3.0,1.0,1.0,0.0,519943.5195618153,495512.68618274975,False,False,True,True,False,False,False,True,True,False
195000.0,58.0,3.0,1.0,1.0,0.0,0.0,1.0,1.0,3,36.8325,10.3124,2.0,0.0,0.0,0.0,601819.5220062697,495512.68618274975,False,False,True,True,False,False,False,True,True,False
569000.0,154.0,3.0,3.0,1.0,0.0,1.0,1.0,1.0,2,36.8624,10.2835,2.0,0.0,0.0,0.0,519943.5195618153,495512.68618274975,False,False,True,True,False,False,False,True,True,False
165000.0,85.0,2.0,1.0,0.0,0.0,0.0,0.0,0.0,2,36.9536,10.2325,2.0,1.0,0.0,0.0,298410.12333333335,368050.949375,False,True,False,True,False,False,False,True,True,False
820000.0,193.0,3.0,2.0,1.0,0.0,1.0,1.0,1.0,2,36.8745,10.3054,2.0,1.0,1.0,0.0,519943.5195618153,495512.68618274975,False,False,True,True,False,False,False,True,True,False
395000.0,69.0,2.0,1.0,1.0,0.0,1.0,1.0,1.0,2,36.8745,10.3054,2.0,1.0,0.0,0.0,519943.5195618153,495512.68618274975,False,False,True,True,False,False,False,True,True,False
450000.0,100.0,2.0,1.0,1.0,0.0,1.0,1.0,1.0,4,36.8333,10.3167,2.0,1.0,1.0,0.0,601819.5220062697,495512.68618274975,False,False,True,True,False,False,False,True,True,False
310000.0,117.0,2.0,1.0,1.0,1.0,1.0,1.0,0.0,2,36.8625,10.1956,3.0,0.0,0.0,0.0,362112.70683229814,368050.949375,False,False,True,True,False,False,False,True,True,False
250000.0,156.0,3.0,1.0,1.0,0.0,0.0,1.0,0.0,2,36.9544,10.1914,3.0,0.0,0.0,0.0,298410.12333333335,368050.949375,False,True,False,True,False,False,False,True,True,False
670000.0,180.0,3.0,1.0,1.0,1.0,1.0,1.0,1.0,2,36.8764,10.3253,3.0,0.0,1.0,0.0,519943.5195618153,495512.68618274975,False,False,True,True,False,False,False,True,True,False
401000.0,97.0,2.0,2.0,1.0,0.0,1.0,1.0,1.0,1,35.9758,10.446,2.0,0.0,1.0,1.0,339414.0611787819,330755.1372713178,False,False,True,True,False,False,False,True,True,False
400000.0,97.0,3.0,1.0,1.0,0.0,1.0,1.0,1.0,3,36.4506,10.735,2.0,1.0,0.0,1.0,356101.26872727275,335553.90432183904,False,False,True,True,False,False,False,True,True,False
210000.0,75.0,3.0,1.0,0.0,0.0,0.0,0.0,0.0,2,36.4011,10.6146,2.0,0.0,0.0,0.0,355184.6627435388,335553.90432183904,False,False,True,True,False,False,False,True,True,False
485000.0,135.0,5.0,1.0,1.0,0.0,1.0,1.0,0.0,2,36.4011,10.6146,3.0,0.0,0.0,0.0,355184.6627435388,335553.90432183904,False,False,True,True,False,False,False,True,True,False
550000.0,150.0,4.0,1.0,1.0,0.0,1.0,1.0,1.0,2,36.4011,10.6146,3.0,1.0,0.0,0.0,355184.6627435388,335553.90432183904,False,False,True,True,False,False,False,True,True,False
310000.0,108.0,3.0,1.0,1.0,0.0,1.0,1.0,1.0,2,36.4011,10.6146,2.0,1.0,0.0,0.0,355184.6627435388,335553.90432183904,False,False,True,True,False,False,False,True,True,False
860000.0,120.0,3.0,2.0,1.0,0.0,1.0,1.0,0.0,2,36.8764,10.3253,2.0,0.0,0.0,0.0,519943.5195618153,495512.68618274975,False,False,True,True,False,False,False,True,True,False
220000.0,95.0,3.0,1.0,0.0,0.0,1.0,1.0,1.0,3,36.8764,10.3253,2.0,0.0,0.0,0.0,519943.5195618153,495512.68618274975,False,False,True,True,False,False,False,True,True,False
365000.0,100.0,3.0,1.0,1.0,1.0,1.0,1.0,1.0,2,36.8452,10.1647,2.0,0.0,0.0,0.0,346388.2,335553.90432183904,False,False,True,True,False,False,False,True,True,False
175000.0,100.0,3.0,1.0,1.0,0.0,0.0,0.0,0.0,2,36.8188,10.166,2.0,0.0,0.0,0.0,257110.19941176468,495512.68618274975,False,True,False,True,False,False,False,True,True,False
405000.0,143.0,3.0,3.0,1.0,1.0,1.0,1.0,1.0,4,36.4377,10.6931,3.0,1.0,0.0,0.0,356101.26872727275,335553.90432183904,False,False,True,True,False,False,False,True,True,False
110000.0,65.0,3.0,1.0,1.0,0.0,0.0,0.0,0.0,2,36.8188,10.166,2.0,0.0,0.0,0.0,257110.19941176468,495512.68618274975,False,True,False,True,False,False,False,True,True,False
97000.0,60.0,3.0,1.0,1.0,0.0,0.0,0.0,0.0,4,36.7311,10.3277,2.0,0.0,0.0,0.0,113500.0,256097.71569620253,True,False,False,False,True,True,False,False,True,False
720000.0,100.0,4.0,1.0,1.0,1.0,1.0,1.0,1.0,2,36.8764,10.3253,4.0,1.0,0.0,0.0,519943.5195618153,495512.68618274975,False,False,True,True,False,False,False,True,True,False
230000.0,74.0,2.0,1.0,1.0,1.0,1.0,1.0,1.0,1,36.4506,10.735,2.0,1.0,0.0,0.0,356101.26872727275,335553.90432183904,False,False,True,True,False,False,False,True,True,False
210000.0,86.0,3.0,1.0,1.0,0.0,1.0,1.0,1.0,2,33.0777,9.5838,2.0,0.0,0.0,0.0,273416.375,335553.90432183904,False,True,False,True,False,False,False,True,True,False
335000.0,120.0,3.0,2.0,1.0,0.0,1.0,1.0,0.0,2,36.8833,10.25,2.0,1.0,0.0,0.0,393150.9196056338,368050.949375,False,False,True,True,False,False,False,True,True,False
560000.0,100.0,3.0,1.0,1.0,0.0,1.0,1.0,1.0,2,36.8764,10.3253,2.0,1.0,1.0,1.0,519943.5195618153,495512.68618274975,False,False,True,True,False,False,False,True,True,False
566500.0,103.0,3.0,1.0,0.0,0.0,1.0,1.0,0.0,2,36.8566,10.3258,2.0,0.0,0.0,1.0,460266.7082352941,495512.68618274975,False,False,True,True,False,False,False,True,True,False
410000.0,89.0,2.0,1.0,1.0,0.0,1.0,1.0,1.0,2,36.8833,10.25,2.0,1.0,0.0,0.0,393150.9196056338,368050.949375,False,False,True,True,False,False,False,True,True,False
260000.0,100.0,3.0,2.0,0.0,1.0,0.0,1.0,0.0,2,35.7218,10.6179,3.0,0.0,0.0,0.0,335720.0,364147.42,False,False,True,True,False,False,False,True,True,False
581389.0,127.0,3.0,1.0,1.0,0.0,1.0,1.0,1.0,2,35.8497,10.5983,2.0,1.0,1.0,1.0,339414.0611787819,330755.1372713178,False,False,True,True,False,False,False,True,True,False
259000.0,110.0,3.0,2.0,1.0,1.0,1.0,1.0,1.0,1,36.789,10.1835,2.0,1.0,0.0,0.0,224240.0,406094.33674999996,False,True,False,True,False,False,False,True,True,False
671600.0,142.0,3.0,2.0,1.0,0.0,1.0,1.0,1.0,1,36.9331,10.2595,2.0,1.0,0.0,0.0,519943.5195618153,495512.68618274975,False,False,True,True,False,False,False,True,True,False
205000.0,85.0,3.0,1.0,1.0,0.0,0.0,0.0,0.0,2,35.87,10.57,2.0,0.0,0.0,0.0,347622.13037037035,330755.1372713178,False,False,True,True,False,False,False,True,True,False
265000.0,110.0,3.0,1.0,1.0,0.0,0.0,0.0,0.0,2,35.87,10.57,2.0,0.0,0.0,0.0,347622.13037037035,330755.1372713178,False,False,True,True,False,False,False,True,True,False
350000.0,120.0,3.0,1.0,1.0,0.0,1.0,1.0,0.0,2,36.4011,10.6146,2.0,0.0,0.0,0.0,355184.6627435388,335553.90432183904,False,False,True,True,False,False,False,True,True,False
257000.0,80.0,2.0,1.0,1.0,1.0,1.0,0.0,1.0,2,35.8569,10.5972,2.0,1.0,1.0,1.0,339414.0611787819,330755.1372713178,False,False,True,True,False,False,False,True,True,False
995000.0,198.0,3.0,1.0,1.0,0.0,0.0,0.0,0.0,2,36.8556,10.2918,2.0,1.0,0.0,0.0,601819.5220062697,495512.68618274975,False,False,True,True,False,False,False,True,True,False
405000.0,135.0,2.0,1.0,1.0,1.0,1.0,1.0,1.0,2,36.8764,10.3253,2.0,1.0,0.0,0.0,519943.5195618153,495512.68618274975,False,False,True,True,False,False,False,True,True,False
660000.0,197.0,3.0,1.0,1.0,1.0,1.0,1.0,0.0,2,36.4198,10.6619,2.0,0.0,0.0,0.0,355184.6627435388,335553.90432183904,False,False,True,True,False,False,False,True,True,False
240000.0,97.0,3.0,1.0,0.0,1.0,0.0,1.0,0.0,2,36.8236,10.281,2.0,0.0,0.0,0.0,320842.93555555557,495512.68618274975,False,True,False,True,False,False,False,True,True,False
550000.0,130.0,3.0,2.0,1.0,0.0,1.0,1.0,1.0,2,36.8883,10.2742,2.0,1.0,0.0,0.0,393150.9196056338,368050.949375,False,False,True,True,False,False,False,True,True,False
313000.0,85.0,2.0,1.0,1.0,0.0,0.0,0.0,0.0,2,36.8764,10.3253,2.0,1.0,0.0,0.0,519943.5195618153,495512.68618274975,False,False,True,True,False,False,False,True,True,False
418000.0,130.0,3.0,1.0,0.0,0.0,0.0,0.0,0.0,2,36.8764,10.3253,2.0,0.0,0.0,0.0,519943.5195618153,495512.68618274975,False,False,True,True,False,False,False,True,True,False
330000.0,122.0,4.0,2.0,1.0,0.0,0.0,1.0,1.0,2,35.8273,10.6339,3.0,1.0,0.0,0.0,339414.0611787819,330755.1372713178,False,False,True,True,False,False,False,True,True,False
380000.0,130.0,4.0,2.0,1.0,0.0,1.0,1.0,1.0,3,35.8324,10.6225,3.0,1.0,1.0,0.0,339414.0611787819,330755.1372713178,False,False,True,True,False,False,False,True,True,False
250000.0,108.0,3.0,1.0,0.0,0.0,0.0,1.0,0.0,2,36.8625,10.1956,2.0,1.0,0.0,0.0,362112.70683229814,368050.949375,False,False,True,True,False,False,False,True,True,False
250000.0,92.0,3.0,1.0,1.0,0.0,1.0,1.0,0.0,2,36.8833,10.25,2.0,1.0,0.0,0.0,393150.9196056338,368050.949375,False,False,True,True,False,False,False,True,True,False
175000.0,90.0,3.0,1.0,1.0,0.0,1.0,1.0,0.0,2,36.8566,10.3258,2.0,1.0,0.0,0.0,460266.7082352941,495512.68618274975,False,False,True,True,False,False,False,True,True,False
299000.0,115.0,2.0,1.0,1.0,0.0,1.0,1.0,1.0,1,36.8625,10.1956,2.0,1.0,1.0,0.0,362112.70683229814,368050.949375,False,False,True,True,False,False,False,True,True,False
650000.0,107.0,3.0,1.0,1.0,0.0,1.0,0.0,0.0,2,36.4011,10.6146,2.0,1.0,0.0,1.0,355184.6627435388,335553.90432183904,False,False,True,True,False,False,False,True,True,False
168000.0,103.0,3.0,1.0,1.0,0.0,0.0,0.0,0.0,3,36.7786,10.0554,2.0,1.0,1.0,0.0,251258.3575,259667.45531914895,False,True,False,True,False,True,False,False,True,False
800000.0,200.0,4.0,1.0,0.0,0.0,0.0,0.0,0.0,2,36.8833,10.25,3.0,0.0,0.0,0.0,393150.9196056338,368050.949375,False,False,True,True,False,False,False,True,True,False
770000.0,145.0,3.0,1.0,0.0,1.0,1.0,1.0,1.0,2,36.8333,10.3167,3.0,1.0,1.0,0.0,601819.5220062697,495512.68618274975,False,False,True,True,False,False,False,True,True,False
245000.0,96.0,2.0,1.0,0.0,0.0,1.0,1.0,0.0,5,36.8764,10.3253,2.0,1.0,0.0,0.0,519943.5195618153,495512.68618274975,False,False,True,True,False,False,False,True,True,False
480000.0,200.0,4.0,1.0,1.0,0.0,0.0,0.0,0.0,2,35.87,10.57,3.0,0.0,0.0,0.0,347622.13037037035,330755.1372713178,False,False,True,True,False,False,False,True,True,False
425000.0,132.0,3.0,2.0,1.0,0.0,1.0,0.0,1.0,2,35.8324,10.6225,2.0,1.0,0.0,0.0,339414.0611787819,330755.1372713178,False,False,True,True,False,False,False,True,True,False
270000.0,120.0,4.0,1.0,0.0,0.0,0.0,0.0,0.0,5,35.8273,10.6339,3.0,0.0,0.0,0.0,339414.0611787819,330755.1372713178,False,False,True,True,False,False,False,True,True,False
142000.0,56.0,2.0,1.0,0.0,0.0,0.0,0.0,0.0,2,36.8827,10.2948,2.0,0.0,0.0,0.0,393150.9196056338,368050.949375,False,False,True,True,False,False,False,True,True,False
378100.0,110.0,3.0,1.0,1.0,0.0,1.0,1.0,1.0,2,36.9544,10.1914,2.0,1.0,1.0,0.0,298410.12333333335,368050.949375,False,True,False,True,False,False,False,True,True,False
250000.0,100.0,3.0,1.0,0.0,0.0,1.0,0.0,0.0,6,36.8188,10.166,2.0,0.0,0.0,0.0,257110.19941176468,495512.68618274975,False,True,False,True,False,False,False,True,True,False
630000.0,235.0,4.0,2.0,1.0,0.0,1.0,1.0,1.0,2,37.2667,9.8667,3.0,0.0,1.0,0.0,301532.5788888889,273790.43207547173,False,True,False,True,False,True,False,False,True,False
280000.0,150.0,3.0,1.0,0.0,0.0,1.0,0.0,1.0,2,36.4011,10.6146,2.0,0.0,0.0,0.0,355184.6627435388,335553.90432183904,False,False,True,True,False,False,False,True,True,False
576000.0,164.0,4.0,2.0,1.0,0.0,1.0,1.0,1.0,6,35.87,10.57,3.0,1.0,0.0,1.0,347622.13037037035,330755.1372713178,False,False,True,True,False,False,False,True,True,False
210000.0,110.0,3.0,1.0,1.0,0.0,1.0,1.0,1.0,2,35.87,10.57,2.0,0.0,0.0,0.0,347622.13037037035,330755.1372713178,False,False,True,True,False,False,False,True,True,False
280000.0,121.0,3.0,1.0,1.0,1.0,0.0,1.0,0.0,2,36.689,10.2996,2.0,1.0,0.0,0.0,209040.0,256097.71569620253,True,False,False,True,False,True,False,False,True,False
460000.0,150.0,3.0,1.0,1.0,1.0,0.0,1.0,0.0,2,36.8625,10.1956,3.0,1.0,0.0,0.0,362112.70683229814,368050.949375,False,False,True,True,False,False,False,True,True,False
735000.0,228.0,5.0,1.0,1.0,0.0,0.0,0.0,0.0,5,36.8566,10.3258,4.0,1.0,0.0,0.0,460266.7082352941,495512.68618274975,False,False,True,True,False,False,False,True,True,False
315000.0,146.0,3.0,1.0,0.0,0.0,0.0,1.0,0.0,2,36.8844,10.2823,4.0,1.0,0.0,0.0,519943.5195618153,495512.68618274975,False,False,True,True,False,False,False,True,True,False
400000.0,100.0,2.0,1.0,1.0,0.0,1.0,1.0,1.0,2,36.8333,10.3167,2.0,1.0,1.0,0.0,601819.5220062697,495512.68618274975,False,False,True,True,False,False,False,True,True,False
770000.0,215.0,4.0,2.0,1.0,0.0,1.0,1.0,1.0,2,36.8333,10.3167,3.0,1.0,1.0,0.0,601819.5220062697,495512.68618274975,False,False,True,True,False,False,False,True,True,False
330000.0,63.0,2.0,1.0,1.0,0.0,1.0,1.0,1.0,2,36.8764,10.3253,2.0,0.0,1.0,1.0,519943.5195618153,495512.68618274975,False,False,True,True,False,False,False,True,True,False
240000.0,63.0,3.0,1.0,0.0,0.0,1.0,1.0,1.0,2,36.5772,10.3425,2.0,1.0,0.0,0.0,356912.7528888889,256097.71569620253,False,False,True,True,False,True,False,False,True,False
580000.0,178.0,2.0,3.0,1.0,0.0,1.0,1.0,1.0,3,36.8585,10.1589,3.0,1.0,1.0,0.0,346388.2,335553.90432183904,False,False,True,True,False,False,False,True,True,False
457200.0,127.0,3.0,2.0,1.0,0.0,1.0,1.0,1.0,1,36.8833,10.25,3.0,1.0,0.0,0.0,393150.9196056338,368050.949375,False,False,True,True,False,False,False,True,True,False
340000.0,110.0,3.0,1.0,1.0,0.0,0.0,1.0,1.0,2,36.4011,10.6146,2.0,0.0,0.0,0.0,355184.6627435388,335553.90432183904,False,False,True,True,False,False,False,True,True,False
210000.0,62.0,3.0,1.0,0.0,0.0,0.0,0.0,0.0,2,36.8764,10.3253,2.0,0.0,0.0,0.0,519943.5195618153,495512.68618274975,False,False,True,True,False,False,False,True,True,False
235600.0,62.0,2.0,1.0,1.0,1.0,1.0,1.0,1.0,2,36.4506,10.735,2.0,1.0,0.0,1.0,356101.26872727275,335553.90432183904,False,False,True,True,False,False,False,True,True,False
650000.0,155.0,4.0,1.0,0.0,0.0,0.0,0.0,0.0,2,36.8333,10.3167,4.0,1.0,1.0,0.0,601819.5220062697,495512.68618274975,False,False,True,True,False,False,False,True,True,False
415000.0,136.0,4.0,1.0,1.0,0.0,1.0,1.0,1.0,2,36.8833,10.25,3.0,1.0,0.0,0.0,393150.9196056338,368050.949375,False,False,True,True,False,False,False,True,True,False
311000.0,110.0,2.0,1.0,0.0,0.0,1.0,1.0,1.0,1,36.8833,10.25,2.0,0.0,0.0,0.0,393150.9196056338,368050.949375,False,False,True,True,False,False,False,True,True,False
240000.0,107.0,4.0,2.0,1.0,0.0,1.0,1.0,0.0,2,36.8452,10.1647,3.0,1.0,0.0,0.0,346388.2,335553.90432183904,False,False,True,True,False,False,False,True,True,False
290000.0,98.0,4.0,2.0,0.0,0.0,1.0,1.0,1.0,2,36.5772,10.3425,2.0,0.0,0.0,0.0,356912.7528888889,256097.71569620253,False,False,True,True,False,True,False,False,True,False
350000.0,120.0,3.0,1.0,1.0,0.0,0.0,0.0,0.0,2,35.8324,10.6225,3.0,0.0,0.0,1.0,339414.0611787819,330755.1372713178,False,False,True,True,False,False,False,True,True,False
465000.0,157.0,4.0,2.0,1.0,0.0,1.0,1.0,0.0,2,36.8833,10.25,3.0,1.0,0.0,0.0,393150.9196056338,368050.949375,False,False,True,True,False,False,False,True,True,False
245000.0,74.0,2.0,1.0,1.0,0.0,1.0,1.0,0.0,4,36.8764,10.3253,2.0,1.0,0.0,0.0,519943.5195618153,495512.68618274975,False,False,True,True,False,False,False,True,True,False
690000.0,218.0,3.0,1.0,1.0,0.0,0.0,0.0,1.0,2,36.8556,10.2918,2.0,1.0,0.0,0.0,601819.5220062697,495512.68618274975,False,False,True,True,False,False,False,True,True,False
150000.0,86.0,3.0,1.0,1.0,1.0,1.0,1.0,1.0,2,36.9109,10.1874,2.0,0.0,0.0,0.0,298410.12333333335,368050.949375,False,True,False,True,False,False,False,True,True,False
340000.0,208.0,5.0,2.0,1.0,0.0,0.0,0.0,0.0,1,35.8569,10.5972,3.0,0.0,0.0,0.0,339414.0611787819,330755.1372713178,False,False,True,True,False,False,False,True,True,False
285000.0,120.0,4.0,1.0,1.0,1.0,1.0,1.0,1.0,3,36.5046,10.1919,2.0,1.0,1.0,0.0,460266.7082352941,495512.68618274975,False,False,True,True,False,False,False,True,True,False
690000.0,160.0,4.0,2.0,1.0,0.0,0.0,0.0,0.0,2,36.404,10.569,3.0,0.0,1.0,1.0,355184.6627435388,335553.90432183904,False,False,True,True,False,False,False,True,True,False
380000.0,142.0,3.0,1.0,1.0,1.0,1.0,1.0,1.0,2,36.7786,10.0554,2.0,1.0,0.0,0.0,251258.3575,259667.45531914895,False,True,False,True,False,True,False,False,True,False
750000.0,180.0,3.0,1.0,1.0,0.0,0.0,0.0,0.0,2,36.8556,10.2918,2.0,1.0,0.0,0.0,601819.5220062697,495512.68618274975,False,False,True,True,False,False,False,True,True,False
564000.0,126.0,3.0,1.0,1.0,0.0,0.0,0.0,0.0,2,36.8556,10.2918,2.0,0.0,0.0,0.0,601819.5220062697,495512.68618274975,False,False,True,True,False,False,False,True,True,False
552000.0,132.0,3.0,2.0,0.0,0.0,1.0,1.0,1.0,2,36.8624,10.2835,2.0,0.0,0.0,0.0,519943.5195618153,495512.68618274975,False,False,True,True,False,False,False,True,True,False
401500.0,73.0,2.0,1.0,1.0,0.0,1.0,1.0,1.0,2,36.8469,10.2642,2.0,1.0,0.0,0.0,519943.5195618153,495512.68618274975,False,False,True,True,False,False,False,True,True,False
270000.0,60.0,2.0,1.0,1.0,0.0,1.0,1.0,1.0,2,36.8833,10.25,2.0,1.0,0.0,0.0,393150.9196056338,368050.949375,False,False,True,True,False,False,False,True,True,False
386243.0,104.0,5.0,1.0,1.0,0.0,1.0,1.0,1.0,1,36.4011,10.6146,2.0,0.0,0.0,1.0,355184.6627435388,335553.90432183904,False,False,True,True,False,False,False,True,True,False
317000.0,85.0,5.0,1.0,0.0,0.0,1.0,1.0,1.0,3,36.4011,10.6146,2.0,0.0,0.0,1.0,355184.6627435388,335553.90432183904,False,False,True,True,False,False,False,True,True,False
290000.0,73.0,3.0,1.0,1.0,0.0,0.0,0.0,0.0,2,36.4506,10.735,2.0,1.0,0.0,1.0,356101.26872727275,335553.90432183904,False,False,True,True,False,False,False,True,True,False
260000.0,90.0,3.0,1.0,1.0,0.0,1.0,1.0,1.0,2,36.8764,10.3253,2.0,1.0,0.0,0.0,519943.5195618153,495512.68618274975,False,False,True,True,False,False,False,True,True,False
290000.0,78.0,3.0,1.0,1.0,1.0,1.0,1.0,0.0,2,36.8883,10.2742,2.0,1.0,0.0,0.0,393150.9196056338,368050.949375,False,False,True,True,False,False,False,True,True,False
1126000.0,178.0,4.0,3.0,0.0,0.0,1.0,1.0,0.0,2,36.8579,10.2734,3.0,1.0,1.0,0.0,519943.5195618153,495512.68618274975,False,False,True,True,False,False,False,True,True,False
800000.0,120.0,3.0,1.0,1.0,0.0,1.0,1.0,1.0,2,36.8764,10.3253,2.0,1.0,0.0,1.0,519943.5195618153,495512.68618274975,False,False,True,True,False,False,False,True,True,False
670000.0,148.0,3.0,1.0,1.0,0.0,0.0,0.0,1.0,2,36.8942,10.2762,2.0,0.0,0.0,0.0,519943.5195618153,495512.68618274975,False,False,True,True,False,False,False,True,True,False
465000.0,157.0,4.0,3.0,1.0,0.0,1.0,1.0,1.0,2,36.8833,10.25,3.0,1.0,0.0,0.0,393150.9196056338,368050.949375,False,False,True,True,False,False,False,True,True,False
370000.0,150.0,5.0,2.0,1.0,0.0,1.0,1.0,1.0,5,36.8764,10.3253,4.0,1.0,0.0,0.0,519943.5195618153,495512.68618274975,False,False,True,True,False,False,False,True,True,False
450000.0,153.0,4.0,1.0,1.0,0.0,1.0,1.0,1.0,3,35.8342,10.6169,3.0,1.0,0.0,0.0,339414.0611787819,330755.1372713178,False,False,True,True,False,False,False,True,True,False
282000.0,98.0,3.0,1.0,0.0,0.0,1.0,1.0,1.0,5,35.8342,10.6169,2.0,1.0,0.0,0.0,339414.0611787819,330755.1372713178,False,False,True,True,False,False,False,True,True,False
250000.0,77.0,2.0,1.0,1.0,1.0,1.0,1.0,1.0,5,35.8342,10.6169,2.0,1.0,0.0,0.0,339414.0611787819,330755.1372713178,False,False,True,True,False,False,False,True,True,False
277000.0,96.0,3.0,1.0,0.0,1.0,1.0,1.0,1.0,4,35.8342,10.6169,2.0,1.0,0.0,0.0,339414.0611787819,330755.1372713178,False,False,True,True,False,False,False,True,True,False
333000.0,116.0,3.0,1.0,0.0,1.0,1.0,1.0,1.0,5,35.8342,10.6169,2.0,1.0,0.0,0.0,339414.0611787819,330755.1372713178,False,False,True,True,False,False,False,True,True,False
552000.0,131.0,3.0,2.0,1.0,0.0,1.0,1.0,1.0,2,36.8624,10.2835,2.0,0.0,0.0,0.0,519943.5195618153,495512.68618274975,False,False,True,True,False,False,False,True,True,False
380000.0,149.0,3.0,2.0,0.0,0.0,1.0,1.0,1.0,2,36.8625,10.1956,2.0,1.0,0.0,0.0,362112.70683229814,368050.949375,False,False,True,True,False,False,False,True,True,False
185000.0,100.0,3.0,1.0,1.0,0.0,0.0,0.0,1.0,2,36.7609,10.2736,3.0,0.0,0.0,0.0,223470.58823529413,256097.71569620253,False,True,False,True,False,True,False,False,True,False
474000.0,136.0,3.0,2.0,1.0,0.0,1.0,1.0,1.0,2,35.8569,10.5972,2.0,0.0,1.0,1.0,339414.0611787819,330755.1372713178,False,False,True,True,False,False,False,True,True,False
250000.0,122.0,4.0,2.0,0.0,0.0,1.0,1.0,0.0,2,36.8625,10.1956,3.0,0.0,0.0,0.0,362112.70683229814,368050.949375,False,False,True,True,False,False,False,True,True,False
700000.0,171.0,4.0,3.0,1.0,0.0,1.0,1.0,1.0,1,36.8833,10.25,3.0,1.0,0.0,0.0,393150.9196056338,368050.949375,False,False,True,True,False,False,False,True,True,False
340000.0,130.0,4.0,2.0,1.0,1.0,1.0,1.0,1.0,3,36.8764,10.3253,3.0,1.0,0.0,0.0,519943.5195618153,495512.68618274975,False,False,True,True,False,False,False,True,True,False
395000.0,188.0,5.0,2.0,1.0,1.0,1.0,1.0,1.0,2,36.8764,10.3253,4.0,0.0,0.0,0.0,519943.5195618153,495512.68618274975,False,False,True,True,False,False,False,True,True,False
285000.0,116.0,3.0,1.0,1.0,1.0,1.0,1.0,1.0,1,36.8764,10.3253,2.0,1.0,0.0,0.0,519943.5195618153,495512.68618274975,False,False,True,True,False,False,False,True,True,False
190000.0,59.0,2.0,1.0,0.0,0.0,0.0,0.0,0.0,2,36.8625,10.1956,2.0,0.0,0.0,0.0,362112.70683229814,368050.949375,False,False,True,True,False,False,False,True,True,False
387000.0,70.0,4.0,1.0,0.0,0.0,1.0,1.0,1.0,2,36.8764,10.3253,2.0,1.0,0.0,0.0,519943.5195618153,495512.68618274975,False,False,True,True,False,False,False,True,True,False
150000.0,88.0,3.0,1.0,1.0,0.0,0.0,0.0,0.0,2,36.8625,10.1956,2.0,0.0,0.0,0.0,362112.70683229814,368050.949375,False,False,True,True,False,False,False,True,True,False
760000.0,160.0,3.0,1.0,1.0,1.0,1.0,1.0,1.0,2,36.8333,10.3167,3.0,1.0,1.0,0.0,601819.5220062697,495512.68618274975,False,False,True,True,False,False,False,True,True,False
370000.0,120.0,4.0,1.0,1.0,0.0,1.0,1.0,1.0,2,36.8764,10.3253,2.0,1.0,0.0,0.0,519943.5195618153,495512.68618274975,False,False,True,True,False,False,False,True,True,False
419000.0,145.0,4.0,2.0,1.0,0.0,1.0,1.0,0.0,1,36.8625,10.1956,3.0,0.0,0.0,0.0,362112.70683229814,368050.949375,False,False,True,True,False,False,False,True,True,False
435000.0,87.0,2.0,1.0,0.0,0.0,1.0,1.0,1.0,2,36.8333,10.3167,2.0,1.0,1.0,0.0,601819.5220062697,495512.68618274975,False,False,True,True,False,False,False,True,True,False
265000.0,60.0,3.0,1.0,1.0,0.0,1.0,1.0,0.0,2,36.8454,10.1851,2.0,1.0,0.0,0.0,303301.0294117647,274088.2291666667,False,True,False,True,False,True,False,False,True,False
400000.0,120.0,3.0,2.0,1.0,1.0,1.0,1.0,1.0,2,36.8452,10.1647,2.0,1.0,0.0,1.0,346388.2,335553.90432183904,False,False,True,True,False,False,False,True,True,False
210000.0,124.0,3.0,1.0,1.0,0.0,0.0,0.0,0.0,2,36.7723,10.2212,2.0,1.0,0.0,0.0,210000.0,256097.71569620253,True,False,False,True,False,True,False,False,True,False
990000.0,232.0,4.0,2.0,1.0,0.0,1.0,1.0,1.0,2,36.8764,10.3253,3.0,0.0,0.0,0.0,519943.5195618153,495512.68618274975,False,False,True,True,False,False,False,True,True,False
520000.0,117.0,3.0,1.0,1.0,0.0,1.0,0.0,1.0,2,35.896,10.5915,2.0,0.0,1.0,1.0,339414.0611787819,330755.1372713178,False,False,True,True,False,False,False,True,True,False
240000.0,83.0,2.0,1.0,1.0,1.0,1.0,1.0,0.0,2,36.4506,10.735,2.0,1.0,0.0,0.0,356101.26872727275,335553.90432183904,False,False,True,True,False,False,False,True,True,False
90000.0,50.0,3.0,1.0,1.0,0.0,0.0,0.0,0.0,2,35.8569,10.5915,2.0,0.0,0.0,0.0,339414.0611787819,330755.1372713178,False,False,True,True,False,False,False,True,True,False
350000.0,98.0,3.0,2.0,1.0,0.0,1.0,1.0,1.0,2,36.4011,10.6146,2.0,1.0,0.0,0.0,355184.6627435388,335553.90432183904,False,False,True,True,False,False,False,True,True,False
250000.0,100.0,3.0,1.0,1.0,0.0,1.0,1.0,1.0,2,36.8764,10.3253,2.0,1.0,0.0,0.0,519943.5195618153,495512.68618274975,False,False,True,True,False,False,False,True,True,False
580000.0,114.0,3.0,1.0,1.0,0.0,1.0,1.0,1.0,2,36.8764,10.3253,2.0,1.0,0.0,0.0,519943.5195618153,495512.68618274975,False,False,True,True,False,False,False,True,True,False
616000.0,163.0,3.0,2.0,1.0,0.0,1.0,1.0,1.0,2,36.8764,10.3253,2.0,1.0,0.0,0.0,519943.5195618153,495512.68618274975,False,False,True,True,False,False,False,True,True,False
300000.0,102.0,2.0,1.0,1.0,0.0,0.0,1.0,0.0,2,36.9544,10.1914,2.0,1.0,0.0,0.0,298410.12333333335,368050.949375,False,True,False,True,False,False,False,True,True,False
350000.0,150.0,3.0,1.0,1.0,1.0,1.0,1.0,1.0,2,36.4506,10.735,2.0,0.0,1.0,1.0,356101.26872727275,335553.90432183904,False,False,True,True,False,False,False,True,True,False
794000.0,209.0,4.0,3.0,1.0,0.0,1.0,1.0,1.0,2,36.8764,10.3253,3.0,1.0,0.0,0.0,519943.5195618153,495512.68618274975,False,False,True,True,False,False,False,True,True,False
494530.0,122.0,3.0,1.0,1.0,0.0,1.0,1.0,1.0,2,36.8833,10.25,2.0,1.0,0.0,0.0,393150.9196056338,368050.949375,False,False,True,True,False,False,False,True,True,False
624208.0,174.0,4.0,2.0,0.0,0.0,1.0,1.0,1.0,2,36.8625,10.1956,3.0,1.0,0.0,0.0,362112.70683229814,368050.949375,False,False,True,True,False,False,False,True,True,False
510758.0,150.0,3.0,1.0,1.0,0.0,1.0,1.0,1.0,2,36.8625,10.1956,2.0,1.0,0.0,0.0,362112.70683229814,368050.949375,False,False,True,True,False,False,False,True,True,False
330000.0,133.0,4.0,2.0,1.0,0.0,1.0,0.0,1.0,5,36.8764,10.3253,3.0,1.0,0.0,0.0,519943.5195618153,495512.68618274975,False,False,True,True,False,False,False,True,True,False
305000.0,131.0,4.0,1.0,1.0,1.0,1.0,1.0,1.0,5,36.8764,10.3253,3.0,0.0,0.0,0.0,519943.5195618153,495512.68618274975,False,False,True,True,False,False,False,True,True,False
247900.0,82.0,2.0,1.0,1.0,1.0,1.0,1.0,1.0,1,36.8625,10.1956,2.0,1.0,0.0,0.0,362112.70683229814,368050.949375,False,False,True,True,False,False,False,True,True,False
718000.0,201.0,3.0,1.0,0.0,0.0,0.0,0.0,1.0,2,36.8556,10.2918,2.0,0.0,1.0,0.0,601819.5220062697,495512.68618274975,False,False,True,True,False,False,False,True,True,False
485000.0,158.0,4.0,2.0,1.0,0.0,1.0,1.0,1.0,2,36.8625,10.1956,3.0,1.0,0.0,0.0,362112.70683229814,368050.949375,False,False,True,True,False,False,False,True,True,False
729000.0,155.0,4.0,2.0,1.0,0.0,1.0,1.0,1.0,2,36.8625,10.1956,3.0,1.0,1.0,0.0,362112.70683229814,368050.949375,False,False,True,True,False,False,False,True,True,False
630000.0,181.0,5.0,3.0,1.0,0.0,1.0,1.0,0.0,3,36.8625,10.1956,4.0,1.0,0.0,0.0,362112.70683229814,368050.949375,False,False,True,True,False,False,False,True,True,False
190000.0,100.0,3.0,2.0,1.0,0.0,0.0,0.0,1.0,3,36.7609,10.2736,3.0,0.0,0.0,0.0,223470.58823529413,256097.71569620253,False,True,False,True,False,True,False,False,True,False
165000.0,85.0,3.0,1.0,0.0,0.0,1.0,0.0,1.0,2,36.7609,10.2736,2.0,0.0,1.0,0.0,223470.58823529413,256097.71569620253,False,True,False,True,False,True,False,False,True,False
390000.0,176.0,5.0,3.0,1.0,0.0,1.0,1.0,1.0,2,36.8625,10.1956,3.0,1.0,0.0,0.0,362112.70683229814,368050.949375,False,False,True,True,False,False,False,True,True,False
370000.0,98.0,3.0,2.0,1.0,0.0,1.0,1.0,1.0,2,36.4011,10.6146,2.0,1.0,1.0,0.0,355184.6627435388,335553.90432183904,False,False,True,True,False,False,False,True,True,False
105000.0,85.0,3.0,1.0,0.0,0.0,0.0,0.0,0.0,2,35.644,10.9468,2.0,0.0,0.0,0.0,179609.5,299054.0060240964,True,False,False,True,False,False,True,False,True,False
480000.0,140.0,4.0,2.0,1.0,0.0,1.0,1.0,1.0,2,36.8452,10.1647,3.0,1.0,0.0,0.0,519943.5195618153,495512.68618274975,False,False,True,True,False,False,False,True,True,False
215000.0,84.0,3.0,1.0,1.0,0.0,0.0,1.0,0.0,1,36.8833,10.25,2.0,0.0,0.0,0.0,393150.9196056338,368050.949375,False,False,True,True,False,False,False,True,True,False
620000.0,195.0,5.0,2.0,1.0,1.0,1.0,1.0,0.0,2,36.8764,10.3253,4.0,1.0,1.0,0.0,519943.5195618153,495512.68618274975,False,False,True,True,False,False,False,True,True,False
445000.0,83.0,2.0,1.0,1.0,0.0,1.0,1.0,1.0,2,36.8634,10.3138,2.0,0.0,0.0,0.0,519943.5195618153,495512.68618274975,False,False,True,True,False,False,False,True,True,False
640000.0,119.0,3.0,1.0,1.0,0.0,1.0,1.0,1.0,2,36.8634,10.3138,2.0,0.0,0.0,0.0,519943.5195618153,495512.68618274975,False,False,True,True,False,False,False,True,True,False
368000.0,68.0,2.0,1.0,1.0,0.0,1.0,1.0,1.0,2,36.8634,10.3138,2.0,0.0,1.0,0.0,519943.5195618153,495512.68618274975,False,False,True,True,False,False,False,True,True,False
185000.0,90.0,3.0,1.0,1.0,1.0,1.0,1.0,1.0,2,36.4011,10.6146,2.0,0.0,0.0,0.0,355184.6627435388,335553.90432183904,False,False,True,True,False,False,False,True,True,False
240000.0,110.0,3.0,2.0,1.0,0.0,1.0,1.0,1.0,3,36.8452,10.1647,2.0,1.0,1.0,0.0,346388.2,335553.90432183904,False,False,True,True,False,False,False,True,True,False
300000.0,90.0,2.0,1.0,1.0,1.0,1.0,1.0,0.0,3,36.8723,10.278,2.0,1.0,0.0,0.0,393150.9196056338,368050.949375,False,False,True,True,False,False,False,True,True,False
590000.0,217.0,3.0,2.0,1.0,0.0,1.0,1.0,1.0,2,36.4506,10.735,2.0,1.0,1.0,1.0,356101.26872727275,335553.90432183904,False,False,True,True,False,False,False,True,True,False
580000.0,146.0,4.0,2.0,0.0,0.0,0.0,1.0,0.0,2,36.8239,10.2264,3.0,1.0,0.0,0.0,303301.0294117647,274088.2291666667,False,True,False,True,False,True,False,False,True,False
608000.0,173.0,3.0,1.0,1.0,1.0,1.0,1.0,0.0,2,36.8625,10.1956,3.0,0.0,0.0,0.0,362112.70683229814,368050.949375,False,False,True,True,False,False,False,True,True,False
820000.0,170.0,4.0,3.0,1.0,0.0,0.0,0.0,0.0,2,36.8333,10.3167,3.0,1.0,0.0,0.0,601819.5220062697,495512.68618274975,False,False,True,True,False,False,False,True,True,False
430000.0,120.0,4.0,1.0,1.0,0.0,1.0,0.0,1.0,2,36.4011,10.6146,3.0,1.0,0.0,1.0,355184.6627435388,335553.90432183904,False,False,True,True,False,False,False,True,True,False
280000.0,60.0,2.0,1.0,1.0,0.0,1.0,1.0,1.0,2,33.8869,9.5375,2.0,1.0,0.0,0.0,393150.9196056338,368050.949375,False,False,True,True,False,False,False,True,True,False
287000.0,75.0,3.0,1.0,0.0,0.0,1.0,1.0,0.0,2,36.8694,10.3164,2.0,1.0,0.0,0.0,460266.7082352941,495512.68618274975,False,False,True,True,False,False,False,True,True,False
299000.0,104.0,3.0,1.0,1.0,0.0,0.0,0.0,1.0,2,36.8333,10.3167,2.0,0.0,0.0,0.0,601819.5220062697,495512.68618274975,False,False,True,True,False,False,False,True,True,False
215000.0,90.0,2.0,1.0,0.0,0.0,0.0,0.0,0.0,2,36.8493,11.0918,2.0,0.0,0.0,0.0,189879.7706849315,335553.90432183904,True,False,False,True,False,False,False,True,True,False
363000.0,125.0,4.0,2.0,1.0,0.0,0.0,0.0,0.0,2,36.8833,10.25,3.0,1.0,0.0,0.0,393150.9196056338,368050.949375,False,False,True,True,False,False,False,True,True,False
320000.0,105.0,3.0,1.0,0.0,0.0,0.0,0.0,1.0,2,36.8624,10.2835,3.0,0.0,0.0,0.0,519943.5195618153,495512.68618274975,False,False,True,True,False,False,False,True,True,False
613772.0,150.0,4.0,2.0,1.0,0.0,1.0,1.0,1.0,2,35.8569,10.5972,3.0,0.0,1.0,1.0,339414.0611787819,330755.1372713178,False,False,True,True,False,False,False,True,True,False
260000.0,60.0,3.0,1.0,1.0,0.0,1.0,1.0,1.0,2,36.4506,10.735,2.0,1.0,0.0,1.0,356101.26872727275,335553.90432183904,False,False,True,True,False,False,False,True,True,False
155000.0,87.0,3.0,1.0,1.0,0.0,0.0,0.0,0.0,2,36.7786,10.0554,2.0,0.0,0.0,0.0,251258.3575,259667.45531914895,False,True,False,True,False,True,False,False,True,False
490000.0,110.0,2.0,1.0,0.0,0.0,0.0,0.0,0.0,2,36.4011,10.6146,2.0,1.0,0.0,1.0,355184.6627435388,335553.90432183904,False,False,True,True,False,False,False,True,True,False
440000.0,77.0,2.0,1.0,1.0,0.0,1.0,1.0,1.0,2,36.8634,10.3138,2.0,0.0,1.0,0.0,519943.5195618153,495512.68618274975,False,False,True,True,False,False,False,True,True,False
540000.0,170.0,4.0,1.0,1.0,0.0,1.0,1.0,0.0,1,36.8833,10.25,3.0,1.0,0.0,0.0,393150.9196056338,368050.949375,False,False,True,True,False,False,False,True,True,False
238000.0,45.0,3.0,1.0,0.0,1.0,1.0,1.0,1.0,2,36.4198,10.6619,2.0,0.0,1.0,0.0,355184.6627435388,335553.90432183904,False,False,True,True,False,False,False,True,True,False
348000.0,125.0,4.0,2.0,0.0,0.0,1.0,1.0,0.0,2,36.8833,10.25,3.0,1.0,0.0,0.0,393150.9196056338,368050.949375,False,False,True,True,False,False,False,True,True,False
650000.0,210.0,5.0,2.0,1.0,0.0,1.0,1.0,1.0,2,36.8833,10.25,4.0,1.0,1.0,0.0,393150.9196056338,368050.949375,False,False,True,True,False,False,False,True,True,False
630000.0,150.0,4.0,2.0,1.0,0.0,1.0,1.0,1.0,2,36.8833,10.25,3.0,1.0,0.0,1.0,393150.9196056338,368050.949375,False,False,True,True,False,False,False,True,True,False
277000.0,61.0,2.0,1.0,0.0,0.0,1.0,1.0,1.0,2,36.8965,10.218,2.0,1.0,0.0,1.0,393150.9196056338,368050.949375,False,False,True,True,False,False,False,True,True,False
295000.0,77.0,2.0,1.0,1.0,0.0,1.0,1.0,1.0,2,36.8833,10.25,2.0,1.0,0.0,0.0,393150.9196056338,368050.949375,False,False,True,True,False,False,False,True,True,False
380000.0,110.0,2.0,1.0,1.0,0.0,1.0,1.0,1.0,2,36.4011,10.6146,2.0,0.0,0.0,0.0,355184.6627435388,335553.90432183904,False,False,True,True,False,False,False,True,True,False
289406.0,67.0,2.0,1.0,1.0,0.0,1.0,1.0,1.0,4,35.8569,10.5972,2.0,0.0,1.0,1.0,339414.0611787819,330755.1372713178,False,False,True,True,False,False,False,True,True,False
210000.0,117.0,4.0,1.0,1.0,0.0,0.0,1.0,0.0,3,36.8188,10.166,4.0,0.0,0.0,0.0,257110.19941176468,495512.68618274975,False,True,False,True,False,False,False,True,True,False
350200.0,150.0,3.0,1.0,0.0,0.0,1.0,1.0,0.0,2,35.8273,10.6339,2.0,0.0,0.0,0.0,339414.0611787819,330755.1372713178,False,False,True,True,False,False,False,True,True,False
340000.0,125.0,2.0,1.0,1.0,0.0,1.0,1.0,0.0,2,35.87,10.57,2.0,0.0,0.0,0.0,347622.13037037035,330755.1372713178,False,False,True,True,False,False,False,True,True,False
155000.0,70.0,3.0,1.0,1.0,0.0,0.0,0.0,0.0,2,35.5044,11.0661,2.0,0.0,0.0,0.0,277969.225,327705.16642857145,False,True,False,True,False,False,True,False,True,False
250000.0,103.0,3.0,1.0,1.0,0.0,0.0,0.0,1.0,2,35.5303,11.0169,2.0,0.0,0.0,0.0,277969.225,327705.16642857145,False,True,False,True,False,False,True,False,True,False
270000.0,135.0,4.0,1.0,1.0,0.0,0.0,0.0,1.0,1,35.5044,11.0661,3.0,0.0,0.0,0.0,277969.225,327705.16642857145,False,True,False,True,False,False,True,False,True,False
140000.0,50.0,3.0,1.0,1.0,0.0,0.0,0.0,0.0,2,35.5044,11.0661,2.0,0.0,0.0,0.0,277969.225,327705.16642857145,False,True,False,True,False,False,True,False,True,False
200000.0,150.0,3.0,1.0,1.0,0.0,0.0,0.0,0.0,2,35.5044,11.0661,2.0,0.0,0.0,0.0,277969.225,327705.16642857145,False,True,False,True,False,False,True,False,True,False
335000.0,120.0,3.0,1.0,0.0,0.0,1.0,1.0,0.0,2,36.8764,10.3253,2.0,0.0,0.0,0.0,519943.5195618153,495512.68618274975,False,False,True,True,False,False,False,True,True,False
326458.0,86.0,3.0,2.0,1.0,1.0,0.0,1.0,0.0,2,36.4011,10.6146,2.0,1.0,0.0,1.0,355184.6627435388,335553.90432183904,False,False,True,True,False,False,False,True,True,False
650000.0,181.0,3.0,2.0,1.0,0.0,1.0,1.0,1.0,2,36.4011,10.6146,2.0,1.0,0.0,1.0,355184.6627435388,335553.90432183904,False,False,True,True,False,False,False,True,True,False
165000.0,74.0,3.0,1.0,0.0,0.0,0.0,0.0,0.0,2,36.4011,10.6146,2.0,0.0,0.0,0.0,355184.6627435388,335553.90432183904,False,False,True,True,False,False,False,True,True,False
450000.0,121.0,2.0,1.0,1.0,0.0,1.0,1.0,1.0,2,36.8833,10.25,2.0,1.0,1.0,0.0,393150.9196056338,368050.949375,False,False,True,True,False,False,False,True,True,False
650000.0,119.0,4.0,2.0,1.0,0.0,1.0,1.0,1.0,2,36.4011,10.6146,3.0,0.0,0.0,0.0,355184.6627435388,335553.90432183904,False,False,True,True,False,False,False,True,True,False
158000.0,90.0,4.0,2.0,0.0,0.0,0.0,0.0,0.0,2,36.8625,10.1956,3.0,1.0,0.0,0.0,362112.70683229814,368050.949375,False,False,True,True,False,False,False,True,True,False
380000.0,137.0,3.0,2.0,0.0,0.0,0.0,0.0,0.0,2,36.8239,10.2264,2.0,1.0,0.0,0.0,303301.0294117647,274088.2291666667,False,True,False,True,False,True,False,False,True,False
385000.0,108.0,2.0,1.0,1.0,0.0,1.0,1.0,0.0,2,36.4506,10.735,2.0,1.0,0.0,1.0,356101.26872727275,335553.90432183904,False,False,True,True,False,False,False,True,True,False
550000.0,192.0,4.0,2.0,1.0,0.0,1.0,1.0,1.0,2,36.8625,10.1956,3.0,1.0,0.0,0.0,362112.70683229814,368050.949375,False,False,True,True,False,False,False,True,True,False
385000.0,165.0,5.0,3.0,0.0,0.0,0.0,0.0,0.0,2,36.8239,10.2264,4.0,1.0,0.0,0.0,303301.0294117647,274088.2291666667,False,True,False,True,False,True,False,False,True,False
450000.0,190.0,2.0,1.0,1.0,1.0,1.0,1.0,1.0,2,36.8833,10.25,2.0,1.0,1.0,0.0,393150.9196056338,368050.949375,False,False,True,True,False,False,False,True,True,False
549000.0,160.0,3.0,1.0,0.0,0.0,1.0,1.0,0.0,2,36.8833,10.25,3.0,1.0,1.0,0.0,393150.9196056338,368050.949375,False,False,True,True,False,False,False,True,True,False
210000.0,90.0,3.0,2.0,0.0,0.0,0.0,1.0,0.0,2,36.8833,10.25,2.0,1.0,1.0,0.0,393150.9196056338,368050.949375,False,False,True,True,False,False,False,True,True,False
425000.0,152.0,3.0,2.0,0.0,0.0,1.0,1.0,1.0,2,36.8833,10.25,2.0,1.0,0.0,0.0,393150.9196056338,368050.949375,False,False,True,True,False,False,False,True,True,False
575000.0,175.0,4.0,3.0,1.0,0.0,1.0,1.0,1.0,2,36.8835,10.223,3.0,1.0,0.0,0.0,393150.9196056338,368050.949375,False,False,True,True,False,False,False,True,True,False
240000.0,60.0,2.0,1.0,0.0,0.0,1.0,1.0,1.0,1,36.8833,10.25,2.0,1.0,1.0,1.0,393150.9196056338,368050.949375,False,False,True,True,False,False,False,True,True,False
190000.0,98.0,3.0,1.0,1.0,0.0,1.0,1.0,0.0,2,36.8833,10.25,2.0,1.0,0.0,0.0,393150.9196056338,368050.949375,False,False,True,True,False,False,False,True,True,False
700000.0,180.0,5.0,2.0,0.0,0.0,1.0,1.0,1.0,2,36.8764,10.3253,3.0,0.0,1.0,0.0,519943.5195618153,495512.68618274975,False,False,True,True,False,False,False,True,True,False
400000.0,114.0,3.0,1.0,1.0,0.0,1.0,1.0,1.0,3,36.4506,10.735,2.0,1.0,0.0,1.0,356101.26872727275,335553.90432183904,False,False,True,True,False,False,False,True,True,False
240000.0,70.0,2.0,1.0,1.0,0.0,1.0,1.0,1.0,2,36.8833,10.25,2.0,1.0,0.0,0.0,393150.9196056338,368050.949375,False,False,True,True,False,False,False,True,True,False
310000.0,120.0,2.0,2.0,0.0,0.0,1.0,1.0,1.0,4,36.532,10.1048,2.0,1.0,1.0,0.0,298410.12333333335,368050.949375,False,True,False,True,False,False,False,True,True,False
175000.0,90.0,3.0,1.0,0.0,1.0,1.0,0.0,1.0,2,36.8493,11.0918,2.0,0.0,0.0,0.0,189879.7706849315,335553.90432183904,True,False,False,True,False,False,False,True,True,False
248000.0,100.0,3.0,1.0,0.0,0.0,0.0,1.0,1.0,2,36.4011,10.6146,2.0,0.0,0.0,0.0,355184.6627435388,335553.90432183904,False,False,True,True,False,False,False,True,True,False
880000.0,115.0,3.0,2.0,1.0,0.0,1.0,1.0,1.0,2,36.8764,10.3253,2.0,1.0,0.0,0.0,519943.5195618153,495512.68618274975,False,False,True,True,False,False,False,True,True,False
490000.0,160.0,4.0,2.0,1.0,0.0,1.0,1.0,1.0,2,36.4011,10.6146,3.0,0.0,0.0,0.0,355184.6627435388,335553.90432183904,False,False,True,True,False,False,False,True,True,False
165000.0,80.0,3.0,1.0,1.0,0.0,0.0,0.0,0.0,2,36.8493,11.0918,2.0,0.0,0.0,0.0,189879.7706849315,335553.90432183904,True,False,False,True,False,False,False,True,True,False
150000.0,80.0,3.0,1.0,1.0,0.0,0.0,0.0,0.0,2,36.8625,10.1956,2.0,1.0,0.0,0.0,362112.70683229814,368050.949375,False,False,True,True,False,False,False,True,True,False
1080000.0,190.0,3.0,1.0,1.0,1.0,1.0,1.0,0.0,2,36.8764,10.3253,2.0,1.0,0.0,0.0,519943.5195618153,495512.68618274975,False,False,True,True,False,False,False,True,True,False
517000.0,152.0,4.0,3.0,1.0,0.0,1.0,1.0,0.0,5,36.8625,10.1956,3.0,1.0,0.0,0.0,362112.70683229814,368050.949375,False,False,True,True,False,False,False,True,True,False
260000.0,120.0,2.0,1.0,1.0,0.0,1.0,1.0,0.0,2,36.8302,10.1374,2.0,0.0,0.0,0.0,190533.3,495512.68618274975,True,False,False,True,False,False,False,True,True,False
215000.0,135.0,3.0,1.0,0.0,0.0,0.0,0.0,0.0,2,36.7786,10.0554,2.0,0.0,0.0,0.0,251258.3575,259667.45531914895,False,True,False,True,False,True,False,False,True,False
750000.0,115.0,3.0,1.0,0.0,0.0,0.0,0.0,0.0,2,36.879,10.3068,2.0,0.0,0.0,0.0,519943.5195618153,495512.68618274975,False,False,True,True,False,False,False,True,True,False
385000.0,155.0,4.0,2.0,1.0,0.0,1.0,1.0,0.0,4,36.8625,10.1956,3.0,1.0,0.0,0.0,362112.70683229814,368050.949375,False,False,True,True,False,False,False,True,True,False
170000.0,90.0,4.0,2.0,0.0,0.0,0.0,0.0,0.0,2,36.8833,10.25,4.0,1.0,0.0,0.0,393150.9196056338,368050.949375,False,False,True,True,False,False,False,True,True,False
300000.0,60.0,2.0,1.0,1.0,1.0,1.0,1.0,1.0,2,35.87,10.57,2.0,1.0,0.0,0.0,347622.13037037035,330755.1372713178,False,False,True,True,False,False,False,True,True,False
195000.0,130.0,3.0,1.0,1.0,0.0,0.0,0.0,0.0,2,36.6939,10.2622,3.0,0.0,0.0,0.0,197548.69142857144,256097.71569620253,True,False,False,True,False,True,False,False,True,False
255000.0,46.0,2.0,1.0,0.0,0.0,1.0,1.0,1.0,1,36.4011,10.6146,2.0,1.0,1.0,0.0,355184.6627435388,335553.90432183904,False,False,True,True,False,False,False,True,True,False
725000.0,199.0,4.0,2.0,1.0,0.0,0.0,0.0,0.0,2,36.8556,10.2918,3.0,1.0,0.0,0.0,601819.5220062697,495512.68618274975,False,False,True,True,False,False,False,True,True,False
310000.0,83.0,3.0,1.0,1.0,0.0,0.0,0.0,1.0,2,36.8556,10.2918,2.0,1.0,0.0,0.0,601819.5220062697,495512.68618274975,False,False,True,True,False,False,False,True,True,False
689000.0,161.0,3.0,2.0,1.0,0.0,1.0,1.0,1.0,1,36.8833,10.25,3.0,1.0,1.0,0.0,393150.9196056338,368050.949375,False,False,True,True,False,False,False,True,True,False
570000.0,232.0,5.0,2.0,1.0,0.0,1.0,1.0,1.0,6,36.8833,10.25,3.0,1.0,0.0,0.0,393150.9196056338,368050.949375,False,False,True,True,False,False,False,True,True,False
385000.0,135.0,3.0,1.0,1.0,0.0,1.0,1.0,1.0,4,36.8764,10.3253,2.0,1.0,0.0,0.0,519943.5195618153,495512.68618274975,False,False,True,True,False,False,False,True,True,False
550000.0,122.0,3.0,2.0,1.0,0.0,1.0,1.0,1.0,2,36.8833,10.25,2.0,1.0,1.0,0.0,393150.9196056338,368050.949375,False,False,True,True,False,False,False,True,True,False
670000.0,197.0,4.0,2.0,1.0,0.0,1.0,1.0,1.0,2,36.8764,10.3253,3.0,1.0,1.0,0.0,519943.5195618153,495512.68618274975,False,False,True,True,False,False,False,True,True,False
277000.0,96.0,3.0,1.0,0.0,1.0,1.0,1.0,1.0,6,35.8342,10.6169,2.0,1.0,0.0,0.0,339414.0611787819,330755.1372713178,False,False,True,True,False,False,False,True,True,False
187000.0,110.0,3.0,1.0,0.0,0.0,0.0,0.0,0.0,2,36.8188,10.166,3.0,0.0,0.0,0.0,257110.19941176468,495512.68618274975,False,True,False,True,False,False,False,True,True,False
390000.0,150.0,4.0,2.0,1.0,0.0,1.0,1.0,1.0,2,36.8764,10.3253,3.0,1.0,0.0,0.0,519943.5195618153,495512.68618274975,False,False,True,True,False,False,False,True,True,False
315000.0,117.0,3.0,1.0,1.0,1.0,1.0,1.0,0.0,2,36.8625,10.1956,2.0,1.0,0.0,0.0,362112.70683229814,368050.949375,False,False,True,True,False,False,False,True,True,False
459086.0,136.0,3.0,2.0,1.0,0.0,1.0,1.0,1.0,2,35.8273,10.6339,2.0,1.0,0.0,0.0,339414.0611787819,330755.1372713178,False,False,True,True,False,False,False,True,True,False
192000.0,63.0,2.0,1.0,0.0,0.0,1.0,1.0,1.0,2,36.7786,10.0554,2.0,1.0,1.0,0.0,251258.3575,259667.45531914895,False,True,False,True,False,True,False,False,True,False
380000.0,112.0,3.0,1.0,1.0,0.0,1.0,1.0,1.0,2,36.4506,10.735,2.0,1.0,1.0,1.0,356101.26872727275,335553.90432183904,False,False,True,True,False,False,False,True,True,False
198000.0,92.0,3.0,1.0,1.0,0.0,0.0,1.0,0.0,2,36.8188,10.166,2.0,1.0,0.0,0.0,257110.19941176468,495512.68618274975,False,True,False,True,False,False,False,True,True,False
160000.0,140.0,3.0,1.0,1.0,0.0,0.0,0.0,0.0,2,37.2667,9.8667,2.0,0.0,0.0,0.0,301532.5788888889,273790.43207547173,False,True,False,True,False,True,False,False,True,False
310000.0,80.0,2.0,1.0,1.0,0.0,1.0,1.0,1.0,5,36.4318,10.6845,2.0,1.0,0.0,0.0,355184.6627435388,335553.90432183904,False,False,True,True,False,False,False,True,True,False
260000.0,100.0,3.0,1.0,1.0,0.0,1.0,1.0,1.0,2,36.7786,10.0554,2.0,0.0,0.0,0.0,251258.3575,259667.45531914895,False,True,False,True,False,True,False,False,True,False
130000.0,81.0,3.0,1.0,0.0,0.0,0.0,0.0,0.0,2,36.7786,10.0554,2.0,0.0,0.0,0.0,251258.3575,259667.45531914895,False,True,False,True,False,True,False,False,True,False
105000.0,65.0,3.0,1.0,0.0,0.0,0.0,0.0,0.0,2,36.7786,10.0554,2.0,0.0,0.0,0.0,251258.3575,259667.45531914895,False,True,False,True,False,True,False,False,True,False
360000.0,92.0,2.0,1.0,1.0,0.0,1.0,1.0,1.0,2,35.8324,10.6225,2.0,1.0,1.0,0.0,339414.0611787819,330755.1372713178,False,False,True,True,False,False,False,True,True,False
360000.0,77.0,3.0,2.0,1.0,1.0,0.0,1.0,0.0,2,36.8764,10.3253,2.0,0.0,0.0,0.0,519943.5195618153,495512.68618274975,False,False,True,True,False,False,False,True,True,False
185000.0,52.0,2.0,1.0,1.0,0.0,1.0,0.0,1.0,2,35.9431,10.5202,2.0,0.0,0.0,0.0,389984.1204651163,406094.33674999996,False,False,True,True,False,False,False,True,True,False
340000.0,114.0,3.0,1.0,1.0,0.0,0.0,0.0,0.0,2,36.8625,10.1956,2.0,0.0,0.0,0.0,362112.70683229814,368050.949375,False,False,True,True,False,False,False,True,True,False
420000.0,140.0,2.0,1.0,1.0,0.0,0.0,0.0,0.0,2,36.8833,10.25,2.0,0.0,0.0,0.0,393150.9196056338,368050.949375,False,False,True,True,False,False,False,True,True,False
387800.0,151.0,3.0,1.0,0.0,0.0,1.0,1.0,0.0,2,36.9544,10.1914,3.0,0.0,0.0,0.0,298410.12333333335,368050.949375,False,True,False,True,False,False,False,True,True,False
395000.0,130.0,3.0,1.0,0.0,0.0,1.0,1.0,1.0,4,35.8342,10.6169,2.0,1.0,0.0,0.0,339414.0611787819,330755.1372713178,False,False,True,True,False,False,False,True,True,False
357000.0,124.0,3.0,1.0,0.0,0.0,1.0,1.0,1.0,2,35.8342,10.6169,2.0,1.0,0.0,0.0,339414.0611787819,330755.1372713178,False,False,True,True,False,False,False,True,True,False
333000.0,116.0,3.0,1.0,0.0,1.0,1.0,1.0,1.0,4,35.8342,10.6169,2.0,1.0,0.0,0.0,339414.0611787819,330755.1372713178,False,False,True,True,False,False,False,True,True,False
305000.0,106.0,3.0,1.0,0.0,0.0,1.0,1.0,1.0,2,35.8342,10.6169,2.0,1.0,0.0,0.0,339414.0611787819,330755.1372713178,False,False,True,True,False,False,False,True,True,False
282000.0,98.0,3.0,1.0,0.0,0.0,1.0,1.0,1.0,2,35.8342,10.6169,2.0,1.0,0.0,0.0,339414.0611787819,330755.1372713178,False,False,True,True,False,False,False,True,True,False
348000.0,121.0,3.0,1.0,0.0,0.0,1.0,1.0,1.0,1,35.8342,10.6169,2.0,1.0,0.0,0.0,339414.0611787819,330755.1372713178,False,False,True,True,False,False,False,True,True,False
340000.0,119.0,3.0,1.0,0.0,0.0,1.0,1.0,1.0,1,35.8342,10.6169,2.0,1.0,0.0,0.0,339414.0611787819,330755.1372713178,False,False,True,True,False,False,False,True,True,False
498400.0,194.0,3.0,1.0,0.0,0.0,1.0,1.0,0.0,2,36.9544,10.1914,3.0,0.0,0.0,0.0,298410.12333333335,368050.949375,False,True,False,True,False,False,False,True,True,False
418600.0,173.0,2.0,1.0,0.0,0.0,1.0,1.0,0.0,2,36.9544,10.1914,3.0,0.0,0.0,0.0,298410.12333333335,368050.949375,False,True,False,True,False,False,False,True,True,False
145000.0,99.0,3.0,2.0,1.0,0.0,0.0,0.0,0.0,2,35.7678,10.8225,3.0,0.0,0.0,0.0,283320.10545454547,299054.0060240964,False,True,False,True,False,False,True,False,True,False
150000.0,103.0,2.0,1.0,1.0,0.0,0.0,0.0,0.0,2,36.8493,11.0918,2.0,0.0,0.0,0.0,189879.7706849315,335553.90432183904,True,False,False,True,False,False,False,True,True,False
1050000.0,223.0,3.0,1.0,1.0,0.0,1.0,0.0,0.0,2,36.8764,10.3253,3.0,0.0,0.0,0.0,519943.5195618153,495512.68618274975,False,False,True,True,False,False,False,True,True,False
560000.0,160.0,5.0,1.0,1.0,0.0,1.0,1.0,1.0,2,35.87,10.57,3.0,1.0,0.0,0.0,347622.13037037035,330755.1372713178,False,False,True,True,False,False,False,True,True,False
500000.0,115.0,3.0,1.0,0.0,0.0,0.0,0.0,0.0,2,36.8624,10.2835,2.0,1.0,0.0,0.0,519943.5195618153,495512.68618274975,False,False,True,True,False,False,False,True,True,False
220000.0,97.0,3.0,1.0,1.0,1.0,1.0,1.0,0.0,2,36.836,10.1911,3.0,1.0,0.0,0.0,303301.0294117647,274088.2291666667,False,True,False,True,False,True,False,False,True,False
700000.0,157.0,4.0,2.0,1.0,0.0,1.0,1.0,1.0,2,36.8333,10.3167,3.0,1.0,0.0,0.0,601819.5220062697,495512.68618274975,False,False,True,True,False,False,False,True,True,False
370000.0,148.0,4.0,2.0,1.0,0.0,1.0,1.0,1.0,2,36.8764,10.3253,3.0,1.0,0.0,0.0,519943.5195618153,495512.68618274975,False,False,True,True,False,False,False,True,True,False
490000.0,150.0,4.0,2.0,1.0,0.0,1.0,1.0,1.0,4,36.8764,10.3253,3.0,0.0,0.0,0.0,519943.5195618153,495512.68618274975,False,False,True,True,False,False,False,True,True,False
406800.0,113.0,3.0,2.0,1.0,0.0,1.0,1.0,1.0,2,36.8833,10.25,2.0,1.0,0.0,0.0,393150.9196056338,368050.949375,False,False,True,True,False,False,False,True,True,False
340000.0,134.0,3.0,1.0,1.0,0.0,0.0,1.0,0.0,2,36.8764,10.3253,3.0,1.0,0.0,0.0,519943.5195618153,495512.68618274975,False,False,True,True,False,False,False,True,True,False
480000.0,146.0,4.0,2.0,1.0,0.0,1.0,1.0,1.0,3,35.8324,10.6225,3.0,1.0,0.0,0.0,339414.0611787819,330755.1372713178,False,False,True,True,False,False,False,True,True,False
210000.0,97.0,3.0,1.0,0.0,0.0,1.0,1.0,0.0,6,36.8188,10.166,2.0,1.0,0.0,0.0,257110.19941176468,495512.68618274975,False,True,False,True,False,False,False,True,True,False
140000.0,170.0,2.0,1.0,0.0,0.0,0.0,0.0,0.0,2,36.8493,11.0918,2.0,1.0,0.0,0.0,189879.7706849315,335553.90432183904,True,False,False,True,False,False,False,True,True,False
420000.0,122.0,3.0,2.0,0.0,0.0,0.0,1.0,1.0,6,35.8324,10.6225,2.0,1.0,0.0,0.0,339414.0611787819,330755.1372713178,False,False,True,True,False,False,False,True,True,False
420000.0,165.0,4.0,2.0,1.0,0.0,1.0,1.0,1.0,3,35.8324,10.6225,3.0,1.0,0.0,0.0,339414.0611787819,330755.1372713178,False,False,True,True,False,False,False,True,True,False
340000.0,118.0,3.0,2.0,0.0,0.0,1.0,1.0,1.0,2,35.8324,10.6225,2.0,1.0,0.0,0.0,339414.0611787819,330755.1372713178,False,False,True,True,False,False,False,True,True,False
285000.0,105.0,3.0,1.0,0.0,0.0,1.0,1.0,1.0,3,35.8324,10.6225,2.0,1.0,0.0,0.0,339414.0611787819,330755.1372713178,False,False,True,True,False,False,False,True,True,False
420000.0,165.0,4.0,3.0,1.0,0.0,1.0,1.0,1.0,2,35.8273,10.6339,3.0,1.0,0.0,0.0,339414.0611787819,330755.1372713178,False,False,True,True,False,False,False,True,True,False
255000.0,68.0,2.0,1.0,0.0,1.0,1.0,1.0,1.0,2,35.8324,10.6225,2.0,0.0,0.0,0.0,339414.0611787819,330755.1372713178,False,False,True,True,False,False,False,True,True,False
330000.0,114.0,3.0,1.0,0.0,0.0,1.0,1.0,1.0,1,35.8342,10.6169,2.0,1.0,0.0,0.0,339414.0611787819,330755.1372713178,False,False,True,True,False,False,False,True,True,False
225000.0,78.0,2.0,1.0,0.0,0.0,1.0,1.0,1.0,2,35.8342,10.6169,2.0,1.0,0.0,0.0,339414.0611787819,330755.1372713178,False,False,True,True,False,False,False,True,True,False
624000.0,99.0,3.0,2.0,1.0,0.0,1.0,1.0,1.0,2,36.8473,10.3028,2.0,1.0,0.0,1.0,601819.5220062697,495512.68618274975,False,False,True,True,False,False,False,True,True,False
1155700.0,140.0,3.0,3.0,1.0,0.0,1.0,1.0,1.0,2,36.8473,10.3028,2.0,1.0,1.0,1.0,601819.5220062697,495512.68618274975,False,False,True,True,False,False,False,True,True,False
324000.0,129.0,4.0,1.0,0.0,0.0,1.0,1.0,1.0,2,36.7465,10.2377,3.0,1.0,0.0,0.0,224240.0,406094.33674999996,False,True,False,True,False,False,False,True,True,False
290000.0,104.0,3.0,1.0,1.0,0.0,1.0,1.0,1.0,2,36.4011,10.6146,2.0,0.0,0.0,1.0,355184.6627435388,335553.90432183904,False,False,True,True,False,False,False,True,True,False
276000.0,69.0,3.0,1.0,0.0,0.0,1.0,1.0,1.0,2,36.8625,10.1956,2.0,0.0,0.0,0.0,362112.70683229814,368050.949375,False,False,True,True,False,False,False,True,True,False
350000.0,99.0,3.0,1.0,1.0,0.0,1.0,1.0,1.0,6,35.7678,10.8225,2.0,0.0,0.0,0.0,283320.10545454547,299054.0060240964,False,True,False,True,False,False,True,False,True,False
530000.0,122.0,2.0,2.0,1.0,0.0,1.0,1.0,1.0,2,36.8942,10.2762,2.0,1.0,0.0,0.0,519943.5195618153,495512.68618274975,False,False,True,True,False,False,False,True,True,False
320000.0,105.0,3.0,1.0,0.0,0.0,0.0,0.0,0.0,2,36.8764,10.3253,2.0,0.0,0.0,0.0,519943.5195618153,495512.68618274975,False,False,True,True,False,False,False,True,True,False
450000.0,122.0,3.0,1.0,0.0,0.0,0.0,0.0,0.0,2,36.8764,10.3253,2.0,1.0,0.0,0.0,519943.5195618153,495512.68618274975,False,False,True,True,False,False,False,True,True,False
295200.0,77.0,3.0,1.0,1.0,0.0,1.0,1.0,1.0,2,36.8833,10.25,2.0,1.0,0.0,0.0,393150.9196056338,368050.949375,False,False,True,True,False,False,False,True,True,False
396000.0,110.0,3.0,2.0,1.0,0.0,1.0,1.0,1.0,2,36.8833,10.25,2.0,1.0,0.0,0.0,393150.9196056338,368050.949375,False,False,True,True,False,False,False,True,True,False
500000.0,163.0,4.0,2.0,1.0,0.0,1.0,1.0,0.0,2,36.4506,10.735,3.0,1.0,0.0,1.0,356101.26872727275,335553.90432183904,False,False,True,True,False,False,False,True,True,False
265000.0,55.0,2.0,1.0,1.0,0.0,1.0,1.0,1.0,2,36.4506,10.735,2.0,0.0,0.0,0.0,356101.26872727275,335553.90432183904,False,False,True,True,False,False,False,True,True,False
185000.0,97.0,3.0,1.0,1.0,0.0,0.0,0.0,0.0,2,36.8493,11.0918,2.0,0.0,0.0,0.0,189879.7706849315,335553.90432183904,True,False,False,True,False,False,False,True,True,False
420000.0,100.0,3.0,1.0,1.0,1.0,1.0,1.0,0.0,2,36.4011,10.6146,2.0,0.0,1.0,0.0,355184.6627435388,335553.90432183904,False,False,True,True,False,False,False,True,True,False
380000.0,132.0,2.0,1.0,1.0,0.0,0.0,0.0,1.0,2,35.8324,10.6225,2.0,0.0,0.0,0.0,339414.0611787819,330755.1372713178,False,False,True,True,False,False,False,True,True,False
409600.0,128.0,2.0,1.0,0.0,0.0,0.0,0.0,0.0,2,35.8324,10.6225,2.0,1.0,0.0,0.0,339414.0611787819,330755.1372713178,False,False,True,True,False,False,False,True,True,False
150000.0,98.0,3.0,1.0,1.0,0.0,1.0,0.0,0.0,3,36.8625,10.1956,2.0,1.0,0.0,0.0,362112.70683229814,368050.949375,False,False,True,True,False,False,False,True,True,False
160000.0,100.0,3.0,1.0,1.0,0.0,0.0,0.0,0.0,2,36.8493,11.0918,2.0,0.0,0.0,0.0,189879.7706849315,335553.90432183904,True,False,False,True,False,False,False,True,True,False
260000.0,130.0,3.0,2.0,0.0,0.0,0.0,1.0,0.0,2,36.8625,10.1956,3.0,0.0,0.0,0.0,362112.70683229814,368050.949375,False,False,True,True,False,False,False,True,True,False
330000.0,79.0,2.0,1.0,1.0,0.0,1.0,1.0,1.0,2,35.87,10.57,2.0,1.0,1.0,0.0,347622.13037037035,330755.1372713178,False,False,True,True,False,False,False,True,True,False
357000.0,101.0,3.0,1.0,1.0,0.0,1.0,1.0,1.0,2,36.8764,10.3253,2.0,1.0,0.0,0.0,519943.5195618153,495512.68618274975,False,False,True,True,False,False,False,True,True,False
470000.0,170.0,3.0,1.0,1.0,1.0,1.0,1.0,1.0,2,35.87,10.57,2.0,0.0,0.0,0.0,347622.13037037035,330755.1372713178,False,False,True,True,False,False,False,True,True,False
120000.0,90.0,3.0,1.0,1.0,0.0,0.0,0.0,0.0,2,36.8625,10.1956,2.0,1.0,0.0,0.0,362112.70683229814,368050.949375,False,False,True,True,False,False,False,True,True,False
350000.0,100.0,3.0,1.0,0.0,0.0,0.0,0.0,0.0,2,36.4011,10.6146,2.0,0.0,1.0,1.0,355184.6627435388,335553.90432183904,False,False,True,True,False,False,False,True,True,False
295000.0,104.0,3.0,1.0,0.0,0.0,0.0,0.0,0.0,2,36.4011,10.6146,2.0,0.0,0.0,0.0,355184.6627435388,335553.90432183904,False,False,True,True,False,False,False,True,True,False
160000.0,63.0,3.0,1.0,1.0,0.0,1.0,0.0,1.0,2,36.47,10.78,2.0,0.0,0.0,1.0,160000.0,335553.90432183904,True,False,False,False,True,False,False,True,True,False
220000.0,54.0,3.0,1.0,1.0,0.0,1.0,1.0,0.0,2,36.4506,10.735,2.0,0.0,0.0,1.0,356101.26872727275,335553.90432183904,False,False,True,True,False,False,False,True,True,False
310000.0,136.0,3.0,1.0,1.0,0.0,1.0,1.0,1.0,2,36.8764,10.3253,2.0,0.0,0.0,0.0,519943.5195618153,495512.68618274975,False,False,True,True,False,False,False,True,True,False
800000.0,118.0,2.0,1.0,1.0,0.0,1.0,1.0,0.0,2,36.8764,10.3253,2.0,1.0,0.0,0.0,519943.5195618153,495512.68618274975,False,False,True,True,False,False,False,True,True,False
417300.0,114.0,3.0,1.0,0.0,0.0,1.0,1.0,0.0,2,36.8833,10.25,2.0,1.0,1.0,0.0,393150.9196056338,368050.949375,False,False,True,True,False,False,False,True,True,False
420000.0,140.0,4.0,2.0,1.0,0.0,1.0,1.0,1.0,5,36.8624,10.2835,3.0,1.0,0.0,0.0,519943.5195618153,495512.68618274975,False,False,True,True,False,False,False,True,True,False
255000.0,110.0,3.0,2.0,1.0,0.0,1.0,0.0,0.0,1,36.4667,10.8,3.0,0.0,0.0,0.0,255000.0,335553.90432183904,False,True,False,False,True,False,False,True,True,False
130000.0,70.0,5.0,1.0,0.0,0.0,0.0,0.0,0.0,1,34.7333,10.7667,2.0,0.0,0.0,0.0,254104.44444444444,295071.536,False,True,False,True,False,False,True,False,True,False
363000.0,88.0,3.0,1.0,1.0,0.0,1.0,1.0,0.0,1,36.8239,10.2264,2.0,0.0,0.0,0.0,303301.0294117647,274088.2291666667,False,True,False,True,False,True,False,False,True,False
465000.0,128.0,3.0,2.0,1.0,0.0,1.0,1.0,1.0,6,35.8177,10.6455,2.0,0.0,0.0,0.0,339414.0611787819,330755.1372713178,False,False,True,True,False,False,False,True,True,False
420000.0,75.0,2.0,1.0,0.0,0.0,0.0,1.0,0.0,2,36.4011,10.6146,2.0,0.0,0.0,0.0,355184.6627435388,335553.90432183904,False,False,True,True,False,False,False,True,True,False
400000.0,200.0,4.0,2.0,1.0,0.0,1.0,1.0,1.0,2,36.8625,10.1956,3.0,1.0,0.0,0.0,362112.70683229814,368050.949375,False,False,True,True,False,False,False,True,True,False
255000.0,81.0,3.0,2.0,1.0,0.0,1.0,1.0,0.0,2,36.7609,10.2736,2.0,1.0,0.0,0.0,223470.58823529413,256097.71569620253,False,True,False,True,False,True,False,False,True,False
240000.0,89.0,4.0,1.0,0.0,0.0,0.0,0.0,0.0,2,37.272,9.8708,3.0,0.0,0.0,0.0,301532.5788888889,273790.43207547173,False,True,False,True,False,True,False,False,True,False
690000.0,168.0,3.0,2.0,1.0,1.0,1.0,1.0,0.0,2,36.4011,10.6146,2.0,1.0,0.0,0.0,355184.6627435388,335553.90432183904,False,False,True,True,False,False,False,True,True,False
780000.0,190.0,3.0,1.0,1.0,0.0,0.0,0.0,0.0,2,36.8556,10.2918,3.0,1.0,0.0,0.0,601819.5220062697,495512.68618274975,False,False,True,True,False,False,False,True,True,False
345000.0,92.0,3.0,1.0,1.0,0.0,1.0,1.0,1.0,2,36.8625,10.1956,2.0,1.0,0.0,0.0,362112.70683229814,368050.949375,False,False,True,True,False,False,False,True,True,False
240000.0,102.0,3.0,1.0,1.0,1.0,1.0,1.0,1.0,2,36.8625,10.1956,2.0,1.0,0.0,0.0,362112.70683229814,368050.949375,False,False,True,True,False,False,False,True,True,False
309000.0,220.0,3.0,1.0,0.0,0.0,0.0,0.0,0.0,2,36.8188,10.166,2.0,0.0,1.0,0.0,257110.19941176468,495512.68618274975,False,True,False,True,False,False,False,True,True,False
289000.0,130.0,4.0,2.0,1.0,0.0,1.0,1.0,1.0,3,36.8669,10.2229,3.0,1.0,0.0,0.0,393150.9196056338,368050.949375,False,False,True,True,False,False,False,True,True,False
430000.0,176.0,5.0,2.0,1.0,0.0,1.0,1.0,0.0,2,36.8833,10.25,4.0,1.0,0.0,0.0,393150.9196056338,368050.949375,False,False,True,True,False,False,False,True,True,False
550000.0,100.0,2.0,1.0,1.0,1.0,1.0,1.0,0.0,2,36.8764,10.3253,2.0,1.0,0.0,0.0,519943.5195618153,495512.68618274975,False,False,True,True,False,False,False,True,True,False
138000.0,45.0,2.0,1.0,1.0,0.0,1.0,1.0,0.0,3,37.2945,9.8595,2.0,0.0,0.0,0.0,301532.5788888889,273790.43207547173,False,True,False,True,False,True,False,False,True,False
440000.0,134.0,3.0,1.0,0.0,0.0,0.0,0.0,1.0,2,36.4011,10.6146,3.0,0.0,0.0,1.0,355184.6627435388,335553.90432183904,False,False,True,True,False,False,False,True,True,False
350000.0,145.0,2.0,2.0,1.0,0.0,1.0,1.0,0.0,2,36.8624,10.1956,2.0,0.0,0.0,0.0,362112.70683229814,368050.949375,False,False,True,True,False,False,False,True,True,False
480000.0,136.0,4.0,1.0,1.0,0.0,0.0,1.0,1.0,2,36.8587,10.1659,2.0,1.0,0.0,0.0,362112.70683229814,368050.949375,False,False,True,True,False,False,False,True,True,False
575000.0,150.0,3.0,2.0,1.0,0.0,1.0,1.0,1.0,6,35.87,10.57,3.0,1.0,0.0,1.0,347622.13037037035,330755.1372713178,False,False,True,True,False,False,False,True,True,False
400000.0,114.0,3.0,1.0,1.0,0.0,0.0,0.0,0.0,2,35.7833,10.8333,2.0,0.0,0.0,0.0,283320.10545454547,299054.0060240964,False,True,False,True,False,False,True,False,True,False
400000.0,115.0,4.0,2.0,1.0,0.0,1.0,1.0,1.0,5,36.8883,10.2742,2.0,1.0,0.0,0.0,393150.9196056338,368050.949375,False,False,True,True,False,False,False,True,True,False
438440.0,121.0,2.0,1.0,0.0,0.0,1.0,1.0,0.0,2,36.8764,10.3253,2.0,0.0,0.0,0.0,519943.5195618153,495512.68618274975,False,False,True,True,False,False,False,True,True,False
320000.0,100.0,3.0,1.0,1.0,0.0,0.0,0.0,0.0,1,36.8625,10.1956,2.0,0.0,1.0,0.0,362112.70683229814,368050.949375,False,False,True,True,False,False,False,True,True,False
415000.0,105.0,3.0,1.0,1.0,1.0,1.0,1.0,1.0,3,36.3928,10.5779,2.0,1.0,0.0,0.0,355184.6627435388,335553.90432183904,False,False,True,True,False,False,False,True,True,False
350000.0,101.0,3.0,1.0,1.0,0.0,0.0,0.0,0.0,2,36.4011,10.6146,2.0,0.0,0.0,0.0,355184.6627435388,335553.90432183904,False,False,True,True,False,False,False,True,True,False
105000.0,93.0,3.0,1.0,0.0,0.0,0.0,0.0,0.0,2,35.7678,10.8225,2.0,0.0,0.0,0.0,283320.10545454547,299054.0060240964,False,True,False,True,False,False,True,False,True,False
260000.0,70.0,2.0,1.0,1.0,0.0,1.0,1.0,0.0,2,36.4011,10.6146,2.0,1.0,0.0,1.0,355184.6627435388,335553.90432183904,False,False,True,True,False,False,False,True,True,False
390000.0,92.0,3.0,1.0,1.0,1.0,1.0,1.0,1.0,3,36.4011,10.6146,2.0,1.0,0.0,1.0,355184.6627435388,335553.90432183904,False,False,True,True,False,False,False,True,True,False
380000.0,105.0,3.0,1.0,1.0,0.0,1.0,1.0,1.0,2,36.8883,10.2742,3.0,0.0,0.0,0.0,393150.9196056338,368050.949375,False,False,True,True,False,False,False,True,True,False
175000.0,120.0,2.0,2.0,0.0,0.0,0.0,0.0,0.0,2,36.8493,11.0918,2.0,0.0,0.0,0.0,189879.7706849315,335553.90432183904,True,False,False,True,False,False,False,True,True,False
1033000.0,173.0,4.0,3.0,1.0,0.0,1.0,1.0,1.0,2,36.8333,10.3167,3.0,1.0,0.0,0.0,601819.5220062697,495512.68618274975,False,False,True,True,False,False,False,True,True,False
570000.0,75.0,3.0,1.0,1.0,0.0,0.0,0.0,0.0,2,36.8942,10.2762,2.0,1.0,0.0,0.0,519943.5195618153,495512.68618274975,False,False,True,True,False,False,False,True,True,False
490000.0,160.0,4.0,2.0,1.0,0.0,1.0,1.0,1.0,2,36.4011,10.6146,3.0,0.0,0.0,0.0,355184.6627435388,335553.90432183904,False,False,True,True,False,False,False,True,True,False
180000.0,175.0,4.0,1.0,1.0,0.0,1.0,0.0,0.0,2,36.65,10.6,3.0,0.0,0.0,0.0,180000.0,335553.90432183904,True,False,False,False,True,False,False,True,True,False
440000.0,97.0,3.0,1.0,1.0,1.0,1.0,1.0,1.0,2,36.4506,10.735,2.0,1.0,0.0,1.0,356101.26872727275,335553.90432183904,False,False,True,True,False,False,False,True,True,False
297000.0,118.0,3.0,1.0,0.0,1.0,0.0,1.0,1.0,2,36.8764,10.3253,2.0,1.0,0.0,0.0,519943.5195618153,495512.68618274975,False,False,True,True,False,False,False,True,True,False
450000.0,151.0,3.0,2.0,1.0,0.0,1.0,1.0,1.0,2,36.8625,10.1956,3.0,1.0,0.0,0.0,362112.70683229814,368050.949375,False,False,True,True,False,False,False,True,True,False
368100.0,93.0,3.0,1.0,1.0,0.0,1.0,1.0,0.0,2,36.8833,10.25,2.0,1.0,0.0,0.0,393150.9196056338,368050.949375,False,False,True,True,False,False,False,True,True,False
340000.0,101.0,3.0,1.0,1.0,0.0,0.0,0.0,0.0,2,36.4506,10.735,2.0,1.0,0.0,0.0,356101.26872727275,335553.90432183904,False,False,True,True,False,False,False,True,True,False
270000.0,100.0,2.0,1.0,0.0,0.0,1.0,1.0,1.0,2,35.844,10.6188,2.0,0.0,0.0,0.0,355184.6627435388,335553.90432183904,False,False,True,True,False,False,False,True,True,False
340000.0,120.0,3.0,2.0,1.0,0.0,1.0,1.0,1.0,3,35.844,10.6188,2.0,0.0,0.0,0.0,355184.6627435388,335553.90432183904,False,False,True,True,False,False,False,True,True,False
500000.0,139.0,3.0,2.0,1.0,0.0,1.0,1.0,1.0,2,36.8833,10.25,3.0,1.0,0.0,0.0,393150.9196056338,368050.949375,False,False,True,True,False,False,False,True,True,False
590000.0,103.0,2.0,1.0,1.0,0.0,0.0,0.0,0.0,2,36.8333,10.3167,2.0,1.0,0.0,1.0,601819.5220062697,495512.68618274975,False,False,True,True,False,False,False,True,True,False
510000.0,123.0,3.0,2.0,1.0,0.0,1.0,1.0,1.0,2,36.8764,10.3253,2.0,1.0,0.0,0.0,519943.5195618153,495512.68618274975,False,False,True,True,False,False,False,True,True,False
232000.0,61.0,3.0,1.0,1.0,0.0,1.0,1.0,1.0,2,36.8764,10.3253,2.0,1.0,0.0,0.0,519943.5195618153,495512.68618274975,False,False,True,True,False,False,False,True,True,False
268000.0,57.0,2.0,1.0,0.0,1.0,1.0,1.0,1.0,1,34.6964,11.1377,2.0,1.0,1.0,0.0,393150.9196056338,368050.949375,False,False,True,True,False,False,False,True,True,False
155000.0,70.0,3.0,1.0,0.0,0.0,0.0,0.0,0.0,2,35.7657,10.8176,2.0,0.0,0.0,0.0,283320.10545454547,299054.0060240964,False,True,False,True,False,False,True,False,True,False
520000.0,114.0,3.0,2.0,1.0,0.0,1.0,1.0,1.0,2,36.8764,10.3253,2.0,1.0,0.0,0.0,519943.5195618153,495512.68618274975,False,False,True,True,False,False,False,True,True,False
325000.0,80.0,3.0,1.0,1.0,0.0,1.0,1.0,1.0,3,36.8625,10.1956,2.0,1.0,0.0,0.0,362112.70683229814,368050.949375,False,False,True,True,False,False,False,True,True,False
275000.0,84.0,2.0,1.0,1.0,1.0,1.0,1.0,0.0,1,36.4011,10.6146,2.0,0.0,0.0,1.0,355184.6627435388,335553.90432183904,False,False,True,True,False,False,False,True,True,False
365000.0,103.0,3.0,2.0,1.0,0.0,1.0,1.0,1.0,5,36.4408,10.6927,2.0,1.0,0.0,1.0,356101.26872727275,335553.90432183904,False,False,True,True,False,False,False,True,True,False
714000.0,145.0,3.0,2.0,1.0,0.0,1.0,1.0,1.0,2,36.8764,10.3253,2.0,1.0,0.0,0.0,519943.5195618153,495512.68618274975,False,False,True,True,False,False,False,True,True,False
280000.0,82.0,2.0,1.0,1.0,0.0,1.0,1.0,1.0,3,35.9431,10.5202,2.0,1.0,0.0,1.0,389984.1204651163,406094.33674999996,False,False,True,True,False,False,False,True,True,False
319300.0,103.0,3.0,1.0,1.0,0.0,0.0,1.0,1.0,2,36.8325,10.3124,2.0,0.0,0.0,0.0,393150.9196056338,368050.949375,False,False,True,True,False,False,False,True,True,False
140000.0,95.0,3.0,1.0,0.0,0.0,0.0,0.0,0.0,2,36.8493,11.0918,2.0,0.0,0.0,0.0,189879.7706849315,335553.90432183904,True,False,False,True,False,False,False,True,True,False
660000.0,180.0,4.0,2.0,0.0,1.0,1.0,1.0,0.0,1,36.8764,10.3253,3.0,0.0,0.0,0.0,519943.5195618153,495512.68618274975,False,False,True,True,False,False,False,True,True,False
110000.0,100.0,4.0,2.0,0.0,0.0,0.0,0.0,0.0,2,36.8302,10.1374,3.0,0.0,0.0,0.0,190533.3,495512.68618274975,True,False,False,True,False,False,False,True,True,False
150000.0,100.0,4.0,2.0,1.0,0.0,0.0,0.0,0.0,2,36.9544,10.1914,3.0,1.0,0.0,0.0,298410.12333333335,368050.949375,False,True,False,True,False,False,False,True,True,False
140000.0,95.0,3.0,1.0,1.0,0.0,0.0,0.0,0.0,2,36.789,10.1835,2.0,0.0,0.0,0.0,215000.0,300416.6666666667,True,False,False,True,False,False,True,False,True,False
320000.0,100.0,3.0,1.0,1.0,0.0,1.0,0.0,0.0,3,36.8568,10.1157,2.0,1.0,0.0,0.0,255000.0,274088.2291666667,False,True,False,True,False,True,False,False,True,False
1200000.0,193.0,4.0,3.0,1.0,0.0,1.0,1.0,1.0,2,36.8764,10.3253,3.0,0.0,0.0,0.0,519943.5195618153,495512.68618274975,False,False,True,True,False,False,False,True,True,False
547900.0,95.0,3.0,2.0,1.0,0.0,1.0,1.0,1.0,2,36.8333,10.3167,2.0,1.0,0.0,0.0,601819.5220062697,495512.68618274975,False,False,True,True,False,False,False,True,True,False
420000.0,114.0,3.0,2.0,1.0,0.0,1.0,1.0,1.0,2,36.8333,10.3167,2.0,1.0,0.0,0.0,601819.5220062697,495512.68618274975,False,False,True,True,False,False,False,True,True,False
410000.0,165.0,4.0,2.0,1.0,0.0,1.0,1.0,0.0,2,35.8361,10.5962,3.0,1.0,0.0,0.0,339414.0611787819,330755.1372713178,False,False,True,True,False,False,False,True,True,False
300000.0,120.0,3.0,1.0,1.0,1.0,1.0,1.0,1.0,2,36.8305,10.1865,2.0,1.0,0.0,0.0,303301.0294117647,274088.2291666667,False,True,False,True,False,True,False,False,True,False
260000.0,111.0,3.0,2.0,1.0,0.0,0.0,1.0,1.0,3,36.6939,10.2622,3.0,1.0,0.0,0.0,197548.69142857144,256097.71569620253,True,False,False,True,False,True,False,False,True,False
235000.0,124.0,3.0,1.0,0.0,0.0,0.0,0.0,1.0,3,36.6939,10.2622,3.0,0.0,0.0,0.0,197548.69142857144,256097.71569620253,True,False,False,True,False,True,False,False,True,False
395000.0,138.0,2.0,1.0,1.0,0.0,0.0,0.0,0.0,2,36.4011,10.6146,2.0,1.0,0.0,1.0,355184.6627435388,335553.90432183904,False,False,True,True,False,False,False,True,True,False
360000.0,100.0,4.0,1.0,0.0,1.0,1.0,1.0,1.0,2,35.87,10.57,3.0,1.0,1.0,1.0,347622.13037037035,330755.1372713178,False,False,True,True,False,False,False,True,True,False
298000.0,132.0,3.0,1.0,1.0,1.0,1.0,0.0,1.0,2,35.87,10.57,2.0,1.0,0.0,0.0,347622.13037037035,330755.1372713178,False,False,True,True,False,False,False,True,True,False
270000.0,75.0,3.0,1.0,0.0,1.0,1.0,1.0,0.0,2,36.4011,10.6146,2.0,0.0,0.0,0.0,355184.6627435388,335553.90432183904,False,False,True,True,False,False,False,True,True,False
265000.0,115.0,3.0,2.0,1.0,0.0,0.0,0.0,0.0,2,36.6939,10.2622,2.0,0.0,0.0,0.0,197548.69142857144,256097.71569620253,True,False,False,True,False,True,False,False,True,False
185000.0,110.0,3.0,1.0,0.0,0.0,0.0,0.0,0.0,2,36.8483,10.1411,2.0,0.0,0.0,0.0,346388.2,335553.90432183904,False,False,True,True,False,False,False,True,True,False
496480.0,145.0,3.0,1.0,0.0,1.0,1.0,1.0,0.0,2,36.8833,10.25,2.0,0.0,0.0,0.0,393150.9196056338,368050.949375,False,False,True,True,False,False,False,True,True,False
450000.0,115.0,3.0,2.0,1.0,0.0,1.0,1.0,1.0,2,36.8833,10.25,2.0,1.0,0.0,1.0,393150.9196056338,368050.949375,False,False,True,True,False,False,False,True,True,False
350000.0,123.0,3.0,1.0,1.0,0.0,1.0,1.0,1.0,4,36.7465,10.2377,2.0,1.0,0.0,0.0,224240.0,406094.33674999996,False,True,False,True,False,False,False,True,True,False
242000.0,97.0,3.0,1.0,0.0,0.0,1.0,1.0,1.0,3,36.7465,10.2377,2.0,1.0,0.0,0.0,224240.0,406094.33674999996,False,True,False,True,False,False,False,True,True,False
165000.0,60.0,2.0,1.0,0.0,0.0,1.0,1.0,1.0,2,36.7465,10.2377,2.0,1.0,0.0,0.0,224240.0,406094.33674999996,False,True,False,True,False,False,False,True,True,False
242000.0,97.0,3.0,1.0,0.0,0.0,1.0,1.0,1.0,2,36.7465,10.2377,2.0,1.0,0.0,0.0,224240.0,406094.33674999996,False,True,False,True,False,False,False,True,True,False
250000.0,102.0,3.0,1.0,0.0,0.0,1.0,1.0,1.0,2,36.7465,10.2377,2.0,1.0,0.0,0.0,224240.0,406094.33674999996,False,True,False,True,False,False,False,True,True,False
189000.0,68.0,3.0,1.0,1.0,1.0,1.0,1.0,1.0,2,36.8883,10.2742,2.0,0.0,0.0,0.0,393150.9196056338,368050.949375,False,False,True,True,False,False,False,True,True,False
395000.0,141.0,3.0,1.0,1.0,1.0,1.0,1.0,0.0,2,36.8833,10.25,2.0,1.0,0.0,0.0,393150.9196056338,368050.949375,False,False,True,True,False,False,False,True,True,False
570000.0,135.0,3.0,3.0,1.0,0.0,1.0,1.0,1.0,2,36.8556,10.2918,2.0,1.0,1.0,0.0,601819.5220062697,495512.68618274975,False,False,True,True,False,False,False,True,True,False
490000.0,154.0,3.0,2.0,0.0,0.0,0.0,0.0,0.0,2,36.9544,10.1914,2.0,0.0,0.0,0.0,298410.12333333335,368050.949375,False,True,False,True,False,False,False,True,True,False
350000.0,140.0,5.0,2.0,0.0,0.0,1.0,1.0,1.0,2,36.8625,10.1956,4.0,1.0,0.0,0.0,362112.70683229814,368050.949375,False,False,True,True,False,False,False,True,True,False
320000.0,120.0,3.0,1.0,1.0,0.0,1.0,1.0,0.0,2,36.4506,10.735,2.0,0.0,1.0,0.0,356101.26872727275,335553.90432183904,False,False,True,True,False,False,False,True,True,False
448000.0,182.0,3.0,1.0,1.0,0.0,0.0,0.0,0.0,2,36.8764,10.3253,2.0,1.0,1.0,0.0,519943.5195618153,495512.68618274975,False,False,True,True,False,False,False,True,True,False
650000.0,157.0,2.0,1.0,1.0,1.0,1.0,1.0,1.0,2,36.8333,10.3167,2.0,1.0,1.0,0.0,601819.5220062697,495512.68618274975,False,False,True,True,False,False,False,True,True,False
250000.0,118.0,4.0,2.0,0.0,0.0,0.0,1.0,0.0,2,36.8625,10.1956,3.0,0.0,0.0,0.0,362112.70683229814,368050.949375,False,False,True,True,False,False,False,True,True,False
300000.0,78.0,5.0,1.0,1.0,0.0,1.0,1.0,1.0,2,36.4011,10.6146,2.0,1.0,0.0,0.0,355184.6627435388,335553.90432183904,False,False,True,True,False,False,False,True,True,False
500000.0,88.0,3.0,2.0,1.0,0.0,1.0,1.0,1.0,2,36.8764,10.3253,2.0,1.0,0.0,0.0,519943.5195618153,495512.68618274975,False,False,True,True,False,False,False,True,True,False
277000.0,68.0,2.0,1.0,1.0,0.0,1.0,1.0,1.0,4,36.4506,10.735,2.0,1.0,0.0,1.0,356101.26872727275,335553.90432183904,False,False,True,True,False,False,False,True,True,False
385000.0,85.0,4.0,1.0,1.0,0.0,1.0,1.0,1.0,2,36.8764,10.3253,2.0,1.0,0.0,1.0,519943.5195618153,495512.68618274975,False,False,True,True,False,False,False,True,True,False
275000.0,168.0,4.0,2.0,1.0,0.0,1.0,0.0,0.0,2,36.8188,10.166,3.0,0.0,0.0,0.0,257110.19941176468,495512.68618274975,False,True,False,True,False,False,False,True,True,False
340000.0,79.0,3.0,1.0,0.0,0.0,0.0,0.0,0.0,2,36.8556,10.2918,2.0,0.0,0.0,0.0,601819.5220062697,495512.68618274975,False,False,True,True,False,False,False,True,True,False
410000.0,112.0,3.0,2.0,1.0,1.0,0.0,0.0,1.0,4,36.8556,10.2918,2.0,1.0,0.0,0.0,601819.5220062697,495512.68618274975,False,False,True,True,False,False,False,True,True,False
310000.0,128.0,3.0,1.0,1.0,0.0,0.0,0.0,1.0,2,37.2667,9.8667,2.0,0.0,0.0,0.0,301532.5788888889,273790.43207547173,False,True,False,True,False,True,False,False,True,False
325000.0,116.0,3.0,1.0,1.0,0.0,0.0,0.0,0.0,2,36.8405,10.1696,2.0,0.0,0.0,0.0,346388.2,335553.90432183904,False,False,True,True,False,False,False,True,True,False
250000.0,72.0,2.0,1.0,1.0,0.0,1.0,1.0,1.0,2,36.8764,10.3253,2.0,1.0,0.0,0.0,519943.5195618153,495512.68618274975,False,False,True,True,False,False,False,True,True,False
270000.0,112.0,5.0,1.0,0.0,0.0,1.0,1.0,1.0,4,36.8764,10.3253,2.0,0.0,0.0,0.0,519943.5195618153,495512.68618274975,False,False,True,True,False,False,False,True,True,False
395000.0,167.0,3.0,1.0,0.0,0.0,0.0,1.0,0.0,2,36.8625,10.1956,3.0,0.0,0.0,0.0,362112.70683229814,368050.949375,False,False,True,True,False,False,False,True,True,False
325000.0,124.0,3.0,1.0,1.0,0.0,1.0,1.0,0.0,2,36.8833,10.25,2.0,1.0,0.0,0.0,393150.9196056338,368050.949375,False,False,True,True,False,False,False,True,True,False
272000.0,93.0,3.0,1.0,0.0,0.0,1.0,1.0,1.0,2,36.8141,10.0752,2.0,0.0,0.0,0.0,251258.3575,259667.45531914895,False,True,False,True,False,True,False,False,True,False
192000.0,70.0,3.0,1.0,0.0,0.0,1.0,1.0,1.0,2,36.8141,10.0752,2.0,0.0,0.0,0.0,251258.3575,259667.45531914895,False,True,False,True,False,True,False,False,True,False
920000.0,178.0,4.0,3.0,1.0,0.0,1.0,1.0,1.0,2,36.8333,10.3167,3.0,0.0,1.0,0.0,601819.5220062697,495512.68618274975,False,False,True,True,False,False,False,True,True,False
450000.0,140.0,4.0,3.0,1.0,0.0,0.0,1.0,0.0,2,36.8764,10.3253,3.0,1.0,0.0,0.0,519943.5195618153,495512.68618274975,False,False,True,True,False,False,False,True,True,False
240000.0,122.0,3.0,1.0,0.0,0.0,1.0,1.0,0.0,2,36.0683,9.9724,2.0,0.0,0.0,0.0,149285.7142857143,256097.71569620253,True,False,False,True,False,True,False,False,True,False
320000.0,126.0,2.0,1.0,0.0,0.0,1.0,1.0,1.0,2,35.8324,10.6225,2.0,1.0,0.0,0.0,339414.0611787819,330755.1372713178,False,False,True,True,False,False,False,True,True,False
470000.0,182.0,5.0,2.0,1.0,0.0,1.0,1.0,1.0,2,36.8625,10.1956,3.0,1.0,1.0,0.0,362112.70683229814,368050.949375,False,False,True,True,False,False,False,True,True,False
825000.0,162.0,4.0,2.0,1.0,0.0,1.0,1.0,0.0,2,36.8333,10.3167,3.0,1.0,0.0,0.0,601819.5220062697,495512.68618274975,False,False,True,True,False,False,False,True,True,False
590000.0,154.0,3.0,2.0,1.0,0.0,1.0,1.0,0.0,1,36.9595,10.2233,2.0,1.0,0.0,0.0,298410.12333333335,368050.949375,False,True,False,True,False,False,False,True,True,False
315000.0,75.0,2.0,1.0,1.0,0.0,1.0,1.0,1.0,3,36.9544,10.1914,2.0,1.0,0.0,0.0,298410.12333333335,368050.949375,False,True,False,True,False,False,False,True,True,False
275000.0,220.0,3.0,1.0,0.0,0.0,0.0,0.0,0.0,2,36.4506,10.735,2.0,0.0,0.0,0.0,356101.26872727275,335553.90432183904,False,False,True,True,False,False,False,True,True,False
683000.0,162.0,3.0,2.0,0.0,0.0,1.0,1.0,1.0,2,36.8833,10.25,3.0,1.0,0.0,0.0,393150.9196056338,368050.949375,False,False,True,True,False,False,False,True,True,False
544000.0,136.0,4.0,2.0,1.0,0.0,1.0,1.0,1.0,2,36.8625,10.1956,3.0,1.0,0.0,0.0,362112.70683229814,368050.949375,False,False,True,True,False,False,False,True,True,False
260000.0,62.0,2.0,1.0,1.0,0.0,0.0,0.0,0.0,2,36.8764,10.3253,2.0,1.0,0.0,0.0,519943.5195618153,495512.68618274975,False,False,True,True,False,False,False,True,True,False
139000.0,35.0,3.0,1.0,0.0,0.0,1.0,1.0,0.0,2,36.4506,10.735,2.0,1.0,1.0,0.0,356101.26872727275,335553.90432183904,False,False,True,True,False,False,False,True,True,False
270000.0,74.0,2.0,1.0,1.0,1.0,1.0,1.0,1.0,2,36.4506,10.735,2.0,1.0,0.0,1.0,356101.26872727275,335553.90432183904,False,False,True,True,False,False,False,True,True,False
480000.0,204.0,5.0,2.0,0.0,1.0,1.0,1.0,0.0,2,36.8557,10.2598,4.0,1.0,0.0,0.0,383516.6666666667,295071.536,False,False,True,True,False,False,True,False,True,False
555000.0,153.0,3.0,1.0,0.0,0.0,0.0,0.0,0.0,2,36.8764,10.3253,4.0,1.0,0.0,0.0,519943.5195618153,495512.68618274975,False,False,True,True,False,False,False,True,True,False
272000.0,98.0,3.0,1.0,0.0,0.0,1.0,1.0,1.0,2,36.8141,10.0752,2.0,0.0,0.0,0.0,251258.3575,259667.45531914895,False,True,False,True,False,True,False,False,True,False
260000.0,130.0,4.0,1.0,1.0,1.0,0.0,1.0,0.0,3,36.8188,10.166,3.0,0.0,0.0,0.0,257110.19941176468,495512.68618274975,False,True,False,True,False,False,False,True,True,False
250000.0,115.0,2.0,1.0,1.0,0.0,1.0,1.0,0.0,2,36.8833,10.25,2.0,1.0,1.0,0.0,393150.9196056338,368050.949375,False,False,True,True,False,False,False,True,True,False
300000.0,73.0,2.0,1.0,1.0,0.0,1.0,0.0,1.0,2,36.4011,10.6146,2.0,1.0,0.0,1.0,355184.6627435388,335553.90432183904,False,False,True,True,False,False,False,True,True,False
245000.0,79.0,2.0,1.0,1.0,0.0,1.0,1.0,0.0,2,36.8833,10.25,2.0,1.0,0.0,0.0,393150.9196056338,368050.949375,False,False,True,True,False,False,False,True,True,False
348000.0,143.0,4.0,2.0,1.0,1.0,1.0,1.0,1.0,2,36.8625,10.1956,3.0,1.0,0.0,0.0,362112.70683229814,368050.949375,False,False,True,True,False,False,False,True,True,False
354000.0,127.0,4.0,1.0,0.0,0.0,1.0,1.0,1.0,2,36.8141,10.0752,3.0,0.0,0.0,0.0,251258.3575,259667.45531914895,False,True,False,True,False,True,False,False,True,False
506400.0,93.0,3.0,2.0,1.0,0.0,1.0,1.0,1.0,2,36.8333,10.3167,2.0,1.0,0.0,0.0,601819.5220062697,495512.68618274975,False,False,True,True,False,False,False,True,True,False
330000.0,136.0,4.0,2.0,1.0,0.0,1.0,1.0,1.0,4,36.8764,10.3253,3.0,0.0,0.0,0.0,519943.5195618153,495512.68618274975,False,False,True,True,False,False,False,True,True,False
140000.0,75.0,3.0,1.0,1.0,0.0,0.0,0.0,0.0,1,36.8302,10.1374,2.0,0.0,1.0,0.0,190533.3,495512.68618274975,True,False,False,True,False,False,False,True,True,False
490000.0,160.0,4.0,2.0,1.0,0.0,0.0,0.0,1.0,2,36.404,10.569,3.0,0.0,0.0,0.0,355184.6627435388,335553.90432183904,False,False,True,True,False,False,False,True,True,False
248000.0,81.0,2.0,1.0,1.0,0.0,1.0,1.0,1.0,1,36.8833,10.25,2.0,0.0,0.0,0.0,393150.9196056338,368050.949375,False,False,True,True,False,False,False,True,True,False
597000.0,146.0,3.0,2.0,1.0,0.0,1.0,1.0,1.0,2,36.8454,10.1851,3.0,1.0,0.0,0.0,303301.0294117647,274088.2291666667,False,True,False,True,False,True,False,False,True,False
380000.0,117.0,3.0,2.0,0.0,0.0,1.0,1.0,1.0,2,36.8452,10.1647,2.0,1.0,0.0,0.0,346388.2,335553.90432183904,False,False,True,True,False,False,False,True,True,False
369000.0,145.0,3.0,1.0,1.0,1.0,1.0,1.0,0.0,2,36.8483,10.1411,2.0,1.0,0.0,0.0,346388.2,335553.90432183904,False,False,True,True,False,False,False,True,True,False
965000.0,177.0,4.0,2.0,1.0,1.0,1.0,1.0,1.0,2,36.8333,10.3167,3.0,1.0,1.0,0.0,601819.5220062697,495512.68618274975,False,False,True,True,False,False,False,True,True,False
275000.0,122.0,4.0,1.0,1.0,1.0,0.0,1.0,0.0,2,35.7464,10.8241,2.0,0.0,0.0,0.0,283320.10545454547,299054.0060240964,False,True,False,True,False,False,True,False,True,False
160000.0,75.0,2.0,1.0,1.0,1.0,1.0,1.0,1.0,2,36.8735,10.3002,2.0,0.0,0.0,0.0,519943.5195618153,495512.68618274975,False,False,True,True,False,False,False,True,True,False
388000.0,109.0,3.0,2.0,1.0,0.0,1.0,1.0,1.0,1,36.4011,10.6146,2.0,0.0,0.0,0.0,355184.6627435388,335553.90432183904,False,False,True,True,False,False,False,True,True,False
490000.0,117.0,2.0,1.0,1.0,0.0,1.0,0.0,0.0,2,36.4011,10.6146,2.0,1.0,0.0,1.0,355184.6627435388,335553.90432183904,False,False,True,True,False,False,False,True,True,False
250000.0,112.0,3.0,1.0,1.0,0.0,1.0,1.0,1.0,4,36.8764,10.3253,2.0,1.0,0.0,0.0,519943.5195618153,495512.68618274975,False,False,True,True,False,False,False,True,True,False
165000.0,51.0,3.0,1.0,1.0,0.0,0.0,0.0,0.0,1,36.8625,10.1956,2.0,0.0,0.0,0.0,362112.70683229814,368050.949375,False,False,True,True,False,False,False,True,True,False
400000.0,140.0,3.0,1.0,1.0,0.0,0.0,0.0,0.0,2,33.0777,9.5838,2.0,0.0,0.0,0.0,273416.375,335553.90432183904,False,True,False,True,False,False,False,True,True,False
825000.0,189.0,3.0,1.0,1.0,0.0,0.0,0.0,0.0,2,36.9177,10.2889,2.0,1.0,1.0,0.0,519943.5195618153,495512.68618274975,False,False,True,True,False,False,False,True,True,False
348000.0,127.0,3.0,1.0,0.0,0.0,1.0,1.0,1.0,2,36.8141,10.0752,3.0,0.0,0.0,0.0,251258.3575,259667.45531914895,False,True,False,True,False,True,False,False,True,False
650000.0,151.0,5.0,1.0,1.0,0.0,0.0,0.0,0.0,2,37.2667,9.8667,3.0,0.0,0.0,0.0,301532.5788888889,273790.43207547173,False,True,False,True,False,True,False,False,True,False
290000.0,90.0,2.0,1.0,1.0,1.0,1.0,1.0,0.0,3,36.8833,10.25,2.0,1.0,0.0,0.0,393150.9196056338,368050.949375,False,False,True,True,False,False,False,True,True,False
610000.0,180.0,3.0,2.0,1.0,0.0,1.0,1.0,1.0,4,36.4011,10.6146,2.0,0.0,0.0,0.0,355184.6627435388,335553.90432183904,False,False,True,True,False,False,False,True,True,False
350000.0,148.0,4.0,2.0,1.0,1.0,1.0,1.0,1.0,5,36.8764,10.3253,4.0,1.0,0.0,0.0,519943.5195618153,495512.68618274975,False,False,True,True,False,False,False,True,True,False
320000.0,78.0,4.0,1.0,1.0,0.0,1.0,1.0,1.0,2,36.4011,10.6146,2.0,1.0,0.0,0.0,355184.6627435388,335553.90432183904,False,False,True,True,False,False,False,True,True,False
200000.0,78.0,2.0,1.0,1.0,0.0,0.0,0.0,0.0,2,36.4011,10.6146,2.0,0.0,0.0,0.0,355184.6627435388,335553.90432183904,False,False,True,True,False,False,False,True,True,False
480000.0,120.0,2.0,1.0,0.0,0.0,1.0,1.0,1.0,2,36.8764,10.3253,2.0,1.0,0.0,0.0,519943.5195618153,495512.68618274975,False,False,True,True,False,False,False,True,True,False
240000.0,75.0,3.0,1.0,0.0,0.0,1.0,1.0,1.0,2,36.8236,10.281,2.0,0.0,0.0,0.0,320842.93555555557,495512.68618274975,False,True,False,True,False,False,False,True,True,False
422000.0,168.0,3.0,2.0,1.0,0.0,1.0,1.0,1.0,2,36.8625,10.1956,3.0,1.0,0.0,0.0,362112.70683229814,368050.949375,False,False,True,True,False,False,False,True,True,False
450000.0,135.0,3.0,1.0,1.0,0.0,1.0,1.0,0.0,2,36.4011,10.6146,4.0,0.0,0.0,0.0,355184.6627435388,335553.90432183904,False,False,True,True,False,False,False,True,True,False
220000.0,150.0,4.0,1.0,0.0,0.0,0.0,0.0,0.0,2,36.8094,9.909,3.0,0.0,0.0,0.0,367157.16000000003,259667.45531914895,False,False,True,False,True,True,False,False,True,False
420000.0,108.0,3.0,1.0,1.0,0.0,1.0,1.0,1.0,2,36.4506,10.735,2.0,0.0,0.0,1.0,356101.26872727275,335553.90432183904,False,False,True,True,False,False,False,True,True,False
350000.0,100.0,2.0,1.0,1.0,0.0,0.0,1.0,1.0,2,36.4011,10.6146,2.0,1.0,1.0,1.0,355184.6627435388,335553.90432183904,False,False,True,True,False,False,False,True,True,False
360000.0,117.0,3.0,2.0,1.0,0.0,1.0,1.0,1.0,2,36.8452,10.1647,2.0,1.0,0.0,0.0,346388.2,335553.90432183904,False,False,True,True,False,False,False,True,True,False
215000.0,49.0,3.0,1.0,1.0,0.0,1.0,1.0,1.0,1,36.4506,10.735,2.0,1.0,0.0,1.0,356101.26872727275,335553.90432183904,False,False,True,True,False,False,False,True,True,False
275000.0,120.0,3.0,1.0,0.0,0.0,0.0,1.0,0.0,2,36.8452,10.1647,3.0,0.0,0.0,0.0,346388.2,335553.90432183904,False,False,True,True,False,False,False,True,True,False
430000.0,167.0,3.0,1.0,0.0,0.0,1.0,1.0,1.0,2,36.8625,10.1956,3.0,0.0,0.0,0.0,362112.70683229814,368050.949375,False,False,True,True,False,False,False,True,True,False
110000.0,75.0,3.0,1.0,0.0,0.0,0.0,1.0,0.0,2,36.8833,10.25,2.0,1.0,0.0,0.0,393150.9196056338,368050.949375,False,False,True,True,False,False,False,True,True,False
430000.0,119.0,3.0,2.0,1.0,0.0,1.0,1.0,1.0,2,36.8452,10.1647,2.0,1.0,0.0,0.0,346388.2,335553.90432183904,False,False,True,True,False,False,False,True,True,False
200000.0,92.0,2.0,1.0,1.0,0.0,1.0,1.0,0.0,1,36.8493,11.0918,2.0,0.0,0.0,0.0,189879.7706849315,335553.90432183904,True,False,False,True,False,False,False,True,True,False
270000.0,90.0,4.0,1.0,0.0,0.0,0.0,0.0,0.0,2,36.4011,10.6146,2.0,0.0,0.0,0.0,355184.6627435388,335553.90432183904,False,False,True,True,False,False,False,True,True,False
230000.0,40.0,3.0,1.0,0.0,0.0,1.0,1.0,0.0,2,35.8569,10.5972,2.0,0.0,1.0,0.0,339414.0611787819,330755.1372713178,False,False,True,True,False,False,False,True,True,False
660000.0,119.0,4.0,2.0,1.0,1.0,1.0,1.0,1.0,2,36.4011,10.6146,3.0,0.0,0.0,0.0,355184.6627435388,335553.90432183904,False,False,True,True,False,False,False,True,True,False
530000.0,144.0,4.0,2.0,0.0,0.0,1.0,1.0,0.0,2,36.8625,10.1956,3.0,1.0,0.0,0.0,362112.70683229814,368050.949375,False,False,True,True,False,False,False,True,True,False
720000.0,160.0,3.0,3.0,1.0,0.0,1.0,1.0,1.0,2,36.9177,10.2889,2.0,1.0,0.0,0.0,519943.5195618153,495512.68618274975,False,False,True,True,False,False,False,True,True,False
490000.0,90.0,3.0,1.0,0.0,0.0,0.0,0.0,0.0,2,35.7678,10.8225,2.0,0.0,0.0,0.0,283320.10545454547,299054.0060240964,False,True,False,True,False,False,True,False,True,False
525000.0,159.0,3.0,2.0,1.0,0.0,1.0,1.0,1.0,3,36.8764,10.3253,3.0,1.0,1.0,0.0,519943.5195618153,495512.68618274975,False,False,True,True,False,False,False,True,True,False
496000.0,160.0,4.0,3.0,1.0,0.0,1.0,1.0,1.0,2,36.8625,10.1956,3.0,1.0,0.0,0.0,362112.70683229814,368050.949375,False,False,True,True,False,False,False,True,True,False
421600.0,136.0,3.0,1.0,1.0,0.0,1.0,1.0,1.0,2,36.8625,10.1956,2.0,1.0,0.0,0.0,362112.70683229814,368050.949375,False,False,True,True,False,False,False,True,True,False
600000.0,212.0,5.0,3.0,1.0,0.0,1.0,1.0,1.0,6,36.8625,10.1956,3.0,1.0,0.0,0.0,362112.70683229814,368050.949375,False,False,True,True,False,False,False,True,True,False
145000.0,70.0,3.0,1.0,0.0,0.0,0.0,0.0,0.0,2,36.4506,10.735,2.0,0.0,0.0,0.0,356101.26872727275,335553.90432183904,False,False,True,True,False,False,False,True,True,False
370000.0,121.0,3.0,1.0,1.0,0.0,0.0,0.0,0.0,2,36.8333,10.3167,2.0,1.0,0.0,0.0,601819.5220062697,495512.68618274975,False,False,True,True,False,False,False,True,True,False
750000.0,225.0,4.0,3.0,1.0,0.0,0.0,0.0,1.0,2,36.8333,10.3167,3.0,1.0,0.0,0.0,601819.5220062697,495512.68618274975,False,False,True,True,False,False,False,True,True,False
180000.0,60.0,2.0,1.0,1.0,0.0,0.0,0.0,0.0,2,36.4011,10.6146,2.0,0.0,0.0,0.0,355184.6627435388,335553.90432183904,False,False,True,True,False,False,False,True,True,False
200000.0,80.0,3.0,1.0,0.0,0.0,0.0,0.0,0.0,2,36.4011,10.6146,2.0,0.0,0.0,0.0,355184.6627435388,335553.90432183904,False,False,True,True,False,False,False,True,True,False
240000.0,65.0,3.0,1.0,1.0,0.0,1.0,1.0,0.0,2,36.8764,10.3253,2.0,1.0,1.0,0.0,519943.5195618153,495512.68618274975,False,False,True,True,False,False,False,True,True,False
250000.0,71.0,2.0,1.0,1.0,0.0,1.0,1.0,1.0,2,36.4011,10.6146,2.0,0.0,1.0,0.0,355184.6627435388,335553.90432183904,False,False,True,True,False,False,False,True,True,False
426000.0,75.0,2.0,1.0,1.0,0.0,0.0,0.0,0.0,2,36.8469,10.2642,2.0,1.0,0.0,0.0,519943.5195618153,495512.68618274975,False,False,True,True,False,False,False,True,True,False
350000.0,110.0,3.0,2.0,1.0,0.0,1.0,1.0,0.0,3,36.8833,10.25,2.0,1.0,0.0,0.0,393150.9196056338,368050.949375,False,False,True,True,False,False,False,True,True,False
350000.0,120.0,3.0,2.0,1.0,0.0,1.0,1.0,1.0,2,36.8452,10.1647,2.0,1.0,0.0,0.0,346388.2,335553.90432183904,False,False,True,True,False,False,False,True,True,False
480000.0,124.0,3.0,1.0,0.0,0.0,1.0,1.0,1.0,1,36.8625,10.1956,2.0,0.0,0.0,0.0,362112.70683229814,368050.949375,False,False,True,True,False,False,False,True,True,False
370000.0,142.0,4.0,2.0,1.0,0.0,1.0,1.0,0.0,3,36.8764,10.3253,3.0,1.0,0.0,0.0,519943.5195618153,495512.68618274975,False,False,True,True,False,False,False,True,True,False
250000.0,110.0,3.0,1.0,1.0,0.0,1.0,1.0,0.0,2,36.8764,10.3253,2.0,1.0,0.0,0.0,519943.5195618153,495512.68618274975,False,False,True,True,False,False,False,True,True,False
333000.0,90.0,2.0,1.0,1.0,0.0,1.0,1.0,0.0,2,36.4011,10.6146,2.0,0.0,0.0,1.0,355184.6627435388,335553.90432183904,False,False,True,True,False,False,False,True,True,False
540000.0,164.0,2.0,1.0,0.0,0.0,0.0,0.0,0.0,2,36.4011,10.6146,2.0,0.0,0.0,0.0,355184.6627435388,335553.90432183904,False,False,True,True,False,False,False,True,True,False
500000.0,150.0,4.0,3.0,0.0,0.0,0.0,0.0,0.0,2,36.9544,10.1914,3.0,0.0,0.0,0.0,298410.12333333335,368050.949375,False,True,False,True,False,False,False,True,True,False
250000.0,68.0,2.0,1.0,1.0,1.0,1.0,1.0,0.0,2,36.4011,10.6146,2.0,0.0,0.0,1.0,355184.6627435388,335553.90432183904,False,False,True,True,False,False,False,True,True,False
195000.0,64.0,2.0,1.0,0.0,0.0,0.0,0.0,1.0,2,33.0777,9.5838,2.0,0.0,0.0,0.0,273416.375,335553.90432183904,False,True,False,True,False,False,False,True,True,False
680000.0,157.0,4.0,2.0,1.0,0.0,1.0,1.0,1.0,2,36.8764,10.3253,3.0,1.0,0.0,0.0,519943.5195618153,495512.68618274975,False,False,True,True,False,False,False,True,True,False
240000.0,64.0,2.0,1.0,1.0,0.0,1.0,1.0,1.0,2,36.8764,10.3253,2.0,0.0,0.0,0.0,519943.5195618153,495512.68618274975,False,False,True,True,False,False,False,True,True,False
375000.0,110.0,3.0,2.0,0.0,0.0,0.0,1.0,1.0,2,36.8728,10.2919,2.0,1.0,0.0,0.0,519943.5195618153,495512.68618274975,False,False,True,True,False,False,False,True,True,False
348000.0,104.0,3.0,2.0,0.0,0.0,0.0,1.0,1.0,2,36.8728,10.2919,2.0,1.0,0.0,0.0,519943.5195618153,495512.68618274975,False,False,True,True,False,False,False,True,True,False
580000.0,132.0,3.0,1.0,1.0,0.0,1.0,1.0,0.0,2,36.8333,10.3167,2.0,1.0,1.0,0.0,601819.5220062697,495512.68618274975,False,False,True,True,False,False,False,True,True,False
335000.0,190.0,4.0,2.0,1.0,1.0,0.0,1.0,0.0,2,36.4011,10.6146,3.0,1.0,0.0,0.0,355184.6627435388,335553.90432183904,False,False,True,True,False,False,False,True,True,False
250000.0,132.0,4.0,2.0,1.0,0.0,1.0,1.0,0.0,5,36.8764,10.3253,3.0,1.0,0.0,0.0,519943.5195618153,495512.68618274975,False,False,True,True,False,False,False,True,True,False
542000.0,98.0,3.0,1.0,1.0,0.0,1.0,1.0,1.0,2,36.8333,10.3167,2.0,1.0,0.0,0.0,601819.5220062697,495512.68618274975,False,False,True,True,False,False,False,True,True,False
260000.0,95.0,3.0,1.0,0.0,0.0,0.0,0.0,0.0,2,35.3947,11.0401,2.0,0.0,0.0,0.0,247000.0,247000.0,False,True,False,True,False,True,False,False,True,False
255000.0,100.0,3.0,1.0,1.0,0.0,1.0,1.0,1.0,2,36.4011,10.6146,2.0,1.0,1.0,1.0,355184.6627435388,335553.90432183904,False,False,True,True,False,False,False,True,True,False
240000.0,65.0,2.0,1.0,1.0,0.0,1.0,1.0,1.0,1,36.8625,10.1956,2.0,1.0,0.0,0.0,362112.70683229814,368050.949375,False,False,True,True,False,False,False,True,True,False
175000.0,55.0,3.0,1.0,0.0,0.0,1.0,1.0,0.0,2,33.0777,9.5838,2.0,0.0,0.0,0.0,273416.375,335553.90432183904,False,True,False,True,False,False,False,True,True,False
250000.0,110.0,4.0,1.0,1.0,0.0,0.0,0.0,0.0,2,33.0777,9.5838,3.0,1.0,0.0,0.0,273416.375,335553.90432183904,False,True,False,True,False,False,False,True,True,False
430000.0,116.0,3.0,1.0,1.0,0.0,0.0,1.0,1.0,2,36.8883,10.2742,2.0,1.0,1.0,0.0,393150.9196056338,368050.949375,False,False,True,True,False,False,False,True,True,False
566000.0,191.0,3.0,1.0,1.0,0.0,0.0,0.0,0.0,2,36.4011,10.6146,3.0,0.0,0.0,0.0,355184.6627435388,335553.90432183904,False,False,True,True,False,False,False,True,True,False
170000.0,55.0,2.0,1.0,1.0,0.0,0.0,0.0,0.0,6,36.8764,10.3253,2.0,0.0,0.0,0.0,519943.5195618153,495512.68618274975,False,False,True,True,False,False,False,True,True,False
225000.0,96.0,3.0,1.0,1.0,0.0,1.0,1.0,0.0,2,33.0777,9.5838,3.0,0.0,1.0,0.0,273416.375,335553.90432183904,False,True,False,True,False,False,False,True,True,False
585000.0,139.0,3.0,1.0,1.0,0.0,1.0,1.0,0.0,2,36.8624,10.2835,4.0,1.0,1.0,0.0,519943.5195618153,495512.68618274975,False,False,True,True,False,False,False,True,True,False
340000.0,138.0,3.0,1.0,0.0,0.0,1.0,1.0,0.0,2,36.8764,10.3253,4.0,1.0,1.0,0.0,519943.5195618153,495512.68618274975,False,False,True,True,False,False,False,True,True,False
250000.0,67.0,2.0,1.0,0.0,0.0,0.0,0.0,0.0,2,36.8625,10.1956,2.0,0.0,0.0,0.0,362112.70683229814,368050.949375,False,False,True,True,False,False,False,True,True,False
195000.0,124.0,4.0,1.0,0.0,0.0,0.0,0.0,0.0,2,36.9544,10.1914,3.0,0.0,0.0,0.0,298410.12333333335,368050.949375,False,True,False,True,False,False,False,True,True,False
388000.0,116.0,3.0,1.0,1.0,0.0,1.0,0.0,0.0,2,36.4198,10.6619,2.0,1.0,0.0,0.0,355184.6627435388,335553.90432183904,False,False,True,True,False,False,False,True,True,False
180000.0,105.0,2.0,1.0,1.0,0.0,0.0,0.0,0.0,2,36.8493,11.0918,2.0,0.0,0.0,0.0,189879.7706849315,335553.90432183904,True,False,False,True,False,False,False,True,True,False
855000.0,172.0,4.0,2.0,1.0,0.0,1.0,1.0,0.0,2,36.8333,10.3167,3.0,1.0,0.0,0.0,601819.5220062697,495512.68618274975,False,False,True,True,False,False,False,True,True,False
340000.0,170.0,5.0,2.0,1.0,0.0,0.0,1.0,0.0,2,36.8625,10.1956,4.0,0.0,0.0,0.0,362112.70683229814,368050.949375,False,False,True,True,False,False,False,True,True,False
420000.0,102.0,3.0,2.0,0.0,0.0,1.0,1.0,1.0,2,36.8833,10.25,2.0,1.0,1.0,0.0,393150.9196056338,368050.949375,False,False,True,True,False,False,False,True,True,False
180000.0,87.0,3.0,1.0,0.0,0.0,0.0,1.0,0.0,2,36.7786,10.0554,2.0,0.0,0.0,0.0,251258.3575,259667.45531914895,False,True,False,True,False,True,False,False,True,False
260000.0,100.0,3.0,1.0,1.0,1.0,0.0,1.0,1.0,2,36.7786,10.0554,2.0,1.0,0.0,0.0,251258.3575,259667.45531914895,False,True,False,True,False,True,False,False,True,False
225000.0,65.0,2.0,1.0,1.0,0.0,0.0,0.0,0.0,2,36.8883,10.2742,2.0,0.0,0.0,0.0,393150.9196056338,368050.949375,False,False,True,True,False,False,False,True,True,False
330000.0,85.0,3.0,1.0,1.0,0.0,0.0,1.0,0.0,2,36.8764,10.3253,2.0,0.0,0.0,0.0,519943.5195618153,495512.68618274975,False,False,True,True,False,False,False,True,True,False
640000.0,131.0,4.0,3.0,1.0,0.0,0.0,1.0,0.0,2,36.8764,10.3253,3.0,0.0,1.0,0.0,519943.5195618153,495512.68618274975,False,False,True,True,False,False,False,True,True,False
165000.0,80.0,3.0,1.0,1.0,0.0,0.0,0.0,0.0,1,35.8621,10.6037,2.0,0.0,0.0,0.0,339414.0611787819,330755.1372713178,False,False,True,True,False,False,False,True,True,False
330000.0,100.0,2.0,1.0,1.0,0.0,1.0,1.0,1.0,2,36.4011,10.6146,2.0,1.0,1.0,0.0,355184.6627435388,335553.90432183904,False,False,True,True,False,False,False,True,True,False
420000.0,117.0,3.0,1.0,0.0,1.0,1.0,1.0,0.0,4,35.5271,11.0319,2.0,1.0,0.0,1.0,277969.225,327705.16642857145,False,True,False,True,False,False,True,False,True,False
320000.0,70.0,2.0,1.0,0.0,0.0,1.0,1.0,1.0,1,36.8556,10.2918,2.0,1.0,0.0,0.0,601819.5220062697,495512.68618274975,False,False,True,True,False,False,False,True,True,False
200000.0,64.0,2.0,1.0,1.0,0.0,1.0,1.0,1.0,1,35.8375,10.5866,2.0,1.0,0.0,0.0,339414.0611787819,330755.1372713178,False,False,True,True,False,False,False,True,True,False
270000.0,120.0,3.0,1.0,1.0,0.0,1.0,1.0,1.0,2,36.4011,10.6146,2.0,1.0,1.0,1.0,355184.6627435388,335553.90432183904,False,False,True,True,False,False,False,True,True,False
660000.0,130.0,3.0,1.0,1.0,0.0,1.0,1.0,1.0,2,36.8469,10.2642,2.0,1.0,0.0,0.0,519943.5195618153,495512.68618274975,False,False,True,True,False,False,False,True,True,False
199000.0,57.0,2.0,1.0,1.0,1.0,1.0,1.0,1.0,4,36.4011,10.6146,2.0,0.0,0.0,1.0,355184.6627435388,335553.90432183904,False,False,True,True,False,False,False,True,True,False
585000.0,148.0,4.0,3.0,1.0,0.0,1.0,1.0,0.0,2,36.8764,10.3253,3.0,1.0,0.0,0.0,519943.5195618153,495512.68618274975,False,False,True,True,False,False,False,True,True,False
755000.0,137.0,3.0,3.0,1.0,0.0,1.0,1.0,1.0,2,36.8764,10.3253,2.0,1.0,0.0,0.0,519943.5195618153,495512.68618274975,False,False,True,True,False,False,False,True,True,False
879800.0,169.0,4.0,3.0,1.0,0.0,1.0,1.0,1.0,2,36.8333,10.3167,3.0,1.0,0.0,0.0,601819.5220062697,495512.68618274975,False,False,True,True,False,False,False,True,True,False
304000.0,51.0,2.0,1.0,1.0,0.0,1.0,1.0,1.0,2,36.8333,10.3167,2.0,1.0,0.0,0.0,601819.5220062697,495512.68618274975,False,False,True,True,False,False,False,True,True,False
619500.0,164.0,3.0,1.0,1.0,0.0,1.0,1.0,1.0,2,36.8764,10.3253,2.0,1.0,1.0,1.0,519943.5195618153,495512.68618274975,False,False,True,True,False,False,False,True,True,False
780000.0,158.0,2.0,2.0,1.0,1.0,1.0,1.0,0.0,2,36.8764,10.3253,2.0,1.0,0.0,0.0,519943.5195618153,495512.68618274975,False,False,True,True,False,False,False,True,True,False
350000.0,49.0,3.0,1.0,0.0,1.0,1.0,1.0,0.0,4,36.8764,10.3253,2.0,0.0,0.0,0.0,519943.5195618153,495512.68618274975,False,False,True,True,False,False,False,True,True,False
550000.0,147.0,5.0,2.0,1.0,0.0,1.0,1.0,0.0,2,36.8625,10.1956,3.0,1.0,0.0,0.0,362112.70683229814,368050.949375,False,False,True,True,False,False,False,True,True,False
610000.0,195.0,3.0,1.0,1.0,0.0,0.0,0.0,0.0,2,36.8556,10.2918,3.0,1.0,0.0,0.0,601819.5220062697,495512.68618274975,False,False,True,True,False,False,False,True,True,False
230000.0,100.0,2.0,1.0,1.0,0.0,0.0,0.0,0.0,2,36.9306,11.0485,2.0,0.0,0.0,0.0,355184.6627435388,335553.90432183904,False,False,True,True,False,False,False,True,True,False
295000.0,86.0,2.0,1.0,0.0,0.0,0.0,0.0,0.0,2,36.4011,10.6146,2.0,0.0,0.0,1.0,355184.6627435388,335553.90432183904,False,False,True,True,False,False,False,True,True,False
280000.0,70.0,3.0,1.0,1.0,0.0,1.0,1.0,1.0,4,36.4506,10.735,2.0,1.0,0.0,1.0,356101.26872727275,335553.90432183904,False,False,True,True,False,False,False,True,True,False
430000.0,75.0,3.0,1.0,0.0,0.0,0.0,0.0,0.0,2,36.8764,10.3253,2.0,1.0,0.0,0.0,519943.5195618153,495512.68618274975,False,False,True,True,False,False,False,True,True,False
584000.0,190.0,3.0,1.0,1.0,1.0,1.0,1.0,1.0,2,36.8806,10.1717,2.0,0.0,1.0,0.0,362112.70683229814,368050.949375,False,False,True,True,False,False,False,True,True,False
285000.0,83.0,3.0,1.0,0.0,0.0,0.0,1.0,1.0,1,36.8728,10.2919,2.0,1.0,0.0,0.0,519943.5195618153,495512.68618274975,False,False,True,True,False,False,False,True,True,False
550000.0,134.0,3.0,2.0,1.0,1.0,1.0,1.0,1.0,2,36.8833,10.25,2.0,1.0,0.0,0.0,393150.9196056338,368050.949375,False,False,True,True,False,False,False,True,True,False
780000.0,130.0,3.0,1.0,1.0,1.0,1.0,1.0,0.0,2,36.8764,10.3253,2.0,1.0,0.0,0.0,519943.5195618153,495512.68618274975,False,False,True,True,False,False,False,True,True,False
930000.0,212.0,3.0,1.0,1.0,1.0,1.0,1.0,1.0,2,36.8764,10.3253,2.0,1.0,0.0,0.0,519943.5195618153,495512.68618274975,False,False,True,True,False,False,False,True,True,False
650000.0,120.0,5.0,2.0,0.0,0.0,1.0,1.0,1.0,2,36.8764,10.3253,2.0,1.0,0.0,0.0,519943.5195618153,495512.68618274975,False,False,True,True,False,False,False,True,True,False
270000.0,120.0,3.0,1.0,0.0,0.0,0.0,0.0,0.0,2,36.4506,10.735,2.0,1.0,0.0,1.0,356101.26872727275,335553.90432183904,False,False,True,True,False,False,False,True,True,False
370000.0,120.0,3.0,1.0,0.0,1.0,1.0,1.0,1.0,2,36.8806,10.1717,2.0,1.0,1.0,0.0,362112.70683229814,368050.949375,False,False,True,True,False,False,False,True,True,False
275000.0,85.0,3.0,1.0,1.0,0.0,0.0,0.0,0.0,2,33.0777,9.5838,3.0,1.0,0.0,0.0,273416.375,335553.90432183904,False,True,False,True,False,False,False,True,True,False
450000.0,178.0,4.0,1.0,1.0,0.0,0.0,0.0,1.0,2,33.0777,9.5838,4.0,1.0,0.0,0.0,273416.375,335553.90432183904,False,True,False,True,False,False,False,True,True,False
490000.0,165.0,3.0,1.0,1.0,0.0,0.0,0.0,1.0,2,36.8883,10.2742,3.0,1.0,0.0,0.0,393150.9196056338,368050.949375,False,False,True,True,False,False,False,True,True,False
348000.0,129.0,4.0,2.0,1.0,0.0,1.0,1.0,1.0,3,36.9544,10.1914,3.0,1.0,0.0,0.0,362112.70683229814,368050.949375,False,False,True,True,False,False,False,True,True,False
550000.0,130.0,2.0,1.0,1.0,0.0,1.0,1.0,1.0,2,35.8569,10.5972,2.0,1.0,1.0,0.0,339414.0611787819,330755.1372713178,False,False,True,True,False,False,False,True,True,False
70000.0,88.0,3.0,1.0,1.0,0.0,0.0,0.0,0.0,3,36.8302,10.1374,3.0,1.0,0.0,0.0,190533.3,495512.68618274975,True,False,False,True,False,False,False,True,True,False
520000.0,164.0,3.0,1.0,1.0,0.0,1.0,1.0,0.0,2,36.4011,10.6146,3.0,0.0,0.0,0.0,355184.6627435388,335553.90432183904,False,False,True,True,False,False,False,True,True,False
185000.0,63.0,2.0,1.0,0.0,0.0,1.0,1.0,1.0,5,36.8764,10.3253,2.0,0.0,0.0,0.0,519943.5195618153,495512.68618274975,False,False,True,True,False,False,False,True,True,False
963500.0,205.0,4.0,3.0,1.0,0.0,1.0,1.0,1.0,2,36.8333,10.3167,3.0,1.0,0.0,0.0,601819.5220062697,495512.68618274975,False,False,True,True,False,False,False,True,True,False
793800.0,169.0,3.0,3.0,1.0,0.0,1.0,1.0,1.0,2,36.8333,10.3167,2.0,1.0,0.0,0.0,601819.5220062697,495512.68618274975,False,False,True,True,False,False,False,True,True,False
448100.0,95.0,2.0,1.0,1.0,0.0,1.0,1.0,1.0,2,36.8333,10.3167,2.0,1.0,0.0,0.0,601819.5220062697,495512.68618274975,False,False,True,True,False,False,False,True,True,False
330000.0,58.0,3.0,1.0,0.0,0.0,0.0,0.0,1.0,2,36.8556,10.2918,2.0,0.0,0.0,0.0,601819.5220062697,495512.68618274975,False,False,True,True,False,False,False,True,True,False
280000.0,220.0,2.0,1.0,1.0,0.0,0.0,0.0,0.0,2,35.3581,10.73,2.0,1.0,1.0,0.0,216166.66666666666,327705.16642857145,True,False,False,True,False,False,True,False,True,False
440000.0,114.0,3.0,1.0,1.0,0.0,1.0,1.0,1.0,2,36.8833,10.25,2.0,1.0,1.0,0.0,393150.9196056338,368050.949375,False,False,True,True,False,False,False,True,True,False
250000.0,110.0,3.0,1.0,1.0,0.0,1.0,1.0,0.0,2,36.4011,10.6146,2.0,1.0,1.0,0.0,355184.6627435388,335553.90432183904,False,False,True,True,False,False,False,True,True,False
300000.0,117.0,2.0,1.0,1.0,0.0,0.0,1.0,0.0,2,36.8764,10.3253,2.0,1.0,0.0,0.0,519943.5195618153,495512.68618274975,False,False,True,True,False,False,False,True,True,False
225000.0,110.0,3.0,1.0,0.0,1.0,1.0,1.0,0.0,4,36.8591,10.255,2.0,0.0,0.0,0.0,519943.5195618153,495512.68618274975,False,False,True,True,False,False,False,True,True,False
480000.0,100.0,4.0,1.0,0.0,0.0,0.0,1.0,0.0,2,36.8333,10.3167,3.0,1.0,1.0,0.0,601819.5220062697,495512.68618274975,False,False,True,True,False,False,False,True,True,False
239600.0,60.0,2.0,1.0,1.0,1.0,1.0,1.0,1.0,2,36.8833,10.25,2.0,1.0,1.0,0.0,393150.9196056338,368050.949375,False,False,True,True,False,False,False,True,True,False
360000.0,147.0,4.0,2.0,1.0,0.0,1.0,1.0,1.0,1,36.5772,10.3425,3.0,1.0,1.0,0.0,356912.7528888889,256097.71569620253,False,False,True,True,False,True,False,False,True,False
420000.0,180.0,4.0,1.0,1.0,0.0,1.0,1.0,1.0,2,35.87,10.57,3.0,1.0,1.0,0.0,347622.13037037035,330755.1372713178,False,False,True,True,False,False,False,True,True,False
598000.0,194.0,3.0,3.0,1.0,0.0,1.0,1.0,0.0,1,36.8625,10.1956,3.0,1.0,0.0,0.0,362112.70683229814,368050.949375,False,False,True,True,False,False,False,True,True,False
107250.0,65.0,3.0,1.0,0.0,0.0,0.0,0.0,0.0,2,36.8188,10.166,2.0,0.0,1.0,0.0,144860.5,495512.68618274975,True,False,False,True,False,False,False,True,True,False
395000.0,153.0,4.0,1.0,1.0,0.0,1.0,1.0,1.0,2,36.8833,10.25,3.0,1.0,0.0,0.0,393150.9196056338,368050.949375,False,False,True,True,False,False,False,True,True,False
200000.0,68.0,3.0,1.0,1.0,0.0,0.0,0.0,0.0,2,36.8764,10.3253,2.0,0.0,0.0,0.0,519943.5195618153,495512.68618274975,False,False,True,True,False,False,False,True,True,False
265000.0,100.0,3.0,1.0,0.0,0.0,1.0,1.0,0.0,2,36.8188,10.166,2.0,1.0,0.0,0.0,257110.19941176468,495512.68618274975,False,True,False,True,False,False,False,True,True,False
290000.0,70.0,2.0,1.0,1.0,1.0,1.0,1.0,1.0,1,36.8833,10.25,2.0,1.0,0.0,0.0,393150.9196056338,368050.949375,False,False,True,True,False,False,False,True,True,False
195000.0,121.0,4.0,1.0,1.0,1.0,0.0,1.0,0.0,2,36.8833,10.25,3.0,1.0,0.0,0.0,393150.9196056338,368050.949375,False,False,True,True,False,False,False,True,True,False
120000.0,42.0,3.0,1.0,0.0,0.0,0.0,0.0,0.0,2,36.4011,10.6146,2.0,0.0,0.0,0.0,355184.6627435388,335553.90432183904,False,False,True,True,False,False,False,True,True,False
255500.0,55.0,2.0,1.0,0.0,0.0,1.0,1.0,1.0,2,36.8833,10.25,2.0,1.0,1.0,0.0,393150.9196056338,368050.949375,False,False,True,True,False,False,False,True,True,False
580000.0,130.0,3.0,1.0,1.0,0.0,1.0,1.0,1.0,2,35.8982,10.5802,2.0,1.0,1.0,0.0,339414.0611787819,330755.1372713178,False,False,True,True,False,False,False,True,True,False
200000.0,100.0,3.0,1.0,0.0,0.0,0.0,0.0,0.0,3,36.4506,10.735,2.0,0.0,0.0,0.0,356101.26872727275,335553.90432183904,False,False,True,True,False,False,False,True,True,False
540000.0,160.0,3.0,1.0,0.0,0.0,0.0,0.0,1.0,2,36.8883,10.2742,3.0,1.0,0.0,0.0,393150.9196056338,368050.949375,False,False,True,True,False,False,False,True,True,False
410000.0,129.0,2.0,1.0,0.0,0.0,0.0,0.0,0.0,2,36.8764,10.3253,3.0,1.0,0.0,0.0,519943.5195618153,495512.68618274975,False,False,True,True,False,False,False,True,True,False
357000.0,101.0,3.0,1.0,0.0,0.0,1.0,1.0,1.0,2,36.8764,10.3253,2.0,0.0,0.0,0.0,519943.5195618153,495512.68618274975,False,False,True,True,False,False,False,True,True,False
550000.0,156.0,3.0,1.0,1.0,0.0,0.0,0.0,0.0,2,35.8273,10.6339,3.0,0.0,0.0,0.0,339414.0611787819,330755.1372713178,False,False,True,True,False,False,False,True,True,False
440000.0,138.0,3.0,1.0,1.0,1.0,1.0,1.0,0.0,1,35.8324,10.6225,2.0,0.0,0.0,0.0,355184.6627435388,335553.90432183904,False,False,True,True,False,False,False,True,True,False
230000.0,57.0,2.0,1.0,0.0,0.0,0.0,0.0,0.0,2,36.4506,10.735,2.0,0.0,0.0,0.0,356101.26872727275,335553.90432183904,False,False,True,True,False,False,False,True,True,False
179000.0,88.0,2.0,1.0,1.0,0.0,1.0,1.0,1.0,1,35.4059,11.0413,2.0,0.0,0.0,0.0,216166.66666666666,327705.16642857145,True,False,False,True,False,False,True,False,True,False
480000.0,190.0,5.0,2.0,1.0,0.0,1.0,1.0,0.0,1,36.8625,10.1956,4.0,1.0,0.0,0.0,362112.70683229814,368050.949375,False,False,True,True,False,False,False,True,True,False
340000.0,155.0,4.0,1.0,1.0,0.0,1.0,1.0,0.0,6,36.8764,10.3253,3.0,1.0,0.0,0.0,519943.5195618153,495512.68618274975,False,False,True,True,False,False,False,True,True,False
230000.0,43.0,3.0,1.0,1.0,0.0,1.0,1.0,1.0,1,36.8764,10.3253,2.0,1.0,0.0,1.0,519943.5195618153,495512.68618274975,False,False,True,True,False,False,False,True,True,False
780000.0,190.0,4.0,3.0,1.0,0.0,1.0,1.0,0.0,2,36.8333,10.3167,3.0,1.0,0.0,0.0,601819.5220062697,495512.68618274975,False,False,True,True,False,False,False,True,True,False
780000.0,224.0,4.0,3.0,1.0,1.0,1.0,1.0,0.0,2,36.8333,10.3167,3.0,1.0,0.0,0.0,601819.5220062697,495512.68618274975,False,False,True,True,False,False,False,True,True,False
280000.0,96.0,2.0,1.0,0.0,0.0,0.0,0.0,0.0,2,36.4011,10.6146,2.0,0.0,0.0,0.0,355184.6627435388,335553.90432183904,False,False,True,True,False,False,False,True,True,False
195000.0,51.0,3.0,1.0,0.0,0.0,0.0,0.0,0.0,2,36.4011,10.6146,2.0,0.0,0.0,0.0,355184.6627435388,335553.90432183904,False,False,True,True,False,False,False,True,True,False
490000.0,130.0,2.0,1.0,0.0,0.0,0.0,0.0,0.0,2,36.4011,10.6146,2.0,1.0,0.0,1.0,355184.6627435388,335553.90432183904,False,False,True,True,False,False,False,True,True,False
600000.0,120.0,4.0,3.0,1.0,0.0,1.0,1.0,0.0,2,36.8764,10.3253,3.0,1.0,0.0,0.0,519943.5195618153,495512.68618274975,False,False,True,True,False,False,False,True,True,False
240000.0,126.0,3.0,2.0,0.0,0.0,0.0,1.0,0.0,2,36.8833,10.25,2.0,1.0,0.0,0.0,393150.9196056338,368050.949375,False,False,True,True,False,False,False,True,True,False
670000.0,60.0,2.0,1.0,1.0,0.0,0.0,0.0,1.0,2,36.4011,10.6146,2.0,0.0,0.0,0.0,355184.6627435388,335553.90432183904,False,False,True,True,False,False,False,True,True,False
170000.0,120.0,4.0,1.0,1.0,1.0,1.0,0.0,1.0,4,36.7609,10.2736,3.0,1.0,1.0,0.0,223470.58823529413,256097.71569620253,False,True,False,True,False,True,False,False,True,False
250000.0,133.0,3.0,1.0,0.0,0.0,0.0,0.0,0.0,2,36.8188,10.166,2.0,0.0,0.0,0.0,257110.19941176468,495512.68618274975,False,True,False,True,False,False,False,True,True,False
215000.0,115.0,3.0,1.0,1.0,0.0,0.0,0.0,0.0,2,36.8188,10.166,2.0,0.0,0.0,0.0,257110.19941176468,495512.68618274975,False,True,False,True,False,False,False,True,True,False
335000.0,126.0,3.0,1.0,0.0,0.0,0.0,0.0,0.0,2,36.8883,10.2742,3.0,1.0,0.0,0.0,393150.9196056338,368050.949375,False,False,True,True,False,False,False,True,True,False
645000.0,158.0,5.0,2.0,1.0,0.0,1.0,1.0,1.0,2,36.8764,10.3253,4.0,1.0,0.0,0.0,519943.5195618153,495512.68618274975,False,False,True,True,False,False,False,True,True,False
245000.0,85.0,2.0,1.0,0.0,0.0,0.0,0.0,0.0,2,36.4506,10.735,2.0,0.0,1.0,1.0,356101.26872727275,335553.90432183904,False,False,True,True,False,False,False,True,True,False
330000.0,97.0,3.0,1.0,0.0,0.0,0.0,0.0,0.0,2,36.4506,10.735,2.0,0.0,0.0,1.0,356101.26872727275,335553.90432183904,False,False,True,True,False,False,False,True,True,False
230000.0,61.0,2.0,1.0,0.0,0.0,0.0,0.0,0.0,2,36.4506,10.735,2.0,0.0,0.0,0.0,356101.26872727275,335553.90432183904,False,False,True,True,False,False,False,True,True,False
175000.0,150.0,3.0,1.0,1.0,1.0,0.0,0.0,0.0,2,36.8819,10.2039,2.0,1.0,1.0,0.0,393150.9196056338,368050.949375,False,False,True,True,False,False,False,True,True,False
260000.0,150.0,4.0,2.0,1.0,0.0,1.0,1.0,1.0,1,36.7609,10.2736,3.0,1.0,1.0,0.0,239500.0,273790.43207547173,False,True,False,True,False,True,False,False,True,False
450000.0,127.0,3.0,2.0,1.0,0.0,1.0,1.0,0.0,2,36.4011,10.6146,2.0,1.0,0.0,0.0,355184.6627435388,335553.90432183904,False,False,True,True,False,False,False,True,True,False
470000.0,160.0,4.0,3.0,1.0,0.0,1.0,1.0,0.0,4,36.8625,10.1956,3.0,1.0,0.0,0.0,362112.70683229814,368050.949375,False,False,True,True,False,False,False,True,True,False
240000.0,80.0,3.0,1.0,1.0,0.0,1.0,1.0,0.0,2,36.8764,10.3253,2.0,1.0,0.0,0.0,519943.5195618153,495512.68618274975,False,False,True,True,False,False,False,True,True,False
530000.0,158.0,5.0,2.0,1.0,0.0,1.0,1.0,1.0,6,36.4506,10.735,3.0,1.0,0.0,1.0,356101.26872727275,335553.90432183904,False,False,True,True,False,False,False,True,True,False
250000.0,92.0,3.0,1.0,0.0,0.0,1.0,1.0,0.0,6,36.8624,10.2835,2.0,0.0,0.0,0.0,519943.5195618153,495512.68618274975,False,False,True,True,False,False,False,True,True,False
240000.0,45.0,3.0,1.0,1.0,0.0,1.0,1.0,0.0,2,36.8333,10.3167,2.0,1.0,1.0,0.0,601819.5220062697,495512.68618274975,False,False,True,True,False,False,False,True,True,False
380000.0,83.0,2.0,1.0,1.0,0.0,1.0,1.0,1.0,2,36.8764,10.3253,2.0,1.0,0.0,1.0,519943.5195618153,495512.68618274975,False,False,True,True,False,False,False,True,True,False
235000.0,77.0,3.0,1.0,1.0,0.0,1.0,1.0,0.0,2,36.8625,10.1956,2.0,1.0,0.0,0.0,362112.70683229814,368050.949375,False,False,True,True,False,False,False,True,True,False
420000.0,140.0,4.0,1.0,1.0,0.0,0.0,0.0,0.0,1,36.4506,10.735,3.0,1.0,0.0,0.0,356101.26872727275,335553.90432183904,False,False,True,True,False,False,False,True,True,False
400000.0,120.0,3.0,1.0,1.0,0.0,1.0,1.0,0.0,2,36.8764,10.3253,2.0,1.0,0.0,0.0,519943.5195618153,495512.68618274975,False,False,True,True,False,False,False,True,True,False
300000.0,55.0,2.0,1.0,0.0,0.0,1.0,1.0,1.0,2,35.87,10.57,2.0,0.0,0.0,0.0,347622.13037037035,330755.1372713178,False,False,True,True,False,False,False,True,True,False
420000.0,79.0,3.0,1.0,1.0,0.0,1.0,1.0,1.0,2,35.87,10.57,2.0,1.0,1.0,0.0,347622.13037037035,330755.1372713178,False,False,True,True,False,False,False,True,True,False
330000.0,60.0,3.0,1.0,1.0,0.0,0.0,0.0,0.0,2,36.4011,10.6146,2.0,0.0,0.0,0.0,355184.6627435388,335553.90432183904,False,False,True,True,False,False,False,True,True,False
130000.0,74.0,3.0,1.0,1.0,0.0,0.0,0.0,0.0,2,36.7011,10.1698,2.0,0.0,0.0,0.0,174333.33333333334,274088.2291666667,True,False,False,True,False,True,False,False,True,False
490000.0,160.0,4.0,2.0,1.0,0.0,0.0,0.0,0.0,2,36.4011,10.6146,3.0,0.0,0.0,0.0,355184.6627435388,335553.90432183904,False,False,True,True,False,False,False,True,True,False
820000.0,185.0,4.0,2.0,1.0,0.0,1.0,1.0,1.0,2,36.8764,10.3253,3.0,0.0,0.0,1.0,519943.5195618153,495512.68618274975,False,False,True,True,False,False,False,True,True,False
560000.0,146.0,5.0,3.0,1.0,0.0,1.0,1.0,1.0,2,36.8764,10.3253,4.0,1.0,1.0,1.0,519943.5195618153,495512.68618274975,False,False,True,True,False,False,False,True,True,False
240000.0,130.0,3.0,1.0,1.0,0.0,0.0,1.0,1.0,3,36.8625,10.1956,2.0,1.0,1.0,0.0,362112.70683229814,368050.949375,False,False,True,True,False,False,False,True,True,False
185000.0,70.0,5.0,1.0,0.0,0.0,0.0,0.0,0.0,2,35.8177,10.6455,2.0,0.0,0.0,0.0,339414.0611787819,330755.1372713178,False,False,True,True,False,False,False,True,True,False
320000.0,132.0,3.0,1.0,1.0,1.0,0.0,1.0,0.0,2,36.8833,10.25,2.0,1.0,0.0,0.0,393150.9196056338,368050.949375,False,False,True,True,False,False,False,True,True,False
260000.0,100.0,3.0,1.0,0.0,1.0,0.0,1.0,0.0,2,36.8833,10.25,2.0,1.0,0.0,0.0,393150.9196056338,368050.949375,False,False,True,True,False,False,False,True,True,False
130000.0,80.0,3.0,1.0,1.0,0.0,0.0,0.0,0.0,2,36.8605,10.1604,2.0,1.0,1.0,0.0,362112.70683229814,368050.949375,False,False,True,True,False,False,False,True,True,False
130000.0,78.0,3.0,1.0,0.0,0.0,0.0,0.0,0.0,4,36.6939,10.2622,2.0,0.0,0.0,0.0,197548.69142857144,256097.71569620253,True,False,False,True,False,True,False,False,True,False
370000.0,114.0,3.0,1.0,1.0,1.0,1.0,1.0,0.0,2,36.8833,10.25,2.0,1.0,0.0,0.0,393150.9196056338,368050.949375,False,False,True,True,False,False,False,True,True,False
527000.0,159.0,3.0,1.0,1.0,1.0,1.0,1.0,0.0,2,36.8883,10.2742,2.0,1.0,0.0,0.0,393150.9196056338,368050.949375,False,False,True,True,False,False,False,True,True,False
390000.0,88.0,3.0,1.0,1.0,0.0,1.0,0.0,0.0,2,35.87,10.57,2.0,0.0,0.0,0.0,347622.13037037035,330755.1372713178,False,False,True,True,False,False,False,True,True,False
420000.0,80.0,3.0,1.0,0.0,0.0,1.0,1.0,0.0,2,35.87,10.57,2.0,0.0,0.0,0.0,347622.13037037035,330755.1372713178,False,False,True,True,False,False,False,True,True,False
375000.0,153.0,3.0,1.0,1.0,0.0,0.0,0.0,0.0,2,36.8764,10.3253,3.0,0.0,0.0,0.0,519943.5195618153,495512.68618274975,False,False,True,True,False,False,False,True,True,False
297000.0,119.0,2.0,1.0,1.0,0.0,0.0,0.0,0.0,2,36.8764,10.3253,2.0,0.0,0.0,0.0,519943.5195618153,495512.68618274975,False,False,True,True,False,False,False,True,True,False
644000.0,138.0,4.0,2.0,1.0,0.0,1.0,0.0,1.0,2,36.8883,10.2742,3.0,1.0,0.0,0.0,393150.9196056338,368050.949375,False,False,True,True,False,False,False,True,True,False
375000.0,113.0,3.0,1.0,1.0,0.0,1.0,1.0,0.0,2,36.8833,10.25,2.0,1.0,0.0,0.0,393150.9196056338,368050.949375,False,False,True,True,False,False,False,True,True,False
500000.0,130.0,2.0,1.0,1.0,0.0,1.0,1.0,1.0,1,35.8569,10.5972,2.0,1.0,1.0,0.0,339414.0611787819,330755.1372713178,False,False,True,True,False,False,False,True,True,False
325000.0,125.0,3.0,1.0,1.0,1.0,0.0,1.0,0.0,2,34.7862,10.746,2.0,0.0,0.0,0.0,254104.44444444444,295071.536,False,True,False,True,False,False,True,False,True,False
580000.0,218.0,5.0,2.0,1.0,1.0,1.0,1.0,0.0,2,36.8576,10.2788,4.0,0.0,0.0,0.0,519943.5195618153,495512.68618274975,False,False,True,True,False,False,False,True,True,False
205000.0,115.0,3.0,1.0,0.0,0.0,1.0,1.0,1.0,2,36.8605,10.1604,2.0,1.0,0.0,0.0,362112.70683229814,368050.949375,False,False,True,True,False,False,False,True,True,False
130000.0,60.0,3.0,1.0,1.0,0.0,0.0,0.0,0.0,2,36.5772,10.3425,2.0,0.0,0.0,0.0,356912.7528888889,256097.71569620253,False,False,True,True,False,True,False,False,True,False
600000.0,160.0,3.0,1.0,1.0,0.0,1.0,1.0,1.0,2,35.8569,10.5972,3.0,1.0,1.0,1.0,339414.0611787819,330755.1372713178,False,False,True,True,False,False,False,True,True,False
270000.0,110.0,2.0,1.0,0.0,0.0,0.0,1.0,1.0,2,35.8569,10.5972,2.0,0.0,0.0,0.0,339414.0611787819,330755.1372713178,False,False,True,True,False,False,False,True,True,False
175000.0,58.0,2.0,1.0,0.0,1.0,1.0,1.0,1.0,4,36.8764,10.3253,2.0,0.0,0.0,0.0,519943.5195618153,495512.68618274975,False,False,True,True,False,False,False,True,True,False
373600.0,139.0,3.0,1.0,0.0,0.0,0.0,1.0,1.0,2,35.8324,10.6225,3.0,1.0,0.0,0.0,339414.0611787819,330755.1372713178,False,False,True,True,False,False,False,True,True,False
330000.0,100.0,2.0,1.0,1.0,0.0,0.0,0.0,0.0,2,35.8337,10.6407,2.0,1.0,0.0,0.0,323997.32666666666,306012.785,False,True,False,True,False,False,True,False,True,False
445000.0,103.0,2.0,1.0,1.0,0.0,0.0,0.0,0.0,2,36.8333,10.3167,2.0,1.0,0.0,0.0,601819.5220062697,495512.68618274975,False,False,True,True,False,False,False,True,True,False
430000.0,200.0,5.0,3.0,1.0,0.0,1.0,1.0,0.0,2,36.8625,10.1956,3.0,1.0,1.0,0.0,362112.70683229814,368050.949375,False,False,True,True,False,False,False,True,True,False
430000.0,120.0,2.0,1.0,1.0,1.0,1.0,0.0,1.0,2,36.8333,10.3167,2.0,1.0,0.0,0.0,601819.5220062697,495512.68618274975,False,False,True,True,False,False,False,True,True,False
795000.0,150.0,4.0,3.0,1.0,0.0,0.0,0.0,0.0,1,36.8556,10.2918,3.0,1.0,0.0,0.0,601819.5220062697,495512.68618274975,False,False,True,True,False,False,False,True,True,False
490000.0,160.0,3.0,1.0,0.0,0.0,0.0,0.0,0.0,2,36.4011,10.6146,3.0,0.0,0.0,0.0,355184.6627435388,335553.90432183904,False,False,True,True,False,False,False,True,True,False
220000.0,65.0,3.0,1.0,1.0,0.0,0.0,0.0,0.0,2,35.8403,10.5943,2.0,1.0,0.0,0.0,339414.0611787819,330755.1372713178,False,False,True,True,False,False,False,True,True,False
660000.0,230.0,5.0,3.0,1.0,0.0,1.0,1.0,1.0,6,36.8883,10.2742,4.0,1.0,0.0,0.0,393150.9196056338,368050.949375,False,False,True,True,False,False,False,True,True,False
265000.0,128.0,3.0,1.0,1.0,1.0,0.0,1.0,0.0,2,34.7781,10.7258,2.0,1.0,0.0,0.0,254104.44444444444,295071.536,False,True,False,True,False,False,True,False,True,False
400000.0,220.0,3.0,1.0,1.0,1.0,1.0,1.0,0.0,2,34.7855,10.7334,2.0,1.0,0.0,0.0,254104.44444444444,295071.536,False,True,False,True,False,False,True,False,True,False
340000.0,165.0,3.0,1.0,1.0,1.0,0.0,1.0,0.0,2,34.7781,10.7258,2.0,1.0,0.0,0.0,254104.44444444444,295071.536,False,True,False,True,False,False,True,False,True,False
370000.0,182.0,3.0,1.0,1.0,1.0,0.0,1.0,0.0,2,34.7781,10.7258,2.0,1.0,0.0,0.0,254104.44444444444,295071.536,False,True,False,True,False,False,True,False,True,False
562800.0,100.0,3.0,1.0,1.0,0.0,0.0,0.0,0.0,2,36.8556,10.2918,2.0,1.0,0.0,1.0,601819.5220062697,495512.68618274975,False,False,True,True,False,False,False,True,True,False
330000.0,100.0,2.0,1.0,0.0,0.0,0.0,0.0,0.0,2,36.4011,10.6146,2.0,0.0,0.0,1.0,355184.6627435388,335553.90432183904,False,False,True,True,False,False,False,True,True,False
400000.0,150.0,5.0,2.0,1.0,0.0,1.0,1.0,0.0,4,36.8764,10.3253,3.0,1.0,0.0,0.0,519943.5195618153,495512.68618274975,False,False,True,True,False,False,False,True,True,False
350000.0,100.0,3.0,1.0,0.0,0.0,0.0,0.0,1.0,2,36.4506,10.735,2.0,1.0,0.0,0.0,356101.26872727275,335553.90432183904,False,False,True,True,False,False,False,True,True,False
185000.0,115.0,4.0,1.0,1.0,0.0,0.0,1.0,1.0,2,36.8188,10.166,2.0,0.0,0.0,0.0,257110.19941176468,495512.68618274975,False,True,False,True,False,False,False,True,True,False
225000.0,115.0,4.0,1.0,1.0,0.0,0.0,1.0,1.0,2,36.8188,10.166,2.0,0.0,0.0,0.0,257110.19941176468,495512.68618274975,False,True,False,True,False,False,False,True,True,False
260000.0,57.0,2.0,1.0,0.0,0.0,0.0,0.0,0.0,2,36.4506,10.735,2.0,1.0,0.0,0.0,356101.26872727275,335553.90432183904,False,False,True,True,False,False,False,True,True,False
140000.0,60.0,3.0,1.0,0.0,0.0,0.0,0.0,0.0,2,36.8833,10.25,3.0,0.0,0.0,0.0,393150.9196056338,368050.949375,False,False,True,True,False,False,False,True,True,False
285000.0,101.0,4.0,1.0,1.0,0.0,1.0,1.0,0.0,2,36.8302,10.1374,3.0,1.0,0.0,0.0,190533.3,495512.68618274975,True,False,False,True,False,False,False,True,True,False
225000.0,80.0,3.0,1.0,0.0,0.0,0.0,1.0,0.0,1,36.6939,10.2622,2.0,0.0,0.0,0.0,202500.0,256097.71569620253,True,False,False,True,False,True,False,False,True,False
393000.0,123.0,3.0,1.0,1.0,0.0,1.0,1.0,1.0,2,35.8324,10.6225,2.0,1.0,0.0,0.0,339414.0611787819,330755.1372713178,False,False,True,True,False,False,False,True,True,False
270000.0,82.0,3.0,1.0,1.0,0.0,1.0,1.0,1.0,2,35.8324,10.6225,2.0,1.0,0.0,0.0,339414.0611787819,330755.1372713178,False,False,True,True,False,False,False,True,True,False
355000.0,127.0,3.0,1.0,1.0,0.0,1.0,1.0,1.0,2,35.8324,10.6225,2.0,1.0,0.0,0.0,339414.0611787819,330755.1372713178,False,False,True,True,False,False,False,True,True,False
435000.0,136.0,3.0,1.0,1.0,0.0,1.0,1.0,0.0,2,35.8324,10.6225,2.0,1.0,0.0,0.0,339414.0611787819,330755.1372713178,False,False,True,True,False,False,False,True,True,False
230000.0,80.0,3.0,1.0,1.0,0.0,0.0,0.0,0.0,2,36.836,10.1911,2.0,0.0,0.0,0.0,303301.0294117647,274088.2291666667,False,True,False,True,False,True,False,False,True,False
595000.0,108.0,3.0,1.0,1.0,0.0,0.0,0.0,0.0,2,36.8556,10.2918,2.0,1.0,0.0,0.0,601819.5220062697,495512.68618274975,False,False,True,True,False,False,False,True,True,False
220000.0,108.0,2.0,1.0,0.0,0.0,0.0,0.0,0.0,2,36.4011,10.6146,2.0,0.0,0.0,0.0,355184.6627435388,335553.90432183904,False,False,True,True,False,False,False,True,True,False
475000.0,93.0,2.0,1.0,0.0,0.0,0.0,0.0,0.0,2,36.8333,10.3167,2.0,1.0,1.0,0.0,601819.5220062697,495512.68618274975,False,False,True,True,False,False,False,True,True,False
790000.0,179.0,4.0,3.0,1.0,0.0,1.0,1.0,1.0,2,36.8764,10.3253,3.0,1.0,0.0,0.0,519943.5195618153,495512.68618274975,False,False,True,True,False,False,False,True,True,False
380000.0,135.0,4.0,1.0,1.0,1.0,1.0,1.0,0.0,2,35.8273,10.6339,3.0,0.0,0.0,0.0,339414.0611787819,330755.1372713178,False,False,True,True,False,False,False,True,True,False
389000.0,130.0,4.0,1.0,1.0,0.0,1.0,1.0,0.0,2,35.8273,10.6339,3.0,0.0,0.0,0.0,339414.0611787819,330755.1372713178,False,False,True,True,False,False,False,True,True,False
384000.0,150.0,4.0,1.0,1.0,0.0,1.0,1.0,0.0,2,35.8273,10.6339,3.0,0.0,0.0,0.0,339414.0611787819,330755.1372713178,False,False,True,True,False,False,False,True,True,False
320000.0,95.0,3.0,1.0,1.0,0.0,1.0,0.0,0.0,2,36.4506,10.735,2.0,0.0,0.0,0.0,356101.26872727275,335553.90432183904,False,False,True,True,False,False,False,True,True,False
250000.0,190.0,5.0,1.0,0.0,0.0,0.0,0.0,0.0,2,37.2667,9.8667,3.0,1.0,1.0,0.0,301532.5788888889,273790.43207547173,False,True,False,True,False,True,False,False,True,False
240000.0,120.0,4.0,1.0,1.0,0.0,0.0,0.0,0.0,2,37.2667,9.8667,3.0,0.0,0.0,0.0,301532.5788888889,273790.43207547173,False,True,False,True,False,True,False,False,True,False
270000.0,102.0,5.0,1.0,1.0,0.0,0.0,0.0,0.0,2,37.1303,9.7507,4.0,0.0,0.0,0.0,301532.5788888889,273790.43207547173,False,True,False,True,False,True,False,False,True,False
359000.0,150.0,4.0,2.0,1.0,0.0,0.0,1.0,0.0,5,36.8625,10.1956,3.0,0.0,0.0,0.0,362112.70683229814,368050.949375,False,False,True,True,False,False,False,True,True,False
270000.0,120.0,3.0,1.0,1.0,1.0,1.0,1.0,1.0,2,36.8605,10.1604,2.0,1.0,0.0,0.0,362112.70683229814,368050.949375,False,False,True,True,False,False,False,True,True,False
265000.0,128.0,4.0,2.0,1.0,0.0,0.0,0.0,0.0,2,35.8403,10.5943,3.0,1.0,0.0,0.0,339414.0611787819,330755.1372713178,False,False,True,True,False,False,False,True,True,False
215000.0,58.0,2.0,1.0,1.0,0.0,1.0,1.0,1.0,2,36.8452,10.1647,2.0,1.0,0.0,0.0,346388.2,335553.90432183904,False,False,True,True,False,False,False,True,True,False
220000.0,58.0,2.0,1.0,0.0,0.0,1.0,1.0,1.0,2,36.6939,10.2622,2.0,1.0,0.0,0.0,202500.0,256097.71569620253,True,False,False,True,False,True,False,False,True,False
647000.0,120.0,4.0,2.0,1.0,0.0,1.0,1.0,1.0,2,35.9431,10.5202,3.0,1.0,0.0,0.0,389984.1204651163,406094.33674999996,False,False,True,True,False,False,False,True,True,False
390000.0,72.0,2.0,1.0,1.0,0.0,1.0,1.0,1.0,2,36.8764,10.3253,2.0,1.0,0.0,0.0,519943.5195618153,495512.68618274975,False,False,True,True,False,False,False,True,True,False
185000.0,64.0,3.0,1.0,1.0,0.0,1.0,1.0,1.0,2,35.8177,10.6455,2.0,0.0,0.0,0.0,339414.0611787819,330755.1372713178,False,False,True,True,False,False,False,True,True,False
260000.0,71.0,2.0,1.0,0.0,0.0,1.0,0.0,0.0,2,35.87,10.57,2.0,1.0,0.0,1.0,347622.13037037035,330755.1372713178,False,False,True,True,False,False,False,True,True,False
420000.0,138.0,5.0,3.0,1.0,0.0,1.0,1.0,1.0,5,36.8625,10.1956,2.0,1.0,0.0,0.0,362112.70683229814,368050.949375,False,False,True,True,False,False,False,True,True,False
410000.0,107.0,2.0,1.0,0.0,0.0,1.0,1.0,1.0,2,36.4506,10.735,2.0,0.0,0.0,1.0,356101.26872727275,335553.90432183904,False,False,True,True,False,False,False,True,True,False
420000.0,120.0,3.0,1.0,0.0,0.0,1.0,1.0,0.0,1,36.8764,10.3253,2.0,1.0,0.0,0.0,519943.5195618153,495512.68618274975,False,False,True,True,False,False,False,True,True,False
330000.0,118.0,4.0,2.0,1.0,0.0,1.0,1.0,1.0,5,36.8764,10.3253,3.0,1.0,0.0,0.0,519943.5195618153,495512.68618274975,False,False,True,True,False,False,False,True,True,False
386000.0,109.0,3.0,2.0,1.0,0.0,1.0,1.0,0.0,2,36.4011,10.6146,2.0,0.0,0.0,0.0,355184.6627435388,335553.90432183904,False,False,True,True,False,False,False,True,True,False
149000.0,50.0,3.0,1.0,1.0,0.0,1.0,0.0,0.0,2,36.8534,10.2505,2.0,0.0,0.0,0.0,519943.5195618153,495512.68618274975,False,False,True,True,False,False,False,True,True,False
480000.0,105.0,3.0,2.0,1.0,0.0,1.0,1.0,1.0,3,36.4011,10.6146,2.0,0.0,0.0,0.0,355184.6627435388,335553.90432183904,False,False,True,True,False,False,False,True,True,False
450000.0,170.0,3.0,3.0,1.0,0.0,1.0,1.0,1.0,2,36.4011,10.6146,3.0,0.0,1.0,1.0,355184.6627435388,335553.90432183904,False,False,True,True,False,False,False,True,True,False
70000.0,58.0,2.0,1.0,1.0,0.0,0.0,0.0,0.0,2,36.8493,11.0918,2.0,0.0,0.0,0.0,189879.7706849315,335553.90432183904,True,False,False,True,False,False,False,True,True,False
265000.0,165.0,3.0,1.0,1.0,0.0,0.0,0.0,0.0,2,36.8493,11.0918,2.0,0.0,0.0,0.0,189879.7706849315,335553.90432183904,True,False,False,True,False,False,False,True,True,False
165000.0,75.0,2.0,1.0,1.0,0.0,0.0,0.0,0.0,2,36.8493,11.0918,2.0,0.0,0.0,0.0,189879.7706849315,335553.90432183904,True,False,False,True,False,False,False,True,True,False
380000.0,134.0,5.0,1.0,1.0,1.0,1.0,0.0,1.0,5,36.8764,10.3253,3.0,1.0,0.0,0.0,519943.5195618153,495512.68618274975,False,False,True,True,False,False,False,True,True,False
375000.0,156.0,4.0,2.0,1.0,0.0,0.0,1.0,0.0,4,36.8625,10.1956,3.0,0.0,0.0,0.0,362112.70683229814,368050.949375,False,False,True,True,False,False,False,True,True,False
355000.0,101.0,2.0,1.0,0.0,1.0,1.0,1.0,0.0,2,36.4011,10.6146,2.0,1.0,0.0,1.0,355184.6627435388,335553.90432183904,False,False,True,True,False,False,False,True,True,False
300000.0,90.0,3.0,1.0,1.0,0.0,0.0,1.0,0.0,2,35.8569,10.5972,2.0,0.0,0.0,0.0,339414.0611787819,330755.1372713178,False,False,True,True,False,False,False,True,True,False
680000.0,100.0,2.0,1.0,0.0,0.0,0.0,0.0,0.0,2,36.4011,10.6146,2.0,1.0,0.0,0.0,355184.6627435388,335553.90432183904,False,False,True,True,False,False,False,True,True,False
375000.0,200.0,4.0,1.0,1.0,0.0,0.0,0.0,0.0,2,36.4011,10.6146,3.0,0.0,0.0,0.0,355184.6627435388,335553.90432183904,False,False,True,True,False,False,False,True,True,False
140000.0,35.0,3.0,1.0,1.0,0.0,0.0,0.0,0.0,2,35.87,10.57,2.0,0.0,0.0,0.0,347622.13037037035,330755.1372713178,False,False,True,True,False,False,False,True,True,False
420000.0,106.0,4.0,2.0,0.0,0.0,1.0,1.0,1.0,2,35.8569,10.5972,3.0,0.0,0.0,0.0,339414.0611787819,330755.1372713178,False,False,True,True,False,False,False,True,True,False
680000.0,165.0,3.0,1.0,1.0,0.0,0.0,0.0,1.0,2,36.8333,10.3167,4.0,1.0,0.0,0.0,601819.5220062697,495512.68618274975,False,False,True,True,False,False,False,True,True,False
265000.0,105.0,3.0,1.0,1.0,0.0,0.0,0.0,1.0,2,37.2667,9.8667,2.0,1.0,0.0,0.0,301532.5788888889,273790.43207547173,False,True,False,True,False,True,False,False,True,False
620000.0,132.0,3.0,2.0,1.0,0.0,1.0,1.0,1.0,5,36.8333,10.3167,2.0,1.0,0.0,0.0,601819.5220062697,495512.68618274975,False,False,True,True,False,False,False,True,True,False
185000.0,90.0,5.0,1.0,0.0,0.0,1.0,0.0,0.0,3,36.8493,11.0918,2.0,0.0,0.0,0.0,189879.7706849315,335553.90432183904,True,False,False,True,False,False,False,True,True,False
490000.0,226.0,4.0,2.0,1.0,1.0,1.0,1.0,1.0,5,35.8126,10.6103,3.0,1.0,0.0,0.0,339414.0611787819,330755.1372713178,False,False,True,True,False,False,False,True,True,False
430000.0,155.0,4.0,3.0,1.0,1.0,1.0,1.0,1.0,2,35.8352,10.6041,3.0,1.0,0.0,0.0,339414.0611787819,330755.1372713178,False,False,True,True,False,False,False,True,True,False
160000.0,62.0,2.0,1.0,1.0,1.0,1.0,0.0,0.0,2,36.4514,10.7797,2.0,0.0,0.0,1.0,160000.0,335553.90432183904,True,False,False,False,True,False,False,True,True,False
244800.0,60.0,2.0,1.0,0.0,0.0,1.0,1.0,1.0,2,35.8273,10.6339,2.0,0.0,0.0,0.0,339414.0611787819,330755.1372713178,False,False,True,True,False,False,False,True,True,False
450000.0,155.0,4.0,1.0,0.0,0.0,1.0,1.0,1.0,2,35.8143,10.6339,3.0,1.0,0.0,0.0,339414.0611787819,330755.1372713178,False,False,True,True,False,False,False,True,True,False
450000.0,125.0,3.0,1.0,0.0,1.0,1.0,1.0,1.0,2,35.8569,10.5972,2.0,1.0,0.0,1.0,339414.0611787819,330755.1372713178,False,False,True,True,False,False,False,True,True,False
290000.0,59.0,3.0,1.0,0.0,1.0,1.0,0.0,0.0,2,35.9431,10.5202,2.0,1.0,0.0,0.0,389984.1204651163,406094.33674999996,False,False,True,True,False,False,False,True,True,False
270400.0,162.0,4.0,1.0,1.0,1.0,1.0,1.0,1.0,2,35.9431,10.5202,3.0,0.0,0.0,1.0,389984.1204651163,406094.33674999996,False,False,True,True,False,False,False,True,True,False
195000.0,40.0,2.0,1.0,1.0,1.0,0.0,0.0,1.0,5,35.8273,10.6339,2.0,0.0,0.0,0.0,339414.0611787819,330755.1372713178,False,False,True,True,False,False,False,True,True,False
336960.0,79.0,3.0,1.0,1.0,1.0,1.0,0.0,0.0,2,35.8273,10.6339,2.0,0.0,0.0,0.0,339414.0611787819,330755.1372713178,False,False,True,True,False,False,False,True,True,False
350000.0,150.0,5.0,1.0,0.0,1.0,1.0,0.0,0.0,2,35.8143,10.6339,3.0,0.0,0.0,0.0,339414.0611787819,330755.1372713178,False,False,True,True,False,False,False,True,True,False
170000.0,91.0,4.0,1.0,1.0,0.0,0.0,0.0,1.0,4,35.8324,10.6225,3.0,0.0,0.0,0.0,339414.0611787819,330755.1372713178,False,False,True,True,False,False,False,True,True,False
230000.0,130.0,4.0,1.0,1.0,0.0,1.0,1.0,0.0,4,35.844,10.6188,3.0,1.0,0.0,0.0,355184.6627435388,335553.90432183904,False,False,True,True,False,False,False,True,True,False
350000.0,110.0,4.0,1.0,1.0,0.0,1.0,1.0,0.0,5,35.844,10.6188,3.0,0.0,0.0,0.0,355184.6627435388,335553.90432183904,False,False,True,True,False,False,False,True,True,False
669500.0,230.0,3.0,1.0,1.0,1.0,1.0,1.0,0.0,4,35.8273,10.6339,2.0,0.0,0.0,0.0,339414.0611787819,330755.1372713178,False,False,True,True,False,False,False,True,True,False
325000.0,110.0,3.0,1.0,1.0,0.0,1.0,1.0,1.0,2,36.0301,10.5079,2.0,0.0,0.0,0.0,260917.67902439024,330755.1372713178,False,True,False,True,False,False,False,True,True,False
225000.0,85.0,2.0,1.0,1.0,0.0,1.0,1.0,1.0,2,35.8177,10.6455,2.0,1.0,0.0,0.0,339414.0611787819,330755.1372713178,False,False,True,True,False,False,False,True,True,False
390000.0,105.0,4.0,1.0,1.0,0.0,1.0,1.0,0.0,2,35.8569,10.5972,3.0,0.0,0.0,0.0,339414.0611787819,330755.1372713178,False,False,True,True,False,False,False,True,True,False
250000.0,60.0,3.0,1.0,0.0,1.0,0.0,0.0,0.0,2,35.8569,10.5972,2.0,0.0,0.0,0.0,339414.0611787819,330755.1372713178,False,False,True,True,False,False,False,True,True,False
425000.0,99.0,3.0,1.0,0.0,0.0,0.0,0.0,0.0,2,36.8883,10.2742,3.0,1.0,0.0,0.0,393150.9196056338,368050.949375,False,False,True,True,False,False,False,True,True,False
400000.0,150.0,5.0,2.0,1.0,0.0,1.0,1.0,1.0,3,36.8625,10.1956,3.0,1.0,0.0,0.0,362112.70683229814,368050.949375,False,False,True,True,False,False,False,True,True,False
250000.0,92.0,2.0,1.0,0.0,0.0,0.0,0.0,0.0,2,36.8764,10.3253,2.0,0.0,0.0,0.0,519943.5195618153,495512.68618274975,False,False,True,True,False,False,False,True,True,False
350000.0,145.0,5.0,2.0,1.0,0.0,1.0,1.0,0.0,2,36.8764,10.3253,4.0,1.0,0.0,0.0,519943.5195618153,495512.68618274975,False,False,True,True,False,False,False,True,True,False
480000.0,110.0,3.0,1.0,1.0,0.0,1.0,1.0,1.0,2,36.8333,10.3167,2.0,1.0,1.0,0.0,601819.5220062697,495512.68618274975,False,False,True,True,False,False,False,True,True,False
535000.0,140.0,3.0,2.0,0.0,0.0,1.0,1.0,0.0,3,36.8764,10.3253,2.0,1.0,0.0,0.0,519943.5195618153,495512.68618274975,False,False,True,True,False,False,False,True,True,False
355000.0,84.0,2.0,1.0,1.0,0.0,0.0,0.0,1.0,2,36.8333,10.3167,2.0,0.0,0.0,0.0,601819.5220062697,495512.68618274975,False,False,True,True,False,False,False,True,True,False
195000.0,110.0,3.0,1.0,0.0,0.0,0.0,1.0,0.0,2,36.8605,10.1604,2.0,1.0,0.0,0.0,362112.70683229814,368050.949375,False,False,True,True,False,False,False,True,True,False
400000.0,171.0,4.0,2.0,1.0,1.0,1.0,1.0,1.0,2,36.8833,10.25,3.0,1.0,0.0,0.0,393150.9196056338,368050.949375,False,False,True,True,False,False,False,True,True,False
520000.0,165.0,3.0,2.0,1.0,0.0,1.0,1.0,1.0,2,36.8764,10.3253,3.0,1.0,0.0,0.0,519943.5195618153,495512.68618274975,False,False,True,True,False,False,False,True,True,False
170000.0,108.0,3.0,1.0,1.0,0.0,0.0,0.0,0.0,2,36.9544,10.1914,2.0,0.0,0.0,0.0,298410.12333333335,368050.949375,False,True,False,True,False,False,False,True,True,False
335000.0,118.0,2.0,1.0,1.0,0.0,1.0,1.0,1.0,2,36.8764,10.3253,2.0,1.0,0.0,0.0,519943.5195618153,495512.68618274975,False,False,True,True,False,False,False,True,True,False
380000.0,134.0,3.0,1.0,1.0,0.0,0.0,1.0,0.0,3,36.8181,10.305,3.0,0.0,1.0,0.0,320842.93555555557,495512.68618274975,False,True,False,True,False,False,False,True,True,False
860000.0,137.0,3.0,2.0,1.0,1.0,1.0,1.0,0.0,1,36.8764,10.3253,2.0,0.0,0.0,0.0,519943.5195618153,495512.68618274975,False,False,True,True,False,False,False,True,True,False
549000.0,160.0,4.0,1.0,0.0,0.0,1.0,1.0,0.0,2,36.8833,10.25,3.0,1.0,1.0,0.0,393150.9196056338,368050.949375,False,False,True,True,False,False,False,True,True,False
405000.0,125.0,4.0,1.0,0.0,0.0,1.0,1.0,0.0,2,36.8833,10.25,2.0,1.0,0.0,0.0,393150.9196056338,368050.949375,False,False,True,True,False,False,False,True,True,False
375000.0,113.0,3.0,1.0,1.0,0.0,1.0,1.0,0.0,2,36.8833,10.25,2.0,1.0,0.0,0.0,393150.9196056338,368050.949375,False,False,True,True,False,False,False,True,True,False
150000.0,40.0,4.0,1.0,0.0,0.0,1.0,0.0,0.0,2,36.4011,10.6146,2.0,0.0,0.0,0.0,355184.6627435388,335553.90432183904,False,False,True,True,False,False,False,True,True,False
420000.0,105.0,2.0,1.0,0.0,0.0,0.0,0.0,0.0,2,36.4011,10.6146,2.0,1.0,0.0,0.0,355184.6627435388,335553.90432183904,False,False,True,True,False,False,False,True,True,False
265000.0,105.0,3.0,1.0,0.0,0.0,1.0,1.0,1.0,2,36.8767,10.2317,2.0,1.0,1.0,0.0,519943.5195618153,495512.68618274975,False,False,True,True,False,False,False,True,True,False
470000.0,130.0,3.0,2.0,1.0,0.0,1.0,1.0,1.0,2,36.4011,10.6146,2.0,1.0,0.0,1.0,355184.6627435388,335553.90432183904,False,False,True,True,False,False,False,True,True,False
900000.0,202.0,5.0,3.0,1.0,0.0,1.0,1.0,1.0,1,36.8764,10.3253,4.0,1.0,0.0,0.0,519943.5195618153,495512.68618274975,False,False,True,True,False,False,False,True,True,False
735000.0,150.0,4.0,3.0,1.0,0.0,1.0,1.0,1.0,2,36.8333,10.3167,3.0,1.0,0.0,0.0,601819.5220062697,495512.68618274975,False,False,True,True,False,False,False,True,True,False
650000.0,147.0,3.0,2.0,1.0,0.0,1.0,1.0,1.0,2,36.8333,10.3167,2.0,1.0,1.0,0.0,601819.5220062697,495512.68618274975,False,False,True,True,False,False,False,True,True,False
360000.0,180.0,3.0,1.0,1.0,0.0,0.0,0.0,0.0,2,35.3947,11.0401,2.0,0.0,0.0,0.0,247000.0,247000.0,False,True,False,True,False,True,False,False,True,False
135000.0,90.0,3.0,1.0,0.0,0.0,0.0,0.0,0.0,2,36.8493,11.0918,2.0,0.0,0.0,0.0,189879.7706849315,335553.90432183904,True,False,False,True,False,False,False,True,True,False
783684.0,205.0,3.0,1.0,1.0,0.0,1.0,1.0,0.0,2,36.8833,10.25,2.0,1.0,1.0,0.0,393150.9196056338,368050.949375,False,False,True,True,False,False,False,True,True,False
220000.0,120.0,2.0,1.0,0.0,1.0,0.0,0.0,0.0,2,33.8667,10.85,2.0,0.0,0.0,0.0,393150.9196056338,368050.949375,False,False,True,True,False,False,False,True,True,False
920000.0,150.0,3.0,1.0,0.0,0.0,0.0,0.0,0.0,2,36.8556,10.2918,3.0,0.0,1.0,0.0,601819.5220062697,495512.68618274975,False,False,True,True,False,False,False,True,True,False
395000.0,154.0,4.0,3.0,1.0,0.0,1.0,1.0,1.0,1,36.8833,10.25,3.0,0.0,0.0,0.0,393150.9196056338,368050.949375,False,False,True,True,False,False,False,True,True,False
1155700.0,141.0,2.0,1.0,0.0,0.0,0.0,0.0,0.0,2,36.8333,10.3167,2.0,1.0,1.0,1.0,601819.5220062697,495512.68618274975,False,False,True,True,False,False,False,True,True,False
280000.0,200.0,3.0,1.0,0.0,0.0,0.0,0.0,0.0,2,34.7862,10.746,2.0,0.0,0.0,0.0,254104.44444444444,295071.536,False,True,False,True,False,False,True,False,True,False
135000.0,100.0,3.0,1.0,1.0,0.0,0.0,0.0,1.0,2,35.8213,10.5967,2.0,0.0,0.0,0.0,339414.0611787819,330755.1372713178,False,False,True,True,False,False,False,True,True,False
360000.0,77.0,3.0,1.0,0.0,1.0,1.0,1.0,1.0,2,36.4506,10.735,2.0,0.0,1.0,0.0,356101.26872727275,335553.90432183904,False,False,True,True,False,False,False,True,True,False
238000.0,100.0,3.0,1.0,1.0,0.0,0.0,1.0,1.0,2,36.8764,10.3253,2.0,0.0,0.0,0.0,519943.5195618153,495512.68618274975,False,False,True,True,False,False,False,True,True,False
494000.0,116.0,3.0,2.0,1.0,0.0,0.0,0.0,0.0,2,36.8833,10.25,2.0,0.0,0.0,0.0,393150.9196056338,368050.949375,False,False,True,True,False,False,False,True,True,False
450000.0,225.0,3.0,1.0,1.0,1.0,0.0,0.0,0.0,2,36.8491,10.1661,2.0,0.0,0.0,0.0,362112.70683229814,368050.949375,False,False,True,True,False,False,False,True,True,False
650000.0,156.0,4.0,3.0,0.0,0.0,0.0,0.0,0.0,2,36.8833,10.25,3.0,1.0,0.0,0.0,393150.9196056338,368050.949375,False,False,True,True,False,False,False,True,True,False
350000.0,230.0,3.0,1.0,1.0,0.0,0.0,0.0,0.0,2,35.3947,11.0401,2.0,1.0,0.0,0.0,247000.0,247000.0,False,True,False,True,False,True,False,False,True,False
230000.0,53.0,3.0,1.0,1.0,0.0,0.0,0.0,1.0,2,35.2304,11.1108,2.0,0.0,0.0,0.0,386675.625,327705.16642857145,False,False,True,True,False,False,True,False,True,False
600000.0,102.0,3.0,1.0,1.0,0.0,0.0,0.0,1.0,2,35.2304,11.1108,2.0,1.0,0.0,0.0,386675.625,327705.16642857145,False,False,True,True,False,False,True,False,True,False
230000.0,115.0,3.0,1.0,1.0,1.0,1.0,1.0,0.0,2,36.8625,10.1956,2.0,1.0,0.0,0.0,362112.70683229814,368050.949375,False,False,True,True,False,False,False,True,True,False
210000.0,130.0,5.0,1.0,0.0,1.0,1.0,0.0,0.0,2,36.8493,11.0918,3.0,0.0,0.0,0.0,189879.7706849315,335553.90432183904,True,False,False,True,False,False,False,True,True,False
380000.0,187.0,4.0,1.0,1.0,0.0,0.0,1.0,0.0,2,36.8915,10.1626,4.0,0.0,0.0,0.0,261889.71862068964,256097.71569620253,False,True,False,True,False,True,False,False,True,False
179000.0,104.0,3.0,1.0,1.0,0.0,0.0,0.0,0.0,1,33.8093,10.9914,2.0,0.0,1.0,0.0,224500.0,306012.785,False,True,False,False,True,False,True,False,True,False
170000.0,100.0,3.0,1.0,0.0,0.0,0.0,0.0,0.0,2,35.5303,11.0169,2.0,0.0,0.0,0.0,277969.225,327705.16642857145,False,True,False,True,False,False,True,False,True,False
275000.0,163.0,3.0,1.0,1.0,0.0,1.0,1.0,0.0,2,36.4506,10.735,2.0,0.0,0.0,0.0,356101.26872727275,335553.90432183904,False,False,True,True,False,False,False,True,True,False
270000.0,110.0,3.0,1.0,1.0,0.0,0.0,0.0,0.0,2,36.4011,10.6146,2.0,0.0,0.0,0.0,355184.6627435388,335553.90432183904,False,False,True,True,False,False,False,True,True,False
800000.0,134.0,3.0,2.0,1.0,0.0,1.0,1.0,1.0,2,36.8333,10.3167,2.0,0.0,0.0,1.0,601819.5220062697,495512.68618274975,False,False,True,True,False,False,False,True,True,False
727000.0,138.0,3.0,2.0,0.0,0.0,1.0,1.0,1.0,2,36.8469,10.2642,2.0,1.0,1.0,0.0,519943.5195618153,495512.68618274975,False,False,True,True,False,False,False,True,True,False
165000.0,124.0,3.0,1.0,0.0,0.0,0.0,1.0,1.0,1,36.8534,10.1988,2.0,1.0,1.0,0.0,393150.9196056338,368050.949375,False,False,True,True,False,False,False,True,True,False
240000.0,60.0,3.0,1.0,0.0,1.0,1.0,1.0,0.0,1,36.8236,10.281,2.0,0.0,0.0,0.0,320842.93555555557,495512.68618274975,False,True,False,True,False,False,False,True,True,False
265000.0,65.0,2.0,1.0,0.0,0.0,0.0,1.0,0.0,5,36.8239,10.2264,2.0,0.0,0.0,0.0,303301.0294117647,274088.2291666667,False,True,False,True,False,True,False,False,True,False
385000.0,89.0,3.0,1.0,1.0,0.0,1.0,1.0,1.0,2,36.8965,10.218,2.0,1.0,0.0,0.0,393150.9196056338,368050.949375,False,False,True,True,False,False,False,True,True,False
285000.0,47.0,3.0,1.0,1.0,0.0,1.0,1.0,1.0,2,36.8965,10.218,2.0,1.0,0.0,0.0,393150.9196056338,368050.949375,False,False,True,True,False,False,False,True,True,False
280000.0,117.0,3.0,1.0,1.0,0.0,1.0,1.0,1.0,1,35.8301,10.6326,2.0,0.0,0.0,0.0,339414.0611787819,330755.1372713178,False,False,True,True,False,False,False,True,True,False
370000.0,85.0,2.0,1.0,1.0,0.0,0.0,0.0,1.0,2,36.4011,10.6146,2.0,0.0,0.0,0.0,355184.6627435388,335553.90432183904,False,False,True,True,False,False,False,True,True,False
750000.0,200.0,4.0,3.0,1.0,0.0,1.0,1.0,1.0,2,36.8556,10.2918,3.0,1.0,1.0,0.0,601819.5220062697,495512.68618274975,False,False,True,True,False,False,False,True,True,False
170000.0,60.0,3.0,1.0,1.0,1.0,1.0,1.0,1.0,6,33.8744,10.8596,2.0,0.0,0.0,0.0,519943.5195618153,495512.68618274975,False,False,True,True,False,False,False,True,True,False
170000.0,107.0,3.0,1.0,1.0,0.0,1.0,1.0,1.0,3,36.7723,10.2212,2.0,1.0,1.0,0.0,210000.0,256097.71569620253,True,False,False,True,False,True,False,False,True,False
265000.0,110.0,3.0,1.0,0.0,0.0,0.0,1.0,0.0,2,36.8236,10.281,2.0,0.0,0.0,0.0,320842.93555555557,495512.68618274975,False,True,False,True,False,False,False,True,True,False
210000.0,84.0,3.0,1.0,1.0,0.0,0.0,0.0,0.0,2,36.8493,11.0918,2.0,0.0,0.0,0.0,189879.7706849315,335553.90432183904,True,False,False,True,False,False,False,True,True,False
340000.0,148.0,4.0,2.0,1.0,0.0,1.0,1.0,0.0,3,36.8764,10.3253,3.0,1.0,0.0,0.0,519943.5195618153,495512.68618274975,False,False,True,True,False,False,False,True,True,False
510000.0,168.0,4.0,3.0,1.0,0.0,1.0,1.0,1.0,2,36.8833,10.25,3.0,1.0,0.0,0.0,393150.9196056338,368050.949375,False,False,True,True,False,False,False,True,True,False
600000.0,140.0,3.0,1.0,0.0,0.0,0.0,0.0,0.0,2,36.8181,10.305,3.0,0.0,0.0,0.0,320842.93555555557,495512.68618274975,False,True,False,True,False,False,False,True,True,False
250000.0,110.0,4.0,1.0,0.0,0.0,0.0,1.0,0.0,2,36.7786,10.0554,3.0,1.0,0.0,0.0,251258.3575,259667.45531914895,False,True,False,True,False,True,False,False,True,False
150000.0,110.0,3.0,1.0,1.0,0.0,0.0,1.0,1.0,2,33.8869,9.5375,2.0,0.0,0.0,0.0,189879.7706849315,335553.90432183904,True,False,False,True,False,False,False,True,True,False
638000.0,168.0,3.0,2.0,1.0,0.0,1.0,1.0,1.0,2,36.8833,10.25,3.0,1.0,0.0,1.0,393150.9196056338,368050.949375,False,False,True,True,False,False,False,True,True,False
865000.0,160.0,3.0,2.0,1.0,0.0,1.0,1.0,1.0,2,36.8764,10.3253,2.0,1.0,1.0,1.0,519943.5195618153,495512.68618274975,False,False,True,True,False,False,False,True,True,False
564000.0,120.0,3.0,2.0,1.0,0.0,1.0,1.0,1.0,2,36.8764,10.3253,2.0,1.0,0.0,1.0,519943.5195618153,495512.68618274975,False,False,True,True,False,False,False,True,True,False
396000.0,120.0,3.0,2.0,1.0,1.0,1.0,1.0,1.0,2,36.8833,10.25,2.0,1.0,0.0,0.0,393150.9196056338,368050.949375,False,False,True,True,False,False,False,True,True,False
127000.0,75.0,3.0,1.0,0.0,0.0,0.0,0.0,0.0,2,35.3947,11.0401,2.0,0.0,0.0,0.0,247000.0,247000.0,False,True,False,True,False,True,False,False,True,False
300000.0,160.0,3.0,2.0,1.0,0.0,0.0,1.0,0.0,1,35.7833,10.8333,3.0,0.0,0.0,0.0,283320.10545454547,299054.0060240964,False,True,False,True,False,False,True,False,True,False
364000.0,194.0,3.0,1.0,1.0,0.0,0.0,0.0,0.0,2,37.2667,9.8667,2.0,0.0,0.0,0.0,301532.5788888889,273790.43207547173,False,True,False,True,False,True,False,False,True,False
257000.0,62.0,3.0,1.0,0.0,0.0,0.0,0.0,0.0,2,36.4011,10.6146,2.0,0.0,0.0,0.0,355184.6627435388,335553.90432183904,False,False,True,True,False,False,False,True,True,False
355000.0,84.0,3.0,1.0,1.0,0.0,0.0,0.0,1.0,2,36.8333,10.3167,2.0,0.0,1.0,0.0,601819.5220062697,495512.68618274975,False,False,True,True,False,False,False,True,True,False
200000.0,110.0,4.0,1.0,0.0,0.0,0.0,0.0,0.0,2,36.8188,10.166,3.0,1.0,0.0,0.0,273416.375,335553.90432183904,False,True,False,True,False,False,False,True,True,False
480000.0,103.0,3.0,1.0,1.0,1.0,1.0,1.0,0.0,2,36.4198,10.6619,2.0,1.0,1.0,0.0,355184.6627435388,335553.90432183904,False,False,True,True,False,False,False,True,True,False
210000.0,150.0,3.0,1.0,1.0,0.0,0.0,0.0,0.0,2,36.6939,10.2622,2.0,0.0,0.0,0.0,202500.0,256097.71569620253,True,False,False,True,False,True,False,False,True,False
950000.0,165.0,4.0,3.0,1.0,0.0,1.0,1.0,1.0,5,36.8333,10.3167,3.0,1.0,0.0,1.0,601819.5220062697,495512.68618274975,False,False,True,True,False,False,False,True,True,False
320000.0,105.0,2.0,2.0,1.0,0.0,1.0,0.0,0.0,1,36.4011,10.6146,2.0,0.0,0.0,0.0,355184.6627435388,335553.90432183904,False,False,True,True,False,False,False,True,True,False
750000.0,150.0,4.0,2.0,1.0,0.0,1.0,1.0,1.0,2,36.4011,10.6146,3.0,1.0,1.0,0.0,355184.6627435388,335553.90432183904,False,False,True,True,False,False,False,True,True,False
330000.0,140.0,3.0,1.0,1.0,1.0,1.0,1.0,1.0,2,36.9177,10.2889,2.0,0.0,0.0,0.0,519943.5195618153,495512.68618274975,False,False,True,True,False,False,False,True,True,False
375000.0,140.0,4.0,3.0,1.0,0.0,0.0,0.0,0.0,2,36.4011,10.6146,3.0,1.0,1.0,0.0,355184.6627435388,335553.90432183904,False,False,True,True,False,False,False,True,True,False
345000.0,104.0,3.0,2.0,1.0,0.0,1.0,1.0,1.0,2,36.4011,10.6146,2.0,0.0,1.0,1.0,355184.6627435388,335553.90432183904,False,False,True,True,False,False,False,True,True,False
379000.0,115.0,3.0,2.0,1.0,0.0,1.0,1.0,1.0,4,36.4011,10.6146,2.0,0.0,0.0,1.0,355184.6627435388,335553.90432183904,False,False,True,True,False,False,False,True,True,False
150000.0,40.0,2.0,1.0,0.0,0.0,1.0,0.0,0.0,2,36.8625,10.1956,2.0,0.0,0.0,0.0,362112.70683229814,368050.949375,False,False,True,True,False,False,False,True,True,False
225000.0,110.0,3.0,1.0,1.0,0.0,1.0,1.0,0.0,2,36.8833,10.25,2.0,1.0,1.0,0.0,393150.9196056338,368050.949375,False,False,True,True,False,False,False,True,True,False
420000.0,160.0,3.0,2.0,1.0,1.0,1.0,1.0,1.0,4,34.7503,10.732,3.0,1.0,0.0,0.0,365256.14666666667,295071.536,False,False,True,True,False,False,True,False,True,False
225000.0,65.0,2.0,1.0,1.0,0.0,0.0,0.0,0.0,4,36.8762,10.1143,2.0,0.0,0.0,0.0,255000.0,274088.2291666667,False,True,False,True,False,True,False,False,True,False
97000.0,50.0,2.0,1.0,0.0,0.0,0.0,0.0,0.0,2,36.8493,11.0918,2.0,0.0,0.0,0.0,189879.7706849315,335553.90432183904,True,False,False,True,False,False,False,True,True,False
572000.0,103.0,3.0,1.0,1.0,0.0,1.0,1.0,1.0,1,36.8333,10.3167,2.0,0.0,0.0,1.0,601819.5220062697,495512.68618274975,False,False,True,True,False,False,False,True,True,False
800000.0,109.0,3.0,2.0,1.0,0.0,1.0,1.0,1.0,2,36.8333,10.3167,2.0,1.0,1.0,1.0,601819.5220062697,495512.68618274975,False,False,True,True,False,False,False,True,True,False
495000.0,137.0,3.0,1.0,0.0,0.0,0.0,0.0,1.0,2,36.8333,10.3167,2.0,1.0,0.0,0.0,601819.5220062697,495512.68618274975,False,False,True,True,False,False,False,True,True,False
260000.0,90.0,3.0,1.0,1.0,0.0,1.0,1.0,0.0,2,36.4506,10.735,2.0,1.0,1.0,0.0,356101.26872727275,335553.90432183904,False,False,True,True,False,False,False,True,True,False
702000.0,167.0,3.0,1.0,0.0,1.0,1.0,1.0,1.0,2,36.8806,10.1717,2.0,1.0,1.0,0.0,362112.70683229814,368050.949375,False,False,True,True,False,False,False,True,True,False
312000.0,76.0,2.0,1.0,0.0,0.0,0.0,0.0,0.0,2,36.8833,10.25,2.0,0.0,0.0,0.0,393150.9196056338,368050.949375,False,False,True,True,False,False,False,True,True,False
360000.0,80.0,2.0,1.0,1.0,1.0,1.0,1.0,1.0,2,36.8764,10.3253,2.0,0.0,0.0,0.0,519943.5195618153,495512.68618274975,False,False,True,True,False,False,False,True,True,False
180000.0,115.0,3.0,1.0,0.0,1.0,0.0,1.0,0.0,2,36.8605,10.1604,2.0,0.0,0.0,0.0,362112.70683229814,368050.949375,False,False,True,True,False,False,False,True,True,False
170000.0,85.0,2.0,1.0,1.0,0.0,0.0,0.0,0.0,4,36.9544,10.1914,2.0,0.0,0.0,0.0,298410.12333333335,368050.949375,False,True,False,True,False,False,False,True,True,False
495000.0,220.0,5.0,1.0,0.0,0.0,1.0,1.0,1.0,2,35.8569,10.5972,4.0,0.0,0.0,0.0,339414.0611787819,330755.1372713178,False,False,True,True,False,False,False,True,True,False
477000.0,159.0,4.0,1.0,0.0,1.0,1.0,1.0,1.0,2,35.8324,10.6225,3.0,0.0,0.0,0.0,339414.0611787819,330755.1372713178,False,False,True,True,False,False,False,True,True,False
500000.0,161.0,4.0,1.0,0.0,0.0,1.0,1.0,1.0,2,35.8324,10.6225,3.0,0.0,0.0,0.0,339414.0611787819,330755.1372713178,False,False,True,True,False,False,False,True,True,False
282000.0,80.0,3.0,1.0,0.0,0.0,1.0,0.0,1.0,2,35.8569,10.5972,2.0,0.0,0.0,0.0,339414.0611787819,330755.1372713178,False,False,True,True,False,False,False,True,True,False
820000.0,180.0,4.0,3.0,1.0,0.0,1.0,1.0,0.0,3,36.8764,10.3253,3.0,1.0,0.0,0.0,519943.5195618153,495512.68618274975,False,False,True,True,False,False,False,True,True,False
370000.0,114.0,3.0,1.0,0.0,0.0,0.0,0.0,0.0,2,36.4011,10.6146,3.0,0.0,0.0,1.0,355184.6627435388,335553.90432183904,False,False,True,True,False,False,False,True,True,False
265000.0,56.0,2.0,1.0,0.0,0.0,1.0,1.0,0.0,2,36.4011,10.6146,2.0,0.0,0.0,0.0,355184.6627435388,335553.90432183904,False,False,True,True,False,False,False,True,True,False
330000.0,116.0,3.0,1.0,0.0,0.0,1.0,1.0,1.0,2,35.8324,10.6225,2.0,0.0,0.0,0.0,339414.0611787819,330755.1372713178,False,False,True,True,False,False,False,True,True,False
480000.0,168.0,3.0,2.0,1.0,0.0,1.0,1.0,1.0,2,35.8324,10.6225,2.0,0.0,0.0,0.0,339414.0611787819,330755.1372713178,False,False,True,True,False,False,False,True,True,False
436000.0,150.0,3.0,1.0,0.0,0.0,1.0,1.0,1.0,2,35.8324,10.6225,2.0,0.0,0.0,0.0,339414.0611787819,330755.1372713178,False,False,True,True,False,False,False,True,True,False
275000.0,70.0,2.0,1.0,0.0,0.0,0.0,0.0,0.0,2,35.8569,10.5972,2.0,0.0,0.0,0.0,339414.0611787819,330755.1372713178,False,False,True,True,False,False,False,True,True,False
265000.0,110.0,3.0,1.0,0.0,0.0,1.0,0.0,1.0,2,35.8569,10.5972,2.0,0.0,0.0,0.0,339414.0611787819,330755.1372713178,False,False,True,True,False,False,False,True,True,False
260000.0,69.0,3.0,1.0,1.0,0.0,1.0,1.0,1.0,4,36.4506,10.735,2.0,0.0,0.0,1.0,356101.26872727275,335553.90432183904,False,False,True,True,False,False,False,True,True,False
600000.0,140.0,5.0,1.0,0.0,0.0,1.0,1.0,0.0,1,36.8764,10.3253,4.0,0.0,0.0,0.0,519943.5195618153,495512.68618274975,False,False,True,True,False,False,False,True,True,False
600000.0,180.0,4.0,2.0,1.0,0.0,1.0,1.0,1.0,2,36.8625,10.1956,3.0,1.0,0.0,0.0,362112.70683229814,368050.949375,False,False,True,True,False,False,False,True,True,False
435000.0,118.0,2.0,1.0,1.0,0.0,0.0,0.0,0.0,2,36.8833,10.25,2.0,1.0,0.0,0.0,393150.9196056338,368050.949375,False,False,True,True,False,False,False,True,True,False
267000.0,71.0,3.0,1.0,0.0,0.0,0.0,0.0,0.0,2,36.8833,10.25,2.0,1.0,0.0,0.0,393150.9196056338,368050.949375,False,False,True,True,False,False,False,True,True,False
860000.0,145.0,4.0,1.0,1.0,0.0,0.0,0.0,0.0,2,36.8764,10.3253,3.0,0.0,0.0,1.0,519943.5195618153,495512.68618274975,False,False,True,True,False,False,False,True,True,False
300000.0,80.0,3.0,1.0,0.0,0.0,0.0,1.0,0.0,2,36.4011,10.6146,2.0,0.0,0.0,1.0,355184.6627435388,335553.90432183904,False,False,True,True,False,False,False,True,True,False
330000.0,100.0,2.0,1.0,0.0,0.0,0.0,0.0,0.0,2,36.4011,10.6146,2.0,1.0,0.0,1.0,355184.6627435388,335553.90432183904,False,False,True,True,False,False,False,True,True,False
190000.0,96.0,3.0,1.0,0.0,0.0,1.0,0.0,1.0,2,36.8833,10.25,2.0,0.0,1.0,0.0,393150.9196056338,368050.949375,False,False,True,True,False,False,False,True,True,False
189000.0,70.0,3.0,2.0,0.0,0.0,0.0,0.0,1.0,4,36.8764,10.3253,2.0,0.0,0.0,0.0,519943.5195618153,495512.68618274975,False,False,True,True,False,False,False,True,True,False
240000.0,100.0,2.0,1.0,1.0,0.0,0.0,0.0,0.0,2,36.8493,11.0918,2.0,0.0,1.0,0.0,189879.7706849315,335553.90432183904,True,False,False,True,False,False,False,True,True,False
200000.0,110.0,4.0,1.0,0.0,0.0,0.0,0.0,0.0,1,36.7817,10.079,3.0,0.0,0.0,0.0,273416.375,335553.90432183904,False,True,False,True,False,False,False,True,True,False
350000.0,100.0,3.0,1.0,1.0,0.0,0.0,1.0,0.0,2,36.8452,10.1647,3.0,0.0,0.0,0.0,346388.2,335553.90432183904,False,False,True,True,False,False,False,True,True,False
120000.0,90.0,2.0,1.0,0.0,0.0,0.0,0.0,0.0,2,36.4011,10.6146,2.0,0.0,0.0,0.0,355184.6627435388,335553.90432183904,False,False,True,True,False,False,False,True,True,False
565000.0,156.0,2.0,2.0,1.0,0.0,0.0,0.0,0.0,2,36.8556,10.2918,2.0,1.0,0.0,0.0,601819.5220062697,495512.68618274975,False,False,True,True,False,False,False,True,True,False
265000.0,108.0,3.0,1.0,1.0,0.0,1.0,1.0,1.0,2,36.9544,10.1914,3.0,1.0,0.0,0.0,298410.12333333335,368050.949375,False,True,False,True,False,False,False,True,True,False
624000.0,99.0,2.0,1.0,0.0,0.0,0.0,0.0,0.0,2,36.8333,10.3167,2.0,0.0,0.0,0.0,601819.5220062697,495512.68618274975,False,False,True,True,False,False,False,True,True,False
400000.0,114.0,2.0,1.0,1.0,0.0,1.0,1.0,0.0,2,36.4011,10.6146,2.0,0.0,0.0,1.0,355184.6627435388,335553.90432183904,False,False,True,True,False,False,False,True,True,False
365000.0,105.0,3.0,1.0,1.0,0.0,1.0,1.0,1.0,2,36.4011,10.6146,2.0,0.0,0.0,0.0,355184.6627435388,335553.90432183904,False,False,True,True,False,False,False,True,True,False
175000.0,85.0,2.0,1.0,1.0,1.0,0.0,0.0,0.0,2,36.8493,11.0918,2.0,0.0,0.0,0.0,189879.7706849315,335553.90432183904,True,False,False,True,False,False,False,True,True,False
295000.0,100.0,3.0,1.0,1.0,0.0,1.0,0.0,0.0,2,36.8493,11.0918,2.0,1.0,0.0,1.0,189879.7706849315,335553.90432183904,True,False,False,True,False,False,False,True,True,False
160000.0,70.0,3.0,1.0,0.0,0.0,1.0,1.0,0.0,1,36.5772,10.3425,2.0,0.0,0.0,0.0,356912.7528888889,256097.71569620253,False,False,True,True,False,True,False,False,True,False
380000.0,110.0,3.0,1.0,1.0,0.0,1.0,1.0,1.0,3,36.4011,10.6146,2.0,1.0,0.0,1.0,355184.6627435388,335553.90432183904,False,False,True,True,False,False,False,True,True,False
504000.0,123.0,2.0,1.0,0.0,0.0,0.0,0.0,0.0,2,36.8833,10.25,3.0,0.0,0.0,0.0,393150.9196056338,368050.949375,False,False,True,True,False,False,False,True,True,False
315000.0,117.0,4.0,1.0,1.0,0.0,1.0,1.0,1.0,1,36.7786,10.0554,4.0,1.0,1.0,0.0,251258.3575,259667.45531914895,False,True,False,True,False,True,False,False,True,False
865000.0,194.0,4.0,3.0,1.0,0.0,1.0,1.0,0.0,2,36.8764,10.3253,3.0,1.0,0.0,0.0,519943.5195618153,495512.68618274975,False,False,True,True,False,False,False,True,True,False
260000.0,67.0,2.0,1.0,1.0,0.0,1.0,1.0,0.0,2,36.8764,10.3253,2.0,0.0,0.0,0.0,519943.5195618153,495512.68618274975,False,False,True,True,False,False,False,True,True,False
350000.0,102.0,3.0,1.0,0.0,0.0,0.0,0.0,0.0,2,35.87,10.57,3.0,0.0,0.0,0.0,347622.13037037035,330755.1372713178,False,False,True,True,False,False,False,True,True,False
600000.0,118.0,3.0,1.0,0.0,0.0,0.0,0.0,0.0,2,36.8333,10.3167,2.0,0.0,0.0,1.0,601819.5220062697,495512.68618274975,False,False,True,True,False,False,False,True,True,False
790000.0,140.0,3.0,1.0,0.0,0.0,0.0,0.0,0.0,2,36.8333,10.3167,2.0,0.0,0.0,1.0,601819.5220062697,495512.68618274975,False,False,True,True,False,False,False,True,True,False
430000.0,76.0,2.0,1.0,0.0,0.0,0.0,0.0,0.0,2,36.8333,10.3167,2.0,0.0,0.0,0.0,601819.5220062697,495512.68618274975,False,False,True,True,False,False,False,True,True,False
465000.0,88.0,2.0,1.0,1.0,0.0,0.0,0.0,0.0,2,36.8333,10.3167,2.0,0.0,0.0,0.0,601819.5220062697,495512.68618274975,False,False,True,True,False,False,False,True,True,False
220000.0,56.0,2.0,1.0,0.0,0.0,0.0,0.0,0.0,2,36.8764,10.3253,2.0,0.0,0.0,0.0,519943.5195618153,495512.68618274975,False,False,True,True,False,False,False,True,True,False
550000.0,122.0,3.0,1.0,1.0,0.0,1.0,1.0,0.0,2,36.8764,10.3253,2.0,1.0,0.0,0.0,519943.5195618153,495512.68618274975,False,False,True,True,False,False,False,True,True,False
290000.0,93.0,2.0,1.0,1.0,0.0,1.0,1.0,1.0,2,36.4011,10.6146,2.0,0.0,0.0,0.0,355184.6627435388,335553.90432183904,False,False,True,True,False,False,False,True,True,False
360000.0,130.0,3.0,2.0,1.0,0.0,1.0,0.0,1.0,2,36.4011,10.6146,3.0,0.0,0.0,0.0,355184.6627435388,335553.90432183904,False,False,True,True,False,False,False,True,True,False
450000.0,120.0,2.0,2.0,1.0,0.0,0.0,0.0,0.0,2,36.4011,10.6146,2.0,1.0,0.0,0.0,355184.6627435388,335553.90432183904,False,False,True,True,False,False,False,True,True,False
360000.0,130.0,3.0,3.0,1.0,0.0,1.0,1.0,0.0,2,36.4011,10.6146,3.0,0.0,0.0,0.0,355184.6627435388,335553.90432183904,False,False,True,True,False,False,False,True,True,False
400000.0,130.0,3.0,1.0,0.0,0.0,0.0,1.0,0.0,2,36.8625,10.1956,3.0,0.0,0.0,0.0,362112.70683229814,368050.949375,False,False,True,True,False,False,False,True,True,False
875000.0,163.0,4.0,3.0,1.0,0.0,1.0,1.0,1.0,1,36.8333,10.3167,4.0,0.0,0.0,0.0,601819.5220062697,495512.68618274975,False,False,True,True,False,False,False,True,True,False
320000.0,100.0,2.0,2.0,1.0,0.0,0.0,1.0,0.0,2,36.7891,10.8955,2.0,1.0,0.0,0.0,235000.0,235000.0,False,True,False,True,False,True,False,False,True,False
500000.0,120.0,4.0,2.0,1.0,1.0,1.0,1.0,1.0,4,36.4398,10.6914,3.0,1.0,1.0,1.0,356101.26872727275,335553.90432183904,False,False,True,True,False,False,False,True,True,False
230000.0,130.0,5.0,1.0,1.0,0.0,1.0,0.0,0.0,2,37.2667,9.8667,3.0,0.0,0.0,0.0,301532.5788888889,273790.43207547173,False,True,False,True,False,True,False,False,True,False
270000.0,113.0,3.0,1.0,1.0,1.0,1.0,1.0,0.0,2,33.0777,9.5838,3.0,1.0,0.0,0.0,273416.375,335553.90432183904,False,True,False,True,False,False,False,True,True,False
220000.0,82.0,3.0,1.0,1.0,0.0,1.0,1.0,0.0,2,33.0777,9.5838,2.0,0.0,0.0,0.0,273416.375,335553.90432183904,False,True,False,True,False,False,False,True,True,False
650000.0,147.0,3.0,2.0,1.0,0.0,1.0,1.0,1.0,3,36.8446,10.2848,2.0,1.0,0.0,0.0,519943.5195618153,495512.68618274975,False,False,True,True,False,False,False,True,True,False
607000.0,110.0,3.0,2.0,1.0,0.0,1.0,1.0,1.0,2,36.8333,10.3167,2.0,0.0,0.0,0.0,601819.5220062697,495512.68618274975,False,False,True,True,False,False,False,True,True,False
180000.0,168.0,3.0,1.0,1.0,0.0,0.0,0.0,0.0,2,36.8493,11.0918,2.0,0.0,0.0,0.0,189879.7706849315,335553.90432183904,True,False,False,True,False,False,False,True,True,False
235000.0,110.0,3.0,1.0,1.0,0.0,0.0,0.0,0.0,2,36.8493,11.0918,2.0,0.0,0.0,0.0,189879.7706849315,335553.90432183904,True,False,False,True,False,False,False,True,True,False
520000.0,150.0,2.0,1.0,1.0,0.0,1.0,1.0,1.0,2,35.8569,10.5972,2.0,1.0,0.0,0.0,339414.0611787819,330755.1372713178,False,False,True,True,False,False,False,True,True,False
590000.0,167.0,2.0,1.0,1.0,0.0,0.0,0.0,1.0,2,36.712,10.9411,2.0,1.0,0.0,0.0,339414.0611787819,330755.1372713178,False,False,True,True,False,False,False,True,True,False
320000.0,110.0,2.0,1.0,1.0,0.0,1.0,1.0,1.0,2,35.8569,10.5972,3.0,0.0,0.0,0.0,339414.0611787819,330755.1372713178,False,False,True,True,False,False,False,True,True,False
490000.0,200.0,4.0,1.0,1.0,0.0,1.0,1.0,0.0,2,35.8569,10.5972,4.0,0.0,0.0,0.0,339414.0611787819,330755.1372713178,False,False,True,True,False,False,False,True,True,False
180000.0,39.0,3.0,1.0,0.0,0.0,1.0,1.0,0.0,2,35.8569,10.5972,2.0,0.0,1.0,0.0,339414.0611787819,330755.1372713178,False,False,True,True,False,False,False,True,True,False
310000.0,142.0,3.0,1.0,1.0,0.0,0.0,0.0,0.0,2,35.8324,10.6225,3.0,0.0,0.0,0.0,355184.6627435388,335553.90432183904,False,False,True,True,False,False,False,True,True,False
390000.0,150.0,3.0,1.0,1.0,0.0,1.0,0.0,1.0,2,35.87,10.57,4.0,0.0,0.0,0.0,347622.13037037035,330755.1372713178,False,False,True,True,False,False,False,True,True,False
280000.0,85.0,2.0,1.0,0.0,0.0,1.0,1.0,0.0,2,35.8319,10.5946,2.0,0.0,0.0,0.0,339414.0611787819,330755.1372713178,False,False,True,True,False,False,False,True,True,False
470000.0,60.0,2.0,1.0,1.0,0.0,1.0,1.0,0.0,2,35.8569,10.5972,2.0,0.0,0.0,0.0,339414.0611787819,330755.1372713178,False,False,True,True,False,False,False,True,True,False
275000.0,82.0,3.0,1.0,1.0,0.0,1.0,0.0,1.0,2,35.8569,10.5972,2.0,1.0,1.0,1.0,339414.0611787819,330755.1372713178,False,False,True,True,False,False,False,True,True,False
490000.0,120.0,2.0,1.0,1.0,0.0,0.0,0.0,0.0,2,35.87,10.57,2.0,1.0,0.0,0.0,347622.13037037035,330755.1372713178,False,False,True,True,False,False,False,True,True,False
360000.0,120.0,3.0,1.0,1.0,0.0,1.0,0.0,0.0,2,35.87,10.57,3.0,1.0,0.0,1.0,347622.13037037035,330755.1372713178,False,False,True,True,False,False,False,True,True,False
360000.0,46.0,3.0,1.0,1.0,0.0,1.0,0.0,1.0,2,35.8569,10.5972,2.0,1.0,1.0,1.0,339414.0611787819,330755.1372713178,False,False,True,True,False,False,False,True,True,False
290000.0,135.0,4.0,2.0,0.0,0.0,1.0,1.0,1.0,3,36.8525,10.1577,3.0,1.0,0.0,0.0,362112.70683229814,368050.949375,False,False,True,True,False,False,False,True,True,False
640000.0,157.0,3.0,1.0,1.0,0.0,0.0,0.0,0.0,2,36.8556,10.2918,2.0,1.0,0.0,0.0,601819.5220062697,495512.68618274975,False,False,True,True,False,False,False,True,True,False
120000.0,90.0,3.0,1.0,1.0,0.0,0.0,0.0,0.0,3,36.7723,10.2212,2.0,1.0,1.0,0.0,197548.69142857144,256097.71569620253,True,False,False,True,False,True,False,False,True,False
250000.0,122.0,3.0,1.0,1.0,0.0,0.0,0.0,0.0,2,36.8188,10.166,2.0,0.0,0.0,0.0,257110.19941176468,495512.68618274975,False,True,False,True,False,False,False,True,True,False
360000.0,138.0,3.0,2.0,1.0,1.0,1.0,1.0,1.0,2,36.4011,10.6146,2.0,1.0,1.0,1.0,355184.6627435388,335553.90432183904,False,False,True,True,False,False,False,True,True,False
560000.0,193.0,3.0,2.0,1.0,0.0,0.0,0.0,0.0,2,36.9544,10.1914,2.0,0.0,0.0,0.0,298410.12333333335,368050.949375,False,True,False,True,False,False,False,True,True,False
215000.0,52.0,3.0,1.0,0.0,0.0,0.0,0.0,0.0,2,36.8833,10.25,2.0,0.0,0.0,0.0,393150.9196056338,368050.949375,False,False,True,True,False,False,False,True,True,False
290000.0,120.0,5.0,2.0,0.0,0.0,0.0,1.0,0.0,2,36.8534,10.2505,3.0,0.0,0.0,0.0,519943.5195618153,495512.68618274975,False,False,True,True,False,False,False,True,True,False
260000.0,71.0,3.0,1.0,0.0,0.0,0.0,0.0,0.0,2,33.0777,9.5838,2.0,1.0,0.0,0.0,273416.375,335553.90432183904,False,True,False,True,False,False,False,True,True,False
319000.0,107.0,3.0,1.0,0.0,0.0,0.0,0.0,1.0,2,33.0777,9.5838,2.0,1.0,1.0,0.0,273416.375,335553.90432183904,False,True,False,True,False,False,False,True,True,False
465000.0,127.0,3.0,1.0,1.0,0.0,0.0,0.0,1.0,2,33.0777,9.5838,3.0,1.0,0.0,0.0,273416.375,335553.90432183904,False,True,False,True,False,False,False,True,True,False
380000.0,119.0,3.0,1.0,1.0,0.0,0.0,0.0,0.0,2,36.8806,10.1717,2.0,1.0,0.0,0.0,362112.70683229814,368050.949375,False,False,True,True,False,False,False,True,True,False
315000.0,128.0,3.0,1.0,0.0,1.0,1.0,1.0,0.0,2,36.8305,10.1865,2.0,1.0,0.0,0.0,303301.0294117647,274088.2291666667,False,True,False,True,False,True,False,False,True,False
300000.0,130.0,3.0,1.0,0.0,0.0,0.0,0.0,0.0,2,36.8305,10.1865,2.0,0.0,0.0,0.0,303301.0294117647,274088.2291666667,False,True,False,True,False,True,False,False,True,False
970000.0,180.0,4.0,3.0,1.0,0.0,1.0,1.0,1.0,2,36.8764,10.3253,3.0,1.0,1.0,1.0,519943.5195618153,495512.68618274975,False,False,True,True,False,False,False,True,True,False
330000.0,105.0,3.0,1.0,0.0,0.0,1.0,1.0,1.0,2,36.8791,10.3065,2.0,1.0,0.0,0.0,393150.9196056338,368050.949375,False,False,True,True,False,False,False,True,True,False
205000.0,140.0,4.0,1.0,1.0,0.0,0.0,0.0,1.0,1,36.8188,10.166,3.0,0.0,0.0,0.0,273416.375,335553.90432183904,False,True,False,True,False,False,False,True,True,False
170000.0,100.0,3.0,1.0,1.0,0.0,0.0,0.0,0.0,2,37.1303,9.7507,2.0,0.0,0.0,0.0,265000.0,273790.43207547173,False,True,False,False,True,True,False,False,True,False
789400.0,209.0,4.0,1.0,1.0,0.0,1.0,1.0,0.0,1,36.9059,10.313,3.0,1.0,0.0,0.0,519943.5195618153,495512.68618274975,False,False,True,True,False,False,False,True,True,False
892800.0,112.0,3.0,1.0,0.0,0.0,0.0,0.0,1.0,2,36.8556,10.2918,2.0,1.0,1.0,1.0,601819.5220062697,495512.68618274975,False,False,True,True,False,False,False,True,True,False
430000.0,120.0,3.0,2.0,0.0,0.0,1.0,1.0,1.0,2,36.8764,10.3253,2.0,1.0,0.0,0.0,519943.5195618153,495512.68618274975,False,False,True,True,False,False,False,True,True,False
550000.0,120.0,3.0,3.0,0.0,0.0,1.0,1.0,1.0,2,36.8764,10.3253,3.0,0.0,0.0,0.0,519943.5195618153,495512.68618274975,False,False,True,True,False,False,False,True,True,False
345000.0,145.0,4.0,2.0,0.0,0.0,1.0,1.0,1.0,2,36.8833,10.25,3.0,0.0,0.0,0.0,393150.9196056338,368050.949375,False,False,True,True,False,False,False,True,True,False
480000.0,218.0,4.0,2.0,1.0,0.0,1.0,1.0,0.0,5,36.8625,10.1956,3.0,1.0,0.0,0.0,362112.70683229814,368050.949375,False,False,True,True,False,False,False,True,True,False
415000.0,140.0,2.0,2.0,1.0,0.0,0.0,0.0,0.0,2,36.8833,10.25,2.0,0.0,0.0,0.0,393150.9196056338,368050.949375,False,False,True,True,False,False,False,True,True,False
460000.0,131.0,3.0,1.0,0.0,0.0,0.0,0.0,1.0,2,36.4011,10.6146,3.0,0.0,0.0,0.0,355184.6627435388,335553.90432183904,False,False,True,True,False,False,False,True,True,False
285000.0,76.0,3.0,1.0,0.0,0.0,0.0,0.0,0.0,2,36.4011,10.6146,2.0,0.0,0.0,0.0,355184.6627435388,335553.90432183904,False,False,True,True,False,False,False,True,True,False
440000.0,100.0,3.0,1.0,1.0,0.0,1.0,1.0,1.0,3,36.8355,10.2242,2.0,1.0,0.0,0.0,519943.5195618153,495512.68618274975,False,False,True,True,False,False,False,True,True,False
650000.0,180.0,5.0,3.0,1.0,1.0,1.0,0.0,1.0,4,36.8686,10.3212,4.0,1.0,0.0,0.0,460266.7082352941,495512.68618274975,False,False,True,True,False,False,False,True,True,False
360000.0,130.0,3.0,2.0,1.0,0.0,1.0,1.0,0.0,2,36.4011,10.6146,2.0,0.0,0.0,0.0,355184.6627435388,335553.90432183904,False,False,True,True,False,False,False,True,True,False
410000.0,138.0,5.0,1.0,0.0,0.0,0.0,0.0,0.0,3,36.8625,10.1956,3.0,0.0,0.0,0.0,362112.70683229814,368050.949375,False,False,True,True,False,False,False,True,True,False
700000.0,180.0,3.0,1.0,1.0,0.0,0.0,0.0,1.0,2,36.8942,10.2762,4.0,0.0,0.0,0.0,519943.5195618153,495512.68618274975,False,False,True,True,False,False,False,True,True,False
245000.0,70.0,2.0,1.0,0.0,0.0,0.0,1.0,0.0,1,36.8833,10.25,2.0,0.0,1.0,0.0,393150.9196056338,368050.949375,False,False,True,True,False,False,False,True,True,False
950000.0,120.0,5.0,2.0,0.0,0.0,0.0,0.0,0.0,2,36.8764,10.3253,4.0,0.0,0.0,0.0,519943.5195618153,495512.68618274975,False,False,True,True,False,False,False,True,True,False
310000.0,140.0,3.0,1.0,1.0,1.0,1.0,1.0,1.0,2,36.8625,10.1956,2.0,0.0,0.0,0.0,362112.70683229814,368050.949375,False,False,True,True,False,False,False,True,True,False
585000.0,139.0,3.0,3.0,0.0,0.0,1.0,1.0,1.0,2,36.67,10.2894,3.0,1.0,0.0,0.0,519943.5195618153,495512.68618274975,False,False,True,True,False,False,False,True,True,False
430000.0,180.0,4.0,3.0,1.0,1.0,1.0,0.0,0.0,2,35.4085,10.0289,3.0,1.0,0.0,0.0,448000.0,364147.42,False,False,True,True,False,False,False,True,True,False
242000.0,120.0,3.0,1.0,1.0,1.0,1.0,1.0,1.0,3,37.23,9.91,2.0,1.0,1.0,0.0,219000.0,273790.43207547173,True,False,False,True,False,True,False,False,True,False
500000.0,127.0,3.0,1.0,0.0,0.0,0.0,0.0,0.0,2,35.844,10.6166,3.0,0.0,0.0,0.0,355184.6627435388,335553.90432183904,False,False,True,True,False,False,False,True,True,False
150000.0,60.0,2.0,1.0,0.0,0.0,1.0,1.0,0.0,2,36.8625,10.1956,2.0,0.0,0.0,0.0,362112.70683229814,368050.949375,False,False,True,True,False,False,False,True,True,False
540000.0,139.0,4.0,2.0,0.0,0.0,0.0,0.0,0.0,2,36.8833,10.25,3.0,0.0,0.0,0.0,393150.9196056338,368050.949375,False,False,True,True,False,False,False,True,True,False
210000.0,100.0,4.0,1.0,1.0,0.0,0.0,0.0,0.0,2,36.8452,10.1647,3.0,0.0,0.0,0.0,346388.2,335553.90432183904,False,False,True,True,False,False,False,True,True,False
600000.0,200.0,2.0,1.0,1.0,0.0,0.0,0.0,0.0,1,36.4011,10.6146,2.0,1.0,0.0,0.0,355184.6627435388,335553.90432183904,False,False,True,True,False,False,False,True,True,False
370000.0,127.0,3.0,2.0,1.0,1.0,1.0,1.0,1.0,2,36.857,10.2795,2.0,1.0,0.0,0.0,519943.5195618153,495512.68618274975,False,False,True,True,False,False,False,True,True,False
594000.0,132.0,3.0,2.0,1.0,0.0,1.0,1.0,1.0,2,36.8333,10.3167,2.0,0.0,0.0,0.0,601819.5220062697,495512.68618274975,False,False,True,True,False,False,False,True,True,False
747000.0,166.0,4.0,2.0,1.0,0.0,1.0,1.0,1.0,1,36.8333,10.3167,3.0,0.0,0.0,0.0,601819.5220062697,495512.68618274975,False,False,True,True,False,False,False,True,True,False
400000.0,120.0,4.0,2.0,1.0,0.0,0.0,0.0,0.0,1,36.9124,11.102,3.0,0.0,0.0,0.0,329250.0,335553.90432183904,False,True,False,True,False,False,False,True,True,False
200000.0,100.0,3.0,1.0,0.0,0.0,0.0,0.0,0.0,2,36.6939,10.2622,2.0,0.0,0.0,0.0,202500.0,256097.71569620253,True,False,False,True,False,True,False,False,True,False
816000.0,170.0,4.0,3.0,1.0,0.0,1.0,1.0,1.0,2,36.8333,10.3167,3.0,1.0,0.0,0.0,601819.5220062697,495512.68618274975,False,False,True,True,False,False,False,True,True,False
170000.0,117.0,3.0,1.0,1.0,0.0,0.0,0.0,0.0,2,36.8493,11.0918,2.0,0.0,0.0,0.0,189879.7706849315,335553.90432183904,True,False,False,True,False,False,False,True,True,False
95000.0,110.0,2.0,1.0,0.0,0.0,0.0,0.0,0.0,2,36.8493,11.0918,2.0,0.0,0.0,0.0,189879.7706849315,335553.90432183904,True,False,False,True,False,False,False,True,True,False
355000.0,145.0,4.0,1.0,1.0,0.0,0.0,1.0,1.0,1,36.8808,10.273,3.0,0.0,0.0,0.0,393150.9196056338,368050.949375,False,False,True,True,False,False,False,True,True,False
420000.0,200.0,5.0,3.0,1.0,0.0,1.0,1.0,1.0,2,36.8764,10.3253,4.0,1.0,0.0,0.0,519943.5195618153,495512.68618274975,False,False,True,True,False,False,False,True,True,False
246000.0,63.0,3.0,1.0,0.0,0.0,0.0,0.0,0.0,2,36.4011,10.6146,2.0,0.0,0.0,0.0,355184.6627435388,335553.90432183904,False,False,True,True,False,False,False,True,True,False
235000.0,65.0,2.0,1.0,1.0,0.0,1.0,1.0,0.0,2,36.4506,10.735,3.0,0.0,0.0,1.0,356101.26872727275,335553.90432183904,False,False,True,True,False,False,False,True,True,False
95000.0,40.0,3.0,1.0,0.0,0.0,0.0,0.0,0.0,2,36.4011,10.6146,2.0,0.0,0.0,0.0,355184.6627435388,335553.90432183904,False,False,True,True,False,False,False,True,True,False
332000.0,68.0,2.0,1.0,1.0,0.0,1.0,1.0,0.0,2,36.8833,10.25,2.0,0.0,0.0,0.0,393150.9196056338,368050.949375,False,False,True,True,False,False,False,True,True,False
470000.0,150.0,4.0,1.0,0.0,0.0,1.0,1.0,0.0,2,35.8569,10.5972,3.0,1.0,0.0,0.0,339414.0611787819,330755.1372713178,False,False,True,True,False,False,False,True,True,False
570000.0,220.0,5.0,3.0,0.0,0.0,1.0,1.0,0.0,3,36.8625,10.1956,4.0,0.0,0.0,0.0,362112.70683229814,368050.949375,False,False,True,True,False,False,False,True,True,False
950000.0,137.0,3.0,2.0,1.0,0.0,1.0,1.0,1.0,2,36.8764,10.3253,2.0,1.0,1.0,0.0,519943.5195618153,495512.68618274975,False,False,True,True,False,False,False,True,True,False
650000.0,146.0,4.0,3.0,1.0,0.0,1.0,1.0,1.0,2,36.8764,10.3253,3.0,1.0,0.0,0.0,519943.5195618153,495512.68618274975,False,False,True,True,False,False,False,True,True,False
370000.0,84.0,2.0,1.0,1.0,0.0,1.0,1.0,1.0,2,35.8569,10.5972,2.0,0.0,0.0,0.0,339414.0611787819,330755.1372713178,False,False,True,True,False,False,False,True,True,False
385000.0,153.0,3.0,1.0,1.0,0.0,1.0,1.0,0.0,5,36.4506,10.735,3.0,0.0,0.0,0.0,356101.26872727275,335553.90432183904,False,False,True,True,False,False,False,True,True,False
460000.0,76.0,3.0,1.0,1.0,0.0,0.0,0.0,0.0,2,36.8556,10.2918,2.0,1.0,0.0,0.0,601819.5220062697,495512.68618274975,False,False,True,True,False,False,False,True,True,False
448594.0,148.0,3.0,2.0,1.0,0.0,1.0,0.0,1.0,2,36.5772,10.3425,2.0,0.0,0.0,0.0,356912.7528888889,256097.71569620253,False,False,True,True,False,True,False,False,True,False
724000.0,177.0,3.0,1.0,0.0,0.0,0.0,0.0,0.0,2,36.8833,10.25,4.0,0.0,0.0,0.0,393150.9196056338,368050.949375,False,False,True,True,False,False,False,True,True,False
635000.0,214.0,4.0,1.0,0.0,0.0,0.0,0.0,0.0,2,36.8883,10.2742,4.0,1.0,0.0,1.0,393150.9196056338,368050.949375,False,False,True,True,False,False,False,True,True,False
360000.0,90.0,2.0,1.0,1.0,0.0,1.0,1.0,0.0,2,36.4011,10.6146,2.0,0.0,1.0,1.0,355184.6627435388,335553.90432183904,False,False,True,True,False,False,False,True,True,False
700000.0,116.0,3.0,2.0,0.0,0.0,0.0,0.0,0.0,3,36.8764,10.3253,4.0,0.0,0.0,0.0,519943.5195618153,495512.68618274975,False,False,True,True,False,False,False,True,True,False
550000.0,163.0,3.0,1.0,1.0,0.0,0.0,0.0,0.0,2,36.8806,10.1717,2.0,1.0,0.0,0.0,362112.70683229814,368050.949375,False,False,True,True,False,False,False,True,True,False
135000.0,57.0,3.0,1.0,1.0,0.0,0.0,0.0,0.0,2,36.8806,10.1717,2.0,1.0,0.0,0.0,362112.70683229814,368050.949375,False,False,True,True,False,False,False,True,True,False
450000.0,129.0,3.0,2.0,1.0,0.0,1.0,1.0,1.0,3,35.8273,10.6339,2.0,0.0,0.0,0.0,339414.0611787819,330755.1372713178,False,False,True,True,False,False,False,True,True,False
390000.0,119.0,3.0,2.0,1.0,0.0,1.0,1.0,1.0,3,35.8273,10.6339,2.0,1.0,0.0,0.0,339414.0611787819,330755.1372713178,False,False,True,True,False,False,False,True,True,False
380000.0,112.0,2.0,1.0,1.0,0.0,0.0,0.0,1.0,2,36.8833,10.25,3.0,1.0,0.0,0.0,393150.9196056338,368050.949375,False,False,True,True,False,False,False,True,True,False
199000.0,135.0,3.0,1.0,0.0,0.0,0.0,0.0,0.0,1,35.8597,10.6033,3.0,0.0,0.0,0.0,339414.0611787819,330755.1372713178,False,False,True,True,False,False,False,True,True,False
245000.0,128.0,3.0,2.0,0.0,0.0,1.0,1.0,0.0,5,34.7706,10.7194,2.0,1.0,0.0,0.0,254104.44444444444,295071.536,False,True,False,True,False,False,True,False,True,False
260000.0,54.0,3.0,1.0,1.0,0.0,0.0,0.0,1.0,2,36.4011,10.6146,2.0,0.0,1.0,1.0,355184.6627435388,335553.90432183904,False,False,True,True,False,False,False,True,True,False
475000.0,130.0,3.0,2.0,1.0,1.0,1.0,1.0,1.0,2,36.4011,10.6146,2.0,1.0,1.0,1.0,355184.6627435388,335553.90432183904,False,False,True,True,False,False,False,True,True,False
635000.0,214.0,3.0,1.0,1.0,0.0,1.0,1.0,1.0,3,36.8833,10.25,3.0,1.0,1.0,1.0,393150.9196056338,368050.949375,False,False,True,True,False,False,False,True,True,False
580000.0,158.0,3.0,1.0,0.0,0.0,0.0,0.0,0.0,2,36.8764,10.3253,2.0,0.0,0.0,0.0,519943.5195618153,495512.68618274975,False,False,True,True,False,False,False,True,True,False
290000.0,100.0,4.0,1.0,0.0,0.0,0.0,1.0,0.0,2,36.8764,10.3253,2.0,0.0,0.0,0.0,519943.5195618153,495512.68618274975,False,False,True,True,False,False,False,True,True,False
734000.0,163.0,5.0,2.0,1.0,0.0,1.0,1.0,1.0,2,36.8764,10.3253,3.0,1.0,0.0,1.0,519943.5195618153,495512.68618274975,False,False,True,True,False,False,False,True,True,False
420000.0,140.0,4.0,2.0,1.0,0.0,1.0,1.0,1.0,2,36.8625,10.1956,3.0,0.0,0.0,0.0,362112.70683229814,368050.949375,False,False,True,True,False,False,False,True,True,False
250000.0,120.0,4.0,2.0,0.0,0.0,0.0,0.0,1.0,4,34.4711,10.4226,3.0,1.0,0.0,0.0,254104.44444444444,295071.536,False,True,False,True,False,False,True,False,True,False
100000.0,93.0,3.0,1.0,0.0,0.0,0.0,0.0,0.0,2,36.8188,10.166,4.0,0.0,0.0,0.0,108333.33333333333,305000.0,True,False,False,True,False,False,True,False,True,False
500000.0,178.0,5.0,2.0,0.0,0.0,0.0,0.0,0.0,4,36.8566,10.1717,3.0,0.0,0.0,0.0,362112.70683229814,368050.949375,False,False,True,True,False,False,False,True,True,False
470000.0,116.0,2.0,1.0,0.0,0.0,0.0,0.0,0.0,2,36.8833,10.25,2.0,0.0,0.0,0.0,393150.9196056338,368050.949375,False,False,True,True,False,False,False,True,True,False
300000.0,150.0,3.0,1.0,1.0,0.0,0.0,0.0,0.0,2,36.8493,11.0918,2.0,0.0,1.0,0.0,189879.7706849315,335553.90432183904,True,False,False,True,False,False,False,True,True,False
240000.0,69.0,3.0,1.0,0.0,0.0,0.0,0.0,0.0,2,35.8324,10.6225,2.0,0.0,0.0,0.0,355184.6627435388,335553.90432183904,False,False,True,True,False,False,False,True,True,False
120000.0,90.0,3.0,1.0,0.0,0.0,0.0,0.0,0.0,1,36.8188,10.166,2.0,0.0,0.0,0.0,257110.19941176468,495512.68618274975,False,True,False,True,False,False,False,True,True,False
395000.0,77.0,2.0,1.0,1.0,0.0,1.0,1.0,1.0,2,36.8764,10.3253,2.0,1.0,0.0,1.0,519943.5195618153,495512.68618274975,False,False,True,True,False,False,False,True,True,False
375000.0,73.0,2.0,1.0,1.0,0.0,1.0,1.0,1.0,2,36.8764,10.3253,2.0,1.0,0.0,1.0,519943.5195618153,495512.68618274975,False,False,True,True,False,False,False,True,True,False
245000.0,41.0,3.0,1.0,1.0,0.0,1.0,1.0,1.0,2,36.8764,10.3253,2.0,1.0,0.0,1.0,519943.5195618153,495512.68618274975,False,False,True,True,False,False,False,True,True,False
335000.0,60.0,2.0,1.0,1.0,0.0,1.0,1.0,1.0,2,36.8764,10.3253,2.0,1.0,0.0,1.0,519943.5195618153,495512.68618274975,False,False,True,True,False,False,False,True,True,False
220000.0,55.0,2.0,2.0,1.0,0.0,1.0,0.0,1.0,1,35.8569,10.5972,2.0,0.0,1.0,0.0,339414.0611787819,330755.1372713178,False,False,True,True,False,False,False,True,True,False
520000.0,160.0,4.0,2.0,0.0,0.0,0.0,1.0,0.0,2,36.8579,10.2734,3.0,1.0,0.0,0.0,520000.0,300416.6666666667,False,False,True,False,True,False,True,False,True,False
1126000.0,170.0,4.0,2.0,1.0,1.0,1.0,1.0,1.0,2,36.8764,10.3253,3.0,1.0,1.0,1.0,519943.5195618153,495512.68618274975,False,False,True,True,False,False,False,True,True,False
260000.0,80.0,2.0,1.0,0.0,0.0,0.0,0.0,0.0,2,36.8833,10.25,2.0,0.0,0.0,0.0,393150.9196056338,368050.949375,False,False,True,True,False,False,False,True,True,False
480000.0,90.0,2.0,1.0,1.0,0.0,0.0,0.0,0.0,2,36.8764,10.3253,2.0,0.0,0.0,0.0,519943.5195618153,495512.68618274975,False,False,True,True,False,False,False,True,True,False
442000.0,130.0,3.0,1.0,0.0,0.0,1.0,1.0,1.0,2,36.8833,10.25,2.0,1.0,1.0,0.0,393150.9196056338,368050.949375,False,False,True,True,False,False,False,True,True,False
290000.0,107.0,3.0,1.0,0.0,0.0,1.0,1.0,0.0,3,36.8764,10.3253,2.0,1.0,0.0,0.0,519943.5195618153,495512.68618274975,False,False,True,True,False,False,False,True,True,False
270000.0,100.0,3.0,1.0,1.0,0.0,1.0,1.0,0.0,2,36.8764,10.3253,2.0,1.0,0.0,0.0,519943.5195618153,495512.68618274975,False,False,True,True,False,False,False,True,True,False
340000.0,152.0,5.0,2.0,0.0,0.0,0.0,1.0,1.0,4,36.8764,10.3253,4.0,1.0,0.0,0.0,519943.5195618153,495512.68618274975,False,False,True,True,False,False,False,True,True,False
210000.0,86.0,2.0,1.0,1.0,0.0,1.0,1.0,0.0,4,36.8764,10.3253,2.0,0.0,0.0,0.0,519943.5195618153,495512.68618274975,False,False,True,True,False,False,False,True,True,False
240000.0,58.0,2.0,1.0,0.0,0.0,1.0,1.0,1.0,2,35.8324,10.6225,2.0,0.0,0.0,0.0,339414.0611787819,330755.1372713178,False,False,True,True,False,False,False,True,True,False
290000.0,93.0,3.0,1.0,1.0,0.0,1.0,1.0,0.0,2,36.4011,10.6146,2.0,0.0,0.0,0.0,355184.6627435388,335553.90432183904,False,False,True,True,False,False,False,True,True,False
280000.0,80.0,3.0,1.0,1.0,0.0,1.0,1.0,0.0,1,36.789,10.1835,2.0,0.0,0.0,0.0,224240.0,406094.33674999996,False,True,False,True,False,False,False,True,True,False
363000.0,116.0,2.0,1.0,0.0,0.0,0.0,0.0,0.0,2,36.4011,10.6146,2.0,0.0,0.0,1.0,355184.6627435388,335553.90432183904,False,False,True,True,False,False,False,True,True,False
570000.0,175.0,3.0,1.0,0.0,0.0,0.0,0.0,0.0,2,36.8764,10.3253,3.0,1.0,0.0,0.0,519943.5195618153,495512.68618274975,False,False,True,True,False,False,False,True,True,False
500000.0,110.0,2.0,1.0,1.0,0.0,1.0,0.0,0.0,2,36.8764,10.3253,2.0,0.0,0.0,0.0,519943.5195618153,495512.68618274975,False,False,True,True,False,False,False,True,True,False
509810.0,131.0,3.0,1.0,1.0,0.0,1.0,1.0,0.0,2,36.8833,10.25,2.0,1.0,0.0,0.0,393150.9196056338,368050.949375,False,False,True,True,False,False,False,True,True,False
320000.0,72.0,2.0,1.0,0.0,0.0,0.0,0.0,0.0,2,36.8333,10.3167,2.0,0.0,0.0,0.0,601819.5220062697,495512.68618274975,False,False,True,True,False,False,False,True,True,False
310000.0,122.0,3.0,1.0,1.0,1.0,0.0,1.0,0.0,2,36.8491,10.1661,2.0,0.0,0.0,0.0,362112.70683229814,368050.949375,False,False,True,True,False,False,False,True,True,False
440000.0,160.0,5.0,1.0,0.0,0.0,1.0,1.0,1.0,2,35.87,10.57,4.0,1.0,0.0,0.0,347622.13037037035,330755.1372713178,False,False,True,True,False,False,False,True,True,False
385000.0,143.0,3.0,1.0,1.0,0.0,1.0,1.0,0.0,2,35.8273,10.6339,2.0,0.0,0.0,0.0,339414.0611787819,330755.1372713178,False,False,True,True,False,False,False,True,True,False
350000.0,63.0,2.0,1.0,1.0,0.0,1.0,1.0,1.0,2,36.8764,10.3253,2.0,1.0,0.0,1.0,519943.5195618153,495512.68618274975,False,False,True,True,False,False,False,True,True,False
60000.0,67.0,2.0,1.0,0.0,0.0,0.0,0.0,0.0,1,34.6726,10.7225,2.0,0.0,0.0,0.0,60000.0,295071.536,True,False,False,False,True,False,True,False,True,False
220900.0,51.0,2.0,1.0,0.0,0.0,0.0,0.0,0.0,2,36.8883,10.2742,2.0,0.0,0.0,0.0,393150.9196056338,368050.949375,False,False,True,True,False,False,False,True,True,False
451200.0,167.0,4.0,2.0,0.0,0.0,1.0,1.0,1.0,2,36.81,10.1022,3.0,0.0,0.0,0.0,251258.3575,259667.45531914895,False,True,False,True,False,True,False,False,True,False
320000.0,57.0,2.0,1.0,1.0,0.0,1.0,1.0,1.0,2,36.8833,10.25,2.0,1.0,0.0,0.0,393150.9196056338,368050.949375,False,False,True,True,False,False,False,True,True,False
650000.0,165.0,4.0,2.0,1.0,0.0,0.0,1.0,0.0,2,36.8764,10.3253,3.0,1.0,0.0,0.0,519943.5195618153,495512.68618274975,False,False,True,True,False,False,False,True,True,False
1200000.0,187.0,3.0,2.0,1.0,0.0,1.0,1.0,1.0,2,36.8942,10.2762,3.0,1.0,0.0,0.0,519943.5195618153,495512.68618274975,False,False,True,True,False,False,False,True,True,False
462200.0,169.0,4.0,2.0,0.0,0.0,1.0,1.0,1.0,2,36.81,10.1022,3.0,0.0,0.0,0.0,251258.3575,259667.45531914895,False,True,False,True,False,True,False,False,True,False
320000.0,66.0,3.0,1.0,0.0,0.0,1.0,1.0,0.0,2,36.4506,10.735,2.0,1.0,1.0,0.0,356101.26872727275,335553.90432183904,False,False,True,True,False,False,False,True,True,False
774000.0,209.0,3.0,1.0,0.0,0.0,0.0,0.0,0.0,2,36.8764,10.3253,3.0,0.0,0.0,0.0,519943.5195618153,495512.68618274975,False,False,True,True,False,False,False,True,True,False
359000.0,125.0,3.0,1.0,1.0,1.0,1.0,1.0,0.0,2,36.8833,10.25,2.0,1.0,0.0,0.0,393150.9196056338,368050.949375,False,False,True,True,False,False,False,True,True,False
500000.0,138.0,3.0,1.0,0.0,0.0,1.0,1.0,1.0,2,36.8942,10.2762,3.0,1.0,1.0,0.0,519943.5195618153,495512.68618274975,False,False,True,True,False,False,False,True,True,False
420000.0,120.0,3.0,1.0,1.0,0.0,1.0,1.0,1.0,1,36.8452,10.1647,2.0,1.0,0.0,0.0,346388.2,335553.90432183904,False,False,True,True,False,False,False,True,True,False
300000.0,93.0,2.0,1.0,0.0,0.0,0.0,0.0,0.0,2,36.8764,10.3253,2.0,0.0,0.0,0.0,519943.5195618153,495512.68618274975,False,False,True,True,False,False,False,True,True,False
320000.0,75.0,2.0,1.0,0.0,0.0,1.0,1.0,1.0,2,36.8556,10.2918,2.0,1.0,0.0,0.0,601819.5220062697,495512.68618274975,False,False,True,True,False,False,False,True,True,False
390000.0,130.0,3.0,2.0,0.0,0.0,0.0,0.0,0.0,1,36.8764,10.3253,2.0,0.0,0.0,0.0,519943.5195618153,495512.68618274975,False,False,True,True,False,False,False,True,True,False
488750.0,115.0,3.0,1.0,0.0,0.0,1.0,1.0,1.0,2,35.8569,10.5972,2.0,0.0,1.0,0.0,339414.0611787819,330755.1372713178,False,False,True,True,False,False,False,True,True,False
500000.0,123.0,4.0,1.0,1.0,0.0,1.0,1.0,0.0,2,36.8764,10.3253,3.0,0.0,1.0,0.0,519943.5195618153,495512.68618274975,False,False,True,True,False,False,False,True,True,False
190000.0,130.0,3.0,1.0,1.0,0.0,0.0,0.0,0.0,2,37.272,9.8708,2.0,0.0,0.0,0.0,301532.5788888889,273790.43207547173,False,True,False,True,False,True,False,False,True,False
1000000.0,213.0,4.0,2.0,1.0,0.0,1.0,1.0,0.0,2,36.8764,10.3253,3.0,1.0,0.0,0.0,519943.5195618153,495512.68618274975,False,False,True,True,False,False,False,True,True,False
690000.0,130.0,4.0,2.0,1.0,0.0,1.0,1.0,0.0,2,36.8764,10.3253,3.0,0.0,0.0,0.0,519943.5195618153,495512.68618274975,False,False,True,True,False,False,False,True,True,False
780000.0,175.0,4.0,3.0,1.0,0.0,0.0,0.0,1.0,2,36.8534,10.3011,3.0,1.0,0.0,0.0,601819.5220062697,495512.68618274975,False,False,True,True,False,False,False,True,True,False
345000.0,65.0,3.0,1.0,1.0,0.0,1.0,1.0,0.0,2,36.8764,10.3253,2.0,1.0,0.0,0.0,519943.5195618153,495512.68618274975,False,False,True,True,False,False,False,True,True,False
440000.0,80.0,2.0,1.0,1.0,0.0,0.0,0.0,1.0,2,36.8469,10.2642,2.0,0.0,0.0,0.0,519943.5195618153,495512.68618274975,False,False,True,True,False,False,False,True,True,False
780000.0,176.0,5.0,2.0,0.0,0.0,0.0,0.0,1.0,2,36.8333,10.3167,4.0,0.0,0.0,0.0,601819.5220062697,495512.68618274975,False,False,True,True,False,False,False,True,True,False
240000.0,95.0,3.0,1.0,0.0,0.0,0.0,1.0,1.0,2,36.8932,10.1955,2.0,0.0,0.0,0.0,298410.12333333335,368050.949375,False,True,False,True,False,False,False,True,True,False
320000.0,95.0,2.0,1.0,0.0,0.0,0.0,0.0,0.0,2,36.4011,10.6146,2.0,0.0,0.0,1.0,355184.6627435388,335553.90432183904,False,False,True,True,False,False,False,True,True,False
110000.0,70.0,2.0,1.0,0.0,0.0,0.0,0.0,0.0,2,36.8493,11.0918,2.0,0.0,0.0,0.0,189879.7706849315,335553.90432183904,True,False,False,True,False,False,False,True,True,False
110000.0,80.0,3.0,1.0,1.0,0.0,0.0,0.0,0.0,2,36.8493,11.0918,2.0,0.0,0.0,0.0,189879.7706849315,335553.90432183904,True,False,False,True,False,False,False,True,True,False
138000.0,56.0,2.0,1.0,1.0,0.0,0.0,0.0,0.0,2,36.9306,11.0485,2.0,0.0,0.0,0.0,355184.6627435388,335553.90432183904,False,False,True,True,False,False,False,True,True,False
140000.0,80.0,3.0,1.0,0.0,0.0,0.0,0.0,0.0,1,36.8493,11.0918,2.0,0.0,0.0,0.0,189879.7706849315,335553.90432183904,True,False,False,True,False,False,False,True,True,False
385000.0,80.0,3.0,1.0,0.0,0.0,1.0,1.0,1.0,1,35.9585,10.5413,2.0,1.0,0.0,1.0,339414.0611787819,330755.1372713178,False,False,True,True,False,False,False,True,True,False
640000.0,180.0,2.0,2.0,1.0,0.0,1.0,1.0,1.0,2,36.4011,10.6146,2.0,1.0,1.0,1.0,355184.6627435388,335553.90432183904,False,False,True,True,False,False,False,True,True,False
300000.0,90.0,3.0,1.0,1.0,1.0,1.0,1.0,0.0,2,36.4011,10.6146,2.0,0.0,0.0,1.0,355184.6627435388,335553.90432183904,False,False,True,True,False,False,False,True,True,False
418400.0,100.0,3.0,1.0,1.0,1.0,1.0,1.0,0.0,2,36.8833,10.25,2.0,1.0,0.0,0.0,393150.9196056338,368050.949375,False,False,True,True,False,False,False,True,True,False
195000.0,107.0,3.0,1.0,0.0,0.0,0.0,0.0,1.0,2,36.8484,10.1745,2.0,0.0,0.0,0.0,362112.70683229814,368050.949375,False,False,True,True,False,False,False,True,True,False
850000.0,175.0,4.0,3.0,1.0,0.0,1.0,1.0,1.0,1,36.8333,10.3167,3.0,1.0,0.0,0.0,601819.5220062697,495512.68618274975,False,False,True,True,False,False,False,True,True,False
150000.0,96.0,3.0,1.0,1.0,0.0,0.0,0.0,0.0,2,36.8493,11.0918,2.0,0.0,0.0,0.0,189879.7706849315,335553.90432183904,True,False,False,True,False,False,False,True,True,False
580000.0,165.0,5.0,3.0,1.0,0.0,1.0,1.0,1.0,2,36.4198,10.6619,4.0,1.0,0.0,0.0,355184.6627435388,335553.90432183904,False,False,True,True,False,False,False,True,True,False
171000.0,60.0,3.0,1.0,0.0,0.0,0.0,0.0,0.0,2,36.8764,10.3253,2.0,0.0,0.0,0.0,519943.5195618153,495512.68618274975,False,False,True,True,False,False,False,True,True,False
1350000.0,222.0,5.0,3.0,0.0,0.0,0.0,1.0,0.0,1,36.8764,10.3253,4.0,0.0,0.0,0.0,519943.5195618153,495512.68618274975,False,False,True,True,False,False,False,True,True,False
430000.0,130.0,3.0,1.0,0.0,0.0,0.0,0.0,0.0,2,35.8569,10.5972,2.0,1.0,0.0,0.0,339414.0611787819,330755.1372713178,False,False,True,True,False,False,False,True,True,False
265000.0,120.0,4.0,2.0,1.0,0.0,1.0,1.0,1.0,2,36.8188,10.166,3.0,1.0,0.0,0.0,257110.19941176468,495512.68618274975,False,True,False,True,False,False,False,True,True,False
370000.0,110.0,2.0,1.0,0.0,0.0,0.0,0.0,0.0,2,36.4011,10.6146,2.0,0.0,0.0,0.0,355184.6627435388,335553.90432183904,False,False,True,True,False,False,False,True,True,False
255000.0,108.0,2.0,1.0,0.0,0.0,1.0,1.0,0.0,2,36.6939,10.2622,2.0,0.0,0.0,0.0,197548.69142857144,256097.71569620253,True,False,False,True,False,True,False,False,True,False
215000.0,62.0,3.0,1.0,0.0,0.0,0.0,1.0,0.0,2,36.8625,10.1956,2.0,0.0,0.0,0.0,362112.70683229814,368050.949375,False,False,True,True,False,False,False,True,True,False
890000.0,183.0,3.0,3.0,0.0,0.0,1.0,1.0,1.0,2,36.8333,10.3167,3.0,0.0,0.0,0.0,601819.5220062697,495512.68618274975,False,False,True,True,False,False,False,True,True,False
400000.0,165.0,3.0,2.0,1.0,0.0,1.0,1.0,1.0,2,35.8324,10.6225,3.0,0.0,0.0,0.0,339414.0611787819,330755.1372713178,False,False,True,True,False,False,False,True,True,False
385000.0,82.0,2.0,1.0,1.0,1.0,1.0,1.0,1.0,2,35.87,10.57,2.0,0.0,0.0,0.0,347622.13037037035,330755.1372713178,False,False,True,True,False,False,False,True,True,False
255000.0,112.0,3.0,1.0,1.0,0.0,1.0,0.0,1.0,5,36.8594,10.1568,2.0,1.0,0.0,0.0,298410.12333333335,368050.949375,False,True,False,True,False,False,False,True,True,False
100000.0,90.0,3.0,1.0,0.0,0.0,0.0,0.0,0.0,1,36.7833,10.9833,2.0,0.0,0.0,0.0,100000.0,335553.90432183904,True,False,False,False,True,False,False,True,True,False
240000.0,60.0,2.0,1.0,1.0,1.0,1.0,1.0,1.0,2,36.4404,10.6838,2.0,0.0,0.0,0.0,355184.6627435388,335553.90432183904,False,False,True,True,False,False,False,True,True,False
269640.0,61.0,3.0,1.0,0.0,1.0,1.0,1.0,0.0,2,36.8833,10.25,2.0,1.0,0.0,1.0,393150.9196056338,368050.949375,False,False,True,True,False,False,False,True,True,False
420000.0,105.0,3.0,1.0,1.0,0.0,1.0,1.0,0.0,2,36.8556,10.2918,2.0,1.0,0.0,0.0,601819.5220062697,495512.68618274975,False,False,True,True,False,False,False,True,True,False
1050000.0,150.0,3.0,1.0,1.0,0.0,0.0,0.0,0.0,2,36.8566,10.3258,4.0,0.0,0.0,0.0,460266.7082352941,495512.68618274975,False,False,True,True,False,False,False,True,True,False
385000.0,190.0,3.0,1.0,0.0,0.0,0.0,0.0,0.0,2,36.8833,10.25,2.0,0.0,0.0,0.0,393150.9196056338,368050.949375,False,False,True,True,False,False,False,True,True,False
330000.0,105.0,3.0,1.0,1.0,0.0,0.0,0.0,0.0,3,36.879,10.3068,2.0,1.0,0.0,0.0,393150.9196056338,368050.949375,False,False,True,True,False,False,False,True,True,False
550000.0,158.0,5.0,3.0,1.0,0.0,1.0,1.0,1.0,2,36.4011,10.6146,4.0,0.0,0.0,0.0,355184.6627435388,335553.90432183904,False,False,True,True,False,False,False,True,True,False
235000.0,62.0,2.0,1.0,0.0,0.0,1.0,1.0,1.0,5,36.4334,10.6926,2.0,0.0,0.0,1.0,356101.26872727275,335553.90432183904,False,False,True,True,False,False,False,True,True,False
260000.0,97.0,3.0,2.0,0.0,0.0,0.0,1.0,0.0,4,36.8613,10.273,2.0,0.0,0.0,0.0,383516.6666666667,295071.536,False,False,True,True,False,False,True,False,True,False
370905.0,87.0,3.0,1.0,0.0,1.0,1.0,1.0,0.0,2,36.8833,10.25,2.0,0.0,1.0,0.0,393150.9196056338,368050.949375,False,False,True,True,False,False,False,True,True,False
780000.0,189.0,3.0,1.0,1.0,0.0,0.0,0.0,0.0,2,36.8333,10.3167,2.0,1.0,0.0,0.0,601819.5220062697,495512.68618274975,False,False,True,True,False,False,False,True,True,False
450000.0,134.0,4.0,2.0,1.0,0.0,1.0,1.0,1.0,6,36.8333,10.3167,3.0,0.0,0.0,0.0,601819.5220062697,495512.68618274975,False,False,True,True,False,False,False,True,True,False
120000.0,60.0,3.0,1.0,0.0,0.0,1.0,0.0,0.0,2,36.8333,10.3167,2.0,0.0,0.0,0.0,601819.5220062697,495512.68618274975,False,False,True,True,False,False,False,True,True,False
385000.0,141.0,3.0,2.0,1.0,1.0,1.0,1.0,1.0,2,36.8239,10.2264,2.0,1.0,0.0,0.0,303301.0294117647,274088.2291666667,False,True,False,True,False,True,False,False,True,False
410000.0,90.0,3.0,1.0,0.0,0.0,0.0,0.0,0.0,2,36.8556,10.2918,2.0,1.0,1.0,0.0,601819.5220062697,495512.68618274975,False,False,True,True,False,False,False,True,True,False
220000.0,156.0,2.0,2.0,0.0,0.0,0.0,0.0,0.0,2,36.8352,10.3112,3.0,0.0,0.0,0.0,601819.5220062697,495512.68618274975,False,False,True,True,False,False,False,True,True,False
565000.0,162.0,4.0,3.0,1.0,0.0,1.0,1.0,1.0,5,36.4302,10.6877,3.0,0.0,0.0,1.0,356101.26872727275,335553.90432183904,False,False,True,True,False,False,False,True,True,False
300000.0,120.0,3.0,1.0,1.0,0.0,0.0,0.0,0.0,1,36.9124,11.102,2.0,0.0,0.0,0.0,329250.0,335553.90432183904,False,True,False,True,False,False,False,True,True,False
400000.0,120.0,4.0,2.0,1.0,0.0,0.0,0.0,0.0,2,36.9124,11.102,3.0,0.0,1.0,0.0,329250.0,335553.90432183904,False,True,False,True,False,False,False,True,True,False
318000.0,146.0,4.0,1.0,0.0,0.0,1.0,1.0,0.0,2,36.8764,10.3253,3.0,0.0,0.0,0.0,519943.5195618153,495512.68618274975,False,False,True,True,False,False,False,True,True,False
152000.0,90.0,3.0,1.0,0.0,0.0,0.0,1.0,0.0,2,36.7609,10.2736,2.0,1.0,0.0,0.0,239500.0,273790.43207547173,False,True,False,True,False,True,False,False,True,False
375000.0,156.0,4.0,2.0,1.0,0.0,1.0,1.0,0.0,6,36.8764,10.3253,3.0,1.0,0.0,0.0,519943.5195618153,495512.68618274975,False,False,True,True,False,False,False,True,True,False
363000.0,104.0,3.0,1.0,1.0,0.0,0.0,0.0,0.0,1,36.4011,10.6146,2.0,0.0,0.0,0.0,355184.6627435388,335553.90432183904,False,False,True,True,False,False,False,True,True,False
850000.0,171.0,3.0,2.0,0.0,0.0,1.0,1.0,1.0,2,36.8764,10.3253,2.0,0.0,1.0,0.0,519943.5195618153,495512.68618274975,False,False,True,True,False,False,False,True,True,False
254000.0,127.0,3.0,1.0,1.0,0.0,1.0,1.0,1.0,2,35.6776,10.0924,2.0,1.0,0.0,0.0,289000.0,364147.42,False,True,False,False,True,False,False,True,True,False
363000.0,104.0,3.0,2.0,1.0,0.0,1.0,1.0,1.0,1,36.4354,10.6909,2.0,0.0,0.0,1.0,356101.26872727275,335553.90432183904,False,False,True,True,False,False,False,True,True,False
360000.0,116.0,3.0,1.0,1.0,0.0,1.0,1.0,1.0,2,35.8324,10.6225,3.0,1.0,0.0,0.0,339414.0611787819,330755.1372713178,False,False,True,True,False,False,False,True,True,False
350000.0,200.0,3.0,1.0,0.0,0.0,0.0,0.0,0.0,2,36.8094,9.909,2.0,0.0,0.0,0.0,350000.0,259667.45531914895,False,False,True,False,True,True,False,False,True,False
180000.0,127.0,4.0,1.0,1.0,0.0,0.0,0.0,0.0,2,36.8493,11.0918,3.0,0.0,0.0,0.0,189879.7706849315,335553.90432183904,True,False,False,True,False,False,False,True,True,False
150000.0,180.0,3.0,1.0,1.0,0.0,0.0,0.0,0.0,2,36.8493,11.0918,3.0,1.0,0.0,0.0,189879.7706849315,335553.90432183904,True,False,False,True,False,False,False,True,True,False
500000.0,160.0,4.0,2.0,0.0,0.0,1.0,1.0,1.0,3,36.9177,10.2889,3.0,1.0,0.0,0.0,519943.5195618153,495512.68618274975,False,False,True,True,False,False,False,True,True,False
340000.0,180.0,3.0,1.0,0.0,0.0,0.0,0.0,0.0,2,37.2667,9.8667,2.0,0.0,0.0,0.0,301532.5788888889,273790.43207547173,False,True,False,True,False,True,False,False,True,False
1000000.0,220.0,4.0,2.0,0.0,0.0,0.0,0.0,0.0,2,36.8764,10.3253,3.0,0.0,0.0,0.0,519943.5195618153,495512.68618274975,False,False,True,True,False,False,False,True,True,False
575000.0,146.0,3.0,2.0,0.0,0.0,1.0,1.0,0.0,2,36.8764,10.3253,2.0,1.0,0.0,0.0,519943.5195618153,495512.68618274975,False,False,True,True,False,False,False,True,True,False
450000.0,145.0,3.0,2.0,1.0,0.0,0.0,0.0,0.0,2,36.8483,10.1411,4.0,0.0,0.0,0.0,346388.2,335553.90432183904,False,False,True,True,False,False,False,True,True,False
750000.0,84.0,3.0,1.0,0.0,0.0,0.0,0.0,1.0,2,36.8942,10.2762,2.0,1.0,0.0,0.0,519943.5195618153,495512.68618274975,False,False,True,True,False,False,False,True,True,False
650000.0,220.0,3.0,1.0,1.0,0.0,1.0,1.0,0.0,2,36.8764,10.3253,4.0,1.0,0.0,0.0,519943.5195618153,495512.68618274975,False,False,True,True,False,False,False,True,True,False
367000.0,100.0,3.0,1.0,1.0,1.0,1.0,0.0,1.0,4,36.952,8.7581,4.0,0.0,0.0,1.0,222051.35384615383,228616.187,True,False,False,True,False,True,False,False,True,False
700000.0,155.0,5.0,2.0,1.0,0.0,1.0,1.0,0.0,2,36.8806,10.1717,4.0,0.0,1.0,0.0,362112.70683229814,368050.949375,False,False,True,True,False,False,False,True,True,False
217000.0,94.0,3.0,1.0,1.0,0.0,0.0,0.0,0.0,2,36.9124,11.102,2.0,0.0,0.0,0.0,329250.0,335553.90432183904,False,True,False,True,False,False,False,True,True,False
1150000.0,201.0,3.0,1.0,1.0,0.0,0.0,0.0,1.0,2,36.8355,10.2242,2.0,1.0,0.0,0.0,519943.5195618153,495512.68618274975,False,False,True,True,False,False,False,True,True,False
175000.0,63.0,2.0,1.0,0.0,0.0,1.0,1.0,1.0,2,36.8625,10.1956,2.0,0.0,0.0,0.0,362112.70683229814,368050.949375,False,False,True,True,False,False,False,True,True,False
395000.0,100.0,3.0,2.0,1.0,0.0,1.0,1.0,1.0,5,36.4506,10.735,2.0,1.0,0.0,1.0,356101.26872727275,335553.90432183904,False,False,True,True,False,False,False,True,True,False
245600.0,56.0,3.0,1.0,0.0,0.0,0.0,0.0,1.0,2,36.4011,10.6146,2.0,0.0,0.0,1.0,355184.6627435388,335553.90432183904,False,False,True,True,False,False,False,True,True,False
425000.0,153.0,3.0,2.0,1.0,0.0,1.0,1.0,0.0,2,36.877,10.2286,2.0,1.0,0.0,0.0,393150.9196056338,368050.949375,False,False,True,True,False,False,False,True,True,False
330000.0,150.0,3.0,1.0,1.0,1.0,0.0,1.0,0.0,2,36.8484,10.1745,2.0,0.0,0.0,0.0,362112.70683229814,368050.949375,False,False,True,True,False,False,False,True,True,False
100000.0,70.0,2.0,1.0,0.0,0.0,0.0,0.0,0.0,2,35.8273,10.6339,3.0,0.0,0.0,0.0,339414.0611787819,330755.1372713178,False,False,True,True,False,False,False,True,True,False
370000.0,150.0,4.0,1.0,1.0,0.0,0.0,1.0,0.0,2,37.272,9.8708,3.0,1.0,0.0,0.0,301532.5788888889,273790.43207547173,False,True,False,True,False,True,False,False,True,False
210000.0,50.0,2.0,1.0,0.0,0.0,1.0,1.0,1.0,2,36.8764,10.3253,2.0,1.0,0.0,0.0,519943.5195618153,495512.68618274975,False,False,True,True,False,False,False,True,True,False
315000.0,100.0,2.0,1.0,1.0,0.0,1.0,1.0,1.0,4,36.8625,10.1956,2.0,0.0,0.0,0.0,362112.70683229814,368050.949375,False,False,True,True,False,False,False,True,True,False
200000.0,75.0,3.0,1.0,1.0,0.0,0.0,1.0,1.0,3,36.8625,10.1956,2.0,0.0,0.0,0.0,362112.70683229814,368050.949375,False,False,True,True,False,False,False,True,True,False
1300000.0,202.0,3.0,1.0,1.0,0.0,0.0,0.0,1.0,2,36.8469,10.2642,3.0,1.0,0.0,0.0,519943.5195618153,495512.68618274975,False,False,True,True,False,False,False,True,True,False
450000.0,202.0,4.0,2.0,1.0,0.0,1.0,1.0,0.0,5,36.8764,10.3253,3.0,1.0,0.0,0.0,519943.5195618153,495512.68618274975,False,False,True,True,False,False,False,True,True,False
850000.0,220.0,4.0,2.0,1.0,0.0,1.0,1.0,1.0,5,36.8333,10.3167,3.0,0.0,1.0,0.0,601819.5220062697,495512.68618274975,False,False,True,True,False,False,False,True,True,False
690000.0,167.0,3.0,1.0,0.0,0.0,0.0,0.0,0.0,2,36.8833,10.25,3.0,0.0,0.0,0.0,393150.9196056338,368050.949375,False,False,True,True,False,False,False,True,True,False
505000.0,157.0,3.0,1.0,0.0,0.0,0.0,0.0,0.0,2,36.8833,10.25,3.0,0.0,0.0,0.0,393150.9196056338,368050.949375,False,False,True,True,False,False,False,True,True,False
450000.0,132.0,2.0,1.0,0.0,0.0,0.0,0.0,0.0,2,36.8764,10.3253,2.0,0.0,0.0,0.0,519943.5195618153,495512.68618274975,False,False,True,True,False,False,False,True,True,False
320000.0,100.0,3.0,2.0,1.0,1.0,1.0,1.0,1.0,2,36.8764,10.3253,2.0,1.0,1.0,0.0,519943.5195618153,495512.68618274975,False,False,True,True,False,False,False,True,True,False
392000.0,140.0,2.0,1.0,0.0,0.0,1.0,1.0,0.0,2,36.9544,10.1914,2.0,0.0,0.0,0.0,298410.12333333335,368050.949375,False,True,False,True,False,False,False,True,True,False
190000.0,157.0,3.0,1.0,1.0,0.0,0.0,0.0,0.0,2,36.8493,11.0918,2.0,1.0,0.0,0.0,189879.7706849315,335553.90432183904,True,False,False,True,False,False,False,True,True,False
218000.0,116.0,5.0,1.0,1.0,0.0,1.0,0.0,0.0,2,35.8143,10.6339,2.0,0.0,0.0,0.0,339414.0611787819,330755.1372713178,False,False,True,True,False,False,False,True,True,False
320000.0,110.0,3.0,2.0,1.0,0.0,1.0,1.0,0.0,1,36.4011,10.6146,2.0,0.0,0.0,0.0,355184.6627435388,335553.90432183904,False,False,True,True,False,False,False,True,True,False
205000.0,110.0,3.0,1.0,1.0,0.0,1.0,1.0,1.0,5,36.6939,10.2622,2.0,0.0,0.0,0.0,197548.69142857144,256097.71569620253,True,False,False,True,False,True,False,False,True,False
135000.0,40.0,2.0,1.0,0.0,0.0,1.0,1.0,0.0,2,36.8188,10.166,2.0,0.0,0.0,0.0,257110.19941176468,495512.68618274975,False,True,False,True,False,False,False,True,True,False
150000.0,100.0,3.0,1.0,0.0,0.0,1.0,1.0,0.0,2,36.8833,10.25,2.0,0.0,0.0,0.0,393150.9196056338,368050.949375,False,False,True,True,False,False,False,True,True,False
398000.0,108.0,3.0,1.0,0.0,0.0,0.0,0.0,0.0,3,36.4345,10.6919,2.0,0.0,0.0,0.0,355184.6627435388,335553.90432183904,False,False,True,True,False,False,False,True,True,False
250000.0,109.0,3.0,1.0,0.0,0.0,1.0,1.0,0.0,6,36.8534,10.2505,2.0,0.0,0.0,0.0,519943.5195618153,495512.68618274975,False,False,True,True,False,False,False,True,True,False
260000.0,107.0,3.0,1.0,1.0,0.0,1.0,1.0,0.0,2,36.6939,10.2622,2.0,1.0,0.0,0.0,197548.69142857144,256097.71569620253,True,False,False,True,False,True,False,False,True,False
358000.0,72.0,3.0,1.0,1.0,0.0,1.0,1.0,1.0,2,35.9431,10.5202,2.0,1.0,0.0,0.0,389984.1204651163,406094.33674999996,False,False,True,True,False,False,False,True,True,False
398000.0,85.0,3.0,1.0,1.0,0.0,1.0,1.0,1.0,2,35.9431,10.5202,2.0,0.0,0.0,0.0,389984.1204651163,406094.33674999996,False,False,True,True,False,False,False,True,True,False
390000.0,206.0,3.0,2.0,1.0,0.0,1.0,1.0,1.0,2,36.8531,10.2839,2.0,1.0,1.0,0.0,519943.5195618153,495512.68618274975,False,False,True,True,False,False,False,True,True,False
252000.0,64.0,2.0,1.0,0.0,0.0,1.0,1.0,1.0,1,36.8833,10.25,2.0,0.0,0.0,0.0,393150.9196056338,368050.949375,False,False,True,True,False,False,False,True,True,False
380000.0,115.0,3.0,1.0,1.0,0.0,1.0,1.0,1.0,2,36.4506,10.735,2.0,1.0,0.0,1.0,356101.26872727275,335553.90432183904,False,False,True,True,False,False,False,True,True,False
95000.0,53.0,3.0,1.0,0.0,0.0,0.0,1.0,0.0,4,36.7513,10.2326,2.0,0.0,0.0,0.0,149285.7142857143,256097.71569620253,True,False,False,True,False,True,False,False,True,False
750000.0,102.0,2.0,1.0,0.0,0.0,0.0,0.0,0.0,2,36.8764,10.3253,2.0,0.0,0.0,0.0,519943.5195618153,495512.68618274975,False,False,True,True,False,False,False,True,True,False
280000.0,97.0,3.0,1.0,1.0,0.0,1.0,1.0,1.0,4,36.8096,10.1461,2.0,1.0,0.0,0.0,190533.3,495512.68618274975,True,False,False,True,False,False,False,True,True,False
95000.0,75.0,3.0,1.0,0.0,0.0,0.0,0.0,0.0,2,36.8493,11.0918,2.0,0.0,0.0,0.0,189879.7706849315,335553.90432183904,True,False,False,True,False,False,False,True,True,False
480000.0,117.0,3.0,2.0,1.0,1.0,1.0,0.0,1.0,2,35.87,10.57,2.0,1.0,1.0,1.0,347622.13037037035,330755.1372713178,False,False,True,True,False,False,False,True,True,False
260000.0,100.0,4.0,1.0,0.0,0.0,0.0,0.0,0.0,2,36.8302,10.1374,3.0,0.0,0.0,0.0,190533.3,495512.68618274975,True,False,False,True,False,False,False,True,True,False
520000.0,160.0,4.0,2.0,0.0,0.0,1.0,1.0,1.0,6,36.8883,10.2742,3.0,0.0,0.0,0.0,393150.9196056338,368050.949375,False,False,True,True,False,False,False,True,True,False
210000.0,87.0,3.0,1.0,1.0,0.0,0.0,0.0,0.0,2,36.6939,10.2622,2.0,0.0,0.0,0.0,202500.0,256097.71569620253,True,False,False,True,False,True,False,False,True,False
335000.0,90.0,4.0,1.0,0.0,0.0,1.0,1.0,1.0,3,36.4198,10.6619,3.0,0.0,1.0,1.0,355184.6627435388,335553.90432183904,False,False,True,True,False,False,False,True,True,False
85000.0,31.0,3.0,1.0,1.0,0.0,1.0,0.0,0.0,2,36.8493,11.0918,2.0,0.0,0.0,0.0,189879.7706849315,335553.90432183904,True,False,False,True,False,False,False,True,True,False
185000.0,100.0,3.0,1.0,1.0,0.0,1.0,0.0,1.0,1,36.8493,11.0918,2.0,0.0,0.0,0.0,189879.7706849315,335553.90432183904,True,False,False,True,False,False,False,True,True,False
125000.0,74.0,3.0,1.0,0.0,0.0,0.0,0.0,0.0,1,36.7749,10.1306,2.0,0.0,0.0,0.0,251258.3575,259667.45531914895,False,True,False,True,False,True,False,False,True,False
558000.0,101.0,3.0,1.0,0.0,0.0,0.0,0.0,0.0,2,36.8333,10.3167,2.0,0.0,0.0,0.0,601819.5220062697,495512.68618274975,False,False,True,True,False,False,False,True,True,False
572000.0,103.0,3.0,1.0,0.0,0.0,0.0,0.0,0.0,2,36.8333,10.3167,2.0,0.0,0.0,0.0,601819.5220062697,495512.68618274975,False,False,True,True,False,False,False,True,True,False
550000.0,130.0,5.0,2.0,1.0,0.0,1.0,1.0,1.0,2,36.4011,10.6146,4.0,0.0,0.0,0.0,355184.6627435388,335553.90432183904,False,False,True,True,False,False,False,True,True,False
540000.0,170.0,4.0,1.0,1.0,0.0,1.0,1.0,0.0,1,36.872,10.2316,3.0,0.0,0.0,0.0,393150.9196056338,368050.949375,False,False,True,True,False,False,False,True,True,False
330000.0,101.0,4.0,2.0,1.0,0.0,1.0,1.0,0.0,2,36.8764,10.3253,3.0,1.0,0.0,0.0,519943.5195618153,495512.68618274975,False,False,True,True,False,False,False,True,True,False
370000.0,50.0,2.0,1.0,1.0,0.0,1.0,1.0,0.0,2,36.8764,10.3253,2.0,0.0,1.0,1.0,519943.5195618153,495512.68618274975,False,False,True,True,False,False,False,True,True,False
330000.0,140.0,3.0,1.0,1.0,0.0,0.0,0.0,0.0,2,36.8534,10.2505,3.0,0.0,0.0,0.0,519943.5195618153,495512.68618274975,False,False,True,True,False,False,False,True,True,False
240000.0,90.0,4.0,1.0,0.0,0.0,0.0,0.0,0.0,2,37.1303,9.7507,3.0,0.0,0.0,0.0,301532.5788888889,273790.43207547173,False,True,False,True,False,True,False,False,True,False
825000.0,162.0,3.0,1.0,1.0,0.0,0.0,0.0,0.0,2,36.8556,10.2918,3.0,1.0,0.0,0.0,601819.5220062697,495512.68618274975,False,False,True,True,False,False,False,True,True,False
189616.0,62.0,3.0,1.0,0.0,0.0,0.0,0.0,0.0,2,36.5772,10.3425,2.0,1.0,0.0,0.0,356912.7528888889,256097.71569620253,False,False,True,True,False,True,False,False,True,False
520000.0,200.0,5.0,2.0,1.0,0.0,1.0,1.0,1.0,1,36.8625,10.1956,4.0,1.0,0.0,0.0,362112.70683229814,368050.949375,False,False,True,True,False,False,False,True,True,False
720000.0,130.0,3.0,2.0,1.0,0.0,1.0,1.0,1.0,1,36.8764,10.3253,2.0,0.0,0.0,0.0,519943.5195618153,495512.68618274975,False,False,True,True,False,False,False,True,True,False
270000.0,100.0,3.0,1.0,0.0,0.0,1.0,1.0,1.0,2,36.8569,10.2809,2.0,0.0,0.0,0.0,519943.5195618153,495512.68618274975,False,False,True,True,False,False,False,True,True,False
230000.0,107.0,3.0,1.0,1.0,0.0,1.0,1.0,0.0,2,36.8764,10.3253,2.0,0.0,0.0,0.0,519943.5195618153,495512.68618274975,False,False,True,True,False,False,False,True,True,False
290000.0,81.0,3.0,1.0,0.0,0.0,0.0,0.0,0.0,2,36.4011,10.6146,2.0,0.0,0.0,0.0,355184.6627435388,335553.90432183904,False,False,True,True,False,False,False,True,True,False
160000.0,107.0,3.0,1.0,0.0,0.0,0.0,0.0,0.0,2,36.8625,10.1956,4.0,0.0,0.0,0.0,362112.70683229814,368050.949375,False,False,True,True,False,False,False,True,True,False
245000.0,70.0,2.0,1.0,1.0,0.0,1.0,1.0,1.0,2,36.4011,10.6146,2.0,1.0,0.0,1.0,355184.6627435388,335553.90432183904,False,False,True,True,False,False,False,True,True,False
90000.0,75.0,5.0,1.0,0.0,0.0,0.0,0.0,0.0,2,36.8188,10.166,3.0,0.0,0.0,0.0,108333.33333333333,305000.0,True,False,False,True,False,False,True,False,True,False
975000.0,175.0,4.0,3.0,1.0,0.0,1.0,1.0,1.0,2,36.8333,10.3167,3.0,1.0,1.0,0.0,601819.5220062697,495512.68618274975,False,False,True,True,False,False,False,True,True,False
340000.0,125.0,2.0,1.0,0.0,0.0,0.0,0.0,0.0,2,35.8324,10.6225,3.0,0.0,0.0,0.0,355184.6627435388,335553.90432183904,False,False,True,True,False,False,False,True,True,False
370000.0,154.0,4.0,2.0,1.0,0.0,1.0,1.0,0.0,2,36.8764,10.3253,3.0,1.0,0.0,0.0,519943.5195618153,495512.68618274975,False,False,True,True,False,False,False,True,True,False
295000.0,122.0,2.0,1.0,0.0,0.0,1.0,1.0,0.0,2,36.4011,10.6146,2.0,0.0,0.0,0.0,355184.6627435388,335553.90432183904,False,False,True,True,False,False,False,True,True,False
150000.0,86.0,3.0,1.0,1.0,0.0,0.0,0.0,0.0,3,36.7639,10.2861,2.0,0.0,0.0,0.0,254104.44444444444,295071.536,False,True,False,True,False,False,True,False,True,False
440000.0,180.0,3.0,1.0,0.0,0.0,1.0,1.0,1.0,1,35.8552,10.59,4.0,1.0,0.0,0.0,339414.0611787819,330755.1372713178,False,False,True,True,False,False,False,True,True,False
182156.0,62.0,2.0,1.0,0.0,0.0,0.0,0.0,1.0,2,36.9306,11.0485,2.0,0.0,0.0,0.0,355184.6627435388,335553.90432183904,False,False,True,True,False,False,False,True,True,False
360000.0,128.0,4.0,1.0,0.0,0.0,0.0,0.0,0.0,2,36.8764,10.3253,4.0,0.0,0.0,0.0,519943.5195618153,495512.68618274975,False,False,True,True,False,False,False,True,True,False
280000.0,70.0,3.0,1.0,1.0,0.0,0.0,0.0,0.0,2,36.4506,10.735,2.0,0.0,0.0,0.0,356101.26872727275,335553.90432183904,False,False,True,True,False,False,False,True,True,False
75000.0,50.0,3.0,1.0,1.0,0.0,0.0,0.0,0.0,2,36.8493,11.0918,2.0,0.0,0.0,0.0,189879.7706849315,335553.90432183904,True,False,False,True,False,False,False,True,True,False
220000.0,95.0,2.0,1.0,1.0,0.0,0.0,0.0,0.0,2,36.9306,11.0485,2.0,0.0,0.0,0.0,355184.6627435388,335553.90432183904,False,False,True,True,False,False,False,True,True,False
155000.0,60.0,3.0,1.0,1.0,0.0,0.0,0.0,0.0,3,36.9306,11.0485,2.0,0.0,0.0,0.0,355184.6627435388,335553.90432183904,False,False,True,True,False,False,False,True,True,False
395000.0,167.0,3.0,2.0,1.0,0.0,1.0,1.0,0.0,2,36.8647,10.1674,3.0,1.0,0.0,0.0,362112.70683229814,368050.949375,False,False,True,True,False,False,False,True,True,False
400000.0,130.0,3.0,1.0,1.0,0.0,1.0,1.0,0.0,4,36.8473,10.1406,2.0,1.0,0.0,0.0,346388.2,335553.90432183904,False,False,True,True,False,False,False,True,True,False
200000.0,90.0,2.0,1.0,1.0,0.0,0.0,0.0,0.0,2,36.4011,10.6146,2.0,0.0,0.0,0.0,355184.6627435388,335553.90432183904,False,False,True,True,False,False,False,True,True,False
440000.0,100.0,2.0,1.0,0.0,0.0,0.0,0.0,0.0,2,36.4011,10.6146,2.0,0.0,0.0,0.0,355184.6627435388,335553.90432183904,False,False,True,True,False,False,False,True,True,False
206000.0,57.0,3.0,1.0,0.0,0.0,0.0,0.0,0.0,2,36.8764,10.3253,2.0,0.0,0.0,0.0,519943.5195618153,495512.68618274975,False,False,True,True,False,False,False,True,True,False
380000.0,117.0,2.0,1.0,0.0,0.0,1.0,1.0,1.0,5,36.8452,10.1647,2.0,1.0,0.0,0.0,346388.2,335553.90432183904,False,False,True,True,False,False,False,True,True,False
180000.0,120.0,3.0,1.0,0.0,0.0,0.0,0.0,0.0,2,36.8302,10.1374,2.0,0.0,0.0,0.0,190533.3,495512.68618274975,True,False,False,True,False,False,False,True,True,False
280000.0,116.0,3.0,1.0,0.0,0.0,0.0,0.0,1.0,2,36.8764,10.3253,2.0,0.0,0.0,0.0,519943.5195618153,495512.68618274975,False,False,True,True,False,False,False,True,True,False
350000.0,160.0,3.0,2.0,0.0,0.0,1.0,1.0,1.0,6,36.8764,10.3253,3.0,0.0,0.0,0.0,519943.5195618153,495512.68618274975,False,False,True,True,False,False,False,True,True,False
320000.0,170.0,4.0,1.0,0.0,0.0,0.0,0.0,1.0,2,36.9544,10.1914,3.0,0.0,0.0,0.0,298410.12333333335,368050.949375,False,True,False,True,False,False,False,True,True,False
255000.0,87.0,3.0,2.0,0.0,0.0,0.0,0.0,0.0,2,36.836,10.1911,4.0,0.0,0.0,0.0,303301.0294117647,274088.2291666667,False,True,False,True,False,True,False,False,True,False
320000.0,132.0,3.0,2.0,1.0,0.0,1.0,1.0,1.0,4,36.8764,10.3253,3.0,1.0,1.0,0.0,519943.5195618153,495512.68618274975,False,False,True,True,False,False,False,True,True,False
285000.0,79.0,3.0,1.0,1.0,0.0,1.0,1.0,1.0,2,35.859,10.5855,2.0,1.0,1.0,0.0,335720.0,364147.42,False,False,True,True,False,False,False,True,True,False
362000.0,170.0,2.0,1.0,1.0,0.0,1.0,1.0,1.0,2,36.4506,10.735,2.0,0.0,0.0,0.0,356101.26872727275,335553.90432183904,False,False,True,True,False,False,False,True,True,False
395000.0,195.0,5.0,2.0,1.0,0.0,1.0,1.0,0.0,4,36.8764,10.3253,4.0,0.0,0.0,0.0,519943.5195618153,495512.68618274975,False,False,True,True,False,False,False,True,True,False
265000.0,75.0,4.0,1.0,1.0,0.0,1.0,1.0,1.0,2,36.4011,10.6146,2.0,1.0,0.0,0.0,355184.6627435388,335553.90432183904,False,False,True,True,False,False,False,True,True,False
330000.0,143.0,4.0,1.0,1.0,0.0,1.0,1.0,0.0,2,36.8625,10.1956,3.0,1.0,0.0,0.0,362112.70683229814,368050.949375,False,False,True,True,False,False,False,True,True,False
324000.0,167.0,3.0,1.0,1.0,0.0,1.0,1.0,1.0,4,35.6776,10.0924,3.0,1.0,0.0,0.0,289000.0,364147.42,False,True,False,False,True,False,False,True,True,False
180000.0,67.0,2.0,1.0,0.0,0.0,1.0,1.0,1.0,1,36.8625,10.1956,2.0,0.0,0.0,0.0,362112.70683229814,368050.949375,False,False,True,True,False,False,False,True,True,False
510000.0,123.0,3.0,2.0,0.0,0.0,1.0,1.0,1.0,2,36.8764,10.3253,2.0,0.0,0.0,0.0,519943.5195618153,495512.68618274975,False,False,True,True,False,False,False,True,True,False
296294.0,52.0,2.0,1.0,0.0,0.0,0.0,0.0,0.0,2,36.8333,10.3167,2.0,0.0,0.0,0.0,601819.5220062697,495512.68618274975,False,False,True,True,False,False,False,True,True,False
458000.0,147.0,4.0,2.0,1.0,1.0,0.0,0.0,0.0,3,35.8324,10.6225,3.0,0.0,0.0,0.0,339414.0611787819,330755.1372713178,False,False,True,True,False,False,False,True,True,False
308000.0,98.0,3.0,1.0,1.0,0.0,1.0,1.0,0.0,3,35.8324,10.6225,2.0,0.0,0.0,0.0,339414.0611787819,330755.1372713178,False,False,True,True,False,False,False,True,True,False
650000.0,170.0,4.0,2.0,1.0,0.0,1.0,1.0,0.0,3,36.8556,10.2918,3.0,1.0,0.0,0.0,601819.5220062697,495512.68618274975,False,False,True,True,False,False,False,True,True,False
282000.0,141.0,3.0,2.0,0.0,0.0,0.0,0.0,1.0,2,36.7786,10.0554,3.0,0.0,0.0,0.0,251258.3575,259667.45531914895,False,True,False,True,False,True,False,False,True,False
140000.0,70.0,2.0,1.0,0.0,0.0,0.0,1.0,1.0,2,36.7786,10.0554,2.0,0.0,0.0,0.0,251258.3575,259667.45531914895,False,True,False,True,False,True,False,False,True,False
625000.0,102.0,3.0,2.0,1.0,0.0,1.0,1.0,1.0,2,36.4011,10.6146,2.0,0.0,0.0,1.0,355184.6627435388,335553.90432183904,False,False,True,True,False,False,False,True,True,False
370000.0,200.0,4.0,1.0,0.0,0.0,0.0,1.0,0.0,2,36.8833,10.25,3.0,0.0,1.0,0.0,393150.9196056338,368050.949375,False,False,True,True,False,False,False,True,True,False
395000.0,102.0,3.0,1.0,1.0,0.0,1.0,1.0,1.0,4,36.4011,10.6146,2.0,0.0,1.0,1.0,355184.6627435388,335553.90432183904,False,False,True,True,False,False,False,True,True,False
1097450.0,140.0,3.0,3.0,1.0,0.0,1.0,1.0,1.0,2,36.8468,10.2986,2.0,0.0,1.0,1.0,601819.5220062697,495512.68618274975,False,False,True,True,False,False,False,True,True,False
592600.0,99.0,3.0,2.0,1.0,0.0,1.0,1.0,1.0,2,36.8468,10.2986,2.0,0.0,0.0,0.0,601819.5220062697,495512.68618274975,False,False,True,True,False,False,False,True,True,False
160000.0,120.0,3.0,1.0,0.0,0.0,0.0,0.0,0.0,2,36.8566,10.3258,3.0,0.0,0.0,0.0,460266.7082352941,495512.68618274975,False,False,True,True,False,False,False,True,True,False
660000.0,145.0,3.0,2.0,1.0,0.0,0.0,1.0,1.0,1,36.8333,10.3167,2.0,0.0,0.0,1.0,601819.5220062697,495512.68618274975,False,False,True,True,False,False,False,True,True,False
539000.0,143.0,3.0,1.0,1.0,0.0,1.0,1.0,0.0,2,35.8324,10.6225,3.0,0.0,0.0,0.0,355184.6627435388,335553.90432183904,False,False,True,True,False,False,False,True,True,False
375000.0,111.0,2.0,1.0,0.0,0.0,1.0,1.0,0.0,2,35.8324,10.6225,2.0,0.0,0.0,0.0,355184.6627435388,335553.90432183904,False,False,True,True,False,False,False,True,True,False
285000.0,99.0,2.0,1.0,0.0,0.0,0.0,0.0,0.0,2,35.8324,10.6225,2.0,0.0,0.0,0.0,355184.6627435388,335553.90432183904,False,False,True,True,False,False,False,True,True,False
303000.0,108.0,2.0,1.0,0.0,0.0,1.0,1.0,0.0,2,35.8324,10.6225,2.0,0.0,0.0,0.0,355184.6627435388,335553.90432183904,False,False,True,True,False,False,False,True,True,False
326000.0,116.0,2.0,1.0,0.0,0.0,1.0,1.0,0.0,2,35.8324,10.6225,2.0,0.0,0.0,0.0,355184.6627435388,335553.90432183904,False,False,True,True,False,False,False,True,True,False
182156.0,62.0,2.0,1.0,0.0,0.0,0.0,0.0,1.0,2,36.9306,11.0485,2.0,0.0,0.0,0.0,355184.6627435388,335553.90432183904,False,False,True,True,False,False,False,True,True,False
333000.0,145.0,4.0,2.0,0.0,0.0,1.0,1.0,0.0,1,36.8915,10.1626,3.0,1.0,0.0,0.0,261889.71862068964,256097.71569620253,False,True,False,True,False,True,False,False,True,False
643500.0,117.0,2.0,1.0,0.0,0.0,0.0,0.0,0.0,2,36.8333,10.3167,2.0,0.0,0.0,0.0,601819.5220062697,495512.68618274975,False,False,True,True,False,False,False,True,True,False
490000.0,90.0,3.0,1.0,0.0,0.0,1.0,1.0,1.0,2,36.8942,10.2762,2.0,1.0,0.0,0.0,519943.5195618153,495512.68618274975,False,False,True,True,False,False,False,True,True,False
750000.0,121.0,2.0,1.0,0.0,0.0,1.0,1.0,1.0,1,36.8764,10.3253,2.0,0.0,0.0,0.0,519943.5195618153,495512.68618274975,False,False,True,True,False,False,False,True,True,False
576800.0,103.0,5.0,1.0,1.0,0.0,1.0,1.0,1.0,2,36.8333,10.3167,2.0,1.0,1.0,1.0,601819.5220062697,495512.68618274975,False,False,True,True,False,False,False,True,True,False
390000.0,80.0,3.0,1.0,1.0,0.0,1.0,1.0,0.0,2,36.4011,10.6146,2.0,0.0,0.0,0.0,355184.6627435388,335553.90432183904,False,False,True,True,False,False,False,True,True,False
448000.0,112.0,3.0,2.0,1.0,0.0,1.0,1.0,1.0,2,36.8833,10.25,2.0,0.0,0.0,0.0,393150.9196056338,368050.949375,False,False,True,True,False,False,False,True,True,False
310000.0,110.0,4.0,1.0,1.0,0.0,1.0,1.0,1.0,2,36.4506,10.735,3.0,0.0,0.0,0.0,356101.26872727275,335553.90432183904,False,False,True,True,False,False,False,True,True,False
680000.0,120.0,2.0,1.0,1.0,0.0,0.0,0.0,1.0,2,36.8764,10.3253,2.0,0.0,0.0,0.0,519943.5195618153,495512.68618274975,False,False,True,True,False,False,False,True,True,False
170000.0,90.0,3.0,1.0,0.0,0.0,0.0,0.0,0.0,4,36.8239,10.2264,2.0,0.0,0.0,0.0,303301.0294117647,274088.2291666667,False,True,False,True,False,True,False,False,True,False
200000.0,54.0,5.0,1.0,0.0,0.0,0.0,0.0,0.0,2,36.4011,10.6146,2.0,0.0,0.0,0.0,355184.6627435388,335553.90432183904,False,False,True,True,False,False,False,True,True,False
598000.0,190.0,4.0,2.0,1.0,1.0,1.0,1.0,1.0,1,36.4011,10.6146,3.0,1.0,0.0,1.0,355184.6627435388,335553.90432183904,False,False,True,True,False,False,False,True,True,False
235000.0,113.0,4.0,2.0,1.0,0.0,0.0,0.0,0.0,3,35.844,10.6188,3.0,1.0,0.0,0.0,355184.6627435388,335553.90432183904,False,False,True,True,False,False,False,True,True,False
320000.0,99.0,3.0,1.0,1.0,0.0,1.0,1.0,1.0,2,36.8762,10.1143,2.0,1.0,0.0,0.0,255000.0,274088.2291666667,False,True,False,True,False,True,False,False,True,False
260000.0,70.0,2.0,1.0,1.0,0.0,1.0,1.0,1.0,2,36.8833,10.25,2.0,1.0,0.0,0.0,393150.9196056338,368050.949375,False,False,True,True,False,False,False,True,True,False
290000.0,130.0,4.0,2.0,0.0,0.0,1.0,1.0,1.0,3,36.5772,10.3425,3.0,0.0,0.0,0.0,356912.7528888889,256097.71569620253,False,False,True,True,False,True,False,False,True,False
295000.0,114.0,3.0,1.0,0.0,0.0,0.0,1.0,1.0,2,36.8241,10.2244,2.0,1.0,1.0,0.0,362112.70683229814,368050.949375,False,False,True,True,False,False,False,True,True,False
420000.0,123.0,5.0,1.0,1.0,0.0,1.0,1.0,0.0,2,35.8569,10.5972,2.0,0.0,0.0,0.0,339414.0611787819,330755.1372713178,False,False,True,True,False,False,False,True,True,False
290000.0,110.0,4.0,2.0,1.0,0.0,1.0,1.0,0.0,2,36.8764,10.3253,3.0,0.0,0.0,0.0,519943.5195618153,495512.68618274975,False,False,True,True,False,False,False,True,True,False
133000.0,96.0,3.0,1.0,0.0,0.0,0.0,0.0,0.0,4,36.8833,10.25,2.0,0.0,0.0,0.0,393150.9196056338,368050.949375,False,False,True,True,False,False,False,True,True,False
285000.0,72.0,3.0,1.0,0.0,0.0,0.0,0.0,0.0,2,36.4011,10.6146,2.0,0.0,0.0,0.0,355184.6627435388,335553.90432183904,False,False,True,True,False,False,False,True,True,False
160000.0,64.0,5.0,2.0,1.0,0.0,0.0,1.0,1.0,2,36.9544,10.1914,2.0,1.0,0.0,0.0,298410.12333333335,368050.949375,False,True,False,True,False,False,False,True,True,False
720000.0,175.0,3.0,3.0,1.0,0.0,1.0,1.0,1.0,3,36.8556,10.2918,3.0,0.0,0.0,0.0,601819.5220062697,495512.68618274975,False,False,True,True,False,False,False,True,True,False
480000.0,100.0,2.0,1.0,0.0,1.0,1.0,1.0,1.0,3,35.8569,10.5972,2.0,1.0,0.0,0.0,339414.0611787819,330755.1372713178,False,False,True,True,False,False,False,True,True,False
281650.0,131.0,3.0,1.0,0.0,0.0,0.0,1.0,1.0,4,36.9544,10.1914,2.0,0.0,0.0,0.0,298410.12333333335,368050.949375,False,True,False,True,False,False,False,True,True,False
1350000.0,200.0,3.0,3.0,1.0,0.0,1.0,1.0,1.0,3,36.8764,10.3253,2.0,1.0,1.0,0.0,519943.5195618153,495512.68618274975,False,False,True,True,False,False,False,True,True,False
400000.0,135.0,3.0,1.0,1.0,0.0,1.0,1.0,0.0,1,36.4506,10.735,2.0,1.0,0.0,0.0,356101.26872727275,335553.90432183904,False,False,True,True,False,False,False,True,True,False
1215000.0,164.0,3.0,2.0,1.0,0.0,1.0,1.0,1.0,2,36.8764,10.3253,2.0,0.0,1.0,0.0,519943.5195618153,495512.68618274975,False,False,True,True,False,False,False,True,True,False
460000.0,117.0,3.0,1.0,1.0,0.0,1.0,1.0,1.0,2,36.8833,10.25,2.0,0.0,0.0,0.0,393150.9196056338,368050.949375,False,False,True,True,False,False,False,True,True,False
440000.0,117.0,3.0,1.0,1.0,0.0,1.0,1.0,0.0,2,36.8833,10.25,2.0,0.0,0.0,0.0,393150.9196056338,368050.949375,False,False,True,True,False,False,False,True,True,False
443000.0,69.0,3.0,1.0,0.0,0.0,0.0,0.0,0.0,2,36.8556,10.2918,2.0,0.0,1.0,0.0,601819.5220062697,495512.68618274975,False,False,True,True,False,False,False,True,True,False
235000.0,120.0,3.0,1.0,0.0,0.0,0.0,0.0,0.0,2,35.8324,10.6225,2.0,0.0,0.0,0.0,355184.6627435388,335553.90432183904,False,False,True,True,False,False,False,True,True,False
380000.0,118.0,3.0,1.0,1.0,0.0,1.0,1.0,1.0,4,36.8625,10.1956,2.0,1.0,0.0,0.0,362112.70683229814,368050.949375,False,False,True,True,False,False,False,True,True,False
300000.0,120.0,2.0,1.0,1.0,1.0,1.0,1.0,1.0,2,36.8833,10.25,2.0,0.0,1.0,0.0,393150.9196056338,368050.949375,False,False,True,True,False,False,False,True,True,False
570000.0,160.0,5.0,1.0,1.0,0.0,1.0,0.0,0.0,2,36.8764,10.3253,4.0,1.0,0.0,0.0,519943.5195618153,495512.68618274975,False,False,True,True,False,False,False,True,True,False
380000.0,98.0,2.0,1.0,1.0,1.0,1.0,1.0,0.0,2,36.4011,10.6146,2.0,0.0,0.0,0.0,355184.6627435388,335553.90432183904,False,False,True,True,False,False,False,True,True,False
400000.0,110.0,3.0,1.0,1.0,0.0,0.0,0.0,1.0,2,36.8883,10.2742,3.0,0.0,0.0,0.0,393150.9196056338,368050.949375,False,False,True,True,False,False,False,True,True,False
395000.0,80.0,2.0,1.0,0.0,0.0,1.0,1.0,1.0,2,35.87,10.57,2.0,0.0,0.0,1.0,347622.13037037035,330755.1372713178,False,False,True,True,False,False,False,True,True,False
450000.0,110.0,3.0,1.0,0.0,0.0,1.0,1.0,1.0,2,36.8764,10.3253,2.0,0.0,0.0,0.0,519943.5195618153,495512.68618274975,False,False,True,True,False,False,False,True,True,False
950000.0,150.0,3.0,2.0,1.0,0.0,1.0,1.0,1.0,2,36.8764,10.3253,2.0,0.0,0.0,0.0,519943.5195618153,495512.68618274975,False,False,True,True,False,False,False,True,True,False
210000.0,40.0,3.0,1.0,1.0,0.0,0.0,0.0,0.0,2,35.8569,10.5972,2.0,0.0,1.0,0.0,339414.0611787819,330755.1372713178,False,False,True,True,False,False,False,True,True,False
435000.0,123.0,3.0,2.0,0.0,0.0,1.0,1.0,1.0,1,36.8833,10.25,2.0,0.0,0.0,0.0,393150.9196056338,368050.949375,False,False,True,True,False,False,False,True,True,False
145000.0,67.0,3.0,1.0,1.0,0.0,1.0,0.0,0.0,2,36.7609,10.2736,2.0,0.0,1.0,0.0,223470.58823529413,256097.71569620253,False,True,False,True,False,True,False,False,True,False
210000.0,100.0,2.0,1.0,1.0,0.0,0.0,0.0,0.0,2,36.8833,10.25,2.0,0.0,0.0,0.0,393150.9196056338,368050.949375,False,False,True,True,False,False,False,True,True,False
740000.0,167.0,4.0,2.0,1.0,0.0,0.0,0.0,1.0,2,36.8624,10.2835,4.0,1.0,0.0,0.0,519943.5195618153,495512.68618274975,False,False,True,True,False,False,False,True,True,False
360000.0,106.0,3.0,1.0,1.0,0.0,1.0,1.0,1.0,1,36.4011,10.6146,2.0,0.0,0.0,0.0,355184.6627435388,335553.90432183904,False,False,True,True,False,False,False,True,True,False
350000.0,125.0,3.0,1.0,0.0,0.0,0.0,0.0,0.0,1,36.8965,10.218,3.0,0.0,0.0,0.0,393150.9196056338,368050.949375,False,False,True,True,False,False,False,True,True,False
175000.0,103.0,4.0,1.0,0.0,0.0,0.0,1.0,0.0,1,36.7011,10.1698,3.0,0.0,0.0,0.0,174333.33333333334,274088.2291666667,True,False,False,True,False,True,False,False,True,False
260000.0,67.0,3.0,1.0,1.0,0.0,1.0,1.0,0.0,2,35.87,10.57,2.0,0.0,0.0,0.0,347622.13037037035,330755.1372713178,False,False,True,True,False,False,False,True,True,False
360000.0,120.0,3.0,1.0,1.0,0.0,1.0,1.0,1.0,3,35.8324,10.6225,2.0,1.0,0.0,0.0,355184.6627435388,335553.90432183904,False,False,True,True,False,False,False,True,True,False
205000.0,99.0,3.0,1.0,1.0,0.0,1.0,1.0,1.0,2,36.8915,10.1626,2.0,1.0,0.0,0.0,261889.71862068964,256097.71569620253,False,True,False,True,False,True,False,False,True,False
415000.0,116.0,2.0,1.0,0.0,0.0,1.0,1.0,0.0,2,35.8324,10.6225,2.0,0.0,0.0,0.0,355184.6627435388,335553.90432183904,False,False,True,True,False,False,False,True,True,False
412000.0,152.0,2.0,1.0,0.0,0.0,1.0,1.0,0.0,2,35.8324,10.6225,2.0,0.0,0.0,0.0,355184.6627435388,335553.90432183904,False,False,True,True,False,False,False,True,True,False
400000.0,145.0,2.0,1.0,0.0,0.0,1.0,1.0,0.0,2,35.8324,10.6225,2.0,0.0,0.0,0.0,355184.6627435388,335553.90432183904,False,False,True,True,False,False,False,True,True,False
520000.0,155.0,3.0,1.0,1.0,0.0,0.0,0.0,0.0,2,36.8883,10.2742,3.0,0.0,0.0,0.0,393150.9196056338,368050.949375,False,False,True,True,False,False,False,True,True,False
300000.0,70.0,2.0,1.0,1.0,1.0,1.0,0.0,0.0,2,36.4011,10.6146,2.0,0.0,0.0,0.0,355184.6627435388,335553.90432183904,False,False,True,True,False,False,False,True,True,False
490000.0,130.0,3.0,1.0,1.0,0.0,1.0,1.0,1.0,3,36.4011,10.6146,3.0,1.0,1.0,1.0,355184.6627435388,335553.90432183904,False,False,True,True,False,False,False,True,True,False
130000.0,63.0,3.0,1.0,0.0,0.0,1.0,1.0,0.0,2,36.4011,10.6146,2.0,0.0,0.0,0.0,355184.6627435388,335553.90432183904,False,False,True,True,False,False,False,True,True,False
245000.0,100.0,2.0,1.0,1.0,0.0,1.0,1.0,1.0,2,36.4011,10.6146,2.0,0.0,0.0,0.0,355184.6627435388,335553.90432183904,False,False,True,True,False,False,False,True,True,False
160000.0,121.0,4.0,2.0,1.0,0.0,0.0,0.0,1.0,2,34.8,10.78,3.0,0.0,0.0,0.0,160000.0,295071.536,True,False,False,False,True,False,True,False,True,False
450000.0,125.0,4.0,2.0,1.0,0.0,1.0,1.0,1.0,1,36.8764,10.3253,3.0,1.0,0.0,0.0,519943.5195618153,495512.68618274975,False,False,True,True,False,False,False,True,True,False
620000.0,175.0,4.0,2.0,0.0,0.0,0.0,0.0,0.0,2,36.8764,10.3253,3.0,1.0,0.0,0.0,519943.5195618153,495512.68618274975,False,False,True,True,False,False,False,True,True,False
361000.0,94.0,3.0,1.0,1.0,0.0,1.0,1.0,1.0,1,36.4011,10.6146,2.0,0.0,1.0,1.0,355184.6627435388,335553.90432183904,False,False,True,True,False,False,False,True,True,False
320000.0,120.0,2.0,1.0,1.0,0.0,1.0,1.0,1.0,2,36.4027,10.6254,2.0,0.0,0.0,1.0,355184.6627435388,335553.90432183904,False,False,True,True,False,False,False,True,True,False
350000.0,105.0,2.0,2.0,0.0,0.0,1.0,1.0,1.0,2,36.4011,10.6146,2.0,1.0,1.0,1.0,355184.6627435388,335553.90432183904,False,False,True,True,False,False,False,True,True,False
750000.0,120.0,4.0,1.0,0.0,0.0,0.0,0.0,0.0,2,36.8333,10.3167,4.0,0.0,0.0,0.0,601819.5220062697,495512.68618274975,False,False,True,True,False,False,False,True,True,False
210000.0,169.0,5.0,2.0,1.0,0.0,0.0,0.0,0.0,2,36.4506,10.735,2.0,0.0,0.0,0.0,356101.26872727275,335553.90432183904,False,False,True,True,False,False,False,True,True,False
470000.0,140.0,2.0,1.0,0.0,0.0,1.0,1.0,0.0,2,36.4506,10.735,2.0,0.0,0.0,1.0,356101.26872727275,335553.90432183904,False,False,True,True,False,False,False,True,True,False
250000.0,100.0,2.0,1.0,1.0,0.0,0.0,0.0,0.0,2,36.4011,10.6146,2.0,0.0,0.0,0.0,355184.6627435388,335553.90432183904,False,False,True,True,False,False,False,True,True,False
198000.0,100.0,3.0,1.0,1.0,0.0,1.0,1.0,1.0,2,34.739,10.7589,2.0,0.0,0.0,0.0,254104.44444444444,295071.536,False,True,False,True,False,False,True,False,True,False
275000.0,95.0,4.0,1.0,1.0,0.0,0.0,0.0,0.0,2,36.8188,10.166,3.0,0.0,0.0,0.0,257110.19941176468,495512.68618274975,False,True,False,True,False,False,False,True,True,False
408646.0,120.0,2.0,1.0,1.0,0.0,1.0,1.0,0.0,2,36.8764,10.3253,2.0,0.0,0.0,0.0,519943.5195618153,495512.68618274975,False,False,True,True,False,False,False,True,True,False
380324.0,112.0,2.0,1.0,1.0,0.0,1.0,1.0,0.0,2,36.8566,10.3258,2.0,0.0,0.0,0.0,273416.375,335553.90432183904,False,True,False,True,False,False,False,True,True,False
533165.0,140.0,3.0,1.0,0.0,0.0,0.0,0.0,0.0,2,36.8764,10.3253,4.0,0.0,0.0,0.0,519943.5195618153,495512.68618274975,False,False,True,True,False,False,False,True,True,False
590000.0,125.0,2.0,1.0,0.0,0.0,0.0,0.0,0.0,2,36.8333,10.3167,3.0,0.0,0.0,0.0,601819.5220062697,495512.68618274975,False,False,True,True,False,False,False,True,True,False
190000.0,60.0,4.0,2.0,1.0,0.0,0.0,0.0,0.0,1,37.1303,9.7507,3.0,0.0,0.0,0.0,163531.45,273790.43207547173,True,False,False,True,False,True,False,False,True,False
335000.0,138.0,4.0,2.0,1.0,0.0,1.0,1.0,1.0,3,36.8534,10.2505,3.0,0.0,0.0,0.0,519943.5195618153,495512.68618274975,False,False,True,True,False,False,False,True,True,False
464000.0,160.0,5.0,2.0,0.0,0.0,0.0,0.0,0.0,1,36.8883,10.2742,3.0,0.0,0.0,0.0,393150.9196056338,368050.949375,False,False,True,True,False,False,False,True,True,False
320000.0,124.0,3.0,1.0,0.0,0.0,0.0,0.0,0.0,2,36.4011,10.6146,2.0,0.0,0.0,1.0,355184.6627435388,335553.90432183904,False,False,True,True,False,False,False,True,True,False
420000.0,165.0,4.0,2.0,1.0,0.0,0.0,0.0,0.0,2,35.8324,10.6225,3.0,0.0,0.0,0.0,355184.6627435388,335553.90432183904,False,False,True,True,False,False,False,True,True,False
320000.0,118.0,3.0,1.0,0.0,0.0,1.0,1.0,1.0,2,35.8324,10.6225,2.0,0.0,0.0,0.0,355184.6627435388,335553.90432183904,False,False,True,True,False,False,False,True,True,False
440000.0,185.0,4.0,1.0,1.0,0.0,1.0,1.0,1.0,2,35.8324,10.6225,3.0,0.0,0.0,0.0,355184.6627435388,335553.90432183904,False,False,True,True,False,False,False,True,True,False
320000.0,114.0,2.0,1.0,0.0,0.0,1.0,1.0,0.0,2,35.8324,10.6225,3.0,0.0,0.0,0.0,339414.0611787819,330755.1372713178,False,False,True,True,False,False,False,True,True,False
477000.0,102.0,2.0,1.0,1.0,0.0,1.0,1.0,0.0,2,35.8324,10.6225,2.0,0.0,0.0,0.0,355184.6627435388,335553.90432183904,False,False,True,True,False,False,False,True,True,False
467000.0,103.0,2.0,1.0,1.0,0.0,1.0,1.0,0.0,2,35.8324,10.6225,2.0,0.0,0.0,0.0,355184.6627435388,335553.90432183904,False,False,True,True,False,False,False,True,True,False
520000.0,117.0,2.0,1.0,0.0,0.0,0.0,0.0,0.0,2,35.8569,10.5972,2.0,0.0,0.0,1.0,339414.0611787819,330755.1372713178,False,False,True,True,False,False,False,True,True,False
354000.0,67.0,3.0,1.0,1.0,0.0,1.0,1.0,0.0,2,35.8324,10.6225,2.0,0.0,0.0,0.0,355184.6627435388,335553.90432183904,False,False,True,True,False,False,False,True,True,False
230000.0,127.0,3.0,1.0,0.0,0.0,1.0,1.0,1.0,2,36.7786,10.0554,3.0,0.0,0.0,0.0,251258.3575,259667.45531914895,False,True,False,True,False,True,False,False,True,False
880000.0,183.0,3.0,2.0,1.0,0.0,0.0,0.0,1.0,2,36.8556,10.2918,3.0,1.0,0.0,0.0,601819.5220062697,495512.68618274975,False,False,True,True,False,False,False,True,True,False
390000.0,100.0,3.0,2.0,1.0,0.0,1.0,1.0,1.0,4,36.4506,10.735,2.0,1.0,0.0,0.0,356101.26872727275,335553.90432183904,False,False,True,True,False,False,False,True,True,False
550000.0,144.0,3.0,2.0,1.0,0.0,1.0,1.0,0.0,4,36.8764,10.3253,2.0,1.0,0.0,0.0,519943.5195618153,495512.68618274975,False,False,True,True,False,False,False,True,True,False
350000.0,100.0,2.0,1.0,0.0,0.0,0.0,1.0,0.0,2,36.4011,10.6146,2.0,0.0,0.0,1.0,355184.6627435388,335553.90432183904,False,False,True,True,False,False,False,True,True,False
120000.0,76.0,3.0,1.0,0.0,0.0,0.0,0.0,0.0,1,36.8568,10.1157,2.0,0.0,0.0,0.0,190533.3,495512.68618274975,True,False,False,True,False,False,False,True,True,False
130000.0,70.0,3.0,1.0,0.0,0.0,0.0,0.0,1.0,2,37.2433,9.6467,2.0,0.0,0.0,0.0,301532.5788888889,273790.43207547173,False,True,False,True,False,True,False,False,True,False
290000.0,99.0,3.0,2.0,1.0,0.0,1.0,1.0,1.0,2,35.8324,10.6225,2.0,0.0,0.0,0.0,339414.0611787819,330755.1372713178,False,False,True,True,False,False,False,True,True,False
290000.0,95.0,2.0,1.0,1.0,0.0,1.0,1.0,1.0,2,36.4011,10.6146,2.0,0.0,1.0,1.0,355184.6627435388,335553.90432183904,False,False,True,True,False,False,False,True,True,False
370000.0,125.0,4.0,1.0,1.0,0.0,1.0,1.0,1.0,1,36.8764,10.3253,3.0,1.0,1.0,0.0,519943.5195618153,495512.68618274975,False,False,True,True,False,False,False,True,True,False
330000.0,125.0,3.0,2.0,1.0,0.0,1.0,1.0,1.0,2,36.8625,10.1956,3.0,1.0,0.0,0.0,362112.70683229814,368050.949375,False,False,True,True,False,False,False,True,True,False
594000.0,186.0,4.0,2.0,1.0,0.0,1.0,1.0,1.0,5,35.8324,10.6225,3.0,0.0,0.0,0.0,355184.6627435388,335553.90432183904,False,False,True,True,False,False,False,True,True,False
371000.0,127.0,3.0,1.0,0.0,0.0,0.0,1.0,1.0,5,36.9544,10.1914,3.0,0.0,0.0,0.0,298410.12333333335,368050.949375,False,True,False,True,False,False,False,True,True,False
289000.0,167.0,2.0,2.0,0.0,0.0,1.0,1.0,1.0,4,36.9544,10.1914,3.0,1.0,0.0,0.0,298410.12333333335,368050.949375,False,True,False,True,False,False,False,True,True,False
105000.0,70.0,3.0,1.0,0.0,1.0,0.0,0.0,1.0,2,36.789,10.1835,2.0,0.0,0.0,0.0,224240.0,406094.33674999996,False,True,False,True,False,False,False,True,True,False
140000.0,110.0,3.0,1.0,1.0,0.0,1.0,0.0,0.0,2,36.8493,11.0918,2.0,0.0,0.0,0.0,189879.7706849315,335553.90432183904,True,False,False,True,False,False,False,True,True,False
287000.0,80.0,3.0,1.0,1.0,0.0,1.0,1.0,1.0,2,36.4506,10.735,2.0,1.0,0.0,1.0,356101.26872727275,335553.90432183904,False,False,True,True,False,False,False,True,True,False
420000.0,136.0,3.0,1.0,1.0,0.0,0.0,0.0,0.0,2,36.8883,10.2742,3.0,1.0,0.0,0.0,393150.9196056338,368050.949375,False,False,True,True,False,False,False,True,True,False
430000.0,86.0,2.0,1.0,1.0,0.0,0.0,0.0,1.0,2,36.8556,10.2918,2.0,1.0,0.0,0.0,601819.5220062697,495512.68618274975,False,False,True,True,False,False,False,True,True,False
385000.0,79.0,3.0,1.0,0.0,0.0,0.0,0.0,0.0,2,36.8764,10.3253,2.0,0.0,0.0,0.0,519943.5195618153,495512.68618274975,False,False,True,True,False,False,False,True,True,False
246000.0,54.0,3.0,1.0,1.0,1.0,1.0,1.0,1.0,1,36.9544,10.1914,2.0,1.0,0.0,0.0,298410.12333333335,368050.949375,False,True,False,True,False,False,False,True,True,False
355968.0,111.0,3.0,2.0,0.0,0.0,1.0,1.0,0.0,2,36.8764,10.3253,2.0,1.0,0.0,0.0,519943.5195618153,495512.68618274975,False,False,True,True,False,False,False,True,True,False
380000.0,90.0,2.0,1.0,0.0,0.0,1.0,1.0,1.0,2,36.8833,10.25,2.0,1.0,0.0,0.0,393150.9196056338,368050.949375,False,False,True,True,False,False,False,True,True,False
500000.0,190.0,4.0,3.0,1.0,0.0,0.0,1.0,1.0,2,36.8764,10.3253,3.0,1.0,0.0,0.0,519943.5195618153,495512.68618274975,False,False,True,True,False,False,False,True,True,False
320000.0,97.0,2.0,1.0,1.0,1.0,1.0,1.0,1.0,2,36.8625,10.1956,2.0,0.0,0.0,0.0,362112.70683229814,368050.949375,False,False,True,True,False,False,False,True,True,False
360000.0,125.0,4.0,1.0,0.0,0.0,0.0,0.0,0.0,2,36.8883,10.2742,2.0,0.0,0.0,0.0,393150.9196056338,368050.949375,False,False,True,True,False,False,False,True,True,False
90000.0,92.0,3.0,2.0,0.0,0.0,0.0,0.0,0.0,4,36.789,10.1835,2.0,0.0,1.0,0.0,224240.0,406094.33674999996,False,True,False,True,False,False,False,True,True,False
480000.0,175.0,4.0,3.0,1.0,0.0,1.0,1.0,0.0,4,36.8625,10.1956,3.0,0.0,0.0,0.0,362112.70683229814,368050.949375,False,False,True,True,False,False,False,True,True,False
275000.0,176.0,3.0,2.0,0.0,0.0,0.0,0.0,0.0,2,36.8764,10.3253,3.0,1.0,0.0,0.0,519943.5195618153,495512.68618274975,False,False,True,True,False,False,False,True,True,False
698000.0,126.0,2.0,1.0,1.0,0.0,0.0,0.0,0.0,2,36.8333,10.3167,2.0,1.0,0.0,0.0,601819.5220062697,495512.68618274975,False,False,True,True,False,False,False,True,True,False
413000.0,86.0,2.0,1.0,0.0,0.0,0.0,0.0,0.0,2,36.8333,10.3167,2.0,0.0,1.0,0.0,601819.5220062697,495512.68618274975,False,False,True,True,False,False,False,True,True,False
379000.0,115.0,2.0,1.0,1.0,0.0,1.0,1.0,0.0,2,36.4506,10.735,2.0,0.0,0.0,1.0,356101.26872727275,335553.90432183904,False,False,True,True,False,False,False,True,True,False
620000.0,141.0,3.0,2.0,1.0,0.0,1.0,1.0,1.0,2,36.8333,10.3167,2.0,1.0,0.0,0.0,601819.5220062697,495512.68618274975,False,False,True,True,False,False,False,True,True,False
140000.0,73.0,2.0,1.0,0.0,0.0,1.0,1.0,0.0,1,36.4011,10.6146,2.0,0.0,0.0,0.0,355184.6627435388,335553.90432183904,False,False,True,True,False,False,False,True,True,False
750000.0,180.0,4.0,2.0,1.0,0.0,0.0,0.0,0.0,3,36.4011,10.6146,3.0,0.0,0.0,0.0,355184.6627435388,335553.90432183904,False,False,True,True,False,False,False,True,True,False
460000.0,87.0,5.0,1.0,1.0,0.0,1.0,1.0,0.0,2,35.87,10.57,2.0,0.0,0.0,0.0,347622.13037037035,330755.1372713178,False,False,True,True,False,False,False,True,True,False
330000.0,159.0,4.0,2.0,1.0,0.0,1.0,1.0,1.0,3,36.0301,10.5079,3.0,1.0,0.0,0.0,260917.67902439024,330755.1372713178,False,True,False,True,False,False,False,True,True,False
350000.0,100.0,3.0,1.0,1.0,0.0,1.0,1.0,1.0,4,35.79,10.56,2.0,0.0,0.0,0.0,600000.0,305000.0,False,False,True,False,True,False,True,False,True,False
380000.0,120.0,4.0,1.0,1.0,0.0,1.0,1.0,1.0,1,35.8569,10.5972,3.0,0.0,0.0,0.0,339414.0611787819,330755.1372713178,False,False,True,True,False,False,False,True,True,False
240000.0,100.0,3.0,1.0,0.0,0.0,1.0,1.0,0.0,2,36.4011,10.6146,2.0,0.0,0.0,0.0,355184.6627435388,335553.90432183904,False,False,True,True,False,False,False,True,True,False
600000.0,180.0,3.0,1.0,0.0,0.0,1.0,1.0,1.0,5,36.8625,10.1956,2.0,0.0,0.0,0.0,362112.70683229814,368050.949375,False,False,True,True,False,False,False,True,True,False
425700.0,99.0,3.0,2.0,0.0,0.0,1.0,1.0,1.0,2,36.8883,10.2742,2.0,0.0,0.0,0.0,393150.9196056338,368050.949375,False,False,True,True,False,False,False,True,True,False
215000.0,55.0,3.0,1.0,1.0,0.0,0.0,1.0,0.0,2,35.8324,10.6225,2.0,0.0,0.0,0.0,339414.0611787819,330755.1372713178,False,False,True,True,False,False,False,True,True,False
330000.0,180.0,3.0,2.0,1.0,0.0,0.0,0.0,1.0,2,35.8273,10.6339,3.0,0.0,0.0,0.0,339414.0611787819,330755.1372713178,False,False,True,True,False,False,False,True,True,False
265000.0,38.0,3.0,1.0,0.0,0.0,0.0,0.0,0.0,2,36.8556,10.2918,2.0,1.0,1.0,0.0,601819.5220062697,495512.68618274975,False,False,True,True,False,False,False,True,True,False
520000.0,193.0,4.0,2.0,1.0,0.0,1.0,1.0,0.0,2,36.8625,10.1956,4.0,1.0,0.0,0.0,362112.70683229814,368050.949375,False,False,True,True,False,False,False,True,True,False
365000.0,130.0,3.0,1.0,1.0,1.0,1.0,1.0,1.0,2,35.8324,10.6225,2.0,0.0,0.0,0.0,355184.6627435388,335553.90432183904,False,False,True,True,False,False,False,True,True,False
360000.0,120.0,3.0,1.0,1.0,1.0,1.0,1.0,1.0,2,35.8177,10.6455,2.0,0.0,0.0,0.0,339414.0611787819,330755.1372713178,False,False,True,True,False,False,False,True,True,False
345000.0,124.0,3.0,1.0,1.0,0.0,1.0,1.0,1.0,2,35.7218,10.6179,2.0,0.0,0.0,0.0,335720.0,364147.42,False,False,True,True,False,False,False,True,True,False
240000.0,95.0,3.0,1.0,0.0,1.0,1.0,1.0,0.0,2,36.8188,10.166,3.0,0.0,0.0,0.0,257110.19941176468,495512.68618274975,False,True,False,True,False,False,False,True,True,False
150000.0,72.0,3.0,1.0,0.0,0.0,0.0,0.0,0.0,1,36.4506,10.735,2.0,0.0,0.0,0.0,356101.26872727275,335553.90432183904,False,False,True,True,False,False,False,True,True,False
250000.0,100.0,3.0,1.0,1.0,0.0,0.0,0.0,0.0,1,36.4011,10.6146,2.0,0.0,0.0,0.0,355184.6627435388,335553.90432183904,False,False,True,True,False,False,False,True,True,False
119000.0,104.0,4.0,1.0,0.0,0.0,0.0,0.0,0.0,3,34.6687,10.6999,3.0,0.0,0.0,0.0,254104.44444444444,295071.536,False,True,False,True,False,False,True,False,True,False
880000.0,110.0,3.0,2.0,1.0,0.0,0.0,0.0,0.0,2,36.8355,10.2242,2.0,1.0,1.0,0.0,519943.5195618153,495512.68618274975,False,False,True,True,False,False,False,True,True,False
200000.0,113.0,3.0,1.0,1.0,0.0,1.0,0.0,1.0,4,36.8188,10.166,2.0,1.0,1.0,0.0,257110.19941176468,495512.68618274975,False,True,False,True,False,False,False,True,True,False
340000.0,145.0,3.0,1.0,1.0,0.0,0.0,0.0,0.0,2,36.4011,10.6146,2.0,0.0,0.0,0.0,355184.6627435388,335553.90432183904,False,False,True,True,False,False,False,True,True,False
240000.0,90.0,2.0,1.0,0.0,0.0,0.0,0.0,0.0,2,36.4011,10.6146,2.0,0.0,0.0,0.0,355184.6627435388,335553.90432183904,False,False,True,True,False,False,False,True,True,False
190000.0,130.0,3.0,1.0,0.0,0.0,0.0,0.0,0.0,2,36.4011,10.6146,2.0,0.0,0.0,0.0,355184.6627435388,335553.90432183904,False,False,True,True,False,False,False,True,True,False
780000.0,204.0,3.0,1.0,1.0,0.0,0.0,0.0,1.0,2,36.8556,10.2918,4.0,1.0,0.0,0.0,601819.5220062697,495512.68618274975,False,False,True,True,False,False,False,True,True,False
220000.0,74.0,3.0,1.0,1.0,0.0,1.0,1.0,1.0,2,36.4506,10.735,2.0,0.0,0.0,1.0,356101.26872727275,335553.90432183904,False,False,True,True,False,False,False,True,True,False
250000.0,100.0,3.0,1.0,0.0,0.0,0.0,0.0,0.0,1,36.4011,10.6146,2.0,0.0,0.0,0.0,355184.6627435388,335553.90432183904,False,False,True,True,False,False,False,True,True,False
283000.0,103.0,3.0,1.0,0.0,0.0,1.0,1.0,1.0,2,35.8273,10.6339,2.0,0.0,0.0,0.0,339414.0611787819,330755.1372713178,False,False,True,True,False,False,False,True,True,False
182000.0,90.0,4.0,2.0,0.0,0.0,0.0,0.0,0.0,2,36.8833,10.25,2.0,0.0,0.0,0.0,393150.9196056338,368050.949375,False,False,True,True,False,False,False,True,True,False
235000.0,60.0,2.0,1.0,0.0,1.0,1.0,1.0,1.0,3,35.844,10.6188,2.0,0.0,0.0,0.0,355184.6627435388,335553.90432183904,False,False,True,True,False,False,False,True,True,False
350000.0,180.0,5.0,1.0,1.0,0.0,1.0,1.0,1.0,2,36.5772,10.3425,4.0,1.0,0.0,0.0,356912.7528888889,256097.71569620253,False,False,True,True,False,True,False,False,True,False
120000.0,90.0,3.0,2.0,0.0,0.0,0.0,0.0,0.0,2,36.8625,10.1956,2.0,0.0,0.0,0.0,362112.70683229814,368050.949375,False,False,True,True,False,False,False,True,True,False
250000.0,44.0,3.0,1.0,0.0,0.0,1.0,1.0,1.0,2,35.87,10.57,2.0,0.0,0.0,1.0,347622.13037037035,330755.1372713178,False,False,True,True,False,False,False,True,True,False
915000.0,180.0,4.0,2.0,1.0,0.0,0.0,0.0,0.0,2,36.9177,10.2889,3.0,1.0,1.0,0.0,519943.5195618153,495512.68618274975,False,False,True,True,False,False,False,True,True,False
260000.0,70.0,3.0,1.0,0.0,0.0,0.0,0.0,0.0,2,36.4506,10.735,2.0,0.0,0.0,1.0,356101.26872727275,335553.90432183904,False,False,True,True,False,False,False,True,True,False
475000.0,132.0,3.0,2.0,0.0,0.0,0.0,1.0,1.0,2,36.4011,10.6146,2.0,0.0,0.0,1.0,355184.6627435388,335553.90432183904,False,False,True,True,False,False,False,True,True,False
290000.0,96.0,3.0,1.0,1.0,0.0,0.0,0.0,0.0,2,36.4011,10.6146,2.0,0.0,0.0,0.0,355184.6627435388,335553.90432183904,False,False,True,True,False,False,False,True,True,False
640000.0,162.0,4.0,2.0,0.0,0.0,1.0,1.0,1.0,2,36.8759,10.204,3.0,0.0,0.0,0.0,393150.9196056338,368050.949375,False,False,True,True,False,False,False,True,True,False
300000.0,70.0,3.0,1.0,0.0,0.0,0.0,0.0,0.0,2,36.8355,10.2242,2.0,0.0,0.0,0.0,519943.5195618153,495512.68618274975,False,False,True,True,False,False,False,True,True,False
230000.0,63.0,3.0,1.0,0.0,1.0,0.0,0.0,1.0,2,33.0777,9.5838,2.0,0.0,0.0,0.0,273416.375,335553.90432183904,False,True,False,True,False,False,False,True,True,False
982000.0,174.0,3.0,1.0,1.0,0.0,0.0,0.0,0.0,2,36.8556,10.2918,3.0,1.0,0.0,0.0,601819.5220062697,495512.68618274975,False,False,True,True,False,False,False,True,True,False
730000.0,117.0,2.0,1.0,1.0,1.0,0.0,0.0,0.0,2,36.8556,10.2918,2.0,1.0,0.0,0.0,601819.5220062697,495512.68618274975,False,False,True,True,False,False,False,True,True,False
320000.0,184.0,5.0,3.0,1.0,0.0,0.0,0.0,0.0,2,36.4011,10.6146,4.0,0.0,0.0,1.0,355184.6627435388,335553.90432183904,False,False,True,True,False,False,False,True,True,False
440000.0,120.0,5.0,2.0,1.0,0.0,1.0,0.0,0.0,2,35.8569,10.5972,2.0,0.0,0.0,1.0,339414.0611787819,330755.1372713178,False,False,True,True,False,False,False,True,True,False
135000.0,75.0,5.0,1.0,0.0,0.0,0.0,0.0,0.0,2,36.7891,10.8955,2.0,0.0,0.0,1.0,235000.0,235000.0,False,True,False,True,False,True,False,False,True,False
433600.0,94.0,3.0,1.0,1.0,0.0,1.0,0.0,0.0,2,36.8239,10.2264,2.0,1.0,0.0,0.0,303301.0294117647,274088.2291666667,False,True,False,True,False,True,False,False,True,False
338235.0,57.0,2.0,1.0,1.0,0.0,1.0,0.0,0.0,2,36.8239,10.2264,2.0,1.0,0.0,0.0,303301.0294117647,274088.2291666667,False,True,False,True,False,True,False,False,True,False
260000.0,105.0,2.0,1.0,0.0,0.0,0.0,1.0,1.0,2,36.8764,10.3253,2.0,1.0,0.0,0.0,519943.5195618153,495512.68618274975,False,False,True,True,False,False,False,True,True,False
320000.0,145.0,3.0,1.0,1.0,0.0,0.0,0.0,0.0,2,36.4011,10.6146,2.0,0.0,0.0,1.0,355184.6627435388,335553.90432183904,False,False,True,True,False,False,False,True,True,False
675000.0,135.0,3.0,1.0,0.0,0.0,0.0,0.0,1.0,2,36.8942,10.2762,4.0,1.0,1.0,0.0,519943.5195618153,495512.68618274975,False,False,True,True,False,False,False,True,True,False
140000.0,105.0,4.0,1.0,0.0,0.0,0.0,0.0,1.0,2,36.8833,10.25,3.0,0.0,0.0,0.0,393150.9196056338,368050.949375,False,False,True,True,False,False,False,True,True,False
443000.0,69.0,2.0,1.0,0.0,0.0,1.0,1.0,1.0,2,36.8333,10.3167,2.0,0.0,1.0,0.0,601819.5220062697,495512.68618274975,False,False,True,True,False,False,False,True,True,False
370000.0,200.0,3.0,1.0,0.0,0.0,0.0,0.0,0.0,2,35.8324,10.6225,3.0,0.0,0.0,0.0,355184.6627435388,335553.90432183904,False,False,True,True,False,False,False,True,True,False
200000.0,120.0,2.0,1.0,1.0,0.0,0.0,1.0,0.0,2,35.8324,10.6225,2.0,0.0,0.0,0.0,355184.6627435388,335553.90432183904,False,False,True,True,False,False,False,True,True,False
288200.0,131.0,3.0,1.0,0.0,0.0,1.0,1.0,1.0,6,36.9544,10.1914,2.0,0.0,0.0,0.0,298410.12333333335,368050.949375,False,True,False,True,False,False,False,True,True,False
545000.0,218.0,2.0,2.0,1.0,0.0,1.0,1.0,0.0,5,36.8625,10.1956,4.0,1.0,0.0,0.0,362112.70683229814,368050.949375,False,False,True,True,False,False,False,True,True,False
286000.0,130.0,3.0,1.0,0.0,0.0,1.0,1.0,1.0,2,36.9544,10.1914,2.0,0.0,0.0,0.0,298410.12333333335,368050.949375,False,True,False,True,False,False,False,True,True,False
295000.0,134.0,3.0,2.0,1.0,0.0,0.0,1.0,0.0,2,36.8764,10.3253,2.0,0.0,0.0,0.0,519943.5195618153,495512.68618274975,False,False,True,True,False,False,False,True,True,False
340000.0,90.0,2.0,1.0,1.0,0.0,0.0,0.0,0.0,2,36.4011,10.6146,2.0,0.0,0.0,0.0,355184.6627435388,335553.90432183904,False,False,True,True,False,False,False,True,True,False
350000.0,105.0,4.0,2.0,1.0,0.0,1.0,1.0,1.0,2,36.4703,10.7529,2.0,1.0,0.0,0.0,356101.26872727275,335553.90432183904,False,False,True,True,False,False,False,True,True,False
230000.0,90.0,3.0,1.0,0.0,0.0,0.0,0.0,0.0,2,36.4011,10.6146,2.0,0.0,0.0,1.0,355184.6627435388,335553.90432183904,False,False,True,True,False,False,False,True,True,False
250000.0,68.0,3.0,1.0,1.0,0.0,1.0,1.0,1.0,2,36.4011,10.6146,2.0,0.0,0.0,0.0,355184.6627435388,335553.90432183904,False,False,True,True,False,False,False,True,True,False
260000.0,65.0,3.0,1.0,0.0,1.0,1.0,1.0,0.0,2,36.8236,10.281,2.0,0.0,0.0,0.0,320842.93555555557,495512.68618274975,False,True,False,True,False,False,False,True,True,False
398040.0,107.0,3.0,1.0,1.0,0.0,1.0,1.0,1.0,2,36.8833,10.25,2.0,0.0,0.0,0.0,393150.9196056338,368050.949375,False,False,True,True,False,False,False,True,True,False
215000.0,80.0,3.0,1.0,1.0,0.0,1.0,1.0,1.0,1,36.4011,10.6146,2.0,0.0,0.0,0.0,355184.6627435388,335553.90432183904,False,False,True,True,False,False,False,True,True,False
571650.0,103.0,3.0,1.0,1.0,0.0,1.0,1.0,1.0,2,36.8333,10.3167,2.0,1.0,0.0,0.0,601819.5220062697,495512.68618274975,False,False,True,True,False,False,False,True,True,False
150000.0,70.0,2.0,1.0,0.0,0.0,0.0,0.0,0.0,2,36.8302,10.1374,2.0,0.0,0.0,0.0,190533.3,495512.68618274975,True,False,False,True,False,False,False,True,True,False
145000.0,96.0,2.0,1.0,0.0,0.0,0.0,0.0,0.0,3,36.7134,10.2096,2.0,0.0,0.0,0.0,197548.69142857144,256097.71569620253,True,False,False,True,False,True,False,False,True,False
380000.0,120.0,2.0,1.0,1.0,0.0,0.0,0.0,0.0,2,36.8333,10.3167,2.0,0.0,0.0,0.0,601819.5220062697,495512.68618274975,False,False,True,True,False,False,False,True,True,False
520000.0,152.0,4.0,2.0,1.0,0.0,0.0,0.0,0.0,2,36.8454,10.1851,3.0,1.0,0.0,0.0,303301.0294117647,274088.2291666667,False,True,False,True,False,True,False,False,True,False
175000.0,122.0,4.0,1.0,0.0,0.0,0.0,0.0,0.0,4,36.7723,10.2212,3.0,0.0,0.0,0.0,210000.0,256097.71569620253,True,False,False,True,False,True,False,False,True,False
265000.0,70.0,2.0,1.0,1.0,0.0,1.0,1.0,1.0,2,36.8833,10.25,2.0,0.0,0.0,0.0,393150.9196056338,368050.949375,False,False,True,True,False,False,False,True,True,False
280000.0,101.0,2.0,1.0,0.0,0.0,1.0,1.0,0.0,2,35.87,10.57,2.0,0.0,0.0,0.0,347622.13037037035,330755.1372713178,False,False,True,True,False,False,False,True,True,False
230000.0,100.0,3.0,1.0,1.0,0.0,0.0,0.0,0.0,2,36.8493,11.0918,2.0,0.0,1.0,0.0,189879.7706849315,335553.90432183904,True,False,False,True,False,False,False,True,True,False
183000.0,58.0,3.0,1.0,0.0,0.0,1.0,1.0,1.0,2,36.8624,10.2835,2.0,0.0,0.0,0.0,519943.5195618153,495512.68618274975,False,False,True,True,False,False,False,True,True,False
327000.0,118.0,3.0,1.0,1.0,0.0,1.0,1.0,1.0,2,36.8534,10.2505,2.0,1.0,0.0,0.0,519943.5195618153,495512.68618274975,False,False,True,True,False,False,False,True,True,False
165000.0,95.0,3.0,1.0,1.0,0.0,1.0,0.0,1.0,4,35.8569,10.5972,2.0,0.0,1.0,1.0,339414.0611787819,330755.1372713178,False,False,True,True,False,False,False,True,True,False
217000.0,81.0,3.0,1.0,0.0,1.0,1.0,0.0,0.0,1,35.7678,10.8225,2.0,0.0,0.0,0.0,283320.10545454547,299054.0060240964,False,True,False,True,False,False,True,False,True,False
240000.0,170.0,3.0,1.0,1.0,0.0,1.0,1.0,0.0,2,36.8188,10.166,3.0,1.0,0.0,0.0,257110.19941176468,495512.68618274975,False,True,False,True,False,False,False,True,True,False
600000.0,118.0,3.0,2.0,0.0,0.0,1.0,1.0,1.0,2,36.8333,10.3167,2.0,0.0,1.0,0.0,601819.5220062697,495512.68618274975,False,False,True,True,False,False,False,True,True,False
780000.0,181.0,4.0,1.0,1.0,0.0,0.0,0.0,1.0,2,36.8333,10.3167,4.0,1.0,0.0,0.0,601819.5220062697,495512.68618274975,False,False,True,True,False,False,False,True,True,False
230000.0,95.0,2.0,1.0,0.0,0.0,1.0,1.0,1.0,2,36.4011,10.6146,2.0,0.0,0.0,0.0,355184.6627435388,335553.90432183904,False,False,True,True,False,False,False,True,True,False
1095000.0,219.0,4.0,2.0,0.0,0.0,1.0,1.0,1.0,2,36.8333,10.3167,3.0,1.0,0.0,0.0,601819.5220062697,495512.68618274975,False,False,True,True,False,False,False,True,True,False
240000.0,100.0,3.0,1.0,0.0,0.0,1.0,1.0,0.0,6,36.8764,10.3253,2.0,0.0,0.0,0.0,519943.5195618153,495512.68618274975,False,False,True,True,False,False,False,True,True,False
260000.0,105.0,3.0,1.0,1.0,1.0,1.0,1.0,0.0,2,33.0777,9.5838,3.0,1.0,0.0,0.0,273416.375,335553.90432183904,False,True,False,True,False,False,False,True,True,False
205000.0,70.0,5.0,1.0,0.0,0.0,0.0,0.0,0.0,2,36.4011,10.6146,2.0,0.0,0.0,1.0,355184.6627435388,335553.90432183904,False,False,True,True,False,False,False,True,True,False
520000.0,165.0,4.0,3.0,1.0,0.0,1.0,1.0,1.0,2,36.8883,10.2742,3.0,1.0,0.0,0.0,393150.9196056338,368050.949375,False,False,True,True,False,False,False,True,True,False
785000.0,181.0,4.0,2.0,1.0,0.0,1.0,1.0,1.0,3,36.8333,10.3167,3.0,1.0,0.0,0.0,601819.5220062697,495512.68618274975,False,False,True,True,False,False,False,True,True,False
164000.0,100.0,3.0,1.0,0.0,1.0,0.0,0.0,0.0,2,36.6939,10.2622,2.0,1.0,0.0,0.0,257110.19941176468,495512.68618274975,False,True,False,True,False,False,False,True,True,False
380000.0,130.0,5.0,2.0,1.0,0.0,1.0,1.0,1.0,2,36.8404,10.1739,3.0,0.0,0.0,0.0,346388.2,335553.90432183904,False,False,True,True,False,False,False,True,True,False
265000.0,75.0,3.0,1.0,1.0,1.0,1.0,0.0,0.0,2,35.7833,10.8333,2.0,0.0,0.0,0.0,283320.10545454547,299054.0060240964,False,True,False,True,False,False,True,False,True,False
280000.0,84.0,2.0,1.0,1.0,0.0,1.0,1.0,0.0,2,35.87,10.57,2.0,0.0,0.0,0.0,347622.13037037035,330755.1372713178,False,False,True,True,False,False,False,True,True,False
250000.0,100.0,3.0,2.0,1.0,0.0,1.0,1.0,0.0,2,36.4011,10.6146,2.0,0.0,0.0,1.0,355184.6627435388,335553.90432183904,False,False,True,True,False,False,False,True,True,False
350000.0,125.0,3.0,1.0,1.0,0.0,1.0,1.0,0.0,2,36.4011,10.6146,2.0,1.0,0.0,1.0,355184.6627435388,335553.90432183904,False,False,True,True,False,False,False,True,True,False
165000.0,85.0,4.0,1.0,1.0,1.0,1.0,0.0,0.0,3,36.7723,10.2212,3.0,1.0,1.0,0.0,210000.0,256097.71569620253,True,False,False,True,False,True,False,False,True,False
145000.0,70.0,2.0,1.0,1.0,1.0,1.0,1.0,1.0,1,35.8273,10.6339,2.0,0.0,0.0,0.0,339414.0611787819,330755.1372713178,False,False,True,True,False,False,False,True,True,False
490000.0,183.0,5.0,3.0,1.0,0.0,1.0,1.0,1.0,5,36.8534,10.2505,4.0,1.0,0.0,0.0,519943.5195618153,495512.68618274975,False,False,True,True,False,False,False,True,True,False
315000.0,91.0,3.0,1.0,1.0,0.0,1.0,1.0,1.0,2,36.8764,10.3253,2.0,0.0,0.0,0.0,519943.5195618153,495512.68618274975,False,False,True,True,False,False,False,True,True,False
430000.0,120.0,3.0,1.0,1.0,0.0,1.0,1.0,1.0,2,36.4506,10.735,2.0,0.0,0.0,0.0,356101.26872727275,335553.90432183904,False,False,True,True,False,False,False,True,True,False
285000.0,115.0,2.0,1.0,0.0,0.0,0.0,0.0,0.0,1,36.7609,10.2736,3.0,0.0,0.0,0.0,239500.0,273790.43207547173,False,True,False,True,False,True,False,False,True,False
900000.0,111.0,2.0,1.0,1.0,0.0,1.0,1.0,0.0,2,36.8764,10.3253,2.0,0.0,0.0,0.0,519943.5195618153,495512.68618274975,False,False,True,True,False,False,False,True,True,False
180000.0,110.0,3.0,1.0,0.0,0.0,0.0,0.0,0.0,2,36.6939,10.2622,3.0,0.0,0.0,0.0,197548.69142857144,256097.71569620253,True,False,False,True,False,True,False,False,True,False
380000.0,128.0,2.0,1.0,0.0,0.0,0.0,0.0,0.0,2,36.4506,10.735,2.0,0.0,0.0,0.0,356101.26872727275,335553.90432183904,False,False,True,True,False,False,False,True,True,False
240000.0,60.0,3.0,1.0,0.0,0.0,0.0,0.0,0.0,2,36.4506,10.735,2.0,0.0,0.0,0.0,356101.26872727275,335553.90432183904,False,False,True,True,False,False,False,True,True,False
685000.0,137.0,3.0,1.0,1.0,0.0,0.0,0.0,0.0,2,36.8556,10.2918,2.0,0.0,0.0,1.0,601819.5220062697,495512.68618274975,False,False,True,True,False,False,False,True,True,False
340000.0,129.0,3.0,1.0,1.0,0.0,1.0,0.0,1.0,3,35.8273,10.6339,2.0,0.0,0.0,0.0,339414.0611787819,330755.1372713178,False,False,True,True,False,False,False,True,True,False
390000.0,75.0,3.0,1.0,1.0,0.0,0.0,0.0,0.0,2,36.8556,10.2918,2.0,1.0,0.0,0.0,601819.5220062697,495512.68618274975,False,False,True,True,False,False,False,True,True,False
145000.0,82.0,3.0,1.0,1.0,0.0,1.0,1.0,1.0,3,36.7786,10.0554,2.0,0.0,0.0,0.0,251258.3575,259667.45531914895,False,True,False,True,False,True,False,False,True,False
981700.0,174.0,4.0,3.0,1.0,0.0,1.0,1.0,1.0,2,36.8333,10.3167,3.0,1.0,0.0,0.0,601819.5220062697,495512.68618274975,False,False,True,True,False,False,False,True,True,False
165000.0,74.0,2.0,1.0,0.0,1.0,0.0,0.0,0.0,2,36.4011,10.6146,2.0,0.0,0.0,0.0,355184.6627435388,335553.90432183904,False,False,True,True,False,False,False,True,True,False
360000.0,113.0,3.0,1.0,1.0,0.0,1.0,1.0,1.0,1,36.8764,10.3253,2.0,1.0,0.0,0.0,519943.5195618153,495512.68618274975,False,False,True,True,False,False,False,True,True,False
200000.0,50.0,3.0,1.0,1.0,0.0,1.0,1.0,0.0,2,36.4011,10.6146,2.0,0.0,0.0,0.0,355184.6627435388,335553.90432183904,False,False,True,True,False,False,False,True,True,False
370000.0,150.0,2.0,2.0,1.0,0.0,1.0,1.0,1.0,2,36.4011,10.6146,2.0,1.0,1.0,1.0,355184.6627435388,335553.90432183904,False,False,True,True,False,False,False,True,True,False
778550.0,160.0,3.0,2.0,1.0,0.0,1.0,1.0,1.0,1,36.8333,10.3167,2.0,1.0,0.0,0.0,601819.5220062697,495512.68618274975,False,False,True,True,False,False,False,True,True,False
881000.0,204.0,4.0,3.0,1.0,0.0,1.0,1.0,1.0,2,36.8333,10.3167,3.0,1.0,0.0,0.0,601819.5220062697,495512.68618274975,False,False,True,True,False,False,False,True,True,False
947000.0,221.0,4.0,3.0,1.0,0.0,1.0,1.0,1.0,1,36.8333,10.3167,3.0,1.0,0.0,0.0,601819.5220062697,495512.68618274975,False,False,True,True,False,False,False,True,True,False
249000.0,68.0,3.0,1.0,1.0,0.0,1.0,1.0,1.0,1,36.8833,10.25,2.0,0.0,0.0,0.0,393150.9196056338,368050.949375,False,False,True,True,False,False,False,True,True,False
254000.0,69.0,3.0,1.0,1.0,0.0,1.0,1.0,1.0,1,36.8833,10.25,2.0,0.0,0.0,0.0,393150.9196056338,368050.949375,False,False,True,True,False,False,False,True,True,False
250000.0,85.0,3.0,1.0,0.0,0.0,0.0,0.0,0.0,2,36.4506,10.735,2.0,0.0,0.0,1.0,356101.26872727275,335553.90432183904,False,False,True,True,False,False,False,True,True,False
430000.0,143.0,3.0,1.0,1.0,0.0,1.0,1.0,0.0,2,35.8324,10.6225,3.0,1.0,0.0,0.0,355184.6627435388,335553.90432183904,False,False,True,True,False,False,False,True,True,False
390000.0,68.0,3.0,1.0,0.0,0.0,0.0,0.0,0.0,2,36.8764,10.3253,2.0,0.0,0.0,0.0,519943.5195618153,495512.68618274975,False,False,True,True,False,False,False,True,True,False
300000.0,100.0,3.0,1.0,0.0,0.0,1.0,1.0,0.0,2,36.4011,10.6146,2.0,1.0,0.0,0.0,355184.6627435388,335553.90432183904,False,False,True,True,False,False,False,True,True,False
385000.0,143.0,4.0,1.0,1.0,0.0,1.0,1.0,0.0,2,36.8625,10.1956,3.0,1.0,0.0,0.0,362112.70683229814,368050.949375,False,False,True,True,False,False,False,True,True,False
780000.0,120.0,5.0,2.0,1.0,0.0,1.0,1.0,0.0,3,36.8764,10.3253,4.0,1.0,0.0,0.0,519943.5195618153,495512.68618274975,False,False,True,True,False,False,False,True,True,False
300000.0,98.0,3.0,1.0,1.0,0.0,0.0,0.0,1.0,2,36.8883,10.2742,2.0,1.0,0.0,0.0,393150.9196056338,368050.949375,False,False,True,True,False,False,False,True,True,False
320000.0,115.0,2.0,1.0,1.0,0.0,1.0,1.0,1.0,2,36.8833,10.25,2.0,0.0,0.0,0.0,393150.9196056338,368050.949375,False,False,True,True,False,False,False,True,True,False
580000.0,185.0,4.0,2.0,1.0,0.0,0.0,1.0,0.0,2,36.4506,10.735,3.0,1.0,0.0,0.0,356101.26872727275,335553.90432183904,False,False,True,True,False,False,False,True,True,False
680000.0,113.0,3.0,2.0,0.0,0.0,1.0,1.0,0.0,1,36.8764,10.3253,2.0,0.0,0.0,0.0,519943.5195618153,495512.68618274975,False,False,True,True,False,False,False,True,True,False
360000.0,120.0,2.0,1.0,0.0,0.0,0.0,0.0,0.0,2,35.8569,10.5972,2.0,0.0,0.0,0.0,339414.0611787819,330755.1372713178,False,False,True,True,False,False,False,True,True,False
860000.0,159.0,4.0,2.0,1.0,0.0,1.0,1.0,1.0,2,36.8833,10.25,3.0,1.0,0.0,0.0,393150.9196056338,368050.949375,False,False,True,True,False,False,False,True,True,False
163000.0,89.0,3.0,1.0,0.0,0.0,1.0,1.0,1.0,1,36.7011,10.1698,2.0,1.0,0.0,0.0,174333.33333333334,274088.2291666667,True,False,False,True,False,True,False,False,True,False
560000.0,148.0,3.0,2.0,0.0,0.0,1.0,1.0,1.0,3,36.855,10.2989,2.0,1.0,0.0,0.0,601819.5220062697,495512.68618274975,False,False,True,True,False,False,False,True,True,False
250000.0,74.0,2.0,1.0,0.0,0.0,0.0,1.0,0.0,2,35.8324,10.6225,2.0,0.0,0.0,0.0,355184.6627435388,335553.90432183904,False,False,True,True,False,False,False,True,True,False
260000.0,65.0,3.0,1.0,0.0,0.0,1.0,1.0,0.0,2,35.8569,10.5972,2.0,0.0,0.0,0.0,339414.0611787819,330755.1372713178,False,False,True,True,False,False,False,True,True,False
220000.0,100.0,4.0,1.0,1.0,0.0,0.0,0.0,0.0,2,36.8493,11.0918,3.0,0.0,0.0,0.0,189879.7706849315,335553.90432183904,True,False,False,True,False,False,False,True,True,False
350000.0,168.0,3.0,1.0,1.0,0.0,0.0,0.0,0.0,2,36.8764,10.3253,3.0,0.0,0.0,0.0,519943.5195618153,495512.68618274975,False,False,True,True,False,False,False,True,True,False
485000.0,154.0,4.0,3.0,1.0,0.0,1.0,1.0,1.0,4,35.9313,10.8965,3.0,0.0,0.0,0.0,339414.0611787819,330755.1372713178,False,False,True,True,False,False,False,True,True,False
470000.0,146.0,4.0,3.0,1.0,0.0,1.0,1.0,1.0,3,35.9313,10.8965,3.0,0.0,0.0,0.0,339414.0611787819,330755.1372713178,False,False,True,True,False,False,False,True,True,False
320000.0,110.0,2.0,1.0,1.0,0.0,1.0,1.0,1.0,2,36.4011,10.6146,2.0,0.0,0.0,0.0,355184.6627435388,335553.90432183904,False,False,True,True,False,False,False,True,True,False
740000.0,170.0,4.0,2.0,1.0,0.0,1.0,1.0,1.0,2,36.8833,10.25,3.0,1.0,1.0,1.0,393150.9196056338,368050.949375,False,False,True,True,False,False,False,True,True,False
430000.0,143.0,4.0,2.0,1.0,0.0,1.0,1.0,1.0,2,35.8273,10.6339,3.0,1.0,0.0,0.0,339414.0611787819,330755.1372713178,False,False,True,True,False,False,False,True,True,False
650000.0,150.0,4.0,2.0,1.0,0.0,1.0,1.0,1.0,2,36.8833,10.25,3.0,1.0,0.0,0.0,393150.9196056338,368050.949375,False,False,True,True,False,False,False,True,True,False
562800.0,101.0,3.0,1.0,1.0,0.0,0.0,0.0,0.0,2,36.8556,10.2918,2.0,0.0,0.0,0.0,601819.5220062697,495512.68618274975,False,False,True,True,False,False,False,True,True,False
270000.0,90.0,2.0,1.0,1.0,0.0,1.0,1.0,1.0,2,35.8569,10.5972,2.0,1.0,0.0,1.0,339414.0611787819,330755.1372713178,False,False,True,True,False,False,False,True,True,False
170000.0,52.0,3.0,1.0,0.0,0.0,0.0,1.0,0.0,2,36.8625,10.1956,2.0,0.0,0.0,0.0,362112.70683229814,368050.949375,False,False,True,True,False,False,False,True,True,False
163000.0,40.0,3.0,1.0,1.0,1.0,1.0,1.0,1.0,3,36.4011,10.6146,2.0,0.0,1.0,1.0,355184.6627435388,335553.90432183904,False,False,True,True,False,False,False,True,True,False
195000.0,112.0,2.0,1.0,1.0,0.0,0.0,0.0,0.0,2,36.8833,10.25,3.0,0.0,0.0,0.0,393150.9196056338,368050.949375,False,False,True,True,False,False,False,True,True,False
230000.0,124.0,3.0,1.0,1.0,0.0,0.0,1.0,1.0,2,36.6939,10.2622,3.0,0.0,0.0,0.0,197548.69142857144,256097.71569620253,True,False,False,True,False,True,False,False,True,False
425000.0,172.0,2.0,2.0,1.0,0.0,0.0,1.0,0.0,2,36.8833,10.25,3.0,1.0,1.0,0.0,393150.9196056338,368050.949375,False,False,True,True,False,False,False,True,True,False
715000.0,137.0,3.0,1.0,1.0,0.0,1.0,1.0,1.0,2,36.8333,10.3167,2.0,1.0,0.0,1.0,601819.5220062697,495512.68618274975,False,False,True,True,False,False,False,True,True,False
400000.0,150.0,5.0,1.0,0.0,0.0,1.0,1.0,0.0,2,36.8452,10.1647,4.0,0.0,0.0,0.0,346388.2,335553.90432183904,False,False,True,True,False,False,False,True,True,False
465000.0,185.0,4.0,3.0,1.0,0.0,1.0,1.0,0.0,2,36.4011,10.6146,3.0,0.0,0.0,0.0,355184.6627435388,335553.90432183904,False,False,True,True,False,False,False,True,True,False
430000.0,156.0,4.0,2.0,1.0,0.0,1.0,1.0,1.0,2,36.8764,10.3253,3.0,1.0,0.0,0.0,519943.5195618153,495512.68618274975,False,False,True,True,False,False,False,True,True,False
350000.0,119.0,4.0,1.0,0.0,0.0,1.0,1.0,0.0,2,36.8181,10.305,3.0,0.0,0.0,0.0,320842.93555555557,495512.68618274975,False,True,False,True,False,False,False,True,True,False
350000.0,119.0,4.0,2.0,0.0,0.0,1.0,1.0,1.0,2,36.8181,10.305,3.0,0.0,0.0,0.0,320842.93555555557,495512.68618274975,False,True,False,True,False,False,False,True,True,False
290000.0,134.0,3.0,2.0,1.0,0.0,1.0,1.0,0.0,2,36.744,10.2947,3.0,0.0,1.0,0.0,261889.71862068964,256097.71569620253,False,True,False,True,False,True,False,False,True,False
420000.0,124.0,3.0,1.0,1.0,0.0,0.0,0.0,1.0,2,36.8883,10.2742,3.0,0.0,0.0,0.0,393150.9196056338,368050.949375,False,False,True,True,False,False,False,True,True,False
301000.0,81.0,3.0,1.0,1.0,0.0,1.0,1.0,1.0,2,36.4506,10.735,2.0,0.0,0.0,1.0,356101.26872727275,335553.90432183904,False,False,True,True,False,False,False,True,True,False
280000.0,110.0,4.0,1.0,1.0,0.0,0.0,1.0,0.0,2,35.79,10.56,3.0,0.0,0.0,0.0,339414.0611787819,330755.1372713178,False,False,True,True,False,False,False,True,True,False
430000.0,173.0,3.0,1.0,0.0,0.0,0.0,1.0,0.0,2,36.8764,10.3253,3.0,0.0,0.0,0.0,519943.5195618153,495512.68618274975,False,False,True,True,False,False,False,True,True,False
140000.0,87.0,3.0,1.0,0.0,0.0,0.0,0.0,0.0,2,36.7723,10.1796,3.0,0.0,0.0,0.0,174333.33333333334,274088.2291666667,True,False,False,True,False,True,False,False,True,False
240000.0,100.0,3.0,1.0,1.0,0.0,1.0,1.0,1.0,2,36.7786,10.0554,2.0,1.0,0.0,0.0,251258.3575,259667.45531914895,False,True,False,True,False,True,False,False,True,False
180000.0,150.0,3.0,1.0,0.0,0.0,1.0,0.0,0.0,4,35.9514,10.5478,2.0,0.0,0.0,0.0,347622.13037037035,330755.1372713178,False,False,True,True,False,False,False,True,True,False
150000.0,99.0,4.0,1.0,0.0,0.0,0.0,0.0,0.0,3,36.9544,10.1914,3.0,0.0,0.0,0.0,298410.12333333335,368050.949375,False,True,False,True,False,False,False,True,True,False
290000.0,135.0,4.0,1.0,0.0,0.0,0.0,1.0,0.0,3,36.8155,10.1857,3.0,0.0,0.0,0.0,257110.19941176468,495512.68618274975,False,True,False,True,False,False,False,True,True,False
400000.0,120.0,5.0,2.0,0.0,0.0,0.0,1.0,0.0,2,36.8625,10.1956,4.0,0.0,0.0,0.0,362112.70683229814,368050.949375,False,False,True,True,False,False,False,True,True,False
580000.0,148.0,3.0,1.0,1.0,0.0,0.0,0.0,1.0,2,36.8556,10.2918,2.0,1.0,0.0,0.0,601819.5220062697,495512.68618274975,False,False,True,True,False,False,False,True,True,False
590000.0,187.0,3.0,3.0,0.0,0.0,1.0,1.0,1.0,1,36.8654,10.2151,4.0,1.0,0.0,0.0,393150.9196056338,368050.949375,False,False,True,True,False,False,False,True,True,False
300000.0,135.0,3.0,2.0,1.0,0.0,1.0,1.0,1.0,6,36.9544,10.1914,3.0,0.0,0.0,0.0,298410.12333333335,368050.949375,False,True,False,True,False,False,False,True,True,False
85000.0,63.0,2.0,1.0,0.0,0.0,0.0,0.0,0.0,3,36.8188,10.166,2.0,0.0,0.0,0.0,257110.19941176468,495512.68618274975,False,True,False,True,False,False,False,True,True,False
680000.0,147.0,3.0,1.0,0.0,0.0,0.0,0.0,0.0,2,36.8556,10.2918,3.0,1.0,0.0,0.0,601819.5220062697,495512.68618274975,False,False,True,True,False,False,False,True,True,False
530000.0,111.0,3.0,1.0,1.0,0.0,1.0,1.0,1.0,2,36.8764,10.3253,2.0,1.0,0.0,0.0,519943.5195618153,495512.68618274975,False,False,True,True,False,False,False,True,True,False
350000.0,68.0,3.0,1.0,0.0,0.0,1.0,1.0,0.0,2,36.8764,10.3253,2.0,1.0,0.0,0.0,519943.5195618153,495512.68618274975,False,False,True,True,False,False,False,True,True,False
220000.0,90.0,3.0,1.0,0.0,0.0,1.0,1.0,1.0,2,36.8764,10.3253,2.0,0.0,0.0,0.0,519943.5195618153,495512.68618274975,False,False,True,True,False,False,False,True,True,False
315000.0,139.0,3.0,1.0,1.0,0.0,1.0,1.0,1.0,2,36.8625,10.1956,2.0,0.0,1.0,0.0,362112.70683229814,368050.949375,False,False,True,True,False,False,False,True,True,False
527000.0,137.0,3.0,3.0,0.0,0.0,1.0,1.0,1.0,3,36.8625,10.1956,3.0,1.0,0.0,0.0,362112.70683229814,368050.949375,False,False,True,True,False,False,False,True,True,False
216000.0,57.0,3.0,1.0,0.0,0.0,1.0,1.0,1.0,1,36.8625,10.1956,2.0,1.0,0.0,0.0,362112.70683229814,368050.949375,False,False,True,True,False,False,False,True,True,False
425000.0,109.0,2.0,2.0,1.0,0.0,1.0,1.0,1.0,3,36.8625,10.1956,2.0,1.0,0.0,0.0,362112.70683229814,368050.949375,False,False,True,True,False,False,False,True,True,False
485000.0,190.0,3.0,1.0,1.0,0.0,0.0,0.0,0.0,2,36.8491,10.1661,2.0,0.0,0.0,0.0,362112.70683229814,368050.949375,False,False,True,True,False,False,False,True,True,False
540000.0,95.0,3.0,1.0,1.0,0.0,0.0,0.0,0.0,2,36.8556,10.2918,2.0,1.0,0.0,0.0,601819.5220062697,495512.68618274975,False,False,True,True,False,False,False,True,True,False
395000.0,125.0,3.0,2.0,1.0,0.0,1.0,1.0,1.0,2,36.8625,10.1956,2.0,1.0,0.0,0.0,362112.70683229814,368050.949375,False,False,True,True,False,False,False,True,True,False
455000.0,130.0,4.0,1.0,1.0,1.0,1.0,1.0,1.0,5,35.8385,10.6326,2.0,1.0,0.0,1.0,339414.0611787819,330755.1372713178,False,False,True,True,False,False,False,True,True,False
270000.0,70.0,3.0,1.0,0.0,0.0,1.0,0.0,0.0,2,35.8177,10.6455,2.0,0.0,0.0,0.0,339414.0611787819,330755.1372713178,False,False,True,True,False,False,False,True,True,False
570000.0,200.0,3.0,3.0,1.0,0.0,1.0,1.0,1.0,2,36.8625,10.1956,3.0,0.0,0.0,0.0,362112.70683229814,368050.949375,False,False,True,True,False,False,False,True,True,False
470000.0,206.0,4.0,3.0,1.0,0.0,1.0,1.0,1.0,2,36.8525,10.1577,4.0,1.0,0.0,0.0,362112.70683229814,368050.949375,False,False,True,True,False,False,False,True,True,False
550000.0,185.0,3.0,3.0,1.0,0.0,1.0,1.0,1.0,2,36.8625,10.1956,3.0,1.0,0.0,0.0,362112.70683229814,368050.949375,False,False,True,True,False,False,False,True,True,False
350000.0,86.0,2.0,1.0,0.0,0.0,1.0,1.0,1.0,2,36.8625,10.1956,2.0,1.0,0.0,0.0,362112.70683229814,368050.949375,False,False,True,True,False,False,False,True,True,False
220000.0,74.0,3.0,2.0,1.0,0.0,1.0,1.0,1.0,2,36.8625,10.1956,2.0,1.0,1.0,0.0,362112.70683229814,368050.949375,False,False,True,True,False,False,False,True,True,False
725000.0,125.0,3.0,1.0,1.0,0.0,0.0,0.0,0.0,2,36.8556,10.2918,2.0,1.0,0.0,0.0,601819.5220062697,495512.68618274975,False,False,True,True,False,False,False,True,True,False
390000.0,121.0,3.0,1.0,1.0,0.0,0.0,1.0,0.0,6,36.8625,10.1956,2.0,1.0,0.0,0.0,362112.70683229814,368050.949375,False,False,True,True,False,False,False,True,True,False
270000.0,95.0,4.0,1.0,1.0,0.0,0.0,0.0,0.0,2,37.1303,9.7507,3.0,0.0,0.0,0.0,301532.5788888889,273790.43207547173,False,True,False,True,False,True,False,False,True,False
310000.0,165.0,3.0,1.0,1.0,0.0,0.0,0.0,0.0,2,36.7639,10.2861,2.0,1.0,0.0,0.0,254104.44444444444,295071.536,False,True,False,True,False,False,True,False,True,False
280000.0,115.0,3.0,2.0,1.0,0.0,0.0,1.0,1.0,2,36.8356,10.2159,2.0,0.0,0.0,0.0,273416.375,335553.90432183904,False,True,False,True,False,False,False,True,True,False
480000.0,179.0,5.0,1.0,1.0,0.0,0.0,0.0,0.0,2,36.8048,10.1801,3.0,1.0,0.0,0.0,257110.19941176468,495512.68618274975,False,True,False,True,False,False,False,True,True,False
378000.0,126.0,2.0,1.0,1.0,0.0,1.0,1.0,1.0,2,36.4506,10.735,2.0,0.0,0.0,0.0,356101.26872727275,335553.90432183904,False,False,True,True,False,False,False,True,True,False
450000.0,87.0,3.0,1.0,1.0,0.0,1.0,1.0,1.0,5,36.8556,10.2918,2.0,1.0,0.0,0.0,601819.5220062697,495512.68618274975,False,False,True,True,False,False,False,True,True,False
270000.0,69.0,3.0,1.0,0.0,0.0,0.0,0.0,0.0,2,36.4011,10.6146,2.0,0.0,0.0,1.0,355184.6627435388,335553.90432183904,False,False,True,True,False,False,False,True,True,False
345000.0,130.0,4.0,3.0,1.0,0.0,0.0,1.0,0.0,1,36.8818,10.2555,3.0,1.0,0.0,0.0,393150.9196056338,368050.949375,False,False,True,True,False,False,False,True,True,False
250000.0,75.0,3.0,1.0,1.0,0.0,1.0,1.0,1.0,2,36.8625,10.1956,2.0,1.0,0.0,0.0,362112.70683229814,368050.949375,False,False,True,True,False,False,False,True,True,False
215000.0,75.0,3.0,1.0,0.0,0.0,1.0,1.0,1.0,2,36.8597,10.1343,2.0,0.0,0.0,0.0,362112.70683229814,368050.949375,False,False,True,True,False,False,False,True,True,False
430000.0,110.0,3.0,1.0,0.0,0.0,0.0,0.0,1.0,2,36.8883,10.2742,3.0,0.0,1.0,0.0,393150.9196056338,368050.949375,False,False,True,True,False,False,False,True,True,False
370000.0,118.0,3.0,1.0,0.0,0.0,0.0,0.0,1.0,2,33.0777,9.5838,2.0,0.0,0.0,0.0,273416.375,335553.90432183904,False,True,False,True,False,False,False,True,True,False
350000.0,77.0,3.0,1.0,1.0,0.0,0.0,0.0,0.0,2,36.4506,10.735,2.0,1.0,0.0,0.0,356101.26872727275,335553.90432183904,False,False,True,True,False,False,False,True,True,False
315000.0,86.0,2.0,1.0,1.0,0.0,1.0,1.0,0.0,2,36.4198,10.6619,2.0,1.0,0.0,0.0,355184.6627435388,335553.90432183904,False,False,True,True,False,False,False,True,True,False
335000.0,96.0,3.0,1.0,1.0,0.0,1.0,1.0,1.0,3,36.4011,10.6146,2.0,0.0,0.0,1.0,355184.6627435388,335553.90432183904,False,False,True,True,False,False,False,True,True,False
450000.0,140.0,3.0,2.0,1.0,0.0,1.0,1.0,1.0,2,36.8386,10.1525,3.0,1.0,1.0,0.0,346388.2,335553.90432183904,False,False,True,True,False,False,False,True,True,False
965000.0,157.0,4.0,2.0,1.0,0.0,1.0,1.0,1.0,1,36.8862,10.3214,3.0,0.0,0.0,0.0,519943.5195618153,495512.68618274975,False,False,True,True,False,False,False,True,True,False
155000.0,110.0,3.0,1.0,1.0,0.0,0.0,0.0,0.0,2,36.6939,10.2622,3.0,0.0,0.0,0.0,202500.0,256097.71569620253,True,False,False,True,False,True,False,False,True,False
290000.0,120.0,3.0,1.0,0.0,0.0,0.0,0.0,0.0,2,36.4011,10.6146,2.0,0.0,0.0,0.0,355184.6627435388,335553.90432183904,False,False,True,True,False,False,False,True,True,False
250000.0,115.0,3.0,1.0,1.0,1.0,0.0,0.0,0.0,1,36.8436,11.1171,2.0,0.0,0.0,0.0,189879.7706849315,335553.90432183904,True,False,False,True,False,False,False,True,True,False
160000.0,111.0,3.0,1.0,0.0,0.0,0.0,0.0,0.0,2,37.1303,9.7507,3.0,0.0,0.0,0.0,160000.0,273790.43207547173,True,False,False,False,True,True,False,False,True,False
150000.0,80.0,3.0,1.0,1.0,0.0,1.0,0.0,0.0,1,36.9544,10.1914,2.0,0.0,1.0,0.0,298410.12333333335,368050.949375,False,True,False,True,False,False,False,True,True,False
250000.0,114.0,4.0,1.0,0.0,0.0,0.0,0.0,0.0,2,36.7963,10.1807,3.0,0.0,0.0,0.0,257110.19941176468,495512.68618274975,False,True,False,True,False,False,False,True,True,False
850000.0,216.0,4.0,2.0,1.0,0.0,1.0,1.0,1.0,3,36.8556,10.2918,3.0,1.0,0.0,0.0,601819.5220062697,495512.68618274975,False,False,True,True,False,False,False,True,True,False
265000.0,113.0,3.0,2.0,0.0,0.0,1.0,1.0,0.0,2,36.8625,10.1956,3.0,1.0,0.0,0.0,362112.70683229814,368050.949375,False,False,True,True,False,False,False,True,True,False
365000.0,150.0,3.0,2.0,1.0,0.0,1.0,1.0,0.0,6,36.8625,10.1956,4.0,0.0,0.0,0.0,362112.70683229814,368050.949375,False,False,True,True,False,False,False,True,True,False
170000.0,122.0,3.0,1.0,0.0,0.0,0.0,0.0,0.0,1,35.6167,11.0,3.0,0.0,0.0,0.0,201000.0,299054.0060240964,True,False,False,True,False,False,True,False,True,False
780000.0,187.0,4.0,1.0,1.0,0.0,1.0,1.0,0.0,4,36.8333,10.3167,3.0,1.0,0.0,0.0,601819.5220062697,495512.68618274975,False,False,True,True,False,False,False,True,True,False
255000.0,156.0,5.0,1.0,0.0,0.0,0.0,1.0,1.0,5,36.8625,10.1956,4.0,0.0,0.0,0.0,362112.70683229814,368050.949375,False,False,True,True,False,False,False,True,True,False
865000.0,160.0,3.0,3.0,1.0,0.0,1.0,1.0,1.0,2,36.8333,10.3167,2.0,1.0,1.0,1.0,601819.5220062697,495512.68618274975,False,False,True,True,False,False,False,True,True,False
920000.0,152.0,3.0,3.0,1.0,0.0,1.0,1.0,0.0,1,36.8764,10.3253,2.0,1.0,0.0,0.0,519943.5195618153,495512.68618274975,False,False,True,True,False,False,False,True,True,False
125000.0,100.0,3.0,1.0,1.0,0.0,0.0,0.0,0.0,3,36.6939,10.2622,2.0,1.0,1.0,0.0,197548.69142857144,256097.71569620253,True,False,False,True,False,True,False,False,True,False
267000.0,112.0,3.0,2.0,0.0,0.0,1.0,1.0,1.0,1,36.6939,10.2622,2.0,0.0,0.0,0.0,197548.69142857144,256097.71569620253,True,False,False,True,False,True,False,False,True,False
280000.0,120.0,3.0,1.0,1.0,0.0,0.0,0.0,0.0,2,36.8491,10.1661,2.0,0.0,0.0,0.0,362112.70683229814,368050.949375,False,False,True,True,False,False,False,True,True,False
280000.0,100.0,3.0,1.0,0.0,0.0,0.0,0.0,0.0,2,35.7678,10.8225,3.0,0.0,0.0,0.0,283320.10545454547,299054.0060240964,False,True,False,True,False,False,True,False,True,False
163200.0,96.0,2.0,1.0,0.0,0.0,0.0,0.0,0.0,1,35.8273,10.6339,2.0,0.0,0.0,0.0,339414.0611787819,330755.1372713178,False,False,True,True,False,False,False,True,True,False
450000.0,82.0,2.0,1.0,0.0,0.0,0.0,0.0,0.0,2,36.8333,10.3167,2.0,0.0,0.0,0.0,601819.5220062697,495512.68618274975,False,False,True,True,False,False,False,True,True,False
285000.0,152.0,5.0,1.0,1.0,0.0,0.0,0.0,0.0,2,36.8566,10.3258,3.0,0.0,0.0,0.0,460266.7082352941,495512.68618274975,False,False,True,True,False,False,False,True,True,False
100000.0,70.0,4.0,1.0,0.0,0.0,0.0,0.0,0.0,3,36.8008,10.1776,3.0,0.0,0.0,0.0,257110.19941176468,495512.68618274975,False,True,False,True,False,False,False,True,True,False
1300000.0,220.0,4.0,3.0,1.0,0.0,1.0,1.0,0.0,2,36.8764,10.3253,3.0,1.0,0.0,0.0,519943.5195618153,495512.68618274975,False,False,True,True,False,False,False,True,True,False
840000.0,128.0,3.0,2.0,1.0,0.0,1.0,1.0,1.0,1,36.9177,10.2889,2.0,1.0,0.0,0.0,519943.5195618153,495512.68618274975,False,False,True,True,False,False,False,True,True,False
90000.0,81.0,4.0,1.0,0.0,0.0,0.0,0.0,0.0,4,36.8188,10.166,3.0,0.0,0.0,0.0,273416.375,335553.90432183904,False,True,False,True,False,False,False,True,True,False
144000.0,90.0,3.0,1.0,0.0,0.0,0.0,0.0,0.0,2,36.5772,10.3425,2.0,0.0,0.0,0.0,356912.7528888889,256097.71569620253,False,False,True,True,False,True,False,False,True,False
420000.0,153.0,3.0,1.0,1.0,0.0,1.0,1.0,1.0,2,36.8833,10.25,2.0,1.0,1.0,0.0,393150.9196056338,368050.949375,False,False,True,True,False,False,False,True,True,False
175000.0,120.0,3.0,1.0,1.0,0.0,0.0,0.0,0.0,2,36.532,10.1048,2.0,0.0,0.0,0.0,298410.12333333335,368050.949375,False,True,False,True,False,False,False,True,True,False
175000.0,120.0,3.0,1.0,1.0,0.0,0.0,0.0,0.0,2,36.8861,10.1823,3.0,0.0,0.0,0.0,298410.12333333335,368050.949375,False,True,False,True,False,False,False,True,True,False
320000.0,120.0,2.0,1.0,0.0,0.0,0.0,0.0,1.0,2,36.4011,10.6146,2.0,0.0,0.0,0.0,355184.6627435388,335553.90432183904,False,False,True,True,False,False,False,True,True,False
360000.0,135.0,4.0,1.0,1.0,0.0,0.0,0.0,0.0,2,37.272,9.8708,3.0,1.0,0.0,0.0,301532.5788888889,273790.43207547173,False,True,False,True,False,True,False,False,True,False
420000.0,90.0,3.0,2.0,1.0,0.0,1.0,1.0,1.0,2,36.4011,10.6146,2.0,0.0,0.0,0.0,355184.6627435388,335553.90432183904,False,False,True,True,False,False,False,True,True,False
420000.0,97.0,4.0,2.0,1.0,1.0,1.0,1.0,1.0,2,36.4506,10.735,3.0,0.0,0.0,0.0,356101.26872727275,335553.90432183904,False,False,True,True,False,False,False,True,True,False
700000.0,140.0,3.0,3.0,1.0,0.0,1.0,1.0,1.0,2,36.8333,10.3167,2.0,1.0,0.0,1.0,601819.5220062697,495512.68618274975,False,False,True,True,False,False,False,True,True,False
140000.0,94.0,3.0,1.0,0.0,0.0,0.0,0.0,0.0,2,36.7786,10.0554,3.0,0.0,0.0,0.0,251258.3575,259667.45531914895,False,True,False,True,False,True,False,False,True,False
150000.0,150.0,4.0,1.0,1.0,0.0,0.0,0.0,1.0,3,36.8833,10.25,3.0,0.0,0.0,0.0,393150.9196056338,368050.949375,False,False,True,True,False,False,False,True,True,False
240000.0,115.0,3.0,2.0,1.0,0.0,1.0,1.0,0.0,2,35.7833,10.8333,2.0,0.0,0.0,0.0,283320.10545454547,299054.0060240964,False,True,False,True,False,False,True,False,True,False
250000.0,100.0,3.0,1.0,0.0,0.0,0.0,0.0,0.0,1,36.4943,9.1257,2.0,0.0,0.0,0.0,235000.0,235000.0,False,True,False,True,False,True,False,False,True,False
175000.0,90.0,3.0,2.0,0.0,0.0,0.0,0.0,0.0,2,36.8188,10.166,3.0,0.0,0.0,0.0,257110.19941176468,495512.68618274975,False,True,False,True,False,False,False,True,True,False
275000.0,110.0,3.0,1.0,1.0,0.0,0.0,1.0,1.0,1,36.8332,10.1385,2.0,0.0,0.0,0.0,346388.2,335553.90432183904,False,False,True,True,False,False,False,True,True,False
850000.0,200.0,3.0,1.0,1.0,0.0,0.0,0.0,1.0,2,36.8764,10.3253,2.0,1.0,0.0,0.0,519943.5195618153,495512.68618274975,False,False,True,True,False,False,False,True,True,False
330000.0,173.0,2.0,1.0,0.0,0.0,1.0,1.0,0.0,2,36.8833,10.25,3.0,1.0,1.0,0.0,393150.9196056338,368050.949375,False,False,True,True,False,False,False,True,True,False
476000.0,170.0,4.0,3.0,1.0,0.0,1.0,1.0,1.0,6,36.9544,10.1914,3.0,1.0,0.0,0.0,298410.12333333335,368050.949375,False,True,False,True,False,False,False,True,True,False
215000.0,56.0,3.0,2.0,1.0,0.0,1.0,1.0,0.0,5,36.8221,10.3034,2.0,0.0,0.0,0.0,320842.93555555557,495512.68618274975,False,True,False,True,False,False,False,True,True,False
750000.0,192.0,4.0,2.0,1.0,0.0,1.0,1.0,1.0,3,36.8833,10.25,3.0,1.0,0.0,0.0,393150.9196056338,368050.949375,False,False,True,True,False,False,False,True,True,False
80000.0,150.0,3.0,1.0,0.0,0.0,0.0,0.0,0.0,2,37.0618,10.1199,2.0,0.0,1.0,0.0,197548.69142857144,256097.71569620253,True,False,False,True,False,True,False,False,True,False
650000.0,147.0,3.0,2.0,1.0,0.0,1.0,1.0,1.0,2,36.8556,10.2918,2.0,1.0,0.0,0.0,601819.5220062697,495512.68618274975,False,False,True,True,False,False,False,True,True,False
180000.0,110.0,3.0,1.0,0.0,0.0,1.0,0.0,1.0,3,36.7609,10.2736,3.0,1.0,1.0,0.0,223470.58823529413,256097.71569620253,False,True,False,True,False,True,False,False,True,False
310000.0,100.0,4.0,1.0,1.0,0.0,1.0,1.0,0.0,2,36.4011,10.6146,2.0,0.0,0.0,0.0,355184.6627435388,335553.90432183904,False,False,True,True,False,False,False,True,True,False
135000.0,93.0,4.0,1.0,0.0,0.0,0.0,0.0,0.0,2,36.8188,10.166,4.0,0.0,0.0,0.0,108333.33333333333,305000.0,True,False,False,True,False,False,True,False,True,False
450000.0,171.0,2.0,1.0,0.0,0.0,0.0,0.0,0.0,2,36.4011,10.6146,2.0,0.0,0.0,0.0,355184.6627435388,335553.90432183904,False,False,True,True,False,False,False,True,True,False
245000.0,51.0,3.0,1.0,0.0,0.0,0.0,0.0,0.0,2,36.4011,10.6146,2.0,0.0,0.0,1.0,355184.6627435388,335553.90432183904,False,False,True,True,False,False,False,True,True,False
380000.0,108.0,2.0,1.0,0.0,0.0,0.0,0.0,0.0,2,36.4011,10.6146,2.0,0.0,0.0,1.0,355184.6627435388,335553.90432183904,False,False,True,True,False,False,False,True,True,False
388000.0,127.0,2.0,1.0,1.0,0.0,0.0,0.0,0.0,2,36.4011,10.6146,2.0,0.0,0.0,0.0,355184.6627435388,335553.90432183904,False,False,True,True,False,False,False,True,True,False
525000.0,146.0,4.0,3.0,1.0,0.0,1.0,1.0,1.0,1,36.8833,10.25,3.0,1.0,0.0,0.0,393150.9196056338,368050.949375,False,False,True,True,False,False,False,True,True,False
500000.0,120.0,3.0,2.0,1.0,0.0,1.0,1.0,1.0,4,36.8333,10.3167,2.0,1.0,0.0,0.0,601819.5220062697,495512.68618274975,False,False,True,True,False,False,False,True,True,False
550000.0,152.0,3.0,2.0,0.0,0.0,0.0,1.0,0.0,2,36.8333,10.3167,4.0,0.0,0.0,0.0,601819.5220062697,495512.68618274975,False,False,True,True,False,False,False,True,True,False
220000.0,70.0,3.0,1.0,0.0,0.0,1.0,1.0,0.0,2,36.8188,10.166,3.0,0.0,0.0,0.0,257110.19941176468,495512.68618274975,False,True,False,True,False,False,False,True,True,False
380000.0,130.0,3.0,1.0,1.0,0.0,0.0,1.0,0.0,1,36.8764,10.3253,2.0,0.0,0.0,0.0,519943.5195618153,495512.68618274975,False,False,True,True,False,False,False,True,True,False
850000.0,117.0,4.0,1.0,1.0,0.0,1.0,1.0,0.0,2,35.79,10.56,3.0,1.0,1.0,0.0,600000.0,305000.0,False,False,True,False,True,False,True,False,True,False
195000.0,95.0,3.0,1.0,1.0,0.0,0.0,0.0,0.0,2,36.8493,11.0918,2.0,0.0,1.0,0.0,189879.7706849315,335553.90432183904,True,False,False,True,False,False,False,True,True,False
210000.0,50.0,3.0,1.0,1.0,0.0,0.0,0.0,1.0,2,36.4011,10.6146,2.0,0.0,0.0,0.0,355184.6627435388,335553.90432183904,False,False,True,True,False,False,False,True,True,False
230000.0,124.0,3.0,1.0,0.0,0.0,0.0,1.0,1.0,1,36.8651,10.2124,3.0,0.0,1.0,0.0,393150.9196056338,368050.949375,False,False,True,True,False,False,False,True,True,False
157000.0,52.0,3.0,1.0,0.0,0.0,0.0,1.0,1.0,2,36.8651,10.2124,2.0,1.0,0.0,0.0,393150.9196056338,368050.949375,False,False,True,True,False,False,False,True,True,False
203000.0,70.0,3.0,2.0,0.0,0.0,1.0,0.0,1.0,1,35.9431,10.5202,2.0,0.0,0.0,0.0,389984.1204651163,406094.33674999996,False,False,True,True,False,False,False,True,True,False
124700.0,43.0,3.0,1.0,0.0,0.0,1.0,0.0,1.0,1,35.9431,10.5202,2.0,0.0,0.0,0.0,389984.1204651163,406094.33674999996,False,False,True,True,False,False,False,True,True,False
260000.0,102.0,3.0,1.0,0.0,0.0,1.0,1.0,0.0,2,36.8546,10.1234,2.0,1.0,0.0,0.0,255000.0,274088.2291666667,False,True,False,True,False,True,False,False,True,False
195000.0,74.0,3.0,1.0,0.0,0.0,1.0,0.0,1.0,2,36.789,10.1835,2.0,0.0,0.0,0.0,215000.0,300416.6666666667,True,False,False,True,False,False,True,False,True,False
70000.0,120.0,3.0,1.0,1.0,0.0,0.0,0.0,0.0,2,36.7978,10.1542,2.0,0.0,0.0,0.0,165000.0,299054.0060240964,True,False,False,False,True,False,True,False,True,False
480000.0,128.0,2.0,1.0,1.0,0.0,1.0,1.0,0.0,2,35.8273,10.6339,3.0,0.0,0.0,0.0,339414.0611787819,330755.1372713178,False,False,True,True,False,False,False,True,True,False
300000.0,160.0,4.0,1.0,0.0,0.0,0.0,0.0,0.0,2,36.7992,10.1756,4.0,0.0,0.0,0.0,257110.19941176468,495512.68618274975,False,True,False,True,False,False,False,True,True,False
360000.0,90.0,3.0,1.0,1.0,0.0,1.0,0.0,1.0,1,37.1303,9.7507,2.0,0.0,1.0,1.0,265000.0,273790.43207547173,False,True,False,False,True,True,False,False,True,False
444000.0,127.0,3.0,2.0,1.0,0.0,1.0,1.0,1.0,2,36.4011,10.6146,2.0,0.0,0.0,0.0,355184.6627435388,335553.90432183904,False,False,True,True,False,False,False,True,True,False
230000.0,95.0,2.0,1.0,0.0,0.0,1.0,1.0,0.0,2,36.4011,10.6146,2.0,0.0,0.0,0.0,355184.6627435388,335553.90432183904,False,False,True,True,False,False,False,True,True,False
400000.0,90.0,3.0,1.0,0.0,0.0,1.0,1.0,0.0,2,36.8848,10.312,2.0,0.0,0.0,0.0,519943.5195618153,495512.68618274975,False,False,True,True,False,False,False,True,True,False
430000.0,136.0,3.0,2.0,1.0,0.0,1.0,1.0,1.0,2,36.4011,10.6146,2.0,0.0,1.0,1.0,355184.6627435388,335553.90432183904,False,False,True,True,False,False,False,True,True,False
170000.0,134.0,3.0,1.0,1.0,0.0,0.0,0.0,0.0,2,36.8493,11.0918,2.0,0.0,0.0,0.0,189879.7706849315,335553.90432183904,True,False,False,True,False,False,False,True,True,False
850000.0,208.0,5.0,2.0,1.0,0.0,0.0,0.0,0.0,2,36.8556,10.2918,3.0,0.0,0.0,0.0,601819.5220062697,495512.68618274975,False,False,True,True,False,False,False,True,True,False
200000.0,68.0,2.0,1.0,0.0,0.0,0.0,0.0,0.0,2,36.4506,10.735,2.0,0.0,0.0,0.0,356101.26872727275,335553.90432183904,False,False,True,True,False,False,False,True,True,False
120000.0,80.0,3.0,1.0,1.0,0.0,0.0,0.0,0.0,1,36.7589,10.1109,2.0,1.0,0.0,0.0,144860.5,495512.68618274975,True,False,False,True,False,False,False,True,True,False
395000.0,186.0,4.0,2.0,1.0,0.0,1.0,1.0,0.0,4,36.8625,10.1956,3.0,1.0,0.0,0.0,362112.70683229814,368050.949375,False,False,True,True,False,False,False,True,True,False
300000.0,160.0,5.0,1.0,0.0,0.0,0.0,0.0,0.0,1,36.8188,10.166,3.0,0.0,0.0,0.0,257110.19941176468,495512.68618274975,False,True,False,True,False,False,False,True,True,False
220000.0,66.0,3.0,1.0,0.0,0.0,1.0,1.0,0.0,2,36.8625,10.1956,2.0,0.0,0.0,0.0,362112.70683229814,368050.949375,False,False,True,True,False,False,False,True,True,False
1100000.0,225.0,4.0,2.0,1.0,0.0,1.0,1.0,0.0,3,36.8764,10.3253,3.0,1.0,0.0,0.0,519943.5195618153,495512.68618274975,False,False,True,True,False,False,False,True,True,False
670000.0,126.0,3.0,1.0,1.0,0.0,1.0,1.0,1.0,2,36.8333,10.3167,2.0,0.0,0.0,0.0,601819.5220062697,495512.68618274975,False,False,True,True,False,False,False,True,True,False
980000.0,124.0,3.0,2.0,1.0,0.0,1.0,1.0,1.0,2,36.8764,10.3253,2.0,1.0,0.0,0.0,519943.5195618153,495512.68618274975,False,False,True,True,False,False,False,True,True,False
238000.0,139.0,3.0,1.0,1.0,0.0,0.0,0.0,0.0,2,36.8625,10.1956,3.0,0.0,0.0,0.0,362112.70683229814,368050.949375,False,False,True,True,False,False,False,True,True,False
360000.0,120.0,3.0,2.0,0.0,0.0,1.0,1.0,1.0,2,36.8452,10.1647,2.0,0.0,0.0,0.0,346388.2,335553.90432183904,False,False,True,True,False,False,False,True,True,False
155000.0,80.0,3.0,1.0,1.0,0.0,0.0,0.0,0.0,2,36.7609,10.2736,2.0,0.0,1.0,0.0,223470.58823529413,256097.71569620253,False,True,False,True,False,True,False,False,True,False
926000.0,168.0,4.0,3.0,1.0,0.0,1.0,1.0,1.0,3,36.8556,10.2918,3.0,1.0,1.0,0.0,601819.5220062697,495512.68618274975,False,False,True,True,False,False,False,True,True,False
662000.0,127.0,3.0,2.0,1.0,0.0,1.0,1.0,1.0,2,36.8556,10.2918,2.0,1.0,1.0,0.0,601819.5220062697,495512.68618274975,False,False,True,True,False,False,False,True,True,False
90000.0,65.0,2.0,1.0,0.0,0.0,0.0,0.0,0.0,2,36.4011,10.6146,2.0,0.0,0.0,0.0,355184.6627435388,335553.90432183904,False,False,True,True,False,False,False,True,True,False
630000.0,120.0,3.0,3.0,1.0,0.0,1.0,1.0,1.0,2,36.8833,10.25,3.0,1.0,1.0,0.0,393150.9196056338,368050.949375,False,False,True,True,False,False,False,True,True,False
560500.0,133.0,2.0,1.0,1.0,0.0,1.0,0.0,0.0,2,36.8333,10.3167,2.0,0.0,0.0,0.0,601819.5220062697,495512.68618274975,False,False,True,True,False,False,False,True,True,False
426000.0,127.0,3.0,1.0,1.0,0.0,1.0,1.0,0.0,2,36.4011,10.6146,2.0,0.0,0.0,0.0,355184.6627435388,335553.90432183904,False,False,True,True,False,False,False,True,True,False
258000.0,81.0,3.0,1.0,0.0,0.0,1.0,1.0,1.0,2,36.8355,10.2242,2.0,1.0,0.0,0.0,519943.5195618153,495512.68618274975,False,False,True,True,False,False,False,True,True,False
350000.0,60.0,3.0,1.0,0.0,0.0,0.0,0.0,0.0,2,36.8942,10.2762,2.0,0.0,0.0,0.0,519943.5195618153,495512.68618274975,False,False,True,True,False,False,False,True,True,False
380000.0,75.0,3.0,1.0,1.0,0.0,0.0,1.0,0.0,2,36.4011,10.6146,2.0,0.0,0.0,0.0,355184.6627435388,335553.90432183904,False,False,True,True,False,False,False,True,True,False
410000.0,100.0,3.0,1.0,0.0,0.0,0.0,0.0,0.0,2,36.8883,10.2742,2.0,1.0,0.0,0.0,393150.9196056338,368050.949375,False,False,True,True,False,False,False,True,True,False
190000.0,75.0,4.0,1.0,0.0,0.0,0.0,1.0,0.0,1,36.8181,10.305,2.0,0.0,0.0,0.0,320842.93555555557,495512.68618274975,False,True,False,True,False,False,False,True,True,False
175000.0,63.0,3.0,1.0,0.0,0.0,0.0,0.0,0.0,2,36.8764,10.3253,2.0,0.0,0.0,0.0,519943.5195618153,495512.68618274975,False,False,True,True,False,False,False,True,True,False
520000.0,167.0,3.0,1.0,0.0,0.0,0.0,0.0,0.0,2,33.0777,9.5838,3.0,1.0,0.0,0.0,273416.375,335553.90432183904,False,True,False,True,False,False,False,True,True,False
286000.0,136.0,4.0,1.0,0.0,0.0,1.0,1.0,0.0,3,36.8194,10.1706,3.0,0.0,0.0,0.0,257110.19941176468,495512.68618274975,False,True,False,True,False,False,False,True,True,False
457000.0,127.0,4.0,2.0,0.0,0.0,1.0,1.0,1.0,2,36.8833,10.25,3.0,1.0,0.0,0.0,393150.9196056338,368050.949375,False,False,True,True,False,False,False,True,True,False
370000.0,126.0,3.0,1.0,0.0,0.0,0.0,0.0,0.0,2,36.8883,10.2742,3.0,0.0,0.0,0.0,393150.9196056338,368050.949375,False,False,True,True,False,False,False,True,True,False
900000.0,192.0,4.0,2.0,1.0,0.0,1.0,1.0,1.0,4,36.8333,10.3167,3.0,1.0,0.0,0.0,601819.5220062697,495512.68618274975,False,False,True,True,False,False,False,True,True,False
148000.0,50.0,3.0,1.0,0.0,0.0,0.0,0.0,0.0,2,36.8493,11.0918,2.0,0.0,1.0,0.0,189879.7706849315,335553.90432183904,True,False,False,True,False,False,False,True,True,False
480000.0,115.0,4.0,1.0,1.0,0.0,1.0,1.0,0.0,2,35.8569,10.5972,3.0,0.0,0.0,0.0,339414.0611787819,330755.1372713178,False,False,True,True,False,False,False,True,True,False
950000.0,200.0,2.0,2.0,1.0,0.0,1.0,1.0,0.0,2,36.8764,10.3253,2.0,1.0,1.0,1.0,519943.5195618153,495512.68618274975,False,False,True,True,False,False,False,True,True,False
200000.0,125.0,3.0,1.0,0.0,0.0,0.0,0.0,0.0,2,36.7869,10.1704,4.0,0.0,0.0,0.0,257110.19941176468,495512.68618274975,False,True,False,True,False,False,False,True,True,False
338000.0,94.0,3.0,1.0,1.0,0.0,1.0,1.0,1.0,2,36.8833,10.25,2.0,0.0,0.0,0.0,393150.9196056338,368050.949375,False,False,True,True,False,False,False,True,True,False
525000.0,138.0,3.0,1.0,1.0,0.0,0.0,0.0,1.0,2,36.8556,10.2918,2.0,1.0,0.0,0.0,601819.5220062697,495512.68618274975,False,False,True,True,False,False,False,True,True,False
160000.0,100.0,2.0,1.0,1.0,0.0,0.0,1.0,0.0,1,36.659,10.4059,2.0,0.0,0.0,0.0,149285.7142857143,256097.71569620253,True,False,False,True,False,True,False,False,True,False
80000.0,80.0,5.0,1.0,0.0,0.0,0.0,0.0,0.0,4,36.8227,10.0972,3.0,0.0,1.0,0.0,87320.0,259667.45531914895,True,False,False,False,True,True,False,False,True,False
850000.0,178.0,3.0,1.0,1.0,0.0,1.0,1.0,0.0,2,36.8764,10.3253,2.0,1.0,0.0,0.0,519943.5195618153,495512.68618274975,False,False,True,True,False,False,False,True,True,False
105000.0,82.0,3.0,1.0,0.0,0.0,0.0,0.0,0.0,2,36.6939,10.2622,3.0,1.0,0.0,0.0,197548.69142857144,256097.71569620253,True,False,False,True,False,True,False,False,True,False
1075200.0,220.0,3.0,1.0,1.0,0.0,0.0,0.0,1.0,2,36.8469,10.2642,3.0,1.0,0.0,0.0,519943.5195618153,495512.68618274975,False,False,True,True,False,False,False,True,True,False
750000.0,158.0,3.0,3.0,1.0,0.0,1.0,1.0,1.0,2,36.8764,10.3253,2.0,1.0,0.0,0.0,519943.5195618153,495512.68618274975,False,False,True,True,False,False,False,True,True,False
800000.0,190.0,3.0,2.0,1.0,0.0,1.0,1.0,1.0,2,36.8764,10.3253,2.0,0.0,1.0,0.0,519943.5195618153,495512.68618274975,False,False,True,True,False,False,False,True,True,False
390000.0,175.0,3.0,1.0,1.0,0.0,0.0,0.0,0.0,2,36.4011,10.6146,2.0,0.0,0.0,1.0,355184.6627435388,335553.90432183904,False,False,True,True,False,False,False,True,True,False
550000.0,128.0,3.0,1.0,1.0,0.0,0.0,0.0,0.0,2,36.4011,10.6146,3.0,0.0,0.0,0.0,355184.6627435388,335553.90432183904,False,False,True,True,False,False,False,True,True,False
287000.0,77.0,2.0,1.0,1.0,0.0,1.0,1.0,1.0,2,36.8833,10.25,2.0,0.0,0.0,0.0,393150.9196056338,368050.949375,False,False,True,True,False,False,False,True,True,False
255855.0,56.0,2.0,1.0,1.0,0.0,1.0,1.0,0.0,6,36.8188,10.166,2.0,0.0,0.0,0.0,257110.19941176468,495512.68618274975,False,True,False,True,False,False,False,True,True,False
380000.0,120.0,3.0,1.0,1.0,0.0,1.0,1.0,1.0,2,35.8324,10.6225,2.0,0.0,0.0,0.0,339414.0611787819,330755.1372713178,False,False,True,True,False,False,False,True,True,False
270000.0,160.0,3.0,1.0,1.0,0.0,1.0,1.0,1.0,2,35.8324,10.6225,2.0,0.0,0.0,0.0,339414.0611787819,330755.1372713178,False,False,True,True,False,False,False,True,True,False
365000.0,114.0,4.0,2.0,1.0,0.0,1.0,1.0,0.0,1,36.4391,10.6844,3.0,1.0,0.0,1.0,356101.26872727275,335553.90432183904,False,False,True,True,False,False,False,True,True,False
289000.0,99.0,2.0,1.0,0.0,0.0,1.0,1.0,0.0,2,36.4391,10.6844,2.0,0.0,1.0,1.0,356101.26872727275,335553.90432183904,False,False,True,True,False,False,False,True,True,False
1200000.0,220.0,3.0,3.0,1.0,1.0,1.0,1.0,1.0,2,36.8764,10.3253,3.0,1.0,0.0,0.0,519943.5195618153,495512.68618274975,False,False,True,True,False,False,False,True,True,False
530000.0,175.0,3.0,1.0,1.0,0.0,0.0,0.0,1.0,2,36.8625,10.1956,2.0,1.0,0.0,0.0,362112.70683229814,368050.949375,False,False,True,True,False,False,False,True,True,False
370000.0,135.0,4.0,1.0,1.0,0.0,1.0,1.0,0.0,3,36.8534,10.2505,3.0,0.0,0.0,0.0,519943.5195618153,495512.68618274975,False,False,True,True,False,False,False,True,True,False
650000.0,178.0,4.0,1.0,0.0,0.0,1.0,1.0,1.0,2,36.8833,10.25,3.0,1.0,0.0,0.0,393150.9196056338,368050.949375,False,False,True,True,False,False,False,True,True,False
170000.0,70.0,3.0,1.0,0.0,0.0,0.0,0.0,0.0,1,36.8084,10.1818,2.0,0.0,0.0,0.0,257110.19941176468,495512.68618274975,False,True,False,True,False,False,False,True,True,False
135000.0,70.0,5.0,1.0,0.0,0.0,1.0,0.0,0.0,2,36.7786,10.0554,3.0,0.0,1.0,0.0,251258.3575,259667.45531914895,False,True,False,True,False,True,False,False,True,False
165000.0,83.0,3.0,1.0,1.0,0.0,0.0,0.0,0.0,1,36.8493,11.0918,2.0,0.0,0.0,0.0,189879.7706849315,335553.90432183904,True,False,False,True,False,False,False,True,True,False
188000.0,72.0,3.0,1.0,0.0,0.0,1.0,1.0,0.0,2,36.4011,10.6146,2.0,0.0,0.0,0.0,355184.6627435388,335553.90432183904,False,False,True,True,False,False,False,True,True,False
580000.0,198.0,3.0,1.0,1.0,0.0,0.0,0.0,1.0,2,36.8556,10.2918,3.0,1.0,1.0,0.0,601819.5220062697,495512.68618274975,False,False,True,True,False,False,False,True,True,False
165000.0,88.0,3.0,1.0,1.0,0.0,0.0,0.0,0.0,3,36.4011,10.6146,2.0,0.0,0.0,0.0,355184.6627435388,335553.90432183904,False,False,True,True,False,False,False,True,True,False
420000.0,210.0,3.0,1.0,1.0,0.0,0.0,0.0,0.0,2,36.8491,10.1661,2.0,0.0,0.0,0.0,362112.70683229814,368050.949375,False,False,True,True,False,False,False,True,True,False
340000.0,157.0,4.0,1.0,0.0,0.0,1.0,1.0,0.0,4,36.8764,10.3253,3.0,1.0,0.0,0.0,519943.5195618153,495512.68618274975,False,False,True,True,False,False,False,True,True,False
359000.0,120.0,3.0,1.0,1.0,0.0,1.0,1.0,0.0,2,36.8764,10.3253,2.0,0.0,0.0,0.0,519943.5195618153,495512.68618274975,False,False,True,True,False,False,False,True,True,False
325000.0,100.0,3.0,2.0,0.0,0.0,1.0,1.0,1.0,2,35.8324,10.6225,2.0,0.0,0.0,0.0,355184.6627435388,335553.90432183904,False,False,True,True,False,False,False,True,True,False
706500.0,157.0,3.0,1.0,1.0,0.0,0.0,0.0,0.0,2,36.8556,10.2918,3.0,0.0,0.0,0.0,601819.5220062697,495512.68618274975,False,False,True,True,False,False,False,True,True,False
580000.0,151.0,3.0,2.0,0.0,0.0,1.0,1.0,1.0,2,36.8556,10.2918,2.0,1.0,0.0,0.0,601819.5220062697,495512.68618274975,False,False,True,True,False,False,False,True,True,False
230000.0,105.0,3.0,1.0,0.0,0.0,0.0,0.0,0.0,2,36.9306,11.0485,2.0,0.0,0.0,0.0,355184.6627435388,335553.90432183904,False,False,True,True,False,False,False,True,True,False
360000.0,140.0,3.0,2.0,0.0,0.0,1.0,1.0,0.0,2,36.8625,10.1956,4.0,1.0,0.0,0.0,362112.70683229814,368050.949375,False,False,True,True,False,False,False,True,True,False
340000.0,87.0,3.0,1.0,0.0,0.0,0.0,0.0,0.0,2,36.4011,10.6146,2.0,0.0,0.0,0.0,355184.6627435388,335553.90432183904,False,False,True,True,False,False,False,True,True,False
335000.0,161.0,4.0,2.0,1.0,1.0,0.0,1.0,0.0,2,36.8764,10.3253,3.0,0.0,0.0,0.0,519943.5195618153,495512.68618274975,False,False,True,True,False,False,False,True,True,False
365000.0,142.0,5.0,2.0,1.0,0.0,1.0,0.0,0.0,2,36.4011,10.6146,3.0,0.0,0.0,0.0,355184.6627435388,335553.90432183904,False,False,True,True,False,False,False,True,True,False
260000.0,97.0,4.0,2.0,0.0,0.0,0.0,0.0,0.0,2,36.4011,10.6146,2.0,0.0,0.0,0.0,355184.6627435388,335553.90432183904,False,False,True,True,False,False,False,True,True,False
490000.0,175.0,4.0,2.0,1.0,0.0,0.0,1.0,0.0,2,36.4506,10.735,3.0,0.0,0.0,0.0,356101.26872727275,335553.90432183904,False,False,True,True,False,False,False,True,True,False
630000.0,200.0,2.0,1.0,1.0,0.0,1.0,1.0,0.0,2,36.712,10.9411,3.0,1.0,0.0,0.0,339414.0611787819,330755.1372713178,False,False,True,True,False,False,False,True,True,False
430000.0,109.0,3.0,1.0,0.0,0.0,0.0,0.0,0.0,2,36.8883,10.2742,2.0,1.0,0.0,0.0,393150.9196056338,368050.949375,False,False,True,True,False,False,False,True,True,False
110000.0,87.0,3.0,1.0,0.0,0.0,0.0,0.0,0.0,2,36.6939,10.2622,3.0,1.0,0.0,0.0,197548.69142857144,256097.71569620253,True,False,False,True,False,True,False,False,True,False
335000.0,154.0,3.0,2.0,1.0,0.0,1.0,1.0,1.0,2,36.6939,10.2622,3.0,0.0,1.0,0.0,197548.69142857144,256097.71569620253,True,False,False,True,False,True,False,False,True,False
350000.0,120.0,3.0,1.0,1.0,0.0,0.0,0.0,0.0,2,36.9306,11.0485,2.0,0.0,0.0,0.0,355184.6627435388,335553.90432183904,False,False,True,True,False,False,False,True,True,False
850000.0,230.0,3.0,1.0,1.0,0.0,0.0,0.0,1.0,2,36.8469,10.2642,3.0,1.0,0.0,0.0,519943.5195618153,495512.68618274975,False,False,True,True,False,False,False,True,True,False
185000.0,120.0,3.0,1.0,0.0,0.0,0.0,0.0,0.0,2,36.8625,10.1956,4.0,0.0,0.0,0.0,362112.70683229814,368050.949375,False,False,True,True,False,False,False,True,True,False
600000.0,123.0,3.0,1.0,1.0,0.0,0.0,0.0,0.0,2,36.8556,10.2918,2.0,1.0,0.0,0.0,601819.5220062697,495512.68618274975,False,False,True,True,False,False,False,True,True,False
459000.0,150.0,4.0,2.0,1.0,0.0,1.0,1.0,1.0,2,36.8883,10.2742,3.0,0.0,0.0,0.0,393150.9196056338,368050.949375,False,False,True,True,False,False,False,True,True,False
1150000.0,168.0,3.0,1.0,1.0,0.0,0.0,0.0,1.0,2,36.8469,10.2642,3.0,1.0,0.0,0.0,519943.5195618153,495512.68618274975,False,False,True,True,False,False,False,True,True,False
730000.0,235.0,5.0,3.0,0.0,0.0,0.0,0.0,0.0,2,36.8625,10.1956,3.0,0.0,1.0,0.0,362112.70683229814,368050.949375,False,False,True,True,False,False,False,True,True,False
750000.0,150.0,3.0,2.0,1.0,0.0,1.0,1.0,1.0,1,36.8764,10.3253,3.0,1.0,0.0,0.0,519943.5195618153,495512.68618274975,False,False,True,True,False,False,False,True,True,False
375000.0,130.0,3.0,1.0,1.0,0.0,0.0,0.0,0.0,2,36.8883,10.2742,2.0,1.0,0.0,0.0,393150.9196056338,368050.949375,False,False,True,True,False,False,False,True,True,False
220000.0,76.0,3.0,1.0,1.0,1.0,1.0,0.0,1.0,3,36.0314,10.5043,3.0,1.0,1.0,0.0,260917.67902439024,330755.1372713178,False,True,False,True,False,False,False,True,True,False
190000.0,60.0,2.0,1.0,0.0,0.0,1.0,0.0,0.0,2,36.4011,10.6146,2.0,0.0,0.0,0.0,355184.6627435388,335553.90432183904,False,False,True,True,False,False,False,True,True,False
300000.0,120.0,4.0,1.0,1.0,0.0,0.0,0.0,1.0,2,36.8764,10.3253,3.0,1.0,0.0,0.0,273416.375,335553.90432183904,False,True,False,True,False,False,False,True,True,False
800000.0,230.0,3.0,2.0,1.0,0.0,0.0,0.0,0.0,2,36.8942,10.2762,2.0,1.0,1.0,0.0,519943.5195618153,495512.68618274975,False,False,True,True,False,False,False,True,True,False
300000.0,40.0,3.0,1.0,1.0,0.0,1.0,0.0,0.0,2,35.8982,10.5802,2.0,0.0,0.0,0.0,339414.0611787819,330755.1372713178,False,False,True,True,False,False,False,True,True,False
680000.0,165.0,3.0,1.0,1.0,1.0,0.0,0.0,0.0,2,36.8556,10.2918,3.0,1.0,0.0,0.0,601819.5220062697,495512.68618274975,False,False,True,True,False,False,False,True,True,False
410000.0,158.0,3.0,1.0,1.0,0.0,1.0,1.0,1.0,2,35.8319,10.5946,3.0,1.0,0.0,0.0,339414.0611787819,330755.1372713178,False,False,True,True,False,False,False,True,True,False
200000.0,103.0,3.0,1.0,0.0,0.0,0.0,0.0,0.0,2,36.6,10.5,3.0,0.0,0.0,0.0,200000.0,335553.90432183904,True,False,False,False,True,False,False,True,True,False
270000.0,90.0,2.0,1.0,1.0,0.0,1.0,1.0,1.0,2,35.8319,10.5946,2.0,1.0,0.0,0.0,339414.0611787819,330755.1372713178,False,False,True,True,False,False,False,True,True,False
570000.0,130.0,3.0,1.0,0.0,0.0,0.0,0.0,0.0,2,36.8764,10.3253,2.0,0.0,0.0,0.0,519943.5195618153,495512.68618274975,False,False,True,True,False,False,False,True,True,False
420000.0,162.0,3.0,1.0,1.0,0.0,0.0,0.0,1.0,2,36.8883,10.2742,3.0,0.0,0.0,0.0,393150.9196056338,368050.949375,False,False,True,True,False,False,False,True,True,False
465000.0,103.0,4.0,1.0,1.0,0.0,1.0,1.0,1.0,2,36.4011,10.6146,3.0,1.0,0.0,0.0,355184.6627435388,335553.90432183904,False,False,True,True,False,False,False,True,True,False
800000.0,220.0,3.0,1.0,1.0,0.0,0.0,0.0,1.0,2,36.8556,10.2918,3.0,1.0,0.0,0.0,601819.5220062697,495512.68618274975,False,False,True,True,False,False,False,True,True,False
485000.0,121.0,3.0,1.0,1.0,0.0,0.0,0.0,0.0,2,36.8883,10.2742,2.0,0.0,0.0,0.0,393150.9196056338,368050.949375,False,False,True,True,False,False,False,True,True,False
850000.0,167.0,4.0,2.0,1.0,0.0,1.0,1.0,1.0,2,36.8764,10.3253,3.0,1.0,0.0,0.0,519943.5195618153,495512.68618274975,False,False,True,True,False,False,False,True,True,False
120000.0,70.0,4.0,1.0,0.0,0.0,1.0,1.0,0.0,2,36.8833,10.25,3.0,0.0,0.0,0.0,393150.9196056338,368050.949375,False,False,True,True,False,False,False,True,True,False
195000.0,79.0,2.0,1.0,0.0,0.0,0.0,0.0,0.0,1,36.8452,10.1647,2.0,1.0,0.0,0.0,346388.2,335553.90432183904,False,False,True,True,False,False,False,True,True,False
128000.0,90.0,3.0,1.0,0.0,0.0,0.0,0.0,0.0,4,36.8625,10.1956,2.0,0.0,0.0,0.0,362112.70683229814,368050.949375,False,False,True,True,False,False,False,True,True,False
240000.0,115.0,3.0,1.0,0.0,0.0,0.0,0.0,0.0,2,36.4011,10.6146,2.0,0.0,0.0,0.0,355184.6627435388,335553.90432183904,False,False,True,True,False,False,False,True,True,False
580000.0,185.0,4.0,2.0,1.0,0.0,0.0,1.0,0.0,2,36.4011,10.6146,3.0,1.0,0.0,0.0,355184.6627435388,335553.90432183904,False,False,True,True,False,False,False,True,True,False
780000.0,206.0,3.0,1.0,1.0,0.0,0.0,0.0,1.0,2,36.8624,10.2835,3.0,1.0,0.0,0.0,519943.5195618153,495512.68618274975,False,False,True,True,False,False,False,True,True,False
295000.0,70.0,3.0,1.0,0.0,0.0,1.0,1.0,0.0,2,36.4011,10.6146,2.0,0.0,0.0,0.0,355184.6627435388,335553.90432183904,False,False,True,True,False,False,False,True,True,False
220000.0,117.0,4.0,2.0,1.0,0.0,1.0,1.0,0.0,2,36.4011,10.6146,3.0,0.0,0.0,0.0,355184.6627435388,335553.90432183904,False,False,True,True,False,False,False,True,True,False
680000.0,225.0,3.0,1.0,1.0,0.0,0.0,0.0,1.0,2,36.8333,10.3167,2.0,1.0,0.0,0.0,601819.5220062697,495512.68618274975,False,False,True,True,False,False,False,True,True,False
250000.0,80.0,3.0,1.0,1.0,0.0,1.0,1.0,1.0,2,36.8764,10.3253,2.0,0.0,0.0,0.0,519943.5195618153,495512.68618274975,False,False,True,True,False,False,False,True,True,False
380000.0,113.0,3.0,2.0,1.0,0.0,1.0,1.0,0.0,1,36.3749,10.5352,2.0,0.0,1.0,1.0,355184.6627435388,335553.90432183904,False,False,True,True,False,False,False,True,True,False
560000.0,118.0,3.0,1.0,1.0,0.0,0.0,0.0,0.0,2,36.4011,10.6146,2.0,0.0,0.0,0.0,355184.6627435388,335553.90432183904,False,False,True,True,False,False,False,True,True,False
320000.0,74.0,2.0,1.0,1.0,0.0,1.0,1.0,1.0,1,36.4011,10.6146,2.0,0.0,0.0,1.0,355184.6627435388,335553.90432183904,False,False,True,True,False,False,False,True,True,False
320000.0,84.0,3.0,2.0,1.0,0.0,1.0,1.0,0.0,2,36.404,10.569,2.0,0.0,1.0,1.0,355184.6627435388,335553.90432183904,False,False,True,True,False,False,False,True,True,False
325000.0,122.0,3.0,2.0,1.0,0.0,1.0,1.0,1.0,4,36.8764,10.3253,2.0,0.0,1.0,0.0,519943.5195618153,495512.68618274975,False,False,True,True,False,False,False,True,True,False
130000.0,60.0,2.0,1.0,0.0,0.0,0.0,1.0,0.0,2,35.8337,10.6407,2.0,0.0,0.0,0.0,303301.0294117647,274088.2291666667,False,True,False,True,False,True,False,False,True,False
391400.0,120.0,4.0,1.0,0.0,0.0,0.0,1.0,0.0,4,35.827,10.6107,2.0,0.0,0.0,0.0,339414.0611787819,330755.1372713178,False,False,True,True,False,False,False,True,True,False
310000.0,96.0,3.0,1.0,0.0,0.0,0.0,1.0,1.0,1,35.9313,10.55,2.0,0.0,0.0,0.0,386675.625,327705.16642857145,False,False,True,True,False,False,True,False,True,False
205000.0,85.0,3.0,1.0,0.0,0.0,1.0,1.0,0.0,0,35.9592,10.5422,2.0,0.0,0.0,0.0,386675.625,327705.16642857145,False,False,True,True,False,False,True,False,True,False
265000.0,110.0,3.0,1.0,0.0,0.0,1.0,1.0,0.0,1,35.9592,10.5422,2.0,0.0,0.0,0.0,386675.625,327705.16642857145,False,False,True,True,False,False,True,False,True,False
265000.0,110.0,3.0,1.0,0.0,0.0,1.0,1.0,0.0,2,35.9592,10.5422,2.0,0.0,0.0,0.0,386675.625,327705.16642857145,False,False,True,True,False,False,True,False,True,False
480000.0,200.0,4.0,1.0,0.0,0.0,1.0,1.0,0.0,3,35.9592,10.5422,3.0,0.0,0.0,0.0,386675.625,327705.16642857145,False,False,True,True,False,False,True,False,True,False
200850.0,120.0,3.0,1.0,0.0,0.0,1.0,1.0,1.0,1,35.8309,10.6001,2.0,0.0,0.0,0.0,304361.5,299054.0060240964,False,True,False,True,False,False,True,False,True,False
288400.0,113.0,3.0,1.0,0.0,0.0,1.0,1.0,1.0,3,35.8704,10.6012,2.0,0.0,0.0,0.0,339414.0611787819,330755.1372713178,False,False,True,True,False,False,False,True,True,False
350000.0,119.0,4.0,1.0,0.0,0.0,0.0,1.0,0.0,1,35.8551,10.6147,2.0,0.0,0.0,0.0,339414.0611787819,330755.1372713178,False,False,True,True,False,False,False,True,True,False
436000.0,120.0,2.0,1.0,0.0,0.0,1.0,1.0,1.0,1,35.7566,10.7343,2.0,0.0,0.0,0.0,283320.10545454547,299054.0060240964,False,True,False,True,False,False,True,False,True,False
600000.0,111.0,4.0,1.0,0.0,1.0,1.0,1.0,0.0,1,35.8958,10.6002,3.0,0.0,0.0,1.0,365256.14666666667,295071.536,False,False,True,True,False,False,True,False,True,False
425000.0,171.0,4.0,2.0,0.0,0.0,0.0,1.0,1.0,2,35.8397,10.595,3.0,0.0,0.0,0.0,335000.0,300416.6666666667,False,True,False,True,False,False,True,False,True,False
452880.0,120.0,3.0,1.0,0.0,0.0,1.0,1.0,1.0,2,35.8406,10.6203,2.0,0.0,0.0,0.0,339414.0611787819,330755.1372713178,False,False,True,True,False,False,False,True,True,False
365000.0,80.0,3.0,1.0,0.0,0.0,1.0,1.0,0.0,2,35.9357,10.551,2.0,0.0,0.0,0.0,386675.625,327705.16642857145,False,False,True,True,False,False,True,False,True,False
280000.0,110.0,3.0,1.0,0.0,0.0,1.0,1.0,1.0,2,36.8083,10.1326,2.0,0.0,0.0,0.0,365256.14666666667,295071.536,False,False,True,True,False,False,True,False,True,False
350200.0,78.0,2.0,1.0,0.0,1.0,1.0,1.0,0.0,0,35.8926,10.6042,2.0,0.0,0.0,1.0,365256.14666666667,295071.536,False,False,True,True,False,False,True,False,True,False
370800.0,120.0,2.0,1.0,0.0,1.0,1.0,1.0,0.0,1,35.8942,10.5982,2.0,0.0,0.0,0.0,365256.14666666667,295071.536,False,False,True,True,False,False,True,False,True,False
781770.0,138.0,3.0,1.0,0.0,1.0,1.0,1.0,1.0,4,36.8588,10.2852,2.0,0.0,0.0,0.0,257110.19941176468,495512.68618274975,False,True,False,True,False,False,False,True,True,False
448050.0,136.0,3.0,1.0,0.0,0.0,1.0,1.0,1.0,5,35.8092,10.6373,2.0,0.0,0.0,0.0,304361.5,299054.0060240964,False,True,False,True,False,False,True,False,True,False
365650.0,128.0,3.0,1.0,0.0,0.0,1.0,1.0,1.0,3,35.8092,10.6373,2.0,0.0,0.0,0.0,304361.5,299054.0060240964,False,True,False,True,False,False,True,False,True,False
140000.0,60.0,3.0,1.0,0.0,0.0,0.0,1.0,0.0,0,35.8273,10.6339,2.0,0.0,0.0,0.0,339414.0611787819,330755.1372713178,False,False,True,True,False,False,False,True,True,False
440000.0,120.0,4.0,1.0,0.0,0.0,1.0,1.0,0.0,2,35.8403,10.5943,2.0,0.0,0.0,0.0,335000.0,300416.6666666667,False,True,False,True,False,False,True,False,True,False
200000.0,120.0,2.0,1.0,0.0,0.0,1.0,1.0,0.0,2,35.8403,10.5943,2.0,0.0,0.0,0.0,335000.0,300416.6666666667,False,True,False,True,False,False,True,False,True,False
350000.0,120.0,3.0,1.0,0.0,0.0,1.0,1.0,0.0,2,35.8403,10.5943,2.0,0.0,0.0,0.0,335000.0,300416.6666666667,False,True,False,True,False,False,True,False,True,False
300000.0,75.0,2.0,1.0,0.0,0.0,0.0,1.0,1.0,1,35.9373,10.5444,2.0,0.0,0.0,0.0,386675.625,327705.16642857145,False,False,True,True,False,False,True,False,True,False
416000.0,104.0,3.0,1.0,0.0,0.0,1.0,1.0,1.0,1,35.9333,10.5512,2.0,0.0,0.0,0.0,386675.625,327705.16642857145,False,False,True,True,False,False,True,False,True,False
420000.0,105.0,3.0,1.0,0.0,0.0,0.0,1.0,1.0,1,35.935,10.5439,2.0,0.0,0.0,0.0,386675.625,327705.16642857145,False,False,True,True,False,False,True,False,True,False
420000.0,104.0,3.0,1.0,0.0,0.0,0.0,1.0,1.0,3,35.9365,10.5463,2.0,0.0,0.0,0.0,386675.625,327705.16642857145,False,False,True,True,False,False,True,False,True,False
390000.0,120.0,3.0,1.0,0.0,0.0,0.0,1.0,1.0,3,35.9378,10.5454,2.0,0.0,0.0,0.0,386675.625,327705.16642857145,False,False,True,True,False,False,True,False,True,False
240000.0,130.0,3.0,1.0,0.0,1.0,1.0,1.0,0.0,0,35.8337,10.6407,2.0,0.0,0.0,0.0,303301.0294117647,274088.2291666667,False,True,False,True,False,True,False,False,True,False
270000.0,60.0,3.0,1.0,0.0,1.0,0.0,1.0,0.0,0,35.884,10.5924,2.0,0.0,0.0,0.0,365256.14666666667,295071.536,False,False,True,True,False,False,True,False,True,False
336960.0,105.3,3.0,1.0,0.0,0.0,1.0,1.0,1.0,1,35.8383,10.5925,2.0,0.0,0.0,0.0,339414.0611787819,330755.1372713178,False,False,True,True,False,False,False,True,True,False
208960.0,65.3,2.0,1.0,0.0,0.0,1.0,1.0,1.0,1,35.8395,10.5981,2.0,0.0,0.0,0.0,339414.0611787819,330755.1372713178,False,False,True,True,False,False,False,True,True,False
336960.0,105.3,3.0,1.0,0.0,0.0,1.0,1.0,1.0,6,35.8384,10.592,2.0,0.0,0.0,0.0,339414.0611787819,330755.1372713178,False,False,True,True,False,False,False,True,True,False
548800.0,171.5,4.0,1.0,0.0,0.0,1.0,1.0,1.0,6,35.8424,10.5923,2.0,0.0,0.0,0.0,339414.0611787819,330755.1372713178,False,False,True,True,False,False,False,True,True,False
280000.0,120.0,3.0,1.0,0.0,0.0,0.0,1.0,0.0,1,35.8428,10.5944,2.0,0.0,0.0,0.0,335000.0,300416.6666666667,False,True,False,True,False,False,True,False,True,False
85000.0,120.0,3.0,1.0,0.0,0.0,0.0,1.0,0.0,0,35.8698,10.5352,2.0,0.0,0.0,0.0,85000.0,327705.16642857145,True,False,False,False,True,False,True,False,True,False
309000.0,86.0,3.0,1.0,0.0,1.0,0.0,1.0,0.0,0,35.9422,10.5496,2.0,0.0,0.0,1.0,386675.625,327705.16642857145,False,False,True,True,False,False,True,False,True,False
270000.0,150.0,4.0,1.0,0.0,0.0,0.0,0.0,0.0,5,35.8403,10.598,2.0,0.0,0.0,0.0,339414.0611787819,330755.1372713178,False,False,True,True,False,False,False,True,True,False
165000.0,120.0,3.0,1.0,0.0,0.0,1.0,1.0,0.0,3,35.8316,10.6235,2.0,0.0,0.0,0.0,303301.0294117647,274088.2291666667,False,True,False,True,False,True,False,False,True,False
410000.0,121.0,3.0,1.0,0.0,0.0,1.0,1.0,1.0,4,35.9212,10.5729,2.0,0.0,0.0,1.0,389984.1204651163,406094.33674999996,False,False,True,True,False,False,False,True,True,False
570000.0,160.0,4.0,1.0,0.0,0.0,1.0,1.0,1.0,6,35.9431,10.5202,2.0,0.0,0.0,1.0,389984.1204651163,406094.33674999996,False,False,True,True,False,False,False,True,True,False
245000.0,120.0,2.0,1.0,0.0,0.0,1.0,1.0,1.0,4,35.9166,10.58,2.0,0.0,0.0,1.0,389984.1204651163,406094.33674999996,False,False,True,True,False,False,False,True,True,False
560000.0,120.0,4.0,1.0,0.0,0.0,1.0,1.0,1.0,6,35.9177,10.5797,2.0,0.0,0.0,1.0,389984.1204651163,406094.33674999996,False,False,True,True,False,False,False,True,True,False
200000.0,115.0,3.0,1.0,0.0,0.0,0.0,1.0,0.0,1,35.804,10.6404,2.0,0.0,0.0,0.0,174533.33333333334,330755.1372713178,True,False,False,True,False,False,False,True,True,False
200000.0,115.0,3.0,1.0,0.0,0.0,0.0,1.0,0.0,1,35.8054,10.6331,2.0,0.0,0.0,0.0,174533.33333333334,330755.1372713178,True,False,False,True,False,False,False,True,True,False
260000.0,71.0,2.0,1.0,0.0,0.0,0.0,1.0,1.0,2,35.9336,10.5516,2.0,0.0,0.0,1.0,386675.625,327705.16642857145,False,False,True,True,False,False,True,False,True,False
460000.0,127.0,3.0,1.0,0.0,0.0,0.0,1.0,0.0,5,35.8273,10.6339,2.0,0.0,0.0,1.0,339414.0611787819,330755.1372713178,False,False,True,True,False,False,False,True,True,False
465000.0,139.0,3.0,1.0,0.0,0.0,1.0,1.0,1.0,5,35.8064,10.6138,2.0,0.0,0.0,0.0,339414.0611787819,330755.1372713178,False,False,True,True,False,False,False,True,True,False
477000.0,115.0,3.0,1.0,0.0,0.0,1.0,1.0,1.0,5,35.8064,10.6138,2.0,0.0,0.0,0.0,339414.0611787819,330755.1372713178,False,False,True,True,False,False,False,True,True,False
598430.0,138.0,4.0,1.0,0.0,1.0,1.0,1.0,1.0,0,35.8403,10.5943,2.0,0.0,0.0,0.0,304361.5,299054.0060240964,False,True,False,True,False,False,True,False,True,False
163200.0,120.0,3.0,1.0,0.0,0.0,0.0,1.0,0.0,1,35.8192,10.6398,2.0,0.0,0.0,0.0,339414.0611787819,330755.1372713178,False,False,True,True,False,False,False,True,True,False
218000.0,85.0,2.0,1.0,0.0,1.0,1.0,1.0,0.0,3,36.0287,10.503,2.0,0.0,0.0,0.0,260917.67902439024,330755.1372713178,False,True,False,True,False,False,False,True,True,False
315000.0,120.0,3.0,1.0,0.0,1.0,1.0,1.0,1.0,0,35.8345,10.6013,2.0,0.0,0.0,0.0,335000.0,300416.6666666667,False,True,False,True,False,False,True,False,True,False
394000.0,139.24,2.0,1.0,0.0,0.0,1.0,1.0,1.0,0,36.8891,10.3223,2.0,0.0,0.0,0.0,257110.19941176468,495512.68618274975,False,True,False,True,False,False,False,True,True,False
391475.0,120.0,4.0,1.0,0.0,0.0,1.0,1.0,1.0,2,35.8314,10.6082,2.0,0.0,0.0,0.0,339414.0611787819,330755.1372713178,False,False,True,True,False,False,False,True,True,False
246588.0,111.0,2.0,1.0,0.0,0.0,1.0,1.0,1.0,5,35.8245,10.6346,2.0,0.0,0.0,0.0,179609.5,299054.0060240964,True,False,False,True,False,False,True,False,True,False
241850.0,111.0,2.0,1.0,0.0,0.0,1.0,1.0,1.0,2,35.8245,10.6346,2.0,0.0,0.0,0.0,179609.5,299054.0060240964,True,False,False,True,False,False,True,False,True,False
350200.0,120.0,3.0,1.0,0.0,0.0,1.0,1.0,1.0,4,35.8296,10.6071,2.0,0.0,0.0,0.0,304361.5,299054.0060240964,False,True,False,True,False,False,True,False,True,False
298700.0,120.0,3.0,1.0,0.0,0.0,1.0,1.0,1.0,4,35.8296,10.6071,2.0,0.0,0.0,0.0,304361.5,299054.0060240964,False,True,False,True,False,False,True,False,True,False
350000.0,120.0,3.0,1.0,0.0,0.0,1.0,1.0,1.0,4,35.8296,10.6071,2.0,0.0,0.0,0.0,304361.5,299054.0060240964,False,True,False,True,False,False,True,False,True,False
390288.0,84.0,3.0,1.0,0.0,0.0,1.0,1.0,1.0,2,35.8735,10.5752,2.0,0.0,0.0,1.0,386675.625,327705.16642857145,False,False,True,True,False,False,True,False,True,False
330970.0,72.0,3.0,1.0,0.0,0.0,1.0,1.0,1.0,1,35.8738,10.5749,2.0,0.0,0.0,1.0,386675.625,327705.16642857145,False,False,True,True,False,False,True,False,True,False
396550.0,71.0,3.0,1.0,0.0,0.0,1.0,1.0,1.0,1,35.9436,10.5523,2.0,0.0,0.0,1.0,386675.625,327705.16642857145,False,False,True,True,False,False,True,False,True,False
388520.0,68.01,3.0,1.0,0.0,0.0,1.0,1.0,1.0,1,35.9425,10.549,2.0,0.0,0.0,1.0,386675.625,327705.16642857145,False,False,True,True,False,False,True,False,True,False
623052.0,116.0,4.0,1.0,0.0,0.0,1.0,1.0,1.0,0,35.9373,10.5523,2.0,0.0,0.0,1.0,386675.625,327705.16642857145,False,False,True,True,False,False,True,False,True,False
420000.0,135.0,3.0,1.0,0.0,0.0,1.0,1.0,1.0,0,35.889,10.5898,2.0,0.0,0.0,0.0,339414.0611787819,330755.1372713178,False,False,True,True,False,False,False,True,True,False
350000.0,150.0,4.0,1.0,0.0,0.0,1.0,1.0,0.0,1,35.8874,10.5947,2.0,0.0,0.0,0.0,339414.0611787819,330755.1372713178,False,False,True,True,False,False,False,True,True,False
330000.0,80.0,2.0,1.0,0.0,0.0,1.0,1.0,0.0,4,35.8942,10.5982,2.0,0.0,0.0,0.0,365256.14666666667,295071.536,False,False,True,True,False,False,True,False,True,False
154500.0,52.0,1.0,1.0,0.0,0.0,1.0,1.0,1.0,2,36.0311,10.5072,2.0,0.0,0.0,0.0,260917.67902439024,330755.1372713178,False,True,False,True,False,False,False,True,True,False
180250.0,80.0,2.0,1.0,0.0,0.0,0.0,1.0,0.0,2,35.8064,10.6138,2.0,0.0,0.0,0.0,339414.0611787819,330755.1372713178,False,False,True,True,False,False,False,True,True,False
180250.0,80.0,2.0,1.0,0.0,0.0,0.0,1.0,0.0,1,35.8064,10.6138,2.0,0.0,0.0,0.0,339414.0611787819,330755.1372713178,False,False,True,True,False,False,False,True,True,False
120000.0,100.0,3.0,1.0,0.0,1.0,0.0,1.0,0.0,1,35.825,10.6376,2.0,0.0,0.0,0.0,339414.0611787819,330755.1372713178,False,False,True,True,False,False,False,True,True,False
120000.0,100.0,3.0,1.0,0.0,1.0,0.0,1.0,0.0,0,35.8226,10.6324,2.0,0.0,0.0,0.0,339414.0611787819,330755.1372713178,False,False,True,True,False,False,False,True,True,False
340000.0,120.0,3.0,1.0,0.0,0.0,1.0,1.0,0.0,1,35.8416,10.5905,2.0,0.0,0.0,0.0,304361.5,299054.0060240964,False,True,False,True,False,False,True,False,True,False
350000.0,110.0,4.0,1.0,0.0,0.0,1.0,1.0,0.0,5,35.8438,10.5991,2.0,0.0,0.0,0.0,339414.0611787819,330755.1372713178,False,False,True,True,False,False,False,True,True,False
220000.0,190.0,4.0,1.0,0.0,1.0,1.0,1.0,0.0,1,35.8836,10.5879,2.0,0.0,0.0,0.0,339414.0611787819,330755.1372713178,False,False,True,True,False,False,False,True,True,False
335000.0,134.0,3.0,1.0,0.0,0.0,1.0,1.0,1.0,4,35.8399,10.6268,2.0,0.0,0.0,0.0,339414.0611787819,330755.1372713178,False,False,True,True,False,False,False,True,True,False
380000.0,154.0,4.0,1.0,0.0,0.0,1.0,1.0,1.0,4,35.8359,10.6305,2.0,0.0,0.0,0.0,339414.0611787819,330755.1372713178,False,False,True,True,False,False,False,True,True,False
225000.0,85.0,2.0,1.0,0.0,0.0,0.0,1.0,1.0,2,35.8383,10.6348,2.0,0.0,0.0,0.0,339414.0611787819,330755.1372713178,False,False,True,True,False,False,False,True,True,False
210000.0,85.0,2.0,1.0,0.0,0.0,1.0,1.0,1.0,3,35.8372,10.6338,2.0,0.0,0.0,0.0,339414.0611787819,330755.1372713178,False,False,True,True,False,False,False,True,True,False
335000.0,120.0,3.0,1.0,0.0,1.0,1.0,1.0,0.0,2,35.9431,10.5202,2.0,0.0,0.0,0.0,389984.1204651163,406094.33674999996,False,False,True,True,False,False,False,True,True,False
560000.0,120.0,4.0,1.0,0.0,0.0,1.0,1.0,1.0,4,35.8205,10.6357,2.0,0.0,0.0,0.0,339414.0611787819,330755.1372713178,False,False,True,True,False,False,False,True,True,False
395000.0,120.0,4.0,1.0,0.0,0.0,1.0,1.0,1.0,1,35.8243,10.6313,2.0,0.0,0.0,0.0,339414.0611787819,330755.1372713178,False,False,True,True,False,False,False,True,True,False
335000.0,120.0,3.0,1.0,0.0,0.0,1.0,1.0,1.0,2,35.8228,10.6321,2.0,0.0,0.0,0.0,339414.0611787819,330755.1372713178,False,False,True,True,False,False,False,True,True,False
200000.0,120.0,2.0,1.0,0.0,0.0,1.0,1.0,1.0,1,35.8283,10.6319,2.0,0.0,0.0,0.0,339414.0611787819,330755.1372713178,False,False,True,True,False,False,False,True,True,False
927000.0,125.0,3.0,1.0,0.0,0.0,1.0,1.0,1.0,0,36.915,10.2856,2.0,0.0,0.0,1.0,842685.8133333334,406094.33674999996,False,False,True,True,False,False,False,True,True,False
600000.0,81.0,2.0,1.0,0.0,0.0,1.0,1.0,1.0,0,36.9168,10.2882,2.0,0.0,0.0,1.0,842685.8133333334,406094.33674999996,False,False,True,True,False,False,False,True,True,False
875500.0,125.0,3.0,1.0,0.0,0.0,1.0,1.0,1.0,0,36.9188,10.2806,2.0,0.0,0.0,1.0,842685.8133333334,406094.33674999996,False,False,True,True,False,False,False,True,True,False
550000.0,81.0,2.0,1.0,0.0,0.0,1.0,1.0,1.0,0,36.9207,10.2859,2.0,0.0,0.0,1.0,842685.8133333334,406094.33674999996,False,False,True,True,False,False,False,True,True,False
458350.0,120.0,4.0,1.0,0.0,0.0,1.0,1.0,1.0,6,35.8305,10.5917,2.0,0.0,0.0,0.0,304361.5,299054.0060240964,False,True,False,True,False,False,True,False,True,False
912580.0,188.9,4.0,1.0,0.0,0.0,1.0,1.0,1.0,2,36.9186,10.2823,2.0,0.0,0.0,1.0,842685.8133333334,406094.33674999996,False,False,True,True,False,False,False,True,True,False
1245270.0,222.4,5.0,1.0,0.0,0.0,1.0,1.0,1.0,2,36.9175,10.28,2.0,0.0,0.0,1.0,842685.8133333334,406094.33674999996,False,False,True,True,False,False,False,True,True,False
912580.0,190.1,4.0,1.0,0.0,0.0,1.0,1.0,1.0,2,36.9173,10.2886,2.0,0.0,0.0,1.0,842685.8133333334,406094.33674999996,False,False,True,True,False,False,False,True,True,False
647460.0,119.9,4.0,1.0,0.0,0.0,0.0,1.0,1.0,0,35.9218,10.5785,2.0,0.0,0.0,1.0,389984.1204651163,406094.33674999996,False,False,True,True,False,False,False,True,True,False
623052.0,115.38,4.0,1.0,0.0,0.0,0.0,1.0,1.0,0,35.9215,10.5786,2.0,0.0,0.0,1.0,389984.1204651163,406094.33674999996,False,False,True,True,False,False,False,True,True,False
581256.0,107.64,4.0,1.0,0.0,0.0,0.0,1.0,1.0,0,35.9203,10.5782,2.0,0.0,0.0,1.0,389984.1204651163,406094.33674999996,False,False,True,True,False,False,False,True,True,False
268000.0,88.0,3.0,1.0,0.0,0.0,1.0,1.0,1.0,1,36.0337,10.506,2.0,0.0,0.0,0.0,260917.67902439024,330755.1372713178,False,True,False,True,False,False,False,True,True,False
298000.0,88.0,3.0,1.0,0.0,0.0,1.0,1.0,1.0,1,36.0284,10.5074,2.0,0.0,0.0,0.0,260917.67902439024,330755.1372713178,False,True,False,True,False,False,False,True,True,False
195000.0,120.0,2.0,1.0,0.0,0.0,0.0,1.0,0.0,5,35.8377,10.5977,2.0,0.0,0.0,0.0,304361.5,299054.0060240964,False,True,False,True,False,False,True,False,True,False
300000.0,120.0,3.0,1.0,0.0,0.0,0.0,1.0,0.0,3,35.8902,10.5924,2.0,0.0,0.0,0.0,339414.0611787819,330755.1372713178,False,False,True,True,False,False,False,True,True,False
390000.0,115.0,4.0,1.0,0.0,0.0,0.0,1.0,1.0,5,35.8211,10.6353,2.0,0.0,0.0,0.0,339414.0611787819,330755.1372713178,False,False,True,True,False,False,False,True,True,False
647800.0,120.0,4.0,1.0,0.0,0.0,1.0,1.0,1.0,4,35.9225,10.5773,2.0,0.0,0.0,1.0,389984.1204651163,406094.33674999996,False,False,True,True,False,False,False,True,True,False
280000.0,120.0,2.0,1.0,0.0,0.0,1.0,1.0,1.0,1,35.9202,10.5795,2.0,0.0,0.0,1.0,389984.1204651163,406094.33674999996,False,False,True,True,False,False,False,True,True,False
380000.0,125.0,3.0,1.0,0.0,0.0,1.0,1.0,1.0,6,35.8403,10.6293,2.0,0.0,0.0,0.0,339414.0611787819,330755.1372713178,False,False,True,True,False,False,False,True,True,False
642880.0,164.0,4.0,1.0,0.0,0.0,1.0,1.0,1.0,4,35.9295,10.5486,2.0,0.0,0.0,1.0,386675.625,327705.16642857145,False,False,True,True,False,False,True,False,True,False
403760.0,103.0,3.0,1.0,0.0,0.0,1.0,1.0,1.0,1,35.9373,10.5441,2.0,0.0,0.0,1.0,386675.625,327705.16642857145,False,False,True,True,False,False,True,False,True,False
265000.0,74.0,2.0,1.0,0.0,0.0,0.0,1.0,1.0,3,35.893,10.592,2.0,0.0,0.0,0.0,339414.0611787819,330755.1372713178,False,False,True,True,False,False,False,True,True,False
345000.0,94.0,3.0,1.0,0.0,0.0,0.0,1.0,1.0,3,35.8826,10.5924,2.0,0.0,0.0,0.0,339414.0611787819,330755.1372713178,False,False,True,True,False,False,False,True,True,False
413100.0,153.0,4.0,1.0,0.0,0.0,1.0,1.0,1.0,2,35.803,10.5923,2.0,0.0,0.0,0.0,339414.0611787819,330755.1372713178,False,False,True,True,False,False,False,True,True,False
191580.0,120.0,2.0,1.0,0.0,0.0,0.0,1.0,0.0,4,35.8143,10.6339,2.0,0.0,0.0,0.0,339414.0611787819,330755.1372713178,False,False,True,True,False,False,False,True,True,False
202500.0,120.0,3.0,1.0,0.0,0.0,1.0,1.0,1.0,1,35.7974,10.5872,2.0,0.0,0.0,0.0,339414.0611787819,330755.1372713178,False,False,True,True,False,False,False,True,True,False
321000.0,120.0,3.0,1.0,0.0,0.0,1.0,1.0,1.0,3,35.8917,10.5942,2.0,0.0,0.0,0.0,339414.0611787819,330755.1372713178,False,False,True,True,False,False,False,True,True,False
355000.0,120.0,3.0,1.0,0.0,0.0,1.0,1.0,1.0,3,35.8925,10.5876,2.0,0.0,0.0,0.0,339414.0611787819,330755.1372713178,False,False,True,True,False,False,False,True,True,False
255000.0,120.0,2.0,1.0,0.0,0.0,1.0,1.0,1.0,2,35.8869,10.5937,2.0,0.0,0.0,0.0,339414.0611787819,330755.1372713178,False,False,True,True,False,False,False,True,True,False
335000.0,120.0,3.0,1.0,0.0,0.0,1.0,1.0,0.0,2,35.888,10.5882,2.0,0.0,0.0,0.0,339414.0611787819,330755.1372713178,False,False,True,True,False,False,False,True,True,False
245000.0,130.0,3.0,1.0,0.0,1.0,0.0,1.0,0.0,3,36.0339,10.5007,2.0,0.0,0.0,0.0,260917.67902439024,330755.1372713178,False,True,False,True,False,False,False,True,True,False
300000.0,120.0,5.0,1.0,0.0,0.0,1.0,1.0,0.0,1,35.8231,10.6406,2.0,0.0,0.0,0.0,339414.0611787819,330755.1372713178,False,False,True,True,False,False,False,True,True,False
275000.0,120.0,3.0,1.0,0.0,0.0,0.0,1.0,0.0,2,35.8942,10.5982,2.0,0.0,0.0,0.0,365256.14666666667,295071.536,False,False,True,True,False,False,True,False,True,False
290000.0,130.0,2.0,1.0,0.0,0.0,0.0,1.0,0.0,2,35.8827,10.5909,2.0,0.0,0.0,0.0,365256.14666666667,295071.536,False,False,True,True,False,False,True,False,True,False
350000.0,120.0,5.0,1.0,0.0,1.0,0.0,1.0,0.0,2,35.8057,10.5866,2.0,0.0,0.0,0.0,339414.0611787819,330755.1372713178,False,False,True,True,False,False,False,True,True,False
515000.0,120.0,3.0,1.0,0.0,0.0,0.0,1.0,0.0,3,35.9136,10.5734,2.0,0.0,0.0,0.0,386675.625,327705.16642857145,False,False,True,True,False,False,True,False,True,False
165000.0,120.0,4.0,1.0,0.0,0.0,0.0,1.0,0.0,4,35.8423,10.5909,2.0,0.0,0.0,0.0,304361.5,299054.0060240964,False,True,False,True,False,False,True,False,True,False
566500.0,120.0,3.0,1.0,0.0,1.0,1.0,1.0,1.0,4,35.7626,10.8158,2.0,0.0,0.0,1.0,283320.10545454547,299054.0060240964,False,True,False,True,False,False,True,False,True,False
170000.0,50.0,2.0,1.0,0.0,0.0,1.0,1.0,0.0,0,35.9216,10.5752,2.0,0.0,0.0,0.0,389984.1204651163,406094.33674999996,False,False,True,True,False,False,False,True,True,False
85000.0,120.0,3.0,1.0,0.0,0.0,0.0,0.0,0.0,3,35.7872,10.586,2.0,0.0,0.0,0.0,339414.0611787819,330755.1372713178,False,False,True,True,False,False,False,True,True,False
450000.0,120.0,5.0,1.0,0.0,0.0,1.0,1.0,1.0,2,36.8127,10.1105,2.0,0.0,0.0,0.0,447540.89,259667.45531914895,False,False,True,False,True,True,False,False,True,False
458350.0,80.76,2.0,1.0,0.0,1.0,1.0,1.0,1.0,1,35.7653,10.8088,2.0,0.0,0.0,1.0,283320.10545454547,299054.0060240964,False,True,False,True,False,False,True,False,True,False
110000.0,65.0,3.0,1.0,0.0,0.0,0.0,1.0,0.0,6,35.8329,10.6354,2.0,0.0,0.0,0.0,339414.0611787819,330755.1372713178,False,False,True,True,False,False,False,True,True,False
125000.0,120.0,4.0,1.0,0.0,0.0,0.0,1.0,0.0,1,35.8252,10.6306,2.0,0.0,0.0,0.0,339414.0611787819,330755.1372713178,False,False,True,True,False,False,False,True,True,False
319300.0,120.0,2.0,1.0,0.0,1.0,0.0,1.0,0.0,2,33.8628,10.9065,2.0,0.0,0.0,1.0,319300.0,306012.785,False,True,False,False,True,False,True,False,True,False
365000.0,120.0,4.0,1.0,0.0,0.0,0.0,1.0,0.0,3,35.9136,10.5734,2.0,0.0,0.0,0.0,386675.625,327705.16642857145,False,False,True,True,False,False,True,False,True,False
480000.0,140.0,4.0,1.0,0.0,0.0,1.0,1.0,0.0,2,35.9036,10.5922,2.0,0.0,0.0,0.0,365256.14666666667,295071.536,False,False,True,True,False,False,True,False,True,False
589000.0,155.0,4.0,1.0,0.0,0.0,1.0,1.0,1.0,3,35.8403,10.5943,2.0,0.0,0.0,0.0,304361.5,299054.0060240964,False,True,False,True,False,False,True,False,True,False
948331.0,120.0,2.0,1.0,0.0,1.0,1.0,1.0,1.0,1,41.9339,8.7154,2.0,0.0,0.0,1.0,460266.7082352941,495512.68618274975,False,False,True,True,False,False,False,True,True,False
320000.0,120.0,3.0,1.0,0.0,0.0,0.0,1.0,0.0,2,35.854,10.5957,2.0,0.0,0.0,0.0,339414.0611787819,330755.1372713178,False,False,True,True,False,False,False,True,True,False
390000.0,120.0,4.0,1.0,0.0,0.0,1.0,1.0,0.0,2,35.9527,10.5395,2.0,0.0,0.0,0.0,339414.0611787819,330755.1372713178,False,False,True,True,False,False,False,True,True,False
360000.0,130.0,4.0,1.0,0.0,0.0,0.0,1.0,1.0,2,35.8177,10.6455,2.0,0.0,0.0,0.0,339414.0611787819,330755.1372713178,False,False,True,True,False,False,False,True,True,False
190000.0,60.0,1.0,1.0,0.0,0.0,0.0,1.0,1.0,2,35.9178,10.5586,2.0,0.0,0.0,1.0,386675.625,327705.16642857145,False,False,True,True,False,False,True,False,True,False
290000.0,85.0,2.0,1.0,0.0,0.0,0.0,1.0,1.0,2,35.9178,10.5586,2.0,0.0,0.0,1.0,386675.625,327705.16642857145,False,False,True,True,False,False,True,False,True,False
280000.0,143.0,4.0,1.0,0.0,0.0,0.0,1.0,0.0,2,35.8355,10.632,2.0,0.0,0.0,0.0,339414.0611787819,330755.1372713178,False,False,True,True,False,False,False,True,True,False
123600.0,100.0,4.0,1.0,0.0,0.0,0.0,1.0,0.0,4,35.7934,10.672,2.0,0.0,0.0,0.0,174533.33333333334,330755.1372713178,True,False,False,True,False,False,False,True,True,False
367200.0,175.0,4.0,1.0,0.0,0.0,1.0,1.0,1.0,0,35.8277,10.6352,2.0,0.0,0.0,0.0,367200.0,343600.0,False,False,True,False,True,False,False,True,False,True
480000.0,120.0,4.0,1.0,0.0,0.0,0.0,1.0,0.0,0,35.8882,10.5894,2.0,0.0,0.0,0.0,339414.0611787819,330755.1372713178,False,False,True,True,False,False,False,True,True,False
185000.0,120.0,2.0,1.0,0.0,1.0,0.0,1.0,0.0,0,35.9246,10.5635,2.0,0.0,0.0,0.0,389984.1204651163,406094.33674999996,False,False,True,True,False,False,False,True,True,False
320000.0,115.0,3.0,1.0,0.0,0.0,0.0,1.0,0.0,1,35.8383,10.6302,2.0,0.0,0.0,0.0,339414.0611787819,330755.1372713178,False,False,True,True,False,False,False,True,True,False
330000.0,115.0,3.0,1.0,0.0,0.0,1.0,1.0,0.0,2,35.824,10.6291,2.0,0.0,0.0,0.0,339414.0611787819,330755.1372713178,False,False,True,True,False,False,False,True,True,False
395000.0,168.0,3.0,1.0,0.0,0.0,1.0,1.0,1.0,4,35.8064,10.6138,2.0,0.0,0.0,0.0,339414.0611787819,330755.1372713178,False,False,True,True,False,False,False,True,True,False
228000.0,95.08,2.0,1.0,0.0,0.0,0.0,1.0,0.0,4,35.8294,10.5946,2.0,0.0,0.0,0.0,304361.5,299054.0060240964,False,True,False,True,False,False,True,False,True,False
320000.0,120.0,2.0,1.0,0.0,0.0,0.0,1.0,0.0,0,36.4653,10.8085,2.0,0.0,0.0,0.0,189879.7706849315,335553.90432183904,True,False,False,True,False,False,False,True,True,False
345000.0,85.0,3.0,1.0,0.0,1.0,1.0,0.0,0.0,2,35.9431,10.5202,2.0,0.0,0.0,0.0,389984.1204651163,406094.33674999996,False,False,True,True,False,False,False,True,True,False
450000.0,120.0,3.0,1.0,0.0,0.0,0.0,1.0,0.0,4,35.8152,10.6299,2.0,0.0,0.0,0.0,339414.0611787819,330755.1372713178,False,False,True,True,False,False,False,True,True,False
325000.0,120.0,3.0,1.0,0.0,0.0,0.0,1.0,0.0,2,35.8152,10.6299,2.0,0.0,0.0,0.0,339414.0611787819,330755.1372713178,False,False,True,True,False,False,False,True,True,False
380000.0,120.0,4.0,1.0,0.0,0.0,0.0,1.0,0.0,2,35.8152,10.6299,2.0,0.0,0.0,0.0,339414.0611787819,330755.1372713178,False,False,True,True,False,False,False,True,True,False
210000.0,120.0,2.0,1.0,0.0,0.0,0.0,1.0,0.0,2,35.8152,10.6299,2.0,0.0,0.0,0.0,339414.0611787819,330755.1372713178,False,False,True,True,False,False,False,True,True,False
420000.0,184.0,4.0,1.0,0.0,0.0,1.0,1.0,0.0,5,35.8273,10.6339,2.0,0.0,0.0,0.0,339414.0611787819,330755.1372713178,False,False,True,True,False,False,False,True,True,False
480000.0,120.0,3.0,1.0,0.0,1.0,1.0,1.0,0.0,0,35.9287,10.5585,2.0,0.0,0.0,0.0,386675.625,327705.16642857145,False,False,True,True,False,False,True,False,True,False
414832.0,120.0,3.0,1.0,0.0,0.0,1.0,1.0,1.0,0,35.5044,11.0661,2.0,0.0,0.0,0.0,277969.225,327705.16642857145,False,True,False,True,False,False,True,False,True,False
390000.0,118.0,3.0,1.0,0.0,1.0,0.0,1.0,0.0,2,35.8273,10.6339,2.0,0.0,0.0,1.0,339414.0611787819,330755.1372713178,False,False,True,True,False,False,False,True,True,False
400000.0,182.0,4.0,1.0,0.0,0.0,0.0,1.0,0.0,4,35.8569,10.5972,2.0,0.0,0.0,0.0,339414.0611787819,330755.1372713178,False,False,True,True,False,False,False,True,True,False
560000.0,118.0,3.0,1.0,0.0,1.0,1.0,1.0,1.0,2,35.9244,10.5739,2.0,0.0,0.0,0.0,386675.625,327705.16642857145,False,False,True,True,False,False,True,False,True,False
320000.0,91.0,3.0,1.0,0.0,1.0,1.0,1.0,1.0,1,35.7562,10.828,2.0,0.0,0.0,0.0,320000.0,343600.0,False,True,False,False,True,False,False,True,False,True
298571.0,120.0,3.0,1.0,0.0,0.0,0.0,1.0,0.0,2,35.9188,10.576,2.0,0.0,0.0,0.0,389984.1204651163,406094.33674999996,False,False,True,True,False,False,False,True,True,False
530000.0,125.0,3.0,1.0,0.0,0.0,0.0,1.0,0.0,0,35.9431,10.5202,2.0,0.0,0.0,0.0,386675.625,327705.16642857145,False,False,True,True,False,False,True,False,True,False
400000.0,81.0,2.0,1.0,0.0,0.0,0.0,1.0,0.0,0,35.9431,10.5202,2.0,0.0,0.0,0.0,386675.625,327705.16642857145,False,False,True,True,False,False,True,False,True,False
346500.0,113.0,3.0,1.0,0.0,1.0,1.0,1.0,0.0,2,35.9431,10.5202,2.0,0.0,0.0,1.0,389984.1204651163,406094.33674999996,False,False,True,True,False,False,False,True,True,False
319300.0,155.0,3.0,1.0,0.0,1.0,0.0,1.0,0.0,3,36.0347,10.5056,2.0,0.0,0.0,1.0,260917.67902439024,330755.1372713178,False,True,False,True,False,False,False,True,True,False
380000.0,118.0,3.0,1.0,0.0,0.0,0.0,1.0,0.0,4,35.8273,10.6339,2.0,0.0,0.0,0.0,339414.0611787819,330755.1372713178,False,False,True,True,False,False,False,True,True,False
403142.0,132.0,3.0,1.0,0.0,1.0,0.0,1.0,0.0,4,35.8273,10.6339,2.0,0.0,0.0,1.0,339414.0611787819,330755.1372713178,False,False,True,True,False,False,False,True,True,False
200000.0,73.0,3.0,1.0,0.0,1.0,0.0,1.0,0.0,1,35.9431,10.5202,2.0,0.0,0.0,1.0,386675.625,327705.16642857145,False,False,True,True,False,False,True,False,True,False
358662.0,144.0,3.0,1.0,0.0,0.0,1.0,1.0,1.0,2,36.4011,10.6146,2.0,0.0,0.0,0.0,355184.6627435388,335553.90432183904,False,False,True,True,False,False,False,True,True,False
391400.0,150.0,3.0,1.0,0.0,0.0,0.0,1.0,0.0,4,36.0301,10.5079,2.0,0.0,0.0,1.0,260917.67902439024,330755.1372713178,False,True,False,True,False,False,False,True,True,False
432600.0,79.0,2.0,1.0,0.0,1.0,0.0,1.0,0.0,2,35.9431,10.5202,2.0,0.0,0.0,1.0,386675.625,327705.16642857145,False,False,True,True,False,False,True,False,True,False
102784.0,63.72,1.0,1.0,0.0,0.0,1.0,1.0,0.0,1,36.0301,10.5079,2.0,0.0,0.0,1.0,260917.67902439024,330755.1372713178,False,True,False,True,False,False,False,True,True,False
265740.0,101.4,2.0,1.0,0.0,1.0,1.0,1.0,1.0,0,36.952,8.7581,2.0,0.0,0.0,1.0,222051.35384615383,228616.187,True,False,False,True,False,True,False,False,True,False
314150.0,101.4,3.0,1.0,0.0,1.0,1.0,1.0,1.0,0,36.952,8.7581,2.0,0.0,0.0,1.0,222051.35384615383,228616.187,True,False,False,True,False,True,False,False,True,False
197183.0,63.7,1.0,1.0,0.0,1.0,1.0,1.0,1.0,0,36.952,8.7581,2.0,0.0,0.0,1.0,222051.35384615383,228616.187,True,False,False,True,False,True,False,False,True,False
192033.0,63.7,1.0,1.0,0.0,1.0,1.0,1.0,1.0,0,36.952,8.7581,2.0,0.0,0.0,1.0,222051.35384615383,228616.187,True,False,False,True,False,True,False,False,True,False
520000.0,197.0,3.0,1.0,0.0,0.0,0.0,1.0,0.0,1,35.8177,10.6455,2.0,0.0,0.0,0.0,339414.0611787819,330755.1372713178,False,False,True,True,False,False,False,True,True,False
288400.0,93.6,3.0,1.0,0.0,1.0,1.0,1.0,1.0,0,36.952,8.7581,2.0,0.0,0.0,1.0,222051.35384615383,228616.187,True,False,False,True,False,True,False,False,True,False
192033.0,63.7,1.0,1.0,0.0,1.0,1.0,1.0,1.0,0,36.952,8.7581,2.0,0.0,0.0,1.0,222051.35384615383,228616.187,True,False,False,True,False,True,False,False,True,False
290130.0,101.4,3.0,1.0,0.0,1.0,1.0,1.0,1.0,0,36.952,8.7581,2.0,0.0,0.0,1.0,222051.35384615383,228616.187,True,False,False,True,False,True,False,False,True,False
297567.0,101.4,3.0,1.0,0.0,1.0,1.0,1.0,1.0,0,36.952,8.7581,2.0,0.0,0.0,1.0,222051.35384615383,228616.187,True,False,False,True,False,True,False,False,True,False
192033.0,63.7,1.0,1.0,0.0,1.0,1.0,1.0,1.0,0,36.952,8.7581,2.0,0.0,0.0,1.0,222051.35384615383,228616.187,True,False,False,True,False,True,False,False,True,False
297464.0,101.4,3.0,1.0,0.0,1.0,1.0,1.0,1.0,0,36.952,8.7581,2.0,0.0,0.0,1.0,222051.35384615383,228616.187,True,False,False,True,False,True,False,False,True,False
192239.0,57.2,1.0,1.0,0.0,1.0,1.0,1.0,1.0,0,36.952,8.7581,2.0,0.0,0.0,1.0,222051.35384615383,228616.187,True,False,False,True,False,True,False,False,True,False
200850.0,65.0,5.0,1.0,0.0,1.0,1.0,1.0,1.0,0,36.952,8.7581,2.0,0.0,0.0,1.0,222051.35384615383,228616.187,True,False,False,True,False,True,False,False,True,False
557230.0,129.0,3.0,1.0,0.0,1.0,1.0,1.0,1.0,2,36.4011,10.6146,2.0,0.0,0.0,1.0,355184.6627435388,335553.90432183904,False,False,True,True,False,False,False,True,True,False
295435.66,113.0,3.0,1.0,0.0,0.0,1.0,1.0,0.0,4,35.8864,10.5915,2.0,0.0,0.0,0.0,339414.0611787819,330755.1372713178,False,False,True,True,False,False,False,True,True,False
326393.08,198.0,3.0,1.0,1.0,1.0,1.0,0.0,1.0,5,35.8245,10.6346,2.0,0.0,0.0,1.0,339414.0611787819,330755.1372713178,False,False,True,True,False,False,False,True,True,False
346172.83999999997,128.0,5.0,1.0,0.0,0.0,0.0,0.0,0.0,2,36.8065,10.1815,4.0,0.0,0.0,0.0,257110.19941176468,495512.68618274975,False,True,False,True,False,False,False,True,True,False
316503.2,140.0,3.0,1.0,1.0,0.0,0.0,0.0,0.0,5,36.8065,10.1815,2.0,0.0,0.0,1.0,257110.19941176468,495512.68618274975,False,True,False,True,False,False,False,True,True,False
294742.76,88.0,3.0,1.0,0.0,0.0,1.0,1.0,1.0,2,36.0314,10.5043,2.0,0.0,0.0,0.0,260917.67902439024,330755.1372713178,False,True,False,True,False,False,False,True,True,False
418467.66,120.0,3.0,2.0,0.0,1.0,0.0,0.0,0.0,2,36.4073,10.6225,2.0,0.0,0.0,1.0,355184.6627435388,335553.90432183904,False,False,True,True,False,False,False,True,True,False
101660.26,64.0,1.0,1.0,0.0,0.0,1.0,1.0,0.0,4,36.0314,10.5043,1.0,0.0,0.0,1.0,260917.67902439024,330755.1372713178,False,True,False,True,False,False,False,True,True,False
712128.82,192.0,5.0,3.0,1.0,0.0,1.0,0.0,0.0,2,36.8567,10.2949,4.0,0.0,0.0,0.0,566389.98,299054.0060240964,False,False,True,True,False,False,True,False,True,False
365955.98,74.0,2.0,1.0,0.0,0.0,0.0,0.0,0.0,4,36.8567,10.2949,1.0,0.0,0.0,1.0,566389.98,299054.0060240964,False,False,True,True,False,False,True,False,True,False
272002.12,120.0,2.0,1.0,0.0,1.0,0.0,0.0,0.0,2,36.4073,10.6225,1.0,0.0,0.0,1.0,355184.6627435388,335553.90432183904,False,False,True,True,False,False,False,True,True,False
202759.44,85.0,3.0,1.0,0.0,0.0,1.0,1.0,0.0,2,35.9335,10.5465,2.0,0.0,0.0,0.0,377419.46125,377419.46125,False,False,True,True,False,False,False,True,True,False
410463.82,126.0,4.0,1.0,0.0,0.0,0.0,1.0,0.0,2,35.9335,10.5465,2.0,0.0,0.0,0.0,377419.46125,377419.46125,False,False,True,True,False,False,False,True,True,False
890160.1799999999,200.0,4.0,1.0,1.0,0.0,1.0,0.0,1.0,2,36.9173,10.2853,3.0,0.0,0.0,1.0,842685.8133333334,406094.33674999996,False,False,True,True,False,False,False,True,True,False
262102.1,110.0,3.0,1.0,0.0,0.0,1.0,1.0,0.0,2,35.9335,10.5465,2.0,0.0,0.0,0.0,377419.46125,377419.46125,False,False,True,True,False,False,False,True,True,False
313336.14,96.0,3.0,1.0,0.0,0.0,0.0,1.0,0.0,2,35.9335,10.5465,2.0,0.0,0.0,0.0,377419.46125,377419.46125,False,False,True,True,False,False,False,True,True,False
385735.74,190.0,4.0,2.0,1.0,0.0,1.0,0.0,1.0,1,36.8665,10.1647,3.0,0.0,0.0,0.0,362112.70683229814,368050.949375,False,False,True,True,False,False,False,True,True,False
425298.64,138.0,5.0,2.0,0.0,0.0,1.0,0.0,1.0,2,36.8665,10.1647,4.0,0.0,0.0,0.0,362112.70683229814,368050.949375,False,False,True,True,False,False,False,True,True,False
474751.42,200.0,4.0,1.0,0.0,0.0,1.0,1.0,0.0,2,35.9335,10.5465,3.0,0.0,0.0,0.0,377419.46125,377419.46125,False,False,True,True,False,False,False,True,True,False
573660.36,75.0,3.0,1.0,0.0,0.0,1.0,1.0,1.0,6,36.9488,10.1983,2.0,0.0,0.0,0.0,298410.12333333335,368050.949375,False,True,False,True,False,False,False,True,True,False
232432.46,92.0,3.0,1.0,0.0,0.0,0.0,0.0,0.0,1,36.8065,10.1815,2.0,0.0,0.0,0.0,257110.19941176468,495512.68618274975,False,True,False,True,False,False,False,True,True,False
417386.06,117.0,3.0,1.0,1.0,0.0,0.0,0.0,1.0,2,36.8065,10.1815,2.0,0.0,0.0,0.0,257110.19941176468,495512.68618274975,False,True,False,True,False,False,False,True,True,False
286830.18,155.0,3.0,1.0,1.0,1.0,1.0,0.0,0.0,1,36.9017,11.1023,2.0,0.0,0.0,0.0,261889.71862068964,256097.71569620253,False,True,False,True,False,True,False,False,True,False
413431.45999999996,116.0,3.0,1.0,1.0,0.0,0.0,0.0,1.0,2,36.8065,10.1815,2.0,0.0,0.0,0.0,257110.19941176468,495512.68618274975,False,True,False,True,False,False,False,True,True,False
217594.25999999998,120.0,3.0,1.0,1.0,1.0,1.0,0.0,0.0,1,36.9017,11.1023,2.0,0.0,0.0,0.0,261889.71862068964,256097.71569620253,False,True,False,True,False,True,False,False,True,False
242322.34,105.0,3.0,1.0,0.0,0.0,0.0,0.0,0.0,3,36.8065,10.1815,2.0,0.0,0.0,0.0,257110.19941176468,495512.68618274975,False,True,False,True,False,False,False,True,True,False
346172.83999999997,119.0,4.0,1.0,0.0,0.0,0.0,1.0,0.0,2,35.8245,10.6346,2.0,0.0,0.0,0.0,339414.0611787819,330755.1372713178,False,False,True,True,False,False,False,True,True,False
553877.22,120.0,4.0,1.0,0.0,0.0,1.0,1.0,0.0,6,35.9188,10.576,2.0,0.0,0.0,1.0,389984.1204651163,406094.33674999996,False,False,True,True,False,False,False,True,True,False
563767.1,160.0,4.0,1.0,0.0,0.0,1.0,0.0,1.0,2,35.9188,10.576,2.0,0.0,0.0,1.0,389984.1204651163,406094.33674999996,False,False,True,True,False,False,False,True,True,False
870380.4199999999,209.0,4.0,2.0,1.0,0.0,0.0,0.0,0.0,3,36.8567,10.2949,3.0,0.0,0.0,0.0,566389.98,299054.0060240964,False,False,True,True,False,False,True,False,True,False
237377.4,120.0,3.0,1.0,1.0,1.0,1.0,0.0,0.0,1,36.9017,11.1023,2.0,0.0,0.0,0.0,261889.71862068964,256097.71569620253,False,True,False,True,False,True,False,False,True,False
613223.26,235.0,5.0,3.0,0.0,1.0,1.0,0.0,1.0,1,36.4073,10.6225,3.0,0.0,0.0,0.0,355184.6627435388,335553.90432183904,False,False,True,True,False,False,False,True,True,False
613223.26,235.0,5.0,3.0,0.0,1.0,1.0,0.0,1.0,1,36.4073,10.6225,3.0,0.0,0.0,0.0,355184.6627435388,335553.90432183904,False,False,True,True,False,False,False,True,True,False
431233.92,120.0,2.0,1.0,0.0,0.0,1.0,1.0,1.0,2,35.7643,10.8113,2.0,0.0,0.0,0.0,283320.10545454547,299054.0060240964,False,True,False,True,False,False,True,False,True,False
257157.16,126.0,3.0,1.0,0.0,0.0,0.0,0.0,0.0,4,36.7134,10.2096,2.0,0.0,0.0,0.0,197548.69142857144,256097.71569620253,True,False,False,True,False,True,False,False,True,False
276940.3,110.0,3.0,1.0,0.0,0.0,1.0,1.0,0.0,3,35.9158,10.5634,2.0,0.0,0.0,0.0,347622.13037037035,330755.1372713178,False,False,True,True,False,False,False,True,True,False
182976.3,96.0,3.0,1.0,0.0,0.0,0.0,0.0,0.0,2,36.8065,10.1815,2.0,0.0,0.0,0.0,257110.19941176468,495512.68618274975,False,True,False,True,False,False,False,True,True,False
385735.74,118.0,3.0,1.0,0.0,1.0,0.0,1.0,0.0,4,35.8245,10.6346,2.0,0.0,0.0,1.0,339414.0611787819,330755.1372713178,False,False,True,True,False,False,False,True,True,False
168141.47999999998,132.0,4.0,1.0,0.0,0.0,0.0,1.0,0.0,2,35.8245,10.6346,2.0,0.0,0.0,0.0,339414.0611787819,330755.1372713178,False,False,True,True,False,False,False,True,True,False
593440.12,111.0,4.0,1.0,0.0,1.0,1.0,1.0,0.0,2,35.9158,10.5634,3.0,0.0,0.0,1.0,347622.13037037035,330755.1372713178,False,False,True,True,False,False,False,True,True,False
593440.12,111.0,4.0,1.0,0.0,1.0,1.0,1.0,0.0,2,35.9158,10.5634,3.0,0.0,0.0,1.0,347622.13037037035,330755.1372713178,False,False,True,True,False,False,False,True,True,False
316503.2,124.0,5.0,1.0,0.0,0.0,0.0,0.0,0.0,1,36.8392,10.1577,4.0,0.0,0.0,0.0,346388.2,335553.90432183904,False,False,True,True,False,False,False,True,True,False
237377.4,130.0,3.0,1.0,0.0,1.0,1.0,1.0,0.0,2,35.8343,10.6246,2.0,0.0,0.0,0.0,339414.0611787819,330755.1372713178,False,False,True,True,False,False,False,True,True,False
447927.74,120.0,3.0,1.0,0.0,0.0,1.0,1.0,1.0,2,35.8245,10.6346,2.0,0.0,0.0,0.0,339414.0611787819,330755.1372713178,False,False,True,True,False,False,False,True,True,False
168141.47999999998,62.0,3.0,1.0,1.0,0.0,0.0,0.0,0.0,1,36.8366,10.1948,2.0,0.0,0.0,0.0,257110.19941176468,495512.68618274975,False,True,False,True,False,False,False,True,True,False
188874.4,80.0,3.0,1.0,0.0,0.0,1.0,1.0,0.0,2,36.4513,10.7357,2.0,0.0,0.0,0.0,356101.26872727275,335553.90432183904,False,False,True,True,False,False,False,True,True,False
346172.83999999997,140.0,5.0,2.0,1.0,0.0,1.0,0.0,1.0,4,36.8665,10.1647,4.0,0.0,0.0,0.0,362112.70683229814,368050.949375,False,False,True,True,False,False,False,True,True,False
395625.62,175.0,4.0,1.0,0.0,0.0,1.0,0.0,1.0,1,36.8665,10.1647,3.0,0.0,0.0,0.0,362112.70683229814,368050.949375,False,False,True,True,False,False,False,True,True,False
207704.38,100.0,2.0,1.0,0.0,0.0,0.0,0.0,0.0,1,36.8065,10.1815,1.0,0.0,0.0,0.0,257110.19941176468,495512.68618274975,False,True,False,True,False,False,False,True,True,False
305622.98,120.0,5.0,1.0,0.0,0.0,0.0,1.0,0.0,2,35.8245,10.6346,2.0,0.0,0.0,0.0,339414.0611787819,330755.1372713178,False,False,True,True,False,False,False,True,True,False
593440.12,152.0,3.0,2.0,0.0,0.0,0.0,0.0,1.0,4,36.8549,10.2993,2.0,0.0,0.0,0.0,601819.5220062697,495512.68618274975,False,False,True,True,False,False,False,True,True,False
553877.22,118.0,3.0,1.0,0.0,1.0,1.0,1.0,1.0,3,35.9335,10.5465,2.0,0.0,0.0,0.0,377419.46125,377419.46125,False,False,True,True,False,False,False,True,True,False
342711.72,113.0,3.0,1.0,0.0,1.0,1.0,1.0,1.0,2,35.9188,10.576,2.0,0.0,0.0,1.0,389984.1204651163,406094.33674999996,False,False,True,True,False,False,False,True,True,False
489589.62,180.0,4.0,1.0,0.0,0.0,1.0,0.0,1.0,2,36.8665,10.1647,3.0,0.0,0.0,0.0,362112.70683229814,368050.949375,False,False,True,True,False,False,False,True,True,False
389693.72,139.0,1.0,1.0,0.0,0.0,1.0,1.0,1.0,2,36.8549,10.2993,2.0,0.0,0.0,0.0,601819.5220062697,495512.68618274975,False,False,True,True,False,False,False,True,True,False
512624.32,120.0,4.0,2.0,1.0,0.0,0.0,1.0,0.0,2,36.4073,10.6225,3.0,0.0,0.0,0.0,355184.6627435388,335553.90432183904,False,False,True,True,False,False,False,True,True,False
558822.16,153.0,4.0,2.0,1.0,0.0,1.0,0.0,0.0,5,36.8549,10.2993,3.0,0.0,0.0,0.0,601819.5220062697,495512.68618274975,False,False,True,True,False,False,False,True,True,False
366746.89999999997,120.0,2.0,1.0,0.0,1.0,1.0,1.0,0.0,2,35.9158,10.5634,2.0,0.0,0.0,0.0,347622.13037037035,330755.1372713178,False,False,True,True,False,False,False,True,True,False
376619.88,120.0,3.0,2.0,1.0,0.0,0.0,1.0,0.0,2,36.4513,10.7357,2.0,0.0,0.0,1.0,356101.26872727275,335553.90432183904,False,False,True,True,False,False,False,True,True,False
346372.26,78.0,2.0,1.0,0.0,1.0,1.0,1.0,0.0,2,35.9158,10.5634,2.0,0.0,0.0,1.0,347622.13037037035,330755.1372713178,False,False,True,True,False,False,False,True,True,False
825872.58,120.0,2.0,1.0,0.0,0.0,1.0,0.0,1.0,2,36.8549,10.2993,2.0,0.0,0.0,0.0,601819.5220062697,495512.68618274975,False,False,True,True,False,False,False,True,True,False
345236.58,120.0,3.0,1.0,0.0,0.0,0.0,1.0,0.0,2,36.4073,10.6225,2.0,0.0,0.0,0.0,355184.6627435388,335553.90432183904,False,False,True,True,False,False,False,True,True,False
519887.94,120.0,3.0,1.0,0.0,0.0,0.0,1.0,0.0,2,36.8065,10.1815,2.0,0.0,0.0,0.0,257110.19941176468,495512.68618274975,False,True,False,True,False,False,False,True,True,False
523210.48,120.0,3.0,1.0,0.0,0.0,0.0,1.0,0.0,2,36.8065,10.1815,2.0,0.0,0.0,0.0,257110.19941176468,495512.68618274975,False,True,False,True,False,False,False,True,True,False
383264.95999999996,120.0,2.0,1.0,0.0,0.0,0.0,1.0,0.0,2,36.8065,10.1815,1.0,0.0,0.0,0.0,257110.19941176468,495512.68618274975,False,True,False,True,False,False,False,True,True,False
410308.33999999997,120.0,3.0,1.0,0.0,0.0,0.0,1.0,0.0,2,36.4513,10.7357,2.0,0.0,0.0,1.0,356101.26872727275,335553.90432183904,False,False,True,True,False,False,False,True,True,False
454971.66,138.0,4.0,2.0,1.0,0.0,0.0,0.0,1.0,2,35.9158,10.5634,3.0,0.0,0.0,0.0,347622.13037037035,330755.1372713178,False,False,True,True,False,False,False,True,True,False
217594.25999999998,95.0,3.0,1.0,0.0,0.0,0.0,0.0,1.0,3,36.8549,10.2993,2.0,0.0,0.0,0.0,601819.5220062697,495512.68618274975,False,False,True,True,False,False,False,True,True,False
346172.83999999997,120.0,3.0,1.0,0.0,0.0,0.0,1.0,0.0,2,35.8245,10.6346,2.0,0.0,0.0,0.0,339414.0611787819,330755.1372713178,False,False,True,True,False,False,False,True,True,False
182976.3,65.0,2.0,1.0,0.0,0.0,1.0,0.0,1.0,2,35.9335,10.5465,1.0,0.0,0.0,0.0,377419.46125,377419.46125,False,False,True,True,False,False,False,True,True,False
246476.36,120.0,2.0,1.0,0.0,0.0,0.0,1.0,0.0,2,36.4513,10.7357,1.0,0.0,0.0,1.0,356101.26872727275,335553.90432183904,False,False,True,True,False,False,False,True,True,False
324311.0,120.0,3.0,1.0,0.0,0.0,0.0,1.0,0.0,2,36.4073,10.6225,2.0,0.0,0.0,1.0,355184.6627435388,335553.90432183904,False,False,True,True,False,False,False,True,True,False
544183.38,131.0,3.0,2.0,0.0,0.0,1.0,0.0,1.0,1,36.8549,10.2993,2.0,0.0,0.0,0.0,601819.5220062697,495512.68618274975,False,False,True,True,False,False,False,True,True,False
390680.68,107.0,3.0,2.0,0.0,0.0,0.0,0.0,1.0,4,36.8065,10.1815,2.0,0.0,0.0,1.0,257110.19941176468,495512.68618274975,False,True,False,True,False,False,False,True,True,False
267047.04,60.0,3.0,1.0,0.0,1.0,0.0,1.0,0.0,2,35.9158,10.5634,2.0,0.0,0.0,0.0,347622.13037037035,330755.1372713178,False,False,True,True,False,False,False,True,True,False
412738.56,114.0,3.0,1.0,0.0,0.0,1.0,0.0,0.0,1,36.8859,10.2488,2.0,0.0,0.0,0.0,393150.9196056338,368050.949375,False,False,True,True,False,False,False,True,True,False
346372.26,120.0,3.0,1.0,0.0,0.0,1.0,1.0,1.0,2,35.8245,10.6346,2.0,0.0,0.0,0.0,339414.0611787819,330755.1372713178,False,False,True,True,False,False,False,True,True,False
222539.19999999998,60.0,2.0,1.0,0.0,0.0,0.0,0.0,1.0,1,36.8665,10.1647,1.0,0.0,0.0,0.0,362112.70683229814,368050.949375,False,False,True,True,False,False,False,True,True,False
692345.6799999999,171.0,4.0,2.0,0.0,0.0,0.0,0.0,1.0,1,36.8859,10.2488,3.0,0.0,0.0,0.0,393150.9196056338,368050.949375,False,False,True,True,False,False,False,True,True,False
336282.95999999996,107.0,3.0,1.0,0.0,0.0,0.0,0.0,1.0,2,36.8665,10.1647,2.0,0.0,0.0,0.0,362112.70683229814,368050.949375,False,False,True,True,False,False,False,True,True,False
158251.6,70.0,3.0,1.0,0.0,1.0,0.0,0.0,0.0,1,35.8245,10.6346,2.0,0.0,0.0,0.0,339414.0611787819,330755.1372713178,False,False,True,True,False,False,False,True,True,False
217594.25999999998,130.0,5.0,1.0,0.0,0.0,0.0,0.0,0.0,1,33.8697,10.7662,2.0,0.0,0.0,0.0,217594.25999999998,273790.43207547173,True,False,False,False,True,True,False,False,True,False
143413.4,120.0,4.0,1.0,0.0,0.0,0.0,0.0,0.0,2,36.8065,10.1815,3.0,0.0,0.0,0.0,257110.19941176468,495512.68618274975,False,True,False,True,False,False,False,True,True,False
295435.66,120.0,3.0,1.0,0.0,0.0,1.0,1.0,1.0,2,35.8245,10.6346,2.0,0.0,0.0,0.0,339414.0611787819,330755.1372713178,False,False,True,True,False,False,False,True,True,False
582559.9,155.0,4.0,1.0,1.0,0.0,1.0,1.0,1.0,5,35.8245,10.6346,3.0,0.0,0.0,0.0,339414.0611787819,330755.1372713178,False,False,True,True,False,False,False,True,True,False
311554.88,84.0,1.0,1.0,0.0,0.0,0.0,0.0,0.0,1,36.8859,10.2488,1.0,0.0,0.0,0.0,393150.9196056338,368050.949375,False,False,True,True,False,False,False,True,True,False
484644.68,169.0,4.0,1.0,1.0,0.0,0.0,0.0,1.0,1,36.8583,10.1675,3.0,0.0,0.0,0.0,484644.68,228616.187,False,False,True,False,True,True,False,False,True,False
296720.06,160.0,4.0,2.0,0.0,0.0,1.0,0.0,0.0,2,36.8462,11.0995,2.0,0.0,0.0,0.0,189879.7706849315,335553.90432183904,True,False,False,True,False,False,False,True,True,False
267047.04,110.0,3.0,1.0,1.0,0.0,0.0,0.0,1.0,2,36.8093,10.0863,2.0,0.0,0.0,0.0,251258.3575,259667.45531914895,False,True,False,True,False,True,False,False,True,False
380790.8,168.0,4.0,2.0,1.0,0.0,1.0,0.0,1.0,2,36.8093,10.0863,3.0,0.0,0.0,0.0,251258.3575,259667.45531914895,False,True,False,True,False,True,False,False,True,False
415408.76,125.0,3.0,1.0,1.0,0.0,1.0,0.0,1.0,1,36.8065,10.1815,2.0,0.0,0.0,0.0,257110.19941176468,495512.68618274975,False,True,False,True,False,False,False,True,True,False
380790.8,155.0,4.0,1.0,1.0,0.0,1.0,0.0,0.0,4,36.8665,10.1647,3.0,0.0,0.0,0.0,362112.70683229814,368050.949375,False,False,True,True,False,False,False,True,True,False
346172.83999999997,104.0,5.0,1.0,1.0,0.0,0.0,0.0,1.0,1,37.2746,9.8627,2.0,0.0,0.0,0.0,301532.5788888889,273790.43207547173,False,True,False,True,False,True,False,False,True,False
182976.3,65.0,2.0,1.0,0.0,0.0,1.0,0.0,1.0,2,35.9335,10.5465,1.0,0.0,0.0,0.0,377419.46125,377419.46125,False,False,True,True,False,False,False,True,True,False
84070.73999999999,45.0,1.0,1.0,0.0,0.0,0.0,0.0,1.0,1,36.8762,10.1143,2.0,0.0,0.0,0.0,158246.87,368050.949375,True,False,False,False,True,False,False,True,True,False
712128.82,202.0,5.0,2.0,1.0,0.0,1.0,0.0,1.0,1,36.8567,10.2949,4.0,0.0,0.0,0.0,566389.98,299054.0060240964,False,False,True,True,False,False,True,False,True,False
435188.51999999996,120.0,4.0,1.0,0.0,0.0,1.0,0.0,0.0,2,35.8245,10.6346,2.0,0.0,0.0,0.0,339414.0611787819,330755.1372713178,False,False,True,True,False,False,False,True,True,False
390680.68,107.0,3.0,2.0,0.0,0.0,0.0,0.0,1.0,4,36.8065,10.1815,2.0,0.0,0.0,1.0,257110.19941176468,495512.68618274975,False,True,False,True,False,False,False,True,True,False
203746.4,120.0,1.0,1.0,0.0,0.0,1.0,0.0,0.0,2,35.8245,10.6346,2.0,0.0,0.0,0.0,339414.0611787819,330755.1372713178,False,False,True,True,False,False,False,True,True,False
415408.76,120.0,4.0,1.0,0.0,0.0,0.0,1.0,0.0,2,35.8245,10.6346,2.0,0.0,0.0,0.0,339414.0611787819,330755.1372713178,False,False,True,True,False,False,False,True,True,False
138468.46,60.0,3.0,1.0,0.0,0.0,0.0,1.0,0.0,3,35.8245,10.6346,2.0,0.0,0.0,0.0,339414.0611787819,330755.1372713178,False,False,True,True,False,False,False,True,True,False
262102.1,114.0,4.0,1.0,0.0,0.0,0.0,0.0,0.0,3,36.8065,10.1815,3.0,0.0,0.0,0.0,257110.19941176468,495512.68618274975,False,True,False,True,False,False,False,True,True,False
158251.6,80.0,2.0,1.0,0.0,0.0,0.0,0.0,0.0,2,36.5806,10.8621,1.0,0.0,0.0,0.0,158251.6,335553.90432183904,True,False,False,False,True,False,False,True,True,False
178031.36,95.0,3.0,1.0,1.0,0.0,0.0,0.0,0.0,2,36.8665,10.1647,2.0,0.0,0.0,0.0,362112.70683229814,368050.949375,False,False,True,True,False,False,False,True,True,False
415408.76,104.0,3.0,1.0,0.0,0.0,0.0,1.0,1.0,4,35.9335,10.5465,2.0,0.0,0.0,0.0,377419.46125,377419.46125,False,False,True,True,False,False,False,True,True,False
375845.86,118.0,3.0,1.0,0.0,0.0,0.0,1.0,0.0,4,35.8245,10.6346,2.0,0.0,0.0,0.0,339414.0611787819,330755.1372713178,False,False,True,True,False,False,False,True,True,False
411450.77999999997,104.0,3.0,1.0,0.0,0.0,1.0,1.0,1.0,4,35.9335,10.5465,2.0,0.0,0.0,0.0,377419.46125,377419.46125,False,False,True,True,False,False,False,True,True,False
316503.2,91.0,3.0,1.0,1.0,1.0,1.0,1.0,1.0,4,35.7447,10.7887,2.0,0.0,0.0,0.0,283320.10545454547,299054.0060240964,False,True,False,True,False,False,True,False,True,False
385735.74,141.0,3.0,2.0,1.0,0.0,0.0,0.0,0.0,2,36.8859,10.2488,2.0,0.0,0.0,0.0,393150.9196056338,368050.949375,False,False,True,True,False,False,False,True,True,False
445081.77999999997,85.0,2.0,1.0,0.0,0.0,1.0,1.0,0.0,2,36.4073,10.6225,2.0,0.0,0.0,1.0,355184.6627435388,335553.90432183904,False,False,True,True,False,False,False,True,True,False
652786.16,199.0,5.0,2.0,1.0,0.0,1.0,0.0,1.0,2,36.8665,10.1647,4.0,0.0,0.0,0.0,362112.70683229814,368050.949375,False,False,True,True,False,False,False,True,True,False
247267.28,120.0,4.0,1.0,0.0,0.0,0.0,0.0,0.0,4,36.8065,10.1815,3.0,0.0,0.0,0.0,257110.19941176468,495512.68618274975,False,True,False,True,False,False,False,True,True,False
296720.06,120.0,3.0,1.0,0.0,0.0,0.0,1.0,0.0,4,35.9158,10.5634,2.0,0.0,0.0,0.0,347622.13037037035,330755.1372713178,False,False,True,True,False,False,False,True,True,False
385735.74,120.0,3.0,1.0,0.0,0.0,0.0,1.0,1.0,4,35.9335,10.5465,2.0,0.0,0.0,0.0,377419.46125,377419.46125,False,False,True,True,False,False,False,True,True,False
296720.06,75.0,2.0,1.0,0.0,0.0,0.0,1.0,1.0,4,35.9335,10.5465,2.0,0.0,0.0,0.0,377419.46125,377419.46125,False,False,True,True,False,False,False,True,True,False
212649.32,100.0,4.0,1.0,0.0,0.0,0.0,0.0,0.0,1,36.8065,10.1815,3.0,0.0,0.0,0.0,257110.19941176468,495512.68618274975,False,True,False,True,False,False,False,True,True,False
387121.54,150.0,3.0,1.0,0.0,0.0,0.0,1.0,0.0,4,36.0314,10.5043,2.0,0.0,0.0,1.0,260917.67902439024,330755.1372713178,False,True,False,True,False,False,False,True,True,False
415408.76,105.0,3.0,1.0,0.0,0.0,0.0,1.0,1.0,4,35.9335,10.5465,2.0,0.0,0.0,0.0,377419.46125,377419.46125,False,False,True,True,False,False,False,True,True,False
474751.42,120.0,4.0,1.0,0.0,0.0,0.0,1.0,0.0,2,36.8665,10.1647,2.0,0.0,0.0,0.0,362112.70683229814,368050.949375,False,False,True,True,False,False,False,True,True,False
307600.27999999997,169.0,3.0,1.0,0.0,0.0,1.0,1.0,0.0,4,35.8245,10.6346,2.0,0.0,0.0,0.0,339414.0611787819,330755.1372713178,False,False,True,True,False,False,False,True,True,False
326393.08,120.0,3.0,1.0,1.0,0.0,1.0,0.0,0.0,2,35.8245,10.6346,2.0,0.0,0.0,0.0,339414.0611787819,330755.1372713178,False,False,True,True,False,False,False,True,True,False
212649.32,65.0,3.0,1.0,0.0,1.0,1.0,1.0,0.0,2,35.9335,10.5465,2.0,0.0,0.0,0.0,377419.46125,377419.46125,False,False,True,True,False,False,False,True,True,False
200285.28,120.0,3.0,1.0,0.0,0.0,1.0,1.0,1.0,2,35.7804,10.6309,2.0,0.0,0.0,0.0,339414.0611787819,330755.1372713178,False,False,True,True,False,False,False,True,True,False
138468.46,76.0,3.0,1.0,0.0,0.0,0.0,0.0,0.0,4,35.8218,10.5606,2.0,0.0,0.0,0.0,108789.90909090909,330755.1372713178,True,False,False,True,False,False,False,True,True,False
567231.6,120.0,5.0,1.0,1.0,0.0,1.0,0.0,1.0,2,35.8245,10.6346,3.0,0.0,0.0,0.0,339414.0611787819,330755.1372713178,False,False,True,True,False,False,False,True,True,False
509369.38,120.0,3.0,1.0,0.0,0.0,0.0,0.0,0.0,2,35.9335,10.5465,2.0,0.0,0.0,0.0,377419.46125,377419.46125,False,False,True,True,False,False,False,True,True,False
635852.36,164.0,4.0,1.0,0.0,0.0,1.0,1.0,1.0,2,35.9335,10.5465,2.0,0.0,0.0,1.0,377419.46125,377419.46125,False,False,True,True,False,False,False,True,True,False
470005.89999999997,120.0,3.0,1.0,1.0,0.0,1.0,0.0,1.0,2,35.8245,10.6346,2.0,0.0,0.0,0.0,339414.0611787819,330755.1372713178,False,False,True,True,False,False,False,True,True,False
168141.47999999998,120.0,2.0,1.0,0.0,0.0,1.0,0.0,1.0,2,35.8245,10.6346,2.0,0.0,0.0,0.0,339414.0611787819,330755.1372713178,False,False,True,True,False,False,False,True,True,False
395625.62,182.0,4.0,1.0,0.0,0.0,0.0,1.0,0.0,2,35.8864,10.5915,2.0,0.0,0.0,0.0,339414.0611787819,330755.1372713178,False,False,True,True,False,False,False,True,True,False
321448.14,120.0,3.0,1.0,0.0,0.0,0.0,1.0,0.0,2,35.8245,10.6346,2.0,0.0,0.0,0.0,339414.0611787819,330755.1372713178,False,False,True,True,False,False,False,True,True,False
385735.74,120.0,4.0,1.0,0.0,0.0,1.0,1.0,0.0,2,35.8864,10.5915,2.0,0.0,0.0,0.0,339414.0611787819,330755.1372713178,False,False,True,True,False,False,False,True,True,False
316503.2,120.0,3.0,1.0,0.0,0.0,0.0,0.0,0.0,2,35.8864,10.5915,2.0,0.0,0.0,0.0,339414.0611787819,330755.1372713178,False,False,True,True,False,False,False,True,True,False
375845.86,154.0,4.0,1.0,0.0,0.0,1.0,1.0,1.0,2,35.8245,10.6346,2.0,0.0,0.0,0.0,339414.0611787819,330755.1372713178,False,False,True,True,False,False,False,True,True,False
108798.81999999999,65.0,3.0,1.0,0.0,0.0,0.0,1.0,0.0,2,35.8245,10.6346,2.0,0.0,0.0,0.0,339414.0611787819,330755.1372713178,False,False,True,True,False,False,False,True,True,False
162206.19999999998,100.0,3.0,1.0,0.0,1.0,0.0,0.0,0.0,3,36.7134,10.2096,2.0,0.0,0.0,0.0,197548.69142857144,256097.71569620253,True,False,False,True,False,True,False,False,True,False
296720.06,123.0,3.0,1.0,1.0,0.0,0.0,0.0,1.0,2,36.8859,10.2488,2.0,0.0,0.0,0.0,393150.9196056338,368050.949375,False,False,True,True,False,False,False,True,True,False
242322.34,45.0,1.0,1.0,0.0,0.0,0.0,0.0,1.0,3,36.8549,10.2993,1.0,0.0,0.0,0.0,601819.5220062697,495512.68618274975,False,False,True,True,False,False,False,True,True,False
365955.98,142.0,4.0,1.0,0.0,0.0,0.0,0.0,1.0,3,36.8549,10.2993,3.0,0.0,0.0,0.0,601819.5220062697,495512.68618274975,False,False,True,True,False,False,False,True,True,False
385735.74,150.0,4.0,2.0,0.0,0.0,1.0,0.0,1.0,2,36.8549,10.2993,3.0,0.0,0.0,0.0,601819.5220062697,495512.68618274975,False,False,True,True,False,False,False,True,True,False
488677.01999999996,119.0,4.0,1.0,0.0,0.0,1.0,1.0,0.0,2,35.8245,10.6346,2.0,0.0,0.0,0.0,339414.0611787819,330755.1372713178,False,False,True,True,False,False,False,True,True,False
431020.98,120.0,2.0,1.0,0.0,0.0,0.0,1.0,0.0,2,36.8065,10.1815,1.0,0.0,0.0,0.0,257110.19941176468,495512.68618274975,False,True,False,True,False,False,False,True,True,False
439389.86,120.0,3.0,2.0,0.0,0.0,0.0,1.0,0.0,2,36.4073,10.6225,2.0,0.0,0.0,0.0,355184.6627435388,335553.90432183904,False,False,True,True,False,False,False,True,True,False
439389.86,120.0,3.0,2.0,0.0,0.0,0.0,1.0,0.0,2,36.4073,10.6225,2.0,0.0,0.0,0.0,355184.6627435388,335553.90432183904,False,False,True,True,False,False,False,True,True,False
345236.58,120.0,3.0,1.0,1.0,0.0,0.0,1.0,0.0,2,36.8065,10.1815,2.0,0.0,0.0,0.0,257110.19941176468,495512.68618274975,False,True,False,True,False,False,False,True,True,False
213639.66,120.0,2.0,1.0,1.0,0.0,1.0,0.0,1.0,2,35.8245,10.6346,1.0,0.0,0.0,0.0,339414.0611787819,330755.1372713178,False,False,True,True,False,False,False,True,True,False
200890.3,55.0,1.0,1.0,0.0,1.0,1.0,1.0,1.0,2,36.9483,8.7426,2.0,0.0,0.0,1.0,222051.35384615383,228616.187,True,False,False,True,False,True,False,False,True,False
865928.96,125.0,3.0,1.0,0.0,0.0,1.0,1.0,1.0,2,36.9173,10.2853,2.0,0.0,0.0,1.0,842685.8133333334,406094.33674999996,False,False,True,True,False,False,False,True,True,False
286830.18,85.0,2.0,1.0,0.0,0.0,0.0,1.0,0.0,2,35.9335,10.5465,2.0,0.0,0.0,1.0,377419.46125,377419.46125,False,False,True,True,False,False,False,True,True,False
416990.6,120.0,4.0,1.0,1.0,0.0,1.0,0.0,1.0,2,35.8245,10.6346,2.0,0.0,0.0,0.0,339414.0611787819,330755.1372713178,False,False,True,True,False,False,False,True,True,False
410298.2,120.0,3.0,1.0,1.0,0.0,1.0,0.0,1.0,2,35.5024,11.0457,2.0,0.0,0.0,0.0,277969.225,327705.16642857145,False,True,False,True,False,False,True,False,True,False
315810.3,120.0,2.0,1.0,0.0,1.0,0.0,0.0,0.0,2,33.2281,10.8903,2.0,0.0,0.0,1.0,353905.15,306012.785,False,False,True,False,True,False,True,False,True,False
375845.86,125.0,3.0,1.0,0.0,0.0,1.0,1.0,1.0,2,35.8245,10.6346,2.0,0.0,0.0,0.0,339414.0611787819,330755.1372713178,False,False,True,True,False,False,False,True,True,False
329053.14,92.0,2.0,1.0,0.0,1.0,1.0,1.0,1.0,4,36.4073,10.6225,2.0,0.0,0.0,1.0,355184.6627435388,335553.90432183904,False,False,True,True,False,False,False,True,True,False
79125.8,70.0,2.0,1.0,0.0,0.0,0.0,0.0,0.0,2,37.2162,10.1143,2.0,0.0,0.0,0.0,163531.45,273790.43207547173,True,False,False,True,False,True,False,False,True,False
514314.32,152.0,4.0,2.0,0.0,0.0,0.0,0.0,1.0,1,36.8491,10.1969,3.0,0.0,0.0,0.0,367157.16000000003,259667.45531914895,False,False,True,False,True,True,False,False,True,False
291775.12,125.0,4.0,1.0,1.0,0.0,0.0,0.0,0.0,2,36.8065,10.1815,3.0,0.0,0.0,0.0,257110.19941176468,495512.68618274975,False,True,False,True,False,False,False,True,True,False
306609.94,156.0,3.0,1.0,0.0,0.0,1.0,1.0,0.0,4,35.8245,10.6346,2.0,0.0,0.0,0.0,339414.0611787819,330755.1372713178,False,False,True,True,False,False,False,True,True,False
542800.96,172.0,4.0,1.0,0.0,0.0,1.0,1.0,0.0,6,35.8245,10.6346,2.0,0.0,0.0,0.0,339414.0611787819,330755.1372713178,False,False,True,True,False,False,False,True,True,False
578605.2999999999,139.0,4.0,2.0,0.0,0.0,0.0,0.0,1.0,1,36.8626,10.2867,3.0,0.0,0.0,0.0,601819.5220062697,495512.68618274975,False,False,True,True,False,False,False,True,True,False
623113.14,140.0,3.0,2.0,1.0,0.0,1.0,0.0,1.0,2,36.8549,10.2993,2.0,0.0,0.0,0.0,601819.5220062697,495512.68618274975,False,False,True,True,False,False,False,True,True,False
415408.76,100.0,3.0,2.0,1.0,0.0,0.0,0.0,0.0,3,36.404,10.569,2.0,0.0,0.0,1.0,355184.6627435388,335553.90432183904,False,False,True,True,False,False,False,True,True,False
415408.76,170.0,3.0,1.0,1.0,0.0,1.0,0.0,0.0,1,36.8665,10.1647,2.0,0.0,0.0,0.0,362112.70683229814,368050.949375,False,False,True,True,False,False,False,True,True,False
156274.3,56.0,2.0,1.0,0.0,0.0,1.0,0.0,1.0,1,36.8859,10.2488,1.0,0.0,0.0,0.0,393150.9196056338,368050.949375,False,False,True,True,False,False,False,True,True,False
316503.2,120.0,2.0,1.0,0.0,0.0,0.0,0.0,0.0,2,36.8462,11.0995,2.0,0.0,0.0,0.0,189879.7706849315,335553.90432183904,True,False,False,True,False,False,False,True,True,False
593440.12,220.0,5.0,1.0,0.0,0.0,1.0,1.0,0.0,3,35.8245,10.6346,2.0,0.0,0.0,0.0,339414.0611787819,330755.1372713178,False,False,True,True,False,False,False,True,True,False
222539.19999999998,85.0,2.0,1.0,0.0,0.0,0.0,1.0,1.0,2,35.8245,10.6346,2.0,0.0,0.0,0.0,339414.0611787819,330755.1372713178,False,False,True,True,False,False,False,True,True,False
640719.5599999999,120.0,4.0,1.0,0.0,0.0,1.0,1.0,0.0,2,35.9188,10.576,2.0,0.0,0.0,1.0,389984.1204651163,406094.33674999996,False,False,True,True,False,False,False,True,True,False
262102.1,74.0,2.0,1.0,0.0,0.0,0.0,1.0,1.0,5,35.8864,10.5915,2.0,0.0,0.0,0.0,339414.0611787819,330755.1372713178,False,False,True,True,False,False,False,True,True,False
186261.66,64.0,1.0,1.0,0.0,1.0,1.0,1.0,1.0,2,36.9483,8.7426,2.0,0.0,0.0,1.0,222051.35384615383,228616.187,True,False,False,True,False,True,False,False,True,False
163196.54,120.0,4.0,1.0,0.0,0.0,0.0,0.0,0.0,2,35.8245,10.6346,2.0,0.0,0.0,0.0,339414.0611787819,330755.1372713178,False,False,True,True,False,False,False,True,True,False
189932.34,64.0,1.0,1.0,0.0,1.0,1.0,1.0,1.0,2,36.9483,8.7426,2.0,0.0,0.0,1.0,222051.35384615383,228616.187,True,False,False,True,False,True,False,False,True,False
309902.06,101.0,3.0,1.0,0.0,1.0,1.0,1.0,1.0,2,36.9483,8.7426,2.0,0.0,0.0,1.0,222051.35384615383,228616.187,True,False,False,True,False,True,False,False,True,False
356062.72,120.0,4.0,1.0,0.0,0.0,0.0,1.0,0.0,2,35.8245,10.6346,2.0,0.0,0.0,0.0,339414.0611787819,330755.1372713178,False,False,True,True,False,False,False,True,True,False
336184.94,120.0,3.0,1.0,0.0,1.0,1.0,1.0,0.0,4,36.0314,10.5043,2.0,0.0,0.0,0.0,260917.67902439024,330755.1372713178,False,True,False,True,False,False,False,True,True,False
329360.72,37.0,1.0,1.0,0.0,1.0,1.0,1.0,1.0,4,36.4073,10.6225,2.0,0.0,0.0,1.0,355184.6627435388,335553.90432183904,False,False,True,True,False,False,False,True,True,False
341227.89999999997,85.0,3.0,1.0,0.0,1.0,1.0,1.0,0.0,2,35.9188,10.576,2.0,0.0,0.0,0.0,389984.1204651163,406094.33674999996,False,False,True,True,False,False,False,True,True,False
459916.6,139.0,3.0,1.0,0.0,0.0,1.0,1.0,1.0,2,35.8245,10.6346,2.0,0.0,0.0,0.0,339414.0611787819,330755.1372713178,False,False,True,True,False,False,False,True,True,False
232432.46,107.0,3.0,1.0,0.0,0.0,1.0,0.0,0.0,1,36.8549,10.2993,2.0,0.0,0.0,0.0,601819.5220062697,495512.68618274975,False,False,True,True,False,False,False,True,True,False
445081.77999999997,120.0,3.0,1.0,0.0,0.0,0.0,1.0,0.0,2,35.8245,10.6346,2.0,0.0,0.0,0.0,339414.0611787819,330755.1372713178,False,False,True,True,False,False,False,True,True,False
682455.7999999999,120.0,5.0,3.0,1.0,0.0,1.0,0.0,1.0,2,36.8065,10.1815,4.0,0.0,0.0,0.0,257110.19941176468,495512.68618274975,False,True,False,True,False,False,False,True,True,False
415408.76,145.0,4.0,1.0,0.0,0.0,1.0,1.0,0.0,2,36.4073,10.6225,2.0,0.0,0.0,0.0,355184.6627435388,335553.90432183904,False,False,True,True,False,False,False,True,True,False
420739.01999999996,120.0,3.0,1.0,0.0,1.0,1.0,1.0,0.0,2,35.9188,10.576,2.0,0.0,0.0,0.0,389984.1204651163,406094.33674999996,False,False,True,True,False,False,False,True,True,False
499479.5,137.0,4.0,1.0,0.0,1.0,0.0,0.0,1.0,2,36.8859,10.2488,3.0,0.0,0.0,0.0,393150.9196056338,368050.949375,False,False,True,True,False,False,False,True,True,False
581572.94,196.0,4.0,1.0,1.0,1.0,0.0,0.0,1.0,3,36.8665,10.1647,3.0,0.0,0.0,0.0,362112.70683229814,368050.949375,False,False,True,True,False,False,False,True,True,False
593440.12,180.0,3.0,1.0,0.0,0.0,1.0,0.0,1.0,1,36.8665,10.1647,2.0,0.0,0.0,0.0,362112.70683229814,368050.949375,False,False,True,True,False,False,False,True,True,False
415408.76,145.0,4.0,1.0,0.0,0.0,1.0,1.0,0.0,2,36.4073,10.6225,2.0,0.0,0.0,0.0,355184.6627435388,335553.90432183904,False,False,True,True,False,False,False,True,True,False
420739.01999999996,120.0,3.0,1.0,0.0,1.0,1.0,1.0,0.0,2,35.9188,10.576,2.0,0.0,0.0,0.0,389984.1204651163,406094.33674999996,False,False,True,True,False,False,False,True,True,False
581572.94,196.0,4.0,1.0,1.0,1.0,0.0,0.0,1.0,3,36.8665,10.1647,3.0,0.0,0.0,0.0,362112.70683229814,368050.949375,False,False,True,True,False,False,False,True,True,False
593440.12,180.0,3.0,1.0,0.0,0.0,1.0,0.0,1.0,1,36.8665,10.1647,2.0,0.0,0.0,0.0,362112.70683229814,368050.949375,False,False,True,True,False,False,False,True,True,False
464499.88,120.0,3.0,1.0,1.0,0.0,0.0,1.0,0.0,2,36.4073,10.6225,2.0,0.0,0.0,0.0,355184.6627435388,335553.90432183904,False,False,True,True,False,False,False,True,True,False
554472.1,120.0,4.0,1.0,1.0,0.0,0.0,1.0,0.0,2,36.4073,10.6225,3.0,0.0,0.0,0.0,355184.6627435388,335553.90432183904,False,False,True,True,False,False,False,True,True,False
585527.54,134.0,4.0,1.0,0.0,0.0,0.0,0.0,1.0,1,35.9158,10.5634,3.0,0.0,0.0,0.0,347622.13037037035,330755.1372713178,False,False,True,True,False,False,False,True,True,False
351117.77999999997,92.0,2.0,1.0,0.0,0.0,0.0,1.0,0.0,2,36.4073,10.6225,2.0,0.0,0.0,0.0,355184.6627435388,335553.90432183904,False,False,True,True,False,False,False,True,True,False
375845.86,100.0,3.0,1.0,0.0,1.0,1.0,1.0,1.0,2,36.4073,10.6225,2.0,0.0,0.0,0.0,355184.6627435388,335553.90432183904,False,False,True,True,False,False,False,True,True,False
741801.84,120.0,3.0,1.0,0.0,1.0,1.0,1.0,0.0,2,36.4073,10.6225,2.0,0.0,0.0,1.0,355184.6627435388,335553.90432183904,False,False,True,True,False,False,False,True,True,False
574900.82,108.0,4.0,1.0,0.0,0.0,0.0,1.0,1.0,5,35.9188,10.576,2.0,0.0,0.0,1.0,389984.1204651163,406094.33674999996,False,False,True,True,False,False,False,True,True,False
551899.9199999999,120.0,4.0,1.0,1.0,0.0,1.0,0.0,1.0,2,35.8245,10.6346,3.0,0.0,0.0,0.0,339414.0611787819,330755.1372713178,False,False,True,True,False,False,False,True,True,False
201769.1,120.0,3.0,1.0,1.0,0.0,1.0,0.0,1.0,2,35.8245,10.6346,1.0,0.0,0.0,0.0,339414.0611787819,330755.1372713178,False,False,True,True,False,False,False,True,True,False
197814.5,120.0,2.0,1.0,0.0,0.0,1.0,1.0,0.0,5,35.8245,10.6346,2.0,0.0,0.0,0.0,339414.0611787819,330755.1372713178,False,False,True,True,False,False,False,True,True,False
207373.13999999998,55.0,1.0,1.0,0.0,1.0,1.0,1.0,1.0,1,36.9483,8.7426,2.0,0.0,0.0,1.0,222051.35384615383,228616.187,True,False,False,True,False,True,False,False,True,False
567231.6,155.0,5.0,1.0,0.0,0.0,1.0,1.0,1.0,5,35.8245,10.6346,2.0,0.0,0.0,0.0,339414.0611787819,330755.1372713178,False,False,True,True,False,False,False,True,True,False
296720.06,100.0,3.0,1.0,0.0,0.0,0.0,0.0,0.0,1,36.8806,10.1717,2.0,0.0,0.0,0.0,296720.06,368050.949375,False,True,False,False,True,False,False,True,True,False
366449.45999999996,65.0,2.0,1.0,0.0,0.0,0.0,0.0,1.0,2,36.8549,10.2993,1.0,0.0,0.0,0.0,601819.5220062697,495512.68618274975,False,False,True,True,False,False,False,True,True,False
574900.82,108.0,4.0,1.0,0.0,0.0,0.0,1.0,1.0,5,35.9188,10.576,2.0,0.0,0.0,1.0,389984.1204651163,406094.33674999996,False,False,True,True,False,False,False,True,True,False
551899.9199999999,120.0,4.0,1.0,1.0,0.0,1.0,0.0,1.0,2,35.8245,10.6346,3.0,0.0,0.0,0.0,339414.0611787819,330755.1372713178,False,False,True,True,False,False,False,True,True,False
201769.1,120.0,3.0,1.0,1.0,0.0,1.0,0.0,1.0,2,35.8245,10.6346,1.0,0.0,0.0,0.0,339414.0611787819,330755.1372713178,False,False,True,True,False,False,False,True,True,False
197814.5,120.0,2.0,1.0,0.0,0.0,1.0,1.0,0.0,5,35.8245,10.6346,2.0,0.0,0.0,0.0,339414.0611787819,330755.1372713178,False,False,True,True,False,False,False,True,True,False
207373.13999999998,55.0,1.0,1.0,0.0,1.0,1.0,1.0,1.0,1,36.9483,8.7426,2.0,0.0,0.0,1.0,222051.35384615383,228616.187,True,False,False,True,False,True,False,False,True,False
567231.6,155.0,5.0,1.0,0.0,0.0,1.0,1.0,1.0,5,35.8245,10.6346,2.0,0.0,0.0,0.0,339414.0611787819,330755.1372713178,False,False,True,True,False,False,False,True,True,False
524204.2,125.0,3.0,1.0,0.0,0.0,0.0,1.0,0.0,1,35.9335,10.5465,2.0,0.0,0.0,0.0,377419.46125,377419.46125,False,False,True,True,False,False,False,True,True,False
197814.5,120.0,3.0,1.0,0.0,0.0,0.0,1.0,0.0,2,35.8245,10.6346,2.0,0.0,0.0,0.0,339414.0611787819,330755.1372713178,False,False,True,True,False,False,False,True,True,False
346172.83999999997,150.0,4.0,1.0,0.0,0.0,1.0,1.0,0.0,2,35.8864,10.5915,2.0,0.0,0.0,0.0,339414.0611787819,330755.1372713178,False,False,True,True,False,False,False,True,True,False
263092.44,117.0,3.0,1.0,0.0,0.0,1.0,1.0,0.0,4,35.8245,10.6346,2.0,0.0,0.0,0.0,339414.0611787819,330755.1372713178,False,False,True,True,False,False,False,True,True,False
326393.08,136.0,4.0,1.0,0.0,0.0,0.0,0.0,0.0,4,36.8549,10.2993,3.0,0.0,0.0,0.0,601819.5220062697,495512.68618274975,False,False,True,True,False,False,False,True,True,False
296720.06,100.0,3.0,1.0,0.0,0.0,0.0,0.0,0.0,1,36.8806,10.1717,2.0,0.0,0.0,0.0,296720.06,368050.949375,False,True,False,False,True,False,False,True,True,False
296720.06,120.0,3.0,1.0,1.0,0.0,1.0,0.0,0.0,6,36.8665,10.1647,2.0,0.0,0.0,0.0,362112.70683229814,368050.949375,False,False,True,True,False,False,False,True,True,False
395625.62,90.0,3.0,1.0,0.0,0.0,0.0,0.0,1.0,2,35.8864,10.5915,2.0,0.0,0.0,0.0,365256.14666666667,295071.536,False,False,True,True,False,False,True,False,True,False
215616.96,85.0,2.0,1.0,0.0,1.0,1.0,1.0,0.0,3,36.0314,10.5043,2.0,1.0,0.0,0.0,260917.67902439024,330755.1372713178,False,True,False,True,False,False,False,True,True,False
536568.24,120.0,5.0,1.0,0.0,0.0,1.0,0.0,1.0,2,35.8245,10.6346,2.0,0.0,0.0,0.0,339414.0611787819,330755.1372713178,False,False,True,True,False,False,False,True,True,False
331338.02,120.0,3.0,1.0,0.0,0.0,1.0,1.0,0.0,5,35.8245,10.6346,2.0,0.0,0.0,0.0,339414.0611787819,330755.1372713178,False,False,True,True,False,False,False,True,True,False
316503.2,100.0,4.0,1.0,0.0,1.0,0.0,1.0,0.0,2,35.8245,10.6346,2.0,0.0,0.0,0.0,339414.0611787819,330755.1372713178,False,False,True,True,False,False,False,True,True,False
456948.95999999996,120.0,4.0,1.0,1.0,0.0,1.0,0.0,1.0,2,35.8245,10.6346,2.0,0.0,0.0,0.0,339414.0611787819,330755.1372713178,False,False,True,True,False,False,False,True,True,False
336282.95999999996,120.0,3.0,1.0,0.0,0.0,1.0,1.0,0.0,2,35.8245,10.6346,2.0,0.0,0.0,0.0,339414.0611787819,330755.1372713178,False,False,True,True,False,False,False,True,True,False
390680.68,120.0,4.0,1.0,0.0,0.0,1.0,1.0,0.0,5,35.8245,10.6346,2.0,0.0,0.0,0.0,339414.0611787819,330755.1372713178,False,False,True,True,False,False,False,True,True,False
445081.77999999997,200.0,3.0,1.0,0.0,0.0,0.0,0.0,0.0,2,35.7895,10.5824,2.0,0.0,0.0,0.0,339414.0611787819,330755.1372713178,False,False,True,True,False,False,False,True,True,False
395625.62,194.0,4.0,1.0,0.0,0.0,0.0,1.0,0.0,1,36.4073,10.6225,2.0,0.0,1.0,0.0,355184.6627435388,335553.90432183904,False,False,True,True,False,False,False,True,True,False
222539.19999999998,86.0,3.0,1.0,0.0,0.0,1.0,1.0,0.0,6,33.8869,9.5375,2.0,0.0,0.0,0.0,257110.19941176468,495512.68618274975,False,True,False,True,False,False,False,True,True,False
263092.44,117.0,3.0,1.0,0.0,0.0,1.0,1.0,0.0,4,35.8245,10.6346,2.0,0.0,0.0,0.0,339414.0611787819,330755.1372713178,False,False,True,True,False,False,False,True,True,False
443689.22,148.0,3.0,2.0,0.0,0.0,0.0,0.0,1.0,1,36.727,10.2993,2.0,0.0,0.0,0.0,356912.7528888889,256097.71569620253,False,False,True,True,False,True,False,False,True,False
514314.32,160.0,4.0,2.0,1.0,0.0,0.0,0.0,1.0,5,36.8549,10.2993,3.0,0.0,0.0,0.0,601819.5220062697,495512.68618274975,False,False,True,True,False,False,False,True,True,False
623113.14,120.0,5.0,3.0,1.0,0.0,0.0,0.0,1.0,2,36.8665,10.1647,3.0,0.0,0.0,0.0,362112.70683229814,368050.949375,False,False,True,True,False,False,False,True,True,False
672565.9199999999,180.0,5.0,2.0,0.0,0.0,0.0,0.0,1.0,4,36.8549,10.2993,4.0,0.0,0.0,0.0,601819.5220062697,495512.68618274975,False,False,True,True,False,False,False,True,True,False
187921.24,62.0,2.0,1.0,0.0,0.0,1.0,0.0,1.0,2,36.8065,10.1815,1.0,0.0,0.0,0.0,257110.19941176468,495512.68618274975,False,True,False,True,False,False,False,True,True,False
568715.4199999999,196.0,4.0,1.0,1.0,1.0,0.0,0.0,1.0,3,36.8665,10.1647,3.0,0.0,0.0,0.0,362112.70683229814,368050.949375,False,False,True,True,False,False,False,True,True,False
443689.22,148.0,3.0,2.0,0.0,0.0,0.0,0.0,1.0,1,36.727,10.2993,2.0,0.0,0.0,0.0,356912.7528888889,256097.71569620253,False,False,True,True,False,True,False,False,True,False
390680.68,154.0,4.0,3.0,0.0,0.0,0.0,0.0,1.0,1,36.8065,10.1815,3.0,0.0,0.0,0.0,257110.19941176468,495512.68618274975,False,True,False,True,False,False,False,True,True,False
445081.77999999997,200.0,3.0,1.0,0.0,0.0,0.0,0.0,0.0,2,35.7895,10.5824,2.0,0.0,0.0,0.0,339414.0611787819,330755.1372713178,False,False,True,True,False,False,False,True,True,False
395625.62,194.0,4.0,1.0,0.0,0.0,0.0,1.0,0.0,1,36.4073,10.6225,2.0,0.0,1.0,0.0,355184.6627435388,335553.90432183904,False,False,True,True,False,False,False,True,True,False
222539.19999999998,86.0,3.0,1.0,0.0,0.0,1.0,1.0,0.0,6,33.8869,9.5375,2.0,0.0,0.0,0.0,257110.19941176468,495512.68618274975,False,True,False,True,False,False,False,True,True,False
263092.44,117.0,3.0,1.0,0.0,0.0,1.0,1.0,0.0,4,35.8245,10.6346,2.0,0.0,0.0,0.0,339414.0611787819,330755.1372713178,False,False,True,True,False,False,False,True,True,False
229214.69999999998,80.0,3.0,1.0,0.0,0.0,1.0,1.0,1.0,6,35.7804,10.6309,2.0,0.0,0.0,0.0,339414.0611787819,330755.1372713178,False,False,True,True,False,False,False,True,True,False
514314.32,160.0,4.0,2.0,1.0,0.0,0.0,0.0,1.0,5,36.8549,10.2993,3.0,0.0,0.0,0.0,601819.5220062697,495512.68618274975,False,False,True,True,False,False,False,True,True,False
560305.98,103.0,3.0,1.0,0.0,0.0,1.0,0.0,1.0,1,36.8525,10.2965,2.0,0.0,0.0,1.0,460266.7082352941,495512.68618274975,False,False,True,True,False,False,False,True,True,False
640611.4,120.0,3.0,1.0,0.0,0.0,0.0,0.0,1.0,2,35.8245,10.6346,2.0,0.0,0.0,0.0,339414.0611787819,330755.1372713178,False,False,True,True,False,False,False,True,True,False
321448.14,75.0,2.0,1.0,0.0,0.0,0.0,0.0,1.0,1,35.8864,10.5915,1.0,0.0,0.0,0.0,365256.14666666667,295071.536,False,False,True,True,False,False,True,False,True,False
306609.94,120.0,4.0,1.0,1.0,0.0,0.0,0.0,1.0,2,36.8665,10.1647,3.0,0.0,0.0,0.0,362112.70683229814,368050.949375,False,False,True,True,False,False,False,True,True,False
557835.2,128.0,3.0,1.0,0.0,0.0,0.0,0.0,1.0,4,35.9158,10.5634,2.0,0.0,0.0,1.0,347622.13037037035,330755.1372713178,False,False,True,True,False,False,False,True,True,False
534097.46,180.0,3.0,1.0,0.0,0.0,1.0,0.0,1.0,1,36.8665,10.1647,2.0,0.0,0.0,0.0,362112.70683229814,368050.949375,False,False,True,True,False,False,False,True,True,False
163196.54,120.0,3.0,1.0,0.0,0.0,1.0,1.0,0.0,2,35.8343,10.6246,2.0,0.0,0.0,0.0,339414.0611787819,330755.1372713178,False,False,True,True,False,False,False,True,True,False
276940.3,120.0,5.0,1.0,0.0,0.0,0.0,0.0,0.0,2,35.8245,10.6346,2.0,0.0,0.0,0.0,339414.0611787819,330755.1372713178,False,False,True,True,False,False,False,True,True,False
270609.56,120.0,2.0,1.0,1.0,0.0,1.0,0.0,1.0,2,35.8245,10.6346,1.0,0.0,0.0,0.0,339414.0611787819,330755.1372713178,False,False,True,True,False,False,False,True,True,False
483059.45999999996,120.0,4.0,1.0,1.0,0.0,1.0,0.0,1.0,2,35.8245,10.6346,2.0,0.0,0.0,0.0,339414.0611787819,330755.1372713178,False,False,True,True,False,False,False,True,True,False
616241.6,116.0,4.0,1.0,0.0,0.0,1.0,1.0,1.0,3,35.9335,10.5465,2.0,0.0,0.0,1.0,377419.46125,377419.46125,False,False,True,True,False,False,False,True,True,False
257157.16,71.0,2.0,1.0,0.0,0.0,0.0,1.0,1.0,2,35.9335,10.5465,2.0,0.0,0.0,1.0,377419.46125,377419.46125,False,False,True,True,False,False,False,True,True,False
524204.2,161.0,4.0,2.0,1.0,0.0,1.0,0.0,1.0,6,36.8549,10.2993,3.0,0.0,0.0,0.0,601819.5220062697,495512.68618274975,False,False,True,True,False,False,False,True,True,False
276940.3,108.0,3.0,1.0,0.0,0.0,0.0,0.0,1.0,2,35.8245,10.6346,2.0,0.0,0.0,0.0,339414.0611787819,330755.1372713178,False,False,True,True,False,False,False,True,True,False
557835.2,128.0,3.0,1.0,0.0,0.0,0.0,0.0,1.0,4,35.9158,10.5634,2.0,0.0,0.0,1.0,347622.13037037035,330755.1372713178,False,False,True,True,False,False,False,True,True,False
163196.54,120.0,3.0,1.0,0.0,0.0,1.0,1.0,0.0,2,35.8343,10.6246,2.0,0.0,0.0,0.0,339414.0611787819,330755.1372713178,False,False,True,True,False,False,False,True,True,False
276940.3,120.0,5.0,1.0,0.0,0.0,0.0,0.0,0.0,2,35.8245,10.6346,2.0,0.0,0.0,0.0,339414.0611787819,330755.1372713178,False,False,True,True,False,False,False,True,True,False
270609.56,120.0,2.0,1.0,1.0,0.0,1.0,0.0,1.0,2,35.8245,10.6346,1.0,0.0,0.0,0.0,339414.0611787819,330755.1372713178,False,False,True,True,False,False,False,True,True,False
483059.45999999996,120.0,4.0,1.0,1.0,0.0,1.0,0.0,1.0,2,35.8245,10.6346,2.0,0.0,0.0,0.0,339414.0611787819,330755.1372713178,False,False,True,True,False,False,False,True,True,False
616241.6,116.0,4.0,1.0,0.0,0.0,1.0,1.0,1.0,3,35.9335,10.5465,2.0,0.0,0.0,1.0,377419.46125,377419.46125,False,False,True,True,False,False,False,True,True,False
616241.6,115.0,4.0,1.0,0.0,0.0,0.0,1.0,1.0,4,35.9188,10.576,2.0,0.0,0.0,1.0,389984.1204651163,406094.33674999996,False,False,True,True,False,False,False,True,True,False
285248.33999999997,94.0,3.0,1.0,0.0,1.0,1.0,1.0,1.0,2,36.9483,8.7426,2.0,0.0,0.0,1.0,222051.35384615383,228616.187,True,False,False,True,False,True,False,False,True,False
288412.02,120.0,2.0,1.0,1.0,0.0,1.0,0.0,1.0,2,35.8245,10.6346,1.0,0.0,0.0,0.0,339414.0611787819,330755.1372713178,False,False,True,True,False,False,False,True,True,False
311554.88,143.0,4.0,1.0,0.0,0.0,0.0,1.0,0.0,2,35.8864,10.5915,2.0,0.0,0.0,0.0,339414.0611787819,330755.1372713178,False,False,True,True,False,False,False,True,True,False
386019.66,84.0,3.0,1.0,0.0,0.0,1.0,1.0,1.0,2,35.9335,10.5465,2.0,0.0,0.0,1.0,377419.46125,377419.46125,False,False,True,True,False,False,False,True,True,False
326393.08,127.0,4.0,1.0,0.0,0.0,1.0,0.0,0.0,1,37.2472,10.0458,3.0,0.0,0.0,0.0,326393.08,364147.42,False,True,False,False,True,False,False,True,True,False
510028.48,146.0,4.0,2.0,1.0,0.0,0.0,0.0,1.0,5,36.727,10.2993,3.0,0.0,0.0,0.0,356912.7528888889,256097.71569620253,False,False,True,True,False,True,False,False,True,False
316503.2,120.0,3.0,1.0,0.0,0.0,0.0,0.0,1.0,6,36.4073,10.6225,1.0,0.0,0.0,1.0,355184.6627435388,335553.90432183904,False,False,True,True,False,False,False,True,True,False
143413.4,75.0,3.0,1.0,0.0,0.0,0.0,0.0,0.0,4,36.8065,10.1815,2.0,0.0,0.0,0.0,257110.19941176468,495512.68618274975,False,True,False,True,False,False,False,True,True,False
497252.07999999996,120.0,3.0,1.0,0.0,0.0,1.0,0.0,1.0,2,36.8525,10.2965,2.0,0.0,0.0,1.0,460266.7082352941,495512.68618274975,False,False,True,True,False,False,False,True,True,False
346172.83999999997,119.0,4.0,1.0,0.0,0.0,0.0,0.0,1.0,2,36.82,10.3021,3.0,0.0,0.0,0.0,320842.93555555557,495512.68618274975,False,True,False,True,False,False,False,True,True,False
271991.98,120.0,4.0,1.0,0.0,1.0,1.0,1.0,0.0,2,36.508,10.5655,2.0,0.0,0.0,0.0,323997.32666666666,306012.785,False,True,False,True,False,False,True,False,True,False
160228.9,120.0,1.0,1.0,0.0,1.0,1.0,0.0,1.0,2,33.7659,11.0189,2.0,0.0,0.0,1.0,108789.90909090909,330755.1372713178,True,False,False,True,False,False,False,True,True,False
217594.25999999998,190.0,4.0,1.0,0.0,1.0,1.0,1.0,0.0,4,35.8864,10.5915,2.0,0.0,0.0,0.0,339414.0611787819,330755.1372713178,False,False,True,True,False,False,False,True,True,False
539116.76,151.0,4.0,1.0,0.0,1.0,1.0,1.0,1.0,4,36.8065,10.1815,2.0,0.0,0.0,0.0,257110.19941176468,495512.68618274975,False,True,False,True,False,False,False,True,True,False
560305.98,120.0,3.0,1.0,0.0,1.0,1.0,1.0,1.0,2,35.7643,10.8113,2.0,0.0,0.0,1.0,283320.10545454547,299054.0060240964,False,True,False,True,False,False,True,False,True,False
1195783.16,222.0,5.0,1.0,0.0,0.0,1.0,1.0,1.0,2,36.9173,10.2853,2.0,0.0,0.0,1.0,842685.8133333334,406094.33674999996,False,False,True,True,False,False,False,True,True,False
252212.22,64.0,1.0,1.0,0.0,1.0,1.0,1.0,1.0,2,36.9483,8.7426,2.0,0.0,0.0,1.0,222051.35384615383,228616.187,True,False,False,True,False,True,False,False,True,False
165248.19999999998,55.0,1.0,1.0,0.0,1.0,1.0,1.0,1.0,2,36.9483,8.7426,2.0,0.0,0.0,1.0,222051.35384615383,228616.187,True,False,False,True,False,True,False,False,True,False
294212.1,101.0,3.0,1.0,0.0,1.0,1.0,1.0,1.0,2,36.9483,8.7426,2.0,0.0,0.0,1.0,222051.35384615383,228616.187,True,False,False,True,False,True,False,False,True,False
296720.06,120.0,3.0,1.0,0.0,0.0,0.0,0.0,0.0,2,35.8864,10.5915,2.0,0.0,0.0,0.0,339414.0611787819,330755.1372713178,False,False,True,True,False,False,False,True,True,False
326393.08,88.0,3.0,1.0,0.0,0.0,1.0,1.0,1.0,2,35.9188,10.576,2.0,0.0,0.0,0.0,389984.1204651163,406094.33674999996,False,False,True,True,False,False,False,True,True,False
346172.83999999997,120.0,5.0,1.0,0.0,1.0,0.0,1.0,0.0,2,35.7804,10.6309,2.0,0.0,0.0,0.0,339414.0611787819,330755.1372713178,False,False,True,True,False,False,False,True,True,False
331338.02,134.0,3.0,1.0,0.0,0.0,1.0,1.0,1.0,2,35.8245,10.6346,2.0,0.0,0.0,0.0,339414.0611787819,330755.1372713178,False,False,True,True,False,False,False,True,True,False
321448.14,120.0,3.0,1.0,0.0,0.0,1.0,0.0,1.0,2,35.8245,10.6346,2.0,0.0,0.0,0.0,339414.0611787819,330755.1372713178,False,False,True,True,False,False,False,True,True,False
97918.59999999999,120.0,1.0,1.0,0.0,1.0,1.0,0.0,1.0,2,33.7659,11.0189,2.0,0.0,0.0,1.0,108789.90909090909,330755.1372713178,True,False,False,True,False,False,False,True,True,False
89015.68,120.0,3.0,1.0,0.0,1.0,1.0,0.0,1.0,2,33.7659,11.0189,2.0,0.0,0.0,1.0,108789.90909090909,330755.1372713178,True,False,False,True,False,False,False,True,True,False
227484.13999999998,75.0,2.0,1.0,0.0,0.0,1.0,0.0,1.0,3,36.8665,10.1647,1.0,0.0,0.0,0.0,362112.70683229814,368050.949375,False,False,True,True,False,False,False,True,True,False
510028.48,146.0,4.0,2.0,1.0,0.0,0.0,0.0,1.0,5,36.727,10.2993,3.0,0.0,0.0,0.0,356912.7528888889,256097.71569620253,False,False,True,True,False,True,False,False,True,False
316503.2,120.0,3.0,1.0,0.0,0.0,0.0,0.0,1.0,6,36.4073,10.6225,1.0,0.0,0.0,1.0,355184.6627435388,335553.90432183904,False,False,True,True,False,False,False,True,True,False
143413.4,75.0,3.0,1.0,0.0,0.0,0.0,0.0,0.0,4,36.8065,10.1815,2.0,0.0,0.0,0.0,257110.19941176468,495512.68618274975,False,True,False,True,False,False,False,True,True,False
122247.84,100.0,4.0,1.0,0.0,0.0,0.0,1.0,0.0,2,35.7941,10.6591,2.0,0.0,0.0,0.0,172625.6133333333,368050.949375,True,False,False,True,False,False,False,True,True,False
497252.07999999996,120.0,3.0,1.0,0.0,0.0,1.0,0.0,1.0,2,36.8525,10.2965,2.0,0.0,0.0,1.0,460266.7082352941,495512.68618274975,False,False,True,True,False,False,False,True,True,False
316503.2,120.0,3.0,1.0,0.0,0.0,0.0,0.0,1.0,6,36.4073,10.6225,1.0,0.0,0.0,1.0,355184.6627435388,335553.90432183904,False,False,True,True,False,False,False,True,True,False
143413.4,75.0,3.0,1.0,0.0,0.0,0.0,0.0,0.0,4,36.8065,10.1815,2.0,0.0,0.0,0.0,257110.19941176468,495512.68618274975,False,True,False,True,False,False,False,True,True,False
510028.48,146.0,4.0,2.0,1.0,0.0,0.0,0.0,1.0,5,36.727,10.2993,3.0,0.0,0.0,0.0,356912.7528888889,256097.71569620253,False,False,True,True,False,True,False,False,True,False
313849.89999999997,120.0,3.0,1.0,0.0,1.0,0.0,1.0,0.0,2,36.4073,10.6225,2.0,0.0,0.0,0.0,355184.6627435388,335553.90432183904,False,False,True,True,False,False,False,True,True,False
339250.6,120.0,3.0,1.0,0.0,0.0,1.0,0.0,0.0,2,36.8093,10.0863,2.0,0.0,0.0,0.0,251258.3575,259667.45531914895,False,True,False,True,False,True,False,False,True,False
375845.86,174.0,3.0,1.0,0.0,0.0,0.0,0.0,0.0,2,36.8093,10.0863,2.0,0.0,0.0,0.0,251258.3575,259667.45531914895,False,True,False,True,False,True,False,False,True,False
341227.89999999997,123.0,4.0,1.0,1.0,0.0,1.0,0.0,0.0,6,36.8665,10.1647,3.0,0.0,0.0,0.0,362112.70683229814,368050.949375,False,False,True,True,False,False,False,True,True,False
474751.42,124.0,3.0,2.0,0.0,0.0,0.0,0.0,1.0,1,36.8665,10.1647,2.0,0.0,0.0,0.0,362112.70683229814,368050.949375,False,False,True,True,False,False,False,True,True,False
363184.38,175.0,4.0,1.0,0.0,0.0,1.0,1.0,1.0,2,32.9409,10.4558,2.0,0.0,0.0,0.0,363184.38,363184.38,False,False,True,False,True,False,False,True,False,True
316503.2,120.0,4.0,1.0,0.0,0.0,1.0,0.0,0.0,2,35.8245,10.6346,2.0,0.0,0.0,0.0,339414.0611787819,330755.1372713178,False,False,True,True,False,False,False,True,True,False
276940.3,120.0,2.0,1.0,0.0,0.0,1.0,1.0,0.0,2,35.9188,10.576,2.0,0.0,0.0,1.0,389984.1204651163,406094.33674999996,False,False,True,True,False,False,False,True,True,False
273986.18,92.0,2.0,1.0,0.0,1.0,1.0,1.0,1.0,4,36.4073,10.6225,2.0,0.0,0.0,1.0,355184.6627435388,335553.90432183904,False,False,True,True,False,False,False,True,True,False
178278.1,80.0,2.0,1.0,0.0,0.0,0.0,0.0,0.0,2,35.8245,10.6346,2.0,0.0,0.0,0.0,339414.0611787819,330755.1372713178,False,False,True,True,False,False,False,True,True,False
525123.5599999999,169.0,4.0,1.0,0.0,0.0,0.0,1.0,0.0,2,36.8065,10.1815,2.0,0.0,0.0,0.0,257110.19941176468,495512.68618274975,False,True,False,True,False,False,False,True,True,False
514314.32,197.0,3.0,1.0,0.0,0.0,0.0,1.0,0.0,6,35.8245,10.6346,2.0,0.0,0.0,0.0,339414.0611787819,330755.1372713178,False,False,True,True,False,False,False,True,True,False
315810.3,155.0,3.0,1.0,0.0,1.0,0.0,1.0,0.0,4,36.0314,10.5043,2.0,0.0,0.0,1.0,260917.67902439024,330755.1372713178,False,True,False,True,False,False,False,True,True,False
207704.38,120.0,2.0,1.0,1.0,0.0,1.0,0.0,1.0,2,35.8245,10.6346,1.0,0.0,0.0,0.0,339414.0611787819,330755.1372713178,False,False,True,True,False,False,False,True,True,False
165248.19999999998,55.0,1.0,1.0,0.0,1.0,1.0,1.0,1.0,2,36.9483,8.7426,2.0,0.0,0.0,1.0,222051.35384615383,228616.187,True,False,False,True,False,True,False,False,True,False
294313.5,101.0,3.0,1.0,0.0,1.0,1.0,1.0,1.0,2,36.9483,8.7426,2.0,0.0,0.0,1.0,222051.35384615383,228616.187,True,False,False,True,False,True,False,False,True,False
398890.7,120.0,3.0,1.0,0.0,0.0,1.0,0.0,1.0,2,35.8245,10.6346,2.0,0.0,0.0,0.0,339414.0611787819,330755.1372713178,False,False,True,True,False,False,False,True,True,False
425298.64,81.0,2.0,1.0,0.0,1.0,1.0,1.0,1.0,2,35.7643,10.8113,2.0,0.0,0.0,1.0,283320.10545454547,299054.0060240964,False,True,False,True,False,False,True,False,True,False
454971.66,120.0,4.0,1.0,0.0,0.0,0.0,1.0,0.0,5,35.8245,10.6346,2.0,0.0,0.0,0.0,339414.0611787819,330755.1372713178,False,False,True,True,False,False,False,True,True,False
346172.83999999997,60.0,2.0,1.0,0.0,0.0,1.0,1.0,1.0,2,35.9188,10.576,2.0,0.0,0.0,0.0,389984.1204651163,406094.33674999996,False,False,True,True,False,False,False,True,True,False
331338.02,120.0,3.0,1.0,0.0,1.0,1.0,1.0,0.0,2,35.9188,10.576,2.0,0.0,0.0,0.0,389984.1204651163,406094.33674999996,False,False,True,True,False,False,False,True,True,False
316503.2,120.0,4.0,1.0,0.0,0.0,1.0,0.0,0.0,2,35.8245,10.6346,2.0,0.0,0.0,0.0,339414.0611787819,330755.1372713178,False,False,True,True,False,False,False,True,True,False
650410.02,164.0,4.0,1.0,0.0,1.0,1.0,1.0,1.0,4,36.4073,10.6225,2.0,0.0,0.0,0.0,355184.6627435388,335553.90432183904,False,False,True,True,False,False,False,True,True,False
363184.38,175.0,4.0,1.0,0.0,0.0,1.0,1.0,1.0,2,32.9409,10.4558,2.0,0.0,0.0,0.0,363184.38,363184.38,False,False,True,False,True,False,False,True,False,True
341227.89999999997,123.0,4.0,1.0,1.0,0.0,1.0,0.0,0.0,6,36.8665,10.1647,3.0,0.0,0.0,0.0,362112.70683229814,368050.949375,False,False,True,True,False,False,False,True,True,False
474751.42,124.0,3.0,2.0,0.0,0.0,0.0,0.0,1.0,1,36.8665,10.1647,2.0,0.0,0.0,0.0,362112.70683229814,368050.949375,False,False,True,True,False,False,False,True,True,False
348373.22,120.0,2.0,1.0,0.0,0.0,0.0,1.0,0.0,2,36.4073,10.6225,1.0,0.0,0.0,1.0,355184.6627435388,335553.90432183904,False,False,True,True,False,False,False,True,True,False
387084.36,120.0,4.0,2.0,1.0,0.0,0.0,1.0,0.0,2,36.4073,10.6225,3.0,0.0,0.0,0.0,355184.6627435388,335553.90432183904,False,False,True,True,False,False,False,True,True,False
561789.7999999999,136.0,3.0,1.0,1.0,0.0,0.0,0.0,1.0,1,36.8549,10.2993,2.0,0.0,0.0,0.0,601819.5220062697,495512.68618274975,False,False,True,True,False,False,False,True,True,False
336282.95999999996,135.0,4.0,1.0,0.0,0.0,0.0,0.0,0.0,1,36.8065,10.1815,3.0,0.0,0.0,0.0,257110.19941176468,495512.68618274975,False,True,False,True,False,False,False,True,True,False
348373.22,120.0,2.0,1.0,0.0,0.0,0.0,1.0,0.0,2,36.4073,10.6225,1.0,0.0,0.0,1.0,355184.6627435388,335553.90432183904,False,False,True,True,False,False,False,True,True,False
387084.36,120.0,4.0,2.0,1.0,0.0,0.0,1.0,0.0,2,36.4073,10.6225,3.0,0.0,0.0,0.0,355184.6627435388,335553.90432183904,False,False,True,True,False,False,False,True,True,False
276940.3,110.0,3.0,1.0,0.0,0.0,1.0,0.0,1.0,1,36.8065,10.1815,2.0,0.0,0.0,0.0,257110.19941176468,495512.68618274975,False,True,False,True,False,False,False,True,True,False
652786.16,232.0,5.0,2.0,1.0,0.0,0.0,0.0,0.0,5,36.8859,10.2488,4.0,0.0,0.0,0.0,393150.9196056338,368050.949375,False,False,True,True,False,False,False,True,True,False
241332.0,80.0,2.0,1.0,0.0,0.0,1.0,0.0,0.0,1,36.8859,10.2488,1.0,0.0,0.0,0.0,393150.9196056338,368050.949375,False,False,True,True,False,False,False,True,True,False
247267.28,114.0,4.0,1.0,1.0,0.0,0.0,0.0,0.0,5,36.8065,10.1815,3.0,0.0,0.0,0.0,257110.19941176468,495512.68618274975,False,True,False,True,False,False,False,True,True,False
561789.7999999999,136.0,3.0,1.0,1.0,0.0,0.0,0.0,1.0,1,36.8549,10.2993,2.0,0.0,0.0,0.0,601819.5220062697,495512.68618274975,False,False,True,True,False,False,False,True,True,False
336282.95999999996,135.0,4.0,1.0,0.0,0.0,0.0,0.0,0.0,1,36.8065,10.1815,3.0,0.0,0.0,0.0,257110.19941176468,495512.68618274975,False,True,False,True,False,False,False,True,True,False
356062.72,102.0,3.0,2.0,0.0,0.0,0.0,0.0,1.0,5,36.4198,10.6619,2.0,0.0,0.0,0.0,377419.46125,377419.46125,False,False,True,True,False,False,False,True,True,False
380790.8,138.0,4.0,1.0,1.0,0.0,0.0,0.0,1.0,6,36.8951,10.1885,3.0,0.0,0.0,0.0,380790.8,364147.42,False,False,True,False,True,False,False,True,True,False
425298.64,180.0,4.0,3.0,0.0,0.0,0.0,0.0,0.0,2,36.8665,10.1647,3.0,0.0,0.0,0.0,362112.70683229814,368050.949375,False,False,True,True,False,False,False,True,True,False
770038.36,160.0,3.0,2.0,1.0,0.0,0.0,0.0,0.0,2,36.8567,10.2949,2.0,0.0,0.0,0.0,566389.98,299054.0060240964,False,False,True,True,False,False,True,False,True,False
454971.66,105.0,3.0,1.0,0.0,0.0,1.0,1.0,0.0,2,36.4073,10.6225,2.0,0.0,0.0,0.0,355184.6627435388,335553.90432183904,False,False,True,True,False,False,False,True,True,False
276940.3,128.0,4.0,1.0,0.0,0.0,1.0,1.0,0.0,2,35.8245,10.6346,2.0,0.0,0.0,0.0,339414.0611787819,330755.1372713178,False,False,True,True,False,False,False,True,True,False
163196.54,50.0,2.0,1.0,0.0,1.0,1.0,1.0,0.0,2,35.9188,10.576,2.0,0.0,0.0,0.0,389984.1204651163,406094.33674999996,False,False,True,True,False,False,False,True,True,False
593440.12,81.0,2.0,1.0,0.0,0.0,1.0,1.0,1.0,2,36.9173,10.2853,2.0,0.0,0.0,1.0,842685.8133333334,406094.33674999996,False,False,True,True,False,False,False,True,True,False
197814.5,73.0,3.0,1.0,0.0,1.0,0.0,1.0,0.0,6,35.9335,10.5465,2.0,0.0,0.0,1.0,377419.46125,377419.46125,False,False,True,True,False,False,False,True,True,False
239405.4,120.0,3.0,1.0,0.0,1.0,1.0,0.0,0.0,4,35.9188,10.576,2.0,0.0,0.0,0.0,389984.1204651163,406094.33674999996,False,False,True,True,False,False,False,True,True,False
183473.16,120.0,2.0,1.0,0.0,0.0,1.0,0.0,1.0,2,35.8245,10.6346,1.0,0.0,0.0,0.0,339414.0611787819,330755.1372713178,False,False,True,True,False,False,False,True,True,False
178278.1,80.0,2.0,1.0,0.0,0.0,0.0,0.0,0.0,2,35.8245,10.6346,2.0,0.0,0.0,0.0,339414.0611787819,330755.1372713178,False,False,True,True,False,False,False,True,True,False
252212.22,92.0,2.0,1.0,0.0,1.0,1.0,1.0,1.0,4,36.4073,10.6225,2.0,0.0,0.0,1.0,355184.6627435388,335553.90432183904,False,False,True,True,False,False,False,True,True,False
275061.02,92.0,2.0,1.0,0.0,1.0,1.0,1.0,1.0,4,36.4073,10.6225,2.0,0.0,0.0,1.0,355184.6627435388,335553.90432183904,False,False,True,True,False,False,False,True,True,False
207704.38,120.0,2.0,1.0,0.0,0.0,0.0,1.0,0.0,2,35.8245,10.6346,2.0,0.0,0.0,0.0,339414.0611787819,330755.1372713178,False,False,True,True,False,False,False,True,True,False
198652.74,65.0,5.0,1.0,0.0,1.0,1.0,1.0,1.0,2,36.9483,8.7426,2.0,0.0,0.0,1.0,222051.35384615383,228616.187,True,False,False,True,False,True,False,False,True,False
460470.92,146.0,3.0,1.0,0.0,0.0,1.0,1.0,1.0,3,36.8065,10.1815,2.0,0.0,0.0,1.0,257110.19941176468,495512.68618274975,False,True,False,True,False,False,False,True,True,False
337219.22,37.0,1.0,1.0,0.0,1.0,1.0,1.0,1.0,4,36.4073,10.6225,2.0,0.0,0.0,1.0,355184.6627435388,335553.90432183904,False,False,True,True,False,False,False,True,True,False
351117.77999999997,120.0,3.0,1.0,0.0,0.0,1.0,1.0,1.0,5,35.8864,10.5915,2.0,0.0,0.0,0.0,339414.0611787819,330755.1372713178,False,False,True,True,False,False,False,True,True,False
333251.1,120.0,3.0,1.0,0.0,0.0,1.0,0.0,1.0,2,36.8549,10.2993,2.0,0.0,0.0,0.0,601819.5220062697,495512.68618274975,False,False,True,True,False,False,False,True,True,False
331338.02,120.0,3.0,1.0,0.0,0.0,1.0,1.0,0.0,5,35.8864,10.5915,2.0,0.0,0.0,0.0,339414.0611787819,330755.1372713178,False,False,True,True,False,False,False,True,True,False
385735.74,115.0,4.0,1.0,0.0,0.0,0.0,1.0,1.0,2,35.8245,10.6346,2.0,0.0,0.0,0.0,339414.0611787819,330755.1372713178,False,False,True,True,False,False,False,True,True,False
326393.08,80.0,2.0,1.0,0.0,0.0,1.0,1.0,0.0,4,35.9158,10.5634,1.0,0.0,0.0,0.0,347622.13037037035,330755.1372713178,False,False,True,True,False,False,False,True,True,False
399347.0,103.0,3.0,1.0,0.0,0.0,1.0,1.0,1.0,2,35.9335,10.5465,2.0,0.0,0.0,1.0,377419.46125,377419.46125,False,False,True,True,False,False,False,True,True,False
375845.86,120.0,4.0,1.0,0.0,0.0,0.0,1.0,0.0,2,35.8245,10.6346,2.0,0.0,0.0,0.0,339414.0611787819,330755.1372713178,False,False,True,True,False,False,False,True,True,False
99875.62,120.0,1.0,1.0,0.0,1.0,1.0,0.0,1.0,2,33.7659,11.0189,2.0,0.0,0.0,1.0,108789.90909090909,330755.1372713178,True,False,False,True,False,False,False,True,True,False
97918.59999999999,120.0,1.0,1.0,0.0,1.0,1.0,0.0,1.0,2,33.7659,11.0189,2.0,0.0,0.0,1.0,108789.90909090909,330755.1372713178,True,False,False,True,False,False,False,True,True,False
707785.52,120.0,3.0,1.0,0.0,0.0,0.0,0.0,0.0,2,36.4073,10.6225,2.0,0.0,0.0,0.0,355184.6627435388,335553.90432183904,False,False,True,True,False,False,False,True,True,False
336282.95999999996,124.0,3.0,1.0,0.0,0.0,1.0,0.0,0.0,3,36.8665,10.1647,2.0,0.0,0.0,0.0,362112.70683229814,368050.949375,False,False,True,True,False,False,False,True,True,False
217594.25999999998,100.0,4.0,1.0,1.0,0.0,0.0,0.0,0.0,1,36.7997,10.1983,3.0,0.0,0.0,0.0,566389.98,299054.0060240964,False,False,True,True,False,False,True,False,True,False
491698.74,120.0,3.0,1.0,0.0,1.0,0.0,1.0,0.0,2,36.4073,10.6225,2.0,0.0,0.0,1.0,355184.6627435388,335553.90432183904,False,False,True,True,False,False,False,True,True,False
192869.56,120.0,2.0,1.0,0.0,0.0,0.0,0.0,0.0,2,35.8245,10.6346,2.0,0.0,0.0,0.0,339414.0611787819,330755.1372713178,False,False,True,True,False,False,False,True,True,False
263585.92,105.0,2.0,1.0,0.0,1.0,1.0,1.0,0.0,2,36.4073,10.6225,2.0,0.0,1.0,1.0,355184.6627435388,335553.90432183904,False,False,True,True,False,False,False,True,True,False
265069.74,88.0,3.0,1.0,0.0,0.0,1.0,1.0,1.0,2,36.0314,10.5043,2.0,0.0,0.0,0.0,260917.67902439024,330755.1372713178,False,True,False,True,False,False,False,True,True,False
295307.22,120.0,3.0,1.0,0.0,0.0,0.0,1.0,0.0,5,35.9188,10.576,2.0,0.0,0.0,0.0,389984.1204651163,406094.33674999996,False,False,True,True,False,False,False,True,True,False
166985.52,55.0,1.0,1.0,0.0,1.0,1.0,1.0,1.0,2,36.9483,8.7426,2.0,0.0,0.0,1.0,222051.35384615383,228616.187,True,False,False,True,False,True,False,False,True,False
189932.34,64.0,1.0,1.0,0.0,1.0,1.0,1.0,1.0,2,36.9483,8.7426,2.0,0.0,0.0,1.0,222051.35384615383,228616.187,True,False,False,True,False,True,False,False,True,False
195026.0,64.0,1.0,1.0,0.0,1.0,1.0,1.0,1.0,2,36.9483,8.7426,2.0,0.0,0.0,1.0,222051.35384615383,228616.187,True,False,False,True,False,True,False,False,True,False
395625.62,81.0,2.0,1.0,0.0,0.0,0.0,1.0,0.0,1,35.9335,10.5465,2.0,0.0,0.0,0.0,377419.46125,377419.46125,False,False,True,True,False,False,False,True,True,False
408584.54,153.0,4.0,1.0,0.0,0.0,1.0,1.0,1.0,2,35.7804,10.6309,2.0,0.0,0.0,0.0,339414.0611787819,330755.1372713178,False,False,True,True,False,False,False,True,True,False
317490.16,120.0,3.0,1.0,0.0,0.0,1.0,1.0,1.0,5,35.8864,10.5915,2.0,0.0,0.0,0.0,339414.0611787819,330755.1372713178,False,False,True,True,False,False,False,True,True,False
352743.56,37.0,1.0,1.0,0.0,1.0,1.0,1.0,1.0,4,36.4073,10.6225,2.0,0.0,0.0,1.0,355184.6627435388,335553.90432183904,False,False,True,True,False,False,False,True,True,False
346172.83999999997,177.0,4.0,1.0,0.0,0.0,1.0,1.0,1.0,2,33.8869,9.5375,2.0,0.0,0.0,0.0,257110.19941176468,495512.68618274975,False,True,False,True,False,False,False,True,True,False
99875.62,120.0,1.0,1.0,0.0,1.0,1.0,0.0,1.0,2,33.7659,11.0189,2.0,0.0,0.0,1.0,108789.90909090909,330755.1372713178,True,False,False,True,False,False,False,True,True,False
106818.14,120.0,1.0,1.0,0.0,1.0,1.0,0.0,1.0,2,33.7659,11.0189,2.0,0.0,0.0,1.0,108789.90909090909,330755.1372713178,True,False,False,True,False,False,False,True,True,False
166985.52,55.0,1.0,1.0,0.0,1.0,1.0,1.0,1.0,2,36.9483,8.7426,2.0,0.0,0.0,1.0,222051.35384615383,228616.187,True,False,False,True,False,True,False,False,True,False
189932.34,64.0,1.0,1.0,0.0,1.0,1.0,1.0,1.0,2,36.9483,8.7426,2.0,0.0,0.0,1.0,222051.35384615383,228616.187,True,False,False,True,False,True,False,False,True,False
195026.0,64.0,1.0,1.0,0.0,1.0,1.0,1.0,1.0,2,36.9483,8.7426,2.0,0.0,0.0,1.0,222051.35384615383,228616.187,True,False,False,True,False,True,False,False,True,False
395625.62,81.0,2.0,1.0,0.0,0.0,0.0,1.0,0.0,1,35.9335,10.5465,2.0,0.0,0.0,0.0,377419.46125,377419.46125,False,False,True,True,False,False,False,True,True,False
408584.54,153.0,4.0,1.0,0.0,0.0,1.0,1.0,1.0,2,35.7804,10.6309,2.0,0.0,0.0,0.0,339414.0611787819,330755.1372713178,False,False,True,True,False,False,False,True,True,False
317490.16,120.0,3.0,1.0,0.0,0.0,1.0,1.0,1.0,5,35.8864,10.5915,2.0,0.0,0.0,0.0,339414.0611787819,330755.1372713178,False,False,True,True,False,False,False,True,True,False
352743.56,37.0,1.0,1.0,0.0,1.0,1.0,1.0,1.0,4,36.4073,10.6225,2.0,0.0,0.0,1.0,355184.6627435388,335553.90432183904,False,False,True,True,False,False,False,True,True,False
346172.83999999997,177.0,4.0,1.0,0.0,0.0,1.0,1.0,1.0,2,33.8869,9.5375,2.0,0.0,0.0,0.0,257110.19941176468,495512.68618274975,False,True,False,True,False,False,False,True,True,False
99875.62,120.0,1.0,1.0,0.0,1.0,1.0,0.0,1.0,2,33.7659,11.0189,2.0,0.0,0.0,1.0,108789.90909090909,330755.1372713178,True,False,False,True,False,False,False,True,True,False
106818.14,120.0,1.0,1.0,0.0,1.0,1.0,0.0,1.0,2,33.7659,11.0189,2.0,0.0,0.0,1.0,108789.90909090909,330755.1372713178,True,False,False,True,False,False,False,True,True,False
479696.36,158.0,4.0,2.0,0.0,0.0,0.0,0.0,1.0,2,36.8665,10.1647,3.0,0.0,0.0,0.0,362112.70683229814,368050.949375,False,False,True,True,False,False,False,True,True,False
642892.9,157.0,4.0,1.0,0.0,0.0,0.0,0.0,0.0,2,36.8525,10.2965,3.0,0.0,0.0,0.0,460266.7082352941,495512.68618274975,False,False,True,True,False,False,False,True,True,False
454971.66,138.0,4.0,2.0,1.0,0.0,0.0,0.0,1.0,2,35.9158,10.5634,3.0,0.0,0.0,0.0,347622.13037037035,330755.1372713178,False,False,True,True,False,False,False,True,True,False
408006.56,120.0,3.0,1.0,1.0,0.0,0.0,0.0,0.0,2,36.4073,10.6225,2.0,0.0,0.0,0.0,355184.6627435388,335553.90432183904,False,False,True,True,False,False,False,True,True,False
316503.2,96.0,2.0,1.0,0.0,1.0,1.0,0.0,1.0,6,36.8665,10.1647,1.0,0.0,0.0,0.0,362112.70683229814,368050.949375,False,False,True,True,False,False,False,True,True,False
207704.38,85.0,2.0,1.0,0.0,0.0,1.0,1.0,1.0,2,35.8245,10.6346,2.0,0.0,0.0,0.0,339414.0611787819,330755.1372713178,False,False,True,True,False,False,False,True,True,False
543987.34,81.0,2.0,1.0,0.0,0.0,1.0,1.0,1.0,2,36.9173,10.2853,2.0,0.0,0.0,1.0,842685.8133333334,406094.33674999996,False,False,True,True,False,False,False,True,True,False
194410.84,55.0,1.0,1.0,0.0,1.0,1.0,1.0,1.0,2,36.9483,8.7426,2.0,0.0,0.0,1.0,222051.35384615383,228616.187,True,False,False,True,False,True,False,False,True,False
551139.4199999999,129.0,3.0,1.0,0.0,1.0,1.0,1.0,1.0,4,36.4073,10.6225,2.0,0.0,0.0,1.0,355184.6627435388,335553.90432183904,False,False,True,True,False,False,False,True,True,False
474751.42,140.0,4.0,1.0,0.0,0.0,1.0,1.0,0.0,2,35.9158,10.5634,2.0,0.0,0.0,0.0,347622.13037037035,330755.1372713178,False,False,True,True,False,False,False,True,True,False
225506.84,95.0,2.0,1.0,0.0,0.0,0.0,1.0,0.0,2,35.8245,10.6346,2.0,0.0,0.0,0.0,339414.0611787819,330755.1372713178,False,False,True,True,False,False,False,True,True,False
167184.94,55.0,1.0,1.0,0.0,1.0,1.0,1.0,1.0,2,36.9483,8.7426,2.0,0.0,0.0,1.0,222051.35384615383,228616.187,True,False,False,True,False,True,False,False,True,False
189932.34,64.0,1.0,1.0,0.0,1.0,1.0,1.0,1.0,2,36.9483,8.7426,2.0,0.0,0.0,1.0,222051.35384615383,228616.187,True,False,False,True,False,True,False,False,True,False
189932.34,64.0,1.0,1.0,0.0,1.0,1.0,1.0,1.0,2,36.9483,8.7426,2.0,0.0,0.0,1.0,222051.35384615383,228616.187,True,False,False,True,False,True,False,False,True,False
390680.68,168.0,3.0,1.0,0.0,0.0,1.0,1.0,1.0,2,35.8245,10.6346,2.0,0.0,0.0,0.0,339414.0611787819,330755.1372713178,False,False,True,True,False,False,False,True,True,False
415408.76,135.0,3.0,1.0,0.0,0.0,1.0,1.0,1.0,2,35.8864,10.5915,2.0,0.0,0.0,0.0,339414.0611787819,330755.1372713178,False,False,True,True,False,False,False,True,True,False
445081.77999999997,125.0,3.0,1.0,0.0,1.0,0.0,1.0,0.0,6,35.8864,10.5915,2.0,0.0,0.0,1.0,339414.0611787819,330755.1372713178,False,False,True,True,False,False,False,True,True,False
346172.83999999997,110.0,4.0,1.0,0.0,0.0,1.0,1.0,0.0,6,35.8245,10.6346,2.0,0.0,0.0,0.0,339414.0611787819,330755.1372713178,False,False,True,True,False,False,False,True,True,False
346172.83999999997,120.0,3.0,1.0,0.0,0.0,1.0,1.0,1.0,2,35.8245,10.6346,2.0,0.0,0.0,0.0,339414.0611787819,330755.1372713178,False,False,True,True,False,False,False,True,True,False
327353.0,72.0,3.0,1.0,0.0,0.0,1.0,1.0,1.0,2,35.9335,10.5465,2.0,0.0,0.0,1.0,377419.46125,377419.46125,False,False,True,True,False,False,False,True,True,False
415408.76,108.0,3.0,1.0,0.0,0.0,0.0,0.0,1.0,2,36.4513,10.7357,2.0,0.0,0.0,1.0,356101.26872727275,335553.90432183904,False,False,True,True,False,False,False,True,True,False
316503.2,96.0,2.0,1.0,0.0,1.0,1.0,0.0,1.0,6,36.8665,10.1647,1.0,0.0,0.0,0.0,362112.70683229814,368050.949375,False,False,True,True,False,False,False,True,True,False
197814.5,115.0,3.0,1.0,0.0,0.0,0.0,1.0,0.0,2,35.7941,10.6591,2.0,0.0,0.0,0.0,172625.6133333333,368050.949375,True,False,False,True,False,False,False,True,True,False
474751.42,170.0,4.0,1.0,0.0,1.0,0.0,1.0,1.0,2,35.8864,10.5915,2.0,0.0,0.0,1.0,339414.0611787819,330755.1372713178,False,False,True,True,False,False,False,True,True,False
613223.26,195.0,4.0,2.0,1.0,0.0,0.0,0.0,0.0,1,36.8549,10.2993,3.0,0.0,0.0,0.0,601819.5220062697,495512.68618274975,False,False,True,True,False,False,False,True,True,False
427539.57999999996,118.0,3.0,1.0,0.0,0.0,0.0,0.0,0.0,2,36.8859,10.2488,2.0,0.0,0.0,0.0,393150.9196056338,368050.949375,False,False,True,True,False,False,False,True,True,False
237377.4,120.0,4.0,1.0,0.0,0.0,0.0,0.0,0.0,3,35.5024,11.0457,3.0,0.0,0.0,0.0,277969.225,327705.16642857145,False,True,False,True,False,False,True,False,True,False
373273.68,147.0,4.0,1.0,0.0,0.0,0.0,1.0,0.0,4,35.8245,10.6346,2.0,0.0,0.0,0.0,339414.0611787819,330755.1372713178,False,False,True,True,False,False,False,True,True,False
267047.04,120.0,3.0,1.0,0.0,0.0,1.0,0.0,0.0,2,35.8245,10.6346,2.0,0.0,0.0,0.0,339414.0611787819,330755.1372713178,False,False,True,True,False,False,False,True,True,False
267047.04,120.0,3.0,1.0,0.0,0.0,1.0,0.0,0.0,2,35.8245,10.6346,2.0,0.0,0.0,0.0,339414.0611787819,330755.1372713178,False,False,True,True,False,False,False,True,True,False
265069.74,120.0,3.0,1.0,0.0,0.0,1.0,0.0,0.0,2,35.8245,10.6346,2.0,0.0,0.0,0.0,339414.0611787819,330755.1372713178,False,False,True,True,False,False,False,True,True,False
305622.98,86.0,3.0,1.0,0.0,1.0,0.0,1.0,1.0,2,35.9335,10.5465,2.0,0.0,0.0,1.0,377419.46125,377419.46125,False,False,True,True,False,False,False,True,True,False
326393.08,133.0,4.0,1.0,0.0,0.0,1.0,0.0,0.0,5,36.8549,10.2993,3.0,0.0,0.0,0.0,601819.5220062697,495512.68618274975,False,False,True,True,False,False,False,True,True,False
225506.84,95.0,2.0,1.0,0.0,0.0,0.0,1.0,0.0,2,35.8245,10.6346,2.0,0.0,0.0,0.0,339414.0611787819,330755.1372713178,False,False,True,True,False,False,False,True,True,False
189932.34,64.0,1.0,1.0,0.0,1.0,1.0,1.0,1.0,2,36.9483,8.7426,2.0,0.0,0.0,1.0,222051.35384615383,228616.187,True,False,False,True,False,True,False,False,True,False
189932.34,64.0,1.0,1.0,0.0,1.0,1.0,1.0,1.0,2,36.9483,8.7426,2.0,0.0,0.0,1.0,222051.35384615383,228616.187,True,False,False,True,False,True,False,False,True,False
390680.68,168.0,3.0,1.0,0.0,0.0,1.0,1.0,1.0,2,35.8245,10.6346,2.0,0.0,0.0,0.0,339414.0611787819,330755.1372713178,False,False,True,True,False,False,False,True,True,False
415408.76,135.0,3.0,1.0,0.0,0.0,1.0,1.0,1.0,2,35.8864,10.5915,2.0,0.0,0.0,0.0,339414.0611787819,330755.1372713178,False,False,True,True,False,False,False,True,True,False
445081.77999999997,125.0,3.0,1.0,0.0,1.0,0.0,1.0,0.0,6,35.8864,10.5915,2.0,0.0,0.0,1.0,339414.0611787819,330755.1372713178,False,False,True,True,False,False,False,True,True,False
346172.83999999997,120.0,3.0,1.0,0.0,0.0,1.0,1.0,1.0,2,35.8245,10.6346,2.0,0.0,0.0,0.0,339414.0611787819,330755.1372713178,False,False,True,True,False,False,False,True,True,False
327353.0,72.0,3.0,1.0,0.0,0.0,1.0,1.0,1.0,2,35.9335,10.5465,2.0,0.0,0.0,1.0,377419.46125,377419.46125,False,False,True,True,False,False,False,True,True,False
99875.62,120.0,1.0,1.0,0.0,1.0,1.0,0.0,1.0,2,33.7659,11.0189,2.0,0.0,0.0,1.0,108789.90909090909,330755.1372713178,True,False,False,True,False,False,False,True,True,False
575394.2999999999,120.0,4.0,1.0,1.0,0.0,0.0,1.0,0.0,2,36.4513,10.7357,3.0,0.0,0.0,0.0,356101.26872727275,335553.90432183904,False,False,True,True,False,False,False,True,True,False
452994.36,116.0,3.0,1.0,0.0,0.0,0.0,1.0,0.0,2,36.4073,10.6225,2.0,0.0,0.0,0.0,355184.6627435388,335553.90432183904,False,False,True,True,False,False,False,True,True,False
642892.9,120.0,5.0,1.0,1.0,0.0,1.0,0.0,0.0,1,35.7643,10.8113,3.0,0.0,0.0,0.0,283320.10545454547,299054.0060240964,False,True,False,True,False,False,True,False,True,False
452994.36,116.0,3.0,1.0,0.0,0.0,0.0,1.0,0.0,2,36.4073,10.6225,2.0,0.0,0.0,0.0,355184.6627435388,335553.90432183904,False,False,True,True,False,False,False,True,True,False
242122.91999999998,120.0,2.0,1.0,0.0,0.0,1.0,1.0,1.0,2,35.8245,10.6346,2.0,0.0,0.0,0.0,339414.0611787819,330755.1372713178,False,False,True,True,False,False,False,True,True,False
221947.69999999998,120.0,2.0,1.0,0.0,0.0,1.0,1.0,1.0,2,35.8245,10.6346,2.0,0.0,0.0,0.0,339414.0611787819,330755.1372713178,False,False,True,True,False,False,False,True,True,False
242322.34,130.0,3.0,1.0,0.0,1.0,0.0,0.0,0.0,2,36.0314,10.5043,2.0,0.0,0.0,0.0,260917.67902439024,330755.1372713178,False,True,False,True,False,False,False,True,True,False
181593.88,120.0,2.0,1.0,0.0,0.0,1.0,0.0,1.0,2,35.8245,10.6346,1.0,0.0,0.0,0.0,339414.0611787819,330755.1372713178,False,False,True,True,False,False,False,True,True,False
553877.22,120.0,4.0,1.0,0.0,0.0,1.0,1.0,0.0,5,35.8245,10.6346,2.0,0.0,0.0,0.0,339414.0611787819,330755.1372713178,False,False,True,True,False,False,False,True,True,False
247267.28,120.0,3.0,1.0,0.0,0.0,1.0,0.0,1.0,2,35.8245,10.6346,2.0,0.0,0.0,0.0,339414.0611787819,330755.1372713178,False,False,True,True,False,False,False,True,True,False
474751.42,120.0,4.0,1.0,0.0,0.0,0.0,0.0,0.0,2,35.8864,10.5915,2.0,0.0,0.0,0.0,339414.0611787819,330755.1372713178,False,False,True,True,False,False,False,True,True,False
427870.82,79.0,2.0,1.0,0.0,1.0,0.0,1.0,0.0,4,35.9335,10.5465,2.0,0.0,0.0,1.0,377419.46125,377419.46125,False,False,True,True,False,False,False,True,True,False
392215.2,71.0,3.0,1.0,0.0,0.0,1.0,1.0,1.0,3,35.9335,10.5465,2.0,0.0,0.0,1.0,377419.46125,377419.46125,False,False,True,True,False,False,False,True,True,False
445081.77999999997,120.0,5.0,1.0,0.0,0.0,1.0,1.0,1.0,2,36.8098,10.1115,2.0,0.0,0.0,0.0,447540.89,259667.45531914895,False,False,True,False,True,True,False,False,True,False
385735.74,220.0,3.0,1.0,0.0,0.0,0.0,1.0,0.0,2,35.8245,10.6346,2.0,0.0,0.0,0.0,339414.0611787819,330755.1372713178,False,False,True,True,False,False,False,True,True,False
197814.5,115.0,3.0,1.0,0.0,0.0,0.0,1.0,0.0,2,35.7941,10.6591,2.0,0.0,0.0,0.0,172625.6133333333,368050.949375,True,False,False,True,False,False,False,True,True,False
218486.58,51.0,2.0,1.0,0.0,0.0,0.0,0.0,0.0,2,36.8065,10.1815,1.0,0.0,0.0,0.0,257110.19941176468,495512.68618274975,False,True,False,True,False,False,False,True,True,False
311554.88,120.0,3.0,1.0,0.0,1.0,1.0,1.0,0.0,5,35.8245,10.6346,2.0,0.0,0.0,0.0,339414.0611787819,330755.1372713178,False,False,True,True,False,False,False,True,True,False
148361.72,117.0,3.0,1.0,0.0,0.0,0.0,1.0,0.0,2,35.4176,10.9977,2.0,0.0,0.0,0.0,148361.72,327705.16642857145,True,False,False,False,True,False,True,False,True,False
575394.2999999999,120.0,4.0,1.0,1.0,0.0,0.0,1.0,0.0,2,36.4513,10.7357,3.0,0.0,0.0,0.0,356101.26872727275,335553.90432183904,False,False,True,True,False,False,False,True,True,False
371455.24,176.0,4.0,1.0,0.0,0.0,1.0,1.0,0.0,2,36.4073,10.6225,2.0,0.0,0.0,0.0,355184.6627435388,335553.90432183904,False,False,True,True,False,False,False,True,True,False
354741.14,144.0,3.0,1.0,0.0,0.0,1.0,1.0,0.0,2,36.4073,10.6225,2.0,0.0,0.0,0.0,355184.6627435388,335553.90432183904,False,False,True,True,False,False,False,True,True,False
458432.77999999997,137.0,3.0,1.0,0.0,1.0,1.0,1.0,1.0,4,36.4073,10.6225,2.0,0.0,0.0,1.0,355184.6627435388,335553.90432183904,False,False,True,True,False,False,False,True,True,False
265069.74,118.0,3.0,1.0,0.0,0.0,1.0,1.0,0.0,4,35.8245,10.6346,2.0,0.0,0.0,0.0,339414.0611787819,330755.1372713178,False,False,True,True,False,False,False,True,True,False
59342.659999999996,120.0,3.0,1.0,0.0,0.0,0.0,1.0,0.0,3,35.8245,10.6346,2.0,0.0,0.0,0.0,339414.0611787819,330755.1372713178,False,False,True,True,False,False,False,True,True,False
296720.06,95.0,2.0,1.0,0.0,1.0,1.0,1.0,0.0,2,36.4073,10.6225,2.0,0.0,0.0,1.0,355184.6627435388,335553.90432183904,False,False,True,True,False,False,False,True,True,False
395625.62,101.0,4.0,1.0,0.0,1.0,1.0,1.0,0.0,2,36.4073,10.6225,2.0,0.0,0.0,1.0,355184.6627435388,335553.90432183904,False,False,True,True,False,False,False,True,True,False
333274.76,105.0,3.0,1.0,0.0,0.0,1.0,1.0,0.0,2,35.8245,10.6346,2.0,0.0,0.0,0.0,339414.0611787819,330755.1372713178,False,False,True,True,False,False,False,True,True,False
316503.2,96.0,2.0,1.0,0.0,1.0,1.0,0.0,1.0,6,36.8665,10.1647,1.0,0.0,0.0,0.0,362112.70683229814,368050.949375,False,False,True,True,False,False,False,True,True,False
316503.2,74.0,2.0,1.0,1.0,0.0,0.0,0.0,1.0,4,36.8567,10.2949,1.0,0.0,0.0,0.0,566389.98,299054.0060240964,False,False,True,True,False,False,True,False,True,False
360000.0,88.2,2.0,1.0,1.0,0.0,1.0,1.0,0.0,1,36.404,10.569,1.0,0.0,1.0,1.0,355184.6627435388,335553.90432183904,False,False,True,True,False,False,False,True,True,False
350000.0,160.0,5.0,2.0,0.0,0.0,0.0,0.0,0.0,3,36.7629,10.2853,3.0,0.0,0.0,0.0,223470.58823529413,256097.71569620253,False,True,False,True,False,True,False,False,True,False
96000.0,44.0,3.0,1.0,0.0,0.0,0.0,0.0,0.0,1,36.8336,10.1472,2.0,0.0,0.0,0.0,257110.19941176468,495512.68618274975,False,True,False,True,False,False,False,True,True,False
220000.0,85.0,3.0,1.0,1.0,0.0,1.0,0.0,1.0,2,36.4627,10.7492,2.0,0.0,0.0,0.0,220000.0,335553.90432183904,True,False,False,True,False,False,False,True,True,False
300000.0,110.0,4.0,1.0,1.0,0.0,0.0,1.0,0.0,1,36.8471,10.1517,3.0,0.0,0.0,0.0,257110.19941176468,495512.68618274975,False,True,False,True,False,False,False,True,True,False
365000.0,148.0,4.0,2.0,0.0,0.0,1.0,1.0,1.0,5,36.8557,10.2558,3.0,1.0,0.0,0.0,257110.19941176468,495512.68618274975,False,True,False,True,False,False,False,True,True,False
660000.0,230.0,5.0,2.0,1.0,0.0,1.0,0.0,0.0,2,36.4513,10.7357,4.0,0.0,0.0,0.0,356101.26872727275,335553.90432183904,False,False,True,True,False,False,False,True,True,False
290000.0,155.0,3.0,1.0,1.0,1.0,1.0,0.0,0.0,1,36.9023,11.1072,2.0,0.0,0.0,0.0,261889.71862068964,256097.71569620253,False,True,False,True,False,True,False,False,True,False
245000.0,105.0,3.0,1.0,0.0,0.0,0.0,0.0,0.0,3,36.8558,10.2575,2.0,0.0,0.0,0.0,257110.19941176468,495512.68618274975,False,True,False,True,False,False,False,True,True,False
240000.0,120.0,3.0,1.0,1.0,1.0,1.0,0.0,0.0,1,36.9023,11.1072,2.0,0.0,0.0,0.0,261889.71862068964,256097.71569620253,False,True,False,True,False,True,False,False,True,False
170000.0,62.0,3.0,1.0,1.0,0.0,0.0,0.0,0.0,1,36.8366,10.1948,2.0,0.0,1.0,0.0,257110.19941176468,495512.68618274975,False,True,False,True,False,False,False,True,True,False
420000.0,167.0,4.0,1.0,0.0,0.0,0.0,0.0,1.0,2,36.8791,10.2656,3.0,0.0,0.0,0.0,420000.0,335553.90432183904,False,False,True,True,False,False,False,True,True,False
160000.0,70.0,3.0,1.0,0.0,1.0,0.0,0.0,0.0,1,35.8006,10.5962,2.0,0.0,0.0,0.0,339414.0611787819,330755.1372713178,False,False,True,True,False,False,False,True,True,False
360000.0,88.2,2.0,1.0,1.0,0.0,1.0,1.0,0.0,1,36.404,10.569,1.0,0.0,1.0,1.0,355184.6627435388,335553.90432183904,False,False,True,True,False,False,False,True,True,False
350000.0,160.0,5.0,2.0,0.0,0.0,0.0,0.0,0.0,3,36.7629,10.2853,3.0,0.0,0.0,0.0,223470.58823529413,256097.71569620253,False,True,False,True,False,True,False,False,True,False
96000.0,44.0,3.0,1.0,0.0,0.0,0.0,0.0,0.0,1,36.8336,10.1472,2.0,0.0,0.0,0.0,257110.19941176468,495512.68618274975,False,True,False,True,False,False,False,True,True,False
220000.0,85.0,3.0,1.0,1.0,0.0,1.0,0.0,1.0,2,36.4627,10.7492,2.0,0.0,0.0,0.0,220000.0,335553.90432183904,True,False,False,True,False,False,False,True,True,False
300000.0,110.0,4.0,1.0,1.0,0.0,0.0,1.0,0.0,1,36.8471,10.1517,3.0,0.0,0.0,0.0,257110.19941176468,495512.68618274975,False,True,False,True,False,False,False,True,True,False
365000.0,148.0,4.0,2.0,0.0,0.0,1.0,1.0,1.0,5,36.8557,10.2558,3.0,1.0,0.0,0.0,257110.19941176468,495512.68618274975,False,True,False,True,False,False,False,True,True,False
660000.0,230.0,5.0,2.0,1.0,0.0,1.0,0.0,0.0,2,36.4513,10.7357,4.0,0.0,0.0,0.0,356101.26872727275,335553.90432183904,False,False,True,True,False,False,False,True,True,False
220000.0,120.0,3.0,1.0,1.0,1.0,1.0,0.0,0.0,1,36.9023,11.1072,2.0,0.0,0.0,0.0,261889.71862068964,256097.71569620253,False,True,False,True,False,True,False,False,True,False
290000.0,155.0,3.0,1.0,1.0,1.0,1.0,0.0,0.0,1,36.9023,11.1072,2.0,0.0,0.0,0.0,261889.71862068964,256097.71569620253,False,True,False,True,False,True,False,False,True,False
245000.0,105.0,3.0,1.0,0.0,0.0,0.0,0.0,0.0,3,36.8558,10.2575,2.0,0.0,0.0,0.0,257110.19941176468,495512.68618274975,False,True,False,True,False,False,False,True,True,False
240000.0,120.0,3.0,1.0,1.0,1.0,1.0,0.0,0.0,1,36.9023,11.1072,2.0,0.0,0.0,0.0,261889.71862068964,256097.71569620253,False,True,False,True,False,True,False,False,True,False
170000.0,62.0,3.0,1.0,1.0,0.0,0.0,0.0,0.0,1,36.8366,10.1948,2.0,0.0,1.0,0.0,257110.19941176468,495512.68618274975,False,True,False,True,False,False,False,True,True,False
420000.0,167.0,4.0,1.0,0.0,0.0,0.0,0.0,1.0,2,36.8791,10.2656,3.0,0.0,0.0,0.0,420000.0,335553.90432183904,False,False,True,True,False,False,False,True,True,False
160000.0,70.0,3.0,1.0,0.0,1.0,0.0,0.0,0.0,1,35.8006,10.5962,2.0,0.0,0.0,0.0,339414.0611787819,330755.1372713178,False,False,True,True,False,False,False,True,True,False
360000.0,88.2,2.0,1.0,1.0,0.0,1.0,1.0,0.0,1,36.404,10.569,1.0,0.0,1.0,1.0,355184.6627435388,335553.90432183904,False,False,True,True,False,False,False,True,True,False
350000.0,160.0,5.0,2.0,0.0,0.0,0.0,0.0,0.0,3,36.7629,10.2853,3.0,0.0,0.0,0.0,223470.58823529413,256097.71569620253,False,True,False,True,False,True,False,False,True,False
96000.0,44.0,3.0,1.0,0.0,0.0,0.0,0.0,0.0,1,36.8336,10.1472,2.0,0.0,0.0,0.0,257110.19941176468,495512.68618274975,False,True,False,True,False,False,False,True,True,False
220000.0,85.0,3.0,1.0,1.0,0.0,1.0,0.0,1.0,2,36.4627,10.7492,2.0,0.0,0.0,0.0,220000.0,335553.90432183904,True,False,False,True,False,False,False,True,True,False
365000.0,148.0,4.0,2.0,0.0,0.0,1.0,1.0,1.0,5,36.8557,10.2558,3.0,1.0,0.0,0.0,257110.19941176468,495512.68618274975,False,True,False,True,False,False,False,True,True,False
660000.0,230.0,5.0,2.0,1.0,0.0,1.0,0.0,0.0,2,36.4513,10.7357,4.0,0.0,0.0,0.0,356101.26872727275,335553.90432183904,False,False,True,True,False,False,False,True,True,False
220000.0,120.0,3.0,1.0,1.0,1.0,1.0,0.0,0.0,1,36.9023,11.1072,2.0,0.0,0.0,0.0,261889.71862068964,256097.71569620253,False,True,False,True,False,True,False,False,True,False
245000.0,105.0,3.0,1.0,0.0,0.0,0.0,0.0,0.0,3,36.8558,10.2575,2.0,0.0,0.0,0.0,257110.19941176468,495512.68618274975,False,True,False,True,False,False,False,True,True,False
240000.0,120.0,3.0,1.0,1.0,1.0,1.0,0.0,0.0,1,36.9023,11.1072,2.0,0.0,0.0,0.0,261889.71862068964,256097.71569620253,False,True,False,True,False,True,False,False,True,False
420000.0,167.0,4.0,1.0,0.0,0.0,0.0,0.0,1.0,2,36.8791,10.2656,3.0,0.0,0.0,0.0,420000.0,335553.90432183904,False,False,True,True,False,False,False,True,True,False
160000.0,70.0,3.0,1.0,0.0,1.0,0.0,0.0,0.0,1,35.8006,10.5962,2.0,0.0,0.0,0.0,339414.0611787819,330755.1372713178,False,False,True,True,False,False,False,True,True,False
385000.0,155.0,4.0,1.0,1.0,0.0,1.0,0.0,0.0,4,36.8583,10.1675,3.0,0.0,0.0,0.0,346388.2,335553.90432183904,False,False,True,True,False,False,False,True,True,False
300000.0,110.0,4.0,1.0,1.0,0.0,0.0,1.0,0.0,1,36.8471,10.1517,3.0,0.0,0.0,0.0,257110.19941176468,495512.68618274975,False,True,False,True,False,False,False,True,True,False
660000.0,230.0,5.0,2.0,1.0,0.0,1.0,0.0,0.0,2,36.4513,10.7357,4.0,0.0,0.0,0.0,356101.26872727275,335553.90432183904,False,False,True,True,False,False,False,True,True,False
220000.0,120.0,3.0,1.0,1.0,1.0,1.0,0.0,0.0,1,36.9023,11.1072,2.0,0.0,0.0,0.0,261889.71862068964,256097.71569620253,False,True,False,True,False,True,False,False,True,False
290000.0,155.0,3.0,1.0,1.0,1.0,1.0,0.0,0.0,1,36.9023,11.1072,2.0,0.0,0.0,0.0,261889.71862068964,256097.71569620253,False,True,False,True,False,True,False,False,True,False
245000.0,105.0,3.0,1.0,0.0,0.0,0.0,0.0,0.0,3,36.8558,10.2575,2.0,0.0,0.0,0.0,257110.19941176468,495512.68618274975,False,True,False,True,False,False,False,True,True,False
170000.0,62.0,3.0,1.0,1.0,0.0,0.0,0.0,0.0,1,36.8366,10.1948,2.0,0.0,1.0,0.0,257110.19941176468,495512.68618274975,False,True,False,True,False,False,False,True,True,False
420000.0,167.0,4.0,1.0,0.0,0.0,0.0,0.0,1.0,2,36.8791,10.2656,3.0,0.0,0.0,0.0,420000.0,335553.90432183904,False,False,True,True,False,False,False,True,True,False
160000.0,70.0,3.0,1.0,0.0,1.0,0.0,0.0,0.0,1,35.8006,10.5962,2.0,0.0,0.0,0.0,339414.0611787819,330755.1372713178,False,False,True,True,False,False,False,True,True,False
385000.0,155.0,4.0,1.0,1.0,0.0,1.0,0.0,0.0,4,36.8583,10.1675,3.0,0.0,0.0,0.0,346388.2,335553.90432183904,False,False,True,True,False,False,False,True,True,False
360000.0,88.2,2.0,1.0,1.0,0.0,1.0,1.0,0.0,1,36.404,10.569,1.0,0.0,1.0,1.0,355184.6627435388,335553.90432183904,False,False,True,True,False,False,False,True,True,False
350000.0,160.0,5.0,2.0,0.0,0.0,0.0,0.0,0.0,3,36.7629,10.2853,3.0,0.0,0.0,0.0,223470.58823529413,256097.71569620253,False,True,False,True,False,True,False,False,True,False
220000.0,85.0,3.0,1.0,1.0,0.0,1.0,0.0,1.0,2,36.4627,10.7492,2.0,0.0,0.0,0.0,220000.0,335553.90432183904,True,False,False,True,False,False,False,True,True,False
300000.0,110.0,4.0,1.0,1.0,0.0,0.0,1.0,0.0,1,36.8471,10.1517,3.0,0.0,0.0,0.0,257110.19941176468,495512.68618274975,False,True,False,True,False,False,False,True,True,False
365000.0,148.0,4.0,2.0,0.0,0.0,1.0,1.0,1.0,5,36.8557,10.2558,3.0,1.0,0.0,0.0,257110.19941176468,495512.68618274975,False,True,False,True,False,False,False,True,True,False
660000.0,230.0,5.0,2.0,1.0,0.0,1.0,0.0,0.0,2,36.4513,10.7357,4.0,0.0,0.0,0.0,356101.26872727275,335553.90432183904,False,False,True,True,False,False,False,True,True,False
220000.0,120.0,3.0,1.0,1.0,1.0,1.0,0.0,0.0,1,36.9023,11.1072,2.0,0.0,0.0,0.0,261889.71862068964,256097.71569620253,False,True,False,True,False,True,False,False,True,False
290000.0,155.0,3.0,1.0,1.0,1.0,1.0,0.0,0.0,1,36.9023,11.1072,2.0,0.0,0.0,0.0,261889.71862068964,256097.71569620253,False,True,False,True,False,True,False,False,True,False
245000.0,105.0,3.0,1.0,0.0,0.0,0.0,0.0,0.0,3,36.8558,10.2575,2.0,0.0,0.0,0.0,257110.19941176468,495512.68618274975,False,True,False,True,False,False,False,True,True,False
240000.0,120.0,3.0,1.0,1.0,1.0,1.0,0.0,0.0,1,36.9023,11.1072,2.0,0.0,0.0,0.0,261889.71862068964,256097.71569620253,False,True,False,True,False,True,False,False,True,False
170000.0,62.0,3.0,1.0,1.0,0.0,0.0,0.0,0.0,1,36.8366,10.1948,2.0,0.0,1.0,0.0,257110.19941176468,495512.68618274975,False,True,False,True,False,False,False,True,True,False
420000.0,167.0,4.0,1.0,0.0,0.0,0.0,0.0,1.0,2,36.8791,10.2656,3.0,0.0,0.0,0.0,420000.0,335553.90432183904,False,False,True,True,False,False,False,True,True,False
160000.0,70.0,3.0,1.0,0.0,1.0,0.0,0.0,0.0,1,35.8006,10.5962,2.0,0.0,0.0,0.0,339414.0611787819,330755.1372713178,False,False,True,True,False,False,False,True,True,False
385000.0,155.0,4.0,1.0,1.0,0.0,1.0,0.0,0.0,4,36.8583,10.1675,3.0,0.0,0.0,0.0,346388.2,335553.90432183904,False,False,True,True,False,False,False,True,True,False
