link,class,title,description,address,price,latitude,longitude,Pièces,Etages,Chambres,Salles de bains,Toilettes,Appartements,Places de parc extérieur,Habitable,Terrain,Total,Piscine,Terrasse,Type,Année de construction,Places de parc intérieures,Jardin,Balcon,Condition,Chauffage,Climatisation,Meublé,Parking,Standing,Eau chaude,Déchets des eaux usées,Alarme,Année de rénovation,Interphone,Jacuzzi,Recharge de véhicules électriques,Télévision par satellite,Internet,Machine à laver,Sauna,Barbecue,Concierge 24/7,Sécurité,Garage,Piscine intérieure,Ascenseur,Tennis,Centre de remise en forme,Salle à manger,Hammam,Cave à vin,Lave-vaisselle,Piscine extérieure,Studio de yoga,Suites d'hôtes
https://www.properstar.fr/annonce/103912219,maison,"Maison à vendre à Djerba Midoun, Tunisie",Villa • 7 pce(s) • 4 chambres • 3 sdb • 402 m² • 1er étage • réf: 1048030007-127,Djerba Midoun,117 049 €,33.775472,10.958095,7,1,4,3,4,3,2,402 m²,402 m²,402 m²,1.0,1.0,Maison,2021,,,,,,,,,,,,,,,,,,,,,,,,,,,,,,,,,,,
https://www.properstar.fr/annonce/101542965,maison,"Maison à vendre à Hammamet, Tunisie",Maison • 5 pce(s) • 4 chambres • 3 sdb • 280 m² • réf: VM1852-HAMMAMET,Hammamet,324 994 €,36.407257,10.622471,5,,4,3,3,,,280 m²,,,1.0,1.0,Maison,,1,400 m²,1.0,Neuf,Gaz,,,,,,,,,,,,,,,,,,,,,,,,,,,,,,
https://www.properstar.fr/annonce/106123620,maison,,,,,,,,,,,,,,,,,,,,,,,,,,,,,,,,,,,,,,,,,,,,,,,,,,,,,,,
https://www.properstar.fr/annonce/99399455,maison,,,,,,,,,,,,,,,,,,,,,,,,,,,,,,,,,,,,,,,,,,,,,,,,,,,,,,,
https://www.properstar.fr/annonce/105928068,maison,,,,,,,,,,,,,,,,,,,,,,,,,,,,,,,,,,,,,,,,,,,,,,,,,,,,,,,
https://www.properstar.fr/annonce/103487031,maison,,,,,,,,,,,,,,,,,,,,,,,,,,,,,,,,,,,,,,,,,,,,,,,,,,,,,,,
https://www.properstar.fr/annonce/99398975,maison,Vente Superbe Villa - Kantaoui,Villa • 15 pce(s) • 831 m² • Rez-de-chaussée • réf: 82359635,Akouda,331 542 €,35.915833,10.563368,15,,,,,,,831 m²,,,,,Maison,2015,,,,Bonne condition,"Air conditionné, Individuel, Eau chaude",1.0,1.0,1.0,Luxe,"Chaudière, Individuel",Fosse sceptique,,,,,,,,,,,,,,,,,,,,,,,,
https://www.properstar.fr/annonce/104340287,maison,Prestigieuse villa à vendre - Sahloul,Villa • 10 pce(s) • 300 m² • Rez-de-chaussée • réf: 85647451,Sousse,453 566 €,35.824503,10.634584,10,,,,,,,300 m²,,340 m²,,,Maison,,,,,Excellente condition,"Chauffage central, Individuel, Electrique",1.0,,1.0,Luxe,"Chaudière, Individuel",Drainage principal,1.0,2021,,,,,,,,,,,,,,,,,,,,,,
https://www.properstar.fr/annonce/105976679,maison,Villa neuve à vendre Kantaoui côté mer,Villa • 12 pce(s) • 9 chambres • 494 m² • Rez-de-chaussée • réf: 85839722,Hammam Sousse,702 296 €,35.886399,10.591507,12,,9,,,,,494 m²,,600 m²,1.0,,Maison,2025,,,,Neuf,"Chauffage central, Individuel, Electrique",,,1.0,Luxe,"Chaudière, Individuel",Drainage principal,1.0,,1.0,,,,,,,,,,,,,,,,,,,,,
https://www.properstar.fr/annonce/99399431,maison,À Vendre : Grande Villa avec Piscine et 2 Appartements à Akouda,Villa • 550 m² • Plain pied • réf: 82838443,Akouda,248 730 €,35.87,10.57,,2,,,,,,550 m²,,1100 m²,1.0,,Maison,,,,,Bonne condition,"Air conditionné, Individuel",1.0,,1.0,Standard,"Chaudière, Individuel",Drainage principal,,,,1.0,,,,,,,,,,,,,,,,,,,,
https://www.properstar.fr/annonce/105781016,maison,"Maison à vendre à Soliman, Tunisie",Villa • 5 pce(s) • 3 chambres • 1 sdb • 412 m² • réf: 1048042022-27,Soliman,234 099 €,36.696621,10.493056,5,3,3,1,3,3,3,412 m²,740 m²,412 m²,,1.0,Maison,2001,,,,,,1.0,,,,,,,,,,,,,,,,,,,,,,,,,,,,,
https://www.properstar.fr/annonce/106034959,maison,Villa pieds dans l’eau,Villa • 3 pce(s) • réf: 84866291,Sousse,87 787 €,35.824503,10.634584,3,,,,,,,,,226 m²,,,Maison,2018,,,,Excellente condition,"Chauffage central, Gaz",1.0,,,,"Réservoir à eau chaude, Individuel",Drainage principal,,2023,,,,,,,,,,,,,,,,,,,,,,
https://www.properstar.fr/annonce/106034960,maison,Villa pieds dans l’eau,Villa • 3 pce(s) • réf: 84866248,Sousse,96 566 €,35.824503,10.634584,3,,,,,,,,,250 m²,,,Maison,,,,,Excellente condition,"Chauffage central, Individuel, Gaz",1.0,,1.0,,"Réservoir à eau chaude, Individuel",Drainage principal,,2023,,,1.0,,,,,,,,,,,,,,,,,,,
https://www.properstar.fr/annonce/106044123,maison,"Maison à vendre à Kélibia, Tunisie",Villa • 8 pce(s) • 5 chambres • 3 sdb • 224 m² • réf: 1048015019-171,Kélibia,160 943 €,36.84616,11.099467,8,,5,3,5,2,2,224 m²,280 m²,224 m²,,1.0,Maison,2019,,,,,,1.0,,,,,,1.0,,,,,1.0,,,,,,,,,,,,,,,,,,
https://www.properstar.fr/annonce/106083084,maison,À Vendre – Villa spacieuse à Khzema,Villa • 6 pce(s) • 350 m² • Rez-de-chaussée • réf: 85853297,Sousse,380 411 €,35.824503,10.634584,6,,,,,,,350 m²,,450 m²,,,Maison,,,,,Neuf,"Radiateur, Individuel, Electrique",,,1.0,Luxe,"Chaudière, Individuel",Drainage principal,,2024,1.0,,,,,,,,,,,,,,,,,,,,,
https://www.properstar.fr/annonce/105945093,maison,"Maison à vendre à Hammamet, Tunisie",Maison individuelle • 5 pce(s) • 4 chambres • 3 sdb • 260 m² • réf: 1048015030-77,Hammamet,248 730 €,36.407257,10.622471,5,,4,3,4,,,260 m²,500 m²,260 m²,1.0,1.0,Maison,2024,,,1.0,,,,,,,,,,,,,,,,,,,,,,,,,,,,,,,,
https://www.properstar.fr/annonce/89008010,maison,"Maison à vendre à Hammamet, Tunisie",Maison • 3 pce(s) • 2 chambres • 1 sdb • 70 m² • réf: VM723-HAMMAMET,Hammamet,109 879 €,36.407257,10.622471,3,,2,1,1,,,70 m²,,,,1.0,,,1,129 m²,,,,,1.0,,,,,,,,,,,,,,,,,,,,,,,,,,,,
https://www.properstar.fr/annonce/105887551,maison,"Maison à vendre à La Soukra, Tunisie",Maison avec appartements • 5 pce(s) • 3 chambres • 3 sdb • 330 m² • réf: 1048004031-95,La Soukra,374 558 €,36.885888,10.248797,5,,3,3,5,,2,330 m²,,330 m²,1.0,,,,,,,,,1.0,,,,,,1.0,,,,,,,,,,,,,,,,,,,,,,,
https://www.properstar.fr/annonce/100471542,maison,"Maison à vendre à Ariana, Tunisie",Villa • 13 pce(s) • 6 chambres • 4 sdb • 608 m² • 2ème étage • réf: 1048007052-34,Riadh Andalous,474 050 €,36.880575,10.171726,13,1,6,4,4,1,3,608 m²,608 m²,608 m²,,1.0,Maison,2011,,,1.0,,,1.0,,,,,,1.0,,,,,1.0,1.0,1.0,1.0,,,,,,,,,,,,,,,
https://www.properstar.fr/annonce/105887552,maison,"Maison à vendre à Tunis, Tunisie",Villa • 10 pce(s) • 5 chambres • 5 sdb • 625 m² • réf: 1048044001-236,El Manar 2,555 985 €,36.84136,10.163323,10,1,5,5,,,1,625 m²,,625 m²,,1.0,,,,,1.0,,,1.0,1.0,,,,,1.0,,,,,,,,,,,,,,,,,,,,,,,
https://www.properstar.fr/annonce/103968927,maison,,,,,,,,,,,,,,,,,,,,,,,,,,,,,,,,,,,,,,,,,,,,,,,,,,,,,,,
https://www.properstar.fr/annonce/105757313,maison,,,,,,,,,,,,,,,,,,,,,,,,,,,,,,,,,,,,,,,,,,,,,,,,,,,,,,,
https://www.properstar.fr/annonce/105781019,maison,,,,,,,,,,,,,,,,,,,,,,,,,,,,,,,,,,,,,,,,,,,,,,,,,,,,,,,
https://www.properstar.fr/annonce/105851743,maison,,,,,,,,,,,,,,,,,,,,,,,,,,,,,,,,,,,,,,,,,,,,,,,,,,,,,,,
https://www.properstar.fr/annonce/105851745,maison,"Maison à vendre à Al Haouaria, Tunisie",Villa • 3 pce(s) • 7 chambres • 3 sdb • 320 m² • 21ème étage • réf: 1048015019-128,Al Haouaria,228 246 €,37.053462,11.011792,3,1,7,3,5,2,4,320 m²,1300 m²,320 m²,,,Maison,2015,,,1.0,,,1.0,1.0,,,,,,,,,,,,,,,,,,,,,,,,,,,,
https://www.properstar.fr/annonce/105918835,maison,"Maison à vendre à Nabeul, Tunisie",Villa • 5 pce(s) • 3 chambres • 2 sdb • 1100 m² • réf: 1048042017-62,Nabeul,0,36.451289,10.735663,5,1,3,2,3,2,6,1100 m²,,1100 m²,1.0,1.0,Maison,2016,,,1.0,,,1.0,,,,,,1.0,,,,,,1.0,,,,,,,,,,,,,,,,,
https://www.properstar.fr/annonce/105918840,maison,"Maison à vendre à Sahline, Tunisie",Villa • 5 pce(s) • 3 chambres • 1 sdb • 341 m² • réf: 1048037026-1,Sahline,96 566 €,35.751254,10.711646,5,,3,1,1,,1,341 m²,,341 m²,,1.0,,,,,,,,,,,,,,,,,,,,,,,,,,,,,,,,,,,,,
https://www.properstar.fr/annonce/105714509,maison,"Maison à vendre à Hammamet, Tunisie",Villa • 7 pce(s) • 4 chambres • 4 sdb • réf: 1048042002-25,Hammamet,252 827 €,36.425564,10.507114,7,,4,4,3,,,,,,,1.0,,,,,1.0,,,,,,,,,,,,,,1.0,,,1.0,1.0,,,,,,,,,,,,,,
https://www.properstar.fr/annonce/105702419,maison,Magnifique villa à Kantaoui – Vente,Villa • 7 pce(s) • 1200 m² • Rez-de-chaussée • réf: 85793673,Akouda,1 024 182 €,35.915833,10.563368,7,,,,,,,1200 m²,,1000 m²,1.0,,Maison,,,,,Excellente condition,"Radiateur, Individuel, Electrique",,,1.0,Très luxueux,"Chaudière, Individuel",Drainage principal,1.0,,1.0,1.0,,,1.0,,,1.0,1.0,,,,,,,,,,,,,
https://www.properstar.fr/annonce/99399515,maison,Villa de Maître à Vendre,Villa • 7 pce(s) • 600 m² • Rez-de-chaussée • réf: 8038615,Tunis,1 476 871 €,36.806495,10.181532,7,1,,,,,,600 m²,,7500 m²,1.0,,Maison,2009,,,,Excellente condition,"Chauffage central, Individuel, Gaz",1.0,1.0,1.0,Très luxueux,"Chaudière, Individuel",Drainage principal,1.0,,1.0,1.0,,,1.0,,,1.0,1.0,1.0,,,,,,,,,,,,
https://www.properstar.fr/annonce/105686541,maison,"Maison à vendre à Menzel Jemil, Tunisie",Villa • 10 pce(s) • 4 chambres • 4 sdb • 400 m² • 24ème étage • réf: 1048033022-38,Menzel Jemil,234 099 €,37.238125,9.918571,10,4,4,4,4,,2,400 m²,400 m²,400 m²,,,Maison,2022,,,,,,,,,,,,1.0,,,,,,,,,,,,,,,,,,,,,,,
https://www.properstar.fr/annonce/104215563,maison,"Maison à vendre à Ez Zahra, Tunisie",Villa • 7 pce(s) • 5 chambres • 2 sdb • 380 m² • réf: 1048033018-38,Ez Zahra,242 878 €,36.744922,10.307695,7,1,5,2,1,,2,380 m²,,380 m²,,,,,,,,,,,,,,,,,,,,,,,,,,,,,,,,,,,,,,,
https://www.properstar.fr/annonce/105483149,maison,"Maison à vendre à Ariana, Tunisie",Villa • 12 pce(s) • 10 chambres • 526 m² • réf: 1048004039-59,El Menzah 6,585 247 €,36.849109,10.166124,12,,10,,,,,526 m²,,526 m²,,1.0,,,,,,,,1.0,,,,,,1.0,,,,,,,,,1.0,,,,,,,,,,,,,,
https://www.properstar.fr/annonce/105483148,maison,"Maison à vendre à Tunis, Tunisie",Villa • 6 pce(s) • 5 chambres • 3 sdb • 520 m² • réf: 1048033011-97,Tunis,438 935 €,36.806495,10.181532,6,3,5,3,1,,3,520 m²,,520 m²,1.0,1.0,Maison,2014,,,1.0,,,,,,,,,,,,,,,,,,,,,,,,,,,,,,,,
https://www.properstar.fr/annonce/105404226,maison,À Vendre – Spacieuse Villa – Excellent Rendement Locatif,Villa • 13 pce(s) • 9 chambres • 600 m² • Rez-de-chaussée • réf: 85766994,Sousse,497 460 €,35.824503,10.634584,13,2,9,,,,,600 m²,,1090 m²,,1.0,Maison,1990,,,,Bonne condition,"Radiateur, Individuel, Gaz",,,1.0,Standard,"Chaudière, Individuel",Drainage principal,,,,,,,,,,,,,,,,,,,,,,,,
https://www.properstar.fr/annonce/105408910,maison,"🏡 À Vendre – Maison Inachevée à Messadine, Msaken",Maison • 1 pce(s) • 160 m² • Rez-de-chaussée • réf: 85767555,Messadine,119 976 €,35.759418,10.594322,1,,,,,,,160 m²,,300 m²,,,,,,,,,,,,,,,,,,,,,,,,,,,,,,,,,,,,,,,
https://www.properstar.fr/annonce/105470290,maison,Triplex neuf à vendre - Hammam sousse Gharbi,Villa • 7 pce(s) • 5 chambres • Rez-de-chaussée • réf: 85773429,Sousse,131 681 €,35.824503,10.634584,7,,5,,,,,,,232 m²,1.0,1.0,Maison,2022,,,,Neuf,"Chauffage central, Individuel, Electrique",1.0,,,,"Chaudière, Individuel",Drainage principal,,,1.0,,,,,,,,,,1.0,,,,,,,,,,,
https://www.properstar.fr/annonce/105518695,maison,Vente de Maison Moderne de Type Bande de Plein Pied à Msaken - Off Plan (VEFA),Maison jumelée • 4 pce(s) • 80 m² • Plain pied • réf: 85776427,M'saken,84 393 €,35.732791,10.575135,4,,,,,,,80 m²,,100 m²,,,Maison,2027,,,,Neuf,"Radiateur, Individuel, Gaz",1.0,,1.0,Standard,"Chaudière, Individuel",Drainage principal,,,,,,,,,,,,,,,,,,,,,,,,
https://www.properstar.fr/annonce/105399678,maison,"Maison à vendre à Marsa, Tunisie",Maison • 10 pce(s) • 7 chambres • 4 sdb • 430 m² • réf: VM2014-HAMMAMET,Marsa,773 797 €,36.889117,10.322267,10,,7,4,3,,,430 m²,,,,1.0,Maison,,2,659 m²,,,Gaz,,,,,,,,,,,,,,,,,,,,,,,,,,,,,,
https://www.properstar.fr/annonce/105518694,maison,Vente de Maison Moderne de Type Bande de Plein Pied à Msaken - Off Plan (VEFA),Maison villageoise • 4 pce(s) • 80 m² • Plain pied • réf: 85776426,M'saken,90 421 €,35.732791,10.575135,4,,,,,,,80 m²,,100 m²,,,Maison,2027,,,,Neuf,"Radiateur, Individuel, Gaz",1.0,,1.0,Standard,"Chaudière, Individuel",Drainage principal,,,,,,,,,,,,,,,,,,,,,,,,
https://www.properstar.fr/annonce/105387704,maison,"Maison à vendre à El Kram, Tunisie",Villa • 12 pce(s) • 9 chambres • 210 m² • réf: 1048032026-9,El Kram,0,36.85488,10.299279,12,3,9,,,,2,210 m²,,210 m²,,1.0,,,,,,,,,,,,,,,,,,,,,,,,,,,,,,,,,,,,,
https://www.properstar.fr/annonce/105418133,maison,"Maison à vendre à Raoued, Tunisie",Maison individuelle • 4 pce(s) • 3 chambres • 1 sdb • 272 m² • réf: 1048032020-11,Raoued,131 681 €,36.934277,10.181532,4,1,3,1,,,2,272 m²,,272 m²,,1.0,Maison,1993,,,,,,,,,,,,,,,,,,,,,,,,,,,,,,,,,,,
https://www.properstar.fr/annonce/105518693,maison,MSAKEN TOWN HOUSES - Annonce de Vente VEFA - Maisons en Bande de Plein Pied à Msaken,Maison jumelée • 9700 m² • réf: 4632882,M'saken,90 421 €,35.732791,10.575135,,,,,,,,9700 m²,,,,,,,,,,,,1.0,,1.0,,,,,,,,,,,,,,,,,,,,,,,,,,,
https://www.properstar.fr/annonce/105520193,maison,Vente de Maison Moderne de Type Bande de Plein Pied à Msaken - Off Plan (VEFA),Maison villageoise • 4 pce(s) • 82 m² • Plain pied • réf: 85776435,M'saken,79 872 €,35.732791,10.575135,4,1,,,,,,82 m²,,100 m²,,,Maison,2027,,,,Neuf,"Radiateur, Individuel, Gaz",1.0,,1.0,Standard,"Chaudière, Individuel",Drainage principal,,,,,,,1.0,,,,,,,,,,,,,,,,,
https://www.properstar.fr/annonce/99398978,maison,Villa de standing proche de la mer,Villa • 4 pce(s) • 3 chambres • 200 m² • Rez-de-chaussée • réf: 7565047,Chott Meriam,526 722 €,35.933487,10.546488,4,2,3,,,,,200 m²,,515 m²,1.0,,Maison,2016,,,,Bonne condition,"Chauffage central, Individuel, Gaz",1.0,,1.0,Standard,"Chaudière, Individuel",Drainage principal,,,,,,,,,,,,,1.0,,,,,,,,,,,
https://www.properstar.fr/annonce/105360494,maison,"Maison à vendre à Tunis, Tunisie",Villa • 7 pce(s) • 6 chambres • 2 sdb • 200 m² • réf: 1048015049-9,Tunis,336 517 €,36.806495,10.181532,7,,6,2,,,,200 m²,480 m²,200 m²,,1.0,,,,,1.0,,,1.0,,,,,,,,,,,,,,,,,,,,,,,,,,,,,
https://www.properstar.fr/annonce/99399153,maison,"Villa Pied dans l'eau à Vendre à Chatt Mariem, Sousse",Villa • 10 pce(s) • 7 chambres • 700 m² • Rez-de-chaussée • réf: 8211807,Chott Meriam,936 395 €,35.933487,10.546488,10,,7,,,,,700 m²,,3460 m²,1.0,,Maison,,,1,,Bonne condition,"Radiateur, Individuel, Gaz",,,,Standard,"Chaudière, Individuel",Fosse sceptique,,,,,,,,,,,,,,1.0,,,,,,,,,,
https://www.properstar.fr/annonce/105209600,maison,"Maison à vendre à Tunis, Tunisie",Villa • 5 pce(s) • 4 chambres • 1 sdb • 441 m² • réf: 1048039018-21,Tunis,424 304 €,36.806495,10.181532,5,,4,1,1,,1,441 m²,,441 m²,,1.0,Maison,1970,,,,,,,,,,,,,,,,,,,,,,,,,,,,,,,,,,,
https://www.properstar.fr/annonce/105182817,maison,"Maison à vendre à Bizerte North, Tunisie",Villa • 10 pce(s) • 4 chambres • 3 sdb • 300 m² • réf: 1048033022-37,Bizerte North,219 468 €,37.292841,9.834815,10,2,4,3,3,3,1,300 m²,300 m²,300 m²,,,,,,,,,,,,,,,,,,,,,,,,,,,,,,,,,,,,,,,
https://www.properstar.fr/annonce/99398960,maison,VENTE : ÉTAGE DE VILLA À SAHLOUL,Villa • 5 pce(s) • 506 m² • réf: 4153533,Sousse,219 468 €,35.824503,10.634584,5,2,,,,,,506 m²,,520 m²,,,Maison,2008,,,,Bonne condition,"Radiateur, Individuel, Electrique",1.0,,,,Individuel,Drainage principal,,,,,,,1.0,,,,,,,,,,,,,,,,,
https://www.properstar.fr/annonce/105304675,maison,"Maison à vendre à Kélibia, Tunisie",Villa • 5 pce(s) • 3 chambres • 2 sdb • 265 m² • réf: 1048015053-3,Kélibia,245 804 €,36.853195,11.12352,5,,3,2,2,1,1,265 m²,265 m²,265 m²,1.0,1.0,Maison,2025,,,,,,1.0,1.0,,,,,1.0,,,,,1.0,,,,,,,,,,,,,,,,,,
https://www.properstar.fr/annonce/105263184,maison,"Maison à vendre à Hammamet Sud, Tunisie",Maison jumelle • 6 pce(s) • 4 chambres • 3 sdb • 350 m² • réf: 1048042002-24,Hammamet Sud,277 992 €,36.404007,10.568995,6,1,4,3,4,,3,350 m²,,350 m²,1.0,,Maison,2005,,,,,,,1.0,,,,,,,,,,,,,,,,,,,,,,,,,,,,
https://www.properstar.fr/annonce/99945486,maison,"Villa de Prestige à Vendre - Baie des Anges, Kantaoui",Villa • 5 pce(s) • 475 m² • Rez-de-chaussée • réf: 85055507,Akouda,994 920 €,35.915833,10.563368,5,1,,,,,,475 m²,,900 m²,1.0,,Maison,2013,,1,,Excellente condition,"Chauffage central, Individuel, Gaz",1.0,1.0,1.0,Luxe,"Chaudière, Individuel",Drainage principal,1.0,,1.0,,,,1.0,,,,,,1.0,,,,,,,,,,,
https://www.properstar.fr/annonce/105228828,maison,"Maison à vendre à Sousse, Tunisie",Maison • 1000 m² • réf: 889V339M,Sousse,3 000 000 €,35.824503,10.634584,,,,,,,,1000 m²,,,1.0,,,,,,,,,1.0,,,,,,,,,,,,,,,,,,,,1.0,,,,,,,,,
https://www.properstar.fr/annonce/99484631,maison,,,,,,,,,,,,,,,,,,,,,,,,,,,,,,,,,,,,,,,,,,,,,,,,,,,,,,,
https://www.properstar.fr/annonce/105263179,maison,,,,,,,,,,,,,,,,,,,,,,,,,,,,,,,,,,,,,,,,,,,,,,,,,,,,,,,
https://www.properstar.fr/annonce/102807456,maison,,,,,,,,,,,,,,,,,,,,,,,,,,,,,,,,,,,,,,,,,,,,,,,,,,,,,,,
https://www.properstar.fr/annonce/99399347,maison,,,,,,,,,,,,,,,,,,,,,,,,,,,,,,,,,,,,,,,,,,,,,,,,,,,,,,,
https://www.properstar.fr/annonce/105000993,maison,"Maison à vendre à Médina de Tunis, Tunisie",Maison jumelle • 11 pce(s) • 9 chambres • 3 sdb • 441 m² • réf: 1048044004-11,Médina de Tunis,122 902 €,36.799707,10.167525,11,2,9,3,3,3,,441 m²,258 m²,441 m²,,,,,,,,,,,,,,,,,,,,,,,,,,,,,,,,,,,,,,,
https://www.properstar.fr/annonce/105124666,maison,"Maison à vendre à La Soukra, Tunisie",Villa • 5 pce(s) • 4 chambres • 3 sdb • 338 m² • réf: 1048026028-23,La Soukra,327 738 €,36.885888,10.248797,5,,4,3,4,,3,338 m²,,338 m²,1.0,1.0,Maison,2025,,,,,,1.0,,,,,,1.0,,,,,1.0,1.0,,,,,,,,,,,,,,,,,
https://www.properstar.fr/annonce/99399152,maison,"Vente Villa de Prestige Chatt Meriem - Piscine, Terrain 8900m², Vue Exceptionnelle",Villa • 6 pce(s) • 8900 m² • Rez-de-chaussée • réf: 2992509,Chott Meriam,1 082 707 €,35.933487,10.546488,6,,,,,,,8900 m²,,8900 m²,1.0,,Maison,,,,,Rénovation nécessaire,"Chauffage central, Individuel, Mazout",,,1.0,Standard,"Chaudière, Individuel",Fosse sceptique,1.0,,1.0,,,,,,,,,,,,,,,,,,,,,
https://www.properstar.fr/annonce/105051895,maison,"Maison à vendre à Ariana, Tunisie",Villa • 14 pce(s) • 8 chambres • 5 sdb • réf: 1048015031-16,Ariana,512 091 €,36.866537,10.164723,14,3,8,5,5,,,,653 m²,,,1.0,,,,,1.0,,,,,,,,,1.0,,,,,,,1.0,,,,,,,,,,,,,,,,
https://www.properstar.fr/annonce/105051894,maison,"Maison à vendre à La Soukra, Tunisie",Villa • 8 pce(s) • 6 chambres • 3 sdb • 750 m² • réf: 1048015031-17,La Soukra,468 198 €,36.885888,10.248797,8,,6,3,2,,,750 m²,,750 m²,1.0,,Maison,2004,,,,,,,,,,,,1.0,,,,,,,,,,,,,,,,,,,,,,,
https://www.properstar.fr/annonce/105075434,maison,Villa Exceptionnelle à Vendre à Khezama Ouest – 1135 m²,Villa • 5 pce(s) • 4 chambres • 400 m² • Rez-de-chaussée • réf: 85712384,Sousse,775 452 €,35.824503,10.634584,5,,4,,,,,400 m²,,1135 m²,,,Maison,2006,,,,Rénovation nécessaire,"Radiateur, Individuel",1.0,,1.0,Standard,"Chaudière, Individuel",Fosse sceptique,,,,,,,,,,,,,1.0,,,,,,,,,,,
https://www.properstar.fr/annonce/105000990,maison,"Maison à vendre à Ariana, Tunisie",Villa • 7 pce(s) • 5 chambres • 3 sdb • 353 m² • 1er étage • réf: 1048044001-230,Ariana,234 099 €,36.866537,10.164723,7,2,5,3,1,1,1,353 m²,211 m²,353 m²,,1.0,Maison,2005,,,,,,1.0,,,,,,,,,,,,,,,,,,,,,,,,,,,,,
https://www.properstar.fr/annonce/99398879,maison,"Villa à Vendre – Proximité Plage, Quartier Calme",Villa • 5 pce(s) • 350 m² • Rez-de-chaussée • réf: 83980833,Chott Meriam,321 886 €,35.933487,10.546488,5,,,,,,,350 m²,,200 m²,,,Maison,,,,,Bonne condition,,,,,,Individuel,,,,,,,,,,,,,,,,,,,,,,,,,
https://www.properstar.fr/annonce/105010239,maison,"Maison à vendre à Hammamet, Tunisie",Maison • 4 pce(s) • 3 chambres • 2 sdb • 210 m² • réf: VM945-HAMMAMET,Hammamet,232 139 €,36.407257,10.622471,4,,3,2,3,,1,210 m²,,,1.0,1.0,Maison,,,230 m²,1.0,Neuf,Gaz,,,,,,,,,,,,,,,,,,,,,,,,,,,,,,
https://www.properstar.fr/annonce/105051886,maison,"Maison à vendre à La Soukra, Tunisie",Villa • 8 pce(s) • 6 chambres • 5 sdb • 835 m² • réf: 1048039018-20,La Soukra,731 559 €,36.885888,10.248797,8,,6,5,2,,10,835 m²,,835 m²,1.0,1.0,Maison,2024,,,1.0,,,,,,,,,1.0,,,,,,,,,,,,,,,,,,,,,,,
https://www.properstar.fr/annonce/105086473,maison,"Maison à vendre à Tunis, Tunisie",Villa • 4 pce(s) • 3 chambres • 3 sdb • 180 m² • réf: 1048026028-22,Tunis,286 771 €,36.806495,10.181532,4,,3,3,4,,2,180 m²,,180 m²,1.0,,Maison,2025,,,,,,,,,,,,1.0,,,,,,,,,,,,,,,,,,,,,,,
https://www.properstar.fr/annonce/105033820,maison,Villa de standing avec piscine à vendre Hergla - 10 min de la plage,Villa • 5 pce(s) • 4 chambres • 191 m² • Rez-de-chaussée • réf: 85710002,Hergla,175 574 €,36.031411,10.504303,5,1,4,,,,,191 m²,,230 m²,1.0,,Maison,2025,,,,Neuf,"Chauffage central, Individuel, Electrique",,,1.0,Très luxueux,"Chaudière, Individuel",Drainage principal,1.0,2025,,,,,,,,,,,,,,,,,,,,,,
https://www.properstar.fr/annonce/100507911,maison,"Maison à vendre à Hammamet, Tunisie",Maison • 4 pce(s) • 3 chambres • 3 sdb • 800 m² • réf: VM1226-HAMMAMET,Hammamet,619 038 €,36.407257,10.622471,4,,3,3,4,,,800 m²,,,1.0,1.0,Maison,,,800 m²,,,Solaire,,,,,,,,,,,,,,,,,,,,,,,,,,,,,,
https://www.properstar.fr/annonce/105086471,maison,"Maison à vendre à Kélibia, Tunisie",Villa • 3 chambres • 2 sdb • 790 m² • réf: 1048015019-167,Kélibia,190 205 €,36.84616,11.099467,,,3,2,3,,4,790 m²,790 m²,790 m²,,1.0,Maison,2000,,,,,,,,,,,,,,,,,,,,,,,,,,,,,,,,,,,
https://www.properstar.fr/annonce/101586248,maison,"Maison à vendre à Tunis, Tunisie",Villa • 520 m² • réf: 1048028002-381,Tunis,260 435 €,36.806495,10.181532,,,,,,,,520 m²,,520 m²,,,Maison,1994,,,,,,,,,,,,,,,,,,,,,,,,,,,,,,,,,,,
https://www.properstar.fr/annonce/104761409,maison,"Maison à vendre à Mrezga, Tunisie",Villa • 5 pce(s) • 4 chambres • 3 sdb • 347 m² • réf: 1048042022-17,Mrezga,321 886 €,36.419773,10.661893,5,,4,3,1,,3,347 m²,250 m²,347 m²,1.0,1.0,Maison,2024,,,1.0,,,1.0,,,,,,,,,,,,,,,1.0,,,,,,,,,,,,,,
https://www.properstar.fr/annonce/104881831,maison,"Maison à vendre à Tunis, Tunisie",Maison individuelle • 6 pce(s) • 4 chambres • 2 sdb • 514 m² • réf: 1048026032-20,Tunis,187 279 €,36.806495,10.181532,6,,4,2,1,,2,514 m²,190 m²,514 m²,,1.0,,,,,1.0,,,,,,,,,,,,,,,,,,1.0,,,,,,,,,,,,,,
https://www.properstar.fr/annonce/104881844,maison,"Maison à vendre à Akouda, Tunisie",Villa • 15 pce(s) • 10 chambres • 3 sdb • 468 m² • 4ème étage • réf: 1048026032-4,Akouda,277 992 €,35.902227,10.349789,15,2,10,3,3,4,2,468 m²,468 m²,468 m²,1.0,,Maison,2014,,,,,,,,,,,,,,,,,,,,,,,,,,,,,,,,,,,
https://www.properstar.fr/annonce/99399313,maison,Gîte rural de charme à 15 minutes du port El Kantaoui,Manoir • 800 m² • Rez-de-chaussée • réf: 8017939,Chott Meriam,964 487 €,35.933487,10.546488,,,,,,,,800 m²,,7791 m²,1.0,,Maison,,,1,,Bonne condition,"Radiateur, Individuel",1.0,1.0,,Standard,"Chaudière, Individuel",Fosse sceptique,,,,,,,,,,1.0,,,,,,,,,,,,,,
https://www.properstar.fr/annonce/104913919,maison,"Maison à vendre à Menzel Temime, Tunisie",Villa • 1 pce(s) • 2 chambres • 1 sdb • 190 m² • réf: 1048015019-129,Menzel Temime,201 910 €,36.815711,10.912899,1,,2,1,2,,3,190 m²,760 m²,190 m²,,1.0,Maison,2020,,,,,,1.0,1.0,,,,,1.0,,,,,,,,,1.0,,,,,,,,,,,,,,
https://www.properstar.fr/annonce/101492899,maison,"Maison à vendre à Djerba Midoun, Tunisie",Maison individuelle • 2 chambres • 2 sdb • 519 m² • réf: 1048030008-92,Djerba Midoun,117 €,33.775472,10.958095,,,2,2,2,,1,519 m²,519 m²,519 m²,1.0,1.0,Maison,2023,,,,,,1.0,1.0,,,,,1.0,,,,,,1.0,,,,,,,,,,,,,,,,,
https://www.properstar.fr/annonce/99399321,maison,VENTE SUBLIME VILLA À SKANÈS MONASTIR,Villa • 8 pce(s) • 4 chambres • 1255 m² • Rez-de-chaussée • réf: 3472235,Monastir,783 646 €,35.744713,10.788723,8,1,4,,,,,1255 m²,,1200 m²,1.0,,Maison,2010,,,,Excellente condition,"Chauffage central, Individuel, Eau chaude",1.0,1.0,1.0,Luxe,"Chaudière, Individuel",Station d'épuration,1.0,2016,1.0,1.0,,,1.0,,1.0,1.0,,,,,,,,,,,,,,
https://www.properstar.fr/annonce/101920648,maison,"Maison à vendre à Borj Cédria, Tunisie",Maison avec appartements • 4 pce(s) • 2 chambres • 2 sdb • 100 m² • réf: 1048004051-14,Borj Cédria,111 197 €,36.688116,10.377863,4,3,2,2,3,,1,100 m²,,100 m²,,,,,,,,,,,,,,,,1.0,,,,,,,,,,,,,,,,,,,,,,,
https://www.properstar.fr/annonce/104748583,maison,"Maison à vendre à El Mourouj, Tunisie",Villa • 4 pce(s) • 3 chambres • 1 sdb • réf: 1048032007-107,El Mourouj,0,36.717798,10.205349,4,,3,1,1,,2,,420 m²,,,1.0,,,,,,,,,,,,,,,,,,,,,,,,,,,,,,,,,,,,,
https://www.properstar.fr/annonce/104340285,maison,Villa de luxe à vendre - Sahloul 4,Villa • 7 pce(s) • 330 m² • Rez-de-chaussée • réf: 85647319,Sousse,307 255 €,35.824503,10.634584,7,2,,,,,,330 m²,,500 m²,,,Maison,2021,,,,Excellente condition,"Chauffage central, Individuel, Electrique",1.0,,1.0,Luxe,"Chaudière, Individuel",Drainage principal,1.0,,1.0,,,,,,,,,,,,,,,,,,,,,
https://www.properstar.fr/annonce/104624607,maison,"Maison à vendre à Le Bardo, Tunisie",Villa • 4 pce(s) • réf: 1048015031-26,Le Bardo,219 468 €,36.813252,10.133916,4,1,,,2,,2,,,,,1.0,,,,,1.0,,,1.0,,,,,,,,,,,,,,,,,,,,,,,,,,,,,
https://www.properstar.fr/annonce/100395229,maison,"Maison à vendre à Hammamet, Tunisie",Maison • 4 pce(s) • 3 chambres • 3 sdb • 300 m² • réf: VM1818-HAMMAMET,Hammamet,433 326 €,36.407257,10.622471,4,,3,3,3,,1,300 m²,,,1.0,1.0,,,,481 m²,,,,,,,,,,,,,,,,,,,,,,,,,,,,,,,,,
https://www.properstar.fr/annonce/104686721,maison,"Maison à vendre à Sidi Thabet, Tunisie",Villa • 3 pce(s) • 2 chambres • 1 sdb • 3156 m² • réf: 1048030007-130,Bejaoua,225 320 €,36.858614,10.008,3,,2,1,1,,,3156 m²,3156 m²,3156 m²,,1.0,,,,,,,,,,,,,,,,,,,,,,,,,,,,,,,,,,,,,
https://www.properstar.fr/annonce/104748589,maison,"Maison à vendre à Hammamet Sud, Tunisie",Villa • 5 pce(s) • 4 chambres • 2 sdb • 400 m² • 4ème étage • réf: 1048042018-14,Hammamet Sud,878 €,36.404007,10.568995,5,2,4,2,4,,1,400 m²,,400 m²,1.0,,,,,,,,,,1.0,,,,,1.0,,,,,,,,,,,,,,,,,,,,,,,
https://www.properstar.fr/annonce/103132842,maison,"Maison à vendre à Tunis, Tunisie",Maison individuelle • 6 pce(s) • 10 chambres • 2 sdb • 157 m² • réf: 1048015047-4,Tunis,64 377 €,36.806495,10.181532,6,2,10,2,2,2,2,157 m²,157 m²,157 m²,,1.0,,,,,1.0,,,,,,,,,,,,,,,,,,,,,,,,,,,,,,,,
https://www.properstar.fr/annonce/104595484,maison,"Maison à vendre à Hammamet, Tunisie",Maison • 6 pce(s) • 4 chambres • 4 sdb • 350 m² • réf: VM1757-HAMMAMET,Hammamet,371 422 €,36.407257,10.622471,6,,4,4,4,,,350 m²,,,,1.0,Maison,,2,630 m²,,,Gaz,,,,,,,,,,,,,,,,,,,,,,,,,,,,,,
https://www.properstar.fr/annonce/104624601,maison,"Maison à vendre à Sidi Thabet, Tunisie",Villa • 12 pce(s) • 5 chambres • 5 sdb • 2200 m² • réf: 1048026028-21,Sidi Thabet,585 247 €,36.924507,10.047155,12,2,5,5,4,8,5,2200 m²,,2200 m²,1.0,1.0,Maison,2019,,,1.0,,,1.0,,,,,,1.0,,,,,1.0,1.0,1.0,,,,,,,,,,,,,,,,
https://www.properstar.fr/annonce/99399436,maison,Projet Immobilier Neuf : West Gammarth Villas & Resort,Villa • réf: 1358168,Gammarth,301 402 €,36.917304,10.285253,,1,,,,,,,,,1.0,,Maison,2017,,,,,"Chauffage central, Individuel, Gaz",1.0,,1.0,,"Chaudière, Individuel",,1.0,,1.0,,,,1.0,,,,,,,,,,,,,,,,,
https://www.properstar.fr/annonce/104468750,maison,"Maison à vendre à Sousse, Tunisie",Villa • 6 pce(s) • 4 chambres • 1 sdb • 400 m² • réf: 1048037028-3,Sousse,275 066 €,35.824503,10.634584,6,2,4,1,2,,4,400 m²,,400 m²,,1.0,Maison,1997,,,1.0,,,1.0,,,,,,,,,,,1.0,,,,,,,,,,,,,,,,,,
https://www.properstar.fr/annonce/104468748,maison,"Maison à vendre à Sousse, Tunisie",Villa • 12 pce(s) • 6 chambres • 4 sdb • 825 m² • réf: 1048037028-4,Sousse,731 559 €,35.824503,10.634584,12,3,6,4,5,,5,825 m²,,825 m²,,1.0,,,,,1.0,,,1.0,1.0,,,,,1.0,,,,,,1.0,1.0,,1.0,,,,,,,,,,,,,,
https://www.properstar.fr/annonce/104563838,maison,"Maison à vendre à Hammam Ghezèze, Tunisie",Villa • 2 pce(s) • 6 chambres • 2 sdb • 400 m² • réf: 1048015019-143,Hammam Ghezèze,395 042 €,36.930637,11.048549,2,,6,2,4,,,400 m²,1000 m²,400 m²,1.0,1.0,,,,,1.0,,,,1.0,,,,,1.0,,,,,,,,,,,,,,,,,,,,,,,
https://www.properstar.fr/annonce/104563836,maison,"Maison à vendre à Lamta, Tunisie",Villa • 4 pce(s) • 3 chambres • 1 sdb • 347 m² • réf: 1048037018-37,Lamta,160 943 €,35.674707,10.876194,4,,3,1,1,,,347 m²,,347 m²,,1.0,,,,,,,,,,,,,,,,,,,,,,,,,,,,,,,,,,,,,
https://www.properstar.fr/annonce/104544715,maison,"Maison à vendre à Hammamet, Tunisie",Maison • 6 pce(s) • 5 chambres • 2 sdb • 400 m² • réf: VM1061-HAMMAMET,Hammamet,278 567 €,36.407257,10.622471,6,,5,2,3,,,400 m²,,,,1.0,Maison,,1,603 m²,,,Gaz,,,,,,,,,,,,,,,,,,,,,,,,,,,,,,
https://www.properstar.fr/annonce/104500817,maison,"Maison à vendre à Tunis, Tunisie",Villa • réf: 1048033016-10,El Menzah 1,0,36.839672,10.182932,,3,,,,,4,,600 m²,,,,Maison,2020,,,,,,,,,,,,,,,,,,,,,,,,,,,,,,,,,,,
https://www.properstar.fr/annonce/104563834,maison,"Maison à vendre à Kélibia, Tunisie",Villa • 1 pce(s) • 1 chambres • 1 sdb • 24ème étage • réf: 1048015019-142,Kélibia,102 418 €,36.84616,11.099467,1,,1,1,1,,,,512 m²,,,,Maison,2023,,,,,,,,,,,,,,,,,,,,,,,,,,,,,,,,,,,
https://www.properstar.fr/annonce/104437921,maison,"Maison à vendre à Sidi Thabet, Tunisie",Villa • 8 pce(s) • 6 chambres • 4 sdb • 500 m² • réf: 1048015047-25,Sidi Thabet,0,36.924507,10.047155,8,2,6,4,5,,,500 m²,900 m²,500 m²,1.0,1.0,Maison,2025,,,1.0,,,1.0,,,,,,1.0,,,,,1.0,,,,1.0,,,,,,,,,,,,,,
https://www.properstar.fr/annonce/104563831,maison,"Maison à vendre à Hammamet, Tunisie",Villa • 3 pce(s) • 3 chambres • 3 sdb • réf: 1048042018-37,Hammamet,234 099 €,36.407257,10.622471,3,,3,3,3,,,,,,1.0,,,,,,,,,,1.0,,,,,1.0,,,,,,,,,,,,,,,,,,,,,,,
https://www.properstar.fr/annonce/99399426,maison,À Vendre – Villa S+4 Indépendante à Cité Riadh,Villa • 5 pce(s) • 630 m² • Plain pied • réf: 7403582,Sousse,169 722 €,35.824503,10.634584,5,,,,,,,630 m²,,,,,Maison,,,,,Rénovation nécessaire,Individuel,,,1.0,Standard,"Chaudière, Individuel",Drainage principal,,,,,,,,,,,,,,,,,,,,,,,,
https://www.properstar.fr/annonce/104417179,maison,"Maison à vendre à Hammamet, Tunisie",Maison • 3 pce(s) • 2 chambres • 2 sdb • 180 m² • réf: VM1200-HAMMAMET,Hammamet,210 472 €,36.407257,10.622471,3,,2,2,3,,,180 m²,,,1.0,1.0,Maison,,,10000 m²,,,Electrique,,1.0,,,,,,,,,,,,,,,,,,,,,,,,,,,,
https://www.properstar.fr/annonce/104319166,maison,"Maison à vendre à Ariana, Tunisie",Villa • 9 pce(s) • 7 chambres • 2 sdb • 539 m² • réf: 1048044004-10,Ariana,307 255 €,36.866537,10.164723,9,2,7,2,4,2,2,539 m²,539 m²,539 m²,,,,,,,,,,,,,,,,,,,,,,,,,,,,,,,,,,,,,,,
https://www.properstar.fr/annonce/104284334,maison,"Maison à vendre à Djerba Midoun, Tunisie",Villa • 4 pce(s) • 3 chambres • 2 sdb • 652 m² • réf: 1048030008-137,Djerba Midoun,159 480 €,33.775472,10.958095,4,,3,2,2,,1,652 m²,652 m²,652 m²,1.0,1.0,Maison,2023,,,,,,,1.0,,,,,1.0,,,,,,,,,,,,,,,,,,,,,,,
https://www.properstar.fr/annonce/104256550,maison,Villa à vendre à Sahloul 1 – 400m² de terrain et 300m² habitables,Villa • 5 pce(s) • 300 m² • Rez-de-chaussée • réf: 85641105,Sousse,263 361 €,35.824503,10.634584,5,,,,,,,300 m²,,400 m²,,,Maison,,,,,Bonne condition,"Radiateur, Individuel, Electrique",,,1.0,Standard,"Chaudière, Individuel",,,,1.0,,,,1.0,,,,,,,,,,,,,,,,,
https://www.properstar.fr/annonce/104297760,maison,Villa Spacieuse à Vendre à Sahloul 1 – 450 m² de Terrain,Villa • 9 pce(s) • 350 m² • Rez-de-chaussée • réf: 85643071,Sousse,351 148 €,35.824503,10.634584,9,,,,,,,350 m²,,450 m²,,,Maison,,,,,Bonne condition,"Radiateur, Individuel, Electrique",,,1.0,,"Chaudière, Individuel",Drainage principal,,,,,,,1.0,,,,,,,,,,,,,,,,,
https://www.properstar.fr/annonce/104284331,maison,"Maison à vendre à Houmet Souk, Tunisie",Villa • 3 pce(s) • 2 chambres • 1 sdb • réf: 1048030010-5,Houmet Souk,58 525 €,33.827663,10.867726,3,,2,1,1,,2,,700 m²,,,,,,,,,,,,,,,,,,,,,,,,,,,,,,,,,,,,,,,,
https://www.properstar.fr/annonce/104352704,maison,"Maison à vendre à Djerba Midoun, Tunisie",Villa • 4 pce(s) • 3 chambres • 2 sdb • 325 m² • réf: 1048030008-138,Djerba Midoun,131 681 €,33.775472,10.958095,4,1,3,2,2,,1,325 m²,325 m²,325 m²,1.0,1.0,Maison,2017,,,1.0,,,1.0,1.0,,,,,1.0,,,,,,1.0,,,,,,,,,,,,,,,,,
https://www.properstar.fr/annonce/104284328,maison,"Maison à vendre à Gammarth, Tunisie",Villa • réf: 1048004044-37,Gammarth,1 667 954 €,36.917304,10.285253,,3,,,,,4,,1178 m²,,1.0,1.0,,,,,1.0,,,1.0,,,,,,1.0,,,,,,,1.0,,,,,,,,,,,,,,,,
https://www.properstar.fr/annonce/103319746,maison,"Maison à vendre à La Soukra, Tunisie",Villa • 6 pce(s) • 5 chambres • 1 sdb • 805 m² • réf: 1048032007-106,La Soukra,248 730 €,36.885888,10.248797,6,2,5,1,1,,,805 m²,,805 m²,,1.0,Maison,1998,,,1.0,,,1.0,,,,,,,,,,,,,,,,,,,,,,,,,,,,,
https://www.properstar.fr/annonce/99888540,maison,À VENDRE : Maison de Charme dans la Médina de Sousse,Maison • 3 pce(s) • 120 m² • Rez-de-chaussée • réf: 85138162,Sousse,26 825 €,35.824503,10.634584,3,,,,,,,120 m²,,120 m²,,,Maison,,,,,Rénovation nécessaire,,,,,,,,,,,,,,,,,,,,,,,,,,,,,,,
https://www.properstar.fr/annonce/104352289,maison,À Vendre : Hôtel 100 Chambres en Centre-Ville – Idéal Investisseurs & Promoteurs,Maison • 100 pce(s) • 3000 m² • réf: 85582403,Hammam Sousse,2 712 620 €,35.886399,10.591507,100,8,,,,,,3000 m²,,5000 m²,1.0,,Maison,,,,,Bonne condition,Chauffage central,1.0,1.0,,Standard,"Chaudière, Collectif",Drainage principal,1.0,,,,,,1.0,,,,,,,,1.0,,,,,,,,,
https://www.properstar.fr/annonce/100063515,maison,Maison Traditionnelle à Hammam Sousse – Une Opportunité Unique !,Maison • Rez-de-chaussée • réf: 85155076,Hammam Sousse,75 351 €,35.886399,10.591507,,,,,,,,,,560 m²,,,Maison,,,,,Rénovation nécessaire,,,,,Standard,,,,,,,,,,,,,,,,,,,,,,,,,,
https://www.properstar.fr/annonce/104152693,maison,"Maison à vendre à Sidi Daoud, Tunisie",Maison individuelle • 2 pce(s) • 6 chambres • 4 sdb • 600 m² • réf: 1048026028-16,Sidi Daoud,248 730 €,37.021702,10.911487,2,2,6,4,4,2,2,600 m²,26 m²,600 m²,,,Maison,2014,,,,,,,,,,,,,,,,,,,,,,,,,,,,,,,,,,,
https://www.properstar.fr/annonce/104176657,maison,"Maison à vendre à Kélibia, Tunisie",Villa • 7 pce(s) • 7 chambres • 5 sdb • 1100 m² • réf: 1048015019-162,Kélibia,438 935 €,36.84616,11.099467,7,1,7,5,6,3,5,1100 m²,1100 m²,1100 m²,,1.0,Maison,2017,,,1.0,,,1.0,,,,,,1.0,,,,,,1.0,,,1.0,,,,,,,,,,,,,,
https://www.properstar.fr/annonce/103666991,maison,"Maison à vendre à Beni Khiar, Tunisie",Villa • 1 pce(s) • 4 chambres • 1 sdb • 350 m² • réf: 1048015019-131,Beni Khiar,160 943 €,36.459621,10.783083,1,1,4,1,2,,5,350 m²,275 m²,350 m²,,1.0,Maison,1999,,,1.0,,,,,,,,,,,,,,,,,,,,,,,,,,,,,,,,
https://www.properstar.fr/annonce/104152690,maison,"Maison à vendre à Tunis, Tunisie",Villa • 5 pce(s) • 4 chambres • 2 sdb • 360 m² • réf: 1048044005-1,Tunis,220 931 €,36.806495,10.181532,5,3,4,2,1,,1,360 m²,348 m²,360 m²,,1.0,,,,,1.0,,,,,,,,,,,,,,,,,,,,,,,,,,,,,,,,
https://www.properstar.fr/annonce/104073732,maison,"Maison à vendre à Ariana, Tunisie",Villa • 7 pce(s) • 6 chambres • 2 sdb • 487 m² • réf: 1048015031-25,Ariana,0,36.866537,10.164723,7,,6,2,2,,,487 m²,487 m²,487 m²,,1.0,,,,,1.0,,,,,,,,,1.0,,,,,,1.0,,,1.0,,,,,,,,,,,,,,
https://www.properstar.fr/annonce/104152687,maison,"Maison à vendre à La Soukra, Tunisie",Maison jumelle • 8 pce(s) • 6 chambres • 2 sdb • 493 m² • réf: 1048026028-17,La Soukra,219 468 €,36.885888,10.248797,8,2,6,2,2,2,3,493 m²,,493 m²,,,Maison,2017,,,,,,1.0,,,,,,,,,,,1.0,1.0,,,,,,,,,,,,,,,,,
https://www.properstar.fr/annonce/104029318,maison,Une Charmante villa de style arabo-mauresqueà vendre à Hammamet,Villa • 7 pce(s) • 600 m² • Plain pied • réf: 85618376,Hammamet,673 034 €,36.407257,10.622471,7,,,,,,,600 m²,,1000 m²,1.0,,Maison,,,,,Neuf,"Chauffage central, Individuel",1.0,1.0,1.0,Luxe,"Chaudière, Individuel",,,,1.0,,,,,,,,,,,,,,,,,,,,,
https://www.properstar.fr/annonce/104176651,maison,"Maison à vendre à Akouda, Tunisie",Villa • 9 pce(s) • 182 m² • 29ème étage • réf: 1048035038-50,Akouda,143 386 €,35.874674,10.571809,9,2,,,,3,2,182 m²,105 m²,182 m²,,1.0,,,,,1.0,,,,,,,,,1.0,,,,,,,,,,,,,,,,,,,,,,,
https://www.properstar.fr/annonce/104029317,maison,Une charmante villa plein pieds à vendre Hammamet,Villa • 4 pce(s) • 350 m² • Plain pied • réf: 85626035,Bizerte South,321 886 €,37.265216,9.656409,4,,,,,,,350 m²,,925 m²,1.0,,Maison,,,,,Neuf,"Chauffage central, Individuel",1.0,,1.0,Luxe,"Chaudière, Individuel",,,,1.0,,,,,,,,,,,,,,,,,,,,,
https://www.properstar.fr/annonce/104073739,maison,"Maison à vendre à Marsa, Tunisie",Maison avec appartements • 6 pce(s) • 5 chambres • 4 sdb • 1200 m² • réf: 1048039003-33,Marsa,278 000 €,36.889117,10.322267,6,4,5,4,3,,3,1200 m²,300 m²,1200 m²,1.0,1.0,Maison,2025,,,1.0,,,1.0,,,,,,1.0,,,,,,,,,,,,,,1.0,,,,,,,,,
https://www.properstar.fr/annonce/104132816,maison,Villa d'exception en front de mer avec vue panoramique,Villa • 8 pce(s) • Rez-de-chaussée • réf: 85632788,Chott Meriam,760 821 €,35.933487,10.546488,8,,,,,,,,,850 m²,,,Maison,,,,,Bonne condition,"Radiateur, Individuel, Electrique",,,,Standard,"Chaudière, Individuel",Drainage principal,,,,,,,,,,1.0,,,,,,,,,,,,,,
https://www.properstar.fr/annonce/104038990,maison,"Maison à vendre à Tunis, Tunisie",Villa • 11 pce(s) • 7 chambres • 2 sdb • 501 m² • réf: 1048007052-49,Tunis,260 435 €,36.806495,10.181532,11,2,7,2,2,,4,501 m²,501 m²,501 m²,,1.0,,,,,1.0,,,1.0,,,,,,1.0,,,,,,,,,,,,,,,,,,,,,,,
https://www.properstar.fr/annonce/103944145,maison,"Maison à vendre à La Soukra, Tunisie",Villa • 6 pce(s) • 4 chambres • 3 sdb • 638 m² • réf: 1048026018-10,La Soukra,427 230 €,36.885888,10.248797,6,2,4,3,3,,,638 m²,638 m²,638 m²,1.0,,,,,,,,,,,,,,,1.0,,,,,,,,,,,,,,,,,,,,,,,
https://www.properstar.fr/annonce/103968926,maison,"Maison à vendre à Site archéologique de Carthage, Tunisie",Villa • 3 pce(s) • 2 chambres • 2 sdb • 387 m² • réf: 1048026030-11,Site archéologique de Carthage,482 829 €,36.862585,10.332949,3,,2,2,1,,,387 m²,387 m²,387 m²,1.0,1.0,Maison,2024,,,,,,1.0,,,,,,1.0,,,,,1.0,1.0,,,,,,,,,,,,,,,,,
https://www.properstar.fr/annonce/103846590,maison,"Maison à vendre à Hammamet Sud, Tunisie",Villa • 11 pce(s) • 7 chambres • 3 sdb • 350 m² • réf: 1048042002-18,Hammamet Sud,336 517 €,36.404007,10.568995,11,1,7,3,3,2,1,350 m²,,350 m²,1.0,1.0,Maison,2005,,,1.0,,,,1.0,,,,,1.0,,,,,,1.0,,,1.0,,,,,,,,,,,,,,
https://www.properstar.fr/annonce/103882176,maison,"Maison à vendre à Hammamet, Tunisie",Maison individuelle • 3 pce(s) • 2 chambres • 1 sdb • 150 m² • réf: 1048015030-76,Hammamet,131 681 €,36.425564,10.507114,3,,2,1,1,,,150 m²,752 m²,150 m²,1.0,1.0,,,,,,,,,,,,,,,,,,,,,,,,,,,,,,,,,,,,,
https://www.properstar.fr/annonce/103846591,maison,"Maison à vendre à Hammamet, Tunisie",Villa • 4 pce(s) • 3 chambres • 2 sdb • réf: 1048015030-75,Hammamet,263 361 €,36.407257,10.622471,4,2,3,2,1,,1,,,,,1.0,,,,,,,,1.0,,,,,,,,,,,,,,,,,,,,,,,,,,,,,
https://www.properstar.fr/annonce/103944147,maison,"Maison à vendre à Tunis, Tunisie",Villa • 4 pce(s) • 3 chambres • 1 sdb • 387 m² • réf: 1048033018-34,Tunis,0,36.806495,10.181532,4,,3,1,1,,,387 m²,,387 m²,,,,,,,,,,,,,,,,,,,,,,,,,,,,,,,,,,,,,,,
https://www.properstar.fr/annonce/103799575,maison,"Maison à vendre à Hammamet, Tunisie",Villa • 5 pce(s) • 4 chambres • 3 sdb • 264 m² • réf: 1048042021-3,Hammamet,219 468 €,36.407257,10.622471,5,,4,3,3,,2,264 m²,,264 m²,1.0,,,,,,,,,,,,,,,1.0,,,,,,1.0,,,,,,,,,,,,,,,,,
https://www.properstar.fr/annonce/103846592,maison,"Maison à vendre à Gammarth, Tunisie",Villa • 9 pce(s) • 7 chambres • 3 sdb • 749 m² • réf: 1048039018-16,Gammarth,526 722 €,36.917304,10.285253,9,,7,3,2,,2,749 m²,,749 m²,1.0,1.0,Maison,1981,,,1.0,,,,,,,,,,,,,,,,,,,,,,,,,,,,,,,,
https://www.properstar.fr/annonce/103795861,maison,"Villa d’Exception à Kantaoui, Quartier Narjess",Villa • 6 pce(s) • 5 chambres • 800 m² • Rez-de-chaussée • réf: 85606031,Akouda,775 452 €,35.915833,10.563368,6,,5,,,,,800 m²,,1111 m²,,,Maison,1990,,1,,Bonne condition,"Radiateur, Individuel, Gaz",1.0,,1.0,Standard,"Chaudière, Individuel",Drainage principal,,,1.0,,,,,,,,,,,,,,,,,,,,,
https://www.properstar.fr/annonce/103835908,maison,Villa S+4 à vendre A Djerba,Villa • 4 pce(s) • 235 m² • Plain pied • réf: 85608650,Médenine,200 000 €,33.228057,10.89031,4,,,,,,,235 m²,,1151 m²,1.0,,Maison,2022,,,,Neuf,"Chauffage central, Individuel, Gaz",1.0,,1.0,Luxe,"Chaudière, Individuel",,1.0,,1.0,,,,,,,,,1.0,,,,,,,,,,,,
https://www.properstar.fr/annonce/103812999,maison,"Maison à vendre à Tunis, Tunisie",Villa • 400 m² • réf: 1048033018-31,Tunis,0,36.806495,10.181532,,3,,,,3,3,400 m²,,400 m²,,,,,,,,,,,,,,,,1.0,,,,,,,,,,,,,,,,,,,,,,,
https://www.properstar.fr/annonce/103888836,maison,"Maison à vendre à Hammamet, Tunisie",Maison • 4 pce(s) • 3 chambres • 3 sdb • 240 m² • réf: VM1841-HAMMAMET,Hammamet,263 091 €,36.407257,10.622471,4,,3,3,3,,,240 m²,,,1.0,1.0,Maison,,1,300 m²,1.0,Neuf,Gaz,,,,,,,,,,,,,,,,,,,,,,,,,,,,,,
https://www.properstar.fr/annonce/103944144,maison,"Maison à vendre à La Soukra, Tunisie",Villa • 988 m² • réf: 1048028002-387,La Soukra,272 140 €,36.885888,10.248797,,,,,,,,988 m²,988 m²,988 m²,,,,,,,,,,,,,,,,,,,,,,,,,,,,,,,,,,,,,,,
https://www.properstar.fr/annonce/101860660,maison,"Maison à vendre à Hammam Ghezèze, Tunisie",Villa • 9 pce(s) • 4 chambres • 5 sdb • 330 m² • réf: 1048015019-156,Ezzahra,555 985 €,36.901686,11.102296,9,1,4,5,5,,3,330 m²,1345 m²,330 m²,,1.0,Maison,2015,,,1.0,,,1.0,,,,,,1.0,,,,,1.0,1.0,1.0,,1.0,,,,,,,,,,,,,,
https://www.properstar.fr/annonce/100619747,maison,"Maison à vendre à Tunis, Tunisie",Maison • 6 pce(s) • 5 chambres • 5 sdb • 370 m² • réf: VM1195-HAMMAMET,Tunis,557 134 €,36.806495,10.181532,6,,5,5,6,,2,370 m²,,,1.0,,Maison,,1,726 m²,,,Gaz,,,,,,,,,,,,,,,,,,,,,,,,,,,,,,
https://www.properstar.fr/annonce/82137145,maison,MAISON A RENOVER FRONT MER HAMMAM LIF,Maison • 490 m² • réf: 7290946,Hammam Lif,111 197 €,36.723072,10.344176,,,,,,,,490 m²,,490 m²,,,Maison,,,,,Rénovation nécessaire,,,,,Standard,Individuel,Drainage principal,,,,,,,,,,,,,,,,,,,,,,,,
https://www.properstar.fr/annonce/84336245,maison,VILLA DE CHARME SPACIEUSE A HAMMAMET NORD,Villa • 8 pce(s) • 650 m² • Rez-de-chaussée • réf: 7595935,Hammamet,1 316 806 €,36.407257,10.622471,8,,,,,,,650 m²,,1659 m²,1.0,,Maison,,,,,Neuf,"Chauffage central, Individuel, Gaz",1.0,,1.0,Luxe,"Chaudière, Individuel",Drainage principal,,,1.0,,,,,,,,,,,,,,,,,,,,,
https://www.properstar.fr/annonce/90010342,maison,"Maison à vendre à Bembla, Tunisie",Villa • 7 pce(s) • 3 chambres • 2 sdb • 400 m² • réf: 1048037003-26,Bembla,0,35.681971,10.766163,7,,3,2,2,,2,400 m²,,400 m²,,1.0,Maison,2022,,,1.0,,,1.0,1.0,,,,,1.0,,,,,1.0,1.0,1.0,,1.0,,,,,,,,,,,,,,
https://www.properstar.fr/annonce/95242296,maison,"Maison à vendre à Djerba Midoun, Tunisie",Villa • 5 pce(s) • 4 chambres • 3 sdb • 620 m² • 1er étage • réf: 1048030007-91,Djerba Midoun,222 394 €,33.775472,10.958095,5,1,4,3,3,,3,620 m²,620 m²,620 m²,1.0,1.0,Maison,2022,,,1.0,,,1.0,,,,,,1.0,,,,,,1.0,,,,,,,,,,,,,,,,,
https://www.properstar.fr/annonce/103697715,maison,"Maison à vendre à Jardins de Carthage, Tunisie",Villa • 7 pce(s) • 5 chambres • 6 sdb • 725 m² • réf: 1048004031-77,Jardins De Carthage,842 756 €,36.852462,10.296473,7,2,5,6,7,,2,725 m²,725 m²,725 m²,1.0,,Maison,2018,,,,,,1.0,,,,,,,,,,,,,1.0,,,,,,,,,,,,,,,,
https://www.properstar.fr/annonce/99398885,maison,Golf résidence villa Aphrodite 30 isolée Boulevard Meninx Tunis Bay,Villa • 7 pce(s) • 386 m² • 1er étage • réf: 2722870,Gammarth,329 495 €,36.917304,10.285253,7,1,,,,,,386 m²,,386 m²,1.0,,Maison,2018,,,,Neuf,"Chauffage central, Individuel, Gaz",1.0,,1.0,Luxe,"Solaire, Individuel",Station d'épuration,1.0,,1.0,1.0,,,1.0,,,,,,,,,,,,,,,,,
https://www.properstar.fr/annonce/99399022,maison,VILLA JUMELLE À KHEZAMA,Villa • 9 pce(s) • 400 m² • Rez-de-chaussée • réf: 3013083,Sousse,254 582 €,35.824503,10.634584,9,1,,,,,,400 m²,,300 m²,,,Maison,1988,,,,Excellente condition,"Chauffage central, Individuel, Eau chaude",1.0,1.0,1.0,,"Chaudière, Individuel",Drainage principal,,,1.0,,,,,,,1.0,,,,,,,,,,,,,,
https://www.properstar.fr/annonce/95242296,maison,"Maison à vendre à Djerba Midoun, Tunisie",Villa • 5 pce(s) • 4 chambres • 3 sdb • 620 m² • 1er étage • réf: 1048030007-91,Djerba Midoun,222 394 €,33.775472,10.958095,5,1,4,3,3,,3,620 m²,620 m²,620 m²,1.0,1.0,Maison,2022,,,1.0,,,1.0,,,,,,1.0,,,,,,1.0,,,,,,,,,,,,,,,,,
https://www.properstar.fr/annonce/100700047,maison,"Maison à vendre à Mornag, Tunisie",Villa • 12 pce(s) • 8 chambres • 7 sdb • 535 m² • réf: 1048004051-11,Mornag,380 411 €,36.68529,10.288058,12,5,8,7,7,,6,535 m²,,535 m²,1.0,,Maison,2022,,,,,,,,,,,,1.0,,,,,,,,,,,,,,,,,,,,,,,
https://www.properstar.fr/annonce/99398885,maison,Golf résidence villa Aphrodite 30 isolée Boulevard Meninx Tunis Bay,Villa • 7 pce(s) • 386 m² • 1er étage • réf: 2722870,Gammarth,329 495 €,36.917304,10.285253,7,1,,,,,,386 m²,,386 m²,1.0,,Maison,2018,,,,Neuf,"Chauffage central, Individuel, Gaz",1.0,,1.0,Luxe,"Solaire, Individuel",Station d'épuration,1.0,,1.0,1.0,,,1.0,,,,,,,,,,,,,,,,,
https://www.properstar.fr/annonce/99399022,maison,VILLA JUMELLE À KHEZAMA,Villa • 9 pce(s) • 400 m² • Rez-de-chaussée • réf: 3013083,Sousse,254 582 €,35.824503,10.634584,9,1,,,,,,400 m²,,300 m²,,,Maison,1988,,,,Excellente condition,"Chauffage central, Individuel, Eau chaude",1.0,1.0,1.0,,"Chaudière, Individuel",Drainage principal,,,1.0,,,,,,,1.0,,,,,,,,,,,,,,
https://www.properstar.fr/annonce/99399125,maison,"Maison à vendre à Gammarth, Tunisie",Maison jumelle • 270 m² • réf: 4521469,Gammarth,994 920 €,36.917304,10.285253,,,,,,,,270 m²,,,1.0,,,,,,,,,1.0,1.0,1.0,,,,1.0,,,1.0,,,1.0,,1.0,1.0,,,,,,1.0,,,,,,,,
https://www.properstar.fr/annonce/99399165,maison,VENTE Villa à Narjess,Villa • 650 m² • réf: 83388930,Sousse,699 253 €,35.824503,10.634584,,,,,,,,650 m²,,1000 m²,,,Maison,,,,,Excellente condition,Radiateur,1.0,,1.0,Très luxueux,Individuel,,,,1.0,1.0,,,,,,1.0,,,,,,,,,,,,,,
https://www.properstar.fr/annonce/100128991,maison,"Maison à vendre à Houmt Souk, Tunisie",Maison individuelle • 9 pce(s) • 3 chambres • 2 sdb • 500 m² • réf: 1048030010-61,Houmt Souk,114 123 €,33.875969,10.857283,9,,3,2,2,,1,500 m²,500 m²,500 m²,,,Maison,2024,,,,,,,,,,,,,,,,,,,,,,,,,,,,,,,,,,,
https://www.properstar.fr/annonce/96856349,maison,Villa La Playa HAMMAMET NABEUL,Propriété • 5 pce(s) • 450 m² • Plain pied • réf: 6630282,Hammamet,0,36.407257,10.622471,5,,,,,,,450 m²,,1000 m²,,,Maison,,,,,Neuf,"Chauffage central, Individuel, Gaz",1.0,1.0,1.0,Très luxueux,Individuel,Drainage principal,1.0,,1.0,1.0,,,1.0,,,,,,,,,,,,,,,,,
https://www.properstar.fr/annonce/102436516,maison,"Maison à vendre à Hammamet, Tunisie",Maison • 4 pce(s) • 3 chambres • 2 sdb • 205 m² • réf: VM1867-HAMMAMET,Hammamet,204 282 €,36.407257,10.622471,4,,3,2,,,,205 m²,,,1.0,1.0,Maison,,2,245 m²,1.0,Neuf,Gaz,,,,,,,,,,,,,,,,,,,,,,,,,,,,,,
https://www.properstar.fr/annonce/91038740,maison,"Maison à vendre à Hammamet, Tunisie",Maison • 4 pce(s) • 3 chambres • 3 sdb • 195 m² • réf: VM1167-HAMMAMET,Hammamet,340 470 €,36.407257,10.622471,4,,3,3,4,,1,195 m²,,,1.0,1.0,Maison,,,216 m²,,Neuf,Gaz,,,,,,,,,,,,,,,,,,,,,,,,,,,,,,
https://www.properstar.fr/annonce/103761536,maison,"Maison à vendre à Beni Khiar, Tunisie",Villa • 4 pce(s) • 3 chambres • 2 sdb • 193 m² • réf: 1048042017-50,Beni Khiar,160 943 €,36.459621,10.783083,4,3,3,2,2,3,,193 m²,193 m²,193 m²,,1.0,Maison,2018,,,1.0,,,1.0,,,,,,,,,,,,,,,,,,,,,,,,,,,,,
https://www.properstar.fr/annonce/90681983,maison,"Maison à vendre à Djerba - Midoun, Tunisie",Villa • 6 pce(s) • 3 chambres • 2 sdb • 1132 m² • 21ème étage • réf: 1048030008-56,Arkou,168 259 €,33.784957,11.006138,6,,3,2,2,,,1132 m²,1132 m²,1132 m²,1.0,1.0,Maison,2022,,,,,,1.0,1.0,,,,,1.0,,,,,,1.0,,,,,,,,,,,,,,,,,
https://www.properstar.fr/annonce/97303172,maison,Une villa d'architecture moderne a vendre Hammamet,Villa • 5 pce(s) • 280 m² • Rez-de-chaussée • réf: 84705547,Hammamet,247 267 €,36.407257,10.622471,5,,,,,,,280 m²,,345 m²,1.0,,Maison,,,,,Neuf,"Chauffage central, Individuel, Gaz",1.0,,1.0,Luxe,"Chaudière, Individuel",,1.0,,,,,,,,,,,,,,,,,,,,,,,
https://www.properstar.fr/annonce/92888308,maison,VILLA A VENDRE HAMMAMET NORD,Villa • 6 pce(s) • 500 m² • Rez-de-chaussée • réf: 83438102,Gafsa,0,34.43114,8.775656,6,,,,,,,500 m²,,1000 m²,1.0,,Maison,,,,,Excellente condition,"Air conditionné, Individuel, Gaz",1.0,1.0,1.0,,"Chaudière, Individuel",Drainage principal,,,,,,,,,,,,,,,,,,,,,,,,
https://www.properstar.fr/annonce/99398804,maison,Vente Superbe Villa à Teboulba,Maison • 5 pce(s) • 600 m² • Rez-de-chaussée • réf: 84311805,Tabulbah,169 722 €,35.64396,10.946794,5,,,,,,,600 m²,,340 m²,,,Maison,,,,,Excellente condition,"Radiateur, Individuel, Electrique",1.0,,1.0,Luxe,"Réservoir à eau chaude, Individuel",Drainage principal,,,,,,,,,,,,,,,,,,,,,,,,
https://www.properstar.fr/annonce/99399047,maison,Programme Neuf : Vente de Maisons et Villas de Style Bungalow avec Vue Panoramique sur la Mer,Villa • 4 pce(s) • 156 m² • Plain pied • réf: 1575819,Tabarka,39 538 €,36.948275,8.74261,4,,,,,,,156 m²,,200 m²,1.0,,Maison,2000,,,,Rénovation nécessaire,"Radiateur, Individuel, Gaz",1.0,1.0,1.0,Standard,"Chaudière, Individuel",Drainage principal,,,,1.0,,,1.0,1.0,1.0,1.0,,,,,,1.0,,,,,,,,
https://www.properstar.fr/annonce/99399087,maison,Bungalow les pieds dans l'eau dans un domaine privé,Maison jumelle • réf: 8049915,Nabeul,0,36.451289,10.735663,,,,,,,,,,,1.0,,,,,,,,,1.0,,,,,,1.0,,,,,,1.0,,1.0,,1.0,,,,,1.0,1.0,,,,,,,
https://www.properstar.fr/annonce/99399201,maison,À Vendre : Spacieuse Villa Indépendante à Sahloul 3,Villa • 5 pce(s) • 360 m² • Plain pied • réf: 83732603,Sousse,409 673 €,35.824503,10.634584,5,,,,,,,360 m²,,403 m²,,,Maison,,,,,Rénovation nécessaire,"Radiateur, Individuel",1.0,,1.0,,"Chaudière, Individuel",Drainage principal,1.0,,1.0,1.0,,,,,,,,,,,,,,,,,,,,
https://www.properstar.fr/annonce/101374774,maison,"Maison à vendre à Mellita, Tunisie",Villa • 4 pce(s) • 3 chambres • 2 sdb • 392 m² • réf: 1048030017-216,Mellita,0,33.863744,10.802826,4,,3,2,2,,,392 m²,,392 m²,,,,,,,,,,,,,,,,,,,,,,,,,,,,,,,,,,,,,,,
https://www.properstar.fr/annonce/103147750,maison,"Maison à vendre à Ariana, Tunisie",Villa • 878 m² • 1er étage • réf: 1048044001-187,Ariana,380 411 €,36.866537,10.164723,,2,,,,,,878 m²,,878 m²,,1.0,Maison,1995,,,1.0,,,,,,,,,,,,,,,,,,,,,,,,,,,,,,,,
https://www.properstar.fr/annonce/102565216,maison,Luxueuse et calme villa à la Soukra,Villa • 6 pce(s) • 5 chambres • 197 m² • réf: 5191531,La Soukra,231 020 €,36.885888,10.248797,6,2,5,,,,,197 m²,,250 m²,,,Maison,,,,,Excellente condition,Chauffage central,,,,,Individuel,,,,,,,,,,,,,,,,,,,,,,,,,
https://www.properstar.fr/annonce/102565270,maison,Maison indépendante a Akouda,Maison • 6 pce(s) • 220 m² • Rez-de-chaussée • réf: 1619902,Akouda,190 205 €,35.87467,10.57181,6,,,,,,,220 m²,,420 m²,,,Maison,,,,,Bonne condition,"Chauffage central, Individuel, Gaz",,,1.0,Standard,"Chaudière, Individuel",Drainage principal,,,,,,,1.0,,,,,,,,,,,,,,,,,
https://www.properstar.fr/annonce/102565500,maison,Villa S+5 indépendante avec jardin - En vente,Villa • 7 pce(s) • 367 m² • réf: 7912675,Sousse,225 320 €,35.834273,10.624582,7,,,,,,,367 m²,,717 m²,,,Maison,,,,,Excellente condition,"Air conditionné, Individuel",,,,Standard,"Chaudière, Individuel",,,,,,,,,,,,,,,,,,,,,,,,,
https://www.properstar.fr/annonce/100669572,maison,"Maison à vendre à Hammamet, Tunisie",Villa • 6 pce(s) • 5 chambres • 4 sdb • 922 m² • réf: 1048015030-65,Hammamet,289 697 €,36.407257,10.622471,6,,5,4,2,,,922 m²,380 m²,922 m²,1.0,1.0,,,,,1.0,,,,,,,,,,,,,,,,,,,,,,,,,,,,,,,,
https://www.properstar.fr/annonce/100818958,maison,"Maison à vendre à Hammamet, Tunisie",Maison individuelle • 3 pce(s) • 2 chambres • 1 sdb • 420 m² • réf: 1048015030-66,Hammamet,96 566 €,36.407257,10.622471,3,1,2,1,,,,420 m²,,420 m²,,,,,,,,,,1.0,,,,,,,,,,,,,,,,,,,,,,,,,,,,,
https://www.properstar.fr/annonce/99398804,maison,Vente Superbe Villa à Teboulba,Maison • 5 pce(s) • 600 m² • Rez-de-chaussée • réf: 84311805,Tabulbah,169 722 €,35.64396,10.946794,5,,,,,,,600 m²,,340 m²,,,Maison,,,,,Excellente condition,"Radiateur, Individuel, Electrique",1.0,,1.0,Luxe,"Réservoir à eau chaude, Individuel",Drainage principal,,,,,,,,,,,,,,,,,,,,,,,,
https://www.properstar.fr/annonce/99399047,maison,Programme Neuf : Vente de Maisons et Villas de Style Bungalow avec Vue Panoramique sur la Mer,Villa • 4 pce(s) • 156 m² • Plain pied • réf: 1575819,Tabarka,39 538 €,36.948275,8.74261,4,,,,,,,156 m²,,200 m²,1.0,,Maison,2000,,,,Rénovation nécessaire,"Radiateur, Individuel, Gaz",1.0,1.0,1.0,Standard,"Chaudière, Individuel",Drainage principal,,,,1.0,,,1.0,1.0,1.0,1.0,,,,,,1.0,,,,,,,,
https://www.properstar.fr/annonce/99399087,maison,Bungalow les pieds dans l'eau dans un domaine privé,Maison jumelle • réf: 8049915,Nabeul,0,36.451289,10.735663,,,,,,,,,,,1.0,,,,,,,,,1.0,,,,,,1.0,,,,,,1.0,,1.0,,1.0,,,,,1.0,1.0,,,,,,,
https://www.properstar.fr/annonce/99399201,maison,À Vendre : Spacieuse Villa Indépendante à Sahloul 3,Villa • 5 pce(s) • 360 m² • Plain pied • réf: 83732603,Sousse,409 673 €,35.824503,10.634584,5,,,,,,,360 m²,,403 m²,,,Maison,,,,,Rénovation nécessaire,"Radiateur, Individuel",1.0,,1.0,,"Chaudière, Individuel",Drainage principal,1.0,,1.0,1.0,,,,,,,,,,,,,,,,,,,,
https://www.properstar.fr/annonce/99399281,maison,"Maison à vendre à Gammarth, Tunisie",Villa • 8 pce(s) • 460 m² • réf: 3861631,Gammarth,436 009 €,36.917304,10.285253,8,,,,,,,460 m²,,,1.0,,,,,,,,,1.0,,1.0,,,,1.0,,1.0,,,,1.0,,,,,,,,,,,,,,,,,
https://www.properstar.fr/annonce/99399447,maison,Unitée industrielle a usage de production audiovisuelle a vendre,Maison • 10 pce(s) • 1250 m² • réf: 4549882,Soliman,482 829 €,36.696621,10.493056,10,3,,,,,,1250 m²,,,,,Maison,2004,,,,Excellente condition,,,,,,,,,,,,,,,,,,,,,,,,,,,,,,,
https://www.properstar.fr/annonce/99399511,maison,Villa de luxe à Gammarth,Villa • réf: 4507330,Gammarth,904 207 €,36.917304,10.285253,,,,,,,,,,,1.0,,,,,,,,,1.0,1.0,1.0,,,,1.0,,,1.0,,,1.0,,1.0,1.0,,,,,,1.0,,,,,,,,
https://www.properstar.fr/annonce/101492894,maison,"Maison à vendre à Ariana, Tunisie",Villa • 610 m² • réf: 1048004041-22,Ariana,351 148 €,36.866537,10.164723,,,,,,,,610 m²,,610 m²,,,,,,,,,,,,,,,,,,,,,,,,,,,,,,,,,,,,,,,
https://www.properstar.fr/annonce/98348629,maison,A vendre une maison style arabesque à Hammamet,Villa • 6 pce(s) • 220 m² • Rez-de-chaussée • réf: 84953915,Hammamet,0,36.407257,10.622471,6,,,,,,,220 m²,,340 m²,,,Maison,,,,,Excellente condition,"Chauffage central, Individuel, Gaz",1.0,1.0,,,"Réservoir à eau chaude, Individuel",,,,,,,,,,,1.0,,,,,,,,,,,,,,
https://www.properstar.fr/annonce/99351109,maison,"Maison à vendre à Hammamet, Tunisie",Maison • 5 pce(s) • 4 chambres • 4 sdb • 350 m² • réf: VM1783-HAMMAMET,Hammamet,386 898 €,36.407257,10.622471,5,,4,4,5,,,350 m²,,,1.0,1.0,Maison,,2,487 m²,,Neuf,Gaz,,,,,,,,,,,,,,,,,,,,,,,,,,,,,,
https://www.properstar.fr/annonce/103761551,maison,"Maison à vendre à Houmt Souk, Tunisie",Maison individuelle • 8 pce(s) • 4 chambres • 1 sdb • 225 m² • réf: 1048042004-30,Djerba,0,33.876705,10.851833,8,1,4,1,1,,,225 m²,,225 m²,,,Maison,2025,,,,,,,1.0,,,,,,,,,,,,,,,,,,,,,,,,,,,,
https://www.properstar.fr/annonce/100282323,maison,"Maison à vendre à Hammamet, Tunisie",Maison individuelle • 3 pce(s) • 2 chambres • 1 sdb • 350 m² • réf: 1048015030-60,Hammamet,87 787 €,36.407257,10.622471,3,1,2,1,1,,,350 m²,,350 m²,1.0,1.0,Maison,2023,,,,,,,,,,,,,,,,,,,,,,,,,,,,,,,,,,,
https://www.properstar.fr/annonce/100415406,maison,"Maison à vendre à Ariana, Tunisie",Villa • 878 m² • réf: 1048005017-188,Ariana,380 411 €,36.866537,10.164723,,2,,,,,,878 m²,,878 m²,,1.0,Maison,1995,,,1.0,,,,,,,,,,,,,,,,,,,,,,,,,,,,,,,,
https://www.properstar.fr/annonce/100519823,maison,Villa de Luxe Exquise avec Piscine et Espaces Élégants,Villa • 6 pce(s) • 350 m² • Rez-de-chaussée • réf: 8073359,Sousse,452 103 €,35.824503,10.634584,6,,,,,,,350 m²,,451 m²,1.0,,Maison,2015,,,,Excellente condition,"Air conditionné, Individuel, Gaz",1.0,,1.0,,"Chaudière, Individuel",Drainage principal,,2017,1.0,,,,,,,,,,,,,,,,,,,,,
https://www.properstar.fr/annonce/100818960,maison,"Maison à vendre à Hammamet, Tunisie",Villa • 4 pce(s) • 3 chambres • 1 sdb • 850 m² • réf: 1048015030-67,Hammamet,263 361 €,36.407257,10.622471,4,1,3,1,1,,2,850 m²,,850 m²,1.0,,,,,,,,,1.0,,,,,,,,,,,,,,,,,,,,,,,,,,,,,
https://www.properstar.fr/annonce/101014123,maison,maison individuel,Villa • 6 pce(s) • 210 m² • Rez-de-chaussée • réf: 3131654,Sidi Abdelhamid,131 681 €,35.794122,10.659077,6,,,,,,,210 m²,,600 m²,,,Maison,,,,,Bonne condition,Air conditionné,,,1.0,,"Réservoir à eau chaude, Individuel",Drainage principal,,,,,,,,,,,,,,,,,,,,,,,,
https://www.properstar.fr/annonce/98817466,maison,"Maison à vendre à Korba, Tunisie",Villa • 5 chambres • 2 sdb • 474 m² • réf: 1048015019-144,Korba,181 427 €,36.580607,10.86208,,2,5,2,3,1,1,474 m²,474 m²,474 m²,,1.0,,,,,1.0,,,,,,,,,,,,,,,,,,,,,,,,,,,,,,,,
https://www.properstar.fr/annonce/99859009,maison,superbe villa moderne sur le golf de kantaoui,Villa • 9 pce(s) • 700 m² • Rez-de-chaussée • réf: 1702558,Akouda,1 446 731 €,35.915833,10.563368,9,2,,,,,,700 m²,,800 m²,1.0,,Maison,2016,,,,Neuf,"Chauffage central, Individuel, Gaz",1.0,1.0,1.0,Très luxueux,"Chaudière, Individuel",Drainage principal,1.0,2020,,1.0,,,1.0,,1.0,,,,,,,1.0,1.0,,,,,,,
https://www.properstar.fr/annonce/100016863,maison,Vente aux Enchères Immobilières – Maison Traditionnelle à Rénover à Sousse Médina,Maison villageoise • 10 pce(s) • 300 m² • Rez-de-chaussée • réf: 85152813,Sousse,19 572 €,35.824503,10.634584,10,,,,,,,300 m²,,450 m²,,,Maison,,,,,Rénovation nécessaire,,,,,,,,,,,,,,,,,,,,,,,,,,,,,,,
https://www.properstar.fr/annonce/101232336,maison,"Maison à vendre à Djerba - Midoun, Tunisie",Villa • 7 pce(s) • 5 chambres • 2 sdb • 698 m² • 1er étage • réf: 1048030007-117,Arkou,102 418 €,33.784957,11.006138,7,1,5,2,2,,2,698 m²,698 m²,698 m²,,1.0,Maison,2016,,,1.0,,,1.0,,,,,,,,,,,,,,,,,,,,,,,,,,,,,
https://www.properstar.fr/annonce/78087407,maison,"Maison à vendre à Houmt Souk, Tunisie",Villa • 5 pce(s) • 3 chambres • 2 sdb • réf: 1048030007-38,Djerba,158 017 €,33.876705,10.851833,5,,3,2,2,,,,600 m²,,,,Maison,2021,,,,,,,,,,,,,,,,,,,,,,,,,,,,,,,,,,,
https://www.properstar.fr/annonce/81304799,maison,Dar Loulou LA MEDINA HAMMAMET,Maison • 4 pce(s) • 300 m² • 2ème étage • réf: 6378451,Hammamet,552 181 €,36.407257,10.622471,4,,,,,,,300 m²,,80 m²,,,Maison,,,,,Excellente condition,"Chauffage central, Individuel, Gaz",,,,,"Chaudière, Individuel",Drainage principal,,,,,,,,,,,,,,,,,,,,,,,,
https://www.properstar.fr/annonce/96366102,maison,"Maison à vendre à Kélibia, Tunisie",Villa • 3 chambres • 2 sdb • 790 m² • réf: 1048015019-109,Kélibia,201 910 €,36.84616,11.099467,,,3,2,3,,4,790 m²,790 m²,790 m²,,1.0,Maison,2000,,,,,,,,,,,,,,,,,,,,,,,,,,,,,,,,,,,
https://www.properstar.fr/annonce/98348630,maison,Une belle villa avec piscine à vendre à Hammamet Nord,Villa • 5 pce(s) • 280 m² • Rez-de-chaussée • réf: 84928995,Hammamet,0,36.407257,10.622471,5,,,,,,,280 m²,,500 m²,1.0,,Maison,,,,,Neuf,"Chauffage central, Individuel, Gaz",1.0,,1.0,Luxe,"Chaudière, Individuel",Drainage principal,1.0,,,,,,,,,,,1.0,,,,,,,,,,,,
https://www.properstar.fr/annonce/98920786,maison,"Maison à vendre à Houmt Souk, Tunisie",Villa • 4 pce(s) • 2 chambres • 1 sdb • 507 m² • réf: 1048030008-89,Djerba,106 808 €,33.876705,10.851833,4,,2,1,1,,1,507 m²,507 m²,507 m²,1.0,1.0,Maison,2014,,,,,,1.0,1.0,,,,,1.0,,,,,,1.0,,,,,,,,,,,,,,,,,
https://www.properstar.fr/annonce/99398713,maison,"Maison à vendre à Gammarth, Tunisie",Villa • 7 pce(s) • 475 m² • réf: 4507337,Gammarth,1 755 741 €,36.917304,10.285253,7,,,,,,,475 m²,,,1.0,,,,,,,,,1.0,1.0,1.0,,,,1.0,,,1.0,,,1.0,,1.0,1.0,,,,,,1.0,,,,,,,,
https://www.properstar.fr/annonce/99398726,maison,Opportunité d'Investissement Exceptionnelle : Ensemble Immobilier de 4 Appartements à Khezama Est,Maison • 320 m² • réf: 84346012,Sousse,217 010 €,35.824503,10.634584,,2,,,,,,320 m²,,320 m²,,,Maison,1999,,,,Rénovation nécessaire,,,,,Standard,"Réservoir à eau chaude, Individuel",Drainage principal,,,,,,,,,,,,,,,,,,,,,,,,
https://www.properstar.fr/annonce/99398959,maison,"Villa S3 meublée équipée vue sur la mer, le golf, l'horizon",Villa • 5 pce(s) • 156 m² • Plain pied • réf: 1625324,Tabarka,190 205 €,36.948275,8.74261,5,,,,,,,156 m²,,203 m²,1.0,,Maison,,,,,Excellente condition,"Chauffage central, Commun, Eau chaude",1.0,1.0,1.0,Luxe,"Chaudière, Individuel",Station d'épuration,1.0,2017,,1.0,,,1.0,1.0,1.0,1.0,,,,,,1.0,,,,,,,,
https://www.properstar.fr/annonce/99399086,maison,Villa indépendante,Villa • 4 pce(s) • 250 m² • Rez-de-chaussée • réf: 82706540,Sousse,155 090 €,35.824503,10.634584,4,,,,,,,250 m²,,,,,Maison,,,,,Neuf,"Air conditionné, Commun, Gaz",1.0,,1.0,Standard,"Chaudière, Individuel",Drainage principal,,,1.0,,,,,,,,,,,,,,,,,,,,,
https://www.properstar.fr/annonce/99399110,maison,Villa Indépendante de 619 M2,Villa • 7 pce(s) • 400 m² • réf: 1624313,El Menzah 7,391 471 €,36.852495,10.157721,7,,,,,,,400 m²,,640 m²,,,Maison,,,,,Excellente condition,"Chauffage central, Individuel, Gaz",,,1.0,,"Chaudière, Individuel",Drainage principal,,,,,,,,,,,,,,,,,,,,,,,,
https://www.properstar.fr/annonce/99399149,maison,Villa de Style Américain à Vendre au Golf Résidence de Gammarth,Villa • 4 pce(s) • 2 chambres • 325 m² • réf: 5473140,Marsa,847 694 €,36.889117,10.322267,4,,2,,,,,325 m²,,1400 m²,,,Maison,,,,,Excellente condition,"Chauffage central, Individuel, Eau chaude",1.0,,1.0,Luxe,"Chaudière, Individuel",Station d'épuration,1.0,,,,,,1.0,,,,,1.0,,,,,,,,,,,,
https://www.properstar.fr/annonce/99399190,maison,Villa Djerba,Villa • 4 pce(s) • 200 m² • réf: 84859174,Aghir,153 627 €,33.765881,11.018859,4,,,,,,,200 m²,,,,,Maison,,,,,Bonne condition,,,,,,,,,,,,,,,,,,,,,,,,,,,,,,,
https://www.properstar.fr/annonce/99399239,maison,À vendre : Magnifique Villa à Khezama Ouest,Villa • 6 pce(s) • 750 m² • réf: 6112983,Sousse,409 673 €,35.824503,10.634584,6,,,,,,,750 m²,,,,,Maison,,,,,Excellente condition,Individuel,,,1.0,,Individuel,,,,1.0,,,,,,,,,,,,,,,,,,,,,
https://www.properstar.fr/annonce/99399279,maison,Villa Prestigieuse sur un Terrain de 491 m2,Villa • 5 pce(s) • 275 m² • Rez-de-chaussée • réf: 84432655,Sousse,438 935 €,35.824503,10.634584,5,1,,,,,,275 m²,,,,,Maison,2011,,,,Excellente condition,"Chauffage central, Individuel, Gaz",1.0,1.0,1.0,Luxe,"Chaudière, Individuel",Drainage principal,,,1.0,1.0,,,,,,,,,,,,,,,,,,,,
https://www.properstar.fr/annonce/99399370,maison,Villa golf isolée neuve de 410 m2 avec 4 chambres terrasse jardin piscine,Villa • 8 pce(s) • 410 m² • réf: 1875154,Gammarth,422 045 €,36.917304,10.285253,8,1,,,,,,410 m²,,528 m²,1.0,,Maison,2019,,,,Neuf,"Chauffage central, Individuel, Gaz",1.0,,1.0,Très luxueux,"Réservoir à eau chaude, Individuel",Station d'épuration,1.0,,1.0,1.0,,,1.0,,,1.0,,,,,,1.0,,,,,,,,
https://www.properstar.fr/annonce/99399446,maison,Villa de prestige à vendre pieds dans l'eau Sidi abdelhamid Sousse,Villa • 10 pce(s) • 500 m² • réf: 84444249,Sidi Abdelhamid,482 829 €,35.794122,10.659077,10,2,,,,,,500 m²,,1000 m²,,,Maison,,,,,Excellente condition,"Chauffage central, Individuel, Electrique",1.0,,1.0,Très luxueux,"Chaudière, Individuel",Drainage principal,,,,,,,,,,,,,,,,,,,,,,,,
https://www.properstar.fr/annonce/99399460,maison,À VENDRE : Appartement S+3 à Sousse (Bled El Arbi),Maison villageoise • 4 pce(s) • 180 m² • 1er étage • réf: 84097554,Sousse,67 303 €,35.824503,10.634584,4,,,,,,,180 m²,,180 m²,,,Maison,,,,,Rénovation nécessaire,"Air conditionné, Individuel, Electrique",,,,,"Chaudière, Individuel",Drainage principal,,,,,,,,,,,,,,,,,,,,,,,,
https://www.properstar.fr/annonce/99472509,maison,S+1 de 81 m2 meublé équipé situé en bord de mer d'une très belle résidence avec jardin piscine terrasse,Maison jumelée • 3 pce(s) • 81 m² • Plain pied • réf: 1600070,Tabarka,95 213 €,36.948275,8.74261,3,,,,,,,81 m²,,105 m²,1.0,,Maison,,,,,Excellente condition,"Chauffage central, Commun, Eau chaude",1.0,1.0,,Standard,"Chaudière, Individuel",Station d'épuration,1.0,,,1.0,,,1.0,,1.0,1.0,,,,,,1.0,,,,,,,,
https://www.properstar.fr/annonce/99484766,maison,A VENDRE VILLA A SOUSSE CITE RIADH 5,Villa • 3 pce(s) • Rez-de-chaussée • réf: 84104203,Sousse Riad,117 049 €,35.780449,10.630917,3,,,,,,,,,353 m²,,,Maison,,,,,Neuf,"Chauffage central, Individuel",,,1.0,,"Chaudière, Individuel",,,,1.0,,,,,,,,,,,,,,,,,,,,,
https://www.properstar.fr/annonce/99484779,maison,À Vendre : Jolie Maison de Village de Type Plain-pied en Bord de Mer,Maison villageoise • 5 pce(s) • 120 m² • Plain pied • réf: 1603680,Gammarth,117 166 €,36.917304,10.285253,5,,,,,,,120 m²,,145 m²,,,Maison,,,,,Rénovation nécessaire,Air conditionné,,,,,Individuel,,,,,,,,,,,,,,,,,,,,,,,,,
https://www.properstar.fr/annonce/102565231,maison,Villa Indépendante à Bouhsina,Villa • 9 pce(s) • 440 m² • Rez-de-chaussée • réf: 2223776,Sousse,438 935 €,35.824503,10.634584,9,2,,,,,,440 m²,,460 m²,,,Maison,,,,,Neuf,"Chauffage central, Individuel, Gaz",,,1.0,,"Chaudière, Individuel",Drainage principal,,2018,,,,,,,,,,,,,,,,,,,,,,
https://www.properstar.fr/annonce/102565284,maison,À Vendre : Maison de Campagne,Maison villageoise • 3 pce(s) • 3000 m² • réf: 3407081,Takrouna,175 574 €,36.151741,10.342772,3,2,,,,,,3000 m²,,3000 m²,,,Maison,2019,,,,Neuf,,,,1.0,Standard,"Réservoir à eau chaude, Individuel",Fosse sceptique,,,,,,,,,,,,,,,,,,,,,,,,
https://www.properstar.fr/annonce/102565437,maison,villa à vendre,Villa • 4 pce(s) • 135 m² • Rez-de-chaussée • réf: 82609863,TanTana,146 312 €,35.918751,10.576029,4,,,,,,,135 m²,,300 m²,,,Maison,,,,,Excellente condition,"Air conditionné, Individuel, Eau chaude",1.0,,1.0,,"Chaudière, Collectif",Drainage principal,,2012,1.0,,,,1.0,,,,,,,,,,,,,,,,,
https://www.properstar.fr/annonce/102565501,maison,Tunis Bay résidentiel golf villa Oceanos jumelée 4 chambres terrasse jardin piscine privee,Villa • 7 pce(s) • 279 m² • réf: 1877696,Raoued,223 272 €,36.948782,10.198343,7,1,,,,,,279 m²,,,1.0,,Maison,2017,,,,Neuf,"Chauffage central, Individuel, Gaz",1.0,,1.0,Très luxueux,"Réservoir à eau chaude, Individuel",Station d'épuration,1.0,,1.0,1.0,,,1.0,,,1.0,,,,,,1.0,,,,,,,,
https://www.properstar.fr/annonce/103200847,maison,"Maison à vendre à Tunis, Tunisie",Maison individuelle • 6 pce(s) • 4 chambres • 2 sdb • 514 m² • réf: 1048035049-20,Tunis,187 279 €,36.806495,10.181532,6,,4,2,1,,2,514 m²,190 m²,514 m²,,1.0,,,,,1.0,,,,,,,,,,,,,,,,,,1.0,,,,,,,,,,,,,,
https://www.properstar.fr/annonce/102982771,maison,"Maison à vendre à Bizerte North, Tunisie",Villa • 10 chambres • 6 sdb • 2500 m² • réf: 1048033022-20,Bizerte North,0,37.292841,9.834815,,3,10,6,6,1,,2500 m²,,2500 m²,1.0,,,,,,,,,,,,,,,1.0,,,,,,,,,,,,,,,,,,,,,,,
https://www.properstar.fr/annonce/95887874,maison,"Maison à vendre à Tunis, Tunisie",Maison • 6 pce(s) • 5 chambres • 3 sdb • 250 m² • réf: VM1572-HAMMAMET,Tunis,340 470 €,36.806495,10.181532,6,,5,3,4,,,250 m²,,,1.0,1.0,Maison,,2,,1.0,Neuf,Gaz,,,,,,,,,,,,,,,,,,,,,,,,,,,,,,
https://www.properstar.fr/annonce/96877627,maison,"Maison à vendre à Nabeul, Tunisie",Maison • 5 pce(s) • 4 chambres • 2 sdb • 200 m² • réf: VM1574-HAMMAMET,Nabeul,526 182 €,36.451289,10.735663,5,,4,2,2,,,200 m²,,,,,Maison,,,420 m²,,,Gaz,,,,,,,,,,,,,,,,,,,,,,,,,,,,,,
https://www.properstar.fr/annonce/93685100,maison,"Maison à vendre à Hammamet, Tunisie",Maison • 5 pce(s) • 4 chambres • 3 sdb • 250 m² • réf: VM1022-HAMMAMET,Hammamet,340 470 €,36.407257,10.622471,5,,4,3,4,,,250 m²,,,1.0,1.0,Maison,,2,347 m²,1.0,Neuf,Gaz,,,,,,,,,,,,,,,,,,,,,,,,,,,,,,
https://www.properstar.fr/annonce/81584857,maison,Villa arabo-moderne individuelle avec piscine HAMMAMET TUNISIE,Propriété • 5 pce(s) • 500 m² • 1er étage • réf: 6674800,Hammamet,701 419 €,36.407257,10.622471,5,,,,,,,500 m²,,2300 m²,1.0,,Maison,,,,,Bonne condition,"Chauffage central, Individuel, Gaz",1.0,1.0,1.0,,Individuel,Drainage principal,,,1.0,,,,,,,1.0,,,,,,,,,,,,,,
https://www.properstar.fr/annonce/92384499,maison,"Maison à vendre à Houmt Souk, Tunisie",Villa • 8 pce(s) • 5 chambres • 6 sdb • 783 m² • 1er étage • réf: 1048030007-85,Djerba,190 205 €,33.876705,10.851833,8,1,5,6,6,,,783 m²,783 m²,783 m²,,1.0,Maison,2013,,,,,,,,,,,,,,,,,,,,,,,,,,,,,,,,,,,
https://www.properstar.fr/annonce/93036829,maison,Maison Lavallée a vendre Grombalia,Villa • 7 pce(s) • 500 m² • Rez-de-chaussée • réf: 83547965,Grombalia,585 247 €,36.602483,10.501491,7,,,,,,,500 m²,,2500 m²,1.0,,Maison,,,,,Excellente condition,"Chauffage central, Individuel, Gaz",1.0,1.0,1.0,,"Chaudière, Individuel",Fosse sceptique,1.0,,,,,,1.0,,,1.0,,,,,,,,,,,,,,
https://www.properstar.fr/annonce/96689037,maison,,,,,,,,,,,,,,,,,,,,,,,,,,,,,,,,,,,,,,,,,,,,,,,,,,,,,,,
https://www.properstar.fr/annonce/97253521,maison,,,,,,,,,,,,,,,,,,,,,,,,,,,,,,,,,,,,,,,,,,,,,,,,,,,,,,,
https://www.properstar.fr/annonce/97996011,maison,,,,,,,,,,,,,,,,,,,,,,,,,,,,,,,,,,,,,,,,,,,,,,,,,,,,,,,
https://www.properstar.fr/annonce/93771760,maison,,,,,,,,,,,,,,,,,,,,,,,,,,,,,,,,,,,,,,,,,,,,,,,,,,,,,,,
https://www.properstar.fr/annonce/99398855,maison,A Vendre sur Raoued Plage un grand immeuble style moderne de type triplex,Maison • 15 pce(s) • 510 m² • 3ème étage • réf: 2931297,Raoued,235 697 €,36.948782,10.198343,15,2,,,,,,510 m²,,510 m²,,,Maison,,,,,Bonne condition,"Chauffage central, Gaz",1.0,,1.0,Standard,"Chaudière, Individuel",,1.0,,,,,,1.0,,,1.0,,,,,,,,,,,,,,
https://www.properstar.fr/annonce/99398895,maison,Villa golf isolée neuve de 367 m2 avec 4 chambres terrasse jardin piscine,Villa • 8 pce(s) • 367 m² • réf: 1875302,Gammarth,315 191 €,36.917304,10.285253,8,1,,,,,,367 m²,,484 m²,1.0,,Maison,2019,,,,Neuf,"Chauffage central, Individuel, Gaz",1.0,,1.0,Très luxueux,"Réservoir à eau chaude, Individuel",Station d'épuration,1.0,,1.0,1.0,,,1.0,,,1.0,,,,,,1.0,,,,,,,,
https://www.properstar.fr/annonce/99398985,maison,Villa de Luxe à Sidi Abdelhamid,Villa • 7 pce(s) • 550 m² • réf: 5294785,Sidi Abdelhamid,351 148 €,35.794122,10.659077,7,2,,,,,,550 m²,,,,,Maison,2010,,,,Bonne condition,Chauffage central,,,1.0,,,,,,,,,,,,,,,,,,,,,,,,,,,
https://www.properstar.fr/annonce/99399122,maison,Grande villa isolée neuve vue sur le golf avec 4 chambres terrasse jardin piscine,Villa • 8 pce(s) • 367 m² • réf: 1739787,Gammarth,376 080 €,36.917304,10.285253,8,1,,,,,,367 m²,,484 m²,1.0,,Maison,2019,,,,Neuf,"Chauffage central, Individuel, Gaz",1.0,,1.0,Très luxueux,"Réservoir à eau chaude, Individuel",Station d'épuration,1.0,,1.0,1.0,,,1.0,,,1.0,,,,,,1.0,,,,,,,,
https://www.properstar.fr/annonce/99399135,maison,"Maison à vendre à Gammarth, Tunisie",Maison jumelle • 6 pce(s) • 270 m² • réf: 4507339,Gammarth,904 207 €,36.917304,10.285253,6,,,,,,,270 m²,,,1.0,,,,,,,,,1.0,1.0,1.0,,,,1.0,,,1.0,,,1.0,,1.0,1.0,,,,,,1.0,,,,,,,,
https://www.properstar.fr/annonce/99399148,maison,Villa de standing à Kantaoui,Villa • 7 pce(s) • 750 m² • Rez-de-chaussée • réf: 2978451,Akouda,790 083 €,35.915833,10.563368,7,3,,,,,,750 m²,,834 m²,1.0,,Maison,1994,,,,Excellente condition,"Radiateur, Individuel, Gaz",1.0,,1.0,,"Chaudière, Individuel",Drainage principal,,,,,,,,,,1.0,,,,,,,,,,,,,,
https://www.properstar.fr/annonce/99399212,maison,"Opportunité en or pour les marchands de biens : Villa prête à être rénovée à Chott Meriem, Sousse",Villa • 4 pce(s) • 228 m² • Plain pied • réf: 7666848,Chott Meriam,186 869 €,35.933487,10.546488,4,1,,,,,,228 m²,,730 m²,,,Maison,1997,,,,Bonne condition,"Radiateur, Individuel, Gaz",1.0,,1.0,Standard,"Chaudière, Individuel",Drainage principal,,2005,1.0,,,,,,,1.0,,,1.0,,,,,,,,,,,
https://www.properstar.fr/annonce/99399315,maison,Luxueuse villa à vendre à Kantaoui - SOUSSE,Villa • 10 pce(s) • 800 m² • Jardin • réf: 6300955,Akouda,738 435 €,35.915833,10.563368,10,,,,,,,800 m²,,1400 m²,1.0,,Maison,,,,,Excellente condition,"Air conditionné, Individuel, Gaz",1.0,1.0,1.0,,"Réservoir à eau chaude, Individuel",,,,,1.0,,,,,,,,,,,,,,,,,,,,
https://www.properstar.fr/annonce/99399445,maison,"Somptueuse villa à Skanes,",Villa • 8 pce(s) • 440 m² • Rez-de-chaussée • réf: 84468388,Monastir,512 091 €,35.744713,10.788723,8,2,,,,,,440 m²,,576 m²,,,Maison,2010,,,,Excellente condition,"Radiateur, Individuel, Gaz",1.0,,1.0,,"Chaudière, Individuel",Drainage principal,,,1.0,,1.0,,,,,,,,,,,,,,,,,,,
https://www.properstar.fr/annonce/99399498,maison,"Magnifique Villa à Vendre – Kantaoui, Sousse",Villa • 6 pce(s) • 940 m² • Rez-de-chaussée • réf: 5551102,Cité Ennarjes,526 722 €,33.95322,10.018486,6,1,,,,,,940 m²,,750 m²,,,Maison,,,,,Bonne condition,Chauffage central,,,1.0,Standard,Individuel,,,,,,,,1.0,,,,,,,,,,,,,,,,,
https://www.properstar.fr/annonce/99472508,maison,S+1 de 82 m2 meublé équipé situé en bord de mer d'une très belle résidence avec jardin piscine terrasse,Maison jumelée • 3 pce(s) • 82 m² • Plain pied • réf: 1600053,Tabarka,96 388 €,36.948275,8.74261,3,,,,,,,82 m²,,107 m²,1.0,,Maison,,,,,Excellente condition,"Chauffage central, Commun, Eau chaude",1.0,1.0,1.0,Standard,"Chaudière, Individuel",Station d'épuration,1.0,,,1.0,,,1.0,1.0,1.0,1.0,,,,,,1.0,,,,,,,,
https://www.properstar.fr/annonce/99484765,maison,Ferme à Vendre à Hammamet Sud,Maison villageoise • 1 pce(s) • 850 m² • Rez-de-chaussée • réf: 84588841,Hammamet,117 049 €,36.407257,10.622471,1,,,,,,,850 m²,,850 m²,,,Maison,,,,,Bonne condition,"Air conditionné, Individuel, Electrique",,,1.0,Standard,"Réservoir à eau chaude, Individuel",Drainage principal,,,,,,,,,,,,,,,,,,,,,,,,
https://www.properstar.fr/annonce/99398688,maison,Demeure de Luxe aux Pieds dans l'Eau à Hammamet,Villa • 550 m² • réf: 83171617,Hammamet,2 411 218 €,36.407257,10.622471,,,,,,,,550 m²,,600 m²,1.0,,Maison,,,1,,Excellente condition,"Chauffage central, Individuel, Gaz",1.0,1.0,1.0,Très luxueux,"Chaudière, Individuel",Drainage principal,,,1.0,1.0,,,1.0,,,,,,,,,,,,,,,,,
https://www.properstar.fr/annonce/100282324,maison,"Maison à vendre à Kélibia, Tunisie",Villa • 10 pce(s) • 7 chambres • 3 sdb • 890 m² • réf: 1048015019-151,Kélibia,555 985 €,36.84616,11.099467,10,1,7,3,5,1,3,890 m²,760 m²,890 m²,1.0,1.0,Maison,2001,,,1.0,,,1.0,,,,,,1.0,,,,,1.0,,1.0,,,,,,,,,,,,,,,,
https://www.properstar.fr/annonce/100324444,maison,"Maison à vendre à Hammamet, Tunisie",Villa • 5 pce(s) • 4 chambres • 4 sdb • 337 m² • réf: 1048004011-231,Hammamet,289 697 €,36.407257,10.622471,5,2,4,4,4,,2,337 m²,,337 m²,1.0,1.0,,,,,1.0,,,1.0,,,,,,1.0,,,,,,,1.0,,,,,,,,,,,,,,,,
https://www.properstar.fr/annonce/101081072,maison,"Maison à vendre à Tunis, Tunisie",Villa • 1 pce(s) • 1 chambres • 1 sdb • 824 m² • réf: 1048039014-5,Les Berges Du Lac II,760 821 €,36.84522,10.272632,1,,1,1,,,,824 m²,,824 m²,,,,,,,,,,,1.0,,,,,,,,,,,,,,,,,,,,,,,,,,,,
https://www.properstar.fr/annonce/101555722,maison,"Maison à vendre à Monastir, Tunisie",Villa • 5 pce(s) • 4 chambres • 2 sdb • 250 m² • réf: 1048037001-84,Monastir,351 148 €,35.764252,10.811288,5,,4,2,2,,2,250 m²,,250 m²,,,Maison,2024,,,1.0,,,1.0,,,,,,1.0,,,,,,,,,,,,,,,,,,,,,,,
https://www.properstar.fr/annonce/102565438,maison,À Vendre - Maison avec Étage en Plein Cœur du Centre-Ville,Maison • 8 pce(s) • 1er étage • réf: 2699598,Sousse,160 943 €,35.824503,10.634584,8,,,,,,,,,,,,Maison,,,,,Rénovation nécessaire,,,,,,,,,,,,,,,,,,,,,,,,,,,,,,,
https://www.properstar.fr/annonce/102565502,maison,villa à vendre,Villa • 500 m² • Rez-de-chaussée • réf: 2982781,Sousse,219 468 €,35.824503,10.634584,,2,,,,,,500 m²,,255 m²,,,Maison,,,,,Excellente condition,"Chauffage central, Individuel, Eau chaude",1.0,1.0,1.0,,"Chaudière, Individuel",Drainage principal,,,1.0,1.0,,,,,,,,,,,,,,,,,,,,
https://www.properstar.fr/annonce/102565515,maison,villa de haut standing à Hammamet en face du théâtre de Hammamet),Maison avec appartements • 7 pce(s) • 350 m² • réf: 573653,Hammamet,351 148 €,36.407257,10.622471,7,2,,,,,,350 m²,,400 m²,,,Maison,,,,,Excellente condition,Chauffage central,,,,,,,,,,,,,,,,,,,,,,,,,,,,,,
https://www.properstar.fr/annonce/103697718,maison,"Maison à vendre à Marsa, Tunisie",Maison individuelle • 12 pce(s) • 8 chambres • 4 sdb • 761 m² • 26ème étage • réf: 1048039003-23,Marsa,409 673 €,36.889117,10.322267,12,2,8,4,4,4,3,761 m²,,761 m²,,,Maison,1982,,,,,,,,,,,,1.0,,,,,,,,,,,,,,,,,,,,,,,
https://www.properstar.fr/annonce/102601008,maison,"Maison à vendre à Djerba Midoun, Tunisie",Villa • 8 pce(s) • 4 chambres • 1530 m² • réf: 1048030008-119,Djerba Midoun,409 673 €,33.775472,10.958095,8,1,4,,,,,1530 m²,1530 m²,1530 m²,1.0,1.0,,,,,1.0,,,,,,,,,,,,,,,,,,,,,,,,,,,,,,,,
https://www.properstar.fr/annonce/81584935,maison,Villa Les Oliviers HAMMAMET SUD,Maison • 6 pce(s) • 550 m² • Plain pied • réf: 6375321,Hammamet,0,36.407257,10.622471,6,,,,,,,550 m²,,1500 m²,,,Maison,,,,,Excellente condition,"Chauffage central, Individuel, Gaz",,,,Très luxueux,"Chaudière, Individuel",Fosse sceptique,,,,,,,,,,,,,,,,,,,,,,,,
https://www.properstar.fr/annonce/89941389,maison,"Maison à vendre à Tunis, Tunisie",Villa • 10 pce(s) • 8 chambres • 2 sdb • 400 m² • réf: 1048004003-616,Tunis,415 525 €,36.806495,10.181532,10,2,8,2,2,2,,400 m²,515 m²,400 m²,,,,,,,,,,,,,,,,,,,,,,,,,,,,,,,,,,,,,,,
https://www.properstar.fr/annonce/99398894,maison,vente villa avec piscine à hammamet Sud,Villa • 7 pce(s) • 1150 m² • Plain pied • réf: 84112177,Hammamet,317 496 €,36.407257,10.622471,7,3,,,,,,1150 m²,,,1.0,,Maison,,,,,Bonne condition,"Radiateur, Individuel",1.0,,1.0,,Individuel,Drainage principal,1.0,,1.0,,,,1.0,,,1.0,,,,,,,,,,,,,,
https://www.properstar.fr/annonce/99398997,maison,,,,,,,,,,,,,,,,,,,,,,,,,,,,,,,,,,,,,,,,,,,,,,,,,,,,,,,
https://www.properstar.fr/annonce/99399004,maison,,,,,,,,,,,,,,,,,,,,,,,,,,,,,,,,,,,,,,,,,,,,,,,,,,,,,,,
https://www.properstar.fr/annonce/99399084,maison,,,,,,,,,,,,,,,,,,,,,,,,,,,,,,,,,,,,,,,,,,,,,,,,,,,,,,,
https://www.properstar.fr/annonce/99399097,maison,,,,,,,,,,,,,,,,,,,,,,,,,,,,,,,,,,,,,,,,,,,,,,,,,,,,,,,
https://www.properstar.fr/annonce/99399004,maison,Terrain constructible vue panoramique mer,Villa • 600 m² • réf: 82731661,Hammamet,587 734 €,36.407257,10.622471,,,,,,,,600 m²,,800 m²,1.0,,Maison,,,,,Neuf,"Chauffage au sol, Gaz",1.0,1.0,1.0,Très luxueux,"Chaudière, Individuel",Fosse sceptique,1.0,,,,1.0,,1.0,,1.0,,1.0,1.0,,,,,1.0,,,,,,,
https://www.properstar.fr/annonce/99399084,maison,Programme Neuf * Villas jumelées à Nabeul,Maison jumelle • réf: 8081043,Nabeul,160 943 €,36.451289,10.735663,,,,,,,,,,,1.0,,,,,,,,,1.0,,,,,,1.0,,,,,,1.0,,1.0,,1.0,,,,,1.0,1.0,,,,,,,
https://www.properstar.fr/annonce/99399097,maison,À vendre : Grande Villa de Haut Standing à El Manzah 7,Villa • 8 pce(s) • 750 m² • réf: 6075490,Ariana,468 198 €,36.866537,10.164723,8,,,,,,,750 m²,,,,,Maison,,,,,Excellente condition,,,,,,,,,,,,,,,,,,,,,,,,,,,,,,,
https://www.properstar.fr/annonce/99399147,maison,Villa de luxe à El Kantaoui,Villa • 8 pce(s) • 620 m² • Rez-de-chaussée • réf: 85004494,Sousse,874 066 €,35.824503,10.634584,8,2,,,,,,620 m²,,900 m²,,,Maison,,,,,Neuf,"Radiateur, Individuel, Gaz",1.0,1.0,1.0,Très luxueux,"Chaudière, Individuel",Drainage principal,1.0,,1.0,,,,1.0,,,1.0,,,,,,,,,,,,,,
https://www.properstar.fr/annonce/99399161,maison,Villa indépendante à khézama,Villa • 11 pce(s) • 8 chambres • 1400 m² • Rez-de-chaussée • réf: 3442082,Sousse,790 083 €,35.824503,10.634584,11,2,8,,,,,1400 m²,,1700 m²,,,Maison,2000,,,,Excellente condition,"Chauffage central, Individuel, Electrique",1.0,,1.0,Luxe,"Chaudière, Individuel",Drainage principal,,2013,1.0,1.0,,,,,,1.0,,,1.0,,,,,,,,,,,
https://www.properstar.fr/annonce/99399314,maison,IMMEUBLE A VENDRE R+4,Maison • 15 pce(s) • 518 m² • réf: 2249545,Chott Meriam,744 968 €,35.933487,10.546488,15,4,,,,,,518 m²,,,,,Maison,,,,,,"Air conditionné, Individuel",,,,,"Chaudière, Individuel",Drainage principal,,,,,,,,,,,,,,,,,,,,,,,,
https://www.properstar.fr/annonce/99399354,maison,A VENDRE Maison de charme dans la Médina de Sousse,Maison • 4 pce(s) • 200 m² • Rez-de-chaussée • réf: 83254368,Sousse,160 943 €,35.824503,10.634584,4,,,,,,,200 m²,,,,,Maison,,,,,Bonne condition,"Air conditionné, Individuel",1.0,1.0,,Luxe,"Réservoir à eau chaude, Individuel",,,,,,,,,,1.0,,,,,,,,,,,,,,,
https://www.properstar.fr/annonce/99399534,maison,,,,,,,,,,,,,,,,,,,,,,,,,,,,,,,,,,,,,,,,,,,,,,,,,,,,,,,
https://www.properstar.fr/annonce/99472507,maison,,,,,,,,,,,,,,,,,,,,,,,,,,,,,,,,,,,,,,,,,,,,,,,,,,,,,,,
https://www.properstar.fr/annonce/99978584,maison,,,,,,,,,,,,,,,,,,,,,,,,,,,,,,,,,,,,,,,,,,,,,,,,,,,,,,,
https://www.properstar.fr/annonce/97800708,maison,,,,,,,,,,,,,,,,,,,,,,,,,,,,,,,,,,,,,,,,,,,,,,,,,,,,,,,
https://www.properstar.fr/annonce/100248772,maison,"Maison à vendre à Monastir, Tunisie",Villa • 5 pce(s) • 4 chambres • 4 sdb • 350 m² • réf: 1048037018-17,Monastir,0,35.764252,10.811288,5,,4,4,1,,2,350 m²,,350 m²,1.0,1.0,Maison,2025,,,1.0,,,1.0,,,,,,1.0,,,,,1.0,1.0,,,,,,,,,,,,,,,,,
https://www.properstar.fr/annonce/100974127,maison,"Maison à vendre à Monastir, Tunisie",Villa • 7 pce(s) • 6 chambres • 4 sdb • 1426 m² • réf: 1048037001-77,Monastir,1 082 707 €,35.744713,10.788723,7,,6,4,5,,4,1426 m²,,1426 m²,1.0,1.0,,,,,1.0,,,1.0,,,,,,,,,,,1.0,,,1.0,,,,,,,,,,,,,,,
https://www.properstar.fr/annonce/102601009,maison,"Maison à vendre à Sousse, Tunisie",Villa • 13 pce(s) • 3 chambres • 1 sdb • 513 m² • 21ème étage • réf: 1048042003-12,Sousse,190 205 €,35.824503,10.634584,13,,3,1,1,,2,513 m²,513 m²,513 m²,,1.0,,,,,,,,1.0,,,,,,,,,,,,,,,,,,,,,,,,,,,,,
https://www.properstar.fr/annonce/102565233,maison,Maison indépendante a Akouda,Maison • 5 pce(s) • 810 m² • Rez-de-chaussée • réf: 966985,Akouda,351 148 €,35.87,10.57,5,,,,,,,810 m²,,,,,Maison,,,,,,,,,,Standard,"Chaudière, Individuel",Drainage principal,,,,,,,,,,,,,,,,,,,,,,,,
https://www.properstar.fr/annonce/102565426,maison,Jolie villa,Villa • 4 pce(s) • 1100 m² • réf: 2202051,Chott Meriam,365 779 €,35.933487,10.546488,4,,,,,,,1100 m²,,,,,Maison,,,,,Bonne condition,,,,,,"Chaudière, Individuel",,,,,,,,,,,,,,,,,,,,,,,,,
https://www.properstar.fr/annonce/103113859,maison,"Maison à vendre à Gammarth, Tunisie",Villa • 6 pce(s) • 4 chambres • 4 sdb • 492 m² • réf: 1048033016-18,Gammarth,0,36.917304,10.285253,6,2,4,4,2,,2,492 m²,492 m²,492 m²,1.0,1.0,Maison,2021,,,1.0,,,,,,,,,1.0,,,,,,,,,,,,,,,,,,,,,,,
https://www.properstar.fr/annonce/103147766,maison,,,,,,,,,,,,,,,,,,,,,,,,,,,,,,,,,,,,,,,,,,,,,,,,,,,,,,,
https://www.properstar.fr/annonce/103152340,maison,,,,,,,,,,,,,,,,,,,,,,,,,,,,,,,,,,,,,,,,,,,,,,,,,,,,,,,
https://www.properstar.fr/annonce/103147766,maison,,,,,,,,,,,,,,,,,,,,,,,,,,,,,,,,,,,,,,,,,,,,,,,,,,,,,,,
https://www.properstar.fr/annonce/103152340,maison,,,,,,,,,,,,,,,,,,,,,,,,,,,,,,,,,,,,,,,,,,,,,,,,,,,,,,,
https://www.properstar.fr/annonce/103256626,maison,"Maison à vendre à Ariana, Tunisie",Maison jumelle • 7 pce(s) • 5 chambres • 3 sdb • 469 m² • réf: 1048015047-9,Ariana,365 779 €,36.866537,10.164723,7,,5,3,2,,,469 m²,469 m²,469 m²,,1.0,,,,,1.0,,,1.0,,,,,,1.0,,,,,,1.0,,,,,,,,,,,,,,,,,
https://www.properstar.fr/annonce/93817452,maison,"Maison à vendre à Houmt Souk, Tunisie",Villa • 6 pce(s) • 2 chambres • 2 sdb • réf: 1048030010-40,Djerba,106 808 €,33.876705,10.851833,6,,2,2,2,,,,,,,,,,,,,,,,1.0,,,,,,,,,,,,,,,,,,,,,,,,,,,,
https://www.properstar.fr/annonce/103487026,maison,"Maison à vendre à Ariana, Tunisie",Villa • 6 pce(s) • 6 chambres • 1 sdb • 473 m² • réf: 1048033016-34,Ariana,0,36.866537,10.164723,6,,6,1,2,,2,473 m²,473 m²,473 m²,,1.0,,,,,1.0,,,,,,,,,1.0,,,,,,1.0,,,,,,,,,,,,,,,,,
https://www.properstar.fr/annonce/103404353,maison,Vente Étages de Villa à Ksibet Sousse,Maison • 3 pce(s) • 3 chambres • 160 m² • 1er étage • réf: 83211908,Ksibet Sousse,82 169 €,35.753969,10.625286,3,1,3,,,,,160 m²,,240 m²,,,Maison,,,,1.0,Bonne condition,,,,1.0,,Individuel,Drainage principal,,,,,,,,,,,,,,,,,,,,,,,,
https://www.properstar.fr/annonce/103499449,maison,Villa familiale en vente - 870 m² sur 3 étages,Villa • 10 pce(s) • 870 m² • Rez-de-chaussée • réf: 85417491,Sousse,453 566 €,35.824503,10.634584,10,,,,,,,870 m²,,470 m²,1.0,,Maison,,,,,Neuf,"Radiateur, Individuel, Electrique",1.0,,1.0,,"Chaudière, Individuel",Drainage principal,1.0,,1.0,1.0,,,1.0,,,1.0,1.0,,,,,,,,,,,,,
https://www.properstar.fr/annonce/103618710,maison,"Maison à vendre à Sidi Thabet, Tunisie",Villa • 7 pce(s) • 4 chambres • 4 sdb • 4700 m² • réf: 1048015050-11,Sidi Thabet,585 247 €,36.924507,10.047155,7,,4,4,4,,4,4700 m²,,4700 m²,1.0,1.0,Maison,2015,,,,,,,,,,,,1.0,,,,,,,,,,,,,,,,,,,,,,,
https://www.properstar.fr/annonce/103697719,maison,"Maison à vendre à Hammamet, Tunisie",Villa • 6 pce(s) • 5 chambres • 4 sdb • 840 m² • réf: 1048015030-74,Hammamet,468 198 €,36.407257,10.622471,6,2,5,4,4,,2,840 m²,900 m²,840 m²,1.0,1.0,Maison,2017,,,1.0,,,1.0,,,,,,1.0,,,,,,,,,1.0,,,,,,,,,,,,,,
https://www.properstar.fr/annonce/103697720,maison,"Maison à vendre à Korba, Tunisie",Villa • 8 pce(s) • 7 chambres • 3 sdb • 480 m² • réf: 1048015050-14,Korba,219 468 €,36.580607,10.86208,8,,7,3,4,,,480 m²,,480 m²,,1.0,,,,,1.0,,,,,,,,,,,,,,,,,,,,,,,,,,,,,,,,
https://www.properstar.fr/annonce/97665173,maison,"Villa de Maitre pieds dans l'eau à vendre à Site archéologique de Carthage, Tunisie",Villa • 9 pce(s) • 6 chambres • 5 sdb • 500 m²,Site archéologique de Carthage,0,36.862564,10.332359,9,,6,5,2,,,500 m²,750 m²,,,,,,7,1,,,,1.0,1.0,,,,,1.0,,1.0,,,1.0,1.0,1.0,,1.0,,1.0,1.0,,,,,1.0,,,,,,
https://www.properstar.fr/annonce/81427590,maison,VILLA ELOUNDA A VENDRE HAMMAMET,Villa • 5 pce(s) • 265 m² • Rez-de-chaussée • réf: 7207667,Hammamet,380 411 €,36.407257,10.622471,5,,,,,,,265 m²,,500 m²,1.0,,Maison,,,,,Neuf,"Chauffage central, Individuel, Gaz",1.0,,1.0,Luxe,"Chaudière, Individuel",Fosse sceptique,,,1.0,,,,,,,,,,,,,,,,,,,,,
https://www.properstar.fr/annonce/81553613,maison,VILLA KELIBIA A VENDRE EL MANSOURA TUNISIE,Villa • 5 pce(s) • 450 m² • 1er étage • réf: 6766804,Kélibia,0,36.84616,11.099467,5,,,,,,,450 m²,,798 m²,1.0,,Maison,,,,,Excellente condition,"Chauffage central, Individuel, Gaz",1.0,1.0,,,Individuel,Drainage principal,1.0,,1.0,,,,1.0,,,1.0,,,,,,,,,,,,,,
https://www.properstar.fr/annonce/82518266,maison,"Belle demeure de Charme Sanhaja, Manouba",Villa • 8 pce(s) • 6000 m² • Plain pied • réf: 7316551,Tunis,0,36.806495,10.181532,8,,,,,,,6000 m²,,2.37 ha (23708 m²),1.0,,Maison,,,,,Excellente condition,"Chauffage au sol, Individuel, Gaz",1.0,1.0,1.0,Très luxueux,"Chaudière, Individuel",Fosse sceptique,1.0,,1.0,1.0,,,1.0,,,1.0,,,,,,,,,,,,,,
https://www.properstar.fr/annonce/84322867,maison,VILLA MODERNE A VENDRE AVEC PISCINE HAMMAMET NORD,Villa • 5 pce(s) • 340 m² • Rez-de-chaussée • réf: 7593653,Hammamet,0,36.407257,10.622471,5,,,,,,,340 m²,,311 m²,1.0,,Maison,,,,,Excellente condition,"Chauffage central, Individuel, Gaz",1.0,,1.0,Luxe,"Chaudière, Individuel",Drainage principal,,,1.0,,,,,,,,,,,,,,,,,,,,,
https://www.properstar.fr/annonce/97510923,maison,"Maison à vendre à Djerba - Midoun, Tunisie",Villa • 6 pce(s) • 3 chambres • 2 sdb • 519 m² • réf: 1048030008-84,Temlel,131 681 €,33.800489,11.017446,6,1,3,2,2,,1,519 m²,519 m²,519 m²,1.0,1.0,Maison,2018,,,1.0,,,1.0,1.0,,,,,1.0,,,,,,,,,1.0,,,,,,,,,,,,,,
https://www.properstar.fr/annonce/100180769,maison,Splendide villa a vendre,Villa • 10 pce(s) • 1100 m² • Rez-de-chaussée • réf: 85161457,Bizerte South,936 395 €,37.265216,9.656409,10,,,,,,,1100 m²,,1.53 ha (15300 m²),,,Maison,,,,,Excellente condition,"Chauffage central, Individuel, Solaire",,,,Standard,"Solaire, Individuel",Drainage principal,,,,,,,,,,,,,,,,,,,,,,,,
https://www.properstar.fr/annonce/101492889,maison,"Maison à vendre à Djerba Midoun, Tunisie",Villa • 5 pce(s) • 4 chambres • 3 sdb • 610 m² • réf: 1048030017-222,Djerba Midoun,204 836 €,33.775472,10.958095,5,,4,3,3,,,610 m²,,610 m²,1.0,,,,,,,,,1.0,,,,,,1.0,,,,,,1.0,,,,,,,,,,,,,,,,,
https://www.properstar.fr/annonce/101754080,maison,"Maison à vendre à Tozeur, Tunisie",Villa • 5 pce(s) • 4 chambres • 2 sdb • 800 m² • réf: 1048026001-205,Tozeur,234 099 €,33.918534,8.122933,5,1,4,2,,,1,800 m²,,800 m²,,,Maison,2019,,,,,,,,,,,,,,,,,,,,,,,,,,,,,,,,,,,
https://www.properstar.fr/annonce/97911720,maison,"Maison à vendre à Djerba Midun, Tunisie",Villa • 4 pce(s) • 3 chambres • 2 sdb • réf: 1048030017-198,Djerba Midun,108 271 €,33.821572,10.997658,4,,3,2,2,,,,350 m²,,,1.0,,,,,,,,,,,,,,,,,,,,,,,,,,,,,,,,,,,,,
https://www.properstar.fr/annonce/101222509,maison,"Spacieuse Villa à Vendre : Confort et Tranquillité sur 3 Niveaux (Sahloul, Sousse)",Villa • 8 pce(s) • 490 m² • Rez-de-chaussée • réf: 85309718,Sousse,269 214 €,35.824503,10.634584,8,,,,,,,490 m²,,,,,Maison,,,,,Bonne condition,"Air conditionné, Individuel",1.0,,,Standard,"Chaudière, Individuel",,,,,,,,,,,,,,,,,,,,,,,,,
https://www.properstar.fr/annonce/102565157,maison,À Vendre : Maison Traditionnelle au Cœur de Hergla,Maison mitoyenne • 9 pce(s) • 2ème étage • réf: 2287977,Hergla,131 681 €,36.031411,10.504303,9,2,,,,,,,,550 m²,,,Maison,,,,,Bonne condition,"Chauffage central, Individuel, Gaz",1.0,,,,"Réservoir à eau chaude, Individuel",,,,1.0,,,,,,,,,,,,,,,,,,,,,
https://www.properstar.fr/annonce/101434696,maison,,,,,,,,,,,,,,,,,,,,,,,,,,,,,,,,,,,,,,,,,,,,,,,,,,,,,,,
https://www.properstar.fr/annonce/102874851,maison,,,,,,,,,,,,,,,,,,,,,,,,,,,,,,,,,,,,,,,,,,,,,,,,,,,,,,,
https://www.properstar.fr/annonce/102666487,maison,,,,,,,,,,,,,,,,,,,,,,,,,,,,,,,,,,,,,,,,,,,,,,,,,,,,,,,
https://www.properstar.fr/annonce/99398699,maison,,,,,,,,,,,,,,,,,,,,,,,,,,,,,,,,,,,,,,,,,,,,,,,,,,,,,,,
https://www.properstar.fr/annonce/99398893,maison,Golf résidence villa Aphrodite 63 isolée Boulevard Meninx Tunis Bay,Villa • 7 pce(s) • 344 m² • 1er étage • réf: 2764637,Gammarth,317 869 €,36.917304,10.285253,7,1,,,,,,344 m²,,344 m²,1.0,,Maison,2018,,,,Neuf,"Chauffage central, Individuel, Gaz",1.0,,1.0,Luxe,"Solaire, Individuel",Station d'épuration,1.0,,1.0,1.0,,,1.0,,,,,,,,,,,,,,,,,
https://www.properstar.fr/annonce/99398903,maison,Bien d''exception grande et splendide demeure,Propriété • 10 pce(s) • 1500 m² • Rez-de-chaussée • réf: 84435234,Bizerte South,663 085 €,37.265216,9.656409,10,,,,,,,1500 m²,,3.5 ha (35000 m²),1.0,,Maison,,,,,Excellente condition,"Radiateur, Individuel, Electrique",1.0,1.0,1.0,Très luxueux,"Chaudière, Collectif",Drainage principal,1.0,,1.0,1.0,,,1.0,1.0,,1.0,,,,,,,,,,,,,,
https://www.properstar.fr/annonce/99399016,maison,"À vendre : Somptueuse Demeure à Vendre à Ouerdenine, Monastir",Villa • 240 m² • réf: 83199428,Ouardanine,289 346 €,35.70871,10.678794,,,,,,,,240 m²,,340 m²,,,,,,,,,,1.0,1.0,1.0,,,,1.0,,1.0,,,,,,,1.0,,,,,,,,,,,,,,
https://www.properstar.fr/annonce/99399209,maison,Ensemble immobilier à vendre à sahloul 3,Maison • 9 pce(s) • 1er étage • réf: 84328292,Sousse,190 205 €,35.824503,10.634584,9,,,,,,,,,250 m²,,,Maison,,,,,Rénovation nécessaire,"Chauffage central, Individuel",,,1.0,Standard,Individuel,Drainage principal,,,,,,,,,,,,,,,,,,,,,,,,
https://www.properstar.fr/annonce/99484596,maison,A VENDRE Maison de charme dans la Médina de Sousse,Villa • 5 pce(s) • 160 m² • 1er étage • réf: 83457596,Sousse,87 787 €,35.824503,10.634584,5,,,,,,,160 m²,,,,,Maison,,,,,Bonne condition,"Air conditionné, Individuel",1.0,,,,"Réservoir à eau chaude, Individuel",,,,,,,,,,,,,,,,,,,,,,,,,
https://www.properstar.fr/annonce/99731489,maison,Etage de villa a chatt mariem,Villa • 5 pce(s) • 190 m² • Rez-de-chaussée • réf: 85132560,TanTana,134 607 €,35.918751,10.576029,5,,,,,,,190 m²,,200 m²,,,Maison,,,,,Excellente condition,"Radiateur, Individuel, Electrique",,,1.0,Luxe,"Chaudière, Individuel",Drainage principal,,,,,,,,,,,,,,,,,,,,,,,,
https://www.properstar.fr/annonce/100790430,maison,"Maison à vendre à Djerba Midun, Tunisie",Villa • 7029 m² • réf: 1048030017-205,Djerba Midun,0,33.821572,10.997658,,,,,,,,7029 m²,192 m²,7029 m²,,1.0,,,,,,,,,,,,,,,,,,,,,,,,,,,,,,,,,,,,,
https://www.properstar.fr/annonce/81304791,maison,VILLA DE LUXE A VENDRE HAMMAMET SUD TUNISIE,Villa • 6 pce(s) • 650 m² • 1er étage • réf: 6755924,Hammamet,1 155 863 €,36.407257,10.622471,6,,,,,,,650 m²,,2.6 ha (26000 m²),1.0,,Maison,,,,,Excellente condition,"Chauffage central, Individuel, Gaz",1.0,1.0,,Très luxueux,"Chaudière, Individuel",Fosse sceptique,1.0,,1.0,,,,1.0,,,,,1.0,,,,,,,,,,,,
https://www.properstar.fr/annonce/81553614,maison,Maison Les Jarres Hammamet Nord,Maison • 7 pce(s) • 550 m² • 1er étage • réf: 6375279,Hammamet,673 034 €,36.407257,10.622471,7,2,,,,,,550 m²,,1437 m²,,,Maison,2019,,,,Neuf,"Chauffage central, Individuel, Gaz",,,,Luxe,"Chaudière, Individuel",Fosse sceptique,,,,,,,,,,,,,,,,,,,,,,,,
https://www.properstar.fr/annonce/95008779,maison,Maison Bleue HAMMAMET NORD,Maison • 6 pce(s) • 1700 m² • Plain pied • réf: 84114946,Hammamet,0,36.407257,10.622471,6,,,,,,,1700 m²,,300 m²,,,Maison,,,,,Neuf,"Air conditionné, Individuel, Gaz",1.0,1.0,1.0,Très luxueux,"Chaudière, Individuel",Drainage principal,,,,,,,,,,,,,,,,,,,,,,,,
https://www.properstar.fr/annonce/103113862,maison,"Maison à vendre à Gammarth, Tunisie",Villa • 6 pce(s) • 3 chambres • 1 sdb • 330 m² • réf: 1048004057-11,Gammarth,526 722 €,36.917304,10.285253,6,,3,1,2,,1,330 m²,340 m²,330 m²,1.0,,,,,1,1.0,,,1.0,,,,,,1.0,,,,,1.0,1.0,1.0,1.0,,,,,,,,1.0,,1.0,,,,,
https://www.properstar.fr/annonce/103346655,maison,"Maison à vendre à Djerba Midoun, Tunisie",Maison jumelle • 8 pce(s) • 5 chambres • 2 sdb • 812 m² • réf: 1048030008-129,Djerba Midoun,93 640 €,33.775472,10.958095,8,1,5,2,2,2,2,812 m²,812 m²,812 m²,,1.0,Maison,2015,,,,,,,,,,,,,,,,,,1.0,,,,,,,,,,,,,,,,,
https://www.properstar.fr/annonce/101606618,maison,Vente Villa Familiale de 450m² à Sousse,Villa • 8 pce(s) • 600 m² • Rez-de-chaussée • réf: 85356409,Sousse,753 506 €,35.824503,10.634584,8,2,,,,,,600 m²,,450 m²,,,Maison,,,,,Rénovation nécessaire,"Radiateur, Individuel, Gaz",,,1.0,Très luxueux,"Chaudière, Individuel",Drainage principal,,,,,,,,,,,,,,,,,,,,,,,,
https://www.properstar.fr/annonce/102565208,maison,Luxueuse villa à la Soukra,Villa • 6 pce(s) • 5 chambres • 197 m² • réf: 5190228,La Soukra,248 630 €,36.885888,10.248797,6,2,5,,,,,197 m²,,250 m²,,,Maison,,,,,Bonne condition,"Chauffage central, Individuel, Solaire",1.0,,1.0,Luxe,"Chaudière, Individuel",,1.0,,1.0,,,,,,,,1.0,,,,,,,,,,,,,
https://www.properstar.fr/annonce/102565365,maison,belle villa à hammam chatt,Villa • 6 pce(s) • 290 m² • réf: 5177359,Borj Cédria,229 826 €,36.688116,10.377863,6,2,,,,,,290 m²,,550 m²,,,Maison,,,,,Excellente condition,Air conditionné,1.0,,1.0,Luxe,Individuel,,,,,,,,,,,,,,,,,,,,,,,,,
https://www.properstar.fr/annonce/102960775,maison,"Maison à vendre à Tunis, Tunisie",Villa • 7 pce(s) • 5 chambres • 2 sdb • 646 m² • 4ème étage • réf: 1048007052-42,Tunis,351 148 €,36.806495,10.181532,7,1,5,2,2,2,5,646 m²,646 m²,646 m²,,1.0,Maison,1990,,,1.0,,,1.0,,,,,,1.0,,,,,,1.0,,,,,,,,,,,,,,,,,
https://www.properstar.fr/annonce/96736024,maison,"Villa à vendre, Les Berges Du Lac II, à Tunis, Tunisie",Villa • 7 pce(s) • 5 chambres • 4 sdb • 600 m²,Les Berges Du Lac II,0,36.84522,10.272632,7,,5,4,2,,,600 m²,550 m²,,1.0,1.0,,,3,1,1.0,,,1.0,1.0,1.0,,,,1.0,,1.0,,,1.0,1.0,1.0,,1.0,,1.0,1.0,,,,,1.0,,1.0,1.0,1.0,1.0,1.0
https://www.properstar.fr/annonce/81304791,maison,VILLA DE LUXE A VENDRE HAMMAMET SUD TUNISIE,Villa • 6 pce(s) • 650 m² • 1er étage • réf: 6755924,Hammamet,1 155 863 €,36.407257,10.622471,6,,,,,,,650 m²,,2.6 ha (26000 m²),1.0,,Maison,,,,,Excellente condition,"Chauffage central, Individuel, Gaz",1.0,1.0,,Très luxueux,"Chaudière, Individuel",Fosse sceptique,1.0,,1.0,,,,1.0,,,,,1.0,,,,,,,,,,,,
https://www.properstar.fr/annonce/81553614,maison,Maison Les Jarres Hammamet Nord,Maison • 7 pce(s) • 550 m² • 1er étage • réf: 6375279,Hammamet,673 034 €,36.407257,10.622471,7,2,,,,,,550 m²,,1437 m²,,,Maison,2019,,,,Neuf,"Chauffage central, Individuel, Gaz",,,,Luxe,"Chaudière, Individuel",Fosse sceptique,,,,,,,,,,,,,,,,,,,,,,,,
https://www.properstar.fr/annonce/100510127,maison,"Appartement S+3 avec Jardin Privé - Résidence de Standing Basse Consommation à Sahloul 4, Sousse",Villa • 4 pce(s) • 121 m² • Rez-de-chaussée • réf: 85248556,Sousse,175 115 €,35.824503,10.634584,4,4,,,,,,121 m²,,138 m²,,1.0,Maison,2024,,,,Neuf,"Chauffage central, Individuel, Gaz",1.0,1.0,1.0,Très luxueux,"Chaudière, Individuel",Drainage principal,1.0,,1.0,,,,1.0,,,,1.0,1.0,,,1.0,,,,,,,,,
https://www.properstar.fr/annonce/95008779,maison,Maison Bleue HAMMAMET NORD,Maison • 6 pce(s) • 1700 m² • Plain pied • réf: 84114946,Hammamet,0,36.407257,10.622471,6,,,,,,,1700 m²,,300 m²,,,Maison,,,,,Neuf,"Air conditionné, Individuel, Gaz",1.0,1.0,1.0,Très luxueux,"Chaudière, Individuel",Drainage principal,,,,,,,,,,,,,,,,,,,,,,,,
https://www.properstar.fr/annonce/97584651,maison,"Maison à vendre à Djerba - Midoun, Tunisie",Villa • 3 chambres • 2 sdb • 452 m² • réf: 1048030008-85,Temlel,119 976 €,33.800489,11.017446,,,3,2,2,,,452 m²,452 m²,452 m²,1.0,1.0,Maison,2019,,,,,,1.0,1.0,,,,,1.0,,,,,,1.0,,,,,,,,,,,,,,,,,
https://www.properstar.fr/annonce/97698684,maison,"Maison à vendre à Moknine, Tunisie",Villa • 14 pce(s) • 10 chambres • 4 sdb • 432 m² • 1er étage • réf: 1048035033-19,Moknine,248 730 €,35.632401,10.895957,14,,10,4,,,,432 m²,,432 m²,,,,,,,,,,,,,,,,,,,,,,,,,,,,,,,,,,,,,,,
https://www.properstar.fr/annonce/99398892,maison,Golf résidence villa Aphrodite 69 isolée Boulevard Meninx Tunis Bay,Villa • 7 pce(s) • 344 m² • 1er étage • réf: 2764906,Gammarth,317 869 €,36.917304,10.285253,7,1,,,,,,344 m²,,344 m²,1.0,,Maison,2018,,,,Neuf,"Chauffage central, Individuel, Gaz",1.0,,1.0,Luxe,"Solaire, Individuel",Station d'épuration,1.0,,1.0,1.0,,,1.0,,,,,,,,,,,,,,,,,
https://www.properstar.fr/annonce/99398955,maison,"Belle villa S+3 meublée et équipée vue sur la mer, le golf, l'horizon",Villa • 5 pce(s) • 156 m² • Plain pied • réf: 1625287,Tabarka,194 009 €,36.948275,8.74261,5,,,,,,,156 m²,,203 m²,1.0,,Maison,,,,,Excellente condition,"Chauffage central, Commun, Eau chaude",1.0,1.0,1.0,Luxe,"Chaudière, Individuel",Station d'épuration,1.0,2017,,1.0,,,1.0,1.0,1.0,1.0,,,,,,1.0,,,,,,,,
https://www.properstar.fr/annonce/99399118,maison,À Vendre : Belle Villa à Bouhsina,Villa • 6 pce(s) • 220 m² • Jardin • réf: 6658435,Sousse,380 411 €,35.834273,10.624582,6,,,,,,,220 m²,,,,,Maison,,,,,Excellente condition,Individuel,1.0,,1.0,,Individuel,Drainage principal,,,,,,,,,,,,,,,,,,,,,,,,
https://www.properstar.fr/annonce/99399518,maison,À vendre - Villa à Kantaoui,Villa • 10 pce(s) • 1000 m² • Rez-de-chaussée • réf: 84492391,Akouda,1 507 011 €,35.915833,10.563368,10,2,,,,,,1000 m²,,1500 m²,,,Maison,1985,,,,Rénovation nécessaire,"Radiateur, Individuel",1.0,,1.0,Standard,"Chaudière, Individuel",Fosse sceptique,,1985,,,,,,,,,,,,,,,,,,,,,,
https://www.properstar.fr/annonce/101232332,maison,"Maison à vendre à Houmt Souk, Tunisie",Villa • 4 pce(s) • 3 chambres • 2 sdb • 666 m² • réf: 1048030017-207,Houmt Souk,122 902 €,33.875969,10.857283,4,,3,2,2,,,666 m²,,666 m²,,1.0,,,,,,,,,,,,,,,,,,,,,,,,,,,,,,,,,,,,,
https://www.properstar.fr/annonce/96736024,maison,"Villa à vendre, Les Berges Du Lac II, à Tunis, Tunisie",Villa • 7 pce(s) • 5 chambres • 4 sdb • 600 m²,Les Berges Du Lac II,0,36.84522,10.272632,7,,5,4,2,,,600 m²,550 m²,,1.0,1.0,,,3,1,1.0,,,1.0,1.0,1.0,,,,1.0,,1.0,,,1.0,1.0,1.0,,1.0,,1.0,1.0,,,,,1.0,,1.0,1.0,1.0,1.0,1.0
https://www.properstar.fr/annonce/100965048,maison,"Maison à vendre à Ariana, Tunisie",Villa • 9 pce(s) • 4 chambres • 3 sdb • réf: 1048005017-189,Ariana,436 009 €,36.866537,10.164723,9,,4,3,1,,1,,640 m²,,,1.0,Maison,1989,,,1.0,,,,,,,,,,,,,,,,1.0,,,,,,,,,,,,,,,,
https://www.properstar.fr/annonce/101606618,maison,Vente Villa Familiale de 450m² à Sousse,Villa • 8 pce(s) • 600 m² • Rez-de-chaussée • réf: 85356409,Sousse,753 506 €,35.824503,10.634584,8,2,,,,,,600 m²,,450 m²,,,Maison,,,,,Rénovation nécessaire,"Radiateur, Individuel, Gaz",,,1.0,Très luxueux,"Chaudière, Individuel",Drainage principal,,,,,,,,,,,,,,,,,,,,,,,,
https://www.properstar.fr/annonce/89522640,maison,"Maison à vendre à Nabeul, Tunisie",Maison • 5 pce(s) • 3 chambres • 2 sdb • 250 m² • réf: VM1138-HAMMAMET,Nabeul,122 260 €,36.451289,10.735663,5,,3,2,2,,,250 m²,,,,1.0,,,,167 m²,1.0,,,,,,,,,,,,,,,,,,,,,,,,,,,,,,,,
https://www.properstar.fr/annonce/81304792,maison,NABEULFRONT DE MER : VILLA EXCEPTIONNEL 4 PIÈCES 160 M² AVEC TERRASSE VUE MER PANORAMIQUE,Maison • 4 pce(s) • 1 chambres • 450 m² • Plain pied • réf: 6731398,Hammamet,0,36.407257,10.622471,4,,1,,,,,450 m²,,160 m²,,,Maison,,,,,Excellente condition,"Chauffage central, Individuel, Gaz",1.0,1.0,1.0,Très luxueux,Individuel,Drainage principal,,,,,,,1.0,,,1.0,,,,,,,,,,,,,,
https://www.properstar.fr/annonce/91909473,maison,"Maison à vendre à Houmt Souk, Tunisie",Villa • 572 m² • 1er étage • réf: 1048030007-84,Djerba,269 214 €,33.876705,10.851833,,1,,,,,2,572 m²,572 m²,572 m²,1.0,1.0,Maison,2015,,,1.0,,,1.0,,,,,,,,,,,,,,,,,,,,,,,,,,,,,
https://www.properstar.fr/annonce/99982784,maison,Vente aux Enchères Publiques après Réduction de la Mise à Prix de 40%,Maison villageoise • 5 pce(s) • 660 m² • réf: 85149140,Site archéologique de Carthage,921 764 €,36.862585,10.332949,5,1,,,,,,660 m²,,660 m²,1.0,,Maison,,,,,Bonne condition,"Radiateur, Individuel, Gaz",1.0,,,Standard,"Chaudière, Individuel",Drainage principal,,2022,,,,,,,1.0,,,,1.0,1.0,,,1.0,,,,,,,
https://www.properstar.fr/annonce/101265131,maison,"Maison à vendre à Houmt Souk, Tunisie",Villa • 4 pce(s) • 3 chambres • 2 sdb • 380 m² • réf: 1048030017-210,Houmt Souk,114 123 €,33.875969,10.857283,4,,3,2,2,,,380 m²,,380 m²,,,,,,,,,,,1.0,,,,,,,,,,,,,,,,,,,,,,,,,,,,
https://www.properstar.fr/annonce/102344390,maison,"Maison à vendre à Kairouan, Tunisie",Maison individuelle • 9 pce(s) • 3 chambres • 1 sdb • 340 m² • réf: 1048035022-39,Kairouan,119 976 €,35.671166,10.100547,9,,3,1,1,,,340 m²,,340 m²,,,Maison,1950,,,,,,,,,,,,,,,,,,,,,,,,,,,,,,,,,,,
https://www.properstar.fr/annonce/102565300,maison,À Vendre - Magnifique Villa Neuve avec Piscine à RIADH,Villa • 6 pce(s) • 250 m² • Rez-de-chaussée • réf: 7463378,Sousse Riad,271 262 €,35.780449,10.630917,6,2,,,,,,250 m²,,400 m²,1.0,,Maison,2021,,,,Neuf,"Radiateur, Individuel",1.0,,1.0,Luxe,"Chaudière, Individuel",Drainage principal,1.0,,1.0,1.0,,,1.0,,,1.0,,1.0,,,,,,,,,,,,
https://www.properstar.fr/annonce/102565366,maison,"Maison à vendre à Akouda, Tunisie",Villa • 5 pce(s) • 600 m² • réf: 4181647,Akouda,602 804 €,35.87,10.57,5,2,,,,,,600 m²,,1100 m²,,,Maison,,,,,Bonne condition,"Radiateur, Individuel, Electrique",1.0,,1.0,,"Chaudière, Individuel",Drainage principal,,,1.0,,,,1.0,,,,,,,,,,,,,,,,,
https://www.properstar.fr/annonce/102565393,maison,Magnifique Villa 3 Niveaux à Vendre à Sahloul 2,Villa • 13 pce(s) • 454 m² • réf: 8018592,Sousse,421 378 €,35.824503,10.634584,13,,,,,,,454 m²,,700 m²,,,Maison,,,,,Excellente condition,"Radiateur, Individuel, Electrique",1.0,,1.0,,"Chaudière, Individuel",Drainage principal,,,1.0,1.0,,,1.0,,,,,,,,,,,,,,,,,
https://www.properstar.fr/annonce/102565416,maison,magnifique appartement RDC S+4 à vendre,Villa • 5 pce(s) • 184 m² • Rez-de-chaussée • réf: 7593360,Sousse,160 943 €,35.824503,10.634584,5,2,,,,,,184 m²,,294 m²,,,Maison,,,,,Excellente condition,"Radiateur, Individuel, Eau chaude",1.0,,1.0,,"Chaudière, Individuel",Drainage principal,,,1.0,1.0,,,1.0,,,1.0,,,,,,,,,,,,,,
https://www.properstar.fr/annonce/102565609,maison,UNE BELLE VILLA MEUBLE S+7 SUPERFICIE 900 M2 A VENDRE A SOUSSE ELKANTAOUI,Villa • 9 pce(s) • 8 chambres • 900 m² • réf: 3156846,Akouda,1 521 642 €,35.915833,10.563368,9,2,8,,,,,900 m²,,1902 m²,,,Maison,1997,,,1.0,Bonne condition,"Chauffage central, Individuel, Eau chaude",1.0,1.0,1.0,Luxe,"Chaudière, Individuel",Drainage principal,1.0,2014,1.0,1.0,,,1.0,,,1.0,1.0,,,,,,,,,,,,,
https://www.properstar.fr/annonce/102565610,maison,Vente Maison d'Hôtes entre Hammamet et Nabeul – Route Touristique,Maison • 16 pce(s) • 1200 m² • réf: 186258,Nabeul,1 902 053 €,36.451289,10.735663,16,2,,,,,,1200 m²,,3200 m²,,,Maison,,,,,Bonne condition,Chauffage central,,,,,Individuel,Drainage principal,,,,,,,,,,,,,,,,,,,,,,,,
https://www.properstar.fr/annonce/102565159,maison,À Vendre : Superbe Maison Antique au Centre-Ville de Tunis,Maison mitoyenne • 6 pce(s) • 340 m² • Plain pied • réf: 6170782,Tunis,190 205 €,36.806495,10.181532,6,3,,,,,,340 m²,,,,,Maison,,,,,Bonne condition,,,,1.0,,"Réservoir à eau chaude, Individuel",Drainage principal,,,1.0,,,,,,,,,,,,,,,,,,,,,
https://www.properstar.fr/annonce/99398707,maison,"Maison à vendre à Gammarth, Tunisie",Villa • 7 pce(s) • 475 m² • réf: 4521462,Gammarth,1 902 053 €,36.917304,10.285253,7,,,,,,,475 m²,,,1.0,,,,,,,,,1.0,1.0,1.0,,,,1.0,,,1.0,,,1.0,,1.0,1.0,,,,,,1.0,,,,,,,,
https://www.properstar.fr/annonce/99398824,maison,Villa indépendante à vendre Hammam Sousse meublée,Villa • 5 pce(s) • 380 m² • Rez-de-chaussée • réf: 84865340,Hammam Sousse,228 246 €,35.886399,10.591507,5,,,,,,,380 m²,,600 m²,1.0,,Maison,,,,,Bonne condition,"Individuel, Electrique",1.0,1.0,1.0,Standard,"Chaudière, Individuel",Drainage principal,,,,,,,,,,,,,,,,,,,,,,,,
https://www.properstar.fr/annonce/99398891,maison,"Maison à vendre à Gammarth, Tunisie",Villa • 7 pce(s) • 400 m² • réf: 7875695,Gammarth,318 960 €,36.917304,10.285253,7,,,,,,,400 m²,,,1.0,,,,,,,,,1.0,,1.0,,,,1.0,,1.0,,,,1.0,,,,,,,,,,,,,,,,,
https://www.properstar.fr/annonce/99398927,maison,Vente terrain constructible + permis de bâtir R+2,Maison • 22057 m² • réf: 82574757,Tunis,3 616 826 €,36.806495,10.181532,,2,,,,,,22057 m²,,3.23 ha (32338 m²),,,Maison,2023,,,,Neuf,"Chauffage central, Individuel, Gaz",,,,Standard,"Chaudière, Individuel",Drainage principal,,,,,,,1.0,,,,,,,,,,,,,,,,,
https://www.properstar.fr/annonce/99398954,maison,"Belle villa 2 ch + 1 suite meublée et équipée vue sur la mer, le golf, l'horizon",Villa • 5 pce(s) • 156 m² • Plain pied • réf: 1625317,Tabarka,194 009 €,36.948275,8.74261,5,,,,,,,156 m²,,203 m²,1.0,,Maison,,,,,Excellente condition,"Chauffage central, Commun, Eau chaude",1.0,1.0,1.0,Luxe,"Chaudière, Individuel",Station d'épuration,1.0,2017,,1.0,,,1.0,1.0,1.0,1.0,,,,,,1.0,,,,,,,,
https://www.properstar.fr/annonce/99398994,maison,Villa golf isolée neuve de 375 m2 avec 4 chambres terrasse jardin piscine,Villa • 8 pce(s) • 375 m² • réf: 1875019,Gammarth,347 128 €,36.917304,10.285253,8,1,,,,,,375 m²,,,1.0,,Maison,2019,,,,Neuf,"Chauffage central, Individuel, Gaz",1.0,,1.0,Très luxueux,"Réservoir à eau chaude, Individuel",Station d'épuration,1.0,,1.0,1.0,,,1.0,,,1.0,,,,,,1.0,,,,,,,,
https://www.properstar.fr/annonce/99399081,maison,"Explorer la beauté de la maison en Tunisie : Un voyage à travers la culture, le patrimoine et l'hospitalité",Maison mitoyenne • réf: 82862328,Sousse,165 771 €,35.824503,10.634584,,,,,,,,,,,,,,,,,,,,,,,,,,,,,,,,,,,,,,,,,,,,,,,,,
https://www.properstar.fr/annonce/99399094,maison,Vente Triplex + Local Commercial,Maison avec appartements • 6 pce(s) • 350 m² • 1er étage • réf: 6150399,Ben Arous,146 312 €,36.7435,10.231976,6,4,,,,,,350 m²,,350 m²,,,Maison,2018,,,,,"Individuel, Electrique",,,1.0,Standard,"Chaudière, Individuel",,,,,1.0,,,1.0,,,,,,,,,,,,,,,,,
https://www.properstar.fr/annonce/99399104,maison,"Vente Superbe Villa avec piscine - Chatt Mariem, Sousse",Villa • 7 pce(s) • 700 m² • Rez-de-chaussée • réf: 83308440,Chott Meriam,395 042 €,35.933487,10.546488,7,,,,,,,700 m²,,,1.0,,Maison,,,,,Excellente condition,"Air conditionné, Individuel",1.0,1.0,1.0,Luxe,"Réservoir à eau chaude, Individuel",,1.0,,,,,,1.0,,,1.0,,,,,,,,,,,,,,
https://www.properstar.fr/annonce/99399131,maison,Villa indépendante vue mer,Villa • 5 pce(s) • 300 m² • réf: 2620603,Nabeul,934 347 €,36.451289,10.735663,5,2,,,,,,300 m²,,1800 m²,,,Maison,,,,,Excellente condition,"Chauffage central, Individuel, Gaz",,,1.0,Luxe,"Chaudière, Individuel",,,,1.0,1.0,,,,,,1.0,,,,,,,,,,,,,,
https://www.properstar.fr/annonce/99399144,maison,Vente Villa Kantaoui,Villa • 5 pce(s) • 1er étage • réf: 84104004,Akouda,877 870 €,35.915833,10.563368,5,,,,,,,,,1100 m²,,,Maison,,,,,Excellente condition,"Chauffage central, Individuel, Gaz",1.0,,1.0,Luxe,Individuel,,,,1.0,1.0,,,,,,,,,,,,,,,,,,,,
https://www.properstar.fr/annonce/99399197,maison,Villa golf isolée neuve superbe vue sur le golf plus de 367m2 avec 4 chambres terrasse jardin piscine,Villa • 8 pce(s) • 367 m² • réf: 1738998,Gammarth,358 171 €,36.917304,10.285253,8,1,,,,,,367 m²,,484 m²,1.0,,Maison,2019,,,,Neuf,"Chauffage central, Individuel, Gaz",1.0,,1.0,Très luxueux,"Réservoir à eau chaude, Individuel",Station d'épuration,1.0,,1.0,1.0,,,1.0,,,1.0,,,,,,1.0,,,,,,,,
https://www.properstar.fr/annonce/99399494,maison,Villa golf isolée neuve de 426 m2 avec 4 chambres terrasse jardin piscine,Villa • 8 pce(s) • 426 m² • réf: 1874423,Gammarth,440 611 €,36.917304,10.285253,8,1,,,,,,426 m²,,688 m²,1.0,,Maison,2019,,,,Neuf,"Chauffage central, Individuel, Gaz",1.0,,1.0,Très luxueux,"Réservoir à eau chaude, Individuel",Station d'épuration,1.0,,1.0,1.0,,,1.0,,,1.0,,,,,,1.0,,,,,,,,
https://www.properstar.fr/annonce/99472517,maison,Villa vue mer S+2 situé en front de mer d'une très belle résidence avec piscine,Villa • 3 pce(s) • 94 m² • Plain pied • réf: 1665055,Tabarka,110 524 €,36.948275,8.74261,3,,,,,,,94 m²,,122 m²,1.0,,Maison,,,,,Excellente condition,"Chauffage central, Commun, Eau chaude",1.0,1.0,,Luxe,"Chaudière, Individuel",Station d'épuration,1.0,,,1.0,,,1.0,,1.0,1.0,,,,,,1.0,,,,,,,,
https://www.properstar.fr/annonce/99484761,maison,"À VENDRE : Charmante Villa de Plain-Pied à Tezdaine, Djerba",Villa • 200 m² • réf: 83726747,Tunisie,120 561 €,33.886917,9.537499,,,,,,,,200 m²,,360 m²,,,,,,,,,,,,,,,,,,,,,,,,,,,,,,,,,,,,,,,
https://www.properstar.fr/annonce/99938734,maison,"Maison à vendre à Kélibia, Tunisie",Villa • 9 pce(s) • 6 chambres • 6 sdb • 500 m² • réf: 1048015019-149,Kélibia,731 559 €,36.84616,11.099467,9,2,6,6,6,,2,500 m²,705 m²,500 m²,1.0,1.0,,,,,1.0,,,1.0,,,,,,,,,,,,,,,,,,,,,,,,,,,,,
https://www.properstar.fr/annonce/100934397,maison,"Annonce Vente Villa à Houmt Souk, Djerba",Villa • 700 m² • réf: 85284168,Médenine,361 683 €,33.228057,10.89031,,,,,,,,700 m²,,700 m²,,,,,,,,,,1.0,1.0,1.0,,,,,,,,,,1.0,,,,,,,,,,,,,,,,,
https://www.properstar.fr/annonce/97800675,maison,"Maison à vendre à Djerba Midun, Tunisie",Villa • 4 pce(s) • 3 chambres • 2 sdb • réf: 1048030017-70,Djerba Midun,117 049 €,33.821572,10.997658,4,,3,2,1,,,,280 m²,,,1.0,,,,,,,,,,,,,,,,,,,,,,,,,,,,,,,,,,,,,
https://www.properstar.fr/annonce/100761698,maison,"Maison à vendre à La Soukra, Tunisie",Villa • 6 pce(s) • 5 chambres • 4 sdb • 380 m² • réf: 1048028002-374,La Soukra,374 558 €,36.885888,10.248797,6,,5,4,4,,2,380 m²,380 m²,380 m²,1.0,,,,,,,,,,,,,,,,,,,,,,,,,,,,,,,,,,,,,,
https://www.properstar.fr/annonce/101265131,maison,"Maison à vendre à Houmt Souk, Tunisie",Villa • 4 pce(s) • 3 chambres • 2 sdb • 380 m² • réf: 1048030017-210,Houmt Souk,114 123 €,33.875969,10.857283,4,,3,2,2,,,380 m²,,380 m²,,,,,,,,,,,1.0,,,,,,,,,,,,,,,,,,,,,,,,,,,,
https://www.properstar.fr/annonce/99399131,maison,Villa indépendante vue mer,Villa • 5 pce(s) • 300 m² • réf: 2620603,Nabeul,934 347 €,36.451289,10.735663,5,2,,,,,,300 m²,,1800 m²,,,Maison,,,,,Excellente condition,"Chauffage central, Individuel, Gaz",,,1.0,Luxe,"Chaudière, Individuel",,,,1.0,1.0,,,,,,1.0,,,,,,,,,,,,,,
https://www.properstar.fr/annonce/99399144,maison,Vente Villa Kantaoui,Villa • 5 pce(s) • 1er étage • réf: 84104004,Akouda,877 870 €,35.915833,10.563368,5,,,,,,,,,1100 m²,,,Maison,,,,,Excellente condition,"Chauffage central, Individuel, Gaz",1.0,,1.0,Luxe,Individuel,,,,1.0,1.0,,,,,,,,,,,,,,,,,,,,
https://www.properstar.fr/annonce/99399197,maison,Villa golf isolée neuve superbe vue sur le golf plus de 367m2 avec 4 chambres terrasse jardin piscine,Villa • 8 pce(s) • 367 m² • réf: 1738998,Gammarth,358 171 €,36.917304,10.285253,8,1,,,,,,367 m²,,484 m²,1.0,,Maison,2019,,,,Neuf,"Chauffage central, Individuel, Gaz",1.0,,1.0,Très luxueux,"Réservoir à eau chaude, Individuel",Station d'épuration,1.0,,1.0,1.0,,,1.0,,,1.0,,,,,,1.0,,,,,,,,
https://www.properstar.fr/annonce/99399494,maison,Villa golf isolée neuve de 426 m2 avec 4 chambres terrasse jardin piscine,Villa • 8 pce(s) • 426 m² • réf: 1874423,Gammarth,440 611 €,36.917304,10.285253,8,1,,,,,,426 m²,,688 m²,1.0,,Maison,2019,,,,Neuf,"Chauffage central, Individuel, Gaz",1.0,,1.0,Très luxueux,"Réservoir à eau chaude, Individuel",Station d'épuration,1.0,,1.0,1.0,,,1.0,,,1.0,,,,,,1.0,,,,,,,,
https://www.properstar.fr/annonce/99472517,maison,Villa vue mer S+2 situé en front de mer d'une très belle résidence avec piscine,Villa • 3 pce(s) • 94 m² • Plain pied • réf: 1665055,Tabarka,110 524 €,36.948275,8.74261,3,,,,,,,94 m²,,122 m²,1.0,,Maison,,,,,Excellente condition,"Chauffage central, Commun, Eau chaude",1.0,1.0,,Luxe,"Chaudière, Individuel",Station d'épuration,1.0,,,1.0,,,1.0,,1.0,1.0,,,,,,1.0,,,,,,,,
https://www.properstar.fr/annonce/99484761,maison,"À VENDRE : Charmante Villa de Plain-Pied à Tezdaine, Djerba",Villa • 200 m² • réf: 83726747,Tunisie,120 561 €,33.886917,9.537499,,,,,,,,200 m²,,360 m²,,,,,,,,,,,,,,,,,,,,,,,,,,,,,,,,,,,,,,,
https://www.properstar.fr/annonce/100934397,maison,"Annonce Vente Villa à Houmt Souk, Djerba",Villa • 700 m² • réf: 85284168,Médenine,361 683 €,33.228057,10.89031,,,,,,,,700 m²,,700 m²,,,,,,,,,,1.0,1.0,1.0,,,,,,,,,,1.0,,,,,,,,,,,,,,,,,
https://www.properstar.fr/annonce/102054316,maison,"Maison à vendre à Akouda, Tunisie",Villa • 15 pce(s) • 10 chambres • 3 sdb • 468 m² • 4ème étage • réf: 1048035049-4,Akouda,277 992 €,35.902227,10.349789,15,2,10,3,3,4,2,468 m²,468 m²,468 m²,1.0,,Maison,2014,,,,,,,,,,,,,,,,,,,,,,,,,,,,,,,,,,,
https://www.properstar.fr/annonce/103152343,maison,"Maison à vendre à Tunis, Tunisie",Villa • 7 pce(s) • 5 chambres • 2 sdb • 320 m² • réf: 1048015021-99,Tunis,198 984 €,36.806495,10.181532,7,,5,2,2,,,320 m²,432 m²,320 m²,,,Maison,1994,,,,,,,,,,,,,,,,,,,,,,,,,,,,,,,,,,,
https://www.properstar.fr/annonce/103274603,maison,"Maison à vendre à La Soukra, Tunisie",Villa • 7 pce(s) • 6 chambres • 7 sdb • 444 m² • réf: 1048044003-74,La Soukra,321 886 €,36.885888,10.248797,7,3,6,7,,,,444 m²,,444 m²,,1.0,,,,,,,,,,,,,,,,,,,,,,,,,,,,,,,,,,,,,
https://www.properstar.fr/annonce/103721479,maison,Vente Villa R+2 à Hergla,Maison • 420 m² • Rez-de-chaussée • réf: 85601626,Hergla,368 706 €,36.031411,10.504303,,,,,,,,420 m²,,260 m²,,,Maison,,,,,Neuf,Individuel,1.0,,1.0,Très luxueux,Individuel,,1.0,,1.0,,,,,,,,,,,,,,,,,,,,,
https://www.properstar.fr/annonce/103697723,maison,"Maison à vendre à Kélibia, Tunisie",Villa • 5 chambres • 5 sdb • 320 m² • réf: 1048015019-123,Kélibia,201 910 €,36.84616,11.099467,,2,5,5,,,,320 m²,240 m²,320 m²,,1.0,Maison,2007,,,,,,,,,,,,,,,,,,,,,,,,,,,,,,,,,,,
https://www.properstar.fr/annonce/99484720,maison,Valorisation immobiliere Tunisie,Villa • 1 pce(s) • 1 chambres • 100 m² • réf: 2910229,Marsa,0,36.889117,10.322267,1,,1,,,,,100 m²,,120 m²,1.0,,Maison,2018,,,,Neuf,"Chauffage central, Individuel, Gaz",1.0,1.0,1.0,,"Chaudière, Individuel",Drainage principal,1.0,,,1.0,,,1.0,,1.0,1.0,,,,,,1.0,,,,,,,,
https://www.properstar.fr/annonce/99484670,maison,Valorisation Immobilière en Tunisie : Un Service pour Mettre en Valeur Votre Bien,Villa • 1 pce(s) • 1 chambres • 100 m² • réf: 2551379,Marsa,0,36.889117,10.322267,1,,1,,,,,100 m²,,120 m²,1.0,,Maison,2018,,,,Neuf,"Chauffage central, Individuel, Gaz",1.0,1.0,1.0,,"Chaudière, Individuel",Drainage principal,1.0,,,1.0,,,1.0,,1.0,1.0,,,,,,1.0,,,,,,,,
https://www.properstar.fr/annonce/101959950,maison,"Maison à vendre à Hammamet, Tunisie",Maison • 4 pce(s) • 3 chambres • 2 sdb • 230 m² • réf: VM689-HAMMAMET,Hammamet,269 281 €,36.407257,10.622471,4,,3,2,2,,,230 m²,,,1.0,1.0,Maison,,6,890 m²,,,Gaz,,,,,,,,,,,,,,,,,,,,,,,,,,,,,,
https://www.properstar.fr/annonce/103787337,maison,"Maison à vendre à Tunis, Tunisie",Maison jumelée • 4 pce(s) • 3 chambres • 2 sdb • 199 m² • réf: 1048044004-5,Tunis,105 344 €,36.806495,10.181532,4,1,3,2,2,,1,199 m²,,199 m²,,,,,,,,,,,,,,,,,,,,,,,,,,,,,,,,,,,,,,,
https://www.properstar.fr/annonce/77249594,maison,"Maison à vendre à Djerba Midoun, Tunisie",Villa • 3045 m² • réf: 1048030007-11,Djerba Midoun,96 566 €,33.775472,10.958095,,,,,,,6,3045 m²,3045 m²,3045 m²,1.0,1.0,,,,,1.0,,,,,,,,,,,,,,,,,,,,,,,,,,,,,,,,
https://www.properstar.fr/annonce/81304793,maison,Villa Les Palmiers Gammarth TUNISIE,Villa • 5 pce(s) • 400 m² • Plain pied • réf: 6731376,Gammarth,1 229 019 €,36.917304,10.285253,5,,,,,,,400 m²,,1000 m²,1.0,,Maison,,,,,Excellente condition,"Chauffage central, Individuel, Gaz",1.0,1.0,1.0,Très luxueux,Individuel,Drainage principal,1.0,,1.0,,,,,,,1.0,,1.0,,,,,,,,,,,,
https://www.properstar.fr/annonce/81373810,maison,MAISON MODERNE A VENDRE HAMMAMET,Villa • 4 pce(s) • 230 m² • réf: 7202525,Hammamet,242 878 €,36.407257,10.622471,4,,,,,,,230 m²,,420 m²,1.0,,Maison,,,,,Neuf,"Chauffage central, Individuel, Gaz",1.0,1.0,1.0,,"Réservoir à eau chaude, Individuel",Drainage principal,,,,,,,,,,,,,,,,,,,,,,,,
https://www.properstar.fr/annonce/82983966,maison,"Maison à vendre à Djerba - Houmt Souk, Tunisie",Villa • 6 pce(s) • 2 chambres • 2 sdb • réf: 1048030007-63,Ghizen,143 386 €,33.861742,10.918548,6,,2,2,2,,,,2682 m²,,,1.0,Maison,2008,,,,,,,,,,,,,,,,,,,,,,,,,,,,,,,,,,,
https://www.properstar.fr/annonce/99398810,maison,Jolie villa,Villa • 4 pce(s) • 1100 m² • réf: 84424664,Chott Meriam,365 779 €,35.933487,10.546488,4,,,,,,,1100 m²,,,,,Maison,,,,,Bonne condition,,,,,,"Chaudière, Individuel",,,,,,,,,,,,,,,,,,,,,,,,,
https://www.properstar.fr/annonce/99398849,maison,VILLA MEUBLE PROCHE DE LA PLAGE,Maison • 5 pce(s) • 210 m² • Rez-de-chaussée • réf: 1717528,Akouda,160 943 €,35.87,10.57,5,,,,,,,210 m²,,310 m²,,,Maison,,,,,Excellente condition,Air conditionné,,1.0,1.0,Standard,"Chaudière, Individuel",Drainage principal,,,,,,,,,,,,,,,,,,,,,,,,
https://www.properstar.fr/annonce/99398850,maison,VENTE VILLA CITE JAWHRA,Maison • 5 pce(s) • 300 m² • Rez-de-chaussée • réf: 4448776,Sousse,158 017 €,35.834273,10.624582,5,1,,,,,,300 m²,,300 m²,,,Maison,,,,,Bonne condition,"Air conditionné, Individuel, Gaz",1.0,,,,"Chaudière, Individuel",Drainage principal,,2016,,,,,,,,,,,,,,,,,,,,,,
https://www.properstar.fr/annonce/99398863,maison,Royal Lido résidentiel golf villa jumelée 2 chambres terrasse jardin piscine privee,Villa • 7 pce(s) • 278 m² • réf: 1877705,Nabeul,229 528 €,36.451289,10.735663,7,1,,,,,,278 m²,,340 m²,1.0,,Maison,2019,,,,Neuf,"Chauffage central, Individuel, Gaz",1.0,,1.0,Très luxueux,"Chaudière, Individuel",Station d'épuration,1.0,,1.0,1.0,,,1.0,,1.0,1.0,1.0,,,,,1.0,1.0,,,,,,,
https://www.properstar.fr/annonce/99398890,maison,Luxueuse villa à vendre à Chott mariem,Maison • 9 pce(s) • Rez-de-chaussée • réf: 1580874,Akouda,321 886 €,35.87,10.57,9,1,,,,,,,,1200 m²,,,Maison,,,,,Bonne condition,Chauffage central,,,1.0,Standard,"Chaudière, Individuel",,1.0,,1.0,1.0,,,,,,1.0,,,,,,,,,,,,,,
https://www.properstar.fr/annonce/99398913,maison,VILLA A VENDRE,Villa • 8 pce(s) • 490 m² • libre de suite • réf: 3059031,Chott Meriam,289 346 €,35.933487,10.546488,8,2,,,,,,490 m²,,800 m²,,,Maison,,,,,Excellente condition,"Radiateur, Individuel, Gaz",1.0,,1.0,,"Solaire, Individuel",Drainage principal,,,,1.0,,,,,,,,,,,,,,,,,,,,
https://www.properstar.fr/annonce/99398980,maison,Villa de Luxe avec Vue Panoramique sur Mer et Piscine à Kelibia,Villa • 7 pce(s) • 450 m² • Rez-de-chaussée • réf: 83056489,Kélibia,0,36.84616,11.099467,7,2,,,,,,450 m²,,800 m²,1.0,,Maison,1995,,,,Bonne condition,"Chauffage central, Individuel, Electrique",1.0,1.0,1.0,Luxe,"Solaire, Individuel",Fosse sceptique,1.0,1995,1.0,1.0,,,1.0,,,,,,,,,,,,,,,,,
https://www.properstar.fr/annonce/99398993,maison,Villa golf isolée neuve de 375 m2 avec 4 chambres terrasse jardin piscine,Villa • 8 pce(s) • 375 m² • réf: 1874890,Gammarth,347 128 €,36.917304,10.285253,8,1,,,,,,375 m²,,493 m²,1.0,,Maison,2019,,,,Neuf,"Chauffage central, Individuel, Gaz",1.0,,1.0,Très luxueux,"Réservoir à eau chaude, Individuel",Station d'épuration,1.0,,1.0,1.0,,,1.0,,,1.0,,,,,,1.0,,,,,,,,
https://www.properstar.fr/annonce/99399079,maison,"Maison à vendre à Nabeul, Tunisie",Maison jumelle • 7 pce(s) • 288 m² • réf: 7875387,Nabeul,166 795 €,36.451289,10.735663,7,,,,,,,288 m²,,,1.0,,Maison,,,,,,"Chauffage central, Individuel, Gaz",1.0,,,,"Chaudière, Individuel",,1.0,,,,,,1.0,,1.0,,1.0,,,,,1.0,1.0,,,,,,,
https://www.properstar.fr/annonce/99399116,maison,Vente Villa de Standing à Mornag – Un Bien d'Exception,Villa • 1500 m² • réf: 84551616,Mornag,380 411 €,36.68529,10.288058,,2,,,,,,1500 m²,,,1.0,,Maison,,,,,Neuf,Individuel,1.0,,1.0,Très luxueux,Individuel,Drainage principal,,,1.0,1.0,,,,,,,,,,,1.0,,,,,,,,,
https://www.properstar.fr/annonce/99399130,maison,Villa de prestige à kantaoui,Villa • 5 pce(s) • 5 chambres • 1000 m² • Rez-de-chaussée • réf: 83374559,Hammam Sousse,931 333 €,35.886399,10.591507,5,,5,,,,,1000 m²,,980 m²,1.0,,Maison,2000,,,,Bonne condition,"Chauffage central, Individuel, Gaz",1.0,,1.0,Luxe,"Chaudière, Individuel",Fosse sceptique,,,,,,,,,,,,,,,,,,,,,,,,
https://www.properstar.fr/annonce/99399219,maison,Maison traditionelle de type S+2,Maison • 3 pce(s) • Rez-de-chaussée • réf: 84412637,Hammam Sousse,42 430 €,35.886399,10.591507,3,,,,,,,,,110 m²,,,Maison,,,,,Bonne condition,"Individuel, Eau chaude",,,,Standard,"Réservoir à eau chaude, Individuel",Fosse sceptique,,,1.0,,,,,,,,,,,,,,,,,,,,,
https://www.properstar.fr/annonce/99399309,maison,"Opportunité Exceptionnelle : Immeuble Neuf à Usage Bureautique en Vente à Boukhzar, Sousse",Maison • 913 m² • réf: 83228311,Sousse,753 506 €,35.824503,10.634584,,3,,,,,,913 m²,,1300 m²,,,Maison,2023,,,,Neuf,"Radiateur, Individuel, Gaz",1.0,,1.0,,"Chaudière, Individuel",Drainage principal,1.0,,,,,,1.0,,,,1.0,,,,1.0,,,,,,,,,
https://www.properstar.fr/annonce/99399503,maison,"Maison à vendre à Gammarth, Tunisie",Villa • 7 pce(s) • 394 m² • réf: 3227133,Gammarth,447 129 €,36.917304,10.285253,7,,,,,,,394 m²,,,1.0,,,,,,,,,1.0,,1.0,,,,1.0,,1.0,,,,1.0,,,,,,,,,,,,,,,,,
https://www.properstar.fr/annonce/99484773,maison,A vendre un lot commercial à sidi abdelhmid,Maison • 5 pce(s) • réf: 83492626,Sidi Abdelhamid,102 418 €,35.794122,10.659077,5,,,,,,,,,,,,Maison,,,,,Rénovation nécessaire,,,,,Standard,,,,,,,,,,,,,,,,,,,,,,,,,,
https://www.properstar.fr/annonce/99536519,maison,À Vendre : Lot de 17 Villas Inachevées dans le Complexe West Gammarth Golf & Villas,Maison • 5200 m² • réf: 85116520,Gammarth,3 315 424 €,36.917304,10.285253,,,,,,,,5200 m²,,6698 m²,1.0,,Maison,2022,,,,Rénovation nécessaire,"Chauffage central, Individuel, Gaz",1.0,,1.0,,"Chaudière, Individuel",Drainage principal,1.0,,1.0,,,,1.0,,,,1.0,1.0,,,,,1.0,,,,,,,
https://www.properstar.fr/annonce/99938733,maison,"Maison à vendre à El Mourouj, Tunisie",Villa • 233 m² • réf: 1048032017-8,El Mourouj,0,36.713434,10.209552,,,,,,,,233 m²,130 m²,233 m²,,,,,,,,,,,,,,,,,,,,,,,,,,,,,,,,,,,,,,,
https://www.properstar.fr/annonce/101294190,maison,"Maison à vendre à Houmt Souk, Tunisie",Villa • 1000 m² • réf: 1048030017-212,Houmt Souk,194 595 €,33.875969,10.857283,,,,,,,,1000 m²,,1000 m²,1.0,1.0,,,,,,,,,,,,,,,,,,,,,,,,,,,,,,,,,,,,,
https://www.properstar.fr/annonce/99935080,maison,"À Vendre : Villa Golf Isolée Entièrement Rénovée - Boulevard Meninx, Tunis Bay",Villa • 4 pce(s) • 320 m² • Rez-de-chaussée • réf: 85143398,Gammarth,542 524 €,36.917304,10.285253,4,,,,,,,320 m²,,380 m²,1.0,,Maison,,,,,Excellente condition,"Chauffage central, Individuel, Gaz",1.0,,1.0,Très luxueux,"Chaudière, Individuel",,1.0,2024,1.0,,1.0,,1.0,1.0,,1.0,,1.0,,,,,,,,,1.0,,,
https://www.properstar.fr/annonce/100299820,maison,"Maison à vendre à Ariana, Tunisie",Maison jumelle • 8 pce(s) • 5 chambres • 3 sdb • 319 m² • réf: 1048033010-92,Ariana,198 984 €,36.866537,10.164723,8,2,5,3,,,2,319 m²,,319 m²,,,,,,,,,,,,,,,,,,,,,,,,,,,,,,,,,,,,,,,
https://www.properstar.fr/annonce/100092713,maison,"Maison à vendre à Le Bardo, Tunisie",Villa • 4 pce(s) • 3 chambres • 2 sdb • 190 m² • réf: 1048026001-183,Le Bardo,172 648 €,36.813252,10.133916,4,,3,2,1,,1,190 m²,190 m²,190 m²,,,Maison,1992,,,,,,,,,,,,,,,,,,,,,,,,,,,,,,,,,,,
https://www.properstar.fr/annonce/101222506,maison,Maison traditionnelle pour la vente,Maison mitoyenne • 6 pce(s) • 300 m² • Rez-de-chaussée • réf: 85309308,Sousse,131 681 €,35.824503,10.634584,6,,,,,,,300 m²,,200 m²,,,Maison,,,,,Bonne condition,"Individuel, Electrique",,,,,"Réservoir à eau chaude, Individuel",Drainage principal,,,,,,,,,,,,,,,,,,,,,,,,
https://www.properstar.fr/annonce/101619360,maison,"Maison à vendre à Djerba Midoun, Tunisie",Villa • 4 pce(s) • 3 chambres • 3 sdb • 359 m² • réf: 1048030017-223,Djerba Midoun,146 312 €,33.775472,10.958095,4,1,3,3,3,,1,359 m²,,359 m²,1.0,1.0,,,,,1.0,,,1.0,1.0,,,,,,,,,,,,,,,,,,,,,,,,,,,,
https://www.properstar.fr/annonce/102565431,maison,BONNE AFFAIRE maison de village en construction,Maison villageoise • 4 pce(s) • 110 m² • réf: 140996,Hammamet,26 336 €,36.407257,10.622471,4,1,,,,,,110 m²,,190 m²,,,,,,,,,,,,,,,,,,,,,,,,,,,,,,,,,,,,,,,
https://www.properstar.fr/annonce/102565507,maison,Magnifique Villa à Borj Cedria,Villa • 10 pce(s) • 470 m² • réf: 1781137,Borj Cédria,213 615 €,36.688116,10.377863,10,2,,,,,,470 m²,,450 m²,,,Maison,2015,,,,Neuf,"Chauffage central, Individuel, Gaz",,,1.0,Luxe,"Chaudière, Individuel",,1.0,,1.0,,,,,,,,,,,,,,,,,,,,,
https://www.properstar.fr/annonce/103147771,maison,"Maison à vendre à El Kram, Tunisie",Villa • 4 pce(s) • 3 chambres • 1 sdb • 498 m² • réf: 1048015044-12,El Kram,731 559 €,36.85488,10.299279,4,1,3,1,1,,2,498 m²,498 m²,498 m²,,,Maison,1950,,,,,,,,,,,,,,,,,,,,,,,,,,,,,,,,,,,
https://www.properstar.fr/annonce/103319747,maison,"Maison à vendre à Radès, Tunisie",Maison individuelle • 4 pce(s) • 3 chambres • 2 sdb • 252 m² • réf: 1048042020-121,Radès,152 164 €,36.771598,10.276839,4,2,3,2,,,,252 m²,,252 m²,,1.0,,,,,,,,,,,,,,,,,,,,1.0,,,,,,,,,,,,,,,,,
https://www.properstar.fr/annonce/101920640,maison,"Maison à vendre à Gammarth, Tunisie",Maison jumelle • réf: 1048026027-15,Gammarth,702 296 €,36.917304,10.285253,,,,,,,,,,,1.0,,,,,,,,,,,,,,,1.0,,,,,,,,,,,,,,,,,,,,,,,
https://www.properstar.fr/annonce/101920653,maison,"Maison à vendre à La Soukra, Tunisie",Villa • 7 pce(s) • 6 chambres • 7 sdb • 444 m² • réf: 1048005019-74,La Soukra,321 886 €,36.885888,10.248797,7,3,6,7,,,,444 m²,,444 m²,,1.0,,,,,,,,,,,,,,,,,,,,,,,,,,,,,,,,,,,,,
https://www.properstar.fr/annonce/102696267,maison,"Maison à vendre à Djerba - Ajim, Tunisie",Maison individuelle • 12 pce(s) • 8 chambres • 4 sdb • 2532 m² • réf: 1048030007-122,Djerba Ajim,146 312 €,33.732254,10.760524,12,,8,4,4,,,2532 m²,2532 m²,2532 m²,,1.0,Maison,1970,,,,,,,1.0,,,,,,,,,,,,,,,,,,,,,,,,,,,,
https://www.properstar.fr/annonce/102982777,maison,"Maison à vendre à Djerba Midoun, Tunisie",Villa • 5 pce(s) • 3 chambres • 3 sdb • 734 m² • réf: 1048030017-226,Djerba Midoun,105 344 €,33.775472,10.958095,5,,3,3,3,,,734 m²,,734 m²,,1.0,,,,,,,,,,,,,,,,,,,,,,,,,,,,,,,,,,,,,
https://www.properstar.fr/annonce/102772701,maison,"Maison à vendre à Marsa, Tunisie",Villa • 7 pce(s) • 7 chambres • 440 m² • réf: 1048039018-6,Marsa,351 148 €,36.889117,10.322267,7,,7,,,,3,440 m²,,440 m²,,,,,,,,,,,,,,,,,,,,,,,,,,,,,,,,,,,,,,,
https://www.properstar.fr/annonce/103410707,maison,"Maison à vendre à Djerba - Midoun, Tunisie",Maison individuelle • 5 pce(s) • 4 chambres • 3 sdb • 2500 m² • réf: 1048030008-133,Robbana,141 922 €,33.775497,10.895957,5,,4,3,3,,,2500 m²,2500 m²,2500 m²,,1.0,Maison,2023,,,,,,,,,,,,,,,,,,1.0,,,,,,,,,,,,,,,,,
https://www.properstar.fr/annonce/101170966,maison,"Maison à vendre à El Jem, Tunisie",Bungalow • 3 pce(s) • 3 chambres • 2 sdb • 190 m² • réf: tunis,El Jem,65 000 €,35.292334,10.704151,3,,3,2,,,,190 m²,700 m²,,,,,,,,,,,,,,,,,,,,,,,,,,,,,,,,,,,,,,,,
https://www.properstar.fr/annonce/99484718,maison,Valorisation immobiliere Tunisie,Villa • 1 pce(s) • 1 chambres • réf: 2910232,Marsa,0,36.889117,10.322267,1,,1,,,,,,,,1.0,,Maison,2018,,,,Neuf,"Chauffage central, Individuel, Gaz",1.0,1.0,1.0,,"Chaudière, Individuel",Drainage principal,1.0,,,1.0,,,1.0,,1.0,1.0,,,,,,1.0,,,,,,,,
https://www.properstar.fr/annonce/100795284,maison,"Maison à vendre à Hammamet, Tunisie",Maison • 5 pce(s) • 4 chambres • 3 sdb • 362 m² • réf: VM1823-HAMMAMET,Hammamet,365 232 €,36.407257,10.622471,5,,4,3,4,,,362 m²,,,1.0,1.0,Maison,,2,443 m²,,Neuf,Gaz,,,,,,,,,,,,,,,,,,,,,,,,,,,,,,
https://www.properstar.fr/annonce/101113012,maison,Vente de deux villas luxueuses a Skanes Monastir,Villa • 6 pce(s) • 286 m² • Jardin • réf: 85302624,Monastir,406 893 €,35.764252,10.811288,6,2,,,,,,286 m²,,310 m²,1.0,,Maison,2025,,,,Neuf,"Air conditionné, Individuel, Gaz",1.0,1.0,1.0,Très luxueux,"Réservoir à eau chaude, Individuel",Drainage principal,1.0,2025,1.0,,,,1.0,,,1.0,1.0,1.0,,,,,,,,,,,,
https://www.properstar.fr/annonce/101081078,maison,"Maison à vendre à La Soukra, Tunisie",Villa • 8 pce(s) • 7 chambres • 6 sdb • 1800 m² • réf: 1048039014-1,La Soukra,555 985 €,36.885888,10.248797,8,,7,6,6,,3,1800 m²,,1800 m²,1.0,1.0,,,,,,,,,,,,,,,,,,,,,,,,,,,,,,,,,,,,,
https://www.properstar.fr/annonce/97903147,maison,VILLA DE STYLE MODERNE A VENDRE AVEC VUE SUR LA MER,Villa • 4 pce(s) • 340 m² • Rez-de-chaussée • réf: 84872293,Hammamet,258 972 €,36.407257,10.622471,4,,,,,,,340 m²,,262 m²,1.0,,Maison,,,,,Neuf,"Chauffage central, Individuel, Gaz",1.0,,,Luxe,"Chaudière, Individuel",,1.0,,,,,,,,,,,,,,,,,,,,,,,
https://www.properstar.fr/annonce/93197540,maison,Maison a vendre à Dar chaabane Nabeul,Maison • 8 pce(s) • Rez-de-chaussée • réf: 83579780,Cité Ennozha,73 156 €,33.604983,10.304364,8,,,,,,,,,103 m²,,,Maison,,,,,Bonne condition,,,,,Standard,Individuel,Drainage principal,,,,,,,,,,,,,,,,,,,,,,,,
https://www.properstar.fr/annonce/99491132,maison,"Maison à vendre à Al Haouaria, Tunisie",Villa • 5 pce(s) • 4 chambres • 2 sdb • 350 m² • réf: 1048015019-146,Al Haouaria,175 574 €,37.053462,11.011792,5,1,4,2,3,2,6,350 m²,630 m²,350 m²,,1.0,Maison,2019,,,1.0,,,1.0,1.0,,,,,1.0,,,,,,,,,,,,,,,,,,,,,,,
https://www.properstar.fr/annonce/99398912,maison,Villa en vente,Villa • 5 pce(s) • 550 m² • réf: 83401304,TanTana,605 818 €,35.918751,10.576029,5,2,,,,,,550 m²,,735 m²,,,Maison,,,,,Rénovation nécessaire,"Individuel, Gaz",,1.0,1.0,,"Réservoir à eau chaude, Individuel",Drainage principal,1.0,,,1.0,,,,,,,,,,,,,,,,,,,,
https://www.properstar.fr/annonce/99398992,maison,"Maison à vendre à Gammarth, Tunisie",Villa • 7 pce(s) • 400 m² • réf: 7875702,Gammarth,348 222 €,36.917304,10.285253,7,,,,,,,400 m²,,,1.0,,,,,,,,,1.0,,1.0,,,,1.0,,1.0,,,,1.0,,,,,,,,,,,,,,,,,
https://www.properstar.fr/annonce/99399155,maison,Valorisation immobiliere Tunisie,Maison • 1 pce(s) • 1 chambres • 1000 m² • Plain pied • réf: 2551365,Mornag,0,36.68529,10.288058,1,,1,,,,,1000 m²,,1200 m²,1.0,,Maison,2018,,,,Neuf,"Chauffage central, Individuel, Gaz",1.0,1.0,1.0,Très luxueux,"Chaudière, Individuel",Drainage principal,1.0,,,1.0,,,1.0,,1.0,1.0,,,,,,1.0,,,,,,,,
https://www.properstar.fr/annonce/99399168,maison,"Etage de villa S+3 à vendre, cité jawhra, Sousse",Villa • 4 pce(s) • 160 m² • 2ème étage • réf: 7981372,Sousse,73 156 €,35.834273,10.624582,4,,,,,,,160 m²,,,,,Maison,2004,,1,,Bonne condition,"Commun, Electrique",,,,,Individuel,,,,,,,,,,,,,,1.0,,,,,,,,,,,
https://www.properstar.fr/annonce/99399195,maison,Vente Villa Style Américain à Houmt Souk Djerba,Villa • 5 pce(s) • 270 m² • réf: 82552280,Médenine,361 683 €,33.228057,10.89031,5,,,,,,,270 m²,,450 m²,,,Maison,,,,,Excellente condition,"Chauffage central, Individuel, Gaz",1.0,1.0,1.0,Très luxueux,"Chaudière, Individuel",Fosse sceptique,1.0,,1.0,,,,1.0,,,1.0,,,,,,,,,,,,,,
https://www.properstar.fr/annonce/99399205,maison,"Golf résidence villa golf Hermes isolée 16, avec vue directe face au golf Tunis Bay",Villa • 7 pce(s) • 403 m² • 1er étage • réf: 3919400,Gammarth,408 912 €,36.917304,10.285253,7,1,,,,,,403 m²,,403 m²,1.0,,Maison,2018,,,,Neuf,"Chauffage central, Individuel, Gaz",1.0,,1.0,Luxe,"Solaire, Individuel",Station d'épuration,1.0,,1.0,1.0,,,1.0,,,,,,,,,,,,,,,,,
https://www.properstar.fr/annonce/99399308,maison,"À vendre : Villa avec Hammam, située à Cité Ettamir, Sousse",Villa • 20 pce(s) • 1 chambres • réf: 7548548,Sousse,760 821 €,35.824503,10.634584,20,,1,,,,,,,932 m²,,,Maison,,,,,Bonne condition,"Air conditionné, Individuel, Eau chaude",,,,Standard,"Réservoir à eau chaude, Individuel",,,,,,,,,,1.0,,,,,,,,,,,,,,,
https://www.properstar.fr/annonce/99399452,maison,Villa indépendante à Hergla,Villa • 5 pce(s) • 450 m² • Rez-de-chaussée • réf: 4464408,Hergla,286 771 €,36.031411,10.504303,5,1,,,,,,450 m²,,,1.0,,Maison,,,,,Bonne condition,"Chauffage central, Individuel, Gaz",1.0,,1.0,,"Chaudière, Individuel",Fosse sceptique,,,1.0,,,,,,,,,,,,,,,,,,,,,
https://www.properstar.fr/annonce/99399528,maison,"Maison à vendre à Gammarth, Tunisie",Villa • 475 m² • réf: 4521466,Gammarth,1 316 806 €,36.917304,10.285253,,,,,,,,475 m²,,,1.0,,,,,,,,,1.0,1.0,1.0,,,,1.0,,,1.0,,,1.0,,1.0,1.0,,,,,,1.0,,,,,,,,
https://www.properstar.fr/annonce/99536518,maison,À Vendre : Lot de 18 Villas Inachevées dans le Complexe West Gammarth Golf & Villas,Maison • 5925 m² • réf: 85116528,Gammarth,3 782 598 €,36.917304,10.285253,,,,,,,,5925 m²,,7513 m²,1.0,,Maison,2022,,,,Rénovation nécessaire,"Chauffage central, Individuel, Gaz",1.0,,1.0,,"Chaudière, Individuel",Drainage principal,1.0,,1.0,,,,1.0,,,,1.0,1.0,,,,,1.0,,,,,,,
https://www.properstar.fr/annonce/89834811,maison,"Maison à vendre à Djerba - Midoun, Tunisie",Villa • 5 chambres • 2 sdb • 947 m² • réf: 1048030008-52,Temlel,263 361 €,33.800489,11.017446,,1,5,2,2,,1,947 m²,947 m²,947 m²,1.0,1.0,Maison,2022,,,1.0,,,,,,,,,1.0,,,,,,1.0,,,,,,,,,,,,,,,,,
https://www.properstar.fr/annonce/92509760,maison,Villa style arabesque a vendre baraket sahel -Hammamet,Villa • 4 pce(s) • 260 m² • libre de suite • réf: 83436355,Hammamet,234 099 €,36.407257,10.622471,4,,,,,,,260 m²,,567 m²,,,Maison,,,,,Excellente condition,"Chauffage central, Individuel, Gaz",1.0,1.0,1.0,,"Chaudière, Individuel",Drainage principal,,,,,,,,,,,,,,,,,,,,,,,,
https://www.properstar.fr/annonce/97369954,maison,DAR CYRINE A HAMMAMET NORD,Villa • 5 pce(s) • 150 m² • Rez-de-chaussée • réf: 84721629,Hammamet,0,36.407257,10.622471,5,,,,,,,150 m²,,260 m²,,,Maison,,,,,Excellente condition,"Chauffage central, Individuel, Gaz",1.0,1.0,,,"Chaudière, Individuel",,,,,,,,,,,,,,,,,,,,,,,,,
https://www.properstar.fr/annonce/101920652,maison,"Maison à vendre à Gammarth, Tunisie",Maison jumelée • 370 m² • réf: 1048026027-17,Gammarth,877 870 €,36.917304,10.285253,,,,,,,,370 m²,,370 m²,,,,,,,,,,,,,,,,,,,,,,,,,,,,,,,,,,,,,,,
https://www.properstar.fr/annonce/103102562,maison,"Maison à vendre à Radès, Tunisie",Villa • 7 pce(s) • 7 chambres • 2 sdb • 1014 m² • réf: 1048039018-10,Rades Ville,702 296 €,36.764334,10.268425,7,2,7,2,3,,3,1014 m²,,1014 m²,,1.0,Maison,1993,,,,,,,,,,,,1.0,,,,,,,,,1.0,,,,,,,,,,,,,,
https://www.properstar.fr/annonce/103180825,maison,"Maison à vendre à Marsa, Tunisie",Villa • 5 pce(s) • 4 chambres • 3 sdb • réf: 1048032010-30,Marsa,0,36.889117,10.322267,5,2,4,3,,,,,492 m²,,1.0,1.0,,,,,1.0,,,1.0,1.0,,,,,1.0,,,,,,,,,,,,,,,,,,,,,,,
https://www.properstar.fr/annonce/102565212,maison,ensemble de 3 maisons,Maison • 20 pce(s) • 890 m² • réf: 967676,Sousse,234 099 €,35.824503,10.634584,20,2,,,,,,890 m²,,1000 m²,,,Maison,,,,,Rénovation nécessaire,Air conditionné,,,1.0,,"Réservoir à eau chaude, Individuel",Drainage principal,,,,,,,,,,,,,,,,,,,,,,,,
https://www.properstar.fr/annonce/102565265,maison,Maison de campagne,Maison • 6 pce(s) • 1439 m² • Rez-de-chaussée • réf: 1275326,Kalâa Seghira,87 787 €,35.821756,10.560554,6,,,,,,,1439 m²,,1439 m²,,,Maison,,,,,Rénovation nécessaire,"Chauffage central, Individuel",,,,Standard,"Réservoir à eau chaude, Individuel",Drainage principal,,,,,,,,,,,,,,,,,,,,,,,,
https://www.properstar.fr/annonce/102565278,maison,À Vendre - Belle Villa à Akouda,Villa • 5 pce(s) • 319 m² • réf: 1916994,Akouda,351 148 €,35.87,10.57,5,2,,,,,,319 m²,,,,,Maison,,,,,Bonne condition,"Chauffage central, Individuel, Gaz",,,1.0,,"Chaudière, Individuel",,1.0,,,,,,,,,,,,,,,,,,,,,,,
https://www.properstar.fr/annonce/102565508,maison,Maison de 334 m2,Maison • 10 pce(s) • 334 m² • réf: 1670800,Akouda,213 615 €,35.87,10.57,10,,,,,,,334 m²,,334 m²,,,Maison,,,,,Rénovation nécessaire,"Chauffage central, Individuel, Gaz",,,,Standard,"Chaudière, Individuel",Drainage principal,,,,,,,,,,,,,,,,,,,,,,,,
https://www.properstar.fr/annonce/102565692,maison,A vendre maison de campagne en cours d'achèvement construction,Maison villageoise • 4 pce(s) • réf: 342226,Hammamet,0,36.407257,10.622471,4,,,,,,,,,150 m²,,,Maison,2017,,,,Rénovation nécessaire,,,,,,,,,,,,,,,,,,,,,,,,,,,,,,,
https://www.properstar.fr/annonce/103666998,maison,"Maison à vendre à Al Haouaria, Tunisie",Villa • 2 pce(s) • 4 chambres • 3 sdb • 691 m² • réf: 1048015019-83,Al Haouaria,198 984 €,37.053462,11.011792,2,1,4,3,4,2,2,691 m²,697 m²,691 m²,,,Maison,2010,,,,,,,,,,,,1.0,,,,,,,,,,,,,,,,,,,,,,,
https://www.properstar.fr/annonce/102191455,maison,"Maison à vendre à El Kantaoui, Tunisie",Villa • 5 pce(s) • 4 chambres • 3 sdb • 900 m² • 4ème étage • réf: 1048015021-136,El Kantaoui,1 024 182 €,35.886399,10.591507,5,2,4,3,4,,3,900 m²,,900 m²,1.0,,Maison,2014,,,,,,,1.0,,,,,1.0,,,,,,,,,,,,,,,,,,,,,,,
https://www.properstar.fr/annonce/102666492,maison,"Maison à vendre à Djerba Midun, Tunisie",Villa • 4 pce(s) • 3 chambres • 2 sdb • réf: 1048030017-194,Djerba Midun,172 648 €,33.821572,10.997658,4,,3,2,2,,,,516 m²,,1.0,1.0,,,,,,,,,,,,,,1.0,,,,,,1.0,,,,,,,,,,,,,,,,,
https://www.properstar.fr/annonce/101093124,maison,"Maison à vendre à Hammamet, Tunisie",Maison • 5 pce(s) • 4 chambres • 5 sdb • 350 m² • réf: VM1833-HAMMAMET,Hammamet,371 422 €,36.407257,10.622471,5,,4,5,7,,,350 m²,,,1.0,1.0,Maison,,1,394 m²,,,Gaz,,,,,,,,,,,,,,,,,,,,,,,,,,,,,,
https://www.properstar.fr/annonce/99284571,maison,"Maison à vendre à Tunis, Tunisie",Maison • 4 pce(s) • 3 chambres • 1 sdb • 143 m² • réf: VM1759-HAMMAMET,Tunis,402 374 €,36.806495,10.181532,4,,3,1,1,,,143 m²,,,,,Maison,,2,612 m²,,,Gaz,,,,,,,,,,,,,,,,,,,,,,,,,,,,,,
https://www.properstar.fr/annonce/98475488,maison,"Maison à vendre à Hammamet, Tunisie",Villa • 7 pce(s) • 4 chambres • 4 sdb • réf: 1048042013-2,Hammamet,257 509 €,36.407257,10.622471,7,3,4,4,4,,1,,270 m²,,1.0,,Maison,2024,,,,,,,,,,,,1.0,,,,,,,,,,,,,,,,,,,,,,,
https://www.properstar.fr/annonce/99398694,maison,🌟 BIENVENUE DANS VOTRE RÊVE DE LUXE : VILLA D'EXCEPTION À DÉCOUVRIR ! 🌟,Villa • 19 pce(s) • 4000 m² • réf: 84334403,Bizerte,2 260 517 €,37.274612,9.862724,19,,,,,,,4000 m²,,4000 m²,,,Maison,,,,,Excellente condition,"Chauffage central, Individuel, Gaz",1.0,,,,"Chaudière, Individuel",Drainage principal,,,,,,,,,,,,,,,,,,,,,,,,
https://www.properstar.fr/annonce/99398887,maison,A vendre une charmante villa à chatt mariem,Villa • 4 pce(s) • Plain pied • réf: 84424667,Chott Meriam,321 886 €,35.933487,10.546488,4,,,,,,,,,1100 m²,,,Maison,,,,,Bonne condition,Individuel,,,,Standard,"Chaudière, Individuel",Drainage principal,,,,,,,,,,,,,,,,,,,,,,,,
https://www.properstar.fr/annonce/99398991,maison,"Maison à vendre à Gammarth, Tunisie",Villa • 7 pce(s) • 418 m² • réf: 7875290,Gammarth,348 222 €,36.917304,10.285253,7,,,,,,,418 m²,,,1.0,,,,,,,,,1.0,,1.0,,,,1.0,,1.0,,,,1.0,,,,,,,,,,,,,,,,,
https://www.properstar.fr/annonce/99399091,maison,Maison de village 300 m2 à 3 mn de la mer,Maison mitoyenne • 13 pce(s) • réf: 2210505,Hammamet,163 869 €,36.407257,10.622471,13,2,,,,,,,,300 m²,,1.0,Maison,,,,,Rénovation nécessaire,,,,,,Individuel,,,,,,,,,,1.0,,,,,,,,,,,,,,,
https://www.properstar.fr/annonce/99399141,maison,Villa de charme à vendre à Khezema Est,Villa • 600 m² • réf: 3365293,Sousse,731 559 €,35.824503,10.634584,,2,,,,,,600 m²,,,,,Maison,,,,,Bonne condition,,1.0,,1.0,,"Réservoir à eau chaude, Individuel",,,,,,,,,,,,,,,,,,,,,,,,,
https://www.properstar.fr/annonce/99399297,maison,Vente 2ème Étage de Villa Haut Standing,Villa • 4 pce(s) • 2ème étage • réf: 5693027,Tataouine,79 008 €,32.940876,10.455813,4,,,,,,,,,180 m²,,,Maison,,,,,Excellente condition,"Air conditionné, Individuel, Eau chaude",1.0,,,Luxe,"Réservoir à eau chaude, Individuel",,,,,,,,,,,1.0,,,,,,,,,,,,,,
https://www.properstar.fr/annonce/99399451,maison,Villa golf isolée neuve de 458 m2 avec 4 chambres terrasse jardin piscine,Villa • 8 pce(s) • 458 m² • réf: 1874781,Gammarth,471 294 €,36.917304,10.285253,8,1,,,,,,458 m²,,688 m²,1.0,,Maison,2019,,,,Neuf,"Chauffage central, Individuel, Gaz",1.0,,1.0,Très luxueux,"Réservoir à eau chaude, Individuel",Station d'épuration,1.0,,1.0,1.0,,,1.0,,,1.0,,,,,,1.0,,,,,,,,
https://www.properstar.fr/annonce/99399527,maison,🏡 Demeure de Luxe Exceptionnelle sur le Golf d'El Kantaoui 🏡,Villa • 600 m² • réf: 83172146,Akouda,1 356 310 €,35.915833,10.563368,,,,,,,,600 m²,,700 m²,1.0,,Maison,,,,,Neuf,"Chauffage central, Individuel, Gaz",1.0,1.0,1.0,Très luxueux,"Chaudière, Individuel",Drainage principal,,2021,,,,,1.0,,,1.0,,,,,,,1.0,,,,,,,
https://www.properstar.fr/annonce/99484627,maison,Charmante Villa à Hammam Ghrabi à Vendre,Maison jumelle • 4 pce(s) • 160 m² • Rez-de-chaussée • réf: 82553893,Hammam Sousse,137 533 €,35.886399,10.591507,4,,,,,,,160 m²,,265 m²,,,Maison,,,,,Neuf,"Chauffage central, Individuel, Gaz",,,,,"Chaudière, Individuel",,,,,,,,,,,,,,,,,,,,,,,,,
https://www.properstar.fr/annonce/100409542,maison,Vente Villa Sayada avec piscine,Villa • 8 pce(s) • 562 m² • réf: 85240255,Sayada,438 935 €,35.661334,10.904428,8,2,,,,,,562 m²,,600 m²,1.0,,Maison,1996,,,,Rénovation nécessaire,"Chauffage central, Individuel, Solaire",1.0,1.0,1.0,,"Réservoir à eau chaude, Individuel",,1.0,,1.0,1.0,,,1.0,,,1.0,,,,,,,,,,,,,,
https://www.properstar.fr/annonce/99722444,maison,"Maison à vendre à Djerba - Midoun, Tunisie",Villa • 5 pce(s) • 4 chambres • 3 sdb • 400 m² • réf: 1048030007-104,Midoun,218 005 €,33.824676,10.999569,5,1,4,3,3,,1,400 m²,400 m²,400 m²,1.0,1.0,Maison,2020,,,1.0,,,1.0,1.0,,,,,1.0,,,,,,1.0,,,,,,,,,,,,,,,,,
https://www.properstar.fr/annonce/94345831,maison,"Maison à vendre à Monastir, Tunisie",Villa • 6 pce(s) • 5 chambres • 3 sdb • réf: 1048037003-41,Monastir,0,35.764252,10.811288,6,3,5,3,,,,,1000 m²,,1.0,1.0,Maison,2013,,,1.0,,,1.0,1.0,,,,,1.0,,,,,,1.0,,,1.0,,,,,,,,,,,,,,
https://www.properstar.fr/annonce/97431975,maison,"Maison à vendre à Denden, Tunisie",Villa • 9 pce(s) • 4 chambres • 3 sdb • réf: 1048007052-21,Denden,0,36.809841,10.111518,9,2,4,3,3,,2,,304 m²,,,1.0,Maison,2000,,,1.0,,,1.0,,,,,,1.0,,,,,,,,,1.0,,,,,,,,,,,,,,
https://www.properstar.fr/annonce/81304795,maison,VILLA EN VENTE HAMMAMET,Villa • 5 pce(s) • 250 m² • 1er étage • réf: 6725741,Hammamet,198 984 €,36.407257,10.622471,5,,,,,,,250 m²,,460 m²,1.0,,Maison,,,,,Neuf,"Chauffage central, Individuel, Gaz",1.0,,,Très luxueux,"Chaudière, Individuel",Fosse sceptique,,,,1.0,,,,,,,,,,,,,,,,,,,,
https://www.properstar.fr/annonce/82518261,maison,Maison bleue sur 400 m2.,Maison • 5 pce(s) • 300 m² • 1er étage • libre de suite • réf: 6808360,Hammamet,239 951 €,36.407257,10.622471,5,,,,,,,300 m²,,400 m²,,,Maison,1994,,,,Rénovation nécessaire,"Chauffage central, Individuel, Gaz",1.0,1.0,,Standard,"Chaudière, Individuel",Drainage principal,1.0,,1.0,,,,,,,1.0,,,,,,,,,,,,,,
https://www.properstar.fr/annonce/90541783,maison,"Maison à vendre à Monastir, Tunisie",Villa • 6 pce(s) • 4 chambres • 1 sdb • réf: 1048037001-13,Monastir,275 066 €,35.764252,10.811288,6,,4,1,1,,,,370 m²,,,,,,,,1.0,,,1.0,,,,,,,,,,,,,,,,,,,,,,,,,,,,,
https://www.properstar.fr/annonce/85219228,maison,"Maison à vendre à Monastir, Tunisie",Villa • 17 pce(s) • 9 chambres • 8 sdb • réf: 1048037003-11,Monastir,0,35.744713,10.788723,17,1,9,8,2,,,,1200 m²,,1.0,1.0,,,,,1.0,,,1.0,,,,,,,,,,,,,1.0,1.0,,,,,,,,,,,,,,,
https://www.properstar.fr/annonce/102601016,maison,"Maison à vendre à Tunis, Tunisie",Villa • 10 pce(s) • 7 chambres • 4 sdb • réf: 1048007110-189,Tunis,526 722 €,36.806495,10.181532,10,,7,4,5,,,,,,,,,,,,,,,,,,,,,,,,,,,,,,,,,,,,,,,,,,,,
https://www.properstar.fr/annonce/103666999,maison,"Maison à vendre à Kélibia, Tunisie",Villa • 5 pce(s) • 3 chambres • 2 sdb • 500 m² • réf: 1048015019-133,Kélibia,160 943 €,36.84616,11.099467,5,,3,2,3,,2,500 m²,500 m²,500 m²,,1.0,,,,,,,,,1.0,,,,,,,,,,,,,,,,,,,,,,,,,,,,
https://www.properstar.fr/annonce/90541783,maison,"Maison à vendre à Monastir, Tunisie",Villa • 6 pce(s) • 4 chambres • 1 sdb • réf: 1048037001-13,Monastir,275 066 €,35.764252,10.811288,6,,4,1,1,,,,370 m²,,,,,,,,1.0,,,1.0,,,,,,,,,,,,,,,,,,,,,,,,,,,,,
https://www.properstar.fr/annonce/94345831,maison,"Maison à vendre à Monastir, Tunisie",Villa • 6 pce(s) • 5 chambres • 3 sdb • réf: 1048037003-41,Monastir,0,35.764252,10.811288,6,3,5,3,,,,,1000 m²,,1.0,1.0,Maison,2013,,,1.0,,,1.0,1.0,,,,,1.0,,,,,,1.0,,,1.0,,,,,,,,,,,,,,
https://www.properstar.fr/annonce/85219228,maison,"Maison à vendre à Monastir, Tunisie",Villa • 17 pce(s) • 9 chambres • 8 sdb • réf: 1048037003-11,Monastir,0,35.744713,10.788723,17,1,9,8,2,,,,1200 m²,,1.0,1.0,,,,,1.0,,,1.0,,,,,,,,,,,,,1.0,1.0,,,,,,,,,,,,,,,
https://www.properstar.fr/annonce/81304795,maison,VILLA EN VENTE HAMMAMET,Villa • 5 pce(s) • 250 m² • 1er étage • réf: 6725741,Hammamet,198 984 €,36.407257,10.622471,5,,,,,,,250 m²,,460 m²,1.0,,Maison,,,,,Neuf,"Chauffage central, Individuel, Gaz",1.0,,,Très luxueux,"Chaudière, Individuel",Fosse sceptique,,,,1.0,,,,,,,,,,,,,,,,,,,,
https://www.properstar.fr/annonce/82518261,maison,Maison bleue sur 400 m2.,Maison • 5 pce(s) • 300 m² • 1er étage • libre de suite • réf: 6808360,Hammamet,239 951 €,36.407257,10.622471,5,,,,,,,300 m²,,400 m²,,,Maison,1994,,,,Rénovation nécessaire,"Chauffage central, Individuel, Gaz",1.0,1.0,,Standard,"Chaudière, Individuel",Drainage principal,1.0,,1.0,,,,,,,1.0,,,,,,,,,,,,,,
https://www.properstar.fr/annonce/102853356,maison,"Maison à vendre à Marsa, Tunisie",Villa • réf: 1048007110-191,Marsa,643 772 €,36.889117,10.322267,,,,,,,2,,,,,,,,,,,,,,,,,,,,,,,,,,,,,,,,,,,,,,,,,,
https://www.properstar.fr/annonce/103256619,maison,"Maison à vendre à Sidi Hassine, Tunisie",Maison jumelée • 3 pce(s) • 2 chambres • 1 sdb • 173 m² • réf: 1048007052-45,سيدي حسين,26 336 €,36.757673,10.109914,3,,2,1,1,,2,173 m²,173 m²,173 m²,,1.0,Maison,2001,,,,,,,,,,,,,,,,,,,,,,,,,,,,,,,,,,,
https://www.properstar.fr/annonce/103581870,maison,"Maison à vendre à Hammam Ghezèze, Tunisie",Villa • 9 pce(s) • 4 chambres • 5 sdb • 330 m² • réf: 1048015019-158,Ezzahra,555 985 €,36.901686,11.102296,9,1,4,5,5,,3,330 m²,1345 m²,330 m²,,1.0,Maison,2015,,,1.0,,,1.0,,,,,,1.0,,,,,1.0,1.0,1.0,,1.0,,,,,,,,,,,,,,
https://www.properstar.fr/annonce/100904564,maison,vente villa indépendante s+3 avec studio,Villa • 4 pce(s) • Plain pied • réf: 85289069,Sousse,277 992 €,35.824503,10.634584,4,,,,,,,,,520 m²,,,Maison,,,,,Bonne condition,"Radiateur, Individuel",1.0,,1.0,Standard,"Chaudière, Individuel",Drainage principal,,,,,,,,,,,,,,,,,,,,,,,,
https://www.properstar.fr/annonce/101119547,maison,Vente de deux villas luxueuses a Skanes Monastir,Villa • 5 pce(s) • 195 m² • Jardin • réf: 85302628,Monastir,295 901 €,35.764252,10.811288,5,2,,,,,,195 m²,,256 m²,1.0,,Maison,2025,,,,Neuf,"Air conditionné, Individuel, Gaz",1.0,1.0,1.0,Très luxueux,"Réservoir à eau chaude, Individuel",Drainage principal,1.0,2025,1.0,,,,1.0,,,1.0,1.0,1.0,,,,,,,,,,,,
https://www.properstar.fr/annonce/101318447,maison,"Maison à vendre à Site archéologique de Carthage, Tunisie",Villa • 9 pce(s) • 9 chambres • 4 sdb • 453 m² • 2ème étage • réf: 1048007055-3,Site archéologique de Carthage,643 772 €,36.862585,10.332949,9,1,9,4,4,3,2,453 m²,290 m²,453 m²,,1.0,Maison,1981,,,1.0,,,,,,,,,,,,,,,,,,,,,,,,,,,,,,,,
https://www.properstar.fr/annonce/101465174,maison,"Maison à vendre à Ariana, Tunisie",Villa • 9 pce(s) • 6 chambres • 3 sdb • 770 m² • réf: 1048026001-193,Ariana,526 722 €,36.866537,10.164723,9,,6,3,2,,4,770 m²,,770 m²,1.0,,Maison,1960,,,,,,,,,,,,1.0,,,,,,,,,,,,,,,,,,,,,,,
https://www.properstar.fr/annonce/102565356,maison,vente ensemble immobilier à Sousse,Maison • 10 pce(s) • 350 m² • réf: 82321287,Sousse,135 631 €,35.824503,10.634584,10,,,,,,,350 m²,,236 m²,,,Maison,2002,,,,Rénovation nécessaire,Individuel,,,,Standard,,,,,,,,,,,,,,,,,,,,,,,,,,
https://www.properstar.fr/annonce/102565509,maison,VILLA 4 CHAMBRES,Villa • 6 pce(s) • réf: 3566638,Sahline,210 982 €,35.751254,10.711646,6,,,,,,,,,,,,Maison,,,,,Bonne condition,"Radiateur, Individuel, Gaz",,,,,"Chaudière, Individuel",Drainage principal,,,,,,,,,,,,,,,,,,,,,,,,
https://www.properstar.fr/annonce/103559511,maison,"Maison à vendre à Hammamet, Tunisie",Maison • 5 pce(s) • 4 chambres • 2 sdb • 220 m² • réf: VM1490-HAMMAMET,Hammamet,216 663 €,36.407257,10.622471,5,,4,2,2,,,220 m²,,,1.0,1.0,Maison,,1,270 m²,,Neuf,Gaz,,,,,,,,,,,,,,,,,,,,,,,,,,,,,,
https://www.properstar.fr/annonce/100427956,maison,"Maison à vendre à Hammamet, Tunisie",Maison • 6 pce(s) • 3 chambres • 2 sdb • 200 m² • réf: VM938-HAMMAMET,Hammamet,164 045 €,36.407257,10.622471,6,,3,2,2,,,200 m²,,,,1.0,,,,123 m²,1.0,,,,,,,,,,,,,,,,,,,,,,,,,,,,,,,,
https://www.properstar.fr/annonce/88010885,maison,"Maison à vendre à Monastir, Tunisie",Villa • 4 pce(s) • 3 chambres • 2 sdb • réf: 1048037001-7,Monastir,0,35.764252,10.811288,4,3,3,2,,,4,,800 m²,,1.0,1.0,,,,,1.0,,,,,,,,,,,,,,,,,,,,,,,,,,,,,,,,
https://www.properstar.fr/annonce/81304783,maison,VILLA LUXUEUSE A VENDRE HAMMAMET NORD,Villa • 6 pce(s) • 500 m² • Rez-de-chaussée • réf: 6999948,Hammamet,936 395 €,36.407257,10.622471,6,,,,,,,500 m²,,780 m²,1.0,,Maison,,,,,Neuf,"Chauffage central, Individuel, Electrique",1.0,1.0,1.0,Luxe,"Chaudière, Individuel",Drainage principal,1.0,,1.0,,,,,,,,,1.0,,,,,,,,,,,,
https://www.properstar.fr/annonce/98116360,maison,A vendre villa en S3 avec piscine à Baraket Sahel Hammamet,Villa • 4 pce(s) • 289 m² • Rez-de-chaussée • réf: 84918969,Hammamet,228 246 €,36.407257,10.622471,4,,,,,,,289 m²,,229 m²,1.0,,Maison,,,,,Neuf,"Chauffage central, Individuel, Gaz",1.0,1.0,1.0,Luxe,"Chaudière, Individuel",Drainage principal,,,,,,,,,,,,,,,,,,,,,,,,
https://www.properstar.fr/annonce/97828196,maison,"Maison à vendre à Djerba - Midoun, Tunisie",Maison avec appartements • 10 pce(s) • 6 chambres • 4 sdb • réf: 1048030017-110,Arkou,269 214 €,33.784957,11.006138,10,1,6,4,4,4,364,,2736 m²,,1.0,1.0,Maison,2017,,,,,,1.0,1.0,,,,,1.0,,,,,,,,,,,,,,,,,,,,,,,
https://www.properstar.fr/annonce/99015039,maison,,,,,,,,,,,,,,,,,,,,,,,,,,,,,,,,,,,,,,,,,,,,,,,,,,,,,,,
https://www.properstar.fr/annonce/99134666,maison,,,,,,,,,,,,,,,,,,,,,,,,,,,,,,,,,,,,,,,,,,,,,,,,,,,,,,,
https://www.properstar.fr/annonce/81304783,maison,,,,,,,,,,,,,,,,,,,,,,,,,,,,,,,,,,,,,,,,,,,,,,,,,,,,,,,
https://www.properstar.fr/annonce/82518259,maison,,,,,,,,,,,,,,,,,,,,,,,,,,,,,,,,,,,,,,,,,,,,,,,,,,,,,,,
https://www.properstar.fr/annonce/85052817,maison,MAISON A VENDRE BARAKET SAHEL /HAMMAMET,Maison • 10 pce(s) • 440 m² • Rez-de-chaussée • réf: 7267386,Hammamet,152 164 €,36.407257,10.622471,10,,,,,,,440 m²,,440 m²,,,Maison,,,,,Bonne condition,"Chauffage central, Individuel, Gaz",1.0,1.0,1.0,Standard,"Réservoir à eau chaude, Individuel",Drainage principal,,,1.0,,1.0,,,,,,,,,,,,,,,,,,,
https://www.properstar.fr/annonce/94219908,maison,"Maison à vendre à Djerba Midoun, Tunisie",Villa • 3 chambres • 2 sdb • 360 m² • réf: 1048030008-74,Djerba Midoun,127 291 €,33.775472,10.958095,,,3,2,2,,,360 m²,360 m²,360 m²,1.0,1.0,Maison,2022,,,,,,1.0,1.0,,,,,1.0,,,,,,1.0,,,1.0,,,,,,,,,,,,,,
https://www.properstar.fr/annonce/88010885,maison,"Maison à vendre à Monastir, Tunisie",Villa • 4 pce(s) • 3 chambres • 2 sdb • réf: 1048037001-7,Monastir,0,35.764252,10.811288,4,3,3,2,,,4,,800 m²,,1.0,1.0,,,,,1.0,,,,,,,,,,,,,,,,,,,,,,,,,,,,,,,,
https://www.properstar.fr/annonce/90681981,maison,"Maison à vendre à Djerba Midun, Tunisie",Villa • 11 pce(s) • 3 chambres • 2 sdb • 422 m² • réf: 1048030008-55,Djerba Midun,138 996 €,33.821572,10.997658,11,1,3,2,2,,1,422 m²,422 m²,422 m²,1.0,1.0,Maison,2022,,,1.0,,,1.0,1.0,,,,,1.0,,,,,,1.0,,,,,,,,,,,,,,,,,
https://www.properstar.fr/annonce/99398820,maison,Tunis Bay résidentiel golf villa Hermes jumelée 5 chambres terrasse jardin piscine privee,Villa • 7 pce(s) • 277 m² • réf: 6211226,Tunisie,0,33.886917,9.537499,7,1,,,,,,277 m²,,400 m²,,,Maison,2020,,,,Neuf,"Air conditionné, Individuel, Gaz",1.0,1.0,1.0,Très luxueux,"Chaudière, Individuel",,1.0,,1.0,,,,1.0,,,,1.0,1.0,,,,,,,,,,,,
https://www.properstar.fr/annonce/99398846,maison,"Maison à vendre à Nabeul, Tunisie",Maison jumelle • 3 pce(s) • 75 m² • Rez-de-chaussée • réf: 8081208,Nabeul,160 943 €,36.451289,10.735663,3,,,,,,,75 m²,,,1.0,,Maison,,,,,,"Chauffage central, Individuel, Gaz",1.0,,,,"Chaudière, Individuel",,1.0,,,,,,1.0,,1.0,,1.0,,,,,1.0,1.0,,,,,,,
https://www.properstar.fr/annonce/99398990,maison,"Maison à vendre à Gammarth, Tunisie",Villa • 7 pce(s) • 407 m² • réf: 7875297,Gammarth,348 222 €,36.917304,10.285253,7,,,,,,,407 m²,,,1.0,,,,,,,,,1.0,,1.0,,,,1.0,,1.0,,,,1.0,,,,,,,,,,,,,,,,,
https://www.properstar.fr/annonce/99399100,maison,"Golf résidence villa golf Hermes isolée 24, avec vue directe face au golf Tunis Bay",Villa • 7 pce(s) • 403 m² • 1er étage • réf: 2765089,Gammarth,454 624 €,36.917304,10.285253,7,1,,,,,,403 m²,,403 m²,1.0,,Maison,2018,,,,Neuf,"Chauffage central, Individuel, Gaz",1.0,,1.0,Luxe,"Solaire, Individuel",Station d'épuration,1.0,,1.0,1.0,,,1.0,,,,,,,,,,,,,,,,,
https://www.properstar.fr/annonce/99399140,maison,magnifique maison à l'intérieur de la médina sur la mer,Maison • réf: 5242829,Hammamet,877 870 €,36.407257,10.622471,,1,,,,,,,,200 m²,,,Maison,,,,,Rénovation nécessaire,,,,,,,,,,,,,,,,,,,,,,,,,,,,,,,
https://www.properstar.fr/annonce/99399423,maison,Villa Djerba,Villa • 330 m² • réf: 84859305,Aghir,184 353 €,33.765881,11.018859,,,,,,,,330 m²,,,1.0,,,,,,,,,1.0,,,,,,,,,,,,,,,,,,,,,,,,,,,,,
https://www.properstar.fr/annonce/99399476,maison,À Vendre – Maisons de Campagne avec Terrain Agricole à Kalaa Sghira,Maison villageoise • 4800 m² • réf: 82373902,En-Nagr,49 746 €,35.797297,10.501491,,,,,,,,4800 m²,,,,,,,,,,,,,,,,,,,,,,,,,,,,,,,,,,,,,,,,,
https://www.properstar.fr/annonce/99399490,maison,"Maison à vendre à Gammarth, Tunisie",Villa • 7 pce(s) • 372 m² • réf: 7875362,Gammarth,291 160 €,36.917304,10.285253,7,,,,,,,372 m²,,,1.0,,,,,,,,,1.0,,1.0,,,,1.0,,1.0,,,,1.0,,,,,,,,,,,,,,,,,
https://www.properstar.fr/annonce/99399513,maison,"Maison à vendre à Gammarth, Tunisie",Villa • 7 pce(s) • 475 m² • réf: 4521463,Gammarth,1 521 642 €,36.917304,10.285253,7,,,,,,,475 m²,,,1.0,,,,,,,,,1.0,1.0,1.0,,,,1.0,,,1.0,,,1.0,,1.0,1.0,,,,,,1.0,,,,,,,,
https://www.properstar.fr/annonce/99472513,maison,Villa vue mer S3 plus 150 m2 situé dans une très belle résidence avec jardin piscine plage privée,Villa • 5 pce(s) • 156 m² • Plain pied • réf: 1600017,Tabarka,193 952 €,36.948275,8.74261,5,,,,,,,156 m²,,203 m²,1.0,,Maison,,,,,Excellente condition,"Chauffage central, Commun, Eau chaude",1.0,1.0,,Luxe,"Chaudière, Individuel",Station d'épuration,1.0,,,1.0,,,1.0,,1.0,1.0,,,,,,1.0,,,,,,,,
https://www.properstar.fr/annonce/99399140,maison,magnifique maison à l'intérieur de la médina sur la mer,Maison • réf: 5242829,Hammamet,877 870 €,36.407257,10.622471,,1,,,,,,,,200 m²,,,Maison,,,,,Rénovation nécessaire,,,,,,,,,,,,,,,,,,,,,,,,,,,,,,,
https://www.properstar.fr/annonce/99399423,maison,Villa Djerba,Villa • 330 m² • réf: 84859305,Aghir,184 353 €,33.765881,11.018859,,,,,,,,330 m²,,,1.0,,,,,,,,,1.0,,,,,,,,,,,,,,,,,,,,,,,,,,,,,
https://www.properstar.fr/annonce/99399476,maison,À Vendre – Maisons de Campagne avec Terrain Agricole à Kalaa Sghira,Maison villageoise • 4800 m² • réf: 82373902,En-Nagr,49 746 €,35.797297,10.501491,,,,,,,,4800 m²,,,,,,,,,,,,,,,,,,,,,,,,,,,,,,,,,,,,,,,,,
https://www.properstar.fr/annonce/99399490,maison,"Maison à vendre à Gammarth, Tunisie",Villa • 7 pce(s) • 372 m² • réf: 7875362,Gammarth,291 160 €,36.917304,10.285253,7,,,,,,,372 m²,,,1.0,,,,,,,,,1.0,,1.0,,,,1.0,,1.0,,,,1.0,,,,,,,,,,,,,,,,,
https://www.properstar.fr/annonce/99399513,maison,"Maison à vendre à Gammarth, Tunisie",Villa • 7 pce(s) • 475 m² • réf: 4521463,Gammarth,1 521 642 €,36.917304,10.285253,7,,,,,,,475 m²,,,1.0,,,,,,,,,1.0,1.0,1.0,,,,1.0,,,1.0,,,1.0,,1.0,1.0,,,,,,1.0,,,,,,,,
https://www.properstar.fr/annonce/99472513,maison,Villa vue mer S3 plus 150 m2 situé dans une très belle résidence avec jardin piscine plage privée,Villa • 5 pce(s) • 156 m² • Plain pied • réf: 1600017,Tabarka,193 952 €,36.948275,8.74261,5,,,,,,,156 m²,,203 m²,1.0,,Maison,,,,,Excellente condition,"Chauffage central, Commun, Eau chaude",1.0,1.0,,Luxe,"Chaudière, Individuel",Station d'épuration,1.0,,,1.0,,,1.0,,1.0,1.0,,,,,,1.0,,,,,,,,
https://www.properstar.fr/annonce/99484899,maison,Villa style Anglais en bord de mer,Maison jumelle • 6 pce(s) • 3 chambres • 240 m² • réf: 4356871,Raoued,119 054 €,36.948782,10.198343,6,2,3,,,,,240 m²,,400 m²,,,Maison,,,1,,Bonne condition,"Radiateur, Individuel, Gaz",1.0,,,Luxe,"Chaudière, Individuel",Drainage principal,1.0,,1.0,1.0,,,1.0,,,,,,,,,,,,,,,,,
https://www.properstar.fr/annonce/94219908,maison,"Maison à vendre à Djerba Midoun, Tunisie",Villa • 3 chambres • 2 sdb • 360 m² • réf: 1048030008-74,Djerba Midoun,127 291 €,33.775472,10.958095,,,3,2,2,,,360 m²,360 m²,360 m²,1.0,1.0,Maison,2022,,,,,,1.0,1.0,,,,,1.0,,,,,,1.0,,,1.0,,,,,,,,,,,,,,
https://www.properstar.fr/annonce/96366105,maison,"Maison à vendre à Al Haouaria, Tunisie",Villa • 1300 m² • 1er étage • réf: 1048015019-82,Al Haouaria,231 173 €,37.053462,11.011792,,2,,,,,10,1300 m²,1300 m²,1300 m²,,,Maison,2021,,,,,,,,,,,,,,,,,,,,,,,,,,,,,,,,,,,
https://www.properstar.fr/annonce/99015039,maison,"Maison à vendre à Kélibia, Tunisie",Villa • 2 pce(s) • 6 chambres • 2 sdb • 350 m² • réf: 1048015019-145,Kélibia,190 205 €,36.84616,11.099467,2,1,6,2,4,2,3,350 m²,324 m²,350 m²,,,,,,,,,,,,,,,,,,,,,,,,,1.0,,,,,,,,,,,,,,
https://www.properstar.fr/annonce/99134666,maison,"Maison à vendre à Hammamet, Tunisie",Villa • 9 pce(s) • 3 chambres • 2 sdb • 347 m² • 30ème étage • réf: 1048042002-7,Hammamet,0,36.407257,10.622471,9,3,3,2,1,,3,347 m²,151 m²,347 m²,1.0,,,,,,1.0,,,,1.0,,,,,1.0,,,,,,,,,,,,,,,,,,,,,,,
https://www.properstar.fr/annonce/103291257,maison,Villa de Prestige à Vendre : Un Havre de Paix au Cœur de la Campagne Tunisienne,Propriété • 14 pce(s) • 417 m² • réf: 85393639,Kef Ouest,1 145 328 €,36.146212,8.63806,14,,,,,,,417 m²,,417 m²,1.0,,Maison,1920,,,,Excellente condition,"Radiateur, Individuel, Electrique",1.0,,1.0,Très luxueux,"Réservoir à eau chaude, Individuel",Fosse sceptique,1.0,,,,,,1.0,,,1.0,,,,,,,,,,,,,,
https://www.properstar.fr/annonce/103619891,maison,"Maison à vendre à Tunis, Tunisie",Villa • 9 pce(s) • 7 chambres • 1 sdb • 317 m² • réf: 1048033021-15,Tunis,0,36.806495,10.181532,9,3,7,1,3,,2,317 m²,,317 m²,,,,,,,,,,,,,,,,1.0,,,,,,,,,,,,,,,,,,,,,,,
https://www.properstar.fr/annonce/102772704,maison,"Maison à vendre à Hammamet, Tunisie",Villa • 4 pce(s) • 3 chambres • 1 sdb • 360 m² • 4ème étage • réf: 1048042002-9,Hammamet,160 943 €,36.407257,10.622471,4,2,3,1,1,,1,360 m²,,360 m²,,1.0,,,,,1.0,,,,,,,,,,,,,,,,,,,,,,,,,,,,,,,,
https://www.properstar.fr/annonce/102937044,maison,"Maison à vendre à Djerba - Ajim, Tunisie",Maison individuelle • 5 pce(s) • 4 chambres • 4 sdb • 800 m² • réf: 1048030008-122,Groua,198 984 €,33.809575,10.791543,5,,4,4,4,4,1,800 m²,800 m²,800 m²,1.0,1.0,Maison,2023,,,,,,1.0,1.0,,,,,1.0,,,,,,1.0,,,,,,,,,,,,,,,,,
