link,title,address,price,type,Référence,Pièces,Surface,Surface totale,Type de chauffage,Énergie de chauffage,Moyen de chauffage,Type d'eau chaude,Moyen d'eau chaude,Eaux usées,État,Étage,Exposition,Vue,Salon,Chambres,Salles de bains,Cuisines,Jardin,Abri de voiture,Éclairage extérieur,Piscine,Animaux autorisés,latitude,longitude,Jardin 1500 m²,Adoucisseur d'eau,Air conditionné,Cheminée,Double vitrage,Fenêtre aluminium,Fenêtres coulissantes,Meublé,Panneaux solaires,Stores électriques,Arrosage,Barbecue,Clôture,Maison de gardien,Vidéo surveillance,Jardin 950 m²,Cuisine,Stores,Accès handicapé,Interphone,Cafetière,Four,Four à micro-ondes,Reception 24/7,Réfrigérateur,Télévision,Internet,Alarme,Porte blindée,Terrain de jeux,Aspiration centralisée,Baignoire balnéo,Fenêtre PVC,Congélateur,Cuisinière,Lave-linge,Plaque de cuisson,Vaisselle,Piscine intérieure,Chambre,Chambres d'enfants,Salle de bains,Jacuzzi,Thermostat connecté,Forage,Portail électrique,Fer à repasser,Linge de maison,Barres de fenêtres,Terrain 2000 m²,Borne voiture électrique,Triple vitrage,Vide sanitaire,Volets roulants électriques,Héliport,Puits,Alarme incendie,Gardien,Service de sécurité,Vidéophone,Lave-vaisselle,Immeuble classé/inscrit,Télédistribution,Groupe électrogène,Sèche-cheveux,Sèche-linge,Téléphone,Terrain 1400 m²,Buanderie commune,Jardin 500 m²,Panneaux photovoltaïques,Terrain 2500 m²,Concierge,Moustiquaires,Salons,Garage,Lecteur DVD,Lecteur CD,Ascenseur,Piscine en copropriété,Fibre optique,Digicode,Coffre-fort,Terrasse,Suite,Terrasse 90 m²,Balcon,Salle de sport,Cour,Local à vélo,Terrasse 300 m²,Domotique,Ventilation double flux,Sauna,Spa,Abri de jardin 72 m²,Studio 48 m²,Golf,Tennis,Terrasse 60 m²,Parking,Appartement 122 m²,Terrasse 16 m²,Cour 15 m²,Faux plafond,Jeu de boules,Balcon 8 m²,Chambre 12 m²,Chambre 17 m²,Balcon 6 m²,Séjour,Balcons
https://www.homeintunisia.com/fr/propri%C3%A9t%C3%A9/85860744,Location Saisonnière – Appartement S+2 à,Tantana,220 TND / Jour,Appartement,85860744,3 pièces,92 m²,,"Radiateur, Climatisation",,Collectif,Chaudière,Individuelle,Tout à l'égout,Bon état,4ème étage / 4,,Dégagée,,,,,,1.0,1.0,,,35.92208,10.57926,,,1.0,,1.0,1.0,,1.0,,1.0,,,,,,,,,,1.0,1.0,1.0,1.0,,1.0,1.0,,,,,,1.0,1.0,,1.0,1.0,,1.0,,,,,,,,,,,,,,,,,,,,1.0,,,,,,,,,,,,,,,,,,,,,1.0,,,,,,,,,,,,,,,,,,,,,,,,,,,,,,,,,
https://www.homeintunisia.com/fr/propri%C3%A9t%C3%A9/85859019,Location annuelle d’un appartement s+2 à Khezama est,Sousse Khezama,850 TND / Mois,Appartement,85859019,3 pièces,150 m²,,Sans chauffage,,Collectif,Chauffe-eau,Individuelle,Tout à l'égout,Bon état,1er étage / 2,,Vis-à-vis Rue,,,,,,,,,,35.84674,10.62072,,,,,,,,,,,,,,,,,,,,,,,,,,,,,,,,1.0,,,,,,,,,,,,,,,,,,,,,,,,,,,,,,,,,,,,,,,,,,,,,,,,,,,,,,,,,,,,,,,,,,,,,,,,,,,,,,,,
https://www.homeintunisia.com/fr/propri%C3%A9t%C3%A9/85901488,location Saisonnière S+1 avec terrasse à chatt Meriem,Chatt Meriem,À partir de 180 TND / Jour,Appartement,85901488,2 pièces,40 m²,,Climatisation,Electrique,Collectif,Chaudière,Individuelle,Tout à l'égout,Bon état,3ème étage / 3,,Dégagée,,,,,,1.0,1.0,,,35.92116,10.57731,,,1.0,,,1.0,,1.0,,,,,1.0,,1.0,,,1.0,,,,,,,1.0,,1.0,,,,,,1.0,,,,1.0,1.0,,,,,,,,,,,,,,,,,,,,,,,,,,,,,,,,,,,,,,,,,,,,,,,,,,,,,,,,,,,,,,,,,,,,,,,,,,
https://www.homeintunisia.com/fr/propri%C3%A9t%C3%A9/85901459,LOCATION SAISONNIERE S+2 RESIDENCE NESRINE,Chatt Meriem,À partir de 230 TND / Jour,Appartement,85901459,3 pièces,60 m²,,Climatisation,,Collectif,Chauffe-eau,Individuelle,Tout à l'égout,Bon état,,,Dégagée Mer Ciel,,,,,,1.0,,,,35.9191,10.57921,,,1.0,,1.0,,,1.0,,,,,1.0,,1.0,,,1.0,,,,1.0,1.0,,1.0,1.0,1.0,,,,,1.0,1.0,1.0,1.0,,,1.0,,,,,,,,,,1.0,,,,,,,,,,,,,,,,,,,,,,,,,,,,,,,,,,,,,,,,,,,,,,,,,,,,,,,,,,,,,,,,
https://www.homeintunisia.com/fr/propri%C3%A9t%C3%A9/85903752,Location annuelle S+2 a,Hergla,1 800 TND / Mois,Appartement,85903752,3 pièces,100 m²,,"Radiateur, Climatisation",,Collectif,Chaudière,Individuelle,Tout à l'égout,Bon état,Rez-de-chaussée,,Dégagée Verdure Piscine,,,,,,,1.0,,,36.03412,10.5048,,,1.0,,1.0,,,1.0,,1.0,,,,1.0,,,,,,1.0,1.0,1.0,1.0,,1.0,1.0,,,1.0,,,,1.0,1.0,,1.0,1.0,1.0,,,,,,,,,,,,,,,,,,,,1.0,,,,,,,,,,,,,,,1.0,,,,,,,1.0,,,,,,,,,,,,,,,,,,,,,,,,,,,,,,,,
https://www.homeintunisia.com/fr/propri%C3%A9t%C3%A9/85858526,location annuelle s+2 à sahloul 1,Sousse,1 000 TND / Mois,Appartement,85858526,3 pièces,70 m²,100 m²,Climatisation,,Collectif,,Individuelle,Tout à l'égout,Bon état,9ème étage / 9,,Dégagée Ciel,,,,,,,1.0,,,35.84387,10.59447,,,1.0,,,,,1.0,,,,,,,,,,1.0,,,,1.0,,,1.0,1.0,,,,,,1.0,1.0,,1.0,,,,,,,,,,,,,,,,,,,,,,,1.0,,,,,,,,,,,,,,,,,,,,,1.0,,,,,,,,,,,,,,,,,,,,,,,,,,,,,,,,,
https://www.homeintunisia.com/fr/propri%C3%A9t%C3%A9/85856095,location Annuelle S+2 à Sahloul 2,Cité Sahloul,1 600 TND / Mois,Appartement,85856095,3 pièces,110 m²,,"Radiateur, Climatisation",Gaz,Collectif,Chaudière,Individuelle,Tout à l'égout,Bon état,2ème étage / 2,,Dégagée Jardin Ciel,,,,,,1.0,1.0,,,35.8378,10.59273,,,1.0,,1.0,1.0,,1.0,,1.0,,,1.0,,,,,,,1.0,,1.0,,,1.0,1.0,,,,,1.0,1.0,1.0,1.0,1.0,1.0,1.0,1.0,,,,,,,,,,,,,,,,,,,1.0,,,1.0,1.0,,,,,,,,,,,,,,,,,,1.0,,,,,,,,,,,,,,,,,,,,,,,,,,,,,,,,,
https://www.homeintunisia.com/fr/propri%C3%A9t%C3%A9/85855530,location scolaire s+2 dans la résidence NADINE,Chatt Meriem,1 500 TND / Mois,Appartement,85855530,3 pièces,60 m²,,Radiateur,,Collectif,Chaudière,Individuelle,Tout à l'égout,Bon état,2ème étage / 2,,Dégagée Jardin Piscine,,,,,,1.0,1.0,,,36.8216,10.18361,,,1.0,,1.0,1.0,,1.0,,,,,,,1.0,,,,1.0,,,1.0,1.0,,1.0,1.0,,,,,,1.0,1.0,,1.0,1.0,,1.0,,,,,,,,,,,,,,,,,,,,1.0,,,,,,,,,,,,,,,,,,,,,,1.0,,,,,,,,,,,,,,,,,,,,,,,,,,,,,,,,
https://www.homeintunisia.com/fr/propri%C3%A9t%C3%A9/85854824,location Annuelle S+2 à chatt Meriem,Chatt Meriem,1 200 TND / Mois,Appartement,85854824,3 pièces,60 m²,,Climatisation,,Collectif,Chaudière,Individuelle,Tout à l'égout,Bon état,3ème étage / 3,,Dégagée Jardin Piscine,,,,,,1.0,1.0,,,35.91729,10.56308,,,1.0,,1.0,,,1.0,,,,,,1.0,1.0,,,,1.0,,1.0,1.0,1.0,,1.0,1.0,,,,,,1.0,1.0,,1.0,1.0,1.0,1.0,,,,,,,,,,,,,,,,,,,,1.0,,,,,,,,,,,,,,,,,,,,,1.0,1.0,,,,,,,,,,,,,,,,,,,,,,,,,,,,,,,,
https://www.homeintunisia.com/fr/propri%C3%A9t%C3%A9/85854744,Location Scolaire S+2 à Folla Chott Meriem,Chatt Meriem,1 200 TND / Jour,Appartement,85854744,3 pièces,100 m²,,Radiateur,,Collectif,Chaudière,Individuelle,Tout à l'égout,Bon état,4ème étage / 4,,Panoramique Mer Ciel,,,,,,,1.0,,,35.91779,10.56312,,,1.0,,1.0,1.0,,1.0,,1.0,,,1.0,,1.0,,,,1.0,1.0,1.0,,1.0,,1.0,1.0,,,,1.0,1.0,,1.0,1.0,,1.0,1.0,1.0,,,,,,,,,,,,,,,,,,,1.0,,1.0,1.0,,,,,,,,,,,,,,,,,,,1.0,1.0,,,,,,,,,,,,,,,,,,,,,,,,,,,,,,,,
https://www.homeintunisia.com/fr/propri%C3%A9t%C3%A9/85854714,location annuelle S+2 à  4,Sahloul,1 300 TND / Mois,Appartement,85854714,3 pièces,98 m²,,"Radiateur, Climatisation",Eau chaude,Collectif,Chaudière,Individuelle,Tout à l'égout,Bon état,1er,,Dégagée,,,,,,,1.0,,,35.8318,10.60176,,,1.0,,1.0,,,1.0,,1.0,,,,,,,,,,1.0,,1.0,,,1.0,1.0,,,,,1.0,1.0,1.0,,1.0,1.0,,,,,,,,,,,,,,,,,,,,,,1.0,,,,,,,,,,,,,,,,,,,,,,,,,,,,,,,,,,,,,,,,,,,,,,,,,,,,,,
https://www.homeintunisia.com/fr/propri%C3%A9t%C3%A9/85853377,🏡 À Louer – S+2 à  | Location Annuelle,Hergla,750 TND / Mois,Appartement,85853377,3 pièces,100 m²,100 m²,"Radiateur, Climatisation",Electrique,Collectif,Chaudière,Individuelle,,Neuf,Rez-de-jardin,Nord-est,,,,,,,,1.0,,,36.02725,10.50246,,,,,,,1.0,,,1.0,,,1.0,,,,,,,,,,,,,,,,1.0,,,,1.0,,,,,,,,,,,1.0,,,,,,,,,,,,,,,,1.0,,,,,,,,,,,,,,,,,,,,,,,,,,,,,,,,,,,,,,,,,,,,,,,,,,,,
https://www.homeintunisia.com/fr/propri%C3%A9t%C3%A9/85853370,🏡 À Louer – S+3 à  | Location Annuelle,Hergla,900 TND / Mois,Appartement,85853370,4 pièces,140 m²,140 m²,"Radiateur, Climatisation, Central",Electrique,Collectif,Chaudière,Individuelle,Tout à l'égout,Neuf,2ème,"Nord-est, Nord-ouest",Dégagée Mer,,,,,,,1.0,,,36.03356,10.50294,,,,,,1.0,1.0,1.0,,1.0,,,1.0,,1.0,,,1.0,,1.0,,,,,,,,,1.0,,,,,,,,,,,,,,,1.0,,,,,,,,,,,,,,,,1.0,,,,,,,,,,,,,,,,,,,,,,,,,,,,,,,,,,,,,,,,,,,,,,,,,,,,
https://www.homeintunisia.com/fr/propri%C3%A9t%C3%A9/85853359,🏡 À Louer – S+3 à  | Location Annuelle,Hergla,900 TND / Mois,Appartement,85853359,4 pièces,140 m²,140 m²,"Radiateur, Climatisation, Central",Electrique,Collectif,Chaudière,Individuelle,Tout à l'égout,Neuf,2ème,"Nord-est, Nord-ouest",Dégagée Mer,,,,,,,1.0,,,36.03356,10.50294,,,,,,1.0,1.0,1.0,,1.0,,,1.0,,1.0,,,1.0,,1.0,,,,,,,,,1.0,,,,,,,,,,,,,,,1.0,,,,,,,,,,,,,,,,1.0,,,,,,,,,,,,,,,,,,,,,,,,,,,,,,,,,,,,,,,,,,,,,,,,,,,,
https://www.homeintunisia.com/fr/propri%C3%A9t%C3%A9/85853340,🏡 À Louer – S+1 à  | Location Annuelle,Hergla,1 100 TND / Mois,Appartement,85853340,2 pièces,40 m²,70 m²,"Radiateur, Climatisation, Central",Electrique,Collectif,Chaudière,Individuelle,Tout à l'égout,Neuf,3ème,"Nord-est, Nord-ouest",Dégagée Mer,,,,,,,1.0,,,36.03356,10.50294,,,,,,1.0,1.0,1.0,,1.0,,,1.0,,1.0,,,1.0,,1.0,,,,,,,,,1.0,,,,,,,,,,,,,,,1.0,,,,,,,,,,,,,,,,1.0,,,,,,,,,,,,,,,,,,,,,,,,,,,,,,,,,,,,,,,,,,,,,,,,,,,,
https://www.homeintunisia.com/fr/propri%C3%A9t%C3%A9/85845354,Appartement S+2 Spacieux et Lumineux,Khezama Ouest,Prix sur demande,Appartement,85845354,3 pièces,80 m²,100 m²,"Radiateur, Climatisation","Gaz, Electrique, Eau chaude",Collectif,Chaudière,Individuelle,Tout à l'égout,Excellent état,1er étage / 3,"Est, Sud-est",Dégagée Mer Verdure,1,2,,,,1.0,1.0,,,35.8562,10.6152,,1.0,1.0,,1.0,,1.0,,,1.0,,,1.0,,,,1,,,1.0,,,,,,,,,,,,,1.0,,,,,,,,,1,,,,,,,1.0,,,,,,,,,,,,,,1.0,,,,,,,,,,,,,,,,,,,,,,,,,,,,,,,,,,,,,,,,,,,,,,,,,
https://www.homeintunisia.com/fr/propri%C3%A9t%C3%A9/85839746,À Louer – Appartement S+2 de Luxe Meublé avec Vue Mer,Chatt Meriem,900 TND / Mois,Appartement,85839746,3 pièces,,130 m²,Central,,Individuel,,Individuelle,,Excellent état,3ème,,Vis-à-vis Mer Ciel,,,,,,,,,,35.93402,10.55028,,1.0,1.0,,,,1.0,1.0,,,,,,,,,,1.0,,1.0,,,,,,,,1.0,,,,,,,,,,,,,,,,,,,,,,,,,,,,,,,,,,,,,,,,,,,,,,,,,,,,,,,,,,,,,,,,,,,,,,,,,,,,,,,,,,,,
https://www.homeintunisia.com/fr/propri%C3%A9t%C3%A9/85839706,À Louer – Appartement S+2 de Luxe Meublé avec Vue Mer,Chatt Meriem,950 TND / Mois,Appartement,85839706,3 pièces,,115 m²,Central,,,,Individuelle,,Neuf,2ème,,Vis-à-vis Mer Ciel,,,,,,,,,,35.93737,10.54509,,1.0,,,1.0,,1.0,1.0,,,,,,,1.0,,,1.0,,,,,,,,,1.0,,,,,,1.0,,,,,,,,,,,1.0,,,,,,,,1.0,,,,,,,,,,,,,,,,,,,,,,,,,,,,,,,,,,,,,,,,,,,,,,,,,,,,,,,,,,,,
https://www.homeintunisia.com/fr/propri%C3%A9t%C3%A9/85832297,Étage de Villa S+3 Non Meublé – Location Annuelle,Hammam Sousse,1 100 TND / Mois,Appartement,85832297,4 pièces,,,Central,,Individuel,,Collective,,Bon état,1er,,Panoramique Verdure Ciel,,,,,,1.0,,,,35.8569,10.5972,,,1.0,,,,,,,,,,,,1.0,,,,,1.0,,,,,,,,1.0,,,,,1.0,,,,,,,,,,,,,,,,,,,,,,,,,,1.0,,,,,,,,,,,,,,,,,,,,,,,,,,,,,,,,,,,,,,,,,,,,,,,,,,,,,
https://www.homeintunisia.com/fr/propri%C3%A9t%C3%A9/85832241,Appartement S2 Non Meublé – Location Annuelle,Sousse Khezama,550 TND / Mois,Appartement,85832241,3 pièces,,,,,,,Individuelle,,Bon état,1er,"Nord-est, Nord-ouest",Vis-à-vis,,,,,,,,,,35.82737,10.61869,,1.0,,,,,1.0,,,,,,,,,,,,,,,,,,,,,,,,,,,,,,,,,,,,,,,,,,,,,,,,,,,,,,,,,,,,,,,,,,,,,,,,,,,,,,,,,,,,,,,,,,,,,,,,,,,,,,,,,
https://www.homeintunisia.com/fr/propri%C3%A9t%C3%A9/85823319,Un appartement S+3 haute standing à sahloul 4,Cité Sahloul,1 700 TND / Mois,Appartement,85823319,4 pièces,156 m²,180 m²,Central,,Individuel,Chaudière,Individuelle,,Neuf,1er,,Dégagée,,,,,,,,,,35.84062,10.59888,,,1.0,,,,1.0,,1.0,1.0,,,,,1.0,,,1.0,,1.0,,1.0,,,,,1.0,1.0,,,,,1.0,,1.0,,1.0,,,,,,,,,,,,,,,1.0,,1.0,,,,1.0,,1.0,,,,,,,,,,,,,1.0,,,,,,1.0,,1.0,1.0,,,,,,,,,,,,,,,,,,,,,,,,,,,,,,
https://www.homeintunisia.com/fr/propri%C3%A9t%C3%A9/85796661,location Annuelle S+0 à Port Kantaoui,El Kantaoui,1 000 TND / Mois,Appartement,85796661,2 pièces,40 m²,,Climatisation,Eau chaude,Mixte,Chauffe-eau,Individuelle,Tout à l'égout,Bon état,1er étage / 2,,Panoramique Ciel Port,,,,,,,1.0,,,35.89134,10.605,,,1.0,,1.0,,,1.0,,,,,,,,,,,,,,,,,,1.0,,,,,,,1.0,,,,1.0,1.0,,,,,,,,,,,,,,,,,,,,,1.0,,,,,,,,,,,,,,,,,,,,,,,,,,,,,,,,,,,,,,,,,,,,,,,,,,,,,
https://www.homeintunisia.com/fr/propri%C3%A9t%C3%A9/85767057,À Louer – Appartement S+1 dans une Résidence avec Piscine,Monastir,1 600 TND / Mois,Appartement,85767057,4 pièces,67 m²,67 m²,Central,Gaz,Individuel,Chaudière,Individuelle,Fosse septique,Bon état,Rez-de-chaussée,"Est, Nord, Ouest, Sud",Dégagée Ciel Rue,1,,,,,,1.0,,1.0,35.76081,10.81435,,,1.0,,,,,1.0,,,,,,,,,1,,,,,1.0,,,1.0,,,,,,,,,,,,,,,1,,1,,,,,,,,,,,,,,,,,,,,,,,,,,,,,,,,,,,,,,,,,,,,,,,,,,,,,,,,,,,,,,,,,,,,,,
https://www.homeintunisia.com/fr/propri%C3%A9t%C3%A9/85763896,Location Annuelle S+1 à Hammam,Sousse,1 200 TND / Mois,Appartement,85763896,2 pièces,70 m²,,"Radiateur, Climatisation",,Collectif,,Individuelle,Tout à l'égout,Bon état,5ème étage / 5,,Panoramique Mer Ciel,,,,,,1.0,1.0,,,35.82498,10.61991,,,1.0,,1.0,1.0,,1.0,,1.0,,,1.0,1.0,,,,,1.0,1.0,,1.0,1.0,,1.0,1.0,,,,,,1.0,1.0,1.0,1.0,,,1.0,,,,,,,,,,,,,,,,,,,,,,,1.0,,,,,,,,,,,,1.0,,,,,,,,,,,,,,,,,,,,,,,,,,,,,,,,,,,,,,,
https://www.homeintunisia.com/fr/propri%C3%A9t%C3%A9/85720843,Appartement S+2 à louer à Kantaoui – 1 min de la mer,El Kantaoui,950 TND / Mois,Appartement,85720843,4 pièces,100 m²,120 m²,"Radiateur, Climatisation",Electrique,Individuel,Chaudière,Individuelle,Tout à l'égout,Bon état,1er,"Nord-est, Nord-ouest",Panoramique Mer,,,,,,1.0,1.0,,,35.89035,10.59373,,,,,,,,,,,,,1.0,,1.0,,,,,,,,,,,,,,,,,,,,,,,,,,,,,,,,,,,,,,,,,,,,,,,,,,,,,,,,,,,,,,,,,,,,,,,,,,,,,,,,,,,,,,,,,,,,,,,,,
https://www.homeintunisia.com/fr/propri%C3%A9t%C3%A9/85694014,Location Appartement,Akouda,800 TND / Mois,Appartement,85694014,3 pièces,,,,,,,,,Bon état,1er,,Panoramique Mer Ciel,,,,,,,,,,35.87865,10.57,,,,,,,,1.0,,1.0,,,,,,,,,,,,,,,,,,,,,,,,,,,,,,,,,,,,,,,,,,,,,,,,1.0,,,,,,,,,,,,,,,,,,,,,,,,,,,,,,,,,,,,,,,,,,,,,,,,,,,,,,
https://www.homeintunisia.com/fr/propri%C3%A9t%C3%A9/85691308,Location rez de chaussée villa indépendant S+3 - Khzema ouest,Khezama Ouest,2 100 TND / Mois,Appartement,85691308,4 pièces,220 m²,,"Climatisation, Central",,Individuel,Chaudière,Individuelle,,Excellent état,Rez-de-chaussée,Nord-ouest,Panoramique Jardin Ciel,,,,,,1.0,,,,35.8457,10.60528,,,1.0,,1.0,1.0,1.0,1.0,,,,,,,,,,1.0,,1.0,1.0,1.0,1.0,,1.0,1.0,,1.0,1.0,,,1.0,,1.0,1.0,1.0,,1.0,,,,,,,,,,,,,,,,,,,,,,,1.0,,,,1.0,1.0,1.0,,,,,,,,,,,,,,,,1.0,,,,,,,,,,,,,,,,,,,,,,,,,,,,,
https://www.homeintunisia.com/fr/propri%C3%A9t%C3%A9/85677042,À LOUER : S+3 REZ-DE-JARDIN AVEC BEAUCOUP DE RANGEMENTS,Hammam Sousse,850 TND / Mois,Appartement,85677042,4 pièces,170 m²,170 m²,"Radiateur, Climatisation","Gaz, Electrique, Eau chaude",Individuel,Chaudière,Individuelle,Tout à l'égout,Neuf,Rez-de-jardin,Nord-ouest,,,,,,,,1.0,,,35.84604,10.58297,,,,,,1.0,,,,,,,1.0,,,,,1.0,,,,,,,,,,,,,,,,,,,,,,,,,,,,,,,,,,,,,,,,,,,,,,,,,,,,,,,,,,,,,,,,,,,,,,,,,,,,,,,,,,,,,,,,,,,,,,
https://www.homeintunisia.com/fr/propri%C3%A9t%C3%A9/85676496,"Appartement Luxe Vue Mer West Gammarth Garden - 3 Chambres, Concierge, Pieds dans l'Eau ( Plage)",Raoued,3 500 TND / Mois,Appartement,85676496,4 pièces,140 m²,180 m²,"Radiateur, Climatisation",Gaz,Individuel,Chauffe-eau,Individuelle,Tout à l'égout,Bon état,6ème étage / 6,"Est, Nord",Dégagée Mer Ciel,1,2,,,,1.0,1.0,,,36.84039,10.2516,,,1.0,,1.0,1.0,1.0,1.0,,1.0,,,,,1.0,,1,1.0,1.0,1.0,,1.0,1.0,,1.0,1.0,,,,,,1.0,,,1.0,1.0,1.0,,,,,1,1.0,1.0,,,,,,,,,,,,,,1.0,1.0,1.0,1.0,,,,,,,,,,,,1.0,,,,,,1.0,,,,,1,1,,,,,,,,,,,,,,,,,,,,,,,,,,,
https://www.homeintunisia.com/fr/propri%C3%A9t%C3%A9/85676471,À Louer - Étage de Villa Non Meublé à Chatt Mariem,Chatt Meriem,1 400 TND / Mois,Appartement,85676471,7 pièces,250 m²,350 m²,"Radiateur, Climatisation, Central",Electrique,Collectif,Chaudière,Collective,Tout à l'égout,Excellent état,1er,"Nord-est, Nord-ouest",Dégagée Ciel,,,,,,1.0,1.0,,,35.93128,10.5424,,,,,,1.0,1.0,1.0,,1.0,,,1.0,,,,,1.0,1.0,1.0,,,,,,,,,,,,,,,,,,,,,,,,1.0,1.0,,,,,,,,,,,,,,,,,,,,,,,,,,,,,,,,,,,,,,,,,,,,,,,,,,,,,,,,,,,,,,,,,,,
https://www.homeintunisia.com/fr/propri%C3%A9t%C3%A9/85671037,location Scolaire S+3 à  pieds dans l'eau,Tantana,Prix sur demande,Appartement,85671037,3 pièces,100 m²,,Climatisation,,,,Individuelle,Tout à l'égout,Neuf,4ème étage / 4,,Panoramique,,,,,,1.0,,1.0,,35.83449,10.59591,,,1.0,,1.0,1.0,,1.0,,1.0,,,,1.0,1.0,,,,1.0,1.0,1.0,1.0,1.0,,1.0,1.0,,,,,1.0,1.0,1.0,,1.0,1.0,,1.0,,,,,1.0,,,,,,,,,,,,,,,,1.0,1.0,,,,,,,,,,,,,,,,,,,1.0,1.0,,,,,,,,,,,,,,,,,,,,,,,,,,,,,,,,
https://www.homeintunisia.com/fr/propri%C3%A9t%C3%A9/85658915,Location d’un Studio S+1 Meublé à Jawhara,Cité Jaouhara,500 TND / Mois,Appartement,85658915,2 pièces,60 m²,,,,,,,,,,,,,,,,,,,,,35.83366,10.64068,,,,,,,,,,,,,,,,,,,,,,,,,,,,,,,,,,,,,,,,,,,,,,,,,,,,,,,,,,,,,,,,,,,,,,,,,,,,,,,,,,,,,,,,,,,,,,,,,,,,,,,,,,,,,,,,
https://www.homeintunisia.com/fr/propri%C3%A9t%C3%A9/85649384,Appartement S+2 à louer à Chatt Mariem - Location annuelle,Chatt Meriem,900 TND / Mois,Appartement,85649384,3 pièces,100 m²,110 m²,"Radiateur, Climatisation",Electrique,Collectif,Chaudière,Individuelle,,Bon état,Rez-de-chaussée,Nord-est,Aperçu Ciel,,,,,,,1.0,,,35.93121,10.54542,,,,,,1.0,,,,1.0,,,1.0,,,,,1.0,1.0,,,,,,,,,,,,,,,,,,,,,,,,,1.0,,,,,,,,,,,,,,,,,,,,,,,,,,,,,,1.0,,,,,,,,,,,,,,,,,,,,,,,,,,,,,,,,,,,,,,
https://www.homeintunisia.com/fr/propri%C3%A9t%C3%A9/85645720,Location Annuelle S+2 Meublé à Khezama Est,Sousse,850 TND / Mois,Appartement,85645720,3 pièces,80 m²,,"Radiateur, Climatisation",,Collectif,Chaudière,Individuelle,Tout à l'égout,Bon état,2ème étage / 4,,Dégagée,,,,,,,1.0,,,35.85122,10.60979,,,1.0,,,1.0,,1.0,,1.0,,,1.0,,,,,,,,,1.0,,,1.0,1.0,,,,,,1.0,1.0,1.0,1.0,1.0,,1.0,,,,,,,,,,,,,,,,,,,,,,,,,,,,,,,,,,,,,,,,,,,,,,,,,,,,,,,,,,,,,,,,,,,,,,,,,,
https://www.homeintunisia.com/fr/propri%C3%A9t%C3%A9/85645582,Location Annuelle S+1 à Khezama Est,Sousse,750 TND / Mois,Appartement,85645582,2 pièces,50 m²,,Radiateur,,Collectif,Chaudière,Collective,Tout à l'égout,Bon état,3ème,,Dégagée Ciel Rue,,,,,,,,,,35.8331,10.58775,,,,,,1.0,,,,,,,,,,,,,,,,,,,,,,,,,,,1.0,,,,,,,,,,,,,,,,,,,,,,,,,,,,,,,,,,,,,,,,,,,,,,,,,,,,,,,,,,,,,,,,,,,,,,,,,,,,,,,
https://www.homeintunisia.com/fr/propri%C3%A9t%C3%A9/85645292,location Annuelle S+2 meublé à Bouhsina,Sousse,800 TND / Mois,Appartement,85645292,3 pièces,90 m²,90 m²,Central,Gaz,Collectif,Chaudière,Individuelle,Tout à l'égout,Bon état,2ème,"Nord-est, Nord-ouest",Dégagée Ciel,,,,,,1.0,1.0,,1.0,35.8245,10.63458,,,1.0,,1.0,,1.0,,,,,,1.0,,,,,1.0,,,,1.0,,,1.0,,,,,,,,,1.0,,1.0,1.0,,,,,,,,,,,1.0,,,,,,,,,,,,,,,,,,,,,,,,,,,,,1.0,,,,,,,,,,,,,,,,,,,,,,,,,,,,,,,,,,,
https://www.homeintunisia.com/fr/propri%C3%A9t%C3%A9/85643115,Location annuelle S+2 à,Chatt Meriem,1 000 TND / Mois,Appartement,85643115,3 pièces,100 m²,200 m²,,,Collectif,Chaudière,Individuelle,,Neuf,4ème,Nord-est,Panoramique Mer,,,,,,,1.0,,,35.93646,10.54913,,,,,,,1.0,,,,,,1.0,,,,,,,,,,,,,,,,,,,,,,,,,,,,,,,,,,,,,,,,,,,,,,,,,,,,,,,,,,,,,,,,,,,,,,,,,,,,,,,,,,,,,,,,,,,,,,,,,,,
https://www.homeintunisia.com/fr/propri%C3%A9t%C3%A9/85643102,Location Annuelle S+2 Meublé à,Chatt Meriem,800 TND / Mois,Appartement,85643102,3 pièces,80 m²,80 m²,,Electrique,Collectif,,Individuelle,,Bon état,3ème,Nord-est,Dégagée Ciel,,,,,,,1.0,,,35.93123,10.54346,,,,,,,,,,,,,1.0,,,,,,,,,,,,,,,,,,,,,,,,,,,,,,,,,,,,,,,,,,,,,,,,,,,,,,,,,,,,,,,,,,,,,,,,,,,,,,,,,,,,,,,,,,,,,,,,,,,
https://www.homeintunisia.com/fr/propri%C3%A9t%C3%A9/85643097,Location annuelle S+1 à,Chatt Meriem,600 TND / Mois,Appartement,85643097,2 pièces,50 m²,50 m²,Sans chauffage,Electrique,Collectif,Chauffe-eau,Individuelle,,Bon état,3ème,Nord-est,Dégagée Ciel,,,,,,,1.0,,,35.93695,10.54752,,,,,,,,,,1.0,,,1.0,,1.0,,,,,,,,,,,,,,,,,,,,,,,,,,,,,,,,,,,,,,,,,,,,,,,,,,,,,,,,,,,,,,,,,,,,,,,,,,,,,,,,,,,,,,,,,,,,,,,,,
https://www.homeintunisia.com/fr/propri%C3%A9t%C3%A9/85641123,Location annuelle S+1 à,Chatt Meriem,600 TND / Mois,Appartement,85641123,2 pièces,50 m²,50 m²,,Electrique,Collectif,Chaudière,Individuelle,Tout à l'égout,Bon état,2ème,Nord-est,Dégagée Ciel,,,,,,,1.0,,,35.93601,10.54792,,,,,,,,,,1.0,,,1.0,,,,,1.0,,,,,,,,,,,,,,,,,,,,,,,,,,,,,,,,,,,,,,,,,,,,,,,,,,,,,,,,,,,,,,,,,,,,,,,,,,,,,,,,,,,,,,,,,,,,,,
https://www.homeintunisia.com/fr/propri%C3%A9t%C3%A9/85638450,Location Scolaire S+1 à chott Meriem,Chatt Meriem,1 500 TND / Mois,Appartement,85638450,2 pièces,80 m²,,Climatisation,,Collectif,Chaudière,Individuelle,Tout à l'égout,Excellent état,2ème,,Panoramique Mer Ciel,,,,,,1.0,,,,35.87806,10.57013,,,1.0,,1.0,1.0,,1.0,,,,,,1.0,1.0,,,,,,,1.0,,,1.0,1.0,1.0,1.0,1.0,,,,1.0,1.0,,1.0,1.0,1.0,,,,,,,,1.0,1.0,,,,,,,,,,,,1.0,1.0,,,,,,,,,,,,,1.0,,,,,,1.0,1.0,,,,,,,,,,,,,,,,,,,,,,,,,,,,,,,,
https://www.homeintunisia.com/fr/propri%C3%A9t%C3%A9/85623879,Superbe Appartement S+2 avec Piscine Privée,Monastir,2 200 TND / Mois,Appartement,85623879,3 pièces,110 m²,200 m²,Radiateur,Gaz,Collectif,Chaudière,Individuelle,Tout à l'égout,Excellent état,Rez-de-chaussée / 4 étages,Nord-est,Dégagée Cour Piscine,,,,,,1.0,1.0,1.0,,35.7645,10.81451,,,1.0,,1.0,1.0,1.0,1.0,,1.0,,,,,1.0,,,,1.0,,1.0,1.0,1.0,,1.0,1.0,1.0,,,,,,,1.0,,1.0,1.0,1.0,,,,,,,,,,1.0,,,,,,,,,,1.0,1.0,,,,,,1.0,,,,,,,,,,,,,,1.0,,1.0,,,,,1,,,,,,,,,,,,,,,,,,,,,,,,,,
https://www.homeintunisia.com/fr/propri%C3%A9t%C3%A9/85594287,À louer En Exclusisite Chez Home In Tunisia: Appartement S+2 Meublé - Zone Touristique de,Sousse,1 250 TND / Mois,Appartement,85594287,3 pièces,100 m²,118 m²,"Radiateur, Climatisation",Gaz,Mixte,Chaudière,Individuelle,Tout à l'égout,Bon état,4ème étage / 4,,Dégagée,,,,,,,,,,35.8273,10.6339,,,1.0,,1.0,1.0,,1.0,,1.0,,,,1.0,1.0,,,,,1.0,,1.0,,,1.0,1.0,,,,,,,1.0,,1.0,1.0,,1.0,,,,,,,,,,,,,,,,,,,1.0,,1.0,,,,,,,,,,,,,,,,,,,,1.0,,,,,,,,,,,,,,,,,,,,,,,,,,,,,,,,,
https://www.homeintunisia.com/fr/propri%C3%A9t%C3%A9/85581532,Appartement Moderne et Lumineux – Location Annuelle dans Résidence Sécurisée,Sousse Khezama,1 500 TND / Mois,Appartement,85581532,4 pièces,147 m²,164 m²,Central,Gaz,Individuel,Chaudière,Individuelle,Tout à l'égout,Neuf,6ème étage / 6,"Nord-est, Sud-est",Dégagée Ciel,1,3,2,,,1.0,1.0,,,35.85829,10.61077,,,1.0,,1.0,1.0,1.0,1.0,,,,,,,,,1,,1.0,1.0,,1.0,,,1.0,,,,,,,,,,,,1.0,,,,,,,,,,,,,,,,,,,,,,,,,,,,,,,,,,,,,,,,,,1.0,,,,,,,,1,,,,,,,,,,,,,,,,,,,,,,,,,
https://www.homeintunisia.com/fr/propri%C3%A9t%C3%A9/85558895,À Louer – Appartement Spacieux de Type S+3,Sousse Khezama,Prix sur demande,Appartement,85558895,4 pièces,100 m²,130 m²,"Radiateur, Climatisation","Gaz, Electrique, Eau chaude",Collectif,Chaudière,Individuelle,Tout à l'égout,Excellent état,1er étage / 3,"Est, Sud-est",Dégagée Mer Verdure,,,,,,1.0,1.0,,,35.8562,10.6152,,1.0,1.0,,1.0,,1.0,1.0,,1.0,,,1.0,,,,,,,1.0,,,,,,,,,,,,,1.0,,,,,,,,,,,,,,,,1.0,,,,,,,,,,,,,,1.0,,,,,,,,,,,,,,,,,,,,,,,,,,,,,,,,,,,,,,,,,,,,,,,,,
https://www.homeintunisia.com/fr/propri%C3%A9t%C3%A9/85532297,A LOUER - Appartement S+2 à Sahloul 4 - Jamais Habité,Sousse,1 550 TND / Mois,Appartement,85532297,3 pièces,,97 m²,"Radiateur, Climatisation",,Individuel,Chaudière,Individuelle,,Neuf,5ème étage / 6,Nord-est,Dégagée,,,,,,1.0,,,,35.83065,10.60824,,,1.0,,,1.0,1.0,,,1.0,,,,,,,,1.0,,1.0,,1.0,,,,,,,,,,,,,,,1.0,,,,,,,,,,,,,,,,,1.0,,,,1.0,,,,,,,,,,,,,,,1.0,,,,,,1.0,,,,,,,,,,,,,,,,,,,,,,,,,,,,,,,,,
https://www.homeintunisia.com/fr/propri%C3%A9t%C3%A9/85531692,location saisonnière S+1 à,Tantana,1 000 TND / Mois,Appartement,85531692,2 pièces,65 m²,,Climatisation,Eau chaude,Collectif,Chaudière,Individuelle,Tout à l'égout,Excellent état,1er étage / 4,,Panoramique,,,,,,,1.0,1.0,,35.83533,10.60109,,,1.0,,1.0,,,1.0,,1.0,,,,1.0,1.0,,,,1.0,1.0,1.0,1.0,1.0,,1.0,1.0,1.0,,,,,,,,1.0,1.0,,1.0,,,,,,,,,,,,,,,,,,,,1.0,1.0,1.0,,,,,,,1.0,,,,,,,,,,,,,1.0,,,,,,,,1.0,,,,,,,,,,,,,,,,,,,,,,,,
https://www.homeintunisia.com/fr/propri%C3%A9t%C3%A9/85531377,Location annuelle S+3 meublé à khzema,Khezama Ouest,1 800 TND / Mois,Appartement,85531377,4 pièces,130 m²,150 m²,"Radiateur, Climatisation",Electrique,Collectif,Chaudière,Individuelle,Tout à l'égout,Excellent état,2ème,Nord-est,Dégagée Ciel,,,,,,,1.0,,,35.84617,10.6036,,,,,1.0,1.0,1.0,1.0,,1.0,,,1.0,,1.0,,,1.0,1.0,,,,,,,,,,1.0,,,,,,,,,,,,,,,1.0,,,,,,,,,,,,,,1.0,,,,,,,,,,,,,,,1.0,,,,,,,,,,,,,,,,,,,,,,,,,,,,,,,,,,,,,,,
https://www.homeintunisia.com/fr/propri%C3%A9t%C3%A9/85505922,S+2 Non Meublé à Khezama - Location Longue Durée,Sousse Khezama,1 850 TND / Mois,Appartement,85505922,3 pièces,120 m²,150 m²,Central,Gaz,Collectif,Chaudière,Individuelle,Fosse septique,Bon état,4ème étage / 5,Nord-est,Dégagée Rue,1,2,2,,,,,,,35.85144,10.6084,,,1.0,,1.0,1.0,1.0,,,,,,,,1.0,,1,,1.0,1.0,,,,,,,,,,,,,,,,,,,,,,,,,,,,,,,,,,,,,,1.0,,,,,,,,,,,,,,,,,,,,,1.0,,,,,,,,,,,,,,,,,,,,,,,,,,,,,,,,,
https://www.homeintunisia.com/fr/propri%C3%A9t%C3%A9/85503274,À Louer : Appartement S+2 Non Meublé à Khezama,Sousse Khezama,1 100 TND / Mois,Appartement,85503274,3 pièces,120 m²,150 m²,Central,Gaz,Collectif,Chaudière,Individuelle,Fosse septique,Bon état,5ème étage / 5,Nord-est,Dégagée Rue,,,,,,,,,,35.85144,10.6084,,,1.0,,1.0,1.0,1.0,,,,,,,,1.0,,,,1.0,1.0,,,,,,,,,,,,,,,,,,,,,,,,,,,,,,,,,,,,,,1.0,,,,,,,,,,,,,,,,,,,,,1.0,,,,,,,,,,,,,,,,,,,,,,,,,,,,,,,,,
https://www.homeintunisia.com/fr/propri%C3%A9t%C3%A9/85494682,Location Annuelle S+1 à chott Meriem,Chatt Meriem,1 200 TND / Mois,Appartement,85494682,2 pièces,69 m²,,Climatisation,,Collectif,Chaudière,Collective,Tout à l'égout,Excellent état,2ème étage / 2,,Dégagée Mer Verdure,,,,,,1.0,1.0,,,36.82283,10.18351,,,1.0,,1.0,1.0,,1.0,,1.0,,,1.0,1.0,1.0,,,,1.0,1.0,1.0,1.0,,,1.0,1.0,,,,,1.0,,1.0,1.0,1.0,1.0,1.0,1.0,,,,,,,,,,,,,,,,,,,,1.0,1.0,1.0,,,,,,,,,,,,,,,,,,,,1.0,,,,,,,,,,,,,,,,,,,,,,,,,,,,,,,,
https://www.homeintunisia.com/fr/propri%C3%A9t%C3%A9/85492607,Location Scolaire S+2 à,Tantana,1 100 TND / Mois,Appartement,85492607,3 pièces,,67 m²,Climatisation,,Collectif,Chaudière,Individuelle,Tout à l'égout,Bon état,2ème étage / 2,,Dégagée,,,,,,1.0,1.0,,,35.9213,10.57576,,,1.0,,1.0,1.0,,1.0,,1.0,,,1.0,1.0,1.0,,,,1.0,,,1.0,,,1.0,1.0,,,1.0,,1.0,1.0,1.0,1.0,,1.0,1.0,1.0,,,,,,,,,,,,,,,,,,,,1.0,1.0,,,,,,,,,,,,,,1.0,1.0,,,,,,1.0,,,,,,,,,,,,,,,,,,,,,,,,,,,,,,,,
https://www.homeintunisia.com/fr/propri%C3%A9t%C3%A9/85413353,Location Annuelle: Appartement S+3 à Sousse Panorama,Sousse Corniche,1 150 TND / Mois,Appartement,85413353,4 pièces,120 m²,130 m²,"Radiateur, Climatisation, Central",,Collectif,Chaudière,Individuelle,,Neuf,2ème,Nord-est,Dégagée Ciel,,,,,,,1.0,,,35.83948,10.63378,,,,,1.0,,1.0,,,1.0,,,1.0,,1.0,,,1.0,1.0,1.0,,,,,,,,,1.0,,,,,,,,,,,,,,,1.0,,,,,,,,,,,,,,,,,,,,,,,,,,,,,1.0,,,,,,,,,,,,,,,,,,,,,,,,,,,,,,,,,,,,,,,
https://www.homeintunisia.com/fr/propri%C3%A9t%C3%A9/85413263,Location Annuelle Appartement S+1 à Panorama Sousse,Sousse Corniche,750 TND / Mois,Appartement,85413263,2 pièces,70 m²,75 m²,"Radiateur, Climatisation, Central",Electrique,Collectif,Chaudière,Individuelle,Tout à l'égout,Neuf,2ème,Nord-est,Dégagée Ciel,,,,,,,1.0,,,35.83427,10.63075,,,,,,1.0,1.0,,,1.0,,,1.0,,,,,1.0,1.0,1.0,,,,,,,,,,,,,,,,,,,,,,,,1.0,,,,,,,,,,,,,,1.0,,,,,,,,,,,,,,,1.0,,,,,,,,,,,,,,,,,,,,,,,,,,,,,,,,,,,,,,,
https://www.homeintunisia.com/fr/propri%C3%A9t%C3%A9/85381865,Location Appartement S+5 - Centre Ville,Sousse,1 250 TND / Mois,Appartement,85381865,6 pièces,160 m²,,"Climatisation, Central",,Individuel,Chauffe-eau,Individuelle,,Bon état,1er,Nord-ouest,Dégagée Ville Rue,,,,,,,,,,35.8347,10.62927,,,1.0,,,,,,,,,,,,,,,,,1.0,,,,,,,,,,,,,,,,,,,,,,,,,,,,,,,,,,,,,,1.0,,,,,,,,,,,,,,,1.0,,,,,,1.0,,,,,,,,,,,,,,,,,,,,,,,,,,,,,,,,,
https://www.homeintunisia.com/fr/propri%C3%A9t%C3%A9/85347639,location Scolaire S+1 à hergla,Hergla,600 TND / Mois,Appartement,85347639,2 pièces,40 m²,,"Radiateur, Climatisation",,Collectif,,,,Excellent état,Rez-de-jardin / 2 étages,,Dégagée,,,,,,,1.0,,,36.03431,10.50252,,1.0,1.0,,1.0,1.0,,1.0,,1.0,,,1.0,,1.0,,,,,1.0,,1.0,1.0,,1.0,1.0,,,,,1.0,,1.0,,1.0,,1.0,1.0,,,,,,,,,,,,,,,,,,,,1.0,1.0,,,,,,,,,,,,,,,,,,,,,1.0,,,,,,,,,,,,,,,,,,,,,,,,,,,,,,,,
https://www.homeintunisia.com/fr/propri%C3%A9t%C3%A9/85342133,location annuelle S+1 à,Hergla,550 TND / Mois,Appartement,85342133,2 pièces,60 m²,,"Radiateur, Climatisation",,Collectif,Chaudière,Individuelle,,Bon état,1er étage / 3,,Dégagée,,,,,,,1.0,,,36.00375,10.43101,,,1.0,,1.0,1.0,,,,1.0,,,1.0,,,,,,,1.0,,1.0,,,,,,,1.0,,1.0,1.0,1.0,,,,1.0,,,,,,,,,,,,,,,,,,,,,,,,,,,,,,,,,,,,,,,,,,,,,,,,,,,,,,,,,,,,,,,,,,,,,,,,,,,
https://www.homeintunisia.com/fr/propri%C3%A9t%C3%A9/85341928,Location Annuelle – Coquet Appartement S+1 près de la Mer à la Corniche de Sousse,Sousse Corniche,1 500 TND / Mois,Appartement,85341928,2 pièces,60 m²,80 m²,Central,Gaz,Individuel,Chaudière,Individuelle,Tout à l'égout,Bon état,1er étage / 3,Nord-est,Dégagée Cour,1,,,,,,1.0,,,35.81771,10.64549,,,1.0,,1.0,1.0,1.0,1.0,,1.0,,,,,1.0,,1,1.0,1.0,1.0,,1.0,,,1.0,,,,1.0,,,,,,,,,,,1,,1,,,,1.0,,,,,,,,,,,,1.0,,,,,,,,,,,,,,,,,,,,,1.0,,,,,,,,,,1,,,,,,,,,,,,,,,,,,,,,,,
https://www.homeintunisia.com/fr/propri%C3%A9t%C3%A9/85321836,"À Louer : Appartement S+2 à Folla Palm Lake, Monastir",Zone Skanes,1 500 TND / Mois,Appartement,85321836,3 pièces,75 m²,,"Radiateur, Climatisation",,Collectif,Chaudière,Individuelle,Tout à l'égout,Bon état,1er,,Dégagée Ciel Rue,,,,,,1.0,1.0,,,35.77777,10.79381,,,1.0,,1.0,1.0,,1.0,,1.0,,,1.0,1.0,1.0,,,,1.0,1.0,,,,,,,,1.0,,,1.0,1.0,1.0,,,,,,,,,,,,,,,,,,,,,,,,,1.0,1.0,1.0,,,,,,,,,,,,,,,,,,,1.0,,,,,,,,,,,,,,,,,,,,,,,,,,,,,,,,,
https://www.homeintunisia.com/fr/propri%C3%A9t%C3%A9/85321219,Appartement de type S+2,Sousse Khezama,Prix sur demande,Appartement,85321219,3 pièces,80 m²,100 m²,"Radiateur, Climatisation","Gaz, Electrique, Eau chaude",Collectif,Chaudière,Individuelle,Tout à l'égout,Excellent état,Rez-de-jardin / 3 étages,"Est, Sud-est",Dégagée Mer Verdure,,,,,,1.0,1.0,,,35.8562,10.6152,,1.0,1.0,,1.0,,1.0,1.0,,1.0,,,1.0,,,,,,,1.0,,,,,,,,,,,,,1.0,,,,,,,,,,,,,,,,1.0,,,,,,,,,,,,,,1.0,,,,,,,,,,,,,,,,,,,,,,,,,,,,,,,,,,,,,,,,,,,,,,,,,
https://www.homeintunisia.com/fr/propri%C3%A9t%C3%A9/85319747,"Location Annuelle S+2 à  – Appartement Meublé 1er Étage, Proche de la Mer",Hergla,1 100 TND / Mois,Appartement,85319747,3 pièces,80 m²,,"Radiateur, Climatisation",,Mixte,Chaudière,Individuelle,Tout à l'égout,Bon état,1er étage / 3,,Dégagée,,,,,,,1.0,,,36.03329,10.50863,,,1.0,,1.0,1.0,,1.0,,1.0,,,1.0,,,,,,,1.0,,1.0,,,1.0,1.0,,1.0,,,,1.0,1.0,,1.0,1.0,1.0,1.0,,,,,,,,,,,,,,,,,,,,,,,,,,,,,,,,,,,,,,,,,,,,,,,,,,,,1.0,,,,,,,,,,,,,,,,,,,,,,
https://www.homeintunisia.com/fr/propri%C3%A9t%C3%A9/85318031,Location appartement S+1 à Kantaoui,El Kantaoui,900 TND / Mois,Appartement,85318031,2 pièces,,,,,,Chaudière,Individuelle,,Bon état,1er,,Dégagée,,,,,,1.0,,,,35.88196,10.59921,,,1.0,,,1.0,1.0,1.0,,1.0,,,,,,,,1.0,,,,,,,,,1.0,,,,,,,,,,,,,,,,,,,,,,,,,,,,,,,,,,,,,,,,,,,,,,,,,,,,,,,,,,,,,,,,,,,,,,,,,,,,,,,,,,,,,
https://www.homeintunisia.com/fr/propri%C3%A9t%C3%A9/85314803,location annuelle S+2 à chott Meriem,Chatt Meriem,2 200 TND / Mois,Appartement,85314803,3 pièces,90 m²,,Climatisation,,Collectif,Chaudière,Individuelle,Tout à l'égout,Neuf,4ème,,Dégagée Mer Ciel,,,,,,1.0,1.0,,,35.87039,10.57187,,,1.0,,1.0,1.0,,1.0,,1.0,,,1.0,1.0,1.0,,,,1.0,1.0,1.0,1.0,1.0,,1.0,1.0,,,1.0,,1.0,,1.0,1.0,1.0,1.0,1.0,1.0,,,,,,,,,,,,,,,,,,,,,1.0,1.0,,,,,,,,,,,,,,,,,,,1.0,1.0,,,,,,,,,,,,,,,,,,,,,,,,,,,,,,,,
https://www.homeintunisia.com/fr/propri%C3%A9t%C3%A9/85309760,À Louer : Superbe Duplex sur la Route Touristique de Sousse,Hammam Sousse,1 800 TND / Mois,Appartement,85309760,4 pièces,122 m²,170 m²,"Radiateur, Climatisation, Central",Electrique,Collectif,Chaudière,Individuelle,Tout à l'égout,Bon état,Rez-de-chaussée,,Panoramique Piscine,,,,,,,1.0,1.0,,35.88529,10.58807,,,,,,,1.0,1.0,,1.0,,,1.0,,1.0,,,1.0,1.0,1.0,,,,,,,,1.0,,,,,,,,,,,,,,,,1.0,,,,,,,,,,,,,,1.0,,,,,,,,,,,,,,,1.0,1.0,,,,,1.0,,,,,,,,,,,,,,,,,,,,,,,,,,,,,,,,,
https://www.homeintunisia.com/fr/propri%C3%A9t%C3%A9/85299710,location scolaire S+1 à Chott Meriem,Chatt Meriem,1 200 TND / Mois,Appartement,85299710,2 pièces,80 m²,,Climatisation,,Collectif,,Individuelle,Tout à l'égout,Neuf,2ème étage / 4,,Panoramique Mer,,,,,,1.0,,,,35.87808,10.57073,,,1.0,,1.0,,1.0,1.0,,1.0,,,,,,,,,,1.0,1.0,1.0,,,1.0,1.0,1.0,,,,,,,,,1.0,1.0,1.0,,,,,,,,,,,,,,,,,,,,,,1.0,,,,,,,,,,,,,,,,,,,1.0,1.0,,,,,,,,,,,,,,,,,,,,,,,,,,,,,,,,
https://www.homeintunisia.com/fr/propri%C3%A9t%C3%A9/85298618,LOCATION annuelle Appartement S+1 à,Tantana,600 TND / Mois,Appartement,85298618,2 pièces,75 m²,80 m²,"Radiateur, Climatisation",,Collectif,Chaudière,Individuelle,Tout à l'égout,Bon état,3ème étage / 3,,Dégagée,,,,,,,1.0,,,35.80635,10.61376,,,1.0,,,,,1.0,,,,,,,1.0,,,,,,,,,,,,,,,,,,,,1.0,,,,,,,,,,,,,,,,,,,,,,,1.0,,,,,,,,,,,,,,,,,,,,,1.0,,,,,,,,,,,,,,,,,,,,,,,,,,,,,,,,,
https://www.homeintunisia.com/fr/propri%C3%A9t%C3%A9/85286518,"Location Scolaire – Appartement à la Résidence Monte Carlo, Khezama",Hammam Sousse,1 850 TND / Mois,Appartement,85286518,3 pièces,104 m²,,"Radiateur, Climatisation",Gaz,Individuel,Chaudière,Individuelle,Tout à l'égout,Bon état,6ème,,Panoramique Mer Ciel,,,,,,,1.0,,,35.8569,10.5972,,,1.0,,1.0,,,1.0,,1.0,,,,1.0,,,,1.0,1.0,1.0,1.0,1.0,1.0,,1.0,1.0,1.0,,,,,1.0,,1.0,1.0,1.0,1.0,1.0,,,,,,,,1.0,1.0,,,,,,,,,,1.0,1.0,1.0,1.0,,,,,,,,,,,,,1.0,,,,,,1.0,1.0,,,,,,,,,,,,,,,,,,,,,,,,,,,,,,,,
https://www.homeintunisia.com/fr/propri%C3%A9t%C3%A9/85285644,Location Scolaire s+1 à,Tantana,650 TND / Mois,Appartement,85285644,2 pièces,65 m²,,Climatisation,,Collectif,Chaudière,Individuelle,Tout à l'égout,Bon état,2ème étage / 2,,Dégagée Rue,,,,,,,,,,35.92028,10.57837,,,1.0,,1.0,1.0,,1.0,,,,,,1.0,1.0,,,1.0,1.0,,,1.0,,,1.0,1.0,,,,,,,1.0,,,1.0,1.0,1.0,,,,,,,,,,,,,,,,,,,,1.0,1.0,1.0,,,,,,,,,,,,,,,,,,,1.0,1.0,,,,,,,,,,,,,,,,,,,,,,,,,,,,,,,,
https://www.homeintunisia.com/fr/propri%C3%A9t%C3%A9/85285446,Superbe S+4 sur  4,Sahloul,3 000 TND / Mois,Appartement,85285446,5 pièces,150 m²,186 m²,Radiateur,Gaz,Collectif,Chaudière,Individuelle,Tout à l'égout,Excellent état,5ème,"Nord-est, Sud-est",Dégagée Ciel Rue,,,,,,1.0,1.0,,,35.83855,10.59005,,,1.0,,1.0,1.0,1.0,1.0,,,,,,,1.0,,,,1.0,,,1.0,,,,,,,,,,,,,,,,,,,,,,,,,,,,,,,,,,,,,,,,,,,,,,,,,,,,,,,,,1.0,,,,,,,,,,,,,,,,,,,,,,,,,,,,,,,,,
https://www.homeintunisia.com/fr/propri%C3%A9t%C3%A9/85283731,"Location Appartement Meublé S+2 – Très Haut Standing – Zone Touristique,",Sousse,1 800 TND / Mois,Appartement,85283731,,84 m²,,Central,,Individuel,Chaudière,Individuelle,,Neuf,2ème,,Panoramique,,,,,,1.0,,,,35.8245,10.63458,,,1.0,,1.0,,1.0,1.0,,1.0,,,,,1.0,,,1.0,,1.0,,,,,,,,1.0,,,,,1.0,,,,,,,,,,,,,,,,,,,,,1.0,,,,1.0,1.0,,,,,,,,,,,,,,,,,,,,,,,,,,,,,,,,,,,,,,,,,,,,,,,,,,,,,
https://www.homeintunisia.com/fr/propri%C3%A9t%C3%A9/85270599,location Scolaire S+1 à Tantana,Chatt Meriem,800 TND / Mois,Appartement,85270599,2 pièces,80 m²,,"Radiateur, Climatisation",,,Chaudière,Individuelle,Tout à l'égout,Neuf,1er étage / 1,,Dégagée Campagne Ciel,,,,,,1.0,1.0,,,35.82046,10.63456,,,1.0,,,1.0,,1.0,,1.0,,,,,,,,,,,1.0,1.0,1.0,,1.0,1.0,,,,,,,1.0,,1.0,,1.0,1.0,,,,,,,,,,,,,,,,,,,,,,,,,,,,,,,,,,,,,,,,,,,,,,,,,,,,,,,,,,,,,,,,,,,,,,,,,,
https://www.homeintunisia.com/fr/propri%C3%A9t%C3%A9/85262170,"Appartement S+2 Haut Standing à Sahloul 4, Sousse",Cité Sahloul,1 200 TND / Mois,Appartement,85262170,3 pièces,100 m²,,Radiateur,,Individuel,Chaudière,Individuelle,,Excellent état,5ème,,Dégagée,,,,,,1.0,,,,35.84033,10.59432,,,1.0,,1.0,1.0,,,,1.0,,,,,1.0,,,1.0,,,,1.0,,,,,1.0,1.0,,,,,1.0,,1.0,,1.0,,,,,,,,,,,,,,,,,1.0,,,,1.0,,,,,,,,,,,,,,,1.0,,,,,,1.0,,1.0,1.0,,,,,,,,,,,,,,,,,,,,,,,,,,,,,,
https://www.homeintunisia.com/fr/propri%C3%A9t%C3%A9/85244754,location annuelle S+2 Chott Meriem,Chatt Meriem,700 TND / Mois,Appartement,85244754,3 pièces,60 m²,,Climatisation,,Mixte,,Individuelle,Tout à l'égout,Bon état,2ème,,Dégagée Mer Ciel,,,,,,,,,,35.96155,10.54294,,,1.0,,1.0,1.0,,1.0,,,,,,,,,,,,,,,,,1.0,1.0,,,,,,,1.0,,,1.0,1.0,1.0,,,,,,,,,,,,,,,,,,,,,,,,,,,,,,,,,,,,,,,,,,,,,,,,,,,,,,,,,,,,,,,,,,,,,,,,,,
https://www.homeintunisia.com/fr/propri%C3%A9t%C3%A9/85239365,Location Annuelle S+2 à,Tantana,1 000 TND / Mois,Appartement,85239365,3 pièces,80 m²,,Climatisation,,Collectif,,Individuelle,Tout à l'égout,Bon état,1er étage / 2,,Dégagée Mer Ciel,,,,,,1.0,1.0,,,35.94312,10.52022,,,1.0,,1.0,,,1.0,,1.0,,,1.0,1.0,1.0,,,,,,,1.0,,,1.0,1.0,,,,,,,1.0,,1.0,,1.0,1.0,,,,,,,,,,,,,,,,,,,,1.0,1.0,,,,,,,,,,,,,,,,,,,,,1.0,,,,,,,,,,,,,,,,,,,,,,,,,,,,,,,,
https://www.homeintunisia.com/fr/propri%C3%A9t%C3%A9/85161553,Appartement haut standing sahloul 4,Sahloul,1 350 TND / Mois,Appartement,85161553,2 pièces,50 m²,64 m²,Central,Gaz,Individuel,Chaudière,Individuelle,Tout à l'égout,Neuf,2ème,Sud-est,Dégagée Ciel,,,,,,,,,,35.83381,10.60434,,1.0,1.0,,,1.0,1.0,1.0,,,,,,1.0,1.0,,,1.0,1.0,1.0,,1.0,,,1.0,1.0,,,,,,,1.0,1.0,,,1.0,,,,,,,,,1.0,,,,,,,1.0,1.0,,,1.0,,,1.0,,,,,,,,,,,,,,,,,,,1.0,,,1.0,,,,,,,,,,,,,,,,,,,,,,,,,,,,,,
https://www.homeintunisia.com/fr/propri%C3%A9t%C3%A9/85131882,Location d'un Appartement S+2 à Merzga - 122 m²,Hammamet,1 000 TND / Mois,Appartement,85131882,3 pièces,122 m²,122 m²,Central,Gaz,Individuel,Chaudière,Individuelle,Tout à l'égout,Neuf,,,Dégagée,,,,,,1.0,1.0,1.0,,36.40108,10.61457,,,1.0,,1.0,,1.0,,,,,,,1.0,,,,,,,,,,,,,1.0,,,,,,,,,,,,,,,,,,,,,,,,,,,1.0,,,,1.0,,,,,1.0,,,,,,,,,,,,,,,,1.0,,,1.0,,,,,,,,,,,,,,,,,,,,,,,,,,,,,,
https://www.homeintunisia.com/fr/propri%C3%A9t%C3%A9/85108119,Location Annuelle Appartement S+2 à  – Non Meublé,Hergla,800 TND / Mois,Appartement,85108119,3 pièces,90 m²,90 m²,"Radiateur, Climatisation, Central",Electrique,Collectif,Chaudière,Individuelle,Tout à l'égout,Neuf,2ème,,Dégagée Ciel,,,,,,,1.0,,,36.03282,10.50708,,,,,,1.0,1.0,,,1.0,,,1.0,,1.0,,,1.0,,1.0,,,,,,,,,1.0,,,,,,,,,,,,,,,1.0,,,,,,,,,,,,,,,,,,,,,,,,,,,,,,1.0,,,,,,,,,,,,,,,,,,,,,,,,,,,,,,,,,,,,,,
https://www.homeintunisia.com/fr/propri%C3%A9t%C3%A9/85108029,Location Annuelle - Appartement S+2 à,Hergla,850 TND / Mois,Appartement,85108029,3 pièces,80 m²,80 m²,"Radiateur, Climatisation, Central",Electrique,Collectif,Chaudière,Individuelle,Tout à l'égout,Neuf,1er,Nord-est,Dégagée Ciel,,,,,,,1.0,,,36.03405,10.5019,,,,,,1.0,,1.0,,1.0,,,1.0,,1.0,,,1.0,,1.0,,,,,,,1.0,,,,,,,,,,,,,,,,,1.0,,,,,,,,,,,,,,,,,,,,,,,,,,,,,,1.0,,,,,,,,,,,,,,,,,,,,,,,,,,,,,,,,,,,,,,
https://www.homeintunisia.com/fr/propri%C3%A9t%C3%A9/85107957,Location Annuelle Appartement S+1 à  – Proche de la Mer,Hergla,800 TND / Mois,Appartement,85107957,2 pièces,60 m²,60 m²,"Radiateur, Climatisation, Central",Electrique,Collectif,Chaudière,Individuelle,Tout à l'égout,Neuf,1er,"Nord-est, Nord-ouest",Dégagée,,,,,,,1.0,,,36.02906,10.50365,,,,,1.0,1.0,1.0,1.0,,1.0,,,1.0,,1.0,,,1.0,,1.0,,,,,,,,1.0,1.0,,,,,,,,,,,,,,,1.0,,,,,,,,,,,,,,,,,,,,,,,,,,,,,,,,,,,,,,,,,,,,,,,,,,,,,,,,,,,,,,,,,,,,
https://www.homeintunisia.com/fr/propri%C3%A9t%C3%A9/85089775,"Appartement S+2 à Louer à l'Année – Dernier Étage, Pieds dans l'Eau à Kantaoui",El Kantaoui,2 500 TND / Mois,Appartement,85089775,3 pièces,120 m²,145 m²,Central,Gaz,Individuel,Chaudière,Individuelle,Fosse septique,Bon état,5ème étage / 4,Nord-est,Dégagée Mer Ciel,1,2,,,,1.0,,,,35.89419,10.59822,,,1.0,,1.0,,1.0,,,1.0,,,,,,,1,,1.0,1.0,,,,,,,,,,,,,,,,,,,,,,1,,,,,,,,,,,,,,,,1.0,,,,,,,,,,,,,,,,,,,,,1.0,,,,,,,,,,,,,,,,,,,,,,,,,,,,,,,,,
https://www.homeintunisia.com/fr/propri%C3%A9t%C3%A9/85074541,location scolaire S+1 à résidence Tilel,Chatt Meriem,650 TND / Mois,Appartement,85074541,2 pièces,60 m²,,Climatisation,,Collectif,Chaudière,Individuelle,Tout à l'égout,Bon état,2ème étage / 2,,Dégagée Mer Ciel,,,,,,1.0,1.0,,,36.81872,10.18915,,,1.0,,,1.0,,1.0,,1.0,,,1.0,,1.0,,,,,1.0,1.0,1.0,1.0,,1.0,1.0,,,,,1.0,,1.0,,1.0,1.0,1.0,1.0,,,,,,,,,,,,,,,,,,,,1.0,1.0,,,,,,,,,,,,,,,,,,,,,1.0,,,,,,,,,,,,,,,,,,,,,,,,,,,,,,,,
https://www.homeintunisia.com/fr/propri%C3%A9t%C3%A9/85061298,À Louer – Appartement Non Meublé à,Tantana,900 TND / Mois,Appartement,85061298,4 pièces,,110 m²,Central,Gaz,Individuel,Chaudière,Collective,,Neuf,3ème étage / 3,,Dégagée,,,,,,,1.0,,,35.94312,10.52022,,,1.0,,,,1.0,,,,,,,,,,,,,1.0,,,,,,,,,1.0,,,,,,,,,,,,,,,,,1.0,,,,,,,,1.0,,,,,,1.0,,,1.0,,,,,,,,,,,,,,,,,,,,,,,,,,,,,,,,,,,,,,,,,,,,,,,,,
https://www.homeintunisia.com/fr/propri%C3%A9t%C3%A9/85054792,Location annuelle S+ 2 Folla Palm lake,Monastir,1 700 TND / Mois,Appartement,85054792,3 pièces,150 m²,,"Radiateur, Climatisation",,Collectif,Chaudière,Individuelle,Tout à l'égout,Bon état,2ème étage / 4,,Dégagée,,,,,,1.0,1.0,,,35.76191,10.80813,,,1.0,,1.0,1.0,1.0,,,1.0,,,1.0,,1.0,,,,1.0,1.0,,1.0,,,1.0,1.0,,,,1.0,1.0,,1.0,1.0,,1.0,1.0,1.0,,,,,,,,,1.0,1.0,,,,,,,,,1.0,,1.0,1.0,,,,,,,,,,,,,,,,,,,1.0,1.0,,,,,,,,,,,,,,,,,,,,,,,,,,,,,,,,
https://www.homeintunisia.com/fr/propri%C3%A9t%C3%A9/85012244,À Louer – Rez-de-Chaussée Spacieux S+3 à,Tantana,1 500 TND / Mois,Appartement,85012244,4 pièces,100 m²,,Climatisation,,Individuel,Chaudière,Individuelle,Tout à l'égout,Bon état,Rez-de-chaussée / 1 étage,,Dégagée,,,,,,,,,,35.9221,10.57537,,,1.0,,,,,1.0,,,,,1.0,,,,,,,,,,,,1.0,1.0,,,,,,,,1.0,,1.0,1.0,1.0,,,,,,,,,,,,,,,,,,,,,,,,,,,,,,,,,1.0,,,,,,,,,,,,,,,,,,,,,,,,,,,,,,,,,,,,,,,,,
https://www.homeintunisia.com/fr/propri%C3%A9t%C3%A9/84819319,Location Appartement Haut Standing à Khzema Est,Sousse Khezama,1 500 TND / Mois,Appartement,84819319,3 pièces,100 m²,110 m²,"Radiateur, Climatisation, Central",Electrique,Collectif,Chaudière,Individuelle,Tout à l'égout,Excellent état,6ème,"Nord-est, Nord-ouest",Dégagée Ciel,,,,,,,1.0,,,35.82895,10.61702,,1.0,,,,,1.0,1.0,,1.0,,,1.0,,,,,1.0,1.0,1.0,,,,,,,,,1.0,,,,1.0,,,,,,,,,,,1.0,,,,,,,,,,,,,,,,1.0,,,,,,,,,,,,,1.0,1.0,,,,,1.0,,1.0,,,,,,,,,,,,,,,,,,,,,,,,,,,,,,,
https://www.homeintunisia.com/fr/propri%C3%A9t%C3%A9/84799646,Location Scolaire S+3 à  – En Exclusivité chez HOME IN TUNISIA,Hergla,1 000 TND / Mois,Appartement,84799646,4 pièces,150 m²,,"Radiateur, Climatisation",,Collectif,Chaudière,Individuelle,Tout à l'égout,Excellent état,Rez-de-chaussée / 1 étage,,Dégagée Jardin Ciel,,,,,,1.0,1.0,,,36.02885,10.49992,,,1.0,,1.0,1.0,,1.0,,1.0,,,1.0,,,,,,,1.0,,,1.0,,1.0,1.0,,,,,,1.0,1.0,1.0,,1.0,1.0,1.0,,,,,,,,,,,,,,,,,,,,,,,,,,,,,,,,,,,,,,,,,,,,,,,,,,,,,,,,,,,,,,,,,,,,,,,,,,
https://www.homeintunisia.com/fr/propri%C3%A9t%C3%A9/84698304,Location Scolaire S+3 à,Hergla,1 000 TND / Mois,Appartement,84698304,4 pièces,180 m²,,"Radiateur, Climatisation",,Collectif,Chaudière,Individuelle,Tout à l'égout,Bon état,Rez-de-chaussée / 2 étages,,Dégagée,,,,,,1.0,1.0,,,36.02818,10.50283,,,1.0,,1.0,,,1.0,,1.0,,,1.0,,,,,,,,1.0,1.0,1.0,,1.0,1.0,1.0,,,,,1.0,,,,1.0,1.0,1.0,,,,,,,,,,,,,,,,,,,,,,,,,,,,,,,,,,,,,,,,,,,,,,,,,,,,,,,,,,,,,,,,,,,,,,,,,,
https://www.homeintunisia.com/fr/propri%C3%A9t%C3%A9/84621082,À Louer – Appartement Confortable à Proximité de la Mer,El Kantaoui,750 TND / Mois,Appartement,84621082,3 pièces,100 m²,,Central,Gaz,Collectif,Chaudière,Individuelle,Tout à l'égout,À rafraîchir,Rez-de-chaussée,Nord,Vis-à-vis Rue,,,,,,,,,,35.89279,10.5943,,,1.0,,,,,1.0,,,,,,,,,,,1.0,,,,,,,,,,,,,,,,,,,,,,,,,,,,,,,,,,,,,,,,,,,,,,,,,,,,,,,,,,,,,,,,,,,,,,,,,,,,,,,,,,,,,,,,,,,,,
https://www.homeintunisia.com/fr/propri%C3%A9t%C3%A9/84607268,À Louer – Coquet Studio avec Vue sur le Golf à Kantaoui,El Kantaoui,900 TND / Mois,Appartement,84607268,1 pièce,70 m²,370 m²,Climatisation,Eau chaude,Individuel,Chaudière,Individuelle,Tout à l'égout,Excellent état,2ème étage / 3,Nord,Dégagée Ciel Golf,,,,,,,1.0,,,35.89419,10.59822,,,1.0,,1.0,,1.0,1.0,,1.0,,,,,1.0,,,1.0,,1.0,,1.0,,,1.0,1.0,,,,,,1.0,,1.0,,,1.0,1.0,,,,,,,,,,,,,,,,1.0,,,,1.0,,,1.0,,,,,,,,,,,,,,,,,,,,,,,,,,,,,,1,,,,,,,,,,,,,,,,,,,,,
https://www.homeintunisia.com/fr/propri%C3%A9t%C3%A9/84589774,"Location Saisonnière : Appartement S+2 à Chatt Mariem, Côté Mer",Chatt Meriem,750 TND / Mois,Appartement,84589774,3 pièces,60 m²,,"Radiateur, Climatisation",,Collectif,,Individuelle,Tout à l'égout,Bon état,2ème étage / 3,,Dégagée,,,,,,1.0,,,,35.87467,10.57181,,,1.0,,1.0,,,1.0,,1.0,,,,,,,,,,1.0,,,,,1.0,1.0,,,,,,1.0,,,1.0,1.0,,1.0,,,,,,,,,,,,,,,,,,,,,,,,,,,,,,,,,,,,,,,,,,,,,,,,,,,,,,,,,,,,,,,,,,,,,,,,,,
https://www.homeintunisia.com/fr/propri%C3%A9t%C3%A9/84384653,location annuelle s+3 à hammam Sousse,Hammam Sousse,1 500 TND / Mois,Appartement,84384653,4 pièces,100 m²,,"Radiateur, Climatisation",Eau chaude,Individuel,Chaudière,Individuelle,Tout à l'égout,Bon état,2ème étage / 4,,Dégagée,,,,,,1.0,,,,35.85305,10.61911,,,1.0,,,1.0,,1.0,,1.0,,,,,1.0,,,,,1.0,,1.0,1.0,,1.0,1.0,,,,,1.0,1.0,1.0,,1.0,1.0,,1.0,,,,,,,,,,,,,,,,,,,,1.0,,,,,,,,,,,,,,,,,,,,,1.0,,,,,,,,,,,,,,,,,,,,,,,,,,,,,,,,,
https://www.homeintunisia.com/fr/propri%C3%A9t%C3%A9/84305286,Location Annuelle – Studio S+1 à Cité Riadh 3,Sousse Riadh,500 TND / Mois,Appartement,84305286,2 pièces,50 m²,,,,Mixte,,,Tout à l'égout,Bon état,Plain-pied,,Dégagée,,,,,,,1.0,,,35.79992,10.59305,,,,,,,,,,,,,1.0,,,,,,,,,1.0,,,1.0,,,,,,,,,,,,,,,,,,,,,,,,,,,,,,,,,,,,,,,,,,,,,,,,,,,,,,,,,,,,,,,,,,,,,,,,,,,,,,,,,,,,,,,
https://www.homeintunisia.com/fr/propri%C3%A9t%C3%A9/84250735,Appartement S+2 dans Résidence Familiale et Sécurisée,Msaken,600 TND / Mois,Appartement,84250735,3 pièces,,120 m²,Sans chauffage,,Collectif,Chaudière,Individuelle,Tout à l'égout,Excellent état,2ème étage / 3,Ouest,Dégagée Rue,,,,,,,1.0,,,35.72263,10.58138,,,,,,1.0,,,,1.0,,,,,,,,,,1.0,,,,,,,,,,,,,,,,,,,,,,,,,,,,,,,,,,,,,,,,,,,,,,,,,,,,,,,,,,,,,,,,,,,,,,,,,,,,,,,,,,,,,,,,,,,,
https://www.homeintunisia.com/fr/propri%C3%A9t%C3%A9/84206920,Bien d''exception grande et splendide villa meublée Pour location annuelle,Kalaa El Kebira,7 000 TND / Mois,Appartement,84206920,10 pièces,1500 m²,35000 m²,"Radiateur, Climatisation, Central",Electrique,Individuel,Chaudière,Collective,Tout à l'égout,Excellent état,Rez-de-chaussée,"Nord-est, Nord-ouest",Panoramique Forêt Piscine,,,,,,1.0,1.0,1.0,1.0,37.22577,9.79817,,1.0,1.0,1.0,1.0,1.0,1.0,1.0,1.0,1.0,1.0,1.0,1.0,,1.0,,,,1.0,1.0,1.0,1.0,1.0,,1.0,1.0,1.0,1.0,,1.0,1.0,1.0,1.0,1.0,1.0,1.0,1.0,1.0,,,,,1.0,1.0,1.0,,,,,,,,,1.0,,,1.0,1.0,,1.0,,,,,,,,,,,1.0,,,1.0,,,,,,,,,,,,,,,,,,1.0,1.0,,,,,,,,,,,,,,,,,,,
https://www.homeintunisia.com/fr/propri%C3%A9t%C3%A9/84060067,location Scolaire S+2 à corniche Sousse,Sousse Khezama,1 200 TND / Mois,Appartement,84060067,3 pièces,95 m²,,"Radiateur, Climatisation",,Collectif,Chaudière,Individuelle,Tout à l'égout,Bon état,7ème,,Panoramique Ciel,,,,,,1.0,1.0,,,35.84934,10.61361,,1.0,1.0,,,1.0,,1.0,,1.0,,,,,1.0,,,,,1.0,1.0,1.0,1.0,,,1.0,,,,,1.0,1.0,1.0,1.0,1.0,1.0,1.0,,,,,,1.0,,,,,,,,,,,,,,,,,,,,,,,,,,,,,,1.0,,,,,,1.0,,,,,,,,,,,,,,,,,,,,,,,,,,,,,,,,,
https://www.homeintunisia.com/fr/propri%C3%A9t%C3%A9/84047259,"Appartement S+3 Meublé à Louer Annuellement – Kantaoui, Sousse",El Kantaoui,2 000 TND / Mois,Appartement,84047259,4 pièces,150 m²,,"Radiateur, Climatisation, Central",,Collectif,,Individuelle,Tout à l'égout,Excellent état,2ème,Nord-est,Dégagée,,,,,,,1.0,,,35.88392,10.59074,,,,,1.0,1.0,,1.0,,1.0,,,1.0,1.0,1.0,,,,,1.0,,,,,,,,1.0,,,,,,,,,,,,,,,,,,,,,,,,,,,,,1.0,1.0,1.0,,,,,,,,,,,,,,1.0,,,,,,,,,,,,,,,,,,,,,,,,,,,,,,,,,,,,,,,
https://www.homeintunisia.com/fr/propri%C3%A9t%C3%A9/83949630,À Louer : Étage de Villa S+3 à,Hammam Sousse,1 800 TND / Mois,Appartement,83949630,4 pièces,200 m²,230 m²,Central,Gaz,Individuel,Chaudière,Individuelle,Tout à l'égout,Bon état,2ème étage / 2,"Nord-est, Sud-est",Dégagée Rue,,,,,,1.0,1.0,,,35.8569,10.5972,,,1.0,,1.0,,1.0,1.0,,1.0,,,,,,,,1.0,,,,1.0,,,1.0,,,,,,,,,,,,,,,,,,,,,,,,,,,,,,,,,,,1.0,1.0,,,,,,,,,,,,,,,,,,1.0,,,,,,,,,,,,,,,,,,,,,,,,,,,,,,,,,
https://www.homeintunisia.com/fr/propri%C3%A9t%C3%A9/83939277,Splendide Appartement S+2 à Louer – Corniche,Sousse Corniche,1 800 TND / Mois,Appartement,83939277,3 pièces,,80 m²,Central,Gaz,Individuel,Chaudière,Individuelle,Tout à l'égout,Excellent état,2ème étage / 3,Nord,Vis-à-vis Ville,1,2,,,,1.0,1.0,,,35.83769,10.63515,,,1.0,,,1.0,1.0,1.0,,,,,,1.0,1.0,,1,1.0,,1.0,1.0,1.0,,1.0,1.0,1.0,1.0,1.0,,,,,,,1.0,,1.0,1.0,,,,1,,,,,,,,,,,,,,,1.0,1.0,1.0,1.0,,,,,,,1.0,,,,,,1.0,,,,,,1.0,,,1.0,,,,,,,,,,,,,,,,,,,,,,,,,,,,,,
https://www.homeintunisia.com/fr/propri%C3%A9t%C3%A9/83891879,Location Studio Meublé à  Amilcar,Carthage,1 500 TND / Mois,Appartement,83891879,1 pièce,,70 m²,Central,,Individuel,Chaudière,Individuelle,Tout à l'égout,Bon état,Plain-pied,,Vis-à-vis,,,,,,,,1.0,,36.86259,10.33295,,,,,,1.0,1.0,1.0,,1.0,,,,,,,,,,,,1.0,1.0,,1.0,1.0,1.0,,,,,,1.0,,,,1.0,,,,,,,1.0,,,,,,,,,,,,,,,,,,,,,,,,,,,,,,,,,,,,,,,,,,,,,,,,,,,,,,,,,,,,,,,,,,,,
https://www.homeintunisia.com/fr/propri%C3%A9t%C3%A9/83779641,Appartement S+2 meublé à louer à Kantaoui - Location scolaire,El Kantaoui,900 TND / Mois,Appartement,83779641,3 pièces,,,"Climatisation, Central",Eau chaude,Individuel,Chauffe-eau,Individuelle,,Bon état,4ème,Nord-est,Panoramique Mer Ciel,,,,,,,,,,35.89419,10.59822,,,1.0,,,,,1.0,,,,,,,,,,,,,,,,1.0,1.0,1.0,,,,,,,,1.0,,1.0,,1.0,,,,,,,,,,,,,,,,,,,,,,,,,,,,1.0,,,,,,,,,,,,,,,,,,,,,,,,,,,,,,,,,,,,,,,,,,,,,,
https://www.homeintunisia.com/fr/propri%C3%A9t%C3%A9/83771091,Location Scolaire – Appartement S+2 à,Tantana,950 TND / Mois,Appartement,83771091,3 pièces,92 m²,,"Radiateur, Climatisation",,Collectif,Chaudière,Individuelle,Tout à l'égout,Bon état,4ème étage / 4,,Dégagée,,,,,,1.0,1.0,,,35.92208,10.57926,,,1.0,,1.0,1.0,,1.0,,1.0,,,,,,,,,,1.0,1.0,1.0,1.0,,1.0,1.0,,,,,,1.0,1.0,,1.0,1.0,,1.0,,,,,,,,,,,,,,,,,,,,1.0,,,,,,,,,,,,,,,,,,,,,1.0,,,,,,,,,,,,,,,,,,,,,,,,,,,,,,,,,
https://www.homeintunisia.com/fr/propri%C3%A9t%C3%A9/83615983,"Bel Appartement de Standing avec Vue Mer à Louer – Kantaoui, Sousse",El Kantaoui,1 700 TND / Mois,Appartement,83615983,3 pièces,80 m²,105 m²,"Climatisation, Central","Gaz, Electrique, Pompe à chaleur, Eau chaude",Collectif,Chaudière,Individuelle,Tout à l'égout,Bon état,4ème étage / 5,Est,Panoramique Mer,,,,,,,1.0,,,35.8904,10.60213,,1.0,1.0,,1.0,1.0,1.0,,,1.0,,,,,,,,1.0,,1.0,,,,,,,,,1.0,,,,,,,,,,,,,,,1.0,,,,,,,,,,,,,1.0,,1.0,,,,,,,,,,,,,,,,,,,,1.0,,,1.0,,,,,,,,,,,,,,,,,,,,,,,,,,,,,,
https://www.homeintunisia.com/fr/propri%C3%A9t%C3%A9/83594519,Location Annuelle S+2 Meublée à Chott Meriem,Chatt Meriem,1 200 TND / Mois,Appartement,83594519,3 pièces,100 m²,,Climatisation,,Collectif,,Individuelle,Tout à l'égout,Excellent état,1er,,Dégagée,,,,,,,1.0,1.0,,35.93663,10.54495,,,1.0,,,1.0,,1.0,,,,,,,,,,,,1.0,,1.0,,,1.0,1.0,,,,,1.0,1.0,1.0,,1.0,1.0,,1.0,,,,,,,,,,,,,,,,,,,,,,1.0,,,,,,,,,,,,,,,,,,,,1.0,,,,,,,,,,,,,,,,,,,,,,,,,,,,,,,,
https://www.homeintunisia.com/fr/propri%C3%A9t%C3%A9/83593628,À Louer – Appartement Pieds dans l'Eau à Chott Mariem (Location Scolaire),Chatt Meriem,1 000 TND / Mois,Appartement,83593628,2 pièces,,115 m²,Climatisation,Eau chaude,Individuel,Chaudière,Individuelle,Fosse septique,Bon état,3ème,,Dégagée,,,,,,1.0,1.0,1.0,1.0,35.94312,10.52022,,,1.0,,1.0,,1.0,1.0,,1.0,,,,,1.0,,,1.0,1.0,1.0,1.0,,1.0,,1.0,1.0,,1.0,1.0,1.0,,1.0,,1.0,1.0,1.0,1.0,,,,,,1.0,1.0,,1.0,,,,,,,,1.0,,,1.0,1.0,1.0,1.0,,,1.0,,,,,,,,,,1.0,,,,,,1.0,,,,,,,,,,,,,,,1.0,1.0,,,,,,,,,,,,,,,,,
https://www.homeintunisia.com/fr/propri%C3%A9t%C3%A9/83560489,location Scolaire S+2 à Tantana,Chatt Meriem,600 TND / Mois,Appartement,83560489,3 pièces,70 m²,,Central,Gaz,Individuel,Chaudière,Individuelle,Tout à l'égout,Bon état,2ème étage / 3,,Dégagée,,,,,,1.0,,,,35.92063,10.58069,,,1.0,,1.0,,,1.0,,,,,,,,,,1.0,,,,1.0,,,1.0,,,,,,,,,,1.0,,,1.0,,,,,,,,,,,,,,,,,,,,,,,,,,,,,,,,,,,,,,,,,,,,,,,,,,,,,,,,,,,,,,,,,,,,,,,,,,
https://www.homeintunisia.com/fr/propri%C3%A9t%C3%A9/83560242,Location Scolaire – Appartement S+1 à,Hammam Sousse,1 200 TND / Mois,Appartement,83560242,2 pièces,60 m²,,,,Collectif,,,Tout à l'égout,Bon état,3ème,,Dégagée,,,,,,1.0,,,,36.40073,10.64013,,,1.0,,1.0,,,1.0,,,,,,,,,,,,,,1.0,,,1.0,,,,,,1.0,,1.0,,,,1.0,1.0,,,,,,,,,,,,,,,,1.0,,,,1.0,,,,,,,,,,,,,,,,,,,,,1.0,,,,,,,,,,,,,,,,,,,,,,,,,,,,,,,,,
https://www.homeintunisia.com/fr/propri%C3%A9t%C3%A9/83559747,location scolaire S+1 à,Tantana,500 TND / Mois,Appartement,83559747,2 pièces,70 m²,,,,Individuel,,Individuelle,Tout à l'égout,Bon état,Rez-de-chaussée,,Dégagée,,,,,,1.0,1.0,,,35.91769,10.57959,,,1.0,,1.0,,,1.0,,,,,,,,,,1.0,,,,,,,1.0,1.0,,,,,,,,,1.0,,,1.0,,,,,,,,,,,,,,,,,,,,,,,,,,,,,,,,,,,,,,,,,,,,,,,,,,,,,,,,,,,,,,,,,,,,,,,,,,
https://www.homeintunisia.com/fr/propri%C3%A9t%C3%A9/83491712,Appartement S+2 meublé à louer à Kantaoui - Location scolaire,El Kantaoui,800 TND / Mois,Appartement,83491712,3 pièces,,,"Climatisation, Central",Eau chaude,Individuel,Chauffe-eau,Individuelle,,Bon état,4ème,Nord-est,Panoramique Mer Ciel,,,,,,,,,,35.89419,10.59822,,,1.0,,,,,1.0,,,,,,,,,,,,,,,,1.0,1.0,1.0,,,,,,,,1.0,,1.0,,1.0,,,,,,,,,,,,,,,,,,,,,,,,,,,,1.0,,,,,,,,,,,,,,,,,,,,,,,,,,,,,,,,,,,,,,,,,,,,,,
https://www.homeintunisia.com/fr/propri%C3%A9t%C3%A9/83491694,Appartement S+2 meublé à louer à Kantaoui,El Kantaoui,1 100 TND / Mois,Appartement,83491694,3 pièces,,,"Climatisation, Central",Eau chaude,Individuel,Chauffe-eau,Individuelle,,Bon état,4ème,Nord-est,Panoramique Mer Ciel,,,,,,,,,,35.89419,10.59822,,,1.0,,,,,1.0,,,,,,,,,,,,,,,,1.0,1.0,1.0,,,,,,,,1.0,,1.0,,1.0,,,,,,,,,,,,,,,,,,,,,,,,,,,,1.0,,,,,,,,,,,,,,,,,,,,,,,,,,,,,,,,,,,,,,,,,,,,,,
https://www.homeintunisia.com/fr/propri%C3%A9t%C3%A9/83452755,Location - Deux Studios S+1 avec Vue sur Mer,El Haouaria,580 TND / Mois,Appartement,83452755,2 pièces,96 m²,168 m²,,,,,,,Bon état,Rez-de-chaussée,Nord-est,Panoramique Mer Montagnes,,,,,,,1.0,,1.0,37.05059,11.01181,,,,,,,1.0,1.0,,,1.0,,,,,,,,1.0,,,,,,1.0,,,,,,,,1.0,1.0,1.0,,,,,,,,,,,,,,,,,,,,,1.0,,,,,,,,,,,,,,,,,,1.0,,,,,,,,,,,,,,,,,,,,,,1,1,,,,,,,,,,,,,,,
https://www.homeintunisia.com/fr/propri%C3%A9t%C3%A9/83411312,location scolaire S+1 à,Hergla,650 TND / Mois,Appartement,83411312,2 pièces,70 m²,,,,Collectif,,,Tout à l'égout,Bon état,2ème,,,,,,,,,,,,36.03141,10.5043,,,1.0,,,,,1.0,,1.0,,,,,,,,1.0,,,,1.0,1.0,,,1.0,,,,,,,,1.0,1.0,,,1.0,,,,,,,,,,1.0,,,,,,,,,,,,,,,,,,,,,,,,,,,,,,,,,,,,,,,,,,,,,,,,,,,,,,,,,,,,,,,,
https://www.homeintunisia.com/fr/propri%C3%A9t%C3%A9/83405390,À Louer : Appartement S+3 avec Jardin à Tantana – Résidence Sécurisée avec Piscine,Sousse,1 300 TND / Mois,Appartement,83405390,4 pièces,100 m²,,"Radiateur, Climatisation",,,,Individuelle,Tout à l'égout,Excellent état,Plain-pied,,Dégagée,,,,,,,1.0,1.0,,35.91711,10.55906,,,1.0,,1.0,,,1.0,,1.0,,,,,1.0,,,1.0,,,1.0,1.0,1.0,,1.0,1.0,,,,,1.0,,,,1.0,1.0,,1.0,,,,,,,,,,,,,,,,,,,,1.0,,,,,,,,,,,,,,,,,,,,,,,,,,,,,,,,,,,,,,,,,,,,,,,,,,,,,,
https://www.homeintunisia.com/fr/propri%C3%A9t%C3%A9/83337843,"Location Annuelle : Appartement S+1 à , Front Mer",Hergla,700 TND / Mois,Appartement,83337843,2 pièces,55 m²,,,,Collectif,,Individuelle,Tout à l'égout,Bon état,1er étage / 3,,Dégagée,,,,,,,1.0,,,36.02921,10.50124,,,1.0,,,,,1.0,,,,,,,,,,,,,1.0,1.0,,1.0,,1.0,,,,,,1.0,,,1.0,,1.0,1.0,,,,,,,,,,,,,,,,,,,,,,,,,,,,,,,,,,,,,,,,,,,,,,,,,,,,,,,,,,,,,,,,,,,,,,,,,,
https://www.homeintunisia.com/fr/propri%C3%A9t%C3%A9/83322975,Location Bungalow S+0 à la Marina Kantaoui,El Kantaoui,600 TND / Mois,Appartement,83322975,1 pièce,34 m²,,Climatisation,,Individuel,Chauffe-eau,Individuelle,Tout à l'égout,Bon état,1er,,Panoramique,,,,,,,,,,35.89164,10.59874,,,,,,,,1.0,,,,,,,,,,,,,,,,,1.0,1.0,,,,,,,,,1.0,,1.0,1.0,,,,,,,,,,,,,,,,,,,,1.0,,,,,,,,,,,,,,,,,,,,,,1.0,,,,,,,,,,,,,,,,,,,,,,,,,,,,,,,,
https://www.homeintunisia.com/fr/propri%C3%A9t%C3%A9/83322460,Appartement S+2 Haut Standing,Monastir,2 000 TND / Mois,Appartement,83322460,3 pièces,123 m²,,"Radiateur, Climatisation, Central","Gaz, Electrique",Collectif,Chaudière,Individuelle,Tout à l'égout,Neuf,4ème,Sud-ouest,Dégagée Rue Golf,,,,,,1.0,1.0,,,35.76262,10.81579,,1.0,1.0,,1.0,,1.0,1.0,,,,1.0,,1.0,1.0,,,,1.0,,,,,,,,,1.0,,1.0,,,1.0,,,,,,,,,,,,,,,,,,,,1.0,1.0,,,1.0,1.0,1.0,1.0,,,,,,,,,,,,,1.0,,,,,,1.0,1.0,,1.0,,,,,,,,,,,,,1.0,,,1.0,,,,,,,,,,,,,,
https://www.homeintunisia.com/fr/propri%C3%A9t%C3%A9/83319609,"Location Scolaire – Appartement S+1 à Folla, Chott Meriem",Chatt Meriem,800 TND / Mois,Appartement,83319609,2 pièces,80 m²,,Climatisation,Eau chaude,Individuel,Chaudière,Individuelle,Fosse septique,Bon état,2ème étage / 4,,Dégagée,,,,,,1.0,1.0,1.0,,35.87,10.57,,,1.0,,1.0,,1.0,1.0,,1.0,,,1.0,,1.0,,,1.0,1.0,1.0,,1.0,,,1.0,1.0,,,,,1.0,,,,1.0,1.0,1.0,1.0,,,,,,,,,,,,,,,,,,,,1.0,,1.0,,,,,,,,,,,,,1.0,,,,,,1.0,,,,,,,,,,,,,,,,1.0,,,,1.0,,,,,,,,,,,,,
https://www.homeintunisia.com/fr/propri%C3%A9t%C3%A9/83283503,"Appartement à Louer - Vue sur Mer, Route Touristique",Sousse,1 700 TND / Mois,Appartement,83283503,3 pièces,90 m²,115 m²,Central,Eau chaude,Individuel,Chaudière,Individuelle,,Bon état,4ème étage / 6,Nord-est,Aperçu Mer,,,,,,1.0,1.0,1.0,,35.8273,10.6339,,,1.0,,,,1.0,1.0,,1.0,,,,,1.0,,,1.0,1.0,,,1.0,,,,1.0,,,,,,,,1.0,1.0,1.0,1.0,,,,,,,,,,,1.0,,,,,,,,,,1.0,1.0,,,,,,,,,,,,,,,,,,,,1.0,,,1.0,,,,,,,,,,,,,,,,,,,,,,,,,,,,,,
https://www.homeintunisia.com/fr/propri%C3%A9t%C3%A9/83282233,Location d'un étage de villa indépendant S+3 meublé -,Sahloul,1 800 TND / Mois,Appartement,83282233,4 pièces,180 m²,,"Climatisation, Central",Eau chaude,Individuel,Chauffe-eau,Individuelle,,Excellent état,Rez-de-chaussée,Nord-est,Aperçu Ciel Rue,,,,,,,,,,35.844,10.59658,,,1.0,,,,,1.0,,,,,,,,,,1.0,,,,1.0,,,1.0,1.0,,,,,,,,1.0,1.0,1.0,,,,,,,,,,,,,,,,,,,,,,,,,,,,,,,,,,,,,,,,,,,,,,,,,,,,,,,,,,,,,,,,,,,,,,,,,,,,
https://www.homeintunisia.com/fr/propri%C3%A9t%C3%A9/83282200,Location d'un appartement S+1 meuble -,Sahloul,850 TND / Mois,Appartement,83282200,2 pièces,75 m²,,,,Individuel,Chauffe-eau,Individuelle,,Bon état,1er,Nord-est,Aperçu Ciel Rue,,,,,,,,,,35.844,10.59658,,,,,,,,,,,,,,,,,,,,,,,,,,,,,,,,,,,,,,,,,,,,,,,,,,,,,,,,,,,,,,,,,,,,,,,,,,,,,,,,,,,,,,,,,,,,,,,,,,,,,,,,,,,,,,,,
https://www.homeintunisia.com/fr/propri%C3%A9t%C3%A9/83173635,Somptueux Appartement S+2 de Prestige en Location - Zone Touristique de Sousse,Sousse Khezama,3 500 TND / Mois,Appartement,83173635,3 pièces,170 m²,170 m²,"Climatisation, Central","Gaz, Eau chaude",Individuel,Chaudière,Individuelle,Tout à l'égout,Neuf,4ème étage / 4,Nord-ouest,Dégagée Mer Ville,1,2,,,,1.0,1.0,,,35.8468,10.61589,,,1.0,,1.0,1.0,1.0,,,1.0,,,,,1.0,,1,,1.0,1.0,,1.0,1.0,,1.0,1.0,,1.0,1.0,,,,,1.0,1.0,1.0,1.0,1.0,,,,,,,,,1.0,,,,,,,1.0,,,,,1.0,,,,,,,,,,,,,,1.0,,,,,,1.0,,,,1.0,,,,,,,,,,,,,,,,,1,1,,,,,,,,,,,
https://www.homeintunisia.com/fr/propri%C3%A9t%C3%A9/83066119,Studio luxe Vue de Mer à Chott Meriem pour les Vacances,Tantana,Prix sur demande,Appartement,83066119,,60 m²,70 m²,Central,Eau chaude,Individuel,Chaudière,Individuelle,,Excellent état,1er étage / 1,Est,Panoramique Mer Ciel,,,,,,1.0,1.0,,,35.92077,10.56921,,,1.0,,,,1.0,,,,,,,,,,,,1.0,1.0,,,,,,,,,,,,,,,,,,,,,,,,,,,,,,,,,,,,,,,,,,,,,,,,,,,,,1.0,,,,,,1.0,1.0,,,,,,,,,,,,,,,,,,,,,,,,,,,,,,,,
https://www.homeintunisia.com/fr/propri%C3%A9t%C3%A9/83044572,À Louer Long Terme : Spacieux Appartement S+3 Non Meublé à Sahloul 2,Cité Sahloul,1 500 TND / Mois,Appartement,83044572,4 pièces,132 m²,171 m²,Central,Eau chaude,Individuel,Chaudière,Individuelle,Fosse septique,Bon état,2ème étage / 3,Nord-est,Dégagée Rue,,,,,,1.0,1.0,,,35.83971,10.59502,,,,,1.0,1.0,1.0,,,,,,,,1.0,,,,1.0,1.0,,1.0,,,,,,,,,,,,,,,,,,,,,,,,,,,,,,,,,,,,,,,,,,,,,,,,,,,,,,,,,1.0,,,,,,,,,,,,,,,,,,,,,,,1,,,,,,,,,,
https://www.homeintunisia.com/fr/propri%C3%A9t%C3%A9/83003562,Location Scolaire S+1 a la résidence Menzel corniche,Sousse Corniche,1 200 TND / Mois,Appartement,83003562,2 pièces,70 m²,,Au sol,Gaz,Collectif,Chaudière,Collective,Station d'épuration,Bon état,3ème étage / 7,,Dégagée,,,,,,,,,,35.83801,10.63453,,,1.0,,1.0,1.0,,1.0,,1.0,,,,1.0,1.0,,,,,1.0,,,,,1.0,1.0,1.0,,1.0,,,,1.0,1.0,,1.0,,1.0,,,,,,,,,,,,,,,,,,,,1.0,1.0,1.0,,,,,,,,,,,,,,,,,,,1.0,,,,,,,,,,,,,,,,,,,,,,,,,,,,,,,,,
https://www.homeintunisia.com/fr/propri%C3%A9t%C3%A9/82873705,Location Appartement Haut Standing à Sousse Tej Marhaba,Sousse Corniche,1 500 TND / Mois,Appartement,82873705,3 pièces,100 m²,115 m²,Central,Gaz,Individuel,Chaudière,Individuelle,,À rafraîchir,6ème,Nord-est,Dégagée Ciel,,,,,,,1.0,,,35.81771,10.64549,,,,,,,,,,,,,,,,,,1.0,,,,,,,,,1.0,,,,,,,,,,,,,,,,1.0,,,,,,,,,,,,,,,1.0,,,,,,,,,,,,,,,,,,,,,1.0,,,1.0,,,,,,,,,,,,,,,,,,,,,,,,,,,,,,
https://www.homeintunisia.com/fr/propri%C3%A9t%C3%A9/82599773,appartement chat mariem,Chatt Meriem,1 000 TND / Mois,Appartement,82599773,3 pièces,80 m²,90 m²,Central,Gaz,Individuel,Chaudière,Individuelle,,Excellent état,2ème,Est,Dégagée Ciel,,,,,,,1.0,,,35.87867,10.57276,,,,,,,1.0,1.0,,1.0,,,,,,,,1.0,,,,,1.0,,,,,,,,,,,1.0,1.0,1.0,1.0,,,,,,,,,,,,,,,,,,,,,,,,,,,,,,,,,,,,,,,,,,,,,,,,,,,,,,,,,,,,,,,,,,,,,,,,,,,
https://www.homeintunisia.com/fr/propri%C3%A9t%C3%A9/82382395,Annonce Immobilière – Studio à Louer à  4,Sahloul,1 250 TND / Mois,Appartement,82382395,2 pièces,60 m²,75 m²,Sans chauffage,Electrique,Individuel,Chaudière,Individuelle,Tout à l'égout,Bon état,3ème,Sud-est,Dégagée Ciel,1,,,,,,1.0,,,35.83319,10.59869,,,1.0,,,,1.0,1.0,,1.0,,,,,1.0,,1,1.0,1.0,,,1.0,,,,,,,,,,,1.0,,,,,,,1,,1,,,,,,,,,,,,,,,,1.0,1.0,,,,,,,,,,,,,,,,,,,,1.0,,,1.0,,,,,,,,,,,,,,,,,,,,,,,,,,,,,,
https://www.homeintunisia.com/fr/propri%C3%A9t%C3%A9/8049778,Location Bureau A+5 - Centre-Ville de,Sousse,800 TND / Mois,Appartement,8049778,6 pièces,150 m²,,"Climatisation, Central",,Individuel,Chauffe-eau,Individuelle,,Bon état,2ème,Nord-ouest,Dégagée Ville Rue,,,,,,,,,,35.82716,10.63146,,,,,,,,,,,,,,,,,,,,,,,,,,,,,,,,,,,,,,,,,,,,,,,,,,,,,,,,,,,,,,,,,,,,,,,,,,,,,,,,,,,,,,,,,,,,,,,,,,,,,,,,,,,,,,,,
https://www.homeintunisia.com/fr/propri%C3%A9t%C3%A9/8043894,magnifique appartement à kantaoui,El Kantaoui,1 300 TND / Mois,Appartement,8043894,3 pièces,90 m²,110 m²,Central,Gaz,Individuel,Chaudière,Individuelle,,Excellent état,Rez-de-chaussée,"Nord-est, Sud-est",Aperçu Mer,,,,,,,1.0,,,35.89419,10.59822,,1.0,1.0,,,,,,,1.0,,,,,,,,1.0,,,,,,,1.0,,,,,,,,,1.0,1.0,1.0,1.0,,,,,,,,,,,,,,,,1.0,1.0,,,,,,,,,,,,,,,,,,,,,,,,,1.0,,,,,,,,,,,,,,,,,,,,,,,,,,,,,,,,,
https://www.homeintunisia.com/fr/propri%C3%A9t%C3%A9/7971004,location annuelle Studio à la Marina kantaoui,El Kantaoui,600 TND / Mois,Appartement,7971004,1 pièce,43 m²,,Climatisation,Eau chaude,Individuel,Chauffe-eau,Individuelle,Tout à l'égout,Bon état,Rez-de-chaussée,,Dégagée Jardin,,,,,,,1.0,1.0,,35.89155,10.5952,,,1.0,,,,,1.0,,,,,,,,,,,,,1.0,1.0,1.0,,1.0,1.0,,,,,,1.0,,1.0,1.0,,1.0,1.0,,,,,,,,,,1.0,,,,,,,,,,1.0,1.0,,,,,,,,,,,,,,,,,,,,,1.0,,,,,,,,,,,,,,,,,,,,,,,,,,,,,,,,
https://www.homeintunisia.com/fr/propri%C3%A9t%C3%A9/7548957,"Coquet Appartement à Louer - Kantaoui, Sousse",El Kantaoui,1 600 TND / Semaine,Appartement,7548957,2 pièces,60 m²,75 m²,Central,Gaz,Individuel,Chaudière,Individuelle,Tout à l'égout,Neuf,Rez-de-chaussée,Est,Panoramique Jardin,,,,,,,1.0,,,35.86983,10.59812,,,,,1.0,1.0,,1.0,,1.0,,,,,1.0,,,1.0,,1.0,,,,,1.0,,,,,,,,,,1.0,1.0,1.0,1.0,,,,,,,,,,,,,,,1.0,1.0,,,,,1.0,,,,,,,,,,,,,,,,,,,,1.0,1.0,,1.0,,,,,,,,,,,,,,,,,,,,,,,,,,,,,,
https://www.homeintunisia.com/fr/propri%C3%A9t%C3%A9/7490230,location année scolaire studio à folla acqua résort,Chatt Meriem,900 TND / Mois,Appartement,7490230,1 pièce,35 m²,,Climatisation,,,Chaudière,Collective,Tout à l'égout,Bon état,2ème étage / 3,,Dégagée,,,,,,,,,,35.94585,10.5443,,,,,,,,,,,,,,,,,,,,,,,,,,,,,,,,,,,,,,,,,,,,,,,,,,,,,,,,,,,,,,,,,,,,,,,,,,,,,,,,,,,,,,,,,,,,,,,,,,,,,,,,,,,,,,,,
https://www.homeintunisia.com/fr/propri%C3%A9t%C3%A9/7481652,"Location Annuelle – Studio à Folla Acqua Resort, Chott Meriem",Chatt Meriem,900 TND / Mois,Appartement,7481652,1 pièce,35 m²,,Climatisation,,,Chaudière,Collective,Tout à l'égout,Bon état,2ème étage / 3,,Dégagée,,,,,,,,,,35.94585,10.5443,,,,,,,,,,,,,,,,,,,,,,,,,,,,,,,,,,,,,,,,,,,,,,,,,,,,,,,,,,,,,,,,,,,,,,,,,,,,,,,,,,,,,,,,,,,,,,,,,,,,,,,,,,,,,,,,
https://www.homeintunisia.com/fr/propri%C3%A9t%C3%A9/7428502,Appartement S2 Meublé à Louer à  – Vue Mer,Hammam Sousse,1 400 TND / Mois,Appartement,7428502,3 pièces,120 m²,,,,,,Individuelle,Station d'épuration,Excellent état,5ème,"Nord-est, Sud-est",Dégagée,,,,,,,,,,35.8569,10.5972,,,,,,,,,,,,,,,,,,,,,,,,,,,,,,,,,,,,,,,,,,,,,,,,,,,,,,,,,,,,,,,,,,,,,,,,,,,,,,,,,,,,,,,,,,,,,,,,,,,,,,,,,,,,,,,,
https://www.homeintunisia.com/fr/propri%C3%A9t%C3%A9/7329271,Duplex indépendant,Chatt Meriem,2 300 TND / Mois,Appartement,7329271,5 pièces,200 m²,500 m²,"Climatisation, Central",Gaz,Individuel,Chaudière,Individuelle,Tout à l'égout,Excellent état,Rez-de-chaussée / 1 étage,"Nord-est, Sud-est",Dégagée Piscine,1,3,,,,1.0,1.0,1.0,,35.86401,10.5702,,,1.0,1.0,1.0,1.0,1.0,1.0,,1.0,,,,,1.0,,1,,,,,1.0,,,1.0,1.0,,,1.0,,,,,,,1.0,1.0,1.0,,,,,,,,,,,,,,,,,,,,,,1.0,1.0,,,,,,,,,,,,,,,,,,,,,,,,,,,,,,,,,,,,,,,,,,,,,,,,,,,
https://www.homeintunisia.com/fr/propri%C3%A9t%C3%A9/7088473,Location Annuelle – Appartement S+3 à,Hergla,1 100 TND / Mois,Appartement,7088473,4 pièces,150 m²,,"Radiateur, Climatisation",,Collectif,Chaudière,Individuelle,Tout à l'égout,Bon état,1er,,Panoramique Campagne Ciel,,,,,,,1.0,,,36.02907,10.50693,,,1.0,,1.0,,,1.0,,1.0,,,,1.0,1.0,,,1.0,,1.0,,1.0,,,1.0,1.0,,,,,,,,1.0,1.0,1.0,,1.0,,,,,,,,,,,,,,,,,,,1.0,1.0,1.0,1.0,,,,,,,,,,,,,1.0,,,,,,,,,,,,,,,,,,,,,,,,,,,,,,,,,,,,,,,
https://www.homeintunisia.com/fr/propri%C3%A9t%C3%A9/7083362,LOCATION Scolaire d'un Appartement S+1 à,Tantana,450 TND / Mois,Appartement,7083362,2 pièces,75 m²,80 m²,"Radiateur, Climatisation",,Collectif,Chaudière,Individuelle,Tout à l'égout,Bon état,3ème étage / 3,,Dégagée,,,,,,,1.0,,,35.80635,10.61376,,,1.0,,,,,1.0,,,,,,,1.0,,,,,,,,,,,,,,,,,,,,1.0,,,,,,,,,,,,,,,,,,,,,,,1.0,,,,,,,,,,,,,,,,,,,,,1.0,,,,,,,,,,,,,,,,,,,,,,,,,,,,,,,,,
https://www.homeintunisia.com/fr/propri%C3%A9t%C3%A9/6542993,À Vendre : Appartement S+2 avec Vue Mer –,Sousse,1 150 TND / Mois,Appartement,6542993,3 pièces,110 m²,,"Climatisation, Central",Electrique,,Chauffe-eau,Individuelle,,Excellent état,8ème,Nord-est,Panoramique Mer Collines,,,,,,,,,,35.8273,10.6339,,,1.0,,,,1.0,1.0,,1.0,,,,,,,,,,,,1.0,1.0,1.0,1.0,1.0,,1.0,1.0,,,1.0,,1.0,,,,,,,,,1.0,1.0,,,,,,,,,,,,,,1.0,1.0,,1.0,,,,,1.0,,,,,,,1.0,,,,,,1.0,,,,,,,,,,,,,,,,,,,,,,,,,,,,,,,,,
https://www.homeintunisia.com/fr/propri%C3%A9t%C3%A9/6508422,Appartement haut standing,Sousse,1 300 TND / Mois,Appartement,6508422,3 pièces,89 m²,100 m²,Central,Gaz,Individuel,,Individuelle,,Excellent état,2ème étage / 8,Sud-est,Dégagée,,,,,,,1.0,,,35.8273,10.6339,,,,,1.0,,1.0,1.0,,,,,,,1.0,,,1.0,1.0,1.0,,1.0,,,1.0,,1.0,1.0,,,,,,1.0,1.0,1.0,1.0,1.0,,,,,,,,,,,,,,1.0,1.0,1.0,,,,,1.0,,,,,,,,,,,,,,,,,,,,1.0,,,1.0,,,,,,,,,,,,,,,,,,,,,,,,,,,,,,
https://www.homeintunisia.com/fr/propri%C3%A9t%C3%A9/6088269,Location Appartement à Sousse Tej Marhaba,Sousse Corniche,1 700 TND / Mois,Appartement,6088269,4 pièces,120 m²,160 m²,Central,Gaz,Individuel,Chaudière,Individuelle,Tout à l'égout,À rafraîchir,7ème,,Dégagée Mer,,,,,,,1.0,,,35.81771,10.64549,,,,,,,,,,,,,,,,,,1.0,,,,,,,,,1.0,,,,,,,,,,,,,,,,1.0,,,,,,,,,,,,,,,1.0,,,,,,,,,,,,,,,,,,,,,1.0,,,1.0,,,,,,,,,,,,,,,,,,,,,,,,,,,,,,
https://www.homeintunisia.com/fr/propri%C3%A9t%C3%A9/6074733,Joli appartement S+2 pieds dans l'eau,Sousse,1 500 TND / Mois,Appartement,6074733,3 pièces,150 m²,,"Climatisation, Central",Gaz,Individuel,Chaudière,Individuelle,,Bon état,2ème,,Panoramique,,,,,,,,1.0,,35.8273,10.6339,,,1.0,,,,,1.0,,,,,,,1.0,,,,,1.0,,1.0,1.0,,1.0,1.0,,1.0,1.0,,,,,1.0,,,1.0,,,,,,,,,,,,,,,,,,,,1.0,,,1.0,1.0,1.0,,,,,,,,,,,,,,,,,1.0,,,,,,,,,,,,,,,,,,,,,,,,,,,,,,,,,
https://www.homeintunisia.com/fr/propri%C3%A9t%C3%A9/5928225,bel appartement S+3 à louer à Jawhra (non meuble),Cité Jaouhara,950 TND / Mois,Appartement,5928225,3 pièces,130 m²,,Central,Eau chaude,,Chauffe-eau,Individuelle,,Neuf,2ème,,Panoramique,,,,,,,,,,35.83366,10.64068,,,,,,,,,,,,,,,,,,,,,,,,,,,,,,,,,,,,,,,,,,,,,,,,,,,,,,,,,,,,,,,,,,,,,,,,,,,,,,,,,,,,,,,,,,,,,,,,,,,,,,,,,,,,,,,,
https://www.homeintunisia.com/fr/propri%C3%A9t%C3%A9/5892376,"Location – Étage de Villa 2 Pièces à Ferber, Proche de la Mer",Nice,3 571 TND / Mois,Appartement,5892376,3 pièces,58 m²,,Radiateur,Gaz,Individuel,Chaudière,Individuelle,Tout à l'égout,Bon état,1er étage / 1,,,,,,,,,1.0,,,43.68092,7.22928,,,,,,,,1.0,,,,,,,,,,,,,,,,,1.0,,,,,,,,,,1.0,1.0,,,,,,,,,,,1.0,,,,,,,,,,,,,,,,,,,,,,,,,,,,,,,,,,,,,,,,,,,,,,,,,,,,,,,,,,,,,,,,,
https://www.homeintunisia.com/fr/propri%C3%A9t%C3%A9/5123435,Etage de villa,Khezama Ouest,1 100 TND / Mois,Appartement,5123435,3 pièces,120 m²,120 m²,Central,Gaz,Individuel,Chaudière,Individuelle,Tout à l'égout,Bon état,1er,Nord-est,Dégagée,1,2,,,,,,,,35.84285,10.60348,,,,,,,,,,,,,,,,,1,,,,,,,,,,,,,,,,,,,,,,,,,1,,,,,,,,,,,,,,,,,,,,,,,,,,,,,,,,,,,,,,,,,,,,,,,,,,,,,,,,,,,,,,,,,,,,,,
https://www.homeintunisia.com/fr/propri%C3%A9t%C3%A9/4786066,À Louer – Appartement S+1 Meublé à Chott Mariem,Chatt Meriem,550 TND / Mois,Appartement,4786066,2 pièces,65 m²,,Climatisation,,,,Individuelle,,Bon état,,,,,,,,,,,,,35.94312,10.52022,,,,,,,,,,,,,,,,,,,,,,,,,,,,,,,,,,,,,,,,,,,,,,,,,,,,,,,,,,,,,,,,,,,,,,,,,,,,,,,,,,,,,,,,,,,,,,,,,,,,,,,,,,,,,,,,
https://www.homeintunisia.com/fr/propri%C3%A9t%C3%A9/4775878,Location Annuelle – Appartement S+2 à,Tantana,800 TND / Mois,Appartement,4775878,3 pièces,76 m²,,Climatisation,,,,Individuelle,,Bon état,1er,,Dégagée,,,,,,1.0,,,,35.91501,10.57502,,,,,,,,1.0,,,,,,,,,,1.0,,,,,,,1.0,1.0,,,,,,,,,,,,,,,,,,,,,,,,,,,,,,,,,,,,,,,,,,,,,,,1.0,,,,,,1.0,,,,,,,,,,,,,,,,,,,,,,,,,,,,,,,,,
https://www.homeintunisia.com/fr/propri%C3%A9t%C3%A9/4757872,À Louer – Bel Appartement S+2 à Hammam Sousse,Cité de la Plage 1,850 TND / Mois,Appartement,4757872,3 pièces,120 m²,,Central,Eau chaude,Individuel,Chaudière,Individuelle,Tout à l'égout,Excellent état,1er étage / 5,Nord-est,Dégagée Ciel,,,,,,,,,,35.79,10.56,,,,,,,,,,,,,,,,,,,,,,,,,,,,,,,,,,,,,,,,,,,,,,,,,,,,,,,,,,,,,,,,,,,,,,,,,,,,,,,,,,,,,,,,,,,,,,,,,,,,,,,,,,,,,,,,
https://www.homeintunisia.com/fr/propri%C3%A9t%C3%A9/4485848,"LOCATION APPARTEMENTS S+1, S+2 ET VILLA AVEC PISCINE",Gammarth,3 500 TND / Mois,Appartement,4485848,,,,,,,,,,Excellent état,,,,,,,,,1.0,,1.0,,36.9173,10.28525,,,,,,,,1.0,,,,,,,,,,,,,1.0,1.0,1.0,,1.0,1.0,,,,,,,,1.0,1.0,1.0,,1.0,,,,,,,,,1.0,,,,,,,,,,,,,,1.0,,,,,1.0,1.0,,,,,,,,,,,,1.0,,,,,,,,,,,,,,,,,,,,,,,,,,,,,,,,,
https://www.homeintunisia.com/fr/propri%C3%A9t%C3%A9/4481944,Appartement coté mer hammam sousse,Hammam Sousse,1 000 TND / Mois,Appartement,4481944,3 pièces,90 m²,100 m²,Central,,,,Individuelle,,Bon état,2ème étage / 3,,,,,,,,,1.0,,,35.8569,10.5972,,,,,,,,1.0,,,,,,,,,,,,,,,,,,,,,,,,,,,,,,,,,,,,,,,,,,,,,,,,,,,,,,,,,,,,,,,,,,,,,,,,,,,,,,,,,,,,,,,,,,,,,,,,,,,,,,,,
https://www.homeintunisia.com/fr/propri%C3%A9t%C3%A9/4476518,"Location Appartement S+1, S+2 et Villa avec Piscine",Gammarth,Prix sur demande,Appartement,4476518,,,,,,,,,,Excellent état,,,,,,,,,1.0,,1.0,,36.9173,10.28525,,,,,,,,1.0,,,,,,,,,,,,,1.0,1.0,1.0,,1.0,1.0,,,,,,,,1.0,1.0,1.0,,1.0,,,,,,,,,1.0,,,,,,,,,,,,,,1.0,,,,,1.0,1.0,,,,,,,,,,,,1.0,,,,,,,,,,,,,,,,,,,,,,,,,,,,,,,,,
https://www.homeintunisia.com/fr/propri%C3%A9t%C3%A9/3891589,Location d'un appartement S+2,Monastir,1 500 TND / Mois,Appartement,3891589,3 pièces,55 m²,70 m²,Central,,,,Individuelle,Tout à l'égout,Excellent état,1er étage / 1,,Dégagée,,,,,,,1.0,,,35.7678,10.8225,,,1.0,,,,,1.0,,,,,,,,,,,,,,1.0,,,,,,,1.0,,,,,,,,1.0,,,,,,,,,,,,,,,,,,,,1.0,,,,,,,,,,,,,,,,,,,,,,,,,,,,,,,,,,,,,,,,,,,,,,,,,,,,,,,
https://www.homeintunisia.com/fr/propri%C3%A9t%C3%A9/3889033,Location d'un magnifique appartement,Monastir,1 500 TND / Mois,Appartement,3889033,3 pièces,60 m²,,Central,,,,Individuelle,Tout à l'égout,Excellent état,1er étage / 1,,Dégagée,,,,,,,1.0,,,35.7678,10.8225,,,1.0,,,,,1.0,,,,,,,,,,1.0,,,,1.0,,,,,,,1.0,,,,,,,,1.0,,,,,,,,,,,,,,,,,,,,,,,,,,,,,,,,,,,,,,,,,,,,,,,,,,,,,,,,,,,,,,1.0,,,,,,,,,,,,,
https://www.homeintunisia.com/fr/propri%C3%A9t%C3%A9/3927355,Location Studio à Chatt Meriam,Chatt Meriem,554 TND / Mois (Charges comprises),Appartement,3927355,1 pièce,35 m²,,Climatisation,Gaz,Individuel,Chaudière,Collective,,Bon état,Rez-de-chaussée,,Dégagée,,,,,,,1.0,1.0,,35.94312,10.52022,,,1.0,,,,1.0,1.0,,1.0,,,,,,,,,,,,,,,,,,,,,,,,,,,,,,,,,,,,,,,,,,,,,,,,,,,,,,,,,,,,,,,1.0,,,,,,1.0,,,,,,,,,,,,,,,,,,,,,,,,,,,,,,,,,
https://www.homeintunisia.com/fr/propri%C3%A9t%C3%A9/3924129,"Location Annuelle – Appartement S+2 sur la Zone Touristique de Skanes, Monastir",Zone Skanes,1 200 TND / Mois,Appartement,3924129,3 pièces,,91 m²,Central,Eau chaude,Individuel,Chaudière,Individuelle,Tout à l'égout,Bon état,1er étage / 4,,Dégagée,,,,,,1.0,1.0,,,35.75616,10.82802,,,1.0,,1.0,,1.0,1.0,,1.0,,,,,1.0,,,,1.0,1.0,,,,,,,1.0,1.0,,,1.0,,,,,,,,,,,,,,,,,,,,,,1.0,1.0,,,1.0,,,,,,,,,,,,,,,,,,,,,,,,1.0,,,,,,,,,,,,,,,,,,,,,,1,,,,,,,,,
https://www.homeintunisia.com/fr/propri%C3%A9t%C3%A9/3599111,Appartement Meublé à Louer - de Type S+2 au Bord de la Mer,Tantana,1 000 TND / Mois,Appartement,3599111,3 pièces,80 m²,90 m²,Central,Charbon,Individuel,Chaudière,Individuelle,Tout à l'égout,Excellent état,2ème,,Dégagée,,,,,,,1.0,,,35.94312,10.52022,,,1.0,,1.0,,1.0,1.0,,1.0,,,,,,,,,,1.0,,1.0,1.0,,1.0,1.0,,,,,,,,,,,1.0,1.0,,,,,,,,1.0,1.0,,,,,,,,,,,,,,,,,,,1.0,,,,,,,,,,,,,,,,,,,,,,,,,,,,,,,,,,,,,,,,,,,,,,
https://www.homeintunisia.com/fr/propri%C3%A9t%C3%A9/3579603,Location Annuelle – Étage de Villa S+3 sur la Corniche de Sousse,Sousse Corniche,1 500 TND / Mois,Appartement,3579603,4 pièces,150 m²,150 m²,Central,Gaz,Individuel,Chaudière,Individuelle,,Bon état,,,Dégagée,,,,,,1.0,,,1.0,35.81771,10.64549,,,1.0,,1.0,,1.0,1.0,,1.0,,,,,,,,,,1.0,,1.0,1.0,1.0,1.0,1.0,,,,,,,,1.0,1.0,1.0,1.0,1.0,,,,,,,,,,,,,,,,,,,,,,,,,,,,,,,,,,,,,,,,,,,,,,,,,,,,,,,,,,,,,,,,,,1,,,,,,,,
https://www.homeintunisia.com/fr/propri%C3%A9t%C3%A9/2867494,appartement à louer,Chatt Meriem,1 650 TND / Semaine,Appartement,2867494,2 pièces,,60 m²,Central,Charbon,Individuel,Chaudière,Individuelle,Tout à l'égout,Excellent état,1er,,Aperçu,,,,,,1.0,1.0,1.0,,35.94312,10.52022,,,1.0,,1.0,,1.0,1.0,,1.0,,,,,1.0,,,1.0,,1.0,1.0,1.0,1.0,1.0,1.0,1.0,1.0,,,,1.0,,,,1.0,,1.0,1.0,,,,,,1.0,,1.0,1.0,,,,,,1.0,,,,1.0,1.0,,,,,,,,1.0,,,,,,,,,,,,,1.0,,,,,,,,,,,,,,,1.0,1.0,,,,,,,,,,,,,,,,,
https://www.homeintunisia.com/fr/propri%C3%A9t%C3%A9/3197685,Spacieux S+2 de standing,Sousse,2 000 TND / Mois,Appartement,3197685,3 pièces,160 m²,260 m²,Central,Gaz,Individuel,Chaudière,Individuelle,,Excellent état,,,Dégagée,,,,,,,,,,35.8273,10.6339,,,,,1.0,,1.0,,,1.0,,,,,,,,,1.0,1.0,,,,,,,,,,,,,,,,,,,,,,,,,,,,,,,,,,,,,,1.0,,,,,,,,,,,,,,,,,,,,,1.0,,,,,,,,,,,,,,,,,,,,,,,,,,,,,,,,,
https://www.homeintunisia.com/fr/propri%C3%A9t%C3%A9/2637508,Appartement S+3 à  - Idéal pour Location Annuelle,Hammam Sousse,2 300 TND / Mois,Appartement,2637508,4 pièces,,210 m²,Sans chauffage,Gaz,Individuel,Chaudière,Individuelle,,Bon état,Rez-de-chaussée / 5 étages,,Dégagée,,,,,,,,,1.0,35.8569,10.5972,,,,,,,1.0,1.0,,,,,,,,,,,1.0,1.0,,,,,,,,,,,,,,,,,,,,,,,,,,,,,,,,,,1.0,,,,1.0,,,,,,,,,,,,,,,,,,,,,1.0,,,,,,,,,,,,,,,,,,,,,,,,,,,,,,,,,
https://www.homeintunisia.com/fr/propri%C3%A9t%C3%A9/2615283,Retraite au soleil en Tunisie,Hammamet,1 000 TND / Mois,Appartement,2615283,2 pièces,40 m²,42 m²,Central,Gaz,Individuel,Chaudière,Individuelle,Tout à l'égout,Neuf,Rez-de-chaussée / 4 étages,,Vis-à-vis,,,,,,,1.0,1.0,1.0,36.40774,10.60946,,,1.0,,1.0,,,1.0,,,1.0,,,,,,,,1.0,1.0,1.0,1.0,1.0,1.0,1.0,1.0,,,,1.0,,,,,1.0,1.0,1.0,1.0,,,,,,1.0,,,1.0,1.0,,,,,,1.0,,,,1.0,,,,,1.0,,1.0,1.0,1.0,,,,,,,,,,,,1.0,,,,,,,,,,,,,,,1.0,1.0,,,,1.0,,,,,,1.0,1.0,,,,,,
https://www.homeintunisia.com/fr/propri%C3%A9t%C3%A9/2604625,LOCATION S+2 situé à  4,Sahloul,1 200 TND / Mois,Appartement,2604625,3 pièces,90 m²,105 m²,Central,Gaz,Individuel,Chaudière,Individuelle,Tout à l'égout,Neuf,3ème étage / 4,Ouest,Dégagée Rue,1,2,,,,1.0,,,,35.80635,10.61376,,,,,1.0,,1.0,,,1.0,,,,,1.0,,1,,1.0,1.0,,1.0,,,,,,,,,,,,,1.0,,,,,,,1,,,,,,,,,,,,,,,,,,,,,,,,,,,,,,,,,,,,,1.0,,,,,,,,,,,,,,,,,,,,,,,,,,,,,,,,,
https://www.homeintunisia.com/fr/propri%C3%A9t%C3%A9/2501592,À Louer : Charmant Appartement Meublé S+2 - 110 m²,Hammam Sousse,1 200 TND / Mois,Appartement,2501592,3 pièces,100 m²,110 m²,Central,Gaz,Individuel,Chaudière,Individuelle,,Bon état,5ème étage / 6,,Dégagée,,,,,,,,,,35.8569,10.5972,,,,,,,,1.0,,1.0,,,,,,,,1.0,,,1.0,1.0,1.0,,1.0,1.0,,,,,,,,,1.0,1.0,1.0,,,,,,,,,,,1.0,,,,,,,,,,,,,,,,,,1.0,1.0,,,,,,,,,,,,1.0,,,1.0,,,,,,,,,,,,,,,,,,,,,,,,,,,,,,
https://www.homeintunisia.com/fr/propri%C3%A9t%C3%A9/2486343,Appartement Meublé à Louer à Hammam Sousse,Cité de la Plage 2,1 200 TND / Mois,Appartement,2486343,3 pièces,90 m²,,,,,Chaudière,Individuelle,Tout à l'égout,Excellent état,4ème étage / 6,,Aperçu,,,,,,,,,,35.79,10.56,,,,,,,,,,,,,,,,,,,,,,,,,,,,,,,,,,,,,,,,,,,,,,,,,,,,,,,,,,,,,,,,,,,,,,,,,,,,,,,,,,,,,,,,,,,,,,,,,,,,,,,,,,,,,,,,
https://www.homeintunisia.com/fr/propri%C3%A9t%C3%A9/2397556,Location Appartement Meublé S+2 de 70m² – Zone Touristique,Tozeur,700 TND / Mois,Appartement,2397556,3 pièces,70 m²,80 m²,,,,Chaudière,Collective,Tout à l'égout,Neuf,1er étage / 2,,Dégagée,,,,,,1.0,,,1.0,33.9223,8.1389,,,,,,,,1.0,,,,,,,,,,,,,1.0,1.0,1.0,,1.0,1.0,1.0,,,,,,,,1.0,1.0,1.0,1.0,,,,,,,,,1.0,1.0,,,,,,,,,,,,,,,1.0,,,,,,,,,,,,,,,,,,,,,,,,,,,,,,,,,,,,,,,,,,,,,,,,,
https://www.homeintunisia.com/fr/propri%C3%A9t%C3%A9/1583712,À LOUER – Appartement S+3 Front Mer avec Vue Dégagée,Chatt Meriem,1 600 TND / Mois,Appartement,1583712,4 pièces,150 m²,200 m²,"Radiateur, Climatisation, Central",Gaz,Individuel,Chauffe-eau,Individuelle,Tout à l'égout,Excellent état,1er,Est,Dégagée Mer Ciel,1,3,2,,,1.0,1.0,,,35.94312,10.52022,,,,,1.0,,1.0,1.0,,,,,,1.0,1.0,,1,,,,1.0,1.0,1.0,1.0,1.0,1.0,1.0,,,,,,,,1.0,1.0,1.0,1.0,,,,,,,,1.0,,1.0,,,,,,1.0,,,,1.0,,,,,1.0,,,,1.0,,,,,,,,,,,,,,,,,,,,1,,,,,,,,,,,,,,,,,,,,,,,,,
https://www.homeintunisia.com/fr/propri%C3%A9t%C3%A9/1931576,"Appartement de Haut Standing à Louer - Kantaoui, Sousse",El Kantaoui,Prix sur demande,Appartement,1931576,4 pièces,240 m²,265 m²,Central,,Individuel,Solaire,Individuelle,Tout à l'égout,Neuf,2ème,,Panoramique,,,,,,1.0,1.0,1.0,,35.89419,10.59822,,,1.0,,1.0,,1.0,1.0,,1.0,,,,1.0,1.0,,,1.0,1.0,1.0,,,,,,,1.0,1.0,1.0,,1.0,,,,,,,,,,,,,1.0,,1.0,,,,,,,1.0,1.0,,,,1.0,,,,,1.0,,,,1.0,,,,,,,,,,,,1.0,,,,,,,,,,,,,,,,,,,,,,,,,,1.0,,,,,,,
https://www.homeintunisia.com/fr/propri%C3%A9t%C3%A9/1736139,Joli S+4 à louer sur la route touristique de,Sousse,2 500 TND / Mois,Appartement,1736139,5 pièces,220 m²,280 m²,Central,Gaz,Individuel,Chaudière,Individuelle,,Excellent état,3ème étage / 5,,Dégagée,,,,,,,,1.0,,35.8273,10.6339,,,,,1.0,,,1.0,,,,,,,,,,,1.0,1.0,1.0,1.0,1.0,,1.0,1.0,,,,,,,,,1.0,,1.0,1.0,,,,,,,,,1.0,,,,,,,1.0,,,,1.0,,,1.0,,1.0,,,,,,,,,,,,,,,,1.0,,,1.0,,,,,,,,,,,,1.0,1.0,,,,,,,,,,,,,,,,,
https://www.homeintunisia.com/fr/propri%C3%A9t%C3%A9/1578104,S+2 YASMINE HAMMAMET 100M2,Hammamet,1 000 TND / Mois,Appartement,1578104,3 pièces,90 m²,100 m²,Radiateur,Gaz,Individuel,Chaudière,Individuelle,Tout à l'égout,Excellent état,1er étage / 2,,Vis-à-vis,,,,,,1.0,1.0,1.0,1.0,36.37235,10.5414,,,1.0,,1.0,,,1.0,,,1.0,,,1.0,,,,1.0,,,1.0,1.0,1.0,1.0,1.0,1.0,1.0,,,1.0,,,,,1.0,1.0,1.0,1.0,,,,,,1.0,,,1.0,1.0,,,,,1.0,,,,,1.0,,,,,1.0,,1.0,,1.0,,,,,,,,,,1.0,1.0,,,,,1.0,,,,,,,,,,,,,,,,,,,,,,,1.0,,,,,,
https://www.homeintunisia.com/fr/propri%C3%A9t%C3%A9/85901365,location Saisonnière S+1 à,Chatt Meriem,À partir de 180 TND / Jour,Appartement,85901365,2 pièces,40 m²,,Climatisation,,Collectif,Chaudière,Individuelle,Tout à l'égout,Bon état,Rez-de-chaussée / 3 étages,,Dégagée,,,,,,1.0,1.0,,,35.93118,10.54684,,,1.0,,1.0,,,1.0,,,,,1.0,,1.0,,,1.0,,,,,1.0,,1.0,1.0,1.0,,,,,,1.0,,,,1.0,1.0,,,,,,,,,,,,,,,,,,,,,,,,,,,,,,,,,,,,,,,,,,,,,,,,,,,,,,,,,,,,,,,,,,,,,,,,,,
https://www.homeintunisia.com/fr/propri%C3%A9t%C3%A9/85901363,LOCATION SAISONNIÈRE S+2 RESIDENCE NESRINE,Chatt Meriem,À partir de 230 TND / Jour,Appartement,85901363,3 pièces,60 m²,,Climatisation,,Collectif,Chauffe-eau,Individuelle,Tout à l'égout,Bon état,,,Dégagée Mer Ciel,,,,,,1.0,,,,35.93706,10.54749,,,1.0,,1.0,1.0,,1.0,,,,,1.0,,1.0,,,1.0,,,,,1.0,,1.0,1.0,1.0,,,,,1.0,1.0,1.0,1.0,,,1.0,,,,,,,,,,1.0,,,,,,,,,,,,,,,,,,,,,,,,,,,,,,,,,,,,,,,,,,,,,,,,,,,,,,,,,,,,,,,,
https://www.homeintunisia.com/fr/propri%C3%A9t%C3%A9/85893076,Appartement S+2 à louer à Chatt Mariem,Chatt Meriem,À partir de 220 TND / Mois,Appartement,85893076,3 pièces,100 m²,110 m²,"Radiateur, Climatisation",Electrique,Collectif,Chaudière,Individuelle,,Bon état,Rez-de-chaussée,Nord-est,Aperçu Ciel,,,,,,,1.0,,,35.93121,10.54542,,,,,,1.0,,,,1.0,,,1.0,,,,,1.0,1.0,,,,,,,,,,,,,,,,,,,,,,,,,1.0,,,,,,,,,,,,,,,,,,,,,,,,,,,,,,1.0,,,,,,,,,,,,,,,,,,,,,,,,,,,,,,,,,,,,,,
https://www.homeintunisia.com/fr/propri%C3%A9t%C3%A9/85866986,location Saisonnière S+1 à Palm Lake,Monastir,À partir de 370 TND / Jour,Appartement,85866986,2 pièces,60 m²,,"Radiateur, Climatisation",,Collectif,Chaudière,Individuelle,Tout à l'égout,Excellent état,Rez-de-chaussée / 4 étages,,Panoramique Piscine,,,,,,1.0,1.0,,,35.76741,10.81007,,,,,1.0,1.0,,1.0,,1.0,,,1.0,1.0,1.0,,,,1.0,1.0,,1.0,,,1.0,1.0,,,,1.0,1.0,,1.0,1.0,1.0,1.0,1.0,1.0,,,,,,,,,,,,,,,,,,,1.0,,1.0,1.0,,,,,,,,,,,,,,,,,,,1.0,1.0,,,,,,,,,,,,,,,,,,,,,,,,,,,,,,,,
https://www.homeintunisia.com/fr/propri%C3%A9t%C3%A9/85854832,location Annuelle S+2 à chatt Meriem,Chatt Meriem,À partir de 300 TND / Jour,Appartement,85854832,3 pièces,60 m²,,Climatisation,,Collectif,Chaudière,Individuelle,Tout à l'égout,Bon état,3ème étage / 3,,Dégagée Jardin Piscine,,,,,,1.0,1.0,,,35.91729,10.56308,,,1.0,,1.0,1.0,,1.0,,,,,,1.0,1.0,,,,1.0,,1.0,1.0,1.0,,1.0,1.0,,,,,,1.0,1.0,,1.0,1.0,1.0,1.0,,,,,,,,,,,,,,,,,,,,1.0,,,,,,,,,,,,,,,,,,,,,1.0,1.0,,,,,,,,,,,,,,,,,,,,,,,,,,,,,,,,
https://www.homeintunisia.com/fr/propri%C3%A9t%C3%A9/85851973,location studio résidence LES DUNES TANTANA,Tantana,À partir de 200 TND / Jour,Appartement,85851973,1 pièce,30 m²,,Climatisation,,Collectif,Chaudière,Individuelle,Tout à l'égout,Bon état,2ème,,Dégagée Rue,,,,,,,,1.0,,35.92191,10.57606,,,1.0,,,,,1.0,,,,,,,,,,,,,1.0,1.0,,,,1.0,1.0,,,,,,1.0,,,1.0,1.0,1.0,,,,,,,,,,1.0,,,,,,,,,,,,,,,,,,,,,,,,,,,,,,,,,,,,,,,,,,,,,,,,,,,,,,,,,,,,,,,,
https://www.homeintunisia.com/fr/propri%C3%A9t%C3%A9/85842011,Appartement S+2 dans Résidence Sécurisée – Sousse Corniche,Sousse Khezama,À partir de 220 TND / Jour,Appartement,85842011,3 pièces,95 m²,,"Radiateur, Climatisation",,Collectif,Chaudière,Individuelle,Tout à l'égout,Bon état,7ème,,Panoramique Ciel,,,,,,1.0,1.0,,,35.84934,10.61361,,1.0,1.0,,,1.0,,1.0,,1.0,,,,,1.0,,,,,1.0,1.0,1.0,1.0,,,1.0,,,,,1.0,1.0,1.0,1.0,1.0,1.0,1.0,,,,,,1.0,,,,,,,,,,,,,,,,,,,,,,,,,,,,,,1.0,,,,,,1.0,,,,,,,,,,,,,,,,,,,,,,,,,,,,,,,,,
https://www.homeintunisia.com/fr/propri%C3%A9t%C3%A9/85837849,location saisonnière s+1 corniche,Sousse,À partir de 220 TND / Jour,Appartement,85837849,2 pièces,50 m²,,Radiateur,,Collectif,,Individuelle,Tout à l'égout,Bon état,2ème,,Dégagée,,,,,,,1.0,,,35.83634,10.64121,,,1.0,,,,1.0,1.0,,1.0,,,,,,,,,,,,,,,,,,,,,,,,,,,,,,,,,,,,,,,,,,,,,,,,,,,,,,,,,,,,,,,,,,,,,1.0,,,,,,,,,,,,,,,,,,,,,,,,,,,,,,,,,
https://www.homeintunisia.com/fr/propri%C3%A9t%C3%A9/85823234,location saisonnière s+2 CORNICHE,Sousse,À partir de 230 TND / Jour,Appartement,85823234,3 pièces,60 m²,,Climatisation,,Collectif,Chauffe-eau,Individuelle,Tout à l'égout,Bon état,1er étage / 2,,Dégagée,,,,,,,,,,35.83702,10.63278,,,1.0,,,,1.0,1.0,,1.0,,,,,,,,,,,,1.0,1.0,,1.0,1.0,1.0,,,,,1.0,,,1.0,1.0,,1.0,,,,,,,,,,1.0,,,,,,,,,,,,,,,,,,,,,,,,,,,,,,,,,,,,,,,,,,,,,,,,,,,,,,,,,,,,,,,,
https://www.homeintunisia.com/fr/propri%C3%A9t%C3%A9/85823150,location saisonnière s+2 résidence océana corniche,Sousse,À partir de 210 TND / Jour,Appartement,85823150,3 pièces,55 m²,,Radiateur,,Collectif,,Individuelle,Tout à l'égout,Bon état,8ème,,Dégagée,,,,,,,1.0,,,35.83523,10.63945,,,,,,,1.0,1.0,,1.0,,,,,,,,,,,,1.0,1.0,,1.0,1.0,1.0,,,,,1.0,,,1.0,1.0,,1.0,,,,,,,,,,1.0,,,,,,,,,,,,,,,,,,,,,,,,,,,,,,,1.0,,,,,,,,,,,,,,,,,,,,,,,,,,,,,,,,,
https://www.homeintunisia.com/fr/propri%C3%A9t%C3%A9/85798548,location saisonnière s+2 résidence océana corniche,Sousse,À partir de 230 TND / Jour,Appartement,85798548,3 pièces,70 m²,,Radiateur,,Collectif,Chauffe-eau,Individuelle,Tout à l'égout,Bon état,8ème,,Dégagée,,,,,,,1.0,,,35.8379,10.63453,,,,,,,1.0,1.0,,1.0,,,,,,,,1.0,,,,1.0,,,1.0,,1.0,,,,,1.0,,,1.0,1.0,,1.0,,,,,,,,,,1.0,,,,,,,,,,,,,,,,,,,,,,,,,,,,,,,1.0,,,,,,,,,,,,,,,,,,,,,,,,,,,,,,,,,
https://www.homeintunisia.com/fr/propri%C3%A9t%C3%A9/85797985,location saisonnière s+2 CORNICHE,Sousse,À partir de 230 TND / Jour,Appartement,85797985,3 pièces,60 m²,,Climatisation,,Collectif,Chauffe-eau,Individuelle,Tout à l'égout,Bon état,1er étage / 2,,Dégagée,,,,,,,,,,35.835,10.64173,,,,,,,1.0,1.0,,1.0,,,,,,,,,,,,1.0,1.0,,1.0,1.0,1.0,,,,,1.0,,,1.0,1.0,,1.0,,,,,,,,,1.0,1.0,,,,,,,,,,,,,,,,,,1.0,,,,,,,,,,,,,,,,,,,,,,,,,,,,,,,,,,,,,,,,,,,,,,
https://www.homeintunisia.com/fr/propri%C3%A9t%C3%A9/85796668,location saisonnière s+2 CORNICHE,Sousse,À partir de 230 TND / Jour,Appartement,85796668,3 pièces,60 m²,,Climatisation,,Collectif,Chauffe-eau,,Tout à l'égout,Bon état,2ème étage / 2,,Dégagée,,,,,,,,,,35.83459,10.64098,,,,,,,1.0,,,,,,,,,,,1.0,,,,1.0,1.0,,1.0,,1.0,,,,,,,,1.0,1.0,,1.0,,,,,,,,,1.0,,,,,,,,,,,,,,,,,,,,,,,,,,,,,,,,,,,,,,,,,,,,,,,,,,,,,,,,,,,,,,,,,
https://www.homeintunisia.com/fr/propri%C3%A9t%C3%A9/85791933,location saisonnière s+1 residence Tillel,Chatt Meriem,À partir de 240 TND / Jour,Appartement,85791933,2 pièces,60 m²,,Climatisation,,Collectif,Chaudière,Individuelle,Tout à l'égout,Excellent état,2ème,,Dégagée Mer,,,,,,,1.0,,,36.82173,10.18176,,,1.0,,1.0,1.0,,1.0,,1.0,,,1.0,1.0,1.0,,,,1.0,1.0,,1.0,,,1.0,1.0,,,,,1.0,,1.0,,,1.0,1.0,1.0,,,,,,,,,,,,,,,,,,,,,1.0,,,,,,,,,,,,,,1.0,,,,,,,1.0,,,,,,,,,,,,,,,,,,,,,,,,,,,,,,,,
https://www.homeintunisia.com/fr/propri%C3%A9t%C3%A9/85786643,Location Saisonnière S+1 à Dkhila,Monastir,À partir de 330 TND / Jour,Appartement,85786643,2 pièces,60 m²,,Climatisation,,Collectif,Chaudière,Individuelle,Tout à l'égout,Excellent état,2ème étage / 4,,Dégagée Ciel Golf,,,,,,1.0,1.0,,,35.77566,10.76774,,,1.0,,1.0,1.0,,1.0,,1.0,,,1.0,1.0,1.0,,,,1.0,1.0,1.0,1.0,,,1.0,1.0,1.0,,,,1.0,,1.0,1.0,1.0,1.0,1.0,,,,,,,,,,,,,,,,,,,,1.0,,1.0,1.0,,,,,,,,,,,,,1.0,,,,,,1.0,1.0,1.0,,,,,,,,,,,,,,,,,1.0,,,,,,,,,,,,,,
https://www.homeintunisia.com/fr/propri%C3%A9t%C3%A9/85784548,Location Studio à Folla,Chatt Meriem,À partir de 250 TND / Jour,Appartement,85784548,1 pièce,30 m²,,Climatisation,,Collectif,Chaudière,Individuelle,Tout à l'égout,Bon état,1er étage / 4,,Dégagée Jardin Ciel,,,,,,,1.0,,,35.91467,10.55519,,,1.0,,1.0,1.0,,1.0,,1.0,,,1.0,,1.0,,,,1.0,1.0,,1.0,,,1.0,1.0,1.0,,,,1.0,1.0,1.0,1.0,,1.0,1.0,1.0,,,,,,,,,,,,,,,,,,,1.0,,1.0,,,,,,,,,,,,,,,,,,,,1.0,1.0,,,,,,,,,,,,,,,,,,,,,,,,,,,,,,,,
https://www.homeintunisia.com/fr/propri%C3%A9t%C3%A9/85775229,location Saisonnière S+2 à Folla,Chatt Meriem,À partir de 400 TND / Jour,Appartement,85775229,3 pièces,80 m²,,Climatisation,,Collectif,Chaudière,Individuelle,Tout à l'égout,Bon état,1er étage / 4,,Dégagée Mer Ciel,,,,,,,1.0,,,35.87197,10.57399,,,1.0,,1.0,1.0,,1.0,,1.0,,,1.0,,1.0,,,,1.0,1.0,,1.0,,,,1.0,,,,,1.0,1.0,1.0,1.0,,1.0,1.0,1.0,,,,,,,,,,,,,,,,,,,1.0,,1.0,1.0,,,,,,,,,,,,,,,,,,,1.0,1.0,,,,,,,,,,,,,,,,,,,,,,,,,,,,,,,,
https://www.homeintunisia.com/fr/propri%C3%A9t%C3%A9/85773347,location saisonniére S+2 à khezama Est,Sousse Khezama,À partir de 180 TND / Jour,Appartement,85773347,3 pièces,80 m²,,"Radiateur, Climatisation",,Collectif,Chaudière,Individuelle,Tout à l'égout,Bon état,1er étage / 2,,Dégagée,,,,,,,1.0,,,35.84154,10.62038,,,1.0,,,,,1.0,,1.0,,,,,,,,,,,,1.0,,,1.0,1.0,1.0,,,,,1.0,,,1.0,1.0,,1.0,,,,,,,,,,,,,,,,,,,,,,,,,,,,,,,,,,,,,,,,,,,,,,,,,,,,,,,,,,,,,,,,,,,,,,,,,,
https://www.homeintunisia.com/fr/propri%C3%A9t%C3%A9/85773050,location saisonniere s+1 à port Kantaoui,El Kantaoui,À partir de 200 TND / Jour,Appartement,85773050,2 pièces,40 m²,,Central,Gaz,Individuel,Chauffe-eau,Individuelle,Tout à l'égout,Bon état,1er étage / 2,,Panoramique Ciel Port,,,,,,,1.0,,,35.89599,10.59954,,,1.0,,,,,1.0,,,,,,,,,,,,,,,,,1.0,1.0,1.0,,,,,1.0,,,,1.0,,1.0,,,,,,,,,,,,,,,,,,,,,1.0,,,,,,,,,,,,,,,,,,,,,1.0,,,,,,,,,,,,,,,,,,,,,,,,,,,,,,,,
https://www.homeintunisia.com/fr/propri%C3%A9t%C3%A9/85746472,Location Saisonnière S+1 à Folla,Chatt Meriem,À partir de 350 TND / Jour,Appartement,85746472,2 pièces,75 m²,,Climatisation,Electrique,Collectif,Chaudière,Individuelle,Tout à l'égout,Bon état,2ème,,Dégagée,,,,,,,1.0,,,35.87181,10.57009,,,1.0,,1.0,1.0,,1.0,,1.0,,,1.0,1.0,1.0,,,,1.0,1.0,,1.0,,,1.0,1.0,,,,1.0,,,1.0,1.0,,1.0,1.0,1.0,,,,,,,,,,1.0,,,,,,,,,1.0,1.0,1.0,1.0,,,,,,,,,,,,,,,,,,,,1.0,,,,,,,,,,,,,,,,,,,,,,,,,,,,,,,,
https://www.homeintunisia.com/fr/propri%C3%A9t%C3%A9/85680109,"Location Saisonnière S+2 à Skanes,",Monastir,À partir de 250 TND / Jour,Appartement,85680109,3 pièces,80 m²,,"Radiateur, Climatisation",Gaz,Collectif,Chaudière,Individuelle,Tout à l'égout,Excellent état,2ème,,Dégagée,,,,,,,1.0,,,35.77069,10.82933,,,1.0,,1.0,1.0,,1.0,,1.0,,,,1.0,1.0,,,,,1.0,1.0,1.0,1.0,,1.0,1.0,,,,,1.0,,1.0,,,,1.0,1.0,,,,,,,,,,,,,,,,,,,,,,,,,,,,,,,,,,,,,,,,,1.0,,,,,,,,,,,,,,,,,,,,,,,,,,,,,,,,,
https://www.homeintunisia.com/fr/propri%C3%A9t%C3%A9/85679967,location Saisonnière S+2 à Skanes,Monastir,À partir de 250 TND / Jour,Appartement,85679967,3 pièces,75 m²,,Central,Gaz,Individuel,Chaudière,Individuelle,Tout à l'égout,Excellent état,2ème,,,,,,,,,1.0,,,35.77635,10.82655,,,1.0,,1.0,1.0,,1.0,,1.0,,,,1.0,,,,,,,1.0,1.0,1.0,,1.0,1.0,1.0,,,,1.0,,1.0,,1.0,1.0,1.0,1.0,,,,,,,,,,,,,,,,,,,,,,,,,,,,,,,,,,,,,,,,,1.0,,,,,,,,,,,,,,,,,,,,,,,,,,,,,,,,,
https://www.homeintunisia.com/fr/propri%C3%A9t%C3%A9/85663081,location saisonnière S+2 à Folla Palm Lake Monastir,Zone Skanes,À partir de 500 TND / Jour,Appartement,85663081,3 pièces,100 m²,,"Radiateur, Climatisation",,Individuel,Chaudière,Individuelle,Tout à l'égout,Excellent état,3ème,,Dégagée,,,,,,1.0,1.0,,,35.77552,10.79472,,,1.0,,1.0,1.0,,1.0,,1.0,,,,,,,,,1.0,,1.0,1.0,1.0,,1.0,1.0,,,,1.0,1.0,1.0,1.0,1.0,1.0,1.0,1.0,1.0,,,,,,,,,1.0,,,,,,,,,,1.0,,,,,,,,,,,,,,,,,,,,,,1.0,1.0,,,,,,,,,,,,,,,,,,,,,,,,,,,,,,,,
https://www.homeintunisia.com/fr/propri%C3%A9t%C3%A9/85651655,Appartement de standing,Zone Skanes,À partir de 1 035 TND / Jour,Appartement,85651655,4 pièces,120 m²,240 m²,Radiateur,Gaz,Collectif,Chaudière,Individuelle,Tout à l'égout,Neuf,Rez-de-chaussée / 4 étages,Nord-est,Dégagée Ciel Rue,,,,,,1.0,1.0,1.0,,35.75988,10.81124,,,1.0,,1.0,1.0,1.0,1.0,,,,,,,1.0,,,,1.0,,1.0,1.0,1.0,,1.0,1.0,1.0,,,,,,,1.0,1.0,1.0,1.0,1.0,,,,,,,,,1.0,1.0,,,,,,,,,,1.0,1.0,1.0,,,,,,,,,,,,,,,,,,,1.0,1.0,,,,,,,,,,,,,,,,,,,,,,,,,,,1,,,,,
https://www.homeintunisia.com/fr/propri%C3%A9t%C3%A9/85647160,location Saisonnière S+2 à Folla,Monastir,À partir de 470 TND / Jour,Appartement,85647160,3 pièces,100 m²,,"Radiateur, Climatisation",,Collectif,Chaudière,Individuelle,Tout à l'égout,Excellent état,1er étage / 4,,Panoramique Ciel Piscine,,,,,,1.0,1.0,,,35.76596,10.81559,,,1.0,,1.0,1.0,,1.0,,1.0,,,,,1.0,,,,1.0,1.0,,1.0,,,1.0,1.0,1.0,,,,1.0,1.0,1.0,1.0,,1.0,1.0,1.0,,,,,,,,,,,,,,,,,,,,,1.0,1.0,,,,,,,,,,,,,,,,,,,1.0,1.0,,,,,,,,,,,,,,,,,,,,,,,,,,,,,,,,
https://www.homeintunisia.com/fr/propri%C3%A9t%C3%A9/85645229,location Saisonnière S+2 à Folla chott Meriem,Chatt Meriem,À partir de 420 TND / Jour,Appartement,85645229,3 pièces,100 m²,,Climatisation,Electrique,Collectif,Chaudière,Individuelle,Tout à l'égout,Bon état,3ème étage / 4,,Dégagée Jardin Ciel,,,,,,,1.0,,,35.91405,10.55771,,,1.0,,1.0,1.0,,1.0,,1.0,,,1.0,,1.0,,,,1.0,1.0,,1.0,1.0,,1.0,1.0,1.0,,,,1.0,,1.0,1.0,1.0,1.0,1.0,1.0,,,,,,,,,,,,,,,,,,,,1.0,1.0,1.0,,,,,,,,,,,,,,,,,,,1.0,1.0,,,,,,,,1.0,,,,,,,,,,,,,,,,,,,,,,,,
https://www.homeintunisia.com/fr/propri%C3%A9t%C3%A9/85635859,Location Saisonnière S+1 à chott Meriem,Chatt Meriem,À partir de 370 TND / Jour,Appartement,85635859,2 pièces,80 m²,,Climatisation,,Collectif,Chaudière,Individuelle,Tout à l'égout,Excellent état,2ème,,Panoramique Mer Ciel,,,,,,1.0,,,,35.87806,10.57013,,,1.0,,1.0,1.0,,1.0,,,,,,1.0,1.0,,,,,,,1.0,,,1.0,1.0,1.0,1.0,1.0,,,,1.0,1.0,,1.0,1.0,1.0,,,,,,,,1.0,1.0,,,,,,,,,,,,1.0,1.0,,,,,,,,,,,,,1.0,,,,,,1.0,1.0,,,,,,,,,,,,,,,,,,,,,,,,,,,,,,,,
https://www.homeintunisia.com/fr/propri%C3%A9t%C3%A9/85628218,Location Saisonnière S+2 à,Tantana,À partir de 330 TND / Jour,Appartement,85628218,3 pièces,,67 m²,Climatisation,,Collectif,Chaudière,Individuelle,Tout à l'égout,Bon état,2ème étage / 2,,Dégagée,,,,,,1.0,1.0,,,35.9213,10.57576,,,1.0,,1.0,1.0,,1.0,,1.0,,,1.0,1.0,1.0,,,,1.0,,,1.0,,,1.0,1.0,,,1.0,,1.0,1.0,1.0,1.0,,1.0,1.0,1.0,,,,,,,,,,,,,,,,,,,,1.0,1.0,,,,,,,,,,,,,,1.0,1.0,,,,,,1.0,,,,,,,,,,,,,,,,,,,,,,,,,,,,,,,,
https://www.homeintunisia.com/fr/propri%C3%A9t%C3%A9/85613942,Location Saisonnière S+2 à Folla Chott Meriem,Chatt Meriem,À partir de 430 TND / Jour,Appartement,85613942,3 pièces,100 m²,,Radiateur,,Collectif,Chaudière,Individuelle,Tout à l'égout,Bon état,4ème étage / 4,,Panoramique Mer Ciel,,,,,,,1.0,,,35.91779,10.56312,,,1.0,,1.0,1.0,,1.0,,1.0,,,1.0,,1.0,,,,1.0,1.0,1.0,,1.0,,1.0,1.0,,,,1.0,1.0,,1.0,1.0,,1.0,1.0,1.0,,,,,,,,,,,,,,,,,,,1.0,,1.0,1.0,,,,,,,,,,,,,,,,,,,1.0,1.0,,,,,,,,,,,,,,,,,,,,,,,,,,,,,,,,
https://www.homeintunisia.com/fr/propri%C3%A9t%C3%A9/85598932,"location estival : Appartement S+2 à Folla Palm Lake, Monastir",Zone Skanes,À partir de 430 TND / Jour,Appartement,85598932,3 pièces,75 m²,,"Radiateur, Climatisation",,Collectif,Chaudière,Individuelle,Tout à l'égout,Bon état,1er étage / 4,,Dégagée Ciel Rue,,,,,,1.0,1.0,,,35.77777,10.79381,,,1.0,,1.0,1.0,,1.0,,1.0,,,1.0,1.0,1.0,,,,1.0,1.0,,,,,,,,1.0,,,1.0,1.0,1.0,,,,,,,,,,,,,,,,,,,,,,,,,1.0,1.0,1.0,,,,,,,,,,,,,,,,,,,1.0,,,,,,,,,,,,,,,,,,,,,,,,,,,,,,,,,
https://www.homeintunisia.com/fr/propri%C3%A9t%C3%A9/85463631,location saisonnière S+2 à khezama Route Touristique,Sousse Khezama,À partir de 220 TND / Jour,Appartement,85463631,3 pièces,100 m²,,"Radiateur, Climatisation",Gaz,Collectif,Chaudière,Individuelle,Tout à l'égout,Bon état,Rez-de-chaussée / 6 étages,,Dégagée Jardin,,,,,,,1.0,,,35.84336,10.63138,,,1.0,,,1.0,,1.0,,1.0,,,1.0,1.0,1.0,,,,1.0,,1.0,1.0,,,1.0,1.0,,,,,1.0,,1.0,,1.0,,1.0,,,,,,,,,,,,,,,,,,,,,1.0,1.0,,,,,,,,1.0,,,,,,1.0,,,,,,1.0,,,,,,,,,,,,,,,,,,,,,,,,,,,,,,,,,
https://www.homeintunisia.com/fr/propri%C3%A9t%C3%A9/85324107,Location Saisonnière S+1 à,Hammam Sousse,À partir de 170 TND / Jour,Appartement,85324107,2 pièces,60 m²,,"Radiateur, Climatisation",,Collectif,Chaudière,Individuelle,Tout à l'égout,Bon état,7ème étage / 7,,Dégagée Mer Ville,,,,,,1.0,1.0,,,35.88714,10.59473,,,1.0,,1.0,,,1.0,,1.0,,,,,,,,,,,,1.0,,,1.0,1.0,1.0,,,,1.0,1.0,1.0,,1.0,1.0,,,,,,,1.0,,,,,,,,,,,,,,,1.0,,,,,,,,,,,,,,,,,,,,,1.0,,,,,,,,,,,,,,,,,,,,,,,,,,,,,,,,,
https://www.homeintunisia.com/fr/propri%C3%A9t%C3%A9/85321518,Location saisonnière S+1 Route Touristique,Cité de la Plage 2,À partir de 160 TND / Jour,Appartement,85321518,,,,,,,,,,Bon état,3ème,,Dégagée,,,,,,,,,,35.79,10.56,,,,,,,,1.0,,,,,,,,,,,,,,,,,,,,,,,,,,,,,,,,,,,,,,,,,,,,,,,,,,,,,,,,,,,,,,,,,,,,,,,,,,,,,,,,,,,,,,,,,,,,,,,,,,,,,,,,
https://www.homeintunisia.com/fr/propri%C3%A9t%C3%A9/85309693,location saisonnière S+2 à,Sousse,À partir de 250 TND / Jour,Appartement,85309693,3 pièces,120 m²,180 m²,"Radiateur, Central",Electrique,Collectif,,Individuelle,Tout à l'égout,Excellent état,4ème,Nord-est,Panoramique Mer Ciel,,,,,,,1.0,1.0,,35.82592,10.63927,,,,,1.0,1.0,1.0,,,1.0,,,1.0,,1.0,,,1.0,1.0,1.0,,,,,,,,1.0,1.0,,,,,,,,,,,,,,,1.0,,,,,,,,,,1.0,,,,1.0,,,,,,,,,,,,,,,1.0,1.0,,,,,,,,,,,,,,,,,,,,,,,,,,,,,,,,,,,,,,
https://www.homeintunisia.com/fr/propri%C3%A9t%C3%A9/85306482,location Saisonnière S+2 à  Skanes,Monastir,À partir de 250 TND / Jour,Appartement,85306482,3 pièces,100 m²,,"Radiateur, Climatisation",,Collectif,Chaudière,Individuelle,Tout à l'égout,Excellent état,3ème étage / 4,,Dégagée,,,,,,,1.0,,,35.76651,10.80814,,,1.0,,1.0,1.0,,1.0,,1.0,,,,,1.0,,,,,1.0,1.0,1.0,1.0,,1.0,,1.0,,,,,,1.0,1.0,1.0,1.0,1.0,1.0,,,,,,,,,1.0,,,,,,,,,,,1.0,,1.0,,,,,,1.0,,,,,,,1.0,,,,,,1.0,,,,,,,,,,,,,,,,,,,,,,,,,,,,,,,,,
https://www.homeintunisia.com/fr/propri%C3%A9t%C3%A9/85306155,location Saisonnière S+2 à,Monastir,À partir de 250 TND / Jour,Appartement,85306155,3 pièces,100 m²,,"Radiateur, Climatisation",,Mixte,Chaudière,Individuelle,Tout à l'égout,Neuf,2ème étage / 4,,Dégagée,,,,,,,1.0,,,35.76039,10.81169,,,1.0,,1.0,1.0,,1.0,,1.0,,,1.0,,1.0,,,,,1.0,1.0,1.0,1.0,,1.0,1.0,1.0,,,,1.0,,1.0,,1.0,,1.0,1.0,,,,,,,,,1.0,1.0,,,,,,,,,,,1.0,1.0,1.0,,,,,,,,,,,,1.0,,,,,,1.0,,,,,,,,,,,,,,,,,,,,,,,,,,,,,,,,,
https://www.homeintunisia.com/fr/propri%C3%A9t%C3%A9/85301492,Appartement S+2 meublé pour location saisonnière à panorama,Sousse,À partir de 200 TND / Jour,Appartement,85301492,3 pièces,80 m²,80 m²,,,,Chaudière,Individuelle,Station d'épuration,Excellent état,8ème,,Panoramique,,,,,,,1.0,,,35.82317,10.61116,,,,,1.0,,1.0,1.0,,1.0,,,,,,,,1.0,,,,,,,1.0,1.0,,,,,,1.0,1.0,,1.0,,,,,,,,,,,,,,,,,,,1.0,,,,,,,,,,,,,,,,,,,,,,,,,,,,,,,,,,,,,,,,,,,,,,,,,,,,,,,,,,
https://www.homeintunisia.com/fr/propri%C3%A9t%C3%A9/85301290,Appartement S+2 meublé pour location saisonnière à sousse panorama,Sousse,À partir de 250 TND / Jour,Appartement,85301290,3 pièces,80 m²,80 m²,,,,Chaudière,Individuelle,Station d'épuration,Excellent état,7ème,,Panoramique Mer,,,,,,,1.0,,,35.82529,10.61289,,,,,1.0,,,1.0,,1.0,,,,,,,,,,,,,,,,1.0,,,,,,,1.0,1.0,1.0,,,,,,,,1.0,,,,,,,,,,,1.0,,,,,,,,,,,,,,,,,,,,,,,,,,,,,,,,,,,,,,,,,,,,,,,,,,,,,,,,,,
https://www.homeintunisia.com/fr/propri%C3%A9t%C3%A9/85250046,Appartement S+2 meublé,Sousse Khezama,À partir de 242 TND / Jour,Appartement,85250046,3 pièces,80 m²,80 m²,Climatisation,Electrique,Individuel,Chaudière,Individuelle,,Excellent état,3ème étage / 4,Est,Vis-à-vis Rue,,,,,,,1.0,,,35.84846,10.61537,,,,,,1.0,,1.0,,,,,,,,,,,,,,,,,1.0,1.0,1.0,,,,,,,,1.0,,,,,,,,,,,,,,,,,,,,,,,,,,,,,,,,,,,,,,1.0,,,,,,,,,,,,,,,,,,,,,,,,,,,,,,,,,,,,,,,
https://www.homeintunisia.com/fr/propri%C3%A9t%C3%A9/85250021,Appartement S+2 meublé,Sousse Khezama,À partir de 220 TND / Jour,Appartement,85250021,3 pièces,80 m²,80 m²,Climatisation,Electrique,Individuel,Chaudière,Individuelle,,Excellent état,3ème étage / 4,Est,Vis-à-vis Rue,,,,,,,1.0,,,35.84336,10.61446,,,,,,1.0,,1.0,,,,,,,1.0,,,,,,,,,,,1.0,1.0,,,,,,,,1.0,,,,,,,,,,,,,,,,,,,,,,,,,,,,,,,,,,,,,,1.0,,,,,,,,,,,,,,,,,,,,,,,,,,,,,,,,,,,,,,,
https://www.homeintunisia.com/fr/propri%C3%A9t%C3%A9/85249930,A louer un coquet S+1 meublé à Khezama Est,Sousse Khezama,À partir de 220 TND / Jour,Appartement,85249930,2 pièces,65 m²,,Climatisation,Electrique,Individuel,Chaudière,Individuelle,,Excellent état,1er étage / 3,Est,Vis-à-vis Rue,,,,,,,,,,35.84977,10.61408,,,,,,1.0,,1.0,,,,,,,1.0,,,1.0,,,,,,,,1.0,1.0,,1.0,,,,,1.0,1.0,,,,,,,,,,,,,,,,,,,,,,,,,,,,,,,,,,,,,,1.0,,,,,,,,,,,,,,,,,,,,,,,,,,,,,,,,,,,,,,,
https://www.homeintunisia.com/fr/propri%C3%A9t%C3%A9/85244951,location saisonnière s+1 à Tantana,Chatt Meriem,À partir de 250 TND / Jour,Appartement,85244951,2 pièces,60 m²,,"Radiateur, Climatisation",,Collectif,Chaudière,Individuelle,Tout à l'égout,Bon état,2ème,,Dégagée,,,,,,,1.0,,,35.91674,10.57898,,,1.0,,1.0,1.0,,1.0,,1.0,,,1.0,,1.0,,,,,,,,,,1.0,1.0,,,,,,,1.0,,,1.0,1.0,1.0,,,,,,,,,,,,,,,,,,,,1.0,,,,,,,,,,,,,,,1.0,,,,,,1.0,,,,,,,,,,,,,,,,,,,,,,,,,,,,,,,,,
https://www.homeintunisia.com/fr/propri%C3%A9t%C3%A9/85239310,Location Scolaire S+2 à,Tantana,À partir de 320 TND / Jour,Appartement,85239310,3 pièces,80 m²,,Climatisation,,Collectif,,Individuelle,Tout à l'égout,Bon état,1er étage / 2,,Dégagée Mer Ciel,,,,,,1.0,1.0,,,35.94312,10.52022,,,1.0,,1.0,,,1.0,,1.0,,,1.0,1.0,1.0,,,,,,,1.0,,,1.0,1.0,,,,,,,1.0,,1.0,,1.0,1.0,,,,,,,,,,,,,,,,,,,,1.0,1.0,,,,,,,,,,,,,,,,,,,,,1.0,,,,,,,,,,,,,,,,,,,,,,,,,,,,,,,,
https://www.homeintunisia.com/fr/propri%C3%A9t%C3%A9/85163524,"Location saisonnière – Appartement meublé à Chatt Mariem, à 50 m de la mer",El Kantaoui,À partir de 200 TND / Jour,Appartement,85163524,3 pièces,60 m²,60 m²,"Climatisation, Central",Electrique,Individuel,Chaudière,Individuelle,Tout à l'égout,Bon état,Rez-de-chaussée,Nord-est,Aperçu Ciel,,,,,,,1.0,,,35.88399,10.59239,,,,,,,1.0,1.0,,1.0,,,1.0,,,,,,,1.0,,,,,,,,,,,,,,,,,,,,,,,,,,,,,,,,,,,,,,,,,,,,,,,,,,,,,,1.0,,,,,,,,,,,,,,,,,,,,,,,,,,,,,,,,,,,,,,
https://www.homeintunisia.com/fr/propri%C3%A9t%C3%A9/85153486,location Saisonnière S+2 khezama Ouest,Khezama Ouest,À partir de 240 TND / Jour,Appartement,85153486,3 pièces,80 m²,,"Radiateur, Climatisation",,Collectif,,Individuelle,Tout à l'égout,Excellent état,1er,,Dégagée,,,,,,,,,,35.84804,10.59914,,,1.0,,1.0,1.0,,1.0,,1.0,,,,,,,,,,1.0,1.0,1.0,1.0,,1.0,1.0,1.0,,,,,,,,1.0,1.0,1.0,1.0,,,,,,,,,,,,,,,,,,,,,,,,,,,,,,,,,,,,,,,,,,,,,,,,,,,,,,,,,,,,,,,,,,,,,,,,,,
https://www.homeintunisia.com/fr/propri%C3%A9t%C3%A9/85119049,location Saisonnière S+2 à Sousse,Sousse Corniche,À partir de 200 TND / Jour,Appartement,85119049,3 pièces,60 m²,,Climatisation,,Mixte,,,,Bon état,3ème étage / 3,,Dégagée Mer Ciel,,,,,,,,,,35.83795,10.63489,,,1.0,,1.0,,,1.0,,,,,,,,,,,,,,1.0,,,1.0,1.0,,,,,,,1.0,1.0,,1.0,1.0,1.0,,,,,,,,,,,,,,,,,,,,,,,,,,,,,,,,,,,,,,,,,,,,,,,,,,,,,,,,,,,,,,,,,,,,,,,,,,
https://www.homeintunisia.com/fr/propri%C3%A9t%C3%A9/85117882,location saisonnière S+1 à,Sousse,À partir de 320 TND / Jour,Appartement,85117882,2 pièces,80 m²,,Central,Gaz,Individuel,Chaudière,Collective,Tout à l'égout,Excellent état,5ème étage / 8,,Panoramique Mer Ciel,,,,,,,,,,35.8217,10.63508,,,1.0,,1.0,,,1.0,,1.0,,,,,1.0,,,,,1.0,1.0,1.0,1.0,,1.0,1.0,1.0,,,,,,,1.0,1.0,1.0,1.0,1.0,,,,,,,,,,1.0,,,,,,,,,1.0,1.0,1.0,1.0,,,,,,,,,,,,,,,,,,,1.0,,,,,,,,,,,,,,,,,,,,,,,,,,,,,,,,,
https://www.homeintunisia.com/fr/propri%C3%A9t%C3%A9/85104384,Location Saisonnière étage Maison Arabesque à,Hergla,À partir de 220 TND,Appartement,85104384,3 pièces,80 m²,,Climatisation,,Individuel,Chaudière,Individuelle,Tout à l'égout,Bon état,1er,,Dégagée Ciel Cour,,,,,,,1.0,,,36.00608,10.4355,,,1.0,,,,,1.0,,,,,1.0,,,,,,,,1.0,1.0,,,1.0,1.0,,,,,,,,1.0,1.0,1.0,1.0,1.0,,,,,,,,,,,,,,,,,,,,,,,,,,,,,,,,,,,,,,,,,,,,,,,,,,,,,,,,,,,,,,,,,,,,,,,,,,
https://www.homeintunisia.com/fr/propri%C3%A9t%C3%A9/85099956,location saisonnière S+2 Palm Lake,Monastir,À partir de 390 TND / Jour,Appartement,85099956,3 pièces,100 m²,,"Radiateur, Climatisation",,Collectif,Chaudière,Individuelle,Tout à l'égout,Bon état,4ème étage / 4,,Dégagée Mer Ciel,,,,,,1.0,1.0,,,35.76143,10.81124,,,1.0,,1.0,,,1.0,,1.0,,,1.0,,1.0,,,,1.0,1.0,,1.0,,,1.0,1.0,,,,,1.0,1.0,1.0,1.0,,1.0,1.0,1.0,,,,,,,,,,,,,,,,,,,,1.0,,1.0,,,,,,,,,,,,,,,,,,,1.0,1.0,,,,,,,,,,,,,,,,,,,,,,,,,,,,,,,,
https://www.homeintunisia.com/fr/propri%C3%A9t%C3%A9/85093086,Appartement de standing,Monastir,À partir de 600 TND / Jour,Appartement,85093086,1 pièce,80 m²,100 m²,Radiateur,Gaz,Collectif,Chaudière,Individuelle,Tout à l'égout,Neuf,4ème étage / 4,Nord-est,Dégagée Mer Ciel,,,,,,1.0,1.0,1.0,,35.76242,10.80677,,,1.0,,1.0,1.0,1.0,1.0,,,,,,,1.0,,,,1.0,,1.0,1.0,1.0,,1.0,1.0,1.0,,,,,,,1.0,1.0,1.0,1.0,1.0,,,,,,,,,1.0,1.0,,,,,,,,,,1.0,1.0,1.0,,,,,,,,,,,,,,,,,,,1.0,,,,,,,,,,,,,,,,,,,,,,,,,,,,1,,,,,
https://www.homeintunisia.com/fr/propri%C3%A9t%C3%A9/85091580,location saisonnière S+2 à tantana,Tantana,À partir de 220 TND / Jour,Appartement,85091580,3 pièces,80 m²,,"Radiateur, Climatisation",,Collectif,,Collective,Tout à l'égout,Bon état,2ème étage / 2,,Dégagée,,,,,,1.0,1.0,,,35.91707,10.58073,,,1.0,,1.0,,,1.0,,,,,1.0,,,,,1.0,,1.0,,1.0,1.0,,1.0,1.0,,,,,,,1.0,1.0,1.0,,1.0,1.0,,,,,,,,,,,,,,,,,,,,,,,,,,,,,,,,,,,,,,,,,,,,,,,,,,,,,,,,,,,,,,,,,,,,,,,,,,
https://www.homeintunisia.com/fr/propri%C3%A9t%C3%A9/85091426,location saisonnière S+2,Tantana,Prix sur demande,Appartement,85091426,3 pièces,80 m²,,"Radiateur, Climatisation",,Collectif,Chaudière,Individuelle,Tout à l'égout,Bon état,2ème étage / 2,,Dégagée,,,,,,1.0,1.0,,,35.91613,10.57445,,,1.0,,1.0,1.0,,1.0,,,,,1.0,,,,,1.0,,1.0,,,1.0,,1.0,1.0,,,,,,,1.0,1.0,,,1.0,1.0,,,,,,,,,,,,,,,,,,,,,,,,,,,,,,,,,,,,,,,,,,,,,,,,,,,,,,,,,,,,,,,,,,,,,,,,,,
https://www.homeintunisia.com/fr/propri%C3%A9t%C3%A9/85074451,"À Louer : Appartement S+1 en Location Saisonnière à Résidence Tilel,",Chatt Meriem,À partir de 200 TND / Jour,Appartement,85074451,2 pièces,60 m²,,Climatisation,,Collectif,Chaudière,Individuelle,Tout à l'égout,Bon état,2ème étage / 2,,Dégagée Mer Ciel,,,,,,1.0,1.0,,,36.81872,10.18915,,,1.0,,,1.0,,1.0,,1.0,,,1.0,,1.0,,,,,1.0,1.0,1.0,1.0,,1.0,1.0,,,,,1.0,,1.0,,1.0,1.0,1.0,1.0,,,,,,,,,,,,,,,,,,,,1.0,1.0,,,,,,,,,,,,,,,,,,,,,1.0,,,,,,,,,,,,,,,,,,,,,,,,,,,,,,,,
https://www.homeintunisia.com/fr/propri%C3%A9t%C3%A9/85069042,S+3 pieds dans l'eau,Sousse,À partir de 300 TND / Jour,Appartement,85069042,4 pièces,,,Central,Gaz,Collectif,Chaudière,Individuelle,Fosse septique,Bon état,2ème étage / 1,Nord-est,Dégagée Mer Rue,,,,,,,,,,35.82601,10.63201,,,,,,,,,,,,,,,,,,,,,,,,,,,,,,,,,,,,,,,,,,,,,,,,,,,,,,,,,,,,,,,,,,,,,,,,,,,,,,,,,,,,,,,,,,,,,,,,,,,,,,,,,,,,,,,,
https://www.homeintunisia.com/fr/propri%C3%A9t%C3%A9/85068685,S+2 pieds dans l'eau,Sousse,À partir de 270 TND / Jour,Appartement,85068685,3 pièces,,,Central,Gaz,Collectif,Chaudière,Individuelle,Fosse septique,Bon état,1er étage / 1,Nord-est,Dégagée Mer Rue,,,,,,,,,,35.82601,10.63201,,,,,,,,,,,,,,,,,,,,,,,,,,,,,,,,,,,,,,,,,,,,,,,,,,,,,,,,,,,,,,,,,,,,,,,,,,,,,,,,,,,,,,,,,,,,,,,,,,,,,,,,,,,,,,,,
https://www.homeintunisia.com/fr/propri%C3%A9t%C3%A9/85061249,Appartement non meublé à louer à Tantana,Msaken,À partir de 200 TND / Jour,Appartement,85061249,4 pièces,,110 m²,Central,Gaz,Individuel,Chaudière,Collective,,Neuf,1er étage / 3,,Dégagée,,,,,,,1.0,,,35.94312,10.52022,,,1.0,,,,1.0,,,,,,,,,,,,,1.0,,,,,,,,,1.0,,,,,,,,,,,,,,,,,1.0,,,,,,,,1.0,,,,,,1.0,,,1.0,,,,,,,,,,,,,,,,,,,,,,,,,,,,,,,,,,,,,,,,,,,,,,,,,
https://www.homeintunisia.com/fr/propri%C3%A9t%C3%A9/85052965,location saisonnière S+1 à,Hergla,À partir de 250 TND / Jour,Appartement,85052965,2 pièces,80 m²,,"Radiateur, Climatisation",,Collectif,,Individuelle,Tout à l'égout,Bon état,3ème,,Dégagée Mer Ciel,,,,,,1.0,1.0,,,36.03274,10.50828,,,1.0,,,1.0,,1.0,,1.0,,,,,,,,,,,,1.0,,,1.0,1.0,,,,,1.0,,,1.0,1.0,1.0,,1.0,,,,,,,,,,,,,,,,,,,,1.0,,,,,,,,,,,,,,,,,,,,,1.0,,,,,,,,,,,,,,,,,,,,,,,,,,,,,,,,,
https://www.homeintunisia.com/fr/propri%C3%A9t%C3%A9/85052872,location saisonnière S+1à,Hergla,À partir de 200 TND / Jour,Appartement,85052872,2 pièces,80 m²,,Climatisation,,Collectif,Chaudière,Individuelle,Tout à l'égout,Bon état,3ème,,Dégagée Mer Ciel,,,,,,,,,,36.03403,10.50583,,,,,,,,,,,,,,,,,,,,,,,,,,,,,,,,,,,,,,,,,,,,,,,,,,,,,,,,,,,,,,,,,,,,,,,,,,,,,,,,,,,,,,,,,,,,,,,,,,,,,,,,,,,,,,,,
https://www.homeintunisia.com/fr/propri%C3%A9t%C3%A9/85047363,location saisonnière S+1 à Folla Chott Meriem,Akouda,À partir de 330 TND / Jour,Appartement,85047363,3 pièces,80 m²,,Climatisation,Eau chaude,Collectif,Chaudière,Individuelle,Tout à l'égout,Bon état,2ème étage / 4,,Dégagée Ciel Piscine,,,,,,,1.0,,,35.91733,10.57169,,,1.0,,1.0,1.0,,1.0,,1.0,,,1.0,,1.0,,,,,1.0,1.0,1.0,1.0,,1.0,1.0,,,,,1.0,,1.0,,,1.0,,1.0,,,,,,,,,,,,,,,,,,,,1.0,1.0,1.0,,,,,,,,,,,,,,,,,,,1.0,,,,,,,,,,,,,,,,,,,,,,,,,,,,,,,,,
https://www.homeintunisia.com/fr/propri%C3%A9t%C3%A9/85030029,location saisonnière S+2 Rez-de-chaussée à Folla,Chatt Meriem,À partir de 410 TND / Jour,Appartement,85030029,3 pièces,150 m²,,Climatisation,,Collectif,Chaudière,Individuelle,Tout à l'égout,Bon état,Rez-de-chaussée,,Dégagée,,,,,,1.0,1.0,,,35.91597,10.5635,,,1.0,,1.0,1.0,,1.0,,1.0,,,1.0,,1.0,,,,,1.0,1.0,1.0,1.0,,1.0,1.0,,,,1.0,1.0,1.0,1.0,,,1.0,1.0,1.0,,,,,,,,,,,,,,,,,,,,1.0,1.0,1.0,,,,,,,,,,,,,,,,,,,1.0,1.0,,,,,,,,,,,,,,,,,,,,,,,,,,,,,,,,
https://www.homeintunisia.com/fr/propri%C3%A9t%C3%A9/85014639,location saisonnière s+1 avec piscine privée Palm Lake,Zone Skanes,À partir de 520 TND / Jour,Appartement,85014639,2 pièces,60 m²,,"Radiateur, Climatisation",,Collectif,Chaudière,Individuelle,Tout à l'égout,Excellent état,Rez-de-chaussée / 4 étages,,Dégagée,,,,,,1.0,1.0,,,35.77493,10.79434,,,1.0,,1.0,1.0,,1.0,,1.0,,,1.0,,1.0,,,,1.0,1.0,1.0,1.0,1.0,,1.0,1.0,1.0,,,,1.0,,1.0,,,1.0,1.0,1.0,,,,,,,,,,,,,,,,,,,,1.0,1.0,1.0,,,,,,,,,,,,,,,,,,,1.0,1.0,,,,,,,,,,,,,,,,,,,,,,,,,,,,,,,,
https://www.homeintunisia.com/fr/propri%C3%A9t%C3%A9/85001564,location saisonnière S+3 à,Tantana,À partir de 320 TND / Jour,Appartement,85001564,4 pièces,100 m²,,Climatisation,,Individuel,Chaudière,Individuelle,Tout à l'égout,Bon état,Rez-de-chaussée / 1 étage,,Dégagée,,,,,,,,,,35.9221,10.57537,,,1.0,,,,,1.0,,,,,1.0,,,,,,,,,,,,1.0,1.0,,,,,,,,1.0,,1.0,1.0,1.0,,,,,,,,,,,,,,,,,,,,,,,,,,,,,,,,,1.0,,,,,,,,,,,,,,,,,,,,,,,,,,,,,,,,,,,,,,,,,
https://www.homeintunisia.com/fr/propri%C3%A9t%C3%A9/84954322,location saisonnière S+2 à,Sousse,À partir de 250 TND / Jour,Appartement,84954322,3 pièces,80 m²,,Climatisation,,Collectif,Chaudière,Individuelle,Tout à l'égout,Bon état,1er,,Dégagée,,,,,,,1.0,,,35.86553,10.6149,,,1.0,,1.0,,,1.0,,1.0,,,,1.0,1.0,,,,,,,1.0,,,1.0,1.0,,,,,1.0,,1.0,,,1.0,,1.0,,,,,,,,,,,,,,,,,,,,1.0,1.0,,,,,,,,,,,,,,,,,,,,1.0,1.0,,,,,,,,,,,,,,,,,,,,,,,,,,,,,,,,
https://www.homeintunisia.com/fr/propri%C3%A9t%C3%A9/84954074,location Saisonnière S+2 Résidence Les Dunes,Tantana,À partir de 320 TND / Jour,Appartement,84954074,3 pièces,80 m²,,Climatisation,,Collectif,Chaudière,Individuelle,Tout à l'égout,Bon état,1er,,,,,,,,1.0,1.0,,,35.94312,10.52022,,,1.0,,1.0,1.0,,1.0,,,,,,,1.0,,,1.0,1.0,1.0,,1.0,,,1.0,1.0,,,,,,,,1.0,,,1.0,1.0,,,,,,,,,,,,,,,,,,,,1.0,1.0,,,,,,,,,,,,,,,,,,,,,1.0,,,,,,,,,,,,,,,,,,,,,,,,,,,,,,,,
https://www.homeintunisia.com/fr/propri%C3%A9t%C3%A9/84950343,Appartement pieds dans l'eau,Hammam Sousse,À partir de 280 TND / Jour,Appartement,84950343,3 pièces,120 m²,,,,,,Individuelle,Station d'épuration,Excellent état,5ème,"Nord-est, Sud-est",Dégagée,,,,,,,,,,35.8569,10.5972,,,,,,,,,,,,,,,,,,,,,,,,,,,,,,,,,,,,,,,,,,,,,,,,,,,,,,,,,,,,,,,,,,,,,,,,,,,,,,,,,,,,,,,,,,,,,,,,,,,,,,,,,,,,,,,,
https://www.homeintunisia.com/fr/propri%C3%A9t%C3%A9/84948275,Location saisonnière,El Kantaoui,À partir de 240 TND / Jour,Appartement,84948275,,,,Climatisation,,Collectif,,Individuelle,Tout à l'égout,Bon état,Surélevé,Nord-est,Panoramique Mer,,,,,,,,,,35.89454,10.59876,,,1.0,,,,,1.0,,,,,,,,,,,,,,,,,,,,,,,,,,,,,,,,,,,,,,,,,,,,,,,,,,,,,,,,,,,,,,,,,,,,,,,,,,,,,,,,,,,,,,,,,,,,,,,,,,,,,,,,
https://www.homeintunisia.com/fr/propri%C3%A9t%C3%A9/84898686,Location Saisonnière – Spacieux Appartement S+2 à,Nabeul,À partir de 240 TND / Jour,Appartement,84898686,3 pièces,80 m²,,Climatisation,,Collectif,Chaudière,Individuelle,Tout à l'égout,Bon état,3ème étage / 3,,Dégagée,,,,,,,,,,36.45313,10.73859,,,1.0,,,,,,,,,,,,,,,,,,,1.0,,,1.0,1.0,,,,,1.0,,,,1.0,,,1.0,,,,,,,,,,,,,,,,,,,,,,,,,,,,,,,,,,,,,,,,,,,,,,,,,,,,,,,,,,,,,,,,,,,,,,,,,,
https://www.homeintunisia.com/fr/propri%C3%A9t%C3%A9/84890754,"Espace Extérieur Magnifique à Louer pour vos Evènements ! ( shooting , Anniversaire , Réception, Fiançailles )",Kalaa El Kebira,À partir de 2 500 TND / Jour,Appartement,84890754,4 pièces,150 m²,,"Radiateur, Climatisation",,,,Individuelle,Tout à l'égout,Neuf,Plain-pied / 1 étage,,Dégagée Ciel Piscine,,,,,,1.0,1.0,1.0,,37.22466,9.79825,,,1.0,,1.0,,,1.0,,1.0,,,1.0,,1.0,,,,,1.0,1.0,1.0,1.0,,1.0,1.0,1.0,1.0,,,1.0,,1.0,1.0,1.0,,,1.0,,,,,,,,,,,,,,,,,,,,,,1.0,,,,,,,,,,,,,,,,,,,,,,,,,,,,,,,,,,,,,,,,,,,,,,,,,,,,
https://www.homeintunisia.com/fr/propri%C3%A9t%C3%A9/84871823,location saisonnière S+1 à khezama Route Touristique,Sousse Khezama,À partir de 190 TND / Jour,Appartement,84871823,2 pièces,80 m²,,Climatisation,,Collectif,Chaudière,Individuelle,Tout à l'égout,Bon état,1er,,Dégagée,,,,,,1.0,1.0,,,35.84803,10.62049,,,1.0,,1.0,1.0,,1.0,,1.0,,,1.0,,1.0,,,,,,1.0,1.0,,,1.0,1.0,,,,,,,1.0,,1.0,1.0,1.0,1.0,,,,,,,,,,,,,,,,,,,,1.0,,,,,,,,,,,,,,,,,,,,,1.0,,,,,,,,,,,,,,,,,,,,,,,,,,,,,,,,,
https://www.homeintunisia.com/fr/propri%C3%A9t%C3%A9/84859169,A louer pour courte durée un s1 meublé pied dans l'eau à tantana,Tantana,À partir de 210 TND / Jour,Appartement,84859169,2 pièces,75 m²,,Central,,Collectif,,Individuelle,Tout à l'égout,Neuf,1er,,Dégagée,,,,,,1.0,1.0,,,35.94312,10.52022,,,1.0,,1.0,1.0,1.0,1.0,,,,,,,1.0,,,1.0,1.0,1.0,,1.0,,,1.0,1.0,1.0,1.0,,,,,,,,,1.0,,,,,,,,,,,,,,,,,,,,1.0,1.0,,1.0,,,,,,,,,,,,,1.0,,,,,,1.0,,,,,,,,,,,,,,,,,,,,,,,,,,,,,,,,,
https://www.homeintunisia.com/fr/propri%C3%A9t%C3%A9/84858562,location saisonnière S+1 à  4,Sahloul,À partir de 190 TND / Jour,Appartement,84858562,2 pièces,75 m²,,Climatisation,,Collectif,Chaudière,Individuelle,Tout à l'égout,Bon état,2ème,,Dégagée,,,,,,1.0,1.0,,,35.83749,10.59445,,,,,,,,1.0,,1.0,,,1.0,1.0,1.0,,,,,,,1.0,,,1.0,1.0,,,,,,,,,,1.0,1.0,1.0,,,,,,,,,,,,,,,,,,,,1.0,,,,,,,,,,,,,,,,,,,,,,,,,,,,,,,,,,,,,,,,,,,,,,,,,,,,,,
https://www.homeintunisia.com/fr/propri%C3%A9t%C3%A9/84855957,location saisonnière S+1 à,Hergla,À partir de 220 TND / Jour,Appartement,84855957,2 pièces,75 m²,,Central,Eau chaude,Collectif,Chauffe-eau,Individuelle,Tout à l'égout,Bon état,2ème étage / 5,,Dégagée Mer Piscine,,,,,,1.0,1.0,,,36.03501,10.50457,,,1.0,,1.0,,,1.0,,1.0,,,1.0,1.0,1.0,,,,,,,,,,1.0,1.0,,,,,,,,,,,1.0,1.0,,,,,,,,,,,,,,,,,,,,,1.0,,,,,,,,,,,,,,,,,,,,1.0,1.0,,,,,,,,,,,,,,,,,,,,,,,,,,,,,,,,
https://www.homeintunisia.com/fr/propri%C3%A9t%C3%A9/84843918,Location saisonnière S+1 à Folla,Monastir,À partir de 300 TND / Jour,Appartement,84843918,2 pièces,75 m²,,"Radiateur, Climatisation",Gaz,Collectif,Chaudière,Individuelle,Tout à l'égout,Excellent état,1er étage / 4,,Dégagée Ciel Rue,,,,,,1.0,1.0,,,35.7612,10.80994,,,1.0,,1.0,,,,,1.0,,,,,1.0,,,,1.0,1.0,,1.0,,,1.0,1.0,1.0,,,,,,1.0,,,1.0,1.0,1.0,,,,,,,,,,,,,,,,,,,,,1.0,1.0,,,,,,,,,,,,,,,,,,,1.0,1.0,,,,,,,,,,,,,,,,,,,,,,,,,,,,,,,,
https://www.homeintunisia.com/fr/propri%C3%A9t%C3%A9/84819757,location saisonnière S+2 à résidence Nadine,Chatt Meriem,À partir de 300 TND / Jour,Appartement,84819757,3 pièces,80 m²,,Climatisation,,Collectif,Chaudière,Individuelle,Tout à l'égout,Bon état,2ème,,Dégagée Mer Ciel,,,,,,,,,,35.91656,10.5632,,,1.0,,,,,1.0,,1.0,,,,,1.0,,,,,,,1.0,1.0,,1.0,1.0,,,,,,,1.0,1.0,,,1.0,1.0,,,,,,,,,,,,,,,,,,,,1.0,1.0,,,,,,,,,,,,,,,,,,,,,1.0,,,,,,,,,,,,,,,,,,,,,,,,,,,,,,,,
https://www.homeintunisia.com/fr/propri%C3%A9t%C3%A9/84815046,Location Saisonnière S+1 avec piscine privé,Zone Skanes,À partir de 520 TND / Jour,Appartement,84815046,2 pièces,80 m²,,"Radiateur, Climatisation",Gaz,Individuel,Chaudière,Individuelle,Tout à l'égout,Neuf,Rez-de-chaussée / 4 étages,,Panoramique Piscine,,,,,,,1.0,,,35.7612,10.7405,,,1.0,,1.0,1.0,,1.0,,1.0,,,1.0,,1.0,,,,1.0,1.0,1.0,1.0,1.0,,1.0,1.0,1.0,,,,1.0,,,1.0,,1.0,1.0,1.0,,,,,,,,,,,,,,,,,,,1.0,1.0,1.0,1.0,,,,,,,,,,,,,,,,,,,1.0,1.0,,,,,,,,,,,,,,,,,,,,,,,,,,,,,,,,
https://www.homeintunisia.com/fr/propri%C3%A9t%C3%A9/84799463,location saisonnière S+3 à,Hergla,À partir de 360 TND / Jour,Appartement,84799463,4 pièces,150 m²,,"Radiateur, Climatisation",,Collectif,Chaudière,Individuelle,Tout à l'égout,Excellent état,Rez-de-chaussée / 1 étage,,Dégagée Jardin Ciel,,,,,,1.0,1.0,,,36.02885,10.49992,,,1.0,,,1.0,,1.0,,1.0,,,1.0,,,,,,,1.0,,,1.0,,1.0,1.0,,,,,,1.0,1.0,1.0,,1.0,1.0,1.0,,,,,,,,,,,,,,,,,,,,,,,,,,,,,,,,,,,,,,,,,,,,,,,,,,,,,,,,,,,,,,,,,,,,,,,,,,
https://www.homeintunisia.com/fr/propri%C3%A9t%C3%A9/84754188,location saisonnière S+2 à Palm Lake Monastir,Zone Skanes,À partir de 480 TND / Jour,Appartement,84754188,3 pièces,120 m²,,Central,Gaz,Individuel,Chaudière,Individuelle,Tout à l'égout,Excellent état,2ème étage / 4,,Dégagée Jardin Ciel,,,,,,1.0,1.0,,,35.7612,10.7405,,,1.0,,,,,1.0,,1.0,,,1.0,,1.0,,,,1.0,1.0,1.0,1.0,1.0,,1.0,1.0,,,,,1.0,,1.0,,,1.0,1.0,1.0,,,,,,,,,,,,,,,,,,,1.0,1.0,1.0,1.0,1.0,,,,,,,,,,,,,,,,,,1.0,1.0,,,,,,,,,,,,,,,,,,,,,,,,,,,,,,,,
https://www.homeintunisia.com/fr/propri%C3%A9t%C3%A9/84721823,Location saisonnière S+2 à résidence Monte Carlo,Hammam Sousse,À partir de 280 TND / Jour,Appartement,84721823,3 pièces,120 m²,,"Radiateur, Climatisation",Gaz,Collectif,Chaudière,Individuelle,Tout à l'égout,Bon état,3ème,,Dégagée,,,,,,,1.0,,,35.87032,10.612,,,1.0,,1.0,1.0,,1.0,,,,,,,1.0,,,,,,,,1.0,,1.0,1.0,,,1.0,,,1.0,1.0,,,1.0,1.0,1.0,,,,,,,,,,,,,,,,,,,,1.0,1.0,1.0,,,,,,,,,,,,,1.0,,,,,,1.0,1.0,,,,,,,,,,,,,,,,,,,,,,,,,,,,,,,,
https://www.homeintunisia.com/fr/propri%C3%A9t%C3%A9/84714525,location saisonnière S+1 à Folla chott Meriem,Chatt Meriem,À partir de 280 TND / Jour,Appartement,84714525,2 pièces,75 m²,,Climatisation,,,Chaudière,Individuelle,Tout à l'égout,Excellent état,1er étage / 3,,Panoramique Piscine,,,,,,,1.0,,,35.94898,10.54073,,,1.0,,1.0,1.0,,1.0,,1.0,,,,,1.0,,,,,1.0,1.0,,1.0,,1.0,1.0,,,,,1.0,,1.0,,,1.0,1.0,1.0,,,,,,,,,,,,,,,,,,,1.0,,1.0,1.0,,,,,,,,,,,,,,,,,,,1.0,1.0,,,,,,,,,,,,,,,,,,,,,,,,,,,,,,,,
https://www.homeintunisia.com/fr/propri%C3%A9t%C3%A9/84714452,location saisonnière S+3 à,Hergla,À partir de 250 TND / Jour,Appartement,84714452,4 pièces,150 m²,,"Radiateur, Climatisation",,,Chaudière,Individuelle,Tout à l'égout,Bon état,1er,,Panoramique Campagne Ciel,,,,,,,1.0,,,36.02907,10.50693,,,1.0,,1.0,,,1.0,,1.0,,,,1.0,1.0,,,1.0,,1.0,,1.0,,,1.0,1.0,,,,,,,,1.0,1.0,1.0,,1.0,,,,,,,,,,,,,,,,,,,1.0,,1.0,1.0,,,,,,,,,,,,,1.0,,,,,,,,,,,,,,,,,,,,,,,,,,,,,,,,,,,,,,,
https://www.homeintunisia.com/fr/propri%C3%A9t%C3%A9/84697861,location saisonnière S+3 à,Hergla,À partir de 320 TND / Jour,Appartement,84697861,4 pièces,180 m²,,"Radiateur, Climatisation",,Collectif,Chaudière,Individuelle,Tout à l'égout,Bon état,Rez-de-chaussée / 2 étages,,Dégagée,,,,,,1.0,1.0,,,36.02818,10.50283,,,1.0,,1.0,,,1.0,,1.0,,,1.0,,,,,,,,1.0,1.0,1.0,,1.0,1.0,1.0,,,,,,,,,1.0,1.0,1.0,,,,,,,,,,,,,,,,,,,,,,,,,,,,,,,,,,,,,,,,,1.0,,,,,,,,,,,,,,,,,,,,,,,,,,,,,,,,,
https://www.homeintunisia.com/fr/propri%C3%A9t%C3%A9/84674720,Location Estivale d'un Coquet Appartement S1 à Chatt Mariem,Tantana,À partir de 270 TND / Jour,Appartement,84674720,2 pièces,50 m²,50 m²,Central,Gaz,Collectif,Chaudière,Individuelle,Tout à l'égout,Bon état,1er,,Dégagée,,,,,,,1.0,1.0,,35.91557,10.575,,,1.0,,,1.0,,1.0,,1.0,,,,,,,,,1.0,,,1.0,,,1.0,,1.0,1.0,,,,,,,,1.0,1.0,,,,,,,,,,1.0,,,,,,,,,,1.0,1.0,,,,,,,,,,,,,,,1.0,,,,,,1.0,,,,,,,,,,,,,,,,,,,,,,,,,,,,,,,,,
https://www.homeintunisia.com/fr/propri%C3%A9t%C3%A9/84624053,Location Saisonnière 🌞🌈☔:S+2 à Route Touristique Kantaoui,El Kantaoui,À partir de 220 TND / Jour,Appartement,84624053,3 pièces,90 m²,90 m²,Climatisation,,Mixte,Chaudière,Individuelle,Tout à l'égout,Bon état,1er étage / 2,,Dégagée,,,,,,,1.0,,,35.89331,10.59469,,,,,1.0,1.0,,,,,,,,,,,,1.0,,,,,,,1.0,1.0,,,,,,1.0,,,1.0,,,1.0,,,,,,,,,,,,,,,,,,,,,,,,,,,,,,,,,,,,,,,,,,,,,,,,,,,,,,,,,,,,,,,,,,,,,,,,,,
https://www.homeintunisia.com/fr/propri%C3%A9t%C3%A9/84616329,location saisonnière S+1 à Folla Monastir,Zone Skanes,À partir de 380 TND / Jour,Appartement,84616329,2 pièces,80 m²,,"Climatisation, Central",Gaz,Individuel,Chaudière,Individuelle,Tout à l'égout,,2ème étage / 4,,Panoramique Piscine,,,,,,1.0,1.0,,,35.7612,10.7405,,,1.0,,1.0,1.0,,1.0,,1.0,,,1.0,,1.0,,,,1.0,1.0,1.0,1.0,,,1.0,1.0,,,,1.0,1.0,,1.0,,,1.0,1.0,1.0,,,,,,,,,,,,,,,,,,,,,1.0,1.0,,,,,,,,,,,,,,,,,,,1.0,1.0,,,,,,,,,,,,,,,,,,,,,,,,,,,,,,,,
https://www.homeintunisia.com/fr/propri%C3%A9t%C3%A9/84605026,À louer : Loft meublé et spacieux à  – Parfait pour vos vacances,La Marsa,À partir de 160 TND / Jour,Appartement,84605026,1 pièce,,,Central,,Individuel,,Individuelle,Tout à l'égout,Bon état,1er,,Dégagée,,,,,,,,,,36.88912,10.32227,,,,,,,,1.0,,,,,,,,,,1.0,,,,1.0,,,1.0,1.0,1.0,,,,,,1.0,,,,1.0,,,,,,,,,,,,,,,,,,,,,,,,,,,,,,,,,,,,,,,,,,,,,,,,,,,,,,,,,,,,,,,,,,,,,,,,,,,
https://www.homeintunisia.com/fr/propri%C3%A9t%C3%A9/84589756,location annuelle s+3 a,Tantana,À partir de 900 TND / Mois,Appartement,84589756,4 pièces,100 m²,,"Radiateur, Climatisation",,Collectif,,Individuelle,Tout à l'égout,,3ème,,Dégagée Ciel,,,,,,1.0,1.0,,,35.92118,10.5777,,,1.0,,,,,1.0,,1.0,,,1.0,,,,,,,1.0,,1.0,,,1.0,1.0,,,,,1.0,,1.0,,1.0,1.0,,,,,,,,,,,,,,,,,,,,,,,,,,,,,,,,,,,,,,,,,,,,,,,,,,,,,,,,,,,,,,,,,,,,,,,,,,,,
https://www.homeintunisia.com/fr/propri%C3%A9t%C3%A9/84585770,location saisonnière des S+3 à,Tantana,À partir de 180 TND / Jour,Appartement,84585770,4 pièces,80 m²,,Climatisation,,Collectif,,Individuelle,Tout à l'égout,Bon état,,,Dégagée Mer Ciel,,,,,,,1.0,,,35.94312,10.52022,,,1.0,,,,,1.0,,1.0,,,,,,,,,,,,,,,1.0,1.0,,,,,,,,1.0,1.0,,,1.0,,,,,,,,,,,,,,,,,,,,,,,,,,,,,,,,,,,,,,,,,,,,,,,,,,,,,,,,,,,,,,,,,,,,,,,,,,
https://www.homeintunisia.com/fr/propri%C3%A9t%C3%A9/84579814,Location saisonnière S+1 Folla Chott Meriem,Chatt Meriem,À partir de 300 TND / Jour,Appartement,84579814,2 pièces,70 m²,,Central,,Collectif,Chaudière,Individuelle,Station d'épuration,Excellent état,2ème étage / 3,,Dégagée Mer Ciel,,,,,,,,,,35.94297,10.53849,,,,,,,,,,,,,,,,,,,,,,,,,,,,,,,,,,,,,,,,,,,,,,,,,,,,,,,,,,,,,,,,,,,,,,,,,,,,,,,,,,,,,,,,,,,,,,,,,,,,,,,,,,,,,,,,
https://www.homeintunisia.com/fr/propri%C3%A9t%C3%A9/84564295,location saisonnière s+1 à Chott Meriem En Exclusivité,Chatt Meriem,À partir de 250 TND / Jour,Appartement,84564295,2 pièces,80 m²,,Climatisation,,Collectif,,Individuelle,Tout à l'égout,Neuf,2ème étage / 4,,Panoramique Mer,,,,,,1.0,,,,35.87808,10.57073,,,1.0,,1.0,,1.0,1.0,,1.0,,,,,,,,,,1.0,1.0,1.0,,,1.0,1.0,1.0,,,,,,,,,1.0,1.0,1.0,,,,,,,,,,,,,,,,,,,,,,1.0,,,,,,,,,,,,,,,,,,,1.0,1.0,,,,,,,,,,,,,,,,,,,,,,,,,,,,,,,,
https://www.homeintunisia.com/fr/propri%C3%A9t%C3%A9/84546550,Location saisonnière : Studio à Folla Aqua Resort,Chatt Meriem,À partir de 215 TND / Jour,Appartement,84546550,1 pièce,,,Climatisation,,Individuel,Chaudière,Individuelle,,Excellent état,4ème,Nord-ouest,Panoramique Mer Ciel,,,,,,,,1.0,,35.9464,10.55137,,,1.0,,,,,1.0,,1.0,,,,,,,,,,1.0,,,,,1.0,1.0,,1.0,1.0,,,,,1.0,1.0,,,,,,,,,,,,,,,,,,,,,,,,,,,,,,,,,,,,,,,,,,,,,,,,1.0,,,,,,,,,,,,,,,,,,,,,,,,,,,,,
https://www.homeintunisia.com/fr/propri%C3%A9t%C3%A9/84546547,location saisonnière S+1 à Folla Palm Lake,Monastir,À partir de 350 TND / Jour,Appartement,84546547,2 pièces,80 m²,,"Radiateur, Climatisation",,Collectif,Chaudière,Individuelle,Tout à l'égout,Bon état,4ème étage / 4,,Dégagée,,,,,,1.0,,,,35.76115,10.80903,,,1.0,,1.0,1.0,,1.0,,1.0,,,,,1.0,,,,1.0,1.0,,1.0,,,1.0,1.0,1.0,,,,1.0,,,,1.0,1.0,,1.0,,,,,,,,,,,,,,,,,,,1.0,1.0,1.0,1.0,,,,,,,,,,,,,,,,,,,1.0,1.0,,,,,,,,,,,,,,,,,,,,,,,,,,,,,,,,
https://www.homeintunisia.com/fr/propri%C3%A9t%C3%A9/84546069,location saisonnière S+1 palm lake,Monastir,À partir de 340 TND / Jour,Appartement,84546069,2 pièces,80 m²,,"Radiateur, Climatisation",,Collectif,,Individuelle,Tout à l'égout,Excellent état,Rez-de-chaussée / 4 étages,,Dégagée,,,,,,1.0,1.0,,,35.76418,10.8083,,,1.0,,1.0,,,1.0,,1.0,,,,,1.0,,,,1.0,1.0,1.0,1.0,1.0,,1.0,1.0,,,,1.0,1.0,,1.0,,,1.0,1.0,,,,,,,,,,,,,,,,,,,,,,1.0,1.0,,,,,,,,,,,,,,,,,,,1.0,1.0,,,,,,,,,,,,,,,,,,,,,,,,,,,,,,,,
https://www.homeintunisia.com/fr/propri%C3%A9t%C3%A9/84545662,Location saisonnière S+2 à Folla Palm Lake,Monastir,À partir de 450 TND / Jour,Appartement,84545662,3 pièces,100 m²,,"Radiateur, Climatisation",,Collectif,,Individuelle,Tout à l'égout,Excellent état,2ème étage / 4,,Dégagée,,,,,,1.0,,,,35.76564,10.81617,,,1.0,,1.0,1.0,,1.0,,1.0,,,,,1.0,,,,1.0,1.0,,1.0,,,1.0,1.0,1.0,,1.0,,1.0,,1.0,,1.0,,1.0,1.0,,,,,,,,,,1.0,,,,,,,,,1.0,,1.0,1.0,,,,,,,,,,,,,,,,,,,1.0,1.0,,,,,,,,,,,,,,,,,,,,,,,,,,,,,,,,
https://www.homeintunisia.com/fr/propri%C3%A9t%C3%A9/84544601,Coquette appartement sur,Hergla,À partir de 250 TND / Jour,Appartement,84544601,3 pièces,89 m²,89 m²,Au sol,,Individuel,Chauffe-eau,Individuelle,,Bon état,1er étage / 3,,Dégagée Mer Ciel,,,,,,,1.0,,,35.836,10.62862,,,,,1.0,1.0,,1.0,,,,,,,,,,,,,,,,,1.0,1.0,,,,,,,1.0,,1.0,1.0,1.0,1.0,,,,,,,,,,,,,,,,,,,,,,,,,,,,,,,,,,,,,,,,,,,,,,,,,,,,,,,,,,,,,,,,,,,,,,,,,,
https://www.homeintunisia.com/fr/propri%C3%A9t%C3%A9/84492483,location saisonnière des appartements à sfaya,Sousse,À partir de 150 TND / Jour,Appartement,84492483,3 pièces,80 m²,,Climatisation,,Individuel,,Individuelle,Tout à l'égout,Bon état,1er étage / 2,,Dégagée Ciel Cour,,,,,,1.0,1.0,,,35.8245,10.63458,,,1.0,,1.0,,,1.0,,1.0,,,,,,,,,,,,,,,1.0,1.0,,,,,,,,,,1.0,1.0,1.0,,,,,,,,,,,,,,,,,,,,,,,,,,,,,,,,,,,,,,,,,,,,,,,,,,,,,,,,,,,,,,,,,,,,,,,,,,
https://www.homeintunisia.com/fr/propri%C3%A9t%C3%A9/84492226,location maisonnette à  Panorama,Sousse,À partir de 90 TND / Jour,Appartement,84492226,2 pièces,40 m²,,"Radiateur, Climatisation",,,,Individuelle,Tout à l'égout,Bon état,Rez-de-chaussée,,Dégagée,,,,,,,,,,35.82697,10.63228,,,1.0,,,,,1.0,,,,,,,,,,,,,,,,,1.0,1.0,,,,,,,,,1.0,1.0,,1.0,,,,,,,,,,,,,,,,,,,,,,,,,,,,,,,,,,,,,,,,,,,,,,,,,,,,,,,,,,,,,,,,,,,,,,,,,,
https://www.homeintunisia.com/fr/propri%C3%A9t%C3%A9/84468436,location S+2 à Folla Palm lake Monastir,Zone Skanes,À partir de 450 TND / Jour,Appartement,84468436,3 pièces,100 m²,,Central,Gaz,Individuel,Chaudière,Individuelle,Tout à l'égout,Excellent état,2ème étage / 4,,,,,,,,,1.0,,,35.7612,10.7405,,,1.0,,,1.0,,1.0,,1.0,,,1.0,,1.0,,,,1.0,1.0,,1.0,1.0,,1.0,1.0,,,,,1.0,1.0,1.0,,,1.0,1.0,1.0,,,,,,,,,,,,,,,,,,,,,1.0,1.0,,,,,,,,,,,,,,,,,,,,1.0,,,,,,,,,,,,,,,,,,,,,,,,,,,,,,,,
https://www.homeintunisia.com/fr/propri%C3%A9t%C3%A9/84462610,location Saisonnière S+1 Palm Lake Monastir,Zone Skanes,À partir de 370 TND / Jour,Appartement,84462610,2 pièces,60 m²,,"Radiateur, Climatisation",Gaz,Individuel,Chaudière,Individuelle,,Excellent état,4ème étage / 4,,Panoramique Piscine,,,,,,1.0,1.0,,,35.7612,10.7405,,,1.0,,,,,1.0,,1.0,,,,,1.0,,,,1.0,1.0,,1.0,1.0,,1.0,1.0,,,,,1.0,,1.0,1.0,,1.0,1.0,1.0,,,,,,,,,,,,,1.0,,,,,,1.0,1.0,1.0,1.0,,,,,,,,,,,,,,,,,,,1.0,1.0,,,,,,,,,,,,,,,,,,,,,,,,,,,,,,,,
https://www.homeintunisia.com/fr/propri%C3%A9t%C3%A9/84462409,location saisonnière S+1 Folla Palm Lake,Zone Skanes,À partir de 350 TND / Jour,Appartement,84462409,2 pièces,60 m²,,"Radiateur, Central",Gaz,Individuel,Chaudière,Individuelle,Tout à l'égout,Bon état,1er étage / 4,,Dégagée Jardin,,,,,,,1.0,,,35.7612,10.7405,,,1.0,,1.0,1.0,,1.0,,1.0,,,,1.0,1.0,,,,1.0,1.0,1.0,1.0,,,1.0,1.0,,,,,1.0,,1.0,,1.0,1.0,1.0,1.0,,,,,,,,,,,,,,,,,,,1.0,,1.0,1.0,,,,,,,,,,,,,,,,,,,1.0,1.0,,,,,,,,,,,,,,,,,,,,,,,,,,,,,,,,
https://www.homeintunisia.com/fr/propri%C3%A9t%C3%A9/84462375,Location saisonnière appartement S+1 à Kantaoui,Hammam Sousse,À partir de 190 TND / Jour,Appartement,84462375,2 pièces,,,,,,Chaudière,Individuelle,,Bon état,1er,,Dégagée,,,,,,1.0,,,,35.8864,10.59151,,,1.0,,,1.0,1.0,1.0,,1.0,,,,,,,,1.0,,,,,,,,,1.0,,,,,,,,,,,,,,,,,,,,,,,,,,,,,,,,,,,,,,,,,,,,,,,,,,,,,,,,,,,,,,,,,,,,,,,,,,,,,,,,,,,,,
https://www.homeintunisia.com/fr/propri%C3%A9t%C3%A9/84422030,location saisonnière S+1 à chatt Meriem,Chatt Meriem,À partir de 1 900 TND / Semaine,Appartement,84422030,2 pièces,80 m²,,Climatisation,,Mixte,Chaudière,Individuelle,Tout à l'égout,Bon état,2ème étage / 4,,Dégagée,,,,,,,1.0,,,35.94207,10.5398,,,1.0,,,1.0,,1.0,,1.0,,,1.0,,1.0,,,,1.0,1.0,,1.0,1.0,,1.0,1.0,,,,,1.0,,1.0,1.0,1.0,1.0,1.0,1.0,,,,,,,,,,,,,,,,,,,1.0,,1.0,1.0,,,,,,,,,,,,,,,,,,,,1.0,,,,,,,,1.0,,,,,,,,,,,,,,,,,,,,,,,,
https://www.homeintunisia.com/fr/propri%C3%A9t%C3%A9/84421834,location saisonnière studio à Folla chatt Meriem,Chatt Meriem,À partir de 250 TND / Jour,Appartement,84421834,1 pièce,35 m²,,Climatisation,,Mixte,Chaudière,Individuelle,Tout à l'égout,Bon état,2ème étage / 4,,Dégagée,,,,,,,1.0,,,35.94481,10.54393,,,1.0,,1.0,,,1.0,,1.0,,,1.0,,1.0,,,,1.0,1.0,,1.0,,,1.0,1.0,,,,,1.0,,1.0,,,1.0,1.0,1.0,,,,,,,,,,,,,,,,,,,1.0,,1.0,1.0,,,,,,,,,,,,,,,,,,,1.0,1.0,,,,,,,,1.0,,,,,,,,,,,,,,,,,,,,,,,,
https://www.homeintunisia.com/fr/propri%C3%A9t%C3%A9/84390431,location Saisonnière S+2 chott meriem,Chatt Meriem,À partir de 300 TND / Jour,Appartement,84390431,3 pièces,150 m²,,"Radiateur, Climatisation",,,Chaudière,Individuelle,Tout à l'égout,Bon état,1er étage / 1,,Panoramique Mer Verdure,,,,,,1.0,1.0,,,35.87562,10.56858,,,1.0,,,,,1.0,,,,,1.0,,1.0,,,,,,,1.0,1.0,,,1.0,1.0,,,,,,,,1.0,1.0,1.0,1.0,,,,,,,,,,,,,,,,,,,,,,,,,,,,,,,,,,,,,,,,,,,,,,,,,,,,,,,,,,,,,,,,,,,,,,,,,,
https://www.homeintunisia.com/fr/propri%C3%A9t%C3%A9/84320374,A louer un s+2 meublé à kantaoui,El Kantaoui,À partir de 120 TND / Jour,Appartement,84320374,3 pièces,,,Central,,,,Individuelle,Tout à l'égout,Bon état,Rez-de-chaussée,,Dégagée,,,,,,1.0,,,,35.89419,10.59822,,,,,,,,1.0,,1.0,,,,,,,,,,,,1.0,,,1.0,1.0,,,,,,,,,,,1.0,,,,,,,,,,,,,,,,,,,,,,,,,,,,,,,,,,,,,,,,,,,,,,,,,,,,,,,,,,,,,,,,,,,,,,,,,,,
https://www.homeintunisia.com/fr/propri%C3%A9t%C3%A9/84304017,un studio S0 meublé à kantaoui marina pour location estivale,El Kantaoui,À partir de 170 TND / Jour,Appartement,84304017,1 pièce,,,,,Individuel,,Individuelle,Tout à l'égout,Bon état,,,Dégagée,,,,,,,,,,35.89419,10.59822,,,,,,,,1.0,,,,,,,,,,,,,1.0,,,,1.0,1.0,,,,,,,,,,,1.0,,,,,,,,,,,,,,,,,,,,,,,,,,,,,,,,,,,,,,,,,,,,,,,,,,,,,,,,,,,,,,,,,,,,,,,,,,,
https://www.homeintunisia.com/fr/propri%C3%A9t%C3%A9/84303962,A louer pour courte durée un S+1 meublé à kantaoui marina,El Kantaoui,À partir de 180 TND / Jour,Appartement,84303962,2 pièces,,,,,Individuel,,Individuelle,,Bon état,,,Dégagée,,,,,,,,,,35.89419,10.59822,,,,,,,,1.0,,,,,,,,,,,,,,,,,1.0,1.0,,,,,,,,,,,1.0,,,,,,,,,,,,,,,,,,,,,,,,,,,,,,,,,,,,,,,,,,,,,,,,,,,,,,,,,,,,,,,,,,,,,,,,,,,
https://www.homeintunisia.com/fr/propri%C3%A9t%C3%A9/84283636,A louer un S+2 meublé à khezema,Sousse Khezama,À partir de 180 TND / Jour,Appartement,84283636,3 pièces,,,Central,Gaz,Individuel,Chaudière,Individuelle,Tout à l'égout,Bon état,,,Dégagée,,,,,,,,,,35.84349,10.63113,,,,,,,,1.0,,1.0,,,,,,,,,1.0,1.0,,1.0,1.0,,1.0,1.0,1.0,1.0,,,,,,,,,1.0,,,,,,,1.0,,,,,,,,,,,,,,,,,,,,,,,,,,,,,1.0,,,,,,1.0,,,,,,,,,,,,,,,,,,,,,,,,,,,,,,,,,
https://www.homeintunisia.com/fr/propri%C3%A9t%C3%A9/84283593,A louer un S+1 meublé équipé à khezema,Sousse Khezama,À partir de 160 TND / Jour,Appartement,84283593,2 pièces,,,Central,Gaz,Individuel,Chaudière,Individuelle,,Bon état,,,Dégagée,,,,,,,1.0,,,35.83943,10.62597,,,,,,,,1.0,,1.0,,,,,,,,,1.0,,,1.0,1.0,,1.0,1.0,1.0,1.0,,,,,,,,,,,,,,,,1.0,,,,,,,,,,,,,,,,,,,,,,,,,,,,,1.0,,,,,,1.0,,,,,,,,,,,,,,,,,,,,,,,,,,,,,,,,,
https://www.homeintunisia.com/fr/propri%C3%A9t%C3%A9/84283555,A louer un S+1 meublé à zone touristique,Sousse Khezama,À partir de 160 TND / Jour,Appartement,84283555,2 pièces,,,Central,,Collectif,,Individuelle,Tout à l'égout,Bon état,,,Dégagée,,,,,,,1.0,,,35.80635,10.61376,,,,,,,,1.0,,1.0,,,,,,,,,1.0,,,1.0,1.0,,1.0,1.0,1.0,,,,,,,,,1.0,,,,,,,,1.0,,,1.0,,,,,,,,,,,,,,,,,,,,,,,,,,1.0,,,,,,1.0,,,,,,,,,,,,,,,,,,,,,,,,,,,,,,,,,
https://www.homeintunisia.com/fr/propri%C3%A9t%C3%A9/84271724,location saisonnière S+1 à Port Kantaoui,El Kantaoui,À partir de 230 TND / Jour,Appartement,84271724,2 pièces,50 m²,,Climatisation,Eau chaude,Mixte,Chauffe-eau,Individuelle,Tout à l'égout,Bon état,2ème étage / 2,,Panoramique Jardin,,,,,,1.0,1.0,1.0,,35.88943,10.59584,,,1.0,,1.0,,,1.0,,1.0,,,,,,,,,,,1.0,1.0,,,1.0,1.0,,,,,1.0,1.0,1.0,,1.0,,,1.0,,,,,,,,,,,,,,,,,,,,,1.0,,,,,,,,,,,,,,,,,,,,,,,,,,,,,,,,,,,,,,,,,,,,,,,,,,,,,
https://www.homeintunisia.com/fr/propri%C3%A9t%C3%A9/84259039,Location saisonnière s+2 à,Hammam Sousse,À partir de 220 TND / Jour,Appartement,84259039,3 pièces,100 m²,,"Radiateur, Climatisation",,Collectif,Chaudière,Individuelle,Tout à l'égout,Bon état,4ème étage / 4,,Dégagée Verdure Ciel,,,,,,1.0,,,,35.88307,10.59024,,,1.0,,1.0,1.0,,1.0,,1.0,,,,,1.0,,,,,,,1.0,1.0,,1.0,1.0,,,,,,1.0,,,1.0,1.0,,1.0,,,,,1.0,,,,,,,,,,,,,,,1.0,,,,,,,,,,,,,,,,,,,,,,,,,,,,,,,,,,,,,,,,,,,,,,,,,,,,,,
https://www.homeintunisia.com/fr/propri%C3%A9t%C3%A9/84255477,Location saisonnière S+1 à,Tantana,À partir de 240 TND / Jour,Appartement,84255477,2 pièces,45 m²,,Climatisation,Electrique,Individuel,Chaudière,Individuelle,Tout à l'égout,Bon état,Rez-de-chaussée / 1 étage,,Panoramique Piscine,,,,,,,1.0,1.0,,35.92576,10.56789,,,1.0,,1.0,1.0,,1.0,,,,,,,1.0,,,,,,,,,,1.0,1.0,1.0,,1.0,,,,1.0,,1.0,1.0,1.0,1.0,,,,,,,,,,,,,,,,,,,,1.0,,,,,,,,,,,,,,,1.0,,,,,,,,,,,,,,,,,,,,,,,,,,,,,,,,,,,,,,,
https://www.homeintunisia.com/fr/propri%C3%A9t%C3%A9/84197866,location Studio à Kantaoui,El Kantaoui,À partir de 1 200 TND / Mois,Appartement,84197866,1 pièce,40 m²,40 m²,"Climatisation, Central",Electrique,Collectif,Chaudière,Individuelle,Tout à l'égout,Neuf,2ème,"Nord-est, Nord-ouest",Dégagée Jardin Ciel,,,,,,1.0,1.0,,,35.88915,10.58729,,1.0,1.0,,1.0,,1.0,1.0,,1.0,,,1.0,,1.0,,,1.0,,1.0,,,,,,,1.0,,,,,,1.0,,,,,,,,,,,1.0,,,,,,,,,,,,,,1.0,,,,,,,,,,,,,,,1.0,1.0,,,,,,,,,,,,,,,,,,,,,,,,,,,,,,,,,,,,,,
https://www.homeintunisia.com/fr/propri%C3%A9t%C3%A9/84167558,Appartement de standing,Monastir,À partir de 315 TND / Jour,Appartement,84167558,1 pièce,80 m²,100 m²,Radiateur,Gaz,Collectif,Chaudière,Individuelle,Tout à l'égout,Neuf,4ème étage / 4,Nord-est,Dégagée Mer Ciel,,,,,,1.0,1.0,1.0,,35.76242,10.80677,,,1.0,,1.0,1.0,1.0,1.0,,,,,,,1.0,,,,1.0,,1.0,1.0,1.0,,1.0,1.0,1.0,,,,,,,1.0,1.0,1.0,1.0,1.0,,,,,,,,,1.0,1.0,,,,,,,,,,1.0,1.0,1.0,,,,,,,,,,,,,,,,,,,1.0,,,,,,,,,,,,,,,,,,,,,,,,,,,,1,,,,,
https://www.homeintunisia.com/fr/propri%C3%A9t%C3%A9/84109859,S+2 Pieds dans l'eau tantana,Tantana,À partir de 180 TND / Jour,Appartement,84109859,3 pièces,,70 m²,Climatisation,Electrique,Individuel,Chaudière,Individuelle,Tout à l'égout,Bon état,2ème,Est,Panoramique Mer Ciel,,,,,,1.0,1.0,,,35.92584,10.56615,,,1.0,,,1.0,1.0,1.0,,,,,,,,,,,,,,1.0,,,1.0,1.0,,,,,,,,,,1.0,1.0,1.0,,,,,,,,,,,,,,,,,,,,1.0,,,,,,,,,,,,,,,1.0,,,,,,,,,,,,,,,,,,,,,,,,,,,,,,,,,,,,,,,
https://www.homeintunisia.com/fr/propri%C3%A9t%C3%A9/84109710,S+2 meublé à louer année scolaire,Tantana,À partir de 1 000 TND / Mois,Appartement,84109710,3 pièces,,70 m²,Climatisation,Electrique,Individuel,Chaudière,Individuelle,Tout à l'égout,Bon état,2ème,Est,Panoramique Mer Ciel,,,,,,1.0,1.0,1.0,,35.92065,10.57258,,,1.0,,,1.0,,1.0,,,,,,1.0,,,,1.0,,,1.0,1.0,1.0,,1.0,1.0,,,1.0,,,,,,,1.0,1.0,1.0,,,,,,,,,,,,,,,,,,,,1.0,,,,,,,,,,,,,,,1.0,,,,,,,,,,,,,,,,,,,,,,,,,,,,,,,,,,,,,,,
https://www.homeintunisia.com/fr/propri%C3%A9t%C3%A9/84096263,Location saisonnière S+2 à  pieds dans l'eau,Tantana,À partir de 190 TND / Jour,Appartement,84096263,3 pièces,80 m²,,Climatisation,,Individuel,Chaudière,Individuelle,Tout à l'égout,Bon état,1er,,Dégagée,,,,,,1.0,1.0,,,35.94312,10.52022,,,1.0,,1.0,,,1.0,,1.0,,,,,,,,,,,1.0,1.0,,,1.0,1.0,,,,,,,,,1.0,,,1.0,,,,,,,,,,,,,,,,,,,,,,,,,,,,,,,,,,,,,,,,,,,,,,,,,,,,,,,,,,,,,,,,,,,,,,,,,,
https://www.homeintunisia.com/fr/propri%C3%A9t%C3%A9/83922543,"Location Saisonnière S+1 avec Piscine Privée à Palm Lake, Monastir",Zone Skanes,À partir de 530 TND / Jour,Appartement,83922543,2 pièces,80 m²,,"Radiateur, Climatisation",Electrique,Individuel,Chaudière,Individuelle,Tout à l'égout,Excellent état,Rez-de-chaussée,,Panoramique,,,,,,,1.0,,,35.7612,10.7405,,,1.0,,1.0,,,1.0,,1.0,,,,1.0,1.0,,,,1.0,1.0,,,,,1.0,1.0,1.0,,,,1.0,,1.0,1.0,,1.0,1.0,1.0,,,,,,,,,,,,,,,,,,,,,1.0,1.0,,,,,,,,,,,,,,,,,,,1.0,1.0,,,,,,,,,,,,,,,,,,,,,,,,,,,,,,,,
https://www.homeintunisia.com/fr/propri%C3%A9t%C3%A9/83887303,S+2 zone touristique par nuité,Hammam Sousse,À partir de 230 TND / Jour,Appartement,83887303,3 pièces,60 m²,,Climatisation,Electrique,Individuel,Chaudière,Individuelle,Tout à l'égout,Bon état,Rez-de-chaussée,Est,Vis-à-vis Mer,,,,,,,1.0,,,35.88607,10.59559,,,1.0,,,1.0,1.0,1.0,,1.0,,,,,1.0,,,,,,,,1.0,,1.0,1.0,,,,,,,,,,1.0,1.0,1.0,,,,,,,,,,,,,,,,,,,,1.0,,,,,,,,,,,,,,,1.0,,,,,,,,,1.0,,,,,,,,,,,,,,,,,,,,,,,,,,,,,,
https://www.homeintunisia.com/fr/propri%C3%A9t%C3%A9/83883639,Location saisonnière – Appartement S+1 meublé avec parking à,Tantana,À partir de 220 TND / Jour,Appartement,83883639,2 pièces,45 m²,55 m²,"Radiateur, Climatisation, Central",Electrique,Collectif,Chaudière,Individuelle,Tout à l'égout,Excellent état,5ème,"Nord-est, Nord-ouest",Panoramique Mer Campagne,,,,,,1.0,1.0,,1.0,35.87344,10.57493,,1.0,1.0,,1.0,1.0,1.0,1.0,,1.0,,,1.0,1.0,1.0,,,1.0,1.0,1.0,1.0,1.0,1.0,,1.0,1.0,,1.0,1.0,,1.0,,,1.0,1.0,,1.0,,,,,,,1.0,,,,,,,,,,,,,1.0,1.0,1.0,1.0,,1.0,,,,,,,,,,,1.0,1.0,,,,,1.0,,,,,,,,,,,,,,,,,,,,,,,,,,,,,,,,,
https://www.homeintunisia.com/fr/propri%C3%A9t%C3%A9/83863799,location saisonnière S+3 à khezama Est,Sousse Khezama,À partir de 250 TND / Jour,Appartement,83863799,4 pièces,80 m²,,"Radiateur, Climatisation",,Individuel,Chaudière,Individuelle,Tout à l'égout,Excellent état,Rez-de-chaussée,,Dégagée,,,,,,,1.0,,,35.84306,10.61424,,,1.0,,1.0,,,1.0,,1.0,,,1.0,,,,,1.0,,1.0,1.0,1.0,1.0,,1.0,1.0,,,,,1.0,1.0,1.0,,1.0,1.0,,1.0,,,,,,,,,,,,,,,,,,,,,,,,,,,,,,,,,,,,,,,,,,,,,,,,,,,,,,,,,,,,,,,,,,,,,,,,,,
https://www.homeintunisia.com/fr/propri%C3%A9t%C3%A9/83830952,Location saisonnière – Appartement meublé S+2 à la Corniche de Sousse,Sousse Corniche,Prix sur demande,Appartement,83830952,3 pièces,80 m²,,,,Collectif,,Individuelle,Tout à l'égout,Bon état,2ème,,Dégagée,,,,,,,,,,35.83902,10.63287,,,,,,,,,,,,,,,,,,,,,,1.0,1.0,,1.0,1.0,,,,,,,,,,1.0,1.0,,,,,,,,,,1.0,,,,,,,,,,,,,,,,,,,,,,,,,,,,,,,,,,,,,,,,,,,,,,,,,,,,,,,,,,,,,,,,,
https://www.homeintunisia.com/fr/propri%C3%A9t%C3%A9/83710589,A louer un appartement S+2 pour la location estivale à hergla,Hergla,Prix sur demande,Appartement,83710589,3 pièces,90 m²,,Central,,Collectif,,Collective,Tout à l'égout,Bon état,2ème,,Dégagée,,,,,,1.0,,,,36.03042,10.507,,,,,,,,1.0,,,,,,,1.0,,,,,,,1.0,,,1.0,1.0,,,,,,,,,1.0,,,,,,,,,,,,,,,,,,,,,,,1.0,,,1.0,,,,,,,,,,,,,,,,,,,,,,,,,,,,,,,,,,,,,,,,,,,,,,,,,,,
https://www.homeintunisia.com/fr/propri%C3%A9t%C3%A9/83539985,Location saisonnière résidence la Douce,Tantana,À partir de 330 TND / Jour,Appartement,83539985,2 pièces,50 m²,,Climatisation,Electrique,Individuel,Chaudière,Individuelle,Tout à l'égout,Bon état,Rez-de-chaussée,,Dégagée,,,,,,1.0,1.0,1.0,,35.91967,10.56645,,,1.0,,1.0,1.0,,1.0,,1.0,,,,1.0,,,,,,,,1.0,,,1.0,1.0,1.0,,,,1.0,,,,1.0,1.0,,1.0,,,,,,,,,,,,,,,,,,,,1.0,1.0,1.0,,,,,,,,,,,,,,,,,,,,1.0,,,,,,,,,,,,,,,,,,,,,,,,,,,,,,,,
https://www.homeintunisia.com/fr/propri%C3%A9t%C3%A9/83491676,Appartement S+2 meublé à louer à Kantaoui,El Kantaoui,À partir de 160 TND / Jour,Appartement,83491676,3 pièces,,,"Climatisation, Central",Eau chaude,Individuel,Chauffe-eau,Individuelle,,Bon état,4ème,Nord-est,Panoramique Mer Ciel,,,,,,,,,,35.89419,10.59822,,,1.0,,,,,1.0,,,,,,,,,,,,,,,,1.0,1.0,1.0,,,,,,,,1.0,,1.0,,1.0,,,,,,,,,,,,,,,,,,,,,,,,,,,,1.0,,,,,,,,,,,,,,,,,,,,,,,,,,,,,,,,,,,,,,,,,,,,,,
https://www.homeintunisia.com/fr/propri%C3%A9t%C3%A9/83411527,Location saisonnière a,Sousse,À partir de 210 TND / Jour,Appartement,83411527,4 pièces,115 m²,125 m²,,,,,Individuelle,Tout à l'égout,Excellent état,1er,,Dégagée,,,,,,1.0,1.0,,,35.8245,10.63458,,1.0,1.0,,,1.0,1.0,1.0,,,,,1.0,,,,,1.0,1.0,,,,,,,,,,,,,,1.0,,,,,,,,,,,,,,,,,,,,,,,,,1.0,,,,,,,,,,,,,,,,,,,,,1.0,,,,,,,,,,,,,,,,,,,,,,,,,,,,,,,,,
https://www.homeintunisia.com/fr/propri%C3%A9t%C3%A9/83377126,Location saisonnière S+2 à Folla Acqua resort chott Meriem,Chatt Meriem,À partir de 460 TND / Jour,Appartement,83377126,3 pièces,100 m²,,Climatisation,,Collectif,Chaudière,Individuelle,Tout à l'égout,Bon état,2ème étage / 4,,Panoramique Mer Ciel,,,,,,1.0,1.0,1.0,,35.9497,10.54194,,,1.0,,1.0,1.0,,1.0,1.0,,,,,1.0,1.0,,,,1.0,1.0,1.0,1.0,1.0,,1.0,1.0,,,,1.0,1.0,,1.0,,,1.0,1.0,1.0,,,,,1.0,,,,,,,,,,,1.0,,,,1.0,1.0,1.0,,,,,,,,,,,,,,1.0,,,,,1.0,1.0,1.0,,,,,,,,,,,,,,,,,,,,,,,,,,,,,,,
https://www.homeintunisia.com/fr/propri%C3%A9t%C3%A9/83339782,location scolaire S+1 à folla chott Meriem,Chatt Meriem,À partir de 260 TND / Jour,Appartement,83339782,2 pièces,80 m²,,Climatisation,,Collectif,Chaudière,Individuelle,Tout à l'égout,Excellent état,3ème étage / 3,,Panoramique,,,,,,,1.0,1.0,,35.94956,10.5388,,,1.0,,1.0,1.0,1.0,1.0,,1.0,,,1.0,1.0,1.0,,,1.0,1.0,1.0,1.0,1.0,,,1.0,1.0,1.0,,,,1.0,,,,,1.0,1.0,1.0,,,,,,,,,,,,,,,,,,,1.0,,1.0,1.0,,,1.0,,,,,,,,,,,,,,,,1.0,1.0,,,,,,,,,,,,,,,,,,,,,,,,,,,,,,,,
https://www.homeintunisia.com/fr/propri%C3%A9t%C3%A9/83322457,Appartement S+2 Haut Standing,Monastir,À partir de 403 TND / Semaine,Appartement,83322457,3 pièces,123 m²,,"Radiateur, Climatisation, Central","Gaz, Electrique",Collectif,Chaudière,Individuelle,Tout à l'égout,Neuf,4ème,Sud-ouest,Dégagée Rue Golf,,,,,,1.0,1.0,,,35.76262,10.81579,,1.0,1.0,,1.0,,1.0,1.0,,,,1.0,,1.0,1.0,,,,1.0,,,,,,,,,1.0,,1.0,,,1.0,,,,,,,,,,,,,,,,,,,,1.0,1.0,,,1.0,1.0,1.0,1.0,,,,,,,,,,,,,1.0,,,,,,1.0,1.0,,1.0,,,,,,,,,,,,,1.0,,,1.0,,,,,,,,,,,,,,
https://www.homeintunisia.com/fr/propri%C3%A9t%C3%A9/83321977,location saisonnière S+1 à Tantana,Chatt Meriem,À partir de 220 TND / Jour,Appartement,83321977,2 pièces,45 m²,,Climatisation,Gaz,Collectif,,Individuelle,Tout à l'égout,Bon état,1er étage / 2,,Panoramique,,,,,,,1.0,1.0,,36.81403,10.18612,,,1.0,,1.0,,,1.0,,1.0,,,,,1.0,,,,1.0,1.0,1.0,,,,1.0,1.0,,,,,1.0,,,1.0,1.0,,1.0,1.0,,,,,,,,,,,,,,,,1.0,,,,1.0,1.0,1.0,,,,,,,,,,,,,1.0,,,,,,,1.0,,,,,,,,,,,,,,,,,,,,,,,,,,,,,,,,
https://www.homeintunisia.com/fr/propri%C3%A9t%C3%A9/83319608,S+1 vue mer,Chatt Meriem,À partir de 350 TND / Jour,Appartement,83319608,2 pièces,80 m²,,Climatisation,Eau chaude,Individuel,Chaudière,Individuelle,Fosse septique,Bon état,2ème étage / 4,,Dégagée,,,,,,,1.0,1.0,,35.87,10.57,,,1.0,,1.0,,1.0,1.0,,1.0,,,,,1.0,,,1.0,1.0,,,1.0,,,,,,,,,,,,,,,,,,,,,,,,,,,,,,,,,,,,1.0,,1.0,,,,,,,,,,,,,1.0,,,,,,1.0,,,,,,,,,,,,,,,,1.0,,,,1.0,,,,,,,,,,,,,
https://www.homeintunisia.com/fr/propri%C3%A9t%C3%A9/83294683,Location Saisonnière S+3 à Chatt Mariem – Spacieux Appartement dans Résidence Familiale,Chatt Meriem,À partir de 250 TND / Jour,Appartement,83294683,4 pièces,100 m²,,"Radiateur, Climatisation",,Collectif,,Individuelle,Tout à l'égout,Bon état,3ème étage / 3,,Dégagée,,,,,,1.0,1.0,,,35.87467,10.57181,,,1.0,,1.0,1.0,,1.0,,,,,,,,,,,,1.0,,1.0,1.0,,1.0,1.0,,,,,,1.0,1.0,,1.0,,,1.0,,,,,,,,,,,,,,,,,,,,,,,,,,,,,,,,,,,,,,,,,,,,,,,,,,,,,,,,,,,,,,,,,,,,,,,,,,
https://www.homeintunisia.com/fr/propri%C3%A9t%C3%A9/83294545,"Location Saisonnière : Appartement S+1 à Chatt Mariem, Côté Mer",Chatt Meriem,À partir de 160 TND / Jour,Appartement,83294545,2 pièces,50 m²,,"Radiateur, Climatisation",,Collectif,Chaudière,Individuelle,Tout à l'égout,Bon état,1er étage / 3,,Dégagée,,,,,,1.0,1.0,,,35.87467,10.57181,,,1.0,,,,,1.0,,,,,1.0,,,,,,,1.0,,,,,1.0,1.0,,,,,,,,,1.0,,1.0,1.0,,,,,,,,,,,,,,,,,,,,,,,,,,,,,,,,,,,,,,,,,,,,,,,,,,1.0,,,,,,,,,,,,,,,,,,,,,,,,
https://www.homeintunisia.com/fr/propri%C3%A9t%C3%A9/83294085,Location Saisonnière – Appartement S+2 à,Tantana,À partir de 190 TND / Jour,Appartement,83294085,3 pièces,60 m²,,"Radiateur, Climatisation",,,Chaudière,Individuelle,Tout à l'égout,Bon état,2ème étage / 3,,Dégagée,,,,,,1.0,,,,35.94312,10.52022,,,1.0,,1.0,,,1.0,,1.0,,,1.0,,,,,,,1.0,,1.0,,,1.0,1.0,,,,,,1.0,,,1.0,1.0,,1.0,,,,,,,,,,,,,,,,,,,,,,,,,,,,,,,,,,,,,,,,,,,,,,,,,,,,,,,,,,,,,,,,,,,,,,,,,,
https://www.homeintunisia.com/fr/propri%C3%A9t%C3%A9/83288525,Location Saisonnière – Appartements S+3 à,Tantana,À partir de 250 TND / Jour,Appartement,83288525,4 pièces,100 m²,,"Radiateur, Climatisation",,Collectif,,Individuelle,Tout à l'égout,,3ème étage / 4,,Dégagée,,,,,,1.0,,,,35.92118,10.5777,,,1.0,,,,,1.0,,1.0,,,1.0,,,,,,,1.0,,1.0,,,1.0,1.0,,,,,1.0,,1.0,,1.0,1.0,,1.0,,,,,,,,,,,,,,,,,,,,,,,,,,,,,,,,,,,,,,,,,,,,,,,,,,,,,,,,,,,,,,,,,,,,,,,,,,
https://www.homeintunisia.com/fr/propri%C3%A9t%C3%A9/83251622,Appartement de standing,Monastir,À partir de 330 TND / Jour,Appartement,83251622,3 pièces,112 m²,140 m²,Radiateur,Gaz,Collectif,Chaudière,Individuelle,Tout à l'égout,Neuf,1er étage / 4,Nord-est,Dégagée Mer Ciel,,,,,,1.0,1.0,1.0,,35.76242,10.80677,,,1.0,,1.0,1.0,1.0,1.0,,,,,,,1.0,,,,1.0,,1.0,1.0,1.0,,1.0,1.0,1.0,,,,,,,1.0,1.0,1.0,1.0,1.0,,,,,,,,,1.0,1.0,,,,,,,,,,1.0,1.0,1.0,,,,,,,,,,,,,,,,,,,1.0,,,,,,,,,,,,,,,,,,,,,,,,,,,,1,,,,,
https://www.homeintunisia.com/fr/propri%C3%A9t%C3%A9/83223014,location saisonnière S+2 à,Tantana,À partir de 300 TND / Jour,Appartement,83223014,3 pièces,100 m²,,Climatisation,Electrique,Individuel,Chaudière,Individuelle,Tout à l'égout,Bon état,2ème,,Dégagée,,,,,,,1.0,1.0,,35.92584,10.56824,,,1.0,,1.0,,,,,,,,,,1.0,,,,,,,1.0,,,1.0,1.0,,,,,1.0,1.0,,1.0,1.0,1.0,,1.0,,,,,,,,,,,,,,,,,,,,,1.0,,,,,,,,,,,,,,,,,,,,1.0,1.0,,,,,,,,,,,,,,,,,,,,,,,,,,,,,,,,
https://www.homeintunisia.com/fr/propri%C3%A9t%C3%A9/83199705,Location saisonnière Marina,Monastir,À partir de 160 TND / Jour,Appartement,83199705,1 pièce,,,,,,,,Station d'épuration,Bon état,Rez-de-chaussée,,Aperçu,,,,,,,1.0,,1.0,35.7786,10.82914,,,1.0,,,,,1.0,,,,,,,,,,,1.0,1.0,,1.0,,,1.0,1.0,,,,1.0,,,,1.0,1.0,,,,,,,,,,,,,,,,,,,,,,1.0,1.0,1.0,,,,,,,,,,,,,,,,,,,,,,,,,,,,,,,,,,,,,,,,,,,,,,,,,,,,,
https://www.homeintunisia.com/fr/propri%C3%A9t%C3%A9/83195682,location saisonnière S+1 à Folla Palm Lake,Monastir,À partir de 2 850 TND / Semaine,Appartement,83195682,3 pièces,70 m²,,"Radiateur, Climatisation",,Collectif,,Individuelle,Tout à l'égout,Bon état,2ème,,Panoramique,,,,,,1.0,1.0,1.0,,35.76697,10.81375,,,1.0,,1.0,,,1.0,,1.0,,,,1.0,1.0,,,,1.0,1.0,,,,,1.0,1.0,,,,,1.0,,,,,1.0,1.0,1.0,,,,,,,,,,,,,,,,,,,,,1.0,1.0,,,,,,,,,,,,,1.0,,,,,,1.0,,,,,,,,,,,,,,,,,,,,,,,,,,,,,,,,,
https://www.homeintunisia.com/fr/propri%C3%A9t%C3%A9/83195603,Location Saisonnière S+2 à Folla Palm Lake,Monastir,À partir de 470 TND / Jour,Appartement,83195603,3 pièces,70 m²,,"Radiateur, Climatisation",,Collectif,,Individuelle,Tout à l'égout,Bon état,2ème,,Panoramique Mer Ciel,,,,,,1.0,1.0,1.0,,35.76697,10.81375,,,1.0,,1.0,,,1.0,,1.0,,,,1.0,1.0,,,,1.0,1.0,,,,,1.0,1.0,,,,,1.0,,,,,1.0,1.0,1.0,,,,,,,,,,,,,,,,,,,,,1.0,1.0,,,,,,,,,,,,,1.0,,,,,,1.0,,,,,,,,,,,,,,,,,,,,,,,,,,,,,,,,,
https://www.homeintunisia.com/fr/propri%C3%A9t%C3%A9/83175884,Appartement de standing,Monastir,À partir de 315 TND / Jour,Appartement,83175884,1 pièce,80 m²,100 m²,Radiateur,Gaz,Collectif,Chaudière,Individuelle,Tout à l'égout,Neuf,4ème étage / 4,Nord-est,Dégagée Mer Ciel,,,,,,1.0,1.0,1.0,,35.76242,10.80677,,,1.0,,1.0,1.0,1.0,1.0,,,,,,,1.0,,,,1.0,,1.0,1.0,1.0,,1.0,1.0,1.0,,,,,,,1.0,1.0,1.0,1.0,1.0,,,,,,,,,1.0,1.0,,,,,,,,,,1.0,1.0,1.0,,,,,,,,,,,,,,,,,,,1.0,,,,,,,,,,,,,,,,,,,,,,,,,,,,1,,,,,
https://www.homeintunisia.com/fr/propri%C3%A9t%C3%A9/83168843,location saisonnière S+2 à Palm Lake,Monastir,À partir de 450 TND / Jour,Appartement,83168843,3 pièces,100 m²,,,,Collectif,,Collective,Tout à l'égout,Excellent état,,,Dégagée,,,,,,1.0,1.0,,,35.76123,10.80764,,,1.0,,1.0,1.0,,1.0,,1.0,,,,,1.0,,,,1.0,1.0,,,,,1.0,1.0,1.0,,,,,1.0,1.0,,,1.0,1.0,1.0,,,,,,,,,,,,,,,,,,,1.0,1.0,1.0,1.0,,,,,,,,,,,,,,,,,,,1.0,,,,,,,,,,,,,,,,,,,,,,,,,,,,,,,,,
https://www.homeintunisia.com/fr/propri%C3%A9t%C3%A9/83152211,Location saisonnière appartement meublé spacieux à khezema Est,Sousse Khezama,À partir de 190 TND / Jour,Appartement,83152211,3 pièces,80 m²,,"Radiateur, Climatisation",,Collectif,,Individuelle,,Bon état,2ème,,Dégagée,,,,,,,,,,35.84169,10.61121,,,1.0,,1.0,,,1.0,,,,,,,,,,,,,,1.0,,,1.0,1.0,,,,,,,1.0,,1.0,,,1.0,,,,,,,,,,,,,,,,,,,,,,,,,,,,,,,,,,,,,,,,,,,,,,,,,,,,,,,,,,,,,,,,,,,,,,,,,,
https://www.homeintunisia.com/fr/propri%C3%A9t%C3%A9/83146079,location saisonnière S+4 villa indépendante chott Meriem,Chatt Meriem,À partir de 2 500 TND / Semaine,Appartement,83146079,5 pièces,100 m²,,Climatisation,,Individuel,,Individuelle,Tout à l'égout,Bon état,Plain-pied,,Dégagée,,,,,,1.0,,,,35.91247,10.56806,,,1.0,,,,,,,,,,,,,,,,,,,1.0,,,,1.0,,,,,,,,1.0,,1.0,,1.0,,,,,,,,,,,,,,,,,,,,,,,,,,,,,,,,,,,,,,,,,,,,,,,,,,,,,,,,,,,,,,,,,,,,,,,,,,
https://www.homeintunisia.com/fr/propri%C3%A9t%C3%A9/83140477,location saisonnière S+1 à,Tantana,À partir de 280 TND / Jour,Appartement,83140477,2 pièces,45 m²,,Climatisation,,Collectif,Chaudière,Individuelle,Tout à l'égout,,2ème étage / 2,,Dégagée,,,,,,,1.0,,,35.92633,10.57144,,,1.0,,,1.0,,1.0,,1.0,,,1.0,1.0,1.0,,,,,,,1.0,1.0,,1.0,1.0,,,,,1.0,,,1.0,,,1.0,,,,,,,,,,,,,,,,,,,,,1.0,1.0,,,,,,,,,,,,,,,,,,,,,,,,,,,,,,,,,,,,,,,,,,,,,,,,,,,,,
https://www.homeintunisia.com/fr/propri%C3%A9t%C3%A9/83134353,location saisonnière S+1 folla acqua resort,Chatt Meriem,À partir de 1 900 TND / Semaine,Appartement,83134353,2 pièces,80 m²,,Central,,Collectif,Chaudière,Individuelle,,Bon état,,,Dégagée,,,,,,,1.0,1.0,,35.94748,10.54501,,,1.0,,1.0,1.0,,,,,,,,,1.0,,,,,,1.0,1.0,,,1.0,1.0,,,,,1.0,,,,,1.0,,1.0,,,,,,,,,,,,,,,,,,,,1.0,1.0,,,,,,,,,,,,,,,,,,,,,1.0,,,,,,,,1.0,,,,,,,,,,,,,,,,,,,,,,,,
https://www.homeintunisia.com/fr/propri%C3%A9t%C3%A9/83126104,Villa indépendante s+2 a louer a hergla,Sousse,À partir de 250 TND / Jour,Appartement,83126104,3 pièces,,220 m²,Climatisation,"Gaz, Eau chaude",Individuel,Chauffe-eau,Individuelle,,Excellent état,Rez-de-chaussée,Nord-est,Dégagée,,,,,,,1.0,,,35.8245,10.63458,,,1.0,,,1.0,1.0,1.0,,1.0,,1.0,1.0,,,,,1.0,,,,1.0,1.0,,1.0,1.0,,,,,,,,1.0,,1.0,,,,,,,,,,,,,,,,,,,,,,,,,1.0,,,,,,,,,,,,,,,,,,,,,,,1,,,,,,,,,,,,,,,,,,,,,,,,,,,,
https://www.homeintunisia.com/fr/propri%C3%A9t%C3%A9/83123334,location saisonnière S+2 à chatte meriem,Chatt Meriem,À partir de 280 TND / Jour,Appartement,83123334,3 pièces,102 m²,,,,Mixte,Chaudière,Individuelle,Tout à l'égout,Excellent état,2ème,,Dégagée,,,,,,,1.0,1.0,,36.82054,10.18961,,,1.0,,1.0,1.0,,1.0,,1.0,,,,,1.0,,,,,1.0,1.0,1.0,1.0,,1.0,1.0,,,,,,,,1.0,,1.0,,1.0,,,,,,,,,,,,,,,,,,,,1.0,1.0,1.0,1.0,,,,,,,,,,,,,,,,,,,1.0,,,,,,,,,,,,,,,,,,,,,,,,,,,,,,,,
https://www.homeintunisia.com/fr/propri%C3%A9t%C3%A9/83055897,Location saisonnière appartement meublé S+2 khezama Est,Sousse Khezama,À partir de 200 TND / Jour,Appartement,83055897,3 pièces,80 m²,,Climatisation,,Collectif,,Individuelle,Tout à l'égout,,6ème,,Panoramique,,,,,,,1.0,,,35.8443,10.61175,,,1.0,,,,,1.0,,,,,,,,,,,,,,1.0,,,1.0,1.0,,,,,,1.0,1.0,,1.0,,,1.0,,,,,,,,1.0,,,,,,,,,,,,1.0,,,,,,,,,,,,,,,1.0,,,,,,1.0,,,,,,,,,,,,,,,,,,,,,,,,,,,,,,,,,
https://www.homeintunisia.com/fr/propri%C3%A9t%C3%A9/83048972,Location Saisonnière S+1 4,Sahloul,À partir de 170 TND / Jour,Appartement,83048972,2 pièces,55 m²,,,,Collectif,,Individuelle,Tout à l'égout,Bon état,6ème,,Dégagée Ciel,,,,,,1.0,1.0,,,35.83341,10.59353,,,1.0,,1.0,,,,,,,,,1.0,1.0,,,1.0,,,1.0,1.0,,,1.0,1.0,,,,,,,,,1.0,,,1.0,,,,,,,,,,,,,,,,,,,,,,,,,,,,,,,,,,,,,,,,,1.0,,,,,,,,,,,,,,,,,,,,,,,,,,,,,,,,,
https://www.homeintunisia.com/fr/propri%C3%A9t%C3%A9/83047896,Un Beau Appartement à  Chott Meriam pour les Vacances,Tantana,À partir de 120 TND / Semaine,Appartement,83047896,2 pièces,70 m²,80 m²,,"Gaz, Electrique, Eau chaude",Collectif,,,,,1er,Nord,Vis-à-vis Cour,,,,,,,,,,35.94312,10.52022,,,,,,,,,,,,,,,,,,,,,,,,,,,,,,,,,,,,,,,,,,,,,,,,,,,,,,,,,,,,,,,,,,,,,,,,,,,,,,,,,,,,,,,,,,,,,,,,,,,,,,,,,,,,,,,,
https://www.homeintunisia.com/fr/propri%C3%A9t%C3%A9/83043232,appartement avec piscine privée,Monastir,À partir de 680 TND / Jour,Appartement,83043232,,90 m²,180 m²,Central,Gaz,Individuel,,Individuelle,,Neuf,Rez-de-chaussée,,Dégagée Piscine,,,,,,,,1.0,,35.76358,10.81488,,1.0,1.0,,,1.0,1.0,1.0,,1.0,,,,,1.0,,,,,,,1.0,1.0,,1.0,1.0,,1.0,,,,,1.0,1.0,1.0,1.0,1.0,1.0,,,,,,,,,,1.0,,,,,1.0,,,,,1.0,1.0,,,,,,,,,,,,,,,,,,,,,1.0,,,,,,,,,,,,,,,,,,,,,,,,,,,,,,,,
https://www.homeintunisia.com/fr/propri%C3%A9t%C3%A9/83038293,appartemnt,Chatt Meriem,À partir de 800 TND / Semaine,Appartement,83038293,2 pièces,80 m²,,,,,,,,Bon état,,,,,,,,,,,,,35.87467,10.57181,,,1.0,,,,,,,,,,,,,,,1.0,,,,,,,,,,,,,,,,,,,,,,,,,,,,,,,,,,,,,,,,,,,,,1.0,,,,,,,,,,,,,,,,,,,,1.0,,,,,,,,,,,,,,,,,,,,,,,,,,,,,
https://www.homeintunisia.com/fr/propri%C3%A9t%C3%A9/83037792,location saisonnière S+1 à,Tantana,À partir de 130 TND / Jour,Appartement,83037792,2 pièces,40 m²,,,,,,,Tout à l'égout,Bon état,,,Dégagée,,,,,,,,,,35.94312,10.52022,,,1.0,,,,,1.0,,,,,,,,,,,,,,,,,1.0,1.0,,,,,,,,,1.0,,,,,,,,,,,,,,,,,,,,,,,,,,,,,,,,,,,,,,,,,,,,,,,,,,,,,,,,,,,,,,,,,,,,,,,,,,,,,
https://www.homeintunisia.com/fr/propri%C3%A9t%C3%A9/83037532,location saisonnière S+2 route de la plage,Hammam Sousse,À partir de 230 TND / Jour,Appartement,83037532,3 pièces,70 m²,,,,Collectif,,,Tout à l'égout,Bon état,2ème,,Dégagée,,,,,,,,,,35.8569,10.5972,,,1.0,,1.0,,,1.0,,,,,,,,,,,,,,,,,1.0,,,,,,1.0,,,1.0,1.0,,,1.0,,,,,,,,,,,,,,,,,,,,,,,,,,,,,,,,,,,,,,,,,,,,,,,,,,,,,,,,,,,,,,,,,,,,,,,,,,
https://www.homeintunisia.com/fr/propri%C3%A9t%C3%A9/83035358,location saisonnière S+2 route de la plage,Hammam Sousse,À partir de 230 TND / Jour,Appartement,83035358,3 pièces,70 m²,,,,Collectif,,,Tout à l'égout,Bon état,1er étage / 2,,Dégagée,,,,,,,,,,35.88465,10.59547,,,1.0,,1.0,,,,,1.0,,,,,,,,1.0,,,,,,,1.0,1.0,,,,,,,,1.0,1.0,,,1.0,,,,,,,,,,,,,,,,,,,,,,,,,,,,,,,,,,,,,,,,,,,,,,,,,,,,,,,,,,,,,,,,,,,,,,,,,,
https://www.homeintunisia.com/fr/propri%C3%A9t%C3%A9/83035235,location saisonnière S+2 route de la plage,Hammam Sousse,À partir de 280 TND / Jour,Appartement,83035235,3 pièces,70 m²,,,,Individuel,,,Tout à l'égout,,2ème étage / 2,,Dégagée,,,,,,,,,,35.8885,10.5945,,,,,,,,,,,,,,,,,,,,,,,,,,,,,,,,,,,,,,,,,,,,,,,,,,,,,,,,,,,,,,,,,,,,,,,,,,,,,,,,,,,,,,,,,,,,,,,,,,,,,,,,,,,,,,,,
https://www.homeintunisia.com/fr/propri%C3%A9t%C3%A9/83035087,location saisonnière S+2 route de la plage,Hammam Sousse,À partir de 230 TND / Jour,Appartement,83035087,3 pièces,70 m²,,,,Collectif,,,Tout à l'égout,Bon état,1er,,Dégagée,,,,,,,,,,35.88654,10.58773,,,1.0,,1.0,,,1.0,,,,,,,,,,,,,1.0,,,,1.0,1.0,,,,,,,,1.0,1.0,,,1.0,,,,,,,,,,,,,,,,,,,,,,,,,,,,,,,,,,,,,,,,,,,,,,,,,,,,,,,,,,,,,,,,,,,,,,,,,,
https://www.homeintunisia.com/fr/propri%C3%A9t%C3%A9/83034179,location saisonnière S+3 à,Tantana,À partir de 1 900 TND / Semaine,Appartement,83034179,4 pièces,80 m²,,Central,Eau chaude,Individuel,Chauffe-eau,Individuelle,Tout à l'égout,Bon état,2ème étage / 4,,Dégagée,,,,,,,1.0,,,35.92063,10.57137,,,1.0,,1.0,,,1.0,,1.0,,,,,1.0,,,1.0,,,,,,,1.0,1.0,,,,,1.0,1.0,1.0,,,,1.0,1.0,,,,,,,,,,,,,,,,,,,,,,1.0,,,,,,,,,,,,,,,,,,,1.0,,,,,,,,,,,,,,,,,,,,,,,,,,,,,,,,,
https://www.homeintunisia.com/fr/propri%C3%A9t%C3%A9/83032033,Location saisonnière appartement S+1 à,Tantana,À partir de 280 TND / Jour,Appartement,83032033,2 pièces,60 m²,,Central,Eau chaude,Collectif,Chauffe-eau,Individuelle,Tout à l'égout,Excellent état,4ème étage / 4,,Dégagée,,,,,,,1.0,,,35.92289,10.57723,,,1.0,,1.0,1.0,,1.0,,,,,,,1.0,,,,,1.0,,,,,,1.0,,,,,1.0,,1.0,1.0,1.0,1.0,,1.0,,,,,,,,,,,,,,,,,,,,,,1.0,,,,,,,,,,,,,,,,,,,1.0,,,,,,,,,,,,,,,,,,,,,,,,,,,,,,,,,
https://www.homeintunisia.com/fr/propri%C3%A9t%C3%A9/83031918,Location saisonnière S+2 pieds dans l’eau à,Tantana,À partir de 2 300 TND / Semaine,Appartement,83031918,3 pièces,80 m²,,,Eau chaude,Collectif,Chauffe-eau,Individuelle,Tout à l'égout,Bon état,3ème étage / 4,,Panoramique,,,,,,,1.0,,,35.91477,10.57798,,,1.0,,1.0,,,1.0,,1.0,,,,,1.0,,,,,1.0,,,,,1.0,1.0,,,,,1.0,,1.0,1.0,1.0,1.0,,1.0,,,,,,,,,,,,,,,,,,,,,,1.0,,,,,,,,,,,,,,,,,,,1.0,,,,,,,,,,,,,,,,,,,,,,,,,,,,,,,,,
https://www.homeintunisia.com/fr/propri%C3%A9t%C3%A9/83028536,location saisonnière duplex S+2 à,Tantana,À partir de 200 TND / Jour,Appartement,83028536,3 pièces,80 m²,,Climatisation,,Individuel,,Individuelle,Tout à l'égout,Bon état,Plain-pied / 1 étage,,Dégagée,,,,,,,1.0,,,35.92334,10.57423,,,1.0,,,,,1.0,,,,,,,1.0,,,,,,1.0,1.0,1.0,,,1.0,,,,,,,,1.0,,,,1.0,,,,,,,,,,,,,,,,,,,,1.0,,,,,,,,,,,,,,,,,,,,,,,,,,,,,,,,,,,,,,,,,,,,,,,,,,,,,,
https://www.homeintunisia.com/fr/propri%C3%A9t%C3%A9/83024860,magnifique appartement de vaccance,Hammam Sousse,À partir de 450 TND / Jour,Appartement,83024860,4 pièces,190 m²,240 m²,Central,Gaz,Individuel,Chaudière,Individuelle,,Excellent état,2ème,,Panoramique Mer,,,,,,,,1.0,,35.86552,10.61472,,,,,,,1.0,1.0,,1.0,,,,,,,,1.0,1.0,,,1.0,1.0,,1.0,,,,,,,,1.0,1.0,1.0,1.0,1.0,1.0,,,,,,,,,,1.0,,,,,,,,,,,,,,,,,,,,,,,,,,,,,,,1.0,,,,,,,,,,,,,,,,,,,,,,,,,,,,,,,,,
https://www.homeintunisia.com/fr/propri%C3%A9t%C3%A9/83020495,Location Saisonnière – Appartement S+1 à,Hergla,À partir de 160 TND / Jour,Appartement,83020495,2 pièces,70 m²,,,,Collectif,,,Tout à l'égout,Bon état,2ème,,,,,,,,,,,,36.03141,10.5043,,,1.0,,,,,1.0,,1.0,,,,,,,,1.0,,,,1.0,1.0,,,1.0,,,,,,,,1.0,1.0,,,1.0,,,,,,,,,,1.0,,,,,,,,,,,,,,,,,,,,,,,,,,,,,,,,,,,,,,,,,,,,,,,,,,,,,,,,,,,,,,,,
https://www.homeintunisia.com/fr/propri%C3%A9t%C3%A9/83009743,Location saisonnière S+1 à Tantana,Sousse,À partir de 270 TND / Jour,Appartement,83009743,2 pièces,70 m²,,Climatisation,,Collectif,,Individuelle,Tout à l'égout,Excellent état,3ème,,Panoramique,,,,,,,1.0,,,35.91362,10.55767,,,1.0,,1.0,1.0,,1.0,,1.0,,,,1.0,1.0,,,1.0,,1.0,1.0,1.0,1.0,,1.0,1.0,,1.0,,,1.0,,1.0,,1.0,1.0,1.0,1.0,,,,,,,,,,,,,,,,,,,,,1.0,1.0,,,,,,,,,,,,,1.0,,,,,,1.0,1.0,,,,,,,,,,,,,,,,,,,,,,,,,,,,,,,,
https://www.homeintunisia.com/fr/propri%C3%A9t%C3%A9/83007004,Location Saisonnière - Bel Appartement S+1 à la Résidence Menzel Corniche,Sousse Corniche,À partir de 180 TND / Jour,Appartement,83007004,2 pièces,70 m²,,Au sol,Gaz,Collectif,Chaudière,Collective,Tout à l'égout,Bon état,3ème étage / 7,,Dégagée,,,,,,,,,,35.83801,10.63453,,,1.0,,,,,1.0,,1.0,,,,,1.0,,,,1.0,,,1.0,,,1.0,,,,,,,,1.0,,,,1.0,1.0,,,,,,,,,,,,,,,,,,,1.0,1.0,1.0,,,,,,,,,,,,,,1.0,,,,,,1.0,,,,,,,,,,,,,,,,,,,,,,,,,,,,,,,,,
https://www.homeintunisia.com/fr/propri%C3%A9t%C3%A9/82981526,Location saisonnière Studio à sousse,Sousse,À partir de 190 TND / Jour,Appartement,82981526,1 pièce,40 m²,,Climatisation,,Individuel,,Individuelle,,Excellent état,1er,,Dégagée,,,,,,,,,,35.8245,10.63458,,,,,1.0,1.0,,1.0,,,,,,,,,,,,,,,,,1.0,1.0,,,,,,,,,,,1.0,1.0,,,,,,,,,,,,,,,,,,,,,,,,,,,,,,,,,,,,,,,,,,,,,,,,,,,,,,,,,,,,,,,,,,,,,,,,,,
https://www.homeintunisia.com/fr/propri%C3%A9t%C3%A9/82938688,Location saisonnière S+2 à Marina kantaoui,El Kantaoui,À partir de 390 TND / Jour,Appartement,82938688,3 pièces,60 m²,,Climatisation,Eau chaude,Collectif,Chauffe-eau,Individuelle,Tout à l'égout,Excellent état,2ème,,Panoramique Mer Jardin,,,,,,,,1.0,,35.89613,10.59941,,,1.0,,1.0,,,,,1.0,,,,1.0,,,,1.0,,,1.0,1.0,,,1.0,1.0,,,,,,,1.0,,1.0,1.0,1.0,1.0,,,,,1.0,,,,,,,,,,,,,,,,1.0,,,,,,,,1.0,,,,1.0,,,,,,,,,1.0,,,,,,,,,,,,,,,,,,1.0,1.0,,,,,,,,,,,,,
https://www.homeintunisia.com/fr/propri%C3%A9t%C3%A9/82933928,location saisonniere S+2 à corniche,Sousse Corniche,À partir de 160 TND / Jour,Appartement,82933928,3 pièces,60 m²,,Climatisation,,Collectif,,Individuelle,Tout à l'égout,Bon état,1er,,Dégagée,,,,,,,1.0,,,35.83539,10.63645,,,1.0,,,,,1.0,,,,,,,1.0,,,,,,,1.0,,,1.0,1.0,1.0,,,,,,,1.0,1.0,,,1.0,,,,,,,,,,,,,,,,,,,,1.0,,,,,,,,,,,,,,,,,,,,,1.0,,,,,,,,,,,,,,,,,,,,,,,,,,,,,,,,,
https://www.homeintunisia.com/fr/propri%C3%A9t%C3%A9/82888427,Location joli appartement S+1 à Soviva,Chatt Meriem,À partir de 200 TND / Jour,Appartement,82888427,2 pièces,,,Climatisation,,Collectif,,,,Excellent état,Rez-de-chaussée,,,,,,,,1.0,,,,35.91135,10.56959,,,,,,,,1.0,,,,,,,1.0,,,,,,,1.0,1.0,,,,,,,,,,,1.0,,,,,,,,,,,,,,1.0,,,,,,,,,,1.0,,,1.0,,,,,,,,,,,,1.0,,,,,,,,,,,,,,,,,,,,,,,,,,,,,,,,,,,,,,,
https://www.homeintunisia.com/fr/propri%C3%A9t%C3%A9/82855813,Location saisonnière Appartement,Sahloul,À partir de 1 500 TND / Mois,Appartement,82855813,2 pièces,95 m²,115 m²,Central,Gaz,Individuel,Chaudière,Individuelle,,Excellent état,3ème,,Dégagée,,,,,,,1.0,,,35.82802,10.59107,,1.0,1.0,,,,1.0,1.0,,1.0,,,,,,,,1.0,,,,1.0,,,1.0,,,,,,,,,1.0,1.0,,1.0,,,,,,,,,,,,,,,,,,,,,1.0,,,,,,,,,,,,,,,,,,,,,1.0,,,1.0,,,,,,,,,,,,,,,,,,,,,,,,,,,,,,
https://www.homeintunisia.com/fr/propri%C3%A9t%C3%A9/82855070,Location Saisonnière appartement S+1 -,Hammam Sousse,À partir de 170 TND / Jour,Appartement,82855070,2 pièces,,,"Climatisation, Central",Eau chaude,Individuel,Chaudière,Individuelle,,Bon état,4ème,Nord-ouest,Panoramique Mer Ville,,,,,,,,,,35.88355,10.58774,,,1.0,,,,,1.0,,,,,,,,,,,,,,,,,,,,,,,,,,,,,,,,,,,,,,,,,,,,,,,,,,,,,,,,,,,,,,,,,,,,,,,1.0,,,,,,,,,,,,,,,,,,,,,,,,,,,,,,,,,
https://www.homeintunisia.com/fr/propri%C3%A9t%C3%A9/82855035,location saisonnière S+2 à corniche,Sousse,À partir de 200 TND / Jour,Appartement,82855035,3 pièces,80 m²,,,,Collectif,,Individuelle,Tout à l'égout,Bon état,1er,,Dégagée,,,,,,,,,,35.84239,10.62715,,,,,1.0,,,1.0,,1.0,,,,,,,,,,,,,1.0,,1.0,1.0,,,,,1.0,,,,,1.0,,1.0,,,,,,,,,,,,,,,,,,,,1.0,,,,,,,,,,,,,,,,,,,,,1.0,,,,,,,,,,,,,,,,,,,,,,,,,,,,,,,,,
https://www.homeintunisia.com/fr/propri%C3%A9t%C3%A9/82855010,Location Saisonnière appartement S+2 -,Hammam Sousse,À partir de 200 TND / Jour,Appartement,82855010,3 pièces,,,"Climatisation, Central",Eau chaude,Individuel,Chaudière,Individuelle,,Bon état,2ème,Nord-ouest,Panoramique Mer Ville,,,,,,,,,,35.88355,10.58774,,,1.0,,,,,1.0,,,,,,,,,,,,,,,,,,,,,,,,,,,,,,,,,,,,,,,,,,,,,,,,,,,,,,,,,,,,,,,,,,,,,,,1.0,,,,,,,,,,,,,,,,,,,,,,,,,,,,,,,,,
https://www.homeintunisia.com/fr/propri%C3%A9t%C3%A9/82850279,Location saisonnière – Appartement S+2 pieds dans l’eau à Chott Meriem,Chatt Meriem,À partir de 250 TND / Jour,Appartement,82850279,3 pièces,100 m²,112 m²,Climatisation,Electrique,Individuel,Chauffe-eau,Individuelle,Tout à l'égout,Excellent état,2ème étage / 5,,Dégagée Mer Ciel,,,,,,1.0,1.0,,,35.94312,10.52022,,,1.0,,1.0,,1.0,1.0,,,,,,,1.0,,1,,1.0,,1.0,1.0,1.0,,1.0,1.0,,,,,,,,,1.0,,,1.0,,,,,,,,,,,,,,,,,,,,,,1.0,,,,,,,,,,,,,1.0,,,,,,1.0,1.0,,,,,,,,,,,,,,,,,,,,,,,,,,,,1,1,1,1,
https://www.homeintunisia.com/fr/propri%C3%A9t%C3%A9/82803530,location saisonnière S+2 à chott meriem,Chatt Meriem,À partir de 200 TND / Jour,Appartement,82803530,3 pièces,55 m²,,,,Collectif,,Individuelle,Tout à l'égout,Neuf,1er,,Dégagée,,,,,,,1.0,,,35.91185,10.57135,,,1.0,,,,,1.0,,,,,,,,,,1.0,,,,,,,1.0,1.0,,,,,,,,,1.0,1.0,,1.0,,,,,,,,,,,,,,,,,,,,,,,,,,,,,,,,,,,,,,,,,,,,,,,,,,,,,,,,,,,,,,,,,,,,,,,,,,
https://www.homeintunisia.com/fr/propri%C3%A9t%C3%A9/82803333,location saisonnière S+2 à,Chatt Meriem,À partir de 200 TND / Jour,Appartement,82803333,3 pièces,70 m²,,,,Collectif,,Individuelle,Tout à l'égout,Bon état,1er,,Dégagée,,,,,,,1.0,,,35.8765,10.56911,,,1.0,,,,,1.0,,1.0,,,,,,,,,,,,1.0,,,,1.0,,,,,,,1.0,,1.0,,,1.0,,,,,,,,,,,,,,,,,,,,,,,,,,,,,,,,,,,,,,,,,,,,,,,,,,,,,,,,,,,,,,,,,,,,,,,,,,
https://www.homeintunisia.com/fr/propri%C3%A9t%C3%A9/82802782,location saisonnière S+2 à chatt meriem,Chatt Meriem,À partir de 2 000 TND / Semaine,Appartement,82802782,3 pièces,80 m²,,,,Collectif,,Individuelle,Tout à l'égout,Bon état,2ème,,Panoramique,,,,,,1.0,,,,35.91297,10.55902,,,1.0,,1.0,1.0,,1.0,,,,,,,1.0,,,,,1.0,,,,,1.0,,,,,,1.0,1.0,,,1.0,1.0,,1.0,,,,,,,,,,,,,,,,,,,,1.0,1.0,1.0,,,,,,,,,,,,,,,,,,,,,,,,,,,,,,,,,,,,,,,,,,,,,,,,,,,,
https://www.homeintunisia.com/fr/propri%C3%A9t%C3%A9/82802273,location saisonnière S+2 Folla Palm Lake,Monastir,À partir de 490 TND / Jour,Appartement,82802273,3 pièces,80 m²,,,,Collectif,,Individuelle,Tout à l'égout,,1er,,Panoramique,,,,,,1.0,1.0,1.0,,35.76784,10.81329,,,1.0,,1.0,1.0,,1.0,,1.0,,,,,1.0,,,,1.0,1.0,,,1.0,,1.0,1.0,,,,1.0,1.0,,1.0,,1.0,1.0,1.0,1.0,,,,,,,,,,1.0,,,,,,,,,1.0,1.0,1.0,1.0,,,,,,,,,,,,,,,,,,,1.0,1.0,,,,,,,,,,,,,,,,,,,,,,,,,,,,,,,,
https://www.homeintunisia.com/fr/propri%C3%A9t%C3%A9/82772883,location saisonnière S+2 à chatt Meriem,Chatt Meriem,À partir de 1 950 TND / Semaine,Appartement,82772883,3 pièces,80 m²,,Climatisation,,Collectif,Chaudière,Individuelle,,Bon état,Rez-de-chaussée,,Dégagée,,,,,,1.0,1.0,,,35.91944,10.56032,,,1.0,,,,,1.0,,,,,,,1.0,,,1.0,,,,1.0,1.0,,1.0,1.0,1.0,,,,1.0,,,,1.0,1.0,1.0,1.0,,,,,,,,,,,,,,,,,,,1.0,1.0,1.0,,,,,,,,,,,,,,,,,,,,1.0,1.0,,,,,,,,,,,,,,,,,,,,,,,,,,,,,,,,
https://www.homeintunisia.com/fr/propri%C3%A9t%C3%A9/82763746,Location saisonnière S+2 à Folla acqua resort,Chatt Meriem,À partir de 300 TND / Jour,Appartement,82763746,3 pièces,100 m²,,Central,,,Chaudière,Individuelle,Tout à l'égout,Excellent état,3ème étage / 3,,Panoramique,,,,,,,1.0,,,35.94501,10.53689,,,1.0,,,,,1.0,,,,,,,,,,,1.0,1.0,,,1.0,,1.0,1.0,,,,,1.0,1.0,1.0,1.0,,1.0,1.0,1.0,,,,,,,,,,,,,,,,1.0,,,1.0,,,1.0,,,,,,,,,,,,,,,,,,,1.0,,,,,,,,,,,,,,,,,,,,,,,,,,,,,,,,,
https://www.homeintunisia.com/fr/propri%C3%A9t%C3%A9/82759089,location studio au Port Kantaoui,El Kantaoui,À partir de 1 300 TND / Semaine,Appartement,82759089,1 pièce,40 m²,,,,Collectif,,,Tout à l'égout,Bon état,,,Dégagée,,,,,,,,,,35.90032,10.59559,,,1.0,,,,,1.0,,,,,,,,,,,,,,,,,1.0,1.0,,,,,,,,,1.0,,,1.0,,,,,,,,,,,,,,,,,,,,,,,,,,,,,,,,,,,,,,,,,,,,,,,,,,,,,,,,,,,,,,,,,,,,,,,,,,
https://www.homeintunisia.com/fr/propri%C3%A9t%C3%A9/82757745,Location S+1 à Folla Palm Lake,Monastir,À partir de 370 TND / Jour,Appartement,82757745,2 pièces,70 m²,,"Radiateur, Climatisation",,Collectif,,Individuelle,Tout à l'égout,Excellent état,1er étage / 4,,Panoramique,,,,,,,,1.0,,35.76534,10.80876,,,1.0,,1.0,1.0,,1.0,,1.0,,,,,,,,,,,,,1.0,,1.0,1.0,,,,,1.0,,,1.0,1.0,1.0,1.0,1.0,,,,,,,,,,1.0,,,,,,,,,1.0,1.0,1.0,1.0,,,,,,,,,,,,,,,,,,,,1.0,,,,,,,,,,,,,,,,,,1.0,,,,,,,,,,,,,,
https://www.homeintunisia.com/fr/propri%C3%A9t%C3%A9/82757108,location saisonnière S+2 au Palais Présidentiel Habib Bourguiba,Monastir,À partir de 250 TND / Jour,Appartement,82757108,3 pièces,80 m²,,,,Collectif,,,Tout à l'égout,Bon état,2ème,,Panoramique,,,,,,,,,,35.76656,10.80776,,,1.0,,,,,1.0,,1.0,,,,,,,,,,,,1.0,,,,1.0,,,,,1.0,1.0,,,1.0,,,1.0,,,,,,,,,,,,,,,,,,,,1.0,,,,,,,,,,,,,,,,,,,,,1.0,,,,,,,,,,,,,,,,,,,,,,,,,,,,,,,,,
https://www.homeintunisia.com/fr/propri%C3%A9t%C3%A9/82682981,Superbe Appartement  Route Touristique,Hammam Sousse,À partir de 1 200 TND / Semaine,Appartement,82682981,3 pièces,90 m²,100 m²,Central,Gaz,,Chaudière,Individuelle,,Excellent état,1er étage / 5,,Panoramique,,,,,,,1.0,,,35.8569,10.5972,,,1.0,,,,,1.0,,,,,,,,,,1.0,1.0,,,,,,1.0,1.0,,,,,,,,1.0,1.0,1.0,1.0,1.0,,,,,,,,,,1.0,,,,,,,,,,,,,,,,,,,,,,,,,,,,,,,1.0,,,1.0,,,,,,,,,,,,,,,,,,,,,,,,,,,,,,
https://www.homeintunisia.com/fr/propri%C3%A9t%C3%A9/82668896,S+1 à Kantaoui,El Kantaoui,À partir de 160 TND / Jour,Appartement,82668896,2 pièces,,55 m²,Climatisation,,,Chauffe-eau,Individuelle,Fosse septique,Bon état,Rez-de-chaussée,Nord,Dégagée Jardin Piscine,,,,,,1.0,1.0,,,35.88863,10.58861,,,1.0,,,,1.0,1.0,,,,,,,,,,,,,,,,,,,,,,,,,,,,,,,,,,,,,,,,,,,,,,,,,,,,,,,,,,,,,,,,,,,,,,,,,,,,,,,,,,,,,,,,,,,,,,,,,,,,,,,,
https://www.homeintunisia.com/fr/propri%C3%A9t%C3%A9/82650552,Location Saisonnière – Appartement S+2 Meublé à Chatt Mariem,Chatt Meriem,À partir de 1 500 TND / Semaine,Appartement,82650552,3 pièces,,,,,,,,,Excellent état,Rez-de-chaussée,,,,,,,,,,,,35.87238,10.57625,,,,,,,,,,,,,,,,,,,,,,,,,,,,,,,,,,,,,,,,,,,,,,,,,,,,,,,,,,,,,,,,,,,,,,,,,,,,,,,,,,,,,,,,,,,,,,,,,,,,,,,,,,,,,,,,
https://www.homeintunisia.com/fr/propri%C3%A9t%C3%A9/82642672,location saisonnière S+2 à hammam sousse,Hammam Sousse,À partir de 170 TND / Jour,Appartement,82642672,3 pièces,80 m²,,,,Collectif,,Individuelle,Tout à l'égout,,2ème,,Dégagée,,,,,,,1.0,,,35.86407,10.59461,,,1.0,,,,,1.0,,1.0,,,1.0,,,,,,,,,1.0,,,1.0,1.0,,,,,,,,,1.0,1.0,,1.0,,,,,,,,,,1.0,,,,,,,,,,,,,,,,,,,,,,,,,,,,,,,,,,,,,,,,,,,,,,,,,,,,,,,,,,,,,,,,
https://www.homeintunisia.com/fr/propri%C3%A9t%C3%A9/82641650,location saisonnière S+1 rez-de chaussée à Tantana,Sousse,À partir de 260 TND / Jour,Appartement,82641650,2 pièces,55 m²,,Climatisation,,Collectif,Chaudière,Individuelle,Tout à l'égout,Bon état,Rez-de-chaussée / 5 étages,,Dégagée,,,,,,,,,,35.925,10.56926,,,1.0,,1.0,,,1.0,,,,,,,1.0,,,1.0,,,,1.0,1.0,,1.0,1.0,,,,,1.0,,1.0,,1.0,1.0,,1.0,,,,,,,,,,,,,,,,,,,,,1.0,,,,,,,,,,,,,,,,,,,,,1.0,,,,,,,,,,,,,,,,,,,,,,,,,,,,,,,,
https://www.homeintunisia.com/fr/propri%C3%A9t%C3%A9/82632549,location saisonnière S+1 à  4,Sahloul,À partir de 250 TND / Jour,Appartement,82632549,2 pièces,100 m²,,Central,Gaz,Collectif,Chauffe-eau,Individuelle,Tout à l'égout,,1er,,,,,,,,,,,,35.82932,10.59526,,,1.0,,1.0,,,1.0,,1.0,,,,1.0,1.0,,,,,1.0,,1.0,,,1.0,1.0,,,,,1.0,1.0,,1.0,1.0,,,1.0,,,,,,,,,,,,,,,,,,,,1.0,1.0,1.0,,,,,,,,,,,,,1.0,,,,,,1.0,,,,,,,,,,,,,,,,,,,,,,,,,,,,,,,,,
https://www.homeintunisia.com/fr/propri%C3%A9t%C3%A9/82626022,location saisonnières S+3 à  pieds dans l'eau,Tantana,Prix sur demande,Appartement,82626022,3 pièces,100 m²,,Climatisation,,,,Individuelle,Tout à l'égout,Neuf,4ème étage / 4,,Panoramique,,,,,,1.0,,1.0,,35.83449,10.59591,,,1.0,,1.0,1.0,,1.0,,1.0,,,,1.0,1.0,,,,1.0,1.0,1.0,1.0,1.0,,1.0,1.0,,,,,1.0,1.0,1.0,,1.0,1.0,,1.0,,,,,1.0,,,,,,,,,,,,,,,,1.0,1.0,,,,,,,,,,,,,,,,,,,1.0,1.0,,,,,,,,,,,,,,,,,,,,,,,,,,,,,,,,
https://www.homeintunisia.com/fr/propri%C3%A9t%C3%A9/82499393,Location saisonnière S+1 a,Tantana,À partir de 190 TND / Jour,Appartement,82499393,2 pièces,70 m²,,"Radiateur, Climatisation",,Collectif,,Individuelle,Tout à l'égout,Neuf,Rez-de-chaussée / 3 étages,,Dégagée,,,,,,,1.0,,,35.92195,10.57627,,,1.0,,1.0,,,1.0,,,,,,,,,,,,,1.0,1.0,1.0,,1.0,1.0,,,1.0,,1.0,1.0,,,1.0,1.0,,1.0,,,,,,,,,,,,,,,,,,,,1.0,,,,,,,,,,,,,,,,,,,,,,,,,,,,,,,,,,,,,,,,,,,,,,,,,,,,,,
https://www.homeintunisia.com/fr/propri%C3%A9t%C3%A9/82411769,"Location Saisonnière – Appartement S+2 à Folla Palm Lake,",Monastir,À partir de 490 TND / Jour,Appartement,82411769,3 pièces,120 m²,,"Radiateur, Climatisation",,Collectif,Chaudière,Individuelle,Tout à l'égout,Bon état,4ème,,Panoramique,,,,,,,1.0,1.0,1.0,35.764,10.80768,,,1.0,,1.0,1.0,,1.0,,1.0,,,,,1.0,,,,1.0,1.0,1.0,1.0,1.0,,1.0,1.0,1.0,,,1.0,1.0,1.0,,,1.0,1.0,1.0,1.0,,,,,,,,,,,,,,,,,,,,1.0,1.0,1.0,,,,,,,,,,,,,,,,,,,1.0,1.0,,,,,,,,,,,,,,,,,,,,,,,,,,,,,,,,
https://www.homeintunisia.com/fr/propri%C3%A9t%C3%A9/82408098,bel appartement de vaccance,Sousse,À partir de 260 TND / Jour,Appartement,82408098,3 pièces,90 m²,115 m²,Central,Eau chaude,Individuel,Chaudière,Individuelle,,Bon état,4ème étage / 6,Nord-est,Aperçu Mer,,,,,,1.0,1.0,1.0,,35.8273,10.6339,,,,,,,,1.0,,,,,,,1.0,,,1.0,,,,1.0,,,,1.0,,,,,,,,1.0,1.0,1.0,1.0,,,,,,,,,,,1.0,,,,,,,,,,1.0,1.0,,,,,,,,,,,,,,,,,,,,1.0,,,1.0,,,,,,,,,,,,,,,,,,,,,,,,,,,,,,
https://www.homeintunisia.com/fr/propri%C3%A9t%C3%A9/82407232,Location saisonnière S+1 Palm lake Folla,Monastir,À partir de 320 TND / Jour,Appartement,82407232,2 pièces,80 m²,,"Climatisation, Central",Gaz,Collectif,Chaudière,Individuelle,Tout à l'égout,Excellent état,1er,,Dégagée,,,,,,,1.0,1.0,,35.76268,10.81348,,,1.0,,1.0,1.0,,1.0,,,,,,1.0,1.0,,,,1.0,1.0,,1.0,,,,1.0,,,,,1.0,,1.0,,1.0,1.0,1.0,1.0,,,,,,,,,,,,,,,,,,,,,1.0,1.0,,,,,,,1.0,,,,,,,,,,,,1.0,1.0,,,,,,,,,,,,,,,,,,1.0,,,,,,,,,,,,,,
https://www.homeintunisia.com/fr/propri%C3%A9t%C3%A9/82401612,location saisonnière S0 à Folla Acqua Résort,Chatt Meriem,À partir de 240 TND / Jour,Appartement,82401612,1 pièce,35 m²,,Climatisation,,Collectif,Chaudière,Individuelle,Tout à l'égout,Bon état,Rez-de-chaussée / 3 étages,,Panoramique,,,,,,,,1.0,,35.9468,10.5363,,,1.0,,1.0,,,,,,,,,1.0,1.0,,,,1.0,1.0,,1.0,,,1.0,,,,,1.0,,,,,,,1.0,1.0,,,,,,,,,,,,,,,,,,,1.0,1.0,1.0,1.0,,,,,,,,,,,,,,,,,,,1.0,1.0,,,,,,,,1.0,,,,,,,1.0,,,,,,,,,,,,,,,,,
https://www.homeintunisia.com/fr/propri%C3%A9t%C3%A9/82352884,location saisonnière S+1 à,Hergla,À partir de 240 TND / Jour,Appartement,82352884,2 pièces,55 m²,,Climatisation,,Collectif,Chaudière,Individuelle,Tout à l'égout,Bon état,Rez-de-chaussée,,Dégagée,,,,,,,1.0,1.0,,36.03373,10.50571,,,1.0,,1.0,1.0,,1.0,,1.0,,,,1.0,1.0,,,1.0,,1.0,1.0,1.0,1.0,,1.0,1.0,1.0,,,,1.0,,,,,1.0,,1.0,,,,,,,,,,1.0,,,,,,,,,,1.0,,1.0,,,,,,,,,,,,,1.0,,,,,,,1.0,,,,,,,,,,,,,,,,,,,,,,,,,,,,,,,,
https://www.homeintunisia.com/fr/propri%C3%A9t%C3%A9/82335393,location saisonnière S+2 à Folla Palm Lake,Zone Skanes,À partir de 430 TND / Jour,Appartement,82335393,3 pièces,100 m²,,Central,Gaz,Collectif,Chaudière,Individuelle,Tout à l'égout,Neuf,2ème étage / 4,,Dégagée,,,,,,,1.0,1.0,,35.77243,10.80708,,,1.0,,1.0,,,1.0,,1.0,,,,,1.0,,,,1.0,1.0,,1.0,,,1.0,1.0,,,,,1.0,1.0,,,,1.0,1.0,1.0,,,,,,,,,,1.0,,,,,,,,,,1.0,1.0,1.0,,,,,,,,,,,,,,,,,,,1.0,1.0,,,,,,,,,,,,,,,,,,,,,,,,,,,,,,,,
https://www.homeintunisia.com/fr/propri%C3%A9t%C3%A9/82330146,location saisonnière S+1 Route de la plage,Hammam Sousse,À partir de 100 TND / Jour,Appartement,82330146,2 pièces,60 m²,,,,Individuel,,Individuelle,Tout à l'égout,Bon état,Rez-de-chaussée,,Dégagée,,,,,,,,,,35.8569,10.5972,,,1.0,,,,,1.0,,,,,,,,,,,,,,,1.0,,1.0,1.0,,,,,,,,,1.0,1.0,,1.0,,,,,,,,,,,,,,,,,,,,,,,,,,,,,,,,,,,,,,,,,,,,,,,,,,,,,,,,,,,,,,,,,,,,,,,,,,
https://www.homeintunisia.com/fr/propri%C3%A9t%C3%A9/82305685,location saisonnière duplex route touristique,Sousse,À partir de 380 TND / Jour,Appartement,82305685,4 pièces,150 m²,,"Radiateur, Climatisation",,Collectif,Chaudière,Individuelle,Tout à l'égout,Excellent état,6ème étage / 6,,Panoramique Mer Forêt,,,,,,,1.0,,,36.80947,10.12254,,,1.0,,1.0,1.0,,1.0,,,,,,,1.0,,,,,1.0,,1.0,1.0,,1.0,1.0,,,,,1.0,,,1.0,1.0,1.0,1.0,1.0,,,,,,,,,,1.0,,,,,,,,,,1.0,,1.0,,,,,,,,,,,,,,,,,,,1.0,,,,,,,,,,,,,,,,,,,,,,,,,,,,,,,,,
https://www.homeintunisia.com/fr/propri%C3%A9t%C3%A9/82305537,location saisonnière S+2 route touristique,Khezama Ouest,À partir de 350 TND / Jour,Appartement,82305537,3 pièces,100 m²,,Climatisation,,Collectif,Chaudière,Individuelle,Tout à l'égout,Excellent état,3ème,,Dégagée,,,,,,,1.0,,,35.83896,10.61678,,,1.0,,1.0,1.0,,1.0,,1.0,,,,,1.0,,,,,1.0,,1.0,,,,1.0,,,,,1.0,1.0,1.0,,1.0,,,,,,,,,,,,,,,,,,,,,,,1.0,,1.0,,,,,,,,,,,,,,,,,,,1.0,,,,,,,,,,,,,,,,,,,,,,,,,,,,,,,,,
https://www.homeintunisia.com/fr/propri%C3%A9t%C3%A9/8198058,location saisonnière S+2 à chatt Meriem,Chatt Meriem,À partir de 180 TND / Jour,Appartement,8198058,3 pièces,100 m²,,Climatisation,,Collectif,Chaudière,Individuelle,Tout à l'égout,Bon état,2ème,,Dégagée,,,,,,,,,,35.91678,10.56518,,,1.0,,,,,1.0,,,,,,,,,,,,,,1.0,,,1.0,,,,,,,1.0,,1.0,1.0,,,1.0,,,,,,,,,,1.0,,,,,,,,,,,,,,,,,,,,,,,,,,,,,,,,,,,,,,,,1.0,,,,,,,,,,,,,,,,,,,,,,,,
https://www.homeintunisia.com/fr/propri%C3%A9t%C3%A9/8197985,Annonce Location Saisonnière - S+1 avec Grande Terrasse à Chott Meriem,Chatt Meriem,À partir de 180 TND / Jour,Appartement,8197985,2 pièces,80 m²,,,,Collectif,Chaudière,Individuelle,Tout à l'égout,Bon état,2ème,,Dégagée,,,,,,,,,,35.91736,10.56121,,,1.0,,,,,1.0,,,,,,,,,,,,,,1.0,,,1.0,1.0,,,,,,1.0,,,1.0,,,,,,,,,,,,,,,,,,,,,,,,,,,,,,,,,,,,,,,,,,,,,,,,,,,,,,,,,,,,,,,,,,,,,,,,,,,,,
https://www.homeintunisia.com/fr/propri%C3%A9t%C3%A9/8093440,Location saisonnière Appartement,Sousse Khezama,À partir de 280 TND / Jour,Appartement,8093440,3 pièces,100 m²,,"Radiateur, Climatisation",,,Chaudière,Individuelle,Tout à l'égout,Bon état,4ème étage / 5,,,,,,,,,,,,35.83561,10.62363,,,1.0,,1.0,,,1.0,,,,,,1.0,1.0,,,1.0,,,,1.0,,,,1.0,,,,,1.0,,,1.0,1.0,1.0,,1.0,,,,,,,,,,,,,,,,,,,,1.0,1.0,,,,,,,,,,,,,,,,,,,,,,,,,,,,,,,,,,,,,,,,,,,,,,,,,,,,,
https://www.homeintunisia.com/fr/propri%C3%A9t%C3%A9/8049834,Location Saisonnière - Appartement S+1 à,Tantana,À partir de 280 TND / Jour,Appartement,8049834,2 pièces,80 m²,,Climatisation,Eau chaude,Collectif,Chaudière,Individuelle,Tout à l'égout,Excellent état,1er étage / 4,,Panoramique,,,,,,,1.0,1.0,,35.83533,10.60109,,,1.0,,1.0,,,1.0,,1.0,,,1.0,1.0,1.0,,,,1.0,1.0,1.0,1.0,1.0,,1.0,1.0,1.0,,,,,,,,1.0,1.0,,1.0,,,,,,,,,,,,,,,,,,,,1.0,1.0,1.0,,,,,,,1.0,,,,,,,,,,,,1.0,1.0,,,,,,,,1.0,,,,,,,,,,,,,,,,,,,,,,,,
https://www.homeintunisia.com/fr/propri%C3%A9t%C3%A9/8044306,location saisonnière S+2 à sahloul 3,Sahloul,À partir de 110 TND / Jour,Appartement,8044306,3 pièces,55 m²,,,,Collectif,,Individuelle,Tout à l'égout,,Rez-de-jardin,,Dégagée,,,,,,,1.0,,,35.83763,10.60853,,,,,,,,1.0,,,,,,,,,,,,,,1.0,,,1.0,,,,,,1.0,,,,1.0,1.0,,1.0,,,,,,,,,,1.0,,,,,,,,,,,,,,,,,,,,,,,,,,,,,,,,,1.0,,,,,,,,,,,,,,,,,,,,,,,,,,,,,,,
https://www.homeintunisia.com/fr/propri%C3%A9t%C3%A9/8032769,magnifique appartement S+2 meublé location saisonnière,El Kantaoui,À partir de 350 TND / Jour,Appartement,8032769,3 pièces,,80 m²,"Climatisation, Central","Electrique, Eau chaude",Individuel,Chaudière,Individuelle,Tout à l'égout,Excellent état,1er,"Est, Nord-est",Dégagée Mer Ciel,,,,,,,1.0,1.0,,35.88946,10.59286,,,1.0,,1.0,,1.0,1.0,,,,,1.0,,,,,1.0,,1.0,1.0,1.0,1.0,,1.0,1.0,1.0,,,,1.0,,,,1.0,,,1.0,,,,,,,,,,1.0,,,,,,,,,,,,,,,,,,1.0,1.0,,,,,,,,,,,,,1.0,,,,,,,,,,,,,1.0,,,,,,,,,,,,,,,,,,,
https://www.homeintunisia.com/fr/propri%C3%A9t%C3%A9/7665918,location saisonnière S+2 route de la plage,Hammam Sousse,À partir de 280 TND / Jour,Appartement,7665918,3 pièces,80 m²,,"Radiateur, Climatisation",Electrique,Collectif,Chaudière,Individuelle,,Bon état,2ème étage / 6,,Dégagée,,,,,,,1.0,,,35.86851,10.60721,,,1.0,,1.0,1.0,,,,1.0,,,,,,,,,,,1.0,,,,1.0,1.0,,,,,1.0,1.0,,1.0,1.0,1.0,,1.0,,,,,,,,,,,,,,,,,,,,,,,,,,,,,,,,,,,,,,,,,1.0,,,,,,,,,,,,,,,,,,,,,,,,,,,,,,,,,
https://www.homeintunisia.com/fr/propri%C3%A9t%C3%A9/7630867,location saisonnière étage de villa à hammam Sousse,Cité de la Plage 1,À partir de 180 TND / Jour,Appartement,7630867,3 pièces,110 m²,,,,Individuel,,Individuelle,Tout à l'égout,Bon état,1er,,Dégagée,,,,,,,1.0,,,35.86324,10.6034,,,1.0,,1.0,,,1.0,,1.0,,,,,1.0,,,,,,,1.0,,,1.0,1.0,1.0,,1.0,,,,,1.0,1.0,1.0,,1.0,,,,,,,,,,,,,,,,,,,,,,,,,,,,,,,,,,,,,,,,,,,,,,,,,,,,,,,,,,,,,,,,,,,,,,,,,,
https://www.homeintunisia.com/fr/propri%C3%A9t%C3%A9/7624753,location saisonnière S+1 à tantana,Tantana,À partir de 120 TND / Jour,Appartement,7624753,2 pièces,70 m²,,,,Collectif,,Collective,Tout à l'égout,Excellent état,3ème,,Panoramique,,,,,,,1.0,,,35.91628,10.577,,,1.0,,,,,1.0,,,,,,,1.0,,,,,1.0,,1.0,,,1.0,1.0,,,,,,,,,1.0,1.0,,,,,,,,,,,,,,,,,,,,,,1.0,1.0,1.0,,,,,,,,,,,,,1.0,,,,,,,,,,,,,,,,,,,,,,,,,,,,,,,,,,,,,,,
https://www.homeintunisia.com/fr/propri%C3%A9t%C3%A9/7620561,location saisonnière S+1 à,Tantana,À partir de 220 TND / Jour,Appartement,7620561,2 pièces,70 m²,,"Radiateur, Climatisation",,Collectif,,Individuelle,Tout à l'égout,Excellent état,1er,,Dégagée,,,,,,1.0,,,,35.91845,10.57074,,,1.0,,,,,1.0,,1.0,,,,,1.0,,,,,1.0,1.0,1.0,1.0,,1.0,,1.0,,,,1.0,,,1.0,1.0,1.0,,1.0,,,,,,,,,,,,,,,,,,,,1.0,,1.0,,,,,,,,,,,,,,,,,,,,,,,,,,,,,,,,,,,,,,,,,,,,,,,,,,,,
https://www.homeintunisia.com/fr/propri%C3%A9t%C3%A9/7611675,Location saisonnière S+2 à Port Kantaoui,El Kantaoui,À partir de 350 TND / Jour,Appartement,7611675,3 pièces,60 m²,,Climatisation,Eau chaude,Individuel,Chauffe-eau,Individuelle,Tout à l'égout,Excellent état,1er,,Panoramique,,,,,,,1.0,1.0,,35.88888,10.59746,,,1.0,,1.0,,,1.0,,1.0,,,,,,,,,,,1.0,1.0,1.0,,1.0,1.0,,,,,1.0,,,1.0,1.0,1.0,,1.0,,,,,,,,,,1.0,,,,,,,,,,,,,,,,,,,,,,,,,,,,,,,,,,,,,,,,,,,,,,,,,,,,,,,,,,,,,,,,
https://www.homeintunisia.com/fr/propri%C3%A9t%C3%A9/7595258,location annuelle S+2 meublé corniche,Sousse Corniche,À partir de 130 TND / Jour,Appartement,7595258,3 pièces,60 m²,,Climatisation,,Individuel,Chaudière,Individuelle,Tout à l'égout,Bon état,Rez-de-chaussée,,Dégagée,,,,,,1.0,1.0,,,35.86046,10.58593,,,1.0,,,,,1.0,,,,,1.0,,,,,,,,,1.0,,,1.0,1.0,1.0,,,,,,1.0,,1.0,1.0,,,,,,,,,,,,,,,,,,,,,,,,,,,,,,,,,,,,,,,,,,,,,,,,,,,,,,,,,,,,,,,,,,,,,,,,,,,,
https://www.homeintunisia.com/fr/propri%C3%A9t%C3%A9/7590793,location saisonnière S+2 route de la plage,Hammam Sousse,À partir de 280 TND / Jour,Appartement,7590793,3 pièces,70 m²,,"Radiateur, Climatisation, Central",Electrique,Individuel,Chaudière,Individuelle,Tout à l'égout,,,,Dégagée,,,,,,,1.0,,,35.86174,10.60617,,,1.0,,1.0,,,1.0,,1.0,,,,,,,,1.0,,1.0,,,,,1.0,1.0,,,,,1.0,,,1.0,1.0,1.0,,1.0,,,,,,,,,,,,,,,,,,,,,,,,,,,,,,,,,,,1.0,,,,,,1.0,,,,,,,,,,,,,,,,,,,,,,,,,,,,,,,,,
https://www.homeintunisia.com/fr/propri%C3%A9t%C3%A9/7576943,S+1 à  - pieds dans l'eau,Hammam Sousse,À partir de 200 TND / Jour,Appartement,7576943,2 pièces,,107 m²,"Radiateur, Climatisation, Central",Gaz,Collectif,Chaudière,Individuelle,Fosse toutes eaux,Bon état,3ème,Nord-est,Dégagée Ciel Rue,,,,,,,,,,35.88319,10.59397,,,1.0,,1.0,1.0,1.0,,,,,,,,,,,,1.0,1.0,,,,,,,,,,,,,,,,,,,,,,,,,,,,,,,,,,,,,,,,,,,,,,,,,,,,,,,,,,,1.0,,,,,,,,,,,,,,,,,,,,,,,,,,,,,,,,,
https://www.homeintunisia.com/fr/propri%C3%A9t%C3%A9/7576908,S+2 à  - pieds dans l'eau,Hammam Sousse,À partir de 300 TND / Jour,Appartement,7576908,3 pièces,,107 m²,"Radiateur, Climatisation, Central",Gaz,Collectif,Chaudière,Individuelle,Fosse toutes eaux,Bon état,2ème,Nord-est,Dégagée Ciel Rue,,,,,,,,,,35.88319,10.59397,,,1.0,,1.0,1.0,1.0,,,,,,,,,,,,1.0,1.0,,,,,,,,,,,,,,,,,,,,,,,,,,,,,,,,,,,,,,,,,,,,,,,,,,,,,,,,,,,1.0,,,,,,,,,,,,,,,,,,,,,,,,,,,,,,,,,
https://www.homeintunisia.com/fr/propri%C3%A9t%C3%A9/7569442,location saisonnière S+1 sousse corniche,Sousse,À partir de 140 TND / Jour,Appartement,7569442,2 pièces,60 m²,,"Radiateur, Central",Gaz,Individuel,,Individuelle,Tout à l'égout,Bon état,7ème,,Panoramique,,,,,,,1.0,,,35.83515,10.62939,,,1.0,,,,,1.0,,1.0,,,,,1.0,,,,,1.0,,1.0,,,,1.0,,,,,1.0,,,1.0,1.0,,,,,,,,,,,,,,,,,,,,,,,1.0,,1.0,,,,,,,,,,,,,1.0,,,,,,,,,,,,,,,,,,,,,,,,,,,,,,,,,,,,,,,
https://www.homeintunisia.com/fr/propri%C3%A9t%C3%A9/7487232,Location saisonnière Appartement,Sousse,À partir de 950 TND / Semaine,Appartement,7487232,2 pièces,130 m²,,"Au sol, Climatisation, Central","Gaz, Eau chaude",Individuel,Chaudière,Individuelle,,Excellent état,Rez-de-chaussée,Sud-est,Aperçu,,,,,,,,,,35.82653,10.61141,,1.0,1.0,,,1.0,1.0,1.0,,1.0,,1.0,,1.0,1.0,,,1.0,1.0,1.0,,,,,,,,,1.0,,1.0,,1.0,,,,,,,,,,,1.0,,,,,,,,,,1.0,,,,1.0,1.0,1.0,,1.0,,,,,,,,,,,1.0,,,,,,1.0,,,,,,,,,,,,,,1.0,,,,,,,,,,,,,,,,,,,
https://www.homeintunisia.com/fr/propri%C3%A9t%C3%A9/7428332,location saisonnière S+2 à khezama route touristique,Sousse Khezama,À partir de 250 TND / Jour,Appartement,7428332,3 pièces,100 m²,,"Radiateur, Climatisation",Gaz,Collectif,Chaudière,Individuelle,Tout à l'égout,Excellent état,5ème étage / 6,,Dégagée,,,,,,,1.0,,,35.84228,10.62166,,,1.0,,,,1.0,1.0,,,,,,1.0,1.0,,,1.0,,,,1.0,1.0,,1.0,1.0,,,,,,,,1.0,1.0,1.0,,1.0,,,,,,,,,,,,,,,,,,,,1.0,1.0,,,,,,,,,,,,,,,,,,,,1.0,,,,,,,,,,,,,,,,,,,,,,,,,,,,,,,,,
https://www.homeintunisia.com/fr/propri%C3%A9t%C3%A9/7385379,S+2 à louer à,Hammam Sousse,Prix sur demande,Appartement,7385379,3 pièces,90 m²,110 m²,"Climatisation, Central",Gaz,Collectif,Chaudière,Individuelle,Tout à l'égout,Bon état,3ème,Ouest,Dégagée,,,,,,,,,,35.86858,10.60065,,,1.0,,1.0,,,1.0,,1.0,,,,,,,,1.0,,,,,,,,,,,,,,,,,,,,,,,,,,,,,,,,,,,,,,,,,,,,,,,,,,,,,,,,,,,,,1.0,,,,,,,,,,,,,,,,,,,,,,,,,,,,,,,,,
https://www.homeintunisia.com/fr/propri%C3%A9t%C3%A9/7373767,location saisonnière duplex S+2 à tantana,Chatt Meriem,À partir de 340 TND / Jour,Appartement,7373767,3 pièces,120 m²,,,,Individuel,,,Tout à l'égout,Bon état,Surélevé,,,,,,,,,1.0,,,35.86701,10.5751,,,1.0,,,,,1.0,,,,,,,,,,1.0,,,,1.0,,,1.0,,,,,,,,,1.0,1.0,,,1.0,,,,,,,,,,,,,,,,,,,,,,,1.0,,,,,,,,,,,,,,,,,,,,,,,,,,,,,,,,,,,,,,,,,,,,,,,,,,,
https://www.homeintunisia.com/fr/propri%C3%A9t%C3%A9/7358028,S+1 à,Chatt Meriem,À partir de 180 TND / Jour,Appartement,7358028,2 pièces,91 m²,,"Climatisation, Central","Gaz, Electrique",Collectif,Chaudière,Individuelle,Tout à l'égout,Excellent état,Rez-de-chaussée,Nord-est,Dégagée Ville,,,,,,1.0,,,1.0,35.92064,10.57626,,,1.0,,1.0,,1.0,1.0,,,,,,,,,,,1.0,1.0,,1.0,1.0,,1.0,1.0,,,,,,,,1.0,1.0,1.0,1.0,1.0,,,,,,,,1.0,,1.0,,,,,,1.0,,,1.0,,,,,,,,,1.0,,,,,,,1.0,,,,,,1.0,,,,,,,,,,,,,,,,,,,,,,,,,,,,,,,,,
https://www.homeintunisia.com/fr/propri%C3%A9t%C3%A9/7353041,"Location Saisonnière - Superbe Appartement S+3 à Folla Aqua Resort, Chott Merièm",Chatt Meriem,À partir de 580 TND / Jour,Appartement,7353041,4 pièces,100 m²,,Central,,Mixte,Chaudière,Individuelle,Tout à l'égout,Bon état,2ème étage / 3,,Panoramique Mer Ciel,,,,,,1.0,1.0,1.0,1.0,35.94314,10.54494,,,1.0,,1.0,,,1.0,,1.0,,,,,1.0,,,1.0,1.0,,,,,,1.0,1.0,,,,1.0,1.0,,,1.0,,1.0,1.0,1.0,,,,,,,,,,,,,,,,,,,1.0,1.0,1.0,1.0,,,,,,,,,,,,,,,,,,,1.0,1.0,,,,,,,,,,,,,,,,,,,,,,,,,,,,,,,,
https://www.homeintunisia.com/fr/propri%C3%A9t%C3%A9/7330873,location saisonnière S+3 à chatt meriem,Chatt Meriem,À partir de 250 TND / Jour,Appartement,7330873,3 pièces,100 m²,,,,,,,Tout à l'égout,,Rez-de-jardin,,Dégagée,,,,,,1.0,1.0,1.0,,35.87171,10.57506,,,1.0,,,,,1.0,,,,,,,,,,,,,,1.0,,,1.0,1.0,,,,,,,,,1.0,,,1.0,,,,,,,,,,,,,,,,,,,,,,,,,,,,,,,,,,,,,,,,,,,,,,,,,,,,,,,,,,,,,,,,,,,,,,,,,,
https://www.homeintunisia.com/fr/propri%C3%A9t%C3%A9/7329277,location saisonnière à folla acqua résort,Chatt Meriem,À partir de 1 900 TND / Mois,Appartement,7329277,2 pièces,75 m²,,Central,,,Chaudière,Individuelle,Tout à l'égout,Bon état,2ème étage / 3,,Panoramique,,,,,,1.0,1.0,,,35.94551,10.54521,,,1.0,,1.0,,,1.0,,1.0,,,,1.0,1.0,,,1.0,1.0,1.0,1.0,1.0,1.0,,1.0,1.0,,1.0,,,1.0,,,1.0,1.0,1.0,1.0,1.0,,,,,,,,,,,,,,,,,,,1.0,1.0,1.0,1.0,,,,,,,,,,,,,,,,,,,1.0,1.0,,,,,,,,,,,,,,,,,,,,,,,,,,,,,,,,
https://www.homeintunisia.com/fr/propri%C3%A9t%C3%A9/7289217,location saisonnière S+2 A Folla Palm Lake Monastir,Zone Skanes,À partir de 420 TND / Jour,Appartement,7289217,3 pièces,100 m²,,Climatisation,,,Chaudière,Individuelle,Tout à l'égout,Bon état,3ème étage / 4,,Panoramique,,,,,,,1.0,1.0,,35.77566,10.79486,,,,,1.0,,,1.0,,1.0,,,,,1.0,,,,1.0,1.0,1.0,,1.0,,1.0,1.0,,,,1.0,1.0,,,1.0,,,1.0,1.0,,,,,,,,,,,,,,,,,,,1.0,1.0,,,,,,,,,,,,,,,,,,,,,1.0,1.0,,,,,,,,,,,,,,,,,,,,,,,,,,,,,,,,
https://www.homeintunisia.com/fr/propri%C3%A9t%C3%A9/7287239,Location saisonnière S1 à hergla,Hergla,À partir de 1 800 TND / Semaine,Appartement,7287239,2 pièces,80 m²,,,,,,,Tout à l'égout,Neuf,3ème,,,,,,,,,1.0,1.0,,36.02963,10.50812,,,1.0,,1.0,,,1.0,,1.0,,,,,,,,1.0,,,1.0,1.0,1.0,,1.0,1.0,,,,,,,1.0,1.0,1.0,1.0,,1.0,,,,,,,,,,,,,,,,,,,,,,,,,,,,,,,,,,,,,,,,,,,,,,,,,,,,,,,,,,,,,,,,,,,,,,,,,,
https://www.homeintunisia.com/fr/propri%C3%A9t%C3%A9/7282859,Appartement S+2 meublé à Hammam sousse - pieds dqns l'eau,Hammam Sousse,À partir de 300 TND / Jour,Appartement,7282859,3 pièces,,,"Climatisation, Central",Eau chaude,Individuel,Chauffe-eau,Individuelle,,Bon état,3ème,Nord-est,Panoramique Mer Ciel,,,,,,,,,,35.89419,10.59822,,,1.0,,,,,1.0,,,,,,,,,,,,,,,,1.0,1.0,1.0,,,,,,,,1.0,,1.0,,1.0,,,,,,,,,,,,,,,,,,,,,,,,,,,,1.0,,,,,,,,,,,,,,,,,,,,,,,,,,,,,,,,,,,,,,,,,,,,,,
https://www.homeintunisia.com/fr/propri%C3%A9t%C3%A9/7282227,Appartement S+1 meublé à louer à Hammem sousse,Hammam Sousse,À partir de 200 TND / Jour,Appartement,7282227,3 pièces,,,"Climatisation, Central",Eau chaude,Individuel,Chauffe-eau,Individuelle,,Bon état,2ème,Nord-est,Panoramique Mer Ciel,,,,,,,,,,35.89419,10.59822,,,1.0,,,,,1.0,,,,,,,,,,,,,,,,1.0,1.0,1.0,,,,,,,,1.0,,1.0,,1.0,,,,,,,,,,,,,,,,,,,,,,,,,,,,1.0,,,,,,,,,,,,,,,,,,,,,,,,,,,,,,,,,,,,,,,,,,,,,,
https://www.homeintunisia.com/fr/propri%C3%A9t%C3%A9/7282213,Appartement S+2 meublé à louer à Kantaoui,El Kantaoui,À partir de 280 TND / Jour,Appartement,7282213,3 pièces,,,"Climatisation, Central",Eau chaude,Individuel,Chauffe-eau,Individuelle,,Bon état,4ème,Nord-est,Panoramique Mer Ciel,,,,,,,,,,35.89419,10.59822,,,1.0,,,,,1.0,,,,,,,,,,,,,,,,1.0,1.0,1.0,,,,,,,,1.0,,1.0,,1.0,,,,,,,,,,,,,,,,,,,,,,,,,,,,1.0,,,,,,,,,,,,,,,,,,,,,,,,,,,,,,,,,,,,,,,,,,,,,,
https://www.homeintunisia.com/fr/propri%C3%A9t%C3%A9/7275426,Location saisonnière s+2 à folla acqua resort,Chatt Meriem,À partir de 450 TND / Jour,Appartement,7275426,3 pièces,110 m²,,Central,,,Chaudière,Individuelle,Tout à l'égout,Excellent état,1er étage / 3,,Panoramique,,,,,,1.0,1.0,1.0,,35.94937,10.54118,,,1.0,,1.0,1.0,1.0,1.0,,1.0,,,,,1.0,,,1.0,1.0,1.0,1.0,1.0,1.0,,1.0,1.0,,1.0,,1.0,1.0,,,1.0,1.0,1.0,1.0,1.0,,,,,,,,,,,,,,,,,,,1.0,1.0,1.0,1.0,,,,,,,,,,,,,,,,,,,1.0,1.0,,,,,,,,,,,,,,,1.0,,,,,,,,,,,,,,,,,
https://www.homeintunisia.com/fr/propri%C3%A9t%C3%A9/7274923,Locationestivale appartement S+2 Amwej,Tantana,À partir de 280 TND / Jour,Appartement,7274923,3 pièces,,,"Climatisation, Central",Eau chaude,Individuel,Chaudière,Individuelle,,Bon état,Rez-de-chaussée,Nord-ouest,Dégagée Mer Jardin,,,,,,,,,,35.83358,10.59779,,,1.0,,1.0,,,1.0,,,,,,1.0,,,,,,1.0,,,1.0,1.0,1.0,1.0,,,1.0,,,,,1.0,1.0,1.0,1.0,1.0,,,,,,,,,,,,,,,,,,,,1.0,,,1.0,,,,,1.0,,,,,,,1.0,,,,,,1.0,,,,,,,,,,,,,,,,,,,,,,,,,,,,,,,,,
https://www.homeintunisia.com/fr/propri%C3%A9t%C3%A9/7217875,Location saisonnière S+1 résidence Nadine,Chatt Meriem,À partir de 1 600 TND / Semaine,Appartement,7217875,2 pièces,60 m²,,Central,Gaz,Individuel,Chaudière,Individuelle,Tout à l'égout,,2ème étage / 2,,Panoramique,,,,,,,,1.0,,36.81996,10.18824,,,,,,1.0,,1.0,,,,,,,,,,1.0,,,,,,,1.0,1.0,1.0,,,,,,,1.0,1.0,1.0,,1.0,,,,,,,,,,,,,,,,,,,,,,,,,,,,,,,,,,,,,,,,,1.0,,,,,,,,,,,,,,,,,,,,,,,,,,,,,,,,,
https://www.homeintunisia.com/fr/propri%C3%A9t%C3%A9/7213946,Location Saisonnière S+2 à Folla Acqua Resort - Chott Meriem,Chatt Meriem,À partir de 430 TND / Jour,Appartement,7213946,3 pièces,100 m²,,Climatisation,,Collectif,Chaudière,Individuelle,Tout à l'égout,Bon état,2ème étage / 3,,Panoramique,,,,,,1.0,1.0,,,35.94847,10.53987,,,1.0,,1.0,,,1.0,,1.0,,,,,,,,1.0,1.0,1.0,1.0,,1.0,,1.0,1.0,,,1.0,,,1.0,,,,1.0,1.0,1.0,,,,,,,,,1.0,,,,,,,,,,1.0,,,1.0,,,,,,,,,,,,,,,,,,,1.0,,,,,,,,,,,,,,,,,,,,,,,,,,,,,,,,,
https://www.homeintunisia.com/fr/propri%C3%A9t%C3%A9/7205185,S+1 de standing,El Kantaoui,À partir de 290 TND / Jour,Appartement,7205185,2 pièces,,70 m²,"Climatisation, Central",Gaz,Collectif,Chaudière,Individuelle,Tout à l'égout,Excellent état,2ème,Nord-est,Dégagée Mer Ciel,,,,,,1.0,1.0,,,35.88552,10.58702,,,1.0,,1.0,1.0,1.0,1.0,,1.0,,,,1.0,1.0,,,,1.0,,,,,,,,,,,,,,,,,,,,,,,,,,,,,,,,,,,,,,,1.0,,1.0,,,,,,,,,,,,,1.0,,,,,,1.0,,,,,,,,,,,,,,,,,,,,,,,,,,,,,,,,,
https://www.homeintunisia.com/fr/propri%C3%A9t%C3%A9/7201755,location saisonnière S+2 à,Hergla,À partir de 1 050 TND / Semaine,Appartement,7201755,3 pièces,80 m²,,,,,,,Tout à l'égout,Excellent état,1er,,Panoramique,,,,,,,1.0,,,36.03468,10.50433,,,1.0,,,,,,,,,,,1.0,,,,1.0,,,1.0,1.0,1.0,,1.0,1.0,,,,,,,,1.0,1.0,1.0,,1.0,,,,,,,,,,1.0,,,,,,,,,1.0,,,,,,,,,,,,,,,,1.0,,,,,,,,,,,,,,,,,,,,,,,,,,,,,,,,,,,,,,,
https://www.homeintunisia.com/fr/propri%C3%A9t%C3%A9/7198645,location saisonnière S 0,Tantana,À partir de 870 TND / Semaine,Appartement,7198645,1 pièce,35 m²,,Climatisation,Electrique,Collectif,Chaudière,Individuelle,Tout à l'égout,Bon état,1er étage / 4,,Panoramique,,,,,,,1.0,1.0,,35.66902,10.10443,,1.0,1.0,,1.0,,,1.0,,1.0,,,1.0,1.0,,,,1.0,1.0,,,1.0,,,1.0,1.0,,1.0,,,,,1.0,1.0,1.0,,1.0,,,,,,,,,,,,,,,,1.0,,,,,1.0,1.0,1.0,,,,,,,,,,,,,1.0,,,,,,,1.0,,,,,,,,,,,,,,,,,,,,,,,,,,,,,,,,
https://www.homeintunisia.com/fr/propri%C3%A9t%C3%A9/7196925,location saisonnière S+1 au Port Kantaoui,El Kantaoui,À partir de 240 TND / Jour,Appartement,7196925,2 pièces,45 m²,,Climatisation,Eau chaude,Individuel,Chauffe-eau,Individuelle,Tout à l'égout,Bon état,Rez-de-chaussée,,Dégagée,,,,,,1.0,1.0,,,35.89671,10.59891,,,1.0,,,,,1.0,,,,,,,,,,,,,,1.0,,,1.0,1.0,,,1.0,,,,,1.0,1.0,,,1.0,,,,,,,,,,,,,,,,,,,,,,,,,,,,,,,,,,,,,,,,,,,,,,,,,,,,,,,,,,,,,,,,,,,,,,,,,,
https://www.homeintunisia.com/fr/propri%C3%A9t%C3%A9/7193608,🏝️ Superbe Appartement S+2 en Location Saisonnière – Résidence Pieds dans l’Eau à Sousse 🏡,Hammam Sousse,À partir de 290 TND / Jour,Appartement,7193608,3 pièces,,107 m²,"Radiateur, Climatisation, Central",Gaz,Collectif,Chaudière,Individuelle,Fosse toutes eaux,Bon état,3ème,Nord-est,Dégagée Ciel Rue,,,,,,,,,,35.88319,10.59397,,,1.0,,1.0,1.0,1.0,,,,,,,,,,,,1.0,1.0,,,,,,,,,,,,,,,,,,,,,,,,,,,,,,,,,,,,,,,,,,,,,,,,,,,,,,,,,,,1.0,,,,,,,,,,,,,,,,,,,,,,,,,,,,,,,,,
https://www.homeintunisia.com/fr/propri%C3%A9t%C3%A9/7191682,Location saisonnière S+1 à port kantaoui,El Kantaoui,À partir de 260 TND / Jour,Appartement,7191682,2 pièces,60 m²,,"Climatisation, Central",Electrique,Collectif,Chauffe-eau,Individuelle,Tout à l'égout,Excellent état,2ème étage / 3,,Panoramique Jardin Ciel,,,,,,1.0,1.0,1.0,,35.89292,10.59877,,,1.0,,,,,1.0,,,,,,1.0,1.0,,,,,,1.0,1.0,1.0,,1.0,1.0,1.0,,1.0,,,,,1.0,1.0,1.0,,1.0,,,,,,,,,,,,,,,,,,,,,,,,,,,,,,,,,,,,,,,,,,1.0,,,,,,,,,,,,,,,,,,,,,,,,,,,,,,,,
https://www.homeintunisia.com/fr/propri%C3%A9t%C3%A9/7187048,maison indépendante saisonnière S+2 à,Hergla,À partir de 1 400 TND / Semaine,Appartement,7187048,3 pièces,100 m²,,,,,,,Tout à l'égout,Bon état,,,Interne,,,,,,,1.0,,,36.79879,10.18564,,,,,,,,1.0,,,,,,,,,,,,,1.0,1.0,1.0,,1.0,1.0,,,,,,,,,1.0,,,1.0,,,,,,,,,,,,,,,,,,,,,,,,,,,,,,,,,,,,,,,,,,,,,,,,,,,,,,,,,,,,,,,,,,,,,,,,,,
https://www.homeintunisia.com/fr/propri%C3%A9t%C3%A9/7181671,Location saisonnière S+2,Chatt Meriem,À partir de 2 700 TND / Semaine,Appartement,7181671,3 pièces,100 m²,,,,,,,Tout à l'égout,Excellent état,2ème,,Panoramique,,,,,,1.0,,1.0,,35.91373,10.55691,,,1.0,,,,,1.0,,1.0,,,,,,,,,,,1.0,1.0,,,1.0,1.0,,,,,,,,1.0,1.0,1.0,,1.0,,,,,,,,,,,,,,,,,,,,1.0,,,,,,,,,1.0,,,,,,,,,,,,1.0,1.0,,,,,,,,,,,,,,,,,,,,,,,,,,,,,,,,
https://www.homeintunisia.com/fr/propri%C3%A9t%C3%A9/7177136,Location saisonnière s+2 à folla aqua résort chott meriem,Chatt Meriem,À partir de 315 TND / Jour,Appartement,7177136,3 pièces,126 m²,46 m²,"Au sol, Climatisation",,Collectif,Chauffe-eau,Individuelle,Tout à l'égout,Excellent état,2ème,,Panoramique Jardin,,,,,,,,1.0,,35.8779,10.57493,,,,,,,1.0,1.0,,,,,,,,,,1.0,1.0,,1.0,1.0,1.0,,1.0,1.0,1.0,,,,,,,1.0,,1.0,1.0,1.0,,,,,,,,,,,,,,,,,,,,,,1.0,,,,,,,,,,,,,,,,,,,1.0,,,,,,,,,,,,,,,,,,,,,,,,,,,,,,,,,
https://www.homeintunisia.com/fr/propri%C3%A9t%C3%A9/7177125,Appartement au RDC S+1 location estivale - Kantaoui,El Kantaoui,À partir de 1 650 TND / Semaine,Appartement,7177125,2 pièces,,,"Climatisation, Central",Eau chaude,Individuel,Chauffe-eau,Individuelle,,Excellent état,Rez-de-chaussée,Nord-ouest,Panoramique Mer Ciel,,,,,,,,,,35.87522,10.5745,,,1.0,,,,,1.0,,,,,,,,,,,,,1.0,1.0,1.0,1.0,1.0,1.0,,,,,,,,1.0,1.0,1.0,1.0,1.0,,,,,,,,,,,,,,,,,,,,,,,1.0,,,,1.0,1.0,,,,,,,,,,,,,,,,,,,,,,,,,,,,,,,,,,,,,,,,,,,,,,
https://www.homeintunisia.com/fr/propri%C3%A9t%C3%A9/7177095,Appartement RDC S+2 location estivale - Kantaoui,El Kantaoui,À partir de 2 700 TND / Semaine,Appartement,7177095,3 pièces,,,"Climatisation, Central",Eau chaude,Individuel,Chauffe-eau,Individuelle,,Excellent état,Rez-de-chaussée,Nord-ouest,Panoramique Mer Ciel,,,,,,,,,,35.87522,10.5745,,,1.0,,,,,1.0,,,,,,,,,,,,,1.0,1.0,1.0,1.0,1.0,1.0,,,,,,,,1.0,1.0,1.0,1.0,1.0,,,,,,,,,,,,,,,,,,,,,,,1.0,,,,1.0,1.0,,,,,,,,,,,,,,,,,,,,,,,,,,,,,,,,,,,,,,,,,,,,,,
https://www.homeintunisia.com/fr/propri%C3%A9t%C3%A9/7166520,appartement s+1 pour location saisonnière à hammam sousse,Hammam Sousse,À partir de 850 TND / Semaine,Appartement,7166520,2 pièces,50 m²,,,,,,,Tout à l'égout,Bon état,1er,,Dégagée,,,,,,,1.0,,,35.8834,10.58822,,,1.0,,1.0,,,1.0,,1.0,,,,1.0,,,,1.0,,,,1.0,1.0,,1.0,1.0,,,,,,,,1.0,1.0,,,1.0,,,,,,,,,,,,,,,,,,,,1.0,,1.0,,,,,,,,,,,,,1.0,,,,,,1.0,,,,,,,,,,,,,,,,,,,,,,,,,,,,,,,,,
https://www.homeintunisia.com/fr/propri%C3%A9t%C3%A9/7165437,appartement s+1 pour location estivale à hammam sousse,Hammam Sousse,À partir de 840 TND / Semaine,Appartement,7165437,2 pièces,50 m²,,,,,,,Tout à l'égout,Bon état,2ème,,Dégagée,,,,,,,1.0,,,35.8895,10.59013,,,1.0,,1.0,,,1.0,,1.0,,,,1.0,,,,1.0,,,,1.0,1.0,,1.0,1.0,,,,,,,,1.0,1.0,,,1.0,,,,,,,,,,,,,,,,,,,,1.0,,,,,,,,,,,,,,,1.0,,,,,,1.0,,,,,,,,,,,,,,,,,,,,,,,,,,,,,,,,,
https://www.homeintunisia.com/fr/propri%C3%A9t%C3%A9/7161757,Location Saisonnière S+1 meublé à  auprés du rond point Cléopatre,Hammam Sousse,À partir de 140 TND / Jour,Appartement,7161757,2 pièces,75 m²,,Climatisation,"Gaz, Electrique, Eau chaude",Collectif,,,Tout à l'égout,Excellent état,4ème étage / 4,,Interne,,,,,,,,,,35.8569,10.5972,,,1.0,,,1.0,,1.0,,1.0,,,,1.0,,,,,,,,,,,,,,,,,,,,,,,,,,,,,,,,,,,,,,,,,,,,1.0,,,,,,,,,,,,,,,1.0,,,,,,1.0,,,,,,,,,,,,,,,,,,,,,,,,,,,,,,,,,
https://www.homeintunisia.com/fr/propri%C3%A9t%C3%A9/7151810,Location Saisonnière maison arabe -,Hergla,À partir de 150 TND / Jour,Appartement,7151810,2 pièces,,,"Climatisation, Central",Eau chaude,Individuel,Chauffe-eau,Individuelle,,Bon état,1er,Nord-ouest,Panoramique Mer Ciel,,,,,,,,,,35.91034,10.57638,,,,,,,,1.0,,,,,,,,,,,,,,,,1.0,1.0,1.0,,,,,,,,1.0,1.0,1.0,1.0,1.0,,,,,,,,,,,,,,,,,,,,,,,1.0,,,,,1.0,,,,,,,,,,,,,,,,,,,,,,,,,,,,,,,,,,,,,,,,,,,,,,
https://www.homeintunisia.com/fr/propri%C3%A9t%C3%A9/7145450,location saisonnière S+1 à résidence Amwej,Tantana,À partir de 1 300 TND / Semaine,Appartement,7145450,2 pièces,60 m²,,Central,,,,,Tout à l'égout,,5ème,,Panoramique,,,,,,,1.0,,,35.83403,10.60033,,,1.0,,1.0,,,,,1.0,,,,1.0,,,,1.0,,1.0,1.0,1.0,,,1.0,,,,,,1.0,,,,,,1.0,1.0,,,,,,,,,,,,,,,,,,,,,1.0,1.0,,,,,,,,,,,,,1.0,,,,,,1.0,1.0,,,,,,,,,,,,,,,,,,,,,,,,,,,,,,,,
https://www.homeintunisia.com/fr/propri%C3%A9t%C3%A9/7145070,Location saisonnière S+1 à kantaoui soviva,El Kantaoui,À partir de 750 TND / Semaine,Appartement,7145070,2 pièces,50 m²,,,,,,,Tout à l'égout,Bon état,Rez-de-chaussée,,Dégagée,,,,,,,1.0,,,35.89911,10.586,,,1.0,,,,,,,,,,,,,,,,,,,1.0,,,1.0,1.0,,,,,,,,1.0,1.0,,,1.0,,,,,,,,,,,,,,,,,,,,,,,1.0,,,,,,,,,,,,,,,,,,,,,,,,,,,,,,,,,,,,,,,,,,,,,,,,,,,
https://www.homeintunisia.com/fr/propri%C3%A9t%C3%A9/7132705,Location Saisonnière appartement S+2 -,Hergla,À partir de 210 TND / Jour,Appartement,7132705,3 pièces,,,"Climatisation, Central",Eau chaude,Individuel,Chauffe-eau,Individuelle,,Bon état,1er,Nord-ouest,Panoramique Mer Ciel,,,,,,,,,,35.91034,10.57638,,,,,,,,1.0,,,,,,,,,,,,,,,,1.0,1.0,1.0,,,,,,,,1.0,1.0,1.0,1.0,1.0,,,,,,,,,,,,,,,,,,,,,,,1.0,,,,,1.0,,,,,,,,,,,,,,,,,,,,,,,,,,,,,,,,,,,,,,,,,,,,,,
https://www.homeintunisia.com/fr/propri%C3%A9t%C3%A9/7131792,Location saisonnière S+1 a,Hergla,À partir de 150 TND / Jour,Appartement,7131792,2 pièces,70 m²,,,,,,,Tout à l'égout,Bon état,Rez-de-chaussée,,Interne,,,,,,,1.0,,,36.00693,10.43571,,,1.0,,,,,1.0,,,,,,,,,,1.0,,,,1.0,,,1.0,1.0,,,,,,,,1.0,1.0,1.0,,1.0,,,,,,,,,,,,,,,,,,,,,,,,,,,,,,,,,,,,,,,,,,,,,,,,,,,,,,,,,,,,,,,,,,,,,,,,,,
https://www.homeintunisia.com/fr/propri%C3%A9t%C3%A9/7108628,location saisonnière S+0 à folla acqua resort,Chatt Meriem,À partir de 230 TND / Jour,Appartement,7108628,1 pièce,40 m²,,Central,,,Chaudière,Individuelle,,Bon état,1er étage / 3,,Dégagée Mer Ciel,,,,,,,1.0,1.0,,35.94368,10.54139,,,1.0,,1.0,1.0,,,,1.0,,,,,1.0,,,1.0,1.0,1.0,1.0,,1.0,,1.0,1.0,,,,,,,,1.0,,1.0,1.0,1.0,,,,,,,,,,,,,,,,,,,1.0,,,,,,,,,,,,,,,,,,,,,,1.0,1.0,,,,,,,,,,,,,,,,,,,,,,,,,,,,,,,,
https://www.homeintunisia.com/fr/propri%C3%A9t%C3%A9/7104570,Location saisonnière S0 à folla acqua resort,Chatt Meriem,À partir de 260 TND / Jour,Appartement,7104570,1 pièce,40 m²,,Central,,,Chaudière,Individuelle,,Excellent état,3ème étage / 3,,Panoramique,,,,,,,,,,35.94457,10.53763,,,1.0,,1.0,,1.0,,,,,,,,,,,1.0,1.0,1.0,1.0,,1.0,,,1.0,,1.0,1.0,,,,,,,1.0,1.0,1.0,,,,,,,,,,,,,,,,,,,1.0,1.0,1.0,1.0,,,,,,,,,,,,,,,,,,,1.0,1.0,,,,,,,,,,,,,,,,,,,,,,,,,,,,,,,,
https://www.homeintunisia.com/fr/propri%C3%A9t%C3%A9/7101659,S+3 proche de la mer,Tantana,À partir de 450 TND / Jour,Appartement,7101659,4 pièces,,150 m²,Climatisation,Gaz,Collectif,Chaudière,Individuelle,Tout à l'égout,Bon état,1er,"Nord-est, Nord-ouest",Dégagée Ciel Rue,,,,,,1.0,,1.0,,35.9183,10.57957,,,1.0,1.0,1.0,1.0,1.0,,,1.0,,,,,,,,,,,,1.0,,,,,,,,,,,,,,,,,,,,,,,,,,,,,,,,,,,,,,1.0,,,,,,,,,,,,,,,,,,,,,,,,,,,,,,,,,,,,,,,,,,,,,,,,,,,,
https://www.homeintunisia.com/fr/propri%C3%A9t%C3%A9/7100852,Location estivale S+1 à chott Meriem,Chatt Meriem,À partir de 120 TND / Jour,Appartement,7100852,2 pièces,80 m²,,,,Collectif,,,Tout à l'égout,,2ème étage / 1,,Dégagée,,,,,,1.0,,,,35.82311,10.62956,,,1.0,,,,,1.0,,,,,,,,,,,,1.0,,1.0,,,1.0,1.0,,,1.0,,,,,1.0,1.0,,,1.0,,,,,,,,,,,,,,,,,,,,,,,,,,,,,,,,,,,,,,,,,,,,,,,,,,,,,,,,,,,,,,,,,,,,,,,,,,
https://www.homeintunisia.com/fr/propri%C3%A9t%C3%A9/7090385,Location Saisonnière - Superbe Appartement S+1 dans une Résidence Unique à Monastir,Zone Skanes,À partir de 320 TND / Jour,Appartement,7090385,2 pièces,85 m²,,"Radiateur, Climatisation",Gaz,Individuel,Chaudière,Individuelle,Tout à l'égout,Excellent état,,,Dégagée Ciel Rue,,,,,,,,1.0,,35.7612,10.7405,,,1.0,,1.0,,,1.0,,1.0,,,,,1.0,,,,1.0,1.0,,,,,,1.0,1.0,,1.0,1.0,,,,1.0,,,1.0,,,,,,,,,,,,,,,,,,,,,,1.0,1.0,,,,,,1.0,,,,,,,,,,,1.0,,1.0,1.0,,,,,,,,,,,,1.0,,,,,,,,,,,,,,1.0,,,,,,
https://www.homeintunisia.com/fr/propri%C3%A9t%C3%A9/7086764,location saisonnière s 0,Sousse,À partir de 1 300 TND / Semaine,Appartement,7086764,1 pièce,,,Radiateur,Gaz,Individuel,Chauffe-eau,Individuelle,Tout à l'égout,Excellent état,2ème étage / 3,,Panoramique,,,,,,1.0,1.0,1.0,,35.82401,10.63774,,1.0,1.0,,1.0,1.0,1.0,1.0,,1.0,,,,,1.0,,,1.0,1.0,1.0,,,,,,,,,,1.0,1.0,,1.0,,,,,,,,,,,,,,,,,,,,,,,,1.0,,1.0,1.0,,,,,,,,,,,,,,,,,,,1.0,,,,,,,,,,,,,,,,,,,,,,,,,,,,,,,,,
https://www.homeintunisia.com/fr/propri%C3%A9t%C3%A9/7086327,apppartement S+2 location saisonnière,Sousse,À partir de 850 TND / Semaine,Appartement,7086327,3 pièces,95 m²,,,,,,Individuelle,Tout à l'égout,Bon état,3ème,,Dégagée,,,,,,,,,,35.82305,10.63981,,1.0,,,,,,1.0,,,,,,,,,,,,,,,,,1.0,1.0,,,,,,,,,1.0,,,1.0,,,,,,,,,,,,,,,,,,,,,,,,,,,,,,,,,,,,,,,,,,,,,,,,,,,,,,,,,,,,,,,,,,,,,,,,,,
https://www.homeintunisia.com/fr/propri%C3%A9t%C3%A9/7082763,location saisonnière S+0 à folla acqua resort,Chatt Meriem,À partir de 230 TND / Jour,Appartement,7082763,1 pièce,40 m²,,Central,,Collectif,Chaudière,Individuelle,Tout à l'égout,Excellent état,2ème étage / 3,,,,,,,,,1.0,1.0,,35.94546,10.54469,,,1.0,,1.0,,,1.0,,1.0,,,,,1.0,,,1.0,1.0,1.0,1.0,1.0,1.0,,1.0,,,,,1.0,1.0,,,1.0,1.0,1.0,1.0,1.0,,,,,,,,,,,,,,,,,,,1.0,1.0,1.0,1.0,,,,,,,,,,,,,,,,,,,1.0,1.0,,,,,,,,,,,,,,,,,,,,,,,,,,,,,,,,
https://www.homeintunisia.com/fr/propri%C3%A9t%C3%A9/7081728,Location saisonnière S+1 à sousse,Sousse,À partir de 120 TND / Jour,Appartement,7081728,2 pièces,80 m²,,,,,,,Tout à l'égout,Excellent état,,,Dégagée,,,,,,,,,,35.82722,10.63053,,,1.0,,1.0,,,1.0,,,,,,1.0,,,,1.0,,,,1.0,1.0,,1.0,1.0,,,,,,1.0,,1.0,1.0,1.0,,1.0,,,,,,,,,,,,,,,,,,,1.0,1.0,1.0,1.0,,,,,,,,,,,,,,,,,,,1.0,,,,,,,,,,,,,,,,,,,,,,,,,,,,,,,,,
https://www.homeintunisia.com/fr/propri%C3%A9t%C3%A9/7081121,location saisonnière S+2 à folla acqua résort,Chatt Meriem,À partir de 2 800 TND / Semaine,Appartement,7081121,3 pièces,120 m²,,Climatisation,Eau chaude,Individuel,Chaudière,Individuelle,Tout à l'égout,Excellent état,4ème étage / 4,,Panoramique,,,,,,1.0,1.0,,,35.9173,10.57393,,,1.0,,1.0,,,1.0,,1.0,,,,,1.0,,,1.0,,,1.0,1.0,1.0,,1.0,1.0,,,,,1.0,1.0,,1.0,,1.0,1.0,1.0,,,,,,,,,,,,,,,,,,,,1.0,,,,,,,,,,,,,,,,,,,,,1.0,1.0,,,,,,,,,,,,,,,,,,,,,,,,,,,,,,,,
https://www.homeintunisia.com/fr/propri%C3%A9t%C3%A9/7078531,location saisonnière s+2 corniche,Sousse Corniche,À partir de 1 350 TND / Semaine,Appartement,7078531,3 pièces,80 m²,,,,,,,Tout à l'égout,,1er,,Externe,,,,,,,,,,35.83261,10.63748,,,1.0,,,,,1.0,,,,,,,,,,1.0,,,,1.0,,,1.0,1.0,,,,,,,,1.0,1.0,,,1.0,,,,,,,,,,,,,,,,,,,1.0,,,,,,,,,,,,,,,,,,,,,,,,,,,,,,,,,,,,,,,,,,,,,,,,,,,,,,,
https://www.homeintunisia.com/fr/propri%C3%A9t%C3%A9/7053443,location saisonnière S+1 à Folla Palm Lake Monastir,Zone Skanes,À partir de 1 900 TND / Semaine,Appartement,7053443,2 pièces,80 m²,,Central,Gaz,Individuel,Chaudière,Individuelle,Tout à l'égout,Excellent état,1er,,Dégagée,,,,,,1.0,1.0,,,35.75616,10.82802,,,1.0,,1.0,,,,,1.0,,,,,1.0,,,1.0,1.0,1.0,1.0,1.0,1.0,,,,,,,,1.0,,,,1.0,,,,,,,,,,,,,,,,,,,,,,1.0,1.0,1.0,1.0,1.0,,,,,,,,,,,,,,,,,,1.0,1.0,,,,,,,,,,,,,,,,,,,,,,,,,,,,,,,,
https://www.homeintunisia.com/fr/propri%C3%A9t%C3%A9/7013368,Appartement S+2 meublé à louer à Kantaoui,El Kantaoui,À partir de 220 TND / Jour,Appartement,7013368,3 pièces,,,"Climatisation, Central",Eau chaude,Individuel,Chauffe-eau,Individuelle,,Bon état,4ème,Nord-est,Panoramique Mer Ciel,,,,,,,,,,35.89419,10.59822,,,1.0,,,,,1.0,,,,,,,,,,,,,,,,1.0,1.0,1.0,,,,,,,,1.0,,1.0,,1.0,,,,,,,,,,,,,,,,,,,,,,,,,,,,1.0,,,,,,,,,,,,,,,,,,,,,,,,,,,,,,,,,,,,,,,,,,,,,,
https://www.homeintunisia.com/fr/propri%C3%A9t%C3%A9/7004487,Location saisonnière S0 à folla acqua résort chott meriem,Chatt Meriem,À partir de 215 TND / Jour,Appartement,7004487,2 pièces,,46 m²,,,Collectif,,,Tout à l'égout,Excellent état,3ème,,,,,,,,,,1.0,,35.8779,10.57493,,,,,,,1.0,1.0,,,,,,,,,,1.0,1.0,,1.0,1.0,1.0,,1.0,1.0,1.0,,,,,,,1.0,,1.0,1.0,1.0,,,,,,,,,,,,,,,,,,,,,,1.0,,,,,,,,,,,,,,,,,,,1.0,,,,,,,,,,,,,,,,,,,,,,,,,,,,,,,,,
https://www.homeintunisia.com/fr/propri%C3%A9t%C3%A9/6986100,S+2 vue mer,Hammam Sousse,À partir de 320 TND / Jour,Appartement,6986100,3 pièces,100 m²,100 m²,"Radiateur, Climatisation",Gaz,Individuel,Chaudière,Individuelle,Tout à l'égout,Bon état,7ème,Nord-est,Dégagée,,,,,,,1.0,1.0,,35.8569,10.5972,,,,,1.0,,1.0,1.0,,1.0,,,,1.0,,,,,1.0,1.0,,1.0,1.0,1.0,1.0,1.0,,,1.0,,,,,,1.0,1.0,1.0,1.0,,,,,,,,,,,,,,,,,,,,1.0,,,,,,,,,,,,,,,,,,,,,1.0,,,1.0,,,,,,,,,,,,,,,,,,,,,,,,,,,,,,
https://www.homeintunisia.com/fr/propri%C3%A9t%C3%A9/6984966,Location saisonnière S+1 à résidence Amwej,Chatt Meriem,Prix sur demande,Appartement,6984966,2 pièces,,,"Climatisation, Central",Eau chaude,Individuel,Chauffe-eau,Individuelle,,Excellent état,2ème,Nord-ouest,Panoramique Mer Ciel,,,,,,,,,,35.92259,10.57065,,,1.0,,,,,1.0,,,,,,,,,,,,1.0,1.0,1.0,1.0,1.0,1.0,,,1.0,1.0,,,,,1.0,1.0,1.0,1.0,1.0,,,,,,,,1.0,,,,,,,,,,,,,1.0,1.0,1.0,,,,1.0,1.0,1.0,,,,,,,,,,,,,,,,,,,,,,,,,,,,,,,,,,,,,,,,,,,,,
https://www.homeintunisia.com/fr/propri%C3%A9t%C3%A9/6976782,Locaton saisonnière S+1 zone touristique h.sousse,Hammam Sousse,À partir de 150 TND / Jour,Appartement,6976782,2 pièces,,,"Climatisation, Central",Eau chaude,,Chaudière,Individuelle,,,Rez-de-chaussée,Sud-est,Aperçu Ville Ciel,,,,,,,,,,35.88607,10.59579,,,,,,,,1.0,,,,,,,,,,,,,,1.0,,,1.0,1.0,,,,,,,,1.0,1.0,1.0,1.0,,,,,,,,,,,,,,,,,,,,,,,,1.0,,,,,1.0,,,,,,,,,,,,,,,,,,,,,,,,,,,,,,,,,,,,,,,,,,,,,,
https://www.homeintunisia.com/fr/propri%C3%A9t%C3%A9/6973261,Locaton saisonnière S+3 zone touristique h.sousse,Hammam Sousse,À partir de 200 TND / Jour,Appartement,6973261,,100 m²,,,,,,,Tout à l'égout,Bon état,2ème,,Panoramique,,,,,,,1.0,,,35.88877,10.58686,,,1.0,,1.0,1.0,1.0,1.0,,1.0,,,,,1.0,,,1.0,1.0,1.0,,,,,,,1.0,,1.0,,,,,,,,,,,,,,,,,,,,,,,,,1.0,,,1.0,1.0,1.0,1.0,,,,,,,,,,,,,,,,,,,,,,,,,,,,,,,,,,,,,,,,,,,,,,,,,,,,
https://www.homeintunisia.com/fr/propri%C3%A9t%C3%A9/6971995,Location Saisonnière appartement S+2 - Kantaoui,El Kantaoui,À partir de 210 TND / Jour,Appartement,6971995,3 pièces,,,"Climatisation, Central",Eau chaude,Individuel,Chauffe-eau,Individuelle,,Bon état,3ème,Nord-ouest,Panoramique Mer Ciel,,,,,,,,,,35.91034,10.57638,,,,,,,,1.0,,,,,,,,,,,,,,,,1.0,1.0,1.0,,,,,,,,1.0,1.0,1.0,1.0,1.0,,,,,,,,,,,,,,,,,,,,,,,1.0,,,,,1.0,,,,,,,,,,,,,,,,,,,,,,,,,,,,,,,,,,,,,,,,,,,,,,
https://www.homeintunisia.com/fr/propri%C3%A9t%C3%A9/6971970,Location Saisonnière appartement S+1 - Kantaoui,El Kantaoui,À partir de 200 TND / Jour,Appartement,6971970,2 pièces,,,"Climatisation, Central",Eau chaude,Individuel,Chauffe-eau,Individuelle,,Bon état,5ème,Nord-ouest,Panoramique Mer Ciel,,,,,,,,,,35.91139,10.58345,,,,,,,,1.0,,,,,,,,,,,,,,,,1.0,1.0,1.0,,,,,,,,1.0,1.0,1.0,1.0,1.0,,,,,,,,,,,,,,,,,,,,,,,1.0,,,,,1.0,,,,,,,,,,,,,,,,,,,,,,,,,,,,,,,,,,,,,,,,,,,,,,
https://www.homeintunisia.com/fr/propri%C3%A9t%C3%A9/6964160,location saisonnière s+2 folla acqua résort,Chatt Meriem,À partir de 2 950 TND / Semaine,Appartement,6964160,3 pièces,120 m²,,Central,,Collectif,Chaudière,Individuelle,Tout à l'égout,Excellent état,1er étage / 3,,,,,,,,1.0,1.0,1.0,,35.94444,10.54424,,,1.0,,,,,,,,,,,1.0,1.0,,,1.0,,1.0,,1.0,,,1.0,1.0,,,,1.0,,,,1.0,,1.0,1.0,1.0,,,,,,,,,,,,,,,,,,,1.0,,1.0,1.0,,,,,,,,,,,,,,,,,,,1.0,1.0,,,,,,,,,,,,,,,,,,,,,,,,,,,,,,,,
https://www.homeintunisia.com/fr/propri%C3%A9t%C3%A9/6963665,Location Saisonnière appartement S+2,Hammam Sousse,À partir de 250 TND / Jour,Appartement,6963665,3 pièces,80 m²,,"Climatisation, Central",Eau chaude,Individuel,Chauffe-eau,Individuelle,Tout à l'égout,Bon état,Rez-de-jardin,Nord-est,Panoramique Ville Ciel,,,,,,,,,,35.87252,10.61139,,,1.0,,1.0,,,1.0,,,,,,,,,,,,,,,,1.0,1.0,1.0,,,,,,,,1.0,1.0,1.0,1.0,1.0,,,,,,,,,,,,,,,,,,,,,,,1.0,,,,,1.0,,,,,,,,,,,,,,,,,,,,,,,,,,,,,,,,,,,,,,,,,,,,,,
https://www.homeintunisia.com/fr/propri%C3%A9t%C3%A9/6913450,location saisonnière,Hammam Sousse,À partir de 1 000 TND / Semaine,Appartement,6913450,3 pièces,80 m²,,,,Collectif,,,Tout à l'égout,,1er,,Dégagée,,,,,,,1.0,,,35.86101,10.59757,,,1.0,,,,,1.0,,,,,,,,,,,,,1.0,1.0,1.0,,1.0,,,,,,,,,1.0,1.0,1.0,,1.0,,,,,,,,,,,,,,,,,,,,,,,,,,,,,,,,,,,,,,,,,,,,,,,,,,,,,,,,,,,,,,,,,,,,,,,,,,
https://www.homeintunisia.com/fr/propri%C3%A9t%C3%A9/6674857,Location Saisonnière - Appartement Pieds dans l'Eau à la Résidence Monte Carlo,Hammam Sousse,À partir de 290 TND / Jour,Appartement,6674857,3 pièces,104 m²,,Central,Gaz,Individuel,Chaudière,Individuelle,Tout à l'égout,,6ème,,Panoramique,,,,,,,1.0,,,35.8569,10.5972,,,1.0,,1.0,,,1.0,,1.0,,,,1.0,,,,1.0,1.0,1.0,1.0,1.0,1.0,,1.0,1.0,1.0,,,,,1.0,,1.0,1.0,1.0,1.0,1.0,,,,,,,,1.0,1.0,,,,,,,,,,1.0,1.0,1.0,1.0,,,,,,,,,,,,,1.0,,,,,,1.0,1.0,,,,,,,,,,,,,,,,,,,,,,,,,,,,,,,,
https://www.homeintunisia.com/fr/propri%C3%A9t%C3%A9/6513063,Location Saisonnière - Très Bel Appartement Haut Standing à,Sousse,À partir de 220 TND / Jour,Appartement,6513063,3 pièces,100 m²,,"Radiateur, Climatisation",,Individuel,,Individuelle,Tout à l'égout,Excellent état,3ème,,Dégagée,,,,,,,1.0,,,35.8273,10.6339,,,1.0,,1.0,,1.0,1.0,,1.0,,,,,1.0,,,1.0,,1.0,1.0,1.0,1.0,,1.0,1.0,,,1.0,,,,1.0,1.0,,1.0,1.0,1.0,,,,,1.0,,,,,1.0,,,,,,,,,,1.0,,1.0,,,,,1.0,,,,,,,,,,,,,,1.0,,1.0,,,,,,,1.0,,,,,,,,,,,,,,,,,,,,,,,,
https://www.homeintunisia.com/fr/propri%C3%A9t%C3%A9/6322035,Studio à la Marina,El Kantaoui,À partir de 180 TND / Jour,Appartement,6322035,1 pièce,,45 m²,Climatisation,Electrique,Collectif,Chaudière,Individuelle,Fosse septique,Bon état,1er,,Dégagée Mer Port,,,,,,1.0,,,,35.89419,10.59822,,,1.0,,1.0,,,,,,,,,,,,,,,,,,,,,,,,,,,,,,,,,,,,,,,,,,,,,,,,,,,,,,,,,,,,,,,,,,,,,,,,,,,,,,,,,,,,,,,,,,,,,,,,,,,,,,,,,,,
https://www.homeintunisia.com/fr/propri%C3%A9t%C3%A9/5777597,Appartement S+2 Pieds dans l'Eau à  - Résidence avec Piscine l'eau,Hergla,Prix sur demande,Appartement,5777597,3 pièces,140 m²,155 m²,Central,Gaz,Individuel,Chaudière,Individuelle,Fosse septique,Bon état,3ème étage / 4,Nord,Dégagée Rue,1,2,,,,,1.0,1.0,,36.00369,10.43548,,,,,,,1.0,1.0,,,,,,,,,1,,1.0,1.0,,,,,,,,,,,,,,,,,,,,,,1,,,,,,,,,,,,1.0,,,,1.0,,,,,1.0,,,,,,,,,,,,,,,,1.0,,,,,,,,,,,,,,,,,,,,,,,,,,,,,,,,,3
https://www.homeintunisia.com/fr/propri%C3%A9t%C3%A9/5554902,Location Courte Durée Appartement S+2 à Skanes,Monastir,À partir de 90 TND / Jour,Appartement,5554902,2 pièces,80 m²,,Climatisation,Gaz,,Chauffe-eau,,,Excellent état,1er,,Panoramique,,,,,,,,,,35.7678,10.8225,,,,,,,1.0,1.0,,1.0,,,,,,,,,,,,,1.0,,1.0,1.0,,,,,,,,,,1.0,,,,,,,,,,,,,,,,,,,,,,,,,,,,,,,,,,,,,,,,,,,,,,,,,,,,,,,,,,,,,,,,,,,,,,,,,,,,
https://www.homeintunisia.com/fr/propri%C3%A9t%C3%A9/4134606,Location Saisonnière : Appartement S+2 à,Chatt Meriem,À partir de 180 TND / Jour,Appartement,4134606,3 pièces,80 m²,70 m²,Climatisation,,Collectif,Chauffe-eau,Individuelle,Tout à l'égout,Bon état,2ème étage / 4,,Dégagée Ciel,,,,,,,,,,35.94312,10.52022,,,1.0,,,,,,,,,,,,,,,,,,,1.0,,,1.0,1.0,,,,,,1.0,,1.0,1.0,,,1.0,,,,,,,,,,,,,,,,,,,,,,,,,,,,,,,,,,,,,,,,,,,,,,,,,,,,,,,,,,,,,,,,,,,,,,,,,,
https://www.homeintunisia.com/fr/propri%C3%A9t%C3%A9/4117075,S+1 pieds dans l'eau,Hergla,À partir de 180 TND / Jour,Appartement,4117075,2 pièces,,70 m²,Central,Gaz,Individuel,Chaudière,Individuelle,,Excellent état,,,Panoramique,,,,,,,,,,36.0301,10.5079,,,,,,,,,,,,,,,,,,,,,,,,,,,,,,,,,,,,,,,,,,,,,,,,,,,,,,,,,,,,,,,,,,,,,,,,,,,,,,,,,,,,,,,,,,,,,,,,,,,,,,,,,,,,,,,,
https://www.homeintunisia.com/fr/propri%C3%A9t%C3%A9/4097316,Appartement en Location Saisonnière à,Hergla,À partir de 300 TND / Jour,Appartement,4097316,3 pièces,70 m²,75 m²,Central,Eau chaude,Individuel,Chaudière,Individuelle,Tout à l'égout,Excellent état,2ème étage / 3,,Dégagée,,,,,,1.0,1.0,1.0,,36.0301,10.5079,,,1.0,,1.0,,1.0,1.0,,,,,,1.0,,,,1.0,,1.0,1.0,1.0,1.0,,1.0,1.0,1.0,,,,1.0,,,,,1.0,1.0,1.0,,,,,,1.0,,,,1.0,,,,,,,,,,1.0,,,,,,,,1.0,,,,,,,1.0,,,,,,,1.0,,,,,,,,,,,,,,,,,,,,,,,,,,,,,,,,
https://www.homeintunisia.com/fr/propri%C3%A9t%C3%A9/3299710,APPARTEMENT S+3 À KANTAOUI,El Kantaoui,À partir de 900 TND / Semaine,Appartement,3299710,4 pièces,170 m²,170 m²,Climatisation,Electrique,Individuel,Chaudière,Individuelle,Tout à l'égout,Bon état,2ème étage / 3,,Panoramique,,,,,,,,,,35.89419,10.59822,,,,,,,,,,,,,,,,,,,,,,,,,,,,,,,,,,,,,,,,,,,,,,,,,,,,,,,,,,,,,,,,,,,,,,,,,,,,,,,,,,,,,,,,,,,,,,,,,,,,,,,,,,,,,,,,
https://www.homeintunisia.com/fr/propri%C3%A9t%C3%A9/3025204,Appartement 2 chambres meublé,Cité de la Plage 1,À partir de 120 TND / Jour,Appartement,3025204,3 pièces,110 m²,110 m²,Central,Gaz,Individuel,Chaudière,Individuelle,Tout à l'égout,Bon état,Rez-de-chaussée,,Dégagée,,,,,,,1.0,,,35.79,10.56,,,,,1.0,,1.0,1.0,,,,,,1.0,,,,,,1.0,,1.0,,,1.0,1.0,,,,,,,,,1.0,1.0,,,,,,,,,,,,,,,,,,1.0,,,,,,,,,,,,,,,,,,,,,,,,,1.0,,,,,,,,,,,,,,,,,,,,,,,,,,,,,,,,,
https://www.homeintunisia.com/fr/propri%C3%A9t%C3%A9/2655818,Location Saisonnière S+1 à Tantana – Appartement Meublé avec Vue sur Mer,Chatt Meriem,À partir de 160 TND / Jour,Appartement,2655818,2 pièces,50 m²,50 m²,"Radiateur, Climatisation",Eau chaude,Individuel,Chaudière,Individuelle,Tout à l'égout,Bon état,1er étage / 4,,Dégagée,,,,,,1.0,1.0,,,35.93118,10.55039,,,1.0,,1.0,,,1.0,,1.0,,,,,,,,,,1.0,,1.0,,,1.0,1.0,,,,,1.0,,,,1.0,1.0,,1.0,,,,,,,1.0,,,,,,,,1.0,,,,,,,,,,,,,,,,,,,,,,,,,,,,,,,,,,,,,,,,,,,,,,,,,,,,,,,,,,,
https://www.homeintunisia.com/fr/propri%C3%A9t%C3%A9/2980322,Appartement meublé avec goût à Chott Meriem – Côté plage,Chatt Meriem,À partir de 250 TND / Jour,Appartement,2980322,,80 m²,80 m²,Climatisation,,,Chauffe-eau,Individuelle,Tout à l'égout,Excellent état,Rez-de-chaussée,,Dégagée,,,,,,,1.0,,,35.94312,10.52022,,,,,,,,1.0,,,,,,,,,,1.0,,,,,,,,,,,,,,,,,,,,,,,,,,,,,,,,,,,,,,,,,,,,,1.0,,,,,,,,,,,,,,,,,,,,,,,,,,,,,,,,,,,,,,,,,,,,,,,,,
https://www.homeintunisia.com/fr/propri%C3%A9t%C3%A9/2750941,Appartement de standing à louer à khezama ouest,Khezama Ouest,À partir de 180 TND / Jour,Appartement,2750941,3 pièces,110 m²,120 m²,Central,,,,Individuelle,,Neuf,2ème étage / 2,,Aperçu,,,,,,,1.0,,,35.7218,10.6179,,,,,,,,1.0,,1.0,,,,,,,,,,,,,,,1.0,1.0,,,,,,,,,,,1.0,1.0,,,,,,,,,,,,,,,1.0,,,,,,,,,,,,,,,,,,,,,,,,,,,,,,,,,,,,,,,,,,,,,,,,,,,,,,,,,,,
https://www.homeintunisia.com/fr/propri%C3%A9t%C3%A9/2522195,"Appartement S+1 Meublé à Louer – Route Touristique, à 200m de la Mer",Hammam Sousse,À partir de 170 TND / Jour,Appartement,2522195,2 pièces,60 m²,,Climatisation,Gaz,Individuel,Chauffe-eau,Individuelle,Tout à l'égout,Excellent état,3ème étage / 3,,Panoramique,,,,,,,,,,35.8569,10.5972,,,1.0,,1.0,,1.0,1.0,,1.0,,,,,1.0,,,1.0,,1.0,,1.0,1.0,1.0,1.0,1.0,,,,,,,,,1.0,1.0,1.0,1.0,,,,,,,,1.0,,,,,,,,1.0,,,,,,,,,1.0,,,,,,,,,,,,,,,,1.0,,,,,,,,,,,,,,,,,,,,,,,,,,,,,,,,,
https://www.homeintunisia.com/fr/propri%C3%A9t%C3%A9/2477729,"À Louer : Charmant Appartement Meublé à Khezama Ouest,",Sousse,À partir de 140 TND / Jour,Appartement,2477729,3 pièces,105 m²,,Central,Gaz,Individuel,Chaudière,Individuelle,Tout à l'égout,Bon état,2ème étage / 5,,Vis-à-vis,,,,,,,,,,35.8273,10.6339,,,,,,,,,,,,,,,,,,,,1.0,,,1.0,,1.0,1.0,,,,,,,,,1.0,1.0,,1.0,,,,,,,,,,1.0,,,,,,,,,,,,,,,1.0,,,,,,,,,,,,,,,,1.0,,,,,,,,,,,,,,,,,,,,,,,,,,,,,,,,,
https://www.homeintunisia.com/fr/propri%C3%A9t%C3%A9/2404638,Location Saisonnière Grand appartement S+2 à Folla,Chatt Meriem,À partir de 1 900 TND / Semaine,Appartement,2404638,3 pièces,95 m²,,Climatisation,,,Chaudière,Individuelle,Tout à l'égout,Excellent état,2ème,,Dégagée,,,,,,,,,,35.94312,10.52022,,,1.0,,1.0,,,,,,,,,,1.0,,,,,1.0,,1.0,,,1.0,1.0,,,,,1.0,,,1.0,,1.0,1.0,1.0,,,,,,,,,,,,,,,,,,,,1.0,,1.0,,,,,,,,,,,,,,,,,,,,1.0,,,,,,,,,,,,,,,,,,,,,,,,,,,,,,,,
https://www.homeintunisia.com/fr/propri%C3%A9t%C3%A9/2326857,Superbe Appartement  Route Touristique,Hammam Sousse,À partir de 160 TND / Jour,Appartement,2326857,3 pièces,90 m²,100 m²,Central,Gaz,,Chaudière,Individuelle,,Excellent état,1er étage / 5,,Panoramique,,,,,,,,,,35.8569,10.5972,,,,,,,,1.0,,,,,,,1.0,,,1.0,,,,1.0,1.0,,1.0,1.0,,,,,,,,1.0,1.0,1.0,1.0,,,,,,,,,,,1.0,,,,,,1.0,,,,,,,,,,,,,,,,,,,,,,,,,1.0,,,1.0,,,,,,,,,,,,,,,,,,,,,,,1.0,,,,,,,
https://www.homeintunisia.com/fr/propri%C3%A9t%C3%A9/1443577,Grand appart s+2 à folla,Chatt Meriem,À partir de 400 TND / Jour,Appartement,1443577,3 pièces,130 m²,150 m²,,,,,Individuelle,,Excellent état,1er étage / 4,,Panoramique,,,,,,,,,,35.94312,10.52022,,,,,,,,1.0,,1.0,,,,,,,,,1.0,,,1.0,,1.0,1.0,1.0,,,,,,,,,,1.0,1.0,1.0,,,,,,,,,,,,,,,,,,,,,,,,,,,,,,,,,,,,,,,,,1.0,,,,,,,,,,,,,,,,,,,,,,,,,,,,,,,,,
https://www.homeintunisia.com/fr/propri%C3%A9t%C3%A9/571711,Superbe Appartement S+1 pour les Vacances –,Sousse,À partir de 252 TND / Jour,Appartement,571711,2 pièces,80 m²,,"Climatisation, Central",Eau chaude,Individuel,Chaudière,Individuelle,Tout à l'égout,Bon état,4ème étage / 6,Nord-est,Dégagée Mer Ville,,,,,,,,1.0,,35.8273,10.6339,,,1.0,,,,,1.0,,1.0,,,,,1.0,,,,,,1.0,1.0,1.0,,1.0,1.0,,1.0,1.0,,,,,1.0,1.0,1.0,,1.0,,,,,,,,,,,,,,,,,,,,1.0,1.0,,,,,,,,,,,,,,1.0,,,,,,1.0,,,,,,,,,,,,,,,,,,,,,,,,,,,,,,,,,
https://www.homeintunisia.com/fr/propri%C3%A9t%C3%A9/1629569,Appartement lumineux avec grande terrasse – Location saisonnière à Tantana,Akouda,À partir de 270 TND / Jour,Appartement,1629569,3 pièces,70 m²,150 m²,Climatisation,,,Chauffe-eau,Individuelle,,Excellent état,Rez-de-chaussée,,Dégagée,,,,,,,1.0,,1.0,35.87,10.57,,,,,1.0,,1.0,1.0,,,,,,,,,,,,,1.0,1.0,1.0,,1.0,1.0,,,,,,,,,1.0,1.0,1.0,1.0,,,,,,,,,,1.0,,,,,,1.0,,,,,,,,,,,,,,,,,,,,,,,,,,,,,,,,,,,,,,,,,,,,,,,,,,,,,,,,,,
