link,title,address,price,m²,Pièces,Chambre,Salle de bain,Jardin,Meublé,Climatisation,Chauffage central,Cuisine équipée,Machine à laver,Type de bien,Etat,latitude,longitude,Pièce,Chambres,Surface habitable,Surface extérieure,Terrasse,Vue sur mer,Façade extérieure,Salon européen,Antenne parabolique,Sécurité,Double vitrage,Porte blindée,Réfrigérateur,Four,TV,Micro-ondes,Internet,Animaux domestiques autorisés,Etat du bien,Type du sol,Garage,Ascenseur,Vue sur les montagnes,Concierge,Chambre rangement,Étage du bien,Orientation,Salles de bains,Piscine,Cheminée,État,Livraison:,Standing
https://www.mubawab.tn/fr/a/7814834/appartement-horizon-%C3%A0-louer,Appartement Horizon à louer,Hammamet à Hammamet,1 000 TND,50.0,2.0,1.0,1.0,1.0,1.0,1.0,1.0,1.0,1.0,Appartement,Bon état,36.40108,10.61457,,,,,,,,,,,,,,,,,,,,,,,,,,,,,,,,,
https://www.mubawab.tn/fr/a/8104089/a-louer-a-l-ann%C3%A9e-%C3%A0-hammamet-nord-un-appartement,A louer a l année à Hammamet Nord un appartement,Hammamet à Hammamet,1 200 TND,110.0,,,1.0,,1.0,,,,,Appartement,Nouveau,36.40108,10.61457,1.0,3.0,110 m²,110 m²,,,,,,,,,,,,,,,,,,,,,,,,,,,,,
https://www.mubawab.tn/fr/a/8079864/appartement-s2-vue-sur-mer-%C3%A0-la-marsa,Appartement S2 vue sur mer à La Marsa,La Marsa à La Marsa,3 500 TND,,3.0,,1.0,,1.0,1.0,1.0,1.0,1.0,Appartement,Bon état,36.876389,10.325278,,2.0,,,1.0,1.0,1.0,1.0,1.0,1.0,1.0,1.0,1.0,1.0,1.0,1.0,1.0,1.0,1-5 ans,Carrelage,,,,,,,,,,,,,
https://www.mubawab.tn/fr/a/8104073/a-louer-appartement-s2-aux-jardins-de-l-aouina,A louer Appartement S2 aux Jardins de l'Aouina,El Aouina,1 200 TND,90.0,,,,,,1.0,1.0,1.0,,Appartement,,33.07772,9.58381,,3.0,,,1.0,,,,,1.0,,,,,,,,,,,1.0,,,,,,,,,,,,
https://www.mubawab.tn/fr/a/8104049/studio-s1-%C3%A0-sidi-bou-said,Studio s1 à Sidi Bou Said,Sidi Bousaid à Carthage,1 200 TND,40.0,,1.0,1.0,,1.0,1.0,1.0,1.0,,Appartement,Nouveau,36.8566,10.3258,1.0,,,,,,1.0,,,,,,,,,,,,,,,,,,,,,,,,,,
https://www.mubawab.tn/fr/a/8093674/s1-haut-standing-richement-meuble,S1 haut standing richement meuble,Riadh al Andalous à Ariana Ville,1 500 TND,70.0,2.0,1.0,1.0,,1.0,1.0,1.0,1.0,1.0,Appartement,Nouveau,36.8805752,10.1717264,,,60 m²,10 m²,1.0,,1.0,1.0,1.0,1.0,1.0,1.0,1.0,1.0,1.0,1.0,,,1-5 ans,Marbre,,1.0,1.0,1.0,1.0,3ème,Ouest,,,,,,
https://www.mubawab.tn/fr/a/8049636/appartement-s1-meubl%C3%A9-%C3%A0-louer-aux-jardins-de-carthage,Appartement S1 Meublé à louer Aux Jardins de Carthage,Les Jardins de Carthage à Le Kram,1 800 TND,70.0,,1.0,,,1.0,,,,,Appartement,,36.8555704,10.291834,,,,,,,,,,1.0,,,,,,,,,,,1.0,,,,,,,,,,,,
https://www.mubawab.tn/fr/a/8103940/appartement-s2-%C3%A0-louer,Appartement S2 à louer,Hammam Sousse à Hammam Sousse,Prix à consulter,75.0,3.0,,1.0,,,,,,,Appartement,Nouveau,35.84544682574206,10.593942256700675,,2.0,,,,,,,,,,,,,,,,,1-5 ans,,,1.0,,,,1er,,,,,,,
https://www.mubawab.tn/fr/a/8103825/s1-en-location,S1 en location,Le Kram,800 TND,50.0,,,,,,,,,,Appartement,,36.833333,10.316667,,,,,,,,,,,,,,,,,,,,,,,,,,,,,,,,,
https://www.mubawab.tn/fr/a/8103816/s1-en-location,S1 en location,La Soukra à La Soukra,950 TND,50.0,,,,,1.0,1.0,1.0,,,Appartement,,36.88833,10.27417,,,,,1.0,,,,,,,,,1.0,,,,,,,1.0,1.0,,,,,,,,,,,
https://www.mubawab.tn/fr/a/7787030/a-louer-un-duplex-meubl%C3%A9-a-la-marsa,A louer un duplex meublé a la Marsa,La Marsa à La Marsa,Prix à consulter,200.0,3.0,,,,1.0,1.0,1.0,1.0,1.0,Appartement,Nouveau,36.876389,10.325278,,2.0,,,1.0,,1.0,1.0,1.0,1.0,1.0,1.0,1.0,1.0,1.0,1.0,1.0,,Moins d'un an,,1.0,1.0,,1.0,,,,2.0,,,,,
https://www.mubawab.tn/fr/a/8103668/s2-meubl%C3%A9-aux-jardins-de-carthage-mal1514,S2 meublé aux Jardins de Carthage MAL1514,Les Jardins de Carthage à Le Kram,2 800 TND,,,,,,1.0,1.0,1.0,1.0,,Appartement,Bon état,36.833333,10.316667,1.0,2.0,,,,,,,,,,,,,,,,,,,1.0,1.0,,,,,,2.0,,,,,
https://www.mubawab.tn/fr/a/8103661/appartement-s2-ain-zaghouan-nord,"Appartement S2, Ain Zaghouan Nord",Ain Zaghouan Nord à La Marsa,1 700 TND,100.0,3.0,,,,,1.0,1.0,1.0,,Appartement,Bon état,36.876389,10.325278,,2.0,100 m²,,1.0,,,,,1.0,1.0,,1.0,1.0,,,1.0,,5-10 ans,,1.0,1.0,,,,2ème,,3.0,,,,,
https://www.mubawab.tn/fr/a/8103578/a-louer-appartement-s1-meubl%C3%A9-%C3%A0-la-marsa,A louer appartement S1 meublé à La Marsa,La Marsa à La Marsa,1 200 TND,90.0,,1.0,1.0,,1.0,1.0,,,1.0,Appartement,Bon état,36.876389,10.325278,1.0,,90 m²,,1.0,,,1.0,1.0,,,1.0,1.0,1.0,,,,,,,,,,,,,,,,,,,
https://www.mubawab.tn/fr/a/8103637/a-louer-s1-a-marsa,A louer s1 a marsa,La Marsa à La Marsa,1 500 TND,80.0,,,1.0,,,1.0,1.0,,,Appartement,Nouveau,36.8941992,10.2762232,,2.0,,,,,,,,,,,,,,,,,,,,,,,,1er,,,,,,,
https://www.mubawab.tn/fr/a/8057345/%C3%A0-lou%C3%A9-appartement-s3-%C3%A0-riadh-al-andalous,À loué Appartement s3 à riadh al andalous,Riadh al Andalous à Ariana Ville,1 300 TND,120.0,3.0,,1.0,,,,1.0,1.0,,Appartement,Nouveau,36.8625,10.19556,,3.0,,,,,,,,,,,,,,,,,,,,1.0,,,,,,,,,,,
https://www.mubawab.tn/fr/a/8084010/location-annuelle,Location annuelle,Cité El Wafa à Nabeul,1 100 TND,90.0,2.0,1.0,1.0,,1.0,1.0,1.0,1.0,1.0,Appartement,Bon état,36.45056,10.73505,,,90 m²,,1.0,,,,,1.0,,,1.0,1.0,1.0,,,,,,,1.0,,1.0,,,,,,,,,
https://www.mubawab.tn/fr/a/8103561/a-louer-s1-vide-a-cit%C3%A9-wahat-laouina,A louer s1 vide a cité wahat laouina,Aouina à La Marsa,950 TND,60.0,2.0,1.0,1.0,,,1.0,1.0,1.0,,Appartement,Bon état,36.876389,10.325278,,,,,,,,,,,,,,,,,,,,,,1.0,,,,,,,,,,,
https://www.mubawab.tn/fr/a/8006866/rez-de-chauss%C3%A9e-de-villa-s3-avec-jardin-gammarth,"Rez de chaussée de villa S3 avec jardin, Gammarth",Gammarth Supérieur à La Marsa,3 900 TND,300.0,5.0,,,1.0,,1.0,1.0,,,Appartement,Bon état,36.876389,10.325278,,4.0,,,1.0,,,,,,,,,,,,,,,Marbre,,,,,,,,3.0,1.0,,,,
https://www.mubawab.tn/fr/a/8089381/%C3%A0-louer-un-appartement-%C3%A0-usage-bureautique-%C3%A0-tunis,À louer un appartement à usage bureautique à Tunis,Bab Bhar à Tunis,1 200 TND,120.0,,1.0,1.0,,,,,,,Appartement,Nouveau,36.81881,10.16596,1.0,,,,,,,,,,,,,,,,,,,,,,,,,,,,,,,,
https://www.mubawab.tn/fr/a/8103559/s1-ennaser-800dt,S1 ennaser 800dt,Cité Ennasr 1 à Ariana Ville,800 TND,60.0,2.0,1.0,1.0,,,,,,,Appartement,Bon état,36.8625,10.19556,,,60 m²,,,,,,,,,,,,,,,,,,,,,,,,,,,,,,
https://www.mubawab.tn/fr/a/7847730/un-appartement-s2-meubl%C3%A9-%C3%A0-louer,Un appartement S2 meublé à louer,Hammamet Nord à Hammamet,2 200 TND,130.0,3.0,,,,1.0,1.0,1.0,1.0,1.0,Appartement,Bon état,36.419773,10.661894,,2.0,,,1.0,1.0,,,,,,,1.0,1.0,1.0,,,,1-5 ans,,1.0,1.0,,1.0,,3ème,Est,2.0,1.0,,,,
https://www.mubawab.tn/fr/a/8102904/location-appartement-au-lac-2,Location Appartement au lac 2,Les Berges Du Lac 2 à La Marsa,2 650 TND,150.0,2.0,,1.0,,,,,,,Appartement,Nouveau,36.876389,10.325278,,2.0,,,1.0,,,,,,,,,,,,,,,,1.0,,,,,,,,,,,,
https://www.mubawab.tn/fr/a/8103476/immeuble-%C3%A0-usage-bureautique-%C3%A0-louer-%C3%A0-ain-zaghouan,Immeuble à usage bureautique à louer à ain zaghouan,La Marsa,Prix à consulter,1350.0,,,,,,,,,,Appartement,,36.876389,10.325278,,,,,,,,,,,,,,,,,,,,,,,,,,,,,,,,,
https://www.mubawab.tn/fr/a/8103474/appartement-avec-terrasse-%C3%A0-louer-aux-jardins-de-carthage,Appartement Avec Terrasse à Louer Aux Jardins de Carthage,Le Kram,2 700 TND,220.0,,,,,,,,1.0,,Appartement,,36.833333,10.316667,,3.0,,,1.0,,,,,1.0,,,,,,,,,,,1.0,,,,,,,,,,,,
https://www.mubawab.tn/fr/a/8084751/appartement-s1-%C3%A0-louer-au-jardin-de-carthage,Appartement S1 à Louer au Jardin de Carthage,Les Jardins de Carthage à Le Kram,1 150 TND,,4.0,1.0,1.0,,,1.0,1.0,1.0,,Appartement,Bon état,36.833333,10.316667,,,,,1.0,,1.0,,1.0,1.0,1.0,1.0,,1.0,,,,1.0,Moins d'un an,Marbre,1.0,1.0,,1.0,,2ème,,,,,,,
https://www.mubawab.tn/fr/a/8087962/un-app-s1-meubl%C3%A9-%C3%A0-louer-au-lac-2,Un app S1 meublé à louer au lac 2,Les Berges Du Lac 2 à La Marsa,1 800 TND,,4.0,1.0,1.0,,1.0,1.0,1.0,1.0,1.0,Appartement,Bon état,36.876389,10.325278,,,,,,,,,1.0,1.0,1.0,1.0,1.0,1.0,1.0,1.0,,1.0,,,1.0,1.0,,1.0,,,,,,,,,
https://www.mubawab.tn/fr/a/8087533/s2-luxe-%C3%A0-louer-au-jardins-de-carthage,S2 luxe à louer au Jardins de Carthage,Les Jardins de Carthage à Le Kram,3 000 TND,,6.0,,,,1.0,1.0,1.0,1.0,1.0,Appartement,Bon état,36.833333,10.316667,,2.0,,,1.0,,1.0,,1.0,1.0,1.0,1.0,1.0,1.0,1.0,1.0,,1.0,Moins d'un an,Marbre,1.0,1.0,,1.0,,5ème,,2.0,,,,,
https://www.mubawab.tn/fr/a/8069829/s3-%C3%A0-louer-au-jardin-de-carthage,S3 à Louer au Jardin de Carthage,Les Jardins de Carthage à Le Kram,2 300 TND,,6.0,,,,1.0,1.0,1.0,1.0,,Appartement,Bon état,36.833333,10.316667,,3.0,,,1.0,,1.0,,1.0,1.0,1.0,1.0,,,,,,1.0,1-5 ans,Marbre,1.0,1.0,,1.0,,,,2.0,,,,,
https://www.mubawab.tn/fr/a/8039608/un-appartement-s3-vide,Un appartement S3 vide,La Marsa à La Marsa,2 600 TND,150.0,,,1.0,,,1.0,1.0,1.0,,Appartement,Bon état,36.8941992,10.2762232,1.0,3.0,,,1.0,,,1.0,,1.0,,,,,,,,,,,,,,,,,,,,,,,
https://www.mubawab.tn/fr/a/7991536/appartement-s3-au-jardin-de-carthage,Appartement S3 au jardin de Carthage,Les Jardins de Carthage à Le Kram,2 300 TND,170.0,4.0,,,,,1.0,1.0,1.0,,Appartement,Nouveau,36.855570400000005,10.291834,,3.0,,,1.0,,1.0,1.0,1.0,1.0,1.0,1.0,,1.0,,,,,Moins d'un an,Marbre,1.0,1.0,,1.0,,3ème,Est,2.0,,,,,
https://www.mubawab.tn/fr/a/8103108/location-s3-lac-1,Location s3 lac 1,Les Berges Du Lac 1 à La Marsa,2 500 TND,170.0,,,,,,1.0,1.0,1.0,,Appartement,Bon état,36.8355152,10.2241758,,3.0,,,1.0,,,,,1.0,1.0,1.0,,,,,,,,,1.0,1.0,,1.0,,1er,,2.0,,,,,
https://www.mubawab.tn/fr/a/7997808/s3-avec-2-grandes-terrasses-%C3%A0-la-marsa,S3 avec 2 grandes terrasses à La Marsa,Gammarth Supérieur à La Marsa,2 500 TND,,4.0,,,,1.0,1.0,1.0,1.0,,Appartement,Bon état,36.876389,10.325278,,3.0,,,1.0,,1.0,1.0,1.0,1.0,1.0,1.0,,1.0,1.0,1.0,1.0,,Moins d'un an,Marbre,1.0,,,,,,,2.0,,,,,
https://www.mubawab.tn/fr/a/8083879/a-louer-duplex-s3-%C3%A0-gammarth,A louer Duplex S3 à Gammarth,Gammarth à La Marsa,1 900 TND,200.0,3.0,,,,,1.0,1.0,1.0,,Appartement,Bon état,36.917739,10.288893,,4.0,,,1.0,,,,,,,,,,,,,,,,1.0,,,,,,,2.0,,,,,
https://www.mubawab.tn/fr/a/8091293/a-louer-un-duplex-en-s3-avec-piscine-%C3%A0-ain-zaghouan-nord,A Louer un duplex en s3 avec piscine à Ain Zaghouan nord,Ain Zaghouan Nord à La Marsa,6 000 TND,,4.0,,,,1.0,1.0,1.0,1.0,,Appartement,Nouveau,36.876389,10.325278,,3.0,,,,,,,,,,,,,,,,,,,1.0,,,,,,,2.0,1.0,,,,
https://www.mubawab.tn/fr/a/7991890/un-magnifique-appartement-s2-richement-meubl%C3%A9-%C3%A0-ja,Un magnifique appartement s2 richement meublé à Ja,Les Jardins de Carthage à Le Kram,2 600 TND,110.0,2.0,,1.0,,1.0,,,1.0,,Appartement,Nouveau,36.833333,10.316667,,3.0,,,1.0,,,,,,,,,,,,,,1-5 ans,Marbre,1.0,,,,,2ème,Nord,,,,,,
https://www.mubawab.tn/fr/a/7802046/duplex-vue-lac-pour-la-location-aux-berges-du-lac-2,Duplex vue lac pour la location aux berges du lac 2,Les Berges Du Lac 2 à La Marsa,7 000 TND,450.0,4.0,,,,,1.0,1.0,1.0,1.0,Appartement,Nouveau,36.845219,10.272632,,4.0,,,1.0,,1.0,,1.0,1.0,,,,1.0,,,,,1-5 ans,Marbre,,,,1.0,1.0,3ème,,4.0,,1.0,,,
https://www.mubawab.tn/fr/a/7581058/location-appartement-s2-meubl%C3%A9-%C3%A0-menzah-9c,Location Appartement S2 Meublé à Menzah 9C,El Menzah 9 à El Menzah,1 700 TND,140.0,3.0,,1.0,,1.0,1.0,1.0,,,Appartement,Nouveau,36.845235,10.164723,,2.0,,,1.0,,,,,,,,,,,,,,Moins d'un an,Marbre,1.0,,,,,3ème,,,,,,,
https://www.mubawab.tn/fr/a/8093828/location-appartement-s2-meubl%C3%A9-ain-zaghouan-nord,Location Appartement S2 meublé Ain Zaghouan Nord,Ain Zaghouan Nord à La Marsa,2 500 TND,110.0,3.0,,,,1.0,1.0,1.0,1.0,1.0,Appartement,Nouveau,36.8623859,10.2835035,,2.0,,,1.0,,,,,1.0,1.0,1.0,1.0,1.0,1.0,,,,Moins d'un an,Marbre,1.0,1.0,,1.0,,4ème,,2.0,,1.0,,,
https://www.mubawab.tn/fr/a/8102929/duplex-s4-marsa-plage,"Duplex S4, Marsa Plage",La Marsa à La Marsa,3 500 TND,150.0,4.0,,,1.0,,1.0,1.0,1.0,,Appartement,Bon état,36.876389,10.325278,,3.0,150 m²,,1.0,,,,,,,,,,,,,,,,,,,,,,,3.0,,,,,
https://www.mubawab.tn/fr/a/8031682/a-louer-s2-a-ain-zaghouan-nord,A louer S2 a Ain Zaghouan Nord,Ain Zaghouan Nord à La Marsa,2 200 TND,140.0,2.0,,,1.0,1.0,1.0,1.0,1.0,,Appartement,Nouveau,36.876389,10.325278,,2.0,,,1.0,,1.0,,,1.0,1.0,1.0,,1.0,,,,,1-5 ans,Marbre,1.0,1.0,,1.0,,,,2.0,,,,,
https://www.mubawab.tn/fr/a/8102908/a-louer-%C3%A0-l-ann%C3%A9e-un-appartement-s2-a-hammamet,A louer à l'année un appartement s2 a Hammamet,Hammamet Nord à Hammamet,850 TND,100.0,3.0,,1.0,,,,,,,Appartement,Bon état,36.40108,10.61457,,2.0,,,,,,,,,,,,,,,,,,,,,,,,,,,,,,,
https://www.mubawab.tn/fr/a/8093812/appartement-s3-semi-meubl%C3%A9-%C3%A0-la-marsa,Appartement S3 semi meublé à La Marsa,La Marsa à La Marsa,3 500 TND,,4.0,,,,1.0,1.0,1.0,1.0,1.0,Appartement,Bon état,36.876389,10.325278,,3.0,,,1.0,1.0,1.0,1.0,1.0,1.0,1.0,,1.0,1.0,1.0,1.0,1.0,1.0,1-5 ans,Carrelage,,,,1.0,,2ème,,2.0,,,,,
https://www.mubawab.tn/fr/a/8087585/%C3%A0-louer-appartement-s1-avec-terrasse,À louer appartement s1 avec terrasse,La Marsa à La Marsa,1 400 TND,,2.0,1.0,1.0,,,1.0,1.0,1.0,,Appartement,Bon état,36.8941992,10.2762232,,,,,1.0,,,,,1.0,1.0,1.0,,,,,,,,,1.0,,,1.0,,,,,,,,,
https://www.mubawab.tn/fr/a/8097138/s2-en-location,S2 en location,Hammamet Nord à Hammamet,1 400 TND,113.0,,,,,1.0,1.0,1.0,,1.0,Appartement,,36.419773,10.661894,,,,,1.0,,,,,,,,,1.0,,,,,,,1.0,,,,,,,,1.0,,,,
https://www.mubawab.tn/fr/a/8057050/s1-en-location,S1 en location,Hammamet Nord à Hammamet,800 TND,70.0,,,,,1.0,,1.0,,,Appartement,,36.419773,10.661894,,,,,,,,,,,,,,,,,,,,,,,,,,,,,,,,,
https://www.mubawab.tn/fr/a/8044591/s1-en-location,S1 en location,Hammamet Nord à Hammamet,850 TND,70.0,,,,,1.0,1.0,,,,Appartement,,36.419773,10.661894,,,,,1.0,,,,,,,,,1.0,,,,,,,,,,,,,,,,,,,
https://www.mubawab.tn/fr/a/7955974/duplex-en-location,Duplex en location,Hammamet Nord à Hammamet,1 100 TND,113.0,3.0,,1.0,1.0,1.0,1.0,1.0,,,Appartement,Bon état,36.419773,10.661894,,2.0,,,,,,,,,,,,,,,,,,,1.0,,,,,,,,,,,,
https://www.mubawab.tn/fr/a/8090450/appartement-s1-meubl%C3%A9-%C3%A0-louer-%C3%A0-la-nouvelle-soukra,Appartement S1 meublé à louer à la nouvelle Soukra,La Soukra à La Soukra,1 400 TND,60.0,,,,,1.0,,,,,Appartement,,36.88833,10.27417,,2.0,,,1.0,,,,,1.0,,,,,,,,,,,1.0,,,,,,,,,,,,
https://www.mubawab.tn/fr/a/8090449/appartement-s2-%C3%A0-louer-%C3%A0-bhar-lazrak,Appartement S2 à louer à bhar Lazrak,La Marsa,1 400 TND,85.0,,,,,,,,,,Appartement,,36.876389,10.325278,,3.0,,,1.0,,,,,1.0,,,,,,,,,,,1.0,,,,,,,,,,,,
https://www.mubawab.tn/fr/a/8089943/appartement-s3-meubl%C3%A9-%C3%A0-louer-%C3%A0-cit%C3%A9-les-palmeraies,Appartement S3 meublé à louer à cité les Palmeraies,El Aouina,2 200 TND,150.0,,,,,1.0,,,1.0,,Appartement,,33.07772,9.58381,,4.0,,,1.0,,,,,,,,,,,,,,,,1.0,,,,,,,,,,,,
https://www.mubawab.tn/fr/a/8069145/s2-meubl%C3%A9-a-louer-au-jardins-de-carthage,S2 meublé a louer au Jardins de Carthage,Les Jardins de Carthage à Le Kram,3 100 TND,,5.0,,,,1.0,,1.0,1.0,1.0,Appartement,Bon état,36.833333,10.316667,,3.0,,,,,,,,1.0,1.0,1.0,1.0,1.0,1.0,1.0,,1.0,1-5 ans,,1.0,,,,,,,2.0,,,,,
https://www.mubawab.tn/fr/a/8101017/location-ennasr2-s1-haut-standing,Location ennasr2 s1 haut standing,Cité Ennasr 2 à Ariana Ville,1 100 TND,60.0,2.0,1.0,1.0,,,1.0,1.0,1.0,,Appartement,Nouveau,36.8625,10.19556,,,,,1.0,,,,,,,,,,,,,,Moins d'un an,,1.0,1.0,,,,,,,,,,,
https://www.mubawab.tn/fr/a/8078928/s1-%C3%A0-louer-au-lac-1,S1 à Louer au Lac 1,Les Berges Du Lac 1 à La Marsa,1 700 TND,,4.0,1.0,1.0,,,1.0,1.0,1.0,,Appartement,Nouveau,36.876389,10.325278,,,,,1.0,,1.0,,1.0,1.0,1.0,1.0,,,,,,1.0,1-5 ans,Marbre,1.0,1.0,,1.0,,4ème,,,,,,,
https://www.mubawab.tn/fr/a/8083915/s3-meubl%C3%A9-%C3%A0-louer-au-lac-1,S3 meublé à louer au lac 1,Les Berges Du Lac 1 à La Marsa,5 750 TND,,7.0,,,,1.0,1.0,1.0,1.0,,Appartement,Nouveau,36.876389,10.325278,,3.0,,,,,,,1.0,1.0,1.0,1.0,1.0,1.0,,1.0,,1.0,Moins d'un an,Marbre,1.0,1.0,,1.0,,2ème,,2.0,,,,,
https://www.mubawab.tn/fr/a/8087708/app-s3-meubl%C3%A9-%C3%A0-louer-aux-jardins-de-carthage,App S3 meublé à louer aux Jardins de Carthage,Les Jardins de Carthage à Le Kram,3 450 TND,,7.0,,,,1.0,1.0,1.0,1.0,1.0,Appartement,Bon état,36.833333,10.316667,,3.0,,,1.0,,,,1.0,1.0,1.0,1.0,1.0,1.0,1.0,1.0,,1.0,Moins d'un an,Marbre,1.0,1.0,,1.0,,10ème,,2.0,,,,,
https://www.mubawab.tn/fr/a/8061910/appartement-s2-%C3%A0-la-soukra,Appartement S2 à la Soukra,La Soukra à La Soukra,1 400 TND,120.0,3.0,,,1.0,,1.0,1.0,1.0,,Appartement,Bon état,36.883333,10.25,,2.0,100 m²,,1.0,,1.0,1.0,1.0,1.0,1.0,1.0,,1.0,,,,,5-10 ans,Marbre,1.0,1.0,,1.0,,1er,Est,2.0,,,,,
https://www.mubawab.tn/fr/a/8102729/s2-en-location,S2 en location,Les Berges Du Lac 1 à La Marsa,2 500 TND,120.0,,,,,1.0,1.0,1.0,,,Appartement,,36.8355152,10.2241758,,,,,1.0,,,,,1.0,,,1.0,1.0,,,,,,,1.0,,,,,,,,,,,,
https://www.mubawab.tn/fr/a/8102606/chotrana-1-%C3%A0-louer-joli-appt-s1-haut-stg,Chotrana 1 à louer joli appt S1 haut stg,Chotrana 1 à La Soukra,Prix à consulter,80.0,2.0,1.0,1.0,,,1.0,1.0,,,Appartement,Bon état,36.896544,10.217961,,,,,1.0,,,,,,,,,,,,,,,,,,,,,,,,,,,,
https://www.mubawab.tn/fr/a/8099195/location-s1,Location S1,Mnihla à Mnihla,850 TND,68.0,2.0,1.0,1.0,1.0,,1.0,1.0,,,Appartement,Bon état,36.8567806,10.1157421,,,68 m²,,1.0,,1.0,,,1.0,,1.0,,,,,,,5-10 ans,Carrelage,1.0,1.0,,1.0,,4ème,,,,,,,
https://www.mubawab.tn/fr/a/8102480/s1-en-location,S1 en location,Hammamet à Hammamet,950 TND,60.0,,,,,1.0,,,1.0,,Appartement,,36.40108,10.61457,,,,,1.0,,,,,,,,,,,,,,,,,,,,,,,,,,,,
https://www.mubawab.tn/fr/a/8102479/s3-en-location,S3 en location,Ain Zaghouan Sud à La Marsa,1 900 TND,140.0,,,,,,,,,,Appartement,,36.8578827,10.2733997,,,,,,,,,,,,,,1.0,,,,,,,,,,,,,,,,,,,
https://www.mubawab.tn/fr/a/8088425/un-appartement-s3-au-lac-2,Un appartement s3 au lac 2,Les Berges Du Lac 1 à La Marsa,3 000 TND,100.0,4.0,,1.0,1.0,,1.0,1.0,1.0,,Appartement,Bon état,36.876389,10.325278,,3.0,,,1.0,,,,1.0,1.0,,1.0,,,,,1.0,,,,,,,1.0,,,,,1.0,,,,
https://www.mubawab.tn/fr/a/8005154/appartement-s1-meubl%C3%A9-%C3%A0-la-marsa-avec-piscine,Appartement s1 meublé à la Marsa avec piscine,La Marsa à La Marsa,1 500 TND,100.0,2.0,1.0,1.0,,1.0,1.0,,1.0,1.0,Appartement,Bon état,36.876389,10.325278,,,,,,,,1.0,1.0,1.0,,1.0,1.0,1.0,1.0,1.0,1.0,,1-5 ans,,,,,,,,,,1.0,,,,
https://www.mubawab.tn/fr/a/7984130/%C3%A9tage-de-villa-s3-%C3%A0-sidi-bou-said,Étage de villa S3 à Sidi Bou Said,Sidi Bousaid à Carthage,2 500 TND,200.0,4.0,,1.0,,1.0,1.0,1.0,1.0,,Appartement,Bon état,36.8566,10.3258,,3.0,,,1.0,,1.0,,,,,1.0,,,,,,,,,1.0,,,,,,,,,,,,
https://www.mubawab.tn/fr/a/8090170/duplex-vue-mer-%C3%A0-louer-gammarth,Duplex vue mer à louer Gammarth,Gammarth à La Marsa,3 500 TND,250.0,3.0,,1.0,,,,,1.0,,Appartement,Nouveau,36.876389,10.325278,,4.0,,,,,,,,,,,,,,,,,,,,,,,,,,,,,,,
https://www.mubawab.tn/fr/a/8090173/duplex-avec-jardin-%C3%A0-louer-la-marsa,Duplex avec jardin à louer La Marsa,La Marsa à La Marsa,5 000 TND,250.0,3.0,,1.0,1.0,,,,1.0,,Appartement,Nouveau,36.876389,10.325278,,4.0,,,1.0,,,,,,,,,,,,,,,,1.0,,,,,,,,,,,,
https://www.mubawab.tn/fr/a/8102416/duplex-s2-meubl%C3%A9-avec-piscine,Duplex S2 meublé avec piscine,Sidi Bousaid à Carthage,7 000 TND,,2.0,,1.0,1.0,1.0,1.0,1.0,,,Appartement,Nouveau,36.8566,10.3258,,3.0,,,1.0,,,,,,,,,,,,,,,,,,,,,,,,1.0,,,,
https://www.mubawab.tn/fr/a/8102413/duplex-avec-vue-d%C3%A9gag%C3%A9e-la-marsa,Duplex avec vue dégagée La Marsa,La Marsa à La Marsa,2 500 TND,300.0,4.0,,,,1.0,1.0,1.0,1.0,1.0,Appartement,Bon état,36.876389,10.325278,,3.0,,,1.0,,1.0,1.0,,,1.0,1.0,1.0,1.0,1.0,1.0,,,,,,,1.0,,,,,2.0,,,,,
https://www.mubawab.tn/fr/a/8102368/location-annuelle-d-un-duplex-s2,Location Annuelle d'un duplex s2,Cité El Wafa à Nabeul,1 500 TND,120.0,3.0,,1.0,1.0,1.0,,,1.0,,Appartement,Bon état,36.45056,10.73505,,2.0,,,,,,,,,,,,1.0,1.0,,,,,,,,,,,,,,,,,,
https://www.mubawab.tn/fr/a/8022495/appatement-s3,Appatement s3,Hammamet à Hammamet,1 800 TND,120.0,4.0,,,,1.0,1.0,,1.0,1.0,Appartement,Bon état,36.40108,10.61457,,3.0,,,1.0,,,,,1.0,,,1.0,1.0,1.0,,1.0,,1-5 ans,Parquet,,1.0,,1.0,,,,2.0,,,,,
https://www.mubawab.tn/fr/a/8053216/location-annuelle-appartement-s1-meubl%C3%A9,Location Annuelle Appartement s1 meublé,Cité El Wafa à Nabeul,1 200 TND,60.0,2.0,1.0,1.0,,1.0,1.0,1.0,1.0,,Appartement,Nouveau,36.45056,10.73505,,,,,1.0,,,,,,,,1.0,1.0,1.0,,,,,,,1.0,,1.0,,,,,1.0,,,,
https://www.mubawab.tn/fr/a/8098216/villa-en-s2-de-plain-pied,Villa en s2 de plain pied,Hammamet à Hammamet,2 000 TND,300.0,3.0,,1.0,1.0,1.0,1.0,1.0,1.0,1.0,Appartement,Bon état,36.40108,10.61457,,2.0,,,1.0,,,,,1.0,,,1.0,1.0,1.0,,,,,,1.0,,,,,,,,,,,,
https://www.mubawab.tn/fr/a/8102327/a-louer-appartement-s1-finement-meubl%C3%A9,A louer: Appartement S1 finement meublé,Les Jardins de Carthage à Le Kram,2 600 TND,85.0,2.0,1.0,1.0,,1.0,1.0,1.0,1.0,1.0,Appartement,Bon état,36.833333,10.316667,,,,,1.0,,,1.0,,,1.0,1.0,1.0,1.0,1.0,1.0,1.0,,,,1.0,1.0,,1.0,,,,,,,,,
https://www.mubawab.tn/fr/a/8095655/s0-meubl%C3%A9-%C3%A0-louer-aux-jardins-de-carthage,S0 meublé à louer aux Jardins de Carthage,Les Jardins de Carthage à Le Kram,1 300 TND,,4.0,1.0,1.0,,1.0,1.0,1.0,1.0,,Appartement,Bon état,36.833333,10.316667,,,,,,,,,1.0,1.0,1.0,1.0,,1.0,,1.0,,1.0,,,1.0,1.0,,1.0,,,,,,,,,
https://www.mubawab.tn/fr/a/8052786/location-appartement-dalia-%C3%A0-hammamet,Location Appartement Dalia à Hammamet,Hammamet Nord à Hammamet,1 100 TND,120.0,4.0,,1.0,,1.0,1.0,1.0,,,Appartement,Bon état,36.40108,10.61457,,3.0,110 m²,0 m²,1.0,,,,1.0,1.0,,1.0,,1.0,,,,,1-5 ans,Marbre,1.0,,,,,1er,Nord,,,,,,
https://www.mubawab.tn/fr/a/8079730/location-s1-richement-meubl%C3%A9,Location S1 richement meublé,Les Berges Du Lac 2 à La Marsa,2 500 TND,80.0,2.0,1.0,1.0,,1.0,1.0,1.0,1.0,1.0,Appartement,Bon état,36.87638899999999,10.325278,,,,,,,,1.0,1.0,1.0,1.0,1.0,1.0,1.0,1.0,1.0,,1.0,1-5 ans,Marbre,1.0,1.0,,1.0,,2ème,,,,,,,
https://www.mubawab.tn/fr/a/8101243/appartement-s2-meubl%C3%A9-au-lac-2,Appartement S2 meublé au lac 2,Les Berges Du Lac 2 à La Marsa,2 300 TND,100.0,,,,,1.0,,,1.0,,Appartement,,36.8468986,10.2641808,,2.0,,,1.0,,,,,,,,,,,,,,,,1.0,,,,,,,,,,,,
https://www.mubawab.tn/fr/a/8101878/a-louer-appartement-s2-meubl%C3%A9-%C3%A0-la-marsa-plage,A louer appartement S2 meublé à La Marsa plage,La Marsa à La Marsa,1 700 TND,75.0,,,1.0,,1.0,1.0,1.0,1.0,,Appartement,Bon état,36.876389,10.325278,1.0,2.0,,,1.0,,,1.0,,,1.0,,,,,,,,,,,,,,,,,,,,,,
https://www.mubawab.tn/fr/a/8055230/a-louer-un-appt-s2-meubl%C3%A9-%C3%A0-la-nouvelle-soukra,A louer un appt S2 meublé à la Nouvelle Soukra,Aouina à La Marsa,2 000 TND,115.0,3.0,,1.0,,1.0,1.0,1.0,1.0,1.0,Appartement,Bon état,36.876389,10.325278,,2.0,115 m²,,,,,,,,,,1.0,1.0,1.0,,,,,,1.0,1.0,,,,2ème,,,,,,,
https://www.mubawab.tn/fr/a/8098232/location-appartement-s2-neuf,Location Appartement s2 Neuf,Les Jardins de Carthage à Le Kram,2 600 TND,140.0,3.0,,,,1.0,1.0,1.0,1.0,,Appartement,Nouveau,36.833333,10.316667,,2.0,,,,,1.0,,,1.0,1.0,,1.0,1.0,,,,,Moins d'un an,,1.0,,,,,,,2.0,1.0,,,,
https://www.mubawab.tn/fr/a/8075905/s1-meubl%C3%A9-%C3%A0-la-marsa-plage,S1 meublé à La Marsa Plage,La Marsa à La Marsa,1 600 TND,,2.0,1.0,1.0,,1.0,1.0,1.0,1.0,1.0,Appartement,Bon état,36.876389,10.325278,,,1 m²,1 m²,1.0,1.0,,1.0,,,1.0,1.0,1.0,1.0,1.0,1.0,,,Moins d'un an,,,,,,,,,,,,,,
https://www.mubawab.tn/fr/a/8084852/a-louer-un-penthouse-en-s4-avec-piscine-au-lac2,A Louer un Penthouse en s4 avec piscine au Lac2,Les Berges Du Lac 2 à La Marsa,8 000 TND,,4.0,,1.0,,,,,1.0,,Appartement,Nouveau,36.876389,10.325278,,5.0,,,1.0,,,,,,,,,,,,,,,,1.0,1.0,,,,,,,1.0,,,,
https://www.mubawab.tn/fr/a/8101804/appart-s2-antoine-meubl%C3%A9-%C3%A0-louer-%C3%A0-ezzahra,Appart S2 Antoine Meublé à Louer à Ezzahra,Ezzahra à Ezzahra,1 500 TND,100.0,3.0,,1.0,,1.0,1.0,1.0,1.0,,Appartement,Bon état,36.89147,10.16262,,2.0,80 m²,,1.0,,,,,,,,,,,,,,,,1.0,1.0,,,,,,,,,,,
https://www.mubawab.tn/fr/a/8101803/appartement-s3-avec-terrasse-au-lac-2,Appartement S3 avec terrasse au Lac 2,Les Berges Du Lac 2 à La Marsa,3 800 TND,,4.0,,,,,1.0,1.0,1.0,,Appartement,Bon état,36.876389,10.325278,,3.0,,,1.0,,,1.0,1.0,1.0,1.0,1.0,1.0,,,,1.0,1.0,1-5 ans,Carrelage,1.0,1.0,,1.0,,3ème,,2.0,,,,,
https://www.mubawab.tn/fr/a/8101802/%C3%A0-louer-un-s1-jamais-habit%C3%A9-neuf-ennaser-2,À louer un s1 jamais habité neuf Ennaser 2,Cité Ennasr 2 à Ariana Ville,1 050 TND,80.0,,1.0,1.0,,,1.0,1.0,1.0,,Appartement,Nouveau,36.8625,10.19556,1.0,,70 m²,10 m²,1.0,,,,1.0,1.0,1.0,,,,,,,,Moins d'un an,Marbre,1.0,1.0,,1.0,,2ème,Ouest,,,,,,
https://www.mubawab.tn/fr/a/8071123/location-appartement-neuf-au-jardin-de-carthage,Location appartement neuf au jardin de carthage,Les Jardins de Carthage à Le Kram,1 600 TND,75.0,2.0,1.0,1.0,1.0,,1.0,,1.0,,Appartement,Nouveau,36.833333,10.316667,,,,,1.0,,,,,1.0,,,,1.0,,1.0,,,,,,1.0,,,,,,,,,,,
https://www.mubawab.tn/fr/a/8095573/location-s2-meubl%C3%A9-jardin-de-carthage,Location S2 meublé jardin de carthage,Les Jardins de Carthage à Le Kram,2 700 TND,135.0,3.0,,1.0,1.0,1.0,1.0,1.0,1.0,1.0,Appartement,Bon état,36.833333,10.316667,,2.0,,,1.0,,,,1.0,,1.0,,1.0,1.0,1.0,1.0,,,,,1.0,1.0,,1.0,,,,,,,,,
https://www.mubawab.tn/fr/a/8101785/etage-de-villa-meubl%C3%A9-s3-%C3%A0-hammamet,Etage de villa meublé S3 à Hammamet,Hammamet à Hammamet,1 500 TND,,6.0,,1.0,,1.0,1.0,1.0,1.0,1.0,Appartement,Bon état,36.40108,10.61457,,3.0,,,1.0,,,,,,,1.0,1.0,1.0,1.0,1.0,,,,,1.0,,,,,,,,,,,,
https://www.mubawab.tn/fr/a/8071133/s3-%C3%A0-louer-au-lac-2,S3 à Louer au Lac 2,Les Berges Du Lac 2 à La Marsa,2 500 TND,,6.0,,1.0,,1.0,,1.0,1.0,,Appartement,Bon état,36.876389,10.325278,,3.0,,,,,,,1.0,1.0,1.0,1.0,1.0,1.0,,1.0,,1.0,1-5 ans,Marbre,1.0,1.0,,1.0,,2ème,,,,,,,
https://www.mubawab.tn/fr/a/8084366/s3-en-location,S3 en location,La Marsa à La Marsa,2 200 TND,140.0,4.0,,,,,1.0,1.0,,,Appartement,Nouveau,36.8941992,10.2762232,,3.0,,,,,,,,1.0,,,,1.0,,,,,,,,,,,,,,2.0,,,,,
https://www.mubawab.tn/fr/a/8018483/appartement-s2-neuf-%C3%A0-louer-aux-jardins-de-carthage,Appartement S2 Neuf à louer aux Jardins de Carthage,Les Jardins de Carthage à Le Kram,2 100 TND,122.0,2.0,,1.0,,,,,,,Appartement,Nouveau,36.8555704,10.291834,,2.0,,,1.0,,,,,,,,,,,,,,,,1.0,,,,,,,,,,,,
https://www.mubawab.tn/fr/a/8070963/appartement-richement-meubl%C3%A9,Appartement richement meublé,La Marsa à La Marsa,4 000 TND,150.0,,,,1.0,1.0,1.0,1.0,1.0,1.0,Appartement,Bon état,33.88689999999999,9.5375,,2.0,,50 m²,1.0,,,1.0,1.0,1.0,1.0,1.0,1.0,1.0,1.0,1.0,1.0,,1-5 ans,Carrelage,,,,,,,,2.0,,,,,
https://www.mubawab.tn/fr/a/8086464/un-appartement-s4-au-jardin-de-carthage,Un appartement S4 au jardin de Carthage,Les Jardins de Carthage à Le Kram,2 400 TND,220.0,5.0,,,1.0,,1.0,1.0,1.0,,Appartement,Bon état,36.855570400000005,10.291834,,4.0,180 m²,,1.0,,1.0,1.0,1.0,1.0,1.0,1.0,,,,,,,10-20 ans,Marbre,1.0,1.0,,1.0,,1er,Est,2.0,,,,,
https://www.mubawab.tn/fr/a/7818131/s2-richement-meubl%C3%A9-aux-jardins-de-carthage,S2 richement meublé aux Jardins de carthage,Les Jardins de Carthage à Le Kram,3 200 TND,95.0,,,1.0,1.0,1.0,1.0,1.0,1.0,1.0,Appartement,Bon état,36.833333,10.316667,1.0,2.0,,,1.0,,1.0,1.0,1.0,1.0,1.0,1.0,1.0,1.0,1.0,1.0,1.0,1.0,Moins d'un an,Marbre,1.0,1.0,,1.0,,,Est,,,,,,
https://www.mubawab.tn/fr/a/8101595/s2-en-location,S2 en location,Bizerte,800 TND,140.0,,,,,,,,,,Appartement,,37.266667,9.866667,,,,,,,,,,,,,,,,,,,,,,,,,,,,,,,,,
https://www.mubawab.tn/fr/a/8101585/s2-en-location,S2 en location,Hiboun à Mahdia Ville,470 TND,83.0,,,,,,,,,,Appartement,,35.5303145,11.016855,,,,,1.0,,,,,,,,,,,,,,,,,,,,,,,,,,,,
https://www.mubawab.tn/fr/a/8101575/s2-en-location,S2 en location,Nabeul à Nabeul,1 600 TND,95.0,,,,,1.0,1.0,1.0,,,Appartement,,36.45056,10.73505,,,,,1.0,,,,,,,,,1.0,,,,,,,1.0,1.0,,,,,,,1.0,,,,
https://www.mubawab.tn/fr/a/8077335/duplex-s4-a-louer-au-lac2,Duplex S4 a Louer au Lac2,Les Berges Du Lac 2 à La Marsa,4 000 TND,,9.0,,,,,,,1.0,,Appartement,Bon état,36.876389,10.325278,,4.0,,,1.0,,1.0,,1.0,1.0,1.0,1.0,,1.0,,,,1.0,1-5 ans,Marbre,1.0,1.0,,1.0,1.0,7ème,,3.0,,,,,
https://www.mubawab.tn/fr/a/8088940/s2-en-location,S2 en location,Les Jardins de Carthage à Le Kram,2 600 TND,90.0,3.0,,,,,,,,,Appartement,Nouveau,36.8555704,10.291834,,2.0,,,1.0,,,,,,,,,,,,,,Moins d'un an,Marbre,1.0,,,,,1er,,2.0,1.0,,,,
https://www.mubawab.tn/fr/a/7974791/studio-meubl%C3%A9-s0-aux-jardins-de-carthage,Studio meublé S0 aux jardins de carthage,Les Jardins de Carthage à Le Kram,1 100 TND,60.0,,1.0,1.0,,1.0,1.0,,1.0,1.0,Appartement,Bon état,36.833333,10.316667,1.0,,,,,,,,,,,,1.0,1.0,1.0,1.0,,,,,,,,,,,,,,,,,
https://www.mubawab.tn/fr/a/7997890/appartement-meubl%C3%A9-s2-aux-berges-du-lac-2,Appartement meublé S2 aux berges du lac 2,Les Berges Du Lac 2 à La Marsa,5 000 TND,160.0,3.0,,1.0,,1.0,1.0,1.0,1.0,,Appartement,Bon état,36.876389,10.325278,,2.0,,,,,,,,,,,,1.0,1.0,,1.0,,,,,1.0,,,,,,,,,,,
https://www.mubawab.tn/fr/a/8078687/appartement-s1-aux-jardins-de-carthage,Appartement S1 aux Jardins de Carthage,Les Jardins de Carthage à Le Kram,1 400 TND,82.0,2.0,1.0,1.0,,,1.0,1.0,1.0,,Appartement,Bon état,36.833333,10.316667,,,,,1.0,,,,,1.0,,,,,,,,,,,1.0,1.0,,1.0,,4ème,,,,,,,
https://www.mubawab.tn/fr/a/8082012/appartement-s2-%C3%A0-ain-zaghouan-nord,Appartement s2 à Ain Zaghouan Nord,Ain Zaghouan Nord à La Marsa,1 700 TND,100.0,3.0,,1.0,,,1.0,1.0,1.0,,Appartement,Bon état,36.876389,10.325278,,2.0,,,,,,,,1.0,,,,1.0,,,,,,,1.0,1.0,,1.0,,2ème,,,,,,,
https://www.mubawab.tn/fr/a/8101538/appartement-s2,Appartement s2,Hammam Sousse à Hammam Sousse,1 300 TND,85.0,3.0,,1.0,,1.0,1.0,1.0,1.0,1.0,Appartement,Nouveau,35.8569,10.5972,,2.0,85 m²,,,,,,,1.0,1.0,,1.0,1.0,1.0,,,,1-5 ans,Marbre,1.0,1.0,,1.0,,5ème,Nord,,,,,,
https://www.mubawab.tn/fr/a/8101458/a-louer-s3-meubl%C3%A9-au-lac-1,A Louer S3 Meublé au Lac 1,Les Berges Du Lac 1 à La Marsa,2 500 TND,135.0,4.0,,,,1.0,1.0,1.0,1.0,,Appartement,Bon état,36.876389,10.325278,,3.0,,,1.0,,,,,,,,1.0,1.0,1.0,,,,,,1.0,,,,1.0,1er,,2.0,,,,,
https://www.mubawab.tn/fr/a/8093103/etage-de-villa-avec-vue-d%C3%A9gag%C3%A9e-%C3%A0-gammarth,Etage de villa avec vue dégagée à Gammarth,Gammarth à La Marsa,3 000 TND,,,,,,,1.0,1.0,1.0,1.0,Appartement,Bon état,36.876389,10.325278,1.0,2.0,,,1.0,1.0,1.0,,,,,1.0,1.0,1.0,,,,,,,,,1.0,,,1er,,2.0,,1.0,,,
https://www.mubawab.tn/fr/a/8032781/appartement-s4-meubl%C3%A9e-vue-lac,Appartement s4 meublée vue lac,Les Berges Du Lac 1 à La Marsa,6 000 TND,230.0,5.0,,,,,1.0,1.0,1.0,1.0,Appartement,Bon état,36.876389,10.325278,,4.0,,,1.0,1.0,1.0,1.0,1.0,1.0,1.0,1.0,1.0,1.0,1.0,1.0,1.0,1.0,1-5 ans,,1.0,1.0,,1.0,1.0,,,4.0,,,,,
https://www.mubawab.tn/fr/a/8100819/%C3%A0-louer-un-appartement-s2-%C3%A0-la-soukra,À louer un appartement s2 à la soukra,La Soukra à La Soukra,1 150 TND,115.0,3.0,,,,,1.0,1.0,1.0,,Appartement,Bon état,36.883333,10.25,,2.0,115 m²,,1.0,,,,,1.0,1.0,1.0,,,,,,,,,1.0,1.0,,,,,,2.0,,,,,
https://www.mubawab.tn/fr/a/8101306/spacieux-s2-au-rez-de-chauss%C3%A9e,Spacieux S2 au rez de chaussée,Cité Ennour Jaafar à Raoued,550 TND,70.0,3.0,,1.0,,,,,,,Appartement,Bon état,36.954444,10.191389,,2.0,,,,,,,,,,,,,,,,,,,1.0,,,1.0,,,,,,,,,
https://www.mubawab.tn/fr/a/8101271/appartement-s2-%C3%A0-ennaser-2-avec-vue-d%C3%A9gag%C3%A9,Appartement S2 à ennaser 2 avec vue dégagé,Cité Ennasr 1 à Ariana Ville,1 500 TND,140.0,3.0,,,,,1.0,1.0,1.0,,Appartement,Nouveau,36.8625,10.19556,,2.0,,,1.0,,1.0,,,,1.0,1.0,,1.0,,,,,Moins d'un an,Marbre,1.0,1.0,1.0,1.0,1.0,3ème,,2.0,,,,,
https://www.mubawab.tn/fr/a/8101266/a-louer-appartement-s3-au-c%C5%93ur-des-jardins-de-carthage,A louer Appartement S3 au cœur des Jardins de Carthage,Le Kram,2 400 TND,,,,,,,,,1.0,,Appartement,,36.833333,10.316667,,4.0,,,1.0,,,,,1.0,,,,,,,,,,,1.0,,,,,,,,,,,,
https://www.mubawab.tn/fr/a/8101166/appartement-s2-meubl%C3%A9-au-lac-1,Appartement s2 meublé au Lac 1,Les Berges Du Lac 1 à La Marsa,2 400 TND,100.0,2.0,,1.0,,1.0,,,,,Appartement,Nouveau,36.876389,10.325278,,2.0,,,,,,,,,,,,,,,,,,,,,,,,,,,,,,,
https://www.mubawab.tn/fr/a/8092986/beau-rez-de-chauss%C3%A9e-vue-sur-mer-avec-piscine-%C3%A0-louer,Beau rez de chaussée vue sur mer avec piscine à louer,La Marsa à La Marsa,3 000 TND,100.0,,1.0,1.0,1.0,,1.0,1.0,1.0,,Appartement,Nouveau,36.8941992,10.2762232,,,,,1.0,1.0,,,,,,,,,,,,,5-10 ans,Marbre,1.0,,,,,,,,1.0,,,,
https://www.mubawab.tn/fr/a/8100825/s1-au-menzah-9c,S1 au menzah 9C,El Menzah 9 à El Menzah,1 050 TND,72.0,,1.0,1.0,,,1.0,1.0,1.0,,Appartement,Nouveau,36.845235,10.164723,1.0,,60 m²,,,,,,1.0,1.0,1.0,1.0,,,,,,,Moins d'un an,Marbre,1.0,1.0,1.0,1.0,,6ème,Ouest,,,,,,
https://www.mubawab.tn/fr/a/8100814/spacieux-appartement-s3-au-lac1,Spacieux appartement S3 au Lac1,Les Berges Du Lac 1 à La Marsa,2 500 TND,160.0,4.0,,,,,1.0,1.0,1.0,,Appartement,Bon état,36.876389,10.325278,,3.0,,,,,,1.0,1.0,1.0,1.0,1.0,,,,,,,,,1.0,1.0,,1.0,,,,3.0,,,,,
https://www.mubawab.tn/fr/a/8098467/s3-meubl%C3%A9-%C3%A0-la-marsa-mal1493,S3 meublé à La Marsa MAL1493,La Marsa à La Marsa,4 500 TND,,,,,1.0,1.0,1.0,1.0,1.0,,Appartement,Bon état,36.876389,10.325278,1.0,3.0,,,,,,,,,,,,,,,,,,,1.0,,,,,,,3.0,,,,,
https://www.mubawab.tn/fr/a/8084608/location-appartement-meubl%C3%A9-au-lac-2,Location Appartement meublé au lac 2,Les Berges Du Lac 2 à La Marsa,2 450 TND,,2.0,1.0,1.0,,1.0,1.0,1.0,1.0,1.0,Appartement,Nouveau,36.876389,10.325278,,,,,,,,1.0,1.0,,1.0,1.0,1.0,1.0,1.0,1.0,1.0,1.0,,,1.0,,,,,,,,,,,,
https://www.mubawab.tn/fr/a/8092260/a-vendre-appartement-s2-%C3%A0-hammem-sousse,A vendre appartement s2 à hammem sousse,Hammam Sousse à Hammam Sousse,420 000 TND,128.0,3.0,,1.0,,,1.0,1.0,1.0,,Appartement,Bon état,35.8569,10.5972,,2.0,,,1.0,,1.0,,1.0,1.0,1.0,1.0,,1.0,,,,1.0,,,1.0,1.0,,1.0,1.0,,,,,,,,
https://www.mubawab.tn/fr/a/8039239/superbe-appartement-%C3%A0-louer-%C3%A0-gammarth-sup%C3%A9rieur-surface-de-115-m%C2%B2-porte-blind%C3%A9e-et-chauffage-central,Superbe appartement à louer à Gammarth Supérieur. Surface de 115 m². Porte blindée et chauffage central,Gammarth Supérieur à La Marsa,2 800 TND,115.0,,,1.0,,1.0,1.0,1.0,1.0,1.0,Appartement,Nouveau,36.87908500000002,10.306524200000002,,2.0,,,1.0,1.0,,,1.0,1.0,1.0,1.0,1.0,1.0,,1.0,,,1-5 ans,Marbre,1.0,,1.0,1.0,,1er,Nord,,,,,,
https://www.mubawab.tn/fr/a/8100665/tr%C3%A8s-bel-appartement-en-location-%C3%A0-cit%C3%A9-ennasr-1-pi%C3%A8ce,Très bel appartement en location à Cité Ennasr. 1 Pièce,Cité Ennasr à Hammam Lif,111 111 TND,120.0,,,1.0,,,,,,,Appartement,Nouveau,0.0,0.0,1.0,2.0,,,,,,,,,,,,,,,,,5-10 ans,Parquet,,,,,,2ème,Est,,,,,,
https://www.mubawab.tn/fr/a/8100631/un-appartement-s1,Un appartement S1,Les Jardins de Carthage à Le Kram,2 000 TND,60.0,,1.0,1.0,,,1.0,1.0,,,Appartement,Nouveau,36.833333,10.316667,1.0,,,,,,,,,,,,,1.0,,,,,,,1.0,,,,,,,,,,,,
https://www.mubawab.tn/fr/a/8100587/s2-vide-et-jamais-habit%C3%A9-%C3%A0-hammamet-nord,S2 vide et jamais habité à Hammamet Nord,Hammamet Nord à Hammamet,1 000 TND,106.0,3.0,,1.0,,,,1.0,1.0,,Appartement,Nouveau,36.40108,10.61457,,2.0,,,1.0,1.0,1.0,,1.0,1.0,1.0,1.0,,,,,,,Moins d'un an,,1.0,1.0,1.0,1.0,,5ème,,,,,,,
https://www.mubawab.tn/fr/a/7972289/s1-neuf-%C3%A0-louer-au-jardin-de-carthage,S1 Neuf à Louer au jardin de Carthage,Les Jardins de Carthage à Le Kram,1 300 TND,70.0,2.0,1.0,1.0,1.0,,1.0,1.0,1.0,,Appartement,Nouveau,36.833333,10.316667,,,,,1.0,,,,,,,,,,,,,,,,1.0,,,,,,,,,,,,
https://www.mubawab.tn/fr/a/8082197/ennasr-2-%C3%A0-louer-agr%C3%A9able-appt-s3,ENNASR 2; à LOUER Agréable appt S3,Cité Ennasr 2 à Ariana Ville,Prix à consulter,220.0,5.0,,,,,,1.0,1.0,,Appartement,Bon état,36.8625,10.19556,,4.0,,,,,,,,,,,1.0,1.0,,1.0,,,,,1.0,,,,,,,3.0,,,,,
https://www.mubawab.tn/fr/a/8021924/coquet-appartement-s1-meubl%C3%A9-%C3%A0-louer-aux-jardins-de-carthage,Coquet Appartement S1 meublé à louer aux Jardins de Carthage,Les Jardins de Carthage à Le Kram,2 000 TND,85.0,,1.0,,,1.0,,,,,Appartement,,36.8555704,10.291834,,,,,1.0,,,,,1.0,,,,,,,,,,,,,,,,,,,,,,,
https://www.mubawab.tn/fr/a/7975370/%C3%A0-louer-s2-meubl%C3%A9-%C3%A0-la-marsa,À louer s2 meublé à la Marsa,La Marsa à La Marsa,3 500 TND,110.0,3.0,,1.0,,1.0,1.0,1.0,1.0,1.0,Appartement,Bon état,36.876389,10.325278,,2.0,,,1.0,,1.0,1.0,,,1.0,1.0,1.0,1.0,1.0,1.0,1.0,,,,,,,,1.0,,,,,,,,
https://www.mubawab.tn/fr/a/8094515/appartement-s3-avec-terrasse-%C3%A0-louer-la-marsa,Appartement S3 avec terrasse à louer La Marsa,La Marsa à La Marsa,2 600 TND,150.0,4.0,,,1.0,,1.0,1.0,1.0,,Appartement,Bon état,36.876389,10.325278,,3.0,,,1.0,,1.0,,,1.0,1.0,1.0,,1.0,,,,,,,1.0,1.0,,1.0,1.0,,,2.0,,,,,
https://www.mubawab.tn/fr/a/8006939/appartement-s3-aux-berges-du-lac-2,Appartement S3 aux Berges du Lac 2,Les Berges Du Lac 2 à La Marsa,3 200 TND,190.0,4.0,,,,,1.0,1.0,1.0,1.0,Appartement,Bon état,36.876389,10.325278,,3.0,,,,,,,1.0,1.0,,1.0,,1.0,,1.0,,,,,1.0,1.0,,1.0,,2ème,,2.0,,,,,
https://www.mubawab.tn/fr/a/8074951/appartement-s2-meuble-vue-mer-a-la-marsa,Appartement s2 meuble vue mer a la Marsa,La Marsa à La Marsa,3 700 TND,80.0,,,1.0,,1.0,,,,,Appartement,Nouveau,36.876389,10.325278,,2.0,,,1.0,,,,,,,,,,,,,,,,1.0,,,,,,,,,,,,
https://www.mubawab.tn/fr/a/8099418/bel-appartement-en-location-%C3%A0-aouina-1-chambre-bien-meubl%C3%A9,Bel appartement en location à Aouina. 1 chambre. Bien meublé,Aouina à La Marsa,1 900 TND,85.0,,1.0,1.0,,1.0,1.0,1.0,1.0,,Appartement,Nouveau,33.88689999999998,9.537500000000003,,,85 m²,,,,,,1.0,1.0,1.0,1.0,1.0,1.0,1.0,1.0,1.0,,1-5 ans,Marbre,1.0,1.0,,,,3ème,Est,,,,,,
https://www.mubawab.tn/fr/a/8100309/appartement-s1-meubl%C3%A9-%C3%A0-ain-zaghouan,Appartement S1 meublé à Ain zaghouan,Ain Zaghouan Nord à La Marsa,1 800 TND,80.0,2.0,1.0,1.0,1.0,1.0,1.0,1.0,1.0,,Appartement,Bon état,36.87638900000003,10.325278,,,,,,,,,,1.0,,,,,,,,,,,,,,1.0,,,,,,,,,
https://www.mubawab.tn/fr/a/8095744/a-louer-un-appartement-en-s3-meubl%C3%A9-%C3%A0-gammart,A louer un appartement en S3 meublé à Gammart,Gammarth à La Marsa,4 000 TND,150.0,4.0,,,,1.0,1.0,1.0,1.0,1.0,Appartement,Nouveau,36.876389,10.325278,,3.0,,,,1.0,,,,,,,1.0,1.0,1.0,1.0,,,,,1.0,,,,,,,2.0,,,,,
https://www.mubawab.tn/fr/a/8010717/a-louer-villa-au-jardin-de-carthage,A louer villa au jardin de carthage,Les Jardins de Carthage à Le Kram,6 500 TND,500.0,6.0,,,1.0,,1.0,1.0,1.0,,Appartement,Nouveau,36.833333,10.316667,,6.0,,,1.0,,1.0,1.0,1.0,1.0,1.0,1.0,,1.0,,1.0,1.0,1.0,,,1.0,1.0,,1.0,,,,4.0,,,,,
https://www.mubawab.tn/fr/a/8073769/a-louer-appartement-meubl%C3%A9-au-jardin-de-carthage,A louer appartement meublé au jardin de carthage,Les Jardins de Carthage à Le Kram,1 850 TND,65.0,2.0,1.0,1.0,1.0,1.0,1.0,1.0,1.0,1.0,Appartement,Nouveau,36.833333,10.316667,,,,,1.0,,1.0,1.0,1.0,1.0,1.0,1.0,1.0,1.0,1.0,1.0,1.0,1.0,,,1.0,1.0,,1.0,,,,,,,,,
https://www.mubawab.tn/fr/a/8037031/spacieux-s-plus-3-richement-meubl%C3%A9,Spacieux s plus 3 richement meublé,El Menzah 4 à El Menzah,4 000 TND,170.0,4.0,,,,1.0,1.0,1.0,1.0,1.0,Appartement,Nouveau,36.84523500000001,10.164723000000029,,3.0,,,1.0,,1.0,1.0,1.0,1.0,1.0,1.0,1.0,1.0,1.0,1.0,,,,Marbre,1.0,1.0,1.0,1.0,,,,3.0,,,,,
https://www.mubawab.tn/fr/a/7978003/a-louer-un-s3-front-lac-au-lac2,A louer un S3 front lac au lac2,Les Berges Du Lac 2 à La Marsa,4 800 TND,200.0,4.0,,,,,1.0,1.0,1.0,,Appartement,Nouveau,36.876389,10.325278,,3.0,,,1.0,,,,,,1.0,,,,,,,,1-5 ans,,1.0,,,,,,,3.0,,,,,
https://www.mubawab.tn/fr/a/7931872/s2-neuf-%C3%A0-louer-aux-jardins-de-carthage,S2 neuf à louer aux jardins de carthage,Les Jardins de Carthage à Le Kram,2 300 TND,140.0,,,,,,1.0,1.0,1.0,,Appartement,Nouveau,36.833333,10.316667,1.0,2.0,,,1.0,,1.0,1.0,1.0,1.0,1.0,1.0,,1.0,,,,,Moins d'un an,Marbre,1.0,1.0,,1.0,,1er,Est,2.0,1.0,,,,
https://www.mubawab.tn/fr/a/8100072/a-louer-s4-avec-jardin-%C3%A0-la-marsa,A Louer S4 avec Jardin à La Marsa,La Marsa à La Marsa,4 200 TND,380.0,5.0,,,1.0,1.0,1.0,1.0,1.0,,Appartement,Bon état,36.876389,10.325278,,4.0,,,1.0,,,,,,,,,1.0,,,,,,,1.0,,,,,,,3.0,,,,,
https://www.mubawab.tn/fr/a/8088879/appartement-s3-meubl%C3%A9-avec-jardin-au-lac-2,Appartement S3 meublé avec jardin au Lac 2,Les Berges Du Lac 2 à La Marsa,6 200 TND,,4.0,,,1.0,1.0,1.0,1.0,1.0,1.0,Appartement,Bon état,36.876389,10.325278,,3.0,,,1.0,,1.0,1.0,1.0,1.0,1.0,1.0,1.0,1.0,1.0,1.0,1.0,1.0,,,1.0,1.0,,1.0,,,,3.0,,,,,
https://www.mubawab.tn/fr/a/8045085/tr%C3%A8s-bel-appartement-en-location-%C3%A0-les-berges-du-lac-1-superficie-70-m%C2%B2-bien-meubl%C3%A9,Très bel appartement en location à Les Berges Du Lac 1. Superficie 70 m². Bien meublé,Les Berges Du Lac 1 à La Marsa,2 200 TND,70.0,,,1.0,,1.0,1.0,1.0,1.0,1.0,Appartement,Bon état,36.8355152,10.2241758,1.0,2.0,,,,,,,1.0,1.0,1.0,1.0,1.0,1.0,1.0,1.0,1.0,,1-5 ans,Marbre,1.0,1.0,,,,,,,,,,,
https://www.mubawab.tn/fr/a/8085371/s1-meubl%C3%A9-%C3%A0-louer-au-lac-2,S1 meublé à louer au lac 2,Les Berges Du Lac 2 à La Marsa,1 700 TND,,4.0,1.0,1.0,,1.0,1.0,1.0,1.0,,Appartement,Bon état,36.876389,10.325278,,,,,1.0,,1.0,,,1.0,1.0,1.0,,1.0,,,,1.0,Moins d'un an,Marbre,1.0,1.0,,1.0,,1er,,,,,,,
https://www.mubawab.tn/fr/a/8098632/appartement-s2-meubl%C3%A9-%C3%A0-louer-au-lac-1,Appartement S2 meublé à louer au lac 1,Les Berges Du Lac 1 à La Marsa,2 500 TND,,6.0,,,,1.0,1.0,1.0,1.0,1.0,Appartement,Bon état,36.876389,10.325278,,2.0,,,,,1.0,,1.0,1.0,1.0,1.0,1.0,1.0,1.0,1.0,,1.0,Moins d'un an,Marbre,1.0,1.0,,1.0,,3ème,,2.0,,,,,
https://www.mubawab.tn/fr/a/8099792/appartement-s2-neuf-avec-terrasse-%C3%A0-azn,Appartement S2 neuf avec terrasse à AZN,Ain Zaghouan Nord à La Marsa,2 400 TND,,3.0,,1.0,,,1.0,1.0,1.0,,Appartement,Nouveau,36.876389,10.325278,,2.0,,,1.0,,1.0,1.0,1.0,1.0,1.0,1.0,,1.0,,,1.0,1.0,Moins d'un an,Carrelage,1.0,1.0,,1.0,,2ème,,,,,,,
https://www.mubawab.tn/fr/a/7779962/location-appartement-meuble-avec-jardin-a-ain-zaghouen-nord,Location appartement meuble avec jardin a ain zaghouen nord,Ain Zaghouan Nord à La Marsa,3 500 TND,200.0,4.0,,,1.0,1.0,1.0,1.0,1.0,1.0,Appartement,Nouveau,36.8623859,10.2835035,,3.0,,,1.0,,,,,1.0,1.0,1.0,1.0,1.0,1.0,1.0,1.0,1.0,,,1.0,1.0,,1.0,,,,2.0,,,,,
https://www.mubawab.tn/fr/a/8099685/appartement-s2-meubl%C3%A9-r%C3%A9sidence-avec-piscine,Appartement S2 meublé résidence avec piscine,Hammamet à Hammamet,1 500 TND,,3.0,,1.0,,1.0,1.0,,1.0,1.0,Appartement,Bon état,36.40108,10.61457,,2.0,,,1.0,,1.0,1.0,1.0,1.0,1.0,1.0,1.0,1.0,1.0,1.0,1.0,1.0,,Marbre,1.0,1.0,1.0,1.0,,3ème,,,1.0,,,,
https://www.mubawab.tn/fr/a/8032771/a-louer-appartement-s1-%C3%A0-menzah-9c,A Louer Appartement S1 à Menzah 9C,El Menzah 9 à El Menzah,1 000 TND,75.0,,1.0,1.0,,,,1.0,,,Appartement,Nouveau,36.845235,10.164723,1.0,,,,,,,,,,,,,,,,,,,,,,,,,,,,,,,,
https://www.mubawab.tn/fr/a/8099641/s2-a-louer-a-el-menzah-9c,S2 A louer A El Menzah 9C,El Menzah 9 à El Menzah,1 400 TND,100.0,3.0,,1.0,,,,1.0,,,Appartement,Nouveau,36.8482637,10.1410889,,2.0,100 m²,,1.0,,,,,,,,,,,,,,1-5 ans,Marbre,1.0,1.0,,,,,,,,,,,
https://www.mubawab.tn/fr/a/8099584/tr%C3%A8s-beau-s3-joliment-meubl%C3%A9-lac2,Très beau S3 joliment meublé lac2,Les Berges Du Lac 2 à La Marsa,4 000 TND,180.0,4.0,,,,1.0,1.0,,,,Appartement,Bon état,36.876389,10.325278,,3.0,160 m²,12 m²,1.0,,,,,,,,,,,,,,5-10 ans,Marbre,1.0,,,,,2ème,Est,2.0,,,,,
https://www.mubawab.tn/fr/a/8060140/etage-s3-meubl%C3%A9-%C3%A0-hammamet-centre-%C3%A0-louer,Etage S3 meublé à Hammamet centre à louer,Hammamet à Hammamet,1 500 TND,,4.0,,1.0,,1.0,1.0,1.0,1.0,1.0,Appartement,Bon état,36.40108,10.61457,,3.0,,,1.0,,1.0,1.0,1.0,,1.0,1.0,1.0,1.0,1.0,,1.0,,,,,,,,,1er,,,,,,,
https://www.mubawab.tn/fr/a/8099426/un-appartement-s3-%C3%A0-sidi-daoud-la-marsa,Un appartement s3 à sidi Daoud la marsa,Sidi Daoued à La Marsa,3 500 TND,150.0,5.0,,1.0,1.0,,1.0,1.0,1.0,,Appartement,Bon état,36.876389,10.325278,,4.0,200 m²,,1.0,,,,1.0,1.0,,1.0,,,,,1.0,1.0,,,1.0,,,,,,,,1.0,,,,
https://www.mubawab.tn/fr/a/7926816/appartement-s3-meubl%C3%A9-%C3%A0-louer-aux-berges-du-lac-2,Appartement S3 meublé à louer aux Berges du lac 2,Les Berges Du Lac 2 à La Marsa,3 000 TND,160.0,,,,,,,,1.0,,Appartement,,36.8468986,10.2641808,,3.0,,,,,,,,1.0,,,,,,,,,,,1.0,,,,,,,,,,,,
https://www.mubawab.tn/fr/a/8099504/a-louer-s2-meubl%C3%A9-a-jardins-de-carthage,A Louer S2 Meublé A Jardins De Carthage,Les Jardins de Carthage à Le Kram,3 000 TND,126.0,2.0,,1.0,,1.0,,,1.0,,Appartement,Nouveau,36.833333,10.316667,,2.0,,,1.0,,,,,,,,,,,,,,,,1.0,,,,,,,,,,,,
https://www.mubawab.tn/fr/a/8099453/appartement-s1-meubl%C3%A9-%C3%A0-la-location-%C3%A0-ennaser-2,Appartement S1 meublé à la location à Ennaser 2,Cité Ennasr 2 à Ariana Ville,1 300 TND,65.0,2.0,1.0,1.0,,1.0,1.0,1.0,1.0,,Appartement,Nouveau,36.8625,10.19556,,,,,1.0,,1.0,1.0,,1.0,1.0,1.0,1.0,1.0,,,,,,,,1.0,,1.0,,,,,,,,,
https://www.mubawab.tn/fr/a/8099431/appartement-s1-meubl%C3%A9-ou-vide-%C3%A0-jardin-de-carthage,Appartement S1 meublé ou vide à Jardin de Carthage,Les Jardins de Carthage à Le Kram,Prix à consulter,65.0,2.0,1.0,1.0,1.0,1.0,1.0,1.0,1.0,,Appartement,Nouveau,36.833333,10.316667,,,,,,,,1.0,1.0,1.0,1.0,1.0,1.0,1.0,,,,,,,,,,,,,,,,,,,
https://www.mubawab.tn/fr/a/7971256/a-louer-appartement-s3-tout-neuf,A louer appartement S3 tout neuf,Khezama Est,1 450 TND,120.0,4.0,,,,,1.0,1.0,1.0,,Appartement,Nouveau,35.8273,10.6339,,3.0,,,,,,,,1.0,,,,1.0,,,,,,,,,,1.0,,,,2.0,,,,,
https://www.mubawab.tn/fr/a/8086961/s2-meubl%C3%A9-%C3%A0-louer-au-lac-2,S2 Meublé à Louer au lac 2,Les Berges Du Lac 2 à La Marsa,2 400 TND,,6.0,,,,1.0,1.0,1.0,1.0,,Appartement,Bon état,36.876389,10.325278,,2.0,,,1.0,,,,1.0,1.0,1.0,1.0,,1.0,1.0,1.0,1.0,1.0,Moins d'un an,Marbre,1.0,1.0,,1.0,,2ème,,2.0,,,,,
https://www.mubawab.tn/fr/a/8005369/s1-meubl%C3%A9-%C3%A0-louer-au-lac1,S1 Meublé à Louer au Lac1,Les Berges Du Lac 1 à La Marsa,2 800 TND,,2.0,1.0,1.0,,1.0,1.0,1.0,1.0,1.0,Appartement,Bon état,36.876389,10.325278,,,,,,,,,,,,,1.0,1.0,1.0,1.0,,,,,,1.0,,,,,,,,,,,
https://www.mubawab.tn/fr/a/8085298/s1-%C3%A0-louer-%C3%A0-ain-zaghouan-nord,S1 à Louer à Ain Zaghouan nord,Ain Zaghouan Nord à La Marsa,1 600 TND,,4.0,1.0,1.0,,,1.0,1.0,1.0,,Appartement,Bon état,36.876389,10.325278,,,,,,,1.0,,1.0,1.0,1.0,1.0,1.0,1.0,,,,1.0,Moins d'un an,Marbre,1.0,1.0,,1.0,,3ème,,,,,,,
https://www.mubawab.tn/fr/a/7945410/s1-jamais-habit%C3%A9-%C3%A0-louer-aux-jardins-de-carthage,S1 jamais habité à louer aux Jardins De Carthage,Les Jardins de Carthage à Le Kram,1 500 TND,76.0,4.0,1.0,1.0,,,1.0,1.0,1.0,,Appartement,Nouveau,36.833333,10.316667,,,,,1.0,,1.0,,1.0,1.0,1.0,1.0,,1.0,,,1.0,1.0,1-5 ans,Marbre,,1.0,,1.0,,7ème,Sud,,,,,,
https://www.mubawab.tn/fr/a/8099429/a-louer-s2-au-lac-1,A louer s2 au lac 1,Les Berges Du Lac 1 à La Marsa,1 900 TND,100.0,3.0,,1.0,,,,,,,Appartement,Bon état,36.876389,10.325278,,2.0,,,,,,,,,,,,,,,,,,,,,,,,,,,,,,,
https://www.mubawab.tn/fr/a/8099420/appartement-s3-vide-%C3%A0-les-jasmins-nabeul,"Appartement S3 vide à Les Jasmins, Nabeul",Nabeul à Nabeul,2 100 TND,165.0,4.0,,,,,1.0,1.0,1.0,,Appartement,Bon état,36.45056,10.73505,,3.0,165 m²,,1.0,1.0,1.0,1.0,,,1.0,,,1.0,,,,,Moins d'un an,,1.0,1.0,,1.0,,6ème,Nord,2.0,,,,,
https://www.mubawab.tn/fr/a/8091988/a-louer-un-s1-aux-jardins-de-carthage,A louer un s1 aux Jardins de Carthage,Les Jardins de Carthage à Le Kram,1 500 TND,,,1.0,1.0,,,,1.0,,,Appartement,Nouveau,36.833333,10.316667,1.0,,,,,,,,,,,,,,,,,,,,1.0,,,,,,,,,,,,
https://www.mubawab.tn/fr/a/8099402/appartement-tout-neuf-%C3%A0-louer,Appartement tout neuf à Louer,Bhar Lazreg à La Marsa,1 150 TND,98.0,3.0,,,1.0,,1.0,1.0,1.0,,Appartement,Nouveau,36.876389,10.325278,,2.0,,,1.0,,1.0,,1.0,1.0,1.0,,,,,,1.0,,Moins d'un an,Marbre,1.0,1.0,,1.0,,3ème,Est,2.0,,,,,
https://www.mubawab.tn/fr/a/7662308/a-louer-s2-sidi-bou-said,A Louer S2 Sidi Bou Said,Sidi Bousaid à Carthage,3 500 TND,,3.0,,,1.0,1.0,1.0,1.0,1.0,1.0,Appartement,Bon état,36.8566,10.3258,,2.0,,,1.0,1.0,,,,1.0,1.0,,1.0,1.0,,1.0,,1.0,,,,,1.0,1.0,1.0,,,2.0,,,,,
https://www.mubawab.tn/fr/a/8099315/appartement-%C3%A0-louer-yasmine-hammamet,Appartement à louer Yasmine Hammamet,Yasmine Hammamet à Hammamet,Prix à consulter,360.0,4.0,,1.0,1.0,1.0,1.0,,1.0,,Appartement,Nouveau,36.374884,10.535237,,2.0,110 m²,,1.0,,,1.0,1.0,1.0,1.0,1.0,1.0,1.0,1.0,,1.0,,1-5 ans,Marbre,,,,,,1er,Ouest,,,,,,
https://www.mubawab.tn/fr/a/8041929/duplex-s4-meubl%C3%A9-%C3%A0-louer-aux-jardins-de-carthage,Duplex S4 meublé à louer aux jardins de carthage,Les Jardins de Carthage à Le Kram,5 500 TND,330.0,,,,1.0,1.0,1.0,1.0,1.0,1.0,Appartement,Bon état,36.833333,10.316667,1.0,4.0,,,1.0,,1.0,1.0,1.0,1.0,1.0,1.0,1.0,1.0,1.0,1.0,1.0,,1-5 ans,Carrelage,1.0,1.0,,1.0,1.0,,Est,3.0,,,,,
https://www.mubawab.tn/fr/a/8099091/s1-richement-meubl%C3%A9,S1 Richement meublé,Ain Zaghouan Nord à La Marsa,1 900 TND,65.0,,1.0,1.0,,1.0,,,,,Appartement,Nouveau,36.876389,10.325278,1.0,,65 m²,,,,,,,,,,,,,,,,Moins d'un an,Marbre,,,,,,2ème,Est,,,,,,
https://www.mubawab.tn/fr/a/8094309/magnifique-s1-jamais-habit%C3%A9,Magnifique S1 jamais habité,Bou Mhel à Boumhel Bassatine,1 100 TND,64.0,,1.0,1.0,1.0,1.0,1.0,1.0,1.0,,Appartement,Nouveau,36.57724,10.34246,1.0,,,18 m²,1.0,,,,1.0,1.0,1.0,1.0,,1.0,,,,,Moins d'un an,Marbre,1.0,1.0,1.0,1.0,,1er,Nord,,,,,,
https://www.mubawab.tn/fr/a/8099076/aouina-appartement-s-plus-deux-r%C3%A9cemment-construit-avec-p,Aouina Appartement S plus deux récemment construit avec p,Les Jardins de Carthage à Le Kram,1 300 TND,90.0,2.0,,,,,1.0,1.0,1.0,,Appartement,Nouveau,36.8555704,10.291834,,2.0,90 m²,35 m²,1.0,,1.0,,,1.0,1.0,1.0,,1.0,,,,,Moins d'un an,Parquet,1.0,1.0,,1.0,,6ème,Nord,2.0,,,,,
https://www.mubawab.tn/fr/a/8099063/appartement-s3-meubl%C3%A9-aux-berges-du-lac-1,Appartement S3 meublé aux berges du lac 1,Les Berges Du Lac 1 à La Marsa,5 000 TND,180.0,,,,,1.0,,,,,Appartement,,36.8355152,10.2241758,,3.0,,,1.0,,,,,1.0,,,,,,,,,,,1.0,,,,,,,,,,,,
https://www.mubawab.tn/fr/a/8099023/joli-appartement-dans-une-petite-r%C3%A9sidence-r3,Joli appartement dans une petite résidence R3,Les Jardins de Carthage à Le Kram,3 200 TND,133.0,3.0,,,1.0,1.0,1.0,1.0,1.0,1.0,Appartement,Bon état,36.85155919788168,10.298311244164118,,2.0,,,1.0,,,1.0,1.0,1.0,1.0,1.0,1.0,1.0,1.0,,,,1-5 ans,Marbre,1.0,1.0,,1.0,,1er,,2.0,,,,,
https://www.mubawab.tn/fr/a/8098958/appartement-s1,Appartement S1,Hammamet Nord à Hammamet,Prix à consulter,70.0,,1.0,1.0,,1.0,1.0,,1.0,,Appartement,Nouveau,36.419773,10.661894,1.0,,70 m²,5 m²,,,,1.0,1.0,1.0,,,1.0,1.0,1.0,,,,Moins d'un an,Carrelage,,,,,,1er,Est,,,,,,
https://www.mubawab.tn/fr/a/8023373/appartement-s2-%C3%A0-cit%C3%A9-wahat-meubl%C3%A9,Appartement S2 à Cité Wahat meublé,Aouina à La Marsa,1 600 TND,120.0,3.0,,1.0,,1.0,1.0,1.0,1.0,1.0,Appartement,Bon état,36.876389,10.325278,,2.0,,,,,1.0,1.0,1.0,1.0,1.0,1.0,1.0,1.0,,1.0,,,1-5 ans,,,,,1.0,,,,,,,,,
https://www.mubawab.tn/fr/a/8051217/etage-de-villa-vue-mer-avec-piscine,Etage de villa vue mer avec piscine,Gammarth Supérieur à La Marsa,4 000 TND,230.0,5.0,,,1.0,,1.0,1.0,1.0,,Appartement,Bon état,36.87638899999999,10.325278,,4.0,230 m²,,1.0,1.0,,,,,,,1.0,,,1.0,1.0,1.0,5-10 ans,,,,1.0,1.0,,1er,,3.0,1.0,,,,
https://www.mubawab.tn/fr/a/8004712/location-bel-appartement-s3-meubl%C3%A9,Location bel appartement s3 meublé,La Marsa à La Marsa,2 800 TND,180.0,4.0,,,1.0,1.0,1.0,1.0,1.0,1.0,Appartement,Bon état,36.89419919999995,10.27622320000002,,3.0,180 m²,,,,,,1.0,,1.0,1.0,1.0,1.0,1.0,1.0,1.0,,,,1.0,,,,,,,3.0,,,,,
https://www.mubawab.tn/fr/a/8098790/a-louer-%C3%A0-l%E2%80%99ann%C3%A9e-%C3%A0-hammamet,A louer à l’année à Hammamet,Hammamet à Hammamet,750 TND,100.0,,,1.0,,1.0,,,,,Appartement,Bon état,36.40108,10.61457,1.0,2.0,100 m²,100 m²,,,,,,,,,,,,,,,,,,,,,,,,,,,,,
https://www.mubawab.tn/fr/a/8098778/appartement-meubl%C3%A9-%C3%A0-hammem-sousse,Appartement meublé à hammem sousse,Cité de la Plage à Hammam Sousse,1 200 TND,95.0,2.0,,1.0,,1.0,,,,,Appartement,Nouveau,35.8569,10.5972,,2.0,,,,,,,,,,,,,,,,,,,,,,,,,,,,,,,
https://www.mubawab.tn/fr/a/8094516/appartement-s1-meubl%C3%A9-%C3%A0-louer-la-marsa,Appartement S1 meublé à louer La Marsa,La Marsa à La Marsa,1 500 TND,120.0,,,1.0,1.0,1.0,,,,,Appartement,Nouveau,36.876389,10.325278,1.0,2.0,,,,,,,,,,,,,,,,,,,,,,,,,,,,,,,
https://www.mubawab.tn/fr/a/8085841/appartement-s2-%C3%A0-louer-marsa-plage,Appartement S2 à louer Marsa Plage,La Marsa à La Marsa,2 500 TND,100.0,2.0,,1.0,,,,,1.0,,Appartement,Nouveau,36.876389,10.325278,,3.0,,,1.0,,,,,,,,,,,,,,,,,,,,,,,,,,,,
https://www.mubawab.tn/fr/a/8070484/appartement-s2-meubl%C3%A9-vue-mer,Appartement S2 meublé vue mer,La Marsa à La Marsa,4 000 TND,120.0,2.0,,1.0,,,,,1.0,,Appartement,Nouveau,36.876389,10.325278,,3.0,,,,,,,,,,,,,,,,,,,,,,,,,,,,,,,
https://www.mubawab.tn/fr/a/8039197/appart-s2-meubl%C3%A9-%C3%A0-la-marsa-corniche,Appart S2 Meublé à la marsa corniche,La Marsa à La Marsa,2 500 TND,,2.0,,1.0,,,,,1.0,,Appartement,Nouveau,36.876389,10.325278,,2.0,,,1.0,,,,,,,,,,,,,,,,,,,,,,,,,,,,
https://www.mubawab.tn/fr/a/8085842/appartement-s1-%C3%A0-louer-jardin-de-carthage,Appartement S1 à louer Jardin de Carthage,Les Jardins de Carthage à Le Kram,1 850 TND,100.0,2.0,1.0,1.0,1.0,1.0,1.0,1.0,1.0,1.0,Appartement,Bon état,36.833333,10.316667,,,,,1.0,,1.0,1.0,,1.0,1.0,1.0,1.0,1.0,1.0,1.0,1.0,,,,1.0,,,1.0,,,,,,,,,
https://www.mubawab.tn/fr/a/8080956/a-louer-appartement-de-luxe-%C3%A0-sidi-bou-said,A Louer appartement de luxe à Sidi Bou Said,Sidi Bousaid à Carthage,6 000 TND,145.0,2.0,,,,1.0,1.0,1.0,1.0,1.0,Appartement,Bon état,36.8566,10.3258,,2.0,,,1.0,1.0,,,,,,,1.0,1.0,1.0,1.0,1.0,,,Marbre,,,,,,,,3.0,,,,,
https://www.mubawab.tn/fr/a/8098187/superbe-appartement-%C3%A0-louer-%C3%A0-aouina-1-belle-chambre-bien-meubl%C3%A9,Superbe appartement à louer à Aouina. 1 belle chambre. Bien meublé,Aouina à La Marsa,1 250 TND,60.0,,1.0,1.0,,1.0,1.0,1.0,1.0,1.0,Appartement,À rénover,36.77488939999999,10.189561999999976,,,,,,,1.0,,,,,,1.0,,,,,,1-5 ans,,1.0,1.0,,1.0,,,Nord,,,,,,
https://www.mubawab.tn/fr/a/8098761/s1-%C3%A0-louer-khzema-est,S1 à louer Khzema EST,Khezama Est,700 TND,70.0,2.0,1.0,1.0,,,1.0,1.0,1.0,,Appartement,Nouveau,35.8440039,10.6165647,,,,,1.0,,,,,,,,,,,,,,1-5 ans,Marbre,,1.0,,1.0,,,Est,,,,,,
https://www.mubawab.tn/fr/a/8098752/un-penthouse-s3-%C3%A0-louer-situ%C3%A9-%C3%A0-zone-touristique,Un penthouse s3 à louer situé à zone touristique,Khezama Ouest,2 500 TND,250.0,,,,,,1.0,1.0,1.0,,Appartement,Nouveau,35.7218,10.6179,1.0,3.0,250 m²,,1.0,1.0,,,,,,,,,,,,,,,1.0,1.0,,1.0,,,,2.0,,,,,
https://www.mubawab.tn/fr/a/8089769/%C3%A0-louer-un-s3-avec-jardin-%C3%A0-la-marsa,À louer un S3 avec jardin à La Marsa,Sidi Daoued à La Marsa,2 000 TND,220.0,4.0,,,1.0,1.0,1.0,1.0,1.0,,Appartement,Bon état,36.876389,10.325278,,3.0,140 m²,80 m²,1.0,,,,1.0,1.0,1.0,1.0,,,,,,1.0,1-5 ans,Marbre,1.0,,,1.0,,,Est,2.0,,,,,
https://www.mubawab.tn/fr/a/7926438/un-appartement-a-louer-a-kantaoui-route-touristique,Un appartement a louer a Kantaoui Route touristique,El Kantaoui à Hammam Sousse,1 200 TND,100.0,5.0,,1.0,,1.0,1.0,1.0,1.0,1.0,Appartement,Bon état,35.8569,10.5972,,2.0,,,1.0,,,,,1.0,,,1.0,1.0,1.0,1.0,,,,,,,,,,,,,,,,,
https://www.mubawab.tn/fr/a/8084617/villa-s4-meubl%C3%A9e-gammarth-village,"Villa S4 meublée, Gammarth village",Gammarth Village à La Marsa,2 900 TND,300.0,5.0,,,,1.0,1.0,1.0,1.0,1.0,Appartement,Bon état,36.876389,10.325278,,4.0,180 m²,200 m²,1.0,,,,,1.0,,,1.0,1.0,1.0,1.0,,,,,1.0,,,,1.0,,,2.0,,,,,
https://www.mubawab.tn/fr/a/8098609/a-louer-appartement-s2-meubl%C3%A9-aux-jardins-de-carthage,A louer Appartement S2 Meublé aux Jardins de Carthage,Le Kram,2 000 TND,120.0,,,,,1.0,1.0,1.0,1.0,,Appartement,,36.833333,10.316667,,3.0,,,1.0,,,,,1.0,,,,,,,,,,,,,,,,,,,,,,,
https://www.mubawab.tn/fr/a/8074559/appartement-s2-%C3%A0-louer-%C3%A0-borj-louzir,Appartement S2 à Louer à Borj Louzir,Ariana à Ariana Ville,550 TND,80.0,3.0,,1.0,,,,,,,Appartement,Bon état,36.8625,10.19556,,2.0,,,,,,,,1.0,,,,,,,,,,,,1.0,,,,,,,,,,,
https://www.mubawab.tn/fr/a/8098469/appartement-%C3%A0-louer-%C3%A0-lido-dar-chaabane,Appartement à louer à lido dar chaabane,Dar Châabane,1 200 TND,160.0,4.0,,,,1.0,1.0,1.0,1.0,,Appartement,Bon état,36.48423,10.75258,,3.0,,,,,,,,1.0,,,,,,,,,,,,,,,,,,2.0,,,,,
https://www.mubawab.tn/fr/a/8078542/un-duplex-s3-vide-a-la-marsa,Un Duplex S3 vide a la Marsa,La Marsa à La Marsa,5 000 TND,350.0,,,,1.0,1.0,1.0,1.0,1.0,,Appartement,Bon état,36.8941992,10.2762232,1.0,3.0,,,,,,1.0,,1.0,1.0,1.0,,1.0,,,,,,,1.0,1.0,,1.0,,,,2.0,,,,,
https://www.mubawab.tn/fr/a/8098409/%C3%A0-louer-appartement-s1-avec-jardin,À louer appartement S1 avec jardin,La Marsa à La Marsa,1 600 TND,90.0,,1.0,1.0,1.0,1.0,1.0,1.0,1.0,,Appartement,Bon état,36.89419920000003,10.27622320000002,1.0,,,,1.0,,1.0,1.0,1.0,1.0,1.0,1.0,,,,,,,1-5 ans,Marbre,1.0,1.0,,1.0,,,Est,,,,,,
https://www.mubawab.tn/fr/a/8098380/a-louer-appartement-s4-meubl%C3%A9-avec-jardin,A Louer Appartement S4 meublé avec jardin,La Marsa à La Marsa,4 800 TND,275.0,5.0,,,1.0,1.0,1.0,1.0,1.0,1.0,Appartement,Bon état,36.876389,10.325278,,4.0,,,1.0,,,,,,,,1.0,1.0,1.0,1.0,,,,,1.0,,,,,,,3.0,,,,,
https://www.mubawab.tn/fr/a/8098261/%C3%A0-louer-%E2%80%93-s1-meubl%C3%A9-avec-terrasse-%C3%A0-sidi-daoued,À LOUER – S1 Meublé avec terrasse à Sidi Daoued,Sidi Daoued à La Marsa,1 800 TND,120.0,2.0,1.0,1.0,1.0,1.0,1.0,1.0,1.0,1.0,Appartement,Bon état,36.876389,10.325278,,,,,1.0,,1.0,1.0,1.0,1.0,1.0,1.0,1.0,1.0,1.0,1.0,1.0,,,,1.0,1.0,,1.0,,,,,,,,,
https://www.mubawab.tn/fr/a/8077522/a-louer-appartement-s1-meuble,A louer appartement s1 meuble,Aéroport Tunis Carthage à La Soukra,1 200 TND,70.0,,1.0,1.0,,1.0,,,,,Appartement,Nouveau,36.883333,10.25,1.0,,,,,,,,,1.0,,,,,,,,,,,1.0,1.0,,,,,,,,,,,
https://www.mubawab.tn/fr/a/8077497/a-louer-s1-meuble-a-l-aouina,A louer s1 meuble a l'aouina,Aouina à La Marsa,1 200 TND,70.0,,,1.0,,1.0,1.0,1.0,1.0,1.0,Appartement,Nouveau,36.876389,10.325278,1.0,2.0,,,,,,,1.0,1.0,,,1.0,1.0,1.0,1.0,1.0,,,,1.0,1.0,,,,,,,,,,,
https://www.mubawab.tn/fr/a/7893864/location-appartement-nedra-s2,Location Appartement Nedra S2,Hammamet à Hammamet,1 200 TND,64.0,3.0,,1.0,,,1.0,1.0,1.0,1.0,Appartement,Nouveau,36.40108,10.61457,,2.0,,,,,,,,,,,1.0,1.0,1.0,1.0,,,,,,,,,,,,,,,,,
https://www.mubawab.tn/fr/a/8098242/location-appartement-noran-s1,Location Appartement Noran S1,Hammamet à Hammamet,1 000 TND,100.0,3.0,1.0,,,1.0,1.0,1.0,1.0,1.0,Appartement,Nouveau,36.40108,10.61457,,,75 m²,,1.0,,,1.0,,,1.0,,1.0,1.0,1.0,1.0,,,,,,,,,1.0,,,2.0,,,,,
https://www.mubawab.tn/fr/a/8017935/grand-s3-%C3%A0-la-marsa,Grand S3 à La Marsa,La Marsa à La Marsa,1 300 TND,,4.0,,1.0,,,1.0,1.0,1.0,,Appartement,Bon état,36.876389,10.325278,,3.0,,,1.0,,1.0,1.0,,,1.0,1.0,,,,,,,5-10 ans,Carrelage,1.0,,,1.0,,1er,,,,,,,
https://www.mubawab.tn/fr/a/8091094/duplex-meubl%C3%A9-%C3%A0-carthage,Duplex meublé à Carthage,Amilcar à Carthage,5 500 TND,,4.0,,,,1.0,1.0,1.0,1.0,1.0,Appartement,Bon état,36.8566,10.3258,,3.0,1 m²,1 m²,1.0,,1.0,1.0,1.0,1.0,1.0,1.0,1.0,1.0,1.0,1.0,,,1-5 ans,Marbre,1.0,,,,,1er,,2.0,,,,,
https://www.mubawab.tn/fr/a/8052852/%C3%A0-lou%C3%A9-appartement-s3-%C3%A0-riadh-al-andalous,À loué Appartement s3 à riadh al andalous,Riadh al Andalous à Ariana Ville,Prix à consulter,,3.0,,1.0,,,,1.0,,,Appartement,Nouveau,36.8625,10.19556,,3.0,,,,,,,,,,,,,,,,,,,,,,,,,,,,,,,
https://www.mubawab.tn/fr/a/8091968/appartement-%C3%A0-louer-%C3%A0-yasmine-hammamet-bilel-1400d,Appartement à louer à Yasmine Hammamet Bilel 1400d,Yasmine Hammamet à Hammamet,1 400 TND,130.0,4.0,,,1.0,1.0,1.0,1.0,1.0,1.0,Appartement,Bon état,36.40108,10.61457,,3.0,,,1.0,,,,,,,,1.0,1.0,1.0,1.0,,,,,,,,,,,,3.0,1.0,,,,
https://www.mubawab.tn/fr/a/8012558/location-s1-jardin-de-carthage,Location s1 jardin de Carthage,Les Jardins de Carthage à Le Kram,1 200 TND,70.0,,1.0,1.0,,1.0,1.0,1.0,1.0,,Appartement,Bon état,36.8555704,10.291834,1.0,,,,,,,,,,,,,,,,,,,,1.0,1.0,,,,,,,,,,,
https://www.mubawab.tn/fr/a/7916463/location-appartement-s2-jamais-habit%C3%A9,Location appartement s2 jamais habité,Les Jardins de Carthage à Le Kram,2 100 TND,120.0,,,,,1.0,1.0,1.0,1.0,,Appartement,Nouveau,36.855570400000005,10.291834,1.0,2.0,,,1.0,,,,,1.0,1.0,1.0,,,,,,,,,1.0,1.0,,,,,,2.0,,,,,
https://www.mubawab.tn/fr/a/8029557/location-appartement-s3-jardin-de-carthage,Location appartement S3 jardin de Carthage,Les Jardins de Carthage à Le Kram,3 200 TND,220.0,,,,,1.0,1.0,1.0,1.0,,Appartement,Nouveau,36.855570400000005,10.291834,1.0,3.0,,,1.0,,,,,,,,,,,,,,,,1.0,1.0,,,,,,3.0,,,,,
https://www.mubawab.tn/fr/a/8083949/location-appartement-s1-meubl%C3%A9jardins-de-carthage,Location appartement S1 meubléjardins de Carthage,Les Jardins de Carthage à Le Kram,1 800 TND,60.0,2.0,1.0,1.0,,1.0,1.0,1.0,1.0,1.0,Appartement,Nouveau,36.8555704,10.291834,,,60 m²,,1.0,,1.0,,,1.0,1.0,1.0,1.0,1.0,1.0,1.0,1.0,,Moins d'un an,Marbre,,1.0,,1.0,,2ème,,,,,,,
https://www.mubawab.tn/fr/a/8037615/duplex-s3-%C3%A0-louer-la-marsa,Duplex S3 à louer La Marsa,La Marsa à La Marsa,4 300 TND,200.0,3.0,,1.0,1.0,,,,1.0,,Appartement,Nouveau,36.876389,10.325278,,3.0,,,,,,,,,,,,,,,,,,,1.0,,,,,,,,1.0,,,,
https://www.mubawab.tn/fr/a/8073300/%C3%A0-louer-%E2%80%93-appartement-meubl%C3%A9-s3-%C3%A0-cit%C3%A9-palmeraie,À LOUER – Appartement Meublé S3 à Cité Palmeraie,Aouina à La Marsa,1 800 TND,,4.0,,1.0,,1.0,1.0,1.0,1.0,,Appartement,Bon état,36.876389,10.325278,,3.0,,,1.0,,,,,1.0,,,,1.0,,,,,5-10 ans,,1.0,,,1.0,,1er,,,,,,,
https://www.mubawab.tn/fr/a/8098129/appartement-%C3%A0-louer-%C3%A0-l-ann%C3%A9e-%C3%A0-hammamet-nord,Appartement à louer à l'année à Hammamet Nord,Hammamet Nord à Hammamet,1 300 TND,120.0,3.0,,1.0,,1.0,1.0,1.0,1.0,,Appartement,Bon état,36.40108,10.61457,,2.0,,,1.0,,1.0,,,,,,1.0,1.0,1.0,,,,,,1.0,1.0,,1.0,,,,,,,,,
https://www.mubawab.tn/fr/a/8084254/un-s3-meubl%C3%A9-%C3%A0-louer-au-lac-2,Un S3 meublé à Louer au lac 2,Les Berges Du Lac 2 à La Marsa,3 800 TND,,7.0,,,,1.0,1.0,1.0,1.0,1.0,Appartement,Bon état,36.876389,10.325278,,3.0,,,1.0,,1.0,,1.0,1.0,1.0,1.0,1.0,1.0,1.0,1.0,,1.0,Moins d'un an,Marbre,1.0,1.0,,1.0,,2ème,,2.0,,,,,
https://www.mubawab.tn/fr/a/8078380/s3-%C3%A0-louer-au-lac-2,S3 à Louer au Lac 2,Les Berges Du Lac 2 à La Marsa,3 000 TND,,7.0,,,,,,1.0,1.0,,Appartement,Bon état,36.876389,10.325278,,3.0,,,1.0,,1.0,,1.0,1.0,1.0,1.0,,1.0,,,,1.0,Moins d'un an,Marbre,1.0,1.0,,1.0,,1er,,2.0,,,,,
https://www.mubawab.tn/fr/a/8097595/triplex-haut-standing-%C3%A0-louer-au-lac-2,Triplex Haut Standing à Louer au lac 2,Les Berges Du Lac 2 à La Marsa,Prix à consulter,,11.0,,,,,1.0,1.0,1.0,,Appartement,Bon état,36.876389,10.325278,,4.0,,,1.0,,1.0,,1.0,1.0,1.0,1.0,,1.0,,1.0,,,Moins d'un an,Marbre,1.0,1.0,,1.0,,,,2.0,,,,,
https://www.mubawab.tn/fr/a/7871779/s1-a-ain-zaghouan-nord,S1 a Ain Zaghouan Nord,Ain Zaghouan Nord à La Marsa,1 900 TND,160.0,,1.0,1.0,,1.0,1.0,1.0,1.0,1.0,Appartement,Nouveau,36.876389,10.325278,1.0,,,,1.0,,,,,1.0,1.0,1.0,,1.0,1.0,1.0,,,Moins d'un an,Marbre,1.0,1.0,,1.0,,4ème,,,,,,,
https://www.mubawab.tn/fr/a/7868995/s3-meuble-aux-les-jardins-de-carthage,S3 meuble aux Les Jardins de Carthage,Les Jardins de Carthage à Le Kram,3 000 TND,190.0,3.0,,,,1.0,1.0,1.0,1.0,1.0,Appartement,Nouveau,36.833333,10.316667,,3.0,170 m²,,1.0,,1.0,1.0,,,1.0,1.0,1.0,1.0,1.0,1.0,,,Moins d'un an,Marbre,1.0,1.0,,1.0,,6ème,,3.0,,,,,
https://www.mubawab.tn/fr/a/8030682/a-louer-appartement-meubl%C3%A9-a-ain-zaghouen-nord,A louer appartement meublé a Ain zaghouen nord,Ain Zaghouan Nord à La Marsa,2 100 TND,120.0,3.0,,,,1.0,1.0,1.0,1.0,1.0,Appartement,Nouveau,36.876389,10.325278,,2.0,,,1.0,,1.0,1.0,1.0,1.0,1.0,1.0,1.0,1.0,1.0,1.0,1.0,1.0,,,1.0,1.0,,1.0,,,,2.0,,,,,
https://www.mubawab.tn/fr/a/8010057/a-louer-appartement-meubl%C3%A9-au-lac-1,A louer appartement meublé au lac 1,Les Berges Du Lac 1 à La Marsa,4 000 TND,180.0,5.0,,,,1.0,1.0,1.0,1.0,1.0,Appartement,Nouveau,36.876389,10.325278,,4.0,,,1.0,,1.0,1.0,1.0,1.0,1.0,1.0,1.0,1.0,1.0,1.0,1.0,1.0,,,1.0,1.0,,1.0,,,,3.0,,,,,
https://www.mubawab.tn/fr/a/8023760/s2-en-location,S2 en location,La Goulette,1 400 TND,120.0,,,,,1.0,,,,,Appartement,,36.818056,10.305,,,,,1.0,,,,,,,,,1.0,,,,,,,,,,,,,,,,,,,
https://www.mubawab.tn/fr/a/8097879/location-un-charmant-studio-moderne,Location un charmant studio moderne,El Menzah 8 à Ariana Ville,700 TND,50.0,2.0,1.0,1.0,1.0,1.0,,1.0,,,Appartement,Nouveau,36.8625,10.19556,,,,,1.0,,,,,,,,,,,,,,,,,,,,,,,,,,,,
https://www.mubawab.tn/fr/a/8097847/s3-en-location,S3 en location,Nabeul à Nabeul,700 TND,250.0,,,,,,,,,,Appartement,,36.45056,10.73505,,,,,1.0,,,,,,,,,,,,,,,,,,,,,,,,,,,,
https://www.mubawab.tn/fr/a/8097803/location-appartement-s3-%C3%A0-la-marsa,Location appartement s3 à la marsa,La Marsa à La Marsa,2 500 TND,200.0,,,1.0,,,1.0,1.0,1.0,,Appartement,Bon état,36.8941992,10.2762232,,3.0,,,1.0,,,,,1.0,,,,,,,,,10-20 ans,,1.0,,,1.0,,3ème,,,,,,,
https://www.mubawab.tn/fr/a/8076243/luxueux-s2-meubl%C3%A9-%C3%A0-menzah-9c,Luxueux S2 meublé à Menzah 9C,El Menzah 9 à El Menzah,2 800 TND,150.0,3.0,,,,1.0,1.0,1.0,1.0,1.0,Appartement,Nouveau,36.845235,10.164723,,2.0,,,1.0,,1.0,,,1.0,1.0,1.0,1.0,1.0,1.0,1.0,1.0,1.0,Moins d'un an,Marbre,1.0,1.0,1.0,1.0,1.0,,,2.0,,,,,
https://www.mubawab.tn/fr/a/8079933/appartement-s2-jamais-habit%C3%A9-%C3%A0-ennaser-2,Appartement S2 jamais habité à ennaser 2,Cité Ennasr 2 à Ariana Ville,1 500 TND,120.0,3.0,,,,,1.0,1.0,1.0,,Appartement,Nouveau,36.8625,10.19556,,2.0,,,1.0,,1.0,,,1.0,1.0,1.0,,1.0,,,,,,,,,,1.0,1.0,,,2.0,,,,,
https://www.mubawab.tn/fr/a/8026363/location-s1-jardin-de-carthage,Location S1 jardin de Carthage,Les Jardins de Carthage à Le Kram,1 200 TND,80.0,,1.0,1.0,,,1.0,1.0,1.0,,Appartement,Bon état,36.855570400000005,10.29183400000002,1.0,,,,,,,,,,,,,,,,,,,,1.0,1.0,,,,,,,,,,,
https://www.mubawab.tn/fr/a/8024117/location-appartement-s1-jardin-de-carthage,Location appartement s1 jardin de Carthage,Les Jardins de Carthage à Le Kram,1 500 TND,90.0,,1.0,1.0,1.0,1.0,1.0,1.0,1.0,,Appartement,Nouveau,36.8694317,10.316405099999976,1.0,,75 m²,0 m²,1.0,,,,,,,,,,,,,,,,1.0,1.0,,1.0,,,,,,,,,
https://www.mubawab.tn/fr/a/8097615/appartement-cit%C3%A9-elwahat-dira-soukra-2,Appartement Cité Elwahat DIra Soukra 2,Aouina à La Marsa,1 100 TND,100.0,3.0,,1.0,1.0,,1.0,1.0,1.0,1.0,Appartement,Bon état,36.876389,10.325278,,2.0,,,1.0,,,,1.0,1.0,,,,1.0,,,,,10-20 ans,Marbre,1.0,1.0,,1.0,,3ème,,,,,,,
https://www.mubawab.tn/fr/a/8097579/appartement-s3-avec-terrasse-%C3%A0-la-marsa,Appartement S3 avec terrasse à La Marsa,La Marsa à La Marsa,4 000 TND,,5.0,,,,,1.0,1.0,1.0,,Appartement,Bon état,36.876389,10.325278,,4.0,,,1.0,,1.0,1.0,1.0,1.0,1.0,1.0,1.0,,,,1.0,1.0,1-5 ans,Carrelage,1.0,,,1.0,1.0,,,2.0,,,,,
https://www.mubawab.tn/fr/a/8097575/l-s2-meubl%C3%A9e-au-centre-urbain-nord,L s2 meublée au centre urbain nord,Centre Urbain Nord à Cité El Khadra,1 700 TND,120.0,3.0,,1.0,,1.0,,1.0,1.0,,Appartement,Nouveau,36.823935,10.226369,,2.0,120 m²,,,,,,,,,,,,,,,,1-5 ans,Marbre,,,,,,6ème,,,,,,,
https://www.mubawab.tn/fr/a/7936538/un-%C3%A9tage-de-villa-s2-meubl%C3%A9-%C3%A0-marsa-plage,Un étage de villa S2 meublé à Marsa Plage,La Marsa à La Marsa,4 000 TND,120.0,2.0,,1.0,1.0,1.0,1.0,1.0,1.0,1.0,Appartement,Bon état,36.876389,10.325278,,2.0,,,1.0,1.0,1.0,1.0,1.0,,1.0,1.0,1.0,1.0,1.0,1.0,1.0,1.0,,,1.0,,,,,1er,,,,,,,
https://www.mubawab.tn/fr/a/8093743/joli-appartement-meubl%C3%A9-cit%C3%A9-les-pins,Joli appartement meublé cité les pins,Carthage à Carthage,2 300 TND,120.0,3.0,,1.0,1.0,1.0,1.0,1.0,1.0,1.0,Appartement,Bon état,36.868515511751305,10.3201972877538,,2.0,110 m²,,1.0,,,,1.0,,1.0,,1.0,1.0,1.0,1.0,1.0,,10-20 ans,Carrelage,,,,,,1er,,,,,,,
https://www.mubawab.tn/fr/a/8091664/s3-meubl%C3%A9-%C3%A0-louer-au-lac-2,S3 meublé à louer au lac 2,Les Berges Du Lac 2 à La Marsa,4 200 TND,,7.0,,,,1.0,1.0,1.0,1.0,,Appartement,Bon état,36.876389,10.325278,,3.0,,,,,1.0,,,1.0,1.0,1.0,1.0,1.0,1.0,1.0,,1.0,1-5 ans,Marbre,1.0,1.0,,1.0,,5ème,,2.0,,,,,
https://www.mubawab.tn/fr/a/8093377/duplex-s3-%C3%A0-louer-au-lac-2,Duplex S3 à louer au Lac 2,Les Berges Du Lac 2 à La Marsa,4 000 TND,,8.0,,,,,1.0,1.0,1.0,,Appartement,Bon état,36.876389,10.325278,,3.0,,,1.0,1.0,1.0,,1.0,1.0,1.0,1.0,,1.0,,,,,1-5 ans,Marbre,1.0,1.0,,1.0,,7ème,,4.0,,,,,
https://www.mubawab.tn/fr/a/8094072/appartement-s3-meubl%C3%A9-%C3%A0-louer-au-lac-2,Appartement S3 meublé à Louer au Lac 2,Les Berges Du Lac 2 à La Marsa,5 100 TND,,8.0,,,,1.0,1.0,1.0,1.0,1.0,Appartement,Bon état,36.876389,10.325278,,3.0,,,1.0,,1.0,,1.0,1.0,1.0,1.0,1.0,1.0,1.0,1.0,1.0,1.0,,,1.0,1.0,,1.0,1.0,2ème,,3.0,,,,,
https://www.mubawab.tn/fr/a/7980294/un-coup-de-coeur-triplex-meubl%C3%A9,Un coup de coeur Triplex meublé,Gammarth Supérieur à La Marsa,9 000 TND,300.0,5.0,,,,,1.0,1.0,1.0,1.0,Appartement,Nouveau,36.8931787,10.3099394,,3.0,,,1.0,,,,,1.0,1.0,1.0,1.0,1.0,1.0,1.0,,,Moins d'un an,Marbre,1.0,1.0,,1.0,,,,4.0,1.0,,,,
https://www.mubawab.tn/fr/a/8081659/s2-en-location,S2 en location,Les Jardins de Carthage à Le Kram,2 800 TND,126.0,,,,,,,,,1.0,Appartement,,36.8555704,10.291834,,,,,1.0,,,,,1.0,,,,1.0,,,,,,,1.0,,,,,,,,,,,,
https://www.mubawab.tn/fr/a/8097145/s1-en-location,S1 en location,Les Jardins de Carthage à Le Kram,1 700 TND,71.0,,,,,,,,,,Appartement,,36.8555704,10.291834,,,,,1.0,,,,,,,,,1.0,,,,,,,,,,,,,,,,,,,
https://www.mubawab.tn/fr/a/8097120/s1-en-location,S1 en location,Ariana Ville,950 TND,50.0,,,,,1.0,,1.0,,,Appartement,,36.8625,10.19556,,,,,1.0,,,,,,,,,,,,,,,,,,,,,,,,,,,,
https://www.mubawab.tn/fr/a/8018082/loft-s1-meubl%C3%A9-marsa-corinche,"Loft S1 meublé, Marsa corinche",La Marsa à La Marsa,2 000 TND,80.0,2.0,1.0,1.0,,1.0,1.0,1.0,1.0,1.0,Appartement,Bon état,36.876389,10.325278,,,,,,,,,,,,,1.0,1.0,1.0,1.0,,,20-30 ans,,,,,,,,,,,,,,
https://www.mubawab.tn/fr/a/8096028/appartement-s3-avec-terrasse-au-lac-2,Appartement S3 avec terrasse au Lac 2,Les Berges Du Lac 2 à La Marsa,3 000 TND,,4.0,,,,,1.0,1.0,1.0,,Appartement,Bon état,36.876389,10.325278,,3.0,,,1.0,,1.0,1.0,1.0,1.0,1.0,1.0,,,,,1.0,1.0,1-5 ans,Carrelage,1.0,,,1.0,,1er,,2.0,,,,,
https://www.mubawab.tn/fr/a/8096115/appartement-s2-avec-terrasse-vue-sur-mer-%C3%A0-gamarth,Appartement S2 avec terrasse vue sur mer à Gamarth,Gammarth à La Marsa,2 800 TND,,3.0,,,,,1.0,1.0,1.0,,Appartement,Bon état,36.876389,10.325278,,2.0,,,1.0,1.0,1.0,1.0,1.0,1.0,1.0,1.0,,,,,1.0,1.0,1-5 ans,Carrelage,1.0,,,1.0,,3ème,,2.0,,,,,
https://www.mubawab.tn/fr/a/8062554/a-louer-un-duplex-meubl%C3%A9-en-s3-%C3%A0-sidi-bou-sa%C3%AFd,A louer un duplex meublé en S3 à Sidi Bou Saïd,Sidi Bousaid à Carthage,4 000 TND,180.0,4.0,,,,1.0,1.0,1.0,1.0,,Appartement,Nouveau,36.8566,10.3258,,3.0,,,1.0,1.0,,,,,,,1.0,1.0,,,,,,,,,,,,,,2.0,,,,,
https://www.mubawab.tn/fr/a/8038483/appart-s2-meubl%C3%A9-%C3%A0-la-marsa-corniche,Appart S2 Meublé à la marsa corniche,La Marsa à La Marsa,2 500 TND,,3.0,,1.0,,1.0,1.0,1.0,1.0,,Appartement,Nouveau,36.876389,10.325278,,2.0,,,1.0,,,,,1.0,1.0,1.0,,,,,,,,,,,,,,,,,,,,,
https://www.mubawab.tn/fr/a/8091772/un-s2-meubl%C3%A9-%C3%A0-louer,Un S2 Meublé à Louer,Sidi Bousaid à Carthage,3 500 TND,200.0,2.0,1.0,1.0,,1.0,1.0,1.0,1.0,1.0,Appartement,Bon état,36.8566,10.3258,,,,,,,,,,1.0,,,1.0,1.0,1.0,1.0,1.0,,,,1.0,,,1.0,,,,,,,,,
https://www.mubawab.tn/fr/a/8096961/s3-%C3%A0-menzah-7,S3 à menzah 7,El Menzah 7 à Ariana Ville,1 350 TND,89.0,5.0,,1.0,,,,,,,Appartement,Nouveau,36.8625,10.19556,,3.0,,,,,,,,,,,,,,,,,1-5 ans,Marbre,,,,,,3ème,Ouest,,,,,,
https://www.mubawab.tn/fr/a/8096912/appartement-%C3%A0-louer-%C3%A0-kantaoui,Appartement à louer à Kantaoui,El Kantaoui à Hammam Sousse,750 TND,60.0,4.0,1.0,,,,1.0,,1.0,,Appartement,Bon état,35.8569,10.5972,,,,,1.0,,,,,,,,,,,,,,,,1.0,,,,,,,2.0,1.0,,,,
https://www.mubawab.tn/fr/a/7953826/a-louer-duplex-meubl%C3%A9-en-s2-%C3%A0-gammarth,A louer duplex meublé en S2 à Gammarth,Gammarth à La Marsa,2 900 TND,210.0,,,,,1.0,1.0,1.0,1.0,,Appartement,,36.917739,10.288893,,2.0,,,1.0,,,,,1.0,,,,,,,,,,,,,,,,,,,,,,,
https://www.mubawab.tn/fr/a/7802756/a-louer-un-triplex-en-s4-avec-piscine-%C3%A0-gammarth,A louer un triplex en S4 avec piscine à Gammarth,Gammarth à La Marsa,6 500 TND,300.0,,,,,1.0,1.0,1.0,,,Appartement,,36.917739,10.288893,,4.0,,,1.0,,,,,,,,,,,,,,,,1.0,1.0,,,,,,,1.0,,,,
https://www.mubawab.tn/fr/a/7314072/a-louer-un-appartement-meubl%C3%A9-s2-a-sidi-bou-said,A Louer un Appartement meublé S2 a Sidi Bou Said,Sidi Bousaid à Carthage,3 500 TND,135.0,3.0,,,,,1.0,1.0,,,Appartement,Bon état,36.8694317,10.3164051,,2.0,,,,,,,,,,,,,,,,,,,,,,,,,,2.0,,,,,
https://www.mubawab.tn/fr/a/8096851/appartement-s2-%C3%A0-gammarth-touristique,Appartement S2 à Gammarth touristique,Gammarth à La Marsa,2 500 TND,130.0,3.0,,1.0,1.0,1.0,1.0,1.0,1.0,,Appartement,Bon état,36.87638900000003,10.325278,,2.0,,,1.0,1.0,,,,,,,,,,,,,,,,,,,,,,,,,,,
https://www.mubawab.tn/fr/a/8096845/appartement-%C3%A0-louer-%C3%A0-khezema-est,Appartement à louer à Khezema EST,Khezama Est,1 000 TND,60.0,4.0,1.0,1.0,,1.0,1.0,1.0,1.0,,Appartement,Bon état,35.844,10.618753,,,,,1.0,,,,,,,,,,,,,,,,,,,,,,,,,,,,
https://www.mubawab.tn/fr/a/8011967/appartement-%C3%A0-louer-%C3%A0-khezama-ouest,Appartement à louer à Khezama Ouest,Khezama Ouest,1 300 TND,150.0,6.0,,1.0,,1.0,,1.0,1.0,,Appartement,Nouveau,35.7218,10.6179,,2.0,,,1.0,,,,,,,,,,,,,,,,,,,,,,,,,,,,
https://www.mubawab.tn/fr/a/8069100/a-louer-un-s2-au-lac2,A louer un s2 au lac2,Les Berges Du Lac 2 à La Marsa,2 000 TND,130.0,2.0,,1.0,,,1.0,1.0,1.0,,Appartement,Nouveau,36.876389,10.325278,,2.0,,,1.0,,1.0,,,,1.0,,,,,,,,,,1.0,1.0,,,,,,,,,,,
https://www.mubawab.tn/fr/a/8096645/appartement-s1-meubl%C3%A9-%C3%A0-la-marsa,Appartement S1 meublé à la Marsa,La Marsa à La Marsa,2 100 TND,65.0,2.0,1.0,1.0,,1.0,,,1.0,,Appartement,Bon état,36.876389,10.325278,,,,,,,,1.0,,,,,1.0,,1.0,,,,,,,,,,,,,,,,,,
https://www.mubawab.tn/fr/a/8081259/appartement-s2-hs-richement-meuble,Appartement S2 HS Richement meuble,Nouvelle Ariana à Ariana Ville,2 000 TND,140.0,4.0,,1.0,,1.0,1.0,1.0,1.0,1.0,Appartement,Bon état,36.8604803,10.1604276,,2.0,120 m²,15 m²,1.0,,1.0,1.0,1.0,1.0,1.0,1.0,1.0,1.0,1.0,1.0,,,5-10 ans,Marbre,1.0,1.0,1.0,1.0,,5ème,Ouest,,,,,,
https://www.mubawab.tn/fr/a/8039454/bureau-haut-standing-spacieux,Bureau haut standing spacieux,Cité Ennasr 1 à Ariana Ville,2 500 TND,140.0,3.0,1.0,1.0,,,1.0,1.0,1.0,,Appartement,Bon état,36.8625,10.19556,,,,,,,1.0,,,1.0,1.0,1.0,,,,,,,20-30 ans,Marbre,1.0,1.0,,1.0,,1er,Est,,,,,,
https://www.mubawab.tn/fr/a/8096624/appartement-s2-meubl%C3%A9-lac2,Appartement S2 meublé Lac2,Les Berges Du Lac 2 à La Marsa,3 000 TND,125.0,3.0,,,,1.0,1.0,1.0,1.0,1.0,Appartement,Bon état,36.876389,10.325278,,2.0,,,1.0,,,1.0,1.0,1.0,1.0,1.0,1.0,1.0,1.0,,1.0,,,,1.0,1.0,,1.0,,,,2.0,,,,,
https://www.mubawab.tn/fr/a/8096467/appartement-s2-meuble-%C3%A0-louer-situ%C3%A9-%C3%A0-nabeul-afh2,Appartement s2 meuble à louer situé à Nabeul AFH2,Cité El Wafa à Nabeul,2 100 TND,100.0,3.0,,1.0,,1.0,1.0,1.0,1.0,,Appartement,Nouveau,36.45056,10.73505,,2.0,,,1.0,,,,,1.0,1.0,1.0,,,,,,,,,1.0,1.0,,1.0,,,,,1.0,,,,
https://www.mubawab.tn/fr/a/8096424/s2-en-location,S2 en location,Hammamet à Hammamet,850 TND,70.0,,,,,1.0,1.0,1.0,,1.0,Appartement,,36.40108,10.61457,,,,,,,,,,,,,1.0,1.0,,,,,,,,,,,,,,,,,,,
https://www.mubawab.tn/fr/a/8096329/appartement-s3-au-lac-1,Appartement S3 au lac 1,Les Berges Du Lac 1 à La Marsa,3 500 TND,,4.0,,,,,1.0,1.0,1.0,,Appartement,Bon état,36.876389,10.325278,,3.0,,,1.0,,,1.0,,1.0,1.0,1.0,,,,,1.0,1.0,1-5 ans,Carrelage,1.0,,,,,1er,,3.0,,,,,
https://www.mubawab.tn/fr/a/8025862/location-appartement-harry-s2,Location Appartement Harry S2,Hammamet à Hammamet,3 500 TND,200.0,3.0,,1.0,,1.0,1.0,1.0,1.0,1.0,Appartement,Nouveau,36.40108,10.61457,,2.0,,,1.0,,,1.0,,1.0,,,1.0,1.0,1.0,1.0,1.0,,,,,1.0,1.0,,,,,,1.0,,,,
https://www.mubawab.tn/fr/a/8096326/appartement-s-1-meuble-a-cite-ennasser-2,Appartement s 1 meuble a cite ennasser 2,Cité Ennasr 2 à Ariana Ville,1 200 TND,70.0,2.0,1.0,1.0,,1.0,1.0,1.0,1.0,,Appartement,Bon état,36.8625,10.19556,,,,,,,,,,,,,1.0,1.0,,,,,10-20 ans,Marbre,1.0,1.0,,,,,Est,,,,,,
https://www.mubawab.tn/fr/a/8096320/appartement-s2-meubl%C3%A9-%C3%A0-les-jasmins-nabeul,"Appartement S2 meublé à Les Jasmins, Nabeul",Nabeul à Nabeul,1 500 TND,110.0,3.0,,1.0,,1.0,1.0,1.0,1.0,,Appartement,Bon état,36.45056,10.73505,,2.0,110 m²,110 m²,1.0,,1.0,1.0,,1.0,,,,1.0,,,,,,,,1.0,,,,2ème,Nord,,,,,,
https://www.mubawab.tn/fr/a/8047232/bel-appartement-%C3%A0-louer-%C3%A0-l-ann%C3%A9e-r%C3%A9sidence-d,Bel Appartement à louer à l'année Résidence D,Hammamet à Hammamet,1 800 TND,120.0,3.0,,,1.0,1.0,1.0,1.0,1.0,1.0,Appartement,Bon état,36.40108,10.61457,,2.0,,,1.0,,,,,1.0,,,1.0,1.0,1.0,,,,,,,1.0,,1.0,,,,2.0,,,,,
https://www.mubawab.tn/fr/a/8096233/un-appartement-s2-%C3%A0-louer-situ%C3%A9e-%C3%A0-sahloul4,Un appartement s2 à louer située à sahloul4,Sahloul à Sousse Jaouhara,1 200 TND,90.0,,,1.0,,,1.0,1.0,1.0,,Appartement,Nouveau,35.832439,10.622471,1.0,2.0,,,1.0,,,,,,,,,,,,,,,,,,,,,,,,,,,,
https://www.mubawab.tn/fr/a/8096211/location-s2-%C3%A0-l-aouina,Location S2 à l'Aouina,Aouina à La Marsa,930 TND,125.0,3.0,,1.0,,,1.0,1.0,,,Appartement,Bon état,36.876389,10.325278,,2.0,90 m²,35 m²,1.0,,1.0,,,,,,,,,,,,10-20 ans,Carrelage,,,,1.0,,2ème,Sud,,,,,,
https://www.mubawab.tn/fr/a/8096112/a-louer-un-s3-r%C3%A9nov%C3%A9-%C3%A0-ain-zaghouan-nord,A louer un s3 rénové à Ain Zaghouan nord,Ain Zaghouan Nord à La Marsa,1 600 TND,,4.0,,1.0,,,,,,,Appartement,À rénover,36.876389,10.325278,,3.0,,,1.0,,,,,,,,,,,,,,,,,,,,,,,,,,,,
https://www.mubawab.tn/fr/a/8096108/a-louer-un-s2-meubl%C3%A9-%C3%A0-jardins-de-carthage,A louer un s2 meublé à jardins de carthage,Les Jardins de Carthage à Le Kram,3 500 TND,,3.0,,1.0,,1.0,,,,,Appartement,Bon état,36.833333,10.316667,,2.0,,,1.0,,,,,,,,,,,,,,,,1.0,,,,,,,,,,,,
https://www.mubawab.tn/fr/a/8025805/appartement-%C3%A0-louer-%C3%A0-hammam-sousse,Appartement à louer à Hammam Sousse,Hammam Sousse à Hammam Sousse,950 TND,100.0,5.0,,1.0,,,,1.0,,,Appartement,Bon état,35.8569,10.5972,,2.0,,,1.0,,,,,,,,,,,,,,,,,,,,,,,,,,,,
https://www.mubawab.tn/fr/a/8025811/appartement-%C3%A0-louer-%C3%A0-hammam-sousse,Appartement à louer à Hammam Sousse,Hammam Sousse à Hammam Sousse,1 000 TND,100.0,5.0,,1.0,,,,1.0,,,Appartement,Bon état,35.8569,10.5972,,2.0,,,1.0,,,,,,,,,,,,,,,,,,,,,,,,,,,,
https://www.mubawab.tn/fr/a/8002218/appartement-%C3%A0-louer-%C3%A0-kantaoui,Appartement à louer à Kantaoui,El Kantaoui à Hammam Sousse,900 TND,100.0,5.0,,1.0,,,1.0,,1.0,,Appartement,Bon état,35.8569,10.5972,,2.0,,,,,,,,1.0,,,,,,,,,,,,,,,,,,,,,,,
https://www.mubawab.tn/fr/a/8028815/appartement-%C3%A0-louer-%C3%A0-kantaoui,Appartement à louer à Kantaoui,El Kantaoui à Hammam Sousse,1 200 TND,80.0,4.0,1.0,1.0,,1.0,1.0,1.0,1.0,,Appartement,Bon état,35.8569,10.5972,,,,,1.0,1.0,,,,,,,,,,,,,,,,,,,,,,,,,,,
https://www.mubawab.tn/fr/a/8001116/appartement-%C3%A0-louer-%C3%A0-sousse,Appartement à louer à Sousse,Sousse Ville à Sousse Ville,1 000 TND,120.0,7.0,,,,,1.0,1.0,1.0,1.0,Appartement,Bon état,35.8273,10.6339,,2.0,,,1.0,1.0,,,,,,,1.0,1.0,,,,,,,,,,,,,,2.0,,,,,
https://www.mubawab.tn/fr/a/8096104/appartement-pour-location-estivale-%C3%A0-chott-mariem,Appartement pour location estivale à chott mariem,Hammam Sousse à Hammam Sousse,Prix à consulter,100.0,5.0,,,,1.0,1.0,,,,Appartement,Bon état,35.8569,10.5972,,2.0,,,1.0,,,,,,,,,,,,,,,,,,,,,,,2.0,1.0,,,,
https://www.mubawab.tn/fr/a/8094014/appartement-%C3%A0-louer-%C3%A0-hammem-sousse,Appartement à louer à hammem sousse,Hammam Sousse à Hammam Sousse,1 000 TND,108.0,4.0,,1.0,,,1.0,1.0,,,Appartement,Bon état,35.8569,10.5972,,2.0,,,,,,,,,,,,,,,,,,,1.0,,,,,,,,,,,,
https://www.mubawab.tn/fr/a/8096021/appartement-s2-meubl%C3%A9-avec-terrasse-aux-jardins-de-carthage,Appartement S2 meublé avec terrasse aux Jardins de Carthage,Les Jardins de Carthage à Le Kram,3 500 TND,140.0,3.0,,,,1.0,,,,1.0,Appartement,Bon état,36.833333,10.316667,,3.0,,,1.0,,,,,1.0,,,1.0,1.0,,1.0,,,,,1.0,,,,,,,3.0,,,,,
https://www.mubawab.tn/fr/a/8095965/%C3%A0-louer-s2-meubl%C3%A9-%E2%80%93-r%C3%A9sidence-pieds-dans-l%E2%80%99eau,À Louer S2 Meublé – Résidence Pieds dans l’Eau,Nabeul à Nabeul,2 200 TND,150.0,3.0,,,,1.0,1.0,1.0,1.0,,Appartement,Bon état,36.45056,10.73505,,2.0,,,1.0,1.0,,,,1.0,1.0,1.0,,,,,,,,,1.0,1.0,,1.0,,,,2.0,1.0,,,,
https://www.mubawab.tn/fr/a/7934177/un-%C3%A9tage-de-villa-meubl%C3%A9,Un étage de villa meublé,Les Berges Du Lac 1 à La Marsa,2 200 TND,200.0,3.0,,,,,,,1.0,,Appartement,Bon état,36.876389,10.325278,,2.0,,,,,,1.0,,,,,,,,,,,10-20 ans,Marbre,,,,,,1er,,2.0,,,,,
https://www.mubawab.tn/fr/a/8060162/un-tr%C3%A9s-bel-appart-s3-vue-sur-lac,Un trés bel appart S3 vue sur lac,Les Berges Du Lac 1 à La Marsa,5 500 TND,200.0,4.0,,,,1.0,1.0,1.0,1.0,,Appartement,Bon état,36.876389,10.325278,,3.0,,,1.0,1.0,,,,1.0,,,,,,,,,5-10 ans,Marbre,1.0,1.0,,,,2ème,Ouest,2.0,,,,,
https://www.mubawab.tn/fr/a/8095915/a-louer-appartement-s2-meubl%C3%A9-aux-jardins-de-carthage,A louer Appartement S2 meublé aux Jardins de Carthage,Le Kram,2 500 TND,100.0,,,,,1.0,1.0,1.0,1.0,1.0,Appartement,,36.833333,10.316667,,3.0,,,1.0,,,,,1.0,,,1.0,1.0,,,,,,,1.0,,,,,,,,,,,,
https://www.mubawab.tn/fr/a/8059789/appartement-s2-meubl%C3%A9-%C3%A0-sidi-bousaid,Appartement S2 meublé à sidi Bousaid,Sidi Bousaid à Carthage,2 500 TND,120.0,3.0,,,,1.0,1.0,1.0,1.0,1.0,Appartement,Bon état,36.8566,10.3258,,2.0,100 m²,,1.0,,,,,,,,1.0,1.0,1.0,1.0,,,,,,,,,,,,2.0,,,,,
https://www.mubawab.tn/fr/a/8095619/appartement-meubl%C3%A9-%C3%A0-louer-nabeul,Appartement meublé à louer Nabeul,Neapolis à Nabeul,1 400 TND,100.0,3.0,,,,1.0,1.0,1.0,1.0,,Appartement,Nouveau,36.45056,10.73505,,2.0,,,1.0,,,,,,,,,,,,,,,,,,,,,1er,,2.0,,,,,
https://www.mubawab.tn/fr/a/8022312/location-appartement-avec-jardin-au-lac-2,Location Appartement avec jardin au lac 2,Les Berges Du Lac 2 à La Marsa,2 700 TND,250.0,3.0,,1.0,,,1.0,,1.0,,Appartement,Nouveau,36.876389,10.325278,,3.0,,,,,,,,,,,,1.0,,1.0,,,,,,,,,,,,,,,,,
https://www.mubawab.tn/fr/a/8037628/location-d-un-appartement-s2-%C3%A0-la-marsa,Location d'un appartement s2 à la Marsa,La Marsa à La Marsa,1 700 TND,135.0,2.0,,1.0,,,1.0,,,,Appartement,Nouveau,36.876389,10.325278,,3.0,,,1.0,,,,,,,,,,,,,,,,,1.0,,,,,,,,,,,
https://www.mubawab.tn/fr/a/8081554/s2-%C3%A0-louer,S2 à louer,El Mourouj 6 à El Mourouj,950 TND,108.0,2.0,,1.0,,,,1.0,,,Appartement,Nouveau,36.6938694,10.2622167,,2.0,,,1.0,,,,1.0,1.0,,1.0,,,,,,,Moins d'un an,Marbre,1.0,1.0,,1.0,,6ème,,,,,,,
https://www.mubawab.tn/fr/a/8095528/rez-de-chauss%C3%A9e-s1-meubl%C3%A9-carthage,"Rez de chaussée S1 meublé, Carthage",Carthage à Carthage,1 700 TND,80.0,2.0,1.0,1.0,,1.0,1.0,1.0,1.0,,Appartement,Bon état,36.85530020453586,10.328899533038843,,,,,1.0,,,,,,,,1.0,1.0,1.0,1.0,,,10-20 ans,Carrelage,,,,,,,,,,,,,
https://www.mubawab.tn/fr/a/8095480/appartement-s1-haut-standing-%C3%A0-ennasr,Appartement S1 haut standing à Ennasr,Cité Ennasr 2 à Ariana Ville,1 100 TND,80.0,2.0,1.0,1.0,1.0,,1.0,1.0,1.0,,Appartement,Nouveau,36.8625,10.19556,,,80 m²,,1.0,,,,1.0,,1.0,,,,,,,,,,1.0,1.0,,1.0,,1er,Est,,,,,,
https://www.mubawab.tn/fr/a/8091921/a-louer-appartement-s3-%C3%A0-la-soukra,A louer APPARTEMENT S3 à La Soukra,La Soukra à La Soukra,1 250 TND,135.0,4.0,,,,,1.0,1.0,1.0,,Appartement,Bon état,36.883333,10.25,,3.0,125 m²,,1.0,,,,,,,,1.0,1.0,,1.0,,,10-20 ans,Marbre,1.0,,,1.0,,1er,Nord,2.0,,,,,
https://www.mubawab.tn/fr/a/8051646/a-louer-appartement-s1-jamais-habit%C3%A9-%C3%A0-menzah-9c,A louer Appartement S1 Jamais Habité à Menzah 9C,El Menzah 9 à El Menzah,1 000 TND,70.0,,1.0,1.0,,,1.0,1.0,1.0,,Appartement,Nouveau,36.845235,10.164723,1.0,,,,1.0,,,,1.0,1.0,1.0,1.0,,1.0,,,,,1-5 ans,,1.0,1.0,,1.0,,3ème,,,,,,,
https://www.mubawab.tn/fr/a/8010031/location-appartement-vue-lac-au-lac-2,Location Appartement vue lac au lac 2,Les Berges Du Lac 2 à La Marsa,4 300 TND,140.0,3.0,,1.0,,1.0,1.0,1.0,1.0,,Appartement,Nouveau,36.876389,10.325278,,3.0,,,1.0,,,,,,,,,1.0,,1.0,,,,,1.0,,,,,,,,,,,,
https://www.mubawab.tn/fr/a/8095288/appartement-%C3%A0-louer-nour-jaafer-ariana,Appartement à louer Nour Jaafer Ariana,Jaafar à Raoued,650 TND,110.0,4.0,,1.0,,,,,,,Appartement,Bon état,36.954444,10.191389,,3.0,90 m²,10 m²,1.0,,,,1.0,1.0,,1.0,,,,,,1.0,5-10 ans,,1.0,,,1.0,,4ème,Sud,,,,,,
https://www.mubawab.tn/fr/a/8095236/appartement-s1-meubl%C3%A9-%C3%A0-la-marsa,Appartement S1 meublé à La Marsa,Cité El Khalil à La Marsa,1 500 TND,60.0,2.0,1.0,1.0,,1.0,1.0,1.0,1.0,1.0,Appartement,Bon état,36.876389,10.325278,,,,,,,,1.0,1.0,,,,,1.0,,,,,,,,,,,,1er,,,,,,,
https://www.mubawab.tn/fr/a/7938977/appartement-meubl%C3%A9-avec-jardin-%C3%A1-la-marsa,Appartement meublé avec Jardin á la Marsa,La Marsa à La Marsa,2 650 TND,,3.0,1.0,,1.0,1.0,1.0,1.0,1.0,1.0,Appartement,Bon état,36.87638899999999,10.325278000000004,,,,,1.0,1.0,,,,1.0,1.0,1.0,1.0,1.0,1.0,1.0,,1.0,,,,,,,,,,2.0,,,,,
https://www.mubawab.tn/fr/a/8072105/a-louer-un-appartement-meubl%C3%A9,A louer un appartement meublé,La Marsa à La Marsa,2 050 TND,,2.0,1.0,1.0,,1.0,1.0,1.0,1.0,1.0,Appartement,Bon état,36.876389,10.325278,,,,,1.0,,,,,1.0,1.0,1.0,1.0,1.0,1.0,1.0,,1.0,,,1.0,,,1.0,,,,,,,,,
https://www.mubawab.tn/fr/a/8077965/appartement-vue-mer-meubl%C3%A9-%C3%A1-la-marsa,Appartement Vue Mer meublé á la Marsa,La Marsa à La Marsa,3 400 TND,,3.0,,,,1.0,1.0,1.0,1.0,1.0,Appartement,Bon état,36.876389,10.325278,,2.0,,,1.0,1.0,,,,1.0,1.0,1.0,1.0,1.0,1.0,1.0,,1.0,,,,,,,,,,2.0,,,,,
https://www.mubawab.tn/fr/a/8095027/s1-en-location,S1 en location,Les Jardins de Carthage à Le Kram,1 400 TND,80.0,,,,,,,,,,Appartement,,36.8555704,10.291834,,,,,,,,,,,,,,1.0,,,,,,,1.0,,,,,,,,,,,,
https://www.mubawab.tn/fr/a/8055484/un-appartement-s2-meubl%C3%A9,Un appartement S2 meublé,Sidi Bousaid à Carthage,2 200 TND,120.0,,,1.0,,1.0,1.0,1.0,1.0,1.0,Appartement,Bon état,36.8941992,10.2762232,1.0,2.0,,,1.0,,1.0,,,1.0,,,1.0,1.0,1.0,1.0,,,,,,,,,1.0,,,,,,,,
https://www.mubawab.tn/fr/a/8094986/appartement-deux-pieces-jadins-menzah-1,Appartement deux pieces Jadins Menzah 1,El Omrane Supérieur à El Omrane Superieur,500 TND,70.0,2.0,1.0,1.0,,,,,,,Appartement,Bon état,36.8518041105941,10.13559571374094,,,60 m²,10 m²,1.0,,,,,,,,,,,,,,1-5 ans,Parquet,,,1.0,,,2ème,Est,,,,,,
https://www.mubawab.tn/fr/a/8094688/appartement-%C3%A0-louer-%C3%A0-bou-mhel-3-pi%C3%A8ces-confortables-meubl%C3%A9,Appartement à louer à Bou Mhel. 3 pièces confortables. Meublé,Bou Mhel à Boumhel Bassatine,750 TND,84.0,3.0,,1.0,,1.0,,1.0,1.0,,Appartement,Bon état,36.57724,10.34246,,2.0,,,,,,,,,,,,1.0,,,,,10-20 ans,Carrelage,1.0,,1.0,,,4ème,Sud,,,,,,
https://www.mubawab.tn/fr/a/8051160/appartement-s2-avec-parking-zone-touristique,Appartement S2 avec parking zone touristique,Sousse Corniche,2 000 TND,125.0,3.0,,1.0,,1.0,1.0,1.0,1.0,,Appartement,Nouveau,35.84024480117481,10.628268221029494,,2.0,,,1.0,1.0,,,1.0,1.0,1.0,,,1.0,,1.0,1.0,,,Marbre,1.0,1.0,,1.0,,,,,,,,,
https://www.mubawab.tn/fr/a/8080352/s2-luxe-%C3%A0-louer-aux-jardins-de-carthage,S2 luxe à louer aux Jardins de Carthage,Les Jardins de Carthage à Le Kram,2 200 TND,,6.0,,,,,1.0,1.0,1.0,,Appartement,Bon état,36.833333,10.316667,,2.0,,,,,1.0,,1.0,1.0,1.0,1.0,,1.0,,,,1.0,Moins d'un an,Marbre,1.0,1.0,,1.0,,3ème,,2.0,,,,,
https://www.mubawab.tn/fr/a/8094521/appartement-s2-meubl%C3%A9-a-golden-tulip-gammarth,Appartement S2 meublé a Golden Tulip Gammarth,Gammarth Supérieur à La Marsa,2 100 TND,97.0,3.0,,1.0,,1.0,1.0,1.0,1.0,1.0,Appartement,Bon état,36.876389,10.325278,,2.0,80 m²,,1.0,1.0,,,,,,,,,1.0,1.0,1.0,,,,1.0,,1.0,,,,,,1.0,,,,
https://www.mubawab.tn/fr/a/8006682/maisonnette-s2-%C3%A0-louer-carthage,Maisonnette s2 à louer Carthage,Carthage à Carthage,2 200 TND,80.0,3.0,,1.0,,,1.0,1.0,1.0,,Appartement,Bon état,36.8566,10.3258,,2.0,,,1.0,,,,,,,1.0,,,,,,,,,1.0,,,,,,,,,,,,
https://www.mubawab.tn/fr/a/8070480/appartement-s1-%C3%A0-louer-la-marsa,Appartement S1 à louer La Marsa,La Marsa à La Marsa,1 600 TND,80.0,2.0,1.0,1.0,,1.0,1.0,1.0,1.0,,Appartement,Bon état,36.876389,10.325278,,,,,,,,,,1.0,1.0,,,,,,,,,,,1.0,,,,,,,,,,,
https://www.mubawab.tn/fr/a/8083948/appartement-s2-%C3%A0-louer-sidi-bou-said,Appartement S2 à louer Sidi Bou Said,Sidi Bousaid à Carthage,1 700 TND,80.0,3.0,,1.0,,1.0,1.0,1.0,1.0,1.0,Appartement,Bon état,36.8566,10.3258,,2.0,,,,,,,,,1.0,,1.0,1.0,,,,,,,,,,,,,,,,,,,
https://www.mubawab.tn/fr/a/8071149/penthouse-%C3%A0-louer-aux-berges-du-lac-2,Penthouse à louer aux Berges du Lac 2,Les Berges Du Lac 2 à La Marsa,8 000 TND,550.0,4.0,,1.0,,,,,1.0,,Appartement,Nouveau,36.876389,10.325278,,6.0,,,1.0,,,,,,,,,,,,,,,,,,,,,,,,1.0,,,,
https://www.mubawab.tn/fr/a/8094475/un-%C3%A9tage-de-villa-au-jardins-de-l-aouina,Un étage de villa au jardins de l'aouina,Aouina à La Marsa,Prix à consulter,92.0,3.0,,1.0,,,,1.0,1.0,,Appartement,Bon état,36.876389,10.325278,,2.0,80 m²,4 m²,1.0,,,1.0,,,,,,,,,,,5-10 ans,Carrelage,,,,,,2ème,Ouest,,,,,,
https://www.mubawab.tn/fr/a/8086174/un-s2-meubl%C3%A9-%C3%A0-louer-au-jardin-de-carthage,Un S2 Meublé à Louer au Jardin de Carthage,Les Jardins de Carthage à Le Kram,3 000 TND,,6.0,,,,1.0,1.0,1.0,1.0,1.0,Appartement,Bon état,36.833333,10.316667,,2.0,,,1.0,,1.0,,1.0,1.0,1.0,1.0,,1.0,1.0,1.0,,1.0,Moins d'un an,Marbre,1.0,1.0,,1.0,,,,2.0,,,,,
https://www.mubawab.tn/fr/a/8094351/appartement-s3-%C3%A0-louer-%C3%A0-cit%C3%A9-les-palmeraies,Appartement S3 à louer à cité les palmeraies,El Aouina,1 400 TND,150.0,,,,,,,,,,Appartement,,33.07772,9.58381,,4.0,,,,,,,,1.0,,,,,,,,,,,1.0,,,,,,,,,,,,
https://www.mubawab.tn/fr/a/7963223/%C3%A0-louer-magnifique-appartement-type-s2-au-lac-1,À louer Magnifique Appartement Type S2 au Lac 1,La Marsa,2 000 TND,150.0,,,1.0,,,,,1.0,,Appartement,,36.876389,10.325278,,,,,,,,,,1.0,,,,,,,,,,,1.0,1.0,,,,,,,,,,,
https://www.mubawab.tn/fr/a/8075777/a-louer-un-appartement-s4-%C3%A0-cit%C3%A9-les-palmeraies,A louer un appartement S4 à cité les palmeraies,Aouina à La Marsa,1 250 TND,160.0,5.0,,,,1.0,1.0,1.0,1.0,,Appartement,Bon état,36.876389,10.325278,,4.0,,,1.0,,1.0,,,1.0,,1.0,,,,,,,,,1.0,1.0,,1.0,,,,2.0,,,,,
https://www.mubawab.tn/fr/a/7908401/appartement-s3-%C3%A0-sidi-bou-said,Appartement S3 à Sidi Bou Said,Sidi Bousaid à Carthage,3 500 TND,,4.0,,,,,1.0,1.0,1.0,,Appartement,Bon état,36.8566,10.3258,,3.0,,,1.0,,,1.0,1.0,1.0,1.0,,,1.0,,,1.0,1.0,1-5 ans,Carrelage,,,,,,,,2.0,,,,,
https://www.mubawab.tn/fr/a/8094362/appartement-en-s2-pour-tt-l-ann%C3%A9e-avec-place-de-p,Appartement en S2 pour tt l'année avec place de p,Cité El Wafa à Nabeul,1 600 TND,,2.0,,1.0,,,,,,,Appartement,Nouveau,36.45056,10.73505,,2.0,,,,,,,,,,,,,,,,,,,1.0,,,,,,,,,,,,
https://www.mubawab.tn/fr/a/8094275/a-louer-s2-haut-%C3%A0-riadh-el-andalous,A louer S2 haut à Riadh EL Andalous,Riadh al Andalous à Ariana Ville,950 TND,90.0,3.0,,1.0,,,1.0,1.0,1.0,,Appartement,Bon état,36.8805752,10.1717264,,2.0,,,,,,,,,,,,,,,,,,,,,,,,3ème,,,,,,,
https://www.mubawab.tn/fr/a/8094248/%C3%A0-louer-un-jolie-et-grand-appartement-120m2-au-kra,À Louer un jolie et grand appartement 120m2 au Kra,Le Kram à Le Kram,870 TND,120.0,3.0,,1.0,,1.0,,1.0,,,Appartement,Bon état,36.833333,10.316667,,3.0,120 m²,130 m²,,1.0,,,,,1.0,1.0,,,1.0,,,,Moins d'un an,Carrelage,,,,,,2ème,Ouest,,,,,,
https://www.mubawab.tn/fr/a/8094189/%C3%A0-louer-un-s3-spacieux-%C3%A0-el-manzah7,À louer un S3 spacieux à el Manzah7,El Menzah 7 à Ariana Ville,2 000 TND,200.0,,,,,,1.0,1.0,1.0,,Appartement,Bon état,36.8524946,10.1577208,,3.0,,,1.0,,,,,,,,,,,,,,,,,,,,,,,2.0,,,,,
https://www.mubawab.tn/fr/a/8094162/a-louer-%C3%A0-l%E2%80%99ann%C3%A9e-%C3%A0-hammamet,A louer à l’année à Hammamet,Yasmine Hammamet à Hammamet,750 TND,100.0,,,1.0,,1.0,,1.0,,,Appartement,Bon état,36.40108,10.61457,1.0,2.0,100 m²,100 m²,,,,,,,,,,,,,,,Moins d'un an,,,,,,,,,,,,,,
https://www.mubawab.tn/fr/a/7904325/a-louer-un-s1-meubl%C3%A9-aux-jardins-de-carthage,A louer un S1 meublé aux Jardins de Carthage,Les Jardins de Carthage à Le Kram,1 900 TND,70.0,2.0,1.0,1.0,,1.0,1.0,1.0,1.0,,Appartement,Bon état,36.833333,10.316667,,,,,,,,,,1.0,,,,,,,,,1-5 ans,,1.0,1.0,,1.0,,,,,,,,,
https://www.mubawab.tn/fr/a/8094070/a-louer-%C3%A0-l%E2%80%99ann%C3%A9e-appartement,A louer à l’année Appartement,Hammamet à Hammamet,850 TND,100.0,3.0,,1.0,,1.0,,1.0,1.0,,Appartement,Bon état,36.40108,10.61457,,2.0,100 m²,,,,,,,,,,,,,,,,,,,,,,,,,,,,,,
https://www.mubawab.tn/fr/a/8021780/a-louer-une-villa-avec-piscine-%C3%A0-gammarth,A louer une villa avec piscine à Gammarth,Gammarth Supérieur à La Marsa,5 500 TND,450.0,4.0,,1.0,1.0,,1.0,1.0,1.0,,Appartement,Bon état,36.876389,10.325278,,3.0,,,1.0,,,,,1.0,1.0,,,,,,,,,,1.0,,,,,,,,1.0,,,,
https://www.mubawab.tn/fr/a/8094038/appartement-s-plus-3-%C3%A0-louer-%C3%A0-sahloul-4,Appartement S plus 3 à louer à Sahloul 4,Sahloul à Sousse Ville,1 400 TND,140.0,4.0,,,1.0,,1.0,1.0,1.0,1.0,Appartement,Nouveau,35.827299999999994,10.633900000000002,,3.0,,,1.0,,1.0,,,1.0,,,,1.0,,,,,Moins d'un an,Marbre,1.0,1.0,,1.0,,1er,Est,2.0,,,,,
https://www.mubawab.tn/fr/a/8045520/a-louer-appartement-%C3%A0-les-berges-du-lac-2,A louer appartement à Les Berges Du Lac 2,Les Berges Du Lac 2 à La Marsa,2 500 TND,80.0,,1.0,1.0,,1.0,1.0,1.0,1.0,1.0,Appartement,Nouveau,36.8468986,10.2641808,,,,,,,,,,,,,1.0,1.0,,,,,Moins d'un an,,,,,,,,,,,,,,
https://www.mubawab.tn/fr/a/8093955/a-louer-s1-meubl%C3%A9-%C3%A0-la-goulette,A louer s1 meublé à La Goulette,La Goulette à La Goulette,1 200 TND,60.0,,1.0,1.0,,1.0,1.0,1.0,1.0,1.0,Appartement,Bon état,36.8236219,10.2810303,,,,,1.0,,,,1.0,1.0,,,1.0,1.0,1.0,1.0,,,,,,1.0,,1.0,,,,,,,,,
https://www.mubawab.tn/fr/a/8093912/location-d-un-appartement-s3-au-berges-du-lac-1,Location d'un appartement s3 au Berges Du Lac 1,Les Berges Du Lac 1 à La Marsa,2 500 TND,145.0,,,,,,1.0,1.0,1.0,,Appartement,Bon état,36.8355152,10.2241758,,3.0,,,1.0,,,,,1.0,,1.0,,,,,,,,,1.0,1.0,,1.0,,,,2.0,,,,,
https://www.mubawab.tn/fr/a/8093907/tr%C3%A8s-bel-appartement-en-location-au-berges-du-lac-1,Très bel appartement en location au Berges Du Lac 1,Les Berges Du Lac 1 à La Marsa,3 500 TND,175.0,,,,,,1.0,1.0,1.0,,Appartement,Bon état,36.8355152,10.2241758,,4.0,,,1.0,,,,,1.0,,,,1.0,,,,,,,1.0,1.0,,1.0,,,,3.0,,,,,
https://www.mubawab.tn/fr/a/8059227/a-louer-appartement-s3-meubl%C3%A9-%C3%A0-la-marsa,A louer appartement S3 meublé à La Marsa,La Marsa à La Marsa,2 200 TND,120.0,,,,,1.0,1.0,1.0,1.0,1.0,Appartement,Bon état,36.876389,10.325278,1.0,3.0,,,1.0,,1.0,1.0,1.0,,,1.0,1.0,1.0,,,,,,,,,,,,,,2.0,,,,,
https://www.mubawab.tn/fr/a/8089426/un-appartement-s2-meubl%C3%A9-%C3%A0-louer-au-lac-2,Un appartement S2 meublé à louer au lac 2,Les Berges Du Lac 2 à La Marsa,2 000 TND,,5.0,,1.0,,1.0,1.0,1.0,1.0,1.0,Appartement,Bon état,36.876389,10.325278,,2.0,,,,,,,1.0,1.0,1.0,1.0,1.0,1.0,1.0,1.0,,1.0,1-5 ans,Marbre,1.0,1.0,,1.0,,3ème,,,,,,,
https://www.mubawab.tn/fr/a/8082019/un-appartement-s2-%C3%A0-louer-aux-jardins-de-carthage,Un appartement S2 à louer aux Jardins de Carthage,Les Jardins de Carthage à Le Kram,1 650 TND,,6.0,,,,,1.0,1.0,1.0,,Appartement,Bon état,36.833333,10.316667,,2.0,,,1.0,,1.0,,1.0,1.0,1.0,1.0,,,,,,1.0,1-5 ans,Marbre,1.0,1.0,,,,2ème,,2.0,,,,,
https://www.mubawab.tn/fr/a/8091020/appartement-%C3%A0-louer-vue-mer,Appartement à louer vue mer,Nabeul à Nabeul,3 500 TND,90.0,2.0,1.0,1.0,,1.0,1.0,1.0,1.0,,Appartement,Nouveau,36.45056,10.73505,,,,,1.0,1.0,1.0,,,1.0,1.0,1.0,,,,,,,,,1.0,1.0,,1.0,,,,,,,,,
https://www.mubawab.tn/fr/a/8050189/luxueux-s3-meubl%C3%A9-%C3%A0-menzah-9c-superficie-400-m%C2%B2,Luxueux S3 meublé à Menzah 9c superficie 400 m²,El Menzah 9 à El Menzah,3 500 TND,400.0,5.0,,,,1.0,1.0,1.0,1.0,1.0,Appartement,Nouveau,36.845235,10.164723,,3.0,,,1.0,,1.0,1.0,1.0,1.0,1.0,1.0,1.0,1.0,1.0,1.0,1.0,1.0,,Marbre,1.0,1.0,1.0,1.0,1.0,,,3.0,,,,,
https://www.mubawab.tn/fr/a/8093741/a-louer-un-magnifique-s2-%C3%A0-jardins-de-carthage,A louer un magnifique s2 à jardins de carthage,Les Jardins de Carthage à Le Kram,2 400 TND,,3.0,,1.0,,,,,,,Appartement,Bon état,36.833333,10.316667,,2.0,,,1.0,,,,,,,,,,,,,,,,1.0,,,,,,,,,,,,
https://www.mubawab.tn/fr/a/8093738/a-louer-un-s2-%C3%A0-la-soukra-derri%C3%A8re-closerie,A louer un S2 à la soukra derrière closerie,La Soukra à La Soukra,1 500 TND,,3.0,,1.0,,,,,,,Appartement,Bon état,36.883333,10.25,,2.0,,,1.0,,,,,,,,,,,,,,,,1.0,,,,,,,,,,,,
https://www.mubawab.tn/fr/a/8082553/a-louer-un-appartement-s3-au-jardin-l-aouina,A louer un appartement s3 au jardin l'aouina,Aouina à La Marsa,1 200 TND,121.0,6.0,,1.0,1.0,,,1.0,1.0,,Appartement,Bon état,36.876389,10.325278,,3.0,121 m²,,1.0,,,,1.0,1.0,,,,1.0,,,,,1-5 ans,,,1.0,,1.0,,2ème,,,,,,,
https://www.mubawab.tn/fr/a/8093713/s1-a-louer,S1 a louer,Ain Zaghouan Nord à La Marsa,1 350 TND,63.0,2.0,1.0,1.0,,,1.0,1.0,1.0,,Appartement,Nouveau,36.876389,10.325278,,,,12 m²,1.0,,,,,,,,,1.0,,,,,Moins d'un an,Marbre,1.0,1.0,,1.0,,,,,,,,,
https://www.mubawab.tn/fr/a/8093711/a-louer-appartement-s2-aux-jardins-de-carthage,A louer Appartement S2 aux Jardins de Carthage,Le Kram,2 000 TND,,,,,,,1.0,1.0,1.0,,Appartement,,36.833333,10.316667,,3.0,,,1.0,,,,,1.0,,,,1.0,,,,,,,1.0,,,,1.0,,,,,,,,
https://www.mubawab.tn/fr/a/8093673/appartement-s2-meubl%C3%A9-%C3%A0-louer-aux-jardins-de-carthage,Appartement S2 Meublé À Louer Aux Jardins De Carthage,Les Jardins de Carthage à Le Kram,4 200 TND,160.0,,,,,1.0,,,1.0,,Appartement,,36.8555704,10.291834,,2.0,,,1.0,,,,,,,,,,,,,,,,1.0,,,,,,,,,,,,
https://www.mubawab.tn/fr/a/8093415/appartement-a-borj-louzir-ariana,Appartement a borj louzir ariana,Cité de la Sante à Ariana Ville,450 TND,80.0,4.0,,1.0,,,,,,,Appartement,Bon état,36.8625,10.19556,,3.0,80 m²,80 m²,1.0,,1.0,,1.0,,,1.0,,,,,,,10-20 ans,Marbre,,,,,,2ème,Est,,,,,,
https://www.mubawab.tn/fr/a/8093291/location-annuelle-s1-%C3%A0-khezama-est,Location Annuelle S1 à Khezama Est,Khezama Est,750 TND,50.0,2.0,1.0,1.0,,1.0,,,,,Appartement,Bon état,35.844,10.618753,,,,,,,,,,,,,,,,,,,,,,1.0,,,,,,,,,,,
https://www.mubawab.tn/fr/a/8093098/location-annuelle-s2-meubl%C3%A9-%C3%A0-bouhsina,Location Annuelle S2 Meublé à Bouhsina,Sousse Jaouhara à Sousse Jaouhara,800 TND,90.0,3.0,,1.0,,1.0,1.0,,1.0,,Appartement,Bon état,35.832439,10.622471,,2.0,,,,,,,,,1.0,,1.0,1.0,,,,1.0,,,,,,,,,,,,,,,
https://www.mubawab.tn/fr/a/7940303/a-louer-un-s1-aux-jardins-de-carthage,A louer un S1 aux jardins de Carthage,Les Jardins de Carthage à Le Kram,2 400 TND,61.0,2.0,1.0,1.0,,1.0,1.0,1.0,1.0,1.0,Appartement,Nouveau,36.833333,10.316667,,,,,1.0,,,1.0,1.0,,1.0,1.0,1.0,1.0,1.0,1.0,1.0,,Moins d'un an,Parquet,1.0,1.0,,1.0,,3ème,Sud,,1.0,,,,
https://www.mubawab.tn/fr/a/8024172/s1-meubl%C3%A9-a-louer-%C3%A0-riadh-el-andalous,S1 meublé a louer à Riadh El Andalous,Riadh al Andalous à Ariana Ville,1 300 TND,65.0,2.0,1.0,1.0,,1.0,1.0,1.0,1.0,,Appartement,Bon état,36.88408157191388,10.161970940893204,,,,,1.0,,,1.0,,1.0,,,1.0,1.0,1.0,,,,10-20 ans,Marbre,1.0,1.0,,,1.0,1er,,,,,,,
https://www.mubawab.tn/fr/a/8093120/a-louer-un-s2-neuf-et-meubl%C3%A9-au-lac-2,A louer un s2 neuf et meublé au Lac 2,Les Berges Du Lac 2 à La Marsa,4 700 TND,145.0,3.0,,,,1.0,1.0,1.0,1.0,1.0,Appartement,Nouveau,36.876389,10.325278,,2.0,,,1.0,,1.0,,1.0,1.0,1.0,1.0,1.0,1.0,,1.0,,,,,1.0,1.0,,1.0,,,,2.0,,,,,
https://www.mubawab.tn/fr/a/8093092/location-annuelle-s2-meubl%C3%A9-%C3%A0-chatt-meriem,Location Annuelle S2 Meublé à Chatt Meriem,Chott Meriem à Akouda,800 TND,80.0,3.0,,1.0,,1.0,,,1.0,,Appartement,Bon état,35.87,10.57,,2.0,,,1.0,,,,,1.0,,,,,,,,,,,,1.0,,,,2ème,,,,,,,
https://www.mubawab.tn/fr/a/8087182/a-louer-s5-avec-vue-sur-lac-au-lac-2,A Louer S5 avec vue sur Lac au Lac 2,Les Berges Du Lac 2 à La Marsa,7 900 TND,300.0,6.0,,,,1.0,1.0,1.0,1.0,1.0,Appartement,Bon état,36.876389,10.325278,,5.0,,,1.0,1.0,,,,,,1.0,1.0,1.0,,1.0,,,,,1.0,1.0,,,,,,4.0,1.0,,,,
https://www.mubawab.tn/fr/a/8093088/location-annuelle-s2-%C3%A0-chatt-meriem,Location annuelle S2 à Chatt Meriem,Chott Meriem à Akouda,1 000 TND,100.0,3.0,,1.0,,1.0,,,1.0,,Appartement,Nouveau,35.87,10.57,,2.0,,,1.0,,,,,,,,,,,,,,,,,1.0,,,,2ème,,,,,,,
https://www.mubawab.tn/fr/a/8043483/location-meuble-appartement-au-jardin-de-carthage,Location meuble appartement au jardin de carthage,Les Jardins de Carthage à Le Kram,1 600 TND,70.0,,1.0,1.0,1.0,1.0,,,,,Appartement,Nouveau,36.833333,10.316667,1.0,,,,,,,,,,,,,,,,,,,,1.0,,,,,,,,,,,,
https://www.mubawab.tn/fr/a/8092783/appartement-pour-location-courtes-dur%C3%A9es,Appartement pour location courtes durées,Chott Meriem à Akouda,Prix à consulter,100.0,4.0,,1.0,,1.0,1.0,,1.0,,Appartement,Bon état,35.87,10.57,,2.0,,,1.0,,,,,,,,,,,,,,,,,,,,,,,,1.0,,,,
https://www.mubawab.tn/fr/a/8092748/appartement-pour-location-courtes-dur%C3%A9es,Appartement pour location courtes durées,Chott Meriem à Akouda,Prix à consulter,100.0,5.0,,,,1.0,1.0,,1.0,,Appartement,Bon état,35.87,10.57,,2.0,,,1.0,,,,,,,,,,,,,,,,,,,,,,,2.0,1.0,,,,
https://www.mubawab.tn/fr/a/8092733/appartement-pour-location-courtes-dur%C3%A9es,Appartement pour location courtes durées,Chott Meriem à Akouda,Prix à consulter,138.0,5.0,,,,1.0,1.0,,1.0,,Appartement,Bon état,35.87,10.57,,2.0,,,1.0,,,,,,,,,,,,,,,,1.0,,,,,,,2.0,1.0,,,,
https://www.mubawab.tn/fr/a/8092726/appartement-pour-location-courtes-dur%C3%A9es,Appartement pour location courtes durées,Chott Meriem à Akouda,Prix à consulter,120.0,4.0,,1.0,,1.0,1.0,,1.0,,Appartement,Bon état,35.87,10.57,,2.0,,,1.0,,,,,,,,,,,,,,,,1.0,,,,,,,,,,,,
https://www.mubawab.tn/fr/a/8092729/location-appartement-med-s3,Location Appartement Med S3,Hammamet Nord à Hammamet,800 TND,178.0,4.0,,,,1.0,1.0,,1.0,,Appartement,Bon état,36.40108,10.61457,,3.0,178 m²,,1.0,,,,,,,,,,,,,,,,,,,,,,,2.0,,,,,
https://www.mubawab.tn/fr/a/8073656/a-louer-un-%C3%A9tage-de-villa-s2-meubl%C3%A9-%C3%A0-sidi-daoued,A louer un étage de villa S2 meublé à Sidi Daoued,Sidi Daoued à La Marsa,2 000 TND,150.0,3.0,,1.0,,1.0,1.0,1.0,1.0,1.0,Appartement,Bon état,36.876389,10.325278,,2.0,150 m²,,,,,,,,,,,1.0,1.0,1.0,,,,,,,,,,1er,,,,,,,
https://www.mubawab.tn/fr/a/8079693/location-s2-richement-meubl%C3%A9,Location S2 richement meublé,Les Jardins de Carthage à Le Kram,2 500 TND,160.0,3.0,,,1.0,1.0,1.0,1.0,1.0,1.0,Appartement,Nouveau,36.833333,10.316667,,2.0,130 m²,,1.0,,,1.0,1.0,1.0,1.0,1.0,1.0,1.0,1.0,1.0,,1.0,Moins d'un an,Marbre,1.0,1.0,,1.0,,,Est,2.0,,,,,
https://www.mubawab.tn/fr/a/8092646/location-appartement-amiro-s2,Location Appartement Amiro S2,Hammamet à Hammamet,1 000 TND,84.0,3.0,,1.0,,,1.0,1.0,1.0,1.0,Appartement,Nouveau,36.40108,10.61457,,2.0,84 m²,,1.0,,,,,1.0,,,1.0,1.0,1.0,1.0,,,,,,,,1.0,,,,,,,,,
https://www.mubawab.tn/fr/a/8079678/un-beau-s2-meubl%C3%A9-ayant-une-vue-lointain-sur-lac,Un beau s2 meublé ayant une vue lointain sur lac,Les Berges Du Lac 2 à La Marsa,1 800 TND,100.0,3.0,,,,1.0,,,1.0,,Appartement,Bon état,36.876389,10.325278,,2.0,100 m²,0 m²,,1.0,,1.0,,,,,,,,,,,5-10 ans,Marbre,,1.0,,,,3ème,Nord,2.0,,,,,
https://www.mubawab.tn/fr/a/8064250/un-appartement-s2-%C3%A0-l-aouina,Un appartement S2 à l'aouina,Aouina à La Marsa,1 050 TND,87.0,3.0,,1.0,,,,,1.0,,Appartement,Bon état,36.876389,10.325278,,2.0,80 m²,4 m²,,,,,,,,,,1.0,1.0,,1.0,,5-10 ans,Marbre,,,,,,4ème,Ouest,,,,,,
https://www.mubawab.tn/fr/a/8092551/appartement-pour-location-estivale-%C3%A0-chott-mariem,Appartement pour location estivale à chott mariem,Chott Meriem à Akouda,Prix à consulter,100.0,5.0,,,,,1.0,,,,Appartement,Bon état,35.87,10.57,,2.0,,,1.0,,,,,,,,,,,,,,,,,,,,,,,2.0,1.0,,,,
https://www.mubawab.tn/fr/a/8092502/location-s1-haut-standing-neuf-cit%C3%A9-palmerais,Location S1 haut standing neuf cité palmerais,Ain Zaghouan Nord à La Marsa,1 250 TND,65.0,2.0,1.0,1.0,,,,1.0,,,Appartement,Nouveau,36.876389,10.325278,,,,,1.0,,,,,,,,,,,,,,Moins d'un an,,1.0,,,,,2ème,,,,,,,
https://www.mubawab.tn/fr/a/8092527/s2-%C3%A0-chott-meriem,S2 à Chott Meriem,Chott Meriem à Akouda,Prix à consulter,100.0,,,,,1.0,1.0,1.0,1.0,,Appartement,,35.951365,10.54783,,2.0,,,1.0,1.0,,,,,,,,,,,,,,,1.0,,,,,,,,,,,,
https://www.mubawab.tn/fr/a/8092525/s2-%C3%A0-chott-meriem,S2 à Chott Meriem,Chott Meriem à Akouda,Prix à consulter,80.0,,,,,,,,,,Appartement,,35.951365,10.54783,,2.0,,,,,,,,,,,,,,,,,,,,,,,,,,,,,,,
https://www.mubawab.tn/fr/a/7996094/appartement-s2-luxueusement-meubl%C3%A9-%C3%A0-la-goulette,Appartement S2 luxueusement meublé à la Goulette,La Goulette à La Goulette,3 500 TND,200.0,3.0,,,,1.0,,,,,Appartement,Bon état,36.8236219,10.2810303,,2.0,,,1.0,,,,,,,,,,,,,,,,,,,,,,,2.0,,,,,
https://www.mubawab.tn/fr/a/8083430/%C3%A0-louer-s1-meubl%C3%A9-jardins-de-carthage,À louer S1 meublé jardins de Carthage,Les Jardins de Carthage à Le Kram,2 000 TND,80.0,,1.0,1.0,,1.0,1.0,1.0,1.0,1.0,Appartement,Bon état,33.88689999999999,9.5375,,,,,1.0,,1.0,1.0,1.0,1.0,1.0,1.0,1.0,1.0,1.0,1.0,1.0,,1-5 ans,Marbre,1.0,1.0,,1.0,,2ème,Est,,,,,,
https://www.mubawab.tn/fr/a/8013210/s1-a-louer-a-la-marsa-plage,S1 a louer a la marsa plage,La Marsa à La Marsa,1 400 TND,35.0,2.0,1.0,1.0,,1.0,1.0,1.0,1.0,1.0,Appartement,Bon état,36.876389,10.325278,,,,,,,1.0,1.0,1.0,1.0,1.0,1.0,1.0,1.0,1.0,1.0,1.0,1.0,5-10 ans,Marbre,,,,,,2ème,Est,,,,,,
https://www.mubawab.tn/fr/a/8092368/a-louer-appartement-s2-au-lac-2,A louer appartement S2 au lac 2,Les Berges Du Lac 2 à La Marsa,2 100 TND,120.0,2.0,,1.0,,,1.0,1.0,1.0,,Appartement,Nouveau,36.876389,10.325278,,3.0,,,1.0,,,,,1.0,,,,1.0,,1.0,,,,,1.0,,,,,,,,,,,,
https://www.mubawab.tn/fr/a/8006535/a-louer-ou-vendre-s3-haut-standing-route-la-marsa,A louer ou vendre S3 haut standing Route la Marsa,La Marsa à La Marsa,1 650 TND,150.0,4.0,,,,,1.0,1.0,1.0,,Appartement,Bon état,36.8941992,10.276223200000002,,3.0,,,1.0,,,,,,,,,1.0,,,,,,,1.0,,,,,,,2.0,,,,,
https://www.mubawab.tn/fr/a/8076196/%C3%A0-louer-%C3%A0-l%E2%80%99ann%C3%A9e-un-appart-s2-au-rez-de-chauss%C3%A9e,À louer à l’année un appart S2 au rez de chaussée,Hammamet Nord à Hammamet,1 500 TND,100.0,3.0,,1.0,1.0,,1.0,1.0,,,Appartement,Bon état,36.40108,10.61457,,2.0,,,1.0,,,,,,,,,,,,,,,,,,,,,,,,,,,,
https://www.mubawab.tn/fr/a/8092103/appartement-a-hammamet-nord,Appartement a Hammamet nord,Hammamet Nord à Hammamet,1 400 TND,200.0,4.0,,1.0,,,,,,,Appartement,Bon état,36.40108,10.61457,,3.0,100 m²,100 m²,,,,,,,,,,,,,,,,,,,,,,,,,,,,,
https://www.mubawab.tn/fr/a/8092069/bonne-occasion,Bonne occasion,El Menzah 9 à El Menzah,900 TND,75.0,,1.0,1.0,,,1.0,1.0,1.0,,Appartement,Bon état,36.85277413696217,10.17495410997216,1.0,,70 m²,5 m²,1.0,,,,1.0,1.0,,1.0,,1.0,,,1.0,,5-10 ans,Marbre,,1.0,,1.0,,4ème,Est,,,,,,
https://www.mubawab.tn/fr/a/8091997/appartement-pour-location-estivale-%C3%A0-chott-mariem,Appartement pour location estivale à chott mariem,Chott Meriem à Akouda,Prix à consulter,100.0,4.0,,1.0,,1.0,1.0,,,,Appartement,Bon état,35.87,10.57,,2.0,,,1.0,,,,,,,,,,,,,,,,,,,,,,,,,,,,
https://www.mubawab.tn/fr/a/8091993/appartement-pour-location-estivale-%C3%A0-chott-mariem,Appartement pour location estivale à chott mariem,Chott Meriem à Akouda,Prix à consulter,100.0,5.0,,,,1.0,1.0,,,,Appartement,Bon état,35.87,10.57,,2.0,,,1.0,,,,,,,,,,,,,,,,1.0,,,,,,,2.0,,,,,
https://www.mubawab.tn/fr/a/8091987/appartement-pour-location-estivale-%C3%A0-chott-mariem,Appartement pour location estivale à chott mariem,Chott Meriem à Akouda,Prix à consulter,115.0,5.0,,,,1.0,1.0,1.0,,,Appartement,Bon état,35.87,10.57,,2.0,,,1.0,,,,,,,,,,,,,,,,,,,,,,,2.0,1.0,,,,
https://www.mubawab.tn/fr/a/8080855/appartement-s2-%C3%A0-louer-aux-jardins-de-carthage,Appartement S2 à louer aux Jardins de Carthage,Les Jardins de Carthage à Le Kram,1 150 TND,120.0,,,,1.0,,,,,,Appartement,,36.8555704,10.291834,,2.0,,,,,,,,,,,,,,,,,,,,,,,,,,,,,,,
https://www.mubawab.tn/fr/a/8073574/appartement-s3-avec-vue-d%C3%A9gag%C3%A9e-%C3%A0-louer-aux-jardins-de-carthage,Appartement S3 avec vue dégagée à louer aux Jardins de Carthage,Les Jardins de Carthage à Le Kram,2 600 TND,165.0,3.0,,,,,,,,1.0,Appartement,Bon état,36.8555704,10.291834,,3.0,,,1.0,,,,,,,,,1.0,,,,,,,1.0,,,,,,,2.0,,,,,
https://www.mubawab.tn/fr/a/8091933/appartement-pour-location-estivale-%C3%A0-chott-mariem,Appartement pour location estivale à chott mariem,Chott Meriem à Akouda,Prix à consulter,130.0,4.0,,1.0,,1.0,1.0,,,,Appartement,Bon état,35.87,10.57,,2.0,,,1.0,,,,,,,,,,,,,,,,,,,,,,,,,,,,
https://www.mubawab.tn/fr/a/8047498/s2-en-location,S2 en location,Chotrana 1 à La Soukra,2 600 TND,140.0,,,,,1.0,1.0,1.0,,,Appartement,,36.896544,10.217961,,,,,1.0,,,,,1.0,,,1.0,1.0,1.0,1.0,,,,,1.0,1.0,,,,,,,,,,,
https://www.mubawab.tn/fr/a/8088094/s3-en-location,S3 en location,Dar Fadhal à La Soukra,2 050 TND,170.0,,,,,1.0,1.0,1.0,,1.0,Appartement,,36.883333,10.25,,,,,1.0,,,,,1.0,,,1.0,1.0,1.0,1.0,,,,,1.0,1.0,,,,,,,,,,,
https://www.mubawab.tn/fr/a/7999965/appartement-%C3%A0-louer-%C3%A0-hammam-sousse,Appartement à louer à Hammam Sousse,Hammam Sousse à Hammam Sousse,1 500 TND,120.0,6.0,,,,,1.0,1.0,1.0,1.0,Appartement,Bon état,35.8569,10.5972,,2.0,,,1.0,,,,,,,,1.0,1.0,1.0,,,,,,,,,,,,,2.0,1.0,,,,
https://www.mubawab.tn/fr/a/8091930/appartement-pour-location-estivale-%C3%A0-chott-mariem,Appartement pour location estivale à chott mariem,Chott Meriem à Akouda,Prix à consulter,90.0,5.0,,,,1.0,1.0,,1.0,,Appartement,Bon état,35.87,10.57,,2.0,,,1.0,,,,,,,,,,,,,,,,1.0,,,,,,,2.0,,,,,
https://www.mubawab.tn/fr/a/8091923/appartement-pour-location-estivale-%C3%A0-chott-mariem,Appartement pour location estivale à chott mariem,Chott Meriem à Akouda,Prix à consulter,60.0,3.0,1.0,1.0,,,1.0,,,,Appartement,Bon état,35.87,10.57,,,,,1.0,,,,,,,,,,,,1.0,,,,1.0,,,,,,,,1.0,,,,
https://www.mubawab.tn/fr/a/8091913/appartement-pour-location-estivale-%C3%A0-chott-mariem,Appartement pour location estivale à chott mariem,Chott Meriem à Akouda,Prix à consulter,90.0,3.0,1.0,1.0,,,1.0,,,,Appartement,Bon état,35.87,10.57,,,,,1.0,,,,,,,,,,,,,,,,1.0,,,,,,,,,,,,
https://www.mubawab.tn/fr/a/8091846/appartement-pour-location-estivale-%C3%A0-chott-mariem,Appartement pour location estivale à chott mariem,Chott Meriem à Akouda,Prix à consulter,60.0,3.0,1.0,1.0,,,1.0,,,,Appartement,Bon état,35.87,10.57,,,,,1.0,,,,,,,,,,,,,,,,,,,,,,,,,,,,
https://www.mubawab.tn/fr/a/8091857/nouveau-s2-sans-meubles-kh%C3%A9zama-ouest,Nouveau S2 Sans Meubles Khézama Ouest,Khezama Ouest,1 200 TND,120.0,3.0,,1.0,,,,1.0,1.0,,Appartement,Nouveau,35.7218,10.6179,,2.0,90 m²,,1.0,,,,,,,,,,,,,,Moins d'un an,Marbre,1.0,,,,,2ème,Sud,,,,,,
https://www.mubawab.tn/fr/a/8091853/a-louer-s4-%C3%A0-la-marsa-plage,A Louer S4 à La Marsa Plage,La Marsa à La Marsa,2 700 TND,230.0,5.0,,,,1.0,1.0,1.0,1.0,,Appartement,Bon état,36.876389,10.325278,,4.0,,,1.0,,,,,,,,,1.0,,,,,,,1.0,,,,,,,2.0,,,,,
https://www.mubawab.tn/fr/a/8091839/appartement-pour-location-estivale-%C3%A0-chott-mariem,Appartement pour location estivale à chott mariem,Chott Meriem à Akouda,Prix à consulter,60.0,3.0,1.0,1.0,,1.0,,,,,Appartement,Bon état,35.87,10.57,,,,,1.0,,,,,,,,,,,,,,,,,,,,,,,,1.0,,,,
https://www.mubawab.tn/fr/a/8091824/appartement-pour-location-estivale-%C3%A0-chott-mariem,Appartement pour location estivale à chott mariem,Chott Meriem à Akouda,Prix à consulter,70.0,3.0,1.0,1.0,,1.0,1.0,,,,Appartement,Bon état,35.87,10.57,,,,,1.0,,,,,,,,,,,,,,,,1.0,,,,,,,,1.0,,,,
https://www.mubawab.tn/fr/a/8091816/appartement-pour-location-estivale-%C3%A0-chott-mariem,Appartement pour location estivale à chott mariem,Chott Meriem à Akouda,Prix à consulter,70.0,3.0,1.0,1.0,,1.0,1.0,,,,Appartement,Bon état,35.87,10.57,,,,,1.0,,,,,,,,,,,,,,,,1.0,,,,,,,,1.0,,,,
https://www.mubawab.tn/fr/a/8091804/appartement-pour-location-estivale-%C3%A0-chott-mariem,Appartement pour location estivale à chott mariem,Chott Meriem à Akouda,Prix à consulter,90.0,5.0,,,,1.0,1.0,,,,Appartement,Bon état,35.87,10.57,,2.0,,,1.0,,,,,,,,,,,,,,,,,,,,,,,2.0,1.0,,,,
https://www.mubawab.tn/fr/a/8091795/appartement-pour-location-estivale-%C3%A0-chott-mariem,Appartement pour location estivale à chott mariem,Chott Meriem à Akouda,Prix à consulter,60.0,3.0,1.0,1.0,,1.0,1.0,,,,Appartement,Bon état,35.87,10.57,,,,,1.0,,,,,,,,,,,,,,,,,,,,,,,,,,,,
https://www.mubawab.tn/fr/a/8078168/appartement-s2-meubl%C3%A9-jardins-de-carthage,Appartement S2 meublé jardins de Carthage,Les Jardins de Carthage à Le Kram,2 900 TND,120.0,3.0,,1.0,,1.0,1.0,1.0,1.0,1.0,Appartement,Bon état,36.833333,10.316667,,2.0,120 m²,,,,,1.0,,,,,1.0,1.0,1.0,1.0,,,,,1.0,1.0,,,,,,,,,,,
https://www.mubawab.tn/fr/a/8091786/appartement-pour-location-estivale-%C3%A0-chott-mariem,Appartement pour location estivale à chott mariem,Chott Meriem à Akouda,Prix à consulter,75.0,3.0,1.0,1.0,,,1.0,,1.0,,Appartement,Bon état,35.87,10.57,,,,,1.0,,,,,,,,,,,,,,,,1.0,,,,,,,,1.0,,,,
https://www.mubawab.tn/fr/a/8069938/location-meuble-appartement-au-jardin-de-carthage,Location meuble appartement au jardin de carthage,Les Jardins de Carthage à Le Kram,3 200 TND,150.0,2.0,,1.0,1.0,1.0,1.0,1.0,1.0,,Appartement,Nouveau,36.833333,10.316667,,2.0,,,,,,,,,,,1.0,1.0,,1.0,,,,,1.0,,,,,,,,,,,,
https://www.mubawab.tn/fr/a/8080667/s2-en-location,S2 en location,Gammarth à La Marsa,2 700 TND,180.0,3.0,,1.0,,1.0,1.0,1.0,,,Appartement,Nouveau,36.917739,10.288893,,2.0,,,1.0,,,,,,,,,1.0,,1.0,,,Moins d'un an,Marbre,1.0,1.0,,,,2ème,Est,,,,,,
https://www.mubawab.tn/fr/a/8091748/appartement-pour-location-estivale-%C3%A0-chott-mariem,Appartement pour location estivale à chott mariem,Chott Meriem à Akouda,Prix à consulter,90.0,2.0,1.0,1.0,,,1.0,,1.0,,Appartement,Bon état,35.87,10.57,,,,,1.0,,,,,,,,,,,,,,,,,,,,,,,,1.0,,,,
https://www.mubawab.tn/fr/a/8091762/location-scolaire-s1-%C3%A0-chott-meriem,Location Scolaire S1 à chott Meriem,Chott Meriem à Akouda,1 500 TND,80.0,2.0,1.0,1.0,,1.0,1.0,,1.0,1.0,Appartement,Bon état,35.87,10.57,,,,,1.0,1.0,,1.0,1.0,1.0,1.0,1.0,1.0,1.0,1.0,1.0,1.0,,,,1.0,1.0,,1.0,,,,,1.0,,,,
https://www.mubawab.tn/fr/a/8091733/louez-cet-appartement-%C3%A0-cit%C3%A9-ennasr-2-1-chambre-meubl%C3%A9,Louez cet appartement à Cité Ennasr 2.1 chambre. Meublé,Cité Ennasr 2 à Ariana Ville,1 100 TND,69.0,,1.0,1.0,,1.0,1.0,1.0,1.0,1.0,Appartement,Bon état,36.8625,10.19556,,,69 m²,,1.0,,1.0,,1.0,,,1.0,1.0,1.0,1.0,,1.0,,1-5 ans,Carrelage,1.0,1.0,,1.0,,1er,Ouest,,,,,,
https://www.mubawab.tn/fr/a/8091715/2-appartements-s2-sans-meuble-%C3%A0-louer,2 appartements S2 sans meuble à louer,M'saken,450 TND,80.0,3.0,,1.0,,1.0,1.0,,1.0,,Appartement,Bon état,35.72945,10.58333,,2.0,,,1.0,,1.0,,1.0,,,,,,,,,,,,,,,,1.0,1er,,,,,,,
https://www.mubawab.tn/fr/a/8089503/appartement-s4-meubl%C3%A9-avec-terrasse-%C3%A0-gammarth,Appartement S4 meublé avec terrasse à Gammarth,Gammarth à La Marsa,6 000 TND,,5.0,,,1.0,1.0,1.0,1.0,1.0,1.0,Appartement,Bon état,36.876389,10.325278,,4.0,,,1.0,,1.0,1.0,1.0,1.0,1.0,1.0,1.0,1.0,1.0,1.0,1.0,1.0,1-5 ans,Carrelage,1.0,,1.0,1.0,,,,3.0,1.0,,,,
https://www.mubawab.tn/fr/a/7615816/a-louer-joli-duplex-s3-%C3%A0-la-marsa,A louer joli duplex S3 à la Marsa,Gammarth à La Marsa,3 500 TND,200.0,3.0,,,1.0,,1.0,1.0,1.0,,Appartement,Nouveau,36.89419061966179,10.276233928836064,,3.0,,,1.0,1.0,,1.0,,1.0,1.0,1.0,1.0,1.0,,,,,Moins d'un an,Marbre,1.0,,,1.0,1.0,,Nord,3.0,1.0,,,,
https://www.mubawab.tn/fr/a/7976728/a-louer-bureau-h2-%C3%A0-la-marsa-ville,A louer bureau H2 à La Marsa Ville,La Marsa à La Marsa,1 600 TND,70.0,,,1.0,,,1.0,1.0,1.0,,Appartement,Bon état,36.87638899999999,10.325278000000004,1.0,2.0,70 m²,,1.0,,,,,1.0,1.0,,,,,,,,,,,1.0,,1.0,,,,,,,,,
https://www.mubawab.tn/fr/a/8091636/un-s2-%C3%A0-louer,Un S2 à Louer,La Soukra à La Soukra,2 500 TND,131.0,3.0,,1.0,,,1.0,1.0,1.0,,Appartement,Nouveau,36.883333,10.25,,2.0,,,1.0,,,,,,,,,,,,,,Moins d'un an,,1.0,1.0,,1.0,,2ème,,,,,,,
https://www.mubawab.tn/fr/a/7588305/studio-%C3%A0-louer-%C3%A0-hammamet-centre-villa-studio-nice,Studio à louer à Hammamet centre Villa Studio Nice,Hammamet Nord à Hammamet,150 TND,60.0,2.0,1.0,1.0,,1.0,1.0,,,,Appartement,Bon état,36.40108,10.61457,,,,,1.0,1.0,,,,,,,1.0,,,,,,,,,,,,,,,,,,,,
https://www.mubawab.tn/fr/a/8091638/a-louer-appartement-s3-%C3%A0-ain-zaghouan,A louer Appartement S3 à Ain Zaghouan,Ain Zaghouan Nord à La Marsa,1 400 TND,143.0,3.0,,,,,1.0,1.0,1.0,,Appartement,Bon état,36.876389,10.325278,,4.0,,,1.0,,,,,1.0,,,,,,,,,,,1.0,,,,,,,2.0,,,,,
https://www.mubawab.tn/fr/a/8091599/appartement-s1-meubl%C3%A9-%C3%A0-louer-aux-jardins-de-carthage,Appartement S1 meublé à louer aux Jardins de Carthage,Les Jardins de Carthage à Le Kram,2 400 TND,100.0,,1.0,,,1.0,,,,,Appartement,,36.8555704,10.291834,,,,,1.0,,,,,,,,,,,,,,,,1.0,,,,,,,,,,,,
https://www.mubawab.tn/fr/a/8091445/location-annuelle-d-un-appartement-en-s1,Location annuelle d'un appartement en s1,Cité El Wafa à Nabeul,850 TND,,,1.0,1.0,,1.0,,,,,Appartement,Nouveau,36.45056,10.73505,1.0,,,,,,,,,,,,,,,,,,,,,,,,,,,,,,,,
https://www.mubawab.tn/fr/a/8091397/appartement-s1-meubl%C3%A9-%C3%A0-sidi-bou-said,Appartement S1 meublé à Sidi Bou Said,Sidi Bousaid à Carthage,1 900 TND,80.0,2.0,1.0,1.0,,1.0,,,1.0,,Appartement,Bon état,36.8566,10.3258,,,,,1.0,,,,,1.0,,,,,,,,,,,,,,,,,,,,,,,
https://www.mubawab.tn/fr/a/8091384/ennaser-2-a-louer-app-s1-meubl%C3%A9,Ennaser 2: a louer app s1 meublé,Cité Ennasr 2 à Ariana Ville,1 300 TND,75.0,,1.0,1.0,1.0,1.0,1.0,1.0,1.0,1.0,Appartement,Nouveau,36.8625,10.19556,,,75 m²,75 m²,1.0,,,,,1.0,,,1.0,1.0,1.0,1.0,1.0,,1-5 ans,Marbre,1.0,1.0,,1.0,,,Est,,,,,,
https://www.mubawab.tn/fr/a/8084593/a-louer-appartement-s2-vue-lac-au-lac-2,A louer Appartement S2 vue lac au lac 2,La Marsa,2 900 TND,170.0,,,,,1.0,1.0,,1.0,1.0,Appartement,,36.876389,10.325278,,3.0,,,1.0,,,,,1.0,1.0,,,1.0,,,1.0,,,,1.0,1.0,,,,,,,,,,,
https://www.mubawab.tn/fr/a/7992694/a-louer-s3-meubl%C3%A9-au-lac-1,A louer S3 meublé au lac 1,Les Berges Du Lac 1 à La Marsa,4 800 TND,,3.0,,,,,,,,1.0,Appartement,Nouveau,36.876389,10.325278,,4.0,,,1.0,,,,,,,,1.0,1.0,,,,,1-5 ans,,,,,,,,,2.0,,,,,
https://www.mubawab.tn/fr/a/7517476/penthouse-s4-avec-piscine-au-jardins-de-carthage,Penthouse S4 avec piscine au Jardins de Carthage,Les Jardins de Carthage à Le Kram,5 000 TND,340.0,5.0,,,,,1.0,1.0,1.0,,Appartement,Bon état,36.833333,10.316667,,4.0,,,1.0,,,,,1.0,,,,,,,,,,,1.0,,,,,,,3.0,1.0,,,,
https://www.mubawab.tn/fr/a/8080246/a-louer-villa-s5-%C3%A0-carthage,A louer villa S5 à Carthage,Carthage à Carthage,9 000 TND,650.0,5.0,,,1.0,,,,1.0,,Appartement,Bon état,36.8694317,10.3164051,,6.0,,,,,,,,1.0,,,,,,,,,,,,,,,,,,3.0,1.0,,,,
https://www.mubawab.tn/fr/a/8090478/a-louer-duplex-s2-vide-%C3%A0-la-soukra,A louer Duplex S2 vide à la Soukra,La Soukra à La Soukra,1 900 TND,,,,,,,,,1.0,,Appartement,,36.88833,10.27417,,3.0,,,1.0,,,,,1.0,,,,,,,,,,,1.0,,,,,,,,,,,,
https://www.mubawab.tn/fr/a/8090480/a-louer-appartement-s1-meubl%C3%A9e-aux-jardins-de-carthage,A louer Appartement S1 Meublée aux Jardins de Carthage,Le Kram,1 550 TND,100.0,,,,,,1.0,1.0,1.0,,Appartement,,36.833333,10.316667,,2.0,,,1.0,,,,,,,,,,,,,,,,,,,,,,,,,,,,
https://www.mubawab.tn/fr/a/8091149/etage-de-villa-%C3%A0-louer-%C3%A0-sousse,Etage de villa à louer à Sousse,Sousse Ville à Sousse Ville,1 000 TND,100.0,5.0,,1.0,,,1.0,1.0,,,Appartement,Bon état,35.8273,10.6339,,2.0,,,1.0,,,,,,,,,,,,,,,,,,,,,,,,,,,,
https://www.mubawab.tn/fr/a/8070159/%C3%A0-louer-un-%C3%A9tage-de-villa-aux-jardins-de-carthage,À louer un étage de villa aux jardins de Carthage,Les Jardins de Carthage à Le Kram,2 100 TND,,3.0,,1.0,,,,1.0,1.0,,Appartement,Nouveau,36.833333,10.316667,,4.0,,,1.0,,,,,,1.0,,,,,,,,1-5 ans,,1.0,,,,,,,,,,,,
https://www.mubawab.tn/fr/a/7898964/a-louer-un-s3-meubl%C3%A9-vue-sur-le-lac,A louer un S3 meublé vue sur le lac,Les Berges Du Lac 1 à La Marsa,6 000 TND,180.0,3.0,,1.0,,,1.0,,1.0,1.0,Appartement,Nouveau,36.87638899999999,10.325278000000004,,3.0,,,1.0,1.0,,1.0,1.0,1.0,1.0,1.0,1.0,1.0,1.0,1.0,1.0,,1-5 ans,,,1.0,,1.0,,1er,,,,1.0,,,
https://www.mubawab.tn/fr/a/8091048/louez-cet-appartement-%C3%A0-cit%C3%A9-ennasr-2-3-chambres-porte-blind%C3%A9e-et-chauffage-central,Louez cet appartement à Cité Ennasr 2.3 chambres. Porte blindée et chauffage central,Cité Ennasr 2 à Ariana Ville,2 000 TND,200.0,,,,1.0,1.0,1.0,1.0,,,Appartement,Nouveau,33.88689999999999,9.5375,,3.0,180 m²,60 m²,,,,,1.0,1.0,1.0,1.0,,1.0,,,,,10-20 ans,Marbre,1.0,,,1.0,,,Nord,3.0,,,,,
https://www.mubawab.tn/fr/a/8083907/a-louer-s2-meubl%C3%A9,A louer S2 meublé,Sidi Bousaid à Carthage,3 200 TND,,3.0,,,,1.0,1.0,1.0,1.0,1.0,Appartement,Bon état,36.8566,10.3258,,2.0,1 m²,,1.0,,,,,1.0,1.0,1.0,1.0,1.0,1.0,1.0,1.0,1.0,,,,,,,,,,2.0,,,,,
https://www.mubawab.tn/fr/a/8090187/etage-de-villa-s3-%C3%A0-louer-aux-jardins-de-carthage,Etage de villa S3 à louer aux Jardins de Carthage,Les Jardins de Carthage à Le Kram,1 550 TND,,7.0,,,,,1.0,1.0,1.0,,Appartement,Bon état,36.833333,10.316667,,3.0,,,,,,,,1.0,1.0,1.0,,1.0,,,,,1-5 ans,Marbre,,,,,,,,2.0,,,,,
https://www.mubawab.tn/fr/a/7817704/appartement-s2-haut-standing,Appartement s2 Haut standing,Cité El Wafa à Nabeul,2 000 TND,95.0,3.0,,1.0,,1.0,1.0,1.0,1.0,1.0,Appartement,Nouveau,36.45056,10.73505,,3.0,,,1.0,,,,,1.0,,,1.0,1.0,1.0,,,,Moins d'un an,,1.0,1.0,,1.0,,5ème,,,1.0,,,,
https://www.mubawab.tn/fr/a/8088711/appartement-en-s2-meubl%C3%A9-avec-place-de-parking,Appartement en s2 Meublé avec place de parking,Nabeul à Nabeul,1 200 TND,100.0,2.0,,1.0,,1.0,1.0,1.0,1.0,1.0,Appartement,Nouveau,36.45056,10.73505,,2.0,100 m²,10 m²,1.0,,1.0,1.0,,1.0,,,1.0,1.0,1.0,1.0,,,,,1.0,1.0,,1.0,,,,,,,,,
https://www.mubawab.tn/fr/a/8090980/appartement-s3-avec-vue-d%C3%A9gag%C3%A9e-%C3%A0-la-marsa,Appartement S3 avec vue dégagée à la Marsa,Cité Du Stade à La Marsa,2 800 TND,200.0,4.0,,,,,,,1.0,,Appartement,Bon état,36.876389,10.325278,,4.0,,,1.0,,,,,1.0,,,,,,,,,,,1.0,,,,,,,3.0,,,,,
https://www.mubawab.tn/fr/a/8061650/appartement-pour-employee,Appartement pour employee,Cité Ain Meriem à Bizerte Nord,600 TND,70.0,2.0,,1.0,,1.0,1.0,1.0,1.0,1.0,Appartement,Bon état,37.282790717676,9.859119442029062,,2.0,65 m²,,,,1.0,,1.0,,,,1.0,1.0,1.0,,,,1-5 ans,Carrelage,,,,,,2ème,Nord,,,,,,
https://www.mubawab.tn/fr/a/8090781/appartement-%C3%A0-louer-au-1%C3%A9re-%C3%A9tage-tt-r%C3%A9nov%C3%A9,Appartement à louer au 1ére étage tt rénové,Riadh al Andalous à Ariana Ville,1 300 TND,120.0,3.0,,,,,,1.0,1.0,,Appartement,Bon état,36.8625,10.19556,,3.0,100 m²,6 m²,,,,,,,,,,1.0,,,,,10-20 ans,Carrelage,1.0,,,,,1er,Est,3.0,,,,,
https://www.mubawab.tn/fr/a/8063790/a-louer-un-appartement-en-s2-avec-piscine-%C3%A0-gammar,A louer un appartement en S2 avec piscine à Gammar,Gammarth à La Marsa,5 000 TND,181.0,3.0,,,1.0,1.0,1.0,1.0,1.0,,Appartement,Nouveau,36.876389,10.325278,,2.0,,,1.0,,,,,1.0,1.0,1.0,1.0,1.0,,,,,,,1.0,,,,,,,2.0,1.0,,,,
https://www.mubawab.tn/fr/a/8090269/s2-en-location,S2 en location,La Soukra à La Soukra,2 000 TND,110.0,,,,,1.0,1.0,1.0,,1.0,Appartement,,36.88833,10.27417,,,,,1.0,,,,,1.0,,,1.0,1.0,1.0,1.0,,,,,1.0,1.0,,,,,,,,,,,
https://www.mubawab.tn/fr/a/8085022/s2-en-location,S2 en location,La Marsa à La Marsa,1 250 TND,90.0,,,,1.0,,1.0,1.0,,,Appartement,,36.8941992,10.2762232,,,,,,,,,,1.0,,,,1.0,,,,,,,,1.0,,,,,,,,,,,
https://www.mubawab.tn/fr/a/8085575/s1-en-location,S1 en location,La Marsa à La Marsa,1 500 TND,20.0,,,,,1.0,1.0,1.0,,1.0,Appartement,,36.8941992,10.2762232,,,,,,,,,,,,,1.0,,,1.0,,,,,,,,,,,,,,,,,
https://www.mubawab.tn/fr/a/8082662/appartement-s1-%C3%A0-louer-la-marsa,Appartement S1 à louer La Marsa,La Marsa à La Marsa,1 600 TND,90.0,2.0,1.0,1.0,,,,,1.0,,Appartement,Bon état,36.876389,10.325278,,,,,1.0,,,,,,,,,,,,,,,,,,,,,,,,,,,,
https://www.mubawab.tn/fr/a/8072882/appartement-s2-meubl%C3%A9-%C3%A0-louer-la-marsa,Appartement S2 meublé à louer La Marsa,La Marsa à La Marsa,3 000 TND,120.0,2.0,,1.0,,,,,1.0,,Appartement,Nouveau,36.876389,10.325278,,3.0,,,,,,,,,,,,,,,,,,,,,,,,,,,,,,,
https://www.mubawab.tn/fr/a/8041815/appart-s3-meubl%C3%A9-%C3%A0-la-marsa-corniche,Appart S3 Meublé à la marsa corniche,La Marsa à La Marsa,3 200 TND,,3.0,,1.0,,,,,1.0,,Appartement,Nouveau,36.876389,10.325278,,3.0,,,,,,,,,,,,,,,,,,,,,,,,,,,,,,,
https://www.mubawab.tn/fr/a/8050557/appartement-s1-%C3%A0-louer-%C3%A0-ain-zghouan-nord,Appartement S1 à louer à Ain Zghouan Nord,Ain Zaghouan Nord à La Marsa,1 900 TND,70.0,,1.0,1.0,,,,,,,Appartement,Nouveau,36.876389,10.325278,1.0,,,,,,,,,,,,,,,,,,,,,,,,,,,,,,,,
https://www.mubawab.tn/fr/a/8064528/appartement-s3-%C3%A0-louer-%C3%A0-la-marsa,Appartement S3 à louer à La Marsa,La Marsa à La Marsa,4 200 TND,120.0,3.0,,1.0,,,,,1.0,,Appartement,Nouveau,36.876389,10.325278,,4.0,,,,,,,,,,,,,,,,,,,,,,,,,,,,,,,
https://www.mubawab.tn/fr/a/8071717/maisonette-%C3%A0-louer-sidi-bou-said,Maisonette à louer Sidi Bou Said,Sidi Bousaid à Carthage,2 700 TND,100.0,2.0,,1.0,,,,,,,Appartement,Nouveau,36.8566,10.3258,,3.0,,,,,,,,,,,,,,,1.0,,,,,,,,,,,,,,,,
https://www.mubawab.tn/fr/a/8090028/un-duplex-s3-aux-jardins-de-carthage,Un duplex s3 aux jardins de carthage,Les Jardins de Carthage à Le Kram,3 500 TND,150.0,4.0,,1.0,,,1.0,1.0,1.0,,Appartement,Bon état,36.833333,10.316667,,2.0,,,1.0,,,,1.0,1.0,,1.0,,,,,1.0,1.0,,,1.0,,,,,,,,1.0,,,,
https://www.mubawab.tn/fr/a/8089694/un-appartement-s1-%C3%A0-louer-au-jardins-de-carthage,Un appartement S1 à louer au Jardins de Carthage,Les Jardins de Carthage à Le Kram,1 900 TND,,4.0,1.0,1.0,,,1.0,1.0,1.0,,Appartement,Nouveau,36.833333,10.316667,,,,,,,1.0,,1.0,1.0,1.0,1.0,,1.0,,,,1.0,,Marbre,1.0,1.0,,1.0,,,,,,,,,
https://www.mubawab.tn/fr/a/8039160/s1-meubl%C3%A9-%C3%A0-louer-au-ain-zaghouan-nord,S1 Meublé à Louer au Ain Zaghouan Nord,Les Jardins de Carthage à Le Kram,1 800 TND,,4.0,1.0,1.0,,1.0,1.0,1.0,1.0,1.0,Appartement,Bon état,36.833333,10.316667,,,,,1.0,,1.0,1.0,1.0,1.0,1.0,1.0,1.0,1.0,1.0,1.0,1.0,1.0,1-5 ans,Marbre,1.0,1.0,,,,2ème,,,,,,,
https://www.mubawab.tn/fr/a/8067173/s1-meubl%C3%A9-%C3%A0-louer-au-jardin-de-carthage,S1 Meublé à Louer au Jardin de Carthage,Les Jardins de Carthage à Le Kram,1 900 TND,,2.0,,1.0,,,,,1.0,,Appartement,Bon état,36.833333,10.316667,,2.0,,,,,,,,,,,,,,,,,1-5 ans,,,,,,,,,,,,,,
https://www.mubawab.tn/fr/a/8089733/s1-meubl%C3%A9-%C3%A0-ain-zaghouan-nord-mal3980,S1 meublé à Ain Zaghouan Nord MAL3980,Ain Zaghouan Nord à La Marsa,1 500 TND,,,1.0,1.0,,1.0,1.0,1.0,1.0,,Appartement,Bon état,36.876389,10.325278,1.0,,,,,,,,,,,,,,,,,,,,1.0,1.0,,,,,,,,,,,
https://www.mubawab.tn/fr/a/8089686/s2-en-location,S2 en location,Ksour Essef,350 TND,100.0,,,,,,,,,,Appartement,,35.4318788,10.8357057,,,,,1.0,,,,,,,,,,,,,,,,,,,,,,,,,,,,
https://www.mubawab.tn/fr/a/8089620/appartement-s2-%C3%A0-ennaser-2,Appartement S2 à Ennaser 2,Cité Ennasr 2 à Ariana Ville,1 300 TND,120.0,3.0,,1.0,,,1.0,1.0,1.0,,Appartement,Nouveau,36.8625,10.19556,,2.0,,,1.0,,,,,1.0,1.0,1.0,,1.0,,,,,,,1.0,1.0,,1.0,1.0,,,,,,,,
https://www.mubawab.tn/fr/a/8086841/appartement-s1-aux-jardins-de-carthage,Appartement S1 aux Jardins de Carthage,Les Jardins de Carthage à Le Kram,1 500 TND,85.0,2.0,1.0,1.0,,,,,1.0,,Appartement,Bon état,36.833333,10.316667,,,,,1.0,,,,,1.0,,,,,,,,,,,,,,,,,,,,,,,
https://www.mubawab.tn/fr/a/8089475/location-spacieux-s4-aux-jardins-de-carthage,Location Spacieux S4 aux Jardins de Carthage,Les Jardins de Carthage à Le Kram,2 300 TND,200.0,5.0,,,,1.0,1.0,1.0,1.0,,Appartement,Bon état,36.833333,10.316667,,4.0,,,1.0,,,1.0,,,1.0,1.0,,1.0,,,,,5-10 ans,Marbre,1.0,1.0,,1.0,1.0,2ème,Est,3.0,,,,,
https://www.mubawab.tn/fr/a/8089451/appartement-s3-%C3%A0-ennaser-2,Appartement S3 à Ennaser 2,Cité Ennasr 2 à Ariana Ville,1 350 TND,140.0,4.0,,,,1.0,1.0,1.0,1.0,,Appartement,Nouveau,36.8625,10.19556,,3.0,,,1.0,,,,,,1.0,1.0,,,,,,,,,,1.0,,1.0,1.0,,,2.0,,,,,
https://www.mubawab.tn/fr/a/8089443/appartement-s2-sans-meuble-%C3%A0-louer-hammamet,Appartement S2 sans meuble à louer Hammamet,Hammamet à Hammamet,1 000 TND,,5.0,,1.0,,,1.0,1.0,1.0,,Appartement,Nouveau,36.40108,10.61457,,2.0,,,,,,,,,,1.0,,,,,,,Moins d'un an,,,,,,,,,,,,,,
https://www.mubawab.tn/fr/a/8076234/appartement-s2-%C3%A0-riadh-l-andalous,Appartement S2 à Riadh l'andalous,Riadh al Andalous à Ariana Ville,1 200 TND,130.0,3.0,,,,,1.0,1.0,1.0,,Appartement,Nouveau,36.8625,10.19556,,2.0,,,,,1.0,,,1.0,1.0,1.0,,,,,,,Moins d'un an,Marbre,1.0,1.0,,,1.0,6ème,,2.0,,,,,
https://www.mubawab.tn/fr/a/8048787/s1-%C3%A0-louer-au-jardin-de-carthage,S1 à Louer au Jardin de Carthage,Les Jardins de Carthage à Le Kram,1 300 TND,,4.0,1.0,1.0,1.0,,1.0,1.0,1.0,,Appartement,Bon état,36.833333,10.316667,,,,,,,1.0,1.0,1.0,1.0,1.0,1.0,,1.0,,,1.0,1.0,1-5 ans,Marbre,1.0,1.0,,,,3ème,,,,,,,
https://www.mubawab.tn/fr/a/8069869/a-louer-s3-meubl%C3%A9-au-lac-1,A louer S3 Meublé au Lac 1,La Marsa,2 500 TND,160.0,,,,,1.0,1.0,1.0,1.0,,Appartement,,36.876389,10.325278,,4.0,,,1.0,,,,,,,,,,,,,,,,1.0,,,,,,,,,,,,
https://www.mubawab.tn/fr/a/8088369/a-louer-appartement-s2-meubl%C3%A9-%C3%A0-ain-zaghouan-nord,A louer Appartement S2 Meublé à Ain Zaghouan Nord,Ain Zaghouan Nord à La Marsa,2 500 TND,122.0,2.0,,,,1.0,1.0,1.0,1.0,,Appartement,Nouveau,36.8623859,10.2835035,,3.0,,,1.0,,,,,1.0,,,,,,,,,,,1.0,,,,,,,2.0,,,,,
https://www.mubawab.tn/fr/a/8089183/a-louer-appartement-s2-avec-terrasse-aux-jardin-de-carthage,A louer Appartement S2 avec terrasse aux Jardin de Carthage,Le Kram,2 350 TND,170.0,,,,,,,,,,Appartement,,36.833333,10.316667,,3.0,,,1.0,,,,,1.0,,,,,,,,,,,1.0,,,,,,,,,,,,
https://www.mubawab.tn/fr/a/8049375/s3-en-location,S3 en location,La Marsa,3 500 TND,185.0,,,,,1.0,1.0,1.0,,,Appartement,,36.876389,10.325278,,,,,1.0,,,,,,,,,1.0,,,,,,,1.0,,,,,,,,,,,,
https://www.mubawab.tn/fr/a/8023700/s3-en-location,S3 en location,La Marsa,3 500 TND,160.0,,,,,1.0,1.0,1.0,,,Appartement,,36.876389,10.325278,,,,,1.0,,,,,,,,,1.0,,,,,,,1.0,,,,,,,,,,,,
https://www.mubawab.tn/fr/a/8085226/appartement-s2-meuble-a-gammarth,Appartement s2 meuble a Gammarth,La Marsa à La Marsa,2 500 TND,120.0,2.0,,1.0,,1.0,,,,,Appartement,Nouveau,36.876389,10.325278,,2.0,,,1.0,,,,,,,,,,,,,,,,1.0,,,,,,,,,,,,
https://www.mubawab.tn/fr/a/8085187/magnifique-appartement-s3-a-la-marsa,Magnifique appartement s3 a la Marsa,La Marsa à La Marsa,3 700 TND,200.0,3.0,,1.0,,,,,1.0,,Appartement,Nouveau,36.876389,10.325278,,3.0,,,,,,,,,,,,,,,,,,,1.0,,,,,,,,,,,,
https://www.mubawab.tn/fr/a/8089004/location-bizerte,Location bizerte,Bizerte à Bizerte Nord,200 TND,120.0,4.0,,1.0,,1.0,1.0,,1.0,1.0,Appartement,Bon état,37.272,9.8708,,3.0,,,1.0,,,,,,,,1.0,1.0,,,,,,,,,,,,,,,,,,,
https://www.mubawab.tn/fr/a/8082175/un-appartement-s2-%C3%A0-la-marsa,Un appartement S2 à la Marsa,La Marsa à La Marsa,3 800 TND,120.0,,,1.0,,1.0,1.0,1.0,1.0,1.0,Appartement,Bon état,36.8941992,10.2762232,1.0,2.0,,,1.0,,,1.0,,1.0,,,1.0,1.0,1.0,1.0,,,,,,,,,,,,,,,,,
https://www.mubawab.tn/fr/a/8043181/un-appartement-s2-%C3%A0-la-marsa,Un appartement S2 à la Marsa,La Marsa à La Marsa,3 000 TND,120.0,,,1.0,,1.0,1.0,1.0,1.0,1.0,Appartement,Bon état,36.8941992,10.2762232,1.0,2.0,,,1.0,,,1.0,,1.0,1.0,,1.0,1.0,1.0,,,,,,,,,,1.0,,,,,,,,
https://www.mubawab.tn/fr/a/8088932/bel-appartement-%C3%A0-m%C3%A9grine,Bel appartement à Mégrine,Megrine Jaouhara à Mégrine,1 100 TND,110.0,4.0,,1.0,,,1.0,,,,Appartement,Nouveau,36.6938694,10.2622167,,3.0,100 m²,10 m²,1.0,,,,,,,,,,,,,,Moins d'un an,Carrelage,,,,,,1er,,,,,,,
https://www.mubawab.tn/fr/a/8088850/appartement-%C3%A0-louer-%C3%A0-kantaoui,Appartement à louer à Kantaoui,El Kantaoui à Hammam Sousse,1 000 TND,60.0,3.0,1.0,1.0,,,1.0,,,,Appartement,Bon état,35.8569,10.5972,,,,,1.0,,,,,,,,,,,,,,,,,,,,,,,,1.0,,,,
https://www.mubawab.tn/fr/a/8081958/%C3%A9tage-de-villa-%C3%A0-gammarth-sup%C3%A9rieur,Étage de villa à Gammarth supérieur,La Marsa à La Marsa,3 200 TND,150.0,4.0,,,,,1.0,1.0,,,Appartement,Bon état,36.876389,10.325278,,2.0,,,1.0,1.0,,,,,,,,,,,,,,,,,,,,,,2.0,,,,,
https://www.mubawab.tn/fr/a/8079660/a-louer-une-villa-s6-avec-une-piscine-%C3%A0-gammarth,A louer une villa s6 avec une piscine à Gammarth,Gammarth Supérieur à La Marsa,5 500 TND,,8.0,,,1.0,,,,,,Appartement,Bon état,36.876389,10.325278,,6.0,,,,,,,,,,,,,,,,,,,1.0,,,,,,,2.0,1.0,,,,
https://www.mubawab.tn/fr/a/8017763/a-louer-un-appartement-s1-%C3%A0-ennasr-2,A Louer un appartement S1 à Ennasr 2,Cité Ennasr 2 à Ariana Ville,900 TND,,2.0,1.0,1.0,,,,1.0,,,Appartement,Bon état,36.8625,10.19556,,,,,,,,,,,,,,,,,,,,,,1.0,,,,,,,,,,,
https://www.mubawab.tn/fr/a/8045451/s1-en-location,S1 en location,Carthage à Carthage,1 400 TND,70.0,2.0,1.0,1.0,,1.0,1.0,1.0,,,Appartement,Bon état,36.8694317,10.3164051,,,,,1.0,,,,,,,,,1.0,,,,,,,,,,,,,,,,,,,
https://www.mubawab.tn/fr/a/8088722/un-luxueux-s1-jamais-habiter,Un luxueux S1 jamais habiter,Les Jardins de Carthage à Le Kram,1 600 TND,70.0,2.0,1.0,1.0,,,1.0,1.0,1.0,,Appartement,Nouveau,36.8555704,10.291834,,,85 m²,,1.0,,1.0,1.0,1.0,1.0,1.0,1.0,,1.0,,,,,Moins d'un an,Marbre,1.0,1.0,,1.0,,3ème,Est,,,,,,
https://www.mubawab.tn/fr/a/8063035/a-louer-appartement-s2-meubl%C3%A9-%C3%A0-la-marsa-plage,A louer appartement S2 meublé à la Marsa Plage,La Marsa à La Marsa,2 400 TND,120.0,,,1.0,,1.0,1.0,1.0,1.0,1.0,Appartement,Bon état,36.876389,10.325278,1.0,2.0,120 m²,,1.0,,1.0,1.0,1.0,1.0,,1.0,1.0,1.0,1.0,1.0,,,,,1.0,1.0,,,,,,,,,,,
https://www.mubawab.tn/fr/a/8065823/bon-appartement-%C3%A0-louer-%C3%A0-hammamet-nord,Bon Appartement à LOUER à Hammamet Nord,Hammamet Nord à Hammamet,1 600 TND,120.0,3.0,,1.0,,,1.0,1.0,1.0,1.0,Appartement,Bon état,36.40108,10.61457,,2.0,,,,1.0,1.0,,,,,,1.0,,1.0,,,,,,,,,,,,,,,,,,
https://www.mubawab.tn/fr/a/8036215/appartement-s1-haut-standing-jardin-de-carthage,Appartement s1 haut standing jardin de carthage,Les Jardins de Carthage à Le Kram,1 300 TND,74.0,2.0,1.0,1.0,1.0,1.0,1.0,1.0,,,Appartement,Nouveau,36.833333,10.316667,,,,,,,,,,,,,,1.0,,,,,1-5 ans,Marbre,,1.0,,,,2ème,,,,,,,
https://www.mubawab.tn/fr/a/8070954/joli-appartement-s4-%C3%A0-louer,Joli Appartement S4 à louer,Khezama Est,2 500 TND,220.0,5.0,,,,1.0,1.0,1.0,1.0,1.0,Appartement,Bon état,35.844,10.618753,,4.0,,,1.0,1.0,,,,1.0,,,1.0,1.0,1.0,1.0,,,,,1.0,1.0,,1.0,,,,2.0,1.0,,,,
https://www.mubawab.tn/fr/a/8050665/a-louer-un-s2-aux-jardins-de-carthage,A louer un S2 aux Jardins de Carthage,Les Jardins de Carthage à Le Kram,2 100 TND,120.0,2.0,,1.0,,,,,1.0,,Appartement,Nouveau,36.833333,10.316667,,3.0,,,,,,,,,,,,,,,,,,,,,,,,,,,,,,,
https://www.mubawab.tn/fr/a/8069111/a-louer-un-s-2-aux-jardins-de-carthage,A louer un S 2 aux jardins de Carthage,Les Jardins de Carthage à Le Kram,2 300 TND,140.0,3.0,,,,,1.0,1.0,1.0,,Appartement,Nouveau,36.833333,10.316667,,2.0,,,1.0,,,,,1.0,1.0,1.0,,,,,,,,,1.0,1.0,,,,,,2.0,,,,,
https://www.mubawab.tn/fr/a/8088586/location-appartement-s2-pr%C3%A8s-de-la-plage,Location appartement s2 près de la plage,Salambo à Carthage,2 200 TND,160.0,,,,,,1.0,1.0,1.0,,Appartement,Nouveau,36.50218,10.19079,1.0,2.0,125 m²,,1.0,1.0,,,,,,,,,,,,,,,,,,,,,,2.0,,,,,
https://www.mubawab.tn/fr/a/8088534/location-appartement-s3-pr%C3%A8s-de-la-plage,Location appartement S3 près de la plage,Salambo à Carthage,2 700 TND,160.0,,,,,,1.0,1.0,1.0,,Appartement,Nouveau,36.50217999999999,10.19079,1.0,3.0,125 m²,,1.0,,,,,,,,,,,,,,,,,,,,,,,2.0,,,,,
https://www.mubawab.tn/fr/a/8079783/location-s2-de-haute-standing,Location S2 de haute standing,Les Jardins de Carthage à Le Kram,2 200 TND,140.0,3.0,,1.0,,,1.0,1.0,1.0,,Appartement,Bon état,36.833333,10.316667,,2.0,,,1.0,,,,1.0,1.0,1.0,1.0,,,,,,,5-10 ans,Marbre,1.0,1.0,,1.0,,3ème,Nord,,,,,,
https://www.mubawab.tn/fr/a/8088489/location-appartement-s2,Location appartement s2,Les Jardins de Carthage à Le Kram,1 690 TND,160.0,,,,1.0,1.0,1.0,1.0,1.0,,Appartement,Bon état,36.8555704,10.291834,1.0,2.0,130 m²,,1.0,,,,,,,,,,,,,,,,1.0,1.0,,,,,,2.0,,,,,
https://www.mubawab.tn/fr/a/8012757/appartement-%C3%A0-louer-%C3%A0-hergla,Appartement à louer à Hergla,Hergla,1 100 TND,76.0,4.0,1.0,1.0,1.0,1.0,1.0,,1.0,,Appartement,Bon état,36.0301,10.5079,,,,,1.0,1.0,,,,,,,,,,,,,,,,,,,,,,,1.0,,,,
https://www.mubawab.tn/fr/a/8088372/appartement-bien-meubl%C3%A9-en-s1-%C3%A0-louer,Appartement bien meublé en S1 à louer,Hammamet à Hammamet,1 000 TND,,,1.0,1.0,,1.0,,,,,Appartement,Nouveau,36.40108,10.61457,1.0,,,,1.0,,,,,,,,,,,,,,,,,1.0,,,,,,,,,,,
https://www.mubawab.tn/fr/a/7599547/a-louer-luxueux-s1-avec-jardin-la-marsa,"A louer luxueux S1 avec Jardin, La Marsa",Cité Du Stade à La Marsa,1 480 TND,65.0,2.0,1.0,1.0,,,1.0,1.0,1.0,,Appartement,Nouveau,36.833333,10.316667,,,,,1.0,,1.0,1.0,1.0,1.0,1.0,1.0,,1.0,,,,,Moins d'un an,Marbre,1.0,1.0,,1.0,,,,,,,,,
https://www.mubawab.tn/fr/a/8088332/appartement-s4-%C3%A0-louer-aux-berges-du-lac-2,Appartement S4 à louer aux berges du lac 2,Les Berges Du Lac 2 à La Marsa,4 500 TND,230.0,,,,,,,,1.0,,Appartement,,36.8468986,10.2641808,,4.0,,,1.0,,,,,1.0,,,,,,,,,,,1.0,,,,,,,,,,,,
https://www.mubawab.tn/fr/a/8088330/appartement-s3-aux-berges-du-lac-2,Appartement S3 aux berges du lac 2,Les Berges Du Lac 2 à La Marsa,3 500 TND,160.0,,,,,,,,1.0,,Appartement,,36.8468986,10.2641808,,3.0,,,1.0,,,,,1.0,,,,,,,,,,,1.0,,,,,,,,,,,,
https://www.mubawab.tn/fr/a/8088279/superbe-appartement-%C3%A0-louer-%C3%A0-raoued-1-pi%C3%A8ce-air-conditionn%C3%A9,Superbe appartement à louer à Raoued. 1 Pièce. Air conditionné,Raoued à Raoued,700 TND,90.0,,,1.0,,,1.0,,,,Appartement,Nouveau,36.954444,10.191389,1.0,2.0,,,,,,,,,,,,,,,,,Moins d'un an,,,,,,,3ème,,,,,,,
https://www.mubawab.tn/fr/a/8088223/s3-ain-saghouen-nord,S3 ain saghouen nord,Ain Zaghouan Nord à La Marsa,1 800 TND,220.0,,,,,,1.0,1.0,1.0,,Appartement,Bon état,36.86238589999999,10.283503500000002,,3.0,200 m²,220 m²,1.0,,1.0,,1.0,1.0,1.0,1.0,,1.0,,,1.0,1.0,1-5 ans,Marbre,,,,,1.0,1er,Nord,2.0,,,,,
https://www.mubawab.tn/fr/a/8088200/studio-cosy-marsa-plage,Studio cosy marsa plage,Sidi Bousaid à Carthage,1 650 TND,75.0,,1.0,1.0,,1.0,1.0,1.0,1.0,1.0,Appartement,Nouveau,36.88017635056443,10.33299097288388,,,75 m²,20 m²,1.0,,1.0,1.0,1.0,,,1.0,1.0,1.0,1.0,,1.0,,Moins d'un an,,1.0,,,,1.0,18ème,Nord,,,,,,
https://www.mubawab.tn/fr/a/8088176/locations3-meubl%C3%A9-au-lac-2-avec-terrasse,LocationS3 meublé au lac 2 avec terrasse,Les Berges Du Lac 2 à La Marsa,3 800 TND,185.0,,,,,,1.0,1.0,1.0,1.0,Appartement,Bon état,36.84512199187816,10.275212671048644,,3.0,,,1.0,,,,,1.0,1.0,1.0,1.0,1.0,1.0,,1.0,,5-10 ans,Marbre,1.0,1.0,,1.0,1.0,2ème,Est,3.0,,,,,
https://www.mubawab.tn/fr/a/8087840/a-louer-un-appartement-en-s2-avec-garage-et-piscin,A louer un appartement en S2 avec garage et piscin,Hammamet à Hammamet,1 400 TND,,2.0,,1.0,,,,,,,Appartement,Nouveau,36.40108,10.61457,,2.0,,,,,,,,,,,,,,,,,,,1.0,,,,,,,,1.0,,,,
https://www.mubawab.tn/fr/a/8088153/location-appartement-s1-vide-ennasr-2-neuf,Location appartement s1 vide ennasr 2 neuf,Cité Ennasr 2 à Ariana Ville,1 200 TND,70.0,2.0,1.0,1.0,,,1.0,1.0,1.0,,Appartement,Nouveau,36.8625,10.19556,,,,,1.0,,1.0,,1.0,1.0,1.0,1.0,,1.0,,,,,,,1.0,1.0,,1.0,,,,,,,,,
https://www.mubawab.tn/fr/a/8018497/a-louer-appartement-meubl%C3%A9e-au-14-janvier-bizerte,A Louer Appartement Meublée au 14 Janvier Bizerte,Bizerte à Bizerte Nord,900 TND,80.0,3.0,,,,,,,,,Appartement,,37.1303,9.7506777,,2.0,,,1.0,,,,,,,,,,,,,,,,,,,,,,,,,,,,
https://www.mubawab.tn/fr/a/8012746/coquet-s1-meubl%C3%A9-au-lac-2,Coquet S1 Meublé au Lac 2,Les Berges Du Lac 2 à La Marsa,2 500 TND,79.0,2.0,1.0,1.0,,1.0,1.0,1.0,1.0,1.0,Appartement,Bon état,36.876389,10.325278,,,,,1.0,,,1.0,1.0,,1.0,1.0,1.0,1.0,1.0,1.0,1.0,,5-10 ans,Marbre,1.0,1.0,,1.0,,2ème,Est,,,,,,
https://www.mubawab.tn/fr/a/8070940/location-annuelle-s1-%C3%A0-dkhila-monastir,Location Annuelle S1 à Dkhila Monastir,Zone Touristique à Monastir Ville,1 500 TND,60.0,2.0,1.0,1.0,,1.0,1.0,1.0,1.0,1.0,Appartement,Bon état,35.7678,10.8225,,,,,1.0,,,,,1.0,1.0,,1.0,1.0,1.0,1.0,1.0,,,,1.0,1.0,,,,,,,1.0,,,,
https://www.mubawab.tn/fr/a/8087580/appartement-s2-avec-vue-sur-mer,Appartement S2 avec vue sur mer,Gammarth à La Marsa,3 500 TND,100.0,3.0,,,,,1.0,1.0,1.0,,Appartement,Bon état,36.876389,10.325278,,2.0,,,1.0,,,,,,,,,,,,,,,,,,,,,,,2.0,,,,,
https://www.mubawab.tn/fr/a/8070881/location-annuelle-s2-%C3%A0-tantana,Location Annuelle S2 à Tantana,Tantana,1 100 TND,67.0,3.0,,1.0,,1.0,1.0,1.0,1.0,,Appartement,Bon état,35.94312,10.52022,,2.0,,,1.0,,,,,1.0,1.0,1.0,1.0,1.0,1.0,,1.0,,,,1.0,,,1.0,,2ème,,,1.0,,,,
https://www.mubawab.tn/fr/a/8087759/location-annuelle-d-un-appartement-%C3%A9tage-de-villa,Location annuelle d'un appartement étage de villa,Hammamet à Hammamet,850 TND,,2.0,,1.0,,,,,,,Appartement,Nouveau,36.40108,10.61457,,2.0,,,,,,,,,,,,,,,,,,,,,,,,,,,,,,,
https://www.mubawab.tn/fr/a/8087658/a-louer-un-appartement-s2-%C3%A0-menzah-9c,A louer un appartement S2 à Menzah 9c,El Menzah 9 à El Menzah,1 200 TND,100.0,3.0,,1.0,,,1.0,1.0,1.0,,Appartement,Nouveau,36.845235,10.164723,,2.0,,,,,,,,1.0,1.0,1.0,,,,,,,,Marbre,1.0,1.0,,1.0,1.0,,,,,,,,
https://www.mubawab.tn/fr/a/8082047/un-bel-appartement-richement-meubl%C3%A9,Un bel appartement richement meublé,Les Berges Du Lac 1 à La Marsa,1 900 TND,100.0,2.0,1.0,1.0,,1.0,1.0,1.0,1.0,,Appartement,Bon état,36.876389,10.325278,,,90 m²,1900 m²,,,,1.0,,,,,,,,,,,10-20 ans,Marbre,,,,,,,,,,,,,
https://www.mubawab.tn/fr/a/8072885/location-s1-meubl%C3%A9-%C3%A0-la-goulette,Location S1 meublé à La Goulette,La Nouvelle Goulette à La Goulette,1 300 TND,85.0,2.0,1.0,1.0,,1.0,1.0,1.0,1.0,1.0,Appartement,Nouveau,36.818056,10.305,,,70 m²,15 m²,1.0,,1.0,,1.0,1.0,1.0,1.0,1.0,1.0,1.0,,,1.0,1-5 ans,Marbre,,1.0,,1.0,,3ème,Est,,,,,,
https://www.mubawab.tn/fr/a/8087608/a-louer-appartement-s2-%C3%A0-boumhel,A louer appartement s2 à Boumhel,Bou Mhel à Boumhel Bassatine,900 TND,100.0,3.0,,1.0,,,,1.0,,,Appartement,Nouveau,36.57724,10.34246,,2.0,,,1.0,,,,,,,,,,,,,,,,,,,,,,,,,,,,
https://www.mubawab.tn/fr/a/8042980/s1-en-location,S1 en location,La Goulette à La Goulette,1 200 TND,60.0,2.0,1.0,1.0,,1.0,1.0,1.0,,,Appartement,Bon état,36.8236219,10.2810303,,,,,,,,,,1.0,,,,,,,,,,,,1.0,,,,,,,,,,,
https://www.mubawab.tn/fr/a/8087505/appartement-s1-richement-meubl%C3%A9-%C3%A0-louer-aux-jardins-de-carthage,Appartement S1 richement meublé à louer aux Jardins de Carthage,Les Jardins de Carthage à Le Kram,2 500 TND,,,1.0,,,1.0,,,,,Appartement,,36.8555704,10.291834,,,,,1.0,,,,,1.0,,,,,,,,,,,1.0,,,,,,,,,,,,
https://www.mubawab.tn/fr/a/8087256/s3-%C3%A0-louer,S3 à louer,Zéramdine,450 TND,130.0,4.0,,1.0,,,,,,,Appartement,Nouveau,35.58,10.73,,3.0,130 m²,,1.0,,,,,,1.0,,,,,,,,Moins d'un an,Carrelage,,,,,,1er,Est,,,,,,
https://www.mubawab.tn/fr/a/8012720/appartement-s1-%C3%A0-louer-%C3%A0-ariana,Appartement S1 à louer à ariana,Cité Ennkhilet à Raoued,1 100 TND,80.0,,,1.0,,,,,,,Appartement,Nouveau,36.954444,10.191389,1.0,2.0,,,,,,,,,,,,,,,,,,,,,,,,,,,,,,,
https://www.mubawab.tn/fr/a/8084582/location-ennasr-s3-haut-standing-terrasse-degag%C3%A9e,Location ennasr s3 haut standing terrasse degagée,Cité Ennasr 1 à Ariana Ville,3 000 TND,185.0,5.0,,,,,1.0,1.0,1.0,,Appartement,Bon état,36.8625,10.19556,,3.0,185 m²,,1.0,,,,,,,,1.0,1.0,,,,,10-20 ans,Marbre,1.0,1.0,,1.0,,6ème,Est,3.0,,,,,
https://www.mubawab.tn/fr/a/8072880/a-louer-%C3%A0-l%E2%80%99ann%C3%A9e-%C3%A0-hammamet-un-joli-duplex-s2,A louer à l’année à Hammamet un joli duplex S2,Hammamet à Hammamet,1 700 TND,,3.0,,1.0,,,,,,,Appartement,Bon état,36.40108,10.61457,,2.0,101 m²,,1.0,,,,,,,,,,,,,,,,,,,,,,,,1.0,,,,
https://www.mubawab.tn/fr/a/7728334/un-beau-s2-meuble-au-lac-i,Un beau S2 meuble au lac I,Les Berges Du Lac 1 à La Marsa,2 200 TND,120.0,3.0,,,,1.0,1.0,1.0,1.0,,Appartement,Bon état,36.876389,10.325278,,2.0,,,1.0,,,1.0,,,,,,,,,,,5-10 ans,Marbre,1.0,1.0,,,,2ème,,2.0,,,,,
https://www.mubawab.tn/fr/a/8086915/location-d-un-magnifique-appartement,Location d'un magnifique appartement,Monastir Ville à Monastir Ville,1 500 TND,60.0,3.0,,1.0,,1.0,1.0,,1.0,,Appartement,Bon état,35.7678,10.8225,,2.0,,,,,,,,,,1.0,,,,,,,,,1.0,,,,,,,,,,,,
https://www.mubawab.tn/fr/a/8086911/location-appartement-s2-bord-de-la-marina,Location Appartement S2 Bord de la Marina,Monastir Ville à Monastir Ville,1 500 TND,55.0,3.0,,1.0,,1.0,1.0,,1.0,,Appartement,Bon état,35.7678,10.8225,,2.0,,,1.0,,,,,,,,,,,,,,,,1.0,,,,,,,,,,,,
https://www.mubawab.tn/fr/a/8086903/tres-beau-s3-au-lac2,Tres beau s3 au lac2,Les Berges Du Lac 2 à La Marsa,2 400 TND,180.0,4.0,,,1.0,,,,,,Appartement,Nouveau,36.876389,10.325278,,2.0,,,,,,,,,,,,,,,,,,,1.0,,,,,,,2.0,,,,,
https://www.mubawab.tn/fr/a/8084392/s3-en-location,S3 en location,Carthage à Carthage,1 600 TND,120.0,4.0,,,,,1.0,1.0,1.0,,Appartement,Bon état,36.8694317,10.3164051,,3.0,,,1.0,,,,,,1.0,,1.0,,,1.0,,,,,,,,,,,Sud,2.0,,,,,
https://www.mubawab.tn/fr/a/8086894/un-appartement-s2-meubl%C3%A9-aux-berges-lac-1,Un appartement s2 meublé aux berges lac 1,Les Berges Du Lac 1 à La Marsa,2 500 TND,100.0,3.0,,1.0,1.0,1.0,,1.0,1.0,1.0,Appartement,Bon état,36.876389,10.325278,,2.0,,,,,,,1.0,1.0,,1.0,1.0,1.0,1.0,1.0,1.0,1.0,,,1.0,,,,,,,,,,,,
https://www.mubawab.tn/fr/a/8019034/appartement-%C3%A0-louer-%C3%A0-kantaoui,Appartement à louer à kantaoui,El Kantaoui à Hammam Sousse,1 500 TND,90.0,6.0,,1.0,,,,,,,Appartement,Bon état,35.8569,10.5972,,2.0,,,1.0,1.0,,,,,,,,,,,,,,,,,,,,,,,,,,,
https://www.mubawab.tn/fr/a/8084713/un-s2-%C3%A0-louer-au-jardin-de-carthage,Un S2 à Louer au Jardin de Carthage,Les Jardins de Carthage à Le Kram,1 700 TND,,5.0,,1.0,,,1.0,1.0,1.0,,Appartement,Bon état,36.833333,10.316667,,2.0,,,1.0,,1.0,,1.0,1.0,1.0,1.0,,,,,,1.0,Moins d'un an,Marbre,1.0,1.0,,1.0,,1er,,,,,,,
https://www.mubawab.tn/fr/a/8086807/appartement-s1-meubl%C3%A9-aux-jardins-de-carthage,Appartement S1 meublé aux Jardins de Carthage,Les Jardins de Carthage à Le Kram,2 500 TND,100.0,2.0,1.0,1.0,,,,,,,Appartement,Bon état,36.833333,10.316667,,,,,1.0,,,,,1.0,,,,,,,,,,,1.0,,,,,,,,1.0,,,,
https://www.mubawab.tn/fr/a/8086787/app-s2-de-tr%C3%A8s-haut-standing-140-m2,App. S2 de très haut standing 140 m2,Chotrana 1 à La Soukra,1 400 TND,140.0,3.0,,1.0,,,1.0,1.0,1.0,,Appartement,Nouveau,36.883333,10.25,,2.0,140 m²,140 m²,1.0,,1.0,,,1.0,,1.0,,1.0,,,,,5-10 ans,Marbre,1.0,1.0,,1.0,,2ème,Nord,,,,,,
https://www.mubawab.tn/fr/a/8086676/tr%C3%A8s-belle-appartement-cit%C3%A9-olympique,Très belle appartement Cité Olympique,Cité Olympique à Cité El Khadra,1 250 TND,86.0,3.0,,1.0,,1.0,1.0,1.0,,1.0,Appartement,Bon état,36.8359851,10.1911249,,3.0,76 m²,,1.0,,,,1.0,,,1.0,1.0,1.0,1.0,1.0,,,,Carrelage,,,,,,4ème,,,,,,,
https://www.mubawab.tn/fr/a/8078545/un-appartement-s3-%C3%A0-la-marsa,Un appartement S3 à la Marsa,La Marsa à La Marsa,3 700 TND,160.0,,,,1.0,,1.0,1.0,1.0,,Appartement,Bon état,36.8941992,10.2762232,1.0,3.0,,,1.0,,,1.0,,1.0,,1.0,,,,,,,,,1.0,,,,,,,2.0,,,,,
https://www.mubawab.tn/fr/a/8071134/un-appartement-s3-vide-a-la-marsa,Un appartement S3 vide a la Marsa,La Marsa à La Marsa,2 500 TND,150.0,,,,1.0,,1.0,1.0,1.0,,Appartement,Bon état,36.8941992,10.2762232,1.0,3.0,,,1.0,,,,,1.0,,,,,,,,,,,1.0,,,1.0,,,,2.0,,,,,
https://www.mubawab.tn/fr/a/8057797/appartement-s3-%C3%A0-louer-aux-berges-du-lac-2,Appartement S3 à louer aux Berges Du Lac 2,Les Berges Du Lac 2 à La Marsa,3 200 TND,180.0,4.0,,,,,,,1.0,,Appartement,Bon état,36.8468986,10.2641808,,3.0,,,1.0,,,,,1.0,,,,,,,,,,,1.0,,,,,,,3.0,,,,,
https://www.mubawab.tn/fr/a/8036869/a-louer-s3-meubl%C3%A9-aux-jardin-d-el-menzah,A louer s3 meublé aux jardin d el menzah,Les Jardins d'El Menzah 2 à Ariana Ville,1 900 TND,150.0,4.0,,,,1.0,1.0,1.0,1.0,1.0,Appartement,Nouveau,36.8625,10.19556,,3.0,,,,,1.0,1.0,1.0,1.0,1.0,1.0,1.0,1.0,1.0,1.0,1.0,1.0,5-10 ans,Marbre,1.0,1.0,1.0,1.0,1.0,2ème,Ouest,2.0,,,,,
https://www.mubawab.tn/fr/a/7897089/appartement-sans-meubles-et-vue-mer-%C3%A0-louer,Appartement sans meubles et vue mer à louer,Hammamet à Hammamet,600 TND,,3.0,,1.0,,,,,1.0,,Appartement,Bon état,36.40108,10.61457,,2.0,,,1.0,1.0,,,,,1.0,1.0,,,,,,,,,,,1.0,,,3ème,Sud,,,,,,
https://www.mubawab.tn/fr/a/8086414/a-louer-coquet-appartement-s1-haut-standing-neuf,A louer coquet appartement S1 haut standing neuf,Nouvelle Medina à Nouvelle Medina,650 TND,65.0,,1.0,1.0,,,,1.0,1.0,,Appartement,Nouveau,36.78898,10.18348,1.0,,,,1.0,,,,,,,,,,,,,,,,,,,,,,,,,,,,
https://www.mubawab.tn/fr/a/8083934/appartement-s1-neuf-aux-jardins-de-carthage,Appartement S1 neuf aux Jardins de Carthage,Les Jardins de Carthage à Le Kram,1 700 TND,85.0,2.0,1.0,1.0,1.0,,,,1.0,,Appartement,Bon état,36.833333,10.316667,,,,,,,,,,1.0,,,,,,,,,,,1.0,,,,,,,,,,,,
https://www.mubawab.tn/fr/a/8070358/s2-%C3%A0-louer-%C3%A0-nabeul,S2 à louer à Nabeul,Neapolis à Nabeul,1 000 TND,110.0,3.0,,1.0,,,1.0,1.0,1.0,,Appartement,Nouveau,36.45056,10.73505,,2.0,110 m²,,1.0,,,,,,,,,,,,,,,,,,,,,,,,,,,,
https://www.mubawab.tn/fr/a/8054409/rez-de-chauss%C3%A9e-%C3%A0-louer-%C3%A0-hammem-sousse,Rez de chaussée à louer à Hammem Sousse,Cité de la Plage à Hammam Sousse,1 000 TND,100.0,5.0,,1.0,,1.0,1.0,,1.0,,Appartement,Bon état,35.8569,10.5972,,2.0,,,1.0,,,,,,,,,,,,,,,,,,,,,,,,,,,,
https://www.mubawab.tn/fr/a/8032979/appartement-%C3%A0-louer-%C3%A0-chott-meriem,Appartement à louer à Chott Meriem,Chott Meriem à Akouda,1 300 TND,90.0,5.0,,1.0,,1.0,1.0,1.0,1.0,,Appartement,Bon état,35.87,10.57,,2.0,,,1.0,,,,,,,,,,,,,,,,,,,,,,,,,,,,
https://www.mubawab.tn/fr/a/8076459/appartement-%C3%A0-louer-%C3%A0-kantaoui,Appartement à louer à Kantaoui,El Kantaoui à Hammam Sousse,1 200 TND,90.0,5.0,,1.0,,,1.0,1.0,1.0,,Appartement,Bon état,35.8569,10.5972,,2.0,,,,,,,,,,,,,,,,,,,1.0,,,,1.0,,,,,,,,
https://www.mubawab.tn/fr/a/7898339/appartement-s2-meubl%C3%A9-avec-vue-sur-mer-gammarth,"Appartement S2 meublé avec vue sur mer, Gammarth",Gammarth Supérieur à La Marsa,3 500 TND,120.0,3.0,,,,1.0,1.0,1.0,1.0,1.0,Appartement,Nouveau,36.876389,10.325278,,2.0,,,1.0,1.0,,,,1.0,1.0,,1.0,1.0,1.0,1.0,,,1-5 ans,Marbre,,,,1.0,,1er,,3.0,,,,,
https://www.mubawab.tn/fr/a/7791279/location-annuelle-s2-a-hammamet,Location annuelle S2 a Hammamet,Hammamet Sud à Hammamet,1 800 TND,150.0,3.0,,,,1.0,,,,,Appartement,Nouveau,36.40108,10.61457,,2.0,,,1.0,,,,,,,,,,,,,,,,,1.0,,1.0,,,,2.0,,,,,
https://www.mubawab.tn/fr/a/8086234/appartement,Appartement,Megrine Coteau à Mégrine,1 600 TND,188.0,6.0,,1.0,,,1.0,1.0,1.0,,Appartement,Nouveau,36.6938694,10.2622167,,4.0,188 m²,188 m²,1.0,,,,,1.0,,,,1.0,,,,,Moins d'un an,,1.0,,,,,2ème,Sud,,,,,,
https://www.mubawab.tn/fr/a/8033057/appartement-s2-meubl%C3%A9-%C3%A0-l-aouina,Appartement s2 meublé à l'aouina,Aouina à La Marsa,1 600 TND,120.0,3.0,,1.0,,1.0,1.0,,1.0,,Appartement,Bon état,36.876389,10.325278,,2.0,98 m²,70 m²,1.0,,,,,,,,,,,,,,1-5 ans,,1.0,1.0,,1.0,,,,,,,,,
https://www.mubawab.tn/fr/a/8055914/etage-de-villa-%C3%A0-louer-%C3%A0-khezema,Etage de villa à louer à Khezema,Khezama Ouest,1 300 TND,100.0,4.0,,1.0,,,1.0,1.0,,,Appartement,Bon état,35.7218,10.6179,,2.0,,,1.0,,,,,,,,,,,,,,,,,,,,,,,,,,,,
https://www.mubawab.tn/fr/a/8086181/a-louer-un-appartement-s1-a-cit%C3%A9-what-laouina,A louer un appartement s1 a cité what laouina,Cité Les Pins à La Marsa,1 000 TND,70.0,,1.0,1.0,,,1.0,1.0,1.0,,Appartement,Bon état,36.876389,10.325278,1.0,,70 m²,70 m²,1.0,,,,,,,,,,,,,,1-5 ans,,,1.0,,,,5ème,Nord,,,,,,
https://www.mubawab.tn/fr/a/8086160/appartement-s2-meubl%C3%A9-%C3%A0-louer,Appartement S2 Meublé à Louer,Cité de la Plage à Hammam Sousse,1 200 TND,90.0,3.0,,1.0,,1.0,1.0,1.0,1.0,,Appartement,Bon état,35.8569,10.5972,,2.0,,,1.0,,,,,1.0,,,,,,,,,,,,1.0,,,,4ème,,,,,,,
https://www.mubawab.tn/fr/a/8086159/%C3%A0-louer-appartement-s4-haut-standing-ennaser2,À Louer: Appartement S4 Haut Standing Ennaser2,Cité Ennasr 2 à Ariana Ville,3 500 TND,100.0,4.0,,,,,1.0,1.0,1.0,,Appartement,Nouveau,36.8625,10.19556,,3.0,,,,,1.0,,,,,,,1.0,,1.0,,,,,1.0,,,,,,,2.0,,,,,
https://www.mubawab.tn/fr/a/8073527/duplex-s3-haut-standing-avec-jardin,Duplex S3 haut standing avec jardin,Chotrana 1 à La Soukra,2 800 TND,220.0,6.0,,,1.0,1.0,1.0,1.0,1.0,1.0,Appartement,Bon état,36.89654399999999,10.217961000000004,,4.0,190 m²,110 m²,1.0,,1.0,1.0,1.0,1.0,1.0,1.0,1.0,1.0,,1.0,,,5-10 ans,Marbre,,,,,1.0,,Ouest,3.0,,,,,
https://www.mubawab.tn/fr/a/8086005/duplex-s3-avec-piscine-%C3%A0-ain-zaghouan-nord,Duplex S3 avec piscine à Ain Zaghouan Nord,Ain Zaghouan Nord à La Marsa,6 000 TND,210.0,6.0,,,1.0,1.0,1.0,1.0,1.0,,Appartement,Nouveau,36.876389,10.325278,,3.0,,,1.0,,1.0,1.0,1.0,1.0,1.0,1.0,1.0,1.0,,1.0,1.0,,Moins d'un an,,1.0,1.0,1.0,1.0,1.0,,,3.0,1.0,,,,
https://www.mubawab.tn/fr/a/8023073/s2-en-location,S2 en location,Les Berges Du Lac 1 à La Marsa,2 900 TND,100.0,,,,,1.0,1.0,1.0,,1.0,Appartement,,36.8355152,10.2241758,,,,,1.0,,,,,1.0,,,1.0,1.0,,,,,,,1.0,,,,,,,,,,,,
https://www.mubawab.tn/fr/a/8085840/%C3%A0-louer-s3,À louer s3,La Soukra à La Soukra,1 200 TND,130.0,4.0,,1.0,,,1.0,1.0,1.0,,Appartement,Bon état,36.88833,10.27417,,3.0,100 m²,,1.0,,1.0,,1.0,,1.0,,,1.0,,,,,5-10 ans,Marbre,,1.0,1.0,1.0,1.0,4ème,Est,,,,,,
https://www.mubawab.tn/fr/a/8020185/location-etage-de-villa-vue-mer-meubl%C3%A9-%C3%A0-carthage,Location Etage de Villa vue Mer meublé à Carthage,Salambo à Carthage,3 500 TND,120.0,3.0,,1.0,,1.0,,1.0,1.0,1.0,Appartement,Nouveau,36.8566,10.3258,,2.0,,,1.0,1.0,1.0,1.0,,,,1.0,1.0,1.0,1.0,1.0,,1.0,1-5 ans,Marbre,,,,,,1er,,,,,,,
https://www.mubawab.tn/fr/a/8085675/parfait-pour-jeune-couple-2p-parking,"Parfait pour jeune couple, 2p parking",Ain Zaghouan Sud à La Marsa,1 550 TND,112.0,4.0,,1.0,,,1.0,1.0,1.0,,Appartement,Nouveau,36.87371126314534,10.32519216931152,,2.0,,,1.0,,,,1.0,1.0,1.0,,,1.0,,,,,Moins d'un an,Marbre,1.0,1.0,,,,4ème,Est,,,,,,
https://www.mubawab.tn/fr/a/8066419/a-louer-un-tr%C3%A8s-bel-appartement-tout-neuf-en-plein-c%C5%93ur-la-marsa,A louer un très bel appartement tout neuf en plein cœur la marsa,La Marsa à La Marsa,2 500 TND,110.0,,,,,,1.0,1.0,1.0,,Appartement,Nouveau,36.8941992,10.2762232,,2.0,,,1.0,,,,,1.0,1.0,1.0,,,,,,,1-5 ans,Marbre,1.0,,,1.0,,1er,Est,2.0,,,,,
https://www.mubawab.tn/fr/a/8085586/maison-a-louer,Maison a louer,Sidi El Mahrsi à Nabeul,Prix à consulter,100.0,3.0,,1.0,,1.0,1.0,1.0,1.0,1.0,Appartement,Bon état,36.45056,10.73505,,2.0,100 m²,40 m²,,,,,,1.0,,1.0,1.0,1.0,1.0,1.0,1.0,1.0,1-5 ans,Parquet,,,,,,,Nord,,,,,,
https://www.mubawab.tn/fr/a/8085568/s3-en-location,S3 en location,Gammarth à La Marsa,1 500 TND,110.0,4.0,,,,,,1.0,,,Appartement,Bon état,36.917739,10.288893,,3.0,,,1.0,,,,,,,,,,,,,,1-5 ans,Parquet,,,,,,,Sud,2.0,,,,,
https://www.mubawab.tn/fr/a/8036062/appartement-%C3%A0-louer-%C3%A0-kantaoui,Appartement à louer à Kantaoui,El Kantaoui à Hammam Sousse,1 200 TND,120.0,5.0,,1.0,,,,,,,Appartement,Nouveau,35.8569,10.5972,,2.0,,,1.0,1.0,,,,,,,,,,,,,,,,,,,,,,,,,,,
https://www.mubawab.tn/fr/a/8059095/etage-de-villa-s2-meuble-vue-sur-mer-a-la-marsa,Etage de villa s2 meuble vue sur mer a la Marsa,La Marsa à La Marsa,4 000 TND,120.0,,,1.0,1.0,1.0,1.0,1.0,1.0,1.0,Appartement,Bon état,36.876389,10.325278,,2.0,80 m²,,1.0,1.0,,,,,,,1.0,1.0,1.0,1.0,,,,,1.0,,,,,1er,,,,,,,
https://www.mubawab.tn/fr/a/8085202/appartement-s1-confortable-%C3%A0-la-marsa,Appartement S1 confortable à La Marsa,La Marsa à La Marsa,1 600 TND,80.0,,,1.0,,1.0,,,1.0,,Appartement,Nouveau,36.876389,10.325278,1.0,2.0,,,,,,,,,,,,,,,,,,,1.0,,,,,,,,,,,,
https://www.mubawab.tn/fr/a/8069457/a-louer-un-%C3%A9tage-de-villa-%C3%A0-cit%C3%A9-des-juges-la-mars,A louer un étage de villa à cité des Juges La Mars,Cité des Juges à La Marsa,1 350 TND,220.0,5.0,,,,1.0,1.0,1.0,,,Appartement,Bon état,36.876389,10.325278,,3.0,180 m²,60 m²,,,,,,,,,,,,,,,,,1.0,,,,,,,2.0,,,,,
https://www.mubawab.tn/fr/a/8083056/s1-en-location,S1 en location,Carthage à Carthage,1 550 TND,70.0,2.0,1.0,1.0,,1.0,,1.0,1.0,,Appartement,Bon état,36.8694317,10.3164051,,,,,1.0,,,,,,1.0,,1.0,1.0,,1.0,,,,,,,,,,,,,,,,,
https://www.mubawab.tn/fr/a/8080010/s1-en-location,S1 en location,Carthage à Carthage,2 400 TND,90.0,,,,,1.0,,1.0,,,Appartement,,36.8694317,10.3164051,,,,,,,,,,,,,,,,,,,,,,,,,,,,,,,,,
https://www.mubawab.tn/fr/a/8084987/s1-en-location,S1 en location,La Soukra à La Soukra,990 TND,55.0,,,,,1.0,1.0,1.0,,,Appartement,,36.88833,10.27417,,,,,1.0,,,,,,,,,1.0,,,,,,,1.0,,,,,,,,,,,,
https://www.mubawab.tn/fr/a/8071923/s2-en-location,S2 en location,Carthage à Carthage,1 400 TND,90.0,3.0,,1.0,,1.0,1.0,1.0,,1.0,Appartement,Bon état,36.8694317,10.3164051,,2.0,,,,,,,,,,,1.0,1.0,,,,,5-10 ans,Parquet,,,,,,,,,,,,,
https://www.mubawab.tn/fr/a/8058042/a-louer-un-appartement-s1-a-cite-wahat,A louer un appartement s1 a cite wahat,Aouina à La Marsa,1 100 TND,58.0,3.0,1.0,1.0,,,1.0,1.0,1.0,,Appartement,Nouveau,36.876389,10.325278,,,58 m²,,,,,,1.0,1.0,,,,1.0,,,,,1-5 ans,,1.0,1.0,,1.0,,6ème,,,,,,,
https://www.mubawab.tn/fr/a/8045079/appartement-%C3%A0-louer-%C3%A0-sahloul,Appartement à louer à Sahloul,Sahloul à Sousse Jaouhara,1 200 TND,100.0,5.0,,1.0,,,1.0,1.0,,,Appartement,Bon état,35.832439,10.622471,,2.0,,,1.0,,,,,,,,,,,,,,,,,,,,,,,,,,,,
https://www.mubawab.tn/fr/a/8084659/location-appartement-s1-meubl%C3%A9,Location appartement s1 meublé,Les Jardins de Carthage à Le Kram,2 000 TND,90.0,,1.0,1.0,,1.0,1.0,1.0,1.0,,Appartement,Nouveau,36.8555704,10.291834,1.0,,70 m²,,1.0,,,,,,1.0,1.0,,,,,,,,,1.0,1.0,,,,,,,,,,,
https://www.mubawab.tn/fr/a/7964665/location-appartement-meubl%C3%A9-s1-jardins-de-carth,Location Appartement meublé S1 Jardins de Carth,Les Jardins de Carthage à Le Kram,1 700 TND,65.0,2.0,1.0,1.0,,1.0,1.0,1.0,1.0,,Appartement,Nouveau,36.8555704,10.291834,,,,,1.0,,1.0,,,1.0,1.0,1.0,1.0,1.0,1.0,,,,Moins d'un an,Parquet,1.0,1.0,,1.0,,1er,,,,1.0,,,
https://www.mubawab.tn/fr/a/8031359/location-appartement-s2-m-jardins-de-carthage,Location Appartement S2 m Jardins de Carthage,Les Jardins de Carthage à Le Kram,2 600 TND,110.0,3.0,,1.0,,1.0,1.0,1.0,1.0,1.0,Appartement,Bon état,36.8555704,10.291834,,2.0,,,1.0,,,,,1.0,1.0,1.0,1.0,,1.0,,,,5-10 ans,Marbre,1.0,1.0,,1.0,,3ème,,,,1.0,,,
https://www.mubawab.tn/fr/a/8084615/location-annuelle-appartement-s3,Location annuelle appartement S3,Cité El Wafa à Nabeul,2 000 TND,100.0,4.0,,,,,,,1.0,,Appartement,Bon état,36.45056,10.73505,,3.0,,,1.0,,,,,1.0,,,,,,,,,,,,,,,,3ème,,2.0,1.0,,,,
https://www.mubawab.tn/fr/a/8078930/location-appartement-meubl%C3%A9-s2,Location Appartement Meublé S2,Sousse Ville à Sousse Ville,1 800 TND,84.0,3.0,,1.0,,1.0,,,1.0,,Appartement,Nouveau,35.8273,10.6339,,2.0,,,,,,,,1.0,1.0,,,,,,,,,,,,,,,,,,,,,,
https://www.mubawab.tn/fr/a/8084609/un-studio-de-50-m%C2%B2-s1-%C3%A0-la-nouvelle-medina,Un studio de 50 m² S1 à la Nouvelle Medina,Nouvelle Medina à Nouvelle Medina,500 TND,70.0,,,1.0,,,,,,,Appartement,Nouveau,36.78898,10.18348,1.0,2.0,,,1.0,,,,,,,,,,,,,,,,1.0,,,,,,,,,,,,
https://www.mubawab.tn/fr/a/8084605/a-louer-appartement-100m2-%C3%A0-la-marsa-750dt,A louer Appartement 100m2 à La Marsa 750dt,Cité Du Stade à La Marsa,750 TND,100.0,4.0,,1.0,,,,1.0,,,Appartement,Bon état,36.888874761438885,10.309477957912932,,3.0,100 m²,100 m²,1.0,,1.0,,,,,1.0,,,,,,,5-10 ans,Carrelage,,,,,,2ème,Est,,,,,,
https://www.mubawab.tn/fr/a/8074525/%C3%A0-louer-appartement-s2-meubl%C3%A9-%C3%A0-sousse,À Louer: Appartement S2 Meublé à Sousse,Sousse Ville à Sousse Ville,1 350 TND,76.0,3.0,,1.0,,1.0,,,1.0,1.0,Appartement,Bon état,35.8273,10.6339,,2.0,,,1.0,,,,,,,,1.0,1.0,,,,,,,,,,,,,,,,,,,
https://www.mubawab.tn/fr/a/8063787/s3-en-location,S3 en location,La Marsa,4 000 TND,241.0,,,,,1.0,,,,,Appartement,,36.876389,10.325278,,,,,1.0,,,,,,,,,1.0,,,,,,,1.0,,,,,,,,,,,,
https://www.mubawab.tn/fr/a/8079984/s2-en-location,S2 en location,La Marsa,3 000 TND,120.0,,,,,1.0,1.0,1.0,,1.0,Appartement,,36.876389,10.325278,,,,,1.0,,,,,1.0,,,1.0,1.0,,,,,,,1.0,,,,,,,,,,,,
https://www.mubawab.tn/fr/a/8080664/s3-en-location,S3 en location,La Marsa,3 800 TND,160.0,,,,,1.0,1.0,1.0,,,Appartement,,36.876389,10.325278,,,,,1.0,,,,,1.0,,,1.0,1.0,1.0,,,,,,,1.0,,,,,,,,,,,
https://www.mubawab.tn/fr/a/7958954/s-plus-1-meubl%C3%A9-avec-vue-panoramique-%C3%A0-ennasr-2,S plus 1 meublé avec vue panoramique à ennasr 2,Cité Ennasr 2 à Ariana Ville,1 180 TND,50.0,2.0,1.0,1.0,,1.0,1.0,1.0,1.0,,Appartement,Bon état,36.8625,10.19556,,,,,1.0,,1.0,1.0,1.0,1.0,,1.0,1.0,1.0,1.0,1.0,,,10-20 ans,Parquet,1.0,1.0,1.0,1.0,1.0,8ème,Sud,,,,,,
https://www.mubawab.tn/fr/a/8084344/hall2-en-location,Hall2 en location,Riadh al Andalous à Ariana Ville,1 600 TND,89.0,,,,,,1.0,1.0,,,Appartement,,36.8805752,10.1717264,,,,,,,,,,,,,,,,,,,,,,,,,,,,,,,,,
https://www.mubawab.tn/fr/a/8037449/s1-en-location,S1 en location,Mégrine à Mégrine,1 350 TND,50.0,,,,,1.0,,,1.0,,Appartement,,36.6938694,10.2622167,,,,,,,,,,,,,,,,,,,,,,,,,,,,,,,,,
https://www.mubawab.tn/fr/a/7734533/appartement,Appartement,Tantana à Akouda,1 200 TND,140.0,6.0,,1.0,,,,1.0,,,Appartement,Nouveau,35.87,10.57,,2.0,,,1.0,,,,,,,,,,,,,,,Marbre,,,,,,1er,,,,,,,
https://www.mubawab.tn/fr/a/8084265/ennasr-2%EF%B8%8F%E2%83%A3-%C3%A0-louer-app-s1-haut-standing,Ennasr 2️⃣: à louer app s1 haut standing,Cité Ennasr 2 à Ariana Ville,1 150 TND,75.0,,1.0,1.0,,,1.0,1.0,1.0,,Appartement,Nouveau,36.8625,10.19556,,,75 m²,75 m²,1.0,,,,,1.0,,,,,,,,,1-5 ans,Parquet,1.0,1.0,,1.0,,3ème,Est,,,,,,
https://www.mubawab.tn/fr/a/8073420/a-louer-un-appartement-meubl%C3%A9-en-s2-%C3%A0-sidi-bousaid,A louer un appartement meublé en S2 à Sidi Bousaid,Sidi Bousaid à Carthage,3 400 TND,140.0,3.0,,,,1.0,1.0,1.0,1.0,1.0,Appartement,Nouveau,36.8566,10.3258,,2.0,,,,,,,,,1.0,,1.0,1.0,1.0,1.0,,,,,,,,,,,,2.0,,,,,
https://www.mubawab.tn/fr/a/8084224/appartement-avec-terrasse-%C3%A0-la-marsa,Appartement avec terrasse à La Marsa,La Marsa à La Marsa,3 500 TND,,,,,,,1.0,1.0,1.0,1.0,Appartement,Bon état,36.876389,10.325278,1.0,3.0,,,1.0,1.0,,,,,1.0,1.0,1.0,1.0,,1.0,,,,,1.0,,,,,,,2.0,,,,,
https://www.mubawab.tn/fr/a/7804808/un-appartement-s1-meubl%C3%A9-%C3%A0-louer-%C3%A0-ain-zaghouan-nord,Un Appartement S1 Meublé à louer à Ain Zaghouan Nord,Ain Zaghouan Nord à La Marsa,Prix à consulter,69.0,2.0,,1.0,,1.0,,,,,Appartement,Bon état,36.8623859,10.2835035,,2.0,,,,,,,,1.0,,,,,,,,,,,1.0,,,,,,,,,,,,
https://www.mubawab.tn/fr/a/8037551/location-appartement-sousse-khezama,Location Appartement Sousse Khezama,Khezama Est,2 200 TND,115.0,4.0,,1.0,1.0,,1.0,1.0,,,Appartement,Bon état,35.844,10.618753,,3.0,,,1.0,,,,,1.0,,,,1.0,,,,,,,,,,,,,,,1.0,,,,
https://www.mubawab.tn/fr/a/8084026/location-s2-neuf-aux-jardins-de-carthage,Location s2 neuf aux jardins de carthage,Les Jardins de Carthage à Le Kram,2 400 TND,120.0,,,,,,1.0,1.0,1.0,,Appartement,Nouveau,36.8555704,10.291834,,2.0,,,1.0,,,,,1.0,1.0,1.0,1.0,1.0,,1.0,,,1-5 ans,,1.0,1.0,,1.0,,,,3.0,,,,,
https://www.mubawab.tn/fr/a/8084020/location-duplex-s2-aux-jardins-de-carthage,Location duplex s2 aux jardins de carthage,Les Jardins de Carthage à Le Kram,3 000 TND,150.0,,,,,,1.0,1.0,1.0,,Appartement,Nouveau,36.8555704,10.291834,,2.0,,,1.0,,,1.0,,1.0,1.0,1.0,1.0,1.0,,1.0,,,1-5 ans,,1.0,1.0,,1.0,,,,3.0,,,,,
https://www.mubawab.tn/fr/a/8084002/a-louer-un-etage-de-villa-s2-a-jardin-laouina,A louer un etage de villa s2 a jardin laouina,Aouina à La Marsa,1 000 TND,90.0,,,1.0,1.0,,1.0,1.0,1.0,,Appartement,Nouveau,36.876389,10.325278,1.0,2.0,90 m²,90 m²,1.0,,,,,1.0,,,,,,,,,Moins d'un an,,,,,,,1er,Nord,,,,,,
https://www.mubawab.tn/fr/a/8035161/appartement-s2-avec-vue-sur-mer-gammarth-sup,"Appartement S2 avec vue sur mer, Gammarth sup",Gammarth Supérieur à La Marsa,3 200 TND,100.0,3.0,,,,,1.0,1.0,1.0,,Appartement,Nouveau,36.876389,10.325278,,2.0,,,1.0,1.0,,,,,1.0,1.0,1.0,1.0,,,,,1-5 ans,Marbre,,,,1.0,,2ème,,3.0,,,,,
https://www.mubawab.tn/fr/a/8037129/location-d-un-appartement-s2-avec-piscine-%C3%A0-gammarth,Location d'un appartement s2 avec piscine à Gammarth,Gammarth à La Marsa,4 000 TND,160.0,3.0,,1.0,1.0,,1.0,1.0,1.0,,Appartement,Nouveau,36.876389,10.325278,,2.0,,,1.0,,,,,,1.0,,,,,,,,,,1.0,,,1.0,,,,,1.0,,,,
https://www.mubawab.tn/fr/a/8083980/bel-appartement-en-location-%C3%A0-megrine-jaouhara-4-pi%C3%A8ces-meubl%C3%A9,Bel appartement en location à Megrine Jaouhara. 4 pièces. Meublé,Megrine Jaouhara à Mégrine,1 200 TND,89.0,4.0,,,,1.0,1.0,1.0,1.0,1.0,Appartement,Nouveau,36.6938694,10.2622167,,2.0,99 m²,77 m²,1.0,,,,,1.0,,,1.0,1.0,1.0,1.0,1.0,,Moins d'un an,,1.0,,,,,,Sud,2.0,,,,,
https://www.mubawab.tn/fr/a/8031815/a-louer-un-appartement-s3-a-ain-zaghouen-nord,A louer un appartement s3 a ain zaghouen nord,Ain Zaghouan Nord à La Marsa,1 750 TND,160.0,7.0,,,,,1.0,1.0,1.0,,Appartement,Nouveau,36.876389,10.325278,,3.0,,,,,,,1.0,1.0,,,,1.0,,,,,1-5 ans,,1.0,1.0,,1.0,,1er,,2.0,,,,,
https://www.mubawab.tn/fr/a/8047894/a-louer-s6-meubl%C3%A9-au-lac-1,A louer S6 meublé au Lac 1,Les Berges Du Lac 1 à La Marsa,8 000 TND,200.0,7.0,,,,1.0,1.0,1.0,1.0,1.0,Appartement,Bon état,36.876389,10.325278,,6.0,250 m²,,1.0,1.0,1.0,1.0,1.0,1.0,1.0,1.0,1.0,1.0,1.0,1.0,1.0,,10-20 ans,Marbre,1.0,1.0,,1.0,1.0,2ème,Est,3.0,,,,,
https://www.mubawab.tn/fr/a/8083908/a-louer-appartement-s3-meubl%C3%A9-%C3%A0-nabeul,A louer appartement s3 meublé à Nabeul,Nabeul à Nabeul,1 400 TND,150.0,4.0,,,,,1.0,1.0,1.0,1.0,Appartement,Nouveau,36.45056,10.73505,,3.0,,,1.0,,,,,1.0,,1.0,1.0,1.0,1.0,1.0,,,,,,,,1.0,,,,2.0,,,,,
https://www.mubawab.tn/fr/a/8051364/a-louer-un-appartement-meubl%C3%A9-marsa-plage,A louer un appartement meublé Marsa Plage,La Marsa à La Marsa,1 800 TND,,2.0,1.0,1.0,,1.0,1.0,1.0,1.0,1.0,Appartement,Bon état,36.876389,10.325278,,,,,1.0,,,,,1.0,1.0,1.0,1.0,1.0,1.0,1.0,,1.0,,,,,,,,,,,,,,,
https://www.mubawab.tn/fr/a/8083823/spacieux-appartement-s2-%C3%A0-louer-aux-jardins-de-carthage,Spacieux Appartement S2 à louer aux Jardins de Carthage,Les Jardins de Carthage à Le Kram,1 700 TND,120.0,,,,,,,,1.0,,Appartement,,36.8555704,10.291834,,2.0,,,1.0,,,,,1.0,,,,,,,,,,,1.0,,,,,,,,,,,,
https://www.mubawab.tn/fr/a/8083873/appartement-s3-avec-garage-%C3%A0-la-marsa,Appartement s3 avec garage à la marsa,La Marsa à La Marsa,3 500 TND,170.0,4.0,,,,,1.0,1.0,1.0,,Appartement,Bon état,36.8941992,10.2762232,,3.0,170 m²,30 m²,1.0,,,1.0,1.0,1.0,1.0,1.0,,1.0,,,,1.0,1-5 ans,Parquet,1.0,,,,,,Nord,2.0,,,,,
https://www.mubawab.tn/fr/a/8047853/louer-appartement-meubl%C3%A9-s1,Louer: Appartement meublé S1,Houmt Souk à Houmt Souk,950 TND,50.0,2.0,1.0,1.0,,1.0,1.0,,1.0,,Appartement,Bon état,33.88137869308638,10.857076264591887,,,,,1.0,,,,,,,,,,,,,,,,,,,,,,,,,,,,
https://www.mubawab.tn/fr/a/8075901/s1-meubl%C3%A9-neuf-jardins-de-carthage,S1 meublé neuf Jardins de Carthage,Les Jardins de Carthage à Le Kram,1 900 TND,69.0,2.0,1.0,1.0,,1.0,1.0,1.0,1.0,1.0,Appartement,Nouveau,36.833333,10.316667,,,,,1.0,,,,,1.0,,1.0,1.0,1.0,1.0,1.0,1.0,,,,,1.0,,1.0,,,,,,,,,
https://www.mubawab.tn/fr/a/7184917/bel-appartement-s3-meubl%C3%A9,Bel appartement s3 meublé,La Marsa à La Marsa,4 500 TND,200.0,8.0,,,,1.0,1.0,1.0,1.0,1.0,Appartement,Nouveau,36.88957711847963,10.27482845131226,,3.0,,,1.0,1.0,,,1.0,1.0,1.0,1.0,1.0,1.0,1.0,,,,,,1.0,1.0,,1.0,,,,3.0,,,,,
https://www.mubawab.tn/fr/a/8074316/a-louer-s3-avec-chambre-de-service-au-lac-2,A louer S3 avec chambre de service au Lac 2,Les Berges Du Lac 2 à La Marsa,6 500 TND,200.0,4.0,,,,1.0,1.0,1.0,,1.0,Appartement,Bon état,36.876389,10.325278,,3.0,,,1.0,,1.0,,,1.0,1.0,1.0,1.0,1.0,1.0,1.0,,,,,1.0,1.0,,1.0,1.0,,,2.0,,,,,
https://www.mubawab.tn/fr/a/8021798/appartement-s1-meubl%C3%A9-%C3%A0-louer-aux-jardins-de-carthage,Appartement S1 meublé à louer aux Jardins de Carthage,Les Jardins de Carthage à Le Kram,2 300 TND,90.0,,1.0,1.0,,1.0,,,1.0,,Appartement,Bon état,36.8555704,10.291834,1.0,,,,1.0,,,,,,,,,,,,,,,,1.0,,,,,,,,,,,,
https://www.mubawab.tn/fr/a/8083463/grand-appartement-%C3%A0-louer-dans-un-quartier-chic,Grand Appartement à Louer dans un Quartier Chic,Riadh al Andalous à Ariana Ville,1 500 TND,200.0,4.0,,,1.0,1.0,1.0,1.0,,,Appartement,Bon état,36.89499663169221,10.165376729711529,,3.0,160 m²,30 m²,1.0,,1.0,1.0,,1.0,1.0,1.0,,,,,,1.0,5-10 ans,Marbre,1.0,,1.0,,,1er,Nord,2.0,,,,,
https://www.mubawab.tn/fr/a/8083396/s3-%C3%A0-louer-%C3%A0-la-nouvelle-soukra,S3 à louer à la nouvelle soukra,La Soukra à La Soukra,1 830 TND,,7.0,,,,,1.0,1.0,1.0,,Appartement,Bon état,36.883333,10.25,,3.0,,,1.0,,1.0,,1.0,1.0,1.0,1.0,,,,,,,,Marbre,1.0,1.0,,1.0,,2ème,,2.0,,,,,
https://www.mubawab.tn/fr/a/8083377/a-louer-un-s2-%C3%A0-jardins-de-carthage,A Louer un s2 à jardins de carthage,Les Jardins de Carthage à Le Kram,2 300 TND,,3.0,,1.0,,,,,,,Appartement,Bon état,36.833333,10.316667,,2.0,,,1.0,,,,,,,,,,,,,,,,1.0,,,,,,,,,,,,
https://www.mubawab.tn/fr/a/8005215/location-appartement-s1meubl%C3%A9-jardins-de-carthage,Location Appartement S1meublé Jardins de Carthage,Les Jardins de Carthage à Le Kram,1 550 TND,65.0,2.0,1.0,1.0,,1.0,1.0,1.0,1.0,1.0,Appartement,Bon état,36.88833,10.27417,,,,,1.0,,,,,,1.0,1.0,1.0,1.0,1.0,,,,5-10 ans,Marbre,,1.0,,1.0,,2ème,,,,,,,
https://www.mubawab.tn/fr/a/8083274/appartement-%C3%A0-louer-%C3%A0-bab-jazira-1-belle-chambre,Appartement à louer à Bab Jazira. 1 belle chambre,Bab Jazira à Tunis,450 TND,35.0,,1.0,1.0,,,,,,,Appartement,Bon état,33.88689999999999,9.5375,,,35 m²,0 m²,,,,,,,,,,,,,,,50-70 ans,Marbre,,,,,,2ème,Ouest,,,,,,
https://www.mubawab.tn/fr/a/8083228/a-louer-un-s1-au-centre-ville,A louer un s1 au centre ville,Hammamet Nord à Hammamet,1 100 TND,100.0,2.0,1.0,1.0,,,,,,,Appartement,Bon état,36.40108,10.61457,,,,,,,,,,,,,,,,,,,,,,,,,,,,,,,,,
https://www.mubawab.tn/fr/a/8035214/location-loft-au-lac-2,Location Loft au lac 2,Les Berges Du Lac 2 à La Marsa,2 200 TND,100.0,,1.0,1.0,,,1.0,,,,Appartement,Nouveau,36.876389,10.325278,1.0,,,,1.0,,,,,,,,,,,,,,,,,,,,,,,,,,,,
https://www.mubawab.tn/fr/a/8051348/location-appartement-neuf-au-lac-2,Location Appartement neuf au lac 2,Les Berges Du Lac 2 à La Marsa,2 500 TND,77.0,,,1.0,,,,,,,Appartement,Nouveau,36.876389,10.325278,1.0,2.0,,,,,,,,,,,,,,,,,,,,,,,,,,,,,,,
https://www.mubawab.tn/fr/a/7878419/location-annuelle-un-appartement,Location annuelle un appartement,Hammamet à Hammamet,2 200 TND,4134.0,4.0,,,,1.0,1.0,1.0,,,Appartement,Nouveau,36.40108,10.61457,,3.0,,,1.0,1.0,,,,,,,,,,,,,,,,,,,,1er,,2.0,,,,,
https://www.mubawab.tn/fr/a/8083216/appartement-en-location-%C3%A0-montplaisir-2-belles-chambres-meubl%C3%A9,Appartement en location à Montplaisir. 2 belles chambres. Meublé,Montplaisir à Tunis,2 350 TND,130.0,,,,1.0,1.0,1.0,1.0,,,Appartement,Nouveau,36.816962078581454,10.1830449219231,,2.0,120 m²,10 m²,1.0,,,,,1.0,,1.0,,1.0,,,,,1-5 ans,Carrelage,1.0,1.0,,1.0,,2ème,Est,2.0,,,,,
https://www.mubawab.tn/fr/a/8083185/un-magnifique-studio-%C3%A0-gammarth,Un Magnifique Studio à Gammarth,La Marsa à La Marsa,2 500 TND,500.0,,1.0,,,1.0,,,1.0,,Appartement,,36.8941992,10.2762232,,,,,1.0,1.0,,,,,,,,,,,,,,,,,,,,,,,1.0,,,,
https://www.mubawab.tn/fr/a/8083109/etage-de-villa,Etage de villa,Megrine Jaouhara à Mégrine,1 200 TND,120.0,5.0,,1.0,,,,1.0,,,Appartement,Nouveau,36.6938694,10.2622167,,3.0,120 m²,120 m²,,,,,,1.0,,,,,,,,,Moins d'un an,,1.0,,,,,,,,,,,,
https://www.mubawab.tn/fr/a/8083010/a-louer-bel-appartement-de-s3-salle-de-bain-et-cuisine,"A louer bel appartement de S3, salle de bain et cuisine",El Mourouj 3 à El Mourouj,580 TND,113.0,4.0,,1.0,,,,,,,Appartement,Bon état,36.6938694,10.2622167,,4.0,100 m²,13 m²,,,1.0,,,,1.0,,,,,,,,10-20 ans,Carrelage,,1.0,,1.0,,4ème,Sud,,,,,,
https://www.mubawab.tn/fr/a/8080370/s1-%C3%A0-la-soukra-mal1422,S1 à La Soukra MAL1422,La Soukra à La Soukra,1 300 TND,,,1.0,1.0,,1.0,1.0,1.0,1.0,,Appartement,Bon état,36.883333,10.25,1.0,,,,1.0,,,,,1.0,,,,,,,,,,,1.0,1.0,,,,,,,,,,,
https://www.mubawab.tn/fr/a/8080976/un-appartrment-s3-au-jardins-de-carthage,Un appartrment S3 au Jardins de Carthage,Les Jardins de Carthage à Le Kram,1 800 TND,,6.0,,,,,1.0,1.0,1.0,,Appartement,Bon état,36.833333,10.316667,,3.0,,,1.0,,1.0,,1.0,1.0,1.0,1.0,,1.0,,,,1.0,Moins d'un an,Marbre,1.0,1.0,,1.0,,4ème,,2.0,,,,,
https://www.mubawab.tn/fr/a/8079683/s3-meubl%C3%A9-%C3%A0-louer-ain-zaghouan-nord,S3 Meublé à louer Ain Zaghouan Nord,Ain Zaghouan Nord à La Marsa,3 500 TND,,7.0,,,1.0,1.0,1.0,1.0,1.0,,Appartement,Bon état,36.876389,10.325278,,3.0,,,1.0,,1.0,,1.0,1.0,1.0,1.0,1.0,1.0,,1.0,,1.0,,,1.0,1.0,,1.0,,,,2.0,,,,,
https://www.mubawab.tn/fr/a/8082932/location-appartement-la-baie-s1,Location Appartement La Baie S1,Hammamet à Hammamet,900 TND,77.0,2.0,1.0,1.0,,1.0,1.0,1.0,1.0,1.0,Appartement,Bon état,36.40108,10.61457,,,,,1.0,1.0,,,1.0,,,,1.0,,1.0,1.0,1.0,,,,,,,,,,,,,,,,
https://www.mubawab.tn/fr/a/8018508/un-appartement-s2-meubl%C3%A9-avec-jardin-%C3%A0-ain-zaghouan-nord,Un Appartement S2 meublé avec jardin à Ain Zaghouan Nord,Ain Zaghouan Nord à La Marsa,2 500 TND,150.0,3.0,,1.0,1.0,1.0,,,1.0,,Appartement,Bon état,36.8623859,10.2835035,,3.0,,,,,,,,1.0,,,,,,,,,,,,,,,,,,,,,,,
https://www.mubawab.tn/fr/a/7863597/location-appartement-s4-au-jardin-de-carthage,Location appartement s4 au jardin de carthage,Les Jardins de Carthage à Le Kram,3 000 TND,200.0,4.0,,,1.0,1.0,1.0,1.0,1.0,,Appartement,Nouveau,36.833333,10.316667,,3.0,,,1.0,,1.0,,,1.0,1.0,1.0,1.0,1.0,,1.0,,,,,1.0,1.0,1.0,1.0,,,,3.0,,,,,
https://www.mubawab.tn/fr/a/8082874/louez-cet-appartement-%C3%A0-sidi-daoud-la-marsa-1-chambre-prestation-de-conciergerie-air-conditionn%C3%A9,"Louez cet appartement à Sidi Daoud la Marsa. 1 chambre. Prestation de conciergerie, air conditionné",Les Jardins de Carthage à Le Kram,1 450 TND,70.0,,1.0,1.0,,,1.0,1.0,1.0,,Appartement,Bon état,36.86143842015922,10.29170078621887,,,60 m²,,,,,,,1.0,,,1.0,1.0,,,,,10-20 ans,Marbre,1.0,1.0,,1.0,,3ème,Sud,,,,,,
https://www.mubawab.tn/fr/a/8073382/a-louer-un-triplex-en-s4-avec-piscine-%C3%A0-gammarth,A louer un Triplex en S4 avec piscine à Gammarth,Gammarth Supérieur à La Marsa,6 500 TND,300.0,5.0,,,,,1.0,1.0,1.0,1.0,Appartement,Nouveau,36.876389,10.325278,,4.0,,,1.0,,,,,,,1.0,1.0,1.0,,1.0,,,,,1.0,1.0,,,,,,3.0,1.0,,,,
https://www.mubawab.tn/fr/a/8007142/appartement-s3-neuf-%C3%A0-cit%C3%A9-ettharir,Appartement S3 Neuf à Cité Ettharir,Ettahrir 3 à Ettahrir,1 300 TND,100.0,4.0,,1.0,,,,1.0,1.0,,Appartement,Nouveau,36.81881,10.16596,,3.0,,,,,,,,1.0,,,,,,,,,Moins d'un an,,,,,,,2ème,,,,,,,
https://www.mubawab.tn/fr/a/8072189/location-s2-%C3%A0-ain-zaghoun,Location s2 à Ain zaghoun,Cité Taieb Mhiri à Menzel Chaker,1 400 TND,120.0,,,,,,1.0,1.0,1.0,,Appartement,Nouveau,36.8562446,10.2661324,,2.0,,,1.0,,1.0,,1.0,1.0,1.0,1.0,,1.0,,,,,1-5 ans,,1.0,1.0,,1.0,,2ème,,2.0,,,,,
https://www.mubawab.tn/fr/a/7866147/a-louer-s3-meubl%C3%A9-maison-de-la-mer,A louer s3 meublé maison de la mer,El Kantaoui à Hammam Sousse,1 600 TND,100.0,3.0,1.0,1.0,1.0,,1.0,1.0,1.0,,Appartement,Nouveau,35.8569,10.5972,,,,,1.0,,,,,,,,,1.0,,,,,,,1.0,,,,,,,,1.0,,,,
https://www.mubawab.tn/fr/a/8082661/appartement-s2-sans-meuble-%C3%A0-louer-hammamet,Appartement S2 sans meuble à louer Hammamet,Hammamet à Hammamet,800 TND,,5.0,,1.0,,1.0,1.0,1.0,1.0,,Appartement,Nouveau,36.40108,10.61457,,2.0,,,,,,,,,,1.0,,,,,,,Moins d'un an,,,,,,,,,,,,,,
https://www.mubawab.tn/fr/a/8039174/a-louer-un-s2-%C3%A0-ain-zaghouan-nord,A Louer un S2 à Ain Zaghouan nord,Ain Zaghouan Nord à La Marsa,1 700 TND,,3.0,,1.0,,,,,,,Appartement,Bon état,36.876389,10.325278,,2.0,,,1.0,,,,,,,,,,,,,,,,1.0,,,,,,,,,,,,
https://www.mubawab.tn/fr/a/8082623/coquet-appartement-s1-pr%C3%A8s-de-la-mer-%C3%A0-sousse,Coquet Appartement S1 près de la Mer à Sousse,Sousse Corniche,1 000 TND,40.0,2.0,1.0,1.0,,1.0,1.0,1.0,1.0,,Appartement,Bon état,35.81771,10.64549,,,,,,,,,,1.0,1.0,1.0,,1.0,,,,,,,,,,1.0,,,,,,,,,
https://www.mubawab.tn/fr/a/8031876/location-d-un-s2-meubl%C3%A9-%C3%A0-la-marsa,Location d'un S2 meublé à la marsa,La Marsa à La Marsa,2 500 TND,100.0,3.0,,1.0,,1.0,,,1.0,,Appartement,Nouveau,36.876389,10.325278,,2.0,,,1.0,,,,,,,,,,,,,,,,,,,,,,,,,,,,
https://www.mubawab.tn/fr/a/8082618/a-louer-un-appartement-s1-meuble-a-ain-zaghouan,A louer un appartement s1 meuble a ain zaghouan,Ain Zaghouan Nord à La Marsa,1 600 TND,60.0,4.0,1.0,1.0,1.0,1.0,1.0,1.0,1.0,1.0,Appartement,Nouveau,36.876389,10.325278,,,60 m²,,1.0,,,1.0,1.0,1.0,,,1.0,1.0,1.0,1.0,,,1-5 ans,,1.0,1.0,,1.0,,3ème,,,,1.0,,,
https://www.mubawab.tn/fr/a/8052956/a-louer-s2-meubl%C3%A9-avec-jardin-%C3%A0-sidi-daoud,A Louer S2 Meublé avec Jardin à Sidi Daoud,Sidi Daoued à La Marsa,2 200 TND,100.0,3.0,,1.0,1.0,1.0,1.0,1.0,1.0,,Appartement,Bon état,36.876389,10.325278,,2.0,,,,,,,,,,,,,,,,,,,1.0,,,,,,,,,,,,
https://www.mubawab.tn/fr/a/8082586/a-louer-s3-jamais-habit%C3%A9-%C3%A0-soukra-parc,A Louer S3 Jamais Habité à Soukra Parc,La Soukra à La Soukra,2 300 TND,150.0,4.0,,,,,1.0,1.0,1.0,,Appartement,Nouveau,36.883333,10.25,,3.0,,,1.0,,,,,,,,,,,,,,Moins d'un an,,1.0,,,,,,,2.0,,,,,
https://www.mubawab.tn/fr/a/8081004/un-appartrment-s1-au-jardins-de-carthage,Un appartrment S1 au Jardins de Carthage,Les Jardins de Carthage à Le Kram,1 450 TND,,4.0,1.0,1.0,,,1.0,,1.0,,Appartement,Bon état,36.833333,10.316667,,,,,1.0,,1.0,,1.0,1.0,1.0,1.0,,,,,,,Moins d'un an,Marbre,1.0,1.0,,1.0,,2ème,,,,,,,
https://www.mubawab.tn/fr/a/8082293/appartement-s4-les-jardins-de-carthage,"Appartement S4, Les jardins de Carthage",Les Jardins de Carthage à Le Kram,5 000 TND,200.0,5.0,,,1.0,,1.0,1.0,1.0,,Appartement,Bon état,36.833333,10.316667,,4.0,,100 m²,1.0,,,,,,1.0,1.0,,,,,,,5-10 ans,Marbre,1.0,1.0,,1.0,,3ème,,4.0,1.0,,,,
https://www.mubawab.tn/fr/a/8078961/location-appartement-s3-la-marsa,Location appartement S3 la marsa,Cité El Khalil à La Marsa,1 900 TND,170.0,,,,,,1.0,1.0,1.0,,Appartement,Bon état,33.88689999999999,9.5375,,3.0,160 m²,,1.0,,1.0,,1.0,1.0,1.0,,,1.0,,,,,5-10 ans,Marbre,1.0,1.0,,1.0,,2ème,,2.0,,,,,
https://www.mubawab.tn/fr/a/8082458/a-louer-appartement-rez-de-chauss%C3%A9e-s3,A louer Appartement Rez de chaussée S3,Riadh al Andalous à Ariana Ville,1 250 TND,130.0,4.0,,,1.0,,1.0,1.0,,,Appartement,Bon état,35.85172362393621,9.987939453125,,3.0,130 m²,,1.0,,,,1.0,,,,,,,,,,5-10 ans,Carrelage,1.0,1.0,,1.0,,,Est,2.0,,,,,
https://www.mubawab.tn/fr/a/8082370/s2-meubl%C3%A9-%C3%A0-riadh-landalous-a-louer,S2 Meublé à Riadh Landalous A LOUER,Riadh al Andalous à Ariana Ville,1 950 TND,95.0,3.0,,1.0,,1.0,1.0,1.0,1.0,1.0,Appartement,Nouveau,36.8625,10.19556,,2.0,95 m²,95 m²,1.0,,,,1.0,1.0,,,1.0,1.0,,1.0,,,Moins d'un an,Marbre,1.0,1.0,,1.0,,4ème,Est,,,,,,
https://www.mubawab.tn/fr/a/8082207/luxueux-appartement-neuf-meubl%C3%A9,Luxueux appartement neuf meublé,Cité Du Stade à La Marsa,2 300 TND,100.0,3.0,,,,1.0,1.0,1.0,1.0,1.0,Appartement,Nouveau,36.876389,10.325278,,2.0,100 m²,8 m²,1.0,1.0,,1.0,1.0,1.0,1.0,1.0,1.0,1.0,1.0,1.0,1.0,1.0,Moins d'un an,Marbre,,1.0,1.0,,1.0,1er,Nord,2.0,,1.0,,,
https://www.mubawab.tn/fr/a/8070477/appartement-s1-meubl%C3%A9-%C3%A0-louer-la-marsa,Appartement S1 meublé à louer La Marsa,La Marsa à La Marsa,2 200 TND,75.0,,,1.0,,,,,,,Appartement,Nouveau,36.876389,10.325278,1.0,2.0,,,,,,,,,,,,,,,,,,,,,,,,,,,,,,,
https://www.mubawab.tn/fr/a/8040091/al-appartement-s3-meubl%C3%A9-les-berges-du-lac1,AL Appartement S3 meublé Les Berges du Lac1,Les Berges Du Lac 1 à La Marsa,2 800 TND,180.0,4.0,,,,1.0,1.0,1.0,1.0,,Appartement,Nouveau,36.876389,10.325278,,3.0,,,1.0,,,,,,,,,,,,,,,,1.0,1.0,,1.0,,,,2.0,,,,,
https://www.mubawab.tn/fr/a/7896768/s3-meubl%C3%A9-avec-terrasse-vue-mer,S3 meublé avec terrasse vue mer,Hammamet Nord à Hammamet,1 800 TND,100.0,6.0,,,,1.0,1.0,1.0,1.0,1.0,Appartement,Bon état,36.40108,10.61457,,3.0,,,1.0,1.0,,1.0,1.0,,,,1.0,1.0,1.0,,,,,,,,,,,1er,,2.0,,,,,
https://www.mubawab.tn/fr/a/8022375/appartement-s2-%C3%A0-hammamet-pour-la-location,Appartement S2 à Hammamet pour la location,Hammamet à Hammamet,1 300 TND,,5.0,,1.0,,1.0,1.0,1.0,1.0,1.0,Appartement,Bon état,36.40108,10.61457,,2.0,,,,,,,,1.0,,,1.0,1.0,1.0,1.0,,,,,,,,,,,,,,,,,
https://www.mubawab.tn/fr/a/8022390/villa-piscine-%C3%A0-louer-jinen-hammamet,Villa piscine à louer Jinen Hammamet,Hammamet à Hammamet,6 000 TND,,8.0,,,1.0,1.0,1.0,1.0,1.0,1.0,Appartement,Bon état,36.40108,10.61457,,3.0,,,1.0,,,,,,,1.0,1.0,1.0,,1.0,,,,,,,,1.0,,,,2.0,1.0,1.0,,,
https://www.mubawab.tn/fr/a/8027568/appartement-s3-%C3%A0-louer-%C3%A0hammamet-sud,Appartement S3 à louer àHammamet Sud,Hammamet Sud à Hammamet,1 500 TND,,6.0,,1.0,,,1.0,1.0,1.0,,Appartement,Bon état,36.40108,10.61457,,3.0,,,1.0,,,,,,,1.0,1.0,1.0,1.0,,,1.0,,,1.0,,,,,,,,1.0,,,,
https://www.mubawab.tn/fr/a/7718532/appartement-vue-mer-et-pied-dans-l-eau,Appartement vue mer et pied dans l'eau,Hammamet à Hammamet,Prix à consulter,,7.0,,,,1.0,1.0,,1.0,1.0,Appartement,Bon état,36.40108,10.61457,,3.0,,,1.0,1.0,1.0,,,1.0,1.0,1.0,1.0,1.0,1.0,1.0,,,,,1.0,1.0,,1.0,1.0,,,2.0,,,,,
https://www.mubawab.tn/fr/a/8034941/un-duplex-en-s3-au-1er-%C3%A9tage-%C3%A0-louer-hammamet,Un duplex en S3 au 1er étage à louer Hammamet,Hammamet à Hammamet,2 500 TND,,7.0,,,,1.0,1.0,1.0,1.0,1.0,Appartement,Bon état,36.40108,10.61457,,3.0,,,1.0,1.0,,,,,,1.0,1.0,1.0,1.0,,,,,,1.0,,,,,,,2.0,,,,,
https://www.mubawab.tn/fr/a/8010141/appartement-pied-dans-l-eau-%C3%A0-hammamet,Appartement pied dans l'eau à Hammamet,Hammamet à Hammamet,2 500 TND,,5.0,,1.0,,1.0,1.0,,1.0,1.0,Appartement,Bon état,36.40108,10.61457,,2.0,,,1.0,,,,,1.0,,,1.0,1.0,1.0,1.0,,,,,1.0,1.0,,1.0,,,,,,,,,
https://www.mubawab.tn/fr/a/8053923/a-louer-appartement-en-s2-%C3%A0-hammamet,A Louer: Appartement en S2 à Hammamet,Hammamet à Hammamet,750 TND,,5.0,,1.0,,1.0,1.0,1.0,1.0,1.0,Appartement,Bon état,36.40108,10.61457,,2.0,,,1.0,,,,,1.0,,,1.0,1.0,1.0,1.0,,,,,,,,,,1er,,,,,,,
https://www.mubawab.tn/fr/a/8040804/appartement-en-s2-au-1er-%C3%A9tage-%C3%A0-louer-%C3%A0-hammamet,Appartement en S2 au 1er étage à louer à Hammamet,Hammamet à Hammamet,1 200 TND,,6.0,,,,1.0,1.0,1.0,1.0,,Appartement,Bon état,36.40108,10.61457,,2.0,,,1.0,,,,,,,1.0,1.0,1.0,1.0,,,,,,,,,,,,,2.0,,,,,
https://www.mubawab.tn/fr/a/7683623/appartement-vue-de-mer-et-pied-dans-l-eau-hammamet,Appartement vue de mer et pied dans l'eau Hammamet,Hammamet à Hammamet,Prix à consulter,,7.0,,,,1.0,1.0,1.0,1.0,1.0,Appartement,Bon état,36.40108,10.61457,,2.0,,,1.0,1.0,1.0,,1.0,1.0,,1.0,1.0,1.0,1.0,1.0,1.0,,,,1.0,1.0,,1.0,1.0,,,3.0,,,,,
https://www.mubawab.tn/fr/a/8060086/s2-avec-terrasse-et-abri-%C3%A0-hammamet-location,S2 avec terrasse et abri à Hammamet: Location,Hammamet à Hammamet,1 100 TND,,5.0,,1.0,,1.0,1.0,1.0,1.0,1.0,Appartement,Bon état,36.40108,10.61457,,2.0,,,1.0,,,,,,,,1.0,1.0,1.0,1.0,,,,,1.0,,,,,1er,,,,,,,
https://www.mubawab.tn/fr/a/8081887/location-appartement-au-jardins-de-carthage,Location appartement au jardins de Carthage,Erriadh à Le Kram,2 050 TND,154.0,2.0,,1.0,,1.0,1.0,1.0,,,Appartement,Nouveau,36.833333,10.316667,,3.0,,,,,,,,,,,,,,,,,,,1.0,,,,,,,,,,,,
https://www.mubawab.tn/fr/a/7793514/s1-%C3%A0-afh-mrezga-hammamet-%C3%A0-louer,S1 à AFH Mrezga Hammamet à louer,Hammamet Nord à Hammamet,1 300 TND,,4.0,1.0,1.0,,1.0,1.0,1.0,1.0,1.0,Appartement,Bon état,36.40108,10.61457,,,,,1.0,1.0,,,,1.0,,,1.0,1.0,1.0,1.0,,,,,1.0,1.0,,1.0,,5ème,,,1.0,,,,
https://www.mubawab.tn/fr/a/8017989/appartement-avec-vue-mer-%C3%A0-louer-%C3%A0-hammamet,Appartement avec vue mer à louer à Hammamet,Hammamet à Hammamet,1 100 TND,,3.0,1.0,1.0,,1.0,1.0,,1.0,,Appartement,Bon état,36.40108,10.61457,,,,,1.0,1.0,,,,,,,1.0,1.0,1.0,,,,,,,1.0,,,,4ème,,,,,,,
https://www.mubawab.tn/fr/a/7998461/appartement-meubl%C3%A9-haut-standing-au-lac-2,Appartement meublé haut standing au lac 2,La Marsa à La Marsa,4 500 TND,160.0,4.0,,,1.0,1.0,1.0,1.0,1.0,1.0,Appartement,Bon état,36.876389,10.325278,,3.0,,,1.0,,1.0,1.0,,1.0,,,1.0,1.0,1.0,,,,,,1.0,,,1.0,,,,2.0,,,,,
https://www.mubawab.tn/fr/a/8075425/appartement-s3-moderne-et-lumineux,Appartement S3 moderne et lumineux,Khezama Est,1 500 TND,147.0,4.0,,1.0,,1.0,1.0,1.0,1.0,,Appartement,Nouveau,35.844,10.618753,,3.0,,,1.0,,,,,1.0,1.0,,,,,,,,,,1.0,1.0,,,,,,,,,,,
https://www.mubawab.tn/fr/a/8081912/appartement-s3-au-rdc-%C3%A0-la-soukra,Appartement S3 au RDC à La Soukra,La Soukra à La Soukra,2 300 TND,200.0,4.0,,,,,1.0,1.0,1.0,,Appartement,Bon état,36.883333,10.25,,3.0,,,1.0,,,1.0,1.0,,,,,1.0,,,,,,,1.0,,,,,,,3.0,,,,,
https://www.mubawab.tn/fr/a/8081889/a-louer-appartement-s2-au-coeurs-de-la-marsa,A louer Appartement S2 au coeurs de la Marsa,La Marsa à La Marsa,2 000 TND,,,,,,,1.0,1.0,1.0,,Appartement,,36.8941992,10.2762232,,3.0,,,,,,,,,,,,,,,,,,,,,,,,,,,,,,,
https://www.mubawab.tn/fr/a/8019783/a-louer-duplex-en-s3-avec-piscine-%C3%A0-la-marsa,A louer duplex en S3 avec piscine à la Marsa,La Marsa à La Marsa,4 300 TND,160.0,5.0,,,,,1.0,1.0,,,Appartement,Nouveau,36.8941992,10.2762232,,4.0,,,1.0,,,,,,,,,,,,,,,,1.0,,,,,,,3.0,1.0,,,,
https://www.mubawab.tn/fr/a/7990110/magnifique-%C3%A9tage-de-villa-s3-a-la-marsa,Magnifique étage de villa S3 a la marsa,La Marsa à La Marsa,3 000 TND,160.0,,,,,,,,1.0,,Appartement,,36.8941992,10.2762232,,3.0,,,,,,,,,,,,,,,,,,,1.0,,,,,,,,,,,,
https://www.mubawab.tn/fr/a/8070583/s1-meubl%C3%A9-%C3%A0-la-marsa-sidi-daoud-rpt-relais,S1 meublé à la marsa sidi daoud rpt relais,Gammarth à La Marsa,1 500 TND,75.0,2.0,1.0,1.0,,1.0,1.0,1.0,1.0,1.0,Appartement,Bon état,36.86869883672657,10.316179947021473,,,70 m²,,1.0,,1.0,1.0,1.0,1.0,1.0,1.0,1.0,1.0,1.0,1.0,,,5-10 ans,Marbre,1.0,1.0,,1.0,1.0,3ème,,,,,,,
https://www.mubawab.tn/fr/a/8029169/%C3%A0-louer-appartement-s2-vue-sur-mer-%C3%A0-la-marsa,À louer appartement S2 vue sur mer à la marsa,La Marsa à La Marsa,4 500 TND,150.0,2.0,,,1.0,,1.0,1.0,1.0,1.0,Appartement,Nouveau,36.8941992,10.2762232,,2.0,,,1.0,1.0,1.0,1.0,1.0,1.0,1.0,1.0,1.0,1.0,1.0,1.0,1.0,,Moins d'un an,Marbre,1.0,,1.0,1.0,1.0,,Est,3.0,,,,,
https://www.mubawab.tn/fr/a/8081426/immeuble-7000m%C2%B2-%C3%A0-louer-au-lac-2,Immeuble 7000m² à louer au Lac 2,Les Berges Du Lac 2 à La Marsa,Prix à consulter,7100.0,,,,,,,,,,Appartement,,36.8468986,10.2641808,,,,,,,,,,,,,,,,,,,,,1.0,,,,,,,,,,,,
https://www.mubawab.tn/fr/a/8081299/s3-en-location,S3 en location,El Menzah 9 à El Menzah,1 350 TND,150.0,,,,,1.0,1.0,1.0,,,Appartement,,36.8482637,10.1410889,,,,,1.0,,,,,,,,,,,,,,,,,1.0,,,,,,,,,,,
https://www.mubawab.tn/fr/a/8074328/rdc-villa-kh%C3%A9zama-est-sans-meubles,Rdc Villa Khézama Est Sans Meubles,Khezama Est,2 300 TND,200.0,5.0,,,1.0,,1.0,1.0,1.0,,Appartement,Bon état,35.844,10.618753,,3.0,160 m²,,1.0,,,,1.0,1.0,,,,,,,,,1-5 ans,Marbre,,,,,,,Est,2.0,,1.0,,,
https://www.mubawab.tn/fr/a/8081010/rdc-en-s2-%C3%A0-louer-au-centre-hammamet,RDC en S2 à louer au centre Hammamet,Hammamet à Hammamet,1 200 TND,,6.0,,,,1.0,1.0,1.0,1.0,1.0,Appartement,Bon état,36.40108,10.61457,,2.0,,,1.0,,1.0,1.0,,,,1.0,1.0,1.0,1.0,1.0,,,,,,,,,,,,2.0,,,,,
https://www.mubawab.tn/fr/a/8075044/%C3%A0-louer-appartement-s3-%C3%A0-hergla,À Louer: Appartement S3 à Hergla,Hergla,900 TND,150.0,4.0,,1.0,,1.0,1.0,1.0,1.0,1.0,Appartement,Bon état,36.0301,10.5079,,3.0,,,1.0,,,,,1.0,1.0,,1.0,1.0,1.0,1.0,,,,,,,,1.0,,,,,,,,,
https://www.mubawab.tn/fr/a/8074541/location-annuelle-appartement-s1,Location Annuelle Appartement S1,Sousse Corniche,750 TND,70.0,2.0,1.0,1.0,,1.0,1.0,1.0,1.0,,Appartement,Nouveau,35.81771,10.64549,,,,,,,,,,,,,,,,,,,,,,1.0,,1.0,,,,,,,,,
https://www.mubawab.tn/fr/a/8074531/location-annuelle-appartement-s2-%C3%A0-hergla,Location Annuelle Appartement S2 à Hergla,Hergla,850 TND,80.0,3.0,,1.0,,1.0,1.0,1.0,1.0,,Appartement,Nouveau,36.0301,10.5079,,2.0,,,,,,,,1.0,,,1.0,1.0,,,,,,,,,,,,,,,,,,,
https://www.mubawab.tn/fr/a/8042577/location-appartement,Location Appartement,Tantana à Hammam Sousse,900 TND,80.0,3.0,,1.0,,,1.0,1.0,1.0,,Appartement,Bon état,35.8569,10.5972,,2.0,,,1.0,,,,,,,,,,,,,,,,,1.0,,,,,,,,,,,
https://www.mubawab.tn/fr/a/7888494/a-louer-un-appartement-s2-meubl%C3%A9-%C3%A0-khzema-sousse,A louer un Appartement S2 meublé à khzema sousse,Khezama Est,2 000 TND,110.0,3.0,,1.0,,1.0,1.0,1.0,1.0,1.0,Appartement,Bon état,35.832439,10.622471,,2.0,,,1.0,1.0,1.0,1.0,1.0,,1.0,,1.0,,1.0,,,,,,,1.0,,,,5ème,,,,,,,
https://www.mubawab.tn/fr/a/7888528/appartement-dans-r%C3%A9sidence-familiale-et-s%C3%A9curis%C3%A9,Appartement dans Résidence Familiale et Sécurisé,Msaken,600 TND,120.0,3.0,,1.0,,,1.0,1.0,1.0,,Appartement,Bon état,35.43188,10.3534,,2.0,,,1.0,,1.0,1.0,,,1.0,,,,,,,,,,,,,,,2ème,,,,,,,
https://www.mubawab.tn/fr/a/7950173/location-s3-de-standing-%C3%A0-hergla,Location S3 de standing à Hergla,Hergla,1 500 TND,200.0,4.0,,1.0,,1.0,1.0,1.0,1.0,1.0,Appartement,Nouveau,36.0301,10.5079,,3.0,,,1.0,,1.0,1.0,1.0,1.0,1.0,1.0,1.0,,1.0,,,,,,,,,,1.0,1er,,,,,,,
https://www.mubawab.tn/fr/a/8051097/location-saisonni%C3%A8re-appartement-el-kantaoui,Location saisonnière Appartement El Kantaoui,Khezama Est,1 300 TND,160.0,3.0,,1.0,,,1.0,1.0,1.0,,Appartement,Bon état,35.844,10.618753,,2.0,,,1.0,,,,,1.0,,,,,,,,,,,1.0,,,,,,,,,,,,
https://www.mubawab.tn/fr/a/8037555/location-appartement-chatt-meriem,Location Appartement Chatt Meriem,Chott Meriem à Akouda,2 200 TND,90.0,3.0,,1.0,,,1.0,1.0,1.0,,Appartement,Nouveau,35.87,10.57,,2.0,,,1.0,1.0,,,,1.0,,,,,,,,,,,1.0,1.0,,,,,,,1.0,,,,
https://www.mubawab.tn/fr/a/7895194/coquet-appartement-%C3%A0-louer,Coquet appartement à louer,Sousse Corniche,1 500 TND,120.0,3.0,,1.0,,1.0,1.0,1.0,1.0,1.0,Appartement,Bon état,35.81771,10.64549,,2.0,,,,,1.0,1.0,1.0,,1.0,,1.0,,1.0,,,,,,1.0,1.0,,,,7ème,,,,,,,
https://www.mubawab.tn/fr/a/8021631/appartement-s2-pour-la-location-annuelle-a-khzema,Appartement s2 pour la location annuelle a khzema,Khezama Ouest,850 TND,100.0,3.0,,1.0,,1.0,1.0,1.0,,,Appartement,Nouveau,35.7218,10.6179,,2.0,,,1.0,,1.0,,1.0,,,,,,,,,,1-5 ans,Marbre,,1.0,,,,2ème,Ouest,,,,,,
https://www.mubawab.tn/fr/a/8021611/appartement-s2-haute-standing-%C3%A0-corniche-sousse,Appartement S2 haute standing à corniche sousse,Sousse Corniche,1 300 TND,80.0,3.0,,1.0,,1.0,1.0,1.0,,1.0,Appartement,Bon état,35.81771,10.64549,,2.0,,,,,1.0,1.0,1.0,1.0,1.0,1.0,1.0,1.0,,,1.0,,1-5 ans,Marbre,,1.0,,,,2ème,Nord,,,,,,
https://www.mubawab.tn/fr/a/8019482/location-scolaire-s1-%C3%A0-chott-meriem,Location scolaire S1 à Chott Meriem,Chott Meriem à Akouda,1 000 TND,75.0,2.0,1.0,1.0,,1.0,1.0,1.0,1.0,1.0,Appartement,Bon état,35.87,10.57,,,,,1.0,,,,1.0,1.0,1.0,,1.0,1.0,1.0,,,,1-5 ans,Carrelage,1.0,1.0,,1.0,,3ème,Nord,,1.0,,,,
https://www.mubawab.tn/fr/a/8019478/location-scolaire-s1-%C3%A0-tantana,Location Scolaire s1 à Tantana,Tantana à Akouda,600 TND,65.0,2.0,1.0,1.0,,1.0,1.0,,1.0,1.0,Appartement,Bon état,35.87,10.57,,,,,1.0,,,,,,,1.0,1.0,1.0,,,,,1-5 ans,Carrelage,,1.0,,1.0,,2ème,Ouest,,1.0,,,,
https://www.mubawab.tn/fr/a/8046897/location-appartement-hergla,Location Appartement Hergla,Hergla,1 000 TND,150.0,4.0,,1.0,,1.0,1.0,1.0,,,Appartement,Bon état,36.0301,10.5079,,3.0,,,,1.0,,,,,,,,,,,,,,,,,,,,,,,,,,,
https://www.mubawab.tn/fr/a/8043917/location-appartement-hergla,Location Appartement Hergla,Hergla,1 000 TND,180.0,4.0,,1.0,1.0,,1.0,1.0,,,Appartement,Bon état,36.0301,10.5079,,3.0,,,,,,,,,,,,,,,,,,,,,,,,,,,,,,,
https://www.mubawab.tn/fr/a/8071401/location-annuelle-s3-non-meubl%C3%A9-golf-kantaoui,Location Annuelle S3 non meublé Golf Kantaoui,El Kantaoui à Hammam Sousse,2 200 TND,100.0,4.0,,,,,1.0,1.0,1.0,,Appartement,Nouveau,35.8569,10.5972,,3.0,,,,,1.0,,,,1.0,,1.0,1.0,1.0,,,,,,,,,,,,,2.0,,,,,
https://www.mubawab.tn/fr/a/8071477/appartement-de-type-s1-meubl%C3%A9,Appartement de type S1 meublé,Chott Meriem à Akouda,900 TND,90.0,2.0,1.0,1.0,,1.0,1.0,1.0,1.0,,Appartement,Nouveau,35.87,10.57,,,,,,,,,,,,,,,,,,,,,,,,,,3ème,,,,,,,
https://www.mubawab.tn/fr/a/8021609/location-annuelle-s1-%C3%A0-hergla,Location annuelle S1 à Hergla,Hergla,550 TND,60.0,2.0,1.0,1.0,,1.0,1.0,,1.0,1.0,Appartement,Bon état,36.0301,10.5079,,,,,1.0,,,,,,,,1.0,1.0,,,,,1-5 ans,Marbre,,1.0,,,,1er,Ouest,,,,,,
https://www.mubawab.tn/fr/a/7934623/appartement-s2-meubl%C3%A9-%C3%A0-la-corniche-de-sousse,Appartement S2 meublé à la corniche de Sousse,Sousse Corniche,1 350 TND,133.0,3.0,,1.0,,1.0,1.0,1.0,1.0,1.0,Appartement,Bon état,35.81771,10.64549,,2.0,,,1.0,,1.0,,,1.0,,1.0,1.0,,1.0,,,,,,1.0,1.0,,,,7ème,,,,,,,
https://www.mubawab.tn/fr/a/7905864/magnifique-appartement-%C3%A0-kantaoui,Magnifique appartement à kantaoui,El Kantaoui à Hammam Sousse,1 300 TND,90.0,3.0,,1.0,,,1.0,1.0,1.0,,Appartement,Nouveau,35.8569,10.5972,,2.0,,,1.0,1.0,1.0,1.0,,,1.0,,,,,,,,,,,1.0,,,,,,,,,,,
https://www.mubawab.tn/fr/a/7902080/location-appartement-el-kantaoui,Location appartement el kantaoui,El Kantaoui à Hammam Sousse,750 TND,100.0,3.0,,1.0,,1.0,1.0,1.0,,,Appartement,Bon état,35.8569,10.5972,,2.0,,,,,,,1.0,,,,1.0,,1.0,,,,,,,,,,,,,,,,,,
https://www.mubawab.tn/fr/a/7903884/appartement-%C3%A0-louer,Appartement à louer,Tantana,1 000 TND,110.0,4.0,,1.0,,1.0,1.0,1.0,1.0,,Appartement,Bon état,35.94312,10.52022,,3.0,,,,,,,1.0,,1.0,,1.0,,1.0,,,,,,,,,,,1er,,,,,,,
https://www.mubawab.tn/fr/a/8071482/appartement-s2-%C3%A0-kantaoui-sousse,"Appartement S2 à Kantaoui, Sousse",El Kantaoui à Hammam Sousse,1 500 TND,80.0,3.0,,1.0,,1.0,1.0,1.0,1.0,1.0,Appartement,Bon état,35.8569,10.5972,,2.0,,,,,,,,1.0,,,1.0,1.0,1.0,1.0,,,,,,,,,,,,,,,,,
https://www.mubawab.tn/fr/a/8070227/appartement-s3-haut-standing-meubl%C3%A9-%C3%A0-tantana,Appartement S3 Haut Standing meublé à Tantana,Tantana,1 200 TND,100.0,4.0,,1.0,,1.0,1.0,1.0,1.0,1.0,Appartement,Nouveau,35.94312,10.52022,,3.0,,,,,,,,1.0,1.0,,,1.0,,1.0,,,,,,,,,,,,,,,,,
https://www.mubawab.tn/fr/a/8079627/location-annuelle-s-2-folla-palm-lake-monastir,Location annuelle S 2 Folla Palm lake Monastir,Zone Touristique à Monastir Ville,1 700 TND,150.0,3.0,,1.0,,1.0,1.0,1.0,1.0,,Appartement,Bon état,35.7678,10.8225,,2.0,,,1.0,,,,,1.0,,,,,,,1.0,,,,1.0,,,,,,,,1.0,,,,
https://www.mubawab.tn/fr/a/7895481/location-annuelle-s1-%C3%A0-hergla,Location annuelle S1 à Hergla,Hergla,700 TND,55.0,2.0,1.0,1.0,,1.0,1.0,,1.0,,Appartement,Bon état,36.0301,10.5079,,,,,,,1.0,1.0,1.0,,1.0,,1.0,,1.0,,,,,,,1.0,,,,1er,,,,,,,
https://www.mubawab.tn/fr/a/7880990/joli-appartement-sur-la-route-touristique-de-sousse,Joli appartement sur la route touristique de Sousse,Khezama Est,2 000 TND,160.0,3.0,,1.0,,1.0,1.0,1.0,1.0,1.0,Appartement,Bon état,35.832439,10.622471,,2.0,,,1.0,1.0,1.0,1.0,1.0,1.0,1.0,1.0,1.0,1.0,1.0,,,,5-10 ans,Marbre,,1.0,,1.0,1.0,4ème,Nord,,1.0,,,,
https://www.mubawab.tn/fr/a/8070665/location-appartement-khezema,Location Appartement Khezema,Khezama Est,1 200 TND,72.0,2.0,1.0,1.0,,1.0,1.0,1.0,1.0,,Appartement,Bon état,35.844,10.618753,,,,,,,,,,1.0,,,,,,,,,,,,1.0,,1.0,,5ème,,,,,,,
https://www.mubawab.tn/fr/a/7965143/rdc-s2-avec-02-terrasse-%C3%A0-louer-%C3%A0-hammamet,RDC S2 avec 02 terrasse à louer à Hammamet,Hammamet à Hammamet,1 400 TND,,6.0,,,,1.0,1.0,1.0,1.0,1.0,Appartement,Bon état,36.40108,10.61457,,2.0,,,1.0,,,,,1.0,1.0,1.0,1.0,1.0,1.0,,,,,,,,,,,,,2.0,,,,,
https://www.mubawab.tn/fr/a/8080926/etage-de-villa-en-s4-%C3%A0-louer-hammamet,Etage de villa en S4 à louer Hammamet,Hammamet à Hammamet,2 000 TND,,10.0,,,,1.0,1.0,1.0,1.0,1.0,Appartement,Bon état,36.40108,10.61457,,4.0,,,1.0,,,1.0,,,,1.0,1.0,1.0,1.0,1.0,,,,,1.0,,,,,,,3.0,,,,,
https://www.mubawab.tn/fr/a/8080925/appartement-meubl%C3%A9-sahloul,Appartement meublé sahloul,Sahloul à Sousse Jaouhara,1 600 TND,140.0,3.0,,1.0,,1.0,1.0,1.0,1.0,1.0,Appartement,Nouveau,35.832439,10.622471,,2.0,120 m²,20 m²,1.0,,1.0,,1.0,1.0,1.0,,1.0,1.0,1.0,,1.0,,1-5 ans,Marbre,1.0,1.0,,,,1er,,,,,,,
https://www.mubawab.tn/fr/a/7960510/s3-%C3%A0-louer-au-jardin-de-carthage,S3 à Louer au Jardin de Carthage,Les Jardins de Carthage à Le Kram,1 800 TND,,7.0,,,,,1.0,1.0,1.0,,Appartement,Nouveau,36.833333,10.316667,,3.0,,,1.0,,1.0,,1.0,1.0,,1.0,,1.0,,,,1.0,1-5 ans,Marbre,1.0,1.0,,1.0,,2ème,,2.0,,,,,
https://www.mubawab.tn/fr/a/8080548/a-louer-un-appartement,A louer un appartement,Cité Olympique à Cité El Khadra,1 450 TND,90.0,4.0,,,,,,1.0,1.0,,Appartement,Bon état,36.823935,10.226369,,3.0,90 m²,,1.0,,,,,,,,,,,,,,1-5 ans,Marbre,1.0,,,,,1er,,2.0,,,,,
https://www.mubawab.tn/fr/a/8080678/s2-en-location,S2 en location,La Marsa,3 500 TND,145.0,,,,,1.0,1.0,1.0,,,Appartement,,36.876389,10.325278,,,,,1.0,,,,,1.0,,,,1.0,,,,,,,1.0,,,,,,,,,,,,
https://www.mubawab.tn/fr/a/8080625/appartement-s2-%C3%A0-ain-zaghouan-nord,Appartement S2 à Ain Zaghouan nord,Ain Zaghouan Nord à La Marsa,1 700 TND,120.0,3.0,,,,,1.0,1.0,1.0,,Appartement,Bon état,36.876389,10.325278,,2.0,,,1.0,,,1.0,1.0,,,,,1.0,,,,,,,1.0,1.0,,,,,,2.0,,,,,
https://www.mubawab.tn/fr/a/8064735/s2-en-location,S2 en location,La Soukra à La Soukra,1 200 TND,80.0,,,,1.0,1.0,,1.0,,,Appartement,,36.88833,10.27417,,,,,,,,,,,,,,1.0,,,,,,,,,,,,,,,,,,,
https://www.mubawab.tn/fr/a/8070325/a-louer-un-duplex-en-s3-%C3%A0-la-marsa,A louer un duplex en S3 à la Marsa,La Marsa à La Marsa,4 300 TND,200.0,4.0,,,,,1.0,1.0,,,Appartement,Nouveau,36.876389,10.325278,,3.0,,,1.0,,,,,,,1.0,,1.0,,,,,,,1.0,,,,,,,2.0,1.0,,,,
https://www.mubawab.tn/fr/a/7771638/appartement-s3-%C3%A0-louer-%C3%A0-hammamet,Appartement S3 à louer à Hammamet,Hammamet à Hammamet,1 900 TND,,7.0,,,1.0,1.0,1.0,1.0,1.0,1.0,Appartement,Bon état,36.40108,10.61457,,3.0,,,1.0,,,,,1.0,,,1.0,1.0,1.0,1.0,,,,,1.0,1.0,,1.0,,3ème,,2.0,1.0,,,,
https://www.mubawab.tn/fr/a/8044036/location-s1-avec-place-parking-%C3%A0-hammamet,Location: S1 avec place parking à Hammamet,Hammamet à Hammamet,1 200 TND,,4.0,1.0,1.0,,1.0,1.0,1.0,1.0,1.0,Appartement,Bon état,36.40108,10.61457,,,,,1.0,,,,,1.0,1.0,,1.0,1.0,1.0,1.0,,,,,1.0,1.0,,1.0,,1er,,,,,,,
https://www.mubawab.tn/fr/a/8070169/appartement-en-s1-%C3%A0-louer-%C3%A0-hammamet-nord,Appartement en s1 à louer à hammamet Nord,Hammamet à Hammamet,2 000 TND,,4.0,1.0,1.0,,1.0,1.0,1.0,,,Appartement,Bon état,36.40108,10.61457,,,1 m²,,1.0,1.0,1.0,,,1.0,,1.0,,,,,,,,,1.0,1.0,,1.0,,,,,1.0,,,,
https://www.mubawab.tn/fr/a/8031735/un-rdc-en-s2-avec-jardin-%C3%A0-louer-%C3%A0-hammamet,Un RDC en S2 avec jardin à louer à Hammamet,Hammamet à Hammamet,1 000 TND,,5.0,,1.0,1.0,1.0,1.0,1.0,1.0,1.0,Appartement,Bon état,36.40108,10.61457,,2.0,,,,,,,,,,1.0,1.0,1.0,1.0,,,,,,,,,,,,,,,,,,
https://www.mubawab.tn/fr/a/8022370/appartements-s2-%C3%A0-louer-hammamet-nord,Appartements S2 à louer Hammamet Nord,Hammamet Nord à Hammamet,1 300 TND,,5.0,,1.0,,1.0,1.0,1.0,1.0,1.0,Appartement,Bon état,36.40108,10.61457,,2.0,,,,,,,,1.0,,1.0,1.0,1.0,,1.0,,,,,,,,,,,,,,,,,
https://www.mubawab.tn/fr/a/8070955/a-louer-rez-de-chauss%C3%A9e-s2-meubl%C3%A9-%C3%A0-la-marsa-sidi-abdelaziz,A louer Rez de chaussée S2 meublé à la Marsa Sidi Abdelaziz,La Marsa à La Marsa,3 300 TND,140.0,,,1.0,1.0,1.0,1.0,1.0,1.0,1.0,Appartement,Bon état,36.876389,10.325278,1.0,2.0,,,1.0,,,1.0,1.0,1.0,,,1.0,1.0,1.0,1.0,,,,,,,,,,,,,,,,,
https://www.mubawab.tn/fr/a/8080411/appartement-richement-meubl%C3%A9-%C3%A0-la-marsa,Appartement richement meublé à la Marsa,La Marsa à La Marsa,2 500 TND,90.0,3.0,,,,1.0,1.0,1.0,1.0,1.0,Appartement,Bon état,36.876389,10.325278,,2.0,,,1.0,,1.0,1.0,,,,,1.0,1.0,1.0,,,,,,,,,,,,,2.0,,,,,
https://www.mubawab.tn/fr/a/8080386/s3-luxe-%C3%A0-louer-aux-jardins-de-carthage,S3 luxe à louer aux Jardins de Carthage,Les Jardins de Carthage à Le Kram,2 700 TND,,7.0,,,,,1.0,1.0,1.0,,Appartement,Bon état,36.833333,10.316667,,3.0,,,,,1.0,,1.0,1.0,1.0,1.0,,1.0,,1.0,,1.0,Moins d'un an,Marbre,1.0,1.0,,1.0,,3ème,,2.0,,,,,
https://www.mubawab.tn/fr/a/8080379/a-louer-s3-jardin-menzah-2,A Louer S3 Jardin Menzah 2,Les Jardins d'El Menzah 2 à Ariana Ville,1 300 TND,155.0,4.0,,,1.0,,,1.0,,,Appartement,Bon état,36.8625,10.19556,,3.0,137 m²,,1.0,,,,1.0,,,,,,,,,,10-20 ans,,1.0,1.0,,1.0,,3ème,Est,2.0,,,,,
https://www.mubawab.tn/fr/a/8071491/appartement-s3-avec-terrasse-aux-jdc,Appartement S3 avec terrasse aux JDC,Les Jardins de Carthage à Le Kram,3 500 TND,,5.0,,,,,1.0,1.0,1.0,,Appartement,Bon état,36.833333,10.316667,,4.0,,,1.0,,1.0,1.0,1.0,1.0,1.0,1.0,,1.0,,,1.0,1.0,1-5 ans,Carrelage,1.0,1.0,,1.0,,4ème,,4.0,,,,,
https://www.mubawab.tn/fr/a/8077979/appartement-%C3%A0-louer-pour-habitation-ou-bureautique,Appartement à louer pour habitation ou bureautique,Cité Jardins à Cité El Khadra,2 000 TND,180.0,3.0,,1.0,,,,1.0,,,Appartement,Nouveau,36.823935,10.226369,,2.0,,,,,,,,,,,,,,,,,,,1.0,1.0,,,,,,,,,,,
https://www.mubawab.tn/fr/a/8080247/a-louer-appartement-s1-%C3%A0-la-marsa,A louer Appartement S1 à la Marsa,La Marsa à La Marsa,2 050 TND,,,,,,1.0,1.0,1.0,1.0,,Appartement,,36.8941992,10.2762232,,2.0,,,,,,,,,,,,,,,,,,,1.0,,,,,,,,,,,,
https://www.mubawab.tn/fr/a/8079990/s3-en-location,S3 en location,Bizerte,850 TND,130.0,,,,,1.0,1.0,,,,Appartement,,37.266667,9.866667,,,,,1.0,,,,,1.0,,,,,,,,,,,,,,,,,,,,,,,
https://www.mubawab.tn/fr/a/8079944/appartement-en-location-2-chambres,Appartement en location. 2 chambres,Sousse Corniche,400 TND,60.0,,,1.0,,,,,,,Appartement,Bon état,35.79750006092879,10.62373182751833,,2.0,55 m²,10 m²,,,,,,,,,,,,,,,10-20 ans,Carrelage,,,,,,1er,Nord,,,,,,
https://www.mubawab.tn/fr/a/8079588/appartement-s3-%C3%A0-jardin-d-el-menzah-2,Appartement S3 à jardin d'el menzah 2,Les Jardins d'El Menzah 2 à Ariana Ville,1 300 TND,140.0,4.0,,,1.0,,1.0,1.0,1.0,,Appartement,Nouveau,36.8625,10.19556,,3.0,,,,,,,,1.0,1.0,1.0,,,,,,,,,1.0,1.0,,,1.0,,,2.0,,,,,
https://www.mubawab.tn/fr/a/8079910/etage-de-villa-s3-sidi-bou-sa%C3%AFd,"Etage de villa S3, Sidi Bou Saïd",Sidi Bousaid à Carthage,2 300 TND,204.0,4.0,,1.0,,,1.0,1.0,,,Appartement,Bon état,36.8566,10.3258,,3.0,204 m²,,1.0,,1.0,,,,,,,,,,,,,Parquet,,,1.0,,,1er,,,,,,,
https://www.mubawab.tn/fr/a/8079853/appartement-en-s1-%C3%A0-louer-hammamet,Appartement en S1 à louer Hammamet,Hammamet Nord à Hammamet,1 000 TND,,5.0,1.0,1.0,,1.0,1.0,1.0,1.0,1.0,Appartement,Bon état,36.40108,10.61457,,,,,1.0,,,,,,,,1.0,1.0,1.0,1.0,,,,,,,,,,,,,,,,,
https://www.mubawab.tn/fr/a/8079829/a-louer-s4-de-180m2-meubl%C3%A9-au-lac-2,A louer S4 de 180m2 meublé au lac 2,Les Berges Du Lac 2 à La Marsa,4 300 TND,180.0,5.0,,,,1.0,1.0,1.0,1.0,1.0,Appartement,Bon état,36.876389,10.325278,,4.0,,,1.0,,1.0,,,1.0,1.0,1.0,1.0,1.0,1.0,1.0,1.0,,,,1.0,1.0,,1.0,,,,3.0,,,,,
https://www.mubawab.tn/fr/a/8079835/%C3%A0-louer-appartement-vue-mer-%C3%A0-carthage,À Louer: Appartement Vue Mer à Carthage,Carthage à Carthage,3 300 TND,100.0,3.0,,,,1.0,1.0,1.0,1.0,1.0,Appartement,Bon état,36.8566,10.3258,,2.0,,,1.0,1.0,,1.0,,,,,1.0,1.0,1.0,,,,,,,,,,,,,2.0,,,,,
https://www.mubawab.tn/fr/a/8079796/appartement-s2-meubl%C3%A9-a-louer-a-nabeul,Appartement s2 meublé a louer a Nabeul,Cité El Wafa à Nabeul,1 300 TND,150.0,3.0,,1.0,,1.0,1.0,1.0,1.0,,Appartement,Nouveau,36.45056,10.73505,,2.0,,,,,,,,,,,,,1.0,,,,,,,,,,,,,,,,,,
https://www.mubawab.tn/fr/a/8076231/s2-%C3%A0-louer-au-jardin-de-carthage,S2 à Louer au Jardin de Carthage,Les Jardins de Carthage à Le Kram,1 600 TND,,5.0,,1.0,,,,1.0,1.0,,Appartement,Bon état,36.833333,10.316667,,2.0,,,,,,,1.0,1.0,1.0,1.0,,1.0,,1.0,,1.0,Moins d'un an,Marbre,1.0,1.0,,1.0,,,,,,,,,
https://www.mubawab.tn/fr/a/8028458/appartement-s2-%C3%A0-louer-%C3%A0-hammamet-ribat,Appartement S2 à louer à Hammamet Ribat,Hammamet à Hammamet,850 TND,,4.0,,1.0,,1.0,1.0,1.0,1.0,,Appartement,Nouveau,36.40108,10.61457,,2.0,,,1.0,,,,,,,1.0,,,,,,,,,,,,,,,,,,,,,
https://www.mubawab.tn/fr/a/7909310/maison-avec-jardin-et-abri-%C3%A0-hammamet-nord,Maison avec jardin et Abri à Hammamet Nord,Hammamet Nord à Hammamet,1 200 TND,,6.0,,1.0,1.0,1.0,1.0,1.0,1.0,1.0,Appartement,Bon état,36.40108,10.61457,,2.0,,,1.0,,,,,,,1.0,1.0,1.0,1.0,,,,,,1.0,,,,,,,,,,,,
https://www.mubawab.tn/fr/a/8002999/appartement-s2-pied-dans-l-eau-%C3%A0-louer-hammamet,Appartement s2 pied dans l'eau à louer Hammamet,Hammamet à Hammamet,2 600 TND,,6.0,,,,1.0,1.0,1.0,1.0,1.0,Appartement,Bon état,36.40108,10.61457,,2.0,,,1.0,,,,,1.0,,1.0,1.0,1.0,1.0,1.0,,1.0,,,1.0,1.0,,1.0,,,,2.0,,,,,
https://www.mubawab.tn/fr/a/8016360/s1-vue-mer-et-pied-dans-l-eau-%C3%A0-louer-%C3%A0-hammamet,S1 vue mer et pied dans l'eau à louer à Hammamet,Hammamet à Hammamet,1 300 TND,,3.0,1.0,1.0,1.0,1.0,1.0,1.0,1.0,1.0,Appartement,Bon état,36.40108,10.61457,,,,,1.0,1.0,,,,1.0,,,1.0,1.0,1.0,1.0,,,,,1.0,,,1.0,,,,,,,,,
https://www.mubawab.tn/fr/a/8078623/un-appartement-s3-meubl%C3%A9e,Un appartement S3 meublée,Ain Zaghouan Nord à La Marsa,2 900 TND,165.0,4.0,,,1.0,1.0,1.0,1.0,1.0,1.0,Appartement,Bon état,36.86238589999999,10.283503500000002,,3.0,155 m²,120 m²,1.0,,1.0,1.0,,1.0,1.0,,1.0,1.0,1.0,1.0,,,,,1.0,1.0,,1.0,1.0,,,3.0,,,,,
https://www.mubawab.tn/fr/a/8079446/appartement-s2-usage-bureautique,Appartement s2 usage bureautique,Le Kram à Le Kram,900 TND,87.0,,,1.0,,,,1.0,,,Appartement,Nouveau,36.83567343632777,10.317055656790936,,2.0,,,,,1.0,,,,,1.0,,,,,,,Moins d'un an,Marbre,,,,,1.0,2ème,Est,,,,,,
https://www.mubawab.tn/fr/a/8079674/a-louer-un-magnifique-s3-meubl%C3%A9-au-lac-2,A louer un magnifique s3 meublé au lac 2,Les Berges Du Lac 2 à La Marsa,4 000 TND,,4.0,,1.0,,1.0,,,,,Appartement,Bon état,36.876389,10.325278,,3.0,,,1.0,,,,,,,,,,,,,,,,1.0,,,,,,,,,,,,
https://www.mubawab.tn/fr/a/8008023/appartement-s3-meubl%C3%A9,Appartement s3 meublé,Cité Du Stade à La Marsa,2 300 TND,170.0,4.0,,,,1.0,1.0,1.0,1.0,1.0,Appartement,Bon état,36.876389,10.325278,,3.0,,,,,1.0,1.0,1.0,1.0,1.0,1.0,1.0,1.0,1.0,1.0,,1.0,1-5 ans,Marbre,1.0,,,,,1er,,2.0,,,,,
https://www.mubawab.tn/fr/a/8079666/etage-de-villa-meubl%C3%A9-vue-sur-mer-%C3%A0-la-marsa,Etage de villa meublé vue sur mer à La Marsa,La Marsa à La Marsa,4 000 TND,,,,1.0,,1.0,1.0,1.0,1.0,1.0,Appartement,Bon état,36.876389,10.325278,1.0,2.0,,,1.0,1.0,1.0,1.0,,,1.0,1.0,1.0,1.0,1.0,1.0,,,,,1.0,,,,,1er,,,,,,,
https://www.mubawab.tn/fr/a/8079665/a-louer-un-s3-meubl%C3%A9-au-lac-2,A louer un s3 meublé au lac 2,Les Berges Du Lac 2 à La Marsa,4 000 TND,,4.0,,1.0,,1.0,,,,,Appartement,Bon état,36.876389,10.325278,,3.0,,,1.0,,,,,,,,,,,,,,,,1.0,,,,,,,,,,,,
https://www.mubawab.tn/fr/a/8079606/appartement-meubl%C3%A9-avec-terrasse-%C3%A0-sidi-bousaid,Appartement meublé avec terrasse à Sidi Bousaid,Sidi Bousaid à Carthage,2 300 TND,,,,,,1.0,1.0,1.0,1.0,1.0,Appartement,Bon état,36.8566,10.3258,1.0,2.0,,,1.0,,,,,,,1.0,1.0,1.0,1.0,,,,,,,,,,,,,2.0,,,,,
https://www.mubawab.tn/fr/a/8079542/appartement-s2-%C3%A0-menzah-7,Appartement S2 à menzah 7,El Menzah 7 à Ariana Ville,1 150 TND,115.0,3.0,,1.0,,,,1.0,1.0,,Appartement,Bon état,36.8625,10.19556,,2.0,,,,,1.0,,,1.0,1.0,1.0,,,,,,1.0,,,1.0,1.0,,1.0,1.0,,,,,,,,
https://www.mubawab.tn/fr/a/8079495/appartement-s2-marsa-corniche,"Appartement S2, Marsa Corniche",La Marsa à La Marsa,1 600 TND,100.0,3.0,,1.0,,,1.0,1.0,1.0,,Appartement,Bon état,36.876389,10.325278,,2.0,100 m²,,,,,,,1.0,,,,1.0,,1.0,,,,,1.0,,,,,,,,,,,,
https://www.mubawab.tn/fr/a/8079479/appartement-s0-a-boumhal-bassatine,Appartement s0 a Boumhal Bassatine,Bou Mhel à Boumhel Bassatine,600 TND,60.0,,1.0,1.0,,,,1.0,1.0,,Appartement,Nouveau,36.57724,10.34246,1.0,,40 m²,,,,,,,1.0,,,,1.0,,,,,Moins d'un an,Parquet,1.0,1.0,,1.0,,,,,,,,,
https://www.mubawab.tn/fr/a/8079407/coquet-s1-richement-meubl%C3%A9,Coquet S1 richement meublé,La Marsa à La Marsa,1 900 TND,65.0,,1.0,,,1.0,,,,,Appartement,,36.8941992,10.2762232,,,,,,,,,,1.0,,,,,,,,,,,1.0,,,,,,,,,,,,
https://www.mubawab.tn/fr/a/8079383/magnifique-appartement-meuble-lac-1-a-louer,Magnifique appartement meuble lac 1 a louer,Les Berges Du Lac 1 à La Marsa,2 200 TND,100.0,3.0,,1.0,,1.0,1.0,1.0,1.0,1.0,Appartement,Bon état,36.8355152,10.2241758,,2.0,100 m²,10 m²,1.0,1.0,,,,,,1.0,1.0,1.0,1.0,,,1.0,10-20 ans,Carrelage,1.0,1.0,,,1.0,4ème,Sud,,,,,,
https://www.mubawab.tn/fr/a/8079145/tr%C3%A8s-bel-appartement-%C3%A0-m%C3%A9grine-coteau,Très bel appartement à Mégrine coteau,Megrine Coteau à Mégrine,1 350 TND,45.0,2.0,1.0,1.0,1.0,1.0,1.0,1.0,1.0,,Appartement,Nouveau,36.6938694,10.2622167,,,45 m²,20 m²,1.0,,,,1.0,,1.0,1.0,1.0,1.0,1.0,,1.0,,1-5 ans,Marbre,,,,,,,,,,,,,
https://www.mubawab.tn/fr/a/8070481/appartement-s3-meubl%C3%A9-%C3%A0-louer,Appartement S3 meublé à louer,La Marsa à La Marsa,2 000 TND,120.0,3.0,,1.0,,,,,1.0,,Appartement,Nouveau,36.876389,10.325278,,4.0,,,,,,,,,,,,,,,,,,,,,,,,,,,,,,,
https://www.mubawab.tn/fr/a/8078969/s1-entr%C3%A9e-ind%C3%A9pendante-avec-jardin,S1 entrée indépendante avec jardin,Cité Ennasr 1 à Ariana Ville,950 TND,100.0,,,1.0,1.0,,,,,,Appartement,Bon état,36.8625,10.19556,1.0,2.0,100 m²,,,,,,,,,,,,,,,,,,,,,,,,,,,,,,
https://www.mubawab.tn/fr/a/8078726/a-louer-appartement-s3-neuf-%C3%A0-la-marsa,A louer Appartement S3 neuf à la Marsa,La Marsa à La Marsa,3 000 TND,130.0,,,,,,,,1.0,,Appartement,,36.8941992,10.2762232,,4.0,,,1.0,,,,,,,,,,,,,,,,1.0,,,,,,,,,,,,
https://www.mubawab.tn/fr/a/8078697/s1-meubl%C3%A9-%C3%A0-la-marsa,S1 meublé à La Marsa,La Marsa à La Marsa,1 800 TND,500.0,2.0,1.0,1.0,,1.0,1.0,1.0,1.0,1.0,Appartement,Nouveau,36.876389,10.325278,,,,,,1.0,,1.0,,,,,1.0,1.0,1.0,,,,,,,,,,,,,,,,,,
https://www.mubawab.tn/fr/a/8076618/a-louer-s2-%C3%A0-riadh-elandalous,A louer S2 à Riadh ElAndalous,Riadh al Andalous à Ariana Ville,950 TND,120.0,3.0,,1.0,,,,,1.0,,Appartement,Bon état,36.8805752,10.1717264,,2.0,,,1.0,,,,,,,,,,,,,,,,,,,,,,,,,,,,
https://www.mubawab.tn/fr/a/8069898/a-louer-s1-rdc-%C3%A0-riadh-elandalous,A louer S1 RDC à Riadh ElAndalous,Riadh al Andalous à Ariana Ville,650 TND,70.0,2.0,1.0,1.0,,,1.0,1.0,1.0,,Appartement,Nouveau,36.8805752,10.1717264,,,70 m²,0 m²,,,,,,,,,,,,,,,,,,,,,,,,,,,,,
https://www.mubawab.tn/fr/a/8074064/charmant-appartement-s1-meubl%C3%A9,Charmant appartement S1 meublé,La Marsa à La Marsa,2 100 TND,60.0,,1.0,1.0,,1.0,,,1.0,,Appartement,Nouveau,36.876389,10.325278,,,,,,,,,,,,,,,,,,,,,,,,,,,,,,,,,
https://www.mubawab.tn/fr/a/8078483/jolie-appartement-s2-haut-standing,Jolie appartement s2 haut standing,La Soukra à La Soukra,1 250 TND,110.0,3.0,,1.0,,,1.0,1.0,,,Appartement,Bon état,36.88833,10.27417,,2.0,110 m²,,1.0,,,,1.0,1.0,1.0,1.0,1.0,1.0,1.0,,1.0,,5-10 ans,Marbre,,1.0,,1.0,,1er,Est,,,,,,
https://www.mubawab.tn/fr/a/8073624/appartement-en-location-%C3%A0-les-jardins-de-carthage-2-chambres-agr%C3%A9ables-bien-meubl%C3%A9-,Appartement en location à Les Jardins de Carthage. 2 chambres agréables. Bien meublé.,Les Jardins de Carthage à Le Kram,2 500 TND,130.0,,,,1.0,1.0,1.0,1.0,1.0,,Appartement,Nouveau,36.86637663765719,10.291447791548713,,2.0,130 m²,20 m²,1.0,,,,,1.0,1.0,1.0,,1.0,,,,,Moins d'un an,Marbre,1.0,1.0,,1.0,,2ème,Est,2.0,,,,,
https://www.mubawab.tn/fr/a/8069264/a-louer-appartement-s2-meubl%C3%A9e-%C3%A0-nabeul-cite-el-wafa,A louer Appartement s2 meublée à Nabeul cite el wafa,Cité El Wafa à Nabeul,1 300 TND,140.0,3.0,,,,1.0,1.0,1.0,1.0,1.0,Appartement,Bon état,36.45056,10.73505,,2.0,130 m²,10 m²,1.0,,,,,,,,1.0,1.0,1.0,,,1.0,,,,,1.0,,,2ème,,2.0,,,,,
https://www.mubawab.tn/fr/a/8078369/a-louer-%C3%A0-l%E2%80%99ann%C3%A9e-%C3%A0-hammamet,A louer à l’année à Hammamet,Hammamet à Hammamet,1 300 TND,109.0,,,1.0,,,1.0,1.0,,,Appartement,Bon état,36.40108,10.61457,1.0,2.0,,,,,,,,,,,,,,,,,,,,,,,,,,,,,,,
https://www.mubawab.tn/fr/a/8070731/location-appartement-annuel-s2-meubl%C3%A9,Location appartement annuel S2 Meublé,Hammamet à Hammamet,1 400 TND,,2.0,,1.0,,1.0,,,,,Appartement,Nouveau,36.40108,10.61457,,2.0,,,,,,,,,,,,,,,,,,,1.0,,,,,,,,1.0,,,,
https://www.mubawab.tn/fr/a/8013940/appartement-s2-%C3%A0-louer-centre-hammamet,Appartement S2 à louer centre Hammamet,Hammamet à Hammamet,1 200 TND,,4.0,,1.0,,1.0,1.0,1.0,1.0,1.0,Appartement,Bon état,36.40108,10.61457,,2.0,,,,,,,,,,1.0,1.0,1.0,1.0,,,,,,,,,,,3ème,,,,,,,
https://www.mubawab.tn/fr/a/8055897/location-s2-neuf-%C3%A0-ain-zaghoun-nord,Location s2 neuf à Ain zaghoun nord,Ain Zaghouan Nord à La Marsa,1 900 TND,120.0,,,,,,1.0,1.0,1.0,,Appartement,Nouveau,36.8623859,10.2835035,,2.0,,,1.0,,,,1.0,1.0,1.0,1.0,,1.0,,,,,1-5 ans,,1.0,1.0,,,,,,2.0,,,,,
https://www.mubawab.tn/fr/a/8078192/rez-de-chauss%C3%A9e-%C3%A0-louer-%C3%A0-chott-mariem,Rez de chaussée à louer à chott Mariem,Chott Meriem à Akouda,1 650 TND,100.0,6.0,,1.0,,1.0,1.0,,1.0,,Appartement,Bon état,35.87,10.57,,3.0,,,,,,,,,,,,,,,,,,,,,,,,,,,,,,,
https://www.mubawab.tn/fr/a/8060296/appartement-s2-jardin-d-el-menzah-2,Appartement S2 jardin d'el menzah 2,Les Jardins d'El Menzah 2 à Ariana Ville,1 250 TND,125.0,3.0,,,,,1.0,1.0,1.0,,Appartement,Nouveau,36.8625,10.19556,,2.0,,,1.0,,1.0,,,1.0,1.0,1.0,,,,,,,,,1.0,1.0,1.0,1.0,1.0,,,2.0,,,,,
https://www.mubawab.tn/fr/a/8038703/a-louer-penthouse-%C3%A0-ennaser-2,A louer Penthouse à Ennaser 2,Cité Ennasr 2 à Ariana Ville,3 000 TND,390.0,5.0,,,,1.0,1.0,1.0,1.0,,Appartement,Nouveau,36.8625,10.19556,,3.0,,,1.0,,1.0,,,1.0,1.0,1.0,1.0,1.0,1.0,1.0,,1.0,Moins d'un an,Marbre,1.0,1.0,1.0,1.0,1.0,,,3.0,,,,,
https://www.mubawab.tn/fr/a/7994050/appartement-s1-jamais-habit%C3%A9e-%C3%A0-menzah-9c,Appartement S1 jamais habitée à MENZAH 9C,El Menzah 9 à El Menzah,1 100 TND,80.0,2.0,1.0,1.0,,,1.0,1.0,1.0,,Appartement,Nouveau,36.84523500000001,10.164723,,,,,1.0,,1.0,,1.0,1.0,1.0,1.0,,1.0,,,,,5-10 ans,Marbre,,1.0,,1.0,1.0,5ème,,,,,,,
https://www.mubawab.tn/fr/a/8034698/appartement-s2-%C3%A0-ennasr-2-avenue-h%C3%A9di-ennouira,Appartement S2 à Ennasr 2 avenue hédi ennouira,Cité Ennasr 2 à Ariana Ville,1 200 TND,100.0,4.0,,,,,1.0,1.0,1.0,,Appartement,Nouveau,36.844949,10.137862,,3.0,,,,,,,,,1.0,1.0,,,,,,,,,,1.0,,1.0,1.0,3ème,,2.0,,,,,
https://www.mubawab.tn/fr/a/8070114/un-appartement-s2-de-120m%C2%B2-%C3%A0-nouvelle-medina,Un Appartement S2 de 120m² à Nouvelle Medina,Nouvelle Medina à Nouvelle Medina,850 TND,120.0,3.0,,1.0,,1.0,,1.0,,,Appartement,Bon état,36.78898,10.18348,,2.0,,,,,,,,,,,,,,,,,,,1.0,1.0,,1.0,,,,,,,,,
https://www.mubawab.tn/fr/a/8077952/appartement-s2-%C3%A0-louer-%C3%A0-hammamet,Appartement S2 à louer à Hammamet,Hammamet à Hammamet,1 400 TND,,5.0,,1.0,,1.0,1.0,1.0,1.0,1.0,Appartement,Bon état,36.40108,10.61457,,3.0,1 m²,,1.0,,1.0,,,,,1.0,1.0,1.0,1.0,,,,,,,,,,,,,,,,,,
https://www.mubawab.tn/fr/a/8078021/appartement-location-annuelle,Appartement location annuelle,Houmt Souk à Houmt Souk,1 100 TND,150.0,2.0,,1.0,,1.0,1.0,,1.0,1.0,Appartement,Bon état,33.866667,10.85,,2.0,,50 m²,1.0,,,,,,,,1.0,1.0,1.0,1.0,1.0,,,,1.0,,,,,,,,,,,,
https://www.mubawab.tn/fr/a/8010445/appartement-%C3%A0-louer-%C3%A0-chatt-mariem,Appartement à louer à Chatt Mariem,Chott Meriem à Akouda,800 TND,60.0,4.0,1.0,1.0,,,,1.0,,,Appartement,Nouveau,35.87,10.57,,,,,1.0,,,,,,,,,,,,,,,,,,,,,,,,,,,,
https://www.mubawab.tn/fr/a/8077994/a-louer-un-appartement-s3-jamais-habiter-au-kram,A louer un appartement S3 jamais habiter au kram,La Goulette à La Goulette,1 300 TND,150.0,5.0,,1.0,,,1.0,1.0,1.0,,Appartement,Bon état,36.818056,10.305,,3.0,150 m²,15 m²,1.0,,1.0,,1.0,,1.0,1.0,,,,,,,Moins d'un an,Marbre,,,,,1.0,1er,Est,,,,,,
https://www.mubawab.tn/fr/a/7902807/a-louer-appartement-meuble-marsa-plage,A Louer Appartement meuble Marsa Plage,La Marsa à La Marsa,3 000 TND,,2.0,1.0,1.0,,1.0,1.0,1.0,1.0,1.0,Appartement,Nouveau,36.876389,10.325278,,,,,1.0,,,1.0,,1.0,1.0,1.0,1.0,1.0,1.0,1.0,,1.0,,,1.0,,,1.0,,,,,,,,,
https://www.mubawab.tn/fr/a/8077971/location-appartement-s1-jardins-de-carthage,Location appartement S1 jardins de Carthage,Les Jardins de Carthage à Le Kram,1 300 TND,70.0,2.0,1.0,1.0,,,1.0,1.0,1.0,,Appartement,Bon état,36.8555704,10.291834,,,70 m²,,,,,,,1.0,1.0,1.0,,1.0,,,,,1-5 ans,Marbre,1.0,1.0,,1.0,,3ème,,,,,,,
https://www.mubawab.tn/fr/a/7898553/a-louer-un-appartement-s2-meubl%C3%A9-%C3%A0-sousse,A louer un appartement s2 meublé à sousse,Sousse Ville,1 300 TND,100.0,,,,,1.0,1.0,1.0,,,Appartement,,35.8273,10.6339,,2.0,,,1.0,,,,,1.0,,,,1.0,,,,,,,,1.0,,,,,,,,,,,
https://www.mubawab.tn/fr/a/7877149/a-louer-s3-haut-standing-%C3%A0-hammam-sousse,A louer S3 Haut Standing à Hammam Sousse,Cité de la Plage à Hammam Sousse,1 500 TND,150.0,3.0,,1.0,,1.0,1.0,1.0,1.0,1.0,Appartement,Nouveau,35.8569,10.5972,,4.0,,,1.0,,,,,1.0,,,,1.0,,,,,,,1.0,1.0,,,,,,,,,,,
https://www.mubawab.tn/fr/a/8077927/a-louer-%C3%A0-l%E2%80%99ann%C3%A9e-%C3%A0-hammamet-un-%C3%A9tage-de-villa-s3,A louer à l’année à Hammamet un étage de villa S3,Hammamet Sud à Hammamet,950 TND,100.0,4.0,,1.0,,,,,,,Appartement,Bon état,36.40108,10.61457,,3.0,,,1.0,,,,,,,,,,,,,,,,1.0,,,,,,,,,,,,
https://www.mubawab.tn/fr/a/7849647/a-louer-s1-meubl%C3%A9-%C3%A0-kantaoui,A louer s1 meublé à kantaoui,El Kantaoui à Hammam Sousse,950 TND,70.0,,,1.0,,1.0,1.0,1.0,,,Appartement,Nouveau,35.898175,10.58025,1.0,2.0,,,1.0,,,,,1.0,,,,,,,,,,,1.0,,,,,,,,,,,,
https://www.mubawab.tn/fr/a/7830495/a-louer-s2-standing-%C3%A0-sahloul,A louer s2 standing à Sahloul,Sousse Jaouhara à Sousse Jaouhara,1 200 TND,100.0,2.0,,1.0,,1.0,1.0,1.0,,,Appartement,Nouveau,35.825603,10.608395,,3.0,,,,,,,,1.0,,,,,,,,,,,,,,,,,,,,,,,
https://www.mubawab.tn/fr/a/7803136/a-vendre-spacieux-s1-maison-de-la-mer,A vendre spacieux S1 maison de la mer,El Kantaoui à Hammam Sousse,420 000 TND,80.0,,1.0,1.0,1.0,,1.0,1.0,,,Appartement,Nouveau,35.898175,10.58025,1.0,,,,1.0,,,,,,,,,,,,,,,,,,,,,,,,,,,,
https://www.mubawab.tn/fr/a/7809301/a-louer-s2-%C3%A0-sousse-vue-mer,A louer S2 à Sousse vue mer,Sousse Ville,1 500 TND,120.0,,,,,1.0,1.0,1.0,,,Appartement,,35.8273,10.6339,,3.0,,,1.0,,,,,1.0,,,,1.0,,,,,,,,1.0,,,,,,,,,,,
https://www.mubawab.tn/fr/a/7841112/a-louer-s2-meubl%C3%A9-%C3%A0-soviva,A louer S2 meublé à Soviva,El Kantaoui à Hammam Sousse,850 TND,70.0,2.0,,1.0,,1.0,,,,,Appartement,Nouveau,35.898175,10.58025,,3.0,,,,,,,,,,,,,,,,,,,,,,,,,,,,,,,
https://www.mubawab.tn/fr/a/7918047/a-louer-un-s3-vue-mer-%C3%A0-kantaoui,A louer un s3 vue mer à kantaoui,Cité de la Plage à Hammam Sousse,1 300 TND,150.0,3.0,,1.0,,1.0,1.0,1.0,,,Appartement,Nouveau,35.8569,10.5972,,3.0,,,1.0,,,,,,,,,1.0,,,,,,,,,,,,,,,,,,,
https://www.mubawab.tn/fr/a/7831537/a-louer-appartement-s2-sur-la-zone-touristique-de-khzama,A louer Appartement s2 sur la zone touristique de khzama,Khezama Est,2 000 TND,120.0,2.0,,1.0,,,1.0,1.0,,,Appartement,Nouveau,35.844,10.618753,,3.0,,,,,,,,1.0,,,,,,,,,,,1.0,1.0,,,,,,,,,,,
https://www.mubawab.tn/fr/a/7831099/a-louer-s1-meubl%C3%A9-de-haut-standing-%C3%A0-hammam-sousse,A louer S1 meublé de haut standing à Hammam sousse,Hammam Sousse à Hammam Sousse,1 150 TND,70.0,,,1.0,,1.0,1.0,1.0,,,Appartement,Nouveau,35.8569,10.591507,1.0,2.0,,,1.0,,,,,1.0,,,,,,,,,,,,,,,,,,,,,,,
https://www.mubawab.tn/fr/a/8070693/a-louer-un-appartement-s1-meubl%C3%A9-%C3%A0-la-marsa-plage,A louer un Appartement S1 meublé à la Marsa Plage,La Marsa à La Marsa,2 100 TND,60.0,,,,,1.0,1.0,1.0,,,Appartement,,36.8941992,10.2762232,,2.0,,,1.0,,,,,1.0,,,,,,,,,,,,,,,,,,,,,,,
https://www.mubawab.tn/fr/a/8077884/appartement-s3-%C3%A0-louer-%C3%A0-la-marsa,Appartement S3 à louer à La Marsa,La Marsa à La Marsa,3 500 TND,140.0,,,,,,,,1.0,,Appartement,,36.8941992,10.2762232,,3.0,,,1.0,,,,,,,,,,,,,,,,1.0,,,,,,,,,,,,
https://www.mubawab.tn/fr/a/8030393/appartement-en-s1-vide-%C3%A0-centre-ville,Appartement en S1 vide à centre ville,Nabeul à Nabeul,700 TND,100.0,,1.0,,,,1.0,1.0,1.0,,Appartement,Bon état,36.45056,10.73505,1.0,,,,1.0,1.0,,,,,,,,,,,,,,,,1.0,,,,,,2.0,,,,,
https://www.mubawab.tn/fr/a/8077656/s2-meubl%C3%A9-aux-berges-du-lac-1,S2 meublé aux Berges du Lac 1,Les Berges Du Lac 1 à La Marsa,2 100 TND,120.0,3.0,,1.0,,1.0,1.0,1.0,1.0,1.0,Appartement,Bon état,36.876389,10.325278,,2.0,,,1.0,,,1.0,,1.0,,,1.0,1.0,,,,,,,1.0,1.0,1.0,,,,,,,,,,
https://www.mubawab.tn/fr/a/8077627/appartement-avec-terrasse-%C3%A0-sidi-bousaid,Appartement avec terrasse à Sidi Bousaid,Sidi Bousaid à Carthage,3 200 TND,,,,,,,1.0,1.0,1.0,,Appartement,Bon état,36.8566,10.3258,1.0,3.0,,,1.0,,,,,,1.0,1.0,,1.0,,,,,,,,,,,,,,2.0,,,,,
https://www.mubawab.tn/fr/a/8077599/a-louer-un-appartement-s3-%C3%A0-la-marsa,A louer un appartement s3 à la Marsa,La Marsa à La Marsa,1 700 TND,,4.0,,1.0,,,,,,,Appartement,Bon état,36.876389,10.325278,,3.0,,,1.0,,,,,,,,,1.0,,,,,,,1.0,,,,,,,,,,,,
https://www.mubawab.tn/fr/a/8039013/s1-%C3%A0-louer-au-jardin-de-carthage,S1 à Louer au Jardin de Carthage,Les Jardins de Carthage à Le Kram,1 600 TND,,3.0,1.0,1.0,,,1.0,1.0,1.0,,Appartement,Nouveau,36.833333,10.316667,,,,,1.0,,1.0,1.0,1.0,1.0,1.0,1.0,,1.0,,,1.0,1.0,Moins d'un an,Marbre,1.0,1.0,,,,3ème,,,,,,,
https://www.mubawab.tn/fr/a/7917635/s1-%C3%A0-louer-au-jardin-de-carthage,S1 à Louer au Jardin de Carthage,Les Jardins de Carthage à Le Kram,1 250 TND,78.0,5.0,1.0,1.0,,1.0,1.0,1.0,1.0,,Appartement,Nouveau,36.833333,10.316667,,,,,1.0,,,,1.0,1.0,1.0,1.0,,1.0,,,,1.0,Moins d'un an,Marbre,1.0,1.0,,1.0,,4ème,,,,,,,
https://www.mubawab.tn/fr/a/8077555/a-louer-un-appartement-en-s1,A louer un Appartement en S1,Hammamet à Hammamet,1 000 TND,,2.0,1.0,1.0,,1.0,,,,,Appartement,Nouveau,36.40108,10.61457,,,,,,,,,,,,,,,,,,,,,1.0,,,,,,,,,,,,
https://www.mubawab.tn/fr/a/8077504/appartement-avec-jardin-%C3%A0-sidi-bousaid,Appartement avec jardin à Sidi Bousaid,Sidi Bousaid à Carthage,2 200 TND,,,,1.0,1.0,,1.0,1.0,1.0,,Appartement,Bon état,36.8566,10.3258,1.0,2.0,,,1.0,,,,,,1.0,1.0,,1.0,,,,,,,,,,,,,,,,,,,
https://www.mubawab.tn/fr/a/8077403/un-studio-%C3%A0-louer-%C3%A0-borj-louzir,Un studio à louer à Borj Louzir,Cité Ennkhilet à Raoued,400 TND,70.0,2.0,1.0,1.0,,,,,,,Appartement,Bon état,36.954444,10.191389,,,,,,,,,,,,,,,,,,,,,,,,,,,,,,,,,
https://www.mubawab.tn/fr/a/8077320/un-appartement-s2-meubl%C3%A9e,Un appartement S2 meublée,Aouina à La Marsa,1 800 TND,110.0,3.0,,1.0,,1.0,1.0,1.0,1.0,1.0,Appartement,Bon état,36.8533886,10.2504908,,2.0,95 m²,,1.0,,1.0,,,1.0,1.0,,1.0,1.0,1.0,1.0,,,,,1.0,1.0,,1.0,,,,,,,,,
https://www.mubawab.tn/fr/a/8018613/location-appartement-rdc-s3-hammamet-yasmine,Location Appartement RDC S3 Hammamet Yasmine,Yasmine Hammamet à Hammamet,2 500 TND,250.0,4.0,,,1.0,,1.0,1.0,1.0,,Appartement,Bon état,36.40108,10.61457,,3.0,,,,,,,,,,,,,,,,,,,,,,,,,,2.0,1.0,,,,
https://www.mubawab.tn/fr/a/8077243/a-louer-appartement-1er-%C3%A9tage-%C3%A0-ain-zaghaouan-nord,A louer appartement 1er étage à Ain Zaghaouan Nord,Cité Les Pins à La Marsa,1 450 TND,100.0,,,1.0,,,1.0,1.0,1.0,,Appartement,Bon état,36.85664740626751,10.281276097601324,,2.0,80 m²,20 m²,1.0,,1.0,,1.0,,,,1.0,1.0,,,,,1-5 ans,Marbre,1.0,1.0,,1.0,,1er,Est,,,,,,
https://www.mubawab.tn/fr/a/8077167/bureau-a-louer-au-lac-2,Bureau a louer au lac 2,Les Berges Du Lac 2 à La Marsa,3 600 TND,,,1.0,1.0,,,1.0,1.0,,,Appartement,Nouveau,36.876389,10.325278,1.0,,,,,,1.0,,,1.0,1.0,,,,,,,,,,1.0,1.0,,1.0,,,,,,,,,
https://www.mubawab.tn/fr/a/8077049/s2-%C3%A0-sahloul-4,S2 à Sahloul 4,Khezama Ouest,900 TND,90.0,,,1.0,,,,1.0,,,Appartement,Nouveau,35.8462253,10.6093373,1.0,2.0,,,,,,,,1.0,,,,,,,,,,,,1.0,,,,1er,,,,,,,
https://www.mubawab.tn/fr/a/8049370/s3-haut-standing-richement-meuble-la-marsa,S3 haut standing richement meuble la Marsa,La Marsa à La Marsa,4 000 TND,700.0,5.0,,,,1.0,1.0,1.0,1.0,1.0,Appartement,Bon état,36.8941992,10.2762232,,3.0,158 m²,170 m²,1.0,,1.0,1.0,1.0,1.0,1.0,1.0,1.0,1.0,1.0,1.0,,,10-20 ans,Marbre,1.0,1.0,,1.0,,3ème,Est,3.0,,,,,
https://www.mubawab.tn/fr/a/8076221/s3-%C3%A0-louer-%C3%A0-cit%C3%A9-el-wahat,S3 à Louer à cité el wahat,Aouina à La Marsa,1 700 TND,,7.0,,,,,1.0,1.0,1.0,,Appartement,Bon état,36.876389,10.325278,,3.0,,,,,,,1.0,1.0,1.0,1.0,,1.0,,1.0,,1.0,Moins d'un an,Marbre,1.0,1.0,,1.0,,1er,,3.0,,,,,
https://www.mubawab.tn/fr/a/8076532/location-annuelle-%C3%A0-hammamet-zone-corniche,"Location Annuelle à hammamet, zone corniche",Hammamet à Hammamet,1 000 TND,70.0,2.0,1.0,1.0,,1.0,,,,,Appartement,Bon état,36.40108,10.61457,,,,,,,,,,1.0,,,,,,,,,,,,,,,,,,,,,,,
https://www.mubawab.tn/fr/a/8076469/s3-meubl%C3%A9-%C3%A0-la-marsa,S3 meublé à La Marsa,La Marsa à La Marsa,2 300 TND,150.0,4.0,,,,1.0,1.0,1.0,1.0,1.0,Appartement,Bon état,36.876389,10.325278,,3.0,,,1.0,,,1.0,,1.0,,,1.0,1.0,1.0,1.0,,1.0,,,,,,,,,,2.0,,,,,
https://www.mubawab.tn/fr/a/8063166/s3-%C3%A0-louer-%C3%A0-bhar-lazrek,S3 à louer à Bhar Lazrek,Bhar Lazreg à La Marsa,1 300 TND,180.0,4.0,,,,,1.0,1.0,1.0,,Appartement,Nouveau,36.876389,10.325278,,3.0,,,1.0,,,1.0,1.0,1.0,,,,1.0,,,1.0,,,,,,,,,,,2.0,,,,,
https://www.mubawab.tn/fr/a/8062002/s3-meubl%C3%A9-%C3%A0-la-location-%C3%A0-sidi-daoud,S3 Meublé à la location à Sidi Daoud,Sidi Daoued à La Marsa,2 200 TND,110.0,4.0,,,,1.0,1.0,1.0,1.0,1.0,Appartement,Bon état,36.876389,10.325278,,3.0,,,1.0,,,,,1.0,,,1.0,1.0,1.0,1.0,,,,,1.0,1.0,,1.0,,,,3.0,,,,,
https://www.mubawab.tn/fr/a/8076445/a-louer-appartement-s1-golden-tulipe,A louer Appartement S1 Golden tulipe,La Marsa,1 900 TND,,,,,,,1.0,1.0,1.0,,Appartement,,36.876389,10.325278,,2.0,,,,,,,,,,,,,,,,,,,,,,,,,,,,,,,
https://www.mubawab.tn/fr/a/8076410/a-louer-appartement-meubl%C3%A9e-%C3%A0-cit%C3%A9-hassan-nouri-bizerte,A Louer Appartement Meublée à Cité Hassan Nouri Bizerte,Bizerte à Bizerte Nord,500 TND,90.0,2.0,1.0,,,,,,,,Appartement,,37.1303,9.7506777,,,,,1.0,,,,,,,,,,,,,,,,,,,,,,,,,,,,
https://www.mubawab.tn/fr/a/8069801/appartement-s4-%C3%A0-louer-aux-berges-du-lac-1,Appartement S4 à louer aux berges du lac 1,Les Berges Du Lac 1 à La Marsa,3 000 TND,190.0,,,,,,,,1.0,,Appartement,,36.8355152,10.2241758,,4.0,,,1.0,,,,,1.0,,,,,,,,,,,1.0,,,,,,,,,,,,
https://www.mubawab.tn/fr/a/8076229/appartement-s3-jamais-habit%C3%A9e-a-riadh-l-andalous,Appartement s3 jamais habitée a Riadh l'andalous,Riadh al Andalous à Ariana Ville,1 500 TND,150.0,4.0,,,,,1.0,1.0,1.0,,Appartement,Nouveau,36.8625,10.19556,,3.0,,,,,1.0,,,1.0,1.0,1.0,,1.0,,,,,Moins d'un an,Marbre,1.0,1.0,,,1.0,,,2.0,,,,,
https://www.mubawab.tn/fr/a/8046977/magnifique-appartement-meubl%C3%A9-s-2-vue-mer,Magnifique Appartement meublé S 2 vue mer,La Marsa à La Marsa,5 000 TND,130.0,,,,,,,,,,Appartement,,36.8941992,10.2762232,,3.0,,,1.0,,,,,,,,,,,,,,,,1.0,,,,,,,,,,,,
https://www.mubawab.tn/fr/a/8055152/haut-standing-meubl%C3%A9-%C3%A0-kantaoui,Haut Standing Meublé à Kantaoui,El Kantaoui à Hammam Sousse,1 700 TND,100.0,3.0,,1.0,,1.0,1.0,1.0,1.0,1.0,Appartement,Bon état,35.8569,10.5972,,2.0,90 m²,,1.0,1.0,,1.0,1.0,1.0,,1.0,1.0,1.0,1.0,1.0,1.0,,1-5 ans,Marbre,1.0,1.0,,1.0,,3ème,Est,,,,,,
https://www.mubawab.tn/fr/a/7800886/a-louer-appartement-s2-avec-place-parking-hammamet,A louer Appartement S2 avec place parking Hammamet,Hammamet à Hammamet,1 500 TND,,6.0,,,,1.0,1.0,1.0,1.0,1.0,Appartement,Bon état,36.40108,10.61457,,2.0,,,1.0,,,1.0,,1.0,,1.0,1.0,1.0,1.0,1.0,,,,,1.0,1.0,,,,,,2.0,,,,,
https://www.mubawab.tn/fr/a/8070370/s2-%C3%A0-louer-au-jardin-de-carthage,S2 à Louer au Jardin de Carthage,Les Jardins de Carthage à Le Kram,1 800 TND,,6.0,,,,,1.0,1.0,1.0,,Appartement,Bon état,36.833333,10.316667,,2.0,,,,,1.0,,1.0,1.0,1.0,1.0,,1.0,,1.0,,1.0,1-5 ans,Marbre,1.0,,,1.0,,,,2.0,,,,,
https://www.mubawab.tn/fr/a/8075825/spacieux-s1-meubl%C3%A9-%C3%A0-la-marsa-%C3%A0-louer,Spacieux S1 meublé à la Marsa à louer,Sidi Daoued à La Marsa,1 400 TND,,2.0,1.0,1.0,,1.0,1.0,1.0,1.0,1.0,Appartement,Bon état,36.876389,10.325278,,,,,1.0,,1.0,1.0,1.0,,1.0,1.0,1.0,1.0,1.0,,,,,,1.0,,1.0,1.0,,2ème,,,,,,,
https://www.mubawab.tn/fr/a/8075809/a-louer-appartement-s1-a-cit%C3%A9-les-palmeraies,A louer Appartement S1 a cité les palmeraies,El Aouina,1 100 TND,75.0,,,,,,1.0,1.0,1.0,,Appartement,,33.07772,9.58381,,2.0,,,1.0,,,,,,,,,1.0,,,,,,,1.0,,,,,,,,,,,,
https://www.mubawab.tn/fr/a/8075761/appartement-%C3%A0-louer-%C3%A0-el-kantaoui-surface-totale-160-m%C2%B2-bien-meubl%C3%A9,Appartement à louer à El Kantaoui. Surface totale 160 m². Bien meublé,El Kantaoui à Hammam Sousse,1 200 TND,160.0,,,1.0,,1.0,1.0,1.0,1.0,1.0,Appartement,Nouveau,35.863948099999995,10.6028346,,2.0,120 m²,40 m²,1.0,,,,,,,,1.0,1.0,1.0,1.0,,1.0,5-10 ans,,1.0,,,,,,Ouest,,,,,,
https://www.mubawab.tn/fr/a/8075615/bel-appartement-en-location-%C3%A0-r%C3%A9publique-1-belle-chambre-meubl%C3%A9,Bel appartement en location à République. 1 belle chambre. Meublé,République à Tunis,Prix à consulter,70.0,,1.0,1.0,,1.0,1.0,1.0,1.0,1.0,Appartement,Nouveau,36.81881,10.16596,,,65 m²,5 m²,1.0,,1.0,1.0,1.0,1.0,1.0,1.0,1.0,1.0,1.0,,1.0,,1-5 ans,Marbre,1.0,1.0,,1.0,1.0,6ème,,,,,,,
https://www.mubawab.tn/fr/a/8074030/appartement-cit%C3%A9-les-palmeraies,Appartement cité les palmeraies,Ain Zaghouan Nord à La Marsa,1 200 TND,100.0,3.0,,1.0,1.0,,1.0,1.0,1.0,,Appartement,Bon état,36.876389,10.325278,,2.0,100 m²,,1.0,,,,1.0,1.0,,,,,,,,,10-20 ans,Marbre,1.0,1.0,,,,3ème,,,,,,,
https://www.mubawab.tn/fr/a/8050800/location-penthouse-avec-terrasse-au-lac-2,Location Penthouse avec Terrasse au Lac 2,Les Berges Du Lac 2 à La Marsa,3 800 TND,200.0,5.0,,,,1.0,1.0,1.0,1.0,,Appartement,Bon état,36.876389,10.325278,,3.0,,12 m²,1.0,1.0,,,,,1.0,1.0,,1.0,,,,,5-10 ans,Marbre,1.0,1.0,,1.0,1.0,7ème,Est,4.0,,,,,
https://www.mubawab.tn/fr/a/7615250/location-appartement-s3-les-jardins-de-carthage,Location Appartement S3 Les jardins de Carthage,Les Jardins de Carthage à Le Kram,2 100 TND,140.0,4.0,,,,,1.0,1.0,1.0,,Appartement,Nouveau,36.833333,10.316667,,3.0,,,1.0,,,,,1.0,1.0,1.0,,1.0,,,,,1-5 ans,Marbre,1.0,1.0,,1.0,,4ème,,2.0,,,,,
https://www.mubawab.tn/fr/a/8062780/appartement-meubl%C3%A9-avec-terrasse-%C3%A0-la-marsa,Appartement meublé avec terrasse à La Marsa,La Marsa à La Marsa,3 500 TND,,,,,1.0,1.0,1.0,1.0,1.0,1.0,Appartement,Bon état,36.876389,10.325278,1.0,3.0,,,1.0,,,1.0,,,,1.0,1.0,1.0,1.0,1.0,1.0,,,,,,,,,,,3.0,,,,,
https://www.mubawab.tn/fr/a/8072065/s1-%C3%A0-louer-a-la-nouvelle-soukra,S1 à Louer a la nouvelle Soukra,Aouina à La Marsa,1 100 TND,,4.0,1.0,1.0,,,,1.0,1.0,,Appartement,Bon état,36.876389,10.325278,,,,,1.0,,1.0,,1.0,1.0,1.0,1.0,,1.0,,,,1.0,Moins d'un an,Marbre,1.0,1.0,,1.0,,1er,,,,,,,
https://www.mubawab.tn/fr/a/8075107/location-ann%C3%A9e-universitaire,Location Année Universitaire,Hammamet à Hammamet,1 500 TND,90.0,3.0,,1.0,,1.0,1.0,1.0,1.0,1.0,Appartement,Bon état,36.40108,10.61457,,2.0,,,1.0,,,,,1.0,,,1.0,1.0,1.0,,,,,,1.0,1.0,,1.0,,,,,1.0,,,,
https://www.mubawab.tn/fr/a/7824851/appartement-s2-avec-grand-jardin-%C3%A0-louer-aux-jardins-de-carthage,Appartement S2 Avec Grand Jardin À Louer Aux Jardins De Carthage,Les Jardins de Carthage à Le Kram,2 100 TND,200.0,,,,1.0,,,,,,Appartement,,36.8555704,10.291834,,2.0,,,1.0,,,,,1.0,,,,1.0,,,,,,,1.0,,,,,,,,,,,,
https://www.mubawab.tn/fr/a/8074843/appartement-%C3%A0-hammamet-nord-%C3%A0-300m-de-la-plage,Appartement à Hammamet Nord à 300m de la plage,Hammamet Nord à Hammamet,Prix à consulter,70.0,,,1.0,,1.0,1.0,,1.0,,Appartement,Nouveau,36.40561885438963,10.589798842736784,1.0,2.0,70 m²,5 m²,,,,1.0,1.0,1.0,,,1.0,1.0,1.0,,,,Moins d'un an,Carrelage,,,,,,1er,Est,,,,,,
https://www.mubawab.tn/fr/a/8070647/location-duplex-s3-lac-2-avec-vue-lac,Location duplex S3 lac 2 avec vue lac,Les Berges Du Lac 2 à La Marsa,3 800 TND,250.0,4.0,,,,,1.0,1.0,1.0,,Appartement,Nouveau,36.876389,10.325278,,3.0,,,1.0,1.0,1.0,,1.0,1.0,1.0,1.0,,,,,,1.0,,Marbre,1.0,1.0,1.0,1.0,1.0,7ème,,4.0,,,,,
https://www.mubawab.tn/fr/a/8038771/appartement-s1-haut-standing-a-louer-%C3%A0-hammamet,Appartement S1 haut standing a louer à Hammamet,Hammamet Nord à Hammamet,1 000 TND,60.0,2.0,1.0,1.0,,1.0,,,,,Appartement,Nouveau,36.40108,10.61457,,,,,,,,,,,,,,,,,,,,,,1.0,,,,,Nord,,1.0,,,,
https://www.mubawab.tn/fr/a/8030796/appartement-s2-meubl%C3%A9-avec-vue-d%C3%A9gag%C3%A9e-gammarth,"Appartement S2 meublé avec vue dégagée, Gammarth",Gammarth à La Marsa,1 300 TND,70.0,3.0,,,,1.0,1.0,1.0,1.0,1.0,Appartement,Nouveau,36.876389,10.325278,,2.0,,,1.0,,,1.0,,,,,1.0,1.0,1.0,1.0,,,Moins d'un an,Marbre,,,1.0,,,3ème,,2.0,,,,,
https://www.mubawab.tn/fr/a/8074721/appartement-%C3%A0-louer-%C3%A0-l-ann%C3%A9e-%C3%A0-hammamet-nord-asma,Appartement à louer à l'année à Hammamet Nord Asma,Hammamet Nord à Hammamet,1 800 TND,120.0,3.0,,1.0,,1.0,1.0,1.0,,1.0,Appartement,Bon état,36.40108,10.61457,,2.0,,,1.0,,,,,,,,1.0,1.0,1.0,1.0,,,,,,1.0,,1.0,,,,,,,,,
https://www.mubawab.tn/fr/a/8074661/appartement-s3-de-210-m%C2%B2-%C3%A0-ariana-ville,Appartement S3 de 210 m² à ARIANA VILLE,Ariana à Ariana Ville,1 200 TND,210.0,4.0,,,,1.0,1.0,1.0,1.0,,Appartement,Nouveau,36.8625,10.19556,,3.0,,,1.0,,,1.0,,,1.0,1.0,,,,,,,,,1.0,,,,,,,2.0,,,,,
https://www.mubawab.tn/fr/a/8074660/location-d-un-appartement-%C3%A0-les-berges-du-lac-1-surface-totale-80-m%C2%B2,Location d'un appartement à Les Berges Du Lac 1. Surface totale 80 m²,Les Berges Du Lac 1 à La Marsa,Prix à consulter,80.0,,,1.0,,,,,,,Appartement,Bon état,36.8355152,10.2241758,,2.0,75 m²,10 m²,,,,,,,,,,,,,,,5-10 ans,Marbre,,,,,,2ème,,,,,,,
https://www.mubawab.tn/fr/a/8074444/appartement-%C3%A0-louer-%C3%A0-l-ann%C3%A9e-%C3%A0-djerba-midoun,Appartement à louer à l'année à Djerba Midoun,Midoune à Midoun,800 TND,80.0,,1.0,1.0,,1.0,1.0,,1.0,,Appartement,Bon état,33.866667,10.85,1.0,,,,,,,,,,,,,,,,,,,,1.0,,,,,,,,,,,,
https://www.mubawab.tn/fr/a/8052999/s2-au-centre-ville-tunis,S2 au centre ville Tunis,République à Tunis,1 100 TND,,3.0,,1.0,,,,1.0,1.0,,Appartement,Bon état,36.81881,10.16596,,2.0,1 m²,1 m²,1.0,,1.0,1.0,,,1.0,1.0,,,,,,,1-5 ans,Carrelage,1.0,1.0,,1.0,,6ème,,,,,,,
https://www.mubawab.tn/fr/a/8060537/a-vendre-appartement-au-lac-2,A vendre Appartement au lac 2,Les Berges Du Lac 2 à La Marsa,1 250 000 TND,178.0,3.0,,1.0,,1.0,1.0,1.0,,,Appartement,Nouveau,36.876389,10.325278,,4.0,,,1.0,,,,,1.0,,,,,,,,,,,1.0,1.0,,,,,,,,,,,
https://www.mubawab.tn/fr/a/8074253/a-louer-appartement-s2-aux-jardin-de-carthage,A louer Appartement S2 aux Jardin de Carthage,Le Kram,2 300 TND,,,,,,1.0,1.0,1.0,1.0,,Appartement,,36.833333,10.316667,,3.0,,,1.0,,,,,,,,,,,,,,,,1.0,,,,,,,,,,,,
https://www.mubawab.tn/fr/a/8035945/duplex-s3-meubl%C3%A9-%C3%A0-la-marsa,Duplex S3 Meublé à La Marsa,La Marsa à La Marsa,5 000 TND,140.0,,,,,1.0,,,1.0,,Appartement,,36.8941992,10.2762232,,,,,,,,,,,,,,,,,,,,,1.0,,,,,,,,,,,,
https://www.mubawab.tn/fr/a/8066496/location-appartement-christine,Location Appartement Christine,Hammamet Nord à Hammamet,1 500 TND,90.0,3.0,,1.0,,1.0,1.0,1.0,1.0,1.0,Appartement,Bon état,36.40108,10.61457,,2.0,80 m²,0 m²,1.0,1.0,,,1.0,1.0,1.0,1.0,1.0,1.0,,,,,5-10 ans,Marbre,1.0,1.0,,1.0,,3ème,Nord,,,,,,
https://www.mubawab.tn/fr/a/8074116/magnifique-appartement-s2-meubl%C3%A9-%C3%A0-la-marsa,Magnifique appartement s2 meublé à la Marsa,La Marsa à La Marsa,3 500 TND,80.0,2.0,,1.0,,,,,1.0,,Appartement,Nouveau,36.876389,10.325278,,3.0,,,1.0,,,,,,,,,,,,,,,,,,,,,,,,,,,,
https://www.mubawab.tn/fr/a/8074087/location-appartement-s2-hammamet-mrezga,Location appartement S2 hammamet Mrezga,Hammamet Nord à Hammamet,950 TND,119.0,2.0,,1.0,,1.0,1.0,1.0,1.0,1.0,Appartement,Bon état,36.419773,10.661894,,2.0,,,1.0,1.0,,,1.0,1.0,,,1.0,1.0,1.0,1.0,,1.0,5-10 ans,Marbre,1.0,1.0,,1.0,,5ème,Est,,1.0,,,,
https://www.mubawab.tn/fr/a/8073936/superbe-appartement-%C3%A0-louer-%C3%A0-midoune-2-chambres-agr%C3%A9ables-bien-meubl%C3%A9,Superbe appartement à louer à Midoune. 2 chambres agréables. Bien meublé,Midoune à Midoun,1 200 TND,125.0,,,,,1.0,1.0,1.0,1.0,1.0,Appartement,Nouveau,33.881894300000006,10.8576386,,2.0,118 m²,,1.0,,1.0,1.0,1.0,1.0,,1.0,1.0,1.0,1.0,1.0,,1.0,1-5 ans,Marbre,,,,1.0,,2ème,Sud,2.0,,,,,
https://www.mubawab.tn/fr/a/8052820/a-louer-un-appartement-s2-neuf-%C3%A0-la-marsa,A louer un appartement S2 neuf à la Marsa,Cité Du Stade à La Marsa,3 000 TND,110.0,3.0,,1.0,,,1.0,1.0,1.0,,Appartement,Nouveau,36.876389,10.325278,,2.0,110 m²,,1.0,,,,,,,,,1.0,,,,,,,1.0,,,,,1er,,,,,,,
https://www.mubawab.tn/fr/a/8009303/un-appartement-a-louer-%C3%A0-hammamet,Un appartement a louer à Hammamet,Hammamet à Hammamet,1 000 TND,100.0,2.0,1.0,1.0,,1.0,1.0,1.0,1.0,1.0,Appartement,Bon état,36.40108,10.61457,,,,,,1.0,1.0,1.0,1.0,1.0,1.0,1.0,1.0,1.0,1.0,1.0,1.0,1.0,1-5 ans,Carrelage,,1.0,,,1.0,1er,Nord,,,,,,
https://www.mubawab.tn/fr/a/7998866/location-appartement-zinnia-s1,Location Appartement Zinnia S1,Hammamet Nord à Hammamet,1 000 TND,65.0,2.0,1.0,1.0,,,1.0,1.0,1.0,,Appartement,Nouveau,36.40108,10.61457,,,,,1.0,,,,1.0,1.0,1.0,,,1.0,1.0,,,,,,,1.0,,1.0,,4ème,,,1.0,,,,
https://www.mubawab.tn/fr/a/8073781/nouvel-apart-el-aouina,Nouvel Apart El Aouina,La Soukra à La Soukra,2 450 TND,60.0,,1.0,1.0,,1.0,1.0,1.0,1.0,1.0,Appartement,Nouveau,36.883333,10.25,1.0,,,,1.0,,,,1.0,,,1.0,1.0,1.0,1.0,,1.0,,Moins d'un an,Marbre,,1.0,,1.0,,,,,,,,,
https://www.mubawab.tn/fr/a/8046356/location-appartement-s1-sidi-bousaid,Location appartement s1 Sidi bousaid,La Marsa à La Marsa,1 800 TND,100.0,,1.0,1.0,,1.0,1.0,1.0,1.0,1.0,Appartement,Bon état,36.84689860000001,10.2641808,1.0,,,,,,,,,,,,1.0,1.0,,,,,,,,,,,,,,,,,,,
https://www.mubawab.tn/fr/a/7775451/a-louer-a-la-soukra-un-loft-meubl%C3%A9e,A louer a la soukra un loft meublée,La Soukra à La Soukra,Prix à consulter,100.0,2.0,1.0,1.0,,1.0,1.0,1.0,1.0,1.0,Appartement,Bon état,36.883333,10.25,,,,,,,,,,1.0,1.0,,1.0,1.0,1.0,1.0,,,Moins d'un an,Marbre,1.0,1.0,,1.0,,,,,,,,,
https://www.mubawab.tn/fr/a/8073697/%C3%A0-louer-appartement-s2-%C3%A0-chotrana-2,À louer appartement S2 à Chotrana 2,Chotrana 2 à La Soukra,1 700 TND,128.0,3.0,,1.0,,,1.0,1.0,1.0,1.0,Appartement,Nouveau,36.896544,10.217961,,2.0,120 m²,8 m²,1.0,,1.0,1.0,1.0,1.0,1.0,1.0,1.0,1.0,1.0,1.0,,,Moins d'un an,Carrelage,1.0,1.0,,1.0,,1er,Est,,,,,,
https://www.mubawab.tn/fr/a/7943712/s2-meubl%C3%A9-%C3%A0-corniche-hammamet-pas-loin-de-la-mer,S2 meublé à Corniche Hammamet pas loin de la mer,Hammamet Nord à Hammamet,1 300 TND,,3.0,,1.0,,1.0,1.0,1.0,1.0,1.0,Appartement,Bon état,36.40108,10.61457,,2.0,,,1.0,,1.0,1.0,1.0,,1.0,1.0,1.0,1.0,1.0,,,1.0,,,,,,,,2ème,,,,,,,
https://www.mubawab.tn/fr/a/8031126/%C3%A9l%C3%A9gant-appartement-%C3%A0-louer-un-espace-luxueux-%C3%A0-mutuelleville,Élégant Appartement à Louer Un Espace Luxueux à Mutuelleville,El Menzah,4 500 TND,190.0,,,,,,,,,,Appartement,,36.845235,10.164723,,,,,,,,,,,,,,,,,,,,,,,,,,,,3.0,,,,,
https://www.mubawab.tn/fr/a/8073622/a-louer-appartement-s2-%C3%A0-cit%C3%A9-les-palmeraies-l-aouina,A louer Appartement S2 à Cité les palmeraies l'Aouina,El Aouina,1 600 TND,126.0,,,,,,1.0,1.0,1.0,,Appartement,,33.07772,9.58381,,3.0,,,1.0,,,,,,,,,1.0,,,,,,,1.0,,,,,,,,,,,,
https://www.mubawab.tn/fr/a/8061356/a-louer-appartement-meubl%C3%A9-au-lac-1,A louer appartement meublé au lac 1,Les Berges Du Lac 1 à La Marsa,5 300 TND,160.0,3.0,,1.0,,,1.0,,1.0,,Appartement,Nouveau,36.876389,10.325278,,3.0,,,,,,,,,,,,1.0,,1.0,,,,,,,,,,,,,,,,,
https://www.mubawab.tn/fr/a/7976658/location-appartement-s2-meubl%C3%A9-%C3%A0-zayatine-el-aouina,Location Appartement S2 Meublé à Zayatine El Aouina,Aouina à La Marsa,Prix à consulter,75.0,3.0,,1.0,,1.0,1.0,1.0,1.0,1.0,Appartement,Bon état,36.876389,10.325278,,2.0,,,,,,,1.0,1.0,,,1.0,1.0,1.0,1.0,,,5-10 ans,,,1.0,,1.0,,5ème,Sud,,,,,,
https://www.mubawab.tn/fr/a/8042682/location-s3-%C3%A0-ain-zaghouan,Location S3 à Ain Zaghouan,Ain Zaghouan Sud à La Marsa,1 100 TND,140.0,4.0,,1.0,,,1.0,1.0,,,Appartement,Bon état,36.876389,10.325278,,3.0,,,1.0,,1.0,,,1.0,,,,1.0,,,,1.0,10-20 ans,,,1.0,,1.0,,5ème,Est,,,,,,
https://www.mubawab.tn/fr/a/8073575/appartement-s3-refait-%C3%A0-neuf,Appartement s3 refait à neuf,Megrine Chaker à Mégrine,650 TND,95.0,,,1.0,,,,,,,Appartement,Nouveau,36.6938694,10.2622167,1.0,2.0,95 m²,,,,,,1.0,1.0,1.0,1.0,,,,,,1.0,1-5 ans,Carrelage,,,,,,,Nord,,,,,,
https://www.mubawab.tn/fr/a/7980877/a2-a-usage-de-bureau-%C3%A0-la-marsa,A2 a usage de bureau à La Marsa,La Marsa à La Marsa,1 600 TND,60.0,,,,,,,,,,Appartement,,36.8941992,10.2762232,,2.0,,,,,,,,1.0,,,,,,,,,,,,,,,,,,,,,,,
https://www.mubawab.tn/fr/a/8031688/a-louer-s2-aux-les-jardins-de-carthage,A louer S2 aux les Jardins de Carthage,Les Jardins de Carthage à Le Kram,2 400 TND,150.0,3.0,,,1.0,,1.0,1.0,1.0,,Appartement,Nouveau,36.833333,10.316667,,2.0,,,1.0,,1.0,,,1.0,1.0,1.0,,1.0,,,,,Moins d'un an,Marbre,1.0,1.0,1.0,1.0,,,,3.0,,,,,
https://www.mubawab.tn/fr/a/8057799/appartement-de-charme-meubl%C3%A9-aux-jardins-de-carthage,Appartement de charme meublé aux jardins de carthage,Les Jardins de Carthage à Le Kram,1 500 TND,68.0,2.0,1.0,1.0,,1.0,1.0,1.0,1.0,1.0,Appartement,Nouveau,36.85123445664724,10.2939621702405,,,72 m²,0 m²,1.0,,,1.0,1.0,,1.0,1.0,1.0,1.0,1.0,1.0,1.0,1.0,5-10 ans,Marbre,1.0,1.0,,1.0,,3ème,Nord,,,,,,
https://www.mubawab.tn/fr/a/8038782/appartement-s3-a-louer-%C3%A0-l-ann%C3%A9e-%C3%A0-hammamet,Appartement S3 a louer à l'année à HAMMAMET,Hammamet à Hammamet,1 000 TND,140.0,4.0,,,1.0,,1.0,1.0,1.0,,Appartement,Nouveau,36.40108,10.61457,,3.0,,,1.0,1.0,,1.0,1.0,1.0,1.0,1.0,,,,,1.0,,Moins d'un an,Marbre,1.0,1.0,,1.0,1.0,2ème,Nord,2.0,,,,,
https://www.mubawab.tn/fr/a/8039963/location-s3-au-lac2,Location S3 au lac2,Les Berges Du Lac 2 à La Marsa,2 800 TND,200.0,5.0,,,,,,,,,Appartement,Nouveau,36.876389,10.325278,,3.0,,,,,,,,,,,,,,,,,,,,,,,,,,3.0,,,,,
https://www.mubawab.tn/fr/a/8031899/location-d-un-appartement-s1-meubl%C3%A9-%C3%A0-la-marsa,Location d'un appartement S1 meublé à la marsa,La Marsa à La Marsa,2 500 TND,60.0,,1.0,1.0,,1.0,,,1.0,,Appartement,Nouveau,36.876389,10.325278,1.0,,,,1.0,,,,,,,,,,,,,,,,,,,,,,,,,,,,
https://www.mubawab.tn/fr/a/8031901/location-s3-avec-vue-d%C3%A9gager-au-lac2,Location s3 avec vue dégager au lac2,Les Berges Du Lac 2 à La Marsa,4 800 TND,200.0,4.0,,,,,,,,,Appartement,Nouveau,36.876389,10.325278,,3.0,,,1.0,,,,,,,,,,,,,,,,1.0,,,,,,,2.0,,,,,
https://www.mubawab.tn/fr/a/8073301/location-d-un-appartement-s1-meubl%C3%A9-a-la-marsa,Location d'un appartement s1 meublé a la Marsa,Sidi Daoued à La Marsa,1 600 TND,90.0,,1.0,1.0,,1.0,,,,,Appartement,Nouveau,36.876389,10.325278,1.0,,,,,,,,,,,,,,,,,,,,1.0,,,,,,,,,,,,
https://www.mubawab.tn/fr/a/8059858/appartement-s2-%C3%A0-louer-aux-jardins-de-carthage,Appartement S2 à louer aux Jardins de Carthage,Les Jardins de Carthage à Le Kram,2 200 TND,180.0,,,,,,,,,,Appartement,,36.8555704,10.291834,,2.0,,,1.0,,,,,,,,,,,,,,,,1.0,,,,,,,,,,,,
https://www.mubawab.tn/fr/a/8006843/un-tres-beau-s1-richement-meubl%C3%A9,Un tres beau S1 Richement meublé,Les Jardins de Carthage à Le Kram,1 600 TND,70.0,2.0,1.0,1.0,1.0,1.0,,,1.0,,Appartement,Bon état,36.833333,10.316667,,,,,,,,1.0,,,,,,,,,,,1-5 ans,Marbre,1.0,1.0,,,,5ème,,,,,,,
https://www.mubawab.tn/fr/a/8055153/un-beau-s1-richement-meubl%C3%A9,Un beau s1 Richement meublé,Les Berges Du Lac 1 à La Marsa,1 600 TND,60.0,2.0,1.0,1.0,,1.0,,,1.0,,Appartement,Bon état,36.876389,10.325278,,,60 m²,0 m²,1.0,,,1.0,,,,,,,,,,,10-20 ans,Marbre,1.0,1.0,,1.0,,2ème,Nord,,,,,,
https://www.mubawab.tn/fr/a/8058960/a-louer-spacieux-duplex-avec-piscine-les-jardins-de-carthage,"A louer Spacieux Duplex, avec piscine, Les Jardins de Carthage",Les Jardins de Carthage à Le Kram,4 300 TND,200.0,5.0,,,1.0,,1.0,1.0,1.0,,Appartement,Bon état,33.88689999999999,9.5375,,3.0,,,,,1.0,,,1.0,1.0,1.0,,1.0,,1.0,,,5-10 ans,Marbre,1.0,,,1.0,1.0,,,4.0,1.0,1.0,,,
https://www.mubawab.tn/fr/a/7959081/a-louer-s2-avec-jardin-%C3%A1-la-marsa,A Louer S2 Avec Jardin á la Marsa,La Marsa à La Marsa,3 800 TND,,3.0,,,1.0,,1.0,1.0,1.0,1.0,Appartement,Bon état,36.876389,10.325278,,2.0,,,1.0,1.0,,,,1.0,1.0,1.0,1.0,1.0,,1.0,1.0,1.0,,,1.0,,,1.0,1.0,,,2.0,,,,,
https://www.mubawab.tn/fr/a/8051357/appartement-meubl%C3%A9-marsa-ville,Appartement meublé Marsa ville,La Marsa à La Marsa,1 800 TND,,2.0,1.0,1.0,,1.0,1.0,1.0,1.0,1.0,Appartement,Bon état,36.876389,10.325278,,,,,1.0,,,,,1.0,1.0,1.0,1.0,1.0,1.0,1.0,,1.0,,,,1.0,,1.0,,,,,,,,,
https://www.mubawab.tn/fr/a/7697130/a-louer-duplex-les-jardins-de-carthage,A Louer Duplex Les Jardins De Carthage,Les Jardins de Carthage à Le Kram,3 800 TND,,4.0,,,,,1.0,1.0,1.0,,Appartement,Bon état,36.833333,10.316667,,3.0,,,1.0,,,,,1.0,1.0,1.0,1.0,1.0,,1.0,,1.0,,,1.0,,1.0,,1.0,,,2.0,,,,,
https://www.mubawab.tn/fr/a/8072093/a-louer-un-appartement-meubl%C3%A9-sidi-bou-said,A louer un appartement meublé Sidi Bou Said,La Marsa à La Marsa,4 500 TND,,2.0,,,,1.0,1.0,1.0,1.0,1.0,Appartement,Bon état,36.876389,10.325278,,2.0,3200 m²,,,,,,,1.0,1.0,1.0,1.0,1.0,1.0,1.0,,1.0,,,1.0,1.0,,,1.0,,,2.0,,,,,
https://www.mubawab.tn/fr/a/8048217/location-appartement-s1-meubl%C3%A9,Location appartement s1 meublé,Sidi Daoued à La Marsa,1 350 TND,100.0,,1.0,1.0,,1.0,1.0,1.0,1.0,,Appartement,Bon état,36.876389,10.325278,1.0,,,,,,,,,,,,,,,,,,,,,,,,,,,,,,,,
https://www.mubawab.tn/fr/a/8063375/location-appartement-au-jardin-de-carthage,Location appartement au jardin de carthage,Les Jardins de Carthage à Le Kram,1 800 TND,130.0,2.0,,1.0,,,1.0,,1.0,,Appartement,Nouveau,36.833333,10.316667,,2.0,,,1.0,,,,,,,,,1.0,,1.0,,,,,1.0,1.0,,,,,,,,,,,
https://www.mubawab.tn/fr/a/8072683/appartement-renover-a-louer,Appartement renover a louer,La Manouba à La Manouba,750 TND,130.0,,,,1.0,,,,,,Appartement,Bon état,36.77855,10.05538,1.0,3.0,,132 m²,,,,,,,,,,,,,,,20-30 ans,,1.0,,,1.0,,4ème,Nord,2.0,,,,,
https://www.mubawab.tn/fr/a/8072666/un-appartement-en-s2-%C3%A0-louer-jusqu-%C3%A0-juin,Un appartement en S2 à louer jusqu'à juin,Hammamet à Hammamet,850 TND,,2.0,,1.0,,,,,,,Appartement,Nouveau,36.40108,10.61457,,2.0,,,,,,,,,,,,,,,,,,,,,,,,,,,,,,,
https://www.mubawab.tn/fr/a/8072658/appartement-s3-%C3%A0-la-marsa,Appartement s3 à la marsa,Ain Zaghouan Nord à La Marsa,3 500 TND,130.0,3.0,,1.0,,,1.0,1.0,,,Appartement,Nouveau,36.876389,10.325278,,3.0,,,1.0,,,,,1.0,1.0,,,,,,,,,,1.0,1.0,,1.0,,,,,,,,,
https://www.mubawab.tn/fr/a/8072612/appartement-s1-%C3%A0-l%E2%80%99aou%C3%AEa,Appartement s1 à l’aouîa,La Soukra à La Soukra,900 TND,60.0,2.0,1.0,1.0,1.0,,1.0,1.0,,,Appartement,Bon état,36.88333299999999,10.25,,,60 m²,0 m²,,,1.0,,1.0,1.0,,,,1.0,,,,,10-20 ans,Marbre,,1.0,,1.0,,7ème,Nord,,,,,,
https://www.mubawab.tn/fr/a/8072566/appartement-s2-%C3%A0-l%E2%80%99aouina,Appartement s2 à l’aouina,La Soukra à La Soukra,1 000 TND,108.0,3.0,,1.0,,,1.0,1.0,,,Appartement,Bon état,36.88333299999999,10.25,,2.0,108 m²,0 m²,1.0,,1.0,,1.0,1.0,,,,,,,,,10-20 ans,Marbre,,1.0,,1.0,,2ème,Nord,,,,,,
https://www.mubawab.tn/fr/a/8071361/tr%C3%A8s-bel-appartement-en-location-%C3%A0-riadh-al-andalous-1-chambre-meubl%C3%A9,Très bel appartement en location à Riadh al Andalous. 1 chambre. Meublé,Riadh al Andalous à Ariana Ville,1 100 TND,70.0,,1.0,1.0,,1.0,1.0,,,,Appartement,Bon état,36.88253184107644,10.17224138413086,,,70 m²,70 m²,,,1.0,,1.0,1.0,1.0,,,,1.0,,,,1-5 ans,,,,,1.0,,1er,,,,,,,
https://www.mubawab.tn/fr/a/8072451/s1-meubl%C3%A9-%C3%A0-gammarth,S1 meublé à Gammarth,Gammarth à La Marsa,1 500 TND,60.0,,1.0,1.0,1.0,1.0,1.0,1.0,1.0,1.0,Appartement,Bon état,36.917739,10.288893,,,,,,,,,,,,,1.0,1.0,1.0,1.0,,,,,,,,,,,,,,,,,
https://www.mubawab.tn/fr/a/8031030/appartement-%C3%A0-louer-%C3%A0-l-ann%C3%A9e-%C3%A0-hammamet-fer,Appartement à louer à l'année à Hammamet Fer,Hammamet à Hammamet,1 500 TND,150.0,4.0,,1.0,,1.0,,1.0,1.0,1.0,Appartement,Bon état,36.40108,10.61457,,3.0,,,1.0,,,,,,,,,1.0,1.0,,,,,,,,,,,,,,,,,,
https://www.mubawab.tn/fr/a/7833031/appartement-%C3%A0-louer-%C3%A0-hammamet-nord,Appartement à louer à Hammamet Nord,Hammamet Nord à Hammamet,Prix à consulter,100.0,3.0,,,,1.0,1.0,1.0,1.0,1.0,Appartement,Nouveau,36.40108,10.61457,,2.0,,,1.0,,,,,,,,1.0,1.0,1.0,1.0,,,,,,1.0,,1.0,,,,2.0,1.0,,,,
https://www.mubawab.tn/fr/a/8038562/s1-meubl%C3%A9-%C3%A0-louer-au-jardin-de-carthage,S1 Meublé à Louer au Jardin de Carthage,Les Jardins de Carthage à Le Kram,1 700 TND,,4.0,1.0,1.0,,1.0,1.0,1.0,1.0,,Appartement,Nouveau,36.833333,10.316667,,,,,1.0,,1.0,1.0,1.0,1.0,1.0,1.0,1.0,1.0,1.0,1.0,1.0,1.0,Moins d'un an,Marbre,1.0,1.0,,,,8ème,,,1.0,,,,
https://www.mubawab.tn/fr/a/8072013/appartement-s2-vide-%C3%A0-louer-aux-berges-du-lac2,Appartement S2 vide à louer aux berges du lac2,Les Berges Du Lac 2 à La Marsa,4 200 TND,150.0,,,,,,,,1.0,,Appartement,,36.8468986,10.2641808,,2.0,,,1.0,,,,,1.0,,,,,,,,,,,1.0,,,,,,,,,,,,
https://www.mubawab.tn/fr/a/8070688/un-appartement-s2-de-140-m%C2%B2-%C3%A0-nouvelle-medina,Un Appartement S2 de 140 m² à Nouvelle Medina,Nouvelle Medina à Nouvelle Medina,900 TND,140.0,3.0,,1.0,,,1.0,1.0,1.0,,Appartement,Bon état,36.78898,10.18348,,2.0,,,1.0,,,,,1.0,,,,,,,,,,,,1.0,,1.0,,,,,,,,,
https://www.mubawab.tn/fr/a/8034985/a-louer-un-appartement-s1-proche-de-la-mer,A louer un appartement S1 proche de la mer,Cité de la Plage à Hammam Sousse,600 TND,50.0,2.0,1.0,1.0,,,1.0,1.0,1.0,,Appartement,Bon état,35.8569,10.5972,,,,,1.0,,,,,1.0,,,,1.0,,,,,,Marbre,,,,,,1er,,,,,,,
https://www.mubawab.tn/fr/a/8071732/a-louer-appartement-%C3%A0-cit%C3%A9-ain-mariem-bizerte,A Louer Appartement à Cité Ain Mariem Bizerte,Ain Damous à Bizerte Nord,700 TND,90.0,3.0,,1.0,,,,,,,Appartement,Nouveau,37.272,9.8708,,2.0,,,,,,,,,,,,,,,,,,,,,,,,,,,,,,,
https://www.mubawab.tn/fr/a/8071689/location-s2-meubl%C3%A9e-pour-tt-l-ann%C3%A9e,Location S2 Meublée pour TT l'année,Hammamet à Hammamet,1 550 TND,,2.0,,1.0,,,,,,,Appartement,Nouveau,36.40108,10.61457,,2.0,,,,,,,,,,,,,,,,,,,,,,,,,,,,,,,
https://www.mubawab.tn/fr/a/8071673/a-louer-%C3%A0-la-marsa-plage-appartement-meubl%C3%A8-terras,A louer à la marsa plage appartement meublè terras,La Marsa à La Marsa,2 400 TND,90.0,2.0,1.0,1.0,,1.0,1.0,1.0,1.0,1.0,Appartement,Bon état,36.8941992,10.2762232,,,90 m²,15 m²,1.0,,1.0,1.0,1.0,1.0,1.0,1.0,1.0,1.0,1.0,1.0,1.0,1.0,5-10 ans,Marbre,1.0,1.0,1.0,1.0,1.0,1er,Nord,,,,,,
https://www.mubawab.tn/fr/a/8071629/appart-s1-%C3%A0-louer-derri%C3%A8re-slim-school,Appart s1 à louer derrière Slim school,Cité Ennasr 2 à Ariana Ville,1 150 TND,80.0,,1.0,1.0,,,1.0,1.0,1.0,,Appartement,Nouveau,36.8625,10.19556,1.0,,66 m²,9 m²,1.0,,,,,,1.0,1.0,,1.0,,,,,Moins d'un an,Marbre,,1.0,,1.0,,,,,,,,,
https://www.mubawab.tn/fr/a/7953989/appartement-s2-avec-jardin-%C3%A0-la-marsa-corniche,Appartement S2 avec jardin à La Marsa corniche,La Marsa à La Marsa,3 860 TND,130.0,2.0,,,1.0,,1.0,1.0,1.0,1.0,Appartement,Bon état,36.876389,10.325278,,2.0,,,1.0,,1.0,,1.0,1.0,,1.0,,1.0,,1.0,,,,,1.0,,,1.0,,,,2.0,,,,,
https://www.mubawab.tn/fr/a/8071449/appartement-meubl%C3%A9-avec-vue-d%C3%A9gag%C3%A9e-%C3%A0-gammarth,Appartement meublé avec vue dégagée à Gammarth,Gammarth à La Marsa,3 500 TND,,,1.0,1.0,,1.0,1.0,1.0,1.0,1.0,Appartement,Bon état,36.876389,10.325278,1.0,,,,,,1.0,1.0,1.0,,1.0,1.0,1.0,1.0,1.0,,1.0,,,,1.0,,1.0,1.0,,1er,Sud,,,,,,
https://www.mubawab.tn/fr/a/8071240/appartement-%C3%A0-louer,Appartement à louer,Cité El Boustene 1 à La Soukra,1 200 TND,113.0,3.0,,,,1.0,1.0,1.0,1.0,,Appartement,Bon état,36.883333,10.25,,2.0,,,1.0,,1.0,,1.0,1.0,1.0,,,1.0,,,,,5-10 ans,,1.0,,,,,1er,Ouest,2.0,,,,,
https://www.mubawab.tn/fr/a/8071193/a-louer-excellent-app-s3-kassas-bouzaen,A louer excellent app s3 kassas bouzaen,Sidi Abbes à Sfax Sud,1 300 TND,155.0,4.0,,,,,,1.0,1.0,,Appartement,Nouveau,34.668653,10.699911,,3.0,140 m²,15 m²,1.0,,,1.0,1.0,1.0,1.0,1.0,,,,,,,1-5 ans,Marbre,1.0,1.0,,,,1er,Sud,2.0,,,,,
https://www.mubawab.tn/fr/a/8071181/appartement-s2-a-louer,Appartement S2 A Louer,Kairouan Ville à Kairouan Ville,600 TND,110.0,3.0,,1.0,,,,,,,Appartement,Bon état,35.6776,10.0924,,2.0,,,,,,,,,,,,1.0,,,,,10-20 ans,,,,,,,1er,,,,,,,
https://www.mubawab.tn/fr/a/8071179/appartement-s2-avec-vue-a-jardin-de-carthage,Appartement s2 avec vue a jardin de carthage,Les Jardins de Carthage à Le Kram,2 200 TND,160.0,3.0,,,,,1.0,1.0,1.0,1.0,Appartement,Nouveau,36.833333,10.316667,,2.0,160 m²,,1.0,,,1.0,,1.0,,,1.0,1.0,1.0,1.0,1.0,1.0,1-5 ans,,1.0,1.0,1.0,,,,,2.0,1.0,,,,
https://www.mubawab.tn/fr/a/8071152/appartement-s2-%C3%A0-louer-jardin-de-carthage,Appartement S2 à louer Jardin de Carthage,Les Jardins de Carthage à Le Kram,1 700 TND,110.0,2.0,,1.0,,,,,1.0,,Appartement,Nouveau,36.833333,10.316667,,3.0,,,,,,,,,,,,,,,,,,,,,,,,,,,,,,,
https://www.mubawab.tn/fr/a/8071137/appartement-s2-vide-ou-meubl%C3%A9-location,Appartement s2 vide ou meublé location,Les Jardins de Carthage à Le Kram,2 600 TND,135.0,3.0,,,,,1.0,1.0,1.0,,Appartement,Nouveau,36.8555704,10.291834,,2.0,135 m²,,1.0,,1.0,1.0,1.0,1.0,1.0,1.0,,1.0,,1.0,1.0,1.0,Moins d'un an,Marbre,1.0,1.0,,,,2ème,Nord,2.0,1.0,,,,
https://www.mubawab.tn/fr/a/8071057/appartement-%C3%A0-louer-%C3%A0-centre-ville-3-chambres-agr%C3%A9ables-bien-meubl%C3%A9,Appartement à louer à centre ville 3 chambres agréables. Bien meublé,Montfleury à Tunis,1 200 TND,100.0,,,1.0,,1.0,1.0,,1.0,1.0,Appartement,Bon état,36.79699838762335,10.184471688504953,,5.0,100 m²,,,,,,1.0,,,1.0,1.0,1.0,1.0,1.0,,,,,,,,,,1er,,,,,,,
https://www.mubawab.tn/fr/a/8071018/appartement-s2,Appartement s2,Bhar Lazreg à La Marsa,1 350 TND,110.0,3.0,,1.0,,,1.0,1.0,,,Appartement,Nouveau,36.876389,10.325278,,2.0,100 m²,15 m²,,,,,,,,,,,,,,,Moins d'un an,Marbre,1.0,1.0,,1.0,,1er,Est,,,,,,
https://www.mubawab.tn/fr/a/8070929/%C3%A0-louer-appartement-haut-standing-s2-%C3%A0-l-ouina,À Louer: Appartement Haut Standing S2 à l'Ouina,Cité Taieb Mhiri à Menzel Chaker,1 300 TND,119.0,3.0,,1.0,,,1.0,1.0,1.0,,Appartement,Bon état,36.858271320967184,10.26132120905389,,2.0,119 m²,,,,,,,1.0,,,,,,,,,1-5 ans,,,1.0,,1.0,,,,,,,,,
https://www.mubawab.tn/fr/a/8066186/location-appartement-s3-carthage-salammb%C3%B4,Location appartement s3 Carthage Salammbô,Salambo à Carthage,1 100 TND,110.0,9.0,,1.0,,,,,,,Appartement,Bon état,36.8376538929888,10.32238573805603,,3.0,110 m²,,1.0,,,,,,,,,,,,,,20-30 ans,,,,,,,20ème,,,,,,,
https://www.mubawab.tn/fr/a/8051550/a-louer-appartement-s1-haut-standing,A louer Appartement S1 Haut standing,C2 à Monastir Ville,1 500 TND,70.0,,,1.0,,,,,,,Appartement,Nouveau,35.7678,10.8225,1.0,2.0,,,,,,,,,,,,,,,,,,,,,,,,,,,,,,,
https://www.mubawab.tn/fr/a/8070792/a-louer-un-joli-s3-%C3%A0-les-jardins-de-carthage,A louer un joli s3 à les jardins de carthage,Les Jardins de Carthage à Le Kram,2 400 TND,,4.0,,1.0,,,,,,,Appartement,Bon état,36.833333,10.316667,,3.0,,,,,,,,,,,,,,,,,,,,,,,,,,,,,,,
https://www.mubawab.tn/fr/a/7736061/villa-jumel%C3%A9e-s3-%C3%A0-ennasr,Villa jumelée s3 à ennasr,Cité Ennasr 2 à Ariana Ville,2 100 TND,280.0,,,,,1.0,1.0,1.0,1.0,1.0,Appartement,Bon état,36.8625,10.19556,,4.0,,,1.0,,1.0,,1.0,1.0,1.0,1.0,1.0,1.0,1.0,1.0,1.0,,5-10 ans,Marbre,,1.0,1.0,1.0,1.0,2ème,Nord,2.0,,1.0,,,
https://www.mubawab.tn/fr/a/8070775/a-louer-un-local-commercial-%C3%A0-bardo,A louer un local commercial à Bardo,Le Bardo à Le Bardo,3 000 TND,250.0,,1.0,1.0,,,,,,,Appartement,Bon état,36.83017,10.13736,1.0,,,,,,,,,,,,,,,,,,,,,,,,,,,,,,,,
https://www.mubawab.tn/fr/a/8067007/s3-%C3%A0-louer-au-jardin-de-carthage,S3 à Louer au Jardin de Carthage,Les Jardins de Carthage à Le Kram,2 500 TND,,4.0,,,,,1.0,1.0,,,Appartement,Bon état,36.833333,10.316667,,3.0,,,,,,,,,,,,,,,,,1-5 ans,Marbre,,,,,,2ème,,3.0,,,,,
https://www.mubawab.tn/fr/a/7779678/a-louer-une-villa-jumel%C3%A9e-au-lac-2,A louer une villa jumelée au lac 2,Les Berges Du Lac 2 à La Marsa,Prix à consulter,300.0,4.0,,,,,1.0,1.0,1.0,,Appartement,Bon état,36.876389,10.325278,,3.0,,,,,,,,1.0,,,,,,1.0,,,,,,,,,,,,3.0,,,,,
https://www.mubawab.tn/fr/a/8070679/s3-%C3%A0-louer-au-lac-2,S3 à Louer au Lac 2,Les Berges Du Lac 2 à La Marsa,2 500 TND,,7.0,,,,,1.0,1.0,1.0,,Appartement,Bon état,36.876389,10.325278,,3.0,,,,,1.0,,1.0,1.0,1.0,1.0,,1.0,,,,1.0,,Marbre,1.0,,,1.0,,,,2.0,,,,,
https://www.mubawab.tn/fr/a/8050389/magnifique-s-2-%C3%A0-la-marsa,Magnifique S 2 à la Marsa,La Marsa à La Marsa,5 000 TND,150.0,,,,,,,,,,Appartement,,36.8941992,10.2762232,,3.0,,,1.0,,,,,,,,,,,,,,,,,,,,,,,,,,,,
https://www.mubawab.tn/fr/a/8060283/luxueux-s3-meubl%C3%A9-%C3%A0-ennaser,Luxueux S3 meublé à Ennaser,Cité Ennasr 1 à Ariana Ville,2 600 TND,200.0,4.0,,,,1.0,1.0,1.0,1.0,1.0,Appartement,Nouveau,36.8625,10.19556,,3.0,180 m²,,1.0,,1.0,1.0,1.0,1.0,1.0,1.0,1.0,1.0,1.0,1.0,1.0,1.0,1-5 ans,Marbre,1.0,1.0,1.0,1.0,1.0,,,2.0,,,,,
https://www.mubawab.tn/fr/a/7911154/luxueux-appartement-s3-%C3%A0-menzah-9c,Luxueux appartement S3 à Menzah 9c,El Menzah 9 à El Menzah,1 800 TND,180.0,4.0,,,,,1.0,1.0,1.0,,Appartement,Nouveau,36.85135441711279,10.138063368231142,,3.0,,,1.0,,1.0,,,1.0,1.0,1.0,,,,,,,5-10 ans,Marbre,1.0,1.0,1.0,1.0,1.0,1er,Nord,3.0,,,,,
https://www.mubawab.tn/fr/a/7896695/appartement-s1-%C3%A0-louer-aux-jardins-de-carthage,Appartement S1 à louer aux jardins de Carthage,Les Jardins de Carthage à Le Kram,1 300 TND,80.0,,1.0,,,,,,,,Appartement,,36.8555704,10.291834,,,,,1.0,,,,,1.0,,,,1.0,,,,,,,1.0,,,,,,,,,,,,
https://www.mubawab.tn/fr/a/8044358/duplex-avec-piscine-s3-la-marsa-les-pins,Duplex avec piscine S3 La Marsa les Pins,La Marsa à La Marsa,4 200 TND,200.0,3.0,,1.0,,,,,,,Appartement,Nouveau,36.876389,10.325278,,4.0,,,,,,,,,,,,,,,,,,,,,,,,,,,1.0,,,,
https://www.mubawab.tn/fr/a/8023611/appartement-s1-meubl%C3%A9-avec-vue-sur-mer,Appartement S1 meublé avec vue sur mer,Gammarth Supérieur à La Marsa,5 000 TND,100.0,,1.0,1.0,1.0,1.0,1.0,1.0,1.0,1.0,Appartement,Bon état,36.876389,10.325278,1.0,,,,1.0,1.0,1.0,1.0,,1.0,1.0,,1.0,1.0,1.0,,1.0,,,,1.0,,,,1.0,,,,1.0,,,,
https://www.mubawab.tn/fr/a/8070339/appartement-meubl%C3%A9-s2-%C3%A0-louer-%C3%A0-ennaser2,Appartement meublé S2 à louer à ENNASER2,Cité Ennasr 2 à Ariana Ville,1 900 TND,100.0,3.0,,1.0,,1.0,1.0,1.0,1.0,1.0,Appartement,Nouveau,36.8625,10.19556,,2.0,,,,,,1.0,,1.0,,,1.0,1.0,1.0,1.0,,,,,,1.0,,,,,,,,,,,
https://www.mubawab.tn/fr/a/8070329/a-louer-un-beau-duplex-vue-lac-au-lac2,A louer un beau duplex vue lac au lac2,Les Berges Du Lac 2 à La Marsa,3 800 TND,250.0,4.0,,,1.0,1.0,1.0,1.0,1.0,1.0,Appartement,Bon état,36.876389,10.325278,,3.0,,,1.0,1.0,1.0,1.0,1.0,1.0,1.0,1.0,1.0,1.0,1.0,1.0,1.0,1.0,1-5 ans,Marbre,1.0,1.0,1.0,1.0,1.0,,,4.0,1.0,,,,
https://www.mubawab.tn/fr/a/8070303/location-d-un-duplex-s3-avec-piscine-au-lac-2,Location d'un duplex S3 avec piscine au lac 2,Les Berges Du Lac 2 à La Marsa,6 000 TND,200.0,3.0,,,,,,,,,Appartement,Nouveau,36.876389,10.325278,,3.0,,,1.0,,,,,,,,,,,,,,,,,,,,,,,3.0,1.0,,,,
https://www.mubawab.tn/fr/a/8070207/appartement-s2-avec-jardin-sidi-bou-sa%C3%AFd,"Appartement S2 avec jardin, Sidi Bou Saïd",Sidi Bousaid à Carthage,2 200 TND,200.0,3.0,,1.0,1.0,,1.0,1.0,1.0,,Appartement,Bon état,36.8566,10.3258,,2.0,100 m²,100 m²,,,,,,,1.0,1.0,,,,,,,5-10 ans,Marbre,,,,,,,,,,,,,
https://www.mubawab.tn/fr/a/8050427/a-louer-appartement-meubl%C3%A9-a-ain-zaghouen-nord,A louer appartement meublé a Ain zaghouen nord,Ain Zaghouan Nord à La Marsa,2 500 TND,80.0,2.0,1.0,1.0,,1.0,1.0,1.0,1.0,1.0,Appartement,Nouveau,36.876389,10.325278,,,,,1.0,,1.0,1.0,1.0,1.0,1.0,1.0,1.0,1.0,1.0,1.0,1.0,1.0,,,1.0,1.0,,1.0,,,,,,,,,
https://www.mubawab.tn/fr/a/8022526/s4-riadh-andalos,S4 riadh andalos,Riadh al Andalous à Ariana Ville,1 250 TND,120.0,5.0,,,,,,,,,Appartement,Bon état,36.8625,10.19556,,4.0,,,,,,,,,,,,,,,,,,,,,,,,,,2.0,,,,,
https://www.mubawab.tn/fr/a/8069890/a-louer-appartement-s2-%C3%A0-hammamet-centre-ville,A louer appartement s2 à Hammamet centre ville,Hammamet Nord à Hammamet,1 200 TND,98.0,3.0,,1.0,,1.0,1.0,1.0,1.0,1.0,Appartement,Bon état,36.40108,10.61457,,2.0,,,1.0,,,,,,,,,,,,,,,,,,,,,,,,,,,,
https://www.mubawab.tn/fr/a/8069853/ennasr-2-%C3%A0-louer-agr%C3%A9able-appt-s3-neuf-haut-stg,ENNASR 2; à LOUER Agréable appt S3 NEUF haut stg,Cité Ennasr 2 à Ariana Ville,Prix à consulter,150.0,5.0,,,,,,1.0,1.0,,Appartement,Nouveau,36.8625,10.19556,,3.0,,,1.0,,,,,,,,,1.0,,,,,,,,,,,,,,2.0,,,,,
https://www.mubawab.tn/fr/a/8069846/%C3%A0-louer-un-s1-meubl%C3%A9-%C3%A0-jardin-del-menzah-2,À louer un S1 meublé à jardin del Menzah 2,Les Jardins d'El Menzah 2 à Ariana Ville,1 100 TND,80.0,2.0,1.0,,1.0,1.0,1.0,1.0,1.0,,Appartement,Bon état,36.859673,10.134291,,,,,,,,,,,,,1.0,1.0,1.0,1.0,,,,,,,,,,,,2.0,,,,,
https://www.mubawab.tn/fr/a/8052967/location-penthouse-modern-a-la-sokra,Location Penthouse modern a la sokra,La Soukra à La Soukra,4 000 TND,270.0,2.0,,1.0,,,,,,,Appartement,Nouveau,36.883333,10.25,,2.0,,,1.0,,,,,,,,,,,,,,,,,1.0,,,,,,,,,,,
https://www.mubawab.tn/fr/a/8069798/appartement-s2-%C3%A0-louer-aux-jardins-de-carthage,Appartement S2 À Louer Aux Jardins De Carthage,Les Jardins de Carthage à Le Kram,1 700 TND,110.0,,,,,,,,,,Appartement,,36.8555704,10.291834,,2.0,,,,,,,,1.0,,,,1.0,,,,,,,,,,,,,,,,,,,
https://www.mubawab.tn/fr/a/8053066/un-beau-s1-richement-meuble-neuf,Un beau s1 richement meuble neuf,Les Berges Du Lac 2 à La Marsa,2 000 TND,70.0,2.0,1.0,1.0,,,1.0,1.0,1.0,,Appartement,Nouveau,36.876389,10.325278,,,60 m²,0 m²,1.0,,,1.0,,,,,,,,,,,1-5 ans,Marbre,,1.0,,,,2ème,Nord,,,,,,
https://www.mubawab.tn/fr/a/7890130/un-beau-s1-richement-meubl%C3%A9,UN BEAU S1 Richement meublé,Les Jardins de Carthage à Le Kram,1 600 TND,80.0,2.0,1.0,1.0,,1.0,1.0,1.0,1.0,,Appartement,Bon état,36.833333,10.316667,,,,,,,,1.0,,,,,1.0,1.0,,,,,1-5 ans,Marbre,1.0,1.0,,,,1er,,,,,,,
https://www.mubawab.tn/fr/a/8048558/s2-a-louer-aux-jardins-de-carthage,S2 a louer aux Jardins de Carthage,Les Jardins de Carthage à Le Kram,1 750 TND,120.0,2.0,,,,1.0,1.0,1.0,1.0,,Appartement,Bon état,36.833333,10.316667,,2.0,110 m²,10 m²,1.0,,1.0,,,1.0,1.0,1.0,,1.0,,1.0,,,1-5 ans,Marbre,1.0,1.0,,1.0,,1er,,2.0,,,,,
https://www.mubawab.tn/fr/a/8023666/appartement-s2-%C3%A0-ain-zaghouan-nord,Appartement s2 à Ain Zaghouan Nord,Ain Zaghouan Nord à La Marsa,2 200 TND,120.0,2.0,,,1.0,1.0,1.0,1.0,1.0,,Appartement,Nouveau,36.876389,10.325278,,2.0,,,1.0,,1.0,,,1.0,1.0,1.0,,1.0,,,1.0,,Moins d'un an,Marbre,1.0,1.0,,1.0,,1er,,3.0,,,,,
https://www.mubawab.tn/fr/a/8069520/luxueux-s3-jamais-habit%C3%A9-%C3%A0-ennaser-2,Luxueux S3 jamais habité à Ennaser 2,Cité Ennasr 2 à Ariana Ville,2 000 TND,180.0,4.0,,,,,1.0,1.0,1.0,,Appartement,Nouveau,36.8625,10.19556,,3.0,,,1.0,,1.0,,,,1.0,1.0,,1.0,,,,,Moins d'un an,Marbre,1.0,1.0,1.0,1.0,1.0,,,3.0,,,,,
https://www.mubawab.tn/fr/a/8069511/rez-de-chauss%C3%A9e-de-villa-s4-%C3%A0-menzah-9c,Rez de chaussée de villa S4 à Menzah 9C,El Menzah 9 à El Menzah,1 900 TND,180.0,5.0,,,1.0,,1.0,1.0,1.0,,Appartement,Nouveau,36.845235,10.164723,,4.0,,,1.0,,1.0,,,,1.0,1.0,,,,,,,,,1.0,,1.0,,1.0,,,2.0,,,,,
https://www.mubawab.tn/fr/a/8069426/a-louer-un-s3-neuf-jamais-habit%C3%A9-%C3%A0-l-aouina,A louer un s3 neuf jamais habité à l'aouina,Aouina à La Marsa,1 500 TND,150.0,4.0,,,,,1.0,1.0,1.0,,Appartement,Nouveau,36.876389,10.325278,,3.0,150 m²,,1.0,,1.0,1.0,1.0,1.0,1.0,1.0,,,,,,,Moins d'un an,,1.0,1.0,1.0,1.0,,,,2.0,,,,,
https://www.mubawab.tn/fr/a/8059901/a-louer-un-s1-meubl%C3%A9-%C3%A0-jardins-de-carthage,A louer un S1 meublé à jardins de carthage,Les Jardins de Carthage à Le Kram,1 900 TND,,2.0,1.0,1.0,,,,,,,Appartement,Bon état,36.833333,10.316667,,,,,,,,,,,,,,,,,,,,,,,,,,,,,,,,,
https://www.mubawab.tn/fr/a/8045026/location-s2-jardin-de-carthage,Location s2 jardin de Carthage,Les Jardins de Carthage à Le Kram,2 000 TND,120.0,,,,1.0,1.0,1.0,1.0,1.0,,Appartement,Bon état,36.855570400000005,10.291834,1.0,2.0,,,,,,,,,,,,,,,,,,,1.0,1.0,,,,,,2.0,,,,,
https://www.mubawab.tn/fr/a/8048210/location-s2-a-ain-zaghwan-nord,Location s2 a ain zaghwan Nord,Ain Zaghouan Nord à La Marsa,1 800 TND,120.0,,,1.0,,,1.0,1.0,1.0,,Appartement,Bon état,36.855570400000005,10.291834,1.0,2.0,,,,,,,,1.0,1.0,1.0,,,,,,,,,1.0,1.0,,,,,,,,,,,
https://www.mubawab.tn/fr/a/8060052/a-louer-un-appartement-en-s3-vue-de-mer,A louer un appartement en S3 vue de mer,Cité El Wafa à Nabeul,1 300 TND,200.0,3.0,,1.0,,,,1.0,,,Appartement,Nouveau,36.45056,10.73505,,3.0,,,,,,,,,,,,,,,,,,,,,,,,,,,,,,,
https://www.mubawab.tn/fr/a/7878920/a-vendre-un-appartement-s2-tout-neuf-%C3%A0-sahloul,A vendre un appartement s2 tout neuf à sahloul,Khezama Est,350 000 TND,128.0,2.0,,1.0,,,,,1.0,,Appartement,Nouveau,35.832439,10.622471,,2.0,,,1.0,,,,,1.0,,,,,,,,,,,,,,,,,,,,,,,
https://www.mubawab.tn/fr/a/7914106/a-louer-un-s1-meubl%C3%A9-vue-mer-%C3%A0-kantaoui,A louer un s1 meublé vue mer à kantaoui,Cité de la Plage à Hammam Sousse,1 300 TND,50.0,,1.0,1.0,,1.0,1.0,1.0,,1.0,Appartement,Nouveau,35.8569,10.5972,1.0,,,,1.0,,,,,,,,,1.0,,,,,,,,1.0,,,,,,,,,,,
https://www.mubawab.tn/fr/a/8068970/s1-%C3%A0-louer,S1 à louer,Les Jardins de Carthage à Le Kram,Prix à consulter,81.0,,1.0,1.0,,,1.0,1.0,1.0,,Appartement,Nouveau,36.8555704,10.291834,1.0,,57 m²,,,,,,,1.0,,,,,,,,,1-5 ans,Marbre,,1.0,,,,1er,Nord,,,,,,
https://www.mubawab.tn/fr/a/8068764/appartement-a-louer-lafayette-centre-ville-tunis,Appartement a louer Lafayette centre ville tunis,Bab Bhar à Tunis,550 TND,40.0,2.0,,1.0,,,,,,,Appartement,Bon état,36.799163,10.175608,,2.0,40 m²,,,,,,,,,,,,,,,,,,,,,,,,,,,,,,
https://www.mubawab.tn/fr/a/8068668/appartement-vue-lac-%C3%A0-la-location-meubl%C3%A9-lac-2,Appartement vue lac à la location meublé lac 2,Les Berges Du Lac 2 à La Marsa,5 000 TND,220.0,4.0,,,,1.0,1.0,1.0,1.0,1.0,Appartement,Bon état,36.8468986,10.2641808,,3.0,200 m²,,1.0,1.0,1.0,1.0,1.0,1.0,1.0,1.0,1.0,1.0,1.0,1.0,1.0,1.0,5-10 ans,Marbre,1.0,1.0,,,1.0,2ème,Nord,2.0,,,,,
https://www.mubawab.tn/fr/a/7946279/s2-meubl%C3%A9-%C3%A0-louer-%C3%A0-ain-zaghouan,S2 meublé à louer à Ain Zaghouan,Cité Essalama à La Marsa,1 650 TND,110.0,3.0,,,,1.0,1.0,1.0,1.0,1.0,Appartement,Bon état,36.876389,10.325278,,2.0,,,,,,1.0,1.0,,,,1.0,1.0,1.0,1.0,1.0,,,,,,,1.0,,,,2.0,,,,,
https://www.mubawab.tn/fr/a/7969719/a-vendre-duplex-jamais-habit%C3%A9-jardins-de-carthage,A vendre duplex jamais habité Jardins de Carthage,Les Jardins de Carthage à Le Kram,1 300 000 TND,240.0,4.0,,,,,1.0,1.0,1.0,,Appartement,Nouveau,36.833333,10.316667,,3.0,,,1.0,,1.0,,1.0,1.0,1.0,1.0,,1.0,,1.0,1.0,,Moins d'un an,Marbre,1.0,1.0,1.0,1.0,1.0,2ème,,4.0,,,,,
https://www.mubawab.tn/fr/a/7821894/location-appartement-pierre-s2,Location Appartement Pierre S2,Hammamet Nord à Hammamet,1 800 TND,90.0,3.0,,,,1.0,1.0,1.0,1.0,,Appartement,Nouveau,36.40108,10.61457,,2.0,,,1.0,,,1.0,,,,,,1.0,,,,,,,,,,,,,,2.0,,,,,
https://www.mubawab.tn/fr/a/8013151/appartement-en-s2-au-2%C3%A8me-%C3%A9tage-%C3%A0-hammamet,Appartement en S2 au 2ème étage à Hammamet,Hammamet à Hammamet,1 250 TND,,5.0,,1.0,,1.0,1.0,1.0,1.0,1.0,Appartement,Bon état,36.40108,10.61457,,2.0,,,1.0,,,,,1.0,,,1.0,1.0,1.0,1.0,,,,,,,,,,2ème,,,,,,,
https://www.mubawab.tn/fr/a/8035267/appartement-en-s0-%C3%A0-louer-annuelle-hammamet,Appartement en s0 à louer Annuelle Hammamet,Hammamet à Hammamet,1 250 TND,,3.0,1.0,1.0,,1.0,1.0,1.0,1.0,1.0,Appartement,Bon état,36.40108,10.61457,,,,,1.0,,1.0,,,1.0,,1.0,1.0,,1.0,1.0,,,,,,,,1.0,,,,,,,,,
https://www.mubawab.tn/fr/a/8053950/appartement-s3-meubl%C3%A9-avec-vue-sur-mer-raoued-plage,"Appartement S3 meublé avec vue sur mer, Raoued Plage",Raoued à Raoued,3 300 TND,200.0,4.0,,,,1.0,1.0,1.0,1.0,1.0,Appartement,Bon état,36.954444,10.191389,,3.0,,,,1.0,1.0,1.0,1.0,1.0,1.0,1.0,1.0,1.0,1.0,1.0,,,1-5 ans,Parquet,1.0,1.0,,1.0,,1er,Nord,3.0,,,,,
https://www.mubawab.tn/fr/a/8038764/appartement-s1-a-louer-%C3%A0-l-ann%C3%A9e-%C3%A0-hammamet,Appartement S1 a louer à l'année à Hammamet,Hammamet Nord à Hammamet,850 TND,60.0,2.0,1.0,1.0,,1.0,1.0,1.0,1.0,1.0,Appartement,Nouveau,36.40108,10.61457,,,,,1.0,1.0,1.0,1.0,1.0,1.0,1.0,1.0,1.0,1.0,1.0,1.0,1.0,1.0,Moins d'un an,Marbre,,,,1.0,1.0,3ème,Nord,,,,,,
https://www.mubawab.tn/fr/a/8068348/appartement-luxe-et-calme,Appartement luxe et calme,Skanes à Monastir Ville,900 TND,77.0,3.0,,1.0,,1.0,1.0,1.0,1.0,1.0,Appartement,Nouveau,35.7678,10.8225,,2.0,65 m²,,,,1.0,1.0,1.0,,1.0,,1.0,1.0,1.0,,1.0,,1-5 ans,Carrelage,,,,,,2ème,Nord,,,,,,
https://www.mubawab.tn/fr/a/8068318/a-louer-s2-ennikilet-a-coter-technopole-el-ghaeal,A louer s2 ennikilet a coter technopole el ghaeal,Cité Ennkhilet à Raoued,950 TND,125.0,3.0,,1.0,,,1.0,1.0,1.0,,Appartement,Nouveau,36.954444,10.191389,,2.0,100 m²,25 m²,1.0,,1.0,,1.0,1.0,,1.0,,1.0,,,,1.0,Moins d'un an,Parquet,,,,,1.0,1er,Nord,,,,,,
https://www.mubawab.tn/fr/a/8050794/appart-s3-location-%C3%A0-l-ann%C3%A9e-%C3%A0-yasmine-hammamet,Appart S3 location à l'année à YASMINE HAMMAMET,Hammamet Sud à Hammamet,1 300 TND,150.0,4.0,,,,1.0,1.0,1.0,1.0,1.0,Appartement,Bon état,36.40108,10.61457,,3.0,150 m²,200 m²,1.0,,,1.0,1.0,1.0,1.0,1.0,1.0,1.0,1.0,1.0,1.0,,1-5 ans,Marbre,,,,,,1er,Sud,2.0,,,,,
https://www.mubawab.tn/fr/a/8068098/appartement-s2-meubl%C3%A9e-jardin-de-carthage,Appartement S2 meublée jardin de Carthage,Les Jardins de Carthage à Le Kram,2 700 TND,130.0,3.0,,,1.0,1.0,1.0,1.0,1.0,,Appartement,Nouveau,36.8555704,10.291834,,2.0,130 m²,,1.0,,1.0,,1.0,1.0,,1.0,,,,,1.0,,1-5 ans,Marbre,1.0,1.0,,1.0,,8ème,Est,2.0,,,,,
https://www.mubawab.tn/fr/a/8068099/a-louer-appartement-s3-au-c%C5%93ur-de-la-marsa,A louer Appartement S3 au cœur de la Marsa,La Marsa à La Marsa,3 550 TND,200.0,,,,,,,,1.0,,Appartement,,36.8941992,10.2762232,,4.0,,,1.0,,,,,1.0,,,,,,,,,,,1.0,,,,,,,,,,,,
https://www.mubawab.tn/fr/a/8068080/a-louer-un-s2-aux-jardins-de-l-aouina,A louer un S2 aux jardins de l'aouina,Aouina à La Marsa,1 100 TND,85.0,3.0,,1.0,,,1.0,1.0,1.0,,Appartement,Bon état,36.876389,10.325278,,2.0,,,,,,,,1.0,,,,,,,,,5-10 ans,Marbre,,,,,,5ème,,,,,,,
https://www.mubawab.tn/fr/a/8068012/appartement-spacieux-dans-un-quartier-chic,Appartement spacieux dans un quartier chic,Riadh al Andalous à Ariana Ville,1 500 TND,230.0,4.0,,,,,1.0,1.0,,,Appartement,Bon état,36.8805752,10.1717264,,3.0,230 m²,40 m²,1.0,,1.0,1.0,,1.0,1.0,1.0,,,,,,1.0,5-10 ans,Marbre,1.0,,1.0,,,1er,Ouest,2.0,,,,,
https://www.mubawab.tn/fr/a/8035935/coquet-s1-meubl%C3%A9-au-coeur-de-la-marsa,Coquet S1 Meublé au coeur de La Marsa,La Marsa à La Marsa,2 500 TND,50.0,,1.0,,,1.0,,,1.0,,Appartement,,36.8941992,10.2762232,,,,,,,,,,1.0,,,,,,,,,,,1.0,,,,,,,,,,,,
https://www.mubawab.tn/fr/a/7810006/a-louer-un-s3-meubl%C3%A9-au-lac-2,A louer un s3 meublé au lac 2,Les Berges Du Lac 2 à La Marsa,Prix à consulter,200.0,4.0,,,1.0,1.0,1.0,1.0,1.0,1.0,Appartement,Bon état,36.876389,10.325278,,3.0,,,,,1.0,1.0,1.0,1.0,1.0,1.0,1.0,1.0,1.0,1.0,1.0,,,,1.0,1.0,,1.0,,,,2.0,,,,,
https://www.mubawab.tn/fr/a/8067619/appartement-s1-meubl%C3%A9-a-jardin-de-carthage,Appartement s1 meublé a jardin de carthage,Les Jardins de Carthage à Le Kram,2 000 TND,100.0,2.0,1.0,1.0,,,1.0,1.0,1.0,1.0,Appartement,Nouveau,36.833333,10.316667,,,100 m²,,1.0,,,1.0,,1.0,1.0,1.0,1.0,1.0,1.0,1.0,1.0,1.0,,,1.0,1.0,,,,,,,1.0,,,,
https://www.mubawab.tn/fr/a/8035691/s3-%C3%A0-louer-au-jardin-de-carthage,S3 à Louer au Jardin de Carthage,Les Jardins de Carthage à Le Kram,2 100 TND,,5.0,,,1.0,,1.0,1.0,1.0,,Appartement,Bon état,36.833333,10.316667,,3.0,,,1.0,,1.0,,1.0,1.0,1.0,1.0,,1.0,,,1.0,1.0,5-10 ans,Marbre,1.0,1.0,,,,,Sud,3.0,,,,,
https://www.mubawab.tn/fr/a/8067608/a-louer-appartement-s3-aux-jardins-de-carthage,A louer Appartement S3 aux Jardins de Carthage,Le Kram,1 800 TND,130.0,,,,,,1.0,1.0,1.0,,Appartement,,36.833333,10.316667,,4.0,,,1.0,,,,,1.0,,,,,,,,,,,,,,,,,,,,,,,
https://www.mubawab.tn/fr/a/8067607/a-louer-appartement-s3-aux-lac-2,A louer Appartement S3 aux lac 2,La Marsa,3 500 TND,145.0,,,,,,1.0,1.0,1.0,,Appartement,,36.876389,10.325278,,4.0,,,1.0,,,,,,,,,1.0,,,,,,,1.0,,,,,,,,,,,,
https://www.mubawab.tn/fr/a/7996595/a-louer-appartement-s1-%C3%A0-chott-mariem,A louer appartement S1 à chott mariem,Chott Meriem à Akouda,1 200 TND,60.0,2.0,1.0,1.0,,1.0,1.0,1.0,1.0,1.0,Appartement,Nouveau,35.87,10.57,,,,,,1.0,,,,1.0,1.0,1.0,1.0,1.0,1.0,1.0,,1.0,,,,,,1.0,,,,,1.0,,,,
https://www.mubawab.tn/fr/a/8067564/appartement-s4-avec-chambre-de-service-%C3%A0-louer-aux-jardins-de-carthage,Appartement S4 avec chambre de service à louer aux Jardins de Carthage,Les Jardins de Carthage à Le Kram,3 000 TND,222.0,,,,,,,,1.0,,Appartement,,36.8555704,10.291834,,4.0,,,1.0,,,,,,,,,,,,,,,,1.0,,,,,,,,,,,,
https://www.mubawab.tn/fr/a/7978277/loft-meubl%C3%A9-avec-piscine-%C3%A0-la-soukra,Loft meublé avec piscine à La Soukra,La Soukra à La Soukra,Prix à consulter,100.0,2.0,1.0,1.0,1.0,1.0,1.0,1.0,1.0,1.0,Appartement,Bon état,36.88833000000001,10.27417,,,,,1.0,,1.0,1.0,1.0,1.0,1.0,1.0,1.0,1.0,1.0,1.0,1.0,1.0,10-20 ans,Carrelage,1.0,,,1.0,1.0,,Est,,1.0,,,,
https://www.mubawab.tn/fr/a/8067257/location-s1-%C3%A0-ain-zaghoun-nord,Location s1 à Ain zaghoun nord,Ain Zaghouan Nord à La Marsa,1 300 TND,70.0,,1.0,1.0,,,1.0,1.0,1.0,,Appartement,Nouveau,36.8623859,10.2835035,,,,,1.0,,1.0,1.0,1.0,1.0,1.0,,,1.0,,,,,1-5 ans,Marbre,1.0,1.0,,1.0,,,,,,,,,
https://www.mubawab.tn/fr/a/8067232/location-d-un-s2-meubl%C3%A9-au-lac2,Location d'un S2 meublé au lac2,Les Berges Du Lac 2 à La Marsa,5 000 TND,120.0,2.0,,1.0,,,,,,,Appartement,Nouveau,36.876389,10.325278,,2.0,,,,,,,,,,,,,,,,,,,,,,,,,,,,,,,
https://www.mubawab.tn/fr/a/8067202/location-appartement-haut-standing-%C3%A0-nabeul,Location appartement haut standing à nabeul,Cité El Wafa à Nabeul,1 100 TND,150.0,5.0,,,,,1.0,1.0,,,Appartement,Nouveau,36.439144,10.684428000000002,,3.0,150 m²,150 m²,,,1.0,,1.0,1.0,1.0,1.0,,,,,1.0,,1-5 ans,Marbre,1.0,,1.0,,,1er,Ouest,2.0,,,,,
https://www.mubawab.tn/fr/a/8067082/a-louer-s1,A louer s1,Cité Ennkhilet à Raoued,850 TND,50.0,,1.0,,,,1.0,1.0,1.0,,Appartement,Nouveau,36.87966282224507,10.186354412986338,1.0,,,,,,1.0,,1.0,1.0,,1.0,,,,,,,Moins d'un an,Carrelage,1.0,1.0,,1.0,,1er,Nord,2.0,,,,,
https://www.mubawab.tn/fr/a/8046887/appartement-s3-rdc-aux-jardins-de-carthage,Appartement S3 RDC aux jardins de Carthage,Les Jardins de Carthage à Le Kram,2 300 TND,250.0,4.0,,,,,1.0,,1.0,,Appartement,Bon état,36.833333,10.316667,,3.0,,,1.0,,,1.0,1.0,,,,,,,,,,5-10 ans,Marbre,1.0,,,,,,,3.0,,,,,
https://www.mubawab.tn/fr/a/8037193/a-louer-s3-neuf-%C3%A0-cit%C3%A9-du-stade-la-marsa,A Louer S3 Neuf à Cité Du Stade La Marsa,Cité Du Stade à La Marsa,1 600 TND,140.0,4.0,,1.0,,,,1.0,1.0,,Appartement,Nouveau,36.876389,10.325278,,3.0,,,1.0,,,,,,,,,,,,,,Moins d'un an,,1.0,,,,,1er,,,,,,,
https://www.mubawab.tn/fr/a/8033097/etage-de-villa-%C3%A0-la-marsa,Etage de villa à la Marsa,La Marsa à La Marsa,2 500 TND,100.0,3.0,,1.0,,,1.0,1.0,1.0,,Appartement,Bon état,36.876389,10.325278,,2.0,,,1.0,,,1.0,,,,,,,,,,,,,1.0,,,,,,,,,,,,
https://www.mubawab.tn/fr/a/8067039/a-louer-appartement-s2-au-lac-2,A louer Appartement S2 au lac 2,La Marsa,2 500 TND,,,,,,,1.0,1.0,,,Appartement,,36.876389,10.325278,,3.0,,,1.0,,,,,,,,,,,,,,,,1.0,,,,,,,,,,,,
https://www.mubawab.tn/fr/a/8066974/appartement-s1-%C3%A0-louer-aux-jardins-de-carthage,Appartement S1 à louer aux Jardins de Carthage,Les Jardins de Carthage à Le Kram,1 800 TND,,,1.0,,,,,,,,Appartement,,36.8555704,10.291834,,,,,,,,,,,,,,,,,,,,,1.0,,,,,,,,1.0,,,,
https://www.mubawab.tn/fr/a/8066973/appartement-s2-meubl%C3%A9-%C3%A0-louer-aux-jardins-de-carthage,Appartement S2 meublé à louer aux Jardins de Carthage,Les Jardins de Carthage à Le Kram,2 900 TND,140.0,,,,,1.0,,,,,Appartement,,36.8555704,10.291834,,2.0,,,1.0,,,,,,,,,,,,,,,,1.0,,,,,,,,,,,,
https://www.mubawab.tn/fr/a/8006749/s1-%C3%A0-louer-la-marsa,S1 à louer La Marsa,La Marsa à La Marsa,2 600 TND,,2.0,1.0,1.0,,1.0,1.0,1.0,1.0,1.0,Appartement,Bon état,36.876389,10.325278,,,,,,,,1.0,,1.0,1.0,1.0,1.0,1.0,1.0,1.0,,,,,1.0,1.0,,1.0,,,,,,,,,
https://www.mubawab.tn/fr/a/8066814/bel-appartement-%C3%A0-la-nouvelle-mp%C3%A9dina,Bel appartement à la nouvelle mpédina,Nouvelle Medina à Nouvelle Medina,850 TND,135.0,4.0,,,,,,,1.0,,Appartement,Nouveau,36.78898,10.18348,,3.0,135 m²,1 m²,1.0,,,,,1.0,,,,,,,,,1-5 ans,Marbre,,,,,,1er,,2.0,,,,,
https://www.mubawab.tn/fr/a/8066769/apparteemnt-s3-%C3%A0-louer-%C3%A0-ennaser2,Apparteemnt S3 à louer à ENNASER2,Cité Ennasr 2 à Ariana Ville,1 780 TND,160.0,4.0,,1.0,,,1.0,1.0,1.0,1.0,Appartement,Nouveau,36.8625,10.19556,,3.0,,,1.0,,,1.0,1.0,,1.0,1.0,,1.0,,1.0,,,1-5 ans,,1.0,,,,,,,,,,,,
https://www.mubawab.tn/fr/a/8065696/a-louer-appartement-s2-aux-jardins-de-carthage,A louer Appartement S2 aux Jardins de Carthage,Le Kram,2 700 TND,,,,,1.0,1.0,1.0,1.0,,,Appartement,,36.833333,10.316667,,3.0,,,1.0,,,,,,,,,,,,,,,,1.0,,,,,,,,,,,,
https://www.mubawab.tn/fr/a/8066511/belle-appartement-a-la-residance-el-borj,Belle appartement a la residance el borj,Raoued à Raoued,750 TND,100.0,2.0,,,,,,1.0,1.0,,Appartement,Nouveau,36.954444,10.191389,,2.0,90 m²,10 m²,1.0,1.0,1.0,1.0,,1.0,,1.0,,1.0,,,,,Moins d'un an,Marbre,1.0,1.0,,1.0,,4ème,Ouest,2.0,,,,,
https://www.mubawab.tn/fr/a/8066313/fethi-korbi,Fethi Korbi,Dar Châabane,800 TND,80.0,4.0,,1.0,,1.0,1.0,1.0,1.0,1.0,Appartement,Bon état,36.48423,10.75258,,2.0,80 m²,70 m²,1.0,1.0,1.0,1.0,1.0,,1.0,1.0,1.0,1.0,1.0,1.0,,,1-5 ans,Parquet,,,,,,2ème,Est,,,1.0,,,
https://www.mubawab.tn/fr/a/8005596/b%C3%A2timent-%C3%A0-louer-au-lac-2,Bâtiment à louer au Lac 2,Les Berges Du Lac 2 à La Marsa,Prix à consulter,2000.0,,1.0,1.0,,,1.0,1.0,,,Appartement,Nouveau,36.876389,10.325278,1.0,,,,,,,,,1.0,,,,,,,,,,,,1.0,,,,,,,,,,,
https://www.mubawab.tn/fr/a/8039467/location-appartement-s2-avec-vue-mer-%C3%A0-hammamet,Location: Appartement S2 avec vue mer à Hammamet,Hammamet à Hammamet,Prix à consulter,,7.0,,,,1.0,1.0,1.0,1.0,1.0,Appartement,Nouveau,36.40108,10.61457,,2.0,,,1.0,1.0,,,,1.0,,1.0,1.0,1.0,1.0,1.0,,,,,1.0,1.0,,1.0,,2ème,,2.0,,,,,
https://www.mubawab.tn/fr/a/7926423/un-appartement-s2-aux-jardins-de-carthage,Un appartement S2 aux Jardins de Carthage,Les Jardins de Carthage à Le Kram,1 500 TND,100.0,3.0,,1.0,,,1.0,1.0,1.0,,Appartement,Bon état,36.833333,10.316667,,2.0,,,1.0,,1.0,,,1.0,1.0,1.0,,,,,,,,,1.0,1.0,1.0,,,,,,,,,,
https://www.mubawab.tn/fr/a/8043540/appartement-s1-%C3%A0-louer-meubl%C3%A9-%C3%A0-la-marsa,Appartement S1 à louer meublé à la Marsa,La Marsa à La Marsa,1 900 TND,80.0,,,1.0,,,,,,,Appartement,Nouveau,36.876389,10.325278,1.0,2.0,,,,,,,,,,,,,,,,,,,,,,,,,,,,,,,
https://www.mubawab.tn/fr/a/8030738/appartement-s3-%C3%A0-louer-la-marsa,Appartement s3 à louer La marsa,Sidi Daoued à La Marsa,2 000 TND,150.0,4.0,,,,,1.0,1.0,1.0,,Appartement,Bon état,36.876389,10.325278,,3.0,150 m²,,,,1.0,,,1.0,1.0,1.0,,,,,,,,,1.0,1.0,,1.0,1.0,,,2.0,,,,,
https://www.mubawab.tn/fr/a/8064530/appartement-s1-%C3%A0-louer-%C3%A0-la-marsa,Appartement S1 à louer à La Marsa,La Marsa à La Marsa,1 800 TND,75.0,,,1.0,,,,,,,Appartement,Nouveau,36.876389,10.325278,1.0,2.0,,,,,,,,,,,,,,,,,,,,,,,,,,,,,,,
https://www.mubawab.tn/fr/a/8064521/appartement-s3-meubl%C3%A9-%C3%A0-louer-gammarth,Appartement S3 meublé à louer Gammarth,Gammarth à La Marsa,3 500 TND,160.0,3.0,,1.0,,,,,1.0,,Appartement,Nouveau,36.876389,10.325278,,4.0,,,,,,,,,,,,,,,,,,,,,,,,,,,,,,,
https://www.mubawab.tn/fr/a/8045031/location-s2-ain-zaghouan-nord,Location s2 Ain Zaghouan nord,Ain Zaghouan Nord à La Marsa,2 300 TND,130.0,,,,,,1.0,1.0,1.0,,Appartement,Nouveau,36.855570400000005,10.291834,1.0,2.0,,,1.0,,,,,,,,,,,,,,,,1.0,1.0,,1.0,,,,2.0,,,,,
https://www.mubawab.tn/fr/a/8048200/location-appartement-s1-meubl%C3%A9,Location appartement s1 meublé,Les Jardins de Carthage à Le Kram,2 400 TND,120.0,,1.0,1.0,,1.0,1.0,1.0,1.0,,Appartement,Nouveau,36.8941992,10.276223200000002,1.0,,90 m²,20 m²,1.0,,,,,1.0,1.0,1.0,,,,,,,,,1.0,1.0,,,,,,,,,,,
https://www.mubawab.tn/fr/a/8048205/location-appartement-s1-meubl%C3%A9,Location appartement s1 meublé,Les Jardins de Carthage à Le Kram,1 700 TND,85.0,,1.0,1.0,,,1.0,1.0,1.0,,Appartement,Bon état,36.855570400000005,10.291834,1.0,,,,,,,,,,1.0,1.0,,,,,,,,,1.0,1.0,,,,,,,,,,,
https://www.mubawab.tn/fr/a/8053301/location-s1-meubl%C3%A9-jardin-de-carthage,Location S1 meublé jardin de Carthage,Les Jardins de Carthage à Le Kram,1 900 TND,90.0,,1.0,1.0,,1.0,1.0,1.0,1.0,,Appartement,Nouveau,36.855570400000005,10.291834,1.0,,,,,,,,,1.0,1.0,1.0,,,,,,,,,1.0,1.0,,,,,,,,,,,
https://www.mubawab.tn/fr/a/8066091/%C3%A0-louer-pour-toute-l-ann%C3%A9e-s2,À louer pour toute l'année S2,Hammamet Nord à Hammamet,1 200 TND,80.0,3.0,,1.0,,1.0,1.0,1.0,1.0,1.0,Appartement,Bon état,36.40108,10.61457,,2.0,,,1.0,,1.0,,1.0,,1.0,1.0,1.0,1.0,1.0,1.0,1.0,,,,1.0,,,,1.0,1er,,,,,,,
https://www.mubawab.tn/fr/a/8023267/location-rdc-d-une-villa-%C3%A0-cit%C3%A9-ghazela,Location RDC d'une villa à cité ghazela,Cité el Ghazela à Raoued,1 050 TND,160.0,3.0,,1.0,1.0,,,1.0,1.0,,Appartement,À rénover,36.954444,10.191389,,2.0,160 m²,160 m²,1.0,,,,,,,,,,,,,,5-10 ans,Parquet,,,,,,,Ouest,,,,,,
https://www.mubawab.tn/fr/a/8065327/s2-meubl%C3%A9-ennaser,S2 meublé ennaser,Cité Ennasr 1 à Ariana Ville,1 200 TND,100.0,3.0,,1.0,,,,,,,Appartement,Bon état,36.8625,10.19556,,2.0,100 m²,,,,,,,,,,,,,,,,,,,,,,,,,,,,,,
https://www.mubawab.tn/fr/a/8055413/location-annuelle-%C3%A0-hammamet-yasmine,Location annuelle à hammamet yasmine,Yasmine Hammamet à Hammamet,1 400 TND,120.0,2.0,,1.0,,1.0,1.0,1.0,1.0,1.0,Appartement,Nouveau,36.40108,10.61457,,2.0,,,1.0,,,,,,,,1.0,,,,,,,,1.0,1.0,,,,,,,,,,,
https://www.mubawab.tn/fr/a/8039246/a-louer-un-immeuble-haut-standing-r2-%C3%A0-megrine,A LOUER un Immeuble haut standing R2 à Megrine,Zone Industrielle Saint Gobin à Mégrine,Prix à consulter,,5.0,1.0,1.0,,,,,,,Appartement,Bon état,36.6938694,10.2622167,,,,,,,,,,,,,,,,,,,,,,,,,,,,,,,,,
https://www.mubawab.tn/fr/a/8065669/s1-haut-standing-dans-une-residence-gardee,S1 Haut standing dans une residence gardee,Riadh al Andalous à Ariana Ville,950 TND,70.0,2.0,,1.0,,,1.0,1.0,1.0,,Appartement,Nouveau,36.8625,10.19556,,2.0,,,1.0,,,,,1.0,,,,1.0,,,,,1-5 ans,Marbre,1.0,1.0,,1.0,,,,,,,,,
https://www.mubawab.tn/fr/a/8065522/s3-%C3%A0-louer-lac-2,S3 à louer LAC 2,Les Berges Du Lac 2 à La Marsa,3 500 TND,,5.0,,,,,1.0,1.0,1.0,,Appartement,Bon état,36.84312516092809,10.276497993042026,,3.0,,,1.0,,1.0,,,,,,,,,,,,,,1.0,,,,1.0,,,2.0,,,,,
https://www.mubawab.tn/fr/a/8062649/appartement-s2-avec-suite-parentale-%C3%A0-louer-aux-jardins-de-carthage,Appartement S2 avec suite parentale à louer aux Jardins de Carthage,Les Jardins de Carthage à Le Kram,1 800 TND,140.0,,,,,,,,,,Appartement,,36.8555704,10.291834,,2.0,,,,,,,,,,,,,,,,,,,1.0,,,,,,,,,,,,
https://www.mubawab.tn/fr/a/8065214/usage-de-bureaux,Usage de bureaux,Tunis Belvedere à El Menzah,3 300 TND,180.0,11.0,,,,,,,,,Appartement,Bon état,36.845235,10.164723,,8.0,180 m²,200 m²,,,,,,,,,,,,,,,10-20 ans,Carrelage,,,,,,1er,Est,2.0,,,,,
https://www.mubawab.tn/fr/a/7889649/02-appartement-en-s2-%C3%A0-nabeul-location-annuelle,02 Appartement en S2 à Nabeul: Location annuelle,Nabeul à Nabeul,1 000 TND,,5.0,,1.0,,1.0,1.0,1.0,1.0,,Appartement,Nouveau,36.45056,10.73505,,2.0,,,1.0,,,,,,,,,,,,,,,,,,,,,,,,,,,,
https://www.mubawab.tn/fr/a/8065302/chalet-s2-meubl%C3%A9-%C3%A0-la-soukra-mal1360,Chalet S2 meublé à La Soukra MAL1360,La Soukra à La Soukra,2 500 TND,,,,1.0,1.0,1.0,1.0,1.0,1.0,,Appartement,Bon état,36.883333,10.25,1.0,2.0,,,1.0,,,,,,,,,,,,1.0,,,,1.0,,,,,,,,1.0,,,,
https://www.mubawab.tn/fr/a/8064571/a-louer-rez-de-chauss%C3%A9e-s2-avec-jardin-%C3%A0-la-marsa,A louer Rez de chaussée S2 avec jardin à la Marsa,La Marsa à La Marsa,2 000 TND,100.0,,,,1.0,,1.0,1.0,1.0,,Appartement,Bon état,36.876389,10.325278,1.0,2.0,100 m²,100 m²,1.0,,,1.0,1.0,1.0,,,,,,,,,,Marbre,,,,,,,,2.0,,,,,
https://www.mubawab.tn/fr/a/8064588/s2-luxueusement-meubl%C3%A9-%C3%A0-louer,S2 luxueusement meublé à louer,Aouina à La Marsa,1 250 TND,100.0,3.0,,1.0,,1.0,1.0,1.0,,1.0,Appartement,Bon état,36.8533886,10.250490799999998,,2.0,,,1.0,,,1.0,1.0,,,,,1.0,1.0,1.0,,,,,,1.0,,1.0,,,,,,,,,
https://www.mubawab.tn/fr/a/8064584/location-d-un-appartement-%C3%A0-hammam-lif-2-chambres-agr%C3%A9ables-bien-meubl%C3%A9-,Location d'un appartement à Hammam Lif. 2 chambres agréables. Bien meublé.,Hammam Lif à Hammam Lif,670 TND,120.0,3.0,,,,1.0,1.0,,1.0,1.0,Appartement,Bon état,36.7311,10.3277,,2.0,120 m²,120 m²,1.0,,,,,1.0,,1.0,1.0,1.0,1.0,,,,70-100 ans,Carrelage,,,,,,3ème,Sud,2.0,,,,,
https://www.mubawab.tn/fr/a/7685922/location-appartement-s1-meubl%C3%A9-%C3%A0-la-marsa-plage,Location appartement s1 meublé à la marsa plage,La Marsa à La Marsa,1 800 TND,80.0,2.0,1.0,1.0,,1.0,1.0,1.0,1.0,1.0,Appartement,Bon état,36.8941992,10.276223200000002,,,,,1.0,,,,1.0,1.0,1.0,1.0,,1.0,1.0,1.0,1.0,,,,1.0,1.0,,1.0,,,,,,,,,
https://www.mubawab.tn/fr/a/8064529/joli-s1-lumineux-a-cite-wahat,Joli s1 lumineux a cite wahat,Aouina à La Marsa,950 TND,55.0,2.0,1.0,1.0,,,,1.0,1.0,,Appartement,Nouveau,36.8533886,10.2504908,,,55 m²,,,,,,,1.0,,,,1.0,,,,,Moins d'un an,Carrelage,,1.0,,1.0,,20ème,Nord,,,,,,
https://www.mubawab.tn/fr/a/8017333/un-appartement-meubl%C3%A9-s2-%C3%A0-louer-aux-jardin-de-carthage,Un appartement meublé S2 à louer aux Jardin de Carthage,Les Jardins de Carthage à Le Kram,2 400 TND,90.0,3.0,,,,1.0,1.0,1.0,1.0,1.0,Appartement,Bon état,36.833333,10.316667,,2.0,,,1.0,,1.0,,,1.0,1.0,1.0,1.0,1.0,1.0,1.0,,,,,1.0,1.0,,1.0,,,,2.0,,,,,
https://www.mubawab.tn/fr/a/8039046/s3-rdc-%C3%A0-louer-%C3%A0-gammarth,S3 rdc à louer à Gammarth,Gammarth à La Marsa,1 700 TND,200.0,4.0,,,,,1.0,1.0,1.0,,Appartement,Bon état,36.876389,10.325278,,3.0,,,1.0,,,,,,1.0,1.0,,,,,,,,,,,,1.0,,,,2.0,,,,,
https://www.mubawab.tn/fr/a/7866107/a-louer-s3-meubl%C3%A9-%C3%A0-sousse,A louer S3 meublé à Sousse,Sousse Ville à Sousse Ville,1 500 TND,150.0,4.0,,1.0,,1.0,1.0,1.0,1.0,,Appartement,Nouveau,35.8273,10.6339,,4.0,,,1.0,,,,,1.0,,,,1.0,,,,,,,,,,,,,,,,,,,
https://www.mubawab.tn/fr/a/7917511/a-louer-s1-non-meubl%C3%A9-%C3%A0-kantaoui,A louer S1 non meublé à kantaoui,Cité de la Plage à Hammam Sousse,500 TND,60.0,,,1.0,,1.0,1.0,1.0,,,Appartement,Nouveau,35.8569,10.5972,1.0,2.0,,,1.0,,,,,,,,,,,,,,,,,,,,,,,,,,,,
https://www.mubawab.tn/fr/a/7903095/a-louer-studio-meubl%C3%A9-%C3%A0-kantaoui,A louer studio meublé à Kantaoui,Cité de la Plage à Hammam Sousse,1 000 TND,70.0,,1.0,1.0,,1.0,1.0,1.0,,,Appartement,Nouveau,35.8569,10.5972,1.0,,,,1.0,,,,,,,,,,,,,,,,,,,,,,,,,,,,
https://www.mubawab.tn/fr/a/7921117/a-lou%C3%A9-s3-%C3%A0-khzama-est,A loué S3 à Khzama Est,Cité de la Plage à Hammam Sousse,850 TND,140.0,3.0,,1.0,,1.0,1.0,1.0,,,Appartement,Nouveau,35.8569,10.5972,,3.0,,,,,,,,,,,,1.0,,,,,,,,,,,,,,,,,,,
https://www.mubawab.tn/fr/a/7923415/a-lou%C3%A9-s2-tout-neuf-%C3%A0-sahloul-4,A loué S2 tout neuf à Sahloul 4,Khezama Est,1 200 TND,100.0,2.0,,1.0,,1.0,1.0,1.0,,,Appartement,Nouveau,35.832439,10.622471,,3.0,,,,,,,,,,,,1.0,,,,,,,1.0,,,,,,,,,,,,
https://www.mubawab.tn/fr/a/7955421/a-lou%C3%A9-s2-non-meubl%C3%A9-%C3%A0-elmenchia,A loué S2 non meublé à Elmenchia,Cité de la Plage à Hammam Sousse,1 000 TND,120.0,3.0,,1.0,,1.0,1.0,1.0,,,Appartement,Nouveau,35.8569,10.5972,,3.0,,,1.0,,,,,,,,,,,,,,,,,1.0,,,,,,,,,,,
https://www.mubawab.tn/fr/a/7953838/a-lou%C3%A9-s3-sans-meuble-%C3%A0-hammam-sousse,A loué s3 sans meuble à Hammam Sousse,Cité de la Plage à Hammam Sousse,850 TND,150.0,3.0,,1.0,1.0,1.0,1.0,,,,Appartement,Nouveau,35.8569,10.5972,,4.0,,,,,,,,,,,,,,,,,,,1.0,,,,,,,,,,,,
https://www.mubawab.tn/fr/a/7764216/a-louer-appartement-s1-de-haut-standing,A louer appartement S1 de haut standing,Sousse Corniche à Sousse Ville,2 000 TND,70.0,,,1.0,,1.0,1.0,1.0,,,Appartement,Nouveau,35.8353947,10.6342606,1.0,2.0,,,1.0,,,,,1.0,,,,,,,,,,,1.0,,,,,,,,1.0,,,,
https://www.mubawab.tn/fr/a/7759555/a-louer-%C3%A9tage-de-villa-s3-richement-meubl%C3%A9,A louer étage de villa S3 richement meublé,El Kantaoui à Hammam Sousse,2 600 TND,200.0,2.0,,1.0,,1.0,1.0,1.0,1.0,,Appartement,Nouveau,35.898175,10.58025,,4.0,,,,,,,,,,,,,,,,,,,,,,,,,,,,,,,
https://www.mubawab.tn/fr/a/7994172/a-louer-s1-meubl%C3%A9-maison-de-la-mer,A louer s1 meublé maison de la mer,El Kantaoui à Hammam Sousse,1 200 TND,40.0,,,1.0,,1.0,1.0,1.0,,,Appartement,Nouveau,35.8569,10.5972,1.0,2.0,,,1.0,,,,,,,,,,,,,,,,,,,,,,,,,,,,
https://www.mubawab.tn/fr/a/7999151/a-louer-s2-meubl%C3%A9-%C3%A0-la-zone-touristique-de-sousse,A louer S2 meublé à la zone touristique de Sousse,Bouhssina à Sousse Ville,1 500 TND,120.0,2.0,,1.0,,1.0,1.0,1.0,,,Appartement,Nouveau,35.8273,10.6339,,3.0,,,,,,,,1.0,,,,,,,,,,,,1.0,,,,,,,,,,,
https://www.mubawab.tn/fr/a/8015444/a-louer-un-appartement-s3-%C3%A0-khzema,A louer un appartement s3 à khzema,Sousse Jaouhara,950 TND,150.0,,,,,1.0,1.0,1.0,,,Appartement,,35.832439,10.622471,,3.0,,,1.0,,,,,,,,,,,,,,,,,,,,,,,,,,,,
https://www.mubawab.tn/fr/a/8019561/a-louer-s1-meubl%C3%A9-%C3%A0-khzama,A louer s1 meublé à khzama,Khezama Est à Sousse Jaouhara,680 TND,70.0,,1.0,1.0,,1.0,,,1.0,,Appartement,Nouveau,35.832439,10.622471,1.0,,,,,,,,,,,,,,,,,,,,,,,,,,,,,,,,
https://www.mubawab.tn/fr/a/8005357/a-louer-s3-meubl%C3%A9-%C3%A0-sahloul-4,A louer S3 meublé à Sahloul 4,Khezama Est,2 200 TND,150.0,3.0,,1.0,,,1.0,1.0,,,Appartement,Nouveau,35.832439,10.622471,,4.0,,,,,,,,1.0,,,,,,,,,,,,,,,,,,,,,,,
https://www.mubawab.tn/fr/a/8005361/a-louer-s3-meubl%C3%A9-%C3%A0-sahloul-4,A louer S3 meublé à Sahloul 4,Khezama Est,2 200 TND,150.0,3.0,,1.0,,1.0,,1.0,1.0,,Appartement,Nouveau,35.832439,10.622471,,4.0,,,1.0,,,,,1.0,,,,,,,,,,,1.0,,,,,,,,,,,,
https://www.mubawab.tn/fr/a/7824048/a-louer-un-penthouse-%C3%A0-sousse,A louer un penthouse à sousse,Sousse Ville à Sousse Ville,3 500 TND,200.0,2.0,,1.0,,1.0,1.0,1.0,,,Appartement,Nouveau,35.8318766,10.5945561,,2.0,,,,,,,,,,,,,,,,,,,1.0,1.0,,,,,,,,,,,
https://www.mubawab.tn/fr/a/8005778/a-louer-s1-meubl%C3%A9-%C3%A0-hammam-sousse,A louer S1 meublé à Hammam Sousse,Cité de la Plage à Hammam Sousse,1 200 TND,70.0,,,1.0,,1.0,1.0,1.0,,,Appartement,Nouveau,35.8569,10.5972,1.0,2.0,,,1.0,,,,,1.0,,,,,,,,,,,,,,,,,,,,,,,
https://www.mubawab.tn/fr/a/8015439/a-louer-s1-meubl%C3%A9-%C3%A0-kantaoui,A louer S1 meublé à Kantaoui,Hammam Sousse,1 200 TND,70.0,,,,,1.0,1.0,1.0,,,Appartement,,35.8569,10.5972,,2.0,,,1.0,,,,,1.0,,,,,,,,,,,,1.0,,,,,,,,,,,
https://www.mubawab.tn/fr/a/8033070/a-louer-s2-meubl%C3%A9-front-mer,A louer s2 meublé front mer,Cité de la Plage à Hammam Sousse,1 600 TND,110.0,2.0,,1.0,,1.0,1.0,1.0,,,Appartement,Nouveau,35.8569,10.5972,,3.0,,,1.0,,,,,,,,,,,,,,,,1.0,,,,,,,,,,,,
https://www.mubawab.tn/fr/a/8036960/a-louer-un-s2-%C3%A0-kantaoui,A louer un s2 à kantaoui,Cité de la Plage à Hammam Sousse,550 TND,80.0,2.0,,1.0,1.0,1.0,,,,,Appartement,Nouveau,35.8569,10.5972,,2.0,,,,,,,,,,,,,,,,,,,,,,,,,,,,,,,
https://www.mubawab.tn/fr/a/8008032/a-louer-penthouse-avec-piscine-%C3%A0-sahloul4,A louer penthouse avec piscine à Sahloul4,Khezama Est,3 200 TND,250.0,3.0,,1.0,,1.0,,1.0,1.0,,Appartement,Nouveau,35.832439,10.622471,,3.0,,,1.0,,,,,1.0,,,,,,,,,,,1.0,,,,,,,,1.0,,,,
https://www.mubawab.tn/fr/a/7802675/a-vendre-bungalow-s1-maison-de-jardin,A vendre bungalow s1 maison de jardin,Hammam Sousse,270 000 TND,50.0,,,,1.0,,1.0,,,,Appartement,,35.8569,10.5972,,2.0,,,1.0,,,,,,,,,,,,,,,,,,,,,,,,,,,,
https://www.mubawab.tn/fr/a/8044057/a-lou%C3%A9-s1-meubl%C3%A9-%C3%A0-sahloul-4,A loué s1 meublé à Sahloul 4,Sahloul à Sousse Jaouhara,1 100 TND,70.0,,,,,1.0,1.0,1.0,,,Appartement,,35.840333,10.594322,,2.0,,,1.0,,,,,1.0,,,,,,,,,,,1.0,1.0,,,,,,,,,,,
https://www.mubawab.tn/fr/a/7936649/a-louer-un-appartement-s1-meubl%C3%A9-%C3%A0-sahloul,A louer un appartement s1 meublé à sahloul,Sahloul à Sousse Jaouhara,Prix à consulter,80.0,,1.0,1.0,,,1.0,1.0,1.0,1.0,Appartement,Nouveau,35.832439,10.622471,1.0,,,,,,,,,,1.0,1.0,1.0,1.0,1.0,,,,,,,1.0,,,,,,,,,,,
https://www.mubawab.tn/fr/a/7844887/a-vendre-appartement-s3-%C3%A0-khzama-ouest,A vendre appartement S3 à Khzama Ouest,Sousse Jaouhara,480 000 TND,137.0,,,,,,1.0,1.0,,,Appartement,,35.832439,10.622471,,4.0,,,1.0,,,,,1.0,,,,1.0,,,,,,,1.0,1.0,,,,,,,,,,,
https://www.mubawab.tn/fr/a/8057828/a-louer-s2-meubl%C3%A9-%C3%A0-kantaoui,A louer S2 meublé à Kantaoui,Cité de la Plage à Hammam Sousse,950 TND,100.0,2.0,,1.0,,1.0,1.0,1.0,1.0,,Appartement,Nouveau,35.8569,10.5972,,2.0,,,,,,,,,,,,,,,,,,,,,,,,,,,,,,,
https://www.mubawab.tn/fr/a/8021057/a-louer-%C3%A0-shloul-4-s1-meubl%C3%A9,A louer à Shloul 4 s1 meublé,Sahloul à Sousse Jaouhara,1 100 TND,70.0,2.0,1.0,1.0,,,1.0,1.0,1.0,1.0,Appartement,Nouveau,35.832439,10.622471,,,,,1.0,,,1.0,1.0,1.0,,1.0,1.0,1.0,1.0,1.0,,,1-5 ans,Marbre,,1.0,,1.0,,2ème,,,,,,,
https://www.mubawab.tn/fr/a/7885586/a-vendre-s3-%C3%A0-la-zone-touristique,A vendre S3 à la zone touristique,Khezama Est,780 000 TND,300.0,3.0,,1.0,,,1.0,1.0,,1.0,Appartement,Nouveau,35.832439,10.622471,,3.0,,,1.0,,,,,1.0,,,,1.0,,1.0,,,,,1.0,,,,,,,,,,,,
https://www.mubawab.tn/fr/a/7914099/a-louer-un-s1-meubl%C3%A9-%C3%A0-sousse,A louer un s1 meublé à sousse,Bouhssina à Sousse Ville,1 200 TND,80.0,,1.0,1.0,,1.0,1.0,1.0,,,Appartement,Nouveau,35.8273,10.6339,1.0,,,,,,,,,,,,,1.0,,,,,,,1.0,,,,,,,,,,,,
https://www.mubawab.tn/fr/a/7926100/a-louer-duplex-meubl%C3%A9-et-vue-sur-mer,A louer duplex meublé et vue sur mer,La Marsa à La Marsa,Prix à consulter,300.0,3.0,,,1.0,1.0,1.0,1.0,1.0,,Appartement,Nouveau,36.871576,10.3343581,,2.0,,,1.0,1.0,,1.0,1.0,1.0,1.0,1.0,1.0,1.0,,,,,1-5 ans,Marbre,1.0,,,1.0,1.0,,Est,3.0,1.0,,,,
https://www.mubawab.tn/fr/a/8064449/appartement-%C3%A0-louer-annuellement-%C3%A0-midoun-djerba,Appartement à Louer Annuellement à Midoun Djerba,Djerba à Djerba,850 TND,80.0,2.0,,1.0,,1.0,1.0,,1.0,1.0,Appartement,Nouveau,33.8075978,10.8451467,,2.0,,,,,,1.0,,,,1.0,1.0,1.0,1.0,1.0,,,,,,,,,,,,,,,,,
https://www.mubawab.tn/fr/a/8064439/s2-avec-terrasse-%C3%A0-hammamet-pour-la-location,S2 avec terrasse à Hammamet pour la location,Hammamet à Hammamet,1 200 TND,,5.0,,1.0,,1.0,1.0,1.0,1.0,1.0,Appartement,Bon état,36.40108,10.61457,,2.0,,,1.0,,,,,1.0,,,1.0,1.0,1.0,1.0,,,,,,,,,,1er,,,,,,,
https://www.mubawab.tn/fr/a/8064281/direct-propri%C3%A9taire,Direct propriétaire,Cité Ennasr 2 à Ariana Ville,1 000 TND,90.0,,,1.0,,,1.0,1.0,1.0,,Appartement,Bon état,36.8625,10.19556,1.0,2.0,,,,,,,,,1.0,,,1.0,,,,,,,,,,,,,,,,,,,
https://www.mubawab.tn/fr/a/8053099/ennasr-2-%C3%A0-louer-agr%C3%A9able-appt-s3,Ennasr 2; à louer agréable appt s3,Cité Ennasr 2 à Ariana Ville,Prix à consulter,180.0,5.0,,,,,1.0,1.0,1.0,,Appartement,Bon état,36.8625,10.19556,,3.0,,,,,,,,,,,,,,,,,,,,,,,,,,2.0,,,,,
https://www.mubawab.tn/fr/a/8053664/%C3%A0-louer-%C3%A0-l-ann%C3%A9e-%C3%A0-yasmine-hammamet,À louer à l'année à yasmine hammamet,Yasmine Hammamet à Hammamet,1 400 TND,140.0,2.0,,1.0,,,1.0,1.0,1.0,1.0,Appartement,Nouveau,36.40108,10.61457,,2.0,,,1.0,,,1.0,,,,,1.0,,1.0,1.0,,,,,,1.0,1.0,1.0,,,,,,,,,
https://www.mubawab.tn/fr/a/8063577/un-beau-appartement-richement-meubl%C3%A9,Un beau appartement richement meublé,La Marsa à La Marsa,2 000 TND,70.0,2.0,1.0,1.0,,,,,1.0,,Appartement,Bon état,36.876389,10.325278,,,65 m²,8 m²,1.0,,,1.0,,,,,,,,,,,5-10 ans,Marbre,,1.0,,,,2ème,,,,,,,
https://www.mubawab.tn/fr/a/8028456/location-s1-avec-une-terrasse-%C3%A0-la-marsa,Location S1 avec une terrasse à la Marsa,La Marsa à La Marsa,1 250 TND,70.0,,1.0,1.0,,,,,1.0,,Appartement,Nouveau,36.876389,10.325278,1.0,,,,1.0,,,,,,,,,,,,,,,,,,,,,,,,,,,,
https://www.mubawab.tn/fr/a/8031702/a-louer-appartement-s2-au-lac-2,A louer Appartement S2 au lac 2,La Marsa,2 000 TND,120.0,,,,,,1.0,1.0,1.0,,Appartement,,36.876389,10.325278,,3.0,,,1.0,,,,,,,,,1.0,,,,,,,1.0,,,,,,,,,,,,
https://www.mubawab.tn/fr/a/8063874/appartement-s2-%C3%A0-louer-aux-jardins-de-carthage,Appartement S2 à louer aux Jardins de Carthage,Les Jardins de Carthage à Le Kram,1 600 TND,110.0,,,,,,,,1.0,,Appartement,,36.8555704,10.291834,,2.0,,,1.0,,,,,1.0,,,,,,,,,,,,,,,,,,,,,,,
https://www.mubawab.tn/fr/a/8063851/appartement-%C3%A0-tunis-agba,Appartement à Tunis Agba,La Manouba à La Manouba,650 TND,100.0,2.0,,1.0,,,1.0,,,,Appartement,Bon état,36.77855,10.05538,,2.0,,,1.0,,,,,,,,,,,,,,,,,,,,,1er,,,,,,,
https://www.mubawab.tn/fr/a/8023874/appartement-s2-meubl%C3%A9e-au-golden-tulipe,Appartement S2 meublée au golden tulipe,Gammarth Supérieur à La Marsa,2 300 TND,120.0,3.0,,1.0,1.0,1.0,1.0,1.0,1.0,1.0,Appartement,Bon état,36.89317870000001,10.3099394,,2.0,,,1.0,,1.0,1.0,1.0,1.0,1.0,1.0,1.0,1.0,1.0,1.0,1.0,1.0,10-20 ans,Marbre,1.0,,,1.0,,,Est,,1.0,,,,
https://www.mubawab.tn/fr/a/8049800/s2-%C3%A0-menzah-9c-r%C3%A9sidence-h%C3%B4teli%C3%A8re-avec-piscine,S2 à menzah 9C résidence hôtelière avec piscine,El Menzah 9 à El Menzah,1 400 TND,120.0,3.0,,,,,1.0,1.0,1.0,,Appartement,Nouveau,36.845235,10.164723,,2.0,,,1.0,,1.0,,,1.0,1.0,1.0,,1.0,,,1.0,1.0,,Marbre,,1.0,,1.0,1.0,,,2.0,1.0,,,,
https://www.mubawab.tn/fr/a/7977368/s2-meubl%C3%A9-%C3%A0-louer-au-jardin-de-carthage,S2 Meublé à Louer au jardin de Carthage,Ain Zaghouan Nord à La Marsa,3 000 TND,130.0,3.0,,,,,1.0,1.0,1.0,,Appartement,Bon état,36.876389,10.325278,,2.0,,,1.0,,,,,,,,,,,,,,,,1.0,1.0,,,,,,2.0,,,,,
https://www.mubawab.tn/fr/a/8063001/joli-appt-cite-el-wafa-mrezgua-nabeul,Joli Appt cite el wafa mrezgua Nabeul,Cité El Wafa à Nabeul,850 TND,80.0,2.0,1.0,,,1.0,1.0,1.0,1.0,1.0,Appartement,Nouveau,36.43909686250408,10.69233494989966,,,,,1.0,,,1.0,1.0,1.0,1.0,1.0,1.0,1.0,1.0,1.0,,,1-5 ans,Marbre,1.0,1.0,,1.0,,4ème,Ouest,2.0,1.0,,,,
https://www.mubawab.tn/fr/a/8063163/a-louer-un-magnifique-s1-avec-piscine,A louer un magnifique S1 avec piscine,Les Jardins de Carthage à Le Kram,1 500 TND,75.0,,1.0,1.0,,,,,,,Appartement,Nouveau,36.833333,10.316667,1.0,,,,,,,,,,,,,,,,,,,,,,,,,,,,1.0,,,,
https://www.mubawab.tn/fr/a/8044419/s2-en-location,S2 en location,Nabeul à Nabeul,1 300 TND,100.0,,,,,1.0,1.0,1.0,,,Appartement,,36.45056,10.73505,,,,,,,,,,,,,1.0,,,,,,,,,,,,,,,,,,,,
https://www.mubawab.tn/fr/a/8035020/a-louer-s1-spacieux-%C3%A0-ennaser,A louer s1 spacieux à ennaser,Ariana à Ariana Ville,980 TND,45.0,2.0,1.0,1.0,,,1.0,1.0,1.0,,Appartement,Nouveau,36.8625,10.19556,,,,,,,1.0,,,1.0,1.0,1.0,,,,,,,5-10 ans,Marbre,,1.0,1.0,1.0,1.0,4ème,,,,,,,
https://www.mubawab.tn/fr/a/8044284/a-louer-appartement-s2-%C3%A0-menzah-9,A louer appartement s2 à Menzah 9,El Menzah 9 à El Menzah,1 350 TND,110.0,3.0,,1.0,,,1.0,1.0,1.0,,Appartement,Nouveau,36.84523500000001,10.164723,,2.0,,,,,1.0,,,1.0,1.0,1.0,,1.0,,,,,1-5 ans,Marbre,,1.0,,1.0,1.0,,,,,,,,
https://www.mubawab.tn/fr/a/8062781/appartement-en-location-%C3%A0-cit%C3%A9-des-mimosas-1-chambre-chauffage-centralis%C3%A9,Appartement en location à Cité des Mimosas. 1 chambre. Chauffage centralisé,Cité des Mimosas à La Marsa,850 TND,95.0,,1.0,1.0,,,,1.0,1.0,,Appartement,Nouveau,33.88689999999999,9.5375,,,95 m²,,1.0,,,,1.0,,,,,,,,,,5-10 ans,Marbre,,,,,,1er,,,,,,,
https://www.mubawab.tn/fr/a/8018853/location-grand-s1-meubl%C3%A9e-au-centre-urbain,Location grand s1 meublée au centre urbain,Centre Urbain Nord à Cité El Khadra,1 500 TND,90.0,2.0,1.0,1.0,,,1.0,1.0,1.0,,Appartement,Bon état,36.823935,10.226369,,,,,,,,,,,,,,,,,,,5-10 ans,Marbre,1.0,,,,,6ème,,,,,,,
https://www.mubawab.tn/fr/a/8032730/s3-%C3%A0-louer-au-jardin-de-carthage,S3 à Louer au Jardin de Carthage,Les Jardins de Carthage à Le Kram,2 000 TND,,9.0,,,,,1.0,1.0,1.0,,Appartement,Bon état,36.833333,10.316667,,3.0,,,1.0,,1.0,,1.0,1.0,1.0,1.0,,1.0,,,1.0,1.0,1-5 ans,Marbre,,1.0,,1.0,,1er,,4.0,,,,,
https://www.mubawab.tn/fr/a/8024695/%C3%A0-louer-%C3%A0-l%E2%80%99ann%C3%A9e-un-appartement-s2,À louer à l’année un appartement S2,Hammamet à Hammamet,1 300 TND,100.0,3.0,,1.0,1.0,,1.0,1.0,1.0,1.0,Appartement,Bon état,36.40108,10.61457,,2.0,,,1.0,1.0,,1.0,1.0,1.0,1.0,1.0,1.0,1.0,1.0,1.0,1.0,1.0,Moins d'un an,Marbre,1.0,,,1.0,,2ème,Nord,,,1.0,,,
https://www.mubawab.tn/fr/a/7892592/appartement-s2-tr%C3%A8s-haut-standing-%C3%A0-gammarth,Appartement S2 très haut standing à Gammarth,Gammarth à La Marsa,5 000 TND,200.0,3.0,,,1.0,,1.0,1.0,1.0,,Appartement,Nouveau,36.876389,10.325278,,2.0,,,1.0,,,,,1.0,,,,,,,,,,,1.0,,,1.0,,,,2.0,1.0,,,,
https://www.mubawab.tn/fr/a/8062671/appartement-meubl%C3%A9-s2-%C3%A0-rades,Appartement meublé s2 à rades,Village Mediterranee à Rades,850 TND,120.0,3.0,,1.0,1.0,1.0,1.0,1.0,1.0,1.0,Appartement,Bon état,36.7609,10.2736,,2.0,120 m²,,1.0,,,,1.0,,,,1.0,1.0,1.0,,,,5-10 ans,,1.0,,,1.0,,1er,Ouest,,,,,,
https://www.mubawab.tn/fr/a/8062653/appartement-s1-neuf-%C3%A0-louer-aux-jardins-de-carthage,Appartement S1 Neuf à louer aux Jardins de Carthage,Les Jardins de Carthage à Le Kram,2 100 TND,85.0,,1.0,,,,1.0,1.0,1.0,,Appartement,,36.8555704,10.291834,,,,,1.0,,,,,,,,,,,,,,,,1.0,,,,,,,,1.0,,,,
https://www.mubawab.tn/fr/a/8062652/appartement-s1-neuf-%C3%A0-louer-aux-jardins-de-carthage,Appartement S1 Neuf à louer aux Jardins de Carthage,Les Jardins de Carthage à Le Kram,1 700 TND,70.0,,1.0,,,,1.0,1.0,,,Appartement,,36.8555704,10.291834,,,,,,,,,,,,,,,,,,,,,1.0,,,,,,,,1.0,,,,
https://www.mubawab.tn/fr/a/8062650/luxueux-appartement-s2-meubl%C3%A9-%C3%A0-louer-aux-jardins-de-carthage,Luxueux Appartement S2 meublé à louer aux Jardins de Carthage,Les Jardins de Carthage à Le Kram,4 000 TND,110.0,,,,1.0,1.0,1.0,1.0,1.0,,Appartement,,36.8555704,10.291834,,2.0,,,,,,,,,,,,,,,,,,,1.0,,,,,,,,1.0,,,,
https://www.mubawab.tn/fr/a/8062040/a-louer-%C3%A0-la-soukra-un-magnifique-loft-tr%C3%A8s-bien-meubl%C3%A9,A louer à la Soukra Un Magnifique Loft Très Bien Meublé,Aéroport Tunis Carthage à La Soukra,1 050 TND,,,,1.0,,1.0,,,,,Appartement,Nouveau,36.883333,10.25,1.0,,,,,,,,,1.0,,,,,,,,,,,1.0,,,,,,,,,,,,
https://www.mubawab.tn/fr/a/8062384/a-louer-appartement-s2-meubl%C3%A9-aux-berges-du-lac2,A louer appartement S2 meublé aux Berges du Lac2,Les Berges Du Lac 2 à La Marsa,2 500 TND,120.0,,,,,1.0,1.0,1.0,1.0,1.0,Appartement,Bon état,36.87638899999999,10.325278000000004,1.0,2.0,,,1.0,,1.0,1.0,1.0,,,1.0,1.0,1.0,1.0,,,,,,1.0,,,,,,,2.0,,,,,
https://www.mubawab.tn/fr/a/8003791/s1-avec-terrasse-vue-mer-%C3%A0-hammamet-nord-location,S1 avec terrasse vue mer à Hammamet Nord: Location,Hammamet Nord à Hammamet,1 700 TND,,4.0,1.0,1.0,,1.0,1.0,1.0,1.0,1.0,Appartement,Nouveau,36.40108,10.61457,,,,,1.0,1.0,,,,1.0,,,1.0,1.0,1.0,,,,,,,,,,,4ème,,,,,,,
https://www.mubawab.tn/fr/a/8008792/appartement-s4-ind%C3%A9pendant-la-marsa,"Appartement S4 indépendant, La Marsa",La Marsa à La Marsa,1 900 TND,140.0,5.0,,1.0,,,1.0,1.0,1.0,,Appartement,Bon état,36.876389,10.325278,,4.0,,,,,,,,,,,,1.0,,,,,5-10 ans,,,,,,,1er,,,,,,,
https://www.mubawab.tn/fr/a/8062255/s1-meubl%C3%A9-marsa-plage1400,S1 meublé marsa plage1400,La Marsa à La Marsa,1 400 TND,100.0,,,1.0,,,,,,,Appartement,Nouveau,36.876389,10.325278,1.0,2.0,,,,,,,,,,,,,,,,,,,,,,,,,,,,,,,
https://www.mubawab.tn/fr/a/8062231/s3-aux-jardins-de-carthage-zal1341,S3 aux Jardins de Carthage ZAL1341,Les Jardins de Carthage à Le Kram,3 400 TND,,,,,,,1.0,1.0,1.0,,Appartement,Bon état,36.833333,10.316667,1.0,3.0,,,,,,,,1.0,,,,,,,,,,,1.0,1.0,,,,,,3.0,,,,,
https://www.mubawab.tn/fr/a/7981606/appartement-s4-les-berges-du-lac-2,Appartement S4 les berges du lac 2,Les Berges Du Lac 2 à La Marsa,2 500 TND,160.0,5.0,,,,,1.0,1.0,1.0,,Appartement,Bon état,36.84689860000001,10.2641808,,4.0,,,1.0,,1.0,1.0,1.0,1.0,1.0,1.0,,1.0,,,,,10-20 ans,Marbre,1.0,1.0,,1.0,,3ème,Est,2.0,,,,,
https://www.mubawab.tn/fr/a/8062058/appartement-en-s3-avec-piscine-et-garage-%C3%A0-louer,Appartement en s3 avec piscine et garage à louer,Hammamet à Hammamet,2 600 TND,,6.0,,,1.0,1.0,1.0,1.0,1.0,1.0,Appartement,Bon état,36.40108,10.61457,,3.0,,,1.0,,,1.0,1.0,1.0,,1.0,1.0,1.0,1.0,1.0,,1.0,,,1.0,,,1.0,,,,2.0,1.0,,,,
https://www.mubawab.tn/fr/a/8062064/location-d-un-s2-meubl%C3%A9-%C3%A0-ain-zaghouan-nord,Location d'un S2 meublé à Ain Zaghouan Nord,Ain Zaghouan Nord à La Marsa,3 300 TND,110.0,2.0,,1.0,,,1.0,1.0,1.0,1.0,Appartement,Nouveau,36.876389,10.325278,,2.0,,,,,,,1.0,,1.0,,1.0,1.0,1.0,1.0,,,,Marbre,,,,,,,Est,,,,,,
https://www.mubawab.tn/fr/a/8062062/location-d-un-agr%C3%A9able-s1-meubl%C3%A9-%C3%A0-ain-zaghouan-no,Location d'un agréable s1 meublé à Ain Zaghouan No,Ain Zaghouan Nord à La Marsa,2 500 TND,50.0,,1.0,1.0,,,,,,,Appartement,Nouveau,36.876389,10.325278,1.0,,,,,,,,,,,,,,,,,,,,,,,,,,,,,,,,
https://www.mubawab.tn/fr/a/8061940/appartement-s1-a-laouina,Appartement S1 a LAouina,Aouina à La Marsa,900 TND,70.0,2.0,1.0,1.0,,,1.0,1.0,,,Appartement,Bon état,36.876389,10.325278,,,,,1.0,,,,,,,,,,,,,,,,1.0,1.0,,1.0,,,,,,,,,
https://www.mubawab.tn/fr/a/8061831/s2-en-location,S2 en location,Hammamet à Hammamet,2 000 TND,148.0,3.0,,,,1.0,1.0,1.0,,,Appartement,Bon état,36.40108,10.61457,,2.0,,,1.0,,,,,,,,,,,,,,1-5 ans,Marbre,,,,,,2ème,Est,2.0,,,,,
https://www.mubawab.tn/fr/a/8061772/appartement-en-location-%C3%A0-cit%C3%A9-des-juges-superficie-110-m%C2%B2-double-vitrage-et-chauffage-central-,Appartement en location à Cité des Juges. Superficie 110 m². Double vitrage et chauffage central.,Cité des Juges à La Marsa,1 200 TND,110.0,2.0,,1.0,,,,1.0,,,Appartement,Bon état,36.876389,10.325278,,2.0,100 m²,100 m²,,,,,1.0,,1.0,,,1.0,,,,,5-10 ans,Carrelage,1.0,,,,,1er,Nord,,,,,,
https://www.mubawab.tn/fr/a/8061709/bel-appartement-en-location-1-pi%C3%A8ce,Bel appartement en location. 1 Pièce,Le Kef Est,Prix à consulter,50.0,,1.0,1.0,,,,,,,Appartement,Bon état,36.78898,10.18348,1.0,,,,,,,,,,,,,,,,,,70-100 ans,Carrelage,,,,,,,,,,,,,
https://www.mubawab.tn/fr/a/8057760/a-louer-u-appartement-s1-%C3%A0-cit%C3%A9-wahat,A Louer u Appartement S1 à Cité Wahat,El Aouina,1 050 TND,,,1.0,1.0,,,,,,,Appartement,Bon état,33.07772,9.58381,1.0,,,,,,,,,,,,,,,,,,,,,,,,,,,,,,,,
https://www.mubawab.tn/fr/a/8051245/a-louer-un-%C3%A9tage-de-villa-s2-%C3%A0-la-marsa,A Louer Un Étage De Villa S2 à La Marsa,Cité Les Pins à La Marsa,1 850 TND,110.0,2.0,,1.0,,,1.0,1.0,1.0,,Appartement,Nouveau,36.876389,10.325278,,2.0,,,1.0,,,,,,,,,1.0,,,,,,,,,,,,,,,,,,,
https://www.mubawab.tn/fr/a/8058538/a-louer-appartement-s2-meubl%C3%A9-aux-jardin-de-carthage,A louer Appartement S2 Meublé aux Jardin de Carthage,Le Kram,2 800 TND,140.0,,,,1.0,1.0,1.0,1.0,,,Appartement,,36.833333,10.316667,,3.0,,,1.0,,,,,,,,,,,,,,,,1.0,,,,,,,,,,,,
https://www.mubawab.tn/fr/a/7941855/un-appartement-s4-meubl%C3%A9-avec-jardin-%C3%A0-louer-%C3%A0-l-aouina,Un Appartement S4 Meublé avec jardin à louer à L'Aouina,El Aouina,2 700 TND,312.0,5.0,,,1.0,1.0,,,1.0,,Appartement,Bon état,33.07772,9.58381,,4.0,,,1.0,,,,,1.0,,,,,,,,,,Marbre,,,,,,,,3.0,,,,,
https://www.mubawab.tn/fr/a/8058787/s2-avec-terrasse-%C3%A0-hammamet-pour-la-location,S2 avec terrasse à Hammamet pour la location,Hammamet à Hammamet,1 200 TND,,6.0,,1.0,,1.0,1.0,1.0,1.0,1.0,Appartement,Bon état,36.40108,10.61457,,2.0,,,1.0,,,,,1.0,,,1.0,1.0,1.0,1.0,,,,,,,,,,2ème,,,,1.0,,,
https://www.mubawab.tn/fr/a/7929317/appartement-s1-vue-mer-%C3%A0-louer-hammamet-nord,Appartement s1 vue mer à louer Hammamet Nord,Hammamet Nord à Hammamet,1 200 TND,,4.0,1.0,1.0,,1.0,1.0,1.0,1.0,1.0,Appartement,Bon état,36.40108,10.61457,,,,,1.0,1.0,1.0,,,1.0,,1.0,1.0,1.0,1.0,1.0,,,,,1.0,,,1.0,,,,,,,,,
https://www.mubawab.tn/fr/a/8031700/location-s3-avec-abri-de-voiture-%C3%A0-hammamet,Location: S3 avec abri de voiture à Hammamet,Hammamet à Hammamet,2 000 TND,,6.0,,,,1.0,1.0,1.0,1.0,1.0,Appartement,Bon état,36.40108,10.61457,,3.0,,,1.0,,,,,1.0,,,1.0,1.0,1.0,1.0,,,,,,,,,,,,2.0,,,,,
https://www.mubawab.tn/fr/a/8054693/%C3%A0-louer-un-s3-%C3%A0-la-marsa,À louer un S3 à La Marsa,Cité El Khalil à La Marsa,1 400 TND,150.0,4.0,,,,,1.0,1.0,1.0,,Appartement,Bon état,36.876389,10.325278,,3.0,130 m²,20 m²,1.0,,,,,1.0,,1.0,,,,,,,10-20 ans,Marbre,1.0,,,1.0,,1er,Ouest,2.0,,,,,
https://www.mubawab.tn/fr/a/8061350/appartement-%C3%A0-louer-cit%C3%A9-el-nkhilette-ariana-800dt,Appartement à louer Cité El Nkhilette Ariana 800DT,Cité Ennkhilet à Raoued,800 TND,110.0,,,1.0,,,,,1.0,,Appartement,Bon état,36.954444,10.191389,1.0,3.0,,,1.0,,,,,,,,,,,,,,,,1.0,1.0,,,,4ème,Est,,,,,,
https://www.mubawab.tn/fr/a/8060989/vue-imprenable-sur-le-golfe-de-tunis,Vue imprenable sur le golfe de Tunis,Mutuelle Ville à El Menzah,1 300 TND,100.0,4.0,,,,,1.0,1.0,1.0,,Appartement,Bon état,36.845235,10.164723,,3.0,100 m²,120 m²,,1.0,,,,,,,,,,,,1.0,20-30 ans,Carrelage,,1.0,1.0,1.0,1.0,6ème,Sud,2.0,,,,,
https://www.mubawab.tn/fr/a/8059129/duplex-s4-au-c%C5%93ur-de-la-marsa,Duplex s4 au cœur de la Marsa,La Marsa à La Marsa,3 500 TND,250.0,5.0,,,1.0,,1.0,1.0,1.0,,Appartement,Bon état,36.876389,10.325278,,4.0,200 m²,,,,,,,,,,,,,,,,,,1.0,,,,,,,3.0,,,,,
https://www.mubawab.tn/fr/a/8057437/apparemment-s2-meubl%C3%A9-%C3%A0-la-marsa,Apparemment s2 meublé à La Marsa,La Marsa à La Marsa,2 500 TND,70.0,,,,1.0,1.0,1.0,1.0,1.0,,Appartement,Bon état,36.8941992,10.2762232,,2.0,,,1.0,,,,,,,,,,,,,,1-5 ans,,,,,,,,,2.0,,,,,
https://www.mubawab.tn/fr/a/8057449/appartement-s2-meubl%C3%A9-vue-mer-%C3%A0-la-marsa,Appartement s2 meublé vue mer à la Marsa,La Marsa à La Marsa,5 000 TND,150.0,3.0,,,,1.0,1.0,1.0,1.0,,Appartement,Bon état,36.876389,10.325278,,2.0,80 m²,,1.0,1.0,,1.0,,,,,1.0,1.0,1.0,1.0,,,,,,,,,,,,2.0,,,,,
https://www.mubawab.tn/fr/a/8060954/un-superbe-appartement-s3-avec-piscine-%C3%A0-louer-aux-jardins-de-carthage,Un Superbe Appartement S3 avec piscine à louer Aux Jardins de Carthage,Les Jardins de Carthage à Le Kram,4 300 TND,300.0,,,,,,,,,,Appartement,,36.8555704,10.291834,,3.0,,,1.0,,,,,,,,,,,,,,,,1.0,,,,,,,,1.0,,,,
https://www.mubawab.tn/fr/a/8059108/appartement-s2-a-la-marsa,Appartement s2 a la Marsa,La Marsa à La Marsa,1 100 TND,100.0,3.0,,,,,1.0,1.0,1.0,,Appartement,Bon état,36.876389,10.325278,,2.0,80 m²,,,,,,,,,,,1.0,,1.0,,,,,1.0,,,,,,,2.0,,,,,
https://www.mubawab.tn/fr/a/8057406/appartement-s3-%C3%A0-la-marsa,Appartement s3 à la Marsa,Cité El Khalil à La Marsa,1 400 TND,100.0,4.0,,,,,,,,,Appartement,Bon état,36.876389,10.325278,,3.0,50 m²,10 m²,,,,,,,,,,,,,,,,,,,,,,,,2.0,,,,,
https://www.mubawab.tn/fr/a/8060649/a-louer-un-appartement-s3-borj-cedria,A louer un appartement s3 Borj Cedria,Borj Cedria à Hammam Chatt,700 TND,120.0,,,,,,,,1.0,,Appartement,,36.658969,10.405946,,6.0,,,,,,,,1.0,,,,,,,,,,,,,,,,,,,,,,,
https://www.mubawab.tn/fr/a/8060550/appartement-s2-meubl%C3%A9-gammarth-sup%C3%A9rieur,"Appartement S2 meublé, Gammarth supérieur",Gammarth Supérieur à La Marsa,2 500 TND,150.0,3.0,,,,1.0,1.0,,1.0,1.0,Appartement,Bon état,36.876389,10.325278,,2.0,,,1.0,,,,,,,,1.0,1.0,1.0,1.0,,,,Marbre,,,,1.0,,,,2.0,,,,,
https://www.mubawab.tn/fr/a/7825498/a-louer-appartement-s2-meubl%C3%A9-%C3%A0-gammarth,A louer Appartement S2 meublé à Gammarth,Gammarth à La Marsa,2 900 TND,120.0,,,1.0,,1.0,1.0,1.0,1.0,1.0,Appartement,Bon état,36.87638899999999,10.325278000000004,1.0,2.0,,,1.0,1.0,1.0,,1.0,1.0,1.0,1.0,1.0,1.0,1.0,1.0,,,,,,1.0,,1.0,1.0,,,,,,,,
https://www.mubawab.tn/fr/a/8060442/bureau-a2-laouina,Bureau A2 laouina,Aouina à La Marsa,1 550 TND,70.0,3.0,,1.0,,,1.0,1.0,,,Appartement,Bon état,36.876389,10.325278,,2.0,,,,,,,,1.0,1.0,1.0,,,,,,,,,,1.0,,1.0,,,,,,,,,
https://www.mubawab.tn/fr/a/8060426/duplex-s2-neuf-meubl%C3%A9-%C3%A0-la-marsa,Duplex s2 neuf meublé à la Marsa,La Marsa à La Marsa,4 200 TND,180.0,3.0,,,,1.0,1.0,1.0,1.0,1.0,Appartement,Nouveau,36.876389,10.325278,,2.0,,,1.0,,,,,,,,1.0,1.0,1.0,1.0,,,,,1.0,,,,,,,2.0,,,,,
https://www.mubawab.tn/fr/a/8060348/a-louer-appartement-s2-%C3%A0-mutuelle-ville,A Louer appartement S2 à Mutuelle Ville,Mutuelle Ville à El Menzah,1 100 TND,75.0,3.0,,1.0,,,1.0,1.0,1.0,,Appartement,À rénover,36.8316382,10.1641474,,2.0,75 m²,37 m²,1.0,,,,1.0,1.0,1.0,1.0,,,,,,,Moins d'un an,Marbre,,,,1.0,,,Ouest,,,,,,
https://www.mubawab.tn/fr/a/8060294/appartement-s1-%C3%A0-ennaser-2,Appartement S1 à ennaser 2,Cité Ennasr 2 à Ariana Ville,1 050 TND,75.0,2.0,1.0,1.0,,,1.0,1.0,1.0,,Appartement,Nouveau,36.8625,10.19556,,,,,1.0,,1.0,,,1.0,1.0,1.0,,1.0,,,,,Moins d'un an,Marbre,,1.0,1.0,1.0,1.0,,,,,,,,
https://www.mubawab.tn/fr/a/8060288/appartement-s1-%C3%A0-menzah-9c,Appartement s1 à Menzah 9c,El Menzah 9 à El Menzah,900 TND,80.0,2.0,1.0,1.0,,,1.0,1.0,1.0,,Appartement,Nouveau,36.845235,10.164723,,,,,1.0,,1.0,,,,1.0,1.0,,1.0,,,,,,,,1.0,,1.0,1.0,,,,,,,,
https://www.mubawab.tn/fr/a/8060217/a-louer-un-s2-meubl%C3%A9-aux-jardins-de-carthage-r%C3%A9f-1,A louer un s2 meublé aux Jardins de Carthage Réf 1,Les Jardins de Carthage à Le Kram,2 400 TND,,2.0,,1.0,,,,1.0,,,Appartement,Nouveau,36.833333,10.316667,,2.0,,,,,,,,,,,,,,,,,,,,,,,,,,,,,,,
https://www.mubawab.tn/fr/a/8045207/ennasr-2-joli-appt-s1-haut-stg,Ennasr 2 joli appt s1 haut stg,Cité Ennasr 2 à Ariana Ville,Prix à consulter,80.0,2.0,1.0,1.0,,,,1.0,1.0,,Appartement,Bon état,36.8625,10.19556,,,,,,,,,,,,,,1.0,,,,,,,,,,,,,,,,,,,
https://www.mubawab.tn/fr/a/8055347/ennasr-2-%C3%A0-louer-joli-appt-s2-haut-stg,ENNASR 2: à louer joli appt S2 HAUT STG,Cité Ennasr 2 à Ariana Ville,1 300 TND,130.0,4.0,,,,,,1.0,1.0,,Appartement,Bon état,36.8625,10.19556,,2.0,,,,,,,,,,,,1.0,,,,,,,,,,,,,,2.0,,,,,
https://www.mubawab.tn/fr/a/8060198/un-s1-meubl%C3%A9-%C3%A0-sahloul,Un s1 meublé à sahloul,Sahloul à Sousse Jaouhara,750 TND,80.0,2.0,1.0,1.0,,,1.0,,1.0,,Appartement,Bon état,35.832439,10.622471,,,45 m²,,,,,,,,,,1.0,,,,,,1-5 ans,Marbre,,,,,,,Nord,,,,,,
https://www.mubawab.tn/fr/a/8060117/joli-appart-ain-zaghouen-nord,Joli appart Ain Zaghouen Nord,Ain Zaghouan Nord à La Marsa,1 500 TND,148.0,4.0,,,,,1.0,1.0,1.0,,Appartement,Nouveau,36.87638899999999,10.325278000000004,,3.0,148 m²,,1.0,,,,,1.0,1.0,1.0,,,,,,,Moins d'un an,Marbre,1.0,1.0,,1.0,,5ème,,2.0,,,,,
https://www.mubawab.tn/fr/a/8056342/appartement-s1-meubl%C3%A9-avec-terrasse-%C3%A0-la-marsa,Appartement S1 meublé avec terrasse à La Marsa,La Marsa à La Marsa,2 700 TND,,2.0,1.0,1.0,,1.0,1.0,1.0,1.0,1.0,Appartement,Bon état,36.876389,10.325278,,,,,1.0,,1.0,1.0,1.0,1.0,1.0,1.0,1.0,1.0,1.0,1.0,1.0,1.0,1-5 ans,Carrelage,1.0,,,1.0,,3ème,,,,,,,
https://www.mubawab.tn/fr/a/8058518/appartement-s1-meubl%C3%A9-%C3%A0-la-marsa,Appartement S1 meublé à La Marsa,La Marsa à La Marsa,2 500 TND,,2.0,1.0,1.0,,1.0,1.0,1.0,1.0,1.0,Appartement,Bon état,36.876389,10.325278,,,,,,,1.0,1.0,1.0,1.0,1.0,1.0,1.0,1.0,1.0,1.0,1.0,1.0,1-5 ans,Carrelage,1.0,1.0,,1.0,,,,,,,,,
https://www.mubawab.tn/fr/a/8043756/a-louer-immeuble-%C3%A0-route-nadhour-bizerte,A Louer Immeuble à Route Nadhour Bizerte,Bizerte à Bizerte Nord,2 800 TND,360.0,16.0,,,,,,,,,Appartement,,37.1303,9.7506777,,16.0,,,,,,,,,,,,,,,,,,,,,,,,,,,,,,,
https://www.mubawab.tn/fr/a/8013059/appartement-s2-meubl%C3%A9-%C3%A0-louer-aux-jardins-de-carthage,Appartement S2 meublé à louer aux Jardins de Carthage,Les Jardins de Carthage à Le Kram,2 800 TND,140.0,,,,,1.0,,,,,Appartement,,36.8555704,10.291834,,2.0,,,1.0,,,,,,,,,,,,,,,,1.0,,,,,,,,,,,,
https://www.mubawab.tn/fr/a/8059740/s2-a-bardo,S2 a bardo,Le Bardo à Le Bardo,900 TND,80.0,3.0,,1.0,,,,1.0,,,Appartement,Bon état,36.81447030000001,10.1344725,,2.0,80 m²,,1.0,,1.0,,1.0,1.0,,,,,,,,,5-10 ans,Marbre,1.0,,,1.0,,2ème,Ouest,,,,,,
https://www.mubawab.tn/fr/a/8059619/bel-appartement-%C3%A0-la-nouvelle-m%C3%A9dina3,Bel appartement à la nouvelle Médina3,Nouvelle Medina à Nouvelle Medina,600 TND,65.0,2.0,1.0,1.0,,,,1.0,1.0,,Appartement,Nouveau,36.78898,10.18348,,,65 m²,10 m²,1.0,,,,,,,,,,,,,,5-10 ans,Marbre,1.0,1.0,,,,1er,,,,,,,
https://www.mubawab.tn/fr/a/8049638/appartement-s2-meubl%C3%A9-aux-berges-du-lac-2,Appartement s2 meublé aux berges du lac 2,La Marsa,4 000 TND,120.0,,,,,1.0,,,,,Appartement,,36.876389,10.325278,,2.0,,,1.0,,,,,1.0,,,,,,,,,,,,,,,,,,,,,,,
https://www.mubawab.tn/fr/a/8059525/appartement-s1-hst-a-boumhel-bassatine,Appartement s1 HST a boumhel bassatine,Bou Mhel à Boumhel Bassatine,800 TND,65.0,,1.0,1.0,1.0,,1.0,1.0,1.0,,Appartement,Nouveau,36.57724,10.34246,1.0,,60 m²,5 m²,1.0,,,,,1.0,1.0,1.0,1.0,1.0,,,,,Moins d'un an,Marbre,,,,1.0,,,Ouest,,,,,,
https://www.mubawab.tn/fr/a/8059508/appartement-s1-a-louer-pou-toute-l-ann%C3%A9e,Appartement s1 a louer pou toute l'année,Hammamet à Hammamet,900 TND,60.0,,1.0,1.0,,,,,,,Appartement,Nouveau,36.40108,10.61457,1.0,,,,,,,,,,,,,,,,,,,,,,,,,,,,,,,,
https://www.mubawab.tn/fr/a/8001228/s2-meubl%C3%A9-%C3%A0-louer-%C3%A0-gammarth,S2 Meublé à Louer à Gammarth,Gammarth à La Marsa,3 900 TND,,3.0,,1.0,1.0,1.0,1.0,1.0,1.0,,Appartement,Bon état,36.876389,10.325278,,2.0,,,1.0,,1.0,,1.0,1.0,1.0,1.0,1.0,1.0,,,1.0,1.0,,,1.0,,,,,,,,1.0,,,,
https://www.mubawab.tn/fr/a/7967154/a-louer-un-s2-meubl%C3%A9-front-mer,A louer un s2 meublé front mer,La Goulette Casino à La Goulette,3 500 TND,120.0,3.0,,,,,1.0,1.0,1.0,,Appartement,Bon état,36.818056,10.305,,2.0,,,1.0,1.0,1.0,1.0,1.0,1.0,1.0,1.0,,,,,,,5-10 ans,Marbre,,,,1.0,,3ème,,2.0,,,,,
https://www.mubawab.tn/fr/a/7969063/a-louer-un-s2-meubl%C3%A9-aux-jardins-de-carthage,A louer un s2 meublé aux jardins de Carthage,Les Jardins de Carthage à Le Kram,2 500 TND,120.0,2.0,,1.0,,,,,1.0,,Appartement,Nouveau,36.833333,10.316667,,2.0,,,,,,,,,,,,,,,,,,,,,,,,,,,,,,,
https://www.mubawab.tn/fr/a/8044173/a-louer-s3-meubl%C3%A9-vue-lac-au-lac2,A louer S3 meublé vue lac au lac2,Les Berges Du Lac 2 à La Marsa,4 500 TND,160.0,4.0,,1.0,,,,,1.0,,Appartement,Nouveau,36.876389,10.325278,,4.0,,,,,,,,,,,,,,,,,,,,,,,,,,,,,,,
https://www.mubawab.tn/fr/a/8050662/a-louer-un-s1-aux-jardins-de-carthage,A louer un S1 aux jardins de Carthage,Les Jardins de Carthage à Le Kram,1 400 TND,65.0,,,1.0,,,,,1.0,,Appartement,Nouveau,36.833333,10.316667,1.0,2.0,,,,,,,,,,,,,,,,,,,,,,,,,,,,,,,
https://www.mubawab.tn/fr/a/8059263/location-d-un-appartement-s2-neuf-%C3%A0-sidi-daoud,Location d'un appartement s2 neuf à sidi daoud,Sidi Daoued à La Marsa,1 300 TND,120.0,2.0,,1.0,,,,,1.0,,Appartement,Nouveau,36.876389,10.325278,,2.0,,,,,,,,,,,,,,,,,,,,,,,,,,,,,,,
https://www.mubawab.tn/fr/a/8059260/location-d-un-appartement-s2-neuf-%C3%A0-sidi-daoud,Location d'un appartement s2 neuf à sidi daoud,Sidi Daoued à La Marsa,1 200 TND,90.0,2.0,,1.0,,,,,1.0,,Appartement,Nouveau,36.876389,10.325278,,2.0,,,,,,,,,,,,,,,,,,,,,,,,,,,,,,,
https://www.mubawab.tn/fr/a/8059237/location-appartement-s4-aux-jardins-de-carthage,Location appartement s4 aux jardins de carthage,Les Jardins de Carthage à Le Kram,3 000 TND,220.0,,,,,,1.0,1.0,1.0,,Appartement,Bon état,36.8555704,10.291834,,4.0,,,1.0,,1.0,,,,,,,1.0,,,,,5-10 ans,Marbre,1.0,1.0,,1.0,,,,3.0,,,,,
https://www.mubawab.tn/fr/a/8059230/un-beau-app-s2-situ%C3%A9-%C3%A0-h-sousse,Un beau App S2 situé à H. Sousse,Cité de la Plage à Hammam Sousse,Prix à consulter,90.0,2.0,,1.0,,,1.0,1.0,,,Appartement,Nouveau,35.8569,10.5972,,2.0,,,1.0,,,,,,,,,,,,,,,,,,,,,,,,,,,,
https://www.mubawab.tn/fr/a/8059224/a-louer-joli-s2-situ%C3%A9-%C3%A0-hammam-sousse,A louer joli S2 situé à Hammam sousse,Cité de la Plage à Hammam Sousse,Prix à consulter,110.0,2.0,,1.0,,,1.0,1.0,,,Appartement,Nouveau,35.8569,10.5972,,2.0,,,1.0,,,,,,,,,,,,,,,,,,,,,,,,,,,,
https://www.mubawab.tn/fr/a/8054777/s1-moderne-vue-mer-%C3%A0-gammarth-sup%C3%A9rieur-1-belle-chambre-bien-meubl%C3%A9,S1 moderne vue mer à Gammarth Supérieur. 1 belle chambre. Bien meublé,Gammarth Supérieur à La Marsa,4 200 TND,200.0,,1.0,,1.0,1.0,1.0,1.0,1.0,1.0,Appartement,Nouveau,36.8931787,10.3099394,,,150 m²,80 m²,1.0,1.0,1.0,1.0,1.0,1.0,1.0,1.0,1.0,1.0,1.0,1.0,1.0,1.0,1-5 ans,Marbre,,,,1.0,1.0,,Sud,2.0,1.0,,,,
https://www.mubawab.tn/fr/a/8046628/location-d-un-s1-meubl%C3%A9-%C3%A0-ain-zaghouan-nord,Location d'un s1 meublé à Ain Zaghouan Nord,Ain Zaghouan Nord à La Marsa,2 300 TND,50.0,2.0,1.0,1.0,,1.0,1.0,1.0,1.0,,Appartement,Nouveau,36.876389,10.325278,,,,,,,,,,,,1.0,1.0,1.0,1.0,,1.0,,,,,1.0,,1.0,,,,,,,,,
https://www.mubawab.tn/fr/a/8058877/location-appartement-cocon-s1,Location Appartement Cocon S1,Hammamet Nord à Hammamet,1 200 TND,63.0,2.0,1.0,1.0,,1.0,1.0,1.0,1.0,1.0,Appartement,Nouveau,36.40108,10.61457,,,63 m²,,1.0,,,1.0,,1.0,,,1.0,1.0,1.0,1.0,1.0,,,,1.0,1.0,,,,,,,1.0,,,,
https://www.mubawab.tn/fr/a/8058815/a-louer-un-appartement-s2-a-cite-l-wahat,A louer un appartement s2 a cite l wahat,Aouina à La Marsa,1 400 TND,120.0,7.0,,1.0,,,1.0,1.0,1.0,,Appartement,Nouveau,36.876389,10.325278,,2.0,120 m²,120 m²,1.0,,1.0,1.0,1.0,1.0,1.0,1.0,,1.0,,,,,Moins d'un an,Parquet,,1.0,,1.0,1.0,5ème,,,,,,,
https://www.mubawab.tn/fr/a/8027072/location-s1-meubl%C3%A9-%C3%A0-la-marsa,Location S1 meublé à la marsa,La Marsa à La Marsa,2 000 TND,70.0,,,1.0,,,,,,,Appartement,Nouveau,36.876389,10.325278,1.0,2.0,,,,,,,,,,,,,,,,,,,,,,,,,,,,,,,
https://www.mubawab.tn/fr/a/7833980/a-louer-un-appartement-en-s2-%C3%A0-gammarth,A louer un appartement en S2 à Gammarth,Gammarth à La Marsa,3 000 TND,160.0,,,,,1.0,1.0,1.0,,,Appartement,,36.917739,10.288893,,2.0,,,1.0,1.0,,,,,,,,,,,,,,,1.0,,,,,,,,,,,,
https://www.mubawab.tn/fr/a/7820777/a-louer-un-duplex-en-s2-%C3%A0-gammarth,A louer un duplex en S2 à Gammarth,Gammarth à La Marsa,2 500 TND,150.0,,,,1.0,,1.0,1.0,,,Appartement,,36.917739,10.288893,,2.0,,,,,,,,1.0,,,,,,,,,,,,,,,,,,,,,,,
https://www.mubawab.tn/fr/a/8058774/s3-%C3%A0-louer-au-jardin-de-carthage,S3 à Louer au Jardin de Carthage,Les Jardins de Carthage à Le Kram,2 000 TND,160.0,4.0,,1.0,,,1.0,1.0,1.0,,Appartement,Bon état,36.833333,10.316667,,3.0,,,1.0,,1.0,,1.0,1.0,1.0,1.0,,1.0,,,,1.0,1-5 ans,Marbre,1.0,1.0,,1.0,,1er,,,,,,,
https://www.mubawab.tn/fr/a/7933373/s3-%C3%A0-louer-au-jardin-de-carthage,S3 à Louer au Jardin de Carthage,Les Jardins de Carthage à Le Kram,1 900 TND,150.0,7.0,,,,,1.0,,1.0,,Appartement,Bon état,36.833333,10.316667,,3.0,,,1.0,,1.0,,1.0,1.0,1.0,1.0,,1.0,,,1.0,1.0,1-5 ans,Carrelage,1.0,1.0,,1.0,,6ème,,2.0,,,,,
https://www.mubawab.tn/fr/a/8058661/appartement-s3-%C3%A0-louer-%C3%A0-rades-ville,Appartement S3 à louer à RADES Ville,Radès à Rades,750 TND,110.0,5.0,,,,,,,,,Appartement,Bon état,36.7609,10.2736,,3.0,,,,,,,,,,,,1.0,,,,,,,,,,,,,,2.0,,,,,
https://www.mubawab.tn/fr/a/8053117/ennasr-2-%C3%A0-louer-agr%C3%A9able-appt-s2,Ennasr 2; à louer agréable appt s2,Cité Ennasr 2 à Ariana Ville,Prix à consulter,130.0,3.0,,,,,,1.0,1.0,,Appartement,Bon état,36.8625,10.19556,,2.0,,,1.0,,,,,,,,,,,,,,,,,,,,,,,2.0,,,,,
https://www.mubawab.tn/fr/a/8031683/appartement-pour-location-annuelle,Appartement pour location annuelle,Houmt Souk à Houmt Souk,900 TND,45.0,2.0,1.0,1.0,,1.0,1.0,,1.0,,Appartement,Bon état,33.87852840008504,10.858983619045466,,,,,1.0,1.0,,,,,,,,,,,,,,,,,,,,,,,,,,,
https://www.mubawab.tn/fr/a/8058544/a-louer-un-s2-%C3%A0-sahloul,A louer un S2 à Sahloul,Sahloul à Sousse Ville,650 TND,110.0,3.0,,,,,1.0,1.0,1.0,,Appartement,Bon état,35.8273,10.6339,,2.0,,,1.0,,1.0,,,1.0,1.0,1.0,,1.0,,,,,1-5 ans,Marbre,1.0,,,1.0,,3ème,,2.0,,,,,
https://www.mubawab.tn/fr/a/8058526/location-s1-meubl%C3%A9-%C3%A0-la-marsa,Location S1 meublé à la Marsa,Cité des Juges à La Marsa,1 000 TND,60.0,,1.0,1.0,,1.0,1.0,1.0,1.0,1.0,Appartement,Bon état,36.876389,10.325278,1.0,,60 m²,,1.0,,,1.0,1.0,,,1.0,1.0,1.0,1.0,1.0,1.0,,1-5 ans,Carrelage,,,,,1.0,,Nord,,,,,,
https://www.mubawab.tn/fr/a/8058539/a-louer-apparentement-s2-au-c%C5%93ur-de-la-marsa,A louer Apparentement S2 au cœur de la Marsa,La Marsa à La Marsa,2 500 TND,150.0,,,,,1.0,,,1.0,,Appartement,,36.8941992,10.2762232,,3.0,,,1.0,,,,,1.0,,,,,,,,,,,,,,,,,,,,,,,
https://www.mubawab.tn/fr/a/8055146/appartement-%C3%A0-louer-au-canal-de-yasmine-hammamet,Appartement à louer au Canal de yasmine Hammamet,Yasmine Hammamet à Hammamet,2 300 TND,120.0,3.0,,1.0,,1.0,1.0,1.0,1.0,,Appartement,Bon état,36.40108,10.61457,,2.0,,,1.0,,,,,,,,1.0,1.0,1.0,1.0,,,,,,,,1.0,,,,,1.0,,,,
https://www.mubawab.tn/fr/a/8058511/studio-haut-standing,Studio haut standing,El Menzah 9 à El Menzah,1 300 TND,90.0,2.0,1.0,1.0,,,1.0,1.0,1.0,,Appartement,Nouveau,36.845235,10.164723,,,75 m²,10 m²,1.0,,,1.0,1.0,1.0,1.0,1.0,,1.0,,1.0,,,Moins d'un an,Parquet,1.0,1.0,,,,1er,Nord,,1.0,,,,
https://www.mubawab.tn/fr/a/8002992/location-appartement-s2-%C3%A0-raoued-plage,Location Appartement S2 à Raoued Plage,Raoued à Raoued,1 100 TND,90.0,3.0,,1.0,,,1.0,1.0,1.0,,Appartement,Bon état,36.954444,10.191389,,2.0,,,1.0,,,,1.0,,,,,,,,,,1-5 ans,,,,,,,2ème,Sud,,,,,,
https://www.mubawab.tn/fr/a/8058192/appartement-s2-haut-standing-jamais-habit%C3%A9,Appartement S2 haut standing jamais habité,La Soukra à La Soukra,1 300 TND,104.0,3.0,,1.0,,,1.0,1.0,1.0,,Appartement,Nouveau,36.883333,10.25,,2.0,104 m²,,1.0,,,,1.0,1.0,1.0,1.0,,1.0,,,1.0,,Moins d'un an,Marbre,1.0,1.0,,1.0,1.0,4ème,,,,,,,
https://www.mubawab.tn/fr/a/8031893/location-d-un-appartement-s1-meubl%C3%A9-%C3%A0-la-marsa,Location d'un appartement S1 meublé à la marsa,La Marsa à La Marsa,2 000 TND,60.0,,1.0,1.0,,,,,1.0,,Appartement,Nouveau,36.876389,10.325278,1.0,,,,,,,,,,,,,,,,,,,Marbre,,,,,,,,,,,,,
https://www.mubawab.tn/fr/a/8045896/location-s3-%C3%A0-la-marsa,Location S3 à la marsa,La Marsa à La Marsa,3 500 TND,120.0,3.0,,1.0,,,1.0,,,,Appartement,Nouveau,36.876389,10.325278,,3.0,,,1.0,,,,,,,,,,,,,,,,,,,,,,,,,,,,
https://www.mubawab.tn/fr/a/8056782/a-louer-appartement-s3-aux-jardin-de-carthage,A louer Appartement S3 aux Jardin de Carthage,Le Kram,2 800 TND,145.0,,,,,1.0,,1.0,,,Appartement,,36.833333,10.316667,,4.0,,,1.0,,,,,1.0,,,,1.0,,,,,,,1.0,,,,,,,,,,,,
https://www.mubawab.tn/fr/a/8057785/appartement-s2-meubl%C3%A9-%C3%A0-marsa-corniche,Appartement S2 Meublé à Marsa Corniche,La Marsa à La Marsa,2 500 TND,150.0,,,,,1.0,,,,,Appartement,,36.8941992,10.2762232,,2.0,,,1.0,,,,,,,,,,,,,,,,,,,,,,,,,,,,
https://www.mubawab.tn/fr/a/8057766/tr%C3%A8s-bel-appartement-en-location-2-belles-chambres-bien-meubl%C3%A9-,Très bel appartement en location. 2 belles chambres. Bien meublé.,Tozeur,Prix à consulter,90.0,,,1.0,,1.0,,1.0,1.0,,Appartement,Nouveau,33.9223,8.1389,1.0,2.0,80 m²,10 m²,1.0,,1.0,,,,1.0,1.0,1.0,1.0,,,1.0,,Moins d'un an,Carrelage,,,,,1.0,,Nord,,,,,,
https://www.mubawab.tn/fr/a/8035626/appartement-s2-avec-jardin,Appartement s2 avec jardin,Charguia 1 à La Soukra,1 800 TND,230.0,3.0,,,1.0,,1.0,1.0,1.0,,Appartement,Nouveau,36.8524603,10.2109686,,3.0,,,1.0,,,,1.0,1.0,1.0,1.0,,1.0,,,,,1-5 ans,Marbre,1.0,1.0,,1.0,,,Nord,2.0,,,,,
https://www.mubawab.tn/fr/a/7988831/%C3%A9tage-de-villa-semi-meubl%C3%A9-%C3%A0-la-marsa-corniche,Étage de villa semi meublé à La Marsa Corniche,La Marsa à La Marsa,2 500 TND,120.0,3.0,,1.0,,,1.0,1.0,,,Appartement,Bon état,36.876389,10.325278,,2.0,,,1.0,,,,,,,,,,,,,,,,,,,,,,,,,,,,
https://www.mubawab.tn/fr/a/8012289/location-s2-vide-lac-2,Location S2 vide Lac 2,Les Berges Du Lac 2 à La Marsa,2 100 TND,135.0,3.0,,1.0,,,,,,,Appartement,Bon état,36.876389,10.325278,,2.0,,,1.0,,,,,,,,,,,,,,,,1.0,1.0,,,,,,,1.0,,,,
https://www.mubawab.tn/fr/a/8055720/%C3%A0-louer-un-studio-id%C3%A9alement-situ%C3%A9,À louer: Un studio idéalement situé,Yasmine Hammamet à Hammamet,850 TND,50.0,,1.0,1.0,,1.0,,1.0,1.0,1.0,Appartement,Nouveau,36.40108,10.61457,1.0,,,,1.0,,,,,,,,1.0,1.0,1.0,,,,,,1.0,1.0,,,,,,,,,,,
https://www.mubawab.tn/fr/a/7997900/location-joli-appartement-meubl%C3%A9,Location joli appartement meublé,La Marsa à La Marsa,2 200 TND,80.0,3.0,,1.0,,1.0,1.0,1.0,1.0,1.0,Appartement,Bon état,36.8941992,10.276223200000002,,2.0,,,1.0,,1.0,,1.0,1.0,,,,1.0,1.0,1.0,1.0,,,,1.0,1.0,,1.0,,,,,,,,,
https://www.mubawab.tn/fr/a/8057348/a-louer-s2-sur-la-zone-touristique-kantaoui,A louer s2 sur la zone touristique kantaoui,Cité de la Plage à Hammam Sousse,1 300 TND,250.0,2.0,,1.0,,1.0,1.0,1.0,,,Appartement,Nouveau,35.8569,10.5972,,2.0,,,1.0,,,,,,,,,,,,,,,,1.0,,,,,,,,,,,,
https://www.mubawab.tn/fr/a/8016761/ennasr-2-%C3%A0-louer-appt-s3-haut-stg,ENNASR 2; à louer appt S3 HAUT STG,Cité Ennasr 2 à Ariana Ville,Prix à consulter,180.0,5.0,,,,,1.0,1.0,1.0,,Appartement,Bon état,36.8625,10.19556,,3.0,,,,,,,,,,,,,,,,,,,,,,,,,,2.0,,,,,
https://www.mubawab.tn/fr/a/8053949/ennasr-2-%C3%A0-louer-appt-s2-haut-stg,Ennasr 2; à louer appt s2 haut stg,Cité Ennasr 2 à Ariana Ville,Prix à consulter,130.0,4.0,,,,,1.0,1.0,1.0,,Appartement,Bon état,36.8625,10.19556,,2.0,,,,,,,,,,,,,,,,,,,,,,,,,,2.0,,,,,
https://www.mubawab.tn/fr/a/8054243/a-louer-appartement-s3-aux-jardins-de-carthage,A louer Appartement S3 aux Jardins de Carthage,Le Kram,2 500 TND,160.0,,,,,1.0,,1.0,,,Appartement,,36.833333,10.316667,,4.0,,,1.0,,,,,1.0,,,,1.0,,,,,,,1.0,,,,,,,,,,,,
https://www.mubawab.tn/fr/a/8057108/location-s2-neuf-haut-standing-salle-de-sport,Location S2 neuf haut standing salle de sport,Ain Zaghouan Nord à La Marsa,2 200 TND,138.0,3.0,,,,,1.0,1.0,1.0,,Appartement,Bon état,36.876389,10.325278,,2.0,128 m²,,1.0,,,1.0,,1.0,,,,1.0,,,,,Moins d'un an,Marbre,,1.0,,1.0,,5ème,Est,2.0,,,,,
https://www.mubawab.tn/fr/a/8057064/duplex-tres-agreable-a-ne-pas-rater,Duplex tres agreable a ne pas rater,Beni Khiar à Beni Khiar,1 000 TND,160.0,4.0,,,,,1.0,1.0,,,Appartement,Nouveau,36.47,10.78,,2.0,160 m²,30 m²,1.0,1.0,,,,,,,,1.0,,,,1.0,1-5 ans,Carrelage,,,,,,1er,Nord,2.0,,,,,
https://www.mubawab.tn/fr/a/8056855/appts-s2-parfaits-etat-%C3%A0-h-sousse,Appts S2 Parfaits Etat à H Sousse,Hammam Sousse à Hammam Sousse,700 TND,90.0,3.0,,1.0,,,,1.0,,,Appartement,Bon état,35.8569,10.5972,,2.0,80 m²,,,,,,,,,,,,,,,,1-5 ans,,,,,,,1er,Est,,,,,,
https://www.mubawab.tn/fr/a/8056798/s2-vide-a-louer-cit%C3%A9-el-wahat,S2 vide a louer cité El wahat,Aouina à La Marsa,1 400 TND,100.0,3.0,,,,,1.0,1.0,1.0,,Appartement,Nouveau,36.8533886,10.2504908,,2.0,99 m²,0 m²,1.0,,1.0,,1.0,1.0,1.0,1.0,,1.0,,,,,Moins d'un an,Marbre,1.0,1.0,,1.0,1.0,2ème,,2.0,,,,,
https://www.mubawab.tn/fr/a/8042358/superbe-s3-rdc-haut-standing-kantaoui,Superbe S3 Rdc Haut Standing Kantaoui,El Kantaoui à Hammam Sousse,3 500 TND,200.0,4.0,,,1.0,,1.0,1.0,1.0,1.0,Appartement,Nouveau,35.8569,10.5972,,3.0,,,1.0,,,1.0,1.0,1.0,,1.0,1.0,1.0,,,1.0,,1-5 ans,,,,,,,,Est,2.0,,,,,
https://www.mubawab.tn/fr/a/8037135/location-d-un-appartement-s2-%C3%A0-gammarth,Location d'un appartement S2 à Gammarth,Gammarth à La Marsa,3 300 TND,130.0,2.0,,1.0,,,,,,,Appartement,Nouveau,36.876389,10.325278,,2.0,,,1.0,,,,,,,,,,,,,,,,,,,,,,,,1.0,,,,
https://www.mubawab.tn/fr/a/8055948/a-louer-s3-meubl%C3%A9-%C3%A0-gammarth,A louer S3 meublé à Gammarth,Gammarth à La Marsa,4 000 TND,200.0,3.0,,1.0,,,,,1.0,,Appartement,Nouveau,36.876389,10.325278,,5.0,,,,,,,,,,,,,,,,,,,,,,,,,,,,,,,
https://www.mubawab.tn/fr/a/8056540/ariana-a-louer-un-app-s2,Ariana: a louer un app s2,Ariana à Ariana Ville,650 TND,78.0,3.0,,1.0,,,,,,,Appartement,Bon état,36.8625,10.19556,,2.0,78 m²,78 m²,,,,,,,,,,,,,,,10-20 ans,Marbre,,,,,,,Est,,,,,,
https://www.mubawab.tn/fr/a/8056527/a-louer-appartement-s2-avec-jardin-%C3%A0-sidi-mahersi,A louer appartement S2 avec jardin à Sidi mahersi,Sidi El Mahrsi à Nabeul,1 800 TND,120.0,3.0,,,1.0,1.0,1.0,1.0,1.0,1.0,Appartement,Nouveau,36.44035408644208,10.71658357859614,,2.0,120 m²,100 m²,1.0,,1.0,1.0,1.0,1.0,1.0,,1.0,1.0,1.0,1.0,,1.0,5-10 ans,Marbre,1.0,,,1.0,,,,2.0,,,,,
https://www.mubawab.tn/fr/a/8056421/a-louer-s2-tout-neuf-%C3%A0-khzama-ouest,A louer S2 tout neuf à Khzama Ouest,Sousse Jaouhara,1 200 TND,120.0,,,,,1.0,1.0,1.0,1.0,,Appartement,,35.832439,10.622471,,2.0,,,,,,,,,,,,,,,,,,,,,,,,,,,,,,,
https://www.mubawab.tn/fr/a/8056374/appartement-s2-a-louer,Appartement S2 A Louer,Kairouan Ville à Kairouan Ville,600 TND,100.0,3.0,,1.0,,,1.0,1.0,,,Appartement,Bon état,35.6776,10.0924,,2.0,100 m²,,,,,,,,,,,,,,,,5-10 ans,,,,,,,2ème,,,,,,,
https://www.mubawab.tn/fr/a/8056370/rdc-appt-s1-meubl%C3%A9-avec-entr%C3%A9e-de-voiture,Rdc appt S1 Meublé avec Entrée de voiture,Cité de la Plage à Hammam Sousse,1 000 TND,100.0,2.0,1.0,1.0,1.0,1.0,1.0,1.0,1.0,,Appartement,Bon état,35.8569,10.5972,,,70 m²,,,,,,1.0,1.0,,,,,,,,,,,,,,,,,Ouest,,,,,,
https://www.mubawab.tn/fr/a/8055744/ennasr-2-%C3%A0-louer-coquet-appt-s3,Ennasr 2: à louer coquet appt s3,Cité Ennasr 2 à Ariana Ville,1 300 TND,150.0,5.0,,,,,,1.0,1.0,,Appartement,Bon état,36.8625,10.19556,,3.0,,,,,,,,,,,,,,,,,,,,,,,,,,2.0,,,,,
https://www.mubawab.tn/fr/a/8056080/appartement-s3-meubl%C3%A9-marsa-ville,"Appartement S3 meublé, Marsa Ville",La Marsa à La Marsa,2 200 TND,300.0,4.0,,1.0,,,1.0,1.0,,1.0,Appartement,Bon état,36.876389,10.325278,,3.0,160 m²,,,,,,,,,,1.0,1.0,1.0,1.0,,,,,,,,,,,,,,,,,
https://www.mubawab.tn/fr/a/8056034/a-louer-un-joli-appartement-s2-%C3%A0-ezzahra,A louer un joli appartement S2 à Ezzahra,Ezzahra à Ezzahra,2 000 TND,120.0,3.0,,1.0,,,1.0,1.0,1.0,,Appartement,Bon état,36.89147,10.16262,,2.0,105 m²,,1.0,1.0,,,1.0,1.0,1.0,1.0,,1.0,,1.0,,,1-5 ans,Marbre,1.0,1.0,1.0,1.0,1.0,18ème,Est,,,,,,
https://www.mubawab.tn/fr/a/8056022/a-louer-un-s3-au-lac2-r%C3%A9f%C3%A9rence-115a,"A louer un s3 au Lac2, Référence 115A",Les Berges Du Lac 2 à La Marsa,3 000 TND,,4.0,,,,,,,,,Appartement,Nouveau,36.876389,10.325278,,3.0,,,,,,,,,,,,,,,,,,,,,,,,,,2.0,,,,,
https://www.mubawab.tn/fr/a/8055990/ocean-breeze-haven,Ocean breeze haven,El Corniche,1 000 TND,200.0,6.0,,1.0,1.0,1.0,,,,,Appartement,Bon état,37.191062,10.20872,,4.0,,,1.0,,,,,,,,1.0,,1.0,,,,10-20 ans,,1.0,,,,,,Nord,,,,,,
https://www.mubawab.tn/fr/a/8045241/ennasr-2-%C3%A0-louer-coquet-appartement-s1,Ennasr 2; à louer coquet appartement s1,Cité Ennasr 2 à Ariana Ville,Prix à consulter,65.0,2.0,1.0,1.0,,,,1.0,1.0,,Appartement,Bon état,36.8625,10.19556,,,,,,,,,,,,,,1.0,,,,,,,,,,,,,,,,,,,
https://www.mubawab.tn/fr/a/8042922/bel-appartement-meubl%C3%A9-avec-vue-sur-mer-s2,Bel appartement meublé avec vue sur mer S2,La Marsa à La Marsa,2 500 TND,120.0,2.0,,,1.0,1.0,1.0,1.0,1.0,1.0,Appartement,Nouveau,36.8941992,10.2762232,,2.0,,,1.0,1.0,,1.0,1.0,1.0,1.0,1.0,1.0,1.0,1.0,1.0,1.0,,1-5 ans,Marbre,,,,,,,Nord,2.0,,,,,
https://www.mubawab.tn/fr/a/8002156/appartement-%C3%A0-louer-%C3%A0-kantaoui,Appartement à louer à Kantaoui,El Kantaoui à Hammam Sousse,1 300 TND,100.0,5.0,,1.0,,,1.0,1.0,1.0,,Appartement,Bon état,35.8569,10.5972,,2.0,,,1.0,1.0,,,,,,,,,,,,,,,,,,,,,,,,,,,
https://www.mubawab.tn/fr/a/8003668/appartement-%C3%A0-louer-%C3%A0-chott-meriem,Appartement à louer à Chott Meriem,Chott Meriem à Akouda,1 300 TND,90.0,5.0,,1.0,,1.0,1.0,,1.0,,Appartement,Bon état,35.87,10.57,,2.0,,,1.0,1.0,,,,,,,,,,,,,,,,,,,,,,,1.0,,,,
https://www.mubawab.tn/fr/a/8038590/a-louer-appartement-s2-meubl%C3%A9-a-khzema,A Louer Appartement S2 meublé A Khzema,Khezama Est,2 100 TND,140.0,3.0,,1.0,,1.0,1.0,1.0,1.0,,Appartement,Bon état,35.844,10.618753,,2.0,,,1.0,,,1.0,,,,,,,,,,,,,,,,,,,,,,,,,
https://www.mubawab.tn/fr/a/8038599/a-louer-appartement-s1-meubl%C3%A9-a-khzema,A Louer Appartement S1 meublé A Khzema,Khezama Est,1 200 TND,70.0,2.0,1.0,1.0,,1.0,1.0,1.0,1.0,,Appartement,Bon état,35.844,10.618753,,,,,,,,1.0,,,,,,,,,,,,,,,,,,,,,,,,,
https://www.mubawab.tn/fr/a/8031891/location-s2-%C3%A0-la-marsa,Location S2 à la marsa,La Marsa à La Marsa,1 900 TND,120.0,2.0,,1.0,,,,,,,Appartement,Nouveau,36.876389,10.325278,,2.0,,,,,,,,,,,,,,,,,,,,,,,,,,,,,,,
https://www.mubawab.tn/fr/a/8026463/location-d-un-duplex-s3-avec-piscine-%C3%A0-la-marsa,Location d'un duplex S3 avec piscine à La Marsa,La Marsa à La Marsa,4 400 TND,150.0,4.0,,,,,1.0,1.0,,,Appartement,Nouveau,36.876389,10.325278,,3.0,,,1.0,,,,,1.0,1.0,1.0,,,,,,,,,1.0,,,1.0,,,,2.0,1.0,,,,
https://www.mubawab.tn/fr/a/8003284/ennasr-2-%C3%A0-louer-agr%C3%A9able-appt-s3-neuf,ENNASR 2; à LOUER Agréable appt S3 NEUF,Cité Ennasr 2 à Ariana Ville,Prix à consulter,180.0,5.0,,,,,1.0,1.0,,,Appartement,Bon état,36.8625,10.19556,,3.0,,,,,,,,,,,,1.0,,1.0,,,,,,,,,,,,2.0,,,,,
https://www.mubawab.tn/fr/a/8048796/appartement-s2-avec-vue-sur-mer-gammarth,"Appartement S2 avec vue sur mer, Gammarth",Gammarth à La Marsa,1 850 TND,140.0,3.0,,1.0,,,1.0,,1.0,,Appartement,Bon état,36.876389,10.325278,,2.0,,,1.0,1.0,,,,,,,,1.0,,1.0,,,,,,,,1.0,,,,,,,,,
https://www.mubawab.tn/fr/a/7863593/a-louer-appartement-meubl%C3%A9-au-jardin-de-carthage,A louer appartement meublé au jardin de carthage,Les Jardins de Carthage à Le Kram,2 500 TND,150.0,4.0,,,,1.0,1.0,1.0,1.0,1.0,Appartement,Bon état,36.833333,10.316667,,3.0,,,1.0,,1.0,,,1.0,1.0,1.0,1.0,1.0,1.0,1.0,1.0,,,,1.0,1.0,,1.0,,,,3.0,,,,,
https://www.mubawab.tn/fr/a/8053156/ennasr-2-appt-s2-bien-meubl%C3%A9,Ennasr 2 appt s2 bien meublé,Cité Ennasr 2 à Ariana Ville,Prix à consulter,130.0,3.0,,,,,,1.0,1.0,,Appartement,Bon état,36.8625,10.19556,,2.0,,,,,,,,,,,,,,,,,,,,,,,,,,2.0,,,,,
https://www.mubawab.tn/fr/a/8025170/menzah-9b-%C3%A0-louer-spacieux-appt-s4,MENZAH 9B; à louer Spacieux appt S4,El Menzah 9 à El Menzah,Prix à consulter,230.0,5.0,,,,,1.0,1.0,1.0,,Appartement,Bon état,36.845235,10.164723,,4.0,,,,,,,,,,,,,,,,,,,,,,,,,,2.0,,,,,
https://www.mubawab.tn/fr/a/8034538/location-s2-au-lac-2,Location S2 au Lac 2,Les Berges Du Lac 2 à La Marsa,2 500 TND,130.0,3.0,,,,,1.0,1.0,1.0,,Appartement,Nouveau,36.876389,10.325278,,2.0,,,1.0,,1.0,,1.0,1.0,1.0,1.0,,1.0,,1.0,,1.0,1-5 ans,Marbre,1.0,1.0,,1.0,,3ème,Est,2.0,,,,,
https://www.mubawab.tn/fr/a/7835499/location-annuelle-s2-au-2%C3%A8me-%C3%A9tage-%C3%A0-hammamet,Location annuelle: S2 au 2ème étage à Hammamet,Hammamet à Hammamet,1 800 TND,,6.0,,,,1.0,1.0,1.0,1.0,1.0,Appartement,Nouveau,36.40108,10.61457,,2.0,,,1.0,,,,,1.0,,,1.0,1.0,1.0,1.0,,,,,,,,,,,,2.0,,,,,
https://www.mubawab.tn/fr/a/8038521/a-louer-un-s1-meubl%C3%A9-jardin-de-carthage,A louer un s1 meublé jardin de Carthage,Les Jardins de Carthage à Le Kram,1 800 TND,65.0,2.0,1.0,1.0,,1.0,1.0,1.0,1.0,1.0,Appartement,Nouveau,36.855570400000005,10.291834,,,,,1.0,,1.0,1.0,1.0,1.0,1.0,1.0,1.0,1.0,1.0,1.0,1.0,1.0,1-5 ans,Marbre,1.0,1.0,1.0,1.0,1.0,,,,,,,,
https://www.mubawab.tn/fr/a/8054891/appartement-s3-avec-vue-lac-%C3%A0-louer-au-lac-2,Appartement S3 avec vue lac à louer au lac 2,Les Berges Du Lac 2 à La Marsa,5 000 TND,230.0,,,,,,,,,,Appartement,,36.8468986,10.2641808,,3.0,,,1.0,,,,,1.0,,,,,,,,,,,1.0,,,,,,,,,,,,
https://www.mubawab.tn/fr/a/8054762/appartement-a-louer-%C3%A0-sidi-bousaid,Appartement a louer à sidi bousaid,Sidi Bousaid à Carthage,Prix à consulter,90.0,4.0,,,,1.0,1.0,1.0,,,Appartement,Bon état,36.871576,10.3343581,,3.0,90 m²,100 m²,1.0,,,,,,,,,,,,,,1-5 ans,Marbre,,,,,,1er,Nord,2.0,,,,,
https://www.mubawab.tn/fr/a/8054727/appartement-ain-zaghouen-a-louer,Appartement ain zaghouen a louer,Aouina à La Marsa,1 100 TND,60.0,2.0,1.0,1.0,,1.0,1.0,1.0,1.0,1.0,Appartement,Nouveau,36.87638899999999,10.325278000000004,,,,,,,1.0,,1.0,1.0,1.0,1.0,1.0,1.0,,1.0,,,1-5 ans,Marbre,1.0,1.0,,1.0,,,,,,,,,
https://www.mubawab.tn/fr/a/8054652/rez-de-chauss%C3%A9e-s3-meubl%C3%A9-%C3%A0-la-marsa,Rez de chaussée S3 meublé à La Marsa,La Marsa à La Marsa,3 500 TND,,4.0,,,1.0,1.0,1.0,1.0,1.0,1.0,Appartement,Bon état,36.876389,10.325278,,3.0,,,1.0,,1.0,1.0,1.0,1.0,1.0,1.0,1.0,1.0,1.0,1.0,1.0,1.0,Moins d'un an,Carrelage,,,,1.0,,,,2.0,,,,,
https://www.mubawab.tn/fr/a/8036036/villa-avec-piscine-%C3%A0-louer-annuellement-%C3%A0-djerba,Villa avec Piscine à Louer Annuellement à Djerba,Djerba à Djerba,2 000 TND,500.0,3.0,,,1.0,1.0,1.0,,1.0,1.0,Appartement,Bon état,33.8075978,10.8451467,,3.0,,,1.0,,,1.0,1.0,,,1.0,1.0,1.0,,1.0,,,,,1.0,,,,,,,2.0,1.0,,,,
https://www.mubawab.tn/fr/a/8054547/a-louer-appartement-s2-meubl%C3%A9-a-corniche-sousse,A louer appartement S2 meublé a corniche Sousse,Sousse Corniche à Sousse Ville,1 500 TND,90.0,3.0,,1.0,,1.0,1.0,1.0,1.0,1.0,Appartement,Nouveau,35.8273,10.6339,,2.0,,,,,,,1.0,1.0,1.0,1.0,1.0,1.0,1.0,1.0,,1.0,,,,,,1.0,,,,,,,,,
https://www.mubawab.tn/fr/a/8038715/ennasr-2-%C3%A0-louer-joli-appartement-s3,Ennasr 2; à louer joli appartement s3,Cité Ennasr 2 à Ariana Ville,Prix à consulter,150.0,5.0,,,,,,1.0,1.0,,Appartement,Bon état,36.8625,10.19556,,3.0,,,,,,,,,,,,1.0,,,,,,,,,,,,,,2.0,,,,,
https://www.mubawab.tn/fr/a/8052036/ennasr-2-%C3%A0-louer-spacieux-appt-s3,ENNASR 2; à LOUER Spacieux APPT S3,Cité Ennasr 2 à Ariana Ville,Prix à consulter,180.0,5.0,,,,,,1.0,,,Appartement,Bon état,36.8625,10.19556,,3.0,,,,,,,,,,,,,,,,,,,,,,,,,,3.0,,,,,
https://www.mubawab.tn/fr/a/7892089/a-louer-un-appartement-s0-meubl%C3%A9-%C3%A0-la-soukra,A louer un appartement S0 meublé à la Soukra,La Soukra à La Soukra,1 500 TND,100.0,,1.0,,1.0,1.0,1.0,1.0,1.0,,Appartement,,36.88833,10.27417,,,,,,,,,,,,,,,,,,,,,,,,,,,,,,,,,
https://www.mubawab.tn/fr/a/7923867/a-louer-un-duplex-en-s2-%C3%A0-gammarth,A louer un duplex en S2 à Gammarth,Gammarth à La Marsa,3 800 TND,140.0,,,,,,1.0,1.0,1.0,,Appartement,,36.917739,10.288893,,3.0,,,1.0,,,,,,,,,,,,,,,,1.0,,,,,,,,,,,,
https://www.mubawab.tn/fr/a/8054317/a-louer-un-appartement-s1-%C3%A0-jardins-de-carthage,A Louer un appartement s1 à jardins de carthage,Les Jardins de Carthage à Le Kram,1 500 TND,,2.0,1.0,1.0,,,,,,,Appartement,Bon état,36.833333,10.316667,,,,,,,,,,,,,,,,,,,,,,,,,,,,,,,,,
https://www.mubawab.tn/fr/a/8030215/spacieux-appartement-s2-avec-vue-d%C3%A9gag%C3%A9e-%C3%A0-louer-aux-jardins-de-carthage,Spacieux Appartement S2 avec vue dégagée à louer aux Jardins de Carthage,Les Jardins de Carthage à Le Kram,2 400 TND,150.0,2.0,,,,,,,,,Appartement,Nouveau,36.8555704,10.291834,,2.0,,,1.0,,,,,,,,,,,,,,,,1.0,,,,,,,2.0,,,,,
https://www.mubawab.tn/fr/a/8054242/a-louer-appartement-s1-meubl%C3%A9-%C3%A0-la-nouvelle-soukra,A louer Appartement S1 meublé à la nouvelle Soukra,El Aouina,1 400 TND,,,,,1.0,1.0,,,1.0,,Appartement,,33.07772,9.58381,,2.0,,,1.0,,,,,,,,,,,,,,,,,,,,,,,,,,,,
https://www.mubawab.tn/fr/a/8054120/studio-en-location,Studio en location,La Marsa,2 000 TND,60.0,,,,,1.0,1.0,1.0,,1.0,Appartement,,36.876389,10.325278,,,,,,,,,,1.0,,,1.0,1.0,,1.0,,,,,,,,,,,,,,,,,
https://www.mubawab.tn/fr/a/8053998/appartement-s3-meubl%C3%A9-gammarth-sup%C3%A9rieur,"Appartement S3 meublé, Gammarth supérieur",Gammarth Supérieur à La Marsa,2 500 TND,165.0,4.0,,,,1.0,1.0,1.0,1.0,1.0,Appartement,Bon état,36.876389,10.325278,,3.0,,,,,,,,,1.0,,1.0,1.0,1.0,,,,1-5 ans,,1.0,,1.0,,,2ème,,2.0,,,,,
https://www.mubawab.tn/fr/a/7862401/a-louer-appartement-s2-%C3%A0-kantaoui,A louer appartement S2 à Kantaoui,El Kantaoui à Hammam Sousse,1 200 TND,100.0,3.0,,1.0,,1.0,1.0,1.0,1.0,1.0,Appartement,Bon état,35.8569,10.5972,,2.0,,,,,,,,1.0,,,1.0,1.0,1.0,,,,,,,,,1.0,,,,,,,,,
https://www.mubawab.tn/fr/a/8037138/a-louer-appartement-au-jardin-de-carthage,A louer appartement au jardin de carthage,Les Jardins de Carthage à Le Kram,2 500 TND,170.0,3.0,,1.0,,,,,,,Appartement,Nouveau,36.833333,10.316667,,4.0,,,,,,,,,,,,,,,,,,,,,,,,,,,,,,,
https://www.mubawab.tn/fr/a/8053925/s2-en-plein-centre-ville-de-hammamet-%C3%A0-louer,S2 en plein centre ville de Hammamet à louer,Hammamet à Hammamet,900 TND,,5.0,1.0,,,1.0,1.0,1.0,1.0,1.0,Appartement,Bon état,36.40108,10.61457,,,,,,,,,,,,,1.0,1.0,1.0,1.0,,,,,,,,,,,,2.0,,,,,
https://www.mubawab.tn/fr/a/8028459/location-s2-meubl%C3%A9-%C3%A0-la-marsa,Location S2 meublé à la Marsa,La Marsa à La Marsa,2 000 TND,150.0,2.0,,1.0,,,,,1.0,,Appartement,Nouveau,36.876389,10.325278,,2.0,,,1.0,,,,,,,,,,,,,,,,,,,,,,,,,,,,
https://www.mubawab.tn/fr/a/8049969/location-s1-neuf-%C3%A0-ain-zaghouan-nord,Location s1 neuf à Ain Zaghouan nord,Ain Zaghouan Nord à La Marsa,1 400 TND,70.0,2.0,1.0,1.0,,,,,1.0,,Appartement,Nouveau,36.876389,10.325278,,,,,,,,,,,,,,,,,,,,,,,,,,,,,,,,,
https://www.mubawab.tn/fr/a/8041363/cit%C3%A9-faouz-joli-appt-s1-haut-stg,Cité faouz joli appt s1 haut stg,Les Jardins d'El Menzah 2 à Ariana Ville,Prix à consulter,70.0,2.0,1.0,1.0,,,,1.0,1.0,,Appartement,Bon état,36.8625,10.19556,,,,,,,,,,,,,,,,,,,,,,,,,,,,,,,,,
https://www.mubawab.tn/fr/a/8039923/a-louer-un-appartement-s2,A Louer un Appartement S2,Kairouan Nord,600 TND,80.0,3.0,,1.0,,,,,,,Appartement,Bon état,35.43024,10.08526,,2.0,,,,,,,,,,,,,,,,,1-5 ans,,,,,,,1er,,,,,,,
https://www.mubawab.tn/fr/a/8045626/apartement-s2-%C3%A0-louer,Apartement S2 à louer,Kairouan Nord,650 TND,95.0,3.0,,1.0,,,,,,,Appartement,Bon état,35.43024,10.08526,,2.0,,,,,,,,,,,,,,,,,1-5 ans,,,,,,,3ème,,,,,,,
https://www.mubawab.tn/fr/a/8053703/s1-meubl%C3%A9-a-louer,S1 Meublé A Louer,Kairouan Ville à Kairouan Ville,600 TND,70.0,2.0,1.0,1.0,,,,,,,Appartement,Bon état,35.6776,10.0924,,,70 m²,70 m²,,,,,,,,,,,,,,,,,,,,,,1er,,,,,,,
https://www.mubawab.tn/fr/a/8053673/location-s2-%C3%A0-ain-zaghoun,Location s2 à Ain zaghoun,Aouina à La Marsa,1 100 TND,118.0,,,,,,1.0,1.0,1.0,,Appartement,Bon état,36.8533886,10.2504908,,2.0,,,,,,,,,1.0,1.0,,1.0,,,,,10-20 ans,,,1.0,,1.0,,,,2.0,,,,,
https://www.mubawab.tn/fr/a/8046581/appartement-s2-meubl%C3%A9-au-lac-2,Appartement S2 meublé au Lac 2,Les Berges Du Lac 2 à La Marsa,3 500 TND,,3.0,,1.0,,1.0,1.0,1.0,1.0,1.0,Appartement,Bon état,36.876389,10.325278,,2.0,,,1.0,,1.0,1.0,1.0,1.0,1.0,1.0,1.0,1.0,1.0,1.0,1.0,1.0,1-5 ans,Carrelage,1.0,,,1.0,,5ème,,,,,,,
https://www.mubawab.tn/fr/a/8053661/location-s1-neuf-aux-jardins-de-carthage,Location s1 neuf aux jardins de carthage,Les Jardins de Carthage à Le Kram,1 700 TND,80.0,,1.0,,,,1.0,1.0,1.0,,Appartement,Nouveau,36.8555704,10.291834,,,,,1.0,,1.0,,,1.0,1.0,1.0,1.0,1.0,,,,,1-5 ans,Marbre,1.0,1.0,,1.0,,,,2.0,1.0,,,,
https://www.mubawab.tn/fr/a/8053641/location-s3-%C3%A0-cit%C3%A9-les-palmeraies-aouina,"Location s3 à cité les palmeraies, aouina",Aouina à La Marsa,1 600 TND,169.0,,,,,,1.0,1.0,1.0,,Appartement,Bon état,36.8533886,10.2504908,,3.0,,,1.0,,,,1.0,1.0,1.0,1.0,,1.0,,,,,5-10 ans,Marbre,1.0,1.0,,1.0,,,,3.0,,,,,
https://www.mubawab.tn/fr/a/8053538/appartement-avenue-de-londre-centre-ville,Appartement Avenue de Londre Centre Ville,Sidi Bahri à Tunis,620 TND,60.0,2.0,,1.0,,,,,,,Appartement,Bon état,36.8058444653863,10.178444524632676,,3.0,,,,,,,,,,,,,,,,,20-30 ans,Carrelage,,,,,,3ème,,,,,,,
https://www.mubawab.tn/fr/a/8053353/lafayette-place-jean-d-arc-2-chambres-meublee,Lafayette place Jean d arc 2 chambres meublee,Hedi Chaker à Tunis,900 TND,90.0,2.0,1.0,1.0,,1.0,1.0,,,1.0,Appartement,Bon état,36.81881,10.16596,,,72 m²,10 m²,1.0,,,,1.0,1.0,1.0,1.0,1.0,1.0,1.0,1.0,,,10-20 ans,Carrelage,,1.0,,1.0,,3ème,Est,,,,,,
https://www.mubawab.tn/fr/a/8053333/villa-la-marsa,Villa la marsa,La Marsa à La Marsa,Prix à consulter,400.0,4.0,,,1.0,,1.0,1.0,1.0,,Appartement,Nouveau,36.8941992,10.2762232,,3.0,300 m²,10 m²,1.0,,1.0,1.0,,1.0,1.0,1.0,,1.0,,,,,Moins d'un an,Marbre,1.0,,,,,,Est,3.0,1.0,,,,
https://www.mubawab.tn/fr/a/8053314/appartement-s2-%C3%A0-ain-zaghouan,Appartement S2 à Ain Zaghouan,Ain Zaghouan Nord à La Marsa,409 000 TND,123.0,3.0,,,,,1.0,1.0,1.0,,Appartement,Bon état,36.876389,10.325278,,2.0,,,1.0,,,,,,,,,1.0,,,,,,,,1.0,,1.0,,4ème,,2.0,,,,,
https://www.mubawab.tn/fr/a/7999656/appartement-s1-meubl%C3%A9-les-jardins-de-carthage,Appartement s1 meublé les jardins de carthage,Les Jardins de Carthage à Le Kram,1 700 TND,70.0,2.0,1.0,1.0,,,1.0,1.0,1.0,1.0,Appartement,Nouveau,36.855570400000005,10.291834,,,,,,,1.0,,1.0,1.0,1.0,1.0,1.0,1.0,1.0,1.0,,,Moins d'un an,Carrelage,1.0,1.0,,1.0,,2ème,Est,,,,,,
https://www.mubawab.tn/fr/a/8052109/appartement-s1-meubl%C3%A9-lac-2,Appartement s1 meublé lac 2,Les Jardins de Carthage à Le Kram,2 000 TND,70.0,2.0,1.0,1.0,,1.0,1.0,1.0,,1.0,Appartement,Nouveau,36.8555704,10.291834,,,50 m²,2 m²,,,,,,1.0,1.0,1.0,,,,,,,Moins d'un an,Marbre,1.0,1.0,,1.0,,2ème,Est,,,,,,
https://www.mubawab.tn/fr/a/8040062/appartement-s2-meubl%C3%A9-les-jardins-de-carthage,Appartement s2 meublé les jardins de carthage,Les Jardins de Carthage à Le Kram,2 300 TND,100.0,2.0,,1.0,,1.0,1.0,1.0,1.0,1.0,Appartement,Nouveau,36.8555704,10.291834,,2.0,,,1.0,,1.0,,1.0,1.0,1.0,1.0,1.0,1.0,1.0,1.0,1.0,1.0,Moins d'un an,Marbre,1.0,1.0,,1.0,,2ème,Est,,,,,,
https://www.mubawab.tn/fr/a/8050924/a-louer-appartement-s2-%C3%A0-kantaoui,A louer appartement S2 à Kantaoui,El Kantaoui à Hammam Sousse,1 000 TND,90.0,3.0,,1.0,,1.0,1.0,1.0,1.0,1.0,Appartement,Nouveau,35.8569,10.5972,,2.0,,,1.0,,,,,1.0,,1.0,1.0,1.0,1.0,,,,,,1.0,1.0,,1.0,,,,,,,,,
https://www.mubawab.tn/fr/a/7846065/a-louer-%C3%A0-la-marsa-un-tr%C3%A8s-%C3%A9tage-de-villa,A louer à la marsa un très étage de villa,Cité des Juges à La Marsa,2 500 TND,240.0,5.0,,,,,1.0,1.0,,,Appartement,Bon état,36.876389,10.325278,,4.0,,,1.0,,1.0,,1.0,1.0,1.0,1.0,,,,,,,1-5 ans,Marbre,1.0,,1.0,,1.0,1er,Nord,3.0,,,,,
https://www.mubawab.tn/fr/a/8038734/a-louer-%C3%A0-sidibou-said-appartement-meubl%C3%A8-terrasse,A louer à sidibou said appartement meublè terrasse,Sidi Bousaid à Carthage,2 500 TND,100.0,3.0,,,,1.0,1.0,1.0,1.0,1.0,Appartement,Bon état,36.871576,10.3343581,,2.0,,,1.0,,1.0,1.0,1.0,1.0,1.0,1.0,1.0,1.0,1.0,1.0,1.0,1.0,10-20 ans,Marbre,,,1.0,,1.0,2ème,Nord,2.0,,1.0,,,
https://www.mubawab.tn/fr/a/8027831/s3-neuf-%C3%A0-louer-aux-jardins-de-carthage,S3 neuf à louer aux jardins de carthage,Les Jardins de Carthage à Le Kram,2 300 TND,120.0,,,,,,1.0,1.0,1.0,,Appartement,Nouveau,36.833333,10.316667,1.0,3.0,,,1.0,,1.0,1.0,1.0,1.0,1.0,1.0,,1.0,,,,,Moins d'un an,Marbre,1.0,1.0,,1.0,,4ème,Est,2.0,,,,,
https://www.mubawab.tn/fr/a/8024175/charmant-s2-dans-r%C3%A9sidence-s%C3%A9curis%C3%A9e-avec-piscine,Charmant S2 dans Résidence Sécurisée avec Piscine,Les Jardins de Carthage à Le Kram,1 900 TND,90.0,,,1.0,,,1.0,1.0,1.0,,Appartement,Nouveau,36.833333,10.316667,1.0,2.0,,,1.0,,1.0,1.0,,1.0,1.0,1.0,,1.0,,,,,Moins d'un an,Marbre,1.0,1.0,,1.0,,2ème,Est,,1.0,,,,
https://www.mubawab.tn/fr/a/8036327/s2-%C3%A0-louer-sans-vis-%C3%A0-vis-aux-jardins-de-carthage,S2 à louer sans vis à vis aux jardins de Carthage,Les Jardins de Carthage à Le Kram,2 000 TND,110.0,,,,,,1.0,1.0,1.0,,Appartement,Bon état,36.833333,10.316667,1.0,2.0,,,1.0,,1.0,1.0,,1.0,1.0,1.0,,1.0,,,,1.0,Moins d'un an,Marbre,1.0,1.0,,1.0,,1er,Est,2.0,1.0,,,,
https://www.mubawab.tn/fr/a/8053007/s1-meubl%C3%A9-%C3%A0-la-marsa-plage,S1 meublé à La Marsa Plage,La Marsa à La Marsa,2 300 TND,,2.0,1.0,1.0,,1.0,1.0,,1.0,1.0,Appartement,Bon état,36.876389,10.325278,,,1 m²,1 m²,1.0,,1.0,1.0,1.0,1.0,1.0,1.0,1.0,1.0,1.0,1.0,,,1-5 ans,Marbre,1.0,1.0,,1.0,,2ème,,,,,,,
https://www.mubawab.tn/fr/a/8052827/location-d-un-appartement-%C3%A0-cit%C3%A9-el-moustakbal-sidi-daoud-2-chambres-agr%C3%A9ables-belle-terrasse-et-jardin,Location d'un appartement à Cité El Moustakbal Sidi Daoud. 2 chambres agréables. Belle terrasse et jardin,Cité El Moustakbal Sidi Daoud à La Marsa,2 300 TND,150.0,,,,1.0,,1.0,1.0,1.0,,Appartement,Nouveau,36.866275491912425,10.299821708353026,,2.0,,,1.0,,1.0,,,1.0,1.0,1.0,,1.0,,,,,,,1.0,1.0,,1.0,,,,2.0,1.0,,,,
https://www.mubawab.tn/fr/a/8049896/appartement-s1-neuf-%C3%A0-menzah-9c,Appartement S1 neuf à Menzah 9c,El Menzah 9 à El Menzah,1 000 TND,80.0,2.0,1.0,1.0,,,1.0,1.0,1.0,,Appartement,Nouveau,36.845235,10.164723,,,,,1.0,,1.0,,,1.0,1.0,1.0,,1.0,,,,,,,,1.0,1.0,1.0,,3ème,,,,,,,
https://www.mubawab.tn/fr/a/8050953/appartement-s1-%C3%A0-riadh-l-andalous,Appartement S1 à Riadh l'andalous,Riadh al Andalous à Ariana Ville,780 TND,100.0,2.0,1.0,1.0,,,1.0,1.0,,,Appartement,Bon état,36.8625,10.19556,,,,,,,1.0,,,1.0,1.0,1.0,,,,,,,,,,1.0,1.0,1.0,1.0,1er,,,,,,,
https://www.mubawab.tn/fr/a/8052524/a-louer-appartement-meubl%C3%A9,A Louer appartement meublé,Sousse Medina à Sousse Ville,1 000 TND,60.0,2.0,1.0,1.0,,1.0,1.0,1.0,1.0,1.0,Appartement,Bon état,35.82573755128786,10.63109935616168,,,60 m²,60 m²,,,,1.0,1.0,1.0,1.0,1.0,1.0,1.0,1.0,1.0,,,1-5 ans,Marbre,,1.0,,1.0,1.0,3ème,Est,,,,,,
https://www.mubawab.tn/fr/a/8052395/a-louer-appartement-s2-au-lac-2,A louer Appartement S2 au lac 2,La Marsa,2 000 TND,,,,,,,1.0,1.0,1.0,,Appartement,,36.876389,10.325278,,3.0,,,1.0,,,,,,,,,,,,,,,,1.0,,,,,,,,,,,,
https://www.mubawab.tn/fr/a/8052322/tr%C3%A8s-bel-appartement-en-location-%C3%A0-sakiet-ezzit-2-belles-chambres,Très bel appartement en location à Sakiet Ezzit. 2 belles chambres,Sakiet Ezzit à Sakiet Ezzit,700 TND,73.0,,,1.0,,,,,,,Appartement,Bon état,34.595298743632966,10.61416015625,,2.0,73 m²,,,,,,,,,,,,,,,,10-20 ans,,,,,,,4ème,Nord,,,,,,
https://www.mubawab.tn/fr/a/8052319/appartement-s2-hs-meubl%C3%A9-a-sahloul-4,Appartement s2 hs meublé a sahloul 4,Sahloul à Sousse Jaouhara,1 450 TND,102.0,3.0,,1.0,,1.0,1.0,1.0,1.0,1.0,Appartement,Nouveau,35.840333,10.594322000000002,,2.0,103 m²,15 m²,1.0,,1.0,,,1.0,1.0,1.0,1.0,1.0,1.0,1.0,,,1-5 ans,Carrelage,,1.0,,1.0,1.0,6ème,Est,,,,,,
https://www.mubawab.tn/fr/a/8031132/un-%C3%A9tage-s4-vide-a-la-marsa-nassim,Un étage S4 vide a la Marsa nassim,La Marsa à La Marsa,2 800 TND,250.0,2.0,,,,,1.0,1.0,1.0,,Appartement,Bon état,36.8941992,10.2762232,,3.0,,,1.0,,1.0,1.0,,1.0,,,,,,,,,,,,,,,,,,3.0,,1.0,,,
https://www.mubawab.tn/fr/a/8045103/location-s2-haut-standing-lac-2-avec-balcon,Location s2 haut standing lac 2 avec balcon,Les Berges Du Lac 2 à La Marsa,2 100 TND,120.0,3.0,,,,,1.0,1.0,1.0,,Appartement,Nouveau,36.876389,10.325278,,2.0,,,1.0,,1.0,1.0,1.0,1.0,1.0,1.0,,1.0,,,,1.0,,Marbre,1.0,1.0,,1.0,1.0,,,2.0,,,,,
https://www.mubawab.tn/fr/a/8051979/location-appartement-chichkhan-s3,Location Appartement Chichkhan S3,Hammamet Sud à Hammamet,850 TND,90.0,3.0,,1.0,,,,1.0,1.0,,Appartement,Nouveau,36.40108,10.61457,,3.0,90 m²,,,,,,,,,,,,,,,,,,,,,,,1er,,,,,,,
https://www.mubawab.tn/fr/a/8050537/a-louer-un-s1-aux-jardins-de-carthage,A louer un S1 aux jardins de Carthage,Les Jardins de Carthage à Le Kram,1 400 TND,,,1.0,1.0,,,,,1.0,,Appartement,Nouveau,36.833333,10.316667,1.0,,,,,,,,,,,,,,,,,,,,,,,,,,,,,,,,
https://www.mubawab.tn/fr/a/8030791/a-louer-beau-s1-meubl%C3%A9,A louer beau s1 meublé,La Marsa à La Marsa,1 900 TND,60.0,2.0,1.0,1.0,,1.0,1.0,1.0,1.0,1.0,Appartement,Bon état,36.876389,10.325278,,,,,,,,1.0,1.0,1.0,1.0,1.0,1.0,1.0,1.0,1.0,1.0,,5-10 ans,Marbre,,,,1.0,,1er,,,,,,,
https://www.mubawab.tn/fr/a/8051903/appartement-s2-meubl%C3%A9-%C3%A0-louer-aux-berges-du-lac-2,Appartement s2 meublé à louer aux berges du lac 2,Les Berges Du Lac 2 à La Marsa,5 000 TND,160.0,,,,,1.0,,,,,Appartement,,36.8468986,10.2641808,,2.0,,,1.0,,,,,1.0,,,,,,,,,,,1.0,,,,,,,,,,,,
https://www.mubawab.tn/fr/a/8051556/a-louer-appartement-s2-jamais-habit%C3%A9-%C3%A0-menzah-9c,A louer Appartement S2 Jamais Habité à Menzah 9C,El Menzah 9 à El Menzah,1 500 TND,100.0,3.0,,,,1.0,1.0,1.0,1.0,,Appartement,Nouveau,36.845235,10.164723,,2.0,,,,,,,1.0,1.0,1.0,1.0,,,,,,,1-5 ans,Marbre,1.0,1.0,,1.0,,,,2.0,,,,,
https://www.mubawab.tn/fr/a/8051535/appartement-s2-meubl%C3%A9-%C3%A0-la-soukra,Appartement S2 meublé à La Soukra,La Soukra à La Soukra,2 400 TND,154.0,3.0,,,,1.0,1.0,1.0,1.0,,Appartement,Bon état,36.883333,10.25,,2.0,,,1.0,,,,,,,,1.0,1.0,1.0,1.0,,,,,,1.0,,1.0,,2ème,,2.0,,,,,
https://www.mubawab.tn/fr/a/8051485/%C3%A0-louer-duplex-s3-a-jardins-del-manzah,À Louer: Duplex S3 A Jardins del manzah,Ariana à Ariana Ville,2 200 TND,10000.0,4.0,,,1.0,,1.0,1.0,1.0,,Appartement,Nouveau,36.8625,10.19556,,3.0,,,1.0,,,,,1.0,,1.0,,,,,,,Moins d'un an,,1.0,,,1.0,,,,2.0,,,,,
https://www.mubawab.tn/fr/a/8051477/appartement-les-bastides,Appartement Les Bastides,Hammamet à Hammamet,1 200 TND,100.0,3.0,,,,1.0,,1.0,,,Appartement,Nouveau,36.40108,10.61457,,3.0,,,1.0,,,,,,,,1.0,,,,,,,,,,,,,1er,,2.0,,,,,
https://www.mubawab.tn/fr/a/8051472/location-d-un-appartement-%C3%A0-cit%C3%A9-ennasr-2-superficie-70-m%C2%B2-porte-blind%C3%A9e-et-parabole,Location d'un appartement à Cité Ennasr 2. Superficie 70 m². Porte blindée et parabole,Cité Ennasr 2 à Ariana Ville,1 350 TND,70.0,,1.0,,,,1.0,1.0,1.0,1.0,Appartement,Bon état,36.866844138164886,10.16088358127527,,,,,1.0,,,,1.0,,,1.0,1.0,1.0,1.0,,,,5-10 ans,Marbre,,,,,,,,2.0,,,,,
https://www.mubawab.tn/fr/a/8051394/grand-s1-meubl%C3%A9-%C3%A0-la-marsa,Grand S1 meublé à La Marsa,Gammarth Supérieur à La Marsa,1 500 TND,,2.0,1.0,1.0,1.0,,1.0,1.0,,1.0,Appartement,Bon état,36.876389,10.325278,,,1 m²,1 m²,1.0,,1.0,1.0,1.0,1.0,1.0,1.0,1.0,1.0,1.0,,,,Moins d'un an,Marbre,1.0,,,,,,,,,,,,
https://www.mubawab.tn/fr/a/8051397/luxueux-appartement-%C3%A0-louer,Luxueux Appartement à louer,Sousse Corniche à Sousse Ville,2 350 TND,124.0,2.0,,1.0,,,,,,,Appartement,Nouveau,35.8273,10.6339,,2.0,,,,,,,,,,,,,,,,,,,,,,,,,,,,,,,
https://www.mubawab.tn/fr/a/8036504/appartement-meubl%C3%A9-s3-sidi-daoued,"Appartement Meublé S3, Sidi Daoued",Sidi Daoued à La Marsa,3 500 TND,200.0,4.0,,,,1.0,1.0,1.0,1.0,1.0,Appartement,Nouveau,36.876389,10.325278,,3.0,,,1.0,,,,,1.0,1.0,1.0,1.0,1.0,1.0,1.0,1.0,,1-5 ans,,,1.0,,1.0,,3ème,,3.0,,,,,
https://www.mubawab.tn/fr/a/8040956/appartement-tout-neuf-%C3%A0-louer-%C3%A0-gammarth-village,Appartement tout neuf à louer à Gammarth village,Gammarth Village à La Marsa,1 100 TND,90.0,,,1.0,,,1.0,1.0,1.0,,Appartement,Nouveau,36.878992900000014,10.3067406,,2.0,,,,,,,1.0,1.0,1.0,1.0,,,,,,,Moins d'un an,Marbre,1.0,,,,,2ème,Nord,,,,,,
https://www.mubawab.tn/fr/a/8049234/appartement-%C3%A0-louer-%C3%A0-kantaoui,Appartement à louer à Kantaoui,El Kantaoui à Hammam Sousse,Prix à consulter,120.0,6.0,,,1.0,1.0,1.0,1.0,,,Appartement,Bon état,35.8569,10.5972,,3.0,,,1.0,1.0,,,,,,,,,,,,,,,1.0,,,,,,,2.0,,,,,
https://www.mubawab.tn/fr/a/8046647/la-soukra-%C3%A0-louer-joli-appt-s2,LA SOUKRA; à louer joli appt S2,La Soukra à La Soukra,Prix à consulter,120.0,4.0,,,,,,1.0,1.0,,Appartement,Bon état,36.883333,10.25,,2.0,,,,,,,,,,,,,,,,,,,,,,,,,,2.0,,,,,
https://www.mubawab.tn/fr/a/8050594/ennasr-2-%C3%A0-louer-appt-s3-bien-situ%C3%A9,ENNASR 2; à LOUER APPT S3 Bien situé,Cité Ennasr 2 à Ariana Ville,Prix à consulter,160.0,5.0,,,,,1.0,1.0,,,Appartement,Bon état,36.8625,10.19556,,3.0,,,,,,,,,,,,,,,,,,,,,,,,,,2.0,,,,,
https://www.mubawab.tn/fr/a/8051196/a-louer-appt-s2-ain-zaghouan-res-les-pyramides,A louer Appt s2 Ain Zaghouan Res les pyramides,Le Kram à Le Kram,800 TND,72.0,3.0,,1.0,,,1.0,,1.0,,Appartement,Bon état,36.833333,10.316667,,2.0,72 m²,0 m²,,,,,1.0,,,,,1.0,,,,1.0,10-20 ans,Carrelage,,1.0,,1.0,,,Nord,,,,,,
https://www.mubawab.tn/fr/a/8045733/a-louer-un-appartement-avec-jardin-%C3%A0-ain-zaghouan,A louer Un Appartement avec Jardin à Ain Zaghouan,Ain Zaghouan Nord à La Marsa,2 600 TND,,,,1.0,,,,,1.0,,Appartement,Nouveau,36.876389,10.325278,1.0,2.0,,,,,,,,,,,,,,,,,,,,,,,,,,,1.0,,,,
https://www.mubawab.tn/fr/a/8050816/a-louer-un-appartement-s2-bien-meubl%C3%A9-%C3%A0-la-soukra,A louer Un Appartement S2 bien meublé à La Soukra,La Soukra à La Soukra,1 800 TND,125.0,2.0,,1.0,,,,,1.0,,Appartement,Nouveau,36.883333,10.25,,2.0,,,,,,,,,,,,,,,,,,,,,,,,,,,,,,,
https://www.mubawab.tn/fr/a/8050962/appartement-s1-meubl%C3%A9-%C3%A0-ennasr-2,Appartement S1 meublé à ennasr 2,Cité Ennasr 2 à Ariana Ville,1 300 TND,80.0,2.0,1.0,1.0,,1.0,1.0,1.0,1.0,,Appartement,Nouveau,36.8625,10.19556,,,,,1.0,,1.0,1.0,1.0,1.0,1.0,1.0,1.0,1.0,1.0,1.0,1.0,,Moins d'un an,,,1.0,1.0,1.0,1.0,,,,,,,,
https://www.mubawab.tn/fr/a/8050811/%C3%A0-louer-un-s2-meubl%C3%A9-%C3%A0-la-marsa-cailloux,À louer un S2 meublé à La Marsa Cailloux,La Marsa à La Marsa,2 200 TND,80.0,3.0,,1.0,1.0,,1.0,1.0,1.0,1.0,Appartement,Bon état,36.876389,10.325278,,2.0,70 m²,60 m²,,,,,,1.0,,,1.0,1.0,,1.0,,,1-5 ans,,,,,,,1er,Nord,,,,,,
https://www.mubawab.tn/fr/a/8050781/a-louer-app-s3-res-les-fatimides-l-aouina,A louer app s3 res. Les fatimides l'Aouina,Aouina à La Marsa,1 300 TND,130.0,5.0,,,,,1.0,1.0,,,Appartement,Bon état,36.8533886,10.2504908,,3.0,100 m²,30 m²,,,,1.0,1.0,1.0,1.0,1.0,,,,,,,5-10 ans,Marbre,,1.0,,1.0,,3ème,Sud,2.0,,,,,
https://www.mubawab.tn/fr/a/7830580/s2-meubl%C3%A9-%C3%A0-louer-aux-jardins-de-carthage,S2 meublé à Louer aux jardins de carthage,Les Jardins de Carthage à Le Kram,2 200 TND,85.0,,,,,1.0,1.0,1.0,1.0,1.0,Appartement,Bon état,36.833333,10.316667,1.0,2.0,,,1.0,,1.0,1.0,1.0,1.0,1.0,1.0,1.0,1.0,1.0,,,1.0,1-5 ans,Parquet,1.0,1.0,,1.0,,4ème,Est,2.0,,,,,
https://www.mubawab.tn/fr/a/8040140/s1-meubl%C3%A9-dans-une-r%C3%A9sidence-avec-piscine,S1 meublé dans une résidence avec piscine,Gammarth à La Marsa,1 700 TND,80.0,,1.0,1.0,,1.0,1.0,1.0,1.0,1.0,Appartement,Bon état,36.876389,10.325278,1.0,,,,,,1.0,1.0,,1.0,1.0,1.0,1.0,1.0,,,,,Moins d'un an,Marbre,,1.0,,1.0,,1er,Est,,1.0,,,,
https://www.mubawab.tn/fr/a/8024169/luxueux-duplex-s2-%C3%A0-louer-gammarth-sup%C3%A9rieur,Luxueux duplex S2 à louer Gammarth supérieur,Gammarth Supérieur à La Marsa,3 900 TND,120.0,,,,,,1.0,1.0,1.0,,Appartement,Nouveau,36.876389,10.325278,1.0,2.0,,,1.0,1.0,1.0,1.0,1.0,1.0,1.0,1.0,1.0,1.0,,1.0,1.0,1.0,Moins d'un an,Marbre,1.0,1.0,,1.0,,2ème,Est,3.0,,,,,
https://www.mubawab.tn/fr/a/7959054/appartement-s2-%C3%A0-la-location,Appartement S2 à la location,La Goulette Casino à La Goulette,Prix à consulter,,3.0,,1.0,,,1.0,1.0,1.0,,Appartement,Nouveau,36.818056,10.305,,2.0,,,,1.0,,,,,1.0,,,,,,,,,,,,,,,,,,,,,,
https://www.mubawab.tn/fr/a/8050653/a-louer-un-s1-meubl%C3%A9-aux-jardins-de-carthage,A louer un s1 meublé aux Jardins de Carthage,Les Jardins de Carthage à Le Kram,1 800 TND,,,1.0,1.0,,,,,1.0,,Appartement,Nouveau,36.833333,10.316667,1.0,,,,,,,,,,,,,,,,,,,,,,,,,,,,,,,,
https://www.mubawab.tn/fr/a/8048692/luxueux-appartement-%C3%A0-louer-tunis-lac-2,"Luxueux Appartement à Louer, Tunis Lac 2",Tunis,3 000 TND,158.0,4.0,,,,,1.0,1.0,1.0,,Appartement,,36.81881,10.16596,,3.0,,,,,,,,1.0,,,1.0,1.0,,1.0,,,,,1.0,1.0,,1.0,,,,2.0,,,,,
https://www.mubawab.tn/fr/a/8050568/duplex-meubl%C3%A9-%C3%A0-gammarth-vue-mer,Duplex Meublé à Gammarth vue mer,Gammarth à La Marsa,4 500 TND,140.0,3.0,,1.0,,,,,,,Appartement,Nouveau,36.876389,10.325278,,3.0,,,,1.0,,,,,,,,,,,,,,,,,,,,,,,,,,,
https://www.mubawab.tn/fr/a/8046234/appartement-s3-meubl%C3%A9-lac-2,Appartement S3 meublé lac 2,Tunis,3 700 TND,170.0,4.0,,,,1.0,,,1.0,,Appartement,,36.81881,10.16596,,3.0,,,1.0,,,,,,,,,,,,,,,,1.0,,,,,,,2.0,,,,,
https://www.mubawab.tn/fr/a/8050495/location-s2-meubl%C3%A9-au-rdc-aux-jardins-d-el-menzah,Location S2 meublé au RDC aux Jardins d'El Menzah,Les Jardins d'El Menzah 1 à Ariana Ville,1 400 TND,140.0,3.0,,1.0,1.0,,1.0,1.0,1.0,1.0,Appartement,Nouveau,36.8625,10.19556,,2.0,120 m²,40 m²,1.0,,,,,,,1.0,1.0,1.0,1.0,,,1.0,1-5 ans,Marbre,,,,,,,Est,,,,,,
https://www.mubawab.tn/fr/a/8050443/a-louer-un-appartement-s2-aux-jardins-de-carthage,A louer un appartement s2 aux jardins de Carthage,Les Jardins de Carthage à Le Kram,2 200 TND,,3.0,,1.0,,,,,1.0,,Appartement,Nouveau,36.833333,10.316667,,2.0,,,,,,,,,,,,,,,,,,,,,,,,,,,,,,,
https://www.mubawab.tn/fr/a/8050391/appartement-s1-avec-terrasse-%C3%A0-louer-aux-jardins-de-carthage,Appartement S1 avec terrasse à louer aux Jardins de Carthage,Les Jardins de Carthage à Le Kram,1 600 TND,110.0,,1.0,,,,,,,,Appartement,,36.8555704,10.291834,,,,,1.0,,,,,,,,,,,,,,,,1.0,,,,,,,,,,,,
https://www.mubawab.tn/fr/a/8050361/%C3%A0-louer-appartement-s2-%C3%A0-l%E2%80%99aouina,À louer appartement S2 à L’aouina,El Aouina,1 550 TND,100.0,3.0,,1.0,,,1.0,1.0,1.0,,Appartement,,33.07772,9.58381,,2.0,,,,,,,,,,,,,,,,,,,1.0,,,,,,,,,,,,
https://www.mubawab.tn/fr/a/7709238/duplex-s3-meubl%C3%A9-%C3%A0-menzah-9c,Duplex S3 meublé à Menzah 9c,El Menzah 9 à El Menzah,2 900 TND,180.0,4.0,,,,1.0,1.0,1.0,1.0,1.0,Appartement,Nouveau,36.84826370000001,10.1410889,,3.0,,,1.0,,1.0,1.0,1.0,1.0,1.0,1.0,1.0,1.0,1.0,1.0,1.0,1.0,1-5 ans,Marbre,1.0,1.0,,1.0,1.0,,Nord,3.0,1.0,,,,
https://www.mubawab.tn/fr/a/8038201/magnifique-appartement-meubl%C3%A9,Magnifique appartement meublé,Les Berges Du Lac 1 à La Marsa,3 000 TND,150.0,5.0,,,,,,,,,Appartement,Bon état,36.8355152,10.2241758,,3.0,,,,,,,,,,,,,,,,,10-20 ans,Marbre,,,,,,3ème,Sud,2.0,,,,,
https://www.mubawab.tn/fr/a/8050161/a-louer-un-s1-situ%C3%A9-%C3%A0-hamem-sousse,A louer un S1 situé à Hamem Sousse,Hammam Sousse à Hammam Sousse,970 TND,70.0,2.0,1.0,1.0,,,1.0,1.0,1.0,,Appartement,Nouveau,35.8569,10.5972,,,,,1.0,,,,,,,,,,,,,,,,,1.0,,,,,,,,,,,
https://www.mubawab.tn/fr/a/8045894/location-s1-meubl%C3%A9-%C3%A0-la-marsa,Location S1 meublé à la marsa,La Marsa à La Marsa,2 000 TND,50.0,2.0,1.0,1.0,,,,,1.0,,Appartement,Nouveau,36.876389,10.325278,,,,,,,,,,,,,,,,,,,,,,,,,,,,,,,,,
https://www.mubawab.tn/fr/a/8049932/location-s1-meubl%C3%A9-au-lac-2,Location S1 Meublé au Lac 2,Les Berges Du Lac 2 à La Marsa,2 000 TND,60.0,2.0,1.0,1.0,,1.0,1.0,1.0,1.0,1.0,Appartement,Bon état,36.876389,10.325278,,,,,,,,1.0,,,,1.0,1.0,1.0,1.0,1.0,,,5-10 ans,Marbre,,1.0,,1.0,,2ème,Est,,,,,,
https://www.mubawab.tn/fr/a/8049853/appartement-s3-neuf-la-marsa,Appartement s3 neuf la marsa,Cité Du Stade à La Marsa,1 800 TND,200.0,4.0,,1.0,,,1.0,1.0,1.0,,Appartement,Nouveau,36.876389,10.325278,,3.0,180 m²,,1.0,,,1.0,,1.0,,1.0,,,,,,,Moins d'un an,,,,,,,1er,Ouest,,,,,,
https://www.mubawab.tn/fr/a/8046071/s2-au-lac-2-mal1900,S2 au Lac 2 MAL1900,Les Berges Du Lac 2 à La Marsa,4 200 TND,,,,,,,1.0,1.0,1.0,,Appartement,Nouveau,36.876389,10.325278,1.0,2.0,,,,,,,,,,,,,,,,,,,1.0,,,1.0,,,,3.0,,,,,
https://www.mubawab.tn/fr/a/8041080/appartement-vide-ou-meubl%C3%A9-vue-sur-le-lac,"Appartement vide ou meublé, vue sur le Lac",Les Berges Du Lac 1 à La Marsa,6 000 TND,180.0,5.0,,,,1.0,1.0,1.0,1.0,1.0,Appartement,Bon état,36.876389,10.325278,,3.0,,,1.0,1.0,1.0,1.0,1.0,1.0,1.0,1.0,1.0,1.0,1.0,1.0,,,,,1.0,1.0,,1.0,1.0,2ème,,3.0,,,,,
https://www.mubawab.tn/fr/a/8036923/appartement-s2-meubl%C3%A9-avec-vue-imprenable-sur-lac,Appartement S2 meublé avec vue imprenable sur Lac,Les Berges Du Lac 2 à La Marsa,5 500 TND,,3.0,,,,1.0,1.0,1.0,1.0,1.0,Appartement,Bon état,36.876389,10.325278,,2.0,,,1.0,,1.0,1.0,1.0,1.0,1.0,1.0,1.0,1.0,1.0,1.0,1.0,1.0,1-5 ans,Carrelage,1.0,1.0,,1.0,,6ème,,2.0,,1.0,,,
https://www.mubawab.tn/fr/a/7907488/appartement-dille-a-louer,Appartement Dille a louer,Hammamet à Hammamet,2 500 TND,70.0,,1.0,1.0,,,,,,1.0,Appartement,Nouveau,36.40108,10.61457,1.0,,,,,,,,,,,,,,,,,,,,,,,,,,,,,,,,
https://www.mubawab.tn/fr/a/7748135/a-louer-un-s3-richement-meubl%C3%A9-au-lac2,A louer un s3 richement meublé au lac2,Les Berges Du Lac 2 à La Marsa,2 800 TND,220.0,4.0,,,,,,,,,Appartement,Bon état,36.8468986,10.2641808,,3.0,,,1.0,,,,,,,,,,,,,,5-10 ans,Marbre,,1.0,,,,2ème,Nord,2.0,,,,,
https://www.mubawab.tn/fr/a/8049250/%C3%A0-louer-un-s2-au-rez-de-chauss%C3%A9e-%C3%A0-l-aouina,À louer un S2 au rez de chaussée à L'Aouina,Aouina à La Marsa,1 550 TND,120.0,3.0,,1.0,1.0,,1.0,1.0,1.0,,Appartement,Bon état,36.876389,10.325278,,2.0,,,1.0,,1.0,1.0,1.0,,1.0,1.0,,,,,,,1-5 ans,Marbre,1.0,,,,,,,,,,,,
https://www.mubawab.tn/fr/a/8037205/a-louer-s2-neuf-%C3%A0-cit%C3%A9-du-stade-la-marsa,A Louer S2 Neuf à Cité Du Stade La Marsa,Cité Du Stade à La Marsa,1 500 TND,100.0,3.0,,1.0,,,,1.0,1.0,,Appartement,Nouveau,36.876389,10.325278,,2.0,,,1.0,,,,,,,,,,,,,,Moins d'un an,,1.0,1.0,,,,1er,,,,,,,
https://www.mubawab.tn/fr/a/8049189/%C3%A0-louer-appartement-s3-%C3%A0-la-soukra,À louer appartement S3 à La Soukra,La Soukra à La Soukra,1 600 TND,170.0,4.0,,,,,1.0,1.0,1.0,,Appartement,Nouveau,36.883333,10.25,,3.0,,,1.0,,1.0,1.0,1.0,1.0,1.0,1.0,,1.0,,,,,1-5 ans,Carrelage,1.0,1.0,,1.0,,2ème,,2.0,,,,,
https://www.mubawab.tn/fr/a/8049068/a-louer-appartement-s3-cit%C3%A9-wahat,A louer Appartement s3 cité wahat,Aouina à La Marsa,1 290 TND,120.0,4.0,,,,,1.0,1.0,1.0,,Appartement,Bon état,36.876389,10.325278,,4.0,,,,,,,1.0,1.0,1.0,,,,,,,,5-10 ans,,,1.0,,,,2ème,,2.0,,,,,
https://www.mubawab.tn/fr/a/8048976/duplex-%C3%A0-louer-%C3%A0-l-ann%C3%A9e-%C3%A0-hammamet-centre-ville,Duplex à louer à l'année à Hammamet centre ville,Hammamet à Hammamet,2 500 TND,250.0,4.0,,,,,1.0,1.0,,,Appartement,Bon état,36.40108,10.61457,,3.0,,,1.0,,,,,,,,,1.0,1.0,,,,,,,,,,,,,2.0,,,,,
https://www.mubawab.tn/fr/a/8036877/a-louer-appartement-s1-meubl%C3%A9-%C3%A0-la-marsa,A louer Appartement S1 meublé à La Marsa,La Marsa à La Marsa,1 800 TND,80.0,,1.0,1.0,,1.0,1.0,1.0,1.0,,Appartement,Bon état,36.876389,10.325278,1.0,,,,1.0,,,1.0,1.0,1.0,,,1.0,1.0,1.0,,,,,,,,,,,,,,,,,,
https://www.mubawab.tn/fr/a/8046343/a-louer-un-triplex-de-200-m%C2%B2-%C3%A0-gammarth-village,A louer un Triplex de 200 m² à Gammarth village,Gammarth Village à La Marsa,4 200 TND,200.0,5.0,,,,,1.0,1.0,1.0,,Appartement,Nouveau,36.876389,10.325278,,4.0,,,1.0,,1.0,1.0,1.0,1.0,1.0,1.0,,,,,1.0,,,,1.0,1.0,,1.0,1.0,,,3.0,1.0,,,,
https://www.mubawab.tn/fr/a/8047190/a-louer-s2-neuf-%C3%A0-gammarth,A louer S2 neuf à Gammarth,Gammarth à La Marsa,3 400 TND,170.0,3.0,,,,,1.0,1.0,1.0,,Appartement,Nouveau,36.876389,10.325278,,2.0,,,1.0,1.0,1.0,1.0,1.0,1.0,1.0,1.0,,1.0,,,1.0,,,,1.0,1.0,,1.0,,,,2.0,,,,,
https://www.mubawab.tn/fr/a/8048791/a-louer-s2-avec-terrasse-%C3%A0-hammamet,A Louer: S2 avec terrasse à Hammamet,Hammamet à Hammamet,1 000 TND,,5.0,,1.0,,1.0,1.0,1.0,1.0,1.0,Appartement,Bon état,36.40108,10.61457,,2.0,,,1.0,,,,,,,,1.0,1.0,1.0,1.0,,,,,,,,,,2ème,,,,,,,
https://www.mubawab.tn/fr/a/7997863/appartement-meubl%C3%A9-%C3%A0-la-marsa,Appartement meublé à la Marsa,La Marsa à La Marsa,2 400 TND,120.0,3.0,,,1.0,1.0,1.0,1.0,1.0,1.0,Appartement,Bon état,36.876389,10.325278,,2.0,,,1.0,,,1.0,,1.0,,,1.0,1.0,1.0,,,,,,1.0,,,1.0,,,,2.0,,,,,
https://www.mubawab.tn/fr/a/7990497/s3-%C3%A0-ain-zaghouan-nord-mal4425,S3 à Ain Zaghouan Nord MAL4425,Ain Zaghouan Nord à La Marsa,2 700 TND,,,,,,,1.0,1.0,1.0,,Appartement,Bon état,36.876389,10.325278,1.0,3.0,,,,,,,,,,,,,,,,,,,,,,,,,,3.0,,,,,
https://www.mubawab.tn/fr/a/8048693/s1-meubl%C3%A9-%C3%A0-louer-ain-zaghaouine,S1 Meublé à Louer Ain zaghaouine,Zaghouan,1 600 TND,78.0,2.0,1.0,1.0,,,1.0,1.0,1.0,,Appartement,,36.8578827,10.2733997,,,,,,,,,,1.0,,,1.0,,,,,,,,,,,,,,,,,,,,
https://www.mubawab.tn/fr/a/8046269/a-louer-un-appartement-s1-au-manar-1,A louer un appartement S1 au manar 1,El Menzah,950 TND,77.0,2.0,1.0,1.0,,,,,,,Appartement,,36.845235,10.164723,,,,,,,,,,,,,,,,,,,,,,,,,,,,,,,,,
https://www.mubawab.tn/fr/a/8006201/appartement-s3-%C3%A0-louer-au-lac-2,Appartement S3 à louer au lac 2,Les Berges Du Lac 2 à La Marsa,3 500 TND,200.0,4.0,,,,,,,1.0,,Appartement,Bon état,36.8468986,10.2641808,,3.0,,,1.0,,,,,1.0,,,,,,,,,,,1.0,,,,,,,3.0,,,,,
https://www.mubawab.tn/fr/a/8048294/appartement-en-s2-pour-l-ann%C3%A9e-universitaire,Appartement en s2 pour l'année universitaire,Cité El Wafa à Nabeul,1 200 TND,102.0,3.0,,1.0,,1.0,1.0,1.0,1.0,,Appartement,Bon état,36.45056,10.73505,,2.0,,,1.0,,,,,1.0,,,1.0,1.0,1.0,1.0,,,,,,1.0,,1.0,,,,,1.0,,,,
https://www.mubawab.tn/fr/a/8010736/a-louer-s1-meubl%C3%A9-%C3%A0-sahloul,A louer S1 meublé à Sahloul,Khezama Est,650 TND,60.0,,,1.0,,1.0,1.0,1.0,1.0,,Appartement,Nouveau,35.832439,10.622471,1.0,2.0,,,,,,,,1.0,,,,,,,,,,,,1.0,,,,,,,,,,,
https://www.mubawab.tn/fr/a/8048255/location-s1-aux-jardins-de-carthage,Location s1 aux jardins de carthage,Les Jardins de Carthage à Le Kram,1 100 TND,65.0,,1.0,1.0,,,1.0,1.0,1.0,,Appartement,Bon état,36.84970909999999,10.2925289,,,,,1.0,,,,1.0,1.0,1.0,,,1.0,,,,,1-5 ans,Marbre,,1.0,,1.0,,6ème,,,,,,,
https://www.mubawab.tn/fr/a/8048239/appartement-s1-pour-location-courte-dur%C3%A9e,Appartement s1 pour Location Courte Durée,Cité El Wafa à Nabeul,Prix à consulter,60.0,2.0,1.0,1.0,,1.0,1.0,1.0,1.0,1.0,Appartement,Bon état,36.45056,10.73505,,,,,1.0,,,,,1.0,,,1.0,,1.0,,,,1-5 ans,Parquet,,,,,,,,,,,,,
https://www.mubawab.tn/fr/a/8048224/location-appartement-s3,Location appartement S3,Les Jardins de Carthage à Le Kram,2 400 TND,170.0,,,,,,1.0,1.0,1.0,,Appartement,Bon état,36.8555704,10.291834,1.0,3.0,,,,,,,,1.0,1.0,1.0,,,,,,,,,1.0,1.0,,,,,,3.0,,,,,
https://www.mubawab.tn/fr/a/7648182/a-louer-un-appartement-meubl%C3%A9-en-s3-%C3%A0-la-marsa,A louer un appartement meublé en S3 à la Marsa,La Marsa à La Marsa,5 500 TND,110.0,4.0,,,,1.0,1.0,1.0,1.0,,Appartement,Bon état,36.8941992,10.2762232,,3.0,,,,1.0,,,,,,,,,,,,,,,,,,,,,,2.0,,,,,
https://www.mubawab.tn/fr/a/8048088/rdc-en-s3-%C3%A0-hammamet-pour-la-location,RDC en S3 à Hammamet pour la location,Hammamet à Hammamet,1 000 TND,,6.0,,1.0,,1.0,1.0,,1.0,1.0,Appartement,Bon état,36.40108,10.61457,,3.0,,,,,,,,,,,1.0,1.0,1.0,,,,,,,,,,,,,,,,,,
https://www.mubawab.tn/fr/a/8047972/appartement-en-s3-%C3%A0-louer-%C3%A0-hammamet-nord,Appartement en S3 à louer à Hammamet Nord,Hammamet à Hammamet,1 800 TND,,7.0,,,,1.0,1.0,1.0,1.0,1.0,Appartement,Bon état,36.40108,10.61457,,3.0,,,1.0,,,,,,,1.0,1.0,1.0,1.0,1.0,,,,,1.0,,,1.0,,,,2.0,,,,,
https://www.mubawab.tn/fr/a/8022382/location-s3-avec-un-grand-jardin-au-lac2,Location S3 avec un grand jardin au lac2,Les Berges Du Lac 2 à La Marsa,2 500 TND,120.0,4.0,,1.0,,,1.0,1.0,1.0,,Appartement,Bon état,36.876389,10.325278,,3.0,,,,,,,,1.0,,,,,,,,,,,1.0,,,1.0,,,,,,,,,
https://www.mubawab.tn/fr/a/8031669/triplex-s4-%C3%A0-louer-aux-jardins-de-carthage,Triplex S4 à louer aux Jardins de Carthage,Les Jardins de Carthage à Le Kram,4 500 TND,250.0,5.0,,,1.0,,1.0,1.0,1.0,,Appartement,Bon état,36.833333,10.316667,,4.0,,,1.0,,1.0,,1.0,1.0,1.0,1.0,,1.0,,,1.0,1.0,1-5 ans,Marbre,1.0,1.0,1.0,1.0,1.0,,,5.0,,,,,
https://www.mubawab.tn/fr/a/8031703/appartement-s2-aux-les-jardins-de-carthage,Appartement S2 Aux les jardins de Carthage,Les Jardins de Carthage à Le Kram,2 200 TND,140.0,2.0,,1.0,,,1.0,1.0,1.0,,Appartement,Nouveau,36.833333,10.316667,,2.0,,,1.0,,,,,1.0,1.0,1.0,,1.0,,,,,1-5 ans,Marbre,,1.0,,1.0,,,,,,,,,
https://www.mubawab.tn/fr/a/8047062/a-louer-un-s2-aux-jardins-de-carthage,A louer un s2 aux Jardins de Carthage,Les Jardins de Carthage à Le Kram,1 800 TND,,3.0,,1.0,,,,,,,Appartement,Nouveau,36.833333,10.316667,,2.0,,,,,,,,,,,,,,,,,,,,,,,,,,,,,,,
https://www.mubawab.tn/fr/a/8047833/%C3%A0-louer-un-appartement-s3-%C3%A0-ennasr,À louer un appartement S3 à Ennasr,Ennasr,1 600 TND,132.0,4.0,,1.0,,,,,,,Appartement,,35.40851,10.02891,,3.0,,,1.0,,,,,,,,,,,,,,,,1.0,1.0,,,,,,,,,,,
https://www.mubawab.tn/fr/a/8047766/s2-en-location,S2 en location,Neapolis à Nabeul,1 500 TND,125.0,,,1.0,,1.0,1.0,1.0,1.0,1.0,Appartement,Bon état,36.45056,10.73505,1.0,2.0,,,1.0,1.0,1.0,1.0,1.0,,,1.0,1.0,1.0,1.0,1.0,1.0,,10-20 ans,Marbre,,1.0,1.0,,,18ème,,,,,,,
https://www.mubawab.tn/fr/a/8047571/appart-s4-%C3%A0-louer-%C3%A0-centre-ville,Appart S4 à Louer à Centre Ville,Hedi Chaker à Tunis,1 200 TND,120.0,5.0,,1.0,,,,,1.0,,Appartement,Nouveau,36.81881,10.16596,,4.0,,,1.0,,1.0,,,1.0,,,,,,,,,Moins d'un an,Parquet,,,,1.0,,2ème,,,,,,,
https://www.mubawab.tn/fr/a/8044739/location-s1-aux-jardins-de-carthage,Location S1 aux Jardins de Carthage,Le Kram à Le Kram,1 200 TND,70.0,,,1.0,,,,,1.0,,Appartement,Nouveau,36.833333,10.316667,1.0,2.0,,,,,,,,,,,,,,,,,,,,,,,,,,,,,,,
https://www.mubawab.tn/fr/a/8047272/a-louer-un-s1-meubl%C3%A9-%C3%A0-khzema,A louer un S1 meublé à Khzema,Khezama Ouest,950 TND,74.0,2.0,1.0,1.0,,1.0,1.0,1.0,1.0,,Appartement,Nouveau,35.7218,10.6179,,,,,1.0,,1.0,,1.0,1.0,1.0,1.0,,1.0,,,,,1-5 ans,Marbre,,1.0,,1.0,,2ème,,,,,,,
https://www.mubawab.tn/fr/a/8040262/a-louer-un-s3-%C3%A0-sahloul,A louer un S3 à Sahloul,Sahloul à Sousse Ville,850 TND,160.0,4.0,,,,,1.0,1.0,1.0,,Appartement,Bon état,35.8273,10.6339,,3.0,,,1.0,,,,1.0,,,1.0,,1.0,,,,,5-10 ans,,,,,,,1er,,2.0,,,,,
https://www.mubawab.tn/fr/a/7966574/duplex-s2-avec-terasse-vue-mer-%C3%A0-louer-%C3%A0-gammarth,Duplex s2 avec terasse vue mer à louer à Gammarth,Gammarth à La Marsa,3 500 TND,200.0,2.0,,1.0,,,1.0,1.0,1.0,,Appartement,Nouveau,36.876389,10.325278,,2.0,,,1.0,,,,,,,,,,,,,,,,,,,,,,,,,,,,
https://www.mubawab.tn/fr/a/8028559/appartement-s3-meubl%C3%A9-%C3%A0-louer-lac-2,Appartement s3 meublé à louer Lac 2,Les Berges Du Lac 2 à La Marsa,2 500 TND,100.0,4.0,,,,1.0,1.0,1.0,1.0,,Appartement,Bon état,36.876389,10.325278,,3.0,,,,,,,,1.0,1.0,1.0,,,,,,,,,1.0,1.0,,1.0,,,,2.0,,,,,
https://www.mubawab.tn/fr/a/8040831/appartement-s2-%C3%A0-sidi-daoud,Appartement S2 à Sidi daoud,La Marsa à La Marsa,2 500 TND,150.0,2.0,,1.0,,,,,1.0,,Appartement,Nouveau,36.876389,10.325278,,2.0,,,1.0,,,,,,,,,,,,,,,,,,,,,,,,,,,,
https://www.mubawab.tn/fr/a/8022090/appartement-en-s1-%C3%A0-louer-meubl%C3%A9-%C3%A0-sidi-bou-said,Appartement en S1 à louer meublé à sidi bou said,Sidi Bousaid à Carthage,1 700 TND,,2.0,1.0,1.0,,,,,,,Appartement,Nouveau,36.8566,10.3258,,,,,1.0,,,,,,,,,,,,,,,,,,,,,,,,,,,,
https://www.mubawab.tn/fr/a/8032696/appartement-s2-meubl%C3%A9-%C3%A0-la-marsa-ennasim,Appartement S2 Meublé à La Marsa Ennasim,La Marsa à La Marsa,3 600 TND,,3.0,,,,1.0,1.0,1.0,1.0,1.0,Appartement,Bon état,36.876389,10.325278,,2.0,,,,,1.0,1.0,,1.0,1.0,1.0,1.0,1.0,1.0,1.0,1.0,,,,1.0,1.0,,,,,,2.0,,,,,
https://www.mubawab.tn/fr/a/8006769/penthouse-avec-piscine-vue-mer-%C3%A0-louer-gammarth,Penthouse avec piscine vue mer à louer Gammarth,Gammarth à La Marsa,5 500 TND,250.0,3.0,,1.0,,,,,1.0,,Appartement,Nouveau,36.876389,10.325278,,3.0,,,1.0,,,,,,,,,,,,,,,,,,,,,,,,1.0,,,,
https://www.mubawab.tn/fr/a/8046028/appartement-s3-meubl%C3%A9-avec-terrasse-%C3%A0-gammarth,Appartement S3 meublé avec terrasse à Gammarth,Gammarth à La Marsa,4 000 TND,,4.0,,,,1.0,1.0,1.0,1.0,1.0,Appartement,Bon état,36.876389,10.325278,,3.0,,,1.0,,1.0,1.0,1.0,1.0,1.0,1.0,1.0,1.0,1.0,1.0,1.0,1.0,1-5 ans,Carrelage,1.0,,,1.0,,2ème,,3.0,,,,,
https://www.mubawab.tn/fr/a/8045297/appartement-s1-meubl%C3%A9-%C3%A0-la-marsa,Appartement S1 meublé à La Marsa,La Marsa à La Marsa,2 200 TND,,2.0,1.0,1.0,,1.0,1.0,1.0,1.0,1.0,Appartement,Bon état,36.876389,10.325278,,,,,,,1.0,1.0,1.0,1.0,1.0,1.0,1.0,1.0,1.0,1.0,1.0,1.0,Moins d'un an,Carrelage,,,,1.0,,1er,,,,,,,
https://www.mubawab.tn/fr/a/8002259/s3-meubl%C3%A9-au-lac2-mal1174,S3 meublé au Lac2 MAL1174,Les Berges Du Lac 2 à La Marsa,4 300 TND,,,,,,1.0,1.0,1.0,1.0,,Appartement,Bon état,36.876389,10.325278,1.0,3.0,,,,,,,,1.0,1.0,1.0,,,,,,,,,,1.0,,,,,,3.0,,,,,
https://www.mubawab.tn/fr/a/7971304/a-louer-un-appartement-s2-%C3%A0-ain-zaghouan,A Louer un appartement s2 à Ain Zaghouan,Ain Zaghouan Nord à La Marsa,1 650 TND,,3.0,,1.0,,1.0,,,1.0,,Appartement,Bon état,36.876389,10.325278,,2.0,,,,,,,,1.0,,,,,,,,,1-5 ans,,,,,,,,,,,,,,
https://www.mubawab.tn/fr/a/7984432/a-louer-un-duplex-s3-%C3%A0-sidi-daoued,A Louer un duplex s3 à sidi daoued,Sidi Daoued à La Marsa,2 900 TND,,4.0,,1.0,1.0,,,,1.0,,Appartement,Bon état,36.876389,10.325278,,2.0,,,,,,,,,,,,,,,,,,,,,,1.0,1.0,,,,,,,,
https://www.mubawab.tn/fr/a/8041536/a-louer-un-appartement-s3-%C3%A0-sidi-daoued,A louer un appartement s3 à Sidi daoued,Sidi Daoued à La Marsa,2 200 TND,,4.0,,1.0,,,,,,,Appartement,Bon état,36.876389,10.325278,,3.0,,,,,,,,,,,,,,,,,,,,,,,,,,,,,,,
https://www.mubawab.tn/fr/a/8041595/a-louer-un-appartement-s-2-%C3%A0-kram-sud,A louer un appartement S_2 à #Kram_Sud,Le Kram à Le Kram,900 TND,,3.0,,1.0,,,,,,,Appartement,Bon état,36.833333,10.316667,,2.0,,,,,,,,,,,,,,,,,,,,,,,,,,,,,,,
https://www.mubawab.tn/fr/a/8028905/un-s3-vue-mer-%C3%A0-hammamet-nord-%C3%A0-louer,Un S3 vue mer à Hammamet Nord à louer,Hammamet Nord à Hammamet,1 500 TND,,4.0,,,,1.0,1.0,,1.0,1.0,Appartement,Bon état,36.40108,10.61457,,3.0,,,1.0,1.0,1.0,1.0,,,1.0,1.0,1.0,,1.0,,,,,,1.0,,1.0,,,2ème,,2.0,,,,,
https://www.mubawab.tn/fr/a/8022122/appartement-s1-meubl%C3%A9-aux-les-jardins-de-carthage,Appartement S1 Meublé aux les jardins de Carthage,Les Jardins de Carthage à Le Kram,2 500 TND,90.0,,1.0,1.0,,1.0,1.0,1.0,1.0,1.0,Appartement,Bon état,36.833333,10.316667,1.0,,,,1.0,,1.0,,1.0,1.0,1.0,1.0,1.0,1.0,1.0,1.0,1.0,,1-5 ans,Marbre,1.0,1.0,1.0,1.0,,,,,,,,,
https://www.mubawab.tn/fr/a/8046990/a-louer-s2-meubl%C3%A9-%C3%A0-la-manouba,A louer S2 meublé à La Manouba,La Manouba à La Manouba,1 250 TND,105.0,3.0,,1.0,,1.0,1.0,1.0,1.0,1.0,Appartement,Bon état,36.77855,10.05538,,2.0,,,,,,,,,,,1.0,1.0,1.0,,,,,,,,,,,4ème,,,,,,,
https://www.mubawab.tn/fr/a/8046800/appartement-s2-%C3%A0-ennasr-2,Appartement s2 à Ennasr 2,Cité Ennasr 2 à Ariana Ville,1 300 TND,150.0,3.0,,,,,1.0,1.0,1.0,,Appartement,Nouveau,36.8625,10.19556,,2.0,,,,,1.0,,,1.0,1.0,1.0,,,,,,,,,,1.0,,1.0,1.0,3ème,,2.0,,,,,
https://www.mubawab.tn/fr/a/8005217/location-appartement-s2-meubl%C3%A9-marsa-plage,Location Appartement S2 meublé Marsa plage,La Marsa à La Marsa,1 400 TND,70.0,2.0,1.0,1.0,,,1.0,1.0,1.0,,Appartement,Bon état,36.88833,10.27417,,,,,,,,,,,1.0,1.0,1.0,,1.0,,,,5-10 ans,Marbre,,1.0,,,,2ème,,,,,,,
https://www.mubawab.tn/fr/a/7987598/location-appartements2-meubl%C3%A9-les-jardins-de-cart,Location AppartementS2 meublé les jardins de Cart,Les Jardins de Carthage à Le Kram,3 000 TND,115.0,3.0,,1.0,,1.0,1.0,1.0,1.0,,Appartement,Bon état,36.855570400000005,10.291834,,2.0,,,1.0,,1.0,,,1.0,1.0,1.0,,1.0,,,,,1-5 ans,Marbre,,1.0,,1.0,,,,,,,,,
https://www.mubawab.tn/fr/a/8046595/s3-%C3%A0-louer-au-lac-2-%E2%80%93-rez-de-chauss%C3%A9e-avec-grand-jardin-priv%C3%A9,S3 à Louer au Lac 2 – Rez de chaussée avec Grand Jardin Privé,Les Berges Du Lac 2 à La Marsa,2 700 TND,160.0,,,,1.0,,1.0,1.0,1.0,,Appartement,Bon état,36.84742831949843,10.270197880433397,,3.0,,,1.0,,,,,1.0,,,,,,,,,5-10 ans,Marbre,,1.0,,1.0,,,Est,2.0,,,,,
https://www.mubawab.tn/fr/a/8046549/location-appartement-s3-avec-terrasse-au-lac-2,Location Appartement S3 avec terrasse au lac 2,Les Berges Du Lac 2 à La Marsa,2 300 TND,176.0,4.0,,,,,1.0,1.0,1.0,,Appartement,Bon état,36.876389,10.325278,,3.0,,,1.0,,,,,1.0,,,,1.0,,,,,5-10 ans,Marbre,,1.0,,1.0,,3ème,Est,3.0,,,,,
https://www.mubawab.tn/fr/a/7732205/appartement-s2meubl%C3%A9-sidi-bou-sa%C3%AFd,"Appartement S2meublé, Sidi Bou Saïd",Sidi Bousaid à Carthage,3 200 TND,150.0,3.0,,1.0,,1.0,1.0,1.0,1.0,1.0,Appartement,Bon état,36.8566,10.3258,,2.0,,,1.0,,1.0,,1.0,,1.0,,1.0,1.0,1.0,1.0,,,,,,,1.0,,,,,,,,,,
https://www.mubawab.tn/fr/a/8046301/un-%C3%A9tage-de-bureaux-open-space-a-louer-aux-berges-du-lac-1,Un étage de bureaux open space a louer aux berges du lac 1,Les Berges Du Lac 1 à La Marsa,6 406 TND,205.0,,,,,,,,,,Appartement,,36.8355152,10.2241758,,,,,,,,,,1.0,,,,,,,,,,,,,,,,,,,,,,,
https://www.mubawab.tn/fr/a/8046274/%C3%A0-louer-un-s3-%C3%A0-cit%C3%A9-mahraj%C3%A8ne-mutuelleville,À louer un S3 à Cité Mahrajène Mutuelleville,Cité El Mahrajene,2 700 TND,160.0,4.0,,,,,,,1.0,,Appartement,,32.9385017,10.4458666,,3.0,,,,,,,,,,,,,,,,,,,,,,,,,,3.0,,,,,
https://www.mubawab.tn/fr/a/8046272/a-louer-un-appartement-s3-sur-la-route-du-relais,A louer un appartement S3 sur la route du Relais,La Marsa,1 500 TND,140.0,4.0,,1.0,,,,,,,Appartement,,36.876389,10.325278,,3.0,,,,,,,,,,,,,,,,,,,,,,,,,,,,,,,
https://www.mubawab.tn/fr/a/8046270/a-louer-un-appartement-s2-au-lac-1,A louer un appartement S2 au lac 1,La Marsa,1 400 TND,122.0,3.0,,1.0,,,,,,,Appartement,,36.876389,10.325278,,2.0,,,,,,,,,,,,,,,,,,,,1.0,,,,,,,,,,,
https://www.mubawab.tn/fr/a/8046268/a-louer-un-s2-meubl%C3%A9-au-manar-1,A louer un s2 meublé au Manar 1,El Menzah,950 TND,73.0,3.0,,1.0,,,,,,,Appartement,,36.845235,10.164723,,2.0,,,,,,,,,,,,,,,,,,,,,,,,,,,,,,,
https://www.mubawab.tn/fr/a/8046262/a-louer-un-appartement-s1-vide-%C3%A0-ennasr,A louer un appartement S1 vide à Ennasr,Ennasr,1 200 TND,100.0,,,,,,,1.0,,,Appartement,,35.40851,10.02891,,,,,1.0,,,,,,,,,,,,,,,,,,,,,,,,,,,,
https://www.mubawab.tn/fr/a/8046046/studio-independant,Studio Independant,Cité Ennkhilet à Raoued,350 TND,30.0,,1.0,1.0,,1.0,,,,,Appartement,À rénover,36.89316,10.195541,1.0,,,,,,,,,,,1.0,1.0,1.0,,,,,1-5 ans,Parquet,,,,,,,Nord,,,,,,
https://www.mubawab.tn/fr/a/8039610/un-appartement-s2-meubl%C3%A9-%C3%A0-la-marsa,Un appartement S2 meublé à la Marsa,La Marsa à La Marsa,2 200 TND,120.0,,,1.0,1.0,1.0,1.0,1.0,1.0,1.0,Appartement,Bon état,36.8941992,10.2762232,1.0,2.0,,,1.0,,1.0,1.0,,1.0,,,1.0,1.0,,,,,,,,,,,1.0,,,,,,,,
https://www.mubawab.tn/fr/a/8046031/a-louer-s1-meubl%C3%A9-%C3%A0-riadh-l-andalous,A louer S1 meublé à Riadh l'andalous,Riadh al Andalous à Ariana Ville,1 300 TND,63.0,2.0,1.0,1.0,,1.0,1.0,1.0,1.0,1.0,Appartement,Nouveau,36.8625,10.19556,,,,,,,1.0,1.0,1.0,1.0,1.0,1.0,1.0,1.0,1.0,1.0,1.0,1.0,Moins d'un an,Marbre,,1.0,,1.0,,1er,,,,,,,
https://www.mubawab.tn/fr/a/7868191/a-louer-s1-ths-%C3%A0-menzah-9c,A louer S1 THS à Menzah 9c,El Menzah 9 à El Menzah,1 000 TND,120.0,2.0,1.0,1.0,1.0,,1.0,1.0,1.0,,Appartement,Nouveau,36.845235,10.164723,,,,,,,1.0,,,1.0,1.0,1.0,,1.0,,,,,1-5 ans,Marbre,,1.0,,,1.0,1er,,,,,,,
https://www.mubawab.tn/fr/a/8045865/appartement-s1-%C3%A0-louer-%C3%A0-ain-zaghouan-nord,Appartement S1 à louer à Ain Zaghouan Nord,Ain Zaghouan Nord à La Marsa,1 650 TND,60.0,2.0,1.0,1.0,1.0,,1.0,1.0,1.0,,Appartement,Nouveau,36.876389,10.325278,,,,,1.0,,,1.0,1.0,1.0,1.0,1.0,,1.0,,1.0,,,Moins d'un an,Marbre,1.0,1.0,,1.0,,,,,1.0,,,,
https://www.mubawab.tn/fr/a/8030444/%C3%A9tage-de-villa-s4-ennaser-2,Étage de villa S4 Ennaser 2,Cité Ennasr 2 à Ariana Ville,1 250 TND,150.0,5.0,,1.0,,,,1.0,1.0,,Appartement,Bon état,36.8625,10.19556,,4.0,,,1.0,,1.0,,,1.0,1.0,1.0,,,,,,,,,,,,,1.0,1er,,,,,,,
https://www.mubawab.tn/fr/a/8043734/immeuble-a-louer-au-berges-du-lac-1,Immeuble a louer au Berges du Lac 1,Les Berges Du Lac 2 à La Marsa,37 525 TND,1447.0,,,,,,,,,,Appartement,,36.8468986,10.2641808,,,,,,,,,,,,,,,,,,,,,1.0,,,,,,,,,,,,
https://www.mubawab.tn/fr/a/8045882/appartement-s3-%C3%A0-menzah-5,Appartement S3 à menzah 5,El Menzah 5 à Ariana Ville,950 TND,120.0,4.0,,,,,,1.0,,,Appartement,À rénover,36.8483853,10.1745278,,3.0,,,1.0,,,,,,1.0,1.0,,,,,,,,,,,,,,1er,,2.0,,,,,
https://www.mubawab.tn/fr/a/8045809/opportunit%C3%A9-%C3%A0-ne-pas-rater,Opportunité à ne pas rater,Habib Thameur à Tunis,850 TND,100.0,,,1.0,,,,,,,Appartement,Nouveau,36.81881,10.16596,1.0,3.0,,,,,,,,,,1.0,,,,,,,,,,,,,,,,,,,,,
https://www.mubawab.tn/fr/a/8045786/location-agr%C3%A9able-s2-au-lac-2,Location Agréable S2 au Lac 2,Les Berges Du Lac 2 à La Marsa,2 500 TND,125.0,3.0,,,,,1.0,1.0,1.0,,Appartement,Bon état,36.876389,10.325278,,2.0,,,1.0,,,1.0,1.0,,1.0,1.0,1.0,1.0,,1.0,,,5-10 ans,Marbre,1.0,1.0,,1.0,,2ème,Est,2.0,,,,,
https://www.mubawab.tn/fr/a/8044875/s3-%C3%A0-la-soukra-mal0839,S3 à La Soukra MAL0839,La Soukra à La Soukra,2 200 TND,,,,,,,1.0,1.0,1.0,,Appartement,Bon état,36.883333,10.25,1.0,3.0,,,,,,,,,,,,,,,,,,,,,,,,,,3.0,,,,,
https://www.mubawab.tn/fr/a/8045306/s1-meubl%C3%A9-%C3%A0-ain-zaghouan-nord-mal0940,S1 meublé à Ain Zaghouan Nord MAL0940,Ain Zaghouan Nord à La Marsa,2 000 TND,,,1.0,1.0,,1.0,1.0,1.0,1.0,,Appartement,Bon état,36.876389,10.325278,1.0,,,,,,,,,,,,,,,,,,,,,,,,,,,,,,,,
https://www.mubawab.tn/fr/a/8045632/appartement-luxe-meuble-s3-marsa-ville,Appartement luxe meuble s3 marsa ville,La Marsa à La Marsa,2 500 TND,200.0,4.0,,,,1.0,1.0,1.0,1.0,1.0,Appartement,Nouveau,36.876389,10.325278,,3.0,,,1.0,,1.0,1.0,1.0,1.0,1.0,1.0,1.0,1.0,1.0,1.0,1.0,,5-10 ans,Marbre,1.0,,,,,2ème,,2.0,,1.0,,,
https://www.mubawab.tn/fr/a/8045616/location-d-un-appartement-%C3%A0-sousse-jaouhara-1-belle-chambre-bien-meubl%C3%A9-,Location d'un appartement à Sousse Jaouhara. 1 belle chambre. Bien meublé.,Sousse Jaouhara à Sousse Jaouhara,900 TND,65.0,,1.0,1.0,,1.0,1.0,1.0,1.0,1.0,Appartement,Bon état,35.83094537745928,10.626410509370524,1.0,,,,,,1.0,1.0,1.0,1.0,1.0,,1.0,1.0,1.0,1.0,1.0,,5-10 ans,Marbre,,1.0,,1.0,1.0,2ème,Nord,,,,,,
https://www.mubawab.tn/fr/a/8045581/appartement-%C3%A0-louer-courtes-dur%C3%A9es-%C3%A0-chott-mariem,Appartement à louer courtes durées à chott Mariem,Chott Meriem à Akouda,Prix à consulter,60.0,5.0,,1.0,,,1.0,,,,Appartement,Bon état,35.87,10.57,,2.0,,,1.0,,,,,,,,,,,,,,,,,,,,,,,,1.0,,,,
https://www.mubawab.tn/fr/a/8045567/appartement-en-s2-au-rdc-%C3%A0-louer-%C3%A0-hammamet,Appartement en S2 au RDC à louer à Hammamet,Hammamet à Hammamet,700 TND,,5.0,,1.0,,,1.0,,1.0,,Appartement,Bon état,36.40108,10.61457,,2.0,,,1.0,,,,,,,1.0,,,,,,,,,,,,,,,,,,,,,
https://www.mubawab.tn/fr/a/8045525/a-louer-appartement-s2-au-centre-ville-tunis,A louer appartement S2 au centre ville Tunis,République à Tunis,950 TND,80.0,3.0,,1.0,,,,,,1.0,Appartement,Bon état,36.7951043734245,10.183183292983175,,2.0,,,,,,,,,,,,,,,,,,,,,,,,1er,,,,,,,
https://www.mubawab.tn/fr/a/8045255/appartement-s3-au-lac-2,Appartement S3 au Lac 2,Les Berges Du Lac 2 à La Marsa,2 700 TND,,4.0,,,,,1.0,1.0,1.0,,Appartement,Bon état,36.876389,10.325278,,3.0,,,1.0,,1.0,1.0,1.0,1.0,1.0,1.0,1.0,,,,1.0,1.0,1-5 ans,Carrelage,1.0,,,,,1er,,2.0,,,,,
https://www.mubawab.tn/fr/a/8045036/location-s2-jardin-de-carthage,Location s2 jardin de Carthage,Les Jardins de Carthage à Le Kram,1 700 TND,140.0,,,,,,1.0,1.0,1.0,,Appartement,Bon état,36.855570400000005,10.291834,1.0,2.0,,,,,,,,1.0,1.0,1.0,,,,,,,,,,1.0,,,,,,2.0,,,,,
https://www.mubawab.tn/fr/a/8045021/location-appartement-s1-meubl%C3%A9,Location appartement s1 meublé,Les Jardins de Carthage à Le Kram,1 800 TND,70.0,,1.0,1.0,,,1.0,1.0,1.0,,Appartement,Bon état,36.8555704,10.291834,1.0,,,,,,,,,1.0,1.0,1.0,,,,,,,,,1.0,1.0,,,,,,,,,,,
https://www.mubawab.tn/fr/a/7991961/penthouse-s3-%C3%A0-louer-%C3%A0-gammarth,Penthouse S3 à Louer à Gammarth,Gammarth à La Marsa,Prix à consulter,,6.0,,,,,1.0,1.0,1.0,,Appartement,Nouveau,36.876389,10.325278,,3.0,,,1.0,,1.0,,1.0,1.0,1.0,1.0,,1.0,,1.0,1.0,1.0,1-5 ans,Marbre,1.0,1.0,,,,,,3.0,1.0,1.0,,,
https://www.mubawab.tn/fr/a/8043854/s1-neuf,S1 neuf,Chotrana 3 à La Soukra,1 200 TND,55.0,,1.0,1.0,,,1.0,1.0,1.0,,Appartement,Nouveau,36.883333,10.25,1.0,,,,1.0,,,,,1.0,1.0,1.0,,,,,,,Moins d'un an,,1.0,,,,,,,,,,,,
https://www.mubawab.tn/fr/a/8043831/a-louer-un-appartement-s1-meubl%C3%A9-%C3%A0-la-marsa,A louer un appartement S1 meublé à La Marsa,La Marsa à La Marsa,1 900 TND,,,,,,1.0,,,1.0,,Appartement,,36.8941992,10.2762232,,2.0,,,1.0,,,,,1.0,,,,,,,,,,,1.0,,,,,,,,,,,,
https://www.mubawab.tn/fr/a/7958308/duplex-meubl%C3%A9-avec-vue-sur-mer,Duplex meublé avec vue sur mer,Le Kram à Le Kram,3 000 TND,120.0,3.0,,,,1.0,1.0,1.0,1.0,1.0,Appartement,Bon état,36.833333,10.316667,,4.0,,,1.0,1.0,,1.0,,,,,1.0,1.0,1.0,,,,,,,,,,,,,2.0,,,,,
https://www.mubawab.tn/fr/a/8032208/un-appartement-s3-%C3%A0-la-marsa,Un appartement S3 à la Marsa,La Marsa à La Marsa,1 800 TND,180.0,,,,,,1.0,1.0,1.0,,Appartement,Bon état,36.8941992,10.2762232,1.0,3.0,,,1.0,,1.0,,,1.0,,,,,,,,,,,1.0,,,,,,,2.0,,,,,
https://www.mubawab.tn/fr/a/8043382/location-appartement-s3-marsa,Location Appartement S3 Marsa,Cité El Khalil à La Marsa,1 500 TND,130.0,3.0,,,,,1.0,1.0,,,Appartement,Bon état,36.876389,10.325278,,3.0,,,1.0,,,,1.0,,,,,1.0,,,,,5-10 ans,Carrelage,,,,,,,,2.0,,,,,
https://www.mubawab.tn/fr/a/8043290/un-appartement-s3-meubl%C3%A9-ou-vide,UN appartement s3 meublé ou vide,Les Berges Du Lac 1 à La Marsa,2 200 TND,140.0,3.0,,1.0,,,,,,,Appartement,Bon état,36.876389,10.325278,,3.0,,,1.0,,,,,,,,,,,,,,10-20 ans,Marbre,1.0,1.0,,,,2ème,,,,,,,
https://www.mubawab.tn/fr/a/8043200/s1-neuf-%C3%A0-la-marsa,S1 Neuf à La Marsa,Ain Zaghouan Nord à La Marsa,2 200 TND,,2.0,1.0,1.0,,1.0,1.0,1.0,1.0,,Appartement,Nouveau,36.876389,10.325278,,,,,,,1.0,1.0,1.0,,1.0,1.0,1.0,1.0,1.0,,,,Moins d'un an,Marbre,1.0,1.0,,1.0,,,,,,,,,
https://www.mubawab.tn/fr/a/8026524/a-louer-un-s3-%C3%A0-ennasr-1,A louer un S3 à Ennasr 1,Cité Ennasr 1 à Ariana Ville,1 600 TND,160.0,3.0,,,,,1.0,1.0,1.0,,Appartement,Nouveau,36.8625,10.19556,,3.0,,,1.0,,,,,,,,,,,,,,,,,,,,,,,2.0,,,,,
https://www.mubawab.tn/fr/a/8022414/a-louer-un-bureau-%C3%A0-ennasr-1,A louer un bureau à ENNASR 1,Cité Ennasr 1 à Ariana Ville,1 700 TND,70.0,3.0,,1.0,,,1.0,1.0,,,Appartement,Nouveau,36.8625,10.19556,,2.0,,,1.0,,,,,,,,,,,,,,,,,1.0,,,,,,,,,,,
https://www.mubawab.tn/fr/a/7974290/location-appartement-s3-meubl%C3%A9-au-lac-2,Location Appartement S3 Meublé au Lac 2,Les Berges Du Lac 2 à La Marsa,5 500 TND,170.0,5.0,,,,1.0,1.0,1.0,1.0,1.0,Appartement,Bon état,36.876389,10.325278,,3.0,,,,,,1.0,1.0,1.0,1.0,1.0,1.0,1.0,1.0,1.0,,,1-5 ans,Marbre,1.0,1.0,,1.0,1.0,2ème,Est,3.0,,,,,
https://www.mubawab.tn/fr/a/8019235/appartement-s1-au-berges-du-lac-1,Appartement S1 au berges du lac 1,Les Berges Du Lac 1 à La Marsa,1 600 TND,70.0,2.0,1.0,1.0,,1.0,1.0,1.0,1.0,1.0,Appartement,Nouveau,36.8355152,10.2241758,,,,,,,1.0,1.0,1.0,1.0,1.0,1.0,1.0,1.0,1.0,1.0,1.0,,Moins d'un an,Marbre,,,,1.0,,1er,Est,,,,,,
https://www.mubawab.tn/fr/a/8023911/appartement-s1-meubl%C3%A9-%C3%A0-la-marsa,Appartement S1 meublé à la Marsa,Cité Du Stade à La Marsa,2 000 TND,74.0,2.0,1.0,1.0,,1.0,1.0,1.0,1.0,1.0,Appartement,Nouveau,36.876389,10.325278,,,,,1.0,,1.0,1.0,1.0,1.0,1.0,1.0,1.0,1.0,1.0,1.0,1.0,,Moins d'un an,Marbre,1.0,1.0,,1.0,,2ème,Est,,,,,,
https://www.mubawab.tn/fr/a/8032206/un-appartement-s2-vue-sur-mer-%C3%A0-la-marsa-plage,Un appartement S2 vue sur mer à la Marsa plage,La Marsa à La Marsa,5 000 TND,150.0,,,,,1.0,1.0,1.0,1.0,1.0,Appartement,Nouveau,36.8941992,10.2762232,1.0,2.0,,,1.0,1.0,1.0,1.0,,1.0,1.0,1.0,1.0,1.0,1.0,1.0,1.0,,,,,,,,1.0,,,2.0,,,,,
https://www.mubawab.tn/fr/a/7986300/appartement-s2-nour-jaafar,Appartement S2 Nour Jaafar,Cité Jaafar à Ariana Ville,550 TND,80.0,3.0,,1.0,,,,,1.0,,Appartement,Bon état,36.8625,10.19556,,2.0,,,1.0,,,,,1.0,,,,,,,,1.0,5-10 ans,Carrelage,1.0,1.0,,1.0,,2ème,Ouest,,,,,,
https://www.mubawab.tn/fr/a/7586190/a-louer-s2-haut-standing-cit%C3%A9-ennasr-2,A louer S2 haut standing Cité Ennasr 2,Cité Ennasr 2 à Ariana Ville,1 400 TND,120.0,3.0,,,,,1.0,1.0,1.0,,Appartement,Nouveau,36.8625,10.19556,,2.0,,,,,,,,,,,,,,,,,,,,1.0,,,,2ème,,2.0,,,,,
https://www.mubawab.tn/fr/a/7847228/appartement-en-s2-%C3%A0-louer-%C3%A0-hammamet-nord,Appartement en S2 à louer à Hammamet Nord,Hammamet Nord à Hammamet,1 200 TND,,5.0,,1.0,,1.0,1.0,1.0,1.0,1.0,Appartement,Bon état,36.40108,10.61457,,2.0,,,,,,1.0,,,,,1.0,1.0,1.0,1.0,,,,,,,,,,,,,,,,,
https://www.mubawab.tn/fr/a/8042298/a-louer-un-appartement-en-s3-%C3%A0-la-marsa-r%C3%A9f-60-a,A louer un appartement en s3 à la Marsa réf 60 a,Bhar Lazreg à La Marsa,2 000 TND,,3.0,,1.0,,,,1.0,1.0,,Appartement,Nouveau,36.876389,10.325278,,4.0,,,,,,,,,,,,,,,,,,,,,,,,,,,,,,,
https://www.mubawab.tn/fr/a/8042209/a-louer-app-s2-%C3%A0-la-r%C3%A9sidence-les-dunes,A louer App S2 à la résidence les Dunes,Tantana,1 500 TND,110.0,3.0,,1.0,1.0,,1.0,1.0,1.0,1.0,Appartement,Nouveau,35.94312,10.52022,,2.0,,,,,,,,1.0,,,1.0,1.0,1.0,,1.0,,,,,1.0,,1.0,,,,,1.0,,,,
https://www.mubawab.tn/fr/a/8039241/appartement-s2-avec-vue-d%C3%A9gag%C3%A9e-aux-jardins-de-carthage,Appartement S2 avec vue dégagée aux jardins de Carthage,Les Jardins de Carthage à Le Kram,2 000 TND,130.0,3.0,,,,,,,1.0,,Appartement,Bon état,36.833333,10.316667,,3.0,,,1.0,,,,,1.0,,,,,,,,,,,1.0,,,,,,,2.0,,,,,
https://www.mubawab.tn/fr/a/8029714/location-d-un-appartement-s6-%C3%A0-sidi-bou-said,Location d'un appartement S6 à Sidi bou said,Sidi Bousaid à Carthage,5 000 TND,250.0,8.0,,,,,,,,,Appartement,Nouveau,36.8566,10.3258,,6.0,,,1.0,,,,,,,,,,,,,,,,,,,,,,,2.0,,,,,
https://www.mubawab.tn/fr/a/8031895/location-d-un-appartement-s1-meubl%C3%A9-%C3%A0-la-marsa,Location d'un appartement S1 meublé à la marsa,La Marsa à La Marsa,2 200 TND,60.0,,1.0,1.0,,,,,1.0,,Appartement,Nouveau,36.876389,10.325278,1.0,,,,1.0,,,,,,,,,,,,,,,,,,,,,,,,,,,,
https://www.mubawab.tn/fr/a/8039841/appartement-s2-moderne-%C3%A0-azn,Appartement S2 moderne à AZN,Ain Zaghouan Nord à La Marsa,2 200 TND,,3.0,,,,,1.0,1.0,1.0,,Appartement,Bon état,36.876389,10.325278,,2.0,,,1.0,,1.0,1.0,1.0,1.0,1.0,1.0,1.0,1.0,,,1.0,1.0,1-5 ans,Carrelage,,1.0,,1.0,,3ème,,2.0,,,,,
https://www.mubawab.tn/fr/a/7794250/a-louer-s3-jardin-d-el-menzah-2-vide-ou-meubl%C3%A9,A louer S3 jardin d'el menzah 2 vide ou meublé,Les Jardins d'El Menzah 2 à Ariana Ville,1 300 TND,155.0,4.0,,1.0,,,1.0,1.0,1.0,,Appartement,Nouveau,36.8625,10.19556,,3.0,,,1.0,,1.0,,,1.0,1.0,1.0,,1.0,,1.0,,,Moins d'un an,Marbre,,,,,1.0,1er,Nord,,,,,,
https://www.mubawab.tn/fr/a/8041579/appartement-s2-meubl%C3%A9-avec-vue-d%C3%A9gag%C3%A9e-gammarth,"Appartement S2 meublé avec vue dégagée, Gammarth",Gammarth Supérieur à La Marsa,1 900 TND,130.0,3.0,,,,1.0,1.0,1.0,1.0,1.0,Appartement,Bon état,36.876389,10.325278,,2.0,,,,,,1.0,,,,,1.0,1.0,1.0,1.0,,,,,1.0,,1.0,1.0,,1er,,2.0,,,,,
https://www.mubawab.tn/fr/a/7901458/appartement-s2-avec-terrasse-a-la-marsa,Appartement S2 avec terrasse a la Marsa,La Marsa à La Marsa,2 500 TND,110.0,,,,,,1.0,1.0,,,Appartement,,36.8941992,10.2762232,,3.0,,,1.0,,,,,,,,,,,,,,,,1.0,,,,,,,,,,,,
https://www.mubawab.tn/fr/a/8002224/rdc-avec-jardin-%C3%A0-hammamet,RDC avec jardin à Hammamet,Hammamet à Hammamet,2 000 TND,,7.0,,,1.0,1.0,1.0,1.0,1.0,1.0,Appartement,Bon état,36.40108,10.61457,,2.0,,,1.0,,,,,,,,1.0,1.0,1.0,1.0,,,,,,,,,,,,2.0,,1.0,,,
https://www.mubawab.tn/fr/a/8028922/appartement-coup-de-coeur-avec-terrasse-%C3%A0-sidi-bou,Appartement coup de coeur avec terrasse à Sidi Bou,Sidi Bousaid à Carthage,5 000 TND,145.0,3.0,,1.0,,,,,,,Appartement,Nouveau,36.8566,10.3258,,4.0,,,1.0,,,,,,,,,,,,,,,,,,,,,,,,,,,,
https://www.mubawab.tn/fr/a/8041252/s2-en-location,S2 en location,Ksar Hellal,330 TND,75.0,,,,,,,,,,Appartement,,35.65,10.9,,,,,1.0,,,,,,,,,,,,,,,,,,,,,,,,,,,,
https://www.mubawab.tn/fr/a/8041074/location-appartement-nesswas-s3,Location Appartement Nesswas s3,Hammamet Nord à Hammamet,1 400 TND,250.0,4.0,,,,1.0,1.0,1.0,,,Appartement,Nouveau,36.40108,10.61457,,2.0,,,1.0,,,,1.0,,,,1.0,,1.0,,,,,,,,,,,1er,,2.0,,,,,
https://www.mubawab.tn/fr/a/8040942/rare-s2-vue-sur-mer,Rare s2 Vue sur mer,El Maamoura,Prix à consulter,85.0,3.0,,1.0,,1.0,,,1.0,,Appartement,Nouveau,36.46418054685476,10.81105276011671,,2.0,,,1.0,1.0,1.0,,,,,,1.0,,1.0,,,1.0,1-5 ans,Marbre,,,,,1.0,2ème,Nord,,,,,,
https://www.mubawab.tn/fr/a/8032382/appartement-s2-%C3%A0-louer-aux-jardins-de-carthage,Appartement S2 à louer aux Jardins de Carthage,Les Jardins de Carthage à Le Kram,1 800 TND,145.0,2.0,,1.0,,,,,,,Appartement,Bon état,36.8555704,10.291834,,2.0,,,,,,,,1.0,,,,1.0,,,,,,,1.0,,,,,,,,,,,,
https://www.mubawab.tn/fr/a/8008276/s1-meubl%C3%A9-au-c%C5%93ur-de-marsa-plage,S1 Meublé Au cœur de Marsa Plage,Sidi Bousaid à Carthage,1 800 TND,80.0,,1.0,1.0,,1.0,1.0,,1.0,1.0,Appartement,Bon état,36.884545751528,10.331589923028748,,,,,1.0,,,,,1.0,,,1.0,1.0,1.0,1.0,,,20-30 ans,Marbre,,1.0,,1.0,,2ème,Est,,,,,,
https://www.mubawab.tn/fr/a/7752270/s4-tr%C3%A8s-haut-standing-%C3%A0-la-marsa-1608,S4 très haut standing à La Marsa 1608,La Marsa à La Marsa,3 250 TND,200.0,5.0,,,,,1.0,1.0,1.0,,Appartement,Bon état,36.876987774994376,10.309148494730838,,4.0,,,,,,,,,1.0,1.0,,,,,,,1-5 ans,,,1.0,,1.0,,,,3.0,,,,,
https://www.mubawab.tn/fr/a/7830948/s2-suites-meubl%C3%A9-au-lac-2-ref1811,S2 suites meublé au Lac 2 Ref1811,Les Berges Du Lac 2 à La Marsa,5 000 TND,110.0,3.0,,,,1.0,1.0,1.0,1.0,,Appartement,Nouveau,36.84504419804159,10.271613541793304,,2.0,,,,,,,,,1.0,,,,,,,,1-5 ans,,,1.0,,1.0,,,,2.0,,,,,
https://www.mubawab.tn/fr/a/7993781/grand-s3-au-1er-etage,Grand S3 Au 1er Etage,Cité El Khalil à La Marsa,500 000 TND,200.0,4.0,,,,,1.0,1.0,1.0,,Appartement,Bon état,36.876389,10.325278,,2.0,,,1.0,,,,,,,,,,,,,,5-10 ans,Marbre,,,,,,,,2.0,,,,,
https://www.mubawab.tn/fr/a/8026815/s3-meubl%C3%A9-%C3%A0-la-cit%C3%A9-du-stade,S3 Meublé à la Cité du stade,Cité Du Stade à La Marsa,2 200 TND,120.0,4.0,,1.0,,,1.0,1.0,1.0,1.0,Appartement,Bon état,36.876389,10.325278,,3.0,,,1.0,,,,,,,,1.0,1.0,1.0,1.0,1.0,1.0,20-30 ans,,1.0,,,,,,,,,,,,
https://www.mubawab.tn/fr/a/8036865/loft-s1-meubl%C3%A9-charges-incluses,Loft S1 Meublé Charges incluses,Gammarth Supérieur à La Marsa,5 000 TND,70.0,2.0,1.0,1.0,1.0,1.0,1.0,1.0,1.0,1.0,Appartement,Bon état,36.876389,10.325278,,,,,1.0,1.0,,,,1.0,1.0,,1.0,1.0,1.0,1.0,1.0,,10-20 ans,Marbre,1.0,,1.0,1.0,,,,,1.0,,,,
https://www.mubawab.tn/fr/a/7752276/s1-meubl%C3%A9-%C3%A0-marsa-ville,S1 meublé à Marsa Ville,La Marsa à La Marsa,1 800 TND,90.0,2.0,1.0,1.0,,1.0,1.0,1.0,1.0,1.0,Appartement,Bon état,36.880387819131,10.327730402461814,,,,,,,,,,,,,1.0,1.0,1.0,1.0,1.0,,1-5 ans,,,,,,,,,,,,,,
https://www.mubawab.tn/fr/a/8037026/s3-meubl%C3%A9-vue-sur-mer,S3 Meublé Vue sur Mer,La Marsa à La Marsa,5 250 TND,140.0,4.0,,,,1.0,1.0,1.0,1.0,1.0,Appartement,Bon état,36.876389,10.325278,,3.0,,,1.0,1.0,,,,1.0,1.0,,1.0,1.0,1.0,1.0,1.0,,5-10 ans,Marbre,1.0,1.0,,1.0,,1er,,3.0,,,,,
https://www.mubawab.tn/fr/a/8036290/2s1-meubl%C3%A9,2S1 Meublé,Sidi Daoued à La Marsa,1 200 TND,70.0,3.0,1.0,1.0,,1.0,1.0,1.0,1.0,1.0,Appartement,Bon état,36.876389,10.325278,,,,,,,,,,,,,1.0,1.0,1.0,1.0,1.0,,10-20 ans,,,,,,,,,,,,,,
https://www.mubawab.tn/fr/a/7896754/nabeul-proche-de-la-mer,Nabeul proche de la mer,Nabeul à Nabeul,1 800 TND,100.0,4.0,,1.0,,,,,,,Appartement,Bon état,36.45056,10.73505,,2.0,,,,,,,,,,,,,,,,,5-10 ans,Marbre,,,,,,,Est,,,,,,
https://www.mubawab.tn/fr/a/8033802/location-ennasr-s2-meubl%C3%A9-longue-dur%C3%A9e,Location ennasr s2 meublé longue durée,Cité Ennasr 2 à Ariana Ville,1 199 TND,80.0,3.0,,1.0,,,1.0,1.0,1.0,,Appartement,Bon état,36.8625,10.19556,,2.0,,,,,,,,,,,,,,,,,20-30 ans,Marbre,,,,,,1er,Est,,,,,,
https://www.mubawab.tn/fr/a/8040567/a-louer-un-appartement-s2-%C3%A0-jardin-de-carthage,A Louer Un Appartement S2 à Jardin De Carthage,Carthage à Carthage,1 700 TND,,,,,,,1.0,1.0,,,Appartement,,36.8694317,10.3164051,,2.0,,,1.0,,,,,,,,,,,,,,,,,,,,,,,,,,,,
https://www.mubawab.tn/fr/a/8040513/appartement-%C3%A0-louer-carthage-mohamed-ali,Appartement à louer Carthage Mohamed Ali,Cité Mohamed Ali à Carthage,900 TND,80.0,3.0,,1.0,,,1.0,1.0,1.0,,Appartement,Bon état,36.8566,10.3258,,2.0,,,1.0,,,,,1.0,,1.0,,1.0,,,,,5-10 ans,Marbre,1.0,,,1.0,,2ème,Est,,,,,,
https://www.mubawab.tn/fr/a/8040478/a-louer-cit%C3%A9-ennajah-bardo,A louer cité ennajah bardo,Le Bardo à Le Bardo,500 TND,60.0,3.0,,1.0,,,,,,,Appartement,Bon état,36.7969915215091,10.1575124557139,,2.0,,,,,,,,,,,,,,,,,20-30 ans,Marbre,,,,,,3ème,Est,,,,,,
https://www.mubawab.tn/fr/a/8023629/appartement-s1-meubl%C3%A9-avec-terrasse-%C3%A0-gammarth,Appartement S1 meublé avec terrasse à Gammarth,Gammarth à La Marsa,1 900 TND,,2.0,1.0,1.0,,1.0,1.0,1.0,1.0,1.0,Appartement,Bon état,36.876389,10.325278,,,,,1.0,,1.0,1.0,1.0,,1.0,1.0,1.0,1.0,1.0,1.0,1.0,1.0,1-5 ans,Carrelage,,,,,,,,,,,,,
https://www.mubawab.tn/fr/a/8029797/appartement-s2-meubl%C3%A9-%C3%A0-la-marsa,Appartement S2 Meublé à La Marsa,Cité Les Pins à La Marsa,3 000 TND,,3.0,,,,1.0,,,1.0,,Appartement,Bon état,36.876389,10.325278,,2.0,,,1.0,,,,,1.0,,,,,,,,,,,1.0,,,,,,,2.0,,,,,
https://www.mubawab.tn/fr/a/8040022/duplex-meubl%C3%A9-%C3%A0-louer-%C3%A0-chot-mariem,Duplex meublé à louer à chot mariem,Chott Meriem à Akouda,2 000 TND,130.0,3.0,,1.0,,,,,,,Appartement,Nouveau,35.87,10.57,,3.0,,,1.0,,,,,,,,,,,,,,,,,,,,,,,,1.0,,,,
https://www.mubawab.tn/fr/a/8007893/a-louer-un-appartement-s1-meubl%C3%A9-%C3%A0-soukra,A Louer Un Appartement S1 Meublé à Soukra,La Soukra à La Soukra,850 TND,50.0,,1.0,1.0,,1.0,1.0,1.0,1.0,1.0,Appartement,Nouveau,36.883333,10.25,1.0,,,,1.0,,,,,1.0,,,1.0,,,,,,,,,,,,,,,,,,,,
https://www.mubawab.tn/fr/a/8005496/s1-a-ennasr,S1 a Ennasr,Cité Ennasr 2 à Ariana Ville,850 TND,70.0,2.0,1.0,1.0,,,,1.0,1.0,,Appartement,Bon état,36.8625,10.19556,,,,,,,,,,,,1.0,,,,,,,5-10 ans,Marbre,,1.0,,1.0,1.0,4ème,,,,,,,
https://www.mubawab.tn/fr/a/8039867/rdc-avec-jardin-et-garage-%C3%A0-hammamet-location,RDC avec jardin et garage à Hammamet: Location,Hammamet à Hammamet,1 800 TND,,6.0,,,1.0,1.0,1.0,1.0,1.0,1.0,Appartement,Bon état,36.40108,10.61457,,2.0,,,1.0,,,,,,,,1.0,1.0,1.0,1.0,,,,,1.0,,,,,,,2.0,,,,,
https://www.mubawab.tn/fr/a/7497154/a-louer-s2-%C3%A0-la-marsa-vue-sur-mer,A louer s2 à la Marsa vue sur Mer,La Marsa à La Marsa,4 500 TND,140.0,3.0,,,,,1.0,1.0,,,Appartement,Nouveau,36.876389,10.325278,,2.0,,,1.0,1.0,,,,,,,,,,,1.0,,1-5 ans,Marbre,,,,,,,,2.0,,,,,
https://www.mubawab.tn/fr/a/8039703/un-appartement-s1meubl%C3%A9-la-marsa,Un appartement S1meublé la marsa,Bhar Lazreg à La Marsa,1 100 TND,65.0,2.0,1.0,1.0,,1.0,1.0,1.0,1.0,1.0,Appartement,Bon état,36.87311236159236,10.299776541728813,,,,,1.0,,,1.0,,1.0,,,1.0,1.0,1.0,,,,5-10 ans,Marbre,,1.0,,1.0,1.0,4ème,Sud,,,,,,
https://www.mubawab.tn/fr/a/8039612/un-appartement-s2-avec-jardin-%C3%A0-la-marsa,Un appartement S2 avec jardin à la Marsa,La Marsa à La Marsa,1 900 TND,100.0,,,1.0,1.0,1.0,1.0,1.0,1.0,,Appartement,Bon état,36.8941992,10.2762232,1.0,2.0,,,1.0,,,1.0,,1.0,,,1.0,,,,,,,,,,,,,,,,,,,,
https://www.mubawab.tn/fr/a/7794185/location-appartement-s2meubl%C3%A9-les-berges-du-lac2,Location Appartement S2meublé Les Berges du Lac2,Les Berges Du Lac 2 à La Marsa,3 000 TND,95.0,3.0,,1.0,,1.0,1.0,1.0,1.0,1.0,Appartement,Nouveau,36.876389,10.325278,,2.0,,,1.0,,,,,1.0,1.0,1.0,1.0,1.0,1.0,,,,1-5 ans,Marbre,1.0,1.0,,1.0,,3ème,,,,,,,
https://www.mubawab.tn/fr/a/8034612/location-appartement-s2-hs-jardins-de-carthage,Location Appartement S2 HS Jardins de Carthage,Les Jardins de Carthage à Le Kram,2 400 TND,112.0,3.0,,1.0,,,1.0,1.0,1.0,,Appartement,Nouveau,36.8555704,10.291834,,2.0,,,1.0,,,,,1.0,1.0,1.0,,1.0,,,,,Moins d'un an,Marbre,1.0,1.0,,1.0,,2ème,Est,,,,,,
https://www.mubawab.tn/fr/a/8039374/a-louer-un-etage-de-villa-%C3%A0-mutuelle-ville,A louer Un Etage de Villa à Mutuelle Ville,Mutuelle Ville à El Menzah,4 200 TND,200.0,5.0,,1.0,,,,,1.0,,Appartement,Nouveau,36.845235,10.164723,,5.0,,,,,,,,,,,,,,,,,,,,,,,,,,,,,,,
https://www.mubawab.tn/fr/a/8039352/a-louer-appartement-s1-%C3%A0-jardin-d-el-menzah,A Louer Appartement S1 à Jardin d'el Menzah,Les Jardins d'El Menzah 2 à Ariana Ville,1 000 TND,85.0,,1.0,1.0,,,1.0,1.0,,,Appartement,Nouveau,36.8625,10.19556,1.0,,,,,,,,,,,,,,,,,,,,,,,,,,,,,,,,
https://www.mubawab.tn/fr/a/8039313/location-s3-jardin-de-carthage,Location s3 jardin de Carthage,Les Jardins de Carthage à Le Kram,2 700 TND,160.0,,,,,,1.0,1.0,1.0,,Appartement,Bon état,36.8555704,10.291834,1.0,3.0,,,,,,,,,,,,,,,,,,,1.0,1.0,,1.0,,,,3.0,,,,,
https://www.mubawab.tn/fr/a/8039296/a-louer-un-appartement-en-s1-meubl%C3%A9,A louer un appartement en S1 meublé,La Marsa à La Marsa,3 500 TND,,,1.0,1.0,,,,1.0,,,Appartement,Nouveau,36.876389,10.325278,1.0,,,,,,,,,,,,,,,,,,,,,,,,,,,,,,,,
https://www.mubawab.tn/fr/a/8039283/appartement-s2-%C3%A0-riadh-l-andalous,Appartement S2 à Riadh l'andalous,Riadh al Andalous à Ariana Ville,900 TND,100.0,3.0,,1.0,,,,1.0,1.0,,Appartement,Nouveau,36.8625,10.19556,,2.0,,,1.0,,1.0,,,,1.0,1.0,,,,,,,Moins d'un an,,,,,,1.0,2ème,,,,,,,
https://www.mubawab.tn/fr/a/8036465/%C3%A0-louer-un-bel-appartement-s1-%C3%A0-chotrana-3,À louer un bel appartement S1 à Chotrana 3,Chotrana 3 à La Soukra,1 200 TND,60.0,,1.0,1.0,,,1.0,1.0,1.0,,Appartement,Nouveau,36.883333,10.25,1.0,,,,1.0,,,,,1.0,1.0,1.0,,,,,,,,,1.0,1.0,,1.0,,,,,,,,,
https://www.mubawab.tn/fr/a/8038776/%C3%A0-louer-un-joli-appartement-s2-%C3%A0-la-soukra,À louer un joli appartement s2 à la soukra,La Soukra à La Soukra,1 900 TND,121.0,2.0,,1.0,1.0,,1.0,1.0,1.0,,Appartement,Bon état,36.883333,10.25,,2.0,,,1.0,,,,,1.0,1.0,1.0,,,,,,,,,1.0,1.0,,1.0,,,,,,,,,
https://www.mubawab.tn/fr/a/8025507/%C3%A0-louer-un-bel-appartement-%C3%A0-la-soukra,À louer un bel appartement à la soukra,Chotrana 3 à La Soukra,2 800 TND,160.0,3.0,,,,,1.0,1.0,1.0,,Appartement,Nouveau,36.883333,10.25,,3.0,,,1.0,,1.0,,,1.0,1.0,1.0,,,,,,,,,1.0,1.0,1.0,1.0,,,,3.0,,1.0,,,
https://www.mubawab.tn/fr/a/8032761/loft-s1-%C3%A0-louer-au-lac-2,Loft S1 à Louer au Lac 2,Les Berges Du Lac 2 à La Marsa,2 200 TND,,3.0,1.0,,,1.0,1.0,1.0,1.0,,Appartement,Bon état,36.876389,10.325278,,,,,1.0,,1.0,1.0,1.0,1.0,1.0,1.0,1.0,1.0,1.0,1.0,1.0,1.0,Moins d'un an,Marbre,,1.0,,,,,,2.0,,,,,
https://www.mubawab.tn/fr/a/8036183/a-louer-un-appartement-s2-%C3%A0-jardin-de-l-aouina,A Louer Un Appartement S2 à Jardin De L'Aouina,Aouina à La Marsa,1 250 TND,110.0,2.0,,1.0,1.0,,1.0,1.0,,,Appartement,Nouveau,36.876389,10.325278,,2.0,,,1.0,,,,,,,,,,,,,,,,1.0,,,,,,,,,,,,
https://www.mubawab.tn/fr/a/7960788/a-louer-s2-meubl%C3%A9-haut-standing-au-menzah-9c,A louer S2 meublé haut standing au Menzah 9C,El Menzah 9 à El Menzah,2 000 TND,105.0,3.0,,1.0,,1.0,1.0,1.0,1.0,1.0,Appartement,Bon état,36.84826370000001,10.1410889,,2.0,,,,,,,,,,,1.0,1.0,1.0,1.0,,,,,,1.0,,,,,,,,,,,
https://www.mubawab.tn/fr/a/8039043/appartement-s3-meubl%C3%A9-gammarth-sup%C3%A9rieur,"Appartement S3 meublé, Gammarth supérieur",Gammarth Supérieur à La Marsa,2 100 TND,180.0,4.0,,,,1.0,1.0,1.0,1.0,1.0,Appartement,Bon état,36.876389,10.325278,,3.0,,,,,,,,,,,1.0,1.0,1.0,1.0,,,,Marbre,,,,1.0,,1er,Nord,2.0,,,,,
https://www.mubawab.tn/fr/a/8027269/location-appartement-syrine,Location Appartement Syrine,Hammamet Nord à Hammamet,1 800 TND,145.0,4.0,,1.0,,1.0,1.0,1.0,1.0,1.0,Appartement,Nouveau,36.40108,10.61457,,3.0,,,1.0,1.0,,1.0,1.0,1.0,1.0,1.0,1.0,1.0,1.0,1.0,,,Moins d'un an,Marbre,,,,1.0,,2ème,Nord,,,,,,
https://www.mubawab.tn/fr/a/8013007/studio-bien-situ%C3%A9-%C3%A0-la-nouvelle-soukra,Studio bien situé à la nouvelle soukra,Cité Les Pins à La Marsa,1 050 TND,55.0,,1.0,1.0,,,1.0,1.0,1.0,,Appartement,Nouveau,36.86475161347338,10.26895135237438,,,,,1.0,,,,1.0,1.0,,,,,,,,,Moins d'un an,Marbre,1.0,1.0,,1.0,,5ème,Ouest,,,,,,
https://www.mubawab.tn/fr/a/8038919/appartement-en-location-%C3%A0-hammamet-nord-1-chambre-meubl%C3%A9,Appartement en location à Hammamet Nord. 1 chambre. Meublé,Hammamet Nord à Hammamet,120 TND,70.0,,1.0,1.0,,1.0,1.0,1.0,1.0,1.0,Appartement,Nouveau,36.49027140068859,10.548242187500014,,,,,,1.0,1.0,1.0,1.0,1.0,1.0,1.0,1.0,1.0,1.0,,,,1-5 ans,Marbre,,1.0,1.0,1.0,,4ème,Nord,,1.0,,,,
https://www.mubawab.tn/fr/a/7773540/appartement-%C3%A0-louer-par-nuit%C3%A9e-%C3%A0-hammamet-nord-mrezga-afh2,Appartement à louer par nuitée à Hammamet nord mrezga AFH2,Hammamet Nord à Hammamet,140 TND,70.0,,1.0,1.0,,1.0,1.0,1.0,1.0,1.0,Appartement,Nouveau,36.43515613942464,10.692234410333963,,,,,1.0,1.0,,1.0,1.0,1.0,1.0,1.0,1.0,1.0,1.0,,,,1-5 ans,Marbre,,1.0,,1.0,,4ème,Ouest,,1.0,,,,
https://www.mubawab.tn/fr/a/8038843/beau-duplex-s4-avec-une-vue-imprenable,Beau duplex S4 avec une vue imprenable,Gammarth à La Marsa,Prix à consulter,150.0,5.0,,,,1.0,1.0,1.0,1.0,,Appartement,Bon état,36.87638900000003,10.325278,,4.0,,,1.0,1.0,,,,,,,,,,,,,,,,,,1.0,,,,4.0,,,,,
https://www.mubawab.tn/fr/a/8038838/s3-aux-jardins-de-carthage,S3 aux jardins de Carthage,Les Jardins de Carthage à Le Kram,2 300 TND,185.0,4.0,,,,,,,,,Appartement,Bon état,36.8555704,10.291834,,3.0,,,,,,,,,,,,,,,,,1-5 ans,Marbre,,1.0,,,,2ème,Est,3.0,,,,,
https://www.mubawab.tn/fr/a/8038828/appartement-a-louer-%C3%A0-el-menzah-8,Appartement a louer à el menzah 8,El Menzah 8 à Ariana Ville,1 400 TND,200.0,5.0,,,,,1.0,1.0,,,Appartement,Bon état,36.8625,10.19556,,4.0,,,,,,,,,,,,,,,,,,,,,,,,1er,,2.0,,,,,
https://www.mubawab.tn/fr/a/8038811/appartement-s3-meubl%C3%A9,Appartement S3 meublé,La Marsa à La Marsa,2 800 TND,150.0,4.0,,,,1.0,1.0,1.0,1.0,,Appartement,Bon état,36.87638900000003,10.325278,,3.0,,,1.0,,,,,1.0,,,,1.0,,,,,,,1.0,1.0,,1.0,,,,3.0,,,,,
https://www.mubawab.tn/fr/a/8026307/appartement-en-s2-%C3%A0-louer-%C3%A0-hammamet,Appartement en S2 à louer à Hammamet,Hammamet à Hammamet,1 300 TND,,5.0,,1.0,,1.0,1.0,1.0,1.0,,Appartement,Bon état,36.40108,10.61457,,2.0,,,1.0,,,,,,,1.0,1.0,1.0,1.0,,,,,,,,,,,,,,,,,,
https://www.mubawab.tn/fr/a/8017730/rdc-avec-piscine-et-abri-%C3%A0-louer-hammamet,RDC avec piscine et abri à louer Hammamet,Hammamet Sud à Hammamet,2 500 TND,,5.0,,1.0,,1.0,1.0,1.0,1.0,1.0,Appartement,Nouveau,36.40108,10.61457,,2.0,,,1.0,,,1.0,1.0,1.0,,1.0,1.0,1.0,1.0,1.0,,,,,1.0,,,,,,,,1.0,,,,
https://www.mubawab.tn/fr/a/8018100/appartement-s1-%C3%A0-louer-%C3%A0-hammamet,Appartement S1 à louer à Hammamet,Hammamet Sud à Hammamet,1 750 TND,,4.0,1.0,1.0,,1.0,1.0,1.0,1.0,1.0,Appartement,Nouveau,36.40108,10.61457,,,,,1.0,,1.0,,,,1.0,1.0,1.0,1.0,1.0,,,,,,,,,,,,,,,,,,
https://www.mubawab.tn/fr/a/7715628/location-appartement-s2-meubl%C3%A9-lac-1,Location Appartement S2 meublé Lac 1,Les Berges Du Lac 1 à La Marsa,3 000 TND,150.0,3.0,,,,1.0,1.0,1.0,1.0,1.0,Appartement,Bon état,36.876389,10.325278,,2.0,,,,,,,,,1.0,1.0,1.0,1.0,1.0,,,,10-20 ans,Marbre,1.0,1.0,,1.0,,1er,,2.0,,,,,
https://www.mubawab.tn/fr/a/8038266/appartement-s3-avec-jardin-aux-jardin-d-el-menzah,Appartement s3 avec jardin aux jardin d'el menzah,Les Jardins d'El Menzah 2 à Ariana Ville,1 300 TND,130.0,4.0,,,1.0,,1.0,1.0,1.0,,Appartement,Nouveau,36.859673,10.134291,,3.0,,,1.0,,1.0,,,1.0,1.0,1.0,,,,,,,Moins d'un an,Parquet,,1.0,,1.0,1.0,,,2.0,,,,,
https://www.mubawab.tn/fr/a/8038653/a-louer-meubl%C3%A9,A louer meublé,Cité Ennasr 1 à Ariana Ville,3 000 TND,,,,,,1.0,1.0,1.0,1.0,,Appartement,Bon état,36.8625,10.19556,1.0,3.0,,,1.0,,,,,1.0,,,,,,,,,1-5 ans,,,1.0,,1.0,,6ème,,2.0,,,,,
https://www.mubawab.tn/fr/a/8038633/location-s1-r%C3%A9sidence-skander-manouba,Location S1 résidence Skander Manouba,La Manouba à La Manouba,700 TND,75.0,2.0,1.0,1.0,,,,1.0,,,Appartement,Bon état,36.77855,10.05538,,,,,,,,,,,,,,,,,,,1-5 ans,Marbre,,,,,,,Nord,,,,,,
https://www.mubawab.tn/fr/a/8036249/appartement-%C3%A0-louer-%C3%A0-cit%C3%A9-ennasr-1-3-belles-chambres-terrasse-et-ascenseur-,Appartement à louer à Cité Ennasr 1. 3 belles chambres. Terrasse et ascenseur.,Cité Ennasr 1 à Ariana Ville,2 200 TND,,,,,1.0,,,,1.0,,Appartement,Bon état,36.8625,10.19556,1.0,3.0,,,1.0,,,,,1.0,,,,,,,,,1-5 ans,,,1.0,,1.0,,,,2.0,,,,,
https://www.mubawab.tn/fr/a/8038516/rdc-s2-meubl%C3%A9-%C3%A0-sidi-bousaid,RDC S2 meublé à Sidi Bousaid,Sidi Bousaid à Carthage,2 300 TND,,3.0,,1.0,,1.0,,1.0,1.0,1.0,Appartement,Bon état,36.8566,10.3258,,2.0,,,,,1.0,1.0,1.0,,1.0,1.0,1.0,1.0,1.0,,,,1-5 ans,Marbre,,,,,,1er,,,,,,,
https://www.mubawab.tn/fr/a/7895097/s2-meubl%C3%A9-au-rdc-%C3%A0-la-marsa-plage,S2 Meublé au RDC à La Marsa Plage,La Marsa à La Marsa,2 600 TND,,3.0,,,1.0,1.0,1.0,1.0,1.0,1.0,Appartement,Bon état,36.876389,10.325278,,2.0,,,1.0,,1.0,1.0,1.0,,,1.0,1.0,1.0,1.0,1.0,1.0,,1-5 ans,Marbre,1.0,1.0,,1.0,,,,2.0,,,,,
https://www.mubawab.tn/fr/a/8038459/s1-meubl%C3%A9-au-coeur-de-la-marsa,S1 Meublé au coeur de la Marsa,La Marsa à La Marsa,2 000 TND,,2.0,1.0,1.0,,1.0,1.0,1.0,1.0,1.0,Appartement,Bon état,36.876389,10.325278,,,,,,,1.0,1.0,,1.0,1.0,1.0,1.0,1.0,1.0,,,,Moins d'un an,Marbre,1.0,,,1.0,,,,,,,,,
https://www.mubawab.tn/fr/a/8037222/appartement-neuf-au-lac2,Appartement neuf au Lac2,Les Berges Du Lac 2 à La Marsa,4 800 TND,300.0,4.0,,,,,,,1.0,,Appartement,Nouveau,36.876389,10.325278,,5.0,,,1.0,,,,,1.0,,,1.0,1.0,,1.0,,,,,1.0,,,,,,,4.0,,,,,
https://www.mubawab.tn/fr/a/8037947/s2-en-location,S2 en location,Mahdia Ville,600 TND,87.0,,,,,,,,,,Appartement,,35.5044,11.0661,,,,,,,,,,,,,,,,,,,,,,,,,,,,,,,,,
https://www.mubawab.tn/fr/a/8032818/s3-vide-a-louer-%C3%A0-hammamet-centre,S3 vide a louer à Hammamet Centre,Hammamet à Hammamet,1 200 TND,120.0,4.0,,1.0,,,1.0,1.0,1.0,,Appartement,Bon état,36.40108,10.61457,,3.0,,,,,,,,,,,,,,,,,5-10 ans,Carrelage,,,,,,1er,Nord,,,,,,
https://www.mubawab.tn/fr/a/7810019/tr%C3%A8s-bel-s2-avec-piscine-gym-place-parking,Très bel S2 avec piscine gym place parking,Ain Zaghouan Nord à La Marsa,2 200 TND,122.0,,,,,,1.0,1.0,1.0,,Appartement,Nouveau,36.8623859,10.2835035,,2.0,,,,,,,,1.0,1.0,,,1.0,,1.0,,,1-5 ans,Marbre,,1.0,,1.0,,4ème,Nord,2.0,1.0,,,,
https://www.mubawab.tn/fr/a/8037731/appartement-%C3%A0-louer-%C3%A0-sousse,Appartement à louer à Sousse,Sousse Ville à Sousse Ville,1 700 TND,150.0,6.0,,,,1.0,1.0,1.0,1.0,,Appartement,Bon état,35.8273,10.6339,,2.0,,,1.0,,,,,,,,,,,,,,,,,1.0,,,,,,2.0,,,,,
https://www.mubawab.tn/fr/a/8037644/location-s3-jardin-de-carthage,Location s3 jardin de Carthage,Les Jardins de Carthage à Le Kram,2 100 TND,170.0,,,,,,1.0,1.0,1.0,,Appartement,Bon état,36.8555704,10.291834,1.0,3.0,,,1.0,,,,,,,,,,,,,,,,1.0,1.0,,1.0,,,,3.0,,,,,
https://www.mubawab.tn/fr/a/8037635/location-appartement-s2-jardin-de-carthage,Location appartement s2 jardin de Carthage,Les Jardins de Carthage à Le Kram,2 000 TND,125.0,,,,,,1.0,1.0,1.0,,Appartement,Bon état,36.8555704,10.291834,1.0,2.0,,,1.0,,,,,1.0,1.0,1.0,,,,,,,,,1.0,1.0,,,,,,2.0,,,,,
https://www.mubawab.tn/fr/a/8037640/a-louer-s1-%C3%A0-cit%C3%A9-les-palmeraies-l-aouina,A louer S1 à cité les palmeraies L'Aouina,El Aouina,1 100 TND,52.0,,,,,,,,,,Appartement,,33.07772,9.58381,,2.0,,,1.0,,,,,,,,,,,,,,,,,,,,,,,,,,,,
https://www.mubawab.tn/fr/a/7845916/un-superbe-appartement-s2-%C3%A0-louer-%C3%A0-ain-zaghouan-nord,Un Superbe Appartement S2 à louer à Ain Zaghouan Nord,Ain Zaghouan Nord à La Marsa,2 000 TND,127.0,3.0,,1.0,,,,,1.0,1.0,Appartement,Nouveau,36.8623859,10.2835035,,2.0,,,1.0,,,,,,,,1.0,1.0,,,,,Moins d'un an,Marbre,1.0,,,,,3ème,,,,,,,
https://www.mubawab.tn/fr/a/7813997/a-vendre-projet-a-jardin-de-cartahge,A vendre projet a jardin de cartahge,Les Jardins de Carthage à Le Kram,Prix à consulter,117.0,3.0,,1.0,,,1.0,1.0,1.0,,Appartement,Bon état,36.833333,10.316667,,2.0,,,,,,,,1.0,1.0,1.0,,,,,,,,,1.0,1.0,,1.0,,,,,,,,,
https://www.mubawab.tn/fr/a/7684524/appartement-s2-corniche-hammamet,Appartement S2 Corniche Hammamet,Hammamet à Hammamet,1 800 TND,200.0,3.0,,,,,1.0,1.0,1.0,,Appartement,Nouveau,36.40108,10.61457,,2.0,,,1.0,,,,,,,,,,1.0,,,,,,,,,,,,,2.0,,,,,
https://www.mubawab.tn/fr/a/8036840/appartement-s2-%C3%A0-la-location,Appartement S2 à la location,Aouina à La Marsa,1 250 TND,80.0,3.0,,1.0,,,1.0,,1.0,,Appartement,Nouveau,36.876389,10.325278,,2.0,,,,,,1.0,,,1.0,,,,,,,,,,,1.0,,,,,,,,,,,
https://www.mubawab.tn/fr/a/8018975/a-louer-un-appartement-en-s3,A louer un appartement en S3,Hammamet à Hammamet,2 000 TND,120.0,3.0,,1.0,,,,,1.0,,Appartement,Nouveau,36.40108,10.61457,,3.0,,,,,,,,,,,,,,,,,,,,,,,,,,,,,,,
https://www.mubawab.tn/fr/a/7986968/appartement-en-s2-%C3%A0-louer-selon-la-p%C3%A9riode,Appartement en S2 à Louer Selon la période,Cité El Wafa à Nabeul,Prix à consulter,,2.0,,1.0,,,,,,,Appartement,Nouveau,36.45056,10.73505,,2.0,,,,,,,,,,,,,,,,,,,,,,,,,,,,,,,
https://www.mubawab.tn/fr/a/7789277/studio-s1-meubl%C3%A9-sidi-bou-sa%C3%AFd,"Studio S1 meublé, Sidi Bou Saïd",Sidi Bousaid à Carthage,1 550 TND,,2.0,1.0,1.0,,,1.0,1.0,1.0,,Appartement,Bon état,36.8566,10.3258,,,,,,,,,,1.0,,,,,1.0,,,,,,,,,,,,,,,,,,
https://www.mubawab.tn/fr/a/8016388/appartement-s2-meubl%C3%A9-sidi-bou-sa%C3%AFd,"Appartement S2 meublé, Sidi Bou Saïd",Sidi Bousaid à Carthage,2 500 TND,120.0,3.0,,1.0,,1.0,1.0,1.0,1.0,1.0,Appartement,Bon état,36.8566,10.3258,,2.0,,,1.0,,,1.0,1.0,,,,1.0,1.0,1.0,1.0,,,,Carrelage,,,,,,,,,,,,,
https://www.mubawab.tn/fr/a/8026481/location-d-un-s1-%C3%A0-gammarth,Location d'un S1 à Gammarth,Gammarth à La Marsa,3 000 TND,100.0,,1.0,1.0,,,,,1.0,,Appartement,Nouveau,36.876389,10.325278,1.0,,,,,,,,,,,,,,,,,,,,,,,,,,,,,,,,
https://www.mubawab.tn/fr/a/8036354/a-louer-appartement-s2-avec-place-parking-residence-zayatine,A louer appartement S2 avec place parking residence Zayatine,Sidi Frej à La Soukra,1 100 TND,116.0,,,1.0,,,,1.0,1.0,,Appartement,Bon état,34.696444,11.137673,,3.0,,,,,1.0,,1.0,1.0,,,,,,,,,1-5 ans,Carrelage,1.0,1.0,,1.0,,1er,Est,,,,,,
https://www.mubawab.tn/fr/a/8036177/a-louer-s2-meubl%C3%A9-aux-jardins-de-laouina,A Louer S2 meublé aux Jardins de Laouina,Aouina à La Marsa,Prix à consulter,60.0,3.0,,,1.0,1.0,1.0,1.0,1.0,1.0,Appartement,Nouveau,36.876389,10.325278,,2.0,,,,,,,,,,,1.0,1.0,1.0,1.0,,,1-5 ans,,,,,,,,Est,2.0,,,,,
https://www.mubawab.tn/fr/a/8036141/appartement-en-s2-au-1er-%C3%A9tage-%C3%A0-louer-%C3%A0-hammamet,Appartement en S2 au 1er étage à louer à Hammamet,Hammamet à Hammamet,2 400 TND,,4.0,,1.0,,1.0,1.0,1.0,1.0,,Appartement,Bon état,36.40108,10.61457,,2.0,,,1.0,,,,,,,1.0,1.0,1.0,1.0,,,,,,,,,,,,,,,,,,
https://www.mubawab.tn/fr/a/8036137/appartement-%C3%A0-louer-%C3%A0-l-ann%C3%A9e-%C3%A0-hammamet-nord,Appartement à louer à l'année à Hammamet Nord,Hammamet à Hammamet,1 000 TND,100.0,3.0,,1.0,,1.0,1.0,1.0,1.0,1.0,Appartement,Nouveau,36.40108,10.61457,,2.0,,,1.0,,,,,,,,1.0,1.0,1.0,,,,,,,,,,,,,,,,,,
https://www.mubawab.tn/fr/a/8028457/location-d-un-rez-de-chauss%C3%A9-de-villa-%C3%A0-la-marsa,Location d'un Rez de chaussé de villa à la marsa,La Marsa à La Marsa,5 800 TND,220.0,3.0,,1.0,,,,,1.0,,Appartement,Nouveau,36.876389,10.325278,,4.0,,,,,,,,,,,,,,,,,,,1.0,,,,,,,,,,,,
https://www.mubawab.tn/fr/a/8022504/location-appartement-s1-la-soukra,Location Appartement S1 La Soukra,La Soukra à La Soukra,Prix à consulter,75.0,2.0,1.0,1.0,,,1.0,1.0,1.0,,Appartement,Bon état,36.88833,10.27417,,,,,1.0,,,,,,1.0,1.0,,1.0,,,,,1-5 ans,Marbre,,,,1.0,,,,,,,,,
https://www.mubawab.tn/fr/a/8035941/s2-en-location,S2 en location,Riadh al Andalous à Ariana Ville,1 350 TND,88.0,,,,,1.0,1.0,1.0,,,Appartement,,36.8805752,10.1717264,,,,,,,,,,,,,1.0,,,,,,,,,,,,,,,,,,,,
https://www.mubawab.tn/fr/a/7974845/s2-meubl%C3%A9e-%C3%A0-la-soukra,S2 meublée à la Soukra,La Soukra à La Soukra,2 200 TND,135.0,3.0,,1.0,,1.0,1.0,1.0,1.0,1.0,Appartement,Nouveau,36.88833000000001,10.27417,,2.0,,,1.0,,1.0,1.0,1.0,1.0,1.0,1.0,1.0,1.0,1.0,1.0,1.0,,1-5 ans,Marbre,1.0,1.0,,1.0,,1er,Est,,,,,,
https://www.mubawab.tn/fr/a/8035647/a-louer-s1-%C3%A0-ennasr,A louer S1 à Ennasr,Cité Ennasr 1 à Ariana Ville,850 TND,60.0,2.0,1.0,1.0,,,1.0,1.0,1.0,,Appartement,Bon état,36.8625,10.19556,,,,,1.0,,1.0,,,1.0,1.0,1.0,,,,,,,5-10 ans,,,1.0,,1.0,1.0,,,,,,,,
https://www.mubawab.tn/fr/a/8031278/a-louer-bureau-s3-menzah-8,A louer bureau S3 menzah 8,El Menzah 8 à Ariana Ville,1 250 TND,120.0,4.0,,,,,1.0,1.0,1.0,,Appartement,Nouveau,36.856615,10.1717264,,3.0,,,1.0,,1.0,,,,1.0,1.0,,,,,,,,Marbre,,,,1.0,,,,2.0,,,,,
https://www.mubawab.tn/fr/a/8034265/appartement-s3-jamais-habit%C3%A8-%C3%A0-ennaser,Appartement S3 jamais habitè à Ennaser,Cité Ennasr 2 à Ariana Ville,2 000 TND,180.0,4.0,,,,,1.0,1.0,1.0,,Appartement,Nouveau,36.86112453461504,10.154742231121544,,3.0,,,1.0,,1.0,,,1.0,1.0,1.0,,,,,,,Moins d'un an,Marbre,,1.0,1.0,1.0,1.0,,,3.0,,,,,
https://www.mubawab.tn/fr/a/8034251/appartement-s3-menzah-9c,Appartement s3 menzah 9c,El Menzah 9 à El Menzah,1 900 TND,180.0,5.0,,,,,1.0,1.0,1.0,,Appartement,Nouveau,36.8482637,10.1410889,,4.0,,,1.0,,1.0,,,1.0,1.0,1.0,,,,,,,Moins d'un an,Parquet,,1.0,,1.0,1.0,,,2.0,,,,,
https://www.mubawab.tn/fr/a/8035613/appartement-s2-vue-sur-le-lac,Appartement S2 vue sur le Lac,Les Berges Du Lac 1 à La Marsa,3 500 TND,200.0,3.0,,,,,1.0,1.0,1.0,,Appartement,Nouveau,36.876389,10.325278,,2.0,,,1.0,1.0,1.0,,1.0,1.0,,1.0,,1.0,,1.0,,,,,1.0,1.0,,1.0,,,,3.0,,,,,
https://www.mubawab.tn/fr/a/8023594/appartement-%C3%A0-louer-%C3%A0-hammam-sousse,Appartement à louer à Hammam Sousse,Cité de la Plage à Hammam Sousse,850 TND,100.0,5.0,,1.0,,,,1.0,,,Appartement,Bon état,35.8569,10.5972,,2.0,,,1.0,,,,,,,,,,,,,,,,,1.0,,,,,,,,,,,
https://www.mubawab.tn/fr/a/7860475/location-duplex-luzei-s1,Location Duplex Luzei S1,Hammamet à Hammamet,1 100 TND,80.0,2.0,1.0,,1.0,,1.0,1.0,1.0,1.0,Appartement,Nouveau,36.40108,10.61457,,,,,1.0,,,,,,,,1.0,1.0,1.0,1.0,,,,,,,,,,,,2.0,,,,,
https://www.mubawab.tn/fr/a/8031122/a-louer-un-un-tr%C3%A8s-bel-appartement-s1-%C3%A0-l-aouina,A Louer Un Un très Bel Appartement S1 à L'Aouina,Aouina à La Marsa,1 050 TND,70.0,,1.0,1.0,,,1.0,1.0,,,Appartement,Nouveau,36.876389,10.325278,1.0,,,,1.0,,,,,,,,,,,,,,,,1.0,,,,,,,,,,,,
https://www.mubawab.tn/fr/a/7989802/s1-meubl%C3%A9-%C3%A0-louer-au-jardin-de-carthage,S1 Meublé à Louer au Jardin de Carthage,Les Jardins de Carthage à Le Kram,1 800 TND,80.0,3.0,1.0,1.0,,1.0,1.0,1.0,1.0,1.0,Appartement,Bon état,36.833333,10.316667,,,,,1.0,,1.0,1.0,1.0,1.0,1.0,1.0,1.0,1.0,1.0,1.0,1.0,1.0,1-5 ans,Marbre,,1.0,,,,5ème,,,,,,,
https://www.mubawab.tn/fr/a/8016419/appartement-s3-meubl%C3%A9-au-lac-2,Appartement S3 meublé au Lac 2,Les Berges Du Lac 2 à La Marsa,4 800 TND,,4.0,,,,1.0,1.0,1.0,1.0,1.0,Appartement,Bon état,36.876389,10.325278,,3.0,,,1.0,,1.0,1.0,1.0,1.0,1.0,1.0,1.0,1.0,1.0,1.0,1.0,1.0,1-5 ans,Carrelage,1.0,,,1.0,,,,2.0,,,,,
https://www.mubawab.tn/fr/a/8033326/bel-appartement-en-location-%C3%A0-les-jardins-de-carthage-surface-totale-113-m%C2%B2-ascenseur-et-terrasse,Bel appartement en location à Les Jardins de Carthage. Surface totale 113 m². Ascenseur et terrasse,Les Jardins de Carthage à Le Kram,2 400 TND,113.0,,,1.0,,,1.0,1.0,1.0,,Appartement,Nouveau,33.88689999999999,9.5375,,2.0,,,1.0,,1.0,,1.0,,,1.0,,1.0,,,,,Moins d'un an,Marbre,1.0,1.0,,1.0,,2ème,Est,,,,,,
https://www.mubawab.tn/fr/a/7979184/appartement-s2-%C3%A0-gammarth-avec-piscine,Appartement S2 à gammarth avec piscine,Gammarth à La Marsa,4 000 TND,130.0,3.0,,,1.0,1.0,1.0,1.0,1.0,1.0,Appartement,Nouveau,36.91773899999998,10.288893,,2.0,,,1.0,,1.0,1.0,1.0,1.0,1.0,1.0,1.0,1.0,1.0,1.0,1.0,,1-5 ans,Marbre,1.0,1.0,,1.0,,,Est,2.0,1.0,,,,
https://www.mubawab.tn/fr/a/8034824/appartement-s2,Appartement S2,El Mourouj 3 à El Mourouj,600 TND,60.0,3.0,,1.0,1.0,,,,,,Appartement,Nouveau,36.6938694,10.2622167,,2.0,,,,,1.0,,,,,,,,,,,,1-5 ans,,,,,,,,Nord,,,,,,
https://www.mubawab.tn/fr/a/7937062/appartement-%C3%A0-usage-habitation-bureautique,Appartement à usage habitation/bureautique,Sousse Ville à Sousse Ville,850 TND,180.0,6.0,,,,,,,1.0,,Appartement,Nouveau,35.8273,10.6339,,5.0,,,,,,,,,,,,,,,,,,,,,,,,2ème,,2.0,,,,,
https://www.mubawab.tn/fr/a/8034244/appartement-s1-%C3%A0-menzah-9c,Appartement s1 à menzah 9c,El Menzah 9 à El Menzah,950 TND,90.0,2.0,1.0,1.0,,,1.0,1.0,1.0,,Appartement,Nouveau,36.8482637,10.1410889,,,,,1.0,,1.0,,,1.0,1.0,1.0,,,,,,,Moins d'un an,Parquet,,1.0,,1.0,,,,,,,,,
https://www.mubawab.tn/fr/a/8031235/a-louer-s1-meubl%C3%A9-%C3%A0-ennasr-1,A louer S1 meublé à Ennasr 1,Ariana à Ariana Ville,1 100 TND,70.0,,,1.0,,,,,,,Appartement,Nouveau,36.8625,10.19556,1.0,2.0,,,,,,,,,,,,,,,,,,,,,,,,,,,,,,,
https://www.mubawab.tn/fr/a/8022386/a-louer-un-appartement-s4-a-ennasr-2,A louer Un appartement S4 A ENNASR 2,Cité Ennasr 1 à Ariana Ville,1 800 TND,180.0,5.0,,,,,1.0,1.0,1.0,,Appartement,Bon état,36.8625,10.19556,,4.0,,,,,,,,,,,,,,,,,,,,,,,,,,2.0,,,,,
https://www.mubawab.tn/fr/a/8031224/ennasr-2-%C3%A0-louer-app-s1haut-standing,Ennasr 2: à louer app s1haut standing,Cité Ennasr 2 à Ariana Ville,1 050 TND,68.0,,,1.0,1.0,,1.0,1.0,1.0,,Appartement,Nouveau,36.8625,10.19556,1.0,2.0,,,,,1.0,,1.0,1.0,1.0,,,,,,,,,Carrelage,1.0,1.0,,1.0,,3ème,Est,,,,,,
https://www.mubawab.tn/fr/a/8027073/location-s1-meubl%C3%A9-%C3%A0-la-marsa,Location S1 meublé à la marsa,La Marsa à La Marsa,2 300 TND,80.0,,1.0,1.0,,,,,,,Appartement,Nouveau,36.876389,10.325278,1.0,,,,,,,,,,,,,,,,,,,,,,,,,,,,,,,,
https://www.mubawab.tn/fr/a/7350333/appartement-s2-cote-slim-school,Appartement s2 cote slim school,Cité Ennasr 2 à Ariana Ville,1 400 TND,135.0,,,,,1.0,1.0,1.0,1.0,1.0,Appartement,Nouveau,36.8625,10.19556,,2.0,,,1.0,,,,1.0,1.0,1.0,1.0,1.0,1.0,1.0,1.0,,,Moins d'un an,,,1.0,,1.0,1.0,2ème,Sud,2.0,,,,,
https://www.mubawab.tn/fr/a/8034546/appartement-%C3%A0-loue-%C3%A0-l-ann%C3%A9e-%C3%A0-hammamet-bousten-g,Appartement à loue à l'année à Hammamet Bousten G,Hammamet à Hammamet,2 000 TND,125.0,3.0,,,,1.0,1.0,1.0,1.0,1.0,Appartement,Bon état,36.40108,10.61457,,2.0,,,1.0,,,,,1.0,,,,,1.0,,,,,,,1.0,,,,,,2.0,1.0,,,,
https://www.mubawab.tn/fr/a/8003869/duplex-%C3%A0-monte-carlo-h-sousse,Duplex à Monte Carlo H Sousse,Cité de la Plage 1,1 700 TND,160.0,4.0,,,1.0,1.0,1.0,1.0,1.0,1.0,Appartement,Bon état,35.79,10.56,,3.0,,,1.0,1.0,,1.0,1.0,1.0,1.0,,1.0,1.0,1.0,,1.0,1.0,10-20 ans,Marbre,,1.0,,1.0,1.0,,Sud,3.0,1.0,,,,
https://www.mubawab.tn/fr/a/7813680/s1-meubl%C3%A9-en-front-de-mer-%C3%A0-la-marsa,S1 meublé en front de mer à la Marsa,La Marsa à La Marsa,1 800 TND,50.0,2.0,1.0,1.0,,1.0,1.0,,1.0,1.0,Appartement,Nouveau,36.876389,10.325278,,,,,,1.0,,1.0,,,,,1.0,1.0,1.0,,,,,,,,,,,,,,,,,,
https://www.mubawab.tn/fr/a/8031936/jamais-habit%C3%A9-s1-les-jardin-d-el-menzah,Jamais habité: S1 les jardin d'el menzah,Les Jardins d'El Menzah 2 à Ariana Ville,1 150 TND,90.0,2.0,1.0,1.0,,,1.0,1.0,1.0,,Appartement,Nouveau,36.8625,10.19556,,,,,1.0,,1.0,,,1.0,1.0,1.0,,,,,,,Moins d'un an,Marbre,,1.0,1.0,1.0,1.0,3ème,,,,,,,
https://www.mubawab.tn/fr/a/8033461/location-appartement-s3-hs-chotrana-1,Location Appartement S3 HS Chotrana 1,Chotrana 1 à La Soukra,2 400 TND,150.0,4.0,,,1.0,,1.0,1.0,1.0,,Appartement,Bon état,36.896544,10.217961,,3.0,,,,,,,,1.0,1.0,1.0,,1.0,,,,,1-5 ans,Marbre,1.0,,,1.0,,,,2.0,,,,,
https://www.mubawab.tn/fr/a/8023989/a-louer-un-appartement-s2-jamais-habit%C3%A9-%C3%A0-ain-zaghouan-nord,A Louer Un Appartement s2 Jamais habité à Ain Zaghouan Nord,Ain Zaghouan Nord à La Marsa,1 500 TND,,2.0,,1.0,,,1.0,1.0,,,Appartement,Nouveau,36.876389,10.325278,,2.0,,,1.0,,,,,1.0,,,,,,,,,,,,,,,,,,,,,,,
https://www.mubawab.tn/fr/a/8012655/appartement-s3-haut-standing-meubl%C3%A9-zone-th%C3%A9%C3%A2tre,Appartement S3 haut standing meublé zone théâtre,Hammamet à Hammamet,1 900 TND,,4.0,,1.0,,1.0,1.0,1.0,1.0,1.0,Appartement,Bon état,36.40108,10.61457,,3.0,,,1.0,,1.0,1.0,,1.0,1.0,1.0,1.0,1.0,1.0,,,,,,,1.0,1.0,1.0,,2ème,,,,,,,
https://www.mubawab.tn/fr/a/7986799/location-appartement-s1-meubl%C3%A9-courte-dur%C3%A9e,Location appartement s1 meublé courte durée,Aouina à La Marsa,Prix à consulter,85.0,,1.0,1.0,,1.0,1.0,1.0,1.0,1.0,Appartement,Nouveau,36.8533886,10.250490799999998,1.0,,,,1.0,,,,1.0,1.0,1.0,1.0,1.0,1.0,1.0,,1.0,1.0,,,,1.0,,1.0,,,,,,,,,
https://www.mubawab.tn/fr/a/8022763/appartement-pour-la-location-%C3%A0-marsa-enassim,Appartement pour la location à Marsa Enassim,La Marsa à La Marsa,3 000 TND,90.0,3.0,,,,1.0,1.0,1.0,1.0,,Appartement,Nouveau,36.876389,10.325278,,2.0,,,1.0,,,,,,,,,,,,,,,,,1.0,,,,,,2.0,,,,,
https://www.mubawab.tn/fr/a/8007847/location-appartement-red-s1-hammamet-nord,Location Appartement Red S1 Hammamet nord,Hammamet Nord à Hammamet,1 000 TND,80.0,2.0,1.0,1.0,,,1.0,1.0,1.0,,Appartement,Bon état,36.40108,10.61457,,,,,1.0,,,,,,,,,,,,,,,,,,,,,,,,,,,,
https://www.mubawab.tn/fr/a/8033688/a-louer-a-ennasr-2-appart-s-plus-1-neuf,A louer a ennasr 2 appart s plus 1 neuf,Cité Ennasr 2 à Ariana Ville,1 050 TND,50.0,2.0,1.0,1.0,1.0,,1.0,1.0,1.0,,Appartement,Nouveau,36.8625,10.19556,,,,,,,1.0,,1.0,1.0,,,,1.0,,,,,1-5 ans,Marbre,1.0,1.0,,1.0,,,,,,,,,
https://www.mubawab.tn/fr/a/8033653/bel-appartement-en-location-%C3%A0-ain-zaghouan-nord-3-belles-chambres,Bel appartement en location à Ain Zaghouan Nord. 3 belles chambres,Ain Zaghouan Nord à La Marsa,1 200 TND,120.0,,,,,,,,,,Appartement,Bon état,33.88689999999999,9.5375,,3.0,,,,,,,,,,,,,,,,,,,,,,,,,,2.0,,,,,
https://www.mubawab.tn/fr/a/7493853/a-louer-un-appartement-meubl%C3%A9-au-berges-du-lac-2,A louer un appartement meublé au berges du lac 2,Les Berges Du Lac 2 à La Marsa,4 500 TND,217.0,4.0,,,,1.0,1.0,1.0,1.0,,Appartement,Nouveau,36.876389,10.325278,,4.0,,,,,,,,1.0,,,,,,,,,,,1.0,,,,,,,2.0,,,,,
https://www.mubawab.tn/fr/a/7988385/appartement-s2-meubl%C3%A9e-%C3%A0-la-marsa-plage,Appartement S2 meublée à la Marsa plage,La Marsa à La Marsa,2 000 TND,110.0,3.0,,1.0,,1.0,1.0,1.0,1.0,1.0,Appartement,Bon état,36.89419920000003,10.276223200000002,,2.0,,,1.0,,1.0,1.0,1.0,1.0,1.0,1.0,1.0,1.0,1.0,1.0,1.0,,10-20 ans,Marbre,1.0,1.0,,,,,Ouest,,,,,,
https://www.mubawab.tn/fr/a/8033468/s1-meubl%C3%A9-%C3%A0-ennasr-r%C3%A9sidence-les-jasmins,"S1 meublé à EnNasr, résidence les Jasmins",Cité Ennasr 2 à Ariana Ville,1 200 TND,77.0,2.0,1.0,1.0,,1.0,1.0,1.0,1.0,1.0,Appartement,Bon état,36.86126959961916,10.164201028277118,,,,,1.0,1.0,,1.0,1.0,1.0,,,1.0,1.0,1.0,1.0,,,10-20 ans,Marbre,1.0,1.0,1.0,1.0,,8ème,Est,,,,,,
https://www.mubawab.tn/fr/a/8033435/appartement-s2-meubl%C3%A9-%C3%A0-louer-aux-berges-du-lac-2,Appartement S2 meublé à louer aux Berges du Lac 2,Les Berges Du Lac 2 à La Marsa,5 000 TND,150.0,,,,,1.0,,,1.0,,Appartement,,36.8468986,10.2641808,,2.0,,,1.0,,,,,1.0,,,,,,,,,,,1.0,,,,,,,,,,,,
https://www.mubawab.tn/fr/a/8033249/appartement-s1-%C3%A0-louer,Appartement S1 à louer,El Kantaoui à Hammam Sousse,750 TND,60.0,2.0,1.0,1.0,,,1.0,1.0,1.0,,Appartement,Nouveau,35.898175,10.58025,,,,,,,,,,,,,,,,,,,Moins d'un an,,,,,,,2ème,,,,,,,
https://www.mubawab.tn/fr/a/8029371/appartement-s2-a-louer,Appartement S2 A louer,El Kantaoui à Hammam Sousse,1 250 TND,160.0,3.0,,,,,1.0,1.0,1.0,,Appartement,Nouveau,35.89817499999999,10.58025,,2.0,,,1.0,,,,,1.0,,,,,,,,,Moins d'un an,,1.0,,,,1.0,,,2.0,,,,,
https://www.mubawab.tn/fr/a/8028201/duplex-s3-%C3%A0-louer-aux-berges-du-lac-2,Duplex S3 à louer aux Berges du Lac 2,Les Berges Du Lac 2 à La Marsa,4 000 TND,250.0,3.0,,1.0,,,,,1.0,,Appartement,Nouveau,36.876389,10.325278,,3.0,,,1.0,,,,,,,,,,,,,,,,,,,,,,,,,,,,
https://www.mubawab.tn/fr/a/8025887/un-appartement-s2-%C3%A0-la-marsa,Un appartement S2 à la Marsa,La Marsa à La Marsa,2 300 TND,120.0,,,,1.0,,1.0,1.0,1.0,,Appartement,Nouveau,36.8941992,10.2762232,1.0,2.0,,,1.0,,,,,1.0,1.0,1.0,1.0,,,,,,,,1.0,1.0,,1.0,,,,3.0,,,,,
https://www.mubawab.tn/fr/a/8022179/luxueux-appartement-s3-meubl%C3%A9-au-lac1,Luxueux appartement S3 meublé au Lac1,Les Berges Du Lac 1 à La Marsa,5 900 TND,160.0,5.0,,,,1.0,1.0,1.0,1.0,1.0,Appartement,Nouveau,36.876389,10.325278,,4.0,,,,1.0,,1.0,1.0,1.0,1.0,1.0,1.0,1.0,1.0,1.0,,,Moins d'un an,,,1.0,,1.0,,,,2.0,,,,,
https://www.mubawab.tn/fr/a/7985595/s-plus-2-r%C3%A9sidence-diar-gammarth,S plus 2 résidence Diar Gammarth,Gammarth à La Marsa,1 100 TND,100.0,3.0,,1.0,,,1.0,1.0,,,Appartement,Bon état,36.89757191895594,10.293887857836218,,2.0,,,,,,,,,1.0,,,,,,,,10-20 ans,Marbre,1.0,,,,,2ème,,,,,,,
https://www.mubawab.tn/fr/a/8033012/appartement-%C3%A0-louer-%C3%A0-cit%C3%A9-des-juges-surface-de-80-m%C2%B2-bien-meubl%C3%A9,Appartement à louer à Cité des Juges. Surface de 80 m². Bien meublé,Cité des Juges à Raoued,600 TND,80.0,,,1.0,,1.0,,,1.0,,Appartement,Bon état,36.9767424,10.2055544,,2.0,,,1.0,1.0,1.0,,1.0,,,,1.0,,1.0,,,,1-5 ans,,,,,,1.0,1er,,,,,,,
https://www.mubawab.tn/fr/a/8032963/luxueux-appartement-s2-meubl%C3%A9-%C3%A0-louer-aux-jardins-de-carthage,Luxueux Appartement S2 meublé à louer aux Jardins de Carthage,Les Jardins de Carthage à Le Kram,4 900 TND,135.0,,,,,1.0,,,1.0,,Appartement,,36.8555704,10.291834,,2.0,,,1.0,,,,,,,,,,,,,,,,1.0,,,,,,,,1.0,,,,
https://www.mubawab.tn/fr/a/8029974/appartement-s2-meubl%C3%A9-aux-jardins-de-carthage,Appartement S2 meublé aux jardins de Carthage,Les Jardins de Carthage à Le Kram,2 800 TND,150.0,3.0,,,,1.0,1.0,1.0,1.0,1.0,Appartement,Bon état,36.833333,10.316667,,2.0,,,1.0,,,1.0,1.0,,,,1.0,1.0,1.0,1.0,,,,,1.0,1.0,,,,2ème,,2.0,,,,,
https://www.mubawab.tn/fr/a/8032780/louez-cet-appartement-%C3%A0-midoune-superficie-grand-balcon,Louez cet appartement à Midoune. Superficie Grand balcon,Midoune à Midoun,1 000 TND,,,,,,,,,,,Appartement,Nouveau,33.8102081221213,10.989541990458664,,3.0,,,1.0,,,,,,,,,,,,,,Moins d'un an,,,,,,,1er,,2.0,,,,,
https://www.mubawab.tn/fr/a/8032504/a-louer-un-appartement-s2-neuf-%C3%A0-la-soukra,A Louer un Appartement S2 Neuf à La Soukra,Chotrana 1 à La Soukra,1 700 TND,120.0,2.0,,1.0,1.0,,1.0,1.0,1.0,,Appartement,Nouveau,36.88333299999999,10.25,,2.0,,,1.0,,1.0,1.0,,1.0,1.0,1.0,1.0,,,,1.0,1.0,Moins d'un an,Marbre,,1.0,1.0,1.0,,2ème,Sud,,,,,,
https://www.mubawab.tn/fr/a/8032454/lafayette-place-jean-d-arc-2-pieces-et-s-de-bains-semi-meublee,Lafayette place jean d arc 2 pieces et s de bains semi meublee,Cité Taieb Mhiri,900 TND,70.0,,,1.0,,1.0,1.0,,1.0,,Appartement,Bon état,36.818369784794754,10.182090596758954,,2.0,,,1.0,,,,,,1.0,1.0,1.0,1.0,,1.0,,,10-20 ans,Carrelage,,1.0,,1.0,,4ème,Ouest,,,,,,
https://www.mubawab.tn/fr/a/8032243/un-appartement-s3-%C3%A0-gammarth,Un appartement S3 à Gammarth,La Marsa à La Marsa,1 800 TND,180.0,,,,,,1.0,1.0,1.0,,Appartement,Bon état,36.8941992,10.2762232,1.0,3.0,,,1.0,,1.0,,,1.0,1.0,1.0,,,,,,,,,,,,,,,,3.0,,,,,
https://www.mubawab.tn/fr/a/8026596/un-duplex-s3-vide-%C3%A0-la-marsa,Un Duplex S3 vide à la Marsa,La Marsa à La Marsa,4 000 TND,200.0,,,,1.0,,1.0,1.0,1.0,,Appartement,Bon état,36.8941992,10.2762232,1.0,3.0,,,1.0,,,,,1.0,1.0,1.0,,,,,,,,,1.0,,,,,,,3.0,,,,,
https://www.mubawab.tn/fr/a/8023662/un-appartement-au-c%C5%93ur-de-la-marsa,Un appartement au cœur de la Marsa,La Marsa à La Marsa,2 800 TND,120.0,,,,,,1.0,1.0,1.0,,Appartement,Bon état,36.8941992,10.2762232,1.0,2.0,,,1.0,1.0,1.0,1.0,,1.0,1.0,1.0,,,,,,,,,1.0,1.0,,1.0,,,,3.0,,,,,
https://www.mubawab.tn/fr/a/8025650/un-duplex-s4-au-c%C5%93ur-de-la-marsa-plage,Un Duplex S4 au cœur de la Marsa plage,La Marsa à La Marsa,4 500 TND,280.0,,,,,,1.0,1.0,1.0,,Appartement,Bon état,36.8941992,10.2762232,1.0,4.0,,,1.0,1.0,1.0,,,1.0,,,,,,,,,,,,,,,,,,3.0,,,,,
https://www.mubawab.tn/fr/a/8031881/location-appartement-s1,Location appartement s1,Les Jardins de Carthage à Le Kram,1 400 TND,70.0,,1.0,1.0,,,1.0,1.0,1.0,,Appartement,Bon état,36.8555704,10.291834,1.0,,,,,,,,,,,,,,,,,,,,1.0,1.0,,,,,,,,,,,
https://www.mubawab.tn/fr/a/8031858/location-s2-meubl%C3%A9-neuf-%C3%A0-l-aouina,Location S2 meublé neuf à l'aouina,Aouina à La Marsa,1 300 TND,100.0,3.0,,1.0,,,1.0,1.0,1.0,1.0,Appartement,Bon état,36.876389,10.325278,,2.0,,,1.0,,,1.0,1.0,,1.0,,1.0,1.0,1.0,1.0,,,1-5 ans,Marbre,,,,,,5ème,,,,,,,
https://www.mubawab.tn/fr/a/8012793/location-appartement-s3-meubl%C3%A9-vue-lac,Location Appartement S3 Meublé Vue lac,Les Berges Du Lac 2 à La Marsa,4 250 TND,165.0,4.0,,,,1.0,1.0,1.0,1.0,1.0,Appartement,Bon état,36.876389,10.325278,,3.0,,,1.0,1.0,,1.0,1.0,,1.0,1.0,1.0,1.0,1.0,1.0,1.0,,5-10 ans,Marbre,1.0,1.0,,1.0,,1er,Est,3.0,,,,,
https://www.mubawab.tn/fr/a/8028178/location-appartement-s3-au-lac-2,Location appartement S3 au Lac 2,La Marsa à La Marsa,2 090 TND,165.0,4.0,,,,,1.0,1.0,1.0,,Appartement,Bon état,36.876389,10.325278,,3.0,,,,,,,,1.0,,,,1.0,,,,,5-10 ans,Marbre,,1.0,,1.0,1.0,1er,Est,3.0,,,,,
https://www.mubawab.tn/fr/a/8031723/s1-%C3%A0-hammamet-pour-la-location-annuelle,S1 à hammamet pour la location annuelle,Hammamet à Hammamet,750 TND,,4.0,1.0,1.0,,1.0,1.0,1.0,1.0,,Appartement,Bon état,36.40108,10.61457,,,,,,,,,,,,,1.0,1.0,1.0,,,,,,,,,,,,,,,,,,
https://www.mubawab.tn/fr/a/7992006/duplex-s3-a-louer-au-lac1,Duplex S3 a louer au Lac1,Les Berges Du Lac 1 à La Marsa,5 500 TND,224.0,7.0,,,1.0,,1.0,1.0,1.0,,Appartement,Bon état,36.876389,10.325278,,3.0,,,1.0,1.0,1.0,,1.0,1.0,1.0,1.0,,1.0,,,1.0,1.0,1-5 ans,Marbre,1.0,1.0,,,1.0,,,3.0,,,,,
https://www.mubawab.tn/fr/a/8013569/un-appartementmeubl%C3%A9-avec-terrasse-en-plein-coeur,Un appartementmeublé avec terrasse en plein coeur,La Marsa à La Marsa,2 700 TND,120.0,3.0,,1.0,,,,,1.0,,Appartement,Nouveau,36.876389,10.325278,,3.0,,,1.0,,,,,,,,,,,,,,,,1.0,,,,,,,,,,,,
https://www.mubawab.tn/fr/a/7946828/appartement-s2-%C3%A0-la-location,Appartement S2 à la location,Centre Urbain Nord à Cité El Khadra,1 500 TND,100.0,3.0,,1.0,,,1.0,,1.0,,Appartement,Nouveau,36.823935,10.226369,,2.0,,,,,,,,1.0,,,,1.0,,1.0,,,,,,1.0,,1.0,,,,,,,,,
https://www.mubawab.tn/fr/a/7846078/a-louer-%C3%A0-la-marsa-bel-appartement-meubl%C3%A9,A louer à la marsa bel appartement meublé,Cité des Juges à La Marsa,1 750 TND,70.0,2.0,1.0,1.0,,1.0,1.0,1.0,1.0,1.0,Appartement,Nouveau,36.876389,10.325278,,,,,,,1.0,1.0,1.0,1.0,1.0,1.0,1.0,1.0,1.0,1.0,1.0,1.0,Moins d'un an,Marbre,,,1.0,,,1er,Nord,,,1.0,,,
https://www.mubawab.tn/fr/a/8017783/location-appartement-carmin-s2-hammamet-centre,Location Appartement Carmin S2 Hammamet centre,Hammamet à Hammamet,800 TND,75.0,3.0,,1.0,,,1.0,1.0,1.0,,Appartement,Bon état,36.40108,10.61457,,2.0,,,,,,,,,,,,,,,,,,,,,,,,,,,,,,,
https://www.mubawab.tn/fr/a/8003044/a-louer-s2-meubl%C3%A9-aux-jardins-de-carthage,A Louer S2 Meublé aux Jardins de Carthage,Les Jardins de Carthage à Le Kram,2 700 TND,123.0,3.0,,1.0,,1.0,1.0,1.0,1.0,,Appartement,Bon état,36.833333,10.316667,,2.0,,,1.0,,,,,,,,1.0,1.0,1.0,1.0,,,,,1.0,1.0,,,,,,,,,,,
https://www.mubawab.tn/fr/a/8027836/un-appartement-s3-meubl%C3%A9-vue-sur-mer,Un appartement S3 meublé vue sur mer,La Marsa à La Marsa,5 500 TND,160.0,,,,,1.0,1.0,1.0,1.0,1.0,Appartement,Nouveau,36.8941992,10.2762232,1.0,3.0,,,1.0,1.0,1.0,1.0,,1.0,1.0,1.0,1.0,1.0,1.0,1.0,,,,,,1.0,,1.0,1.0,,,3.0,,,,,
https://www.mubawab.tn/fr/a/8030707/loft-s1-meubl%C3%A9-avec-piscine-la-soukra,"Loft S1 meublé avec piscine, La Soukra",La Soukra à La Soukra,3 200 TND,100.0,2.0,1.0,,1.0,1.0,1.0,1.0,1.0,1.0,Appartement,Bon état,36.883333,10.25,,,,,1.0,,,,1.0,1.0,,,1.0,1.0,1.0,1.0,1.0,,5-10 ans,Marbre,1.0,,,,,,,2.0,1.0,,,,
https://www.mubawab.tn/fr/a/7941393/s1-meubl%C3%A9-%C3%A0-louer-aux-jardins-de-carthage,S1 Meublé à Louer aux Jardins De Carthage,Les Jardins de Carthage à Le Kram,1 800 TND,100.0,4.0,1.0,1.0,,,1.0,1.0,1.0,,Appartement,Bon état,36.833333,10.316667,,,,,1.0,,1.0,,1.0,1.0,1.0,1.0,,1.0,,,1.0,1.0,1-5 ans,Marbre,,,,1.0,,,,,,,,,
https://www.mubawab.tn/fr/a/7982934/s2-%C3%A0-louer-aux-berges-du-lac1,S2 à Louer Aux Berges du Lac1,Les Berges Du Lac 1 à La Marsa,1 750 TND,,3.0,,1.0,,,1.0,1.0,1.0,,Appartement,Bon état,36.876389,10.325278,,2.0,,,1.0,,,,,1.0,1.0,1.0,,1.0,,,1.0,1.0,,,1.0,1.0,,1.0,,2ème,,,,,,,
https://www.mubawab.tn/fr/a/8030512/location-appartement-s2,Location appartement s2,Les Jardins de Carthage à Le Kram,2 300 TND,140.0,,,,,,1.0,1.0,1.0,,Appartement,Nouveau,36.8555704,10.291834,1.0,2.0,,,1.0,,,,,1.0,1.0,1.0,,,,,,,,,1.0,1.0,,1.0,,,,3.0,,,,,
https://www.mubawab.tn/fr/a/8019505/a-louer-rdc-de-villa-meubl%C3%A9-a-ennasr-2,A louer RDC de villa meublé a Ennasr 2,Cité Ennasr 2 à Ariana Ville,1 500 TND,300.0,4.0,,,1.0,1.0,1.0,1.0,1.0,1.0,Appartement,Nouveau,36.8625,10.19556,,2.0,,,,,1.0,1.0,1.0,1.0,1.0,1.0,1.0,1.0,1.0,1.0,1.0,1.0,1-5 ans,,1.0,,,,1.0,,,2.0,,,,,
https://www.mubawab.tn/fr/a/8018037/a-louer-s1-avec-jardin-menzah-9c,A louer S1 Avec jardin Menzah 9C,El Menzah 9 à El Menzah,1 200 TND,80.0,2.0,1.0,1.0,1.0,,1.0,,1.0,,Appartement,Nouveau,36.845235,10.164723,,,,,1.0,,,,,1.0,1.0,1.0,1.0,1.0,,,,1.0,1-5 ans,Marbre,,1.0,,1.0,1.0,,,,1.0,,,,
https://www.mubawab.tn/fr/a/8024077/a-louer-un-s2-meubl%C3%A9-%C3%A0-khzema,A louer un s2 meublé à khzema,Sousse Jaouhara,1 300 TND,100.0,,,,,1.0,1.0,1.0,,,Appartement,,35.832439,10.622471,,2.0,,,,,,,,,,,,,,,,,,,,1.0,,,,,,,,,,,
https://www.mubawab.tn/fr/a/8029662/salon-et-2-chambres-a-coucher,Salon et 2 Chambres a coucher,Ain Zaghouan Nord à La Marsa,1 800 TND,126.0,3.0,,1.0,1.0,1.0,1.0,1.0,1.0,1.0,Appartement,Bon état,36.876389,10.325278,,2.0,,,1.0,,1.0,,1.0,1.0,1.0,1.0,1.0,1.0,1.0,,1.0,,5-10 ans,Marbre,,1.0,,1.0,1.0,6ème,Est,,,,,,
https://www.mubawab.tn/fr/a/7861013/location-annuelle-s2-a-nabeul,Location annuelle S2 a Nabeul,Hammamet à Hammamet,1 900 TND,151.0,3.0,,1.0,,,,,1.0,,Appartement,Bon état,36.40108,10.61457,,2.0,,,1.0,1.0,,,,,,,,,,,,,,,,1.0,,,,,,,,,,,
https://www.mubawab.tn/fr/a/8003642/un-appartement-s3-%C3%A0-louer-%C3%A0-sahloul-2,Un appartement S3 à louer à Sahloul 2,Sahloul à Sousse Jaouhara,2 500 TND,250.0,3.0,,,,,1.0,1.0,1.0,,Appartement,Nouveau,35.832439,10.622471,,3.0,,,1.0,,,1.0,,1.0,1.0,1.0,,1.0,1.0,1.0,,,,,,1.0,,,,,,3.0,,,,,
https://www.mubawab.tn/fr/a/8003641/un-appartement-s4-%C3%A0-louer-%C3%A0-sahloul-2,Un appartement S4 à louer à Sahloul 2,Sahloul à Sousse Jaouhara,2 800 TND,300.0,4.0,,,,1.0,1.0,1.0,1.0,,Appartement,Nouveau,35.832439,10.622471,,4.0,,,1.0,,,1.0,,1.0,1.0,1.0,,1.0,1.0,1.0,,,,,,1.0,,,,,,3.0,,,,,
https://www.mubawab.tn/fr/a/8030071/s3-meubl%C3%A9-vue-sur-mer-%C3%A0-gammarth-mal1176,S3 meublé vue sur mer à Gammarth MAL1176,Gammarth à La Marsa,4 000 TND,,,,,,1.0,1.0,1.0,1.0,,Appartement,Bon état,36.876389,10.325278,1.0,3.0,,,1.0,1.0,,,,1.0,,,,,,,,,,,1.0,1.0,,,,,,3.0,,,,,
https://www.mubawab.tn/fr/a/8021102/%C3%A0-louer-un-joli-duplex-s4-%C3%A0-la-soukra,À louer un joli duplex s4 à la soukra,La Soukra à La Soukra,3 000 TND,250.0,4.0,,,1.0,,1.0,1.0,1.0,,Appartement,Nouveau,36.883333,10.25,,4.0,,,1.0,,1.0,,,1.0,1.0,1.0,,,,,,,,,1.0,,,1.0,,,,3.0,,,,,
https://www.mubawab.tn/fr/a/8027877/%C3%A0-louer-un-joli-appartement-s2-%C3%A0-chotrana-3,À louer un joli appartement S2 à Chotrana 3,Chotrana 3 à La Soukra,1 550 TND,110.0,2.0,,1.0,,,1.0,1.0,1.0,,Appartement,Nouveau,36.883333,10.25,,2.0,,,1.0,,1.0,,,1.0,1.0,1.0,,,,,,,,,1.0,1.0,,1.0,,,,,,1.0,,,
https://www.mubawab.tn/fr/a/7929009/appartement-s1-vue-d%C3%A9gag%C3%A9e-gammarth-sup%C3%A9rieur,"Appartement S1 vue dégagée, Gammarth supérieur",Gammarth Supérieur à La Marsa,Prix à consulter,121.0,2.0,1.0,1.0,,,1.0,1.0,1.0,1.0,Appartement,Bon état,36.876389,10.325278,,,,,,1.0,,1.0,,1.0,,1.0,1.0,1.0,1.0,,,,,,,,1.0,1.0,,1er,,,,,,,
https://www.mubawab.tn/fr/a/7953442/appartement-s2-avec-vue-sur-mer-gammarth,"Appartement S2 avec vue sur mer, Gammarth",Gammarth Supérieur à La Marsa,2 500 TND,120.0,3.0,,,,,1.0,1.0,1.0,,Appartement,Bon état,36.876389,10.325278,,2.0,,,,1.0,,,,,1.0,,,1.0,,,,,,Marbre,,,,1.0,,3ème,,3.0,,,,,
https://www.mubawab.tn/fr/a/7963120/studio-s1-meubl%C3%A9-sidi-bou-sa%C3%AFd,"Studio S1 meublé, Sidi Bou Saïd",Sidi Bousaid à Carthage,2 100 TND,50.0,2.0,1.0,1.0,,1.0,1.0,1.0,1.0,1.0,Appartement,Nouveau,36.8566,10.3258,,,,,1.0,1.0,,,,,,,1.0,1.0,1.0,1.0,,,1-5 ans,Marbre,,,1.0,,,1er,,,,,,,
https://www.mubawab.tn/fr/a/8029967/s2-meubl%C3%A9-%C3%A0-hamamet-pour-longue-dur%C3%A9e,S2 meublé à Hamamet pour longue durée,Hammamet à Hammamet,850 TND,100.0,2.0,,1.0,,1.0,1.0,1.0,1.0,1.0,Appartement,Nouveau,36.40108,10.61457,,2.0,,,1.0,,1.0,1.0,,1.0,1.0,1.0,1.0,1.0,1.0,1.0,1.0,1.0,,,,,,,,,,,,,,,
https://www.mubawab.tn/fr/a/8029750/a-louer-un-appartement-s1-haut-standing-%C3%A0-choutrana-1,A Louer Un Appartement S1 Haut Standing à Choutrana 1,Aéroport Tunis Carthage à La Soukra,950 TND,,,1.0,1.0,,,1.0,,1.0,,Appartement,Nouveau,36.883333,10.25,1.0,,,,1.0,,,,,1.0,,,,,,,,,,,1.0,,,,,,,,,,,,
https://www.mubawab.tn/fr/a/7898199/a-louer-un-rez-de-chauss%C3%A9e-de-villa-meubl%C3%A9-en-s3-avec-piscine,A louer un rez de chaussée de villa meublé en S3 avec piscine,La Marsa à La Marsa,5 000 TND,260.0,4.0,,,,1.0,1.0,1.0,1.0,,Appartement,Nouveau,36.8941992,10.2762232,,4.0,,,1.0,,,,,1.0,,,,,,,,,,,1.0,,,,1.0,,,3.0,1.0,,,,
https://www.mubawab.tn/fr/a/7766596/a-louer-un-appartement-en-s2-meubl%C3%A9-%C3%A0-gammarth,A louer un appartement en S2 meublé à Gammarth,Gammarth à La Marsa,4 500 TND,140.0,3.0,,,,1.0,1.0,1.0,1.0,,Appartement,Nouveau,36.917739,10.288893,,2.0,,,,,,,,,,,,,,,,,,,1.0,,,,,,,2.0,,,,,
https://www.mubawab.tn/fr/a/7959010/a-louer-un-appartement-en-s2-au-lac-1,A louer un appartement en S2 au Lac 1,Les Berges Du Lac 1 à La Marsa,2 200 TND,150.0,3.0,,,,1.0,1.0,1.0,1.0,,Appartement,Bon état,36.876389,10.325278,,3.0,,,1.0,,,,,,,,,,,,,,,,1.0,,,,,,,2.0,,,,,
https://www.mubawab.tn/fr/a/7991711/appartement-s4-a-louer-aux-berge-du-lac1,Appartement S4 a louer aux Berge du Lac1,Les Berges Du Lac 1 à La Marsa,4 000 TND,,8.0,,,1.0,,1.0,1.0,1.0,,Appartement,Bon état,36.876389,10.325278,,4.0,,,1.0,1.0,1.0,,1.0,1.0,1.0,1.0,,1.0,,,1.0,1.0,1-5 ans,Marbre,1.0,,,,1.0,,,3.0,,,,,
https://www.mubawab.tn/fr/a/8029602/a-louer-joli-s1-neuf-meubl%C3%A9-%C3%A0-la-nouvelle-soukra,A louer Joli s1 Neuf meublé à la nouvelle soukra,Ain Zaghouan Nord à La Marsa,1 500 TND,55.0,,1.0,1.0,,1.0,1.0,1.0,1.0,1.0,Appartement,Nouveau,36.86452545787324,10.273721610550856,1.0,,,,1.0,,1.0,1.0,1.0,1.0,1.0,1.0,1.0,1.0,1.0,,1.0,,Moins d'un an,Marbre,1.0,1.0,,1.0,,3ème,Sud,,,,,,
https://www.mubawab.tn/fr/a/8028837/s2-%C3%A0-louer-aux-jardins-de-carthage,S2 à Louer Aux Jardins De Carthage,Les Jardins de Carthage à Le Kram,1 900 TND,,4.0,,,,,1.0,1.0,1.0,,Appartement,Nouveau,36.833333,10.316667,,2.0,,,1.0,,1.0,,1.0,1.0,1.0,1.0,,1.0,,1.0,1.0,1.0,Moins d'un an,Marbre,1.0,1.0,1.0,,,3ème,,2.0,,,,,
https://www.mubawab.tn/fr/a/8029478/marsa-plage-dans-un-excellent-emplacement,Marsa plage dans un excellent emplacement,La Marsa à La Marsa,3 500 TND,120.0,2.0,,1.0,,1.0,1.0,1.0,1.0,1.0,Appartement,Bon état,36.876389,10.325278,,2.0,,,1.0,1.0,,,,,,,,1.0,,,,,1-5 ans,,,,,,,,,,,,,,
https://www.mubawab.tn/fr/a/8014625/triplex-avec-jardin-location-%C3%A0-la-marsa,Triplex avec jardin location à la marsa,La Marsa à La Marsa,4 500 TND,350.0,6.0,,,1.0,,1.0,1.0,1.0,,Appartement,Bon état,36.8941992,10.2762232,,5.0,,,1.0,,,1.0,1.0,1.0,1.0,1.0,,1.0,,1.0,,1.0,5-10 ans,Marbre,1.0,,1.0,,,,Nord,4.0,,,,,
https://www.mubawab.tn/fr/a/7994101/appartement-s3-a-la-marsa-vue-mer,Appartement s3 a la marsa vue mer,La Marsa à La Marsa,4 500 TND,180.0,4.0,,,,,1.0,1.0,1.0,,Appartement,Bon état,36.876389,10.325278,,3.0,,,1.0,1.0,1.0,,,1.0,1.0,1.0,1.0,1.0,,,,,Moins d'un an,,,,,1.0,,,,2.0,1.0,,,,
https://www.mubawab.tn/fr/a/8029320/s2-meubl%C3%A9-pour-location-langue-dur%C3%A9e-%C3%A0-ennaser-2,S2 meublé pour location langue durée à ennaser 2,Cité Ennasr 2 à Ariana Ville,1 500 TND,120.0,5.0,,1.0,,1.0,1.0,1.0,1.0,1.0,Appartement,Nouveau,36.8625,10.19556,,2.0,,,1.0,,1.0,1.0,1.0,1.0,,1.0,1.0,1.0,1.0,1.0,1.0,,1-5 ans,Marbre,,,,1.0,,3ème,Est,,,,,,
https://www.mubawab.tn/fr/a/8029312/%C3%A9tage-de-villa-pour-location-annuelle-nabeul,Étage de villa pour location annuelle Nabeul,Nabeul à Nabeul,1 300 TND,200.0,5.0,,1.0,,1.0,,1.0,,,Appartement,Nouveau,36.45056,10.73505,,3.0,,,1.0,1.0,1.0,,,,,,,,,,,,Moins d'un an,Marbre,,,,,,,Est,,,,,,
https://www.mubawab.tn/fr/a/8029110/a-louer-s3-riad-el-andalous,A louer S3 Riad El Andalous,Riadh al Andalous à Ariana Ville,1 050 TND,105.0,3.0,,,,,1.0,1.0,,,Appartement,Bon état,36.8805752,10.1717264,,3.0,,,1.0,,,,,,,,,,,,,,5-10 ans,,1.0,,,1.0,,2ème,,2.0,,,,,
https://www.mubawab.tn/fr/a/8029020/appartement-s2-meubl%C3%A9,Appartement s2 meublé,Aouina à La Marsa,2 000 TND,120.0,3.0,,1.0,,1.0,,1.0,1.0,1.0,Appartement,Bon état,36.876389,10.325278,,2.0,,,,,1.0,1.0,1.0,,,,1.0,1.0,1.0,1.0,1.0,1.0,1-5 ans,Marbre,,1.0,,1.0,1.0,5ème,Ouest,,,,,,
https://www.mubawab.tn/fr/a/8028631/appart-s2-a-louer,Appart S2 A louer,Ariana à Ariana Ville,950 TND,81.0,3.0,,1.0,,,,1.0,1.0,,Appartement,Bon état,36.8625,10.19556,,2.0,,,1.0,,1.0,,1.0,1.0,,,,,,,,1.0,10-20 ans,Carrelage,,,,1.0,,4ème,Est,,,,,,
https://www.mubawab.tn/fr/a/8028563/appartement-meubl%C3%A9e-%C3%A0-louer-jardin-de-carthage,Appartement meublée à louer Jardin de Carthage,Les Jardins de Carthage à Le Kram,2 800 TND,110.0,2.0,,1.0,,,,,1.0,,Appartement,Nouveau,36.833333,10.316667,,2.0,,,,,,,,,,,,,,,,,,,,,,,,,,,,,,,
https://www.mubawab.tn/fr/a/8009048/appartement-s4-meubl%C3%A9,Appartement S4 Meublé,Les Berges Du Lac 2 à La Marsa,4 500 TND,150.0,4.0,,1.0,,,,,1.0,,Appartement,Nouveau,36.876389,10.325278,,4.0,,,,,,,,,,,,,,,,,,,,,,,,,,,,,,,
https://www.mubawab.tn/fr/a/8028560/appartement-pour-la-location-%C3%A0-la-marsa,Appartement pour la location à la Marsa,La Marsa à La Marsa,2 800 TND,120.0,2.0,,1.0,,,,,1.0,,Appartement,Nouveau,36.876389,10.325278,,2.0,,,,,,,,,,,,,,,,,,,,,,,,,,,,,,,
https://www.mubawab.tn/fr/a/8006781/%C3%A0-louer-appartement-s3-meubl%C3%A9e-la-marsa,À louer appartement s3 meublée La Marsa,La Marsa à La Marsa,4 000 TND,250.0,3.0,,1.0,,,,,1.0,,Appartement,Nouveau,36.876389,10.325278,,3.0,,,1.0,,,,,,,,,,,,,,,,,,,,,,,,,,,,
https://www.mubawab.tn/fr/a/8001093/appartement-s2-meubl%C3%A9-%C3%A0-louer-au-lac-1,Appartement S2 meublé à louer au lac 1,Les Berges Du Lac 1 à La Marsa,3 500 TND,130.0,,,,,1.0,,,,,Appartement,,36.8355152,10.2241758,,2.0,,,,,,,,1.0,,,,,,,,,,,1.0,,,,,,,,,,,,
https://www.mubawab.tn/fr/a/8025098/particulier-appartement-au-jardins-de-carthage,Particulier Appartement au jardins de Carthage,Les Jardins de Carthage à Le Kram,1 950 TND,160.0,3.0,,1.0,,,1.0,1.0,1.0,,Appartement,Nouveau,36.833333,10.316667,,2.0,,,1.0,,,,1.0,1.0,1.0,,,1.0,,1.0,,,,,,1.0,,1.0,,,,,,,,,
https://www.mubawab.tn/fr/a/8028358/appartement-s2-%C3%A0-la-marsa,Appartement S2 à la Marsa,La Marsa à La Marsa,1 650 TND,,3.0,,1.0,,,,1.0,,,Appartement,Bon état,36.876389,10.325278,,2.0,,,1.0,,,,,,,,,,,,,,,,,,,,,,,,,,,,
https://www.mubawab.tn/fr/a/8028353/appartement-s2-%C3%A0-la-marsa,Appartement S2 à la Marsa,La Marsa à La Marsa,1 650 TND,,3.0,,1.0,1.0,,,,1.0,,Appartement,Bon état,36.876389,10.325278,,2.0,,,1.0,,,,,,,,,,,,,,,,,,,,,,,,,,,,
https://www.mubawab.tn/fr/a/7955391/appartement-s2-meubl%C3%A9-%C3%A0-louer-aux-jardins-de-carthage,Appartement S2 Meublé à louer aux Jardins de Carthage,Les Jardins de Carthage à Le Kram,2 800 TND,,,,,,1.0,,,1.0,,Appartement,,36.8555704,10.291834,,2.0,,,1.0,,,,,1.0,,,,,,,,,,,,,,,,,,,,,,,
https://www.mubawab.tn/fr/a/8028116/appartement-s1-meubl%C3%A9-au-coeur-de-la-marsa,Appartement S1 Meublé au coeur de La Marsa,La Marsa à La Marsa,2 500 TND,50.0,,1.0,,,1.0,,,,,Appartement,,36.8941992,10.2762232,,,,,,,,,,1.0,,,,,,,,,,,1.0,,,,,,,,,,,,
https://www.mubawab.tn/fr/a/8027633/appartement-s3-spacieux,Appartement S3 spacieux,Aouina à La Marsa,1 500 TND,150.0,4.0,,,,,,1.0,1.0,,Appartement,Bon état,36.8533886,10.2504908,,3.0,,,,,,,,,,,,1.0,,,,,5-10 ans,Marbre,,,,,,1er,Sud,2.0,,,,,
https://www.mubawab.tn/fr/a/8027638/un-appartement-s3-%C3%A0-louer,Un Appartement S3 à louer,Bou Mhel à Boumhel Bassatine,850 TND,100.0,3.0,,,,,,1.0,1.0,,Appartement,Bon état,36.57724,10.34246,,3.0,,,,,,,,,,,,,,,,,,,,,,,,,,2.0,,,,,
https://www.mubawab.tn/fr/a/7976653/location-appartement-meuble-au-lac-2,Location Appartement meuble au lac 2,Les Berges Du Lac 2 à La Marsa,4 800 TND,200.0,4.0,,1.0,,,,,,,Appartement,Nouveau,36.876389,10.325278,,4.0,,,,,,,,,,,,,,,,,,,,,,,,,,,,,,,
https://www.mubawab.tn/fr/a/8027541/appartement-s3-vue-mer-%C3%A0-louer-%C3%A0-hammamet,Appartement S3 vue mer à louer à Hammamet,Hammamet à Hammamet,1 200 TND,,6.0,,,,1.0,1.0,,1.0,,Appartement,Bon état,36.40108,10.61457,,3.0,,,1.0,,,,,,,1.0,1.0,1.0,1.0,,,,,,,,,,,,,2.0,,,,,
https://www.mubawab.tn/fr/a/8013310/appartement-%C3%A0-louer-%C3%A0-kantaoui,Appartement à louer à Kantaoui,El Kantaoui à Hammam Sousse,1 500 TND,100.0,5.0,,1.0,,1.0,1.0,1.0,1.0,,Appartement,Bon état,35.8569,10.5972,,2.0,,,1.0,1.0,,,,,,,,,,,,,,,,,,,,,,,,,,,
https://www.mubawab.tn/fr/a/8009280/appartement-meubl%C3%A9-%C3%A0-ain-zaghouan,Appartement meublé à Ain Zaghouan,Ain Zaghouan Sud à La Marsa,1 400 TND,60.0,2.0,1.0,1.0,,1.0,1.0,1.0,1.0,1.0,Appartement,Bon état,36.876389,10.325278,,,,,,,,1.0,,,,,1.0,1.0,1.0,,,,,,,1.0,,,,,,,,,,,
https://www.mubawab.tn/fr/a/8027469/appartement-s2-neuf-%C3%A0-louer-aux-jardins-de-carthage,Appartement S2 Neuf à louer aux Jardins de Carthage,Les Jardins de Carthage à Le Kram,1 800 TND,,,,,,,,,1.0,,Appartement,,36.8555704,10.291834,,2.0,,,,,,,,,,,,,,,,,,,,,,,,,,,,,,,
https://www.mubawab.tn/fr/a/7837272/appartement-s3-avec-jardin-%C3%A0-hammamet,Appartement S3 avec jardin à Hammamet,Hammamet Nord à Hammamet,1 800 TND,100.0,4.0,,,1.0,,,,1.0,,Appartement,Nouveau,36.40108,10.61457,,3.0,,,,,,,,,,,,,,,,,,,,,,,,,,2.0,1.0,,,,
https://www.mubawab.tn/fr/a/8026975/studio-%C3%A0-louer-%C3%A0-l-ann%C3%A9e-%C3%A0-yasmine-hammamet,Studio à louer à l'année à yasmine Hammamet,Yasmine Hammamet à Hammamet,Prix à consulter,45.0,,1.0,1.0,,1.0,1.0,,,,Appartement,Bon état,36.40108,10.61457,1.0,,,,1.0,,,,,,,,,,,,,,,,,,,1.0,,,,,1.0,,,,
https://www.mubawab.tn/fr/a/8026929/appartement-bousten-art,Appartement Bousten Art,Hammamet à Hammamet,Prix à consulter,120.0,3.0,,1.0,,1.0,1.0,1.0,,,Appartement,Nouveau,36.40108,10.61457,,2.0,,,1.0,,,,,,1.0,1.0,1.0,1.0,1.0,1.0,,,,,,1.0,,1.0,,,,,1.0,,,,
https://www.mubawab.tn/fr/a/8026842/s1-mourouj-6,S1 mourouj 6,El Mourouj 6 à El Mourouj,850 TND,60.0,2.0,1.0,1.0,1.0,,,1.0,1.0,,Appartement,Nouveau,36.6938694,10.2622167,,,,,1.0,,,,,1.0,,,,1.0,,,,,Moins d'un an,Marbre,1.0,1.0,,1.0,,4ème,Nord,,,,,,
https://www.mubawab.tn/fr/a/7959165/un-appartement-s2-%C3%A0-louer-%C3%A0-khzema-est,Un appartement S2 à louer à khzema Est,Khezama Est,1 750 TND,100.0,2.0,,1.0,,1.0,1.0,1.0,1.0,,Appartement,Nouveau,35.907528771032766,10.596621650371468,,2.0,,,1.0,,,1.0,,1.0,1.0,1.0,,,,,,,,,,1.0,,1.0,,,,,,,,,
https://www.mubawab.tn/fr/a/7945963/un-appartement-s3-%C3%A0-louer-%C3%A0-sahloul,Un appartement S3 à louer à Sahloul,Sahloul à Sousse Jaouhara,1 800 TND,180.0,3.0,,1.0,,1.0,1.0,1.0,1.0,,Appartement,Nouveau,35.832439,10.622471,,3.0,,,1.0,,,1.0,,1.0,1.0,1.0,1.0,1.0,1.0,,,,,,,1.0,,1.0,,,,,,,,,
https://www.mubawab.tn/fr/a/8026801/un-appartement-s3,Un appartement S3,Les Jardins de Carthage à Le Kram,2 300 TND,165.0,4.0,,,,,1.0,1.0,1.0,,Appartement,Nouveau,36.8555704,10.291834,,3.0,,,1.0,,1.0,,,1.0,1.0,1.0,,1.0,,,,,,,1.0,1.0,,1.0,,,,2.0,,,,,
https://www.mubawab.tn/fr/a/8026708/s1-meubl%C3%A9-%C3%A0-gammarth,S1 meublé à Gammarth,Gammarth à La Marsa,1 700 TND,80.0,2.0,1.0,1.0,,1.0,1.0,1.0,1.0,1.0,Appartement,Bon état,36.917739,10.288893,,,,,1.0,,1.0,1.0,1.0,1.0,,,1.0,1.0,1.0,1.0,1.0,,,,1.0,,,,,,,,,,,,
https://www.mubawab.tn/fr/a/8026606/un-appartement-s4-%C3%A0-la-marsa,Un appartement S4 à la Marsa,La Marsa à La Marsa,2 000 TND,150.0,,,,,,1.0,1.0,1.0,,Appartement,Bon état,36.8941992,10.2762232,1.0,4.0,,,1.0,,,,,1.0,,,,,,,,,,,,,,,1.0,,,2.0,,,,,
https://www.mubawab.tn/fr/a/7940078/a-louer-appartement-meubl%C3%A9-gammarth,A Louer Appartement Meublé Gammarth,Gammarth à La Marsa,3 800 TND,,3.0,,,,1.0,1.0,1.0,1.0,1.0,Appartement,Nouveau,36.876389,10.325278,,2.0,,,1.0,1.0,,,,1.0,1.0,1.0,1.0,1.0,1.0,1.0,,1.0,,,1.0,,1.0,,,,,2.0,,,,,
https://www.mubawab.tn/fr/a/8025984/appartement-s2-neuf-%C3%A0-jardin-de-carthage,Appartement s2 neuf à jardin de carthage,Les Jardins de Carthage à Le Kram,2 400 TND,113.0,,,,,,1.0,1.0,1.0,,Appartement,Nouveau,36.8555704,10.291834,1.0,2.0,,,1.0,,,,1.0,1.0,1.0,1.0,,1.0,,,,,Moins d'un an,,1.0,1.0,,1.0,,2ème,Est,2.0,,,,,
https://www.mubawab.tn/fr/a/8025870/un-joli-appartement,Un joli appartement,Cité El Wafa à Nabeul,1 100 TND,137.0,3.0,,1.0,,,,1.0,1.0,,Appartement,Nouveau,36.45056,10.73505,,2.0,,,1.0,,,,,,,,,,,,,,Moins d'un an,Marbre,1.0,1.0,,1.0,,2ème,Est,,,,,,
https://www.mubawab.tn/fr/a/8009239/duplex-s3-avec-piscine-dans-une-petite-r%C3%A9sidence,Duplex S3 avec piscine dans une petite résidence,La Marsa à La Marsa,4 300 TND,250.0,3.0,,,1.0,,1.0,1.0,1.0,,Appartement,Bon état,36.876389,10.325278,,3.0,,,1.0,,1.0,1.0,,1.0,1.0,1.0,,,,,1.0,1.0,1-5 ans,Marbre,1.0,,1.0,1.0,,,,3.0,1.0,,,,
https://www.mubawab.tn/fr/a/8024313/un-appartement-s3-%C3%A0-gammarth,Un appartement S3 à Gammarth,Gammarth à La Marsa,1 800 TND,170.0,2.0,,,1.0,,1.0,1.0,1.0,,Appartement,Bon état,36.917739,10.288893,,3.0,,,1.0,,,,,1.0,1.0,1.0,,,,,,,,,,,,,,,,3.0,,,,,
https://www.mubawab.tn/fr/a/8022584/un-appartement-s2-au-c%C5%93ur-de-la-marsa,Un appartement S2 au cœur de la Marsa,La Marsa à La Marsa,2 600 TND,100.0,,,1.0,,1.0,1.0,1.0,1.0,1.0,Appartement,Bon état,36.8941992,10.2762232,1.0,2.0,,,1.0,,1.0,1.0,1.0,1.0,1.0,1.0,1.0,1.0,1.0,,1.0,,,,,,,,1.0,,,,,,,,
https://www.mubawab.tn/fr/a/8025689/a-louer-s2-%C3%A0-kheireddine-pour-longue-dur%C3%A9e,A louer S2 à kheireddine pour longue durée,La Goulette à La Goulette,Prix à consulter,70.0,3.0,,1.0,,1.0,1.0,1.0,1.0,1.0,Appartement,Nouveau,36.818056,10.305,,2.0,,,,,,,1.0,1.0,,1.0,1.0,1.0,1.0,,,,1-5 ans,,,,,1.0,,,,,,,,,
https://www.mubawab.tn/fr/a/8021173/appartement-neuf-jamais-habit%C3%A9,Appartement neuf jamais habité,Ettahrir à Ettahrir,700 TND,100.0,3.0,,1.0,,,,,1.0,,Appartement,Nouveau,36.828893444980615,10.115367420409646,,2.0,,,1.0,,,,1.0,,,,,,,,,,Moins d'un an,Carrelage,,,,,,2ème,,,,,,,
https://www.mubawab.tn/fr/a/7986498/a-louer-un-s2-au-lac2,A louer un s2 au lac2,Les Berges Du Lac 2 à La Marsa,1 600 TND,90.0,3.0,,1.0,,,1.0,,1.0,,Appartement,Bon état,36.8468986,10.2641808,,2.0,,,,,,,,,,1.0,,,,,,,5-10 ans,Marbre,,1.0,,1.0,,3ème,,,,,,,
https://www.mubawab.tn/fr/a/7924262/appartement-s2-neuf-aux-jdc,Appartement S2 neuf aux JDC,Les Jardins de Carthage à Le Kram,2 200 TND,,3.0,,1.0,1.0,,1.0,1.0,1.0,,Appartement,Nouveau,36.833333,10.316667,,2.0,,,1.0,,,1.0,1.0,1.0,,,,1.0,,1.0,1.0,1.0,Moins d'un an,Carrelage,1.0,,,,,,,,,,,,
https://www.mubawab.tn/fr/a/8024962/%C3%A0-louer-s2-%C3%A0-ain-zaghouan-cite-wehat,À louer S2 à Ain zaghouan Cite Wehat,La Soukra à La Soukra,1 050 TND,130.0,3.0,,1.0,,,,1.0,1.0,,Appartement,Bon état,36.883333,10.25,,3.0,,,,,,,,,,,,,,,,,,,,1.0,,,,,,,,,,,
https://www.mubawab.tn/fr/a/8013056/s3-meubl%C3%A9-%C3%A0-la-marsa,S3 meublé à la marsa,Cité Les Pins à La Marsa,2 300 TND,220.0,,,,1.0,1.0,,,,,Appartement,,36.8590944,10.2564551,,3.0,,,,,,,,,,,,,,,,,,,,,,,,,,,,,,,
https://www.mubawab.tn/fr/a/8025142/appartement-s2-a-louer-a-kantaoui,Appartement S2 A louer A Kantaoui,El Kantaoui à Hammam Sousse,1 600 TND,100.0,2.0,,1.0,,1.0,1.0,1.0,1.0,1.0,Appartement,Nouveau,35.8569,10.5972,,2.0,,,,,,,,,,,1.0,1.0,1.0,,,,Moins d'un an,Carrelage,1.0,1.0,,,,3ème,,,,,,,
https://www.mubawab.tn/fr/a/8025023/appartement-a-louer-sahloul-ghrabi,Appartement a louer sahloul ghrabi,Hammam Sousse Gharbi,470 TND,90.0,4.0,,1.0,,,,,,,Appartement,Bon état,35.79,10.56,,3.0,,,1.0,,,,,,,,,,,,,,5-10 ans,Carrelage,,,,,,3ème,,,,,,,
https://www.mubawab.tn/fr/a/8024985/%C3%A9tage-de-villa-meubl%C3%A9-%C3%A0-louer-sidi-bou-said,Étage de villa meublé à louer Sidi Bou Said,Sidi Bousaid à Carthage,1 600 TND,110.0,2.0,,1.0,,,,,1.0,,Appartement,Nouveau,36.8566,10.3258,,3.0,,,,,,,,,,,,,,,,,,,,,,,,,,,,,,,
https://www.mubawab.tn/fr/a/8002550/s2-meubl%C3%A9-%C3%A0-louer-aux-jardins-de-carthage,S2 Meublé à Louer Aux Jardins De Carthage,Les Jardins de Carthage à Le Kram,2 500 TND,,3.0,,1.0,,1.0,1.0,1.0,1.0,1.0,Appartement,Bon état,36.833333,10.316667,,2.0,,,1.0,,,,,1.0,1.0,,1.0,1.0,1.0,1.0,,,,,1.0,1.0,,,,,,,,,,,
https://www.mubawab.tn/fr/a/8024636/appartement-%C3%A0-louer-%C3%A0-hammam-sousse,Appartement à louer à Hammam Sousse,Cité de la Plage à Hammam Sousse,950 TND,100.0,5.0,,1.0,,,,1.0,,,Appartement,Bon état,35.8569,10.5972,,2.0,,,1.0,,,,,,,,,,,,,,,,,1.0,,,,,,,,,,,
https://www.mubawab.tn/fr/a/8024556/a-louer-appartement-s3-%C3%A0-menzah-9c,A Louer Appartement S3 à Menzah 9C,El Menzah 9 à El Menzah,2 000 TND,130.0,3.0,,1.0,,,1.0,,,,Appartement,Nouveau,36.845235,10.164723,,3.0,,,1.0,,,,,,,,,,,,,,,,,,,,,,,,,,,,
https://www.mubawab.tn/fr/a/7951682/un-penthouse-s3-%C3%A0-louer-situ%C3%A9-%C3%A0-sahloul,Un penthouse S3 à louer situé à Sahloul,Sahloul à Sousse Jaouhara,4 500 TND,300.0,3.0,,,,1.0,1.0,1.0,1.0,,Appartement,Nouveau,35.832439,10.622471,,3.0,,,1.0,,,1.0,,1.0,1.0,1.0,,,,,,,,,,,,,,,,3.0,,,,,
https://www.mubawab.tn/fr/a/8002852/un-appartement-s4-%C3%A0-louer-situ%C3%A9-%C3%A0-sahloul-4,Un appartement S4 à louer situé à Sahloul 4,Sahloul à Sousse Jaouhara,3 000 TND,150.0,4.0,,,,1.0,1.0,1.0,1.0,1.0,Appartement,Nouveau,35.832439,10.622471,,4.0,,,1.0,,,1.0,,1.0,1.0,1.0,1.0,1.0,1.0,,,,,,,1.0,,1.0,,,,3.0,1.0,,,,
https://www.mubawab.tn/fr/a/7995344/un-appartement-s3-%C3%A0-louer-%C3%A0-sahloul,Un appartement S3 à louer à Sahloul,Sahloul à Sousse Jaouhara,1 800 TND,130.0,3.0,,1.0,,1.0,1.0,1.0,1.0,,Appartement,Nouveau,35.832439,10.622471,,3.0,,,1.0,,,1.0,,1.0,1.0,1.0,,1.0,,1.0,,,,,,1.0,,1.0,,,,,,,,,
https://www.mubawab.tn/fr/a/7995762/grand-s3-vue-mer-%C3%A0-la-marsa-corniche,Grand S3 vue mer à la Marsa corniche,La Marsa à La Marsa,4 400 TND,200.0,4.0,,,,,1.0,1.0,1.0,1.0,Appartement,Bon état,36.88261411641675,10.336074680733692,,3.0,,,1.0,1.0,,,,,,,1.0,1.0,1.0,1.0,,1.0,,,,,1.0,,,,,2.0,,,,,
https://www.mubawab.tn/fr/a/8022615/s0-ind%C3%A9pendant-%C3%A0-louer-%C3%A0-salambo-le-kram,S0 Indépendant à louer à Salambo Le Kram,Salambo à Carthage,500 TND,25.0,,1.0,1.0,,,,,,,Appartement,Bon état,36.8566,10.3258,1.0,,,,,,,,,,,,,,,,,,,Carrelage,,,,,,,,,,,,,
https://www.mubawab.tn/fr/a/8024282/location-appartement-haut-standing-s2-mourouj-6,Location appartement haut standing s2 mourouj 6,El Mourouj 6 à El Mourouj,850 TND,110.0,4.0,,1.0,,,,1.0,1.0,,Appartement,Nouveau,36.6938694,10.2622167,,2.0,,,1.0,,1.0,,1.0,,,,,,,,,,Moins d'un an,Marbre,,,,,,,Est,,,,,,
https://www.mubawab.tn/fr/a/8024249/location-appartement-s2-jardin-de-carthage,Location appartement s2 jardin de Carthage,Les Jardins de Carthage à Le Kram,1 900 TND,145.0,,,1.0,,,1.0,1.0,1.0,,Appartement,Nouveau,36.8555704,10.291834,1.0,2.0,,,1.0,,,,,1.0,1.0,1.0,,,,,,,,,1.0,1.0,,,,,,,,,,,
https://www.mubawab.tn/fr/a/7934516/appartement-s3-meubl%C3%A9-%C3%A0-la-marsa,Appartement S3 meublé à la Marsa,La Marsa à La Marsa,2 500 TND,120.0,,,,,1.0,,,,,Appartement,,36.8941992,10.2762232,,4.0,,,1.0,,,,,1.0,,,,,,,,,,,,,,,,,,,,,,,
https://www.mubawab.tn/fr/a/7524713/un-appartement-s3-%C3%A0-yasmin-hammamet-%C3%A0-louer,Un appartement s3 à Yasmin Hammamet à louer,Yasmine Hammamet à Hammamet,1 800 TND,,4.0,,,,1.0,1.0,1.0,1.0,1.0,Appartement,Bon état,36.40108,10.61457,,3.0,,,1.0,,1.0,1.0,,,1.0,1.0,,1.0,1.0,,,,,,,,,1.0,,,,2.0,,,,,
https://www.mubawab.tn/fr/a/8011945/appartement-s2-meubl%C3%A9-%C3%A0-la-marsa,Appartement S2 meublé à La Marsa,La Marsa à La Marsa,3 000 TND,,3.0,,,,1.0,1.0,1.0,1.0,1.0,Appartement,Bon état,36.876389,10.325278,,2.0,,,,,,1.0,1.0,1.0,1.0,1.0,1.0,1.0,1.0,1.0,1.0,1.0,1-5 ans,Carrelage,,,,,,,,2.0,,,,,
https://www.mubawab.tn/fr/a/8008339/appartement-s2-meubl%C3%A9-avec-terrasse-au-lac-2,Appartement S2 meublé avec terrasse au Lac 2,Les Berges Du Lac 2 à La Marsa,4 500 TND,,3.0,,1.0,,1.0,1.0,1.0,1.0,1.0,Appartement,Bon état,36.876389,10.325278,,2.0,,,1.0,,1.0,1.0,1.0,1.0,1.0,1.0,1.0,1.0,1.0,1.0,1.0,1.0,1-5 ans,Carrelage,1.0,,,1.0,,,,,,,,,
https://www.mubawab.tn/fr/a/8023997/location-s2-meubl%C3%A9-jardin-de-carthage,Location S2 meublé jardin de Carthage,Les Jardins de Carthage à Le Kram,2 600 TND,140.0,,,1.0,,1.0,1.0,1.0,1.0,,Appartement,Nouveau,36.855570400000005,10.291834,1.0,2.0,,,1.0,,,,,,,,,,,,,,,,1.0,1.0,,1.0,,,,,,,,,
https://www.mubawab.tn/fr/a/7995228/a-louer-s1-haut-standing-%C3%A0-tunis-lafayette,A louer S1 haut standing à tunis lafayette,Tunis Belvedere à El Menzah,1 800 TND,65.0,2.0,1.0,1.0,,1.0,1.0,1.0,1.0,1.0,Appartement,Bon état,36.8194363,10.1705906,,,,,,,,,,,,,1.0,1.0,1.0,,,,,,,,,,,5ème,,,,,,,
https://www.mubawab.tn/fr/a/7885839/%C3%A0-louer-charmant-appartement-s2-%C3%A0-la-soukra,À louer Charmant Appartement S2 à La Soukra,La Soukra à La Soukra,1 800 TND,200.0,,,1.0,,,1.0,,1.0,,Appartement,,36.88833,10.27417,,,,,,,,,,,,,,,,,,,,,,,,,,,,,,,,,
https://www.mubawab.tn/fr/a/7271123/appartement-s2-richement-meubl%C3%A9-%C3%A0-ennasr,Appartement s2 richement meublé à ennasr,Cité Ennasr 2 à Ariana Ville,2 300 TND,145.0,,,,,,1.0,1.0,1.0,,Appartement,Nouveau,36.8625,10.19556,,2.0,,,,,,,1.0,,,1.0,,1.0,,,,,5-10 ans,Marbre,1.0,1.0,,1.0,,,Ouest,2.0,,,,,
https://www.mubawab.tn/fr/a/8019447/appartement-s2-hst-aux-jardins-de-carthage,Appartement S2 HST aux jardins de carthage,Les Jardins de Carthage à Le Kram,2 400 TND,130.0,3.0,,,,,1.0,1.0,1.0,,Appartement,Nouveau,36.833333,10.316667,,2.0,,,1.0,,,,,1.0,,,,1.0,,,,,,,,,,,,,,2.0,,,,,
https://www.mubawab.tn/fr/a/7959458/appartement-s2-vide-%C3%A0-sidi-daoued,Appartement S2 Vide à Sidi Daoued,Sidi Daoued à La Marsa,2 200 TND,90.0,3.0,,,,,1.0,1.0,1.0,,Appartement,Nouveau,36.876389,10.325278,,2.0,,,1.0,,,,,1.0,,,1.0,1.0,,1.0,,,5-10 ans,Marbre,1.0,1.0,,1.0,,1er,Est,2.0,,,,,
https://www.mubawab.tn/fr/a/8002723/appartement-s2-de-118-m%C2%B2-sur-la-route-du-relais,Appartement S2 de 118 m² sur La route du relais,Cité El Moez à La Marsa,1 700 TND,118.0,3.0,,,,,1.0,1.0,1.0,,Appartement,Bon état,36.876389,10.325278,,2.0,,,1.0,,,,,1.0,,,,,,,,,5-10 ans,Marbre,1.0,1.0,,1.0,,1er,,2.0,,,,,
https://www.mubawab.tn/fr/a/8023904/appartement-s2-au-rez-de-chauss%C3%A9e-avec-entr%C3%A9e-prv,Appartement s2 au rez de chaussée avec entrée prv,Cité Taieb Mhiri à Menzel Chaker,1 200 TND,90.0,2.0,,1.0,1.0,1.0,1.0,1.0,1.0,1.0,Appartement,Nouveau,36.86255622180603,10.264998598000512,,2.0,,,1.0,,,1.0,1.0,1.0,1.0,1.0,1.0,1.0,1.0,1.0,,,1-5 ans,Marbre,1.0,,,1.0,,,,,,,,,
https://www.mubawab.tn/fr/a/8023528/appartement-pamela,Appartement pamela,Borj Cedria à Hammam Chatt,1 000 TND,124.0,,,,,,,1.0,1.0,,Appartement,Nouveau,36.658969000000006,10.405946000000004,1.0,3.0,,,,,1.0,,1.0,1.0,,1.0,,,,,,,Moins d'un an,Marbre,,1.0,1.0,1.0,,2ème,Nord,2.0,,,,,
https://www.mubawab.tn/fr/a/8023536/a-louer-s1avec-terrasse-vue-mer-%C3%A0-hammamet,A Louer: S1avec terrasse vue mer à Hammamet,Hammamet à Hammamet,1 300 TND,,5.0,1.0,,,1.0,1.0,1.0,1.0,1.0,Appartement,Bon état,36.40108,10.61457,,,,,1.0,1.0,,,,1.0,,,1.0,1.0,1.0,1.0,,,,,1.0,,,,,3ème,,2.0,,,,,
https://www.mubawab.tn/fr/a/8023432/a-louer-appartement-moderne-s1-%C3%A0-mutuelle-ville,A louer appartement moderne S1 à Mutuelle ville,Mutuelle Ville à El Menzah,1 500 TND,70.0,,1.0,1.0,,,1.0,1.0,1.0,,Appartement,Nouveau,36.845235,10.164723,1.0,,,,,,,,,,,,1.0,,1.0,,,,Moins d'un an,Parquet,,,,,,,,,,,,,
https://www.mubawab.tn/fr/a/8022731/bel-appartement-s-3-au-lac-2,Bel appartement S 3 au lac 2,Les Berges Du Lac 2 à La Marsa,4 500 TND,,5.0,,,,1.0,1.0,1.0,1.0,1.0,Appartement,Bon état,36.84689860000002,10.2641808,,3.0,,,,,,,,,1.0,1.0,1.0,1.0,1.0,1.0,,,,,,1.0,,1.0,,,,2.0,,,,,
https://www.mubawab.tn/fr/a/8023170/s3-vue-sur-mer-palais-pr%C3%A9sidentiel-skanes,S3 vue sur mer palais présidentiel Skanes,Skanes à Monastir Ville,3 500 TND,200.0,5.0,,,,,1.0,1.0,1.0,1.0,Appartement,Nouveau,35.7678,10.8225,,3.0,,,1.0,1.0,1.0,1.0,1.0,1.0,1.0,1.0,1.0,1.0,,1.0,,,Moins d'un an,Marbre,,,1.0,,,1er,Est,4.0,,,,,
https://www.mubawab.tn/fr/a/7780925/appartement-happiness-hammamet,Appartement happiness hammamet,Hammamet Sud à Hammamet,150 TND,61.0,,1.0,1.0,,1.0,1.0,1.0,1.0,1.0,Appartement,Nouveau,36.40386012781201,10.617461602736462,1.0,,,,1.0,,1.0,1.0,1.0,1.0,,,1.0,1.0,1.0,1.0,1.0,,1-5 ans,Carrelage,,1.0,1.0,1.0,,2ème,,,,,,,
https://www.mubawab.tn/fr/a/8006747/s3-%C3%A0-louer-marsa-ville,S3 à louer Marsa ville,La Marsa à La Marsa,1 800 TND,100.0,4.0,,1.0,,1.0,1.0,1.0,1.0,1.0,Appartement,Bon état,36.876389,10.325278,,3.0,,,,,,,,,1.0,1.0,1.0,1.0,1.0,1.0,1.0,,,,,,,,,,,,,,,,
https://www.mubawab.tn/fr/a/7864020/a-louer-luxe-appartement-s3-%C3%A0-ennaser-2,A louer luxe Appartement S3 à Ennaser 2,Cité Ennasr 2 à Ariana Ville,1 700 TND,150.0,4.0,,,,,1.0,1.0,1.0,,Appartement,Nouveau,36.8625,10.19556,,3.0,,,1.0,,1.0,,,1.0,1.0,1.0,,,,,,,5-10 ans,,1.0,1.0,,1.0,1.0,1er,,3.0,,,,,
https://www.mubawab.tn/fr/a/7996359/a-louer-un-appartement-s2-tr%C3%A9s-haut-standing-%C3%A0-choutrana-1,A Louer Un Appartement S2 trés Haut Standing à Choutrana 1,Chotrana 1 à La Soukra,1 400 TND,150.0,2.0,,1.0,,,1.0,1.0,,,Appartement,Nouveau,36.883333,10.25,,2.0,,,1.0,,,,,1.0,,,,,,,,,,,,,,,,,,,,,,,
https://www.mubawab.tn/fr/a/8022590/a-louer-un-appartement-s2-%C3%A0-cit%C3%A9-wahat,A Louer Un Appartement s2 à Cité Wahat,Aouina à La Marsa,1 250 TND,,2.0,,1.0,,,1.0,1.0,,,Appartement,Nouveau,36.876389,10.325278,,2.0,,,1.0,,,,,1.0,,,,1.0,,,,,,,,,,,,,,,,,,,
https://www.mubawab.tn/fr/a/8003376/un-beau-appartement-richement-meubl%C3%A9,Un beau appartement richement meublé,Les Berges Du Lac 1 à La Marsa,3 500 TND,180.0,3.0,,,,,,,1.0,,Appartement,Bon état,36.876389,10.325278,,2.0,,,1.0,,,1.0,1.0,,,,1.0,1.0,,,,,5-10 ans,Marbre,1.0,1.0,,,,,,2.0,,,,,
https://www.mubawab.tn/fr/a/7997877/studio-%C3%A0-louer-%C3%A0-hammamet-nord-badira,Studio à louer à Hammamet Nord Badira,Hammamet Nord à Hammamet,1 100 TND,75.0,2.0,1.0,1.0,,1.0,1.0,1.0,1.0,1.0,Appartement,Bon état,36.40108,10.61457,,,,,1.0,,,,,,,,1.0,1.0,1.0,,,,,,,,,,,,,,,,,,
https://www.mubawab.tn/fr/a/7633332/location-appartement-s3-meubl%C3%A9-a-ain-zaghouen-nord,Location appartement s3 meublé a ain zaghouen nord,Ain Zaghouan Nord à La Marsa,2 500 TND,150.0,7.0,,,,1.0,1.0,1.0,1.0,1.0,Appartement,Bon état,36.876389,10.325278,,3.0,,,1.0,,,1.0,1.0,1.0,1.0,1.0,1.0,1.0,1.0,1.0,1.0,,,,1.0,1.0,,1.0,,,,3.0,,,,,
https://www.mubawab.tn/fr/a/7910518/rez-de-chauss%C3%A9e-s2-avec-jardin,Rez de chaussée s2 avec jardin,Cité Les Pins à La Marsa,1 600 TND,200.0,6.0,,1.0,1.0,,1.0,1.0,1.0,,Appartement,Bon état,36.87379809267363,10.32392228687618,,2.0,,,1.0,,,,1.0,,,,,,,,,,Moins d'un an,Carrelage,,,,,,,,,,,,,
https://www.mubawab.tn/fr/a/8016346/location-luxueux-appartement-s3-meubl%C3%A9,Location Luxueux Appartement S3 meublé,La Marsa à La Marsa,4 500 TND,200.0,5.0,,,1.0,1.0,1.0,1.0,1.0,,Appartement,Bon état,36.876389,10.325278,,3.0,,,1.0,,,,,1.0,,,,,,,,,,,,,,1.0,,,,3.0,,,,,
https://www.mubawab.tn/fr/a/8022077/location-appartement-riadh-%C3%A0-hammamet,Location Appartement Riadh à Hammamet,Hammamet à Hammamet,1 100 TND,78.0,2.0,1.0,1.0,,1.0,1.0,1.0,1.0,1.0,Appartement,Bon état,36.40108,10.61457,,,,,1.0,,,1.0,1.0,1.0,1.0,1.0,1.0,1.0,1.0,1.0,1.0,,1-5 ans,Marbre,,1.0,,1.0,,,Nord,,,,,,
https://www.mubawab.tn/fr/a/8000442/a-louer-s4-%C3%A0-l-ariana,A Louer S4 à L'Ariana,Ariana à Ariana Ville,1 500 TND,150.0,5.0,,,,,,1.0,,,Appartement,Bon état,36.8625,10.19556,,4.0,,,1.0,,,,,,,,,,,,,,,,,1.0,,,,1er,,2.0,,,,,
https://www.mubawab.tn/fr/a/8019789/a-louer-un-appartement-en-s2-au-rez-de-chauss%C3%A9e-%C3%A0-gammarth,A louer un appartement en S2 au rez de chaussée à Gammarth,Gammarth à La Marsa,1 900 TND,130.0,,,,,1.0,1.0,1.0,1.0,,Appartement,,36.917739,10.288893,,3.0,,,1.0,,,,,1.0,,,,,,,,,,,,,,,,,,,,,,,
https://www.mubawab.tn/fr/a/8021849/a-louer-appartement-s1-gammarth-touristique,A louer appartement S1 Gammarth touristique,Gammarth à La Marsa,1 700 TND,60.0,2.0,1.0,,,1.0,1.0,1.0,1.0,1.0,Appartement,Bon état,36.876389,10.325278,,,,,,,,,,1.0,,,1.0,1.0,1.0,1.0,1.0,,Moins d'un an,Marbre,,1.0,,,,2ème,,2.0,,,,,
https://www.mubawab.tn/fr/a/8021835/a-louer-appartement-s1-jamais-habit%C3%A9-%C3%A0-chotrana-1,A louer appartement S1 jamais habité à Chotrana 1,Chotrana 1 à La Soukra,1 250 TND,75.0,2.0,1.0,1.0,,,1.0,1.0,1.0,,Appartement,Nouveau,36.883333,10.25,,,,,,,1.0,,1.0,1.0,,1.0,,1.0,1.0,,,,Moins d'un an,Marbre,,1.0,,1.0,,2ème,,,1.0,,,,
https://www.mubawab.tn/fr/a/8021828/a-louer-un-appartement-s1-%C3%A0-la-nouvelle-soukra,A louer un appartement S1 à la nouvelle soukra,La Soukra à La Soukra,1 350 TND,74.0,2.0,1.0,1.0,,,1.0,1.0,1.0,,Appartement,Nouveau,36.883333,10.25,,,,,1.0,,,,,,,,,,,,,,Moins d'un an,Marbre,1.0,,,1.0,,,,,,,,,
https://www.mubawab.tn/fr/a/8021662/s2-cit%C3%A9-les-pins-%C3%A0-louer,S2 Cité les pins à louer,Cité Les Pins à La Marsa,1 850 TND,90.0,3.0,1.0,1.0,,,1.0,1.0,1.0,,Appartement,Bon état,36.876389,10.325278,,,,,,,,,,,1.0,1.0,,1.0,,,,,5-10 ans,,,,,,,,Est,,,,,,
https://www.mubawab.tn/fr/a/8021377/a-louer-appartement-s3-%C3%A0-jardin-d-el-menzah,A Louer Appartement S3 à Jardin d'el Menzah,Les Jardins d'El Menzah 1 à Ariana Ville,1 400 TND,125.0,3.0,,1.0,,,1.0,1.0,,,Appartement,Nouveau,36.8625,10.19556,,3.0,,,,,,,,,,,,,,,,,,,,,,,,,,,,,,,
https://www.mubawab.tn/fr/a/7890586/louer-un-appartement-au-centre-ville-bizerte,Louer un appartement au centre ville Bizerte,Bizerte,550 TND,60.0,,1.0,1.0,,,,,,,Appartement,Bon état,37.266667,9.866667,1.0,,,,1.0,,1.0,,,,,,,,,,,,,,,,,,,1er,,,,,,,
https://www.mubawab.tn/fr/a/8021252/s1-jamais-habit%C3%A9e-%C3%A0-menzah-9c,S1 jamais habitée à Menzah 9C,El Menzah 9 à El Menzah,1 100 TND,90.0,2.0,1.0,1.0,,,1.0,1.0,1.0,,Appartement,Nouveau,36.845235,10.164723,,,,,1.0,,1.0,,,1.0,1.0,1.0,,,,,,,Moins d'un an,Marbre,,1.0,,1.0,,,,,,,,,
https://www.mubawab.tn/fr/a/8021172/joli-appartement-s1-meubl%C3%A9-lac1,Joli appartement S1 meublé Lac1,Les Berges Du Lac 1 à La Marsa,1 900 TND,65.0,2.0,1.0,1.0,,1.0,1.0,1.0,,1.0,Appartement,Nouveau,36.876389,10.325278,,,,,,,,1.0,1.0,1.0,1.0,1.0,1.0,1.0,1.0,1.0,,,1-5 ans,,,1.0,,1.0,,,,,,,,,
https://www.mubawab.tn/fr/a/8017827/s3-%C3%A0-sidi-bousaid,S3 à Sidi Bousaid,Amilcar à Carthage,2 200 TND,,4.0,,1.0,1.0,,1.0,1.0,1.0,,Appartement,Bon état,36.8566,10.3258,,3.0,,,1.0,,1.0,1.0,,,1.0,1.0,,,,,,,1-5 ans,Marbre,,,,,,,,,,,,,
https://www.mubawab.tn/fr/a/8020791/etage-villa-manar1,Etage villa Manar1,El Manar 1 à El Menzah,900 TND,150.0,4.0,,,,,,,,,Appartement,Nouveau,36.845235,10.164723,,3.0,120 m²,30 m²,,,1.0,,,,,,,,,,,,5-10 ans,Marbre,1.0,,,1.0,,1er,Sud,2.0,,,,,
https://www.mubawab.tn/fr/a/8020624/appartement-s2-meubl%C3%A9-%C3%A0-louer-%C3%A0-cit%C3%A9-el-ghazala,Appartement s2 meublé à louer à cité el ghazala,Cité el Ghazela à Raoued,1 300 TND,120.0,2.0,,1.0,,,1.0,1.0,,,Appartement,Nouveau,36.954444,10.191389,,2.0,,,,,,,,,,,,1.0,,,,,,,,,,,,,,,,,,,
https://www.mubawab.tn/fr/a/8020534/a-louer-un-appartement-luxueux-a-hammamet,A louer un appartement luxueux a hammamet,Hammamet Sud à Hammamet,1 800 TND,168.0,3.0,,1.0,,1.0,1.0,1.0,1.0,1.0,Appartement,Nouveau,36.40108,10.61457,,2.0,130 m²,38 m²,1.0,,,,1.0,1.0,1.0,,1.0,1.0,1.0,1.0,1.0,1.0,Moins d'un an,Marbre,1.0,1.0,,1.0,,,Ouest,,1.0,,,,
https://www.mubawab.tn/fr/a/8020396/a-louer-pour-longue-dur%C3%A9e,A louer pour longue durée,Cité Ennouzha à Ariana Ville,1 000 TND,118.0,6.0,,1.0,,1.0,1.0,,1.0,1.0,Appartement,Bon état,36.8625,10.19556,,3.0,,,1.0,,1.0,,1.0,,,,1.0,1.0,1.0,1.0,,,30-50 ans,Carrelage,,1.0,1.0,,1.0,16ème,Sud,,,,,,
https://www.mubawab.tn/fr/a/8015356/kh%C3%A9zama-charkia-appart-s2-meubl%C3%A9,Khézama Charkia Appart S2 Meublé,Khezama Est,1 200 TND,100.0,3.0,,1.0,,1.0,1.0,1.0,1.0,1.0,Appartement,Bon état,35.8273,10.6339,,2.0,,,,,,,1.0,,,,1.0,1.0,1.0,1.0,,,10-20 ans,,,1.0,,,,1er,,,,,,,
https://www.mubawab.tn/fr/a/7959017/un-appartement-s2-%C3%A0-khzema-est-pour-les-vacances,Un appartement S2 à khzema Est pour les vacances,Khezama Est,1 750 TND,100.0,2.0,,1.0,,1.0,1.0,1.0,1.0,,Appartement,Nouveau,35.844,10.618753,,2.0,,,1.0,,,,,1.0,1.0,1.0,,,,,,,,,,1.0,,1.0,,,,,,,,,
https://www.mubawab.tn/fr/a/8019743/coquet-appartement-s-2-meubl%C3%A9-%C3%A0-la-marsa,Coquet Appartement S 2 meublé à La Marsa,La Marsa à La Marsa,3 000 TND,85.0,,,,,1.0,,,,,Appartement,,36.8941992,10.2762232,,2.0,,,,,,,,,,,,,,,,,,,1.0,,,,,,,,,,,,
https://www.mubawab.tn/fr/a/8019711/appartement-s1-pour-l-ann%C3%A9e-universitaire,Appartement s1 Pour l'année Universitaire,Cité El Wafa à Nabeul,Prix à consulter,65.0,2.0,1.0,1.0,,1.0,1.0,1.0,1.0,1.0,Appartement,Bon état,36.45056,10.73505,,,,,1.0,,,,,,,,1.0,1.0,1.0,,,,Moins d'un an,Marbre,,1.0,,1.0,,,,,1.0,,,,
https://www.mubawab.tn/fr/a/7996460/location-appartement-lumi%C3%A8re-s3,Location Appartement Lumière S3,Nabeul à Nabeul,1 400 TND,120.0,4.0,,1.0,,1.0,,1.0,1.0,1.0,Appartement,Nouveau,36.45056,10.73505,,3.0,,,1.0,1.0,,1.0,,1.0,,,1.0,1.0,1.0,1.0,,,,,,,,,1.0,2ème,,,,,,,
https://www.mubawab.tn/fr/a/7994935/appart-s2-%C3%A0-louer-aux-jardins-de-carthage,Appart S2 à Louer Aux Jardins de Carthage,Les Jardins de Carthage à Le Kram,1 500 TND,,3.0,,1.0,,,1.0,1.0,1.0,,Appartement,Bon état,36.833333,10.316667,,2.0,,,1.0,,1.0,,1.0,1.0,1.0,1.0,,1.0,,,1.0,1.0,,,1.0,1.0,,,,,,,,,,,
https://www.mubawab.tn/fr/a/8019231/appartement-s2-au-jardin-de-carthage,Appartement s2 au jardin de Carthage,Les Jardins de Carthage à Le Kram,Prix à consulter,150.0,3.0,,,,,1.0,1.0,1.0,,Appartement,Nouveau,36.833333,10.316667,,2.0,,,1.0,,,,1.0,1.0,1.0,1.0,1.0,1.0,,,1.0,,Moins d'un an,Marbre,1.0,1.0,,1.0,1.0,1er,Nord,2.0,,,,,
https://www.mubawab.tn/fr/a/8019183/appartement-semi-meuble-super-standing-a-ennasr-2,Appartement semi meuble super standing a ennasr 2,Cité Ennasr 2 à Ariana Ville,3 500 TND,245.0,5.0,,,,1.0,1.0,1.0,1.0,1.0,Appartement,Bon état,36.8625,10.19556,,3.0,,,1.0,,1.0,1.0,1.0,1.0,1.0,1.0,1.0,1.0,1.0,1.0,1.0,,10-20 ans,Marbre,1.0,1.0,1.0,1.0,1.0,3ème,Est,3.0,,,,,
https://www.mubawab.tn/fr/a/8019143/appartement-s4-retap%C3%A9-%C3%A0-neuf,Appartement s4 retapé à neuf,Aouina à La Marsa,1 500 TND,150.0,5.0,,,,,,1.0,,,Appartement,Bon état,36.8533886,10.2504908,,4.0,,,,,,,,,,,,,,,,,5-10 ans,Carrelage,,,,,,4ème,Sud,2.0,,,,,
https://www.mubawab.tn/fr/a/8012218/appartement-s2-%C3%A0-ain-zaghouan-nord,Appartement S2 à Ain zaghouan nord,Ain Zaghouan Nord à La Marsa,1 250 TND,150.0,3.0,,1.0,,,1.0,1.0,1.0,,Appartement,Bon état,36.8623859,10.2835035,,2.0,,,1.0,,1.0,1.0,1.0,1.0,1.0,1.0,,1.0,,,,,5-10 ans,Marbre,1.0,1.0,,,,2ème,Est,,,,,,
https://www.mubawab.tn/fr/a/8014134/appartement-%C3%A0-louer-%C3%A0-tantana,Appartement à louer à tantana,Chott Meriem à Akouda,1 200 TND,120.0,4.0,1.0,1.0,,,1.0,1.0,,,Appartement,Bon état,35.87,10.57,,,,,1.0,1.0,,,,,,,,,,,,,,,,,,,,,,,,,,,
https://www.mubawab.tn/fr/a/7879618/studio-meubl%C3%A9-avec-jardin-%C3%A0-carthage,Studio meublé avec jardin à Carthage,Carthage à Carthage,1 500 TND,,,1.0,1.0,1.0,1.0,1.0,1.0,1.0,1.0,Appartement,Bon état,36.8566,10.3258,1.0,,,,1.0,,,,1.0,,1.0,1.0,1.0,1.0,1.0,,,,,,,,,,,,,,,,,,
https://www.mubawab.tn/fr/a/7823155/s2-avec-piscine,S2 avec piscine,La Soukra à La Soukra,3 600 TND,155.0,3.0,,1.0,1.0,,1.0,1.0,1.0,,Appartement,Nouveau,36.883333,10.25,,2.0,,,1.0,,,,,,,,,,,,,,Moins d'un an,Marbre,1.0,,,1.0,,,,,1.0,,,,
https://www.mubawab.tn/fr/a/8018349/appartement-a-louer,Appartement a louer,Denden à La Manouba,Prix à consulter,80.0,4.0,,1.0,,,,,,,Appartement,Bon état,36.77855,10.05538,,2.0,,,,,,,,,,,,,,,,,10-20 ans,Marbre,,,,,,1er,,,,,,,
https://www.mubawab.tn/fr/a/7996787/rdc-s2-meubl%C3%A9-avec-une-vaste-terrasse,RDC S2 meublé avec une vaste terrasse,Les Jardins de Carthage à Le Kram,2 400 TND,164.0,3.0,,1.0,,1.0,1.0,1.0,1.0,1.0,Appartement,Nouveau,36.85757282594137,10.300715802800696,,2.0,,,1.0,,,,,1.0,1.0,1.0,1.0,1.0,1.0,1.0,1.0,1.0,,,,,,,,,,,,,,,
https://www.mubawab.tn/fr/a/8018178/a-louer-appartement-s2-hs-%C3%A0-jardin-d-el-menzah-2,A Louer Appartement S2 HS à Jardin d'el Menzah 2,Les Jardins d'El Menzah 2 à Ariana Ville,1 400 TND,125.0,2.0,,1.0,,,1.0,1.0,,,Appartement,Nouveau,36.8625,10.19556,,2.0,,,,,,,,,,,,,,,,,,,,,,,,,,,,,,,
https://www.mubawab.tn/fr/a/8014733/appartement-s2-avec-terrasse-et-jardin-%C3%A0-louer,Appartement S2 avec terrasse et jardin à louer,Aouina à La Marsa,1 600 TND,180.0,3.0,,,1.0,,1.0,1.0,,,Appartement,Nouveau,36.876389,10.325278,,2.0,,,1.0,,1.0,,,1.0,1.0,1.0,,,,,,,Moins d'un an,Marbre,1.0,1.0,,1.0,,,Sud,2.0,,,,,
https://www.mubawab.tn/fr/a/8017882/duplex-meubl%C3%A9-richement-meubl%C3%A9,Duplex meublé richement meublé,Cité Du Stade à La Marsa,2 000 TND,170.0,4.0,,,1.0,1.0,1.0,1.0,1.0,1.0,Appartement,À rénover,36.876389,10.325278,,3.0,,,1.0,1.0,1.0,1.0,1.0,1.0,1.0,1.0,1.0,1.0,1.0,1.0,1.0,1.0,5-10 ans,Parquet,1.0,1.0,1.0,1.0,1.0,,Nord,2.0,1.0,1.0,,,
https://www.mubawab.tn/fr/a/8017621/luxueux-appartement-neuf-richement-meubl%C3%A9,Luxueux appartement neuf richement meublé,Cité Du Stade à La Marsa,2 500 TND,100.0,3.0,,,1.0,1.0,1.0,1.0,1.0,1.0,Appartement,Nouveau,36.876389,10.325278,,2.0,,,1.0,1.0,1.0,1.0,1.0,1.0,1.0,1.0,1.0,1.0,1.0,1.0,1.0,1.0,Moins d'un an,Marbre,1.0,1.0,1.0,1.0,1.0,1er,Nord,2.0,1.0,1.0,,,
https://www.mubawab.tn/fr/a/7982932/a-louer-s3-aux-jardins-de-carthage,A louer S3 aux jardins de Carthage,Les Jardins de Carthage à Le Kram,2 400 TND,211.0,4.0,,,,,1.0,1.0,1.0,,Appartement,Bon état,36.8555704,10.291834,,3.0,,,1.0,,,,,1.0,1.0,1.0,1.0,1.0,,1.0,,,1-5 ans,Marbre,1.0,1.0,,1.0,,2ème,,2.0,,,,,
https://www.mubawab.tn/fr/a/8017238/location-appartement-justine-s3,Location appartement justine S3,Hammamet Nord à Hammamet,1 300 TND,100.0,4.0,,1.0,,1.0,1.0,1.0,1.0,1.0,Appartement,Nouveau,36.40108,10.61457,,3.0,,,1.0,1.0,,1.0,,,,,1.0,1.0,1.0,1.0,,,,,,,,,1.0,,Nord,,,,,,
https://www.mubawab.tn/fr/a/7844884/un-lumineux-appartement-s2-neuf,Un lumineux appartement S2 neuf,El Menzah 9 à El Menzah,1 450 TND,110.0,3.0,,,,,1.0,1.0,1.0,,Appartement,Nouveau,36.84523500000001,10.164723,,2.0,,,1.0,,1.0,,1.0,1.0,1.0,1.0,,1.0,,,1.0,,Moins d'un an,,1.0,1.0,,1.0,1.0,,Ouest,2.0,,,,,
https://www.mubawab.tn/fr/a/8016984/splendide-appartement-%C3%A0-ennasr,Splendide appartement à Ennasr,Cité Ennasr 2 à Ariana Ville,2 800 TND,139.0,4.0,,,,1.0,1.0,,1.0,,Appartement,Bon état,36.86946636581905,10.169497405937609,,3.0,,,1.0,,,,,,,,,,1.0,,,,1-5 ans,,,1.0,,1.0,,,,2.0,,,,,
https://www.mubawab.tn/fr/a/8002769/duplex-non-meubl%C3%A9-%C3%A0-la-marsa-sidi-abd-laziz,Duplex non meublé à la Marsa sidi abd laziz,La Marsa à La Marsa,1 850 TND,200.0,4.0,,,,,1.0,1.0,1.0,1.0,Appartement,Bon état,36.89419920000003,10.276223200000002,,3.0,,,1.0,,1.0,1.0,1.0,1.0,1.0,1.0,1.0,1.0,1.0,,1.0,,10-20 ans,Marbre,,,,,,,Sud,2.0,,,,,
https://www.mubawab.tn/fr/a/7930152/un-rez-de-chauss%C3%A9e-meubl%C3%A9-ths-%C3%A0-carthage,Un Rez de chaussée meublé THS à Carthage,Carthage Plage à Carthage,3 200 TND,200.0,3.0,,,,1.0,1.0,1.0,1.0,1.0,Appartement,Nouveau,36.8566,10.3258,,3.0,,,1.0,,,1.0,1.0,1.0,1.0,,1.0,1.0,1.0,1.0,1.0,1.0,5-10 ans,Marbre,,,,,,,Est,2.0,,,,,
https://www.mubawab.tn/fr/a/7797095/a-louer-s1%C3%A0-ain-zaghouan-nord,A louer S1à Ain Zaghouan Nord,Ain Zaghouan Nord à La Marsa,1 100 TND,67.0,2.0,1.0,1.0,,,1.0,1.0,1.0,,Appartement,Bon état,36.8623859,10.2835035,,,,,1.0,,,,,1.0,1.0,1.0,,1.0,,,,,1-5 ans,Marbre,1.0,1.0,,1.0,,1er,,,,,,,
https://www.mubawab.tn/fr/a/8000308/luxueux-appartement-meubl%C3%A9-%C3%A0-louer-au-lac-1,Luxueux Appartement meublé à Louer au Lac 1,La Marsa,4 500 TND,180.0,5.0,,,,,,,1.0,,Appartement,,36.876389,10.325278,,3.0,,,,,,,,1.0,,,,,,,,,,,,,,,,,,2.0,,,,,
https://www.mubawab.tn/fr/a/7978971/%C3%A0-louer-s3-meubl%C3%A9-avec-jardin-%C3%A0-cot%C3%A9-de-palm-beach,À louer s3 meublé avec jardin à coté de Palm Beach,Hammamet Nord à Hammamet,3 000 TND,250.0,4.0,,,1.0,1.0,1.0,1.0,1.0,1.0,Appartement,Bon état,36.40108,10.61457,,3.0,,,1.0,,,,,1.0,1.0,1.0,1.0,1.0,1.0,1.0,1.0,,,,1.0,1.0,,1.0,1.0,,,2.0,,,,,
https://www.mubawab.tn/fr/a/8015975/a-louer-un-appart-a-diar-sokra2-l-aouina-pres-aziz,A LOUER un appart a diar sokra2 l aouina pres aziz,Aouina à La Marsa,Prix à consulter,100.0,4.0,,1.0,,,,1.0,1.0,,Appartement,Bon état,36.876389,10.325278,,2.0,,,,,,,,1.0,,,,,,,1.0,1.0,5-10 ans,Marbre,,1.0,,,,4ème,Nord,,,,,,
https://www.mubawab.tn/fr/a/8015618/a-hammamet-appartement-meubl%C3%A9-%C3%A0-l-ann%C3%A9e,A Hammamet Appartement meublé à l'année,Hammamet à Hammamet,550 TND,80.0,3.0,,1.0,1.0,1.0,1.0,,1.0,1.0,Appartement,Bon état,36.40108,10.61457,,2.0,,,1.0,,1.0,,1.0,,,,1.0,1.0,1.0,1.0,,,1-5 ans,Parquet,,,1.0,1.0,1.0,2ème,Ouest,,,,,,
https://www.mubawab.tn/fr/a/8015485/appartement-s2-meubl%C3%A9-gammarth-sup%C3%A9rieur,"Appartement S2 meublé, Gammarth supérieur",Gammarth Supérieur à La Marsa,1 750 TND,110.0,3.0,,,,1.0,1.0,1.0,1.0,1.0,Appartement,Bon état,36.876389,10.325278,,2.0,,,,1.0,,,,,,,1.0,1.0,1.0,1.0,,,,,,,,1.0,,2ème,,2.0,,,,,
https://www.mubawab.tn/fr/a/8010917/location-joli-appartement-s3-meubl%C3%A9,Location joli appartement s3 meublé,Sidi Daoued à La Marsa,3 000 TND,150.0,4.0,,,,1.0,1.0,1.0,1.0,1.0,Appartement,Bon état,36.876389,10.325278,,3.0,,,1.0,,,,1.0,1.0,1.0,1.0,1.0,1.0,1.0,1.0,,,,,1.0,1.0,,1.0,,,,2.0,,,,,
https://www.mubawab.tn/fr/a/8015257/a-louer-appartement-meubl%C3%A9e-%C3%A0-cit%C3%A9-ain-mariem,A Louer Appartement Meublée à Cité Ain Mariem,Bizerte à Bizerte Nord,850 TND,80.0,3.0,,,,,,,,,Appartement,,37.1303,9.7506777,,2.0,,,,,,,,,,,,,,,,,,,,,,,,,,,,,,,
https://www.mubawab.tn/fr/a/8014876/%C3%A0-louer-un-joli-appartement-s2-%C3%A0-la-soukra,À louer un joli appartement s2 à la soukra,La Soukra à La Soukra,1 550 TND,110.0,2.0,,,1.0,,1.0,1.0,1.0,,Appartement,Bon état,36.883333,10.25,,2.0,,,1.0,,1.0,,,1.0,1.0,1.0,,,,,,,,,1.0,1.0,,1.0,,,,2.0,,,,,
https://www.mubawab.tn/fr/a/8013460/un-s3-%C3%A0-jardins-de-carthage,Un S3 à Jardins de Carthage,Les Jardins de Carthage à Le Kram,2 600 TND,,4.0,,1.0,,,,,,,Appartement,Bon état,36.833333,10.316667,,3.0,,,,,,,,1.0,,,,1.0,,,,,1-5 ans,,,,,,,,,,,,,,
https://www.mubawab.tn/fr/a/8014788/appartement-s1-meubl%C3%A9-%C3%A0-la-location-%C3%A0-la-marsa,Appartement s1 meublé à la location à la marsa,La Marsa à La Marsa,2 300 TND,65.0,2.0,1.0,1.0,,,1.0,1.0,1.0,1.0,Appartement,Bon état,36.8941992,10.2762232,,,,,1.0,1.0,,1.0,1.0,,1.0,1.0,1.0,1.0,1.0,1.0,1.0,1.0,20-30 ans,Marbre,1.0,,,,,3ème,Nord,,,,,,
https://www.mubawab.tn/fr/a/8014589/a-louer,A louer,Ezzahra à Ezzahra,750 TND,100.0,2.0,,1.0,,,,,,,Appartement,À rénover,36.89147,10.16262,,2.0,,,,,,,,,,,,1.0,,,,,Moins d'un an,,,,,,,,,,,,,,
https://www.mubawab.tn/fr/a/8014171/superbe-appartement-%C3%A0-louer-%C3%A0-ezzahra-3-belles-chambres-concierge-et-climatisation-,Superbe appartement à louer à Ezzahra. 3 belles chambres. Concierge et climatisation.,Ezzahra à Ezzahra,1 100 TND,130.0,2.0,,1.0,1.0,,1.0,1.0,1.0,,Appartement,Nouveau,36.89147,10.16262,,3.0,,,,,,,,,,,,1.0,,,,,Moins d'un an,,1.0,,,1.0,,,,,,,,,
https://www.mubawab.tn/fr/a/7997291/luxueux-loft-vue-mer-%C3%A0-gammarth,Luxueux loft vue mer à Gammarth,La Marsa à La Marsa,Prix à consulter,70.0,,1.0,,,1.0,,,,,Appartement,,36.8941992,10.2762232,,,,,,,,,,,,,,,,,,,,,,,,,,,,,,,,,
https://www.mubawab.tn/fr/a/8005480/app-s2-haut-standing-situ%C3%A9-%C3%A0-sahloul,App S2 haut standing situé à Sahloul,Khezama Est,1 000 TND,,2.0,,1.0,,,,,,,Appartement,Nouveau,35.832439,10.622471,,2.0,,,,,,,,,,,,,,,,,,,,,,,,,,,,,,,
https://www.mubawab.tn/fr/a/8014127/a-louer-s2-menzah-9c,A louer S2 menzah 9c,El Menzah 9 à El Menzah,950 TND,90.0,3.0,,,,,1.0,1.0,1.0,,Appartement,Nouveau,36.845235,10.164723,,2.0,,,1.0,,,,,1.0,1.0,1.0,,,,,,,5-10 ans,,,1.0,1.0,1.0,1.0,,,2.0,,,,,
https://www.mubawab.tn/fr/a/8013976/a-louer-un-%C3%A9tage-de-villa-meubl%C3%A9-%C3%A0-chotrana-1,A louer un étage de villa meublé à Chotrana 1,Chotrana 1 à La Soukra,1 600 TND,120.0,,1.0,1.0,,1.0,1.0,1.0,1.0,1.0,Appartement,Bon état,36.883333,10.25,1.0,,,,1.0,,,1.0,1.0,,,,1.0,1.0,1.0,1.0,,,,,,,,,,,,,,,,,
https://www.mubawab.tn/fr/a/7999114/grand-s2-%C3%A0-louer-les-jardins-de-carthage,Grand s2 à louer les jardins de Carthage,Les Jardins de Carthage à Le Kram,2 500 TND,200.0,3.0,,,1.0,1.0,1.0,1.0,1.0,1.0,Appartement,Nouveau,36.855570400000005,10.291834,,2.0,,,1.0,1.0,1.0,1.0,1.0,1.0,1.0,1.0,1.0,1.0,1.0,1.0,1.0,1.0,Moins d'un an,Parquet,1.0,1.0,1.0,1.0,1.0,8ème,,3.0,1.0,1.0,,,
https://www.mubawab.tn/fr/a/8013536/appartement-meubl%C3%A9-%C3%A0-louer-%C3%A0-gammarth-2-belles-chambres-bien-meubl%C3%A9,Appartement meublé à louer à Gammarth. 2 belles chambres. Bien meublé,Gammarth à La Marsa,Prix à consulter,65.0,,,1.0,,1.0,1.0,1.0,1.0,1.0,Appartement,Bon état,33.88689999999999,9.5375,,2.0,,,1.0,1.0,1.0,1.0,1.0,,,,1.0,1.0,1.0,1.0,1.0,,5-10 ans,Parquet,,,,,,2ème,Est,,,,,,
https://www.mubawab.tn/fr/a/8012497/a-louer-un-appartement-s2-tr%C3%A8s-haut-standing-%C3%A0-jardin-de-carthage,A Louer Un Appartement s2 Très Haut Standing à Jardin de Carthage,Carthage à Carthage,2 000 TND,130.0,2.0,,1.0,,,1.0,1.0,,,Appartement,Nouveau,36.8566,10.3258,,2.0,,,1.0,,,,,,,,,,,,,,,,1.0,,,,,,,,,,,,
https://www.mubawab.tn/fr/a/8013193/appartement-2-pi%C3%A8ces-location-annuelle,Appartement 2 pièces location annuelle,Hammamet Nord à Hammamet,Prix à consulter,100.0,2.0,,1.0,,,1.0,,,,Appartement,Bon état,36.40108,10.61457,,2.0,,,,,,,,,,,,,,,,,,,,,,,,2ème,,,,,,,
https://www.mubawab.tn/fr/a/8013191/spacieux-appartement-s1-meubl%C3%A9-au-lac-2,Spacieux Appartement S1 Meublé au Lac 2,Les Berges Du Lac 2 à La Marsa,2 000 TND,90.0,2.0,1.0,1.0,,1.0,1.0,1.0,1.0,1.0,Appartement,Bon état,36.876389,10.325278,,,,,,,,1.0,1.0,,,,1.0,1.0,1.0,1.0,,,5-10 ans,Marbre,,1.0,,1.0,,3ème,Est,,,,,,
https://www.mubawab.tn/fr/a/8013114/-%C3%A0-,𝗧𝗿𝗶𝗽𝗹𝗲𝘅 À 𝗟𝗼𝘂𝗲𝗿,Gammarth Village à La Marsa,Prix à consulter,,12.0,,,1.0,,1.0,,1.0,1.0,Appartement,Bon état,36.876389,10.325278,,6.0,,,1.0,,,,,1.0,1.0,,1.0,1.0,,,,,5-10 ans,Marbre,1.0,1.0,,1.0,,2ème,Nord,3.0,1.0,,,,
https://www.mubawab.tn/fr/a/8012966/appartement-pied-dans-l%E2%80%99eau-kantaoui,Appartement pied dans l’eau Kantaoui,El Kantaoui à Hammam Sousse,Prix à consulter,70.0,,1.0,1.0,1.0,1.0,1.0,1.0,1.0,1.0,Appartement,Nouveau,35.898175,10.58025,1.0,,,,1.0,1.0,1.0,,1.0,1.0,1.0,1.0,1.0,1.0,1.0,,,,1-5 ans,Carrelage,,1.0,,1.0,,2ème,Est,,1.0,,,,
https://www.mubawab.tn/fr/a/8001399/un-beau-appartement-s1-richement-meubl%C3%A9,Un beau appartement s1 Richement meublé,Les Berges Du Lac 2 à La Marsa,1 500 TND,80.0,2.0,1.0,1.0,,,,,1.0,,Appartement,Bon état,36.876389,10.325278,,,,,1.0,,,1.0,,,,,,,,,,,5-10 ans,Marbre,,1.0,,,,3ème,,,,,,,
https://www.mubawab.tn/fr/a/7868332/s4-meubl%C3%A9-au-lac-1,S4 Meublé au lac 1,Les Berges Du Lac 1 à La Marsa,5 400 TND,210.0,5.0,,,,,1.0,1.0,1.0,,Appartement,Nouveau,36.876389,10.325278,,4.0,,,1.0,,,,,1.0,,,,,,,,,,,,1.0,,1.0,,,,3.0,,,,,
https://www.mubawab.tn/fr/a/8012624/appartement-a-louer,Appartement a louer,El Menzah 1 à El Menzah,Prix à consulter,80.0,,1.0,1.0,,,,,,,Appartement,Bon état,36.845235,10.164723,1.0,,,,,,,,,,,,,,,,,,Moins d'un an,,,,,,,,,,,,,,
https://www.mubawab.tn/fr/a/8012614/appartement-a-louer,Appartement a louer,Mnihla à Mnihla,Prix à consulter,150.0,4.0,,1.0,,,1.0,1.0,1.0,,Appartement,Bon état,36.8567806,10.1157421,,3.0,,,,,,,,,,,,,,,,,Moins d'un an,,1.0,,,,,1er,,,,,,,
https://www.mubawab.tn/fr/a/8012515/location-s1-meubl%C3%A9-jardin-de-carthage,Location S1 meublé jardin de Carthage,Les Jardins de Carthage à Le Kram,1 700 TND,75.0,,1.0,1.0,,,1.0,1.0,1.0,,Appartement,Bon état,36.8555704,10.291834,1.0,,,,,,,,,,,,,,,,,,,,1.0,1.0,,1.0,,,,,,,,,
https://www.mubawab.tn/fr/a/7827530/%C3%A0-louer-un-joli-appartement-s3-%C3%A0-la-soukra,À louer un joli appartement s3 à la soukra,La Soukra à La Soukra,2 500 TND,140.0,3.0,,,,,1.0,1.0,1.0,,Appartement,Bon état,36.883333,10.25,,3.0,,,1.0,,,,,1.0,1.0,1.0,,,,,,,,,1.0,1.0,,1.0,,,,3.0,,,,,
https://www.mubawab.tn/fr/a/7993988/a-louer-un-appartement-s1-%C3%A0-la-soukra,A louer un appartement s1 à la soukra,La Soukra à La Soukra,1 000 TND,75.0,,1.0,1.0,,,,1.0,1.0,,Appartement,Bon état,36.883333,10.25,1.0,,,,1.0,,,,,1.0,1.0,1.0,,,,,,,,,1.0,1.0,,1.0,,,,,,,,,
https://www.mubawab.tn/fr/a/7999092/%C3%A0-louer-un-superbe-appartement-s2-neuf-%C3%A0-la-marsa,À louer un superbe appartement s2 neuf à la marsa,La Marsa à La Marsa,2 000 TND,100.0,2.0,,,,,1.0,1.0,1.0,,Appartement,Nouveau,36.876389,10.325278,,2.0,,,,,,,,1.0,1.0,1.0,,,,,,,,,1.0,1.0,,1.0,,,,2.0,,,,,
https://www.mubawab.tn/fr/a/7999070/%C3%A0-louer-un-coquet-appartement-s2-%C3%A0-la-marsa,À louer un coquet appartement s2 à la marsa,La Marsa à La Marsa,1 700 TND,100.0,2.0,,1.0,,,1.0,1.0,1.0,,Appartement,Nouveau,36.876389,10.325278,,2.0,,,1.0,,,1.0,,1.0,1.0,1.0,,,,,,,,,1.0,1.0,,1.0,,,,,,,,,
https://www.mubawab.tn/fr/a/8012452/r%C3%A9sidence-gard%C3%A9e-avec-cam%C3%A9ra-et-syndic-s%C3%A9curis%C3%A9,Résidence gardée avec caméra et syndic sécurisé,Cité El Khalil à La Marsa,1 200 TND,85.0,3.0,,1.0,,,,,1.0,,Appartement,Bon état,36.876389,10.325278,,2.0,,,,,,,,,1.0,,,1.0,,,,,Moins d'un an,Marbre,,,,1.0,,,Nord,,,,,,
https://www.mubawab.tn/fr/a/8006771/appartemment-s3-vue-mer,Appartemment s3 vue mer,La Marsa à La Marsa,5 500 TND,,3.0,,1.0,,,,,1.0,,Appartement,Nouveau,36.876389,10.325278,,3.0,,,1.0,,,,,,,,,,,,,,,,,,,,,,,,,,,,
https://www.mubawab.tn/fr/a/8012287/un-appartement-s2-au-c%C5%93ur-de-la-marsa,Un appartement S2 au cœur de la Marsa,La Marsa à La Marsa,2 800 TND,120.0,,,1.0,,1.0,1.0,1.0,1.0,1.0,Appartement,Bon état,36.8941992,10.2762232,1.0,2.0,,,1.0,,1.0,1.0,,1.0,,,1.0,1.0,1.0,,,,,,,,,,1.0,,,,,,,,
https://www.mubawab.tn/fr/a/7994917/joli-appartement-s1-meubl%C3%A9-%C3%A0-la-marsa-plage,Joli Appartement S1 meublé à la Marsa plage,La Marsa à La Marsa,2 200 TND,70.0,2.0,1.0,1.0,,1.0,1.0,1.0,1.0,1.0,Appartement,Nouveau,36.88265364026836,10.33652542940097,,,,,,,,,,1.0,1.0,1.0,1.0,1.0,1.0,1.0,1.0,,,,1.0,1.0,,1.0,,,,,,,,,
https://www.mubawab.tn/fr/a/8012205/appartement-s2-meubl%C3%A9-%C3%A0-louer-%C3%A0-ennasr-2,Appartement S2 meublé à louer à Ennasr 2,Ennasr,2 000 TND,116.0,3.0,,1.0,,,1.0,1.0,,,Appartement,,35.40851,10.02891,,2.0,,,1.0,,,,,,,,,,,,,,,,,1.0,,,,,,,,,,,
https://www.mubawab.tn/fr/a/8012078/appartement-s2,Appartement s2,Sidi Daoued à La Marsa,Prix à consulter,90.0,3.0,,1.0,,,,,1.0,,Appartement,Nouveau,36.876389,10.325278,,3.0,,,,,,,,,,,,,,,,,Moins d'un an,,,,,,,1er,,,,,,,
https://www.mubawab.tn/fr/a/8011839/location-appartement-s3-jardins-de-carthage,Location Appartement S3 Jardins de Carthage,Les Jardins de Carthage à Le Kram,1 800 TND,140.0,4.0,,,,,1.0,1.0,1.0,,Appartement,Bon état,36.8555704,10.291834,,3.0,,,,,1.0,,,,1.0,1.0,,,,,,,1-5 ans,Marbre,,,,1.0,,,,2.0,,,,,
https://www.mubawab.tn/fr/a/8011654/bel-appartement-en-location-%C3%A0-monastir-ville-surface-de-75-m%C2%B2-meubl%C3%A9-,Bel appartement en location à Monastir Ville. Surface de 75 m². Meublé.,Monastir Ville à Monastir Ville,Prix à consulter,75.0,,,1.0,,1.0,1.0,1.0,1.0,1.0,Appartement,Nouveau,35.765931750284714,10.800207089910373,,2.0,,,1.0,,1.0,1.0,1.0,1.0,1.0,1.0,,1.0,1.0,,1.0,,Moins d'un an,Carrelage,,,,,1.0,1er,Est,,,,,,
https://www.mubawab.tn/fr/a/7890829/superbe-appartement-%C3%A0-louer-%C3%A0-cit%C3%A9-ennasr-2-2-grandes-pi%C3%A8ces-meubl%C3%A9,Superbe appartement à louer à Cité Ennasr 2.2 grandes pièces. Meublé,Cité Ennasr 2 à Ariana Ville,Prix à consulter,70.0,2.0,1.0,1.0,,1.0,1.0,1.0,1.0,1.0,Appartement,Bon état,36.8625,10.19556,,,,,1.0,,,1.0,1.0,,,1.0,1.0,1.0,1.0,,1.0,,5-10 ans,Marbre,1.0,1.0,,,,8ème,Est,,,,,,
https://www.mubawab.tn/fr/a/8011440/%C3%A0-louer-au-centre-ville,À louer au centre ville,Bab Jazira à Tunis,Prix à consulter,50.0,2.0,,1.0,,,,,,,Appartement,Bon état,36.81881,10.16596,,2.0,,,1.0,,,,,,,,1.0,,,,,,10-20 ans,Carrelage,,,,,,2ème,,,,,,,
https://www.mubawab.tn/fr/a/7995330/un-superbe-appartement-meubl%C3%A9-neuf-s1-%C3%A0-louer-%C3%A0-ain-zaghouan-nord,Un Superbe Appartement meublé Neuf s1 à louer à Ain Zaghouan Nord,Ain Zaghouan Nord à La Marsa,Prix à consulter,75.0,,,,,1.0,,,1.0,,Appartement,,36.8623859,10.2835035,,2.0,,,,,,,,,,,,,,,,,,,1.0,,,,,,,,,,,,
https://www.mubawab.tn/fr/a/7989206/appartement-s1-meubl%C3%A9e,Appartement S1 meublée,La Marsa à La Marsa,1 600 TND,60.0,2.0,1.0,1.0,,1.0,1.0,1.0,1.0,1.0,Appartement,Bon état,36.89419920000003,10.276223200000002,,,,,1.0,,1.0,1.0,1.0,1.0,1.0,1.0,1.0,1.0,1.0,1.0,1.0,,5-10 ans,Marbre,1.0,1.0,,1.0,,3ème,Est,,,,,,
https://www.mubawab.tn/fr/a/8011163/appartement-en-location-%C3%A0-raoued-superficie-80-m%C2%B2-bien-meubl%C3%A9,Appartement en location à Raoued. Superficie 80 m². Bien meublé,Raoued à Raoued,Prix à consulter,80.0,,,1.0,1.0,1.0,,,1.0,,Appartement,Nouveau,36.983820525371,10.208343053570896,,2.0,,,,1.0,1.0,1.0,1.0,,,,1.0,,1.0,,,1.0,1-5 ans,,,,,,,1er,Ouest,,,,,,
https://www.mubawab.tn/fr/a/8003899/un-beau-s1-richement-meubl%C3%A9,Un beau s1 richement meublé,Les Berges Du Lac 2 à La Marsa,1 600 TND,70.0,2.0,1.0,1.0,,,,,1.0,,Appartement,Bon état,36.876389,10.325278,,,,,1.0,,,,,,,,,,,,,,5-10 ans,Marbre,,1.0,,,,1er,,,,,,,
https://www.mubawab.tn/fr/a/8010763/louez-cet-appartement-%C3%A0-cit%C3%A9-des-juges-2-chambres-bien-meubl%C3%A9,Louez cet appartement à Cité des Juges. 2 chambres. Bien meublé,Cité des Juges à Raoued,600 TND,95.0,,,1.0,,1.0,,,1.0,,Appartement,Nouveau,36.97674669999999,10.20562,,2.0,,,1.0,1.0,1.0,1.0,1.0,,,,1.0,,1.0,,,,1-5 ans,,,,,,1.0,1er,,,,,,,
https://www.mubawab.tn/fr/a/7999666/s3-%C3%A0-la-marsa-vue-sur-mer,S3 à la Marsa vue sur mer,La Marsa à La Marsa,4 500 TND,200.0,4.0,,,,,1.0,1.0,1.0,1.0,Appartement,Nouveau,36.876389,10.325278,,3.0,,,1.0,1.0,1.0,,1.0,1.0,1.0,1.0,1.0,1.0,,1.0,1.0,1.0,,Marbre,1.0,1.0,1.0,1.0,1.0,,,3.0,,,,,
https://www.mubawab.tn/fr/a/8010431/a-louer-appartement-s3-%C3%A0-cit%C3%A9-ennasr,A louer Appartement S3 à Cité Ennasr,Cité Ennasr 2 à Ariana Ville,1 600 TND,145.0,3.0,,1.0,,,1.0,1.0,1.0,,Appartement,Nouveau,36.8625,10.19556,,3.0,,,1.0,,,1.0,1.0,1.0,1.0,1.0,,1.0,,,,,,,1.0,1.0,,1.0,,,,,,,,,
https://www.mubawab.tn/fr/a/8010367/a-louer-appartement-s3-%C3%A0-jardin-d-el-menzeh-1,A louer Appartement S3 à Jardin D'El Menzeh 1,Les Jardins d'El Menzah 1 à Ariana Ville,1 250 TND,145.0,3.0,,1.0,,,1.0,1.0,1.0,,Appartement,Nouveau,36.8625,10.19556,,3.0,,,1.0,,,1.0,1.0,1.0,1.0,1.0,,1.0,,,,,,,1.0,,,1.0,,,,,,,,,
https://www.mubawab.tn/fr/a/8009399/appartement-s3-neuf-%C3%A0-ennasr-2,Appartement S3 neuf à Ennasr 2,Cité Ennasr 2 à Ariana Ville,1 500 TND,150.0,4.0,,,,1.0,1.0,1.0,1.0,,Appartement,Nouveau,36.8625,10.19556,,3.0,,,1.0,,1.0,,,1.0,1.0,1.0,,1.0,,1.0,,,,Marbre,1.0,1.0,,1.0,1.0,2ème,,2.0,,,,,
https://www.mubawab.tn/fr/a/8010215/s3-meubl%C3%A9-proche-ttes-commodit%C3%A9s-h-sousse,S3 Meublé Proche ttes Commodités H Sousse,Hammam Sousse à Hammam Sousse,1 500 TND,180.0,4.0,,1.0,,1.0,1.0,1.0,1.0,,Appartement,Bon état,35.8569,10.5972,,3.0,,,1.0,1.0,,,1.0,,,,1.0,1.0,1.0,1.0,1.0,,,,,1.0,,,,6ème,Est,,,,,,
https://www.mubawab.tn/fr/a/7914180/appartement-s2-meubl%C3%A9-%C3%A0-gammarth,Appartement S2 meublé à Gammarth,Gammarth à La Marsa,3 000 TND,,3.0,,1.0,,1.0,1.0,1.0,1.0,,Appartement,Bon état,36.876389,10.325278,,2.0,,,1.0,,,1.0,1.0,1.0,,,,,,1.0,1.0,1.0,1-5 ans,Carrelage,1.0,,,,,,,,,,,,
https://www.mubawab.tn/fr/a/8009570/appartement-s2-meubl%C3%A9-%C3%A0-la-sourka,Appartement S2 meublé à La Sourka,La Soukra à La Soukra,Prix à consulter,100.0,3.0,,1.0,,1.0,1.0,1.0,1.0,1.0,Appartement,Nouveau,36.883333,10.25,,2.0,,,,,,1.0,,,,,1.0,1.0,,,,,,,,,,,,,,,,,,,
https://www.mubawab.tn/fr/a/7993534/appartement-s2-%C3%A0-sidi-mansour-avec-vue-sur-mer,Appartement s2 à sidi mansour avec vue sur mer,Place 3 Août à Monastir Ville,1 900 TND,120.0,2.0,,,,,,,1.0,,Appartement,Nouveau,35.7678,10.8225,,2.0,,,1.0,1.0,1.0,,,,,,1.0,1.0,,,,,Moins d'un an,Marbre,,1.0,,1.0,1.0,4ème,Sud,2.0,,,,,
https://www.mubawab.tn/fr/a/8000073/%C3%A0-louer-un-joli-appartement-s1-%C3%A0-la-soukra,À louer un joli appartement s1 à la soukra,Chotrana 3 à La Soukra,1 000 TND,55.0,,1.0,1.0,,,1.0,1.0,1.0,,Appartement,Nouveau,36.883333,10.25,1.0,,,,1.0,,,,,1.0,1.0,1.0,,,,,,,,,1.0,1.0,,1.0,,,,,,,,,
https://www.mubawab.tn/fr/a/7836761/un-appartement-s5-vue-sur-mer-%C3%A0-la-goulette,Un appartement s5 Vue sur mer à la Goulette,La Goulette à La Goulette,3 500 TND,150.0,6.0,,,,1.0,1.0,1.0,1.0,1.0,Appartement,Bon état,36.818056,10.305,,5.0,,,1.0,1.0,,1.0,1.0,1.0,1.0,,1.0,1.0,1.0,1.0,1.0,1.0,1-5 ans,Marbre,,,,,1.0,2ème,,2.0,,,,,
https://www.mubawab.tn/fr/a/8005102/appartement-%C3%A0-louer-%C3%A0-kantaoui,Appartement à louer à Kantaoui,El Kantaoui à Hammam Sousse,2 000 TND,150.0,5.0,,1.0,1.0,,1.0,1.0,1.0,,Appartement,Bon état,35.8569,10.5972,,2.0,,,1.0,,,,,,,,,,,,,,,,,,,,,,,,,,,,
https://www.mubawab.tn/fr/a/8009201/appartement-s2-meubl%C3%A9-%C3%A0-ain-zaghouan,Appartement S2 meublé à Ain Zaghouan,Ain Zaghouan Nord à La Marsa,2 200 TND,115.0,,,,,1.0,1.0,1.0,,1.0,Appartement,,36.8623859,10.2835035,,3.0,,,1.0,,,,,,,,1.0,1.0,,,,,,,1.0,,,,,,,,,,,,
https://www.mubawab.tn/fr/a/8006835/a-louer-un-appartement-s1-aux-jardins-de-carthage,A louer un appartement S1 aux jardins de Carthage,Carthage à Carthage,2 700 TND,150.0,2.0,1.0,1.0,1.0,1.0,1.0,,1.0,,Appartement,Nouveau,36.85339531604343,10.301288336927556,,,,,1.0,,,1.0,1.0,,,1.0,1.0,1.0,1.0,,1.0,1.0,Moins d'un an,,,,,,,,,,,,,,
https://www.mubawab.tn/fr/a/7968852/magnifique-appartement-s3-%C3%A0-la-marsa,Magnifique appartement S3 à La Marsa,La Marsa à La Marsa,5 000 TND,320.0,,,,1.0,1.0,,,1.0,,Appartement,,36.8941992,10.2762232,,3.0,,,,,,,,,,,,,,,,,,,,,,,,,,,,,,,
https://www.mubawab.tn/fr/a/8008602/a-louer-appartement-s3-%C3%A0-jardin-d-el-menzeh-2,A louer Appartement S3 à Jardin d'El Menzeh 2,Les Jardins d'El Menzah 2 à Ariana Ville,1 050 TND,150.0,,,1.0,,,,1.0,1.0,,Appartement,Nouveau,36.8625,10.19556,1.0,3.0,,,1.0,,1.0,,,,1.0,1.0,,,,,,,,,1.0,,,,,,,,,,,,
https://www.mubawab.tn/fr/a/8008581/a-louer-appartement-s3-%C3%A0-cit%C3%A9-ennasr,A louer Appartement S3 à Cité Ennasr,Cité Ennasr 2 à Ariana Ville,1 900 TND,145.0,,,1.0,,,1.0,1.0,1.0,,Appartement,Nouveau,36.8625,10.19556,1.0,3.0,,,1.0,,1.0,1.0,,1.0,1.0,1.0,,1.0,,,,,,,,1.0,,1.0,,,,,,,,,
https://www.mubawab.tn/fr/a/7647911/a-louer-un-bureau-a5-au-lac2,A louer un bureau A5 au lac2,Les Berges Du Lac 2 à La Marsa,3 600 TND,220.0,5.0,,,,,1.0,1.0,,,Appartement,Bon état,36.8468986,10.2641808,,5.0,,,1.0,,,,,1.0,1.0,1.0,,,,,,,1-5 ans,Marbre,1.0,1.0,,1.0,,3ème,Nord,2.0,,,,,
https://www.mubawab.tn/fr/a/7477528/a-louer-spacieux-s2-jardins-carthage,A louer spacieux s2 jardins carthage,Les Jardins de Carthage à Le Kram,1 900 TND,140.0,3.0,,,,,1.0,1.0,1.0,,Appartement,Bon état,36.833333,10.316667,,2.0,,,1.0,,1.0,,1.0,1.0,1.0,1.0,,1.0,,,,,1-5 ans,Marbre,1.0,1.0,,1.0,,3ème,Est,2.0,,,,,
https://www.mubawab.tn/fr/a/8006842/s2-meubl%C3%A9-%C3%A0-la-marsa,S2 meublé à La Marsa,Ain Zaghouan Sud à La Marsa,1 400 TND,,3.0,,1.0,,1.0,1.0,1.0,1.0,1.0,Appartement,Bon état,36.876389,10.325278,,2.0,,,1.0,,1.0,1.0,,,1.0,1.0,1.0,1.0,1.0,1.0,1.0,,Moins d'un an,Carrelage,,,,1.0,,,,,,,,,
https://www.mubawab.tn/fr/a/8001741/luxueux-s2-meubl%C3%A9-%C3%A0-kantaoui,Luxueux S2 Meublé à Kantaoui,El Kantaoui à Hammam Sousse,1 700 TND,100.0,3.0,,1.0,,,1.0,1.0,1.0,1.0,Appartement,Bon état,35.8569,10.5972,,2.0,,,,1.0,,1.0,1.0,1.0,,,1.0,1.0,,1.0,1.0,,1-5 ans,Marbre,1.0,1.0,,,,3ème,Est,,,,,,
https://www.mubawab.tn/fr/a/8008265/offre-de-locations-appartement-a-borj-louzir-arianna,Offre de locations appartement. A borj louzir. Arianna,Ariana à Ariana Ville,490 TND,80.0,,1.0,1.0,,,,,,,Appartement,Bon état,33.88689999999999,9.5375,,,,,1.0,,,,,,,,,,,,,,,Carrelage,,,,,,1er,Nord,,,,,,
https://www.mubawab.tn/fr/a/8008189/%C3%A0-louer-un-appartement-s2-au-centre-urbain-nord,À louer un appartement S2 au Centre Urbain Nord,Centre Urbain Nord à Cité El Khadra,2 300 TND,160.0,3.0,,,,,,,1.0,,Appartement,,36.8454047,10.1850933,,2.0,,,1.0,,,,,,,,,,,,,,,,,,,,,,,2.0,,,,,
https://www.mubawab.tn/fr/a/8008151/riadh-elandalos-%C3%A0-louer-app-s2-haut-standing,Riadh elandalos: à louer app s2 haut standing,Riadh al Andalous à Ariana Ville,1 200 TND,90.0,,,1.0,,,1.0,1.0,1.0,,Appartement,Nouveau,36.8805752,10.1717264,,2.0,,,,,,,1.0,1.0,,,,1.0,,,1.0,,1-5 ans,Carrelage,,1.0,1.0,,,1er,Ouest,,,,,,
https://www.mubawab.tn/fr/a/8001289/rdc-s2-meubl%C3%A9-%C3%A0-jinen-hammamet-%C3%A0-louer,RDC S2 meublé à Jinen Hammamet à louer,Hammamet Sud à Hammamet,1 500 TND,,3.0,,,,1.0,1.0,1.0,1.0,1.0,Appartement,Bon état,36.40108,10.61457,,2.0,,,1.0,,1.0,1.0,1.0,1.0,1.0,1.0,1.0,1.0,1.0,1.0,,,,,,1.0,,1.0,,,,2.0,,,,,
https://www.mubawab.tn/fr/a/7958487/rdc-s2-meubl%C3%A9-avec-terrasse-aux-jardins-de-carthage,RDC S2 meublé avec terrasse aux Jardins de Carthage,Les Jardins de Carthage à Le Kram,3 000 TND,,3.0,,,,1.0,1.0,1.0,1.0,1.0,Appartement,Bon état,36.833333,10.316667,,2.0,,,1.0,,1.0,1.0,1.0,,1.0,1.0,1.0,1.0,1.0,1.0,,,,,1.0,1.0,,1.0,1.0,,,3.0,,,,,
https://www.mubawab.tn/fr/a/8007412/s1-meubl%C3%A9-avec-piscine-%C3%A0-la-marsa,S1 meublé avec piscine à la marsa,La Marsa à La Marsa,3 800 TND,90.0,,1.0,,,1.0,,,,,Appartement,,36.8941992,10.2762232,,,,,1.0,,,,,,,,,,,,,,,,,,,,,,,,,,,,
https://www.mubawab.tn/fr/a/7968942/s2-aux-les-jardins-de-carthage,S2 aux les Jardins de Carthage,Les Jardins de Carthage à Le Kram,2 100 TND,120.0,2.0,,,,,1.0,1.0,1.0,,Appartement,Bon état,36.833333,10.316667,,2.0,,,,,1.0,,,1.0,1.0,1.0,,1.0,,,,,1-5 ans,Marbre,1.0,1.0,1.0,1.0,,,,2.0,,,,,
https://www.mubawab.tn/fr/a/7990234/a-louer-un-s3-meubl%C3%A9-au-lac2,A louer un s3 meublé au lac2,Les Berges Du Lac 2 à La Marsa,2 900 TND,200.0,4.0,,,,1.0,1.0,1.0,1.0,,Appartement,Nouveau,36.876389,10.325278,,3.0,,,1.0,,,,,,1.0,1.0,,,,,,,5-10 ans,Marbre,1.0,1.0,,1.0,,2ème,,3.0,,,,,
https://www.mubawab.tn/fr/a/7999482/a-louer-poue-jeune-fille-ou-petite-famille,A louer poue jeune fille ou petite famille,Khaznadar à Le Bardo,Prix à consulter,50.0,2.0,1.0,1.0,,,,,,,Appartement,Bon état,36.83017,10.13736,,,,,,,,,1.0,,,,,,,,,,5-10 ans,Carrelage,,,,,,3ème,,,,,,,
https://www.mubawab.tn/fr/a/7708240/a-louer-s2-meubl%C3%A9-aux-lac-1,A louer s2 meublé aux Lac 1,Les Berges Du Lac 1 à La Marsa,1 900 TND,120.0,3.0,,1.0,,1.0,1.0,1.0,1.0,1.0,Appartement,Bon état,36.8355152,10.2241758,,2.0,,,1.0,1.0,,,,1.0,,1.0,1.0,1.0,1.0,1.0,,,Moins d'un an,Marbre,,1.0,,1.0,,3ème,,,,,,,
https://www.mubawab.tn/fr/a/7990123/a-louer-un-appartement-en-s3-meubl%C3%A9-%C3%A0-sidi-abdel-aziz,A louer un appartement en S3 meublé à Sidi Abdel Aziz,La Marsa à La Marsa,5 000 TND,200.0,5.0,,,,1.0,1.0,1.0,1.0,,Appartement,Nouveau,36.8941992,10.2762232,,4.0,,,1.0,,,,,,,,,,,,,,,,1.0,,,,,,,3.0,,,,,
https://www.mubawab.tn/fr/a/7994713/etage-s4-ind%C3%A9pendant-cit%C3%A9-plage-2-h-sousse,Etage S4 Indépendant Cité Plage 2 H Sousse,Cité de la Plage 1,1 000 TND,140.0,5.0,,,,,1.0,,,,Appartement,Bon état,35.79,10.56,,4.0,,,,,,,,,,,,,,,,,,,1.0,,,,,1er,,2.0,,,,,
https://www.mubawab.tn/fr/a/7997350/superbe-s3-vue-mer-el-kantaoui,Superbe S3 Vue Mer El Kantaoui,Cité Presidentielle,1 500 TND,150.0,4.0,,,,,1.0,1.0,,,Appartement,Bon état,35.72756,10.53938,,3.0,,,1.0,1.0,,,,,,,,,,,,,,,1.0,,,,,1er,Sud,2.0,,,,,
https://www.mubawab.tn/fr/a/8006357/haut-standing-s3-meubl%C3%A9-sahloul-4,Haut Standing S3 Meublé Sahloul 4,Sahloul à Sousse Jaouhara,2 200 TND,150.0,4.0,,,,1.0,1.0,1.0,1.0,1.0,Appartement,Nouveau,35.832439,10.622471,,3.0,,,1.0,,,,1.0,1.0,,,1.0,1.0,1.0,1.0,,,1-5 ans,,1.0,1.0,,1.0,,5ème,,3.0,,,,,
https://www.mubawab.tn/fr/a/8006805/appartement-s1-%C3%A0-l-aouina,Appartement S1 à l'Aouina,Aouina à La Marsa,1 800 TND,65.0,,1.0,1.0,,1.0,1.0,1.0,1.0,1.0,Appartement,Nouveau,36.8533886,10.2504908,1.0,,,,1.0,,1.0,1.0,,1.0,,,1.0,1.0,1.0,1.0,1.0,,Moins d'un an,,,1.0,,1.0,,5ème,,,,,,,
https://www.mubawab.tn/fr/a/8006736/location-appartement-s2-%C3%A0-la-marsa,Location Appartement S2 à la Marsa,La Marsa à La Marsa,1 500 TND,80.0,3.0,,1.0,,,,1.0,1.0,,Appartement,Nouveau,36.876389,10.325278,,2.0,,,1.0,,,,,,,,,,,,,,,,,,,,,,,,,,,,
https://www.mubawab.tn/fr/a/7958274/s2-vue-sur-mer-sidi-bou-sa%C3%AFd,S2 vue sur mer Sidi Bou Saïd,Sidi Bousaid à Carthage,3 500 TND,100.0,2.0,,1.0,,,,,,,Appartement,Nouveau,36.871576,10.3343581,,2.0,,,,1.0,,,,1.0,,,,,,,,,,,,,,,,,,,,,,,
https://www.mubawab.tn/fr/a/8002205/appartement-tout-neuf,Appartement tout neuf,Bhar Lazreg à La Marsa,Prix à consulter,45.0,2.0,1.0,1.0,,,1.0,,1.0,,Appartement,Nouveau,36.876389,10.325278,,,,,1.0,,,,,,,,,,,,,,Moins d'un an,Marbre,,,,,,1er,,,,,,,
https://www.mubawab.tn/fr/a/8006564/tr%C3%A8s-coquet-appartement-s2-frond-de-mer,Très coquet appartement S2 frond de mer,Hammamet Sud à Hammamet,Prix à consulter,100.0,3.0,,,1.0,1.0,1.0,1.0,1.0,1.0,Appartement,Nouveau,36.40400699999999,10.568995,,2.0,,,1.0,,1.0,1.0,1.0,1.0,1.0,1.0,1.0,1.0,1.0,1.0,1.0,,Moins d'un an,Carrelage,1.0,1.0,,,,3ème,Est,2.0,1.0,,,,
https://www.mubawab.tn/fr/a/7998104/a-louer-un-s1-meubl%C3%A9-lac1,A louer un s1 meublé lac1,Les Berges Du Lac 1 à La Marsa,1 500 TND,70.0,2.0,1.0,1.0,,,,,,,Appartement,Bon état,36.8355152,10.2241758,,,,,,,,,,,,,,,,,,,,,,,,,,,,,,,,,
https://www.mubawab.tn/fr/a/8006364/superbe-appartement-%C3%A0-louer-%C3%A0-hammamet-2-chambres-meubl%C3%A9,Superbe appartement à louer à Hammamet. 2 chambres. Meublé,Hammamet à Hammamet,Prix à consulter,64.0,,,,,1.0,1.0,,1.0,1.0,Appartement,Bon état,36.39767079652501,10.612496712562876,,2.0,,,1.0,1.0,,,1.0,,,,1.0,1.0,1.0,1.0,1.0,,5-10 ans,Carrelage,,,,,,1er,,2.0,,,,,
https://www.mubawab.tn/fr/a/8006359/a-louer-appartement-s4-%C3%A0-ariana,A louer Appartement S4 à Ariana,Cité Jaafar à Ariana Ville,Prix à consulter,140.0,4.0,,1.0,,,,1.0,,,Appartement,Bon état,36.8625,10.19556,,4.0,,,,,,,,1.0,,,,,,,,,10-20 ans,,,,,,,3ème,,,,,,,
https://www.mubawab.tn/fr/a/8006257/location-d-un-appartement-%C3%A0-chott-meriem-2-chambres-bien-meubl%C3%A9,Location d'un appartement à Chott Meriem. 2 chambres. Bien meublé,Chott Meriem à Akouda,Prix à consulter,102.0,,,,1.0,1.0,1.0,,1.0,1.0,Appartement,Bon état,35.94470720000001,10.5536517,,2.0,,,1.0,1.0,,,1.0,1.0,,1.0,1.0,1.0,1.0,1.0,1.0,,5-10 ans,Carrelage,1.0,1.0,,1.0,,1er,,2.0,1.0,,,,
https://www.mubawab.tn/fr/a/8005149/location-appartement-s2-%C3%A0-bab-souika,Location appartement s2 à bab souika,Bab Souika à Tunis,Prix à consulter,70.0,3.0,,1.0,,,,,,,Appartement,Bon état,36.81881,10.16596,,2.0,,,,,,,,,,,,,,,,,5-10 ans,Carrelage,,,,,,2ème,,,,,,,
https://www.mubawab.tn/fr/a/7999071/a-louer-s3-%C3%A0-l-aouina,A Louer S3 à L'Aouina,Aouina à La Marsa,1 800 TND,140.0,3.0,,1.0,,,1.0,1.0,1.0,1.0,Appartement,Nouveau,36.87638899999999,10.325278000000004,,4.0,,,1.0,,1.0,1.0,,1.0,1.0,1.0,1.0,1.0,,1.0,1.0,,,,1.0,1.0,,1.0,1.0,,,,,,,,
https://www.mubawab.tn/fr/a/8005807/appartement-en-location-%C3%A0-cit%C3%A9-des-juges-2-chambres-agr%C3%A9ables-bien-meubl%C3%A9,Appartement en location à Cité des Juges. 2 chambres agréables. Bien meublé,Cité des Juges à Raoued,Prix à consulter,90.0,,,1.0,,1.0,,,1.0,,Appartement,Nouveau,33.88689999999999,9.5375,,2.0,,,1.0,1.0,1.0,1.0,1.0,,,,1.0,,1.0,,,,1-5 ans,,,,,,1.0,1er,,,,,,,
https://www.mubawab.tn/fr/a/7468101/appartement-s3-%C3%A0-gammarth,Appartement s3 à Gammarth,Gammarth à La Marsa,2 500 TND,,,,,,,,,,,Appartement,,36.917739,10.288893,,,,,1.0,,,,,,,,,,,,,,,,,,,,,,,,,,,,
https://www.mubawab.tn/fr/a/8005491/s3-a-ennaser,S3 a ennaser,Cité Ennasr 2 à Ariana Ville,1 400 TND,180.0,4.0,,,1.0,,1.0,1.0,1.0,,Appartement,À rénover,36.8625,10.19556,,3.0,,,1.0,,1.0,,,1.0,1.0,1.0,,,,,,,Moins d'un an,Parquet,,1.0,,1.0,1.0,1er,,2.0,,,,,
https://www.mubawab.tn/fr/a/7868169/a-louer-s2-ths-%C3%A0-ennaser-2,A louer S2 THS à Ennaser 2,Cité Ennasr 2 à Ariana Ville,1 500 TND,120.0,3.0,,1.0,,,1.0,1.0,1.0,,Appartement,Nouveau,36.8625,10.19556,,2.0,,,1.0,,,,,1.0,1.0,1.0,,,,,,,5-10 ans,Parquet,,1.0,,1.0,1.0,7ème,,,,,,,
https://www.mubawab.tn/fr/a/8003061/%C3%A9tage-de-villa-s3-a-jardin-menzah-2,Étage de villa S3 a jardin menzah 2,Les Jardins d'El Menzah 2 à Ariana Ville,1 400 TND,150.0,4.0,,,,,,1.0,1.0,,Appartement,Nouveau,36.8625,10.19556,,3.0,,,1.0,,1.0,,,,1.0,1.0,,,,,,,1-5 ans,,,,,,1.0,1er,,2.0,,,,,
https://www.mubawab.tn/fr/a/8005484/s2-a-ennaser-a-louer,S2 a ennaser: A louer,Cité Ennasr 2 à Ariana Ville,1 000 TND,124.0,3.0,,1.0,,,1.0,1.0,1.0,,Appartement,Nouveau,36.8625,10.19556,,2.0,,,1.0,,,,,1.0,1.0,1.0,,,,,,,Moins d'un an,Marbre,,1.0,,1.0,1.0,,,,,,,,
https://www.mubawab.tn/fr/a/8005230/%D8%B4%D9%82%D8%A9-%D9%84%D9%84%D8%A5%D9%8A%D8%AC%D8%A7%D8%B1-%D9%88%D8%B1%D8%A7%D8%A1-clinique-essalem-sousse,شقة للإيجار وراء Clinique Essalem Sousse,Khezama Est,Prix à consulter,120.0,,,1.0,,,,,,,Appartement,Bon état,35.83933917466165,10.620367218669832,1.0,3.0,,,,,,,,1.0,,,,,,,,,,,1.0,,,,,3ème,,,,,,,
https://www.mubawab.tn/fr/a/8005059/appartement-en-s2-%C3%A0-louer-%C3%A0-hammamet,Appartement en S2 à louer à Hammamet,Hammamet à Hammamet,1 000 TND,,5.0,,1.0,,1.0,1.0,1.0,1.0,1.0,Appartement,Bon état,36.40108,10.61457,,2.0,,,,,,,,,,1.0,1.0,1.0,1.0,,,,,,,,,,,,,,,,,,
https://www.mubawab.tn/fr/a/7996877/un-rez-de-chauss%C3%A9e-%C3%A0-louer-%C3%A0-hammem-sousse,Un rez de chaussée à louer à Hammem Sousse,Hammam Sousse à Hammam Sousse,2 000 TND,140.0,2.0,,1.0,,1.0,1.0,1.0,1.0,,Appartement,Bon état,35.8569,10.5972,,2.0,,,1.0,,,,,1.0,,,,,,,,,,,,,,,,,,,,,,,
https://www.mubawab.tn/fr/a/7994406/location-duplex-s3-cit%C3%A9-du-stade,Location duplex s3 cité du stade,Cité Du Stade à La Marsa,2 200 TND,150.0,4.0,,,,,1.0,1.0,1.0,,Appartement,Bon état,36.876389,10.325278,,3.0,,,1.0,,,,1.0,1.0,1.0,,,,,,,,,,1.0,,,1.0,1.0,,,2.0,,,,,
https://www.mubawab.tn/fr/a/7951578/location-appartement-s3-meubl%C3%A9-%C3%A0-marsa-corniche,Location appartement s3 meublé à marsa corniche,La Marsa à La Marsa,5 000 TND,150.0,4.0,,,,1.0,1.0,1.0,1.0,1.0,Appartement,Bon état,36.8941992,10.276223200000002,,3.0,,,1.0,1.0,,,1.0,,,,1.0,1.0,,,,,,,,,,,,,,3.0,,,,,
https://www.mubawab.tn/fr/a/8004589/s1-meubl%C3%A9-la-marsa-%C3%A0-louer,S1 Meublé la Marsa à Louer,La Marsa à La Marsa,1 600 TND,65.0,2.0,1.0,1.0,1.0,1.0,1.0,1.0,1.0,1.0,Appartement,Nouveau,36.876389,10.325278,,,,,1.0,,1.0,1.0,1.0,1.0,1.0,1.0,1.0,1.0,1.0,,1.0,,1-5 ans,Marbre,,1.0,,1.0,1.0,2ème,Est,,,,,,
https://www.mubawab.tn/fr/a/7975655/s2-au-1er-%C3%A9tage-%C3%A0-hammamet-nord-location,S2 au 1er étage à Hammamet Nord: Location,Hammamet Nord à Hammamet,950 TND,,5.0,,1.0,,1.0,1.0,1.0,1.0,1.0,Appartement,Bon état,36.40108,10.61457,,2.0,,,1.0,,,,,1.0,,,1.0,1.0,1.0,1.0,,,,,,,,,,1er,,,,,,,
https://www.mubawab.tn/fr/a/8004393/appartement-%C3%A0-louer-%C3%A0-hammem-sousse,Appartement à louer à hammem sousse,Hammam Sousse à Hammam Sousse,1 500 TND,225.0,8.0,,,,,1.0,,,,Appartement,Bon état,35.8569,10.5972,,3.0,,,1.0,,,,,,,,,,,,,,,,,,,,,,,2.0,,,,,
https://www.mubawab.tn/fr/a/8004376/appartement-meubl%C3%A9-%C3%A0-cit%C3%A9-les-palmerais,Appartement meublé à Cité les Palmerais,Cité Essalama à La Marsa,1 800 TND,130.0,4.0,,1.0,,1.0,1.0,1.0,1.0,1.0,Appartement,Bon état,36.876389,10.325278,,3.0,,,,,,,,1.0,,,1.0,1.0,,1.0,,,1-5 ans,Marbre,,1.0,,1.0,,5ème,Sud,,,,,,
https://www.mubawab.tn/fr/a/8004274/appartement-s1-meubl%C3%A9-%C3%A0-louer-aux-jardins-de-carthage,Appartement s1 meublé à louer aux Jardins de Carthage,Les Jardins de Carthage à Le Kram,1 700 TND,,,1.0,,,1.0,,,,,Appartement,,36.8555704,10.291834,,,,,1.0,,,,,1.0,,,,,,,,,,,1.0,,,,,,,,,,,,
https://www.mubawab.tn/fr/a/8003909/a-louer-s2-haut-standing-%C3%A0-hammam-sousse,A louer S2 haut standing à hammam Sousse,Cité de la Plage à Hammam Sousse,1 000 TND,150.0,2.0,1.0,1.0,,,,1.0,,,Appartement,Nouveau,35.8569,10.5972,,,,,,,,,,,,,,,,,,,,,,,,,,,,,,,,,
https://www.mubawab.tn/fr/a/8003685/appartement-%C3%A0-louer-%C3%A0-chott-meriem,Appartement à louer à Chott Meriem,Chott Meriem à Akouda,600 TND,60.0,4.0,1.0,1.0,,,1.0,1.0,1.0,,Appartement,Bon état,35.87,10.57,,,,,1.0,,,,,,,,,,,,,,,,,,,,,,,,,,,,
https://www.mubawab.tn/fr/a/7999000/s2-hight-standing-richement-meuble-plage-hergla,S2 Hight standing Richement Meuble Plage Hergla,Hergla,800 TND,95.0,3.0,,1.0,,1.0,1.0,1.0,1.0,1.0,Appartement,Nouveau,36.0301,10.5079,,2.0,,,1.0,,1.0,1.0,1.0,1.0,,,1.0,1.0,1.0,1.0,1.0,1.0,1-5 ans,Carrelage,,,,1.0,,1er,Nord,,,,,,
https://www.mubawab.tn/fr/a/8003584/charmant-s1-%C3%A0-amilcar,Charmant s1 à amilcar,Amilcar à Carthage,1 500 TND,60.0,,1.0,,1.0,,,,1.0,,Appartement,,36.51162,10.1941,,,,,,,,,,,,,,,,,,,,,,,,,,,,,,,,,
https://www.mubawab.tn/fr/a/8003582/un-charmant-appartement-vue-sur-mer,Un charmant appartement vue sur mer,La Marsa à La Marsa,6 000 TND,,,,,,,,,1.0,,Appartement,,36.8941992,10.2762232,,3.0,,,,,,,,,,,,,,,,,,,,,,,,,,,,,,,
https://www.mubawab.tn/fr/a/7944455/un-bel-appartement-richement-meubl%C3%A9,Un bel appartement richement meublé,Les Berges Du Lac 2 à La Marsa,3 200 TND,170.0,4.0,,,,,1.0,1.0,1.0,1.0,Appartement,Bon état,36.876389,10.325278,,3.0,,,1.0,,,1.0,,,,,1.0,1.0,1.0,,,,5-10 ans,Marbre,1.0,1.0,,,,,,2.0,,,,,
https://www.mubawab.tn/fr/a/8003271/louez-cet-appartement-%C3%A0-les-jardins-de-carthage-2-pi%C3%A8ces-porte-blind%C3%A9e-et-r%C3%A9sidence-s%C3%A9curis%C3%A9e-,Louez cet appartement à Les Jardins de Carthage. 2 pièces. Porte blindée et résidence sécurisée.,Les Jardins de Carthage à Le Kram,1 600 TND,69.0,2.0,,,,,1.0,1.0,1.0,,Appartement,Nouveau,36.8555704,10.291834,,2.0,,,,,,,,1.0,1.0,1.0,,1.0,,,,,Moins d'un an,Marbre,,1.0,,1.0,1.0,2ème,Nord,2.0,,,,,
https://www.mubawab.tn/fr/a/8003270/a-louer-s2-menzah-9c,A louer s2 menzah 9c,El Menzah 9 à El Menzah,1 150 TND,120.0,3.0,,1.0,,,1.0,1.0,1.0,,Appartement,Nouveau,36.8482637,10.1410889,,2.0,,,1.0,,,,,1.0,1.0,1.0,,,,,,,Moins d'un an,Marbre,1.0,1.0,,1.0,1.0,2ème,Sud,,,,,,
https://www.mubawab.tn/fr/a/7991685/a-louer-appartement-moderne-s4-%C3%A0-mutuelle-ville,A louer appartement moderne S4 à Mutuelle ville,Mutuelle Ville à El Menzah,3 800 TND,205.0,5.0,,,,,1.0,1.0,,,Appartement,Nouveau,36.845235,10.164723,,4.0,,,1.0,,,,,1.0,1.0,1.0,,,,,,,1-5 ans,Marbre,1.0,1.0,,1.0,,,,2.0,,,,,
https://www.mubawab.tn/fr/a/7999638/appartement-s2-%C3%A0-louer-aux-jardins-de-carthage,Appartement S2 à louer aux jardins de Carthage,Les Jardins de Carthage à Le Kram,1 700 TND,,2.0,,1.0,,,,,1.0,,Appartement,Nouveau,36.833333,10.316667,,2.0,,,,,,,,,,,,,,,,,,,1.0,,,,,,,,,,,,
https://www.mubawab.tn/fr/a/8003022/location-duplex-s4-avec-chambre-de-service,Location duplex s4 avec chambre de service,Les Jardins de Carthage à Le Kram,4 000 TND,280.0,,,,,,1.0,1.0,1.0,,Appartement,Bon état,36.8555704,10.291834,1.0,4.0,,,1.0,,,,,1.0,,1.0,,,,,,,,,1.0,1.0,,,,,,4.0,,,,,
https://www.mubawab.tn/fr/a/8002905/location-appartement-s2-meubl%C3%A9-la-soukra,Location Appartement S2 meublé La Soukra,La Soukra à La Soukra,1 700 TND,100.0,3.0,,,,1.0,1.0,1.0,1.0,1.0,Appartement,Bon état,36.88833,10.27417,,2.0,,,,,,,,1.0,1.0,1.0,1.0,1.0,1.0,1.0,,,5-10 ans,Marbre,1.0,1.0,,1.0,,1er,,2.0,1.0,,,,
https://www.mubawab.tn/fr/a/7979605/the-garden-flat,The garden flat,Sidi Daoued à La Marsa,2 800 TND,180.0,2.0,,1.0,,,,,,,Appartement,Nouveau,36.876389,10.325278,,2.0,,,,,,,,1.0,,,,,,,,,,,1.0,,,,,,,,,,,,
https://www.mubawab.tn/fr/a/8002481/location-appartement-cit%C3%A9-les-palmerais-laouina,Location appartement cité les palmerais laouina,Cité Taieb Mhiri à Menzel Chaker,Prix à consulter,70.0,,1.0,1.0,,1.0,1.0,1.0,1.0,1.0,Appartement,Bon état,36.86086007215724,10.265965059486142,,,,,,,,1.0,1.0,1.0,,,1.0,1.0,1.0,1.0,1.0,,Moins d'un an,,,1.0,,1.0,,4ème,,,,,,,
https://www.mubawab.tn/fr/a/8002399/appartement-%C3%A0-louer,Appartement à louer,Cité Ennasr 2 à Ariana Ville,Prix à consulter,150.0,,,1.0,,,1.0,,1.0,1.0,Appartement,Nouveau,36.8625,10.19556,1.0,2.0,,,,,,1.0,,1.0,,,1.0,,1.0,,,1.0,,,,,,1.0,,,,,,,,,
https://www.mubawab.tn/fr/a/8002193/appartement-tout-neuf,Appartement tout neuf,Bhar Lazreg à La Marsa,1 200 TND,80.0,3.0,,1.0,,,1.0,,1.0,,Appartement,Nouveau,36.876389,10.325278,,2.0,,,1.0,,,,,,,,,,,,,,Moins d'un an,Marbre,,,,,,1er,,,,,,,
https://www.mubawab.tn/fr/a/8001155/appartement-pied-dans-l-eau-s2-hammamet,Appartement pied dans l'eau s2 Hammamet,Hammamet à Hammamet,1 300 TND,,6.0,,,,1.0,1.0,,1.0,1.0,Appartement,Bon état,36.40108,10.61457,,2.0,,,,,,,,1.0,,1.0,1.0,1.0,1.0,1.0,,,,,,1.0,,1.0,,,,2.0,,,,,
https://www.mubawab.tn/fr/a/7949415/a-louer-s2-meubl%C3%A9-%C3%A0-la-marsa-cit%C3%A9-el-khalil,A Louer S2 Meublé à La Marsa Cité El Khalil,Cité El Khalil à La Marsa,2 500 TND,120.0,3.0,,,,1.0,1.0,1.0,1.0,1.0,Appartement,Nouveau,36.876389,10.325278,,2.0,,,,,,,,,,,1.0,1.0,1.0,1.0,,,1-5 ans,Marbre,,,1.0,,1.0,1er,Est,2.0,,,,,
https://www.mubawab.tn/fr/a/7998209/un-appartement-s4-%C3%A0-louer-%C3%A0-trocad%C3%A9ro,Un appartement S4 à louer à Trocadéro,Sousse Ville à Sousse Ville,950 TND,150.0,4.0,,1.0,,,,,,,Appartement,Bon état,35.8273,10.6339,,4.0,,,1.0,,,,,,,,,,,,,,,,,,,,,,,,,,,,
https://www.mubawab.tn/fr/a/8001912/louez-cet-appartement-%C3%A0-cit%C3%A9-des-juges-surface-de-90-m%C2%B2-meubl%C3%A9,Louez cet appartement à Cité des Juges. Surface de 90 m². Meublé,Cité des Juges à Raoued,600 TND,90.0,,,1.0,,1.0,,,1.0,,Appartement,Nouveau,36.97674320000001,10.2056369,,2.0,,,1.0,1.0,1.0,1.0,1.0,,,,1.0,,1.0,,,,1-5 ans,,,,,,1.0,1er,,,,,,,
https://www.mubawab.tn/fr/a/8001782/s2-meubl%C3%A9-c%C3%B4t%C3%A9-mer-h-sousse,S2 Meublé Côté Mer H Sousse,Cité de la Plage à Hammam Sousse,Prix à consulter,90.0,4.0,,1.0,,,1.0,1.0,1.0,,Appartement,Bon état,35.8569,10.5972,,2.0,,,,1.0,,,1.0,1.0,,,,,,,,,,,,1.0,,,,4ème,Est,,,,,,
https://www.mubawab.tn/fr/a/8001539/cite-al-ghazela-%C3%A0-louer-app-s3,Cite al ghazela: à louer app s3,Cité el Ghazela à Raoued,Prix à consulter,150.0,4.0,,1.0,,,1.0,1.0,1.0,,Appartement,Bon état,36.53203,10.1048,,3.0,,,,,1.0,,1.0,,,,,1.0,,1.0,,,10-20 ans,Parquet,,,,1.0,,3ème,Nord,,,,,,
https://www.mubawab.tn/fr/a/8001691/la-louer-appartement-meubl%C3%A9-%C3%A0-la-soukra,La louer appartement meublé à la soukra,Dar Fadhal à La Soukra,1 600 TND,90.0,,1.0,1.0,,1.0,1.0,1.0,1.0,1.0,Appartement,Nouveau,36.883333,10.25,1.0,,,,1.0,,1.0,,,1.0,1.0,,1.0,1.0,1.0,,1.0,,1-5 ans,,,1.0,,1.0,1.0,,,,,,,,
https://www.mubawab.tn/fr/a/8001396/s1-haut-standing,S1 haut standing,Bhar Lazreg à La Marsa,Prix à consulter,78.0,,1.0,1.0,,,1.0,1.0,1.0,,Appartement,Nouveau,36.876389,10.325278,1.0,,,,,,1.0,,,1.0,,1.0,,1.0,,,,,5-10 ans,Marbre,,1.0,,,,1er,Nord,,,,,,
https://www.mubawab.tn/fr/a/8000899/tr%C3%A8s-bel-appartement-en-location-%C3%A0-aouina-1-belle-chambre-belle-terrasse-et-jardin,Très bel appartement en location à Aouina. 1 belle chambre. Belle terrasse et jardin,Aouina à La Marsa,1 200 TND,60.0,,1.0,1.0,1.0,,1.0,1.0,1.0,,Appartement,Nouveau,36.8533886,10.250490799999998,1.0,,,,1.0,,,,,1.0,1.0,1.0,,,,,,1.0,Moins d'un an,Marbre,1.0,1.0,,1.0,,2ème,,,,,,,
https://www.mubawab.tn/fr/a/8000589/louez-cet-appartement-%C3%A0-cit%C3%A9-ennasr-2-1-chambre-bien-meubl%C3%A9,Louez cet appartement à Cité Ennasr 2.1 chambre. Bien meublé,Cité Ennasr 2 à Ariana Ville,Prix à consulter,56.0,,1.0,1.0,,1.0,,1.0,,,Appartement,Nouveau,36.8625,10.19556,,,,,,,,,1.0,1.0,,,,,,,,,5-10 ans,,,1.0,,1.0,,2ème,Nord,,,,,,
https://www.mubawab.tn/fr/a/7870027/a-louer-un-s3-vue-lac-au-lac2,A louer un s3 vue lac au lac2,Les Berges Du Lac 2 à La Marsa,3 000 TND,200.0,4.0,,,,,1.0,1.0,,,Appartement,Nouveau,36.876389,10.325278,,3.0,,,1.0,1.0,,,,,1.0,1.0,,,,,,,1-5 ans,,,,,1.0,,,,3.0,,,,,
https://www.mubawab.tn/fr/a/7997711/s2-meubl%C3%A9-avec-jardin-%C3%A0-la-marsa,S2 meublé avec jardin à La Marsa,La Marsa à La Marsa,2 000 TND,,3.0,,1.0,1.0,1.0,1.0,1.0,1.0,1.0,Appartement,Bon état,36.876389,10.325278,,2.0,,,1.0,,,1.0,1.0,,1.0,1.0,1.0,1.0,1.0,1.0,1.0,1.0,Moins d'un an,Marbre,1.0,,,,,,,,,,,,
https://www.mubawab.tn/fr/a/7584424/s3-vue-mer-au-coeur-de-la-marsa,S3 vue mer au coeur de La Marsa,La Marsa à La Marsa,3 700 TND,,4.0,,,,,1.0,1.0,1.0,1.0,Appartement,Bon état,36.876389,10.325278,,3.0,,,1.0,1.0,1.0,1.0,1.0,,1.0,1.0,,,,,,1.0,1-5 ans,Marbre,1.0,1.0,,1.0,,1er,,2.0,,,,,
https://www.mubawab.tn/fr/a/8000166/appartement-s3-en-location-a-jardin-de-carthage,Appartement S3 en location a jardin de carthage,Cité El Mahrajene,2 000 TND,150.0,,,,,,1.0,1.0,1.0,1.0,Appartement,Bon état,36.83251619999999,10.1719248,,3.0,,,,,,,1.0,1.0,,1.0,1.0,1.0,,1.0,,,1-5 ans,Marbre,1.0,1.0,,1.0,1.0,6ème,Nord,2.0,,,,,
https://www.mubawab.tn/fr/a/8000146/studio-s1-au-bardo-pour-filles-femmes,Studio s1 au bardo pour filles femmes,Cité du Stade à Le Bardo,460 TND,74.0,2.0,,1.0,,,,,,,Appartement,Bon état,36.82791319201985,10.135970720245902,,2.0,,,1.0,,,,,,,,,,,,,,10-20 ans,Carrelage,,,,,,,,,,,,,
https://www.mubawab.tn/fr/a/8000103/appartement-s1-%C3%A0-louer-cit%C3%A9-el-wafa-mrezga,Appartement S1 à louer Cité El Wafa Mrezga,Hammamet Nord à Hammamet,750 TND,77.0,2.0,,1.0,,1.0,1.0,1.0,1.0,1.0,Appartement,Nouveau,36.40108,10.61457,,2.0,,,1.0,,1.0,1.0,1.0,1.0,,1.0,1.0,1.0,1.0,,,,1-5 ans,Marbre,,1.0,,1.0,,1er,Est,,1.0,,,,
https://www.mubawab.tn/fr/a/8000086/appartement-s2-r%C3%A9sidence-aziz-el-aouina,Appartement S2 Résidence Aziz El AOUINA,Aouina à La Marsa,1 350 TND,140.0,3.0,,,,,1.0,1.0,1.0,,Appartement,Nouveau,36.876389,10.325278,,2.0,,,1.0,,,,,,1.0,,,1.0,,,,,5-10 ans,Marbre,1.0,1.0,,1.0,1.0,2ème,Est,2.0,,,,,
https://www.mubawab.tn/fr/a/8000016/joli-appartement-%C3%A0-louer-%C3%A0-hs,Joli Appartement à louer à HS,Cité de la Plage à Hammam Sousse,1 400 TND,120.0,2.0,,1.0,,,,,,,Appartement,Nouveau,35.8569,10.5972,,2.0,,,1.0,,,,,,,,,,,,,,,,,,,,,,,,,,,,
https://www.mubawab.tn/fr/a/7999929/tr%C3%A8s-bel-appartement-en-location-%C3%A0-cit%C3%A9-des-juges-surface-de-90-m%C2%B2-bien-meubl%C3%A9,Très bel appartement en location à Cité des Juges. Surface de 90 m². Bien meublé,Cité des Juges à Raoued,Prix à consulter,90.0,,,1.0,,1.0,,,1.0,,Appartement,Nouveau,36.97673289999997,10.205622599999998,,2.0,,,1.0,1.0,1.0,1.0,1.0,,,,1.0,,1.0,,,,1-5 ans,,,,,,1.0,1er,,,,,,,
https://www.mubawab.tn/fr/a/7999678/location-prestigieux-1-ere-etage,Location prestigieux 1 ere etage,Menzel Temime,900 TND,300.0,4.0,,1.0,,,,1.0,,,Appartement,Nouveau,36.629355291313296,10.894573678389548,,3.0,,,,,,,,,,,,,,,,,Moins d'un an,,,,,,,,,,,,,,
https://www.mubawab.tn/fr/a/7993155/a-louer-duplex-vue-sur-mer-%C3%A1-la-marsa,A louer duplex vue sur mer á la Marsa,La Marsa à La Marsa,5 000 TND,,6.0,,,,,1.0,1.0,1.0,,Appartement,Bon état,36.87638899999999,10.325278000000004,,4.0,,,1.0,1.0,,,,1.0,1.0,,,,,,,1.0,,,1.0,,,1.0,1.0,,,3.0,,,,,
https://www.mubawab.tn/fr/a/7951498/%C3%A0-louer-magnifique-appartement-meubl%C3%A9-avec-vue-sur-mer-%C3%A0-la-marsa-corniche,À louer Magnifique Appartement Meublé avec Vue sur Mer à La Marsa Corniche,La Marsa à La Marsa,5 500 TND,200.0,,,1.0,,1.0,,,1.0,,Appartement,,36.8941992,10.2762232,,,,,1.0,1.0,,,,,,,,,,,,,,,,,,,,,,,,,,,
https://www.mubawab.tn/fr/a/7888511/bureau-de-coworking-%C3%A0-louer-%C3%A0-la-zone-d-activit%C3%A9-khair-eddine,Bureau de coworking à louer à la zone d'activité Khair Eddine,La Marsa,54 000 TND,800.0,,,,,,,,,,Appartement,,36.876389,10.325278,,4.0,,,,,,,,1.0,,,,,,,,,,,1.0,,,,,,,,,,,,
https://www.mubawab.tn/fr/a/7999515/appt-meubl%C3%A9-a-louer-a-khaznadar,Appt meublé a louer a khaznadar,Khaznadar à Le Bardo,Prix à consulter,100.0,3.0,,1.0,,1.0,,,1.0,1.0,Appartement,Bon état,36.83017,10.13736,,3.0,,,,,,,,,,,1.0,1.0,,,,,,,,1.0,,,,4ème,,,,,,,
https://www.mubawab.tn/fr/a/7392022/a-louer-un-appartement-meubl%C3%A9-en-s2-%C3%A0-sidi-daoud,A Louer un appartement meublé en S2 à Sidi Daoud,La Marsa,2 400 TND,110.0,3.0,,1.0,,1.0,1.0,1.0,1.0,,Appartement,,36.876389,10.325278,,2.0,,,,,,,,,,,,,,,,,,,1.0,,,,,,,,,,,,
https://www.mubawab.tn/fr/a/7972589/a-louer-un-duplex-en-s4-%C3%A0-marsa-plage,A louer un duplex en S4 à Marsa plage,La Marsa à La Marsa,3 500 TND,150.0,5.0,,,,1.0,1.0,1.0,,,Appartement,Bon état,36.876389,10.325278,,5.0,,,1.0,,,,,,,,,,,,,,,,1.0,,,,,,,2.0,,,,,
https://www.mubawab.tn/fr/a/7999217/ent%C3%A9e-cuisine-et-salon-spacieux,Entée cuisine et salon spacieux,Cité Ennassim à La Goulette,1 650 TND,120.0,4.0,,1.0,,,1.0,1.0,1.0,,Appartement,Bon état,36.818056,10.305,,3.0,,,,,,1.0,,,,1.0,,,,,,1.0,10-20 ans,,1.0,,,,,2ème,Nord,,,,,,
https://www.mubawab.tn/fr/a/7997696/spacieux-s3-a-menzah-9c,Spacieux S3 a Menzah 9C,El Menzah 9 à El Menzah,1 500 TND,150.0,4.0,,,,,1.0,1.0,1.0,,Appartement,Bon état,36.8482637,10.1410889,,3.0,,,1.0,,,,,,1.0,1.0,,,,,,,5-10 ans,,,,,1.0,1.0,,Sud,2.0,,,,,
https://www.mubawab.tn/fr/a/7999184/s2-au-rdc-%C3%A0-ennaser-2,S2 au RDC à ennaser 2,Cité Ennasr 2 à Ariana Ville,1 500 TND,180.0,3.0,,,,,1.0,1.0,1.0,1.0,Appartement,Nouveau,36.8625,10.19556,,2.0,,,1.0,,,,,1.0,1.0,1.0,,1.0,,1.0,,,5-10 ans,Marbre,,,,1.0,,,Sud,3.0,,,,,
https://www.mubawab.tn/fr/a/7876509/%C3%A0-louer-un-appartement-s1-%C3%A0-khezema-ouest,À louer un appartement S1 à Khezema Ouest,Khezama Ouest,900 TND,75.0,2.0,1.0,1.0,,,1.0,1.0,1.0,,Appartement,Bon état,35.7218,10.6179,,,,,1.0,,1.0,,1.0,1.0,1.0,1.0,,1.0,,,,,1-5 ans,Marbre,1.0,1.0,,1.0,1.0,,Est,,,,,,
https://www.mubawab.tn/fr/a/7995063/appartement-%C3%A0-louer,Appartement à louer,La Soukra à La Soukra,1 500 TND,110.0,3.0,,1.0,,,1.0,1.0,1.0,,Appartement,Bon état,36.883333,10.25,,2.0,,,,,,,1.0,1.0,,,,1.0,,,,,1-5 ans,,1.0,1.0,,,1.0,2ème,,,,,,,
https://www.mubawab.tn/fr/a/7998531/superbe-appartement-%C3%A0-louer-%C3%A0-cit%C3%A9-des-juges-surface-de-80-m%C2%B2-bien-meubl%C3%A9,Superbe appartement à louer à Cité des Juges. Surface de 80 m². Bien meublé,Cité des Juges à Raoued,600 TND,80.0,,,1.0,,1.0,1.0,,1.0,,Appartement,Bon état,36.9767363,10.205625100000002,,2.0,,,1.0,1.0,1.0,,1.0,,,,1.0,,1.0,,,,,,,,,,,1er,,,,,,,
https://www.mubawab.tn/fr/a/7998492/appartement-sandra,Appartement Sandra,Hammamet Sud à Hammamet,1 200 TND,100.0,4.0,,1.0,1.0,1.0,1.0,1.0,1.0,,Appartement,Nouveau,36.40400699999999,10.568995,,2.0,,,,,,,1.0,1.0,,,1.0,1.0,1.0,,,,5-10 ans,Carrelage,,,,,,1er,,,1.0,,,,
https://www.mubawab.tn/fr/a/7998374/spacieux-appartement-sans-meubles-%C3%A0-sahloul-4,Spacieux Appartement sans meubles à sahloul 4,Sahloul à Sousse Jaouhara,1 300 TND,120.0,3.0,,1.0,,,,1.0,1.0,,Appartement,Nouveau,35.832439,10.622471,,3.0,,,,,,,,,,,,,,,,,,,,,,,,,,,,,,,
https://www.mubawab.tn/fr/a/7998318/rdj-avec-jardin-%C3%A0-louer-parfaitement-meubl%C3%A9-%C3%A0-hs,RDJ avec jardin à louer parfaitement meublé à HS,Hammam Sousse à Hammam Sousse,1 500 TND,120.0,3.0,,1.0,,,,,,,Appartement,Nouveau,35.8569,10.5972,,3.0,,,,,,,,,,,,,,,,,,,,,,,,,,,,,,,
https://www.mubawab.tn/fr/a/7697522/location-appartement-s1-meubl%C3%A9-les-berges-du-lac1,Location Appartement S1 meublé Les berges du lac1,Les Berges Du Lac 1 à La Marsa,1 800 TND,70.0,2.0,1.0,1.0,,1.0,1.0,1.0,1.0,1.0,Appartement,Bon état,36.876389,10.325278,,,,,,,,,,,1.0,1.0,1.0,1.0,1.0,,,,5-10 ans,Marbre,1.0,1.0,,1.0,,1er,,,,,,,
https://www.mubawab.tn/fr/a/7992217/duplex-s3-avec-jardin-au-lac-2,Duplex s3 avec Jardin au Lac 2,La Marsa,3 500 TND,260.0,,,,1.0,1.0,,,1.0,,Appartement,,36.876389,10.325278,,4.0,,,,,,,,,,,,,,,,,,,1.0,,,,,,,,,,,,
https://www.mubawab.tn/fr/a/7998038/belle-opprtunit%C3%A9-de-location-d-appartement,Belle opprtunité de location d'appartement,Essaltania à Sakiet Eddaier,Prix à consulter,125.0,,,1.0,,,,,,,Appartement,Bon état,34.8,10.78,1.0,3.0,,,1.0,,,,1.0,,,,,,,,,,10-20 ans,Carrelage,,,,,,2ème,Est,,,,,,
https://www.mubawab.tn/fr/a/7997998/appartement-en-location-%C3%A0-bou-kornine-1-chambre-cuisine-bien-%C3%A9quip%C3%A9e-,Appartement en location à Bou Kornine. 1 chambre. Cuisine bien équipée.,Bou Kornine à Hammam Lif,Prix à consulter,75.0,,1.0,1.0,1.0,,,,1.0,,Appartement,Bon état,36.7311,10.3277,1.0,,,,,,,,,,,,,,,,,,Moins d'un an,,,,,,,,Nord,,,,,,
https://www.mubawab.tn/fr/a/7730578/location-s3-meubl%C3%A9-avec-vue-sur-mer,Location s3 meublé avec vue sur mer,La Marsa à La Marsa,3 500 TND,200.0,4.0,,,,1.0,1.0,1.0,1.0,1.0,Appartement,Bon état,36.8941992,10.276223200000002,,3.0,,,1.0,1.0,,,1.0,,,,1.0,1.0,,1.0,,,,,,1.0,,1.0,,,,2.0,,,,,
https://www.mubawab.tn/fr/a/7997825/tr%C3%A8s-proche-de-la-mer,Très proche de la mer,Le Kram à Le Kram,Prix à consulter,50.0,,1.0,1.0,,,,,,,Appartement,Nouveau,36.833333,10.316667,1.0,,,,1.0,,,,,,,,,,,,,,,,,,,,,,,,,,,,
https://www.mubawab.tn/fr/a/7977975/a-louer-un-s2-au-lac2,A louer un S2 au lac2,Les Berges Du Lac 2 à La Marsa,1 800 TND,100.0,2.0,,1.0,,,,,1.0,,Appartement,Nouveau,36.876389,10.325278,,2.0,,,,,,,,,,,,,,,,,,,,,,,,,,,,,,,
https://www.mubawab.tn/fr/a/7997641/appartement-en-location-%C3%A0-hammamet-s1,Appartement en location à Hammamet. S1,Hammamet à Hammamet,Prix à consulter,50.0,,1.0,1.0,,,,,,,Appartement,Bon état,36.8325498,10.3124463,,,,,,,,,,,,,,,,,,,Moins d'un an,,,,,,,1er,,,,,,,
https://www.mubawab.tn/fr/a/7991072/location-s2-au-rez-de-chaussee-jc,Location s2 au rez de chaussee jc,Les Jardins de Carthage à Le Kram,1 500 TND,128.0,3.0,,,,,1.0,1.0,1.0,,Appartement,Bon état,36.833333,10.316667,,2.0,,,,,,,1.0,1.0,,,,1.0,,,,,5-10 ans,Marbre,,,,1.0,,,Est,2.0,,,,,
https://www.mubawab.tn/fr/a/7997577/appartement-moderne-%C3%A0-yassmine-hammamet,Appartement moderne à Yassmine Hammamet,Yasmine Hammamet à Hammamet,Prix à consulter,100.0,,,1.0,1.0,1.0,1.0,,1.0,1.0,Appartement,Bon état,36.37316520263736,10.536120750732422,1.0,2.0,,,1.0,,,,1.0,1.0,,,1.0,1.0,1.0,,,,,,1.0,,,1.0,,,,,1.0,,,,
https://www.mubawab.tn/fr/a/7997448/a-louer-appt-s2-meubl%C3%A9-ennasr-2,A louer Appt S2 Meublé Ennasr 2,Cité Ennasr 2 à Ariana Ville,1 400 TND,80.0,3.0,,1.0,,1.0,1.0,1.0,1.0,1.0,Appartement,Bon état,36.8625,10.19556,,2.0,,,1.0,,1.0,,,1.0,,1.0,1.0,1.0,1.0,,1.0,,,Marbre,,1.0,,1.0,1.0,4ème,,,,,,,
https://www.mubawab.tn/fr/a/7732333/superbe-appartement-%C3%A0-louer-%C3%A0-hammamet-nord-1-belle-chambre-bien-meubl%C3%A9,Superbe appartement à louer à Hammamet Nord. 1 belle chambre. Bien meublé,Hammamet Nord à Hammamet,1 500 TND,70.0,,1.0,1.0,1.0,1.0,1.0,1.0,1.0,1.0,Appartement,Nouveau,36.409584948244245,10.647989428466737,1.0,,,,1.0,,,1.0,1.0,,1.0,1.0,1.0,1.0,1.0,1.0,,,1-5 ans,Marbre,1.0,1.0,,,,,Nord,,,,,,
https://www.mubawab.tn/fr/a/7997379/s3-meubl%C3%A9-corniche-sousse,S3 Meublé Corniche Sousse,Sousse Corniche,1 000 TND,130.0,4.0,,1.0,,,1.0,,,,Appartement,Bon état,35.81771,10.64549,,3.0,,,,,,,,,,,,,,,,,,,,1.0,,,,1er,,,,,,,
https://www.mubawab.tn/fr/a/7997339/location-appartement-meubl%C3%A9-pr%C3%A8s-hopital-sahloul,Location appartement meublé près hopital sahloul,Sahloul à Sousse Jaouhara,700 TND,70.0,3.0,,1.0,,1.0,,,1.0,,Appartement,Bon état,35.832439,10.622471,,2.0,,,,,,,,,,,1.0,1.0,,,,,,,,,,,,,,,,,,,
https://www.mubawab.tn/fr/a/7982192/etage-villa-s2-standing-sans-meubles,Etage Villa S2 Standing sans Meubles,Hammam Sousse à Hammam Sousse,2 000 TND,130.0,3.0,,,1.0,,,1.0,1.0,,Appartement,Bon état,35.8569,10.5972,,2.0,,,1.0,,,,1.0,,,,,,,,,,,,1.0,,,,,1er,Nord,3.0,,,,,
https://www.mubawab.tn/fr/a/7997043/rez-de-chauss%C3%A9e-%C3%A0-2-pas-de-la-plage,Rez de Chaussée à 2 pas de la Plage,Cité Presidentielle,1 500 TND,150.0,4.0,,,1.0,,1.0,1.0,,,Appartement,Bon état,35.72756,10.53938,,2.0,,,1.0,,,,1.0,,,,,,,,,,,,1.0,,,,,,Sud,3.0,,,,,
https://www.mubawab.tn/fr/a/7975864/s2-aux-les-jardins-de-carthage,S2 aux les Jardins de Carthage,Les Jardins de Carthage à Le Kram,2 200 TND,120.0,2.0,,,,,1.0,1.0,1.0,,Appartement,Nouveau,36.833333,10.316667,,2.0,,,,,1.0,,,1.0,1.0,1.0,,1.0,,,,,Moins d'un an,Marbre,1.0,1.0,,1.0,,,,2.0,,,,,
https://www.mubawab.tn/fr/a/7885026/s2-aux-les-jardins-de-carthage,S2 Aux Les Jardins de Carthage,Les Jardins de Carthage à Le Kram,1 900 TND,150.0,3.0,,,,,1.0,1.0,1.0,,Appartement,Bon état,36.833333,10.316667,,2.0,,,1.0,,1.0,,,1.0,1.0,1.0,,1.0,,,,,1-5 ans,Marbre,1.0,,1.0,1.0,,3ème,,2.0,,,,,
https://www.mubawab.tn/fr/a/7947876/appartement-s2-a-la-marsa-sidi-daoued,Appartement S2 a la Marsa Sidi Daoued,Sidi Daoued à La Marsa,1 850 TND,110.0,2.0,,,,,1.0,1.0,1.0,,Appartement,À rénover,36.876389,10.325278,,2.0,,,,,,,,1.0,,,,1.0,,,,,Moins d'un an,Marbre,1.0,1.0,,1.0,,,,2.0,,,,,
https://www.mubawab.tn/fr/a/7995319/charmant-appartement-s3-style-arabesque,Charmant appartement s3 style arabesque,La Marsa à La Marsa,2 800 TND,180.0,,,,,,,,1.0,,Appartement,,36.8941992,10.2762232,,4.0,,,1.0,,,,,,,,,,,,,,,,,,,,,,,,,,,,
https://www.mubawab.tn/fr/a/7996746/maison-appart-s3-entr%C3%A9-ind%C3%A9pendante-la-marsa,Maison Appart S3 entré indépendante La Marsa,La Marsa à La Marsa,2 050 TND,110.0,,,,,,1.0,,,,Appartement,Bon état,36.88389864699608,10.329437175437466,1.0,3.0,,,,,,,,,,,,,,,,,,,,,,,,,,2.0,,,,,
https://www.mubawab.tn/fr/a/7994260/a-louer-s1-situ%C3%A9-%C3%A0-kantaoui,A louer S1 situé à Kantaoui,El Kantaoui à Hammam Sousse,Prix à consulter,70.0,,1.0,1.0,,,,1.0,,,Appartement,Nouveau,35.8569,10.5972,1.0,,,,,,,,,,,,,,,,,,,,,,,,,,,,,,,,
https://www.mubawab.tn/fr/a/7995805/location-%E2%80%93-duplex-s3-%C3%A0-la-marsa,Location – Duplex S3 à la Marsa,La Marsa à La Marsa,2 500 TND,200.0,4.0,,,1.0,,1.0,1.0,1.0,,Appartement,Bon état,36.876389,10.325278,,3.0,,,,,,,,,,,,,,,,,,,,,,,,,,3.0,,,,,
https://www.mubawab.tn/fr/a/7995740/s1-haut-standing-r%C3%A9sidence-aswar-soukra-l-aouina,S1 Haut standing Résidence Aswar soukra l'Aouina,La Soukra à La Soukra,900 TND,58.0,,1.0,1.0,,,1.0,1.0,1.0,,Appartement,Bon état,36.883333,10.25,1.0,,,,,,,,,1.0,,1.0,,1.0,,,,,5-10 ans,Marbre,1.0,1.0,,1.0,,2ème,,,,,,,
https://www.mubawab.tn/fr/a/7995690/appartement-haut-standing-%C3%A0-louer-jardin-de-cartha,Appartement haut standing à louer jardin de Cartha,Carthage à Carthage,2 000 TND,140.0,6.0,,,,,1.0,1.0,1.0,,Appartement,Nouveau,36.8694317,10.3164051,,3.0,,,,,1.0,,,1.0,,,,1.0,,,,,,Parquet,1.0,1.0,,1.0,,7ème,,2.0,,,,,
https://www.mubawab.tn/fr/a/7995433/penthouse-du-promoteur-vue-sur-mer,Penthouse du Promoteur vue sur mer,Gammarth à La Marsa,5 500 TND,220.0,6.0,,,,,1.0,1.0,1.0,1.0,Appartement,Nouveau,36.876389,10.325278,,3.0,,,1.0,1.0,1.0,,1.0,1.0,1.0,1.0,1.0,1.0,,1.0,,,1-5 ans,Marbre,1.0,1.0,,,1.0,,Est,3.0,1.0,1.0,,,
https://www.mubawab.tn/fr/a/7994373/s3-rdc-%C3%A0-louer,S3 rdc à louer,Gammarth à La Marsa,1 600 TND,140.0,3.0,,1.0,,,,,,,Appartement,Nouveau,36.876389,10.325278,,4.0,,,,,,,,,,,,,,,,,,,,,,,,,,,,,,,
https://www.mubawab.tn/fr/a/7995354/s2-avec-terrasse-vue-d%C3%A9gag%C3%A9e-%C3%A0-louer-sidi-bou-said,S2 avec terrasse vue dégagée à louer Sidi Bou Said,Sidi Bousaid à Carthage,2 200 TND,250.0,3.0,,,,,1.0,1.0,1.0,,Appartement,Nouveau,36.8566,10.3258,,2.0,,,1.0,1.0,1.0,,,,1.0,1.0,1.0,1.0,,1.0,1.0,,,,,,1.0,,,,,2.0,,,,,
https://www.mubawab.tn/fr/a/7868951/s2-aux-les-jardins-de-carthage,S2 aux les Jardins de Carthage,Les Jardins de Carthage à Le Kram,2 200 TND,150.0,3.0,,,,,1.0,1.0,1.0,,Appartement,Bon état,36.833333,10.316667,,2.0,,,1.0,,,,,1.0,1.0,,,1.0,,,,,Moins d'un an,Marbre,1.0,1.0,,1.0,,,,2.0,,,,,
https://www.mubawab.tn/fr/a/7995181/maison-a-hammamet-meuble,Maison a hammamet meuble,Hammamet à Hammamet,1 250 TND,85.0,3.0,,1.0,,1.0,1.0,1.0,1.0,,Appartement,Nouveau,36.40108,10.61457,,2.0,,,1.0,,1.0,1.0,1.0,1.0,,,1.0,1.0,1.0,,1.0,,Moins d'un an,Carrelage,,,1.0,,,2ème,Sud,,,,,,
https://www.mubawab.tn/fr/a/7994890/a-louer-un-appartement-s2-neuf-tr%C3%A8s-haut-standing-%C3%A0-choutrana-1,A Louer Un Appartement S2 Neuf Très Haut Standing à Choutrana 1,Amilcar à La Soukra,1 250 TND,100.0,2.0,,1.0,,,1.0,1.0,,,Appartement,Nouveau,36.8566,10.3258,,2.0,,,,,,,,1.0,,,,,,,,,,,1.0,,,,,,,,,,,,
https://www.mubawab.tn/fr/a/7835128/s3-meubl%C3%A9-avec-jardin-%C3%A0-ain-zaghouan-nord-mal0527,S3 meublé avec jardin à Ain Zaghouan Nord MAL0527,Ain Zaghouan Nord à La Marsa,3 500 TND,,,,,1.0,1.0,,1.0,,,Appartement,Bon état,36.876389,10.325278,1.0,3.0,,,1.0,,,,,,,,,,,,,,,,,,,,,,,3.0,,,,,
https://www.mubawab.tn/fr/a/7955001/s3-meubl%C3%A9-avec-jardin-%C3%A0-la-marsa-mal1079,S3 meublé avec jardin à La Marsa MAL1079,La Marsa à La Marsa,4 800 TND,,,,,1.0,1.0,1.0,1.0,1.0,1.0,Appartement,Bon état,36.876389,10.325278,1.0,3.0,,,1.0,,,,,1.0,1.0,1.0,1.0,1.0,1.0,1.0,,,,,1.0,1.0,,1.0,,,,3.0,,,,,
https://www.mubawab.tn/fr/a/7994780/s3-avec-un-grand-jardin-%C3%A0-gammarth-sup,S3 avec un grand jardin à Gammarth Sup,Gammarth Supérieur à La Marsa,4 000 TND,,4.0,,,1.0,,1.0,1.0,1.0,,Appartement,Bon état,36.876389,10.325278,,3.0,,,1.0,1.0,1.0,1.0,,,1.0,1.0,,,,,,,1-5 ans,Carrelage,1.0,,,,,,,2.0,,1.0,,,
https://www.mubawab.tn/fr/a/7994790/a-louer-un-appartement-s2-tr%C3%A8s-haut-standing-%C3%A0-jardin-de-carthage,A Louer Un Appartement S2 Très Haut Standing à Jardin De Carthage,Carthage à Carthage,1 600 TND,100.0,2.0,,1.0,,,,,,,Appartement,Nouveau,36.8566,10.3258,,2.0,,,1.0,,,,,,,,,1.0,,,,,,,1.0,1.0,,,,,,,,,,,
https://www.mubawab.tn/fr/a/7994690/tr%C3%A8s-bel-appartement-en-location-%C3%A0-mellita-1-pi%C3%A8ce,Très bel appartement en location à Mellita. 1 Pièce,Mellita à Houmt Souk,Prix à consulter,100.0,,,1.0,,,,,,,Appartement,Nouveau,33.863889,10.800556,1.0,3.0,,,,,,,,,,,,,,,,,Moins d'un an,Parquet,,,,,,1er,Nord,,,,,,
https://www.mubawab.tn/fr/a/7994635/appartement-s3-%C3%A0-lou%C3%A9-%C3%A0-riadh-landalous-%C3%A0-usage-pr,Appartement S3 à loué à riadh landalous à usage pr,Riadh al Andalous à Ariana Ville,2 600 TND,154.0,3.0,,1.0,,,,,,,Appartement,Nouveau,36.8625,10.19556,,4.0,,,,,,,,,,,,,,,,,,,,,,,,,,,,,,,
https://www.mubawab.tn/fr/a/7799391/magnifique-s2-meubl%C3%A9,Magnifique S2 meublé,Les Berges Du Lac 2 à La Marsa,3 000 TND,120.0,4.0,,,,,,,,,Appartement,Bon état,36.84689860000001,10.2641808,,2.0,,,,,,,,,,,,,,,,,5-10 ans,Marbre,,,,,,1er,Est,2.0,,,,,
https://www.mubawab.tn/fr/a/7994259/a-louer-un-appartement-s1-%C3%A0-hammamet-nord,A louer un appartement S1 à Hammamet Nord,Hammamet Nord à Hammamet,850 TND,70.0,2.0,1.0,,,,1.0,1.0,1.0,,Appartement,Bon état,36.40108,10.61457,,,,,,,,,,,,,,,,,,,,,,,,,,,,2.0,,,,,
https://www.mubawab.tn/fr/a/7994169/appartement-en-s1-richement-meubl%C3%A9,Appartement en S1 Richement meublé,Cité El Wafa à Nabeul,1 000 TND,,,,1.0,,,,,,,Appartement,Nouveau,36.45056,10.73505,1.0,2.0,,,,,,,,,,,,,,,,,,,,,,,,,,,1.0,,,,
https://www.mubawab.tn/fr/a/7993752/s0-tr%C3%A8s-haut-standing,S0 très haut standing,La Goulette à La Goulette,1 200 TND,55.0,,1.0,1.0,1.0,1.0,1.0,1.0,1.0,1.0,Appartement,Nouveau,36.8236219,10.2810303,1.0,,,,1.0,1.0,1.0,,1.0,1.0,1.0,1.0,1.0,1.0,1.0,,1.0,,Moins d'un an,Marbre,,1.0,1.0,1.0,,3ème,Ouest,,,,,,
https://www.mubawab.tn/fr/a/7993664/location-appartement-s1-%C3%A0-la-marsa-nessim,Location Appartement S1 à la Marsa Nessim,La Marsa à La Marsa,1 700 TND,60.0,2.0,1.0,1.0,,,1.0,1.0,1.0,,Appartement,Nouveau,36.89419920000003,10.276223200000002,,,,,,,,,,,,,,,,,,,,,,,,,,,,,,,,,
https://www.mubawab.tn/fr/a/7973109/appartement-s2-meubl%C3%A9-%C3%A0-la-marsa,Appartement S2 meublé à la Marsa,La Marsa à La Marsa,3 600 TND,,2.0,,1.0,,1.0,,,,,Appartement,Nouveau,36.876389,10.325278,,3.0,,,,,,,,,,,,,,,,,,,,,,,,,,,,,,,
https://www.mubawab.tn/fr/a/7993595/s2-en-location,S2 en location,Ain Zaghouan Nord à La Marsa,2 200 TND,130.0,3.0,,,,1.0,1.0,1.0,1.0,1.0,Appartement,Bon état,36.86081478349172,10.274464799347433,,2.0,,,1.0,,,,1.0,1.0,,1.0,1.0,1.0,1.0,1.0,1.0,,1-5 ans,Marbre,1.0,1.0,,1.0,,,,2.0,,,,,
https://www.mubawab.tn/fr/a/7993528/s1-en-location,S1 en location,Aouina à La Marsa,1 000 TND,73.0,2.0,1.0,1.0,,,1.0,1.0,1.0,,Appartement,Bon état,36.86208577802952,10.272907595418966,,,,,,,,,1.0,,1.0,1.0,,1.0,,,,,10-20 ans,Marbre,,1.0,,1.0,,7ème,,,,,,,
https://www.mubawab.tn/fr/a/7993306/bel-appartement-en-location-2-chambres,Bel appartement en location. 2 chambres,Kasserine Ville,500 TND,80.0,,,1.0,,,,,,,Appartement,Bon état,35.1744149,8.8465434,,2.0,,,,,,,,,,,,,,,,,,,,,,,,1er,Nord,,,,,,
https://www.mubawab.tn/fr/a/7943552/s2-meubl%C3%A9-rdc-avec-jardin-%C3%A0-cit%C3%A9-mahraj%C3%A9ne,S2 meublé RDC avec jardin à Cité Mahrajéne,Cité El Mahrajene à El Menzah,1 800 TND,90.0,3.0,,1.0,1.0,1.0,1.0,1.0,1.0,1.0,Appartement,Bon état,36.845235,10.164723,,2.0,,,1.0,,,1.0,1.0,,,1.0,1.0,1.0,,,,,10-20 ans,Carrelage,1.0,,,1.0,,,,,,,,,
https://www.mubawab.tn/fr/a/7335127/a-louer-appartement-s3-jardins-carthage,A louer appartement s3 jardins carthage,Les Jardins de Carthage à Le Kram,2 500 TND,180.0,,,,1.0,,1.0,1.0,1.0,,Appartement,Nouveau,36.833333,10.316667,,3.0,,,1.0,,,,1.0,1.0,1.0,1.0,1.0,1.0,,1.0,,,1-5 ans,Marbre,1.0,1.0,,1.0,,5ème,,3.0,,,,,
https://www.mubawab.tn/fr/a/7993034/un-appartement-s3,Un appartement S3,Les Jardins de Carthage à Le Kram,2 000 TND,160.0,4.0,,,,,1.0,1.0,1.0,,Appartement,Bon état,36.8555704,10.291834,,3.0,,,1.0,,1.0,,,1.0,1.0,,,1.0,,,,,,,1.0,1.0,,1.0,,,,3.0,,,,,
https://www.mubawab.tn/fr/a/7993015/louez-cet-appartement-%C3%A0-el-ouardia-3-chambres,Louez cet appartement à El Ouardia. 3 chambres,El Ouardia à El Ouardia,Prix à consulter,75.0,,,1.0,,,,,,,Appartement,Nouveau,33.88689999999999,9.5375,,3.0,,,,,,,,,,,,,,,,,,,,,,,,,,,,,,,
https://www.mubawab.tn/fr/a/7992995/%C3%A0-louer-un-appart-%C3%A0-aouina-pour-famille-ou-couple,À louer un appart à Aouina pour famille ou couple,Aouina à La Marsa,900 TND,90.0,3.0,,1.0,,,1.0,,,,Appartement,Bon état,36.8533886,10.2504908,,2.0,,,,,1.0,,,,,,,,,,,,5-10 ans,Marbre,1.0,1.0,,,,3ème,Sud,,,,,,
https://www.mubawab.tn/fr/a/7982986/etage-de-villa,Etage de villa,Cité El Khalil à La Marsa,1 200 TND,80.0,3.0,,1.0,,,,1.0,1.0,,Appartement,Bon état,36.876389,10.325278,,2.0,,,1.0,,,,,,,,,,,,,,1-5 ans,Marbre,,,,,,,,,,,,,
https://www.mubawab.tn/fr/a/7992764/bonne-occasion,Bonne occasion,Les Jardins de Carthage à Le Kram,1 800 TND,70.0,2.0,,,,,1.0,1.0,1.0,,Appartement,Nouveau,36.8555704,10.291834,,2.0,,,1.0,,,,,1.0,1.0,1.0,,1.0,,1.0,,,Moins d'un an,Marbre,,1.0,,1.0,1.0,2ème,Nord,2.0,,,,,
https://www.mubawab.tn/fr/a/7992687/a-louer-un-appartement-s1-%C3%A0-c%C3%B4t%C3%A9-h%C3%B4tel-nahrawess,A louer un appartement S1 à côté Hôtel Nahrawess,Hammamet Nord à Hammamet,Prix à consulter,,3.0,1.0,1.0,,1.0,1.0,1.0,1.0,,Appartement,Bon état,36.40108,10.61457,,,,,,,,,,,,,1.0,1.0,1.0,,,,,,,,,,,,,,,,,,
https://www.mubawab.tn/fr/a/7992652/un-appartement-s1-meubl%C3%A9e,Un appartement S1 meublée,Les Jardins de Carthage à Le Kram,2 100 TND,75.0,2.0,1.0,1.0,,1.0,1.0,1.0,1.0,1.0,Appartement,Bon état,36.8555704,10.291834,,,,,1.0,,1.0,1.0,,1.0,1.0,1.0,1.0,1.0,1.0,1.0,,,,,,1.0,,1.0,,,,,,,,,
https://www.mubawab.tn/fr/a/7992222/location-appartement-s3-rez-de-chauss%C3%A9e,Location appartement S3 rez de chaussée,El Omrane Supérieur à El Omrane Superieur,520 TND,100.0,4.0,,1.0,,,,,,,Appartement,Bon état,36.83605357279565,10.119844495985976,,3.0,,,,,,,,,,,,,,,,,10-20 ans,Carrelage,,,,,,,Ouest,,,,,,
https://www.mubawab.tn/fr/a/7992114/s1-%C3%A0-louer-%C3%A0-cit%C3%A9-afh-mrezgua-nabeul,S1 à louer à cité AFH Mrezgua Nabeul,Les Deux Oueds à Nabeul,700 TND,65.0,,1.0,1.0,,1.0,1.0,1.0,1.0,1.0,Appartement,Nouveau,36.42988,10.690767,1.0,,,,,,,1.0,1.0,1.0,,,1.0,1.0,1.0,1.0,,,1-5 ans,Carrelage,,1.0,,1.0,,4ème,,,1.0,,,,
https://www.mubawab.tn/fr/a/7992028/appartement-meubl%C3%A9-a-louer,Appartement meublé a louer,Le Kram à Le Kram,850 TND,70.0,,1.0,1.0,,1.0,1.0,,1.0,,Appartement,Bon état,36.8325498,10.3124463,1.0,,,,1.0,,,,1.0,1.0,,,1.0,1.0,,,,,5-10 ans,Marbre,,,,,,2ème,Est,,,,,,
https://www.mubawab.tn/fr/a/7952472/a-louer-s3-avec-terrasse-%C3%A0-hammamet-nord,A Louer: S3 avec terrasse à Hammamet Nord,Hammamet Nord à Hammamet,1 700 TND,,7.0,,,,1.0,1.0,,1.0,1.0,Appartement,Nouveau,36.40108,10.61457,,3.0,,,1.0,,,,,1.0,,,1.0,1.0,1.0,1.0,,,,,,,,,,,,2.0,,,,,
https://www.mubawab.tn/fr/a/7963736/a-louer-un-appartement-en-s3-%C3%A0-gammarth,A louer un appartement en S3 à Gammarth,Gammarth à La Marsa,2 600 TND,160.0,,,,,1.0,1.0,1.0,1.0,,Appartement,,36.917739,10.288893,,4.0,,,1.0,,,,,1.0,,,,,,,,,,,1.0,,,,,,,,,,,,
https://www.mubawab.tn/fr/a/7991698/location-annuelle-etage-s3,Location Annuelle Etage S3,Nabeul à Nabeul,1 200 TND,120.0,4.0,,1.0,,,,,,,Appartement,Bon état,36.45056,10.73505,,3.0,,,,,,,,,,,,,,,,,,,,,,,,,,,,,,,
https://www.mubawab.tn/fr/a/7969584/appartement-s2-%C3%A0-louer-au-lac-2,Appartement S2 à louer au lac 2,Les Berges Du Lac 2 à La Marsa,2 000 TND,140.0,,,,,,,,1.0,,Appartement,,36.8468986,10.2641808,,2.0,,,1.0,,,,,1.0,,,,,,,,,,,1.0,,,,,,,,,,,,
https://www.mubawab.tn/fr/a/7815653/a-louer-un-appartement-s2-meubl%C3%A9-%C3%A0-sidi-bousaid,A louer un appartement S2 meublé à Sidi Bousaid,Sidi Bousaid à Carthage,3 500 TND,120.0,,,1.0,,1.0,1.0,1.0,1.0,1.0,Appartement,Bon état,36.8566,10.3258,1.0,2.0,,,1.0,,,,1.0,1.0,,,1.0,1.0,1.0,1.0,1.0,,,,,,,,1.0,,,,,,,,
https://www.mubawab.tn/fr/a/7991590/appartement-neuf-meubl%C3%A9-%C3%A0-cit%C3%A9-khalil-la-marsa,Appartement neuf meublé à cité khalil la marsa,La Marsa à La Marsa,Prix à consulter,130.0,3.0,,,,1.0,1.0,1.0,1.0,1.0,Appartement,Nouveau,36.876389,10.325278,,2.0,,,,,,,,1.0,,,1.0,,1.0,,,,Moins d'un an,Parquet,,,1.0,1.0,,1er,Ouest,2.0,,,,,
https://www.mubawab.tn/fr/a/7983902/tr%C3%A9s-beau-appartement-%C3%A0-cit%C3%A9-khalil-la-marsa,Trés beau appartement à cité khalil la marsa,La Marsa à La Marsa,2 000 TND,130.0,,,,,1.0,1.0,1.0,1.0,1.0,Appartement,Nouveau,36.876389,10.325278,1.0,2.0,,,,,,,,1.0,,,1.0,,1.0,,,,Moins d'un an,Parquet,1.0,,,1.0,,,Ouest,2.0,,,,,
https://www.mubawab.tn/fr/a/7991364/a-louer-un-joli-appartement-s3-%C3%A0-chotrana-2,A louer un joli appartement s3 à chotrana 2,Chotrana 2 à La Soukra,2 600 TND,90.0,4.0,,,,,1.0,1.0,1.0,,Appartement,Bon état,36.883333,10.25,,3.0,,,1.0,,1.0,,,1.0,1.0,1.0,,,,,,,,,1.0,1.0,,1.0,,,,3.0,,,,,
https://www.mubawab.tn/fr/a/7991229/appartement-meubl%C3%A9-tout-confort-s2-a-louer,Appartement meublé tout confort s2 a louer,Cité Frina à Monastir Ville,Prix à consulter,70.0,3.0,,1.0,,1.0,1.0,1.0,1.0,1.0,Appartement,Bon état,35.7678,10.8225,,2.0,,,,,,,1.0,1.0,,1.0,1.0,1.0,1.0,1.0,,,1-5 ans,Carrelage,,1.0,,,,5ème,Nord,,,,,,
https://www.mubawab.tn/fr/a/7985704/alouer-appart-en-plein-centre-ville,Alouer Appart en plein centre ville,Bab Bhar à Tunis,500 TND,55.0,,,1.0,,,,,,,Appartement,Bon état,36.81881,10.16596,1.0,2.0,,,,,,,,,,,,1.0,,,,,Plus de 100 ans,,,,,,,,,,,,,,
https://www.mubawab.tn/fr/a/7991068/a-louer-un-appartement-s2-%C3%A0-mrezga-hammamet,A louer un appartement S2 à Mrezga Hammamet,Hammamet Nord à Hammamet,1 300 TND,120.0,3.0,,1.0,,1.0,1.0,1.0,1.0,,Appartement,Bon état,36.40108,10.61457,,2.0,,,,,,,,,,,,,,,,,,,,,,1.0,,,,,,,,,
https://www.mubawab.tn/fr/a/7990189/superbe-appartement-%C3%A0-louer-%C3%A0-cit%C3%A9-el-wafa-surface-totale-120-m%C2%B2-cuisine-bien-%C3%A9quip%C3%A9e,Superbe appartement à louer à Cité El Wafa. Surface totale 120 m². Cuisine bien équipée,Cité El Wafa à Nabeul,Prix à consulter,120.0,,,1.0,,,,1.0,1.0,,Appartement,Nouveau,36.44470230783524,10.68421342327881,,3.0,,,,,,,,,,,,1.0,,,,,1-5 ans,Marbre,1.0,,,,,1er,Est,,,,,,
https://www.mubawab.tn/fr/a/7977816/bel-appartement-s2-meubl%C3%A9-%C3%A0-sidi-bousaid,Bel appartement S2 meublé à Sidi Bousaid,La Marsa à La Marsa,2 500 TND,180.0,,,,,1.0,,,1.0,,Appartement,,36.8941992,10.2762232,,3.0,,,,,,,,,,,,,,,,,,,,,,,,,,,,,,,
https://www.mubawab.tn/fr/a/7990999/a-louer-un-appartement-s1-%C3%A0-l%E2%80%99afh-mrezga-nabeul,A louer un appartement S1 à L’AFH Mrezga Nabeul,Cité El Wafa à Nabeul,750 TND,65.0,2.0,1.0,1.0,,,1.0,1.0,1.0,,Appartement,Bon état,36.45056,10.73505,,,,,1.0,,,,,,,,,,,,,,,,,,,,,,,,,,,,
https://www.mubawab.tn/fr/a/7853939/duplex-s4-avec-jardin-%C3%A0-la-marsa,Duplex S4 avec jardin à la Marsa,Le Kram,5 500 TND,250.0,,,,1.0,,1.0,,,,Appartement,,36.833333,10.316667,,5.0,,,,,,,,,,,,,,,,,,,1.0,,,,,,,,,,,,
https://www.mubawab.tn/fr/a/7965998/a-louer-s2-cit%C3%A9-el-khalil,"A louer S2, Cité El Khalil",Cité El Khalil à La Marsa,1 250 TND,110.0,3.0,,1.0,,,1.0,1.0,1.0,,Appartement,Bon état,36.876389,10.325278,,2.0,,,,,,,,,,1.0,,1.0,,,,,1-5 ans,Marbre,1.0,1.0,,1.0,,,,,,,,,
https://www.mubawab.tn/fr/a/7990768/appartement-s3-jardin-de-carthage,Appartement S3 jardin de Carthage,Les Jardins de Carthage à Le Kram,2 400 TND,180.0,4.0,,,,,1.0,1.0,1.0,,Appartement,Bon état,36.8555704,10.291834,,3.0,,,1.0,,1.0,1.0,1.0,1.0,1.0,1.0,,1.0,,1.0,,,5-10 ans,Parquet,1.0,1.0,,1.0,,4ème,Est,2.0,,,,,
https://www.mubawab.tn/fr/a/7919273/appartement-s1-pour-la-location-de-vacances,Appartement s1 pour la location de vacances,Hammamet Nord à Hammamet,Prix à consulter,75.0,2.0,1.0,1.0,,,1.0,1.0,1.0,1.0,Appartement,Bon état,36.40108,10.61457,,,,,,1.0,,1.0,1.0,1.0,,,1.0,1.0,1.0,1.0,1.0,,,,,,,1.0,,2ème,,,1.0,,,,
https://www.mubawab.tn/fr/a/7990304/rdc-meubl%C3%A9-et-avec-jardin-%C3%A0-hammamet-nord,RDC meublé et avec jardin à Hammamet Nord,Hammamet Nord à Hammamet,1 300 TND,,3.0,,1.0,1.0,1.0,1.0,1.0,1.0,1.0,Appartement,Bon état,36.40108,10.61457,,2.0,,,1.0,,,1.0,1.0,,,1.0,1.0,1.0,1.0,,,,,,,,,,,,,,,,,,
https://www.mubawab.tn/fr/a/7913009/etage-de-villa-meubl%C3%A9-avec-terrasse-vue-mer,Etage de villa meublé avec terrasse vue mer,Hammamet Nord à Hammamet,2 100 TND,,4.0,,,,1.0,1.0,1.0,1.0,1.0,Appartement,Bon état,36.40108,10.61457,,3.0,,,1.0,1.0,1.0,1.0,1.0,,1.0,1.0,1.0,1.0,1.0,1.0,,1.0,,,,,,,,,,2.0,,,,,
https://www.mubawab.tn/fr/a/7980249/appartement-s3-meubl%C3%A9-avec-terrasse-%C3%A0-la-marsa,Appartement S3 meublé avec terrasse à la Marsa,Cité des Juges à La Marsa,2 800 TND,200.0,4.0,,,,1.0,,,,,Appartement,Bon état,36.876389,10.325278,,3.0,,,1.0,,,,,,,,,,,,,,,,,,,,,,,2.0,,,,,
https://www.mubawab.tn/fr/a/7982734/s2-meubl%C3%A9-%C3%A0-la-marsa,S2 Meublé à la Marsa,La Marsa à La Marsa,2 800 TND,125.0,,,,,1.0,,,1.0,,Appartement,,36.8941992,10.2762232,,3.0,,,1.0,,,,,,,,,,,,,,,,1.0,,,,,,,,,,,,
https://www.mubawab.tn/fr/a/7990139/appartement-s2-%C3%A0-sidi-bou-said,Appartement s2 à Sidi Bou Said,Sidi Bousaid à Carthage,Prix à consulter,60.0,3.0,,1.0,,1.0,1.0,,1.0,,Appartement,Bon état,36.871576,10.3343581,,2.0,,,1.0,,1.0,,1.0,1.0,,,1.0,1.0,,,,,5-10 ans,Carrelage,,,,,,1er,Sud,,,,,,
https://www.mubawab.tn/fr/a/7989984/a-louer-appartment-s1-lac-1,A louer appartment s1 lac 1,Les Berges Du Lac 1 à La Marsa,180 TND,,,1.0,1.0,,,,,,,Appartement,Bon état,36.876389,10.325278,1.0,,,,,,,,,,,,,,,,,,5-10 ans,,,,,,,1er,,,,,,,
https://www.mubawab.tn/fr/a/7989915/appartement-%C3%A0-louer-%C3%A0-sidi-daoud-la-marsa-en-face-de-carrefour,Appartement à louer à Sidi Daoud la Marsa. En face de Carrefour,Gammarth à La Marsa,1 200 TND,120.0,,,1.0,,,,,,,Appartement,Nouveau,36.86486817235299,10.300601959827048,,3.0,,,1.0,,1.0,,,,,,,1.0,,,,,5-10 ans,Carrelage,,,,,,1er,,,,,,,
https://www.mubawab.tn/fr/a/7989604/appart-pratique,Appart pratique,Khezama Ouest,Prix à consulter,70.0,2.0,1.0,1.0,,1.0,1.0,,1.0,,Appartement,Bon état,35.7218,10.6179,,,,,,,1.0,,1.0,,,,1.0,,1.0,,,,5-10 ans,Carrelage,,,,,,1er,Est,,,,,,
https://www.mubawab.tn/fr/a/7989413/appartement-meubl%C3%A9-%C3%A0-louer-%C3%A0-rejiche,Appartement Meublé à Louer à Rejiche,Rejiche,650 TND,135.0,4.0,,1.0,,1.0,1.0,,1.0,,Appartement,Bon état,35.3581191,10.7299779,,3.0,,,1.0,1.0,1.0,1.0,1.0,1.0,,,1.0,,1.0,,1.0,,5-10 ans,Parquet,,,,,,,Ouest,,,,,,
https://www.mubawab.tn/fr/a/7989383/appartement-s2-a-louer-a-c%C3%B4t%C3%A9-de-down-town,Appartement s2 a louer a côté de down town,Aouina à La Marsa,980 TND,100.0,,,1.0,,,1.0,1.0,1.0,,Appartement,Bon état,36.85959999999999,10.2053692,,2.0,,,,,1.0,,1.0,1.0,,1.0,,1.0,,,,,10-20 ans,Marbre,1.0,1.0,,1.0,1.0,5ème,Est,,,,,,
https://www.mubawab.tn/fr/a/7989065/s3-en-location,S3 en location,La Marsa,3 000 TND,,,,,,1.0,1.0,1.0,,,Appartement,,36.876389,10.325278,,,,,1.0,,,,,1.0,,,,,,,,,,,1.0,,,,,,,,,,,,
https://www.mubawab.tn/fr/a/7988946/%C3%A9tage-de-villa-s3-menzah-9c,Étage de villa S3 Menzah 9C,El Menzah 9 à El Menzah,1 600 TND,140.0,4.0,,,,,1.0,1.0,1.0,,Appartement,Nouveau,36.8482637,10.1410889,,3.0,,,1.0,,1.0,,,,,,,1.0,,,,,1-5 ans,Carrelage,1.0,,,,1.0,1er,Ouest,2.0,,,,,
https://www.mubawab.tn/fr/a/7940878/a-louer-un-appartement-meubl%C3%A9-en-s2-%C3%A0-gammarth,A louer un appartement meublé en S2 à Gammarth,Gammarth à La Marsa,3 800 TND,130.0,3.0,,,,1.0,1.0,1.0,,,Appartement,Bon état,36.917739,10.288893,,3.0,,,,,,,,,,,,,,,,,,,,,,,,,,2.0,,,,,
https://www.mubawab.tn/fr/a/7880893/a-louer-un-penthouse-en-s3-avec-vue-sur-mer-%C3%A0-gammarth,A louer un penthouse en S3 avec vue sur mer à Gammarth,Gammarth à La Marsa,Prix à consulter,330.0,,,,,1.0,1.0,1.0,,,Appartement,,36.917739,10.288893,,3.0,,,1.0,1.0,,,,1.0,,,,,,,,,,,1.0,,,,,,,,,,,,
https://www.mubawab.tn/fr/a/7988911/s2-a-usage-bureautique,S2 a usage bureautique,Cité Ennasr 1 à Ariana Ville,1 200 TND,90.0,3.0,,1.0,,,,,,,Appartement,Bon état,36.8625,10.19556,,2.0,,,,,,,,,,,,,,,,,,,,1.0,,,,,,,,,,,
https://www.mubawab.tn/fr/a/7974328/a-louer-un-triplex-avec-piscine-a-la-gammarth,A louer un triplex avec piscine a la gammarth,Gammarth Supérieur à La Marsa,4 500 TND,250.0,5.0,,1.0,,,1.0,1.0,1.0,,Appartement,Nouveau,36.876389,10.325278,,5.0,,,,,,,,,,,,,,,,,,,,,,,,,,,1.0,,,,
https://www.mubawab.tn/fr/a/7793747/louez-cet-appartement-2-pi%C3%A8ces-confortables-bien-meubl%C3%A9-,Louez cet appartement. 2 pièces confortables. Bien meublé.,Zarzis,Prix à consulter,100.0,2.0,,1.0,1.0,1.0,1.0,,1.0,1.0,Appartement,Bon état,33.44400236126524,11.014138454012642,,2.0,,,1.0,1.0,,1.0,1.0,1.0,,,1.0,1.0,1.0,1.0,,,,,1.0,,,1.0,,,,,1.0,,,,
https://www.mubawab.tn/fr/a/7985444/un-beau-s1-richement-meubl%C3%A9,Un beau S1 richement meublé,Les Berges Du Lac 2 à La Marsa,2 000 TND,65.0,2.0,1.0,1.0,,,1.0,1.0,1.0,,Appartement,Bon état,36.876389,10.325278,,,,,,,,,,,,,,,,,,,5-10 ans,Marbre,,,,,,3ème,,,,,,,
https://www.mubawab.tn/fr/a/7870660/%C3%A0-louer-un-bel-appartement-aux-berges-du-lac-1,À louer un bel appartement aux berges du lac 1,Les Berges Du Lac 1 à La Marsa,5 400 TND,215.0,5.0,,,,1.0,1.0,1.0,1.0,1.0,Appartement,Bon état,36.876389,10.325278,,4.0,,,1.0,,1.0,,,1.0,1.0,1.0,1.0,1.0,1.0,1.0,,,,,1.0,1.0,,1.0,1.0,,,3.0,,,,,
https://www.mubawab.tn/fr/a/7959930/rez-de-chauss%C3%A9e-avec-jardin-%C3%A0-carthage,Rez de chaussée avec jardin à Carthage,Carthage à Carthage,2 500 TND,,,,,1.0,1.0,1.0,1.0,1.0,1.0,Appartement,Bon état,36.8566,10.3258,1.0,3.0,,,1.0,,1.0,,,,,1.0,1.0,1.0,1.0,,,,,,1.0,,,,,,,2.0,,,,,
https://www.mubawab.tn/fr/a/7988382/%C3%A9tage-de-villa-neuf-%C3%A0-cit%C3%A9-ennasr-1-surface-de-220-m%C2%B2,Étage de villa neuf à Cité Ennasr 1. Surface de 220 m²,Cité Ennasr 1 à Ariana Ville,2 500 TND,220.0,,,,,,,,,,Appartement,Nouveau,36.86442523187413,10.168233387249924,,3.0,,,,,,,,,,,,,,,,,Moins d'un an,Marbre,,,,,,1er,,3.0,,,,,
https://www.mubawab.tn/fr/a/7988324/coquette-duplex-s3-cit%C3%A9-el-hana-zone-du-stade,Coquette Duplex s3 cité El hana zone du stade,Cité Du Stade à La Marsa,2 400 TND,120.0,,,1.0,,1.0,1.0,1.0,1.0,1.0,Appartement,Bon état,36.78934839510356,10.288395226725452,1.0,2.0,,,1.0,,,,1.0,,,,1.0,1.0,1.0,1.0,,,10-20 ans,Carrelage,,,,,,1er,Ouest,,,,,,
https://www.mubawab.tn/fr/a/7988284/duplex-%C3%A0-louer-%C3%A0-manar-avec-garage,Duplex à louer à manar avec garage,El Agba à Tunis,1 500 TND,200.0,4.0,,,1.0,,,1.0,,,Appartement,Bon état,36.81881,10.16596,,3.0,,,1.0,,,,,,,,,,,,,,10-20 ans,Marbre,1.0,,,,1.0,1er,Sud,2.0,,,,,
https://www.mubawab.tn/fr/a/7988202/appartement-meubl%C3%A9-%C3%A0-ain-zaghoaun,Appartement Meublé à ain zaghoaun,Ain Zaghouan Nord à La Marsa,1 500 TND,140.0,4.0,,1.0,,1.0,1.0,1.0,1.0,1.0,Appartement,Bon état,36.876389,10.325278,,3.0,,,1.0,,,1.0,1.0,1.0,1.0,,1.0,1.0,1.0,1.0,1.0,1.0,10-20 ans,,,,,1.0,,,Nord,,,,,,
https://www.mubawab.tn/fr/a/7988188/un-appartement-s2-meubl%C3%A9-%C3%A0-sousse,Un appartement s2 meublé à sousse,Sidi Abdelhamid,Prix à consulter,100.0,3.0,,1.0,,1.0,,,1.0,,Appartement,Nouveau,35.80689190355944,10.645811303719077,,2.0,,,,,,,1.0,,,,1.0,1.0,,,,,,,,,,,,,,,,,,,
https://www.mubawab.tn/fr/a/7982324/appartement-s3-meubl%C3%A9-avec-vue-mer-%C3%A0-la-marsa,Appartement S3 meublé avec vue mer à La Marsa,La Marsa à La Marsa,3 500 TND,150.0,4.0,,1.0,,1.0,1.0,1.0,1.0,,Appartement,Bon état,36.876389,10.325278,,3.0,,,1.0,1.0,1.0,,,1.0,,,,,,,,,,,1.0,1.0,,1.0,,,,,,,,,
https://www.mubawab.tn/fr/a/7987868/appartement-s3-%C3%A0-louer-ariana-ennkhilet,Appartement S3 à louer Ariana Ennkhilet,Cité Ennkhilet à Raoued,Prix à consulter,100.0,4.0,,1.0,1.0,,,,,,Appartement,Bon état,36.954444,10.191389,,3.0,,,1.0,,,,1.0,,,,,,,,,1.0,10-20 ans,Carrelage,,,,1.0,,3ème,Est,,,,,,
https://www.mubawab.tn/fr/a/7926106/location-d%E2%80%99un-studio-en-residence-s%C3%A9curis%C3%A9e,Location d’un studio en residence sécurisée,Le Bardo à Le Bardo,390 TND,27.0,,1.0,1.0,1.0,,,,,,Appartement,Bon état,36.808755441187046,10.13252292347651,1.0,,,,,,,,,1.0,,,,,,,,,5-10 ans,Carrelage,,,,,,,Nord,,,,,,
https://www.mubawab.tn/fr/a/7926111/logement-pour-deux-en-face-du-mus%C3%A9e-du-bardo,Logement pour deux en face du musée du Bardo,Le Bardo à Le Bardo,450 TND,45.0,2.0,,1.0,1.0,,,,,,Appartement,Bon état,36.81447030000001,10.1344725,,2.0,,,,,,,,1.0,,,1.0,,,,,,5-10 ans,Carrelage,,,,,,,Nord,,,,,,
https://www.mubawab.tn/fr/a/7987798/location-pour-%C3%A9tudiants,Location pour étudiants,Saida Mannoubia à Tunis,Prix à consulter,80.0,3.0,,1.0,,1.0,,,,1.0,Appartement,Nouveau,36.81881,10.16596,,2.0,,,,,,,,,,,1.0,,1.0,,,,1-5 ans,Carrelage,,,,,,1er,Ouest,,,,,,
https://www.mubawab.tn/fr/a/7987686/apparement-%C3%A0-la-marsa-sidi-abd-laaziz,"Apparement à la Marsa, Sidi Abd Laaziz",La Marsa à La Marsa,1 500 TND,100.0,3.0,1.0,1.0,,,1.0,1.0,1.0,,Appartement,Bon état,36.8941992,10.2762232,,,,,1.0,,,,,1.0,,,,,,,1.0,,,,,,,,,,,,,,,,
https://www.mubawab.tn/fr/a/7987032/un-%C3%A9tage-de-villa-%C3%A0-louer,Un étage de villa à louer,Bizerte Le Corniche à Bizerte Nord,1 200 TND,150.0,3.0,,,1.0,,,,1.0,,Appartement,Nouveau,37.28404170000001,9.8671889,,2.0,,,1.0,1.0,,,,,,,,,,,,,Moins d'un an,Carrelage,1.0,,1.0,,,1er,Nord,2.0,,,,,
https://www.mubawab.tn/fr/a/7952310/appartement-meubl%C3%A9-s2-sidi-daoued,"Appartement meublé S2, Sidi Daoued",Sidi Daoued à La Marsa,1 600 TND,100.0,3.0,,1.0,1.0,1.0,1.0,1.0,1.0,1.0,Appartement,Bon état,36.876389,10.325278,,2.0,,,1.0,,,1.0,,1.0,,,1.0,1.0,1.0,1.0,,,,,1.0,1.0,1.0,1.0,,,,,,,,,
https://www.mubawab.tn/fr/a/7987522/appart-s2-a-lebhar-lazrag-au-3-eme-%C3%A9tage,Appart S2 a lebhar lazrag au 3 eme étage,Bhar Lazreg à La Marsa,400 TND,100.0,3.0,,1.0,,,,,1.0,,Appartement,Bon état,36.876389,10.325278,,2.0,,,,,,1.0,1.0,1.0,,1.0,,,,,,,1-5 ans,Carrelage,,,,,,3ème,Nord,,,,,,
https://www.mubawab.tn/fr/a/7987398/studio-pour-%C3%A9tudiant,Studio pour étudiant,Cité Ubn Khaldoun à El Omrane Superieur,Prix à consulter,30.0,,1.0,1.0,,,,,,,Appartement,Bon état,36.81881,10.16596,1.0,,,,,,,,,,,,,,,,,,5-10 ans,Carrelage,,,,,,,Nord,,,,,,
https://www.mubawab.tn/fr/a/7987356/%C3%A0-louer-s1-r%C3%A9sidence-palm-lake-folla-monastir,À louer S1 résidence Palm lake folla monastir,Zone Touristique à Monastir Ville,1 500 TND,50.0,2.0,1.0,1.0,,1.0,1.0,,1.0,1.0,Appartement,Nouveau,35.7626092935511,10.736183771090746,,,,,,,,1.0,,1.0,1.0,1.0,1.0,1.0,1.0,1.0,1.0,,1-5 ans,Carrelage,1.0,1.0,,,,3ème,,,1.0,,,,
https://www.mubawab.tn/fr/a/7726699/a-louer-appartement-s1-neuf-jamais-habit%C3%A9,A Louer Appartement s1 neuf jamais habité,La Marsa à La Marsa,1 300 TND,,2.0,1.0,1.0,,,1.0,1.0,1.0,,Appartement,Nouveau,36.87638899999999,10.325278000000004,,,,,1.0,,,,,1.0,1.0,,,,,,,1.0,,,,1.0,,1.0,,,,,,,,,
https://www.mubawab.tn/fr/a/7850899/studio-jamais-habit%C3%A9-avec-grand-terasse,Studio jamais habité avec grand terasse,Cité Ennasr 1 à Ariana Ville,1 200 TND,60.0,2.0,1.0,1.0,,,,1.0,,,Appartement,Bon état,36.8625,10.19556,,,,,1.0,,,,,,,,,,,,,,,,,,,,,,,,,,,,
https://www.mubawab.tn/fr/a/7986850/appartement-s2-meubl%C3%A9-%C3%A0-louer-aux-jardins-de-carthage,Appartement S2 Meublé à louer aux Jardins de Carthage,Les Jardins de Carthage à Le Kram,3 000 TND,120.0,,,,,1.0,,,1.0,,Appartement,,36.8555704,10.291834,,2.0,,,1.0,,,,,,,,,,,,,,,,1.0,,,,,,,,,,,,
https://www.mubawab.tn/fr/a/7982491/location-appartement-s2,Location appartement s2,La Marsa à La Marsa,2 000 TND,120.0,,,,,,1.0,1.0,1.0,,Appartement,Bon état,36.8941992,10.276223200000002,1.0,2.0,,,,,,,,,,,,,,,,,,,1.0,1.0,,,,,,2.0,,,,,
https://www.mubawab.tn/fr/a/7986568/appartement-de-luxe-meubl%C3%A9-%C3%A0-la-marsa,Appartement de luxe meublé à la marsa,La Marsa à La Marsa,5 000 TND,250.0,4.0,,,,1.0,1.0,1.0,1.0,1.0,Appartement,Bon état,36.8941992,10.2762232,,3.0,,,1.0,1.0,1.0,1.0,,1.0,1.0,1.0,1.0,1.0,1.0,1.0,1.0,1.0,1-5 ans,Marbre,1.0,1.0,,,1.0,3ème,Nord,3.0,,,,,
https://www.mubawab.tn/fr/a/7969073/a-louer-un-s2-richement-meubl%C3%A9-au-lac2,A louer un s2 richement meublé au lac2,Les Berges Du Lac 2 à La Marsa,2 500 TND,100.0,2.0,,1.0,,,,,1.0,,Appartement,Nouveau,36.876389,10.325278,,2.0,,,,,,,,,,,,,,,,,,,,,,,,,,,,,,,
https://www.mubawab.tn/fr/a/7986495/pour-%C3%A9tudiantes,Pour étudiantes,La Manouba à La Manouba,900 TND,130.0,5.0,,1.0,,,,,,,Appartement,Nouveau,36.77855,10.05538,,4.0,,,,,,,,,,,,,,,,,1-5 ans,Carrelage,,,,,,1er,Est,,,,,,
https://www.mubawab.tn/fr/a/7984997/s3-meubl%C3%A9-ennaser-pour-des-%C3%A9tudiants,S3 meublé ennaser pour des étudiants,Cité Ennasr 1 à Ariana Ville,2 200 TND,165.0,4.0,,,,,,,,,Appartement,Bon état,36.8625,10.19556,,3.0,,,,,,,,,,,,,,,,,,,,,,,,,,2.0,,,,,
https://www.mubawab.tn/fr/a/7986252/apparemment-s1,Apparemment s1,El Menzah 9 à El Menzah,Prix à consulter,70.0,,1.0,1.0,,1.0,1.0,1.0,1.0,1.0,Appartement,Bon état,36.876188,10.114318,1.0,,,,,,1.0,,1.0,1.0,,1.0,1.0,1.0,1.0,,1.0,,1-5 ans,Marbre,1.0,1.0,1.0,1.0,,4ème,Ouest,,,,,,
https://www.mubawab.tn/fr/a/7967125/un-bel-appartement-richement-meubl%C3%A9,UN bel appartement richement meublé,Les Berges Du Lac 2 à La Marsa,4 800 TND,206.0,4.0,,,,,1.0,1.0,1.0,,Appartement,Bon état,36.876389,10.325278,,3.0,,,1.0,,,1.0,,,,,1.0,,,,1.0,,5-10 ans,Marbre,1.0,1.0,,,,3ème,,2.0,,,,,
https://www.mubawab.tn/fr/a/7968714/un-superbe-appartement-s3-aux-les-jardin-de-carthage,Un superbe appartement S3 aux les jardin de Carthage,Les Jardins de Carthage à Le Kram,3 500 TND,200.0,4.0,,,,,1.0,1.0,1.0,,Appartement,Nouveau,36.833333,10.316667,,3.0,,,1.0,,1.0,,,1.0,1.0,1.0,,1.0,,,,,Moins d'un an,Marbre,1.0,1.0,1.0,1.0,1.0,,,3.0,,,,,
https://www.mubawab.tn/fr/a/7985977/appartement-s2-meubl%C3%A9-%C3%A0-ain-zaghouan,Appartement S2 meublé à Ain zaghouan,Ain Zaghouan Nord à La Marsa,1 500 TND,120.0,3.0,,1.0,,1.0,1.0,1.0,1.0,1.0,Appartement,Bon état,36.8623859,10.2835035,,2.0,,,,,1.0,1.0,1.0,1.0,1.0,1.0,1.0,1.0,1.0,1.0,1.0,,10-20 ans,Marbre,1.0,1.0,,1.0,,5ème,Est,,,,,,
https://www.mubawab.tn/fr/a/7985968/appartement-s1-meubl%C3%A9-ain-zaghouan-nord,Appartement S1 meublé Ain Zaghouan nord,Ain Zaghouan Nord à La Marsa,1 500 TND,65.0,2.0,1.0,1.0,,1.0,1.0,1.0,1.0,1.0,Appartement,Bon état,36.8623859,10.2835035,,,,,1.0,,1.0,1.0,1.0,1.0,1.0,1.0,1.0,1.0,1.0,1.0,1.0,,5-10 ans,Marbre,1.0,1.0,,1.0,,4ème,Est,,,,,,
https://www.mubawab.tn/fr/a/7963226/s0-meubl%C3%A9-tr%C3%A8s-haut-standing,S0 meublé très haut standing,Cité Ennasr 1 à Ariana Ville,900 TND,40.0,,1.0,1.0,,1.0,,,1.0,1.0,Appartement,Bon état,36.8625,10.19556,1.0,,,,1.0,,,,,,,1.0,1.0,1.0,1.0,1.0,,,1-5 ans,,,1.0,1.0,1.0,,,,,,,,,
https://www.mubawab.tn/fr/a/7977349/a-louer-un-appartement-s2-haut-standing-%C3%A0-jardin-de-carthage,A Louer Un Appartement S2 Haut Standing à Jardin de Carthage,Carthage à Carthage,2 500 TND,130.0,2.0,,1.0,,,1.0,1.0,,,Appartement,Nouveau,36.8566,10.3258,,2.0,,,1.0,,,,,,,,,,,,,,,,1.0,,,,,,,,,,,,
https://www.mubawab.tn/fr/a/7985653/location-appartement-golden-s2,Location Appartement Golden S2,Nabeul à Nabeul,2 200 TND,90.0,3.0,,1.0,1.0,1.0,,1.0,1.0,1.0,Appartement,Nouveau,36.45056,10.73505,,2.0,,,1.0,1.0,,1.0,,1.0,,,1.0,1.0,1.0,1.0,,,,,,,,1.0,1.0,,,,1.0,,,,
https://www.mubawab.tn/fr/a/7985626/location-s1-hammamet-centre-ville,Location S1 Hammamet Centre Ville,Hammamet à Hammamet,700 TND,50.0,4.0,1.0,1.0,,1.0,1.0,,1.0,,Appartement,Bon état,36.405610831793645,10.608911784090736,,,,,,,1.0,,1.0,1.0,,,1.0,,1.0,,,,1-5 ans,Carrelage,,,,,,2ème,Est,,,,,,
https://www.mubawab.tn/fr/a/7959009/a-louer-un-appartement-en-s2-au-lac1,A louer un appartement en S2 au Lac1,La Marsa,2 000 TND,100.0,,,,,1.0,1.0,1.0,1.0,,Appartement,,36.876389,10.325278,,3.0,,,,,,,,,,,,,,,,,,,1.0,,,,,,,,,,,,
https://www.mubawab.tn/fr/a/7869493/appartement-s3-%C3%A0-louer-au-lac-2,Appartement S3 à louer au Lac 2,Les Berges Du Lac 2 à La Marsa,4 300 TND,210.0,,,,,,,,1.0,,Appartement,,36.8468986,10.2641808,,3.0,,,1.0,,,,,1.0,,,,,,,,,,,1.0,,,,,,,,,,,,
https://www.mubawab.tn/fr/a/7985332/louez-cet-appartement-%C3%A0-monastir-ville-2-belles-chambres-belle-vue-sur-mer-,Louez cet appartement à Monastir Ville. 2 belles chambres. Belle vue sur mer.,Monastir Ville à Monastir Ville,Prix à consulter,125.0,,,1.0,,,,,,,Appartement,Bon état,35.7634356,10.8096706,,2.0,,,,1.0,,,,,,,,,,,,,,,,,,,,,,,,,,,
https://www.mubawab.tn/fr/a/7985249/appartement-en-s2-%C3%A0-louer-selon-la-p%C3%A9riode,Appartement en S2 à louer Selon la période,Cité El Wafa à Nabeul,Prix à consulter,,3.0,,,,1.0,1.0,1.0,1.0,1.0,Appartement,Nouveau,36.45056,10.73505,,2.0,,,1.0,,,,,,,,1.0,1.0,1.0,,,,,Marbre,,,,,,,,2.0,1.0,,,,
https://www.mubawab.tn/fr/a/7847709/location-un-bel-appartement-meubl%C3%A9-s3-la-marsa-plage,Location un bel appartement meublé s3 la marsa plage,La Marsa à La Marsa,4 200 TND,150.0,4.0,,,,1.0,1.0,1.0,1.0,1.0,Appartement,Bon état,36.8941992,10.276223200000002,,3.0,,,1.0,,,,1.0,1.0,1.0,1.0,1.0,1.0,1.0,1.0,,,,,1.0,1.0,,1.0,,,,3.0,,,,,
https://www.mubawab.tn/fr/a/7985027/appartement-a-louer,Appartement a louer,Aouina à La Marsa,1 500 TND,120.0,4.0,,1.0,,,1.0,1.0,1.0,,Appartement,Bon état,36.85525135194934,10.281405342419326,,3.0,,,,,,,1.0,1.0,,,,1.0,,,,1.0,,,1.0,1.0,,1.0,,,,,,,,,
https://www.mubawab.tn/fr/a/7939352/des-appartements-%C3%A0-louer-%C3%A0-kantaoui,Des Appartements à louer à kantaoui,El Kantaoui à Hammam Sousse,Prix à consulter,90.0,2.0,,1.0,,,1.0,1.0,,,Appartement,Nouveau,35.8569,10.5972,,2.0,,,,,,,,,,,,,,,,,,,,,,,,,,,,,,,
https://www.mubawab.tn/fr/a/7978409/s2-meubl%C3%A9-corniche-de-sousse,S2 Meublé Corniche de Sousse,Sousse Corniche,1 500 TND,95.0,3.0,,1.0,,,1.0,1.0,1.0,,Appartement,Bon état,35.81771,10.64549,,2.0,,,1.0,,,,1.0,1.0,,,,,,,,,1-5 ans,Marbre,,1.0,,,,1er,,,,,,,
https://www.mubawab.tn/fr/a/7921419/location-appartement-light-s2-hammamet-centre,Location Appartement light S2 Hammamet centre,Hammamet à Hammamet,800 TND,120.0,2.0,,1.0,,,,1.0,,,Appartement,Bon état,36.40108,10.61457,,3.0,,,1.0,,,,,,,,,,,,,,,,,,,,,,,,,,,,
https://www.mubawab.tn/fr/a/7815069/location-joli-s1-avec-vue-sur-mer,Location joli s1 avec vue sur mer,La Marsa à La Marsa,2 500 TND,100.0,2.0,1.0,1.0,1.0,1.0,1.0,1.0,1.0,1.0,Appartement,Bon état,36.8941992,10.276223200000002,,,,,1.0,1.0,,1.0,,,,,1.0,1.0,1.0,1.0,1.0,,,,,,,,,,,,,,,,
https://www.mubawab.tn/fr/a/7877819/a-louer-un-appartement-meubl%C3%A9-en-s3-avec-vue-sur-mer,A louer un appartement meublé en S3 avec vue sur mer,Gammarth à La Marsa,3 500 TND,220.0,4.0,,,,1.0,1.0,1.0,1.0,,Appartement,Bon état,36.917739,10.288893,,3.0,,,,1.0,,,,,,,,,,,,,,,,,,,,,,2.0,,,,,
https://www.mubawab.tn/fr/a/7984235/appartement-d-exception-avec-jardin,Appartement d'Exception avec Jardin,Cité El Mahrajene à El Menzah,2 900 TND,150.0,5.0,,,1.0,,1.0,1.0,1.0,,Appartement,Bon état,36.845235,10.164723,,3.0,,,1.0,,,,,,,,1.0,1.0,,,,,,,1.0,,,,,,,2.0,,,,,
https://www.mubawab.tn/fr/a/7955858/%C3%A0-louer-s3-meubl%C3%A9-%C3%A0-la-marsa,À louer s3 meublé à la Marsa,La Marsa à La Marsa,3 500 TND,,3.0,,,,1.0,1.0,1.0,1.0,1.0,Appartement,Bon état,36.876389,10.325278,,3.0,,,1.0,,,,,1.0,1.0,1.0,1.0,1.0,1.0,1.0,,,,,1.0,,1.0,,,,,2.0,,,,,
https://www.mubawab.tn/fr/a/7914287/appartement-s2-meubl%C3%A9-%C3%A0-louer,Appartement S2 meublé à louer,La Marsa à La Marsa,1 500 TND,,3.0,,1.0,,1.0,1.0,1.0,1.0,1.0,Appartement,Bon état,36.876389,10.325278,,2.0,,,1.0,,1.0,1.0,1.0,,1.0,1.0,1.0,1.0,1.0,,,,1-5 ans,Marbre,,,1.0,,,1er,,,,,,,
https://www.mubawab.tn/fr/a/7983820/location-appartement-s2-cit%C3%A9-el-habib,Location appartement S2 cité el habib,Cité El Habib à Ezzahra,Prix à consulter,75.0,3.0,,1.0,,,,,1.0,,Appartement,Bon état,36.89147,10.16262,,2.0,,,1.0,1.0,,,,,,,,,,,,,20-30 ans,Carrelage,,,1.0,,,4ème,Sud,,,,,,
https://www.mubawab.tn/fr/a/7974896/appartement-s1-meubl%C3%A9-au-berges-du-lac-2,Appartement S1 meublé au berges du lac 2,Les Berges Du Lac 2 à La Marsa,1 950 TND,63.0,2.0,1.0,1.0,,1.0,1.0,1.0,1.0,1.0,Appartement,Bon état,36.84689860000001,10.2641808,,,,,1.0,,1.0,1.0,1.0,1.0,1.0,1.0,1.0,1.0,1.0,1.0,1.0,,10-20 ans,Marbre,1.0,1.0,,1.0,,2ème,Sud,,,,,,
https://www.mubawab.tn/fr/a/7983438/appartement-s3-hst-aux-berges-du-lac-1,Appartement S3 HST aux berges du lac 1,Les Berges Du Lac 1 à La Marsa,3 600 TND,140.0,3.0,,,,,1.0,1.0,,,Appartement,Nouveau,36.876389,10.325278,,3.0,,,1.0,,,,,1.0,,,,,,,,,1-5 ans,Marbre,1.0,1.0,,1.0,,3ème,,2.0,,,,,
https://www.mubawab.tn/fr/a/7983356/apparemment-tr%C3%A8s-haut-standing-sahloul-4,Apparemment très haut standing sahloul 4,Sahloul à Sousse Ville,1 150 TND,64.0,,1.0,1.0,1.0,1.0,1.0,1.0,1.0,1.0,Appartement,Nouveau,35.8375238,10.5865716,1.0,,,,1.0,,1.0,,1.0,1.0,1.0,,1.0,1.0,1.0,1.0,,1.0,1-5 ans,Marbre,1.0,1.0,,1.0,1.0,6ème,Sud,,,,,,
https://www.mubawab.tn/fr/a/7649622/a-louer-un-coquet-studio,A Louer Un Coquet Studio,Carthage à Carthage,1 700 TND,,3.0,,1.0,1.0,1.0,1.0,1.0,1.0,1.0,Appartement,Bon état,36.8566,10.3258,,2.0,,,1.0,,,,,1.0,,,1.0,1.0,1.0,1.0,,1.0,,,,,,,,,,,,,,,
https://www.mubawab.tn/fr/a/7902808/a-louer-s3-vue-mer,A Louer S3 Vue Mer,La Marsa à La Marsa,3 500 TND,,4.0,,,,,1.0,1.0,1.0,,Appartement,Bon état,36.876389,10.325278,,3.0,,,1.0,1.0,,,,1.0,1.0,1.0,,1.0,,1.0,,1.0,,,1.0,,,1.0,,,,2.0,,,,,
https://www.mubawab.tn/fr/a/7910700/a-louer-s3-meubl%C3%A9-marsa-ville,A Louer S3 meublé Marsa VILLE,La Marsa à La Marsa,4 500 TND,,4.0,,,,1.0,1.0,1.0,1.0,1.0,Appartement,Bon état,36.876389,10.325278,,3.0,,,1.0,,,,,1.0,1.0,1.0,1.0,1.0,1.0,1.0,,1.0,,,1.0,1.0,,1.0,1.0,,,2.0,,,,,
https://www.mubawab.tn/fr/a/7910831/appartement-s2-jamais-habit%C3%A9,Appartement S2 jamais habité,Les Jardins de Carthage à Le Kram,2 200 TND,50.0,3.0,,,,,1.0,1.0,1.0,,Appartement,Bon état,36.833333,10.316667,,2.0,,,1.0,,,,,1.0,1.0,1.0,,1.0,,,,,Moins d'un an,Marbre,1.0,1.0,,1.0,,,,2.0,,,,,
https://www.mubawab.tn/fr/a/7962778/s3-aux-les-jardins-de-carthage-pr%C3%A9-de-isc,S3 aux les jardins de Carthage pré de ISC,Les Jardins de Carthage à Le Kram,2 800 TND,170.0,4.0,,,,,1.0,1.0,1.0,,Appartement,Bon état,36.833333,10.316667,,3.0,,,,,1.0,,,1.0,1.0,1.0,,1.0,,,,,1-5 ans,Marbre,1.0,1.0,,1.0,,1er,,3.0,,,,,
https://www.mubawab.tn/fr/a/7983166/location-s1,Location S1,Les Jardins de Carthage à Le Kram,2 100 TND,90.0,2.0,1.0,,,1.0,1.0,1.0,1.0,1.0,Appartement,Nouveau,36.833333,10.316667,,,,,1.0,,,,1.0,1.0,1.0,1.0,1.0,1.0,1.0,1.0,1.0,,,,1.0,1.0,,1.0,,,,2.0,,,,,
https://www.mubawab.tn/fr/a/7982990/app-s3-ennkhilet,App S3 Ennkhilet,Cité Ennkhilet à Raoued,600 TND,110.0,4.0,,,,,,,,,Appartement,Bon état,36.88375969570076,10.19023529986854,,3.0,,,,,,,,,,,,,,,,,,,1.0,,,,,3ème,,2.0,,,,,
https://www.mubawab.tn/fr/a/7982795/bel-appartement,Bel Appartement,Cité El Wafa à Nabeul,Prix à consulter,135.0,2.0,,1.0,,,1.0,1.0,1.0,,Appartement,Bon état,36.426760942003696,10.66939658833044,,2.0,,,,,,,1.0,1.0,1.0,,,1.0,,,1.0,,5-10 ans,Marbre,1.0,1.0,,1.0,,2ème,Sud,,,,,,
https://www.mubawab.tn/fr/a/7937883/location-appartement-avec-jardin-au-lac-2,Location appartement avec jardin au lac 2,Les Berges Du Lac 2 à La Marsa,6 200 TND,350.0,4.0,,,1.0,1.0,1.0,1.0,1.0,1.0,Appartement,Bon état,36.876389,10.325278,,3.0,,,1.0,,,1.0,1.0,,1.0,1.0,1.0,1.0,1.0,,,,,,1.0,1.0,,1.0,,,,3.0,,,,,
https://www.mubawab.tn/fr/a/7552938/a-louer-appartement-meubl%C3%A9-%C3%A0-la-marsa,A louer appartement meublé à la Marsa,La Marsa à La Marsa,1 900 TND,,2.0,,1.0,,1.0,1.0,1.0,1.0,1.0,Appartement,Bon état,36.876380417660044,10.325277999999996,,2.0,,,,,,,,1.0,1.0,,1.0,1.0,1.0,1.0,1.0,1.0,,,1.0,,,1.0,,,,,,,,,
https://www.mubawab.tn/fr/a/7927590/s1-a-2-a-minutes-de-la-plage-promo-90dt-la-nuit%C3%A9e,S1 a 2 a minutes de la plage PROMO 90DT la nuitée,Kélibia,Prix à consulter,50.0,2.0,,1.0,,1.0,1.0,,1.0,,Appartement,Bon état,36.8370453158709,11.099002804563368,,2.0,,,,,1.0,,1.0,1.0,,1.0,1.0,,1.0,,,,1-5 ans,Carrelage,,,,,,2ème,Nord,,,,,,
https://www.mubawab.tn/fr/a/7982549/bel-appartement-avec-vue-panoramique-sur-mer,Bel appartement avec vue panoramique sur mer,Skanes à Monastir Ville,1 150 TND,55.0,,1.0,1.0,,1.0,1.0,1.0,1.0,1.0,Appartement,Nouveau,35.783333,10.833333,1.0,,,,1.0,1.0,,,1.0,1.0,,1.0,1.0,1.0,1.0,,,,Moins d'un an,Marbre,,1.0,,1.0,1.0,4ème,Est,,,,,,
https://www.mubawab.tn/fr/a/7982438/recherche-appartement-a-louer-type-s2-gabes,Recherche appartement a louer type s2 gabes,Gabès à Gabès Ville,2 000 TND,80.0,3.0,,1.0,,1.0,1.0,,1.0,1.0,Appartement,Nouveau,33.8842,10.0926,,2.0,,,1.0,,,,,1.0,,1.0,1.0,1.0,1.0,,1.0,,1-5 ans,Carrelage,,1.0,,,,1er,Sud,,,,,,
https://www.mubawab.tn/fr/a/7938305/appartement-en-location-%C3%A0-monastir-ville-3-grandes-pi%C3%A8ces-meubl%C3%A9-,Appartement en location à Monastir Ville. 3 grandes pièces. Meublé.,Monastir Ville à Monastir Ville,900 TND,100.0,3.0,,1.0,1.0,1.0,1.0,1.0,,,Appartement,Nouveau,35.78333299999999,10.833333,,3.0,,,,,,1.0,1.0,1.0,1.0,,1.0,1.0,1.0,1.0,1.0,,5-10 ans,Carrelage,,,,,,,Est,,,,,,
https://www.mubawab.tn/fr/a/7975384/a-louer-s1-meubl%C3%A9-%C3%A0-lafayette-tunis,A louer S1 meublé à lafayette tunis,République à Tunis,1 200 TND,65.0,2.0,1.0,1.0,,1.0,1.0,1.0,1.0,1.0,Appartement,Bon état,36.81881,10.16596,,,,,1.0,,,,,,,,1.0,1.0,1.0,,,,,,,,,,,3ème,,,,,,,
https://www.mubawab.tn/fr/a/7931458/coquet-appartement-s1-meubl%C3%A9-%C3%A0-louer-aux-jardins-de-carthage,Coquet Appartement S1 meublé à louer aux Jardins de Carthage,Les Jardins de Carthage à Le Kram,1 550 TND,,,1.0,,,1.0,,,,,Appartement,,36.8555704,10.291834,,,,,1.0,,,,,1.0,,,,,,,,,,,,,,,,,,,,,,,
https://www.mubawab.tn/fr/a/7981916/appartement-s2-vide-ou-meubl%C3%A9-location,Appartement s2 vide ou meublé location,Gammarth Supérieur à La Marsa,4 000 TND,135.0,3.0,,,,1.0,1.0,1.0,1.0,1.0,Appartement,Nouveau,36.8931787,10.3099394,,2.0,,,1.0,1.0,,1.0,1.0,1.0,1.0,1.0,1.0,1.0,1.0,1.0,,1.0,1-5 ans,Marbre,1.0,1.0,1.0,,1.0,2ème,Nord,2.0,,,,,
https://www.mubawab.tn/fr/a/7980878/un-rdc-de-villa-s3-meubl%C3%A9-%C3%A0-gammarth,Un rdc de villa S3 meublé à Gammarth,La Marsa à La Marsa,6 500 TND,,,,,1.0,,,,1.0,,Appartement,,36.8941992,10.2762232,,3.0,,,,,,,,,,,,,,,,,,,,,,,,,,,1.0,,,,
https://www.mubawab.tn/fr/a/7980771/s3-en-location,S3 en location,La Marsa,4 000 TND,180.0,,,,,1.0,1.0,1.0,,,Appartement,,36.876389,10.325278,,,,,1.0,,,,,1.0,,,,,,,,,,,1.0,,,,,,,,,,,,
https://www.mubawab.tn/fr/a/7786085/a-louer-un-penthouse-en-s3-%C3%A0-gammarth,A louer un penthouse en S3 à Gammarth,Gammarth à La Marsa,6 500 TND,393.0,5.0,,,,,1.0,1.0,1.0,,Appartement,Nouveau,36.917739,10.288893,,3.0,,,1.0,,,,,1.0,,,,,,,,,,,1.0,,,,,,,4.0,,,,,
https://www.mubawab.tn/fr/a/7979740/duplex-s4-ain-zaghouan-tel,Duplex S4 Ain zaghouan tel,Ain Zaghouan Sud à La Marsa,2 400 TND,250.0,5.0,,,,,1.0,1.0,1.0,,Appartement,Bon état,36.876389,10.325278,,4.0,,,1.0,,,,1.0,1.0,,,,1.0,,1.0,,,1-5 ans,,,1.0,,1.0,1.0,,,3.0,,,,,
https://www.mubawab.tn/fr/a/7974878/s2-meubl%C3%A9e-les-berges-du-lac-2,S2 meublée les berges du lac 2,Les Berges Du Lac 2 à La Marsa,3 000 TND,120.0,3.0,,1.0,,1.0,1.0,1.0,1.0,1.0,Appartement,Nouveau,36.84689860000001,10.2641808,,2.0,,,1.0,,1.0,1.0,1.0,1.0,1.0,1.0,1.0,1.0,1.0,1.0,1.0,,1-5 ans,Parquet,1.0,1.0,,1.0,,3ème,Sud,,,,,,
https://www.mubawab.tn/fr/a/7979616/appartement-haut-standing,Appartement haut standing,La Soukra à La Soukra,1 400 TND,115.0,3.0,,,,,1.0,1.0,1.0,,Appartement,Nouveau,36.88833,10.27417,,2.0,,,1.0,,,1.0,1.0,1.0,1.0,1.0,,1.0,,,1.0,,Moins d'un an,Marbre,1.0,1.0,,1.0,,,,2.0,,,,,
https://www.mubawab.tn/fr/a/7979419/s3-manar-1,S3 manar 1,El Manar 1 à El Menzah,1 050 TND,140.0,4.0,,1.0,,,,1.0,1.0,,Appartement,Bon état,36.845235,10.164723,,3.0,,,1.0,,1.0,,,,,,,,,,,,,,,,,,,,,,,,,,
https://www.mubawab.tn/fr/a/7979361/s3-manar-2,S3 manar 2,El Manar 2 à El Menzah,1 300 TND,130.0,4.0,,,,,1.0,1.0,1.0,,Appartement,Bon état,36.845235,10.164723,,3.0,,,1.0,,1.0,,,,,,,,,,,,,,,1.0,,1.0,,4ème,,2.0,,,,,
https://www.mubawab.tn/fr/a/7767898/a-louer-s3-haut-standing-%C3%A0-hammam-sousse,A louer S3 haut standing à Hammam Sousse,Hammam Sousse à Hammam Sousse,1 500 TND,120.0,2.0,,1.0,,1.0,1.0,1.0,1.0,,Appartement,Nouveau,35.8569,10.591507,,4.0,,,1.0,,,,,,,,,,,,,,,,1.0,,,,,,,,1.0,,,,
https://www.mubawab.tn/fr/a/7979181/appartement-s3-%C3%A0-ain-zaghouan-nord,Appartement S3 à ain Zaghouan nord,Ain Zaghouan Nord à La Marsa,1 600 TND,150.0,4.0,,,,,1.0,1.0,1.0,,Appartement,Bon état,36.8623859,10.2835035,,3.0,,,1.0,,1.0,1.0,1.0,1.0,1.0,1.0,,1.0,,,,,10-20 ans,Marbre,1.0,1.0,,1.0,,5ème,Est,2.0,,,,,
https://www.mubawab.tn/fr/a/7979179/appartement-s4-les-berges-du-lac-2,Appartement S4 les berges du lac 2,Les Berges Du Lac 2 à La Marsa,4 000 TND,190.0,5.0,,,,,1.0,1.0,1.0,,Appartement,Bon état,36.84689860000001,10.2641808,,4.0,,,1.0,,1.0,1.0,1.0,1.0,1.0,1.0,1.0,1.0,,,,,10-20 ans,Marbre,1.0,1.0,,1.0,1.0,3ème,Sud,3.0,,,,,
https://www.mubawab.tn/fr/a/7979174/appartement-meubl%C3%A9-s2-au-berges-du-lac-2,Appartement meublé S2 au berges du lac 2,Les Berges Du Lac 2 à La Marsa,2 500 TND,100.0,3.0,,1.0,,1.0,1.0,1.0,1.0,1.0,Appartement,Bon état,36.8468986,10.2641808,,2.0,,,1.0,,1.0,1.0,1.0,1.0,1.0,1.0,1.0,1.0,1.0,1.0,1.0,,10-20 ans,Marbre,1.0,1.0,,1.0,,4ème,Sud,,,,,,
https://www.mubawab.tn/fr/a/7979137/appartement-meubl%C3%A9-avec-vue-mer-panoramique,Appartement meublé avec vue mer panoramique,Tantana,1 950 TND,90.0,4.0,,1.0,1.0,1.0,1.0,,1.0,1.0,Appartement,Bon état,35.93333637698933,10.564158673030672,,2.0,,,1.0,1.0,,1.0,1.0,1.0,,1.0,1.0,1.0,1.0,1.0,1.0,,5-10 ans,Carrelage,1.0,1.0,,1.0,,4ème,Est,,1.0,,,,
https://www.mubawab.tn/fr/a/7979081/pour-etudiants-studio-%C3%A0-l-%C3%A0-merazk-%C3%A0-hammamet-nord,Pour Etudiants Studio à L. À Merazk à Hammamet Nord,Hammamet Nord à Hammamet,Prix à consulter,50.0,3.0,,1.0,,1.0,,,1.0,,Appartement,Bon état,36.40108,10.61457,,2.0,,,1.0,,,,1.0,,,1.0,1.0,1.0,1.0,,,,5-10 ans,Carrelage,,,,,,,Nord,,,,,,
https://www.mubawab.tn/fr/a/7978901/studio-meubl%C3%A9-pour-02-%C3%A9tudiantes,Studio meublé pour 02 étudiantes,Cité Jaouhara,Prix à consulter,40.0,,1.0,1.0,,1.0,,,1.0,1.0,Appartement,Nouveau,35.83366,10.64068,1.0,,,,,,1.0,,1.0,1.0,,1.0,1.0,1.0,1.0,,1.0,,Moins d'un an,Marbre,,,,,,,Est,,,,,,
https://www.mubawab.tn/fr/a/7978892/s1-haut-neuf-luxueux,S1 Haut neuf luxueux,La Soukra à La Soukra,1 250 TND,68.0,,1.0,1.0,,,1.0,1.0,1.0,,Appartement,Nouveau,36.883333,10.25,1.0,,,,,,,,1.0,1.0,,,,,,,,,Moins d'un an,Marbre,1.0,1.0,,1.0,,3ème,Sud,,,,,,
https://www.mubawab.tn/fr/a/7955865/a-louer-appart-s3-au-lac-2-avec-balcon,A louer Appart S3 au LAC 2 avec balcon,Les Berges Du Lac 2 à La Marsa,3 300 TND,150.0,4.0,,,,,1.0,1.0,1.0,,Appartement,Bon état,36.84656875370959,10.267901017907562,,4.0,,,,,,,,1.0,1.0,1.0,1.0,1.0,,,,,5-10 ans,Marbre,1.0,1.0,,1.0,1.0,1er,Sud,3.0,,,,,
https://www.mubawab.tn/fr/a/7978592/appartement-%C3%A0-chott-meriem-210-m%C2%B2-meubl%C3%A9,Appartement à Chott Meriem. 210 m². Meublé,Chott Meriem à Akouda,1 000 TND,210.0,,,,,1.0,1.0,1.0,1.0,,Appartement,Bon état,35.93893821936508,10.557924910001814,,2.0,,,1.0,1.0,1.0,1.0,1.0,1.0,,,1.0,,1.0,1.0,,,5-10 ans,Parquet,,,,,1.0,4ème,,2.0,,,,,
https://www.mubawab.tn/fr/a/7978518/s3-meubl%C3%A9-aux-berges-du-lac-1,S3 meublé aux berges du lac 1,Les Berges Du Lac 2 à La Marsa,4 800 TND,212.0,3.0,,,,,1.0,1.0,1.0,1.0,Appartement,Nouveau,36.876389,10.325278,,3.0,,,1.0,,,,,,,1.0,1.0,1.0,1.0,1.0,1.0,,,,1.0,,,,,6ème,,2.0,,,,,
https://www.mubawab.tn/fr/a/7805381/un-%C3%A9tage-de-villa-meubl%C3%A9-avec-entr%C3%A9e-ind%C3%A9pendante,Un étage de villa meublé avec entrée indépendante,La Marsa à La Marsa,2 200 TND,,5.0,,,,1.0,1.0,1.0,1.0,1.0,Appartement,Bon état,36.876389,10.325278,,4.0,,,1.0,,,,,,,1.0,1.0,1.0,1.0,1.0,,,,,1.0,,,,,1er,,2.0,,,,,
https://www.mubawab.tn/fr/a/7959072/s2-meubl%C3%A9-avec-une-vue-d%C3%A9gag%C3%A9e-%C3%A0-la-marsa,S2 meublé avec une vue dégagée à la Marsa,Cité Du Stade à La Marsa,3 500 TND,,2.0,,1.0,,1.0,,,1.0,,Appartement,Nouveau,36.876389,10.325278,,3.0,,,1.0,,,,,,,,,,,,,,,,,,,,,,,,,,,,
https://www.mubawab.tn/fr/a/7968709/appartement-s3-aux-les-jardins-de-carthage,Appartement s3 aux les jardins de Carthage,Les Jardins de Carthage à Le Kram,2 200 TND,170.0,3.0,,,,,1.0,1.0,1.0,,Appartement,Bon état,36.833333,10.316667,,3.0,,,,,1.0,,,1.0,1.0,1.0,,1.0,,,,,5-10 ans,Marbre,1.0,1.0,,1.0,,,,2.0,,,,,
https://www.mubawab.tn/fr/a/7946068/vos-meilleur-vacances-%C3%A0-kantaoui,Vos meilleur vacances à kantaoui,Cité de la Plage à Hammam Sousse,Prix à consulter,80.0,,1.0,1.0,,,,,1.0,,Appartement,Nouveau,35.8569,10.5972,1.0,,,,1.0,,,,,,,,,,,,,,,,,,,,,,,,1.0,,,,
https://www.mubawab.tn/fr/a/7977898/%C3%A0-louer-maison-individuelle-s3-%C3%A0-ezzahra,À louer: Maison individuelle S3 à Ezzahra,Cité Ennakhil 1 à Ezzahra,1 400 TND,140.0,4.0,,1.0,1.0,,,,,,Appartement,Bon état,36.74086124078379,10.309780032777503,,3.0,,,1.0,,,,,,,,,,,,,,10-20 ans,Carrelage,,,,,,,,,,,,,
https://www.mubawab.tn/fr/a/7977887/new-furnished-apartment-for-annual-rent,New furnished apartment for annual rent,Caid Mhamed à Sfax Ville,1 500 TND,140.0,4.0,,,,,,,,,Appartement,Nouveau,34.45333,10.445,,3.0,,,,,,,,,,,,,,,,,Moins d'un an,Marbre,,,,,,2ème,Nord,2.0,,,,,
https://www.mubawab.tn/fr/a/7977866/a-louer-spacieux-s3-%C3%A0-ennasr-2,A louer: Spacieux S3 à Ennasr 2,Cité Ennasr 2 à Ariana Ville,1 570 TND,176.0,4.0,,,,,,1.0,,,Appartement,Bon état,36.8625,10.19556,,3.0,,,1.0,,,,,,,,,,,,,,10-20 ans,Marbre,1.0,1.0,,1.0,1.0,,,2.0,,,,,
https://www.mubawab.tn/fr/a/7977639/un-bel-appartement-%C3%A0-louer,Un bel appartement à louer,Ain Zaghouan Nord à La Marsa,900 TND,116.0,3.0,,1.0,,,,,,,Appartement,Bon état,36.876389,10.325278,,2.0,,,,,,,,,,,,1.0,,,,,,,,,,,,,,,,,,,
https://www.mubawab.tn/fr/a/7972228/a-louer-un-appartement-s2-neuf-%C3%A0-jardin-de-carthage,A Louer Un Appartement S2 Neuf à Jardin De Carthage,Carthage à Carthage,1 650 TND,100.0,2.0,,1.0,1.0,,1.0,1.0,1.0,,Appartement,Nouveau,36.8566,10.3258,,2.0,,,,,,,,1.0,,,,,,,,,,,,1.0,,,,,,,,,,,
https://www.mubawab.tn/fr/a/7973425/a-louer-un-appartement-s3-%C3%A0-jardin-de-carthage,A Louer Un Appartement S3 à Jardin De Carthage,Carthage à Carthage,1 800 TND,200.0,3.0,,,,,1.0,1.0,1.0,,Appartement,Nouveau,36.8566,10.3258,,3.0,,,,,,,,1.0,,,,,,,,,,,1.0,,,,,,,2.0,,,,,
https://www.mubawab.tn/fr/a/7973942/a-louer-un-appartement-s2-h-s-%C3%A0-cit%C3%A9-khalil-marsa,A Louer Un Appartement S2 H S à Cité Khalil Marsa,Cité El Khalil à La Marsa,1 400 TND,100.0,2.0,,1.0,,,,,,,Appartement,Bon état,36.876389,10.325278,,2.0,,,,,,,,,,,,,,,,,,,,,,,,,,,,,,,
https://www.mubawab.tn/fr/a/7973943/a-louer-un-appartement-s3-haut-standing-%C3%A0-jardin-de-carthage,A Louer Un Appartement S3 Haut Standing à Jardin de Carthage,Carthage à Carthage,1 700 TND,200.0,,,,1.0,,1.0,,1.0,,Appartement,,36.8694317,10.3164051,,3.0,,,1.0,,,,,,,,,,,,,,,,1.0,,,,,,,,,,,,
https://www.mubawab.tn/fr/a/7974122/a-louer-un-appartement-s2-haut-standing-%C3%A0-jardin-de-l-aouina,A Louer Un Appartement S2 Haut Standing à Jardin De L'aouina,Aouina à La Marsa,1 500 TND,100.0,2.0,,1.0,1.0,,1.0,,1.0,,Appartement,Nouveau,36.876389,10.325278,,2.0,,,1.0,,,,,,,,,,,,,,,,1.0,,,,,,,,,,,,
https://www.mubawab.tn/fr/a/7977258/a-louer-s2,A louer S2,Dar Fadhal à La Soukra,Prix à consulter,100.0,5.0,,1.0,,,,1.0,,,Appartement,Bon état,36.883333,10.25,,2.0,,,,,,,,,,,,,,,,,10-20 ans,Marbre,,,,1.0,,1er,Sud,,,,,,
https://www.mubawab.tn/fr/a/7977207/appartement-s1-meubl%C3%A9-%C3%A0-louer-aux-jardins-de-carthage,Appartement S1 meublé à louer aux Jardins de Carthage,Les Jardins de Carthage à Le Kram,1 900 TND,72.0,,,,,1.0,,,1.0,,Appartement,,36.8555704,10.291834,,2.0,,,1.0,,,,,1.0,,,,,,,,,,,,,,,,,,,,,,,
https://www.mubawab.tn/fr/a/7949332/appartement-s3-%C3%A0-jardin-d-el-menzah-2,Appartement S3 à Jardin d'El Menzah 2,Les Jardins d'El Menzah 2 à Ariana Ville,1 350 TND,143.0,4.0,,1.0,,,1.0,1.0,1.0,,Appartement,Nouveau,36.8625,10.19556,,3.0,,,1.0,,,,,,1.0,1.0,,1.0,,,,,,,,1.0,,,,,,,,,,,
https://www.mubawab.tn/fr/a/7924080/appartement-s2-%C3%A0-la-location,Appartement S2 à la location,El Menzah 9 à El Menzah,Prix à consulter,,3.0,,1.0,1.0,1.0,1.0,1.0,1.0,1.0,Appartement,Nouveau,36.845235,10.164723,,2.0,,,1.0,,1.0,1.0,1.0,,1.0,1.0,1.0,1.0,1.0,,,,,,,1.0,,1.0,1.0,,,,,,,,
https://www.mubawab.tn/fr/a/7976774/coquette-residence-semie-collective,Coquette residence semie collective,Cité Ennasr 2 à Ariana Ville,1 400 TND,185.0,6.0,,,,,1.0,1.0,,,Appartement,Bon état,36.85892901420055,10.134963533935547,,3.0,,,1.0,,,,,,,,,,,,,,10-20 ans,Marbre,1.0,,,,1.0,2ème,Nord,2.0,,,,,
https://www.mubawab.tn/fr/a/7898878/a-louer-appartement-meubl%C3%A9e-%C3%A0-el-bhira,A Louer Appartement Meublée à El Bhira,Bizerte à Bizerte Nord,150 TND,120.0,4.0,,1.0,,,,,1.0,,Appartement,Bon état,37.1303,9.7506777,,3.0,,,1.0,,,,,,,,,,,,,,,,,,,,,,,,,,,,
https://www.mubawab.tn/fr/a/7591126/un-appartement-s2-%C3%A0-louer-%C3%A0-zone-touristique,Un appartement S2 à louer à zone touristique,Khezama Est,250 TND,130.0,2.0,,1.0,,,1.0,1.0,1.0,,Appartement,Nouveau,35.832439,10.622471,,2.0,,,1.0,,,1.0,,1.0,,1.0,,,,,,,,,,1.0,,,,,,,,,,,
https://www.mubawab.tn/fr/a/7973493/un-beau-s1-richement-meubl%C3%A9,Un beau S1 richement meublé,Les Jardins de Carthage à Le Kram,1 600 TND,75.0,2.0,1.0,1.0,,1.0,1.0,1.0,1.0,,Appartement,Bon état,36.833333,10.316667,,,,,1.0,,,,,,,,1.0,1.0,,,,,1-5 ans,Marbre,1.0,1.0,,1.0,,1er,,,,,,,
https://www.mubawab.tn/fr/a/7976447/location-s1,Location s1,La Soukra à La Soukra,1 300 TND,76.0,2.0,1.0,1.0,,,1.0,1.0,,,Appartement,Nouveau,36.883333,10.25,,,,,1.0,,1.0,,1.0,,,1.0,,1.0,,,,,Moins d'un an,,1.0,1.0,,1.0,,,Ouest,,,,,,
https://www.mubawab.tn/fr/a/7976394/tr%C3%A8s-beaux-s2-meubl%C3%A9-avec-jardin,Très beaux S2 meublé avec jardin,Cité Mongi Slim à La Marsa,2 500 TND,140.0,4.0,,1.0,,,,,,,Appartement,Bon état,36.876389,10.325278,,2.0,,,,,,,,,,,,1.0,,,,,10-20 ans,Marbre,,,,,,,Est,,,,,,
https://www.mubawab.tn/fr/a/7974346/a-louer-app-s1-meubl%C3%A9-au-golden-tulipe-gammarth,A louer App S1 meublé au Golden Tulipe Gammarth,Gammarth Supérieur à La Marsa,2 200 TND,,,1.0,1.0,,,1.0,1.0,1.0,,Appartement,Nouveau,36.876389,10.325278,1.0,,,,1.0,,,,,,,,,,,,,,,,,,,,,,,,,,,,
https://www.mubawab.tn/fr/a/7941731/a-louer-rdc-meubl%C3%A9-s3-avec-piscine-%C3%A0-gammarth,A Louer RDC meublé S3 avec piscine à Gammarth,Gammarth Supérieur à La Marsa,6 500 TND,300.0,4.0,,,1.0,1.0,1.0,1.0,1.0,1.0,Appartement,Bon état,36.876389,10.325278,,3.0,,,1.0,,,1.0,,,,,1.0,1.0,1.0,1.0,,,,Marbre,1.0,,1.0,,,,,3.0,1.0,,,,
https://www.mubawab.tn/fr/a/7975939/route-a%C3%A9roport,Route aéroport,Sfax Ouest à Sfax Ouest,Prix à consulter,120.0,,,1.0,,,,,,,Appartement,Bon état,33.88689999999999,9.5375,,3.0,,,,,,,,,,,,,,,,,10-20 ans,Carrelage,,,,,,2ème,Ouest,,,,,,
https://www.mubawab.tn/fr/a/7975924/s2-neuf-%C3%A0-la-nouvelle-soukra,S2 Neuf à La Nouvelle Soukra,Aouina à La Marsa,1 400 TND,120.0,,,,,,,1.0,1.0,,Appartement,Nouveau,36.876389,10.325278,1.0,2.0,,,,,,,,1.0,,,,,,,,,,Marbre,1.0,,,,,,,2.0,,,,,
https://www.mubawab.tn/fr/a/7975919/appartement-vue-mer-au-kram,Appartement vue mer au Kram,Le Kram à Le Kram,Prix à consulter,60.0,,1.0,1.0,,,,,,,Appartement,Bon état,36.833333,10.316667,1.0,,,,,1.0,1.0,,1.0,,1.0,,,,,,,,5-10 ans,Carrelage,,,,,,2ème,Ouest,,,,,,
https://www.mubawab.tn/fr/a/7975868/appartement-s2-cit%C3%A9-ezzouhour3,Appartement S2 Cité Ezzouhour3,Le Bardo à Le Bardo,420 TND,68.0,3.0,,1.0,,,,,,,Appartement,Bon état,36.83017,10.13736,,2.0,,,,,,,,,,,,,,,,,,,,,,,,3ème,,,,,,,
https://www.mubawab.tn/fr/a/7974471/un-b-eau-appartement-s2,Un b eau appartement s2,Les Jardins de Carthage à Le Kram,1 900 TND,180.0,3.0,,,,,1.0,1.0,1.0,,Appartement,Bon état,36.833333,10.316667,,2.0,,,1.0,,,,,,,,1.0,,,,,,1-5 ans,Marbre,1.0,1.0,,1.0,,5ème,,2.0,,,,,
https://www.mubawab.tn/fr/a/7975574/s3-spacieux-160m%C2%B2-1er-%C3%A9tg-marsa-libre,S3 spacieux 160m² 1er étg Marsa libre,Cité Erriadh à La Marsa,Prix à consulter,160.0,6.0,,1.0,,,1.0,1.0,1.0,,Appartement,Bon état,36.876389,10.325278,,3.0,,,1.0,,1.0,,1.0,,,,,,,,,1.0,10-20 ans,Carrelage,,,,,,1er,Est,,,,,,
https://www.mubawab.tn/fr/a/7975607/un-appartement-s3-meubl%C3%A9,Un appartement S3 meublé,La Marsa à La Marsa,Prix à consulter,170.0,,,,,1.0,1.0,1.0,1.0,1.0,Appartement,Bon état,36.8941992,10.2762232,1.0,3.0,,,1.0,,1.0,1.0,1.0,,,,1.0,1.0,1.0,1.0,,,,,1.0,1.0,,1.0,1.0,,,2.0,,,,,
https://www.mubawab.tn/fr/a/7969134/s2-avec-grand-jardin-%C3%A0-la-marsa-centre,S2 avec grand jardin à La Marsa Centre,La Marsa à La Marsa,1 800 TND,,3.0,,1.0,1.0,,,,1.0,,Appartement,Bon état,36.876389,10.325278,,2.0,,,1.0,,,1.0,,,1.0,1.0,,,,,,,Moins d'un an,Marbre,,,,,,,,,,,,,
https://www.mubawab.tn/fr/a/7975041/location-s2-jamais-habit%C3%A9-%C3%A0-sahloul-4,Location S2 jamais habité à Sahloul 4,Sahloul à Sousse Jaouhara,1 200 TND,116.0,3.0,,1.0,,,1.0,1.0,1.0,,Appartement,Nouveau,35.8335866172167,10.604515279058674,,2.0,,,1.0,,,,,1.0,1.0,1.0,,1.0,,,,,Moins d'un an,Marbre,1.0,1.0,,,,3ème,,,,,,,
https://www.mubawab.tn/fr/a/7975000/appartement-s1-les-berges-du-lac-1,Appartement S1 les berges du lac 1,Les Berges Du Lac 1 à La Marsa,1 500 TND,70.0,2.0,1.0,1.0,,1.0,1.0,1.0,1.0,1.0,Appartement,Bon état,36.8355152,10.2241758,,,,,1.0,,1.0,1.0,1.0,1.0,1.0,1.0,1.0,1.0,1.0,,1.0,,10-20 ans,Carrelage,1.0,1.0,,1.0,,2ème,Sud,,,,,,
https://www.mubawab.tn/fr/a/7974884/appartement-s3-au-berges-du-lac-2,Appartement S3 au berges du lac 2,Les Berges Du Lac 2 à La Marsa,2 700 TND,160.0,4.0,,,1.0,,1.0,1.0,1.0,,Appartement,Bon état,36.8468986,10.2641808,,3.0,,,1.0,,1.0,1.0,1.0,1.0,1.0,1.0,,1.0,,1.0,,,10-20 ans,Marbre,1.0,1.0,,1.0,,,Sud,2.0,,,,,
https://www.mubawab.tn/fr/a/7907691/appartement-s1-neuf-avec-jardin-%C3%A0-louer-aux-jardins-de-carthage,Appartement S1 neuf avec Jardin à louer aux Jardins de Carthage,Les Jardins de Carthage à Le Kram,1 500 TND,,,1.0,,1.0,,,,,,Appartement,,36.8555704,10.291834,,,,,,,,,,,,,,,,,,,,,1.0,,,,,,,,,,,,
https://www.mubawab.tn/fr/a/7974538/s2-meubl%C3%A9e-vue-lac-2,S2 meublée vue lac 2,Les Berges Du Lac 2 à La Marsa,2 800 TND,120.0,3.0,,1.0,,1.0,1.0,1.0,1.0,1.0,Appartement,Bon état,36.8468986,10.2641808,,2.0,,,1.0,,1.0,1.0,1.0,1.0,1.0,1.0,1.0,1.0,1.0,1.0,1.0,,5-10 ans,Marbre,1.0,1.0,,1.0,,2ème,Est,,,,,,
https://www.mubawab.tn/fr/a/7974533/appartement-s2-meubl%C3%A9-lac-2,Appartement S2 meublé lac 2,Les Berges Du Lac 2 à La Marsa,2 700 TND,130.0,3.0,,1.0,,1.0,1.0,1.0,1.0,1.0,Appartement,Bon état,36.8468986,10.2641808,,2.0,,,1.0,,,1.0,1.0,1.0,1.0,1.0,1.0,1.0,1.0,1.0,1.0,,5-10 ans,Marbre,1.0,1.0,,1.0,,2ème,Sud,,,1.0,,,
https://www.mubawab.tn/fr/a/7974351/s2-meubl%C3%A9-avec-jardin-%C3%A0-la-marsa,S2 meublé avec jardin à La Marsa,Sidi Daoued à La Marsa,2 800 TND,200.0,,,1.0,1.0,1.0,1.0,1.0,1.0,1.0,Appartement,Bon état,36.876389,10.325278,1.0,2.0,,,1.0,,,,1.0,,1.0,1.0,1.0,1.0,1.0,,,,,,1.0,,,,1.0,,,,,,,,
https://www.mubawab.tn/fr/a/7974280/a-louer-un-appartement-s2-haut-standing-%C3%A0-cit%C3%A9-bhar-lazreg,A Louer Un Appartement S2 Haut Standing à Cité Bhar Lazreg,Bhar Lazreg à La Marsa,950 TND,120.0,2.0,,1.0,,,1.0,1.0,1.0,,Appartement,Nouveau,36.876389,10.325278,,2.0,,,,,,,,,,,,,,,,,,,,,,,,,,,,,,,
https://www.mubawab.tn/fr/a/7973939/coquet-appartement-s3-%C3%A0-louer-%C3%A0-la-marsa,Coquet appartement S3 à louer à la Marsa,La Marsa à La Marsa,2 800 TND,,,,,,,,,1.0,,Appartement,,36.8941992,10.2762232,,4.0,,,,,,,,1.0,,,,,,,,,,,1.0,,,,,,,,,,,,
https://www.mubawab.tn/fr/a/7911291/s2-avec-jardin-%C3%A0-la-marsa,S2 avec jardin à La Marsa,Cité El Khalil à La Marsa,1 300 TND,120.0,2.0,,1.0,1.0,,1.0,1.0,1.0,,Appartement,Nouveau,36.876389,10.325278,,2.0,,,,,,1.0,1.0,1.0,1.0,1.0,,,,,,,,Marbre,1.0,1.0,,1.0,1.0,,,,,,,,
https://www.mubawab.tn/fr/a/7971582/s1-haut-standing-a-louer-pour-2-etudiantes-meubl%C3%A9,"S1 haut Standing a louer pour 2 Etudiantes, meublé",Borj Cedria à Hammam Chatt,750 TND,74.0,2.0,,1.0,,,,,,,Appartement,Nouveau,36.65899645228214,10.409297818742443,,2.0,,,,,,,,,,,,,,,,,Moins d'un an,Marbre,,,,,,3ème,Sud,,,,,,
https://www.mubawab.tn/fr/a/7948225/a-louer-un-appartement-meuble-s2-a-salambo,A louer un appartement meuble s2 a salambo,Salambo à Carthage,1 800 TND,90.0,3.0,,1.0,,1.0,,1.0,1.0,,Appartement,Bon état,36.8566,10.3258,,2.0,,,,,,1.0,,,,,,,,,,,,,,,,,,,,,,,,,
https://www.mubawab.tn/fr/a/7972557/appartement-%C3%A0-louer-%C3%A0-les-jardins-de-carthage-1-chambre-meubl%C3%A9,Appartement à louer à Les Jardins de Carthage. 1 chambre. Meublé,Les Jardins de Carthage à Le Kram,1 350 TND,80.0,,1.0,1.0,,1.0,1.0,1.0,1.0,1.0,Appartement,Bon état,36.86061973224855,10.28639437414214,,,,,1.0,,,1.0,1.0,,1.0,1.0,1.0,1.0,1.0,1.0,,,5-10 ans,Marbre,1.0,1.0,,1.0,,3ème,Sud,,,,,,
https://www.mubawab.tn/fr/a/7972506/location-appartement-duplex-aux-lac-2,Location appartement duplex aux lac 2,Les Berges Du Lac 1 à La Marsa,3 500 TND,250.0,4.0,,,,,1.0,1.0,1.0,,Appartement,Nouveau,36.83490787884885,10.252665237548833,,3.0,,,1.0,1.0,1.0,,1.0,1.0,1.0,1.0,,1.0,,,1.0,,,Marbre,1.0,1.0,1.0,1.0,1.0,7ème,,4.0,,,,,
https://www.mubawab.tn/fr/a/7929206/appartement-s1-avec-vue-d%C3%A9gag%C3%A9e-%C3%A0-louer-aux-jardins-de-carthage,Appartement S1 avec vue dégagée à louer aux jardins de Carthage,Les Jardins de Carthage à Le Kram,1 400 TND,78.0,,1.0,1.0,,,,,,,Appartement,Bon état,36.8555704,10.291834,1.0,,,,1.0,,,,,1.0,,,,,,,,,,,1.0,,,,,,,,,,,,
https://www.mubawab.tn/fr/a/7966000/a-louer-s3-la-berges-du-lac-2,"A louer S3, la Berges du lac 2",Les Berges Du Lac 2 à La Marsa,3 200 TND,180.0,4.0,,,,,1.0,1.0,1.0,,Appartement,Bon état,36.8468986,10.2641808,,3.0,,,,,1.0,,1.0,,1.0,,,1.0,,1.0,,1.0,5-10 ans,Marbre,1.0,1.0,,1.0,,,,3.0,,,,,
https://www.mubawab.tn/fr/a/7971945/appartement-%C3%A0-louer-pour-des-courtes-dur%C3%A9es-canal,Appartement à louer pour des courtes durées CANAL,Hammamet Nord à Hammamet,350 TND,130.0,3.0,,,,1.0,1.0,1.0,1.0,1.0,Appartement,Bon état,36.40108,10.61457,,2.0,,,1.0,,,,,,,,1.0,1.0,1.0,1.0,,,,,,,,1.0,,,,2.0,1.0,,,,
https://www.mubawab.tn/fr/a/7970907/a-vendre-un-duplex-neuf-aux-jardins-de-carthage,A vendre un duplex neuf aux jardins de carthage,Les Jardins de Carthage à Le Kram,860 000 TND,232.0,4.0,,,,,1.0,1.0,1.0,,Appartement,Nouveau,36.833333,10.316667,,3.0,,,1.0,,,,,1.0,1.0,,,,,,,,,,1.0,1.0,,1.0,,,,3.0,,,,,
https://www.mubawab.tn/fr/a/7950487/un-beau-appartement-avec-une-belle-vue-sur-lac,Un beau appartement avec une belle vue sur lac,Les Berges Du Lac 1 à La Marsa,5 000 TND,200.0,4.0,,,,1.0,1.0,1.0,1.0,,Appartement,Bon état,36.876389,10.325278,,4.0,,,1.0,1.0,,1.0,,1.0,,,1.0,1.0,,,,,5-10 ans,Marbre,1.0,1.0,,1.0,,1er,,2.0,,,,,
https://www.mubawab.tn/fr/a/7968696/appartement-s2-%C3%A0-la-marsa,Appartement s2 à la marsa,Cité des Juges à La Marsa,1 300 TND,100.0,,,1.0,,,1.0,1.0,1.0,,Appartement,Nouveau,36.876389,10.325278,,2.0,,,1.0,,1.0,1.0,1.0,1.0,1.0,1.0,,1.0,,,,,Moins d'un an,Marbre,,,,,,1er,Ouest,,,,,,
https://www.mubawab.tn/fr/a/7948222/appartement-cot%C3%A9-marina-houmet-souk,Appartement coté marina Houmet souk,Houmt Souk à Djerba,1 500 TND,100.0,3.0,,1.0,1.0,1.0,1.0,,1.0,1.0,Appartement,Nouveau,33.8075978,10.8451467,,2.0,,,,,,,,,,,1.0,1.0,1.0,1.0,1.0,,1-5 ans,Marbre,,,,,,,,,,,,,
https://www.mubawab.tn/fr/a/7935704/appartemenet-s3-vu-mer-%C3%A0-la-goulette,Appartemenet S3 vu mer à la goulette,La Goulette à La Goulette,3 500 TND,140.0,,,,,,,,1.0,,Appartement,,36.8236219,10.2810303,,4.0,,,1.0,,,,,1.0,,,,,,,,,,,,,,,,,,,,,,,
https://www.mubawab.tn/fr/a/7966642/%C3%A0-louer-un-appartement-s3-au-lac-2,À louer un appartement S3 au Lac 2,Tunis,3 500 TND,200.0,4.0,,,,,1.0,1.0,1.0,,Appartement,,36.81881,10.16596,,3.0,,,,,,,,,,,,,,,,,,,1.0,1.0,,,,,,2.0,,,,,
https://www.mubawab.tn/fr/a/7966135/%C3%A0-louer-un-appartement-s3-au-lac-2,À louer un appartement S3 au Lac 2,Les Berges Du Lac 2 à La Marsa,3 500 TND,200.0,4.0,,,,1.0,1.0,1.0,1.0,1.0,Appartement,Bon état,36.876389,10.325278,,3.0,,,1.0,,1.0,1.0,1.0,1.0,1.0,1.0,1.0,1.0,1.0,1.0,1.0,1.0,5-10 ans,Marbre,1.0,1.0,,1.0,,5ème,,3.0,,,,,
https://www.mubawab.tn/fr/a/7965766/duplex-350m2-proche-isc-jardins-de-carthage,Duplex 350m2 proche ISC Jardins de Carthage,Les Jardins de Carthage à Le Kram,4 000 TND,300.0,5.0,,,,,1.0,1.0,,,Appartement,Nouveau,36.85875501677301,10.305622164427051,,3.0,,,1.0,,1.0,,,1.0,1.0,,,,,,,,5-10 ans,Marbre,1.0,,1.0,,,1er,,3.0,,,,,
https://www.mubawab.tn/fr/a/7856067/coquet-duplex-s2-%C3%A0-gammarth,Coquet duplex S2 à Gammarth,La Marsa à La Marsa,3 500 TND,,,,,,,,,,,Appartement,,36.8941992,10.2762232,,2.0,,,,,,,,1.0,,,,,,,,,,,,,,,,,,,,,,,
https://www.mubawab.tn/fr/a/7965092/location-estival-appartement-s1,Location estival Appartement S1,Hammamet à Hammamet,140 TND,90.0,,1.0,1.0,,,,,,,Appartement,Nouveau,36.40108,10.61457,1.0,,,,,,,,,,,,,,,,,,,,,,,,,,,,,,,,
https://www.mubawab.tn/fr/a/7958214/location-estival-appartement-s2,Location estival Appartement S2,Hammamet à Hammamet,230 TND,100.0,2.0,,1.0,,,,,,,Appartement,Nouveau,36.40108,10.61457,,2.0,,,,,,,,,,,,,,,,,,,,,,,,,,,,,,,
https://www.mubawab.tn/fr/a/7963447/louez-cet-appartement-%C3%A0-la-marsa-2-chambres-agr%C3%A9ables-meubl%C3%A9,Louez cet appartement à La Marsa. 2 chambres agréables. Meublé,La Marsa à La Marsa,1 500 TND,70.0,,,1.0,,1.0,1.0,1.0,1.0,1.0,Appartement,Nouveau,33.88689999999999,9.5375,,2.0,,,,,1.0,,1.0,1.0,,,1.0,1.0,1.0,,,,1-5 ans,Carrelage,,,,,,2ème,Nord,,,,,,
https://www.mubawab.tn/fr/a/7962666/charmant-app-s3-meubl%C3%A9-situ%C3%A9-%C3%A0-khzema,Charmant App S3 Meublé situé à Khzema,Khezama Est,2 200 TND,200.0,3.0,,,,,1.0,1.0,,,Appartement,Nouveau,35.832439,10.622471,,3.0,,,,1.0,,,,1.0,,,,,,,,,,,,1.0,,,,,,3.0,,,,,
https://www.mubawab.tn/fr/a/7641960/un-luxueux-appartement-stylis%C3%A9-vue-mer-location-annuelle,Un luxueux appartement stylisé vue mer location annuelle,Cité El Wafa à Nabeul,111 111 TND,75.0,2.0,1.0,1.0,1.0,1.0,1.0,1.0,1.0,1.0,Appartement,Nouveau,36.4373550497068,10.691265620040696,,,,,1.0,1.0,1.0,1.0,1.0,1.0,1.0,,1.0,1.0,1.0,,1.0,,Moins d'un an,Carrelage,1.0,1.0,1.0,1.0,,4ème,Sud,,1.0,,,,
https://www.mubawab.tn/fr/a/7716671/un-appartement-a-louer-pour-les-vacances,Un appartement a louer pour les vacances,El Kantaoui à Hammam Sousse,200 TND,100.0,3.0,,1.0,,1.0,1.0,1.0,1.0,,Appartement,Bon état,35.8569,10.5972,,2.0,,,,1.0,,1.0,,,1.0,1.0,,,,,,,,,,,,,,,,,,,,,
https://www.mubawab.tn/fr/a/7716716/un-appartement-a-louer-pour-les-vacances,Un appartement a louer pour les vacances,El Kantaoui à Hammam Sousse,180 TND,100.0,3.0,,1.0,,,1.0,1.0,1.0,,Appartement,Bon état,35.8569,10.5972,,2.0,,,,,,1.0,,1.0,1.0,,,,,,,,,,,,,,,,,,,,,,
https://www.mubawab.tn/fr/a/7961016/immeuble-%C3%A0-louer-%C3%A0-la-zone-d-activit%C3%A9-kheireddine,Immeuble à louer à la zone d'activité kheireddine,La Marsa,Prix à consulter,3000.0,,,,,,,,,,Appartement,,36.876389,10.325278,,,,,,,,,,,,,,,,,,,,,1.0,,,,,,,,,,,,
https://www.mubawab.tn/fr/a/7961015/immeuble-a-louer-%C3%A0-la-zone-d-activit%C3%A9-kheireddine,Immeuble a louer à la zone d'activité kheireddine,Les Berges Du Lac 2 à La Marsa,Prix à consulter,4000.0,,,,,,,,,,Appartement,,36.8468986,10.2641808,,,,,,,,,,,,,,,,,,,,,1.0,,,,,,,,,,,,
https://www.mubawab.tn/fr/a/7960529/a-louer-s2-haut-standing-pr%C3%A9s-de-clinique-soukra,A louer S2 haut Standing prés de clinique soukra,Aouina à La Marsa,1 350 TND,120.0,3.0,,,,,1.0,1.0,,,Appartement,Bon état,36.876389,10.325278,,2.0,,,1.0,,,,,1.0,,,,1.0,,,,,Moins d'un an,,,1.0,,1.0,,,,2.0,,,,,
https://www.mubawab.tn/fr/a/7676317/apparemment-s3-a-la-marsa,Apparemment S3 a la Marsa,La Marsa à La Marsa,5 500 TND,160.0,,,,,,,,,,Appartement,,36.8941992,10.2762232,,3.0,,,,,,,,1.0,,,,,,,,,,,,,,,,,,,,,,,
https://www.mubawab.tn/fr/a/7914899/a-louer-appartement-s3-situ%C3%A9-au-les-berges-du-lac-2,A Louer Appartement S3 situé au les berges du lac 2,Les Berges Du Lac 2 à La Marsa,4 000 TND,180.0,,,1.0,1.0,,1.0,1.0,1.0,,Appartement,Bon état,36.876389,10.325278,1.0,4.0,,,1.0,,,,,1.0,1.0,1.0,,,,,,,5-10 ans,,,,,1.0,1.0,,,,,,,,
https://www.mubawab.tn/fr/a/7950335/a-louer-villa-ind%C3%A9pendante-s4-au-berges-du-lac-1,A louer Villa indépendante S4 au Berges du Lac 1,Les Berges Du Lac 1 à La Marsa,7 000 TND,300.0,4.0,,1.0,1.0,,1.0,1.0,1.0,,Appartement,Nouveau,36.876389,10.325278,,4.0,,,1.0,,,1.0,1.0,1.0,1.0,1.0,,1.0,,,,,,,1.0,,,,1.0,,,,1.0,,,,
https://www.mubawab.tn/fr/a/7950402/a-louer-bureau-h4-au-berges-du-lac-1,A louer bureau H4 au berges du lac 1,Les Berges Du Lac 1 à La Marsa,4 000 TND,170.0,4.0,,1.0,,,1.0,1.0,,,Appartement,Nouveau,36.876389,10.325278,,4.0,,,,,1.0,1.0,1.0,1.0,1.0,1.0,,,,,,,,,1.0,1.0,,1.0,1.0,,,,,,,,
https://www.mubawab.tn/fr/a/7767496/luxueux-magnifique-et-agr%C3%A9able-appartement-meubl%C3%A9,Luxueux magnifique et agréable appartement meublé,Sousse Ville à Sousse Ville,2 500 TND,133.0,3.0,,,,1.0,1.0,1.0,1.0,1.0,Appartement,Nouveau,35.82667368540864,10.633663965606688,,2.0,,,1.0,1.0,1.0,1.0,1.0,1.0,1.0,1.0,1.0,1.0,1.0,,1.0,,1-5 ans,Marbre,1.0,1.0,,1.0,,4ème,Ouest,2.0,,,,,
https://www.mubawab.tn/fr/a/7958388/a-louer-un-joli-appartement-s2-%C3%A0-la-soukra,A louer un joli appartement s2 à la soukra,La Soukra à La Soukra,1 500 TND,100.0,2.0,,1.0,,,1.0,1.0,1.0,,Appartement,Nouveau,36.883333,10.25,,2.0,,,1.0,,1.0,,,,,,,,,,,,,,1.0,1.0,,1.0,,,,,1.0,,,,
https://www.mubawab.tn/fr/a/7932871/s1-%C3%A0-louer-%C3%A0-la-marsa,S1 à louer à La Marsa,La Marsa à La Marsa,1 600 TND,80.0,,1.0,1.0,,,,,,,Appartement,Nouveau,36.876389,10.325278,1.0,,,,,,,,,,,,,,,,,,,,,,,,,,,,,,,,
https://www.mubawab.tn/fr/a/7900423/s3-avec-jardin-%C3%A0-la-marsa-plage,S3 avec jardin à La Marsa Plage,La Marsa à La Marsa,3 500 TND,,4.0,,1.0,1.0,1.0,1.0,1.0,1.0,1.0,Appartement,Bon état,36.876389,10.325278,,3.0,,,1.0,,1.0,1.0,1.0,,1.0,1.0,1.0,1.0,1.0,1.0,1.0,1.0,1-5 ans,Marbre,1.0,,,,,,,,,,,,
https://www.mubawab.tn/fr/a/7957710/a-louer-un-appartement-s2-%C3%A0-cit%C3%A9-wahat,A Louer Un Appartement S2 à Cité Wahat,Aouina à La Marsa,1 150 TND,200.0,2.0,,1.0,,,1.0,,,,Appartement,Nouveau,36.876389,10.325278,,2.0,,,1.0,,,,,,,,,,,,,,,,,,,,,,,,,,,,
https://www.mubawab.tn/fr/a/7957025/s2-%C3%A0-louer-%C3%A0-l-ann%C3%A9e-pieds-dans-l-eau-%C3%A0-kantaoui,S2 à louer à l'année pieds dans l'eau à Kantaoui,El Kantaoui à Hammam Sousse,2 500 TND,145.0,3.0,,1.0,,1.0,1.0,1.0,1.0,1.0,Appartement,Bon état,35.8569,10.5972,,2.0,,,1.0,1.0,1.0,1.0,1.0,1.0,1.0,1.0,1.0,,1.0,,,,,,,1.0,,,,5ème,,,,,,,
https://www.mubawab.tn/fr/a/7956846/location-annuelle-d-un-appartement-vide-s3,Location annuelle d'un appartement Vide S3,Nabeul à Nabeul,1 500 TND,160.0,3.0,,1.0,,,,,,,Appartement,Nouveau,36.45056,10.73505,,2.0,,,1.0,,,,,,,,,,,,,,,Marbre,,,,,,,,,,,,,
https://www.mubawab.tn/fr/a/7935705/magnifique-appartement-s4-meubl%C3%A9-%C3%A0-sidi-daoud,Magnifique appartement S4 meublé à sidi daoud,La Marsa à La Marsa,3 800 TND,,,,,1.0,1.0,,,1.0,,Appartement,,36.8941992,10.2762232,,5.0,,,,,,,,1.0,,,,,,,,,,,1.0,,,,,,,,,,,,
https://www.mubawab.tn/fr/a/7944251/magnifique-triplex-s4-%C3%A0-louer-aux-jardins-de-carthage,Magnifique Triplex S4 à louer aux Jardins de Carthage,Les Jardins de Carthage à Le Kram,5 000 TND,150.0,4.0,,,1.0,,,,1.0,,Appartement,Nouveau,36.8555704,10.291834,,4.0,,,1.0,,,,,,,,,,,,,,Moins d'un an,,1.0,1.0,,,,,,3.0,,,,,
https://www.mubawab.tn/fr/a/7945968/a-louer-un-appartement-en-s2-vide-%C3%A0-cit%C3%A9-wafa,A Louer un appartement en S2 vide à Cité Wafa,Hammamet à Hammamet,900 TND,100.0,3.0,,1.0,,,,,1.0,,Appartement,Nouveau,36.40108,10.61457,,2.0,,,1.0,,,,,,,,,,,,,,Moins d'un an,Marbre,,,,,,1er,Nord,,,,,,
https://www.mubawab.tn/fr/a/7954017/a-louer-un-appartement-s2-%C3%A0-choutrana-2,A Louer Un Appartement S2 à Choutrana 2,Chotrana 2 à La Soukra,1 000 TND,100.0,2.0,,1.0,1.0,,1.0,1.0,1.0,,Appartement,Nouveau,36.883333,10.25,,2.0,,,1.0,,,,,,,,,,,,,,,,1.0,,,,,,,,,,,,
https://www.mubawab.tn/fr/a/7953839/a-lou%C3%A9-s3-meubl%C3%A9-%C3%A0-hammam-sousse,A loué S3 meublé à Hammam Sousse,Cité de la Plage à Hammam Sousse,1 200 TND,150.0,3.0,,1.0,,1.0,1.0,1.0,,,Appartement,Nouveau,35.8569,10.5972,,4.0,,,,,,,,,,,,,,,,,,,,,,,,,,,,,,,
https://www.mubawab.tn/fr/a/7953354/un-%C3%A9tage-de-villa-r%C3%A9nov%C3%A9-et-meubl%C3%A9-%C3%A0-nabeul,Un étage de villa rénové et meublé à Nabeul,Nabeul à Nabeul,1 300 TND,,3.0,,1.0,,1.0,1.0,1.0,1.0,1.0,Appartement,Bon état,36.45056,10.73505,,2.0,,,1.0,,1.0,1.0,1.0,,1.0,1.0,1.0,1.0,1.0,,,,,,,,,,,1er,,,,,,,
https://www.mubawab.tn/fr/a/7943505/appartement-s3-avec-chambre-de-service-%C3%A0-louer-aux-jardins-de-carthage,Appartement S3 avec chambre de service à louer aux jardins de Carthage,Les Jardins de Carthage à Le Kram,2 500 TND,216.0,,,,,,,,,,Appartement,,36.8555704,10.291834,,3.0,,,1.0,,,,,,,,,1.0,,,,,,,1.0,1.0,,,,,,,,,,,
https://www.mubawab.tn/fr/a/7950032/appartement-meubl%C3%A9-avec-jardin,Appartement meublé avec jardin,Les Berges Du Lac 2 à La Marsa,3 500 TND,200.0,4.0,,1.0,,,,,,,Appartement,Bon état,36.8468986,10.2641808,,2.0,,,,,,,,,,,,,,,,,10-20 ans,Marbre,,,,,,,Est,,,,,,
https://www.mubawab.tn/fr/a/7368974/duplex-s3-vue-mer-%C3%A0-sidi-bousaid,Duplex S3 vue mer à Sidi Bousaid,Sidi Bousaid à Carthage,3 900 TND,200.0,4.0,,,,1.0,1.0,1.0,,,Appartement,Bon état,36.871576,10.3343581,,4.0,,,1.0,,,,,,,,,,,,,,,,,,,,,,,2.0,,,,,
https://www.mubawab.tn/fr/a/7818822/a-louer-un-appartement-meubl%C3%A9-en-s3-%C3%A0-la-marsa,A louer un appartement meublé en S3 à la Marsa,La Marsa à La Marsa,4 500 TND,150.0,4.0,,,1.0,1.0,1.0,1.0,,,Appartement,Bon état,36.8941992,10.2762232,,3.0,,,,,,,,,,,,,,,,,,,,,,,,,,2.0,,,,,
https://www.mubawab.tn/fr/a/7924870/s1-meubl%C3%A9-%C3%A0-la-marsa-les-pins,S1 meublé à La Marsa les Pins,Cité Les Pins à La Marsa,2 500 TND,,2.0,1.0,1.0,1.0,1.0,1.0,1.0,1.0,1.0,Appartement,Bon état,36.876389,10.325278,,,,,1.0,,1.0,1.0,1.0,1.0,1.0,1.0,1.0,1.0,1.0,1.0,1.0,,Moins d'un an,Marbre,1.0,,,1.0,,,,,,,,,
https://www.mubawab.tn/fr/a/7951445/s2-%C3%A0-la-marsa-centre,S2 à La Marsa Centre,La Marsa à La Marsa,1 600 TND,,3.0,,1.0,,,,1.0,1.0,,Appartement,Bon état,36.876389,10.325278,,2.0,,,1.0,,1.0,1.0,,,1.0,1.0,,,,,,,1-5 ans,Carrelage,,,,,,1er,,,,,,,
https://www.mubawab.tn/fr/a/7885592/a-louer-un-appartement-en-s1-a-hammamet,A louer un appartement en S1 a Hammamet,Hammamet à Hammamet,1 000 TND,60.0,,1.0,1.0,,,,,,,Appartement,Nouveau,36.40108,10.61457,1.0,,,,,,,,,,,,,,,,,,,,,,,,,,,,1.0,,,,
https://www.mubawab.tn/fr/a/7929539/a-louer-un-s1-%C3%A0-les-jardin-de-carthage,A Louer un S1 à les Jardin de Carthage,Les Jardins de Carthage à Le Kram,1 350 TND,,2.0,1.0,1.0,1.0,,,,1.0,,Appartement,Nouveau,36.833333,10.316667,,,,,,,,,,1.0,,,,,,,,,1-5 ans,,,,,1.0,,,,,,,,,
https://www.mubawab.tn/fr/a/7945645/appartement,Appartement,Mégrine à Mégrine,750 TND,80.0,3.0,,1.0,,,,1.0,1.0,,Appartement,Nouveau,36.6938694,10.2622167,,2.0,,,,,,,,,,,,,,,,,Moins d'un an,,1.0,,,1.0,,2ème,Sud,,,,,,
https://www.mubawab.tn/fr/a/7945321/studio-s1-jaafar-cit%C3%A9-essahafa-cot%C3%A9-esprit,Studio s1 Jaafar cité Essahafa coté Esprit,Cité Essahafa à Raoued,Prix à consulter,40.0,,1.0,1.0,1.0,,,,,,Appartement,Bon état,36.954444,10.191389,1.0,,,,,,,,,,1.0,,,,,,,,,,,,,,,,,,,,,,
https://www.mubawab.tn/fr/a/7927679/a-louer-s2-les-jardins-de-carthage,"A louer S2, Les Jardins de Carthage",Les Jardins de Carthage à Le Kram,1 600 TND,100.0,3.0,,,,,1.0,1.0,1.0,,Appartement,Bon état,36.833333,10.316667,,2.0,,,,,1.0,,1.0,1.0,1.0,1.0,,1.0,,,,,5-10 ans,Marbre,1.0,1.0,,1.0,,,,2.0,,,,,
https://www.mubawab.tn/fr/a/7933144/appartement-s2-meubl%C3%A9-%C3%A0-la-marsa,Appartement S2 meublé à la Marsa,La Marsa à La Marsa,3 000 TND,,,,,,1.0,,,,,Appartement,,36.8941992,10.2762232,,2.0,,,,,,,,1.0,,,,,,,,,,,,,,,,,,,,,,,
https://www.mubawab.tn/fr/a/7943695/appartement-s2-%C3%A0-el-menzah9-pour-couple,Appartement S2 à El Menzah9 pour couple,El Menzah 9 à El Menzah,900 TND,,,,1.0,,,1.0,1.0,1.0,,Appartement,Bon état,36.845235,10.164723,1.0,2.0,,,,,,,,,,,,,,,,,5-10 ans,Carrelage,,,,,,2ème,,,,,,,
https://www.mubawab.tn/fr/a/7908850/superbe-appartement-%C3%A0-vendre-%C3%A0-cit%C3%A9-du-stade-1-belle-chambre-meubl%C3%A9,Superbe appartement à vendre à Cité Du Stade. 1 belle chambre. Meublé,Cité El Ahmadi à La Marsa,2 200 TND,180.0,,,1.0,,1.0,1.0,1.0,1.0,1.0,Appartement,Bon état,36.876389,10.325278,,3.0,,,1.0,,1.0,1.0,1.0,1.0,1.0,1.0,1.0,1.0,,1.0,,,5-10 ans,Marbre,,,1.0,,1.0,2ème,Est,,,1.0,,,
https://www.mubawab.tn/fr/a/7872500/%C3%A0-louer-un-appartement-s3-%C3%A0-khezama-est,À louer un appartement S3 à Khezama EST,Khezama Est,1 700 TND,130.0,4.0,,,,1.0,1.0,1.0,1.0,,Appartement,Bon état,35.844,10.618753,,3.0,,,1.0,,1.0,,1.0,1.0,1.0,1.0,,1.0,,,,,1-5 ans,Marbre,1.0,1.0,,1.0,1.0,3ème,,2.0,,,,,
https://www.mubawab.tn/fr/a/7891621/a-louer-un-triplex-meubl%C3%A9-en-s4-%C3%A0-gammarth,A louer un triplex meublé en S4 à Gammarth,Gammarth à La Marsa,6 000 TND,250.0,,,,1.0,1.0,1.0,1.0,,,Appartement,,36.917739,10.288893,,5.0,,,1.0,,,,,1.0,,,,,,,,,,,,,,,,,,,,,,,
https://www.mubawab.tn/fr/a/7929201/villa-s4-avec-piscine-%C3%A0-louer-aux-jardins-de-carthage,Villa S4 Avec Piscine À Louer Aux Jardins De Carthage,Les Jardins de Carthage à Le Kram,5 500 TND,550.0,,,,1.0,,,,,,Appartement,,36.8555704,10.291834,,4.0,,,,,,,,1.0,,,,,,,,,,,,,,,,,,,1.0,,,,
https://www.mubawab.tn/fr/a/7939724/location-appartement-s2-meubl%C3%A9,Location appartement s2 meublé,Les Jardins de Carthage à Le Kram,2 200 TND,120.0,,,,,,1.0,1.0,1.0,,Appartement,Nouveau,36.8555704,10.291834,1.0,2.0,,,1.0,,,,,,,,,,,,,,,,1.0,1.0,,,,,,2.0,,,,,
https://www.mubawab.tn/fr/a/7936856/a-louer-s1-%C3%A0-la-marsa,A louer s1 à la Marsa,La Marsa à La Marsa,1 650 TND,80.0,2.0,1.0,1.0,,1.0,1.0,1.0,1.0,1.0,Appartement,Bon état,36.876389,10.325278,,,,,,,1.0,1.0,1.0,,1.0,1.0,1.0,1.0,1.0,1.0,,,1-5 ans,Marbre,1.0,1.0,1.0,1.0,,,,,,,,,
https://www.mubawab.tn/fr/a/7881602/un-appartement-s2-meubl%C3%A9-%C3%A0-yasmin-hammamet,Un appartement S2 meublé à Yasmin Hammamet,Yasmine Hammamet à Hammamet,1 500 TND,,4.0,,,,1.0,1.0,1.0,1.0,1.0,Appartement,Bon état,36.40108,10.61457,,2.0,,,1.0,,1.0,1.0,1.0,,1.0,1.0,1.0,1.0,,,,,,,,,,1.0,,,,2.0,,,,,
https://www.mubawab.tn/fr/a/7778348/location-appartement-rdc-flora-s2-hammamet,Location Appartement RDC Flora S2 Hammamet,Yasmine Hammamet à Hammamet,2 500 TND,160.0,3.0,,,1.0,1.0,1.0,1.0,1.0,,Appartement,Nouveau,36.40108,10.61457,,2.0,,,1.0,,,,,,,,,,,,,,,,,,,1.0,,,,2.0,1.0,,,,
https://www.mubawab.tn/fr/a/7934543/immeuble-de-1200m%C2%B2-%C3%A0-louer-au-lac-1,Immeuble de 1200m² à louer au lac 1,Les Berges Du Lac 1 à La Marsa,Prix à consulter,1200.0,,,,,1.0,,,,,Appartement,,36.8355152,10.2241758,,8.0,,,,,,,,,,,,,,,,,,,,,,,,,,,,,,,
https://www.mubawab.tn/fr/a/7931300/%C3%A0-louer-s3-avec-vue-d%C3%A9gag%C3%A9e-au-lac-2,À louer s3 avec vue dégagée au Lac 2,Les Berges Du Lac 2 à La Marsa,3 000 TND,200.0,3.0,,1.0,,,,,1.0,,Appartement,Nouveau,36.876389,10.325278,,3.0,,,,,,,,,,,,1.0,,1.0,,,,,,,,,,,,,,,,,
https://www.mubawab.tn/fr/a/7801844/studio-%C3%A0-louer-%C3%A0-l-ann%C3%A9e-au-zone-touristique-midou,Studio à louer à l'année au Zone Touristique Midou,Midoun zone touristique,1 500 TND,,,1.0,1.0,,1.0,1.0,,1.0,,Appartement,Bon état,33.8115848,10.987461,1.0,,,,,,,,,,,,,,,,,,,,,,,,,,,,,,,,
https://www.mubawab.tn/fr/a/7933950/appartement-s2-vue-d%C3%A9gag%C3%A9e-%C3%A0-louer-aux-jardins-de-carthage,Appartement S2 vue dégagée à louer aux Jardins de Carthage,Les Jardins de Carthage à Le Kram,2 300 TND,,,,,,,,,,,Appartement,,36.8555704,10.291834,,2.0,,,,,,,,,,,,,,,,,,,1.0,,,,,,,,,,,,
https://www.mubawab.tn/fr/a/7907354/%C3%A9tage-de-villa-s1-meubl%C3%A9,Étage de Villa S1 Meublé,Hammamet à Hammamet,800 TND,70.0,2.0,1.0,1.0,,,1.0,1.0,1.0,,Appartement,Nouveau,36.40108,10.61457,,,,,1.0,,,,,,,,1.0,1.0,1.0,,,,,Marbre,,,,,,3ème,,,,,,,
https://www.mubawab.tn/fr/a/7897450/a-louer-un-appartement-meubl%C3%A9-en-s3-%C3%A0-la-marsa,A louer un appartement meublé en S3 à la Marsa,La Marsa à La Marsa,4 400 TND,160.0,,,,1.0,1.0,1.0,1.0,1.0,,Appartement,,36.8941992,10.2762232,,4.0,,,1.0,,,,,1.0,,,,,,,,,,,1.0,,,,,,,,,,,,
https://www.mubawab.tn/fr/a/7927730/location-s4-meubl%C3%A9-avec-vue-d%C3%A9gag%C3%A9e-lac-ii,Location S4 meublé avec vue dégagée lac II,Les Berges Du Lac 2 à La Marsa,4 000 TND,,5.0,,,,1.0,,,1.0,1.0,Appartement,Bon état,36.876389,10.325278,,4.0,,,1.0,,1.0,,,,,,1.0,1.0,1.0,1.0,,,,,1.0,1.0,,1.0,,4ème,,3.0,,,,,
https://www.mubawab.tn/fr/a/7930757/coquet-s3-meubl%C3%A9-%C3%A0-la-marsa,Coquet S3 meublé à la Marsa,La Marsa à La Marsa,3 800 TND,160.0,,,,,1.0,,,,,Appartement,,36.8941992,10.2762232,,3.0,,,1.0,,,,,1.0,,,,,,,,,,,,,,,,,,,,,,,
https://www.mubawab.tn/fr/a/7604986/appartement-s2-meubl%C3%A9-%C3%A0-louer-%C3%A0-ennasr,Appartement s2 meublé à louer à ennasr,Cité Ennasr 2 à Ariana Ville,1 900 TND,116.0,3.0,,1.0,,1.0,1.0,1.0,1.0,1.0,Appartement,Nouveau,36.8625,10.19556,,2.0,,,1.0,,1.0,1.0,1.0,1.0,1.0,1.0,1.0,1.0,1.0,1.0,,,1-5 ans,Marbre,1.0,1.0,,,,3ème,,,,,,,
https://www.mubawab.tn/fr/a/7929190/duplex-meubl%C3%A9-s-3-%C3%A0-sidi-bousaid,Duplex meublé s 3 à Sidi bousaid,Sidi Bousaid à Carthage,5 500 TND,,,,,,1.0,,,1.0,,Appartement,,36.871576,10.3343581,,4.0,,,,1.0,,,,,,,,,,,,,,,,,,,,,,,,,,,
https://www.mubawab.tn/fr/a/7914278/duplex-s2-%C3%A0-louer-sidi-bou-said,Duplex S2 à louer Sidi Bou Said,Sidi Bousaid à Carthage,2 600 TND,,3.0,,1.0,,1.0,1.0,1.0,1.0,1.0,Appartement,Bon état,36.8566,10.3258,,2.0,,,1.0,1.0,1.0,1.0,1.0,,1.0,1.0,1.0,1.0,1.0,1.0,,,1-5 ans,Marbre,,,1.0,,,,,,,,,,
https://www.mubawab.tn/fr/a/7413600/un-appartement-s2-avec-jardin-%C3%A0-la-soukra,Un Appartement S2 avec jardin à La Soukra,La Soukra à La Soukra,1 500 TND,165.0,3.0,,1.0,1.0,,,,,,Appartement,Bon état,36.88833,10.27417,,2.0,,,,,,,,,,,,1.0,,,,,,Marbre,1.0,,,,,,,,,,,,
https://www.mubawab.tn/fr/a/7928633/appartement-%C3%A0-louer-%C3%A0-hammamet-bousten-h,Appartement à louer à Hammamet Bousten H,Hammamet Sud à Hammamet,2 200 TND,100.0,3.0,,,,1.0,1.0,1.0,1.0,1.0,Appartement,Nouveau,36.40108,10.61457,,2.0,,,1.0,,,,,,,,1.0,1.0,1.0,1.0,,,,,1.0,1.0,,,,,,2.0,1.0,,,,
https://www.mubawab.tn/fr/a/7926998/coquet-appartement,Coquet Appartement,Akouda à Akouda,450 TND,100.0,5.0,,1.0,,,,,,,Appartement,Nouveau,35.874674,10.571809,,2.0,,,,,,,,,,,,,,,,,Moins d'un an,Parquet,,,,,,3ème,Est,,,,,,
https://www.mubawab.tn/fr/a/7781140/a-louer-appartement-meubl%C3%A9e-avec-vue-sur-mer-%C3%A0-sidi-salem-bizerte,"A Louer Appartement Meublée Avec Vue Sur Mer à Sidi Salem, Bizerte",Sidi Salem à Bizerte Nord,170 TND,100.0,3.0,,1.0,,,,,,,Appartement,Nouveau,37.280302,9.881365,,2.0,,,,1.0,,,,,,,,,,,,,,,,,,,,,,,,,,,
https://www.mubawab.tn/fr/a/7926190/appartement-meubl%C3%A9-s3-%C3%A0-louer-aux-berges-du-lac-2,Appartement meublé s3 à louer aux Berges du Lac 2,Les Berges Du Lac 2 à La Marsa,3 900 TND,180.0,4.0,,,,1.0,1.0,1.0,1.0,1.0,Appartement,Bon état,36.876389,10.325278,,3.0,,,1.0,,1.0,1.0,1.0,,1.0,1.0,1.0,1.0,1.0,1.0,,1.0,1-5 ans,Marbre,1.0,,1.0,1.0,,2ème,,3.0,,,,,
https://www.mubawab.tn/fr/a/7925027/location-appartement-s4-jardin-de-carthage,Location appartement s4 jardin de Carthage,Les Jardins de Carthage à Le Kram,3 200 TND,200.0,,,,,,1.0,1.0,,,Appartement,Bon état,36.8555704,10.291834,1.0,4.0,,,1.0,,,,,1.0,1.0,1.0,,,,,,,,,1.0,1.0,,1.0,,,,3.0,,,,,
https://www.mubawab.tn/fr/a/7924831/s1-meubl%C3%A9-vue-mer-%C3%A0-la-marsa-plage,S1 meublé vue mer à La Marsa Plage,La Marsa à La Marsa,3 500 TND,,2.0,1.0,1.0,,1.0,1.0,1.0,1.0,1.0,Appartement,Bon état,36.876389,10.325278,,,,,1.0,1.0,1.0,1.0,,1.0,1.0,1.0,1.0,1.0,1.0,1.0,1.0,,Moins d'un an,Marbre,1.0,,,1.0,,1er,,,,,,,
https://www.mubawab.tn/fr/a/7845892/appartement-s2-richement-meubl%C3%A9-%C3%A0-louer-aux-jardins-de-carthage,Appartement S2 richement meublé à louer aux Jardins de Carthage,Les Jardins de Carthage à Le Kram,3 400 TND,135.0,,,,,1.0,,,,,Appartement,,36.8555704,10.291834,,2.0,,,1.0,,,,,1.0,,,,,,,,,,,1.0,,,,,,,,,,,,
https://www.mubawab.tn/fr/a/7908354/appartement-s3-%C3%A0-louer-au-lac-2,Appartement S3 à louer au lac 2,Les Berges Du Lac 2 à La Marsa,3 000 TND,200.0,,,,,,,,,,Appartement,,36.8468986,10.2641808,,3.0,,,,,,,,1.0,,,,,,,,,,,1.0,,,,,,,,,,,,
https://www.mubawab.tn/fr/a/7898673/a-louer-un-penthouse-avec-piscine-au-lac2,A louer un penthouse avec piscine au lac2,Les Berges Du Lac 2 à La Marsa,9 500 TND,300.0,4.0,,,,,1.0,1.0,1.0,,Appartement,Nouveau,36.876389,10.325278,,4.0,,,1.0,,1.0,,,,1.0,1.0,,,,,,,Moins d'un an,Marbre,1.0,1.0,1.0,,,9ème,,5.0,1.0,,,,
https://www.mubawab.tn/fr/a/7916899/a-louer-un-appartement-en-s2-%C3%A0-sidi-daoud,A louer un appartement en S2 à Sidi Daoud,La Marsa,2 700 TND,150.0,,,,,1.0,1.0,1.0,1.0,,Appartement,,36.876389,10.325278,,2.0,,,1.0,,,,,1.0,,,,,,,,,,,1.0,,,,,,,,,,,,
https://www.mubawab.tn/fr/a/7921489/a-louer-un-appartement-en-s3-meubl%C3%A9-%C3%A0-gammarth,A louer un appartement en S3 meublé à Gammarth,Gammarth à La Marsa,2 300 TND,180.0,,,,,1.0,1.0,1.0,1.0,,Appartement,,36.917739,10.288893,,3.0,,,1.0,,,,,,,,,,,,,,,,,,,,,,,,,,,,
https://www.mubawab.tn/fr/a/7786889/appartement-strass-%C3%A0-louer,Appartement Strass à louer,Nabeul à Nabeul,1 350 TND,90.0,3.0,,1.0,,1.0,1.0,1.0,1.0,1.0,Appartement,Bon état,36.45056,10.73505,,2.0,,,,,,,,,,,1.0,1.0,,,,,,,,,,,,,,,,,,,
https://www.mubawab.tn/fr/a/7870596/appartement-bleuet-%C3%A0-louer,Appartement Bleuet à louer,Hammamet à Hammamet,3 000 TND,,3.0,,1.0,,,,,,,Appartement,Nouveau,36.40108,10.61457,,3.0,,,,,,,,1.0,,,,,,,,,,,,,,,,,,,1.0,,,,
https://www.mubawab.tn/fr/a/7919950/location-appartement-khzema-est,Location appartement khzema est,Khezama Est,1 500 TND,110.0,3.0,,1.0,,1.0,1.0,1.0,1.0,1.0,Appartement,Bon état,35.832439,10.622471,,2.0,,,1.0,,,1.0,1.0,,1.0,,1.0,,1.0,,,,,,,1.0,,,,6ème,,,,,,,
https://www.mubawab.tn/fr/a/7908353/appartement-s1-meubl%C3%A9-%C3%A0-louer-au-lac-2,Appartement s1 meublé à louer au Lac 2,Les Berges Du Lac 2 à La Marsa,1 800 TND,100.0,,1.0,,,1.0,,,1.0,,Appartement,,36.8468986,10.2641808,,,,,1.0,,,,,1.0,,,,,,,,,,,1.0,,,,,,,,,,,,
https://www.mubawab.tn/fr/a/7725453/s3-en-location,S3 en location,Les Berges Du Lac 1 à La Marsa,4 000 TND,170.0,,,,,,1.0,1.0,,,Appartement,,36.8355152,10.2241758,,,,,1.0,,,,,,,,,1.0,,,,,,,1.0,,,,,,,,,,,,
https://www.mubawab.tn/fr/a/7919142/studio-%C3%A0-louer-%C3%A0-hammamet-studio-jaune-bousten,Studio à louer à Hammamet studio Jaune Bousten,Hammamet Sud à Hammamet,Prix à consulter,55.0,2.0,1.0,1.0,,1.0,1.0,1.0,1.0,1.0,Appartement,Nouveau,36.40108,10.61457,,,,,1.0,,,,,,,,1.0,1.0,1.0,1.0,,,,,,1.0,,1.0,,,,,1.0,,,,
https://www.mubawab.tn/fr/a/7919070/appartement-meubl%C3%A9-s1-%C3%A0-louer,Appartement meublé S1 à louer,La Marsa à La Marsa,2 300 TND,80.0,2.0,1.0,1.0,,1.0,1.0,1.0,1.0,1.0,Appartement,Bon état,36.876389,10.325278,,,,,,,1.0,1.0,1.0,1.0,1.0,1.0,1.0,1.0,1.0,1.0,1.0,,,,1.0,1.0,1.0,1.0,,,,,,,,,
https://www.mubawab.tn/fr/a/7917845/a-louer-s3-les-jardins-de-carthage,"A louer S3, les jardins de carthage",Les Jardins de Carthage à Le Kram,2 450 TND,160.0,4.0,,,,,1.0,1.0,1.0,,Appartement,Bon état,36.8555704,10.291834,,3.0,,,1.0,,1.0,1.0,1.0,1.0,1.0,1.0,,1.0,,,,,1-5 ans,Marbre,1.0,1.0,,1.0,,,,3.0,,,,,
https://www.mubawab.tn/fr/a/7917490/bel-appartement-s1-%C3%A0-la-marsa,Bel appartement S1 à la Marsa,La Marsa à La Marsa,2 500 TND,60.0,,,,,1.0,,,1.0,,Appartement,,36.8941992,10.2762232,,2.0,,,,,,,,,,,,,,,,,,,,,,,,,,,,,,,
https://www.mubawab.tn/fr/a/7906345/a-louer-un-spacieux-appartement-s4,A louer un spacieux appartement s4,Cité Ennasr 2 à Ariana Ville,1 800 TND,200.0,6.0,,,,,1.0,1.0,1.0,,Appartement,Bon état,36.8625,10.19556,,4.0,,,1.0,,,,1.0,1.0,1.0,1.0,1.0,1.0,,,,,5-10 ans,Marbre,1.0,,1.0,1.0,1.0,1er,Nord,3.0,,,,,
https://www.mubawab.tn/fr/a/7697348/un-appartement-s1-neuf-%C3%A0-la-soukra,Un Appartement S1 neuf à La Soukra,La Soukra à La Soukra,1 000 TND,65.0,,,,,,,,1.0,,Appartement,,36.88833,10.27417,,2.0,,,,,,,,,,,,,,,,,,,1.0,,,,,,,,,,,,
https://www.mubawab.tn/fr/a/7915732/appartement-haut-standing-ennasr,Appartement Haut standing Ennasr,Cité Ennasr 2 à Ariana Ville,2 300 TND,80.0,3.0,,1.0,,,1.0,1.0,1.0,,Appartement,Nouveau,36.8625,10.19556,,2.0,,,,,,1.0,1.0,1.0,,1.0,,,,,,,1-5 ans,Marbre,,1.0,1.0,1.0,,5ème,Sud,,,,,,
https://www.mubawab.tn/fr/a/7911138/%C3%A0-la-location-s2-%C3%A0-beb-manara,"À la location s2, à Beb Manara",Bab Jazira à Tunis,1 150 TND,75.0,4.0,,1.0,,,1.0,,1.0,1.0,Appartement,Bon état,36.81881,10.16596,,2.0,,,,,1.0,1.0,1.0,,1.0,,1.0,1.0,1.0,1.0,,,,,,,,,,1er,Est,,,1.0,,,
https://www.mubawab.tn/fr/a/7787602/appartement-s2-avec-terrasse-a-louer-%C3%A0-hammamet,Appartement S2 avec terrasse a louer à Hammamet,Hammamet à Hammamet,1 400 TND,,5.0,,1.0,,,1.0,1.0,1.0,1.0,Appartement,Bon état,36.40108,10.61457,,2.0,,,1.0,,,1.0,1.0,,1.0,1.0,1.0,1.0,1.0,1.0,,,,,1.0,,,,,,,,,,,,
https://www.mubawab.tn/fr/a/7838649/a-louer-luxueux-s2-les-jardins-de-carthage,"A louer Luxueux S2, Les Jardins de Carthage",Les Jardins de Carthage à Le Kram,2 200 TND,170.0,3.0,,,,,1.0,1.0,1.0,1.0,Appartement,Nouveau,36.833333,10.316667,,2.0,,,1.0,,,,1.0,1.0,1.0,1.0,,1.0,,1.0,,,Moins d'un an,Parquet,1.0,1.0,,1.0,1.0,,,2.0,,,,,
https://www.mubawab.tn/fr/a/7910929/appartement-vue-mer,Appartement vue mer,Gammarth à La Marsa,3 200 TND,140.0,4.0,,,,,,,,,Appartement,Nouveau,36.917739,10.288893,,2.0,,,1.0,,,,,,,,,,,,,,Moins d'un an,Marbre,,,,,,3ème,Sud,2.0,,,,,
https://www.mubawab.tn/fr/a/7892229/appartement-s2-meubl%C3%A9-%C3%A0-louer,Appartement S2 meublé à louer,La Marsa à La Marsa,3 500 TND,100.0,2.0,,1.0,,,,,1.0,,Appartement,Nouveau,36.876389,10.325278,,2.0,,,,,,,,,,,,,,,,,,,,,,,,,,,,,,,
https://www.mubawab.tn/fr/a/7836322/s1-%C3%A0-la-marsa-stade,S1 à La Marsa Stade,Cité Du Stade à La Marsa,1 800 TND,,2.0,1.0,1.0,1.0,1.0,1.0,1.0,1.0,1.0,Appartement,Bon état,36.876389,10.325278,,,,,1.0,,1.0,1.0,,,1.0,1.0,1.0,1.0,1.0,1.0,1.0,,Moins d'un an,Marbre,1.0,,,,,2ème,,,,,,,
https://www.mubawab.tn/fr/a/7881496/a-louer-un-appartement-en-s2-%C3%A0-marsa-plage,A louer un appartement en S2 à Marsa plage,La Marsa,3 500 TND,75.0,,,,,,1.0,1.0,,,Appartement,,36.876389,10.325278,,2.0,,,1.0,,,,,,,,,,,,,,,,,,,,,,,,,,,,
https://www.mubawab.tn/fr/a/7876600/duplex-s4-meuble-a-gammarth,Duplex s4 meuble a gammarth,Gammarth à La Marsa,4 200 TND,,5.0,,,1.0,1.0,1.0,1.0,1.0,1.0,Appartement,Bon état,36.876389,10.325278,,4.0,,,1.0,,1.0,1.0,1.0,1.0,1.0,,1.0,1.0,1.0,1.0,1.0,1.0,1-5 ans,Carrelage,,,,,,,,2.0,,,,,
https://www.mubawab.tn/fr/a/7911306/un-joli-s2-%C3%A0-la-marsa,Un joli S2 à la Marsa,La Marsa à La Marsa,2 500 TND,120.0,,,,,,1.0,,1.0,,Appartement,,36.8941992,10.2762232,,2.0,,,,,,,,,,,,,,,,,,,,,,,,,,,,,,,
https://www.mubawab.tn/fr/a/7883828/appartement-s1-meubl%C3%A9,Appartement S1 meublé,Cité Du Stade à La Marsa,2 000 TND,100.0,,1.0,1.0,,,1.0,1.0,,,Appartement,Nouveau,36.876389,10.325278,1.0,,,,1.0,,,,,,,,,,,,,,,,,1.0,,,,,,,,,,,
https://www.mubawab.tn/fr/a/7910029/s2-meubl%C3%A9-au-lac2-%C3%A0-louer,S2 meublé au lac2 à louer,Les Berges Du Lac 2 à La Marsa,2 000 TND,105.0,3.0,,1.0,,1.0,1.0,1.0,1.0,1.0,Appartement,Nouveau,36.876389,10.325278,,2.0,,,1.0,,,1.0,,1.0,1.0,1.0,1.0,1.0,1.0,1.0,,,,Marbre,1.0,1.0,,1.0,1.0,,,,,,,,
https://www.mubawab.tn/fr/a/7909824/s1-%C3%A0-louer-%C3%A0-menzah-7-bis,S1 à louer à Menzah 7 bis,El Menzah 9 à El Menzah,Prix à consulter,60.0,2.0,1.0,1.0,,,1.0,1.0,1.0,1.0,Appartement,Bon état,36.845235,10.164723,,,,,1.0,,,,1.0,,,,1.0,1.0,1.0,,,,,Marbre,,1.0,,1.0,,3ème,,,,,,,
https://www.mubawab.tn/fr/a/7892765/%C3%A0-louer-un-appartement-s1-%C3%A0-sahloul,À louer un appartement S1 à Sahloul,Sahloul à Sousse Ville,650 TND,65.0,2.0,1.0,1.0,,,1.0,1.0,1.0,,Appartement,Bon état,35.8273,10.6339,,,,,1.0,,1.0,,1.0,1.0,1.0,1.0,,1.0,,,,,5-10 ans,Marbre,,1.0,,1.0,,,,,,,,,
https://www.mubawab.tn/fr/a/7902798/appartement-s3-avec-chambre-de-service-%C3%A0-louer-aux-jardins-de-carthage,Appartement S3 avec chambre de service à louer aux Jardins de Carthage,Les Jardins de Carthage à Le Kram,2 500 TND,,,,,,,,,,,Appartement,,36.8555704,10.291834,,3.0,,,1.0,,,,,,,,,,,,,,,,1.0,,,,,,,,,,,,
https://www.mubawab.tn/fr/a/7909051/joli-bungalow-%C3%A0-marina-el-kantaoui,Joli Bungalow à Marina El Kantaoui,El Kantaoui à Hammam Sousse,1 000 TND,50.0,,1.0,1.0,,,,,,,Appartement,Bon état,35.8569,10.5972,1.0,,,,1.0,,,,,,,,,,,,,,,,,,,,,,,,1.0,,,,
https://www.mubawab.tn/fr/a/7871570/s2-meubl%C3%A9-%C3%A0-louer-la-marsa-plage,S2 meublé à louer La Marsa Plage,La Marsa à La Marsa,2 500 TND,100.0,3.0,,1.0,,1.0,1.0,1.0,1.0,1.0,Appartement,Bon état,36.876389,10.325278,,2.0,,,1.0,,1.0,1.0,1.0,1.0,1.0,1.0,1.0,1.0,1.0,1.0,,,1-5 ans,,1.0,1.0,1.0,1.0,1.0,1er,,,,,,,
https://www.mubawab.tn/fr/a/7892342/a-louer-un-%C3%A9tage-sans-meuble-%C3%A0-kantaoui,A louer un étage sans meuble à kantaoui,Hammam Sousse,1 600 TND,180.0,,,,1.0,1.0,1.0,1.0,1.0,,Appartement,,35.8569,10.5972,,3.0,,,,,,,,,,,,,,,,,,,,,,,,,,,,,,,
https://www.mubawab.tn/fr/a/7893119/appartement-en-s-1-meubler-au-cite-nasser-2,Appartement en s 1 meubler au cite nasser 2,Cité Ennasr 2 à Ariana Ville,1 200 TND,70.0,2.0,1.0,1.0,,1.0,1.0,1.0,1.0,,Appartement,Bon état,36.8625,10.19556,,,,,,,,,,1.0,,,,1.0,,,,,1-5 ans,Marbre,1.0,1.0,,,,,Est,,,,,,
https://www.mubawab.tn/fr/a/7885333/magnifique-appartement-front-oac,Magnifique appartement front oac,Les Berges Du Lac 1 à La Marsa,4 800 TND,250.0,5.0,,,,,,,,,Appartement,Bon état,36.8355152,10.2241758,,3.0,,,,,,,,,,,,,,,,,10-20 ans,Marbre,,,,,,1er,Sud,2.0,,,,,
https://www.mubawab.tn/fr/a/7903841/%C3%A0-louer-spacieux-appartement-de-220m%C2%B2-au-lac-2,À louer Spacieux Appartement de 220m² au Lac 2,La Marsa,3 000 TND,220.0,,,1.0,,,1.0,,,,Appartement,,36.876389,10.325278,,,,,,,,,,,,,,,,,,,,,1.0,1.0,,,,,,,,,,,
https://www.mubawab.tn/fr/a/7776782/appartement-s2-haut-standing,Appartement S2 Haut Standing,Hammamet à Hammamet,1 400 TND,130.0,3.0,,1.0,,1.0,1.0,1.0,,,Appartement,Nouveau,36.40108,10.61457,,2.0,,,,,,,,,,,,,,,,,,,,,,,,,,,,,,,
https://www.mubawab.tn/fr/a/7842941/s2-meubl%C3%A9-au-coeur-de-la-marsa,S2 meublé au coeur de La Marsa,La Marsa à La Marsa,3 500 TND,160.0,3.0,,1.0,1.0,1.0,1.0,1.0,1.0,1.0,Appartement,Bon état,36.876389,10.325278,,2.0,,,1.0,,1.0,1.0,1.0,1.0,1.0,1.0,1.0,1.0,1.0,1.0,,1.0,Moins d'un an,Marbre,,1.0,,1.0,,,,,,,,,
https://www.mubawab.tn/fr/a/7891719/ghazela-%C3%A0-louer-s2,Ghazela à louer s2,Cité el Ghazela à Raoued,600 TND,90.0,2.0,,1.0,,,,,,,Appartement,Nouveau,36.95444400000001,10.191389,,2.0,,,,,,,,1.0,,,,,,,,,,,,1.0,,,,,,,,,,,
https://www.mubawab.tn/fr/a/7772279/appartement-a-usage-de-bureau-au-habitation-s2-aux-jardins-de-carthage,Appartement a usage de bureau au Habitation S2 aux Jardins de Carthage,Le Kram,1 450 TND,90.0,,,,,,1.0,1.0,1.0,,Appartement,,36.833333,10.316667,,2.0,,,,,,,,,,,,1.0,,,,,,,,,,,,,,,,,,,
https://www.mubawab.tn/fr/a/7898165/a-louer-un-magnifique-appartement-s3-meubl%C3%A9-%C3%A0-choutrana-2,A Louer Un Magnifique Appartement S3 Meublé à Choutrana 2,Chotrana 2 à La Soukra,2 500 TND,250.0,3.0,,,,1.0,1.0,1.0,,,Appartement,Bon état,36.883333,10.25,,3.0,,,1.0,,,,,,,,,,,,,,,,,,,,,,,2.0,,,,,
https://www.mubawab.tn/fr/a/7901189/immeuble-bureautique-de-3900m%C2%B2-%C3%A0-louer-au-lac-2,Immeuble Bureautique de 3900m² à louer au Lac 2,Les Berges Du Lac 2 à La Marsa,Prix à consulter,3902.0,,,,,,,,,,Appartement,,36.8468986,10.2641808,,3.0,,,,,,,,,,,,,,,,,,,1.0,,,,,,,,,,,,
https://www.mubawab.tn/fr/a/7882686/a-louer-s2-%C3%A0-riadh-el-andalous,A louer S2 à Riadh El Andalous,Riadh al Andalous à Ariana Ville,1 000 TND,105.0,3.0,,1.0,,,1.0,1.0,1.0,,Appartement,Bon état,36.88206225137952,10.167108888956696,,3.0,,,1.0,,,,,,,,,,,,,,,,,,,,,,,,,,,,
https://www.mubawab.tn/fr/a/7861583/appartement-%C3%A0-louer-%C3%A0-hammamet-proche-de-la-mer,Appartement à louer à Hammamet proche de la mer,Hammamet à Hammamet,2 000 TND,120.0,3.0,,1.0,,1.0,1.0,1.0,1.0,1.0,Appartement,Bon état,36.40108,10.61457,,2.0,,,1.0,,,,,1.0,,1.0,1.0,1.0,1.0,,,,,,,1.0,,1.0,,,,,1.0,,,,
https://www.mubawab.tn/fr/a/7898358/s2-meubl%C3%A9-de-85m%C2%B2-%C3%A0-hammamet-centre,S2 meublé de 85m² à Hammamet Centre,Hammamet à Hammamet,600 TND,85.0,3.0,,1.0,,1.0,1.0,1.0,1.0,,Appartement,Bon état,36.40108,10.61457,,2.0,,,1.0,1.0,,,,,,,1.0,1.0,1.0,,,,,,,,,,,3ème,,,,,,,
https://www.mubawab.tn/fr/a/7897665/lotf-meubl%C3%A9-%C3%A0-louer-au-lac-2,Lotf meublé à louer au Lac 2,Les Berges Du Lac 2 à La Marsa,3 500 TND,153.0,,1.0,,,1.0,1.0,,1.0,1.0,Appartement,Nouveau,36.87638899999999,10.325278000000004,1.0,,,,1.0,,1.0,1.0,1.0,1.0,1.0,1.0,1.0,1.0,1.0,1.0,1.0,,1-5 ans,Marbre,1.0,1.0,,1.0,,2ème,,2.0,,,,,
https://www.mubawab.tn/fr/a/7852351/appartement-s2-%C3%A0-louer-aux-jardins-de-carthage,Appartement s2 à louer aux Jardins de Carthage,Les Jardins de Carthage à Le Kram,1 600 TND,86.0,2.0,,1.0,,,,,1.0,,Appartement,Bon état,36.8555704,10.291834,,2.0,,,1.0,,,,,1.0,,,,1.0,,,,,,,,,,,,,,,,,,,
https://www.mubawab.tn/fr/a/7895813/france-ville,France ville,El Omrane à El Omrane,1 900 TND,180.0,10.0,,1.0,1.0,1.0,1.0,,1.0,1.0,Appartement,Bon état,36.81412349931626,10.168758482166806,,3.0,,,1.0,,1.0,1.0,1.0,,,1.0,1.0,1.0,1.0,1.0,1.0,1.0,10-20 ans,Marbre,1.0,,,,1.0,1er,Est,,,,,,
https://www.mubawab.tn/fr/a/7895438/local-commercial-de-85m%C2%B2-%C3%A0-louer-aux-jardins-de-carthage,Local commercial de 85m² à louer aux Jardins de Carthage,Les Jardins de Carthage à Le Kram,7 800 TND,85.0,,,,,,,,,,Appartement,,36.8555704,10.291834,,,,,,,,,,,,,,,,,,,,,,,,,,,,,,,,,
https://www.mubawab.tn/fr/a/7859037/a-louer-un-appartement-en-s3-%C3%A0-la-marsa,A louer un appartement en S3 à la Marsa,La Marsa à La Marsa,6 000 TND,160.0,3.0,,,,1.0,1.0,1.0,,,Appartement,Bon état,36.8941992,10.2762232,,3.0,,,1.0,,,,,,,,,,,,,,,,,,,,,,,2.0,,,,,
https://www.mubawab.tn/fr/a/7854706/appartement-s3-amilcar,Appartement S3 Amilcar,Amilcar à Carthage,3 900 TND,150.0,4.0,,,,,1.0,1.0,1.0,,Appartement,Bon état,36.8566,10.3258,,3.0,,,1.0,,1.0,1.0,,,1.0,1.0,,1.0,,,,,1-5 ans,,1.0,1.0,1.0,1.0,,,,2.0,,,,,
https://www.mubawab.tn/fr/a/7880356/appartement-meubl%C3%A9-s3,Appartement meublé S3,Cité Les Pins à La Marsa,4 300 TND,130.0,4.0,,,,1.0,1.0,1.0,1.0,1.0,Appartement,Bon état,36.876389,10.325278,,3.0,,,1.0,,1.0,1.0,1.0,1.0,1.0,1.0,1.0,1.0,1.0,1.0,1.0,1.0,1-5 ans,,1.0,,1.0,1.0,1.0,2ème,,2.0,,,,,
https://www.mubawab.tn/fr/a/7877905/appartement-s2-meubl%C3%A9-%C3%A0-louer,Appartement S2 meublé à louer,La Marsa à La Marsa,2 000 TND,120.0,3.0,,,,1.0,1.0,1.0,1.0,1.0,Appartement,Bon état,36.876389,10.325278,,2.0,,,1.0,,1.0,1.0,,,1.0,1.0,1.0,1.0,1.0,1.0,,,1-5 ans,,1.0,1.0,1.0,1.0,1.0,,,2.0,,,,,
https://www.mubawab.tn/fr/a/7891707/duplex-s3-avec-piscine-au-lac-2,Duplex S3 avec piscine au Lac 2,La Marsa,5 000 TND,340.0,,,,,,1.0,1.0,1.0,1.0,Appartement,,36.876389,10.325278,,3.0,,,1.0,,,,,1.0,,,,1.0,,1.0,,,,,,,,,,,,,1.0,,,,
https://www.mubawab.tn/fr/a/7892050/a-louer-un-appartement-s3-%C3%A0-sahloul,A louer un appartement s3 à sahloul,Khezama Est,1 500 TND,180.0,3.0,,1.0,,1.0,1.0,1.0,,,Appartement,Nouveau,35.832439,10.622471,,3.0,,,,,,,,1.0,,,,1.0,,,,,,,1.0,1.0,,,,,,,,,,,
https://www.mubawab.tn/fr/a/7889773/superbe-appartement-avec-vue-panoramique-%C3%A0-vendre-%C3%A0-sidi-frej-5-grandes-pi%C3%A8ces,Superbe appartement avec vue panoramique à vendre à Sidi Frej. 5 grandes pièces,Sidi Frej à La Soukra,3 300 TND,130.0,5.0,,,,1.0,1.0,1.0,1.0,1.0,Appartement,Bon état,34.696444,11.137673,,4.0,,,1.0,1.0,,1.0,1.0,1.0,,1.0,,1.0,1.0,1.0,1.0,,10-20 ans,Marbre,1.0,1.0,1.0,1.0,1.0,7ème,Nord,2.0,,,,,
https://www.mubawab.tn/fr/a/7887140/location-d-un-appartement-%C3%A0-les-jardins-d-el-menzah-1-2-grandes-pi%C3%A8ces-s%C3%A9curis%C3%A9-24-24,Location d'un appartement à Les Jardins d'El Menzah 1.2 grandes pièces. Sécurisé 24/24,Les Jardins d'El Menzah 1 à Ariana Ville,Prix à consulter,41.0,2.0,,1.0,,,,,,,Appartement,Bon état,36.844949,10.137862,,2.0,,,,,,,,1.0,,,,,,,,,5-10 ans,Carrelage,,,,,,3ème,Est,,,,,,
https://www.mubawab.tn/fr/a/7888678/a-louer-un-appartement-s1-haut-standing-%C3%A0-cit%C3%A9-wahat,A Louer Un Appartement S1 Haut Standing à Cité Wahat,La Marsa,1 050 TND,70.0,,,,,,1.0,1.0,1.0,,Appartement,,36.876389,10.325278,,,,,1.0,,,,,1.0,,,,,,,,,,,,1.0,,,,,,,,,,,
https://www.mubawab.tn/fr/a/7821485/a-louer-un-duplex-en-s3-avec-piscine-%C3%A0-gammarth-touristique,A louer un duplex en S3 avec piscine à Gammarth touristique,Gammarth à La Marsa,4 300 TND,245.0,,,,,1.0,1.0,1.0,,,Appartement,,36.917739,10.288893,,3.0,,,1.0,,,,,,,,,,,,,,,,1.0,,,,,,,,1.0,,,,
https://www.mubawab.tn/fr/a/7850264/%C3%A0-la-location-s2-meubl%C3%A9-%C3%A0-cit%C3%A9-les-palmeraies,À la location s2 meublé à Cité les palmeraies,Aouina à La Marsa,1 650 TND,126.0,3.0,,,,1.0,1.0,1.0,1.0,1.0,Appartement,Bon état,36.876389,10.325278,,2.0,,,1.0,,1.0,1.0,1.0,1.0,1.0,1.0,1.0,1.0,1.0,1.0,1.0,1.0,,Marbre,,1.0,,1.0,,5ème,Est,2.0,,,,,
https://www.mubawab.tn/fr/a/7819241/appartement-s2-richement-meubl%C3%A9-%C3%A0-louer-aux-jardins-de-carthage,Appartement S2 Richement Meublé À Louer Aux Jardins De Carthage,Les Jardins de Carthage à Le Kram,3 200 TND,120.0,,,,1.0,1.0,,,1.0,,Appartement,,36.8555704,10.291834,,2.0,,,,,,,,1.0,,,,,,,,,,,1.0,,,,,,,,,,,,
https://www.mubawab.tn/fr/a/7862298/s2-meubl%C3%A9-%C3%A0-louer,S2 Meublé à louer,La Marsa à La Marsa,4 000 TND,100.0,3.0,,1.0,,1.0,1.0,1.0,1.0,1.0,Appartement,Bon état,36.876389,10.325278,,2.0,,,1.0,,1.0,1.0,,1.0,1.0,1.0,1.0,1.0,1.0,1.0,,,1-5 ans,,1.0,1.0,1.0,1.0,1.0,,,,,,,,
https://www.mubawab.tn/fr/a/7880671/luxueux-appartement-meubl%C3%A9-%C3%A0-louer-%C3%A0-tunis,Luxueux Appartement meublé à Louer à Tunis,La Marsa,2 600 TND,90.0,3.0,,1.0,1.0,,,,,,Appartement,,36.876389,10.325278,,2.0,,,,,,,,1.0,,,,,,,,,,,1.0,,,,,,,,,,,,
https://www.mubawab.tn/fr/a/7876661/a-louer-s2-avec-jardin-manzah-7bis,"A louer S2 avec jardin, Manzah 7Bis",El Menzah 7 à Ariana Ville,1 350 TND,130.0,3.0,,,1.0,,1.0,1.0,,,Appartement,Bon état,36.8524946,10.1577208,,2.0,,,,,1.0,,,,1.0,,,,,,,,,,1.0,1.0,,1.0,,,,2.0,,,,,
https://www.mubawab.tn/fr/a/7881041/s2-meubl%C3%A9-%C3%A0-la-marsa-plage-%C3%A0-louer,S2 meublé à la marsa plage à louer,La Marsa à La Marsa,3 500 TND,110.0,3.0,,1.0,,,1.0,1.0,1.0,1.0,Appartement,Nouveau,36.876389,10.325278,,2.0,,,1.0,,,1.0,,1.0,1.0,1.0,1.0,1.0,,1.0,,,Moins d'un an,Marbre,1.0,1.0,,,,,,,,,,,
https://www.mubawab.tn/fr/a/7865900/appartement-s3-avec-terrasse-vue-de-mer,Appartement S3 avec Terrasse Vue de Mer,Hammamet à Hammamet,4 000 TND,200.0,3.0,,,,1.0,1.0,1.0,1.0,1.0,Appartement,Bon état,36.40108,10.61457,,3.0,,,1.0,1.0,,1.0,,,,,1.0,1.0,1.0,1.0,,,,,1.0,1.0,,1.0,,,,2.0,,,,,
https://www.mubawab.tn/fr/a/7817382/location-un-appartement-s2-a-hammamet,Location un appartement S2 a Hammamet,Hammamet à Hammamet,1 000 TND,100.0,3.0,,1.0,,,,,,,Appartement,Bon état,36.40108,10.61457,,2.0,,,1.0,,,,,,,,,,,,,,,,,,,,,,,,,,,,
https://www.mubawab.tn/fr/a/7879091/a-louer-un-appartement-s2-haut-standing-%C3%A0-cit%C3%A9-wahat,A Louer Un Appartement S2 Haut Standing à Cité Wahat,La Marsa,1 200 TND,120.0,,,,,,1.0,,1.0,,Appartement,,36.876389,10.325278,,,,,1.0,,,,,1.0,,,,,,,,,,,1.0,,,,,,,,,,,,
https://www.mubawab.tn/fr/a/7865922/appartement-s2-haut-standing-%C3%A0-hammamet,Appartement S2 Haut Standing à Hammamet,Hammamet à Hammamet,1 350 TND,120.0,2.0,,1.0,,,1.0,1.0,1.0,,Appartement,Bon état,36.40108,10.61457,,2.0,,,1.0,,,,,,,,,,,,,,,,,,,,,,,,,,,,
https://www.mubawab.tn/fr/a/7878545/location-appartement-desir%C3%A9e-s2,Location Appartement Desirée S2,Hammamet à Hammamet,1 500 TND,80.0,3.0,,1.0,,,1.0,1.0,1.0,1.0,Appartement,Nouveau,36.40108,10.61457,,2.0,,,1.0,,,,,,,,1.0,1.0,,1.0,,,,,,,,,,,,,,,,,
https://www.mubawab.tn/fr/a/7788280/s2-au-golden-tulip-%C3%A0-louer,S2 au Golden Tulip à Louer,Gammarth à La Marsa,2 400 TND,220.0,3.0,,,1.0,,1.0,1.0,1.0,1.0,Appartement,Nouveau,36.89614620759699,10.320503667953496,,2.0,,,1.0,,,1.0,1.0,1.0,1.0,1.0,1.0,1.0,1.0,1.0,1.0,1.0,10-20 ans,Carrelage,,,,1.0,1.0,,,2.0,,,,,
https://www.mubawab.tn/fr/a/7866512/duplex-s2-avec-terrasse-%C3%A0-la-marsa,Duplex S2 avec terrasse à La Marsa,Cité El Khalil à La Marsa,1 400 TND,220.0,,,,,,,1.0,1.0,,Appartement,Bon état,36.876389,10.325278,1.0,2.0,,,1.0,,,,,,,,,,,,,,,Marbre,,,,,,,,2.0,,,,,
https://www.mubawab.tn/fr/a/7877865/a-louer-un-appartement-s2-vide-%C3%A0-choutrana-1,A Louer Un Appartement S2 Vide à Choutrana 1,La Soukra,1 200 TND,100.0,,,,,,1.0,1.0,1.0,,Appartement,,36.883333,10.25,,2.0,,,1.0,,,,,,,,,,,,,,,,,,,,,,,,,,,,
https://www.mubawab.tn/fr/a/7865014/a-louer-s3-avec-jardin-nasr,"A louer S3 avec Jardin, Nasr",Cité Ennasr 2 à Ariana Ville,1 620 TND,150.0,6.0,,,1.0,,1.0,1.0,,,Appartement,Bon état,36.8625,10.19556,,3.0,,,1.0,,1.0,,1.0,1.0,,1.0,,,,,,1.0,10-20 ans,Carrelage,,,,1.0,,,,2.0,,,,,
https://www.mubawab.tn/fr/a/7764902/a-louer-luxueux-duplex-avec-piscine-lac-2,"A louer luxueux Duplex avec piscine, lac 2",Les Berges Du Lac 2 à La Marsa,7 500 TND,320.0,6.0,,,,,1.0,1.0,1.0,,Appartement,Nouveau,36.8468986,10.2641808,,5.0,,,1.0,,1.0,1.0,1.0,1.0,1.0,1.0,,1.0,,1.0,,1.0,Moins d'un an,Marbre,1.0,1.0,,1.0,1.0,,,6.0,1.0,1.0,,,
https://www.mubawab.tn/fr/a/7856169/a-louer-luxueux-s4-les-berges-du-lac-2,"A louer luxueux S4, les berges du lac 2",Les Berges Du Lac 2 à La Marsa,3 500 TND,200.0,6.0,,,,,1.0,1.0,1.0,1.0,Appartement,Bon état,36.84689860000001,10.2641808,,4.0,,,1.0,,1.0,,,1.0,1.0,1.0,,1.0,,1.0,,,1-5 ans,Marbre,1.0,1.0,,1.0,,,,3.0,,,,,
https://www.mubawab.tn/fr/a/7871783/un-appartement-dans-une-r%C3%A9sidence-pieds-dans-l-eau,Un appartement dans une résidence pieds dans l'eau,Hammamet à Hammamet,1 500 TND,,2.0,1.0,1.0,1.0,1.0,1.0,1.0,1.0,1.0,Appartement,Bon état,36.40108,10.61457,,,,,1.0,1.0,1.0,1.0,1.0,1.0,1.0,1.0,1.0,1.0,1.0,1.0,,,,,,1.0,,1.0,1.0,,,,,,,,
https://www.mubawab.tn/fr/a/7876339/immeuble-de-bureaux-de-3148m%C2%B2-%C3%A0-louer,Immeuble de bureaux de 3148m² à louer,Le Kram à Le Kram,Prix à consulter,3148.0,,,,,,,,,,Appartement,,36.833333,10.316667,,,,,,,,,,,,,,,,,,,,,1.0,,,,,,,,,,,,
https://www.mubawab.tn/fr/a/7837070/duplex-s2-meubl%C3%A9-avec-vue-d%C3%A9gag%C3%A9e-gammarth-sup%C3%A9rieur,"Duplex S2 meublé avec vue dégagée, Gammarth supérieur",Gammarth Supérieur à La Marsa,3 000 TND,148.0,3.0,,,,1.0,1.0,1.0,1.0,1.0,Appartement,Bon état,36.8931787,10.3099394,,2.0,,,,,,,,,1.0,,1.0,1.0,1.0,1.0,,,,,,,1.0,1.0,,,,2.0,,,,,
https://www.mubawab.tn/fr/a/7860344/appartement-meubl%C3%A9-%C3%A0-louer-la-goulette-casino,Appartement meublé à louer La Goulette Casino,La Goulette Casino à La Goulette,Prix à consulter,150.0,5.0,,1.0,1.0,1.0,1.0,1.0,1.0,1.0,Appartement,Nouveau,36.818056,10.305,,4.0,,,1.0,1.0,1.0,1.0,1.0,,1.0,1.0,1.0,1.0,,1.0,,,,,,,,,1.0,,,,,,,,
https://www.mubawab.tn/fr/a/7869694/a-louer-un-magnifique-appartement-s3-neuf-%C3%A0-choutrana-1,A Louer Un Magnifique Appartement S3 Neuf à Choutrana 1,La Soukra,1 700 TND,,,,,,,1.0,1.0,1.0,,Appartement,,36.883333,10.25,,3.0,,,1.0,,,,,1.0,,,,,,,,,,,1.0,1.0,,,,,,,,,,,
https://www.mubawab.tn/fr/a/7817307/appartement-s1-richement-meubl%C3%A9-%C3%A0-ennasr2,Appartement s1 richement meublé à ennasr2,El Menzah 9 à El Menzah,1 500 TND,75.0,,1.0,1.0,,1.0,1.0,1.0,1.0,1.0,Appartement,Nouveau,36.8625,10.19556,,,,,1.0,,,,1.0,1.0,,1.0,1.0,1.0,,1.0,1.0,,10-20 ans,Parquet,,1.0,,1.0,1.0,1er,Nord,,1.0,,,,
https://www.mubawab.tn/fr/a/7826697/appartement-s2-meubl%C3%A9-gammarth,"Appartement S2 meublé, Gammarth",Gammarth à La Marsa,2 200 TND,123.0,3.0,,1.0,,1.0,1.0,1.0,1.0,1.0,Appartement,Bon état,36.917739,10.288893,,2.0,,,,,,,,1.0,,,1.0,1.0,1.0,1.0,,,,,1.0,,,1.0,,,,,,,,,
https://www.mubawab.tn/fr/a/7861690/a-louer-app-s1-%C3%A0-jardin-d-el-menzah-2,A louer App S1 à Jardin d'el menzah 2,Les Jardins d'El Menzah 2 à Ariana Ville,960 TND,90.0,2.0,1.0,1.0,,,1.0,1.0,1.0,,Appartement,Nouveau,36.8625,10.19556,,,,,1.0,,1.0,,,1.0,1.0,1.0,,,,,,,1-5 ans,Marbre,,1.0,1.0,1.0,1.0,,,,,,,,
https://www.mubawab.tn/fr/a/7854739/s2-meubl%C3%A9-au-coeur-de-la-marsa,S2 meublé au coeur de La Marsa,La Marsa à La Marsa,2 200 TND,,3.0,,1.0,,1.0,1.0,1.0,1.0,,Appartement,Bon état,36.876389,10.325278,,2.0,,,1.0,,1.0,1.0,1.0,,1.0,1.0,1.0,1.0,,1.0,,,Moins d'un an,Parquet,1.0,1.0,,1.0,,,,,,,,,
https://www.mubawab.tn/fr/a/7750294/grand-s2-%C3%A0-marsa-plage,Grand S2 à Marsa Plage,La Marsa à La Marsa,2 900 TND,100.0,3.0,,,,1.0,1.0,1.0,1.0,1.0,Appartement,Bon état,36.876389,10.325278,,2.0,,,,,1.0,1.0,1.0,1.0,1.0,1.0,1.0,1.0,1.0,1.0,1.0,1.0,Moins d'un an,Marbre,1.0,1.0,,1.0,,1er,,2.0,,,,,
https://www.mubawab.tn/fr/a/7869226/quartier-lafayette-id%C3%A9al-pour-%C3%A9tudiants-%C3%A9tranger,Quartier LaFayette Idéal pour étudiants étranger,Cité Olympique à Cité Olympique,700 TND,90.0,4.0,,1.0,,1.0,1.0,,1.0,1.0,Appartement,Bon état,36.8119396453445,10.181402088846935,,3.0,,,,,1.0,,1.0,,,,1.0,1.0,,,,,30-50 ans,Carrelage,,,,,1.0,2ème,,,,,,,
https://www.mubawab.tn/fr/a/7568162/magnifique-appartement-meubl%C3%A9-pieds-dans-l-eau,Magnifique appartement meublé pieds dans l'eau,Les Berges Du Lac 1 à La Marsa,8 000 TND,300.0,5.0,,,,,,,1.0,,Appartement,Bon état,36.8355152,10.224175799999983,,3.0,,,,,,,,,,,,,,,,,5-10 ans,Marbre,,,,,,,Sud,2.0,1.0,,,,
https://www.mubawab.tn/fr/a/7798326/a-louer-appartement-s3-vue-mer-hammamet-afh2,A louer appartement S3 vue mer Hammamet Afh2,Cité El Wafa à Nabeul,1 900 TND,130.0,4.0,,,,,1.0,1.0,1.0,1.0,Appartement,Nouveau,36.439144,10.684428,,3.0,,,1.0,1.0,1.0,1.0,1.0,1.0,1.0,1.0,1.0,1.0,1.0,1.0,,,1-5 ans,Marbre,1.0,1.0,,1.0,,6ème,Nord,3.0,1.0,,,,
https://www.mubawab.tn/fr/a/7851048/a-louer-appartement-s1-meubl%C3%A9-a-afh2-hammamet,A louer appartement s1 meublé a afh2 hammamet,Cité El Wafa à Nabeul,1 000 TND,65.0,2.0,1.0,1.0,,,1.0,1.0,1.0,1.0,Appartement,Nouveau,36.439144,10.684428000000002,,,,,1.0,,1.0,,1.0,1.0,1.0,,1.0,1.0,1.0,,,,Moins d'un an,Marbre,,1.0,1.0,1.0,,6ème,Ouest,,1.0,,,,
https://www.mubawab.tn/fr/a/7853196/appartement-s3-%C3%A0-la-marsa,Appartement S3 à la Marsa,La Marsa à La Marsa,2 500 TND,164.0,4.0,,,,,1.0,1.0,1.0,,Appartement,Bon état,36.876389,10.325278,,3.0,,,1.0,,1.0,1.0,,,1.0,1.0,,1.0,,,,,1-5 ans,,1.0,1.0,1.0,1.0,,,,3.0,,,,,
https://www.mubawab.tn/fr/a/7865943/penthouse-haut-standing-s2-%C3%A0-hammamet,PentHouse Haut Standing S2 à Hammamet,Hammamet Nord à Hammamet,2 700 TND,300.0,2.0,,,,1.0,1.0,1.0,1.0,,Appartement,Nouveau,36.40108,10.61457,,2.0,,,1.0,1.0,,,,,,,,,,,,,,,,1.0,,,,,,2.0,,,,,
https://www.mubawab.tn/fr/a/7865861/etage-de-villa-s3-avec-3sd-%C3%A0-hammamet,Etage de Villa S3 avec 3SD à Hammamet,Hammamet à Hammamet,1 500 TND,200.0,3.0,,,,,1.0,1.0,1.0,1.0,Appartement,Bon état,36.40108,10.61457,,3.0,,,1.0,,,,,1.0,,,,1.0,1.0,1.0,,,1-5 ans,,1.0,,1.0,,,,,3.0,,,,,
https://www.mubawab.tn/fr/a/7858832/un-rdc-s2-avec-jardin-et-proche-de-la-mer-%C3%A0-louer,Un RDC S2 avec jardin et proche de la mer à louer,Hammamet Nord à Hammamet,1 800 TND,,3.0,,,1.0,1.0,1.0,1.0,1.0,1.0,Appartement,Bon état,36.40108,10.61457,,2.0,,,1.0,,1.0,1.0,1.0,,1.0,1.0,1.0,1.0,1.0,,,,,,,,,1.0,,,,2.0,,,,,
https://www.mubawab.tn/fr/a/7855960/appartement-s1-%C3%A0-louer-la-marsa,Appartement S1 à louer La Marsa,La Marsa à La Marsa,1 700 TND,,2.0,1.0,1.0,,1.0,1.0,1.0,1.0,1.0,Appartement,Bon état,36.876389,10.325278,,,,,1.0,,1.0,1.0,,,1.0,1.0,1.0,1.0,1.0,1.0,1.0,,1-5 ans,,1.0,1.0,1.0,1.0,,,,,,,,,
https://www.mubawab.tn/fr/a/7837878/a-louer-un-appartement-s1-%C3%A0-kantaoui,A louer un appartement s1 à kantaoui,El Kantaoui à Hammam Sousse,700 TND,80.0,,1.0,1.0,,1.0,1.0,1.0,,,Appartement,Nouveau,35.898175,10.58025,1.0,,,,1.0,,,,,,,,,,,,,,,,,,,,,,,,,,,,
https://www.mubawab.tn/fr/a/7859021/appartements-s3-%C3%A0-louer,Appartements S3 à louer,Dar Fadhal à La Soukra,Prix à consulter,140.0,4.0,,1.0,,,1.0,1.0,1.0,,Appartement,Bon état,36.883333,10.25,,3.0,,,,,,,,,,,,,,,,,,,,,,,1.0,,,,,,,,
https://www.mubawab.tn/fr/a/7845950/a-louer-s2-meubl%C3%A9-sur-la-zone-touristique-de-sousse,A louer S2 meublé sur la zone touristique de Sousse,Sousse Ville,1 200 TND,100.0,,,,,1.0,1.0,1.0,,,Appartement,,35.8273,10.6339,,3.0,,,1.0,,,,,1.0,,,,,,,,,,,,1.0,,,,,,,,,,,
https://www.mubawab.tn/fr/a/7857391/%C3%A0-louer-un-bel-appartement-aux-jardins-de-carthage,À louer un bel appartement aux jardins de carthage,Les Jardins de Carthage à Le Kram,1 300 TND,70.0,,1.0,1.0,,,1.0,1.0,1.0,,Appartement,Bon état,36.833333,10.316667,1.0,,,,,,1.0,,,1.0,1.0,1.0,,,,,,,,,1.0,1.0,,1.0,,,,,,,,,
https://www.mubawab.tn/fr/a/7856934/appartement-tout-neuf,Appartement tout neuf,La Goulette à La Goulette,1 500 TND,70.0,2.0,1.0,1.0,1.0,1.0,1.0,1.0,1.0,1.0,Appartement,Nouveau,36.81688146171823,10.300666428209976,,,,,1.0,1.0,1.0,1.0,1.0,1.0,1.0,1.0,1.0,1.0,1.0,1.0,1.0,,Moins d'un an,Marbre,,1.0,1.0,1.0,,3ème,Est,,,,,,
https://www.mubawab.tn/fr/a/7853870/location-appartement-norel-s2,Location appartement Norel S2,Hammamet à Hammamet,850 TND,100.0,3.0,,1.0,,1.0,1.0,1.0,1.0,1.0,Appartement,Nouveau,36.40108,10.61457,,2.0,,,1.0,,,1.0,,1.0,,,1.0,1.0,1.0,,,,,,,,,,,,,,,,,,
https://www.mubawab.tn/fr/a/7853636/appartement-s2-meubl%C3%A9-entr%C3%A9e-yasmin-hammamet,Appartement S2 meublé entrée Yasmin Hammamet,Hammamet Sud à Hammamet,1 700 TND,,3.0,,,,1.0,1.0,1.0,1.0,1.0,Appartement,Bon état,36.40108,10.61457,,2.0,,,1.0,,1.0,1.0,1.0,1.0,1.0,1.0,1.0,1.0,1.0,1.0,,1.0,,,1.0,1.0,1.0,1.0,,,,2.0,1.0,,,,
https://www.mubawab.tn/fr/a/7852751/triplex-avec-jardin-%C3%A0-la-marsa,Triplex avec jardin à la Marsa,Cité Les Pins à La Marsa,4 800 TND,200.0,5.0,,,1.0,,1.0,1.0,1.0,,Appartement,Bon état,36.876389,10.325278,,4.0,,,1.0,,1.0,1.0,,1.0,1.0,1.0,,1.0,,,1.0,1.0,1-5 ans,,1.0,,1.0,1.0,1.0,,,4.0,,,,,
https://www.mubawab.tn/fr/a/7852752/s1-meubl%C3%A9-au-lac-2,S1 meublé au lac 2,Les Berges Du Lac 2 à La Marsa,1 700 TND,90.0,2.0,,1.0,,,,,1.0,,Appartement,Nouveau,36.845219,10.272632,,2.0,,,,,,,,,,,,,,,,,,,,,,,,,,,,,,,
https://www.mubawab.tn/fr/a/7842331/a-louer-un-duplex-en-s2-%C3%A0-sidi-bou-said,A louer un duplex en S2 à Sidi Bou Said,Sidi Bousaid à Carthage,4 000 TND,150.0,3.0,,,,,1.0,1.0,1.0,,Appartement,Bon état,36.8566,10.3258,,2.0,,,1.0,,,,,1.0,,,,,,,,,,,,,,,,,,2.0,,,,,
https://www.mubawab.tn/fr/a/7851963/location-d%E2%80%99un-appartement-au-jardins-de-carthage,Location d’un appartement au jardins de Carthage,La Soukra à La Soukra,3 400 TND,170.0,4.0,,1.0,,,1.0,1.0,1.0,,Appartement,Bon état,36.883333,10.25,,2.0,,,1.0,,,,,1.0,,,,,,,,,5-10 ans,,1.0,,,1.0,,,,,,,,,
https://www.mubawab.tn/fr/a/7851875/un-rdc-s2-meubl%C3%A9-%C3%A0-hammamet-nord,Un RDC S2 meublé à Hammamet Nord,Hammamet Nord à Hammamet,1 200 TND,,3.0,,1.0,,1.0,1.0,1.0,1.0,1.0,Appartement,Bon état,36.40108,10.61457,,2.0,,,,,,,,,,,1.0,1.0,1.0,,,,,,1.0,,,,,,,,,,,,
https://www.mubawab.tn/fr/a/7850275/appartement-s2-%C3%A0-louer-aux-jardins-de-carthage,Appartement S2 à louer aux Jardins de Carthage,Les Jardins de Carthage à Le Kram,2 600 TND,155.0,,,,,,,,1.0,,Appartement,,36.8555704,10.291834,,2.0,,,1.0,,,,,,,,,,,,,,,,1.0,,,,,,,,,,,,
https://www.mubawab.tn/fr/a/7849259/%C3%A0-louer-un-appartement-s2-%C3%A0-la-soukra,À louer un appartement s2 à la soukra,La Soukra à La Soukra,1 200 TND,100.0,3.0,,1.0,,,1.0,1.0,1.0,,Appartement,Bon état,36.883333,10.25,,2.0,,,1.0,,,,,1.0,1.0,1.0,,,,,,,,,,1.0,,1.0,,,,,,,,,
https://www.mubawab.tn/fr/a/7815736/a-louer-studio-meubl%C3%A9-%C3%A0-sidi-salem,A Louer Studio Meublé à Sidi Salem,Sidi Salem à Bizerte Nord,Prix à consulter,70.0,2.0,1.0,1.0,,,,,,,Appartement,Bon état,37.280302,9.881365,,,,,1.0,,,,,,,,,,,,,,,,,,,,,,,,,,,,
https://www.mubawab.tn/fr/a/7821100/a-louer-un-s2-meubl%C3%A9-%C3%A0-kantaoui,A louer un s2 meublé à kantaoui,El Kantaoui à Hammam Sousse,1 600 TND,120.0,2.0,,1.0,,1.0,1.0,1.0,,,Appartement,Nouveau,35.898175,10.58025,,2.0,,,1.0,,,,,1.0,,,,,,,,,,,,,,,,,,,,,,,
https://www.mubawab.tn/fr/a/7824773/a-louer-s2-meubl%C3%A9-%C3%A0-sousse,A louer s2 meublé à Sousse,Sousse Ville à Sousse Ville,1 100 TND,120.0,2.0,,1.0,,1.0,1.0,1.0,,,Appartement,Nouveau,35.8318766,10.5945561,,2.0,,,,,,,,,,,,,,,,,,,,,,,,,,,,,,,
https://www.mubawab.tn/fr/a/7843708/a-louer-un-%C3%A9tage-de-villa-vue-mer-%C3%A0-chatt-mariem,A louer un étage de villa vue mer à chatt mariem,Chott Meriem à Akouda,1 300 TND,100.0,2.0,,1.0,,,1.0,1.0,1.0,,Appartement,Nouveau,35.951365,10.54783,,2.0,,,,1.0,,,,,,,,,,,,,,,1.0,,,,,,,,,,,,
https://www.mubawab.tn/fr/a/7816758/a-louer-un-un-appartement-s1-%C3%A0-la-soukra,A louer un un appartement s1 à la soukra,La Soukra à La Soukra,900 TND,75.0,,1.0,1.0,,,1.0,1.0,1.0,,Appartement,Bon état,36.883333,10.25,1.0,,,,,,,,,1.0,1.0,1.0,,,,,,,,,1.0,,,1.0,,,,,,,,,
https://www.mubawab.tn/fr/a/7778225/a-louer-un-joi-appartement-a-la-soukra,A louer un joi appartement a la soukra,Chotrana 3 à La Soukra,2 000 TND,115.0,2.0,,,,,1.0,1.0,1.0,,Appartement,Nouveau,36.883333,10.25,,2.0,,,,,,,,1.0,1.0,1.0,,,,,,,,,,1.0,,1.0,,,,2.0,,,,,
https://www.mubawab.tn/fr/a/7839504/location-d-un-appartement-%C3%A0-menzah-1-meubl%C3%A9-44-m%C2%B2,Location d'un appartement à Menzah 1 meublé 44 m²,Cité Jardins à Cité El Khadra,850 TND,44.0,,1.0,1.0,,1.0,1.0,,,,Appartement,Bon état,36.83764046396108,10.178591157318683,,,,,1.0,,,,,,,,1.0,1.0,,,,,30-50 ans,Carrelage,,,,,1.0,2ème,Sud,,,,,,
https://www.mubawab.tn/fr/a/7787304/a-louer-s3-%C3%A0-menzah-9c,A louer S3 à Menzah 9c,El Menzah 9 à El Menzah,1 700 TND,200.0,4.0,,,,,1.0,1.0,1.0,,Appartement,Nouveau,36.845235,10.164723,,3.0,,,1.0,,1.0,,,1.0,1.0,1.0,1.0,1.0,,1.0,1.0,,1-5 ans,Marbre,,1.0,1.0,1.0,1.0,,Nord,3.0,,,,,
https://www.mubawab.tn/fr/a/7831001/s2-meubl%C3%A9-avec-terrasse-au-coeur-de-sidi-bousaid,S2 meublé avec terrasse au coeur de Sidi Bousaid,Sidi Bousaid à Carthage,2 500 TND,,3.0,,,,1.0,1.0,1.0,1.0,1.0,Appartement,Bon état,36.8566,10.3258,,2.0,,,1.0,,1.0,1.0,,,1.0,1.0,1.0,1.0,1.0,1.0,,1.0,1-5 ans,Marbre,1.0,,,,,1er,,2.0,,,,,
https://www.mubawab.tn/fr/a/7829697/a-louer-s2-avec-jardin-menzah-9c,A louer S2 avec jardin Menzah 9c,El Menzah 9 à El Menzah,1 000 TND,120.0,3.0,,1.0,1.0,,1.0,1.0,1.0,,Appartement,Bon état,36.845235,10.164723,,2.0,,,,,1.0,,,1.0,1.0,1.0,,,,,,,10-20 ans,Marbre,,1.0,1.0,1.0,1.0,,Est,,,,,,
https://www.mubawab.tn/fr/a/7816774/a-louer-un-appartement-s2-%C3%A0-la-soukra,A louer un appartement s2 à la soukra,La Soukra à La Soukra,1 200 TND,100.0,2.0,,,1.0,,1.0,1.0,1.0,,Appartement,Bon état,36.883333,10.25,,2.0,,,1.0,,,,,1.0,1.0,1.0,,,,,,,,,1.0,,,1.0,,,,2.0,,,,,
https://www.mubawab.tn/fr/a/7793426/a-louer-un-joli-appartement-meubl%C3%A9-%C3%A0-chotrana1,A louer un joli appartement meublé à chotrana1,Chotrana 1 à La Soukra,2 300 TND,200.0,3.0,,,,1.0,1.0,1.0,1.0,,Appartement,Nouveau,36.883333,10.25,,3.0,,,1.0,,,,,1.0,1.0,1.0,,,,,,,,,1.0,1.0,,1.0,1.0,,,3.0,,,,,
https://www.mubawab.tn/fr/a/7816460/a-louer-s2-non-meubl%C3%A9-%C3%A0-kantaoui,A louer S2 non meublé à kantaoui,El Kantaoui à Hammam Sousse,550 TND,80.0,2.0,,1.0,,1.0,,1.0,,,Appartement,Nouveau,35.898175,10.58025,,3.0,,,1.0,,,,,,,,,,,,,,,,,,,,,,,,,,,,
https://www.mubawab.tn/fr/a/7815952/a-louer-s1-meubl%C3%A9-%C3%A0-kantaoui,A louer s1 meublé à kantaoui,Hammam Sousse,550 TND,70.0,,,,,1.0,1.0,,,,Appartement,,35.8569,10.5972,,2.0,,,,,,,,,,,,,,,,,,,,,,,,,,,,,,,
https://www.mubawab.tn/fr/a/7762829/un-appartement-s3-tr%C3%A8s-haut-standing-%C3%A0-gammarth,Un appartement s3 très haut standing à Gammarth,La Marsa à La Marsa,7 500 TND,300.0,,,,,,,,1.0,,Appartement,,36.8941992,10.2762232,,3.0,,,1.0,,,,,,,,,,,,,,,,1.0,,,,,,,,,,,,
https://www.mubawab.tn/fr/a/7801275/s3-%C3%A0-marsa-plage,S3 à Marsa Plage,La Marsa à La Marsa,2 700 TND,,4.0,,,,,1.0,1.0,1.0,,Appartement,Bon état,36.876389,10.325278,,3.0,,,1.0,,1.0,1.0,,,1.0,,,,,,,,1-5 ans,Marbre,1.0,1.0,,1.0,,,,2.0,,,,,
https://www.mubawab.tn/fr/a/7451512/immeuble-%C3%A0-louer-de-4000m%C2%B2-%C3%A0-la-zone-d-activit%C3%A9-kheirreddine,Immeuble à louer de 4000m² à la zone d'activité kheirreddine,La Marsa,70 000 TND,4000.0,7.0,,,,,,,,,Appartement,,36.876389,10.325278,,6.0,,,,,,,,,,,,,,,,,,,1.0,,,,,,,2.0,,,,,
https://www.mubawab.tn/fr/a/7780757/a-louer-s1-meubl%C3%A9-%C3%A0-kantaoui,A louer s1 meublé à kantaoui,El Kantaoui à Hammam Sousse,1 200 TND,70.0,,,1.0,,1.0,1.0,1.0,,,Appartement,Nouveau,35.898175,10.58025,1.0,2.0,,,1.0,,,,,1.0,,,,,,,,,,,1.0,,,,,,,,,,,,
https://www.mubawab.tn/fr/a/7797263/a-louer-un-s2-sans-meuble-%C3%A0-khzema,A louer un s2 sans meuble à khzema,Lebna à Sousse Jaouhara,700 TND,100.0,2.0,,1.0,,1.0,1.0,1.0,,,Appartement,Nouveau,36.71195,10.941144,,2.0,,,,,,,,,,,,,,,,,,,,,,,,,,,,,,,
https://www.mubawab.tn/fr/a/7795784/appartement-s2-vide-%C3%A0-louer-aux-jardins-de-carthage,Appartement S2 vide à louer aux Jardins de Carthage,Les Jardins de Carthage à Le Kram,1 500 TND,138.0,,,,,,,,1.0,,Appartement,,36.8555704,10.291834,,2.0,,,1.0,,,,,1.0,,,,,,,,,,,1.0,,,,,,,,,,,,
https://www.mubawab.tn/fr/a/7742447/s1-meubl%C3%A9-r%C3%A9sidence-panoramis-h-sousse,S1 Meublé Résidence Panoramis H Sousse,Cité de la Plage 1,750 TND,50.0,2.0,1.0,1.0,,1.0,1.0,1.0,1.0,,Appartement,Bon état,35.79,10.56,,,,,,,,,1.0,1.0,,,1.0,1.0,1.0,,1.0,,,,,1.0,,1.0,,3ème,Sud,,,,,,
https://www.mubawab.tn/fr/a/7781890/a-louer-un-s3-sans-meuble-%C3%A0-sahloul,A louer un s3 sans meuble à sahloul,Sousse Jaouhara à Sousse Jaouhara,750 TND,186.0,3.0,,1.0,,1.0,,,,,Appartement,Nouveau,35.825603,10.608395,,3.0,,,1.0,,,,,,,,,,,,,,,,,,,,,,,,,,,,
https://www.mubawab.tn/fr/a/7786814/a-louer-un-s2-haut-standing-%C3%A0-sousse,A louer un s2 haut standing à sousse,Sousse Ville,2 000 TND,100.0,,,,,1.0,1.0,1.0,1.0,1.0,Appartement,,35.8273,10.6339,,2.0,,,,,,,,,,,,,,,1.0,,,,,1.0,,,,,,,,,,,
https://www.mubawab.tn/fr/a/7795627/a-louer-un-s2-meubl%C3%A9-%C3%A0-kantaoui,A louer un s2 meublé à kantaoui,El Kantaoui à Hammam Sousse,1 500 TND,120.0,2.0,,1.0,,1.0,1.0,1.0,,,Appartement,Nouveau,35.898175,10.58025,,2.0,,,,,,,,,,,,,,,,,,,,,,,,,,,,,,,
https://www.mubawab.tn/fr/a/7797251/a-louer-studio-meubl%C3%A9-maison-de-la-mer,A louer Studio meublé maison de la mer,El Kantaoui à Hammam Sousse,1 100 TND,40.0,,1.0,1.0,1.0,1.0,1.0,1.0,,,Appartement,Nouveau,35.898175,10.58025,1.0,,,,1.0,,,,,,,,,,,,,,,,,,,,,,,,,,,,
https://www.mubawab.tn/fr/a/7800751/a-louer-un-s2-meubl%C3%A9-%C3%A0-kantaoui,A louer un s2 meublé à kantaoui,Hammam Sousse,1 500 TND,150.0,,,,,1.0,1.0,1.0,,,Appartement,,35.8569,10.5972,,2.0,,,,,,,,1.0,,,,,,,,,,,1.0,,,,,,,,,,,,
https://www.mubawab.tn/fr/a/7798412/a-louer-appartement-s2-tout-neuf-%C3%A0-khzama,A louer appartement s2 tout neuf à Khzama,Khezama Est,1 200 TND,100.0,2.0,,1.0,,,1.0,1.0,,,Appartement,Nouveau,35.844,10.618753,,3.0,,,1.0,,,,,1.0,,,,,,,,,,,,,,,,,,,,,,,
https://www.mubawab.tn/fr/a/7764692/appartement-s3-%C3%A0-louer-aux-jardins-de-carthage,Appartement S3 à louer aux Jardins de Carthage,Les Jardins de Carthage à Le Kram,2 850 TND,220.0,3.0,,,,,,,,,Appartement,Nouveau,36.8555704,10.291834,,3.0,,,1.0,,,,,,,,,1.0,,1.0,,,,,1.0,,,,,2ème,,2.0,,,,,
https://www.mubawab.tn/fr/a/7776203/a-louer-un-joli-appartement-a-la-soukra,A louer un joli appartement a la soukra,La Soukra à La Soukra,1 250 TND,65.0,,1.0,1.0,,1.0,1.0,1.0,1.0,,Appartement,Bon état,36.883333,10.25,1.0,,,,,,1.0,,,1.0,1.0,1.0,,,,,,,,,,1.0,,1.0,,,,,,,,,
https://www.mubawab.tn/fr/a/7769625/a-louer-un-studio-%C3%A0-maison-de-la-mer,A louer un studio à maison de la mer,El Kantaoui à Hammam Sousse,900 TND,40.0,,,1.0,1.0,1.0,1.0,,,,Appartement,Nouveau,35.898175,10.58025,1.0,,,,,,,,,,,,,,,,,,,,,,,,,,,,1.0,,,,
https://www.mubawab.tn/fr/a/7774331/a-louer-%C3%A9tage-de-villa-meubl%C3%A9-%C3%A0-kantaoui,A louer étage de villa meublé à Kantaoui,El Kantaoui à Hammam Sousse,1 100 TND,120.0,2.0,,1.0,,1.0,1.0,1.0,,,Appartement,Nouveau,35.898175,10.58025,,3.0,,,1.0,,,,,,,,,,,,,,,,,,,,,,,,,,,,
https://www.mubawab.tn/fr/a/7759793/a-louer-s2-meubl%C3%A9-%C3%A0-kantaoui,A louer S2 meublé à Kantaoui,El Kantaoui à Hammam Sousse,1 300 TND,120.0,2.0,,1.0,,1.0,1.0,1.0,,,Appartement,Nouveau,35.898175,10.58025,,3.0,,,1.0,,,,,1.0,,,,,,,,,,,1.0,1.0,,,,,,,,,,,
https://www.mubawab.tn/fr/a/7620218/a-louer-s1-meubl%C3%A9-%C3%A0-la-marsa,A louer s1 meublé à la Marsa,La Marsa à La Marsa,2 000 TND,40.0,2.0,1.0,1.0,1.0,1.0,1.0,,1.0,1.0,Appartement,Bon état,36.89561102080632,10.32047148144531,,,,,,,,1.0,1.0,,,,1.0,1.0,1.0,1.0,1.0,,,,,,,,,,,,1.0,,,,
https://www.mubawab.tn/fr/a/7777905/a-louer-un-s1-%C3%A0-kantaoui-sousse,A louer un s1 à kantaoui sousse,El Kantaoui à Hammam Sousse,450 TND,50.0,,1.0,1.0,,1.0,,1.0,,,Appartement,Nouveau,35.898175,10.58025,1.0,,,,1.0,,,,,,,,,,,,,,,,,,,,,,,,,,,,
https://www.mubawab.tn/fr/a/7789264/a-louer-%C3%A9tage-de-villa-s3-%C3%A0-kantaoui,A louer étage de villa s3 à kantaoui,El Kantaoui à Hammam Sousse,1 000 TND,200.0,3.0,,1.0,,1.0,1.0,1.0,,,Appartement,Nouveau,35.898175,10.58025,,3.0,,,1.0,,,,,,,,,,,,,,,,,,,,,,,,,,,,
https://www.mubawab.tn/fr/a/7771711/a-louer-un-s2-meubl%C3%A9-vue-mer-%C3%A0-kantaoui,A louer un s2 meublé vue mer à kantaoui,El Kantaoui à Hammam Sousse,2 200 TND,150.0,2.0,,1.0,,1.0,1.0,1.0,,,Appartement,Nouveau,35.898175,10.58025,,2.0,,,,,,,,,,,,,,,,,,,1.0,1.0,,,,,,,,,,,
https://www.mubawab.tn/fr/a/7756832/a-louer-un-appartement-en-s2-meubl%C3%A9-%C3%A0-sidi-bou-sa%C3%AFd,A louer un appartement en S2 meublé à Sidi Bou Saïd,Sidi Bousaid à Carthage,2 500 TND,90.0,3.0,,1.0,,1.0,1.0,1.0,,,Appartement,Nouveau,36.8566,10.3258,,2.0,,,,,,,,,,,,,,,,,,,,,,,,,,,,,,,
https://www.mubawab.tn/fr/a/7767937/a-louer-%C3%A9tage-de-villa-s3-%C3%A0-sahloul,A louer étage de villa s3 à Sahloul,Sousse Jaouhara à Sousse Jaouhara,1 200 TND,200.0,3.0,,1.0,,1.0,,1.0,1.0,,Appartement,Nouveau,35.825603,10.608395,,4.0,,,,,,,,,,,,,,,,,,,,,,,,,,,,,,,
https://www.mubawab.tn/fr/a/7758730/a-louer-un-joli-duplex-s3-a-la-marsa,A louer un joli duplex s3 a la marsa,La Marsa à La Marsa,3 200 TND,180.0,3.0,,,1.0,1.0,1.0,1.0,1.0,,Appartement,Bon état,36.876389,10.325278,,3.0,,,1.0,,1.0,,,1.0,1.0,1.0,,,,,,1.0,,,1.0,,,,,,,3.0,,,,,
https://www.mubawab.tn/fr/a/7709934/appartement-dans-maison-s1-au-1-er-%C3%A9tage,Appartement dans maison S1 au 1 er étage,Le Kram à Le Kram,420 TND,60.0,2.0,1.0,1.0,,,,,,,Appartement,Bon état,36.848632039121775,10.304764215580796,,,,,,,,,,,,,,,,,,,5-10 ans,Carrelage,,,,,,1er,,,,,,,
https://www.mubawab.tn/fr/a/7761662/s2-meubl%C3%A9-avec-jardin-%C3%A0-corniche,"S2 meublé, avec jardin à Corniche",La Marsa à La Marsa,2 800 TND,,3.0,,1.0,1.0,1.0,1.0,1.0,1.0,1.0,Appartement,Bon état,36.88337079820825,10.337213126114795,,2.0,,,1.0,,1.0,1.0,1.0,,1.0,1.0,1.0,1.0,1.0,1.0,1.0,,Moins d'un an,Marbre,,,,,,,,,,,,,
https://www.mubawab.tn/fr/a/7766660/%C3%A9tage-de-villa-pour-la-location,Étage de villa pour la location,Tantana à Hammam Sousse,900 TND,180.0,6.0,,1.0,,1.0,1.0,1.0,1.0,,Appartement,Bon état,35.918751,10.576029,,3.0,,,1.0,,,,,,,,,,,,,,,,,,,,,,,,,,,,
https://www.mubawab.tn/fr/a/7493229/hammamet-barraket-essahel-a-louer-appartement-pour-l-ann%C3%A9e,Hammamet Barraket essahel a louer appartement pour l'année,Hammamet à Hammamet,800 TND,120.0,4.0,,,,,,,,,Appartement,Bon état,36.40108,10.61457,,3.0,,,1.0,,,,,,,,,,,,,,10-20 ans,Marbre,,,,,,1er,Est,2.0,,,,,
https://www.mubawab.tn/fr/a/7763561/a-louer-un-s2-situ%C3%A9-au-zone-de-la-plage-h-sousse,A louer un S2 situé au zone de la plage h. Sousse,Cité de la Plage à Hammam Sousse,850 TND,140.0,3.0,,1.0,,,1.0,1.0,1.0,,Appartement,Nouveau,35.8569,10.5972,,2.0,,,,,,,,1.0,,,,,,,,,,,,1.0,,,,,,,,,,,
https://www.mubawab.tn/fr/a/7752909/location-vacance-s0-%C3%A0-marina,Location vacance S0 à marina,El Kantaoui à Hammam Sousse,270 TND,50.0,,1.0,1.0,,,1.0,,,,Appartement,Nouveau,35.898175,10.58025,1.0,,,,,,,,,,,,,,,,,,,,,,,,,,,,,,,,
https://www.mubawab.tn/fr/a/7760230/a-louer-un-%C3%A9tage-de-villa-s2-meubl%C3%A9-%C3%A0-khzama-ouest,A louer un étage de villa s2 meublé à khzama ouest,Khezama Est,1 300 TND,200.0,4.0,,1.0,,1.0,1.0,1.0,1.0,,Appartement,Bon état,36.71195,10.941144,,3.0,,,1.0,,,,,,,,,,,,,,,Carrelage,,,,,,1er,,,,,,,
https://www.mubawab.tn/fr/a/7439218/appartement-s1-meubl%C3%A9-aux-jardins-de-carthage,Appartement S1 meublé aux Jardins de Carthage,Les Jardins de Carthage à Le Kram,1 800 TND,75.0,2.0,1.0,1.0,,1.0,1.0,1.0,,,Appartement,Nouveau,36.833333,10.316667,,,,,1.0,,,,,,,,,,,,,,,,1.0,,,,,,,,,,,,
https://www.mubawab.tn/fr/a/7304662/s3-%C3%A0-la-marsa-plage-meubl%C3%A9-vue-mer,S3 à La Marsa Plage meublé vue mer,La Marsa à La Marsa,4 000 TND,,4.0,,,,1.0,1.0,1.0,1.0,1.0,Appartement,Bon état,36.876389,10.325278,,3.0,,,1.0,1.0,,1.0,1.0,1.0,1.0,1.0,1.0,1.0,1.0,1.0,1.0,,1-5 ans,Marbre,,1.0,,1.0,,3ème,,2.0,,,,,
https://www.mubawab.tn/fr/a/7410757/luxueux-appartement-s1-meubl%C3%A9-aux-jardins-de-carthage,Luxueux Appartement S1 meublé aux Jardins de Carthage,Les Jardins de Carthage à Le Kram,2 500 TND,90.0,2.0,1.0,1.0,,1.0,1.0,1.0,,,Appartement,Bon état,36.833333,10.316667,,,,,1.0,,,,,,,,,,,,,,,,1.0,,,,,3ème,,,,,,,
https://www.mubawab.tn/fr/a/7709941/studio-dans-maison-entr%C3%A9e-ind%C3%A9pendante,"Studio dans maison, entrée indépendante",Le Kram à Le Kram,380 TND,50.0,,1.0,1.0,,,,,,,Appartement,Bon état,36.8484417075244,10.304690190085674,1.0,,,,,,,,,,,,,,,,,,5-10 ans,Carrelage,,,,,,,,,,,,,
https://www.mubawab.tn/fr/a/7584382/s3-avec-grande-terrasse-vue-mer,S3 avec grande terrasse vue mer,La Marsa à La Marsa,3 500 TND,,4.0,,,,,,1.0,1.0,,Appartement,Bon état,36.876389,10.325278,,3.0,,,1.0,,,,,,,,,,,,,,1-5 ans,Marbre,,,,,,1er,,2.0,,,,,
https://www.mubawab.tn/fr/a/7625689/a-louer-un-joli-appartement-a-la-marsa,A louer un joli appartement a la marsa,La Marsa à La Marsa,4 350 TND,148.0,2.0,,,,,1.0,1.0,1.0,,Appartement,Nouveau,36.876389,10.325278,,2.0,,,1.0,1.0,,,,1.0,1.0,1.0,,,,,,,,,,1.0,,1.0,,,,2.0,,,,,
https://www.mubawab.tn/fr/a/7712648/un-appartement-a-louer-pour-les-vacances,Un appartement a louer pour les vacances,El Kantaoui à Hammam Sousse,385 TND,100.0,3.0,,1.0,,1.0,1.0,1.0,1.0,1.0,Appartement,Bon état,35.8569,10.5972,,2.0,,,1.0,1.0,1.0,1.0,1.0,,,1.0,1.0,1.0,1.0,,,,,,,,,,1.0,,,,,,,,
https://www.mubawab.tn/fr/a/7694040/a-louer-un-bel-appartement-a-la-soukra,A louer un bel appartement a la soukra,Chotrana 3 à La Soukra,1 400 TND,90.0,2.0,,1.0,,,1.0,1.0,1.0,,Appartement,Nouveau,36.883333,10.25,,2.0,,,,,,,,1.0,,1.0,,,,,,,,,,1.0,,1.0,,,,,,,,,
https://www.mubawab.tn/fr/a/7218617/s3-meubl%C3%A9-vue-mer-%C3%A0-la-marsa-plage,"S3 Meublé, vue mer à La Marsa Plage",La Marsa à La Marsa,4 000 TND,,4.0,,,1.0,1.0,1.0,1.0,1.0,1.0,Appartement,Bon état,36.876389,10.325278,,3.0,,,1.0,1.0,,,1.0,1.0,,1.0,,1.0,1.0,1.0,1.0,,1-5 ans,Parquet,1.0,1.0,,1.0,1.0,2ème,,3.0,,1.0,,,
https://www.mubawab.tn/fr/a/7711611/s1-meubl%C3%A8-%C3%A0-cit%C3%A9-ennasr-1-r%C3%A9sidence-zohra,S1 meublè à Cité Ennasr 1 Résidence Zohra,Cité Ennasr 1 à Ariana Ville,1 500 TND,70.0,,1.0,1.0,,1.0,1.0,,1.0,1.0,Appartement,Bon état,36.8625,10.19556,1.0,,,,,,,,1.0,1.0,1.0,1.0,1.0,1.0,1.0,1.0,1.0,,1-5 ans,Marbre,,1.0,,1.0,,1er,Nord,,,,,,
https://www.mubawab.tn/fr/a/7698592/a-louer-un-bel-appartement-s1-a-la-soukra,A louer un bel appartement s1 a la soukra,La Soukra à La Soukra,950 TND,70.0,,1.0,1.0,,,1.0,1.0,1.0,,Appartement,Nouveau,36.883333,10.25,1.0,,,,,,,,,1.0,,,,,,,,,,,1.0,1.0,,1.0,,,,,,,,,
https://www.mubawab.tn/fr/a/7688708/a-louer-un-joli-sutdio-meubl%C3%A9-a-la-soukra,A louer un joli sutdio meublé a la soukra,Chotrana 3 à La Soukra,750 TND,70.0,,1.0,1.0,,1.0,1.0,1.0,1.0,,Appartement,Bon état,36.883333,10.25,1.0,,,,1.0,,,,,1.0,,,,,,,,,,,1.0,,,,,,,,,,,,
https://www.mubawab.tn/fr/a/7701320/a-louer-un-joli-appartement-s1-meubl%C3%A9-a-la-soukra,A louer un joli appartement s1 meublé a la soukra,La Soukra à La Soukra,1 400 TND,70.0,,1.0,1.0,1.0,1.0,1.0,1.0,1.0,,Appartement,Bon état,36.883333,10.25,1.0,,,,,,,,,1.0,,1.0,,,,,,,,,1.0,1.0,,1.0,,,,,,,,,
https://www.mubawab.tn/fr/a/7684334/a-louer-un-bel-appartement-a-la-soukra,A louer un bel appartement a la soukra,La Soukra à La Soukra,2 000 TND,180.0,3.0,,,,,1.0,1.0,1.0,,Appartement,Nouveau,36.883333,10.25,,3.0,,,1.0,,,,,1.0,1.0,1.0,,,,,,,,,1.0,1.0,,1.0,1.0,,,3.0,,,,,
https://www.mubawab.tn/fr/a/7701284/a-louer-un-appartement-s1-a-la-soukra,A louer un appartement s1 a la soukra,La Soukra à La Soukra,950 TND,65.0,,1.0,1.0,1.0,,1.0,1.0,1.0,,Appartement,Bon état,36.883333,10.25,1.0,,,,,,,,,1.0,,,,,,,,,,,1.0,1.0,,1.0,,,,,,,,,
https://www.mubawab.tn/fr/a/7709409/appartement-s2-meubl%C3%A9-%C3%A0-louer-aux-berges-du-lac-2,Appartement S2 meublé à louer aux Berges du Lac 2,Les Berges Du Lac 2 à La Marsa,5 000 TND,160.0,,,,,,,,,,Appartement,,36.8468986,10.2641808,,2.0,,,,,,,,,,,,,,,,,,,1.0,,,,,,,,,,,,
https://www.mubawab.tn/fr/a/7694388/appartement-s1-meubl%C3%A9-%C3%A0-sahloul-4,Appartement s1 meublé à SAHLOUL 4,Cité Jaouhara,850 TND,50.0,,1.0,1.0,,1.0,1.0,1.0,1.0,1.0,Appartement,Nouveau,35.83366,10.64068,1.0,,,,1.0,,1.0,1.0,1.0,1.0,1.0,1.0,1.0,1.0,,1.0,,,1-5 ans,Marbre,,1.0,,1.0,,5ème,,,,,,,
https://www.mubawab.tn/fr/a/7692043/s3-vue-lac,S3 vue Lac,Les Berges Du Lac 2 à La Marsa,2 800 TND,,4.0,,,,,1.0,1.0,1.0,,Appartement,Bon état,36.876389,10.325278,,3.0,,,1.0,1.0,1.0,1.0,1.0,1.0,1.0,1.0,,,,,,1.0,1-5 ans,Marbre,1.0,1.0,,1.0,,3ème,,2.0,,,,,
https://www.mubawab.tn/fr/a/7676898/a-louer-un-joli-penthouse-a-la-marsa,A louer un joli penthouse a la marsa,La Marsa à La Marsa,5 800 TND,200.0,3.0,,,,1.0,1.0,1.0,1.0,,Appartement,Nouveau,36.876389,10.325278,,3.0,,,1.0,1.0,1.0,,,1.0,1.0,1.0,,,,,,,,,1.0,,,,,,,2.0,,,,,
https://www.mubawab.tn/fr/a/7061990/s2-meubl%C3%A9-au-coeur-de-%C3%A0-la-marsa-plage,S2 meublé au coeur de à La Marsa Plage,La Marsa à La Marsa,2 700 TND,,3.0,,,,,1.0,1.0,1.0,,Appartement,Bon état,36.8941992,10.2762232,,2.0,,,1.0,,1.0,1.0,1.0,1.0,1.0,1.0,,,,,,,1-5 ans,Marbre,1.0,1.0,,1.0,1.0,1er,,2.0,,,,,
https://www.mubawab.tn/fr/a/7670523/s1-neuf-%C3%A0-gammarth-village,S1 neuf à Gammarth village,Gammarth Village à La Marsa,1 200 TND,,2.0,1.0,1.0,,,1.0,1.0,1.0,1.0,Appartement,Nouveau,36.876389,10.325278,,,,,1.0,,1.0,1.0,,,1.0,1.0,1.0,1.0,1.0,1.0,,,Moins d'un an,Marbre,1.0,1.0,,1.0,,1er,,,,,,,
https://www.mubawab.tn/fr/a/7644031/grand-s2-meubl%C3%A9,Grand S2 Meublé,Ain Zaghouan Nord à La Marsa,2 500 TND,,3.0,,,,1.0,1.0,1.0,1.0,1.0,Appartement,Bon état,36.876389,10.325278,,2.0,,,1.0,,1.0,1.0,1.0,1.0,1.0,1.0,1.0,1.0,1.0,1.0,1.0,1.0,Moins d'un an,Marbre,1.0,,,1.0,,2ème,,2.0,,,,,
https://www.mubawab.tn/fr/a/7613186/s2-vue-mer-%C3%A0-la-marsa,S2 vue mer à La Marsa,La Marsa à La Marsa,3 000 TND,,3.0,,1.0,,1.0,1.0,1.0,1.0,,Appartement,Bon état,36.876389,10.325278,,2.0,,,1.0,1.0,1.0,1.0,,,1.0,1.0,1.0,1.0,1.0,1.0,1.0,1.0,Moins d'un an,Marbre,,,,,,1er,,,,,,,
https://www.mubawab.tn/fr/a/7240695/s2-au-coeur-de-la-marsa-plage,S2 au coeur de La Marsa Plage,La Marsa à La Marsa,670 000 TND,,3.0,,,,,1.0,1.0,1.0,1.0,Appartement,Nouveau,36.876389,10.325278,,2.0,,,1.0,,,1.0,1.0,1.0,1.0,1.0,,1.0,1.0,1.0,,,Moins d'un an,Marbre,,,,,,1er,,2.0,,,,,
https://www.mubawab.tn/fr/a/7599355/location-appartement-rochdi-%C3%A0-hammamet,Location Appartement Rochdi à Hammamet,Hammamet Nord à Hammamet,1 000 TND,75.0,2.0,1.0,1.0,,1.0,1.0,1.0,1.0,1.0,Appartement,Nouveau,36.40108,10.61457,,,,,1.0,,,1.0,1.0,1.0,1.0,1.0,1.0,1.0,1.0,1.0,1.0,,Moins d'un an,Marbre,,,,1.0,,2ème,Nord,,,,,,
https://www.mubawab.tn/fr/a/7599351/location-appartement-lotus-%C3%A0-hammamet,Location Appartement Lotus à Hammamet,Hammamet Nord à Hammamet,1 300 TND,120.0,2.0,1.0,1.0,1.0,1.0,1.0,1.0,1.0,1.0,Appartement,Nouveau,36.40108,10.61457,,,,,1.0,,,1.0,1.0,1.0,1.0,1.0,1.0,1.0,1.0,1.0,1.0,1.0,Moins d'un an,Marbre,,1.0,,1.0,,,Nord,,,,,,
https://www.mubawab.tn/fr/a/7351315/appartement-meubl%C3%A9-tr%C3%A8s-luxe,Appartement meublé très luxe,Gabès à Gabès Ville,Prix à consulter,65.0,3.0,,1.0,,,,,,,Appartement,Bon état,33.88819337927047,10.09434476436808,,2.0,,,,,,,,,,,,,1.0,,,,5-10 ans,,,,,,,1er,,,,,,,
https://www.mubawab.tn/fr/a/7380596/appartement-en-location-%C3%A0-gammarth-surface-de-156-m%C2%B2-belle-terrasse,Appartement en location à Gammarth. Surface de 156 m². Belle terrasse,Gammarth à La Marsa,2 800 TND,156.0,3.0,,,,,,,,,Appartement,Nouveau,36.917739,10.288893,,2.0,,,1.0,,,,,,,,,,,,,,Moins d'un an,Marbre,1.0,,,,,2ème,,2.0,,,,,
https://www.mubawab.tn/fr/a/7542637/loaction-appartement-rym-%C3%A0-hammamet,Loaction Appartement Rym à Hammamet,Hammamet Nord à Hammamet,1 800 TND,110.0,3.0,,,,1.0,1.0,1.0,1.0,1.0,Appartement,Nouveau,36.40108,10.61457,,2.0,,,1.0,,,1.0,1.0,1.0,1.0,1.0,1.0,1.0,1.0,1.0,,,Moins d'un an,Marbre,,1.0,,1.0,,1er,Nord,2.0,,,,,
https://www.mubawab.tn/fr/a/7318689/location-appartement-sofien-%C3%A0-hammamet,Location Appartement Sofien à Hammamet,Hammamet à Hammamet,1 100 TND,180.0,4.0,,1.0,,1.0,1.0,1.0,1.0,1.0,Appartement,Bon état,36.40108,10.61457,,3.0,,,1.0,,,,1.0,,,,1.0,1.0,1.0,1.0,,,1-5 ans,Marbre,,,,1.0,,2ème,Nord,,,,,,
https://www.mubawab.tn/fr/a/6961967/location-appartement-joseph-%C3%A0-hammamet,Location Appartement Joseph à Hammamet,Hammamet Nord à Hammamet,1 000 TND,75.0,2.0,1.0,1.0,1.0,1.0,1.0,1.0,1.0,1.0,Appartement,Nouveau,36.419773,10.661894,,,,,1.0,,,,1.0,1.0,1.0,1.0,1.0,1.0,1.0,,,,Moins d'un an,Marbre,,,,1.0,,1er,Nord,,,,,,
https://www.mubawab.tn/fr/a/7440595/location-appartement-salah,Location Appartement Salah,Hammamet Nord à Hammamet,1 200 TND,105.0,3.0,,1.0,,1.0,1.0,1.0,1.0,1.0,Appartement,Nouveau,36.40108,10.61457,,2.0,,,1.0,,,1.0,,1.0,1.0,1.0,1.0,1.0,1.0,,,,Moins d'un an,Marbre,,1.0,,1.0,,1er,Nord,,1.0,,,,
https://www.mubawab.tn/fr/a/7478270/a-louer-s3-gammarth-foret,A louer S3 Gammarth Foret,Gammarth à La Marsa,1 850 TND,168.0,5.0,,,1.0,,1.0,1.0,,,Appartement,Nouveau,36.876389,10.325278,,3.0,,,1.0,,1.0,,1.0,1.0,1.0,1.0,,1.0,,1.0,,,,,1.0,1.0,,,,,,4.0,,,,,
https://www.mubawab.tn/fr/a/7407403/location-duplex-marwen-%C3%A0-hammamet,Location Duplex Marwen à Hammamet,Hammamet Nord à Hammamet,1 200 TND,90.0,3.0,1.0,1.0,,1.0,1.0,1.0,1.0,1.0,Appartement,Bon état,36.40108,10.61457,,,,,1.0,1.0,,1.0,1.0,1.0,1.0,1.0,1.0,1.0,1.0,1.0,,,1-5 ans,Parquet,,,,,,1er,Nord,,,,,,
https://www.mubawab.tn/fr/a/7437888/location-bureau-h3-%C3%A0-montplaisir,Location bureau H3 à Montplaisir,Kheireddine Pacha à Cité El Khadra,1 400 TND,90.0,4.0,,1.0,,,1.0,1.0,,,Appartement,Bon état,36.823935,10.226369,,3.0,,,,,,,,,1.0,,,,,,,,,,1.0,1.0,,1.0,,3ème,,,,,,,
https://www.mubawab.tn/fr/a/7391584/s3-meubl%C3%A9-%C3%A0-gammarth,S3 meublé à Gammarth,Gammarth Supérieur à La Marsa,5 000 TND,,4.0,,,1.0,1.0,1.0,1.0,1.0,1.0,Appartement,Bon état,36.876389,10.325278,,3.0,,,1.0,1.0,,1.0,1.0,1.0,1.0,1.0,1.0,1.0,1.0,1.0,1.0,,Moins d'un an,Marbre,1.0,,,1.0,,,,2.0,,,,,
https://www.mubawab.tn/fr/a/7327692/loft-s2-meubl%C3%A9-%C3%A0-louer-aux-berges-du-lac-2,Loft S2 meublé à louer aux Berges du Lac 2,Les Berges Du Lac 2 à La Marsa,Prix à consulter,180.0,3.0,,1.0,,1.0,,,,,Appartement,,36.8468986,10.2641808,,2.0,,,1.0,,,,,1.0,,,,,,,,,,,1.0,,,,,,,,1.0,,,,
https://www.mubawab.tn/fr/a/8034871/appartement-s1-les-berges-du-lac-1,Appartement S1 les berges du lac 1,Les Berges Du Lac 1 à La Marsa,1 650 TND,60.0,2.0,1.0,1.0,,1.0,1.0,1.0,1.0,1.0,Appartement,Bon état,36.8355152,10.2241758,,,,,1.0,,1.0,1.0,1.0,1.0,1.0,1.0,1.0,1.0,1.0,1.0,1.0,,10-20 ans,Carrelage,,1.0,,1.0,,2ème,Est,,,,,,
https://www.mubawab.tn/fr/a/8026638/appartement-s2-au-berges-du-lac-2,Appartement S2 au berges du lac 2,Les Berges Du Lac 2 à La Marsa,2 500 TND,120.0,3.0,,1.0,,,1.0,1.0,1.0,1.0,Appartement,Bon état,36.84689860000001,10.2641808,,2.0,,,1.0,,1.0,1.0,1.0,1.0,1.0,1.0,1.0,1.0,,1.0,,,5-10 ans,Marbre,1.0,1.0,,,,2ème,Est,,,,,,
https://www.mubawab.tn/fr/a/8025976/appartement-s2-meubl%C3%A9-au-jardin-de-carthage,Appartement S2 meublé au jardin de Carthage,Les Jardins de Carthage à Le Kram,2 500 TND,140.0,3.0,,1.0,1.0,1.0,1.0,1.0,1.0,1.0,Appartement,Nouveau,36.855570400000005,10.291834,,2.0,120 m²,,1.0,,1.0,1.0,1.0,1.0,1.0,1.0,1.0,1.0,1.0,1.0,1.0,,1-5 ans,Marbre,1.0,1.0,,1.0,,2ème,Est,,1.0,,,,
https://www.mubawab.tn/fr/a/8096345/appartement-s1-meubl%C3%A9e-lac-1,Appartement S1 meublée lac 1,Les Berges Du Lac 1 à La Marsa,1 500 TND,61.0,2.0,1.0,1.0,,1.0,1.0,1.0,1.0,1.0,Appartement,Bon état,36.83551519999999,10.224175799999998,,,50 m²,,1.0,,1.0,1.0,1.0,1.0,1.0,1.0,1.0,1.0,1.0,1.0,1.0,,10-20 ans,Carrelage,1.0,1.0,,1.0,,2ème,Est,,,,,,
https://www.mubawab.tn/fr/a/8001647/appartement-s1-meubl%C3%A9-les-berges-du-lac-2,Appartement S1 meublé les berges du lac 2,Les Berges Du Lac 2 à La Marsa,1 850 TND,60.0,2.0,1.0,1.0,,1.0,1.0,1.0,1.0,1.0,Appartement,Bon état,36.84689860000001,10.264180799999997,,,,,1.0,,1.0,1.0,1.0,1.0,1.0,1.0,1.0,1.0,1.0,1.0,1.0,,10-20 ans,Marbre,1.0,1.0,,1.0,,4ème,Est,,,,,,
https://www.mubawab.tn/fr/a/8102071/s2-avec-piscine-et-jardin-%C3%A0-gammarth-mal1467,S2 avec piscine et jardin à Gammarth MAL1467,Gammarth à La Marsa,4 000 TND,,,,,1.0,1.0,1.0,1.0,1.0,,Appartement,Nouveau,36.876389,10.325278,1.0,2.0,,,1.0,,,,,,,,,,,,,,,,1.0,,,1.0,,,,2.0,1.0,,,,
https://www.mubawab.tn/fr/a/8126956/a-louer-s2-au-lac-2-avec-vue-sur-lac,A louer S2 au Lac 2 avec vue sur lac,Les Berges Du Lac 2 à La Marsa,3 800 TND,151.0,2.0,,1.0,,1.0,1.0,1.0,1.0,1.0,Appartement,Nouveau,36.876389,10.325278,,3.0,,,1.0,,1.0,,,1.0,,1.0,1.0,1.0,1.0,1.0,,,,,1.0,1.0,,1.0,,,,,,,,,
https://www.mubawab.tn/fr/a/8128193/s3-avec-jardin-%C3%A0-louer-%C3%A0-la-marsa,S3 avec jardin à louer à la Marsa,La Marsa à La Marsa,3 900 TND,300.0,5.0,,,1.0,,1.0,1.0,1.0,,Appartement,Bon état,36.876389,10.325278,,3.0,,,1.0,,,,,1.0,1.0,1.0,,1.0,,,,,,,1.0,1.0,,1.0,,,,3.0,,,,,
https://www.mubawab.tn/fr/a/8127059/a-s2-avec-jardin-aux-jardins-d-carthage,A s2 avec jardin aux jardins d carthage,Les Jardins de Carthage à Le Kram,1 850 TND,120.0,3.0,,1.0,1.0,,1.0,1.0,1.0,,Appartement,Nouveau,36.833333,10.316667,,2.0,,,1.0,,1.0,,,1.0,1.0,,1.0,1.0,,,,,1-5 ans,Marbre,1.0,1.0,,1.0,,,Ouest,,,,,,
https://www.mubawab.tn/fr/a/8132389/%C3%A0-louer-appartement-s-4-richement-meubl%C3%A9,À louer Appartement S 4 richement meublé,Les Berges Du Lac 2 à La Marsa,5 000 TND,200.0,5.0,,,1.0,1.0,1.0,1.0,1.0,1.0,Appartement,Nouveau,36.876389,10.325278,,4.0,,,1.0,,1.0,1.0,1.0,1.0,1.0,1.0,1.0,1.0,1.0,1.0,1.0,,,,1.0,1.0,,1.0,1.0,,,3.0,,,,,
https://www.mubawab.tn/fr/a/8129831/a-louer-un-appartement-s2-vide-avec-suite-parentale,A louer un appartement S2 vide avec suite parentale,El Menzah 9 à El Menzah,1 650 TND,130.0,2.0,,1.0,,,1.0,1.0,1.0,,Appartement,Bon état,36.8482637,10.1410889,,3.0,130 m²,1 m²,1.0,,1.0,,1.0,1.0,1.0,1.0,,,,,,,5-10 ans,Marbre,1.0,1.0,1.0,1.0,,3ème,Ouest,,1.0,,,,
https://www.mubawab.tn/fr/a/8120922/location-annuelle-d-un-appartement-s2-vide,Location Annuelle d'un Appartement s2 vide,Aouina à La Marsa,1 100 TND,95.0,3.0,,1.0,,,1.0,1.0,1.0,,Appartement,Bon état,36.876389,10.325278,,2.0,95 m²,,,,,,,1.0,,,,1.0,,,,,,,,1.0,,1.0,,,,,,,,,
https://www.mubawab.tn/fr/a/8113861/un-appartement-s3-meubl%C3%A9-au-lac-2,Un appartement s3 meublé au lac 2,Les Berges Du Lac 2 à La Marsa,3 800 TND,120.0,4.0,,,,1.0,1.0,1.0,1.0,1.0,Appartement,Bon état,36.876389,10.325278,,3.0,,,,,,,1.0,1.0,1.0,1.0,1.0,1.0,1.0,1.0,1.0,1.0,,,1.0,,,1.0,,,,2.0,,,,,
https://www.mubawab.tn/fr/a/8105297/appartement-s2-meubl%C3%A9-vue-mer-%C3%A0-gammarth,Appartement S2 meublé vue mer à Gammarth,Gammarth à La Marsa,3 500 TND,100.0,3.0,,,,1.0,1.0,1.0,1.0,1.0,Appartement,Bon état,36.876389,10.325278,,2.0,,,1.0,1.0,,1.0,1.0,,,,1.0,1.0,1.0,1.0,,1.0,,,1.0,1.0,,1.0,,,,2.0,,,,,
https://www.mubawab.tn/fr/a/7990140/un-superbe-appartement-meubl%C3%A9-neuf-s1-%C3%A0-louer-%C3%A0-ain-zaghouan-nord,Un Superbe Appartement meublé Neuf s1 à louer à Ain Zaghouan Nord,Ain Zaghouan Nord à La Marsa,1 700 TND,68.0,2.0,,1.0,,1.0,,,1.0,,Appartement,Bon état,36.876389,10.325278,,2.0,,,,,,,,,,,,,,,,,,,1.0,,,,,,,,,,,,
https://www.mubawab.tn/fr/a/8109071/a-louer-un-appartement-s2-meubl%C3%A9-%C3%A0-la-marsa,A louer un appartement S2 meublé à La Marsa,Sidi Daoued à La Marsa,2 500 TND,100.0,2.0,,1.0,,1.0,1.0,1.0,1.0,,Appartement,Nouveau,36.876389,10.325278,,2.0,100 m²,,,,,,,,,,,,,,,,,,1.0,1.0,,1.0,,,,,,,,,
https://www.mubawab.tn/fr/a/8110999/un-appartement-s1-meubl%C3%A9-aux-lac-2,Un appartement s1 meublé aux lac 2,Les Berges Du Lac 2 à La Marsa,1 700 TND,80.0,2.0,1.0,1.0,,1.0,1.0,1.0,1.0,1.0,Appartement,Bon état,36.87190751436114,10.324210919402915,,,80 m²,,,,,,,1.0,1.0,,1.0,1.0,1.0,1.0,1.0,1.0,5-10 ans,,1.0,1.0,,1.0,,,,,1.0,1.0,,,
https://www.mubawab.tn/fr/a/8128045/appartement-s3-meubl%C3%A9-avec-terrasse-au-lac-2,Appartement S3 meublé avec terrasse au Lac 2,Les Berges Du Lac 2 à La Marsa,4 500 TND,,4.0,,,,1.0,1.0,1.0,1.0,1.0,Appartement,Bon état,36.876389,10.325278,,3.0,200 m²,,1.0,,1.0,1.0,1.0,1.0,1.0,1.0,1.0,1.0,1.0,1.0,1.0,1.0,1-5 ans,Carrelage,1.0,1.0,,1.0,,5ème,,3.0,,,,,
https://www.mubawab.tn/fr/a/8105666/a-louer-un-s3-avec-une-terrasse-%C3%A0-la-soukra-park,A louer un S3 avec une terrasse à la Soukra Park,La Soukra à La Soukra,2 400 TND,200.0,4.0,,,,,1.0,1.0,1.0,,Appartement,Bon état,36.883333,10.25,,3.0,200 m²,,1.0,,,,,,,,,1.0,,,,,,,1.0,1.0,,,,6ème,,2.0,,,,,
https://www.mubawab.tn/fr/a/8127831/a-louer-un-appartement-s3,A louer un appartement S3,Sidi Daoued à La Marsa,1 500 TND,150.0,3.0,,1.0,1.0,1.0,1.0,,,,Appartement,Nouveau,36.876389,10.325278,,3.0,,,,,,,,,,,,1.0,,,,,,,1.0,,,,,,,,,,,,
https://www.mubawab.tn/fr/a/7893749/appartement-s2-meubl%C3%A9-avec-terrasse-%C3%A0-la-marsa,Appartement S2 meublé avec terrasse à La Marsa,La Marsa à La Marsa,1 700 TND,,3.0,,1.0,,1.0,1.0,1.0,1.0,1.0,Appartement,Bon état,36.876389,10.325278,,2.0,,,1.0,,,1.0,1.0,,1.0,1.0,1.0,1.0,1.0,1.0,1.0,1.0,1-5 ans,Carrelage,,,,,,2ème,,,,,,,
https://www.mubawab.tn/fr/a/8119930/appartement-s1-jamais-habit%C3%A9-%C3%A0-la-soukra,Appartement S1 jamais habité à La Soukra,La Soukra à La Soukra,1 100 TND,60.0,2.0,1.0,1.0,,,1.0,1.0,1.0,,Appartement,Nouveau,36.883333,10.25,,,,,1.0,,,,,,,,,1.0,,,,,,,1.0,1.0,,1.0,,,,,,,,,
https://www.mubawab.tn/fr/a/8079775/splendide-s2-a-louer-corniche,Splendide S2 a louer Corniche,Sousse Corniche à Sousse Ville,1 800 TND,100.0,3.0,,,,1.0,1.0,1.0,1.0,,Appartement,Bon état,35.8273,10.6339,,2.0,80 m²,,1.0,,,,,1.0,,1.0,1.0,1.0,,,1.0,,,,,1.0,,1.0,,,,2.0,,,,,
https://www.mubawab.tn/fr/a/8073093/appartement-de-type-s2,Appartement de type S2,Khezama Est,750 TND Baisse du prix 50 TND,80.0,3.0,,1.0,1.0,1.0,1.0,1.0,1.0,,Appartement,Bon état,35.844,10.618753,,2.0,,,,,,,,1.0,1.0,,,,,,,,,,,,,,,,,,,,,,
https://www.mubawab.tn/fr/a/8070188/%C3%A0-louer-%E2%80%93-appartement-spacieux-de-type-s3,À Louer – Appartement Spacieux de Type S3,Khezama Est,1 000 TND,100.0,4.0,,1.0,,,1.0,1.0,1.0,,Appartement,Bon état,35.844,10.618753,,3.0,,,,,,,,,1.0,,,,,,,,,,1.0,,,,,,,,,,,,
https://www.mubawab.tn/fr/a/8137729/a-louer-appartement-s2-au-lac-2,A louer Appartement S2 au lac 2,La Marsa,2 000 TND,120.0,,,,,,1.0,1.0,1.0,,Appartement,,36.876389,10.325278,,3.0,,,,,,,,1.0,,,,,,,,,,,1.0,,,,,,,,,,,,
https://www.mubawab.tn/fr/a/8128861/s1-%C3%A0-louer-%C3%A0-ain-zaghouan-nord,S1 à louer à Ain Zaghouan nord,Ain Zaghouan Nord à La Marsa,1 500 TND,,4.0,1.0,1.0,,,1.0,1.0,1.0,,Appartement,Nouveau,36.876389,10.325278,,,,,1.0,,1.0,,1.0,1.0,1.0,1.0,,,,,,,,,,1.0,,1.0,,,,,,,,,
https://www.mubawab.tn/fr/a/7920774/s3-%C3%A0-louer-au-jardin-de-carthage,S3 à Louer au Jardin de Carthage,Les Jardins de Carthage à Le Kram,2 550 TND,181.0,7.0,,,1.0,,1.0,1.0,1.0,,Appartement,Bon état,36.833333,10.316667,,3.0,,,1.0,,1.0,,1.0,1.0,1.0,1.0,,1.0,,,1.0,1.0,Moins d'un an,Carrelage,,1.0,,1.0,,3ème,,2.0,,,,,
https://www.mubawab.tn/fr/a/8135501/s2-%C3%A0-louer-au-jardins-de-carthage,S2 à louer au Jardins de Carthage,Les Jardins de Carthage à Le Kram,1 900 TND,,6.0,,,,,1.0,1.0,1.0,,Appartement,Nouveau,36.833333,10.316667,,2.0,,,,,1.0,,1.0,1.0,1.0,1.0,,1.0,,,,,Moins d'un an,Marbre,1.0,1.0,,1.0,,,,2.0,,,,,
https://www.mubawab.tn/fr/a/7954225/penthouse-%C3%A0-louer-%C3%A0-gammarth-sup%C3%A9rieur,Penthouse à Louer à Gammarth Supérieur,Gammarth Supérieur à La Marsa,6 100 TND,252.0,10.0,,,,,1.0,1.0,1.0,,Appartement,Nouveau,36.87638900000003,10.325278,,4.0,,,1.0,1.0,1.0,,1.0,1.0,1.0,1.0,,1.0,,1.0,1.0,1.0,Moins d'un an,Marbre,1.0,1.0,1.0,1.0,1.0,2ème,,5.0,,,,,
https://www.mubawab.tn/fr/a/8091381/appartement-s3-%C3%A0-louer-%C3%A0-ain-zaghouan-nord,Appartement S3 à louer à Ain Zaghouan nord,Ain Zaghouan Nord à La Marsa,1 800 TND,,7.0,,,,,1.0,1.0,1.0,,Appartement,Bon état,36.876389,10.325278,,3.0,,,,,,,,1.0,1.0,1.0,,1.0,,1.0,,,,,1.0,1.0,,1.0,,,,2.0,,,,,
https://www.mubawab.tn/fr/a/8132537/s1-meubl%C3%A9-%C3%A0-louer-au-jardins-de-carthage,S1 meublé à louer au Jardins de Carthage,Les Jardins de Carthage à Le Kram,2 000 TND,,4.0,1.0,1.0,,1.0,1.0,1.0,1.0,1.0,Appartement,Nouveau,36.833333,10.316667,,,,,1.0,,1.0,,1.0,1.0,1.0,1.0,1.0,1.0,1.0,1.0,,,,Marbre,1.0,1.0,,1.0,,,,,,,,,
https://www.mubawab.tn/fr/a/8109875/s3-%C3%A0-louer-au-jardins-de-carthage,S3 à louer au Jardins de Carthage,Les Jardins de Carthage à Le Kram,2 400 TND,,7.0,,,,,1.0,1.0,1.0,,Appartement,Bon état,36.833333,10.316667,,3.0,,,,,1.0,,1.0,1.0,1.0,1.0,,1.0,,1.0,,,Moins d'un an,Marbre,1.0,1.0,,1.0,,,,2.0,,,,,
https://www.mubawab.tn/fr/a/8120898/s3-meubl%C3%A9-avec-jardin-%C3%A0-louer-%C3%A0-la-marsa,S3 Meublé avec jardin à louer à la Marsa,La Marsa à La Marsa,4 500 TND,300.0,4.0,,,1.0,1.0,1.0,1.0,1.0,1.0,Appartement,Bon état,36.876389,10.325278,,3.0,,,1.0,,,,,1.0,1.0,1.0,1.0,1.0,1.0,1.0,,,,,1.0,1.0,,1.0,,,,2.0,,,,,
https://www.mubawab.tn/fr/a/8110129/s2-meubl%C3%A9-%C3%A0-louer-au-c%C5%93ur-de-la-marsa,S2 Meublé à louer au cœur de la Marsa,La Marsa à La Marsa,3 000 TND,130.0,3.0,,1.0,,1.0,1.0,1.0,1.0,1.0,Appartement,Nouveau,36.876389,10.325278,,2.0,,,1.0,,,,,1.0,1.0,1.0,1.0,1.0,1.0,1.0,,,,,,,,,,,,,,,,,
https://www.mubawab.tn/fr/a/8060707/s3-meubl%C3%A9-avec-terrasse-%C3%A0-louer-%C3%A0-la-marsa,S3 meublé avec terrasse à louer à la Marsa,La Marsa à La Marsa,4 800 TND,280.0,4.0,,,1.0,1.0,1.0,1.0,1.0,1.0,Appartement,Bon état,36.876389,10.325278,,3.0,,,1.0,,,,,1.0,1.0,1.0,1.0,1.0,1.0,1.0,,,,,1.0,1.0,,1.0,,,,3.0,,,,,
https://www.mubawab.tn/fr/a/8088206/s2-avec-terrasse-%C3%A0-louer-%C3%A0-la-marsa,S2 avec terrasse à louer à la Marsa,La Marsa à La Marsa,2 300 TND,125.0,3.0,,1.0,,,1.0,1.0,1.0,,Appartement,Bon état,36.87638900000003,10.325278,,2.0,,,1.0,,,,,1.0,1.0,1.0,,1.0,,1.0,,,,,1.0,1.0,,1.0,,,,,,,,,
https://www.mubawab.tn/fr/a/8129495/s1-en-location,S1 en location,Sidi Daoued à La Marsa,1 400 TND Baisse du prix 100 TND,80.0,2.0,1.0,1.0,,1.0,1.0,1.0,1.0,,Appartement,Bon état,36.876389,10.325278,,,,,,,,,,,,,1.0,1.0,,,,,,,,,,,,,,,,,,,
https://www.mubawab.tn/fr/a/8136738/un-appartement-s4-aux-lac-1,Un appartement s4 aux lac 1,Les Berges Du Lac 1 à La Marsa,4 900 TND,150.0,5.0,,,1.0,,1.0,1.0,1.0,,Appartement,Bon état,36.876389,10.325278,,4.0,,,1.0,,,,1.0,1.0,,1.0,1.0,,,1.0,1.0,,,,1.0,,,,,,,2.0,1.0,,,,
https://www.mubawab.tn/fr/a/8121828/un-appartement-s1-neuf-aux-jardins-de-carthage,Un appartement s1 neuf aux jardins de carthage,Les Jardins de Carthage à Le Kram,1 700 TND,80.0,2.0,1.0,1.0,1.0,,1.0,1.0,1.0,,Appartement,Nouveau,36.833333,10.316667,,,,,1.0,,,,1.0,1.0,,1.0,,1.0,,1.0,1.0,,,,1.0,,,,,,,,1.0,,,,
https://www.mubawab.tn/fr/a/8121829/un-appartement-s2-neuf-aux-jardins-de-carthage,Un appartement s2 neuf aux jardins de carthage,Les Jardins de Carthage à Le Kram,2 400 TND,100.0,3.0,,1.0,1.0,,1.0,1.0,1.0,,Appartement,Nouveau,36.833333,10.316667,,2.0,,,1.0,,,,1.0,1.0,,1.0,,1.0,,1.0,1.0,,,,1.0,,,,,,,,1.0,,,,
https://www.mubawab.tn/fr/a/8135460/s2-meubl%C3%A9-%C3%A0-louer-au-jardins-de-carthage,S2 meublé à louer au Jardins de Carthage,Les Jardins de Carthage à Le Kram,3 000 TND,,6.0,,,1.0,1.0,1.0,1.0,1.0,1.0,Appartement,Nouveau,36.833333,10.316667,,2.0,,,1.0,,1.0,,1.0,1.0,1.0,1.0,1.0,1.0,1.0,1.0,,,Moins d'un an,Marbre,,1.0,,1.0,,,,2.0,,,,,
https://www.mubawab.tn/fr/a/8089189/%C3%A0-louer-duplex-s3-%C3%A0-ain-zaghouan-nord,À louer duplex S3 à Ain Zaghouan nord,Ain Zaghouan Nord à La Marsa,6 000 TND,,7.0,,,,,1.0,1.0,1.0,,Appartement,Nouveau,36.87638900000003,10.325278,,3.0,,,,,,,1.0,1.0,1.0,1.0,1.0,1.0,1.0,1.0,,1.0,Moins d'un an,Marbre,1.0,1.0,,1.0,,,,3.0,1.0,,,,
https://www.mubawab.tn/fr/a/8125250/s1-meubl%C3%A9-%C3%A0-louer-au-jardins-de-carthage,S1 meublé à louer au Jardins de Carthage,Les Jardins de Carthage à Le Kram,2 500 TND,,5.0,1.0,,1.0,1.0,1.0,1.0,1.0,1.0,Appartement,Nouveau,36.833333000000025,10.316667,,,,,1.0,,1.0,,1.0,1.0,1.0,1.0,1.0,1.0,1.0,1.0,,,,Marbre,1.0,1.0,,1.0,,,,2.0,,,,,
https://www.mubawab.tn/fr/a/8123790/s3-meubl%C3%A9-%C3%A0-louer-au-jardins-de-carthage,S3 meublé à louer au Jardins de Carthage,Les Jardins de Carthage à Le Kram,4 500 TND,,8.0,,,,1.0,1.0,1.0,1.0,1.0,Appartement,Nouveau,36.833333,10.316667,,3.0,,,1.0,,1.0,,1.0,1.0,1.0,1.0,1.0,1.0,1.0,1.0,,,,Marbre,1.0,1.0,,1.0,,,,3.0,,,,,
https://www.mubawab.tn/fr/a/8122437/s2-%C3%A0-louer-%C3%A0-ain-zaghouan-nord,S2 à louer à Ain Zaghouan nord,Ain Zaghouan Nord à La Marsa,2 000 TND,,6.0,,,,,1.0,1.0,1.0,,Appartement,Nouveau,36.876389,10.325278,,2.0,,,,,1.0,,1.0,1.0,1.0,1.0,,1.0,,1.0,,,,,1.0,1.0,,1.0,,,,2.0,,,,,
https://www.mubawab.tn/fr/a/8137711/s2-rue-de-marseille,S2 Rue de Marseille,Bab Bhar à Tunis,900 TND,90.0,3.0,,,,,,,,,Appartement,Bon état,36.80197409052593,10.182224915466309,,2.0,90 m²,,1.0,,,,,,,,,,,,,,,Carrelage,,,,,,1er,Est,2.0,,1.0,,,
https://www.mubawab.tn/fr/a/8137691/appartement-s2-neuf-%C3%A0-louer-aux-jardins-de-carthage,Appartement S2 neuf à louer aux Jardins de Carthage,Les Jardins de Carthage à Le Kram,2 500 TND,130.0,,,,,,,,,,Appartement,,36.8555704,10.291834,,2.0,,,1.0,,,,,1.0,,,,,,,,,,,1.0,,,,,,,,,,,,
https://www.mubawab.tn/fr/a/8137689/appartement-s2-%C3%A0-louer-aux-jardins-de-carthage,Appartement S2 à louer aux Jardins de Carthage,Les Jardins de Carthage à Le Kram,1 450 TND,79.0,,,,,,,,,,Appartement,,36.8555704,10.291834,,2.0,,,1.0,,,,,1.0,,,,,,,,,,,,,,,,,,,,,,,
https://www.mubawab.tn/fr/a/8137627/appartement-en-location-%C3%A0-ksar-said-surface-de-80-m%C2%B2-parking,Appartement en location à Ksar Said. Surface de 80 m². Parking,Ksar Said à Le Bardo,600 TND,80.0,3.0,,1.0,,,,,,,Appartement,Bon état,36.83017,10.13736,,3.0,,,,,,,,,,,,,,,,,,,1.0,,,,,2ème,,,,,,,
https://www.mubawab.tn/fr/a/8137609/apparemment-%C3%A0-louer-sousse,Apparemment à louer sousse,Sousse Corniche,170 TND,120.0,3.0,,1.0,,1.0,1.0,1.0,1.0,1.0,Appartement,Bon état,35.84001600160022,10.625704289344789,,3.0,120 m²,,1.0,1.0,1.0,1.0,1.0,1.0,,,1.0,1.0,1.0,1.0,1.0,,5-10 ans,Carrelage,,1.0,,1.0,,2ème,Est,,,,,,
https://www.mubawab.tn/fr/a/8133864/s2-standing-meubl%C3%A9-vue-mer,S2 Standing Meublé Vue Mer,Sousse Ville à Sousse Ville,1 800 TND,115.0,3.0,,,,1.0,1.0,1.0,1.0,1.0,Appartement,Bon état,35.8273,10.6339,,2.0,90 m²,,1.0,1.0,,1.0,1.0,1.0,1.0,1.0,1.0,1.0,1.0,1.0,1.0,,5-10 ans,Marbre,1.0,1.0,,1.0,,3ème,Est,2.0,,,,,
https://www.mubawab.tn/fr/a/8094910/%C3%A9tage-meubl%C3%A9-compl%C3%A8tement-ind%C3%A9pendant-et-spacieux,Étage meublé complètement indépendant et spacieux,Hammam Sousse à Hammam Sousse,1 400 TND,220.0,,,,1.0,1.0,1.0,1.0,,,Appartement,Bon état,35.86540825782059,10.600725267798069,,3.0,200 m²,60 m²,1.0,,,,,,1.0,,,,,,,,,,1.0,,,,,,,2.0,,,,,
https://www.mubawab.tn/fr/a/8118564/appartement-s2-meubl%C3%A9-%C3%A0-gammarth,Appartement S2 Meublé à Gammarth,Gammarth à La Marsa,5 500 TND,130.0,3.0,,,,1.0,1.0,1.0,1.0,1.0,Appartement,Nouveau,36.876389,10.325278,,2.0,,,1.0,,,,,1.0,1.0,,1.0,1.0,1.0,,,,,,1.0,,1.0,1.0,,,,2.0,,,,,
https://www.mubawab.tn/fr/a/8133735/un-appartement-s3-%C3%A0-la-soukra,Un appartement s3 à la soukra,La Soukra à La Soukra,1 700 TND,150.0,4.0,,1.0,,,1.0,1.0,1.0,,Appartement,Bon état,36.883333,10.25,,3.0,,,1.0,,,,1.0,1.0,,1.0,,1.0,,,1.0,,,,1.0,1.0,,,,,,,,,,,
https://www.mubawab.tn/fr/a/8100388/un-s2-%C3%A0-louer,Un S2 à Louer,Cité Les Pins à La Marsa,1 900 TND,100.0,3.0,,,,,1.0,1.0,1.0,,Appartement,Bon état,36.876389,10.325278,,2.0,,,,,,,,,,,1.0,1.0,,,,,,,,,,1.0,,,,2.0,,,,,
https://www.mubawab.tn/fr/a/8137502/un-appartement-s3-%C3%A0-la-soukra,Un appartement s3 à la soukra,La Soukra à La Soukra,1 800 TND,150.0,4.0,,,1.0,,1.0,1.0,1.0,,Appartement,Bon état,36.883333,10.25,,3.0,,,1.0,,1.0,,1.0,1.0,,1.0,,1.0,,,1.0,,,,1.0,1.0,,1.0,,,,2.0,1.0,,,,
https://www.mubawab.tn/fr/a/7976737/un-s3-avec-terrasse-jardin-de-carthage,"Un s3 avec terrasse, jardin de Carthage",Les Jardins de Carthage à Le Kram,2 300 TND,150.0,3.0,,,1.0,,1.0,1.0,1.0,,Appartement,Nouveau,36.833333,10.316667,,3.0,,,1.0,,,,,1.0,1.0,1.0,,,,,,,,Marbre,1.0,1.0,,1.0,,,,2.0,,,,,
https://www.mubawab.tn/fr/a/8083355/un-s1-de-57m%C2%B2-soukra,Un s1 de 57m² soukra,La Soukra à La Soukra,950 TND,57.0,2.0,1.0,1.0,,,1.0,1.0,1.0,,Appartement,Nouveau,36.88333299999999,10.25,,,,,1.0,,,,,,1.0,1.0,,1.0,,,,,5-10 ans,Marbre,1.0,1.0,,,,2ème,,,,,,,
https://www.mubawab.tn/fr/a/8137448/%C3%A0-louer-%C3%A9tage-de-villa-s3-meubl%C3%A9,À louer étage de villa S3 meublé,El Menzah 6 à Ariana Ville,Prix à consulter,270.0,4.0,,1.0,1.0,1.0,1.0,1.0,1.0,1.0,Appartement,Bon état,36.8625,10.19556,,3.0,,,1.0,,,,1.0,1.0,,,1.0,1.0,1.0,1.0,1.0,1.0,,,1.0,,,,,,,,,,,,
https://www.mubawab.tn/fr/a/8137334/appartement-haut-standing-a-la-marsa,Appartement haut standing a la marsa,La Marsa à La Marsa,2 000 TND,120.0,3.0,,,1.0,1.0,,,,,Appartement,Bon état,36.876389,10.325278,,2.0,120 m²,3 m²,,,,,,,,,,,,,,,1-5 ans,Marbre,1.0,,,,,2ème,Nord,2.0,,,,,
https://www.mubawab.tn/fr/a/8135482/%C3%A0-louer-penthouse-s4-avec-piscine-et-vue-d%C3%A9gag%C3%A9e,À LOUER: Penthouse S4 avec piscine et vue dégagée,Les Berges Du Lac 2 à La Marsa,9 000 TND,200.0,5.0,,,,1.0,1.0,1.0,1.0,,Appartement,Bon état,36.876389,10.325278,,4.0,,,1.0,,,,,1.0,,,,1.0,,1.0,,,,,1.0,1.0,,1.0,,,,3.0,1.0,,,,
https://www.mubawab.tn/fr/a/8137432/%C3%A0-louer-%E2%80%93-duplex-s3-au-lac-2,À Louer – Duplex S3 au Lac 2,Les Berges Du Lac 2 à La Marsa,3 800 TND,250.0,4.0,,,,,1.0,1.0,1.0,,Appartement,Bon état,36.876389,10.325278,,3.0,,,1.0,1.0,,,,1.0,,,,1.0,,,,,,,1.0,1.0,,1.0,1.0,,,2.0,,,,,
https://www.mubawab.tn/fr/a/8137418/%C3%A0-louer-appartement-s2-meubl%C3%A9,À louer Appartement S2 meublé,Les Berges Du Lac 1 à La Marsa,2 500 TND,150.0,3.0,1.0,1.0,,1.0,1.0,1.0,1.0,,Appartement,Bon état,36.876389,10.325278,,,,,1.0,,,,,1.0,1.0,,,,,,,,,,1.0,1.0,,,,,,,,,,,
https://www.mubawab.tn/fr/a/8095334/a-louer-appartement-s3-haut-standing-%C3%A0-jasmin,A Louer Appartement S3 Haut Standing à jasmin,Sidi El Mahrsi à Nabeul,2 000 TND,160.0,4.0,,,,,1.0,1.0,1.0,,Appartement,Bon état,36.44895173376086,10.720825709886828,,3.0,160 m²,,1.0,1.0,1.0,,,1.0,1.0,,1.0,1.0,,,,,,,1.0,1.0,,1.0,1.0,,,2.0,,,,,
https://www.mubawab.tn/fr/a/8137368/s2-meubl%C3%A9-%C3%A0-louer-au-c%C5%93ur-des-jardins-de-carthage,S2 Meublé à louer au cœur des jardins de Carthage,Les Jardins de Carthage à Le Kram,2 500 TND,120.0,3.0,,1.0,,1.0,1.0,1.0,1.0,1.0,Appartement,Bon état,36.833333,10.316667,,2.0,,,1.0,,,,,1.0,1.0,1.0,1.0,1.0,1.0,1.0,,,,,1.0,1.0,,1.0,,,,,,,,,
https://www.mubawab.tn/fr/a/8137266/joli-appartement-s2-%C3%A0-louer-av-yacer-arafet-sahlou,Joli Appartement S2 à louer AV Yacer arafet sahlou,Sahloul à Sousse Jaouhara,1 100 TND,100.0,2.0,,1.0,,,,1.0,,,Appartement,Nouveau,35.832439,10.622471,,2.0,,,1.0,,,,,,,,,,,,,,,,,1.0,,,,,,,,,,,
https://www.mubawab.tn/fr/a/8137270/magnifique-appartement-%C3%A0-louer-%C3%A0-sahloul-2,Magnifique Appartement à louer à sahloul 2,Sahloul à Sousse Jaouhara,1 000 TND,115.0,2.0,,1.0,,,1.0,1.0,,,Appartement,Nouveau,35.832439,10.622471,,2.0,,,1.0,,,,,1.0,,,,,,,,,,,1.0,,,1.0,,,,,,,,,
https://www.mubawab.tn/fr/a/8129043/magnifique-les-loft-avec-jardin,Magnifique les loft avec jardin,Sidi Daoued à La Marsa,2 000 TND,95.0,2.0,1.0,1.0,1.0,,,,,,Appartement,Nouveau,36.876389,10.325278,,,95 m²,20 m²,1.0,,,,,,,,,,,,,,1-5 ans,Marbre,1.0,,,,,,Nord,,,,,,
https://www.mubawab.tn/fr/a/8129518/s2-en-location,S2 en location,La Marsa à La Marsa,1 500 TND,110.0,2.0,1.0,1.0,,,,,1.0,,Appartement,Bon état,36.8941992,10.2762232,,,,,,,,,,,,,,,,,,,,Marbre,,,,,,,,,,,,,
https://www.mubawab.tn/fr/a/8133160/a-louer-un-s1-avec-jardin-%C3%A0-la-nouvelle-soukra,A louer un s1 avec jardin à la nouvelle soukra,La Soukra à La Soukra,1 500 TND,78.0,,1.0,1.0,1.0,1.0,1.0,1.0,1.0,,Appartement,Nouveau,36.883333,10.25,1.0,,,,1.0,,1.0,,,,,,,1.0,,,,,,,1.0,,,,,,,,,,,,
https://www.mubawab.tn/fr/a/8129649/s2-en-location,S2 en location,Sidi Daoued à La Marsa,1 300 TND,130.0,3.0,,1.0,1.0,1.0,,1.0,,,Appartement,Bon état,36.876389,10.325278,,2.0,,,,,,,,,,,,,,,,,,Marbre,,,,,,,,,,,,,
https://www.mubawab.tn/fr/a/8129646/s2-en-location,S2 en location,La Marsa à La Marsa,3 100 TND,140.0,3.0,,1.0,1.0,1.0,1.0,1.0,1.0,,Appartement,Bon état,36.8941992,10.2762232,,2.0,,,1.0,,,,,,1.0,,,,,,,,,Carrelage,,,,,,,,,,,,,
https://www.mubawab.tn/fr/a/8129418/%C3%A0-louer-s2-aux-jardins-de-carthage,À louer s2 aux Jardins de Carthage,Les Jardins de Carthage à Le Kram,1 800 TND,103.0,3.0,,1.0,,,1.0,1.0,1.0,,Appartement,Bon état,36.833333,10.316667,,2.0,,,1.0,,,,,1.0,1.0,1.0,,1.0,,,,,,,1.0,1.0,,1.0,,,,,,,,,
https://www.mubawab.tn/fr/a/8128632/a-louer-appartement-s3-meubl%C3%A9-%C3%A0-hammamet-nord,A Louer Appartement S3 Meublé à Hammamet Nord,Hammamet Nord à Hammamet,1 400 TND,130.0,4.0,,,,1.0,1.0,1.0,1.0,1.0,Appartement,Bon état,36.42097353791797,10.67027411682129,,3.0,130 m²,,,1.0,,,,1.0,,,1.0,,1.0,,,,,,,,,,1.0,,,2.0,,,,,
https://www.mubawab.tn/fr/a/8137414/rooftop-de-type-s1-%C3%A0-louer-%C3%A0-la-marsa,Rooftop de type S1 à louer à la Marsa,La Marsa à La Marsa,2 800 TND,,2.0,1.0,1.0,,1.0,1.0,1.0,1.0,1.0,Appartement,Nouveau,36.876389,10.325278,,,,,1.0,,,,,,,,1.0,1.0,1.0,1.0,,,,,,,,,1.0,,,,,1.0,,,
https://www.mubawab.tn/fr/a/8137401/a-louer-un-s1-situ%C3%A9-%C3%A0-cit%C3%A9-wahat,A louer un S1 situé à cité Wahat,Aouina à La Marsa,850 TND,30.0,2.0,1.0,1.0,,,1.0,1.0,1.0,,Appartement,Bon état,36.876389,10.325278,,,,,1.0,,,,,,,,,,,,,,,,,,,1.0,,,,,,,,,
https://www.mubawab.tn/fr/a/8137372/un-grand-appartement-s3,Un grand appartement s3,Cité Ennasr 1 à Ariana Ville,1 500 TND,120.0,4.0,,,,1.0,,,,,Appartement,Bon état,36.8625,10.19556,,3.0,120 m²,,,,,,,,,,,,,,,,,,,,,,,,,2.0,,,,,
https://www.mubawab.tn/fr/a/8137361/appartement-s2-avec-terrasse-%C3%A0-la-marsa,Appartement S2 avec terrasse à la Marsa,La Marsa à La Marsa,2 300 TND,125.0,3.0,,,,,,,1.0,,Appartement,Nouveau,36.876389,10.325278,,2.0,,,1.0,,,,,,,,,1.0,,1.0,,,,,1.0,,,,,,,2.0,,,,,
https://www.mubawab.tn/fr/a/8137316/%C3%A0-louer-%E2%80%93-appartement-s1-meubl%C3%A9-%C3%A0-la-marsa,À LOUER – Appartement S1 meublé à La Marsa,Cité Du Stade à La Marsa,2 600 TND,140.0,2.0,1.0,1.0,1.0,1.0,1.0,1.0,1.0,1.0,Appartement,Bon état,36.876389,10.325278,,,,,1.0,,,,,,,,1.0,1.0,1.0,1.0,1.0,,,,1.0,,,1.0,,,,,,,,,
https://www.mubawab.tn/fr/a/8137332/a-louer-appartement-s2-%C3%A0-la-marsa,A louer appartement S2 à La Marsa,La Marsa à La Marsa,2 500 TND,100.0,2.0,,1.0,,,,,1.0,,Appartement,Nouveau,36.876389,10.325278,,2.0,,,1.0,,,,,1.0,,,,,,,,,,,1.0,,,,,,,,,,,,
https://www.mubawab.tn/fr/a/8137305/l-appartement-s2-%C3%A0-louer,L'appartement S2 à Louer,Cité Taieb Mhiri à Menzel Chaker,1 600 TND,119.0,,,,1.0,,1.0,1.0,1.0,1.0,Appartement,Nouveau,36.86468590000001,10.274830199999998,,2.0,119 m²,119 m²,1.0,,,,,1.0,1.0,1.0,1.0,1.0,1.0,1.0,1.0,,Plus de 100 ans,,1.0,1.0,,1.0,1.0,5ème,,2.0,,,,,
https://www.mubawab.tn/fr/a/8103125/a-louer-un-spacieux-s4-%C3%A0-sahloul-2,A louer un spacieux S4 à Sahloul 2,Sahloul à Sousse Jaouhara,1 650 TND,235.0,5.0,,,,,1.0,1.0,1.0,,Appartement,Bon état,35.832439,10.622471,,3.0,,,1.0,,1.0,,1.0,1.0,1.0,1.0,,1.0,,,,,1-5 ans,Marbre,1.0,,,,,1er,,3.0,,,,,
https://www.mubawab.tn/fr/a/8134853/a-louer-un-spacieux-s3-%C3%A0-sahloul,A louer un spacieux S3 à Sahloul,Sahloul à Sousse Jaouhara,1 100 TND,170.0,4.0,,,,,1.0,1.0,1.0,,Appartement,Nouveau,35.832439,10.622471,,3.0,,,1.0,,,,1.0,1.0,,,,,,,,,1-5 ans,,,,,,,,,2.0,,,,,
https://www.mubawab.tn/fr/a/8125750/a-louer-un-s2-meubl%C3%A9-avec-pp-%C3%A0-sahloul,A louer un S2 meublé avec PP à Sahloul,Sahloul à Sousse Jaouhara,1 300 TND,100.0,3.0,,1.0,,1.0,1.0,1.0,1.0,1.0,Appartement,Bon état,35.832439,10.622471,,2.0,,,1.0,,,,1.0,1.0,,,1.0,1.0,1.0,1.0,1.0,,5-10 ans,,1.0,,,1.0,,,,,,,,,
https://www.mubawab.tn/fr/a/8137300/%C3%A0-louer-un-appartement-s2-%C3%A0-ennasr-2,À louer un appartement S2 à Ennasr 2,Cité Ennasr 2 à Ariana Ville,1 200 TND,80.0,3.0,,1.0,,,1.0,1.0,1.0,,Appartement,Bon état,36.8625,10.19556,,2.0,,,,,,,,,,,,,,,,,5-10 ans,Marbre,,1.0,,1.0,,1er,Est,,,,,,
https://www.mubawab.tn/fr/a/8137291/%C3%A0-louer-un-appartement-s3-%C3%A0-ennasr-2,À louer un appartement S3 à Ennasr 2,Cité Ennasr 2 à Ariana Ville,1 300 TND,100.0,4.0,,1.0,,,1.0,1.0,1.0,,Appartement,Bon état,36.8625,10.19556,,3.0,,,1.0,,,,,,1.0,1.0,,1.0,,,,,5-10 ans,Marbre,1.0,1.0,,1.0,,7ème,Est,,,,,,
https://www.mubawab.tn/fr/a/8132385/a-louer-un-appartement-s2-%C3%A0-la-nouvelle-soukra,A louer un appartement S2 à la Nouvelle Soukra,Aouina à La Marsa,1 500 TND,110.0,3.0,,,,,1.0,1.0,1.0,,Appartement,Bon état,36.876389,10.325278,,2.0,110 m²,,1.0,,,,,,,,,1.0,,,,,,,1.0,1.0,,,,1er,,2.0,,,,,
https://www.mubawab.tn/fr/a/8051914/a-louer-un-appartement-s1-%C3%A0-ain-zaghouan-nord,A louer un appartement S1 à Ain Zaghouan Nord,Ain Zaghouan Nord à La Marsa,1 400 TND,65.0,2.0,1.0,1.0,,,1.0,1.0,1.0,,Appartement,Bon état,36.876389,10.325278,,,65 m²,,,,,,,,,,,1.0,,,,,,,1.0,1.0,,,,4ème,,,,,,,
https://www.mubawab.tn/fr/a/8110330/un-duplex-s3-%C3%A0-la-marsa-avec-jardin,Un duplex s3 à la marsa avec jardin,Sidi Daoued à La Marsa,3 400 TND,150.0,4.0,,,1.0,,1.0,1.0,1.0,,Appartement,Bon état,36.876389,10.325278,,3.0,,,1.0,,,,,1.0,,1.0,,1.0,,1.0,1.0,1.0,,,1.0,,,1.0,1.0,,,3.0,1.0,,,,
https://www.mubawab.tn/fr/a/8135042/%C3%A0-vendre-un-s3-pied-dans-l%E2%80%99eau-raouedv-plage,À vendre un s3 pied dans l’eau Raouedv plage,Raoued à Raoued,2 500 TND,200.0,4.0,,,1.0,,1.0,1.0,1.0,1.0,Appartement,Nouveau,36.70548999999998,10.413199999999998,,3.0,200 m²,,1.0,1.0,1.0,1.0,1.0,1.0,1.0,1.0,1.0,1.0,,1.0,,,1-5 ans,Marbre,1.0,1.0,1.0,1.0,1.0,3ème,Est,2.0,,1.0,,,
https://www.mubawab.tn/fr/a/8137256/appartement-s2-pr%C3%A8s-de-la-mosqu%C3%A9e-fatma-zahra,Appartement s2 près de la mosquée fatma zahra,Sahloul à Sousse Jaouhara,670 TND,90.0,2.0,,1.0,,,,,,,Appartement,Nouveau,35.832439,10.622471,,2.0,,,,,,,,,,,,,,,,,,,,1.0,,,,,,,,,,,
https://www.mubawab.tn/fr/a/8114092/studio-en-location,Studio en location,La Marsa à La Marsa,1 300 TND,30.0,2.0,1.0,1.0,,1.0,1.0,1.0,,,Appartement,Bon état,36.8941992,10.2762232,,,,,,,,,,,,,1.0,1.0,,,,,,,,,,,,,,,,,,,
https://www.mubawab.tn/fr/a/8118734/un-s2-de-110m%C2%B2-chotrana-3,"Un s2 de 110m², chotrana 3",Chotrana 3 à La Soukra,1 450 TND,110.0,3.0,,1.0,,,1.0,1.0,1.0,,Appartement,Nouveau,36.883333,10.25,,2.0,,,1.0,,,,,1.0,1.0,1.0,,1.0,,,,,1-5 ans,Marbre,1.0,1.0,,,1.0,2ème,,,,,,,
https://www.mubawab.tn/fr/a/8137228/un-duplex-s4-aux-lac-1,Un duplex s4 aux lac 1,Les Berges Du Lac 1 à La Marsa,2 600 TND,160.0,5.0,,,1.0,,1.0,1.0,1.0,,Appartement,Bon état,36.876389,10.325278,,4.0,,,1.0,,1.0,,1.0,1.0,,1.0,1.0,,,1.0,1.0,1.0,,,1.0,,,1.0,,,,2.0,1.0,,,,
https://www.mubawab.tn/fr/a/8137215/appartement-%C3%A0-louer-%C3%A0-el-manar-1-1-chambre,Appartement à louer à El Manar 1.1 chambre,El Manar 1 à El Menzah,600 TND,40.0,,1.0,1.0,,,,,,,Appartement,Bon état,36.83778321041204,10.138056398140233,,,,,,,,,,,,,,,,,,,,,,,,,,,,,,,,,
https://www.mubawab.tn/fr/a/8137216/etage-de-villa-avec-piscine-%C3%A0-la-marsa,Etage de villa avec piscine à La Marsa,La Marsa à La Marsa,3 500 TND,,2.0,,,1.0,,1.0,1.0,1.0,,Appartement,Bon état,36.876389,10.325278,,4.0,,,1.0,,1.0,,,,,1.0,,,,,,,,,,,,,,1er,,2.0,1.0,,,,
https://www.mubawab.tn/fr/a/8129666/s2-en-location,S2 en location,Sidi Daoued à La Marsa,1 650 TND Baisse du prix 150 TND,140.0,3.0,,1.0,,1.0,1.0,1.0,1.0,,Appartement,Bon état,36.876389,10.325278,,2.0,,,,,,,,,,,,,,,,,,,1.0,,,,,,,,,,,,
https://www.mubawab.tn/fr/a/8092468/a-louer-un-grand-s2-%C3%A0-menzah-9b,A louer un grand s2 à Menzah 9b,El Menzah 9 à El Menzah,1 800 TND,130.0,3.0,,,1.0,,1.0,1.0,1.0,,Appartement,Bon état,36.845235,10.164723,,2.0,150 m²,280 m²,1.0,,1.0,,1.0,,1.0,1.0,,1.0,,,,,5-10 ans,,1.0,1.0,,1.0,,1er,,2.0,,,,,
https://www.mubawab.tn/fr/a/8086224/location-s1-neuf-wahat,Location s1 neuf wahat,Aouina à La Marsa,1 000 TND,66.0,,1.0,1.0,,,1.0,1.0,1.0,,Appartement,Nouveau,33.88689999999999,9.5375,,,,,1.0,,,,1.0,1.0,1.0,1.0,,1.0,,,,,1-5 ans,Marbre,,1.0,,1.0,,7ème,Est,,,,,,
https://www.mubawab.tn/fr/a/7945807/%C3%A0-louer-appartement-s2-vide-jardins-carthage,À louer appartement S2 vide jardins Carthage,Les Jardins de Carthage à Le Kram,1 500 TND,120.0,,,1.0,,,1.0,1.0,1.0,,Appartement,Bon état,33.88689999999999,9.5375,,2.0,,,,,,,1.0,1.0,1.0,,,1.0,,,,,5-10 ans,Marbre,1.0,1.0,,1.0,,4ème,Est,,,,,,
https://www.mubawab.tn/fr/a/8077264/location-spacieux-apt-s2-jardins-carthage,Location spacieux apt S2 jardins Carthage,Les Jardins de Carthage à Le Kram,2 000 TND,150.0,,,,,,1.0,1.0,1.0,,Appartement,Nouveau,36.8555704,10.291834,,2.0,135 m²,,1.0,,,,1.0,1.0,1.0,1.0,,1.0,,1.0,,,1-5 ans,Marbre,1.0,1.0,,1.0,,6ème,,2.0,,,,,
https://www.mubawab.tn/fr/a/8134346/studio-%C3%A0-louer-meubl%C3%A9-et-calme-%C3%A0-riadh-el-andalous,Studio à louer meublé et calme à Riadh el Andalous,Ariana Ville,900 TND,50.0,,,1.0,1.0,1.0,,,,,Appartement,,36.8625,10.19556,,,,,,,,,,1.0,,,,,,,,,,,,,,,,,,,,,,,
https://www.mubawab.tn/fr/a/8093753/exclusif-location-%E2%80%93-appartement-s1-%C3%A9l%C3%A9gant-au-c%C5%93ur-du-lac-2,Exclusif Location – Appartement S1 Élégant au Cœur du Lac 2,Les Berges Du Lac 2 à La Marsa,1 600 TND,70.0,2.0,1.0,1.0,,,1.0,1.0,,,Appartement,Bon état,36.876389,10.325278,,,,,,,,,,1.0,,,,,,,,,,,1.0,1.0,,,,,,,,,,,
https://www.mubawab.tn/fr/a/7927997/%C3%A0-louer-superbe-appartement-de-luxe-richement-meubl%C3%A9-%C3%A0-sidi-daoued,À louer Superbe Appartement de Luxe Richement Meublé à Sidi Daoued,Sidi Daoued à La Marsa,4 000 TND,200.0,5.0,,,1.0,1.0,1.0,1.0,,,Appartement,Bon état,36.876389,10.325278,,3.0,,,1.0,,,,,1.0,,,,,,,,,,,1.0,,,,,,,2.0,,,,,
https://www.mubawab.tn/fr/a/8069885/duplex-%C3%A0-louer-%C3%A0-sidi-daoued,Duplex à louer à Sidi Daoued,Sidi Daoued à La Marsa,2 800 TND,120.0,4.0,,,1.0,,1.0,1.0,1.0,1.0,Appartement,Bon état,36.876389,10.325278,,3.0,,,1.0,,,1.0,1.0,,,,1.0,1.0,1.0,,,,,,1.0,,,,,,,2.0,,,,,
https://www.mubawab.tn/fr/a/8122107/s1-meubl%C3%A9-%C3%A0-la-marsa,S1 meublé à La Marsa,Cité Du Stade à La Marsa,2 100 TND,90.0,2.0,1.0,1.0,1.0,1.0,1.0,1.0,1.0,1.0,Appartement,Nouveau,36.876389,10.325278,,,,,1.0,,,1.0,,,,,1.0,1.0,1.0,,,,,,1.0,,,,,,,,,,,,
https://www.mubawab.tn/fr/a/8137190/a-louer-s2-meubl%C3%A9-les-berges-du-lac-1,A louer S2 meublé Les Berges du Lac 1,Les Berges Du Lac 1 à La Marsa,5 000 TND,250.0,3.0,,,,1.0,1.0,1.0,1.0,1.0,Appartement,Bon état,36.83041259625884,10.223310993156437,,2.0,150 m²,100 m²,1.0,,,1.0,,1.0,1.0,,1.0,1.0,1.0,1.0,1.0,,10-20 ans,Marbre,1.0,1.0,,1.0,1.0,4ème,,2.0,,,,,
https://www.mubawab.tn/fr/a/8137193/a-louer-un-s2-neuf-%C3%A0-cit%C3%A9-les-palmeraies-l-aouina,A louer un S2 neuf à Cité les palmeraies L'Aouina,Aouina à La Marsa,1 200 TND,110.0,3.0,,1.0,,,,1.0,1.0,,Appartement,Nouveau,36.876389,10.325278,,2.0,110 m²,,,,,,,,,,,1.0,,,,,,,,1.0,,,,7ème,,,,,,,
https://www.mubawab.tn/fr/a/8099430/appartement-s3-meubl%C3%A9-avec-terrasse-vue-sur-mer,Appartement S3 meublé avec terrasse vue sur mer,La Marsa à La Marsa,5 000 TND,,4.0,,,,1.0,1.0,1.0,1.0,1.0,Appartement,Bon état,36.876389,10.325278,,3.0,,,1.0,1.0,1.0,1.0,1.0,1.0,1.0,1.0,1.0,1.0,1.0,1.0,1.0,1.0,1-5 ans,Carrelage,,,,,,2ème,,2.0,,,,,
https://www.mubawab.tn/fr/a/8131496/a-louer-appartement-s2-richement-meubl%C3%A9-%C3%A0-ain-zaghouan,A louer Appartement S2 Richement meublé à Ain Zaghouan,Ain Zaghouan Nord à La Marsa,1 950 TND,112.0,2.0,,,,1.0,1.0,1.0,1.0,1.0,Appartement,Nouveau,36.876389,10.325278,,3.0,,,1.0,,,,,1.0,,,1.0,1.0,,,,,,,1.0,,,,,,,2.0,,,,,
https://www.mubawab.tn/fr/a/8122727/appartement-s3-neuf-meubl%C3%A9-vue-sur-mer-%C3%A0-gammarth,Appartement S3 neuf meublé vue sur mer à Gammarth,Gammarth à La Marsa,3 000 TND,,4.0,,,,1.0,1.0,1.0,1.0,1.0,Appartement,Nouveau,36.876389,10.325278,,3.0,,,1.0,1.0,1.0,1.0,1.0,1.0,1.0,1.0,1.0,1.0,1.0,1.0,1.0,1.0,,Carrelage,1.0,,,1.0,,2ème,,2.0,,,,,
https://www.mubawab.tn/fr/a/8136446/appartement-s2-meubl%C3%A9-avec-terrasse-aux-jdc,Appartement S2 meublé avec terrasse aux JDC,Les Jardins de Carthage à Le Kram,2 800 TND,,3.0,,,1.0,1.0,1.0,1.0,1.0,1.0,Appartement,Bon état,36.833333,10.316667,,2.0,,,1.0,,1.0,1.0,1.0,1.0,1.0,1.0,1.0,1.0,1.0,1.0,1.0,1.0,,Carrelage,1.0,1.0,,1.0,,10ème,,2.0,,,,,
https://www.mubawab.tn/fr/a/8077271/location-s1-neuf-jardins-de-carthage,Location S1 neuf jardins de Carthage,Les Jardins de Carthage à Le Kram,1 500 TND,70.0,,1.0,1.0,,,1.0,1.0,1.0,,Appartement,Nouveau,36.8555704,10.291834,,,,,1.0,,,,1.0,1.0,1.0,1.0,,1.0,,1.0,,,1-5 ans,Marbre,1.0,1.0,,1.0,,3ème,Est,,,,,,
https://www.mubawab.tn/fr/a/8114424/studio-%C3%A0-borj-el-baccouch,Studio à Borj El Baccouch,Borj Baccouche à Ariana Ville,600 TND,50.0,2.0,1.0,1.0,1.0,,1.0,1.0,,,Appartement,Bon état,36.8625,10.19556,,,40 m²,,1.0,,,,,,,,,,,,,,10-20 ans,Carrelage,,,,,,,Sud,,,,,,
https://www.mubawab.tn/fr/a/8132947/%C3%A0-louer-appartement-meubl%C3%A9-au-lac-2,À louer Appartement meublé au lac 2,La Marsa,4 800 TND,,,,,1.0,1.0,,,,,Appartement,,36.876389,10.325278,,,,,,,,,,,,,,,,,,,,,,,,,,,,,,,,,
https://www.mubawab.tn/fr/a/8104634/%C3%A9l%C3%A9gant-loft-%C3%A0-louer-%E2%80%93-une-oasis-urbaine-au-c%C5%93ur-du-lac-2,Élégant Loft à Louer – Une Oasis Urbaine au Cœur du Lac 2,La Marsa,3 100 TND,150.0,,,1.0,1.0,1.0,,,1.0,,Appartement,,36.876389,10.325278,,,,,,,,,,1.0,,,,,,,,,,,1.0,,,,,,,,,,,,
https://www.mubawab.tn/fr/a/8104632/%C3%A9poustouflant-duplex-%C3%A0-louer-au-c%C5%93ur-du-lac-2,Époustouflant Duplex à Louer au Cœur du Lac 2,La Marsa,3 800 TND,250.0,,,,1.0,,1.0,,1.0,,Appartement,,36.876389,10.325278,,,,,1.0,,,,,1.0,,,,,,,,,,,1.0,1.0,,,,,,2.0,,,,,
https://www.mubawab.tn/fr/a/8106956/exclusif-appartement-s3-%C3%A0-louer-au-c%C5%93ur-du-lac-2,Exclusif Appartement S3 à Louer au Cœur du Lac 2,La Marsa,3 600 TND,160.0,,,1.0,,1.0,,,1.0,,Appartement,,36.876389,10.325278,,,,,1.0,,,,,,,,,,,,,,,,1.0,1.0,,,,,,,,,,,
https://www.mubawab.tn/fr/a/8096280/appartement-s1-neuf-%C3%A0-louer-%C3%A0-ain-zaghouan-nord,Appartement S1 neuf à louer à ain zaghouan nord,Ain Zaghouan Nord à La Marsa,1 800 TND,70.0,2.0,1.0,1.0,,,1.0,1.0,1.0,,Appartement,Nouveau,36.876389,10.325278,,,,,1.0,,1.0,1.0,1.0,1.0,1.0,1.0,1.0,1.0,,1.0,1.0,1.0,,,1.0,1.0,,1.0,,,,,1.0,,,,
https://www.mubawab.tn/fr/a/8122583/appartement-s3-%C3%A0-la-marsa,Appartement S3 à La Marsa,La Marsa à La Marsa,2 800 TND,180.0,4.0,,,,,1.0,1.0,1.0,,Appartement,Bon état,36.876389,10.325278,,3.0,,,1.0,,,,,,,,,1.0,,,,,,,1.0,1.0,,1.0,,,,3.0,,,,,
https://www.mubawab.tn/fr/a/8135094/appartement-jamais-habit%C3%A9-s2-%C3%A0-la-marsa,Appartement jamais habité S2 à la Marsa,Cité Du Stade à La Marsa,1 900 TND,120.0,3.0,,1.0,,,1.0,1.0,1.0,,Appartement,Nouveau,36.876389,10.325278,,2.0,120 m²,,1.0,,,,,,1.0,,,1.0,,,,,,,1.0,,,1.0,,,,,,,,,
https://www.mubawab.tn/fr/a/8133754/appartement-s3-%C3%A0-la-marsa,Appartement S3 à La Marsa,La Marsa à La Marsa,1 550 TND,110.0,3.0,,1.0,,,1.0,1.0,1.0,,Appartement,Bon état,36.876389,10.325278,,3.0,,,,,,,,,,,,1.0,,,,,,,,,,,,,,,,,,,
https://www.mubawab.tn/fr/a/8022767/%C3%A0-louer-un-appartement-s2-avec-jardin-%C3%A0-l-aouina,À louer un appartement S2 avec jardin à L'Aouina,Aouina à La Marsa,1 900 TND,127.0,2.0,,,1.0,,1.0,1.0,1.0,,Appartement,Bon état,36.876389,10.325278,,2.0,,,1.0,,,,,1.0,1.0,1.0,,,,,,,,,1.0,1.0,,1.0,1.0,,,2.0,,,,,
https://www.mubawab.tn/fr/a/8053959/etage-de-villa-s2-%C3%A0-la-marsa,Etage de villa S2 à La Marsa,La Marsa à La Marsa,1 900 TND,150.0,3.0,,1.0,,,1.0,1.0,1.0,,Appartement,Bon état,36.876389,10.325278,,2.0,,,1.0,,,,,,,,,1.0,,,,,,,1.0,,,,,1er,,,,,,,
https://www.mubawab.tn/fr/a/8120099/%C3%A0-louer-un-joli-appartement-s3-%C3%A0-la-marsa,À louer un joli appartement s3 à la marsa,La Marsa à La Marsa,2 900 TND,190.0,3.0,,,,,1.0,1.0,1.0,,Appartement,Bon état,36.876389,10.325278,,3.0,190 m²,,1.0,,1.0,,,1.0,1.0,1.0,,,,,,,,,1.0,1.0,,1.0,,,,3.0,,,,,
https://www.mubawab.tn/fr/a/8100168/%C3%A0-louer-un-appartement-s1-neuf-%C3%A0-chotrana-3,À louer un appartement s1 neuf à chotrana 3,Chotrana 3 à La Soukra,1 000 TND,58.0,,1.0,1.0,,,1.0,1.0,1.0,,Appartement,Nouveau,36.883333,10.25,1.0,,45 m²,,,,,,,1.0,1.0,,,,,,,,,,1.0,1.0,,1.0,,,,,,,,,
https://www.mubawab.tn/fr/a/7920141/%C3%A0-louer-un-bel-appartement-s1-%C3%A0-la-soukra,À louer un bel appartement s1 à la soukra,Sidi Frej à La Soukra,1 000 TND,70.0,2.0,1.0,1.0,,,1.0,1.0,1.0,,Appartement,Nouveau,36.883333,10.25,,,,,1.0,,,,,1.0,1.0,1.0,,,,,,,,,1.0,1.0,,,,,,,,,,,
https://www.mubawab.tn/fr/a/8043930/%C3%A0-louer-un-joli-appartement-s2-meubl%C3%A9-%C3%A0-chotrana1,À louer un joli appartement s2 meublé à chotrana1,Chotrana 1 à La Soukra,1 850 TND,135.0,2.0,,,,1.0,1.0,1.0,1.0,1.0,Appartement,Nouveau,36.883333,10.25,,2.0,,,1.0,,1.0,,,1.0,1.0,1.0,1.0,1.0,1.0,1.0,1.0,,,,1.0,1.0,,1.0,,,,2.0,,,,,
https://www.mubawab.tn/fr/a/8083370/a-louer-appartement-meubl%C3%A9-vue-lac,A louer appartement meublé vue lac,Les Berges Du Lac 1 à La Marsa,5 500 TND,160.0,4.0,,,,1.0,1.0,1.0,1.0,1.0,Appartement,Nouveau,36.876389,10.325278,,3.0,,,1.0,,1.0,1.0,,1.0,1.0,1.0,1.0,1.0,1.0,1.0,1.0,1.0,,,1.0,1.0,,1.0,,,,3.0,,,,,
https://www.mubawab.tn/fr/a/8137094/appartement-s1-meubl%C3%A9-aux-jardins-de-carthage,Appartement S1 meublé aux Jardins de Carthage,Les Jardins de Carthage à Le Kram,2 000 TND,80.0,,1.0,1.0,,1.0,,,,,Appartement,Nouveau,36.833333,10.316667,1.0,,,,1.0,,,,,,,,,,,,,,,,,,,,,,,,,,,,
https://www.mubawab.tn/fr/a/8106193/s3-en-location,S3 en location,Hammam Sousse à Hammam Sousse,1 200 TND,121.0,,,,,,1.0,1.0,,,Appartement,,35.8569,10.591507,,,,,1.0,,,,,,,,,1.0,,,,,,,,,,,,,,,,,,,
https://www.mubawab.tn/fr/a/8130466/un-penthouse-de-tr%C3%A8s-haut-standing-avec-vue-sur-le-lac-et-piscine,Un penthouse de très haut standing avec vue sur le lac et piscine,Les Berges Du Lac 1 à La Marsa,8 000 TND,400.0,,,,,1.0,1.0,1.0,1.0,1.0,Appartement,Nouveau,36.87901260000001,10.306801200000002,,5.0,,150 m²,1.0,1.0,1.0,,1.0,1.0,1.0,1.0,1.0,1.0,1.0,1.0,1.0,,1-5 ans,Marbre,1.0,1.0,1.0,1.0,1.0,,Sud,4.0,1.0,,,,
https://www.mubawab.tn/fr/a/8130664/penthouse-s3-avec-piscine-aux-jdc,Penthouse S3 avec piscine aux JDC,Les Jardins de Carthage à Le Kram,5 000 TND,,4.0,,,,,1.0,1.0,1.0,,Appartement,Bon état,36.833333,10.316667,,3.0,,,1.0,,1.0,1.0,1.0,1.0,1.0,1.0,1.0,,,,1.0,1.0,1-5 ans,Carrelage,1.0,1.0,,1.0,,3ème,,3.0,1.0,,,,
https://www.mubawab.tn/fr/a/8071393/un-appartement-s3-%C3%A0-louer-pr%C3%A8s-du-parc-%C3%A0-la-soukra,Un Appartement S3 à louer près du parc à La Soukra,La Soukra à La Soukra,1 500 TND,130.0,4.0,,,,,,,1.0,,Appartement,Bon état,36.88833,10.27417,,3.0,,,1.0,,,,,,,,,,,,,,,,1.0,,,,,,,2.0,,,,,
https://www.mubawab.tn/fr/a/8136009/s2-en-location,S2 en location,Tunis,1 200 TND,80.0,,,,,1.0,1.0,1.0,,,Appartement,,36.81881,10.16596,,,,,,,,,,,,,,,,,,,,,,,,,,,,,,,,,
https://www.mubawab.tn/fr/a/8125901/location-appartement-s3-meubl%C3%A9-%C3%A0-la-marsa,Location appartement s3 meublé à la marsa,La Marsa à La Marsa,3 000 TND,140.0,4.0,,,,1.0,1.0,1.0,1.0,1.0,Appartement,Bon état,36.8941992,10.2762232,,3.0,140 m²,20 m²,1.0,,,,1.0,1.0,1.0,1.0,1.0,1.0,,1.0,,,,,1.0,1.0,,,,,,3.0,,,,,
https://www.mubawab.tn/fr/a/8123521/a-louer-appartement-s2-jamais-habit%C3%A9-a-mourouj-6,A LOUER Appartement S2 jamais habité a mourouj 6,El Mourouj 6 à El Mourouj,1 500 TND,119.0,,,,,1.0,1.0,,1.0,,Appartement,Nouveau,36.6938694,10.2622167,1.0,2.0,119 m²,,,,,,1.0,1.0,,,1.0,1.0,1.0,,,,Moins d'un an,,1.0,1.0,,1.0,,4ème,,2.0,,,,,
https://www.mubawab.tn/fr/a/8136517/appartement-s2-%C3%A0-louer-%C3%A0-lac-2-120m%C2%B2,Appartement S2 à Louer à Lac 2 120m²,Les Berges Du Lac 2 à La Marsa,2 100 TND,120.0,,,1.0,,,,,1.0,,Appartement,Bon état,36.84639298428007,10.27045381023424,1.0,2.0,,,,,,,,1.0,,,,,,,,,,,1.0,1.0,,1.0,,,,,,,,,
https://www.mubawab.tn/fr/a/8122003/a-louer-appartement-s3-au-lac-2,A LOUER Appartement S3 au Lac 2,Les Berges Du Lac 2 à La Marsa,2 600 TND,146.0,3.0,,,,,,,,,Appartement,Bon état,36.86250000000001,10.195560000000002,,2.0,,,,,,,,,,,,,,,,,,,1.0,1.0,,,,,,2.0,,,,,
https://www.mubawab.tn/fr/a/8129612/s2-en-location,S2 en location,Hammam Sousse à Hammam Sousse,1 100 TND,95.0,,,,,1.0,1.0,,,,Appartement,,35.8569,10.591507,,,,,,,,,,,,,,,,,,,,,,,,,,,,,,,,,
https://www.mubawab.tn/fr/a/8134581/s2-en-location,S2 en location,Hammam Sousse à Hammam Sousse,1 100 TND,110.0,,,,,1.0,1.0,1.0,,,Appartement,,35.8569,10.591507,,,,,1.0,,,,,,,,,1.0,,,,,,,,,,,,,,,,,,,
https://www.mubawab.tn/fr/a/8134083/s1-en-location,S1 en location,Hammam Sousse à Hammam Sousse,1 000 TND,70.0,,,,,1.0,1.0,1.0,1.0,,Appartement,,35.8569,10.591507,,,,,1.0,1.0,,,,1.0,,,1.0,1.0,,1.0,,,,,1.0,1.0,,,,,,,,,,,
https://www.mubawab.tn/fr/a/8079901/s2-en-location,S2 en location,Khezama Est,1 500 TND,120.0,,,1.0,,1.0,1.0,1.0,1.0,,Appartement,Bon état,35.844,10.618753,1.0,2.0,,,1.0,1.0,,,1.0,1.0,,,,1.0,,,1.0,,5-10 ans,Marbre,1.0,1.0,,1.0,,3ème,Est,,,,,,
https://www.mubawab.tn/fr/a/8050974/bel-appartement-en-location-2-belles-chambres-meubl%C3%A9,Bel appartement en location. 2 belles chambres. Meublé,Khezama Est,1 100 TND,90.0,2.0,,1.0,,1.0,1.0,1.0,1.0,1.0,Appartement,Bon état,35.844,10.618753,,2.0,80 m²,20 m²,1.0,,1.0,,1.0,,,1.0,1.0,1.0,1.0,1.0,,,10-20 ans,Carrelage,,1.0,,1.0,,3ème,Ouest,,,,,,
https://www.mubawab.tn/fr/a/8082939/s2-en-location,S2 en location,Khezama Est,1 700 TND,126.0,,,,,1.0,1.0,1.0,1.0,1.0,Appartement,Bon état,35.844,10.618753,1.0,2.0,,,1.0,1.0,,1.0,1.0,1.0,,1.0,1.0,1.0,1.0,1.0,,,5-10 ans,Marbre,1.0,1.0,,1.0,1.0,5ème,Est,2.0,1.0,,,,
https://www.mubawab.tn/fr/a/8082994/s3-en-location,S3 en location,Khezama Est,950 TND,120.0,,,,,,,,,,Appartement,Bon état,35.844,10.618753,1.0,3.0,,,1.0,,,,1.0,,,,,,,,,,5-10 ans,Carrelage,,,1.0,,1.0,2ème,Est,2.0,,,,,
https://www.mubawab.tn/fr/a/8052011/s1-en-location,S1 en location,Khezama Est,1 700 TND,64.0,,1.0,1.0,,1.0,1.0,1.0,1.0,1.0,Appartement,Bon état,35.844,10.618753,1.0,,,,1.0,,,1.0,1.0,1.0,1.0,1.0,1.0,1.0,1.0,1.0,1.0,,1-5 ans,Marbre,,1.0,,1.0,,3ème,Est,,1.0,,,,
https://www.mubawab.tn/fr/a/8114024/s2-en-location,S2 en location,Khezama Est,1 000 TND,100.0,,,1.0,,,1.0,1.0,,,Appartement,Bon état,35.844,10.618753,1.0,2.0,,,1.0,,,1.0,1.0,1.0,,,,,,,,,5-10 ans,Marbre,1.0,1.0,,1.0,,5ème,Est,,,,,,
https://www.mubawab.tn/fr/a/8137041/appartement-a-louer-au-bardo,Appartement a louer au bardo,Le Bardo à Le Bardo,1 200 TND,90.0,,,1.0,,,,1.0,1.0,,Appartement,Bon état,36.807573773711496,10.135805303114331,1.0,3.0,90 m²,30 m²,,,,,1.0,,1.0,,,1.0,,,,,5-10 ans,Marbre,1.0,1.0,,,,2ème,Est,,,,,,
https://www.mubawab.tn/fr/a/8137050/a-louer-un-s1-vide-%C3%A0-l-aouina,A louer un S1 vide à l'aouina,Aouina à La Marsa,950 TND,70.0,2.0,1.0,1.0,,,1.0,1.0,1.0,,Appartement,Bon état,36.876389,10.325278,,,,,,,,,,1.0,,,,,,,,,,,,1.0,,1.0,,,,,,,,,
https://www.mubawab.tn/fr/a/8033254/s1-en-location,S1 en Location,Khezama Est,1 100 TND,68.0,,1.0,1.0,,,1.0,1.0,1.0,,Appartement,Nouveau,35.844,10.618753,1.0,,,,1.0,,,,1.0,1.0,1.0,1.0,1.0,1.0,,,,,1-5 ans,Marbre,,1.0,,1.0,,3ème,Est,,,,,,
https://www.mubawab.tn/fr/a/8080896/s3-neuf-%C3%A0-louer-aux-jardins-de-carthage,S3 neuf à louer aux Jardins de Carthage,Les Jardins de Carthage à Le Kram,2 700 TND,,5.0,,,,1.0,1.0,1.0,1.0,,Appartement,Nouveau,36.833333,10.316667,,3.0,,,1.0,,1.0,,1.0,1.0,1.0,1.0,,1.0,,,,1.0,Moins d'un an,Marbre,1.0,1.0,,1.0,,3ème,,3.0,,,,,
https://www.mubawab.tn/fr/a/8130004/s2-%C3%A0-louer-%C3%A0-ain-zaghouan-nord,S2 à louer à Ain Zaghouan Nord,Ain Zaghouan Nord à La Marsa,1 400 TND,,6.0,,,,,1.0,1.0,1.0,,Appartement,Bon état,36.876389,10.325278,,2.0,,,1.0,,1.0,,1.0,1.0,1.0,1.0,,,,,,,,Marbre,1.0,1.0,,1.0,,,,2.0,,,,,
https://www.mubawab.tn/fr/a/8128458/s2-%C3%A0-louer-%C3%A0-ain-zaghouan-nord,S2 à Louer à Ain Zaghouan Nord,Ain Zaghouan Nord à La Marsa,2 000 TND,,6.0,,,,,1.0,1.0,1.0,,Appartement,Nouveau,36.876389,10.325278,,2.0,,,1.0,,1.0,,1.0,1.0,1.0,1.0,1.0,,,,,,,Marbre,,1.0,,1.0,,,,2.0,,,,,
https://www.mubawab.tn/fr/a/7903326/s3-a-louer-a-jardins-de-carthage,S3 a louer a jardins de carthage,Les Jardins de Carthage à Le Kram,2 300 TND,120.0,4.0,,,,1.0,1.0,1.0,1.0,,Appartement,Nouveau,36.833333,10.316666999999995,,3.0,,,,,,,,,,,,,,,,,,,,,,,,,,2.0,,,,,
https://www.mubawab.tn/fr/a/8132620/s2-%C3%A0-louer-%C3%A0-ain-zaghouan-nord,S2 à louer à Ain Zaghouan Nord,Ain Zaghouan Nord à La Marsa,2 500 TND,,3.0,,,,,1.0,1.0,1.0,,Appartement,Bon état,36.876389,10.325278,,2.0,,,1.0,,1.0,,1.0,1.0,1.0,1.0,1.0,1.0,,1.0,,,,Marbre,1.0,1.0,,1.0,,,,2.0,,,,,
https://www.mubawab.tn/fr/a/8130443/duplex-s3-%C3%A0-louer-%C3%A0-sidi-daoued,Duplex S3 à louer à Sidi Daoued,Sidi Daoued à La Marsa,3 500 TND,,7.0,,,1.0,,1.0,1.0,1.0,,Appartement,Bon état,36.876389,10.325278,,3.0,,,1.0,,1.0,,1.0,1.0,1.0,1.0,,1.0,,,,,,,1.0,1.0,,1.0,,,,2.0,,,,,
https://www.mubawab.tn/fr/a/7943890/s3-%C3%A0-louer-aux-jardins-de-carthage,S3 à Louer aux Jardins De Carthage,Les Jardins de Carthage à Le Kram,2 300 TND,181.0,5.0,,1.0,,,1.0,1.0,1.0,,Appartement,Nouveau,36.833333,10.316667,,3.0,,,1.0,,1.0,,1.0,1.0,1.0,1.0,,1.0,,,1.0,1.0,Moins d'un an,Marbre,1.0,1.0,,1.0,,2ème,,,,,,,
https://www.mubawab.tn/fr/a/7869909/s2-haut-standing-avec-piscine-%C3%A0-gammarth,S2 Haut standing avec piscine à gammarth,Gammarth à La Marsa,5 000 TND,230.0,3.0,,,1.0,,1.0,1.0,1.0,,Appartement,Nouveau,36.876389,10.325278,,2.0,,,1.0,,,,,1.0,,,,,,,,,,Marbre,,1.0,,1.0,,,,3.0,1.0,,,,
https://www.mubawab.tn/fr/a/8137023/a-louer-appartement-s2-%C3%A0-sidi-daoud,A louer Appartement S2 à Sidi Daoud,La Marsa,1 300 TND,120.0,,,,,,1.0,1.0,1.0,,Appartement,,36.876389,10.325278,,3.0,,,1.0,,,,,1.0,,,,,,,,,,,,,,,,,,,,,,,
https://www.mubawab.tn/fr/a/8137021/a-louer-appartement-s3-aux-jardins-de-carthage,A louer Appartement S3 aux Jardins de Carthage,Le Kram,3 000 TND,150.0,,,,,,1.0,1.0,1.0,1.0,Appartement,,36.833333,10.316667,,4.0,,,1.0,,,,,1.0,,,,1.0,,,,,,,1.0,,,,,,,,,,,,
https://www.mubawab.tn/fr/a/8119914/a-louer-un-appartement-s2-meubl%C3%A9-%C3%A0-ennasr-2,A louer un appartement s2 meublé à ennasr 2,Cité Ennasr 2 à Ariana Ville,1 900 TND,130.0,3.0,,1.0,,1.0,1.0,1.0,1.0,1.0,Appartement,Nouveau,36.8625,10.19556,,2.0,,,1.0,,1.0,1.0,,1.0,1.0,1.0,1.0,1.0,1.0,1.0,1.0,,1-5 ans,Marbre,1.0,1.0,1.0,1.0,,,Sud,,,,,,
https://www.mubawab.tn/fr/a/8137020/a-louer-un-s2-%C3%A0-ennasr-2,A louer un S2 à ennasr 2,Cité Ennasr 2 à Ariana Ville,1 200 TND,60.0,3.0,,1.0,,,,,,,Appartement,Bon état,36.8625,10.19556,,2.0,50 m²,,,,,,,,,,,,,,,,10-20 ans,Marbre,,,,,,1er,Ouest,,,,,,
https://www.mubawab.tn/fr/a/8137011/escapade-incontournable-a-un-environnement-durable,Escapade incontournable a un environnement durable,Rades Foret à Rades,1 000 TND,270.0,6.0,,,1.0,1.0,1.0,1.0,1.0,1.0,Appartement,Nouveau,36.7609,10.2736,,4.0,270 m²,270 m²,1.0,,1.0,1.0,1.0,1.0,,1.0,1.0,1.0,1.0,1.0,1.0,,Moins d'un an,Marbre,,1.0,1.0,,1.0,5ème,Ouest,2.0,,,,,
https://www.mubawab.tn/fr/a/8126519/appartement-meubl%C3%A9-s2-%C3%A0-louer-jardin-de-laouina-tunis,"Appartement Meublé S2 à Louer Jardin de Laouina, Tunis",Aouina à La Marsa,2 300 TND,119.0,,,1.0,1.0,1.0,1.0,1.0,1.0,,Appartement,Bon état,36.85971613010672,10.261446640930176,1.0,2.0,119 m²,,1.0,,1.0,,,1.0,,,1.0,1.0,1.0,,,,,,1.0,1.0,,1.0,,6ème,,,,,,,
https://www.mubawab.tn/fr/a/8110277/s1-%C3%A0-louer-au-jardins-de-carthage,S1 à louer au jardins de Carthage,Les Jardins de Carthage à Le Kram,1 400 TND,,4.0,1.0,1.0,,,1.0,1.0,1.0,,Appartement,Bon état,36.833333,10.316667,,,,,,,1.0,,1.0,1.0,1.0,1.0,,1.0,,1.0,,,,Marbre,1.0,1.0,,1.0,,,,,,,,,
https://www.mubawab.tn/fr/a/8126077/s3-%C3%A0-louer-au-jardins-de-carthage,S3 à louer au Jardins de Carthage,Les Jardins de Carthage à Le Kram,2 400 TND,,8.0,,,1.0,1.0,1.0,1.0,1.0,1.0,Appartement,Nouveau,36.833333000000025,10.316667,,3.0,,,1.0,,,,1.0,1.0,1.0,1.0,1.0,1.0,1.0,1.0,,,Moins d'un an,Marbre,1.0,1.0,,1.0,,,,3.0,,,,,
https://www.mubawab.tn/fr/a/8136794/ennasr-%C3%A0-louer-s1,Ennasr à louer s1,Cité Ennasr 2 à Ariana Ville,850 TND,70.0,,1.0,1.0,,,,1.0,,,Appartement,Nouveau,36.8625,10.19556,1.0,,,,1.0,,,,,1.0,,,,,,,,,,,,1.0,,,,,,,,,,,
https://www.mubawab.tn/fr/a/8126343/appartement-s2-%C3%A0-louer-%C3%A0-ain-zaghouan-nord,Appartement S2 à louer à Ain Zaghouan nord,Ain Zaghouan Nord à La Marsa,2 400 TND,180.0,3.0,,,,,,,1.0,,Appartement,Nouveau,36.8623859,10.2835035,,3.0,,,1.0,,,,,,,,,,,,,,,,1.0,,,,,,,3.0,,,,,
https://www.mubawab.tn/fr/a/8120736/appartement-s3-avec-jardin-%C3%A0-la-marsa,Appartement S3 avec jardin à la Marsa,Cité Les Pins à La Marsa,4 500 TND,300.0,4.0,,,1.0,1.0,1.0,1.0,1.0,,Appartement,Bon état,36.876389,10.325278,,3.0,,,1.0,,,,,,1.0,1.0,,,,,,,,,1.0,,,,,,,2.0,,,,,
https://www.mubawab.tn/fr/a/8126612/loft-s1-meubl%C3%A9-%C3%A0-la-marsa-corniche,Loft S1 meublé à la Marsa corniche,La Marsa à La Marsa,2 100 TND,80.0,2.0,1.0,1.0,,1.0,1.0,1.0,1.0,,Appartement,Bon état,36.876389,10.325278,,,,,,,,,,1.0,1.0,,,,,,,,,,,,,,,,,,,,,,
https://www.mubawab.tn/fr/a/8122217/%C3%A0-louer-s1-au-lac-ii,À louer s1 au lac II,Les Berges Du Lac 2 à La Marsa,1 350 TND,57.0,2.0,1.0,1.0,,,1.0,1.0,1.0,,Appartement,Bon état,36.876389,10.325278,,,,,1.0,,,,,1.0,,,,1.0,,,,,,,,1.0,,,,,,,,,,,
https://www.mubawab.tn/fr/a/8136983/a-louer-cite-nouvelle-soukra-s2,A louer cite nouvelle soukra S2,La Soukra à La Soukra,1 400 TND,126.0,3.0,,1.0,,,,,,,Appartement,Bon état,36.883333,10.25,,2.0,,,,,,,,,,,,,,,,,,,,,,,,,,,,,,,
https://www.mubawab.tn/fr/a/8136820/s1-meubl%C3%A9-terrasse-%C3%A0-louer-aux-jardins-de-carthage,S1 Meublé terrasse à louer aux jardins de Carthage,Les Jardins de Carthage à Le Kram,2 000 TND,80.0,2.0,1.0,1.0,,1.0,1.0,1.0,1.0,1.0,Appartement,Bon état,36.833333,10.316667,,,,,1.0,,,,,1.0,1.0,1.0,1.0,1.0,1.0,1.0,,,,,,1.0,,1.0,,,,,,,,,
https://www.mubawab.tn/fr/a/8136813/appartement-s1-haut-standing-meubl%C3%A9-pour-la-locati,Appartement S1 haut standing meublé pour la locati,Riadh al Andalous à Ariana Ville,975 TND,65.0,,1.0,1.0,,1.0,1.0,1.0,1.0,,Appartement,Nouveau,36.8625,10.19556,1.0,,,,,,,,,,,,,,,,,,,,,,,,,,,,,,,,
https://www.mubawab.tn/fr/a/8136790/s3-neuf-%E2%80%93-jardins-de-carthage,S3 Neuf – Jardins de Carthage,Les Jardins de Carthage à Le Kram,2 500 TND,145.0,4.0,,,,,1.0,1.0,1.0,,Appartement,Nouveau,36.833333,10.316667,,3.0,130 m²,10 m²,1.0,,1.0,1.0,,1.0,1.0,1.0,,1.0,,,,,1-5 ans,Marbre,1.0,1.0,,1.0,,,,2.0,,,,,
https://www.mubawab.tn/fr/a/8136770/appartement-s2-%C3%A0-louer-%C3%A0-cit%C3%A9-el-ghazala,Appartement S2 à louer à cité el ghazala,Cité el Ghazela à Raoued,800 TND,110.0,2.0,,1.0,,,,1.0,1.0,,Appartement,Nouveau,36.954444,10.191389,,3.0,,,,,,,,,,,,,,,,,,,,,,,,,,,,,,,
https://www.mubawab.tn/fr/a/8095878/a-louer-un-duplex-en-s3-%C3%A0-ain-zaghouan-nord,A louer un duplex en s3 à Ain Zaghouan Nord,Ain Zaghouan Nord à La Marsa,2 800 TND,200.0,5.0,,,,,1.0,1.0,,,Appartement,Bon état,36.8623859,10.2835035,,4.0,,,1.0,,,,,1.0,,,,,,,,,,,1.0,,,,,,,3.0,,,,,
https://www.mubawab.tn/fr/a/7511047/a-louer-un-appartement-front-mer-en-s2-%C3%A0-sidi-bou-said,A louer un appartement front mer en S2 à Sidi Bou Said,Sidi Bousaid à Carthage,6 000 TND,120.0,3.0,,,,,1.0,1.0,1.0,,Appartement,Bon état,36.8566,10.3258,,2.0,,,1.0,,,,,,,,,,,,,,,,,,,,,,,2.0,,,,,
https://www.mubawab.tn/fr/a/7786904/a-louer-un-triplex-en-s5-avec-piscine-%C3%A0-gammarth,A louer un triplex en S5 avec piscine à Gammarth,Gammarth à La Marsa,4 000 TND,400.0,,,,,,1.0,1.0,1.0,,Appartement,,36.917739,10.288893,,,,,1.0,,,,,,,,,,,,,,,,,,,,,,,,1.0,,,,
https://www.mubawab.tn/fr/a/8103231/appartement-s2-meubl%C3%A9,Appartement s2 meublé,Sousse Corniche,1 700 TND,110.0,2.0,,1.0,,1.0,1.0,1.0,1.0,1.0,Appartement,Bon état,35.81771,10.64549,,2.0,,,1.0,,,,,,,,,1.0,1.0,1.0,,,,,,1.0,,,,,,,,,,,
https://www.mubawab.tn/fr/a/8136754/appartement-s0-%C3%A0-louer-%C3%A0-riadh-landalous,Appartement s0 à louer à riadh landalous,Riadh al Andalous à Ariana Ville,690 TND,30.0,,1.0,1.0,,1.0,1.0,,,,Appartement,Nouveau,36.8625,10.19556,1.0,,,,1.0,,,,,,,,,,,,,,,,,,,,,,,,,,,,
https://www.mubawab.tn/fr/a/8123171/appartement-s1-meubl%C3%A9,Appartement s1 meublé,Sousse Corniche,900 TND,65.0,,1.0,1.0,,1.0,1.0,1.0,,,Appartement,Bon état,35.81771,10.64549,1.0,,,,,,,,,1.0,,,,,,,,,,,,1.0,,,,,,,,,,,
https://www.mubawab.tn/fr/a/8103184/appartement-s2-meubl%C3%A9,Appartement s2 meublé,Sousse Corniche,1 200 TND,90.0,2.0,,1.0,,1.0,1.0,1.0,1.0,1.0,Appartement,Bon état,35.81771,10.64549,,2.0,,,,,,1.0,,1.0,,,1.0,1.0,1.0,1.0,1.0,1.0,,,,1.0,,1.0,,,,,,,,,
https://www.mubawab.tn/fr/a/8113978/a-louer-appartement-s1-neuf-aux-jardins-de-carthage,A louer appartement S1 neuf aux jardins de carthage,Les Jardins de Carthage à Le Kram,1 600 TND,70.0,2.0,1.0,1.0,,,1.0,1.0,1.0,,Appartement,Nouveau,36.833333,10.316667,,,,,1.0,,,,,1.0,1.0,1.0,,1.0,,,,,Moins d'un an,,,,,,,5ème,,,,,,,
https://www.mubawab.tn/fr/a/8086848/%C3%A9blouissant-appartement-avec-vue-sur-le-lac-%C3%A0-louer-%E2%80%93-vue-majestueuse-sur-le-lac,Éblouissant Appartement avec Vue sur le Lac à Louer – Vue Majestueuse sur le Lac,La Marsa,4 500 TND,250.0,,,1.0,,,1.0,,1.0,,Appartement,,36.876389,10.325278,,,,,1.0,,,,,1.0,,,,,,,,,,,1.0,1.0,,1.0,,,,,,,,,
https://www.mubawab.tn/fr/a/8132948/appartement-meubl%C3%A9-%C3%A0-louer-au-lac-2,Appartement meublé à louer au lac 2,La Marsa,4 500 TND,,,,,1.0,1.0,,,1.0,,Appartement,,36.876389,10.325278,,3.0,,,1.0,,,,,,,,,,,,,,,,,,,,,,,,,,,,
https://www.mubawab.tn/fr/a/8130919/appartement-%C3%A0-louer-dans-le-lac-2,Appartement à louer dans le Lac 2,La Marsa,2 300 TND,,,,1.0,,,,,1.0,,Appartement,,36.876389,10.325278,,3.0,,,1.0,,,,,,,,,,,,,,,,,,,,,,,,1.0,,,,
https://www.mubawab.tn/fr/a/8106957/%C3%A9poustouflant-appartement-s3-en-location-au-c%C5%93ur-du-lac-2,Époustouflant Appartement S3 en Location au Cœur du Lac 2,La Marsa,3 500 TND,160.0,,,,,1.0,,,,,Appartement,,36.876389,10.325278,,,,,1.0,,,,,,,,,,,,,,,,1.0,1.0,,,,,,2.0,,,,,
https://www.mubawab.tn/fr/a/8136732/a-louer-appartement-s1-meubl%C3%A9e-%C3%A0-jardins-d-el-men,A louer Appartement s1 meublée à jardins d'el Men,Cité Ali Bourguiba à Mnihla,900 TND,70.0,,1.0,1.0,,,1.0,1.0,,,Appartement,Nouveau,36.8567806,10.1157421,1.0,,,,1.0,,,,,,,,,,,,,,,,1.0,,,,,,,,,,,,
https://www.mubawab.tn/fr/a/8136703/location-estivale,Location Estivale,Cité El Wafa à Nabeul,Prix à consulter,90.0,3.0,,1.0,,1.0,1.0,1.0,1.0,,Appartement,Bon état,36.45056,10.73505,,2.0,,,1.0,,,,,1.0,,,1.0,1.0,1.0,,,,,,,1.0,,1.0,,,,,1.0,,,,
https://www.mubawab.tn/fr/a/8130281/a-louer-un-s1-meubl%C3%A9-avec-jardin-%C3%A0-la-soukra,"A louer un s1 meublé, avec jardin à la soukra",La Soukra à La Soukra,1 400 TND,65.0,,1.0,1.0,1.0,1.0,1.0,1.0,1.0,1.0,Appartement,Bon état,36.883333,10.25,1.0,,,,,,,,1.0,1.0,,1.0,1.0,1.0,,1.0,,1.0,10-20 ans,Marbre,1.0,1.0,,1.0,,,Est,,,,,,
https://www.mubawab.tn/fr/a/8135429/%C3%A0-louer-appartement-s2-cit%C3%A9-bhar-lazreg,À louer appartement S2 Cité Bhar Lazreg,Bhar Lazreg à La Marsa,1 250 TND,91.0,3.0,,1.0,,,1.0,1.0,1.0,,Appartement,Nouveau,36.876389,10.325278,,2.0,,,1.0,,,,,,,,,,,,,,Moins d'un an,,,1.0,,1.0,,5ème,,,,,,,
https://www.mubawab.tn/fr/a/8123085/a-louer-un-s1-neuf-%C3%A0-chotrana-3,A louer un s1 neuf à chotrana 3,Chotrana 3 à La Soukra,1 200 TND,56.0,2.0,1.0,1.0,,,1.0,1.0,1.0,,Appartement,Nouveau,36.883333,10.25,,,56 m²,,1.0,,,,1.0,1.0,,1.0,,1.0,,,,,Moins d'un an,Carrelage,1.0,1.0,,1.0,,1er,Sud,,,,,,
https://www.mubawab.tn/fr/a/8133375/a-louer-appartement-s3-%C3%A0-sidi-daoued,A Louer Appartement S3 à Sidi Daoued,Sidi Daoued à La Marsa,3 900 TND,250.0,5.0,,,1.0,,1.0,1.0,1.0,,Appartement,Nouveau,36.876389,10.325278,,4.0,180 m²,,1.0,,,1.0,1.0,1.0,1.0,1.0,,1.0,,,1.0,,5-10 ans,Marbre,1.0,,,1.0,,,Est,3.0,,,,,
https://www.mubawab.tn/fr/a/8136646/appartement-s3-%E2%80%93-premier-%C3%A9tage,Appartement S3 – Premier étage,Les Berges Du Lac 2 à La Marsa,2 700 TND,140.0,4.0,,,,,1.0,1.0,1.0,,Appartement,Bon état,36.876389,10.325278,,3.0,120 m²,10 m²,1.0,,1.0,1.0,,1.0,1.0,1.0,,1.0,,,,,5-10 ans,,1.0,1.0,,1.0,,1er,,2.0,,,,,
https://www.mubawab.tn/fr/a/8136634/duplex-s1-meubl%C3%A9-avec-vue-mer-marsa-cube,"Duplex S1 meublé avec vue mer, Marsa Cube",La Marsa à La Marsa,2 800 TND,100.0,2.0,1.0,1.0,,,1.0,1.0,,1.0,Appartement,Bon état,36.876389,10.325278,,,100 m²,,,1.0,,,,,,,1.0,1.0,1.0,1.0,1.0,,,,,,,,,,,,,,,,
https://www.mubawab.tn/fr/a/8086886/a-louer-appartement-s2-vide-%C3%A0-cit%C3%A9-l-wahat,A louer appartement S2 vide à cité l'wahat,Aouina à La Marsa,1 100 TND,90.0,2.0,1.0,1.0,,,1.0,1.0,1.0,,Appartement,Bon état,36.876389,10.325278,,,,,,,,,,1.0,,,,1.0,,,,,Moins d'un an,,,1.0,,1.0,,,,,,,,,
https://www.mubawab.tn/fr/a/8084178/location-d-un-appartement-s3-%C3%A0-la-marsa,Location d'un appartement S3 à la Marsa,La Marsa à La Marsa,2 900 TND,170.0,3.0,,1.0,,1.0,1.0,1.0,1.0,,Appartement,Bon état,36.876389,10.325278,,4.0,,,1.0,,,,,1.0,,,,,,,,,,,1.0,1.0,,,,,,,,,,,
https://www.mubawab.tn/fr/a/8109797/a-louer-appt-2-pi%C3%A8ces-moderne-%C3%A0-mutuelle-ville,A louer appt 2 pièces moderne à Mutuelle ville,Mutuelle Ville à El Menzah,1 200 TND,50.0,2.0,,1.0,,1.0,1.0,,1.0,,Appartement,Bon état,36.845235,10.164723,,2.0,50 m²,50 m²,1.0,,,,,,1.0,1.0,,,,,,,10-20 ans,Marbre,,,,,,1er,,,,,,,
https://www.mubawab.tn/fr/a/8132252/a-louer-rez-de-chauss%C3%A9e-aec-piscine-%C3%A0-menzah-1,A louer Rez de chaussée aec Piscine à Menzah 1,El Menzah 1 à El Menzah,4 500 TND,300.0,5.0,,,1.0,,1.0,1.0,,,Appartement,Bon état,36.845235,10.164723,,4.0,300 m²,100 m²,1.0,,1.0,,1.0,1.0,,,1.0,,,,,1.0,5-10 ans,Marbre,1.0,,,1.0,1.0,,,3.0,1.0,1.0,,,
https://www.mubawab.tn/fr/a/7986614/location-d-un-s2-meubl%C3%A9-avec-jardin,Location d'un S2 meublé avec jardin,Sidi Daoued à La Marsa,2 000 TND,150.0,3.0,,1.0,1.0,1.0,1.0,1.0,1.0,1.0,Appartement,Bon état,36.876389,10.325278,,2.0,120 m²,,1.0,,,,1.0,1.0,,1.0,1.0,1.0,1.0,1.0,1.0,,1-5 ans,Marbre,1.0,,,,,1er,,,,,,,
https://www.mubawab.tn/fr/a/8086296/s2-meubl%C3%A9-%C3%A0-louer-%C3%A0-la-marsa,S2 meublé à louer à la Marsa,La Marsa à La Marsa,2 500 TND,170.0,2.0,,,,1.0,1.0,1.0,1.0,,Appartement,Nouveau,36.876389,10.325278,,3.0,140 m²,,1.0,,,,,1.0,1.0,,1.0,1.0,1.0,1.0,1.0,,,,1.0,1.0,,,,,,2.0,,,,,
https://www.mubawab.tn/fr/a/8104093/appartement-s3-%C3%A0-louer-avec-terrasse,Appartement s3 à louer avec terrasse,La Marsa à La Marsa,3 900 TND,230.0,4.0,,,1.0,1.0,1.0,1.0,1.0,,Appartement,Nouveau,36.876389,10.325278,,3.0,200 m²,,1.0,,,,,1.0,,,,,,,,,,,1.0,1.0,,1.0,,,,2.0,,,,,
https://www.mubawab.tn/fr/a/8094026/duplex-s3-%C3%A0-louer-%C3%A0-carthage,Duplex S3 à louer à Carthage,Carthage à Carthage,4 500 TND,150.0,4.0,,1.0,1.0,1.0,1.0,1.0,1.0,,Appartement,Bon état,36.8566,10.3258,,3.0,,,1.0,,,,,,,,1.0,1.0,,1.0,,,,,,,,,,,,,,,,,
https://www.mubawab.tn/fr/a/8012174/magnifique-s4-vue-lac,Magnifique S4 vue Lac,Les Berges Du Lac 1 à La Marsa,Prix à consulter,300.0,6.0,,,,,1.0,1.0,1.0,,Appartement,Nouveau,36.83068668435595,10.231585011123368,,4.0,,,1.0,1.0,,,,1.0,1.0,,1.0,1.0,,,,,,,1.0,1.0,1.0,1.0,1.0,,,4.0,,,,,
https://www.mubawab.tn/fr/a/8040037/appartement-s2-meubl%C3%A9,Appartement s2 meublé,La Marsa à La Marsa,4 000 TND,100.0,3.0,,,,1.0,1.0,1.0,1.0,1.0,Appartement,Bon état,36.8941992,10.2762232,,2.0,,,1.0,,,,1.0,1.0,,1.0,1.0,1.0,1.0,1.0,,,5-10 ans,Marbre,,1.0,,1.0,,,,2.0,,,,,
https://www.mubawab.tn/fr/a/7843415/appartement-meubl%C3%A9-s2,Appartement meublé s2,Sidi Daoued à La Marsa,3 200 TND,120.0,3.0,,,,1.0,1.0,1.0,1.0,1.0,Appartement,Nouveau,36.876389,10.325278,,2.0,,,1.0,,,,,1.0,1.0,1.0,1.0,1.0,1.0,1.0,1.0,,5-10 ans,Marbre,1.0,1.0,,1.0,,1er,,2.0,,,,,
https://www.mubawab.tn/fr/a/8113863/s1-vide-coup-de-c%C5%93ur,S1 vide coup de cœur,Les Jardins de Carthage à Le Kram,1 700 TND,50.0,2.0,1.0,1.0,,,1.0,1.0,1.0,,Appartement,Nouveau,36.8555704,10.291834,,,,,1.0,,,,,1.0,1.0,,1.0,1.0,,,,,Moins d'un an,Marbre,,1.0,,1.0,,,,,1.0,,,,
https://www.mubawab.tn/fr/a/8099882/spacieux-s3-avec-vue-sur-mer,Spacieux s3 avec vue sur mer,Les Berges Du Lac 2 à La Marsa,4 000 TND,160.0,4.0,,,,,1.0,1.0,1.0,,Appartement,Bon état,36.84689860000002,10.2641808,,3.0,,,1.0,1.0,,,,1.0,1.0,1.0,,1.0,,,,,5-10 ans,Marbre,1.0,1.0,,1.0,,,,3.0,,,,,
https://www.mubawab.tn/fr/a/8133394/a-louer-s2-avec-vue-d%C3%A9gag%C3%A9e-%C3%A0-ain-zaghouan,A Louer S2 avec vue dégagée à Ain Zaghouan,Aouina à La Marsa,1 200 TND,100.0,3.0,,1.0,,,1.0,1.0,1.0,,Appartement,Bon état,36.876389,10.325278,,2.0,80 m²,,,,,,,,,,,,,,,,,,1.0,1.0,,,,4ème,,,,,,,
https://www.mubawab.tn/fr/a/8136577/appartement-moderne-a-louer-%C3%A0-hammamet,Appartement Moderne a Louer à Hammamet,Hammamet à Hammamet,1 000 TND,1101.0,3.0,,1.0,,1.0,1.0,1.0,1.0,,Appartement,Nouveau,36.40108,10.61457,,2.0,10 m²,,1.0,,,,1.0,1.0,1.0,,,,,,,,,,1.0,,,,,,,,,,,,
https://www.mubawab.tn/fr/a/8136579/a-louer-un-s3-au-lac2,A louer un s3 au Lac2,Les Berges Du Lac 2 à La Marsa,4 000 TND,,3.0,,1.0,,1.0,,1.0,,,Appartement,Nouveau,36.876389,10.325278,,4.0,,,1.0,,,,,,,,,,,,,,,,1.0,,,,,,,,,,,,
https://www.mubawab.tn/fr/a/8125199/a-louer-un-s2-avec-piscine-aux-jardins-de-carthage,A louer un s2 avec piscine aux Jardins de Carthage,Les Jardins de Carthage à Le Kram,3 500 TND,,3.0,,1.0,1.0,,,,,,Appartement,Nouveau,36.833333,10.316667,,2.0,,,,,,,,,,,,,,,,,,,1.0,,,,,,,,1.0,,,,
https://www.mubawab.tn/fr/a/8084149/location-studio-meubl%C3%A9e-a-menzah-1,Location studio meublée a Menzah 1,El Menzah 1 à El Menzah,1 300 TND,80.0,2.0,1.0,1.0,1.0,,,1.0,,,Appartement,Bon état,36.845235,10.164723,,,60 m²,30 m²,,,,,,,,,,,,,1.0,,10-20 ans,Marbre,,,,,,,,,,,,,
https://www.mubawab.tn/fr/a/8104217/s1-a-louer-a-ain-zaghouan-nord,S1 a louer a Ain Zaghouan Nord,Ain Zaghouan Nord à La Marsa,1 250 TND,70.0,,1.0,1.0,,1.0,1.0,1.0,1.0,,Appartement,Bon état,36.876389,10.325278,1.0,,70 m²,10 m²,1.0,,1.0,,,1.0,1.0,1.0,,1.0,,,,,1-5 ans,Marbre,,1.0,1.0,1.0,,,,,,,,,
https://www.mubawab.tn/fr/a/8094397/un-grand-s1-meubl%C3%A9-aux-les-jardins-de-carthage,Un Grand S1 meublé aux les jardins de Carthage,Les Jardins de Carthage à Le Kram,2 400 TND,100.0,,1.0,1.0,,1.0,1.0,1.0,1.0,1.0,Appartement,Bon état,36.833333,10.316667,1.0,,80 m²,10 m²,1.0,,,,,1.0,1.0,1.0,1.0,1.0,1.0,1.0,1.0,,1-5 ans,Marbre,1.0,1.0,,1.0,,4ème,,,1.0,,,,
https://www.mubawab.tn/fr/a/8108317/un-spacieux-s1-aux-les-jardin-de-carthage,Un spacieux S1 aux les jardin de Carthage,Les Jardins de Carthage à Le Kram,2 000 TND,100.0,,1.0,1.0,1.0,1.0,1.0,1.0,1.0,1.0,Appartement,Bon état,36.833333,10.316667,1.0,,70 m²,30 m²,1.0,,1.0,,,1.0,1.0,1.0,1.0,1.0,,,,,1-5 ans,Marbre,1.0,1.0,1.0,1.0,,3ème,,,,,,,
https://www.mubawab.tn/fr/a/7911515/s2-avec-jardin-%C3%A0-la-marsa,S2 avec jardin à la Marsa,Marsa Erriadh à La Marsa,1 700 TND,200.0,2.0,,1.0,,,1.0,1.0,1.0,,Appartement,Nouveau,36.876389,10.325278,,2.0,,,,,,1.0,,,1.0,1.0,,1.0,,,,,,,1.0,,,,,,,,,,,,
https://www.mubawab.tn/fr/a/8125858/a-louer-appartement-s2-meubl%C3%A9-%C3%A0-sidi-bousaid,A louer Appartement s2 meublé à Sidi Bousaid,Sidi Bousaid à Carthage,2 600 TND,120.0,2.0,,1.0,,1.0,,,1.0,,Appartement,Nouveau,36.8566,10.3258,,2.0,,,1.0,,,,,,,,,,,,,,,,,,,,,,,,,,,,
https://www.mubawab.tn/fr/a/8120139/appartement-%C3%A0-louer-%C3%A0-chott-meriem,Appartement à louer à Chott Meriem,Chott Meriem à Akouda,1 200 TND,100.0,4.0,,1.0,1.0,1.0,1.0,1.0,,,Appartement,Bon état,35.87,10.57,,2.0,,,1.0,1.0,,,,,,,,,,,,,,,,,,,,,,,,,,,
https://www.mubawab.tn/fr/a/7855933/location-appartement-theo-s3,Location Appartement theo S3,Hammamet à Hammamet,3 800 TND,150.0,4.0,,1.0,,1.0,1.0,1.0,1.0,1.0,Appartement,Nouveau,36.40108,10.61457,,3.0,,,1.0,1.0,,,1.0,,,,1.0,1.0,1.0,1.0,,,,,,1.0,,,,,,,,,,,
https://www.mubawab.tn/fr/a/8125912/appartement-%C3%A0-louer,Appartement à louer,El Kantaoui à Hammam Sousse,1 000 TND,100.0,5.0,,1.0,,1.0,1.0,1.0,1.0,,Appartement,Bon état,35.8569,10.5972,,2.0,,,1.0,1.0,,,,1.0,,,,,,,,,,,,,,,,,,,,,,,
https://www.mubawab.tn/fr/a/8125929/appartement-%C3%A0-louer,Appartement à louer,El Kantaoui à Hammam Sousse,850 TND,50.0,3.0,1.0,1.0,,1.0,1.0,1.0,1.0,,Appartement,Bon état,35.8569,10.5972,,,,,1.0,,,,,1.0,,,,,,,,,,,,,,,,,,,,,,,
https://www.mubawab.tn/fr/a/8092526/s2-%C3%A0-chott-meriem,S2 à Chott Meriem,Chott Meriem à Akouda,Prix à consulter,,,,,,,,,,,Appartement,,35.951365,10.54783,,2.0,,,,,,,,,,,,,,,,,,,,,,,,,,,,,,,
https://www.mubawab.tn/fr/a/8136456/location-s3-ennasr-2,Location s3 ennasr 2,Ariana à Ariana Ville,1 600 TND,134.0,3.0,,1.0,,,,,,,Appartement,Nouveau,36.8625,10.19556,,4.0,,,1.0,,,,,,,,,,,,,,,,1.0,1.0,,,,,,,,,,,
https://www.mubawab.tn/fr/a/8008470/un-bel-appartement-richement-meubl%C3%A9,Un bel appartement richement meublé,Les Berges Du Lac 2 à La Marsa,4 200 TND,200.0,4.0,,,,1.0,1.0,1.0,1.0,,Appartement,Bon état,36.876389,10.325278,,3.0,,,1.0,1.0,,1.0,,,,,1.0,1.0,,,,,5-10 ans,Marbre,1.0,1.0,,,,4ème,,2.0,,,,,
https://www.mubawab.tn/fr/a/8130452/un-bel-appartement-richement-meubl%C3%A9-vue-lac,Un bel appartement richement meublé vue lac,Les Berges Du Lac 1 à La Marsa,5 000 TND,200.0,4.0,,,,1.0,1.0,1.0,1.0,,Appartement,Bon état,36.876389,10.325278,,3.0,180 m²,20 m²,,1.0,,1.0,,,,,,,,,,,10-20 ans,Marbre,1.0,1.0,,,,3ème,Ouest,2.0,,,,,
https://www.mubawab.tn/fr/a/8133477/un-bel-appartement-s2-richement-meubl%C3%A9,Un bel appartement s2 richement meublé,Les Berges Du Lac 2 à La Marsa,2 000 TND,140.0,3.0,,1.0,,1.0,,,1.0,,Appartement,Bon état,36.876389,10.325278,,2.0,120 m²,20 m²,1.0,,,1.0,,,,,,,,,,,5-10 ans,Marbre,1.0,,,,,3ème,Nord,,,,,,
https://www.mubawab.tn/fr/a/8136441/appartement-s2-meubl%C3%A9-%C3%A0-marsa-corniche,Appartement S2 meublé à Marsa Corniche,La Marsa à La Marsa,3 000 TND,100.0,3.0,,1.0,,1.0,1.0,1.0,1.0,,Appartement,Bon état,36.876389,10.325278,,2.0,,,1.0,,1.0,,,1.0,1.0,1.0,1.0,1.0,,1.0,,,,,,,,,,1er,,,,,,,
https://www.mubawab.tn/fr/a/8120372/s2-avec-un-grand-jardin-%C3%A0-la-marsa-les-pins,S2 avec un grand jardin à La Marsa les pins,Cité Les Pins à La Marsa,1 800 TND,250.0,2.0,,,1.0,,1.0,1.0,1.0,,Appartement,Bon état,36.876389,10.325278,,2.0,,,1.0,,1.0,,,1.0,1.0,1.0,,1.0,,,,,,,1.0,,,,1.0,,,2.0,,,,,
https://www.mubawab.tn/fr/pa/7910198/s1-meubl%C3%A9-lac2,S1 meublé Lac2,Les Jardins de Carthage à Le Kram,1 760 TND,80.0,2.0,1.0,1.0,,1.0,1.0,1.0,1.0,1.0,Appartement,Bon état,36.53691867257489,10.179532209734663,,,,,,,,,1.0,,,1.0,1.0,1.0,1.0,1.0,,,1-5 ans,Marbre,1.0,,,,,,,,,,En cours de construction,décembre 2024,
https://www.mubawab.tn/fr/a/8116949/a-louer-penthouse-avec-piscine-au-lac-2,A louer Penthouse avec piscine au Lac 2,Les Berges Du Lac 2 à La Marsa,8 000 TND,340.0,5.0,,,,,1.0,1.0,1.0,,Appartement,Nouveau,36.876389,10.325278,,4.0,300 m²,1 m²,1.0,,,,,1.0,,,,1.0,,,,,5-10 ans,Marbre,1.0,1.0,,1.0,,,,4.0,1.0,,,,
https://www.mubawab.tn/fr/a/7976724/s3-bien-plac%C3%A9-%C3%A0-el-menzah-1,S3 bien placé à El Menzah 1,El Menzah 1 à El Menzah,1 300 TND,,4.0,,1.0,,,1.0,1.0,1.0,,Appartement,Bon état,36.845235,10.164723,,3.0,,,1.0,,1.0,1.0,,,1.0,1.0,,,,,,,Moins d'un an,Carrelage,1.0,,,,,1er,,,,,,,
https://www.mubawab.tn/fr/a/8132732/2%C3%A8me-etage-d-une-villa-%C3%A0-kantaoui,2ème Etage d'une Villa à kantaoui,El Kantaoui à Hammam Sousse,1 700 TND,200.0,3.0,,1.0,,,1.0,1.0,,,Appartement,Nouveau,35.8569,10.5972,,3.0,,,1.0,,,,,,,,,,,,,,,,1.0,,,,,,,,,,,,
https://www.mubawab.tn/fr/a/8129814/a-louer-s2-meubl%C3%A9-%C3%A0-cit%C3%A9-olympique,A louer S2 meublé à Cité Olympique,Cité Olympique à Cité El Khadra,1 220 TND,80.0,3.0,,1.0,,1.0,1.0,1.0,1.0,1.0,Appartement,Bon état,36.823935,10.226369,,2.0,,,,,,1.0,1.0,1.0,,1.0,1.0,1.0,1.0,,,,10-20 ans,Carrelage,,,,,,2ème,,,,,,,
https://www.mubawab.tn/fr/a/8118790/a-louer-apart-s2-avc-piscine-jardins-de-carthage,A louer Apart S2 avc piscine Jardins de Carthage,Les Jardins de Carthage à Le Kram,4 500 TND,200.0,3.0,,1.0,1.0,1.0,1.0,1.0,1.0,1.0,Appartement,Bon état,36.833333,10.316667,,2.0,180 m²,1 m²,1.0,,,,,1.0,1.0,1.0,1.0,1.0,1.0,1.0,1.0,,5-10 ans,Marbre,1.0,,,1.0,,,,,1.0,,,,
https://www.mubawab.tn/fr/a/8096979/a-louer-s3-de-140m-bur-ou-habitation-%C3%A0-cite-mahrajene,A louer s3 de 140m bur ou habitation à cite mahrajene,Mutuelle Ville à El Menzah,1 400 TND,140.0,4.0,,,,,1.0,1.0,,,Appartement,Bon état,36.845235,10.164723,,3.0,140 m²,,1.0,,,,,1.0,,1.0,,,,,,,10-20 ans,Carrelage,1.0,,,1.0,1.0,2ème,,2.0,,,,,
https://www.mubawab.tn/fr/a/8136442/a-louer-un-appartement-en-s2-%C3%A0-ennasr,A louer un appartement en S2 à Ennasr,Cité Ennasr 1 à Ariana Ville,1 500 TND,120.0,3.0,,,,1.0,1.0,1.0,1.0,,Appartement,Nouveau,36.8625,10.19556,,2.0,,,,,,,,,,,,1.0,,,,,1-5 ans,Marbre,1.0,1.0,,,,6ème,,3.0,,,,,
https://www.mubawab.tn/fr/a/8136438/a-louer-un-appartement-en-s2-%C3%A0-ennasr,A louer un appartement en S2 à Ennasr,Cité Ennasr 1 à Ariana Ville,1 200 TND,120.0,3.0,,,,1.0,,1.0,,,Appartement,Bon état,36.8625,10.19556,,2.0,,,1.0,,,,,,,,,,,,,,5-10 ans,Marbre,1.0,1.0,,,,5ème,,2.0,,,,,
https://www.mubawab.tn/fr/a/8136428/a-louer-un-appartement-en-s2-%C3%A0-ennasr1,A louer un appartement en S2 à Ennasr1,Cité Ennasr 1 à Ariana Ville,1 100 TND,120.0,3.0,,1.0,,1.0,,1.0,1.0,,Appartement,Bon état,36.8625,10.19556,,2.0,,,1.0,,,,,,,,,,,,,,20-30 ans,Carrelage,1.0,1.0,,,,4ème,,,,,,,
https://www.mubawab.tn/fr/a/8136424/coquet-s1-%C3%A0-la-marsa,Coquet S1 à La Marsa,Gammarth Village à La Marsa,800 TND,,2.0,1.0,1.0,,,1.0,1.0,1.0,,Appartement,Bon état,36.876389,10.325278,,,1 m²,1 m²,1.0,,,,,,,,,,,,,,1-5 ans,Carrelage,1.0,,,,,,,,,,,,
https://www.mubawab.tn/fr/a/7982879/location-appartement-s1-meubl%C3%A9-lac-1,Location Appartement S1 meublé Lac 1,Les Berges Du Lac 1 à La Marsa,1 600 TND,60.0,2.0,1.0,1.0,,,1.0,1.0,1.0,1.0,Appartement,Bon état,36.8355152,10.2241758,,,,,,,,,,,1.0,1.0,1.0,1.0,1.0,,1.0,,10-20 ans,Parquet,,,,1.0,,,,,,,,,
https://www.mubawab.tn/fr/a/8132528/appartement-s2-%C3%A0-la-marsa,Appartement S2 à La Marsa,La Marsa à La Marsa,1 900 TND,120.0,3.0,,1.0,,,1.0,1.0,1.0,,Appartement,Nouveau,36.876389,10.325278,,2.0,,,1.0,,,,1.0,,,1.0,,1.0,,,,,,,1.0,,,,,,,,,,,,
https://www.mubawab.tn/fr/a/8123980/appartement-s2-avec-jardin-%C3%A0-la-marsa,Appartement S2 avec jardin à La Marsa,La Marsa à La Marsa,2 200 TND,120.0,3.0,,,1.0,,1.0,1.0,1.0,,Appartement,Bon état,36.876389,10.325278,,2.0,,,,,1.0,,1.0,1.0,,1.0,,1.0,,,,,,,1.0,1.0,,1.0,,,,2.0,,,,,
https://www.mubawab.tn/fr/a/8132730/appartement-%C3%A0-la-marsa,Appartement à La Marsa,La Marsa à La Marsa,1 650 TND,100.0,3.0,,1.0,,,1.0,1.0,1.0,,Appartement,Nouveau,36.876389,10.325278,,2.0,,,1.0,,1.0,,1.0,1.0,1.0,1.0,,1.0,,,,,,,,,,1.0,,1er,,,,,,,
https://www.mubawab.tn/fr/a/8130923/duplex-%C3%A0-louer-soukra-parc,Duplex à louer Soukra parc,La Soukra à La Soukra,1 900 TND,120.0,3.0,,,,,1.0,1.0,1.0,,Appartement,Bon état,36.88833,10.27417,,2.0,90 m²,1 m²,1.0,,1.0,,,1.0,1.0,1.0,,,,,,,5-10 ans,Marbre,,,,1.0,,,Ouest,2.0,,,,,
https://www.mubawab.tn/fr/a/8136390/a-louer-s2-meubl%C3%A9-%C3%A0-ain-zaghouan-nord,A louer S2 meublé à ain zaghouan nord,Ain Zaghouan Nord à La Marsa,2 500 TND,,3.0,,1.0,,1.0,,,,,Appartement,Bon état,36.876389,10.325278,,2.0,,,,,,,,,,,,,,,,,,,1.0,,,,,,,,,,,,
https://www.mubawab.tn/fr/a/7918050/a-louer-un-s2-meubl%C3%A9-%C3%A0-chatt-mariem,A louer un s2 meublé à chatt mariem,Akouda à Akouda,800 TND,80.0,2.0,,1.0,,1.0,1.0,1.0,,,Appartement,Nouveau,35.87,10.57,,2.0,,,,,,,,,,,,1.0,,,,,,,,,,,,,,,,,,,
https://www.mubawab.tn/fr/a/7884464/a-louer-s2-meuble-%C3%A0-khzama-ouest,A louer S2 meuble à Khzama Ouest,Khezama Est,950 TND,100.0,2.0,,1.0,,1.0,1.0,1.0,,1.0,Appartement,Nouveau,35.832439,10.622471,,3.0,,,1.0,,,,,,,,,1.0,,,,,,,,,,,,,,,,,,,
https://www.mubawab.tn/fr/a/8136358/appartement-s1-%C3%A0-cit%C3%A9-ennasr,Appartement S1 à Cité Ennasr,Cité Ennasr 2 à Ariana Ville,950 TND,65.0,2.0,1.0,1.0,,,1.0,1.0,1.0,,Appartement,Bon état,36.8625,10.19556,,,65 m²,,,,,,,,,,,1.0,,,,,,,,1.0,,1.0,,,,,,,,,
https://www.mubawab.tn/fr/a/8136349/un-appartement-s1-%C3%A0-gammarth,Un appartement s1 à gammarth,Gammarth à La Marsa,1 500 TND,80.0,2.0,1.0,1.0,1.0,,1.0,1.0,1.0,,Appartement,Bon état,36.876389,10.325278,,,,,,,,,1.0,1.0,,1.0,,,,,1.0,,,,,,,,,,,,,,,,
https://www.mubawab.tn/fr/a/8136332/a-louer-un-appartement-s2-a-hammamet-centre-ville,A louer un appartement s2 a Hammamet centre ville,Hammamet Nord à Hammamet,700 TND,100.0,2.0,,1.0,,,,,,,Appartement,Bon état,36.40108,10.61457,,2.0,100 m²,100 m²,,,,,,,,,,,,,,,,,,,,,,,,,,,,,
https://www.mubawab.tn/fr/a/8018422/s3-vue-sur-le-lac-meubl%C3%A9,S3 vue sur le lac meublé,Les Berges Du Lac 1 à La Marsa,4 200 TND,165.0,4.0,,,1.0,1.0,1.0,1.0,1.0,1.0,Appartement,Nouveau,36.87638899999999,10.325278000000004,,3.0,,,1.0,1.0,1.0,1.0,1.0,1.0,1.0,1.0,1.0,1.0,1.0,1.0,1.0,1.0,1-5 ans,Marbre,1.0,1.0,1.0,1.0,1.0,3ème,Nord,4.0,1.0,1.0,,,
https://www.mubawab.tn/fr/a/8132764/s2-meubl%C3%A9-lac-1,S2 meublé lac 1,Les Berges Du Lac 1 à La Marsa,3 000 TND,160.0,2.0,,,,1.0,1.0,1.0,1.0,1.0,Appartement,Nouveau,36.8355152,10.2241758,,2.0,125 m²,22 m²,1.0,1.0,1.0,1.0,1.0,1.0,1.0,1.0,1.0,1.0,1.0,1.0,1.0,1.0,5-10 ans,Marbre,1.0,1.0,1.0,1.0,1.0,2ème,Nord,2.0,,1.0,,,
https://www.mubawab.tn/fr/a/8021032/%C3%A9tage-de-villa-%C3%A0-louer-%C3%A0-alain-savary,Étage de villa à louer à Alain Savary,Cité Jardins à Cité El Khadra,1 200 TND,90.0,3.0,,1.0,,,,1.0,,,Appartement,Bon état,36.823935,10.226369,,2.0,,,1.0,,,,1.0,,,,,,,,,,,,,,,,,,,,,,,,
https://www.mubawab.tn/fr/a/7903987/a-louer-un-appartement-en-s3-vue-d%C3%A9gag%C3%A9e,A louer un appartement en s3 vue dégagée,Les Berges Du Lac 2 à La Marsa,Prix à consulter,240.0,4.0,,,1.0,,1.0,1.0,1.0,,Appartement,Bon état,36.876389,10.325278,,3.0,,,1.0,,,,1.0,1.0,1.0,1.0,,1.0,,1.0,,,,,1.0,1.0,,1.0,,,,2.0,,,,,
https://www.mubawab.tn/fr/a/8065427/a-louer-app-s1-meubl%C3%A9-au-menzah-9c,A louer App S1 meublé au Menzah 9C,El Menzah 9 à El Menzah,1 150 TND,60.0,2.0,1.0,1.0,,1.0,1.0,1.0,1.0,,Appartement,Bon état,36.845235,10.164723,,,60 m²,60 m²,1.0,,,,,,1.0,1.0,1.0,1.0,1.0,,,,5-10 ans,Marbre,1.0,1.0,,1.0,,1er,,,,,,,
https://www.mubawab.tn/fr/a/8060863/a-louer-studio-meubl%C3%A9-moderne-%C3%A0-notre-dame,A louer studio meublé moderne à Notre Dame,Mutuelle Ville à El Menzah,1 400 TND,70.0,2.0,1.0,1.0,,1.0,1.0,1.0,1.0,,Appartement,Nouveau,36.845235,10.164723,,,,,1.0,,,,,1.0,1.0,1.0,1.0,1.0,1.0,,,,10-20 ans,Carrelage,,,,1.0,,,,,,,,,
https://www.mubawab.tn/fr/a/8136278/appartement-s2-meubl%C3%A9-aux-jdc,Appartement S2 meublé aux JDC,Les Jardins de Carthage à Le Kram,2 500 TND,,3.0,,,,1.0,1.0,1.0,1.0,1.0,Appartement,Bon état,36.833333,10.316667,,2.0,,,1.0,,1.0,1.0,1.0,1.0,1.0,1.0,1.0,1.0,1.0,1.0,1.0,1.0,,Carrelage,1.0,1.0,,1.0,,2ème,,2.0,,,,,
https://www.mubawab.tn/fr/a/7414959/duplex-%C3%A0-la-marsa-meubl%C3%A9,Duplex à la Marsa Meublé,La Marsa à La Marsa,5 500 TND,250.0,6.0,,,1.0,,,,,,Appartement,,36.8941992,10.2762232,,3.0,,,,,,,,,,,,,,,,,,,1.0,,,,,,,,,,,,
https://www.mubawab.tn/fr/a/8066481/appartement-s2-%C3%A0-cit%C3%A9-les-palmeraies,Appartement S2 à Cité Les Palmeraies,Aouina à La Marsa,1 300 TND,120.0,3.0,,1.0,,,1.0,1.0,1.0,,Appartement,Nouveau,36.876389,10.325278,,2.0,,,,,,,,,,,,1.0,,,,,Moins d'un an,,1.0,1.0,,1.0,,4ème,,,,,,,
https://www.mubawab.tn/fr/a/8113917/appartement-s1-%C3%A0-cit%C3%A9-les-palmeraies,Appartement S1 à cité les palmeraies,Aouina à La Marsa,1 050 TND,60.0,2.0,1.0,1.0,,,1.0,1.0,1.0,,Appartement,Bon état,36.876389,10.325278,,,,,1.0,,,,,,,,,1.0,,,,,,,,1.0,,1.0,,,,,,,,,
https://www.mubawab.tn/fr/a/8128528/a-louer-un-duplex-s3-vide-avec-jardin-au-lac-2,A louer un duplex s3 vide avec jardin au lac 2,Les Berges Du Lac 2 à La Marsa,3 500 TND,180.0,3.0,,1.0,1.0,,1.0,1.0,,,Appartement,Nouveau,36.876389,10.325278,,3.0,,,1.0,,,,,,,,,1.0,,,,,,,1.0,,,,,,,,,,,,
https://www.mubawab.tn/fr/a/8121579/a-louer-s3-meubl%C3%A9-av-parking-ss-%C3%A0-ennasr-1,A louer S3 meublé av parking SS à Ennasr 1,Cité Ennasr 1 à Ariana Ville,2 000 TND,120.0,4.0,,,,1.0,1.0,1.0,1.0,1.0,Appartement,Bon état,36.8625,10.19556,,3.0,,,1.0,,1.0,1.0,1.0,1.0,1.0,1.0,1.0,1.0,1.0,1.0,,,10-20 ans,Marbre,1.0,1.0,,1.0,,1er,,3.0,,,,,
https://www.mubawab.tn/fr/a/8113499/a-louer-s1-jamais-habit%C3%A9-%C3%A0-l-aouina-wahat,A LOUER S1 Jamais habité à l'Aouina Wahat,Aouina à La Marsa,1 000 TND,60.0,,1.0,1.0,,,,,,,Appartement,Nouveau,36.876389,10.325278,1.0,,,,,,,,,,,,,,,,,,,,,,,,,,,,,,,,
https://www.mubawab.tn/fr/a/8114788/a-louer-s1-jamais-habit%C3%A9-%C3%A0-ain-zaghouan-nord,A louer s1 jamais habité à Ain Zaghouan Nord,Ain Zaghouan Nord à La Marsa,1 600 TND,80.0,2.0,1.0,1.0,,,1.0,1.0,1.0,,Appartement,Nouveau,36.876389,10.325278,,,80 m²,8 m²,1.0,,1.0,,1.0,1.0,1.0,1.0,1.0,1.0,,,1.0,,Moins d'un an,Marbre,1.0,1.0,,1.0,,1er,,,1.0,,,,
https://www.mubawab.tn/fr/a/8006973/location-appartement-s4-a-mutuelle-ville,Location Appartement S4 a Mutuelle ville,Mutuelle Ville à El Menzah,4 200 TND,200.0,5.0,,,,,1.0,1.0,1.0,,Appartement,Bon état,36.833121195133046,10.17344107527078,,4.0,200 m²,100 m²,1.0,,,,1.0,1.0,1.0,1.0,,1.0,,1.0,,,,Marbre,1.0,1.0,1.0,1.0,1.0,2ème,,4.0,,,,,
https://www.mubawab.tn/fr/a/8066445/a-louer-appartement-s3-meubl%C3%A9-au-lac-2,A louer Appartement S3 meublé au Lac 2,Les Berges Du Lac 2 à La Marsa,4 000 TND,80.0,4.0,,1.0,,1.0,1.0,1.0,1.0,1.0,Appartement,Bon état,36.876389,10.325278,,3.0,80 m²,80 m²,1.0,,,,,,1.0,1.0,1.0,1.0,1.0,1.0,,,10-20 ans,,,1.0,,1.0,,1er,,,,,,,
https://www.mubawab.tn/fr/a/8131490/appartement-s2-%C3%A0-louer-%C3%A0-ain-zaghouan-nord,Appartement S2 à louer à Ain Zaghouan nord,Ain Zaghouan Nord à La Marsa,1 900 TND,111.0,3.0,,,,,,,,,Appartement,Nouveau,36.8623859,10.2835035,,3.0,,,1.0,,,,,,,,,,,,,,,,1.0,,,,,,,2.0,,,,,
https://www.mubawab.tn/fr/a/7847226/a-louer-un-%C3%A9tage-de-villa-en-s3-meubl%C3%A9-au-lac-2,A louer un étage de villa en s3 meublé au lac 2,Les Berges Du Lac 2 à La Marsa,Prix à consulter,190.0,4.0,,,,1.0,1.0,1.0,1.0,1.0,Appartement,Bon état,36.876389,10.325278,,3.0,,,,,,,1.0,1.0,1.0,,1.0,1.0,1.0,1.0,,,Moins d'un an,,1.0,,,,,,,2.0,,,,,
https://www.mubawab.tn/fr/a/8044237/appartement-s1-%C3%A0-ain-zaghouan,Appartement S1 à Ain Zaghouan,Ain Zaghouan Nord à La Marsa,1 050 TND,75.0,2.0,1.0,1.0,,,1.0,1.0,1.0,,Appartement,Bon état,36.876389,10.325278,,,,,1.0,,,,,,,,,1.0,,,,,,,1.0,1.0,,1.0,,,,,,,,,
https://www.mubawab.tn/fr/a/8136268/rez-de-chauss%C3%A9e-face-m%C3%A9tro,Rez de chaussée face métro,Ibn Sina à El Kabaria,600 TND,120.0,4.0,,1.0,1.0,,,,1.0,,Appartement,Bon état,36.81881,10.16596,,3.0,120 m²,50 m²,1.0,,,,,,1.0,1.0,,,,,,,5-10 ans,Carrelage,,,,,,2ème,Est,,,,,,
https://www.mubawab.tn/fr/a/8031187/location-s2-meubl%C3%A9-%C3%A0-l-aouina,Location S2 meublé à l'Aouina,Aouina à La Marsa,130 TND,118.0,2.0,,1.0,,1.0,1.0,1.0,1.0,,Appartement,Nouveau,36.87638899999999,10.325278000000004,,2.0,,,,,,,,,,,1.0,1.0,,,,,,,1.0,1.0,,,,,,,,,,,
https://www.mubawab.tn/fr/a/8107593/appartement-s3-meubl%C3%A9-a-louer-%C3%A0-kairouan,Appartement S3 Meublé A Louer à Kairouan,Kairouan Ville à Kairouan Ville,1 100 TND,160.0,5.0,,,,1.0,1.0,1.0,1.0,1.0,Appartement,Bon état,35.6776,10.0924,,3.0,160 m²,,,,,,,,,,1.0,1.0,1.0,,,,10-20 ans,,,,,,,1er,,2.0,,,,,
https://www.mubawab.tn/fr/a/8034189/duplex-meubl%C3%A9-avec-vue-mer-au-golden-tulip,Duplex meublé avec vue mer au Golden Tulip,Gammarth Supérieur à La Marsa,4 200 TND,130.0,3.0,,1.0,,1.0,1.0,1.0,1.0,1.0,Appartement,Bon état,36.876389,10.325278,,2.0,,,1.0,1.0,1.0,1.0,1.0,1.0,,,1.0,1.0,1.0,1.0,1.0,1.0,,,,,1.0,,1.0,,,,1.0,,,,
https://www.mubawab.tn/fr/a/8136256/a-louer-un-appartement-s3-%C3%A0-l-aouina,A louer un appartement S3 à l'Aouina,Aouina à La Marsa,1 500 TND,130.0,4.0,,,,1.0,1.0,1.0,1.0,,Appartement,Bon état,36.876389,10.325278,,3.0,130 m²,,1.0,,,,,,,,,1.0,,,,,,,1.0,1.0,,,,4ème,,2.0,,,,,
https://www.mubawab.tn/fr/a/8112376/a-louer-appartement-s1-%C3%A0-la-nouvelle-soukra,A louer appartement S1 à la Nouvelle Soukra,La Soukra à La Soukra,1 100 TND,55.0,2.0,1.0,1.0,,,1.0,1.0,1.0,,Appartement,Nouveau,36.883333,10.25,,,,,1.0,,,,,1.0,1.0,1.0,,1.0,,,,,,,,,,,,2ème,,,,,,,
https://www.mubawab.tn/fr/a/8102346/a-louer-appartement-s2-%C3%A0-cit%C3%A9-el-wahat,A louer appartement S2 à Cité el wahat,Aouina à La Marsa,1 200 TND,90.0,3.0,,1.0,,,1.0,1.0,1.0,,Appartement,Nouveau,36.876389,10.325278,,2.0,,,,,,,,1.0,1.0,1.0,,1.0,,,,,,,1.0,,,,,,,,,,,,
https://www.mubawab.tn/fr/a/8113394/a-louer-appartement-s1-%C3%A0-la-soukra,A louer appartement S1 à la Soukra,La Soukra à La Soukra,950 TND Baisse du prix 50 TND,74.0,2.0,1.0,1.0,,,1.0,1.0,1.0,,Appartement,Nouveau,36.883333,10.25,,,,,1.0,,,,,1.0,1.0,1.0,,1.0,,,,,,,1.0,,,,,4ème,,,,,,,
https://www.mubawab.tn/fr/pa/7660108/joli-duplex-vide-avec-jardin-%C3%A0-la-marsa,Joli Duplex vide avec jardin à la Marsa,La Marsa à La Marsa,5 500 TND,260.0,4.0,,,1.0,1.0,1.0,1.0,1.0,1.0,Appartement,Nouveau,36.88732716740928,10.322373785222368,,3.0,,,1.0,,,1.0,1.0,1.0,1.0,1.0,1.0,1.0,,,,1.0,1-5 ans,Marbre,1.0,1.0,,1.0,1.0,,Est,3.0,,,Finalisé,novembre 2021,Haut standing
https://www.mubawab.tn/fr/a/7911514/location-appartement-s3-khezema-est,Location Appartement S3 khezema EST,Khezama Est,1 300 TND,150.0,4.0,,1.0,,,1.0,1.0,1.0,,Appartement,Bon état,35.844,10.618753,,3.0,,,1.0,,,,,,,,,,,,,,,,,1.0,,,,1er,,,,,,,
https://www.mubawab.tn/fr/a/8108344/s2-en-location,S2 en location,Cité El Agba à Monastir Ville,650 TND,85.0,,,,,,,,,,Appartement,,35.755394,10.827216,,,,,,,,,,,,,,,,,,,,,,,,,,,,,,,,,
https://www.mubawab.tn/fr/a/8076802/s2-en-location,S2 en location,Skanes à Monastir Ville,900 TND,100.0,,,,,,,,1.0,,Appartement,,35.783333,10.833333,,,,,,,,,,,,,,,,,,,,,,,,,,,,,,,,,
https://www.mubawab.tn/fr/a/8107815/s2-en-location,S2 en location,Zone Touristique à Monastir Ville,1 700 TND,117.0,,,,,,,,,,Appartement,,35.783333,10.833333,,,,,,,,,,,,,,,,,,,,,1.0,,,,,,,,1.0,,,,
https://www.mubawab.tn/fr/a/8135101/s1-meubl%C3%A9-%C3%A0-louer-%C3%A0-ain-zaghouan-nord,S1 meublé à louer à Ain Zaghouan Nord,Ain Zaghouan Nord à La Marsa,1 800 TND,,4.0,1.0,1.0,1.0,1.0,1.0,1.0,1.0,1.0,Appartement,Nouveau,36.876389,10.325278,,,,,1.0,,1.0,,1.0,1.0,1.0,1.0,1.0,1.0,1.0,1.0,,,,Marbre,1.0,1.0,,1.0,,,,,,,,,
https://www.mubawab.tn/fr/a/8112922/s1-neuf-meubl%C3%A9-%C3%A0-louer-%C3%A0-ain-zaghouan-nord,S1 neuf meublé à louer à Ain Zaghouan Nord,Ain Zaghouan Nord à La Marsa,1 900 TND,,4.0,1.0,1.0,1.0,1.0,1.0,1.0,1.0,1.0,Appartement,Nouveau,36.876389,10.325278,,,,,,,1.0,,1.0,1.0,1.0,1.0,1.0,1.0,1.0,1.0,,,Moins d'un an,Marbre,1.0,1.0,,1.0,,,,,,,,,
https://www.mubawab.tn/fr/a/8136166/coquet-s2-meubl%C3%A9,Coquet s2 meublé,Les Jardins de Carthage à Le Kram,2 400 TND,100.0,2.0,,,,1.0,1.0,1.0,1.0,1.0,Appartement,Bon état,36.8555704,10.291834,,2.0,,,,,,,,1.0,,,1.0,1.0,1.0,1.0,,,10-20 ans,Marbre,1.0,1.0,,1.0,,,,2.0,,,,,
https://www.mubawab.tn/fr/a/8136154/appartement-s2-meubl%C3%A9,Appartement s2 meublé,Cité Les Pins à La Marsa,3 100 TND,100.0,3.0,,,,1.0,1.0,1.0,1.0,1.0,Appartement,Nouveau,36.8590944,10.2564551,,2.0,,,,,,,,1.0,1.0,,1.0,1.0,1.0,1.0,,,Moins d'un an,Marbre,,,,,,1er,,2.0,,,,,
https://www.mubawab.tn/fr/a/8099886/spacieux-s3-au-rdc,Spacieux s3 au rdc,Sidi Daoued à La Marsa,3 700 TND,150.0,4.0,,,1.0,,1.0,1.0,1.0,,Appartement,Bon état,36.876389,10.325278,,3.0,,,1.0,,,,,1.0,1.0,1.0,1.0,1.0,,1.0,,,5-10 ans,Marbre,1.0,1.0,,1.0,,,,3.0,,,,,
https://www.mubawab.tn/fr/a/8121938/appartement-s1-vide,Appartement s1 vide,Les Jardins de Carthage à Le Kram,1 200 TND,50.0,2.0,1.0,1.0,,,1.0,1.0,1.0,,Appartement,Bon état,36.86269531116727,10.28827943822342,,,,,,,,,,1.0,,,,1.0,,,,,,,1.0,1.0,,1.0,,,,,,,,,
https://www.mubawab.tn/fr/a/8118524/appartement-s2-meubl%C3%A9-avec-jardin,Appartement s2 meublé avec jardin,Sidi Daoued à La Marsa,2 000 TND,100.0,3.0,,1.0,1.0,1.0,1.0,1.0,1.0,1.0,Appartement,Bon état,36.876389,10.325278,,2.0,,,,,,,,1.0,,,1.0,1.0,1.0,1.0,,,5-10 ans,Marbre,1.0,,,,,,,,,,,,
https://www.mubawab.tn/fr/a/8096601/appartement-s2-meubl%C3%A9,Appartement s2 meublé,Gammarth à La Marsa,5 500 TND,120.0,3.0,,,,1.0,1.0,1.0,1.0,1.0,Appartement,Nouveau,36.917739,10.288893,,2.0,,,1.0,,1.0,,,1.0,1.0,,1.0,1.0,1.0,1.0,,,Moins d'un an,Marbre,1.0,1.0,1.0,1.0,,,,3.0,,,,,
https://www.mubawab.tn/fr/a/8096106/appartement-s3-avec-jardin,Appartement s3 avec jardin,La Marsa à La Marsa,3 100 TND,150.0,4.0,,,1.0,,1.0,1.0,1.0,1.0,Appartement,Bon état,36.8941992,10.2762232,,3.0,,,,,,,,,,,,1.0,,1.0,,,1-5 ans,,1.0,,,,,,,2.0,,,,,
https://www.mubawab.tn/fr/a/8099899/appartement-s1-meubl%C3%A9,Appartement s1 meublé,Les Jardins de Carthage à Le Kram,2 400 TND,70.0,2.0,1.0,1.0,,1.0,1.0,1.0,1.0,1.0,Appartement,Bon état,36.8555704,10.291834,,,,,1.0,,,,,1.0,1.0,1.0,1.0,1.0,,1.0,,,Moins d'un an,Marbre,,1.0,,1.0,,,,,,,,,
https://www.mubawab.tn/fr/a/8115699/appartement-s1-meubl%C3%A9,Appartement s1 meublé,Les Jardins de Carthage à Le Kram,1 800 TND,60.0,2.0,1.0,1.0,,1.0,1.0,1.0,1.0,1.0,Appartement,Bon état,36.8555704,10.291834,,,,,,,,,,1.0,1.0,1.0,1.0,1.0,1.0,1.0,1.0,,5-10 ans,Marbre,1.0,1.0,,1.0,,,,,,,,,
https://www.mubawab.tn/fr/a/8052821/a-louer-4-appartements-en-s2-et-s3-%C3%A0-carthage-salambo,A louer 4 appartements en S2 et S3 à Carthage Salambo,Carthage à Carthage,2 500 TND,,,,,,,,,1.0,,Appartement,,36.8694317,10.3164051,,4.0,,,,,,,,,,,,,,,,,,,,,,,,,,,,,,,
https://www.mubawab.tn/fr/a/8052394/a-louer-%C3%A9tage-de-villa-s4-au-lac-2,A louer étage de villa S4 au lac 2,La Marsa,3 200 TND,,,,,,,1.0,1.0,1.0,,Appartement,,36.876389,10.325278,,5.0,,,1.0,,,,,,,,,,,,,,,,1.0,,,,,,,,,,,,
https://www.mubawab.tn/fr/a/8048292/location-s1-meubl%C3%A9-au-lac2,Location s1 meublé au lac2,Les Berges Du Lac 2 à La Marsa,1 800 TND,80.0,,1.0,1.0,,,1.0,1.0,1.0,1.0,Appartement,Bon état,36.8468986,10.2641808,,,,,1.0,,,,,1.0,1.0,,1.0,1.0,1.0,1.0,,,,,1.0,1.0,,1.0,,,,,,,,,
https://www.mubawab.tn/fr/a/8007893/a-louer-un-appartement-s0-meubl%C3%A9-%C3%A0-soukra,A Louer Un Appartement S0 Meublé à Soukra,La Soukra à La Soukra,850 TND,50.0,,1.0,1.0,,1.0,1.0,1.0,1.0,1.0,Appartement,Nouveau,36.883333,10.25,1.0,,,,1.0,,,,,1.0,,,1.0,,,,,,,,,,,,,,,,,,,,
https://www.mubawab.tn/fr/a/7996359/a-louer-un-appartement-s2-haut-standing-%C3%A0-choutrana-1,A Louer Un Appartement S2 Haut Standing à Choutrana 1,Chotrana 1 à La Soukra,1 400 TND,150.0,2.0,,1.0,,,1.0,1.0,,,Appartement,Nouveau,36.883333,10.25,,2.0,,,1.0,,,,,1.0,,,,,,,,,,,,,,,,,,,,,,,
https://www.mubawab.tn/fr/a/7886230/duplex-s3-meubl%C3%A9-vue-sur-mer-%C3%A0-gammarth,Duplex S3 meublé vue sur mer à Gammarth,Gammarth à La Marsa,7 000 TND,,4.0,,,,1.0,1.0,1.0,1.0,1.0,Appartement,Bon état,36.876389,10.325278,,3.0,,,1.0,1.0,1.0,1.0,1.0,1.0,1.0,1.0,1.0,1.0,1.0,1.0,1.0,1.0,1-5 ans,Carrelage,,,,,,,,3.0,,,,,
https://www.mubawab.tn/fr/a/7977349/a-louer-un-appartement-s2-h-s-%C3%A0-jardin-de-carthage,A Louer Un Appartement S2 H S à Jardin De Carthage,Carthage à Carthage,2 500 TND,130.0,2.0,,1.0,,,1.0,1.0,,,Appartement,Nouveau,36.8566,10.3258,,2.0,,,1.0,,,,,,,,,,,,,,,,1.0,,,,,,,,,,,,
https://www.mubawab.tn/fr/a/7972228/a-louer-un-appartement-s2-%C3%A0-jardin-de-carthage,A Louer Un Appartement S2 à Jardin De Carthage,Carthage à Carthage,1 650 TND,100.0,2.0,,1.0,1.0,,1.0,1.0,1.0,,Appartement,Nouveau,36.8566,10.3258,,2.0,,,,,,,,1.0,,,,,,,,,,,,1.0,,,,,,,,,,,
https://www.mubawab.tn/fr/a/7893113/s3-rdc-avec-jardin-aux-les-jardins-de-carthage,S3 RDC avec jardin aux les jardins de Carthage,Les Jardins de Carthage à Le Kram,2 800 TND,170.0,3.0,,,1.0,,1.0,1.0,1.0,,Appartement,Nouveau,36.833333,10.316667,,3.0,,,1.0,,1.0,,,1.0,1.0,1.0,,1.0,,,,1.0,1-5 ans,Marbre,,1.0,,1.0,,,,2.0,,,,,
https://www.mubawab.tn/fr/a/7908158/s4-aux-les-jardins-de-carthage,S4 aux Les Jardins de Carthage,Les Jardins de Carthage à Le Kram,3 100 TND,130.0,4.0,,,,,1.0,1.0,1.0,,Appartement,Bon état,36.833333,10.316667,,4.0,,,1.0,,1.0,,,1.0,1.0,1.0,1.0,1.0,,1.0,,,1-5 ans,Marbre,1.0,1.0,,1.0,,,,3.0,,,,,
https://www.mubawab.tn/fr/a/7974822/s2-a-sijoumi,S2 a sijoumi,Sijoumi,Prix à consulter,80.0,3.0,,1.0,,,,,,,Appartement,Bon état,36.782255,10.15352,,2.0,,,,,1.0,,,,,,,,,,,,1-5 ans,Carrelage,,,,,,1er,Nord,,,,,,
https://www.mubawab.tn/fr/a/7950641/bel-appartement-s2-%C3%A0-borj-louzir-pr%C3%A8s-de-tunisie,Bel appartement S2 à borj louzir près de Tunisie,Borj Louzir à La Soukra,900 TND,110.0,3.0,,1.0,,,1.0,1.0,1.0,,Appartement,Bon état,36.88333299999999,10.25,,2.0,,,,,,,1.0,1.0,,,,1.0,,1.0,,,1-5 ans,Carrelage,1.0,,,,,2ème,Est,,,,,,
https://www.mubawab.tn/fr/a/7922026/louez-cet-appartement-%C3%A0-bou-mhel-1-pi%C3%A8ce-meubl%C3%A9,Louez cet appartement à Bou Mhel. 1 Pièce. Meublé,Bou Mhel à Boumhel Bassatine,1 200 TND,50.0,,1.0,1.0,,1.0,1.0,1.0,1.0,1.0,Appartement,Nouveau,36.57724,10.34246,1.0,,,,1.0,,,,,1.0,,,1.0,1.0,1.0,,1.0,,Moins d'un an,Marbre,1.0,1.0,1.0,1.0,,3ème,Ouest,,,,,,
https://www.mubawab.tn/fr/a/7886164/appartement-s3-avec-piscine-et-jardin-%C3%A0-louer-au-lac-2,Appartement S3 avec piscine et jardin à louer au lac 2,Les Berges Du Lac 2 à La Marsa,6 500 TND,341.0,,,,,,,,,,Appartement,,36.8468986,10.2641808,,,,,1.0,,,,,1.0,,,,,,,,,,,1.0,,,,,,,,1.0,,,,
https://www.mubawab.tn/fr/a/7753541/a-louer-s0-%C3%A0-kantaoui-vue-golf,A louer S0 à kantaoui vue golf,El Kantaoui à Hammam Sousse,1 000 TND,40.0,,1.0,1.0,,1.0,1.0,1.0,,,Appartement,Nouveau,35.898175,10.58025,1.0,,,,1.0,,,,,,,,,,,,,,,,,,,,,,,,,,,,
