link,title,address,price,type,Référence,Pièces,Surface,Surface totale,Type de chauffage,Énergie de chauffage,Moyen de chauffage,Type d'eau chaude,Moyen d'eau chaude,Eaux usées,État,Étage,Exposition,Vue,Salon,Chambres,Salles de bains,Cuisines,Jardin,Abri de voiture,Éclairage extérieur,Piscine,Animaux autorisés,latitude,longitude,Jardin 1500 m²,Adoucisseur d'eau,Air conditionné,Cheminée,Double vitrage,Fenêtre aluminium,Fenêtres coulissantes,Meublé,Panneaux solaires,Stores électriques,Arrosage,Barbecue,Clôture,Maison de gardien,Vidéo surveillance,Jardin 950 m²,Cuisine,Stores,Accès handicapé,Interphone,Cafetière,Four,Four à micro-ondes,Reception 24/7,Réfrigérateur,Télévision,Internet,Alarme,Porte blindée,Terrain de jeux,Aspiration centralisée,Baignoire balnéo,Fenêtre PVC,Congélateur,Cuisinière,Lave-linge,Plaque de cuisson,Vaisselle,Piscine intérieure,Chambre,Chambres d'enfants,Salle de bains,Jacuzzi,Thermostat connecté,Forage,Portail électrique,Fer à repasser,Linge de maison,Barres de fenêtres,Terrain 2000 m²,Borne voiture électrique,Triple vitrage,Vide sanitaire,Volets roulants électriques,Héliport,Puits,Alarme incendie,Gardien,Service de sécurité,Vidéophone,Lave-vaisselle,Immeuble classé/inscrit,Télédistribution,Groupe électrogène,Sèche-cheveux,Sèche-linge,Téléphone,Terrain 1400 m²,Buanderie commune,Jardin 500 m²,Panneaux photovoltaïques,Terrain 2500 m²,Concierge,Moustiquaires,Salons,Garage,Lecteur DVD,Lecteur CD,Ascenseur,Piscine en copropriété,Fibre optique,Digicode,Coffre-fort,Terrasse,Suite,Terrasse 90 m²,Balcon,Salle de sport,Cour,Local à vélo,Terrasse 300 m²,Domotique,Ventilation double flux,Sauna,Spa,Abri de jardin 72 m²,Studio 48 m²,Golf,Tennis,Terrasse 60 m²,Parking,Appartement 122 m²,Terrasse 16 m²,Cour 15 m²,Faux plafond,Jeu de boules,Balcon 8 m²,Chambre 12 m²,Chambre 17 m²,Balcon 6 m²,Séjour,Balcons,Terrain 201 m²,Salles de bains / toilettes,Terrain 300000 m²,Baie de brassage,Extincteur automatique à eau,Quai de déchargement,Réseau informatique,Rideau métallique,Robinet d'incendie armé,Zone de remorquage,Pilliers,En coin de rue,Terrain 600 m²,Maison 600 m²,Terrain 10000 m²,Suites,Terrain 750 m²,Terrain 5000 m²,Conduit d'extraction,Contrôle d'accès,Terrain 3200 m²,Ventilation simple flux,Restaurant d’entreprise,Terrain 3500 m²,Cinéma,Voiturier,Centre d'affaires,Terrasse 40 m²,Sous-sol,Séjour/cuisine,Chambre d'enfants,Porte coupe-feu,Maison 150 m²,Appartements 150 m²,Appartements 120 m²,Autre 50 m²,Terrasse 1350 m²,Véranda 1200 m²,Cuisine 400 m²,Séjour 95 m²,Terrasse 140 m²,Terrain 320000 m²,Terrain 1200 m²,Terrain 525 m²,Terrasse 38 m²,Appartement 121 m²,Appartement 65 m²,Appartement 85 m²,Appartement 130 m²,Appartement 300 m²,Terrain 100000 m²,Appartement 76 m²,Garage 16 m²,Terrain 15300 m²,Terrain 6960 m²,Terrain 994 m²,Piscine intérieure 50 m²,Garage 70 m²,Terrain 98000 m²,Spa 11000 m²,Terrain 419 m²,Terrain 460 m²,Terrain 11883 m²,Terrain 500 m²,Terrain 7513 m²,Terrain 6698 m²,Terrain 900 m²,Cuisine 21 m²,Terrain 16313 m²,Terrain 416 m²,Terrain 120000 m²,Terrain 1500 m²,Jardin 60 m²,Terrain 576 m²,Appartement 220 m²,Hall 220 m²,Terrain 1000 m²,Terrain 491 m²,Appartement 80 m²,Terrain 24000 m²,Terrain 8050 m²,Chambre 21000 m²,Cuisine 600 m²,Boîte de nuit 400 m²,Cafétéria 300 m²Café Maure,Piscine intérieure 400 m²,Chambre de service 500 m²Animateur,Salle 300 m²,Salle de réception 600 m²,Salle à manger 2000 m²,Salle de jeux 400 m²,Local technique 800 m²,Salle de sport 300 m²,Jardin 300 m²BARBECUE,Autre 1500 m²Centre de Thalasso,Terrain 42382 m²,Terrain 110000 m²,Terrain 700 m²,Terrain 736000 m²,Terrain 678 m²,Sous-sol 80 m²,Terrain 360 m²,Jardin 203 m²,Terrain 19200 m²,Jardin 168 m²,Balcon 21 m²,Jardin 360 m²,Autre 600 m²,Terrasse 25 m²,Balcon 15 m²,Salle 120 m²,Cuisine 30 m²,Bureau 12 m²,Terrain 20000 m²,Terrain 1800 m²,Logement 120 m²,Logement 150 m²,Grange 400 m²inachevé,Débarras 16 m²,Grange 125 m²,Grange 88 m²,Terrain 13000 m²,Appartement 70 m²,Terrasse 200 m²,Sous-sol 335 m²,Terrain 2561 m²,Abri de jardin 80 m²,Chambre d'enfants 16 m²,Chambre 16 m²,Chambre 22 m²,Cuisine 25 m²,Salle de douche / toilettes 10 m²,Balcon 10 m²,Salon 45 m²,Hall 21 m²,Terrain 478 m²,Garage 40 m²,Appartement 180 m²,Appartement 340 m²,Terrain 2100 m²,Jardin 1100 m²,Terrain 1080 m²,Terrain 38000 m²,Terrain 240 m²,Terrain 400 m²,Terrain 950 m²,Local technique 58 m²,Salle de réunion 777 m²,Sous-sol 1314 m²,"Hall 390 m²cuisine, Salle et Hall",Chambre 696 m²,Chambre 662 m²,Local technique 194 m²,Terrasse 510 m²,Jardin en copropriété,Terrain 1003 m²,Terrain 367 m²,Gonflables,Pêche,Plateforme hydraulique,Plongée,Vélos,Terrain 1211 m²,Terrain 45000 m²,Terrain 684 m²,Terrain 16316 m²,Sous-sol 1711 m²,Salle de jeux 50 m²,Commerce 300 m²,Bureau 200 m²,Terrain 270 m²,Parking 270 m²,Terrain 240000 m²,Chambre 25340 m²,Commerce 3018 m²,Sous-sol 580 m²,Open space 450 m²,Mezzanine 850 m²,Hall 8 m²,Salon 24 m²,Salle de bains 5 m²,Chambre 13 m²,Cuisine 9 m²,Terrasse 10 m²,Terrain 3660 m²,Sous-sol 200 m²,Mezzanine 200 m²,Terrain 252 m²,Terrain 451 m²,Terrain 7500 m²,Terrain 7800 m²,Jardin 150 m²,Jardin 50 m²,Garage 20 m²,Terrain 21000 m²,Terrain 350 m²,Terrain 730 m²,Garage 18 m²,Sous-sol 557 m²,Sous-sol 100 m²,Salle 100 m²,Salle de réception 120 m²,Hammam,Studio,Maison 283 m²,Lot,Terrain 248 m²,Terrain 65000 m²,Terrain 8200 m²,Commerce 40 m²,Appartement 107 m²,Galerie 20 m²,Toilette PMR 2 m²,Cuisine 5 m²,Terrain 60000 m²,Terrain 42000 m²,Terrain 580 m²,Terrain 16775 m²,Terrain 482 m²,Terrain 540 m²,Terrain 504 m²,Chambre 25 m²,Cuisine 20 m²,Salon 70 m²,Salle de bains / toilettes 12 m²,Salle de douche / toilettes 15 m²,Sous-sol 160 m²,Parking extérieur 30 m²,Terrain 1450 m²,Terrain 1020 m²,Terrain 125000 m²,Terrasse 12 m²,Salle à manger,Chambre de service,Local technique,Terrain 820 m²,Terrain 7000 m²,Terrain 3 ha,Chambre 2 ha,Commerce 0 ha,Chambre de maître 40 m²,Chambre de maître 60 m²,Terrain 688 m²,Appartement 78 m²,Salon 59 m²,Couloir 10 m²,Chambre de maître 22 m²,Salle de bains 4 m²,Salle de douche / toilettes 6 m²,Cuisine 11 m²,Grenier 31 m²,Chambre 18 m²,Salle de bains 8 m²,Dégagement 4 m²,Autre 105 m²,Escalier 4 m²,Sous-sol 6 m²,Terrain 572 m²,Terrains 2032 m²,Terrains 1000 m²,Terrains 1291 m²,Terrains 1293 m²,Terrains 1667 m²,Terrains 8940 m²,Terrains 5160 m²,Appartement 109 m²
https://www.homeintunisia.com/fr/propri%C3%A9t%C3%A9/85923638,Superbe Appartement S+1 à Jawhara,Cité Jaouhara,130 000 TND,Appartement,85923638,2 pièces,,60 m²,Central,Gaz,Individuel,Chaudière,Individuelle,Tout à l'égout,Bon état,2ème étage / 3,Ouest,Dégagée Rue,,,,,,,,,,35.83366,10.64068,,,,,,,,,,,,,,,,,,,,,,,,,,,,,,,,,,,,,,,,,,,,,,,,,,,,,,,,,,,,,,,,,,,,,,,,,,,,,,,,,,,,,,,,,,,,,,,,,,,,,,,,,,,,,,,,,,,,,,,,,,,,,,,,,,,,,,,,,,,,,,,,,,,,,,,,,,,,,,,,,,,,,,,,,,,,,,,,,,,,,,,,,,,,,,,,,,,,,,,,,,,,,,,,,,,,,,,,,,,,,,,,,,,,,,,,,,,,,,,,,,,,,,,,,,,,,,,,,,,,,,,,,,,,,,,,,,,,,,,,,,,,,,,,,,,,,,,,,,,,,,,,,,,,,,,,,,,,,,,,,,,,,,,,,,,,,,,,,,,,,,,,,,,,,,,,,,,,,,,,,,,,,,,,,,,,,,,,,,
https://www.homeintunisia.com/fr/propri%C3%A9t%C3%A9/85908034,vente d'un appartement s+3 à JAWHRA,Sousse,391 400 TND,Appartement,85908034,4 pièces,183 m²,,Radiateur,,Collectif,Chaudière,Individuelle,Tout à l'égout,Bon état,4ème,,Dégagée,,,,,,,,,,35.82696,10.61073,,,,,,,,,,,,,,,,,,,,,,,,,,,,,,,,,,,,,,,,,,,,,,,,,,,,,,,,,,,,,,,,,,,,,,,,,,,,,,,,,,,,,,,,,,,,,,,,,,,,,,,,,,,,,,,,,,,,,,,,,,,,,,,,,,,,,,,,,,,,,,,,,,,,,,,,,,,,,,,,,,,,,,,,,,,,,,,,,,,,,,,,,,,,,,,,,,,,,,,,,,,,,,,,,,,,,,,,,,,,,,,,,,,,,,,,,,,,,,,,,,,,,,,,,,,,,,,,,,,,,,,,,,,,,,,,,,,,,,,,,,,,,,,,,,,,,,,,,,,,,,,,,,,,,,,,,,,,,,,,,,,,,,,,,,,,,,,,,,,,,,,,,,,,,,,,,,,,,,,,,,,,,,,,,,,,,,,,,,
https://www.homeintunisia.com/fr/propri%C3%A9t%C3%A9/85853317,"À Vendre – Bel Appartement 3 Chambres à Tantana, à Proximité de la Plage",Chatt Meriem,360 000 TND,Appartement,85853317,4 pièces,126 m²,126 m²,"Radiateur, Climatisation, Central",Electrique,Collectif,Chaudière,Individuelle,Tout à l'égout,Neuf,1er,Nord-est,Dégagée,,,,,,,1.0,,,35.93131,10.54996,,,,,,,1.0,,,,,,1.0,,1.0,,,1.0,1.0,1.0,,,,,,,,,1.0,,,,,,,,,,,,,,,1.0,,,,,,,,,,,,,,,,,,,,,,,,,,,,,1.0,,,,,,1.0,,1.0,,,,,,,,,,,,,,,,,,,,,,,,,,,,,,,,,,,,,,,,,,,,,,,,,,,,,,,,,,,,,,,,,,,,,,,,,,,,,,,,,,,,,,,,,,,,,,,,,,,,,,,,,,,,,,,,,,,,,,,,,,,,,,,,,,,,,,,,,,,,,,,,,,,,,,,,,,,,,,,,,,,,,,,,,,,,,,,,,,,,,,,,,,,,,,,,,,,,,,,,,,,,,,,,,,,,,,,,,,,,,,,,,,,,,,,,,,,,,,,,,,,,,,,,,,,,,,,,,,,,,,,,,,,,,,,,,,,,,,,,,,,,,,,,,,,,,,,,,
https://www.homeintunisia.com/fr/propri%C3%A9t%C3%A9/85853309,"À Vendre – Bel Appartement S+2 à Tantana, Chott Mariem",Chatt Meriem,310 000 TND,Appartement,85853309,3 pièces,96 m²,96 m²,"Radiateur, Climatisation, Central",Electrique,Collectif,Chaudière,Individuelle,Tout à l'égout,Neuf,1er,Nord-est,Dégagée,,,,,,,1.0,,,35.93131,10.54996,,,,,,,1.0,,,,,,1.0,,1.0,,,1.0,1.0,1.0,,,,,,,,,1.0,,,,,,,,,,,,,,,1.0,,,,,,,,,,,,,,,,,,,,,,,,,,,,,1.0,,,,,,1.0,,1.0,,,,,,,,,,,,,,,,,,,,,,,,,,,,,,,,,,,,,,,,,,,,,,,,,,,,,,,,,,,,,,,,,,,,,,,,,,,,,,,,,,,,,,,,,,,,,,,,,,,,,,,,,,,,,,,,,,,,,,,,,,,,,,,,,,,,,,,,,,,,,,,,,,,,,,,,,,,,,,,,,,,,,,,,,,,,,,,,,,,,,,,,,,,,,,,,,,,,,,,,,,,,,,,,,,,,,,,,,,,,,,,,,,,,,,,,,,,,,,,,,,,,,,,,,,,,,,,,,,,,,,,,,,,,,,,,,,,,,,,,,,,,,,,,,,,,,,,,,
https://www.homeintunisia.com/fr/propri%C3%A9t%C3%A9/85845614,Appartement S+2 à Chott Meriem,Chatt Meriem,205 000 TND,Appartement,85845614,3 pièces,85 m²,85 m²,Radiateur,Gaz,Collectif,Chaudière,Individuelle,Tout à l'égout,Bon état,Rez-de-chaussée,"Nord, Sud",Dégagée Mer Rue,1,2,,,,,,,,35.95923,10.54225,,,1.0,,,1.0,1.0,,,,,,,,,,1,,,,,,,,,,,,1.0,,,,,,,,,,,,,1,,,,,,,,,,,,,,,,,,,,,,,,,,,,,,,,,,,,,,,,,,,,,,,,,,,,,,,,,,,,,,,,,,,,,,,,,,,,,,,,,,,,,,,,,,,,,,,,,,,,,,,,,,,,,,,,,,,,,,,,,,,,,,,,,,,,,,,,,,,,,,,,,,,,,,,,,,,,,,,,,,,,,,,,,,,,,,,,,,,,,,,,,,,,,,,,,,,,,,,,,,,,,,,,,,,,,,,,,,,,,,,,,,,,,,,,,,,,,,,,,,,,,,,,,,,,,,,,,,,,,,,,,,,,,,,,,,,,,,,,,,,,,,,,,,,,,,,,,,,,,,,,,,,,,,,,,,,,,,,,,,,,,,,,,,,,,,,,
https://www.homeintunisia.com/fr/propri%C3%A9t%C3%A9/85845567,Appartement S+2 à Chott Meriem,Chatt Meriem,265 000 TND,Appartement,85845567,3 pièces,110 m²,110 m²,Radiateur,Gaz,Collectif,Chaudière,Individuelle,Tout à l'égout,Bon état,1er,"Nord, Sud",Dégagée Mer Rue,1,2,,,,,,,,35.95923,10.54225,,,1.0,,,1.0,1.0,,,,,,,,,,1,,,,,,,,,,,,1.0,,,,,,,,,,,,,1,,,,,,,,,,,,,,,,,,,,,,,,,,,,,,,,,,,,,,,,,,,,,,,,,,,,,,,,,,,,,,,,,,,,,,,,,,,,,,,,,,,,,,,,,,,,,,,,,,,,,,,,,,,,,,,,,,,,,,,,,,,,,,,,,,,,,,,,,,,,,,,,,,,,,,,,,,,,,,,,,,,,,,,,,,,,,,,,,,,,,,,,,,,,,,,,,,,,,,,,,,,,,,,,,,,,,,,,,,,,,,,,,,,,,,,,,,,,,,,,,,,,,,,,,,,,,,,,,,,,,,,,,,,,,,,,,,,,,,,,,,,,,,,,,,,,,,,,,,,,,,,,,,,,,,,,,,,,,,,,,,,,,,,,,,,,,,,,
https://www.homeintunisia.com/fr/propri%C3%A9t%C3%A9/85845544,Agréable Appartement S+2 à Chott Meriem,Chatt Meriem,265 000 TND,Appartement,85845544,3 pièces,110 m²,110 m²,Radiateur,Gaz,Collectif,Chaudière,Individuelle,Tout à l'égout,Bon état,2ème,"Nord, Sud",Dégagée Mer Rue,1,2,,,,,,,,35.95923,10.54225,,,1.0,,,1.0,1.0,,,,,,,,,,1,,,,,,,,,,,,1.0,,,,,,,,,,,,,1,,,,,,,,,,,,,,,,,,,,,,,,,,,,,,,,,,,,,,,,,,,,,,,,,,,,,,,,,,,,,,,,,,,,,,,,,,,,,,,,,,,,,,,,,,,,,,,,,,,,,,,,,,,,,,,,,,,,,,,,,,,,,,,,,,,,,,,,,,,,,,,,,,,,,,,,,,,,,,,,,,,,,,,,,,,,,,,,,,,,,,,,,,,,,,,,,,,,,,,,,,,,,,,,,,,,,,,,,,,,,,,,,,,,,,,,,,,,,,,,,,,,,,,,,,,,,,,,,,,,,,,,,,,,,,,,,,,,,,,,,,,,,,,,,,,,,,,,,,,,,,,,,,,,,,,,,,,,,,,,,,,,,,,,,,,,,,,,
https://www.homeintunisia.com/fr/propri%C3%A9t%C3%A9/85845480,Appartement S+3 à Chott Meriem – Dernier étage avec balcons,Chatt Meriem,480 000 TND,Appartement,85845480,4 pièces,200 m²,200 m²,Radiateur,Gaz,Collectif,Chaudière,Individuelle,Tout à l'égout,Bon état,3ème,"Nord, Sud",Dégagée Mer Rue,1,3,,,,,,,,35.95923,10.54225,,,1.0,,,1.0,1.0,,,,,,,,,,1,,,,,,,,,,,,1.0,,,,,,,,,,,,,1,,,,,,,,,,,,,,,,,,,,,,,,,,,,,,,,,,,,,,,,,,,,,,,,,,,,,,,,,,,,,,,,,,,,,,,,,,,,,,,,,,,,,,,,,,,,,,,,,,,,,,,,,,,,,,,,,,,,,,,,,,,,,,,,,,,,,,,,,,,,,,,,,,,,,,,,,,,,,,,,,,,,,,,,,,,,,,,,,,,,,,,,,,,,,,,,,,,,,,,,,,,,,,,,,,,,,,,,,,,,,,,,,,,,,,,,,,,,,,,,,,,,,,,,,,,,,,,,,,,,,,,,,,,,,,,,,,,,,,,,,,,,,,,,,,,,,,,,,,,,,,,,,,,,,,,,,,,,,,,,,,,,,,,,,,,,,,,,
https://www.homeintunisia.com/fr/propri%C3%A9t%C3%A9/85828867,À Vendre – Appartements S+1 Haut Standing à partir de 195 000 TND,Sahloul,200 850 TND,Appartement,85828867,,63 m²,,"Radiateur, Climatisation","Gaz, Electrique, Eau chaude",Collectif,Chaudière,Individuelle,Tout à l'égout,Neuf,1er étage / 7,"Est, Nord-est, Sud-est",Dégagée Rue,,,,,,1.0,1.0,,,35.83092,10.6001,,,1.0,,1.0,1.0,1.0,,,1.0,,,,1.0,1.0,,,,,,,,,,,,,,,,,,,,,,,,,,,,,,,,,,,,,,,,,,1.0,1.0,,1.0,,,1.0,,,,,,,,,,,,,,,,1.0,,,1.0,,,,,,,,,,,,,,,,,,,,,,,,,,,,,,,,,,,,,,,,,,,,,,,,,,,,,,,,,,,,,,,,,,,,,,,,,,,,,,,,,,,,,,,,,,,,,,,,,,,,,,,,,,,,,,,,,,,,,,,,,,,,,,,,,,,,,,,,,,,,,,,,,,,,,,,,,,,,,,,,,,,,,,,,,,,,,,,,,,,,,,,,,,,,,,,,,,,,,,,,,,,,,,,,,,,,,,,,,,,,,,,,,,,,,,,,,,,,,,,,,,,,,,,,,,,,,,,,,,,,,,,,,,,,,,,,,,,,,,,,,,,,,,,,,,,,,,,,
https://www.homeintunisia.com/fr/propri%C3%A9t%C3%A9/85798568,À Vendre – Appartement S+2 avec Place de Parking à,Hammam Sousse,288 400 TND,Appartement,85798568,3 pièces,83 m²,113 m²,"Radiateur, Climatisation, Central","Gaz, Electrique, Eau chaude",Collectif,Chaudière,Individuelle,Tout à l'égout,Bon état,3ème étage / 4,"Est, Sud-est",Dégagée Rue,,,,,,1.0,1.0,,,35.87039,10.60119,,,1.0,,1.0,1.0,1.0,,,,,,,,1.0,,,1.0,1.0,1.0,,,,,,,,,,,,,,,,,,,,,,,,,,,,,,,,,,,,,,1.0,,,,,1.0,,,,,,,,,,,,,,,,1.0,,,,,,,,,,,,,,,,,,,,,,,,,,,,,,,,,,,,,,,,,,,,,,,,,,,,,,,,,,,,,,,,,,,,,,,,,,,,,,,,,,,,,,,,,,,,,,,,,,,,,,,,,,,,,,,,,,,,,,,,,,,,,,,,,,,,,,,,,,,,,,,,,,,,,,,,,,,,,,,,,,,,,,,,,,,,,,,,,,,,,,,,,,,,,,,,,,,,,,,,,,,,,,,,,,,,,,,,,,,,,,,,,,,,,,,,,,,,,,,,,,,,,,,,,,,,,,,,,,,,,,,,,,,,,,,,,,,,,,,,,,,,,,,,,,,,,,,,,,,
https://www.homeintunisia.com/fr/propri%C3%A9t%C3%A9/85792999,Vente Appartement S+3 à Khezama Est,Sousse Khezama,350 000 TND,Appartement,85792999,4 pièces,95 m²,119 m²,Radiateur,,Collectif,Chaudière,Individuelle,Tout à l'égout,Bon état,1er étage / 2,,Dégagée,,,,,,,1.0,,,35.85506,10.61469,,,,,,,,,,,,,1.0,,,,,,,,,,,,,,,,1.0,,,1.0,,,,,,,,,,,,,,,,,,,,,,,,,,,,,,,,,,,,,,,,,,,,,,,,,,,,,,,,,,,,,,,,,,,,,,,,,,,,,,,,,,,,,,,,,,,,,,,,,,,,,,,,,,,,,,,,,,,,,,,,,,,,,,,,,,,,,,,,,,,,,,,,,,,,,,,,,,,,,,,,,,,,,,,,,,,,,,,,,,,,,,,,,,,,,,,,,,,,,,,,,,,,,,,,,,,,,,,,,,,,,,,,,,,,,,,,,,,,,,,,,,,,,,,,,,,,,,,,,,,,,,,,,,,,,,,,,,,,,,,,,,,,,,,,,,,,,,,,,,,,,,,,,,,,,,,,,,,,,,,,,,,,,,,,,,,,,,,,,,,,,,,,,,
https://www.homeintunisia.com/fr/propri%C3%A9t%C3%A9/85767500,🏡 À Vendre – Appartement Moderne S+1 | Résidence Sécurisée avec Piscine & Lac |,Monastir,436 000 TND,Appartement,85767500,2 pièces,56 m²,,"Climatisation, Central",,Individuel,Chauffe-eau,Individuelle,,Bon état,1er,Nord-ouest,Panoramique Ciel Piscine,,,,,,,,,,35.75657,10.73427,,,1.0,,1.0,,1.0,,,1.0,,,,,,,,1.0,,1.0,,,,,,,,1.0,,,,,,,,,,,,,,,,,,,,,,,,,,,,,,,,,,,,,,,,,,,,,,,,,,,1.0,,,,,,,,,,,,,,,,,,,,,,,,,,,,,,,,,,,,,,,,,,,,,,,,,,,,,,,,,,,,,,,,,,,,,,,,,,,,,,,,,,,,,,,,,,,,,,,,,,,,,,,,,,,,,,,,,,,,,,,,,,,,,,,,,,,,,,,,,,,,,,,,,,,,,,,,,,,,,,,,,,,,,,,,,,,,,,,,,,,,,,,,,,,,,,,,,,,,,,,,,,,,,,,,,,,,,,,,,,,,,,,,,,,,,,,,,,,,,,,,,,,,,,,,,,,,,,,,,,,,,,,,,,,,,,,,,,,,,,,,,,,,,,,,,,,,,,,,,,,
https://www.homeintunisia.com/fr/propri%C3%A9t%C3%A9/85766924,À Vendre – Penthouse d'Exception à Khezama avec Vue Panoramique Mer,Sousse Khezama,1 300 000 TND,Appartement,85766924,4 pièces,,183 m²,"Radiateur, Climatisation",Gaz,Collectif,Chaudière,Individuelle,Tout à l'égout,Neuf,8ème,Est,Dégagée Ciel Rue,,4,2,,,1.0,1.0,,,35.84762,10.61978,,,1.0,,1.0,1.0,1.0,,,,,,,,1.0,,,,1.0,,,,,,,,,,,,,,,,,,,,,,,,,,,,,,,,,,,,,,,1.0,,1.0,,,,,,,,,,,,,,,,,,,1.0,,,,,,,,1,,,,,,,,,,,,,,,,,,,,,,,,,,,,,,,,,,,,,,,,,,,,,,,,,,,,,1,,,,,,,,,,,,,,,,,,,,,,,,,,,,,,,,,,,,,,,,,,,,,,,,,,,,,,,,,,,,,,,,,,,,,,,,,,,,,,,,,,,,,,,,,,,,,,,,,,,,,,,,,,,,,,,,,,,,,,,,,,,,,,,,,,,,,,,,,,,,,,,,,,,,,,,,,,,,,,,,,,,,,,,,,,,,,,,,,,,,,,,,,,,,,,,,,,,,,,,,,,,,,,,,,,,,,,,,,,,,,,,,,,,,,,,,,,,,,,
https://www.homeintunisia.com/fr/propri%C3%A9t%C3%A9/85756624,À Vendre : Magnifique Appartement S+3 à Marina Kantaoui,El Kantaoui,600 000 TND,Appartement,85756624,4 pièces,98 m²,111 m²,Central,Gaz,Individuel,Chauffe-eau,Individuelle,Tout à l'égout,Excellent état,1er étage / 2,"Est, Nord-est",Dégagée Jardin Ciel,1,3,,,,1.0,1.0,1.0,,35.89584,10.60022,,,1.0,,1.0,1.0,,1.0,,,,1.0,,1.0,,,1,,,,1.0,1.0,1.0,,1.0,1.0,1.0,,,1.0,1.0,1.0,,,1.0,,1.0,1.0,,,,1,,,,,,1.0,,,,,,,,,,1.0,,,,,,,,1.0,,,,,,,1.0,,,,,,,,,,,,,,,,,,,,,,,,,1.0,,,,,,,,,,,,,,,,,,,,,,,,,,,,,,,,,,,,,,,,,,,,,,,,,,,,,,,,,,,,,,,,,,,,,,,,,,,,,,,,,,,,,,,,,,,,,,,,,,,,,,,,,,,,,,,,,,,,,,,,,,,,,,,,,,,,,,,,,,,,,,,,,,,,,,,,,,,,,,,,,,,,,,,,,,,,,,,,,,,,,,,,,,,,,,,,,,,,,,,,,,,,,,,,,,,,,,,,,,,,,,,,,,,,,,,,,,,,,,,,,,,,,,,,,,,,,,,,,,,,,,,,,,,,,,,,,,,,,,,,
https://www.homeintunisia.com/fr/propri%C3%A9t%C3%A9/85756492,A vendre : Spacieux Appartement S+3 à Sahloul 2,Cité Sahloul,425 000 TND,Appartement,85756492,4 pièces,132 m²,171 m²,Central,Eau chaude,Individuel,Chaudière,Individuelle,Fosse septique,Bon état,2ème étage / 3,Nord-est,Dégagée Rue,1,3,2,,,1.0,1.0,,,35.83971,10.59502,,,,,1.0,1.0,1.0,,,,,,,,1.0,,1,,1.0,1.0,,1.0,,,,,,,,,,,,,,,,,,,,,,,,,,,,,,,,,,,,,,,,,,,,,,,,,,,,,,,,,1.0,,,,,,,,,,,,,,,,,,,,,,,1,,,,,,,,,,,,,,,,,,,,,,,,,,,,,,,,,,,,,,,,,,,,,,,,,,,,,,,,,,,,,,,,,,,,,,,,,,,,,,,,,,,,,,,,,,,,,,,,,,,,,,,,,,,,,,,,,,,,,,,,,,,,,,,,,,,,,,,,,,,,,,,,,,,,,,,,,,,,,,,,,,,,,,,,,,,,,,,,,,,,,,,,,,,,,,,,,,,,,,,,,,,,,,,,,,,,,,,,,,,,,,,,,,,,,,,,,,,,,,,,,,,,,,,,,,,,,,,,,,,,,,,,,,,,,,,,,,,,
https://www.homeintunisia.com/fr/propri%C3%A9t%C3%A9/85723825,Appartement S+2 à Vendre,Sousse,452 880 TND,Appartement,85723825,,103 m²,,"Radiateur, Climatisation","Gaz, Electrique, Eau chaude",Collectif,Chaudière,Individuelle,Tout à l'égout,Neuf,2ème,Sud-est,Dégagée Rue,,,,,,1.0,1.0,,,35.84058,10.62033,,,1.0,,1.0,1.0,1.0,,,1.0,,,1.0,1.0,1.0,,,1.0,,1.0,,,,,,,,,,,,1.0,,,,,,,,,,,,,,,,,,,,,1.0,1.0,,,1.0,1.0,,,,,1.0,,,,,,,,,,1.0,,,,,,1.0,,1.0,1.0,,,,,,,,,,,,,,,,,,,,,,,,,,,,,,,,,,,,,,,,,,,,,,,,,,,,,,,,,,,,,,,,,,,,,,,,,,,,,,,,,,,,,,,,,,,,,,,,,,,,,,,,,,,,,,,,,,,,,,,,,,,,,,,,,,,,,,,,,,,,,,,,,,,,,,,,,,,,,,,,,,,,,,,,,,,,,,,,,,,,,,,,,,,,,,,,,,,,,,,,,,,,,,,,,,,,,,,,,,,,,,,,,,,,,,,,,,,,,,,,,,,,,,,,,,,,,,,,,,,,,,,,,,,,,,,,,,,,,,,,,,,,,,,,,,,,,,,,
https://www.homeintunisia.com/fr/propri%C3%A9t%C3%A9/85720810,Appartement S+2 dans une résidence pieds dans l'eau,Chatt Meriem,365 000 TND,Appartement,85720810,3 pièces,73 m²,80 m²,Radiateur,Gaz,Individuel,Chaudière,Individuelle,Tout à l'égout,Neuf,2ème étage / 5,Nord,Dégagée Mer Ciel,1,2,,,,,1.0,,,35.93571,10.55095,,,1.0,,1.0,1.0,1.0,,,,,,,,,,1,,1.0,,,,,,,,,,,,,,,,,,,,,,,1,,,,,,,,,,,,,,,,1.0,,,,,,,,,,,,,,,,,,,,,1.0,,,,,,,,,,,,,,,,,,,,,,,,,,,,,,,,,,,,,,,,,,,,,,,,,,,,,,,,,,,,,,,,,,,,,,,,,,,,,,,,,,,,,,,,,,,,,,,,,,,,,,,,,,,,,,,,,,,,,,,,,,,,,,,,,,,,,,,,,,,,,,,,,,,,,,,,,,,,,,,,,,,,,,,,,,,,,,,,,,,,,,,,,,,,,,,,,,,,,,,,,,,,,,,,,,,,,,,,,,,,,,,,,,,,,,,,,,,,,,,,,,,,,,,,,,,,,,,,,,,,,,,,,,,,,,,,,,,,,,,,,,,,,,,,,,,,,,,,,,,
https://www.homeintunisia.com/fr/propri%C3%A9t%C3%A9/85719454,Appartement S+2 à Kantaoui,El Kantaoui,280 000 TND,Appartement,85719454,3 pièces,90 m²,110 m²,Central,Gaz,Collectif,Chaudière,Individuelle,Fosse septique,Bon état,2ème étage / 3,Nord-est,Dégagée Rue,1,2,,,,,,,,36.80826,10.13265,,,1.0,,1.0,1.0,1.0,,,,,,,,1.0,,1,,,1.0,,,,,,,,,,,,,,,,,,,,,,1,,,,,,,,,,,,,,,,1.0,,,,,,,,,,,,,,,,,,,,,,,,,,,,,,,,,,,,,,,,,,,,,,,,,,,,,,,,,,,,,,,,,,,,,,,,,,,,,,,,,,,,,,,,,,,,,,,,,,,,,,,,,,,,,,,,,,,,,,,,,,,,,,,,,,,,,,,,,,,,,,,,,,,,,,,,,,,,,,,,,,,,,,,,,,,,,,,,,,,,,,,,,,,,,,,,,,,,,,,,,,,,,,,,,,,,,,,,,,,,,,,,,,,,,,,,,,,,,,,,,,,,,,,,,,,,,,,,,,,,,,,,,,,,,,,,,,,,,,,,,,,,,,,,,,,,,,,,,,,,,,,,,,,,,,,,,,,,,,,,
https://www.homeintunisia.com/fr/propri%C3%A9t%C3%A9/85716874,Vente Appartement S+1 à,El Kantaoui,350 200 TND,Appartement,85716874,2 pièces,65 m²,78 m²,Climatisation,"Electrique, Eau chaude",Collectif,Chauffe-eau,Individuelle,Tout à l'égout,Neuf,Rez-de-chaussée,Sud-est,Dégagée Mer Jardin,,,,,,,,1.0,,35.8926,10.60417,,,1.0,,,,,1.0,,,,,,,,,,1.0,,,,,,,,,,,,,,,,,,,,,,,,,,,,,,,1.0,,,,,,,,,1.0,,,,,,,,,,,,,,,,,,,,,,1.0,,,,,,,,,,,,,,,,,,,,,,,,,,,,,,,,,,,,,,,,,,,,,,,,,,,,,,,,,,,,,,,,,,,,,,,,,,,,,,,,,,,,,,,,,,,,,,,,,,,,,,,,,,,,,,,,,,,,,,,,,,,,,,,,,,,,,,,,,,,,,,,,,,,,,,,,,,,,,,,,,,,,,,,,,,,,,,,,,,,,,,,,,,,,,,,,,,,,,,,,,,,,,,,,,,,,,,,,,,,,,,,,,,,,,,,,,,,,,,,,,,,,,,,,,,,,,,,,,,,,,,,,,,,,,,,,,,,,,,,,,,,,,,,,,,,,,,,,,,
https://www.homeintunisia.com/fr/propri%C3%A9t%C3%A9/85716695,Vente Appartement S+1 au Port,El Kantaoui,370 800 TND,Appartement,85716695,2 pièces,65 m²,,Climatisation,"Electrique, Eau chaude",Collectif,Chauffe-eau,Individuelle,Tout à l'égout,Excellent état,1er,Sud-est,Dégagée Port,,,,,,,,,,35.89419,10.59822,,,1.0,,,,,1.0,,,,,,,,,,,,,,,,,,,,,,,,,,,,,,,,,,,,,,,,,,,,,,,,,,,,,,,,,,,,,,,,,,,,,,,,,,,,,,,,,,,,,,,,,,,,,,,,,,,,,,,,,,,,,,,,,,,,,,,,,,,,,,,,,,,,,,,,,,,,,,,,,,,,,,,,,,,,,,,,,,,,,,,,,,,,,,,,,,,,,,,,,,,,,,,,,,,,,,,,,,,,,,,,,,,,,,,,,,,,,,,,,,,,,,,,,,,,,,,,,,,,,,,,,,,,,,,,,,,,,,,,,,,,,,,,,,,,,,,,,,,,,,,,,,,,,,,,,,,,,,,,,,,,,,,,,,,,,,,,,,,,,,,,,,,,,,,,,,,,,,,,,,,,,,,,,,,,,,,,,,,,,,,,,,
https://www.homeintunisia.com/fr/propri%C3%A9t%C3%A9/85687079,Appartement S+2 avec suite parentale à vendre –  4,Sahloul,350 000 TND,Appartement,85687079,3 pièces,100 m²,120 m²,"Radiateur, Climatisation",Electrique,Collectif,Chaudière,Individuelle,Tout à l'égout,Excellent état,9ème,Nord-est,Dégagée Ciel,,,,,,,1.0,,,35.84198,10.59046,,,,,1.0,,1.0,,,1.0,,,1.0,,1.0,,,1.0,1.0,,,,,,,,,,1.0,,,,,,,,,,,,,,,1.0,,,,,,,,,,,,,,1.0,,,,,,,,,,,,,,,1.0,1.0,,,,,1.0,,,,,,,,,,,,,,,,,,,,,,,,,,,,,,,,,,,,,,,,,,,,,,,,,,,,,,,,,,,,,,,,,,,,,,,,,,,,,,,,,,,,,,,,,,,,,,,,,,,,,,,,,,,,,,,,,,,,,,,,,,,,,,,,,,,,,,,,,,,,,,,,,,,,,,,,,,,,,,,,,,,,,,,,,,,,,,,,,,,,,,,,,,,,,,,,,,,,,,,,,,,,,,,,,,,,,,,,,,,,,,,,,,,,,,,,,,,,,,,,,,,,,,,,,,,,,,,,,,,,,,,,,,,,,,,,,,,,,,,,,,,,,,,,,,,,,,,,,,,
https://www.homeintunisia.com/fr/propri%C3%A9t%C3%A9/85680394,S+3 Rez-de-chaussée à Vendre,Tantana,659 200 TND,Appartement,85680394,4 pièces,140 m²,302 m²,"Radiateur, Climatisation","Gaz, Electrique, Eau chaude",Collectif,Chaudière,Individuelle,Tout à l'égout,Neuf,Rez-de-chaussée / 5 étages,Nord-est,Dégagée Mer Campagne,,,,,,1.0,1.0,,,35.92109,10.57554,,,1.0,,1.0,1.0,1.0,,,,,,1.0,,,,,1.0,1.0,1.0,,,,,,,,,,,,,,,,,,,,,,,,1.0,,,,,,,,,,,,,1.0,1.0,,,,,1.0,,,,,,,,,,1.0,,,,,,1.0,,,1.0,,,,,,,,,,,,,,,,,,,,,,,,,,,,,,,,,,,,,,,,,,,,,,,,,,,,,,,,,,,,,,,,,,,,,,,,,,,,,,,,,,,,,,,,,,,,,,,,,,,,,,,,,,,,,,,,,,,,,,,,,,,,,,,,,,,,,,,,,,,,,,,,,,,,,,,,,,,,,,,,,,,,,,,,,,,,,,,,,,,,,,,,,,,,,,,,,,,,,,,,,,,,,,,,,,,,,,,,,,,,,,,,,,,,,,,,,,,,,,,,,,,,,,,,,,,,,,,,,,,,,,,,,,,,,,,,,,,,,,,,,,,,,,,,,,,,,,,,
https://www.homeintunisia.com/fr/propri%C3%A9t%C3%A9/85680213,"🏡 À vendre – Appartement S+3 haut standing au 2ᵉ étage – West Carthage Residence – La Marsa,",Tunis,1 160 810 TND,Appartement,85680213,4 pièces,205 m²,205 m²,Central,Gaz,Individuel,Chaudière,Individuelle,,Neuf,2ème étage / 4,Sud-est,Dégagée Jardin,,,,,,1.0,1.0,,,36.85876,10.28525,,,1.0,,1.0,1.0,1.0,,,,,,1.0,,1.0,,,,1.0,,,,,,,,1.0,1.0,1.0,,,,,,,,,,,,,,1.0,1.0,,1.0,,,,,,1.0,1.0,1.0,,,1.0,1.0,1.0,1.0,,,,,,,,,,,,,1.0,,,,,,1.0,,1.0,,1.0,,,,,,,,,1.0,,,,,,,,,,,,,,,,,,,,,,,,,,,,,,,,,,,,,,,,,,,,,,,,,,,,,,,,,,,,,,,,,,,,,,,,,,,,,,,,,,,,,,,,,,,,,,,,,,,,,,,,,,,,,,,,,,,,,,,,,,,,,,,,,,,,,,,,,,,,,,,,,,,,,,,,,,,,,,,,,,,,,,,,,,,,,,,,,,,,,,,,,,,,,,,,,,,,,,,,,,,,,,,,,,,,,,,,,,,,,,,,,,,,,,,,,,,,,,,,,,,,,,,,,,,,,,,,,,,,,,,,,,,,,,,,,,,,,,,,,,,,,,
https://www.homeintunisia.com/fr/propri%C3%A9t%C3%A9/85680209,À Vendre – Appartement S+3 Haut Standing à West Carthage Residence – La Marsa,Tunis,1 172 140 TND,Appartement,85680209,4 pièces,207 m²,207 m²,Central,Gaz,Individuel,Chaudière,Individuelle,Tout à l'égout,Neuf,1er étage / 4,Nord-ouest,Dégagée Jardin,,,,,,1.0,1.0,,,36.85876,10.28525,,,1.0,,1.0,1.0,1.0,1.0,,,1.0,,1.0,,1.0,,,,1.0,,,,,,,,1.0,1.0,,,,,,,,,,,,,,,1.0,1.0,,,,,,,,1.0,1.0,1.0,,,1.0,1.0,1.0,1.0,,,,,,,,,,,,,1.0,,,,,,1.0,,1.0,,1.0,,,,,,,1.0,,1.0,,,,,,,,,,,,,,,,,,,,,,,,,,,,,,,,,,,,,,,,,,,,,,,,,,,,,,,,,,,,,,,,,,,,,,,,,,,,,,,,,,,,,,,,,,,,,,,,,,,,,,,,,,,,,,,,,,,,,,,,,,,,,,,,,,,,,,,,,,,,,,,,,,,,,,,,,,,,,,,,,,,,,,,,,,,,,,,,,,,,,,,,,,,,,,,,,,,,,,,,,,,,,,,,,,,,,,,,,,,,,,,,,,,,,,,,,,,,,,,,,,,,,,,,,,,,,,,,,,,,,,,,,,,,,,,,,,,,,,,,,,,,,,
https://www.homeintunisia.com/fr/propri%C3%A9t%C3%A9/85680205,"🏡 À vendre – Appartement S+2 haut standing de 138 m² au 4ᵉ étage – West Carthage Residence – La Marsa,",Tunis,781 770 TND,Appartement,85680205,3 pièces,138 m²,138 m²,Central,Gaz,Individuel,Chaudière,Individuelle,Tout à l'égout,Neuf,4ème étage / 4,Est,Dégagée Jardin,,,,,,1.0,1.0,,,36.85876,10.28525,,,1.0,,,1.0,1.0,1.0,,,,,1.0,,1.0,,,,1.0,,,,,,,,1.0,1.0,,,,,,,,,,,,,,,1.0,1.0,,,,,,,,1.0,1.0,1.0,,,1.0,1.0,1.0,,,,,,,,,,,,,,1.0,,,,,,1.0,,1.0,,,,,,,,,1.0,,1.0,,,,,,,,,,,,,,,,,,,,,,,,,,,,,,,,,,,,,,,,,,,,,,1.0,,,,,,,,,,,,,,,,,,,,,,,,,,,,,,,,,,,,,,,,,,,,,,,,,,,,,,,,,,,,,,,,,,,,,,,,,,,,,,,,,,,,,,,,,,,,,,,,,,,,,,,,,,,,,,,,,,,,,,,,,,,,,,,,,,,,,,,,,,,,,,,,,,,,,,,,,,,,,,,,,,,,,,,,,,,,,,,,,,,,,,,,,,,,,,,,,,,,,,,,,,,,,,,,,,,,,,,,,,,,,,,,,,,,,,,,,,,,,,,,
https://www.homeintunisia.com/fr/propri%C3%A9t%C3%A9/85680192,"🏡 À vendre – Appartement S+3 de 181 m² au 1ᵉʳ étage – Vue sur jardin – West Carthage Residence – La Marsa,",Tunis,1 024 850 TND,Appartement,85680192,4 pièces,181 m²,181 m²,Central,Gaz,Individuel,Chaudière,Individuelle,Tout à l'égout,Neuf,1er étage / 4,Sud,Dégagée Jardin,,,,,,1.0,1.0,,,36.85876,10.28525,,,1.0,,1.0,1.0,1.0,1.0,,,,,1.0,,1.0,,,,1.0,,,,,,,,1.0,1.0,1.0,,,,,,,,,,,,,,1.0,1.0,,1.0,,,,,,1.0,1.0,1.0,,,1.0,1.0,1.0,1.0,,,,,,,,,,,,,1.0,,,,,,1.0,,1.0,,1.0,,,,,,,1.0,,1.0,,,,,,,,,,,,,,,,,,,,,,,,,,,,,,,,,,,,,,,,,,,,,,1.0,,,,,,,,,,,,,,,,,,,,,,,,,,,,,,,,,,,,,,,,,,,,,,,,,,,,,,,,,,,,,,,,,,,,,,,,,,,,,,,,,,,,,,,,,,,,,,,,,,,,,,,,,,,,,,,,,,,,,,,,,,,,,,,,,,,,,,,,,,,,,,,,,,,,,,,,,,,,,,,,,,,,,,,,,,,,,,,,,,,,,,,,,,,,,,,,,,,,,,,,,,,,,,,,,,,,,,,,,,,,,,,,,,,,,,,,,,,,,,,,
https://www.homeintunisia.com/fr/propri%C3%A9t%C3%A9/85676734,À VENDRE – Appartement S+3 dans un emplacement stratégique,La Soukra,298 700 TND,Appartement,85676734,4 pièces,113 m²,130 m²,Radiateur,,Collectif,Chaudière,Individuelle,Fosse septique,Bon état,3ème,Nord,Dégagée Rue,1,3,,,,,1.0,,,36.8752,10.26425,,,1.0,,1.0,1.0,,,,,,,,,,,1,,,1.0,,,,,,,,,,,,,,,,,,,,,,1,,,,,,,,,,,,,,,,,,,,,,,,,,,,,,,,,,,,,,,,,,,,,,,,,,,,,,,,,,,,,,,,,,,,,,,,,,,,,,,,,,,,,,,,,,,,,,,,,,,,,,,,,,,,,,,,,,,,,,,,,,,,,,,,,,,,,,,,,,,,,,,,,,,,,,,,,,,,,,,,,,,,,,,,,,,,,,,,,,,,,,,,,,,,,,,,,,,,,,,,,,,,,,,,,,,,,,,,,,,,,,,,,,,,,,,,,,,,,,,,,,,,,,,,,,,,,,,,,,,,,,,,,,,,,,,,,,,,,,,,,,,,,,,,,,,,,,,,,,,,,,,,,,,,,,,,,,,,,,,,,,,,,,,,,,,,,,,,
https://www.homeintunisia.com/fr/propri%C3%A9t%C3%A9/85676710,S1 en vente,Sahloul,257 550 TND,Appartement,85676710,2 pièces,73 m²,73 m²,"Radiateur, Climatisation","Gaz, Electrique, Eau chaude",Collectif,Chaudière,Individuelle,Tout à l'égout,Neuf,7ème étage / 7,Nord-est,Dégagée Mer Ville,,,,,,1.0,1.0,,,35.81425,10.64082,,,1.0,,1.0,1.0,1.0,,,1.0,,,,,1.0,,,1.0,,1.0,,,,,,,,,,,,,,,,,,,,,,,,,,,,,,,,,,,,,,1.0,,1.0,,,,,,,,,,,,,,,,,,,1.0,,,1.0,,,,,,,,,,,,,,,,,,,,,,,,,,,,,,,,,,,,,,,,,,,,,,,,,,,,,,,,,,,,,,,,,,,,,,,,,,,,,,,,,,,,,,,,,,,,,,,,,,,,,,,,,,,,,,,,,,,,,,,,,,,,,,,,,,,,,,,,,,,,,,,,,,,,,,,,,,,,,,,,,,,,,,,,,,,,,,,,,,,,,,,,,,,,,,,,,,,,,,,,,,,,,,,,,,,,,,,,,,,,,,,,,,,,,,,,,,,,,,,,,,,,,,,,,,,,,,,,,,,,,,,,,,,,,,,,,,,,,,,,,,,,,,,,,,,,,,,,
https://www.homeintunisia.com/fr/propri%C3%A9t%C3%A9/85668732,S1 en vente,Sahloul,217 150 TND,Appartement,85668732,2 pièces,50 m²,150 m²,"Radiateur, Climatisation","Gaz, Electrique, Eau chaude",Collectif,Chaudière,Individuelle,Tout à l'égout,Neuf,7ème étage / 7,Nord-est,Dégagée Mer Ville,,,,,,1.0,1.0,,,35.81425,10.64082,,,1.0,,1.0,1.0,1.0,,,1.0,,,,,1.0,,,1.0,,1.0,,,,,,,,,,,,,,,,,,,,,,,,,,,,,,,,,,,,,,1.0,,1.0,,,,,,,,,,,,,,,,,,,1.0,,,1.0,,,,,,,,,,,,,,,,,,,,,,,,,,,,,,,,,,,,,,,,,,,,,,,,,,,,,,,,,,,,,,,,,,,,,,,,,,,,,,,,,,,,,,,,,,,,,,,,,,,,,,,,,,,,,,,,,,,,,,,,,,,,,,,,,,,,,,,,,,,,,,,,,,,,,,,,,,,,,,,,,,,,,,,,,,,,,,,,,,,,,,,,,,,,,,,,,,,,,,,,,,,,,,,,,,,,,,,,,,,,,,,,,,,,,,,,,,,,,,,,,,,,,,,,,,,,,,,,,,,,,,,,,,,,,,,,,,,,,,,,,,,,,,,,,,,,,,,,
https://www.homeintunisia.com/fr/propri%C3%A9t%C3%A9/85662426,Appartement à vendre,Sahloul,448 050 TND,Appartement,85662426,3 pièces,118 m²,136 m²,"Radiateur, Climatisation, Central","Gaz, Electrique, Eau chaude",Collectif,Chaudière,Individuelle,Tout à l'égout,Neuf,5ème étage / 8,Sud-est,Dégagée Ciel,,,,,,,,,,35.80918,10.63731,,,1.0,,1.0,1.0,1.0,,,,,,,,1.0,,,1.0,1.0,1.0,,,,,,,,,,,,,,,,,,,,,,,,,,,,,,,,,,,,,1.0,1.0,,,,,,,,,,,,,,,,,,,,,1.0,,,1.0,,,,,,,,,,,,,,,,,,,,,,,,,,,,,,,,,,,,,,,,,,,,,,,,,,,,,,,,,,,,,,,,,,,,,,,,,,,,,,,,,,,,,,,,,,,,,,,,,,,,,,,,,,,,,,,,,,,,,,,,,,,,,,,,,,,,,,,,,,,,,,,,,,,,,,,,,,,,,,,,,,,,,,,,,,,,,,,,,,,,,,,,,,,,,,,,,,,,,,,,,,,,,,,,,,,,,,,,,,,,,,,,,,,,,,,,,,,,,,,,,,,,,,,,,,,,,,,,,,,,,,,,,,,,,,,,,,,,,,,,,,,,,,,,,,,,,,,,
https://www.homeintunisia.com/fr/propri%C3%A9t%C3%A9/85661869,Appartement à vendre,Sahloul,365 650 TND,Appartement,85661869,3 pièces,98 m²,128 m²,"Radiateur, Climatisation, Central","Gaz, Electrique, Eau chaude",Collectif,Chaudière,Individuelle,Tout à l'égout,Neuf,3ème étage / 8,Nord-ouest,Dégagée Ciel,,,,,,,,,,35.80918,10.63731,,,1.0,,1.0,1.0,1.0,,,,,,,,1.0,,,1.0,1.0,1.0,,,,,,,,,,,,,,,,,,,,,,,,,,,,,,,,,,,,,1.0,1.0,,,,,,,,,,,,,,,,,,,,,1.0,,,1.0,,,,,,,,,,,,,,,,,,,,,,,,,,,,,,,,,,,,,,,,,,,,,,,,,,,,,,,,,,,,,,,,,,,,,,,,,,,,,,,,,,,,,,,,,,,,,,,,,,,,,,,,,,,,,,,,,,,,,,,,,,,,,,,,,,,,,,,,,,,,,,,,,,,,,,,,,,,,,,,,,,,,,,,,,,,,,,,,,,,,,,,,,,,,,,,,,,,,,,,,,,,,,,,,,,,,,,,,,,,,,,,,,,,,,,,,,,,,,,,,,,,,,,,,,,,,,,,,,,,,,,,,,,,,,,,,,,,,,,,,,,,,,,,,,,,,,,,,
https://www.homeintunisia.com/fr/propri%C3%A9t%C3%A9/85630147,Appartement S+2 à Vendre à Bohssina !,Sousse,140 000 TND,Appartement,85630147,3 pièces,60 m²,60 m²,Central,Gaz,Individuel,Chaudière,Individuelle,,Bon état,Rez-de-chaussée / 3 étages,Nord,Dégagée Rue,,,,,,,1.0,,,35.8273,10.6339,,,,,1.0,,1.0,,,,,,,,,,,,1.0,,,,,,,,,,,,,,,,,,,,,,,,,,,,,,,,,,,1.0,,,,,,,,,,,,,,,,,,,,,,,,,,,,,,,,,,,,,,,,,,,,,,,,,,,,,,,,,,,,,,,,,,,,,,,,,,,,,,,,,,,,,,,,,,,,,,,,,,,,,,,,,,,,,,,,,,,,,,,,,,,,,,,,,,,,,,,,,,,,,,,,,,,,,,,,,,,,,,,,,,,,,,,,,,,,,,,,,,,,,,,,,,,,,,,,,,,,,,,,,,,,,,,,,,,,,,,,,,,,,,,,,,,,,,,,,,,,,,,,,,,,,,,,,,,,,,,,,,,,,,,,,,,,,,,,,,,,,,,,,,,,,,,,,,,,,,,,,,,,,,,,,,,,,,,,,,,,,,,,,,,,
https://www.homeintunisia.com/fr/propri%C3%A9t%C3%A9/85628735,Appartement S+3 à Sahloul 4,Cité Sahloul,440 000 TND,Appartement,85628735,4 pièces,146 m²,,,,,,,,,2ème,Sud-est,Dégagée,,,,,,1.0,1.0,,,35.84033,10.59432,,,1.0,,1.0,1.0,1.0,,,,,,1.0,,,,,,1.0,,,,,,,,1.0,,,,,,,,,,,,,,,,,,,,,,,,,,,1.0,,,,,1.0,,,,,,,,,,,,,,,,,,,,,,,,,,,,,,,,,,,,,,,,,,,,,,,,,,,,,,,,,,,,,,,,,,,,,,,,,,,,,,,,,,,,,,,,,,,,,,,,,,,,,,,,,,,,,,,,,,,,,,,,,,,,,,,,,,,,,,,,,,,,,,,,,,,,,,,,,,,,,,,,,,,,,,,,,,,,,,,,,,,,,,,,,,,,,,,,,,,,,,,,,,,,,,,,,,,,,,,,,,,,,,,,,,,,,,,,,,,,,,,,,,,,,,,,,,,,,,,,,,,,,,,,,,,,,,,,,,,,,,,,,,,,,,,,,,,,,,,,,,,,,,,,,,,,,,,,,,,,,,,
https://www.homeintunisia.com/fr/propri%C3%A9t%C3%A9/85625947,Vente Appartement,Cité Sahloul,200 000 TND,Appartement,85625947,2 pièces,61 m²,,,,,,,,,,Sud-est,Dégagée,,,,,,1.0,1.0,,,35.84033,10.59432,,,1.0,,1.0,1.0,1.0,,,,,,1.0,,,,,,1.0,,,,,,,,1.0,,,,,,,,,,,,,,,,,,,,,,,,,,,1.0,,,,,1.0,,,,,,,,,,,,,,,,,,,,,,,,,,,,,,,,,,,,,,,,,,,,,,,,,,,,,,,,,,,,,,,,,,,,,,,,,,,,,,,,,,,,,,,,,,,,,,,,,,,,,,,,,,,,,,,,,,,,,,,,,,,,,,,,,,,,,,,,,,,,,,,,,,,,,,,,,,,,,,,,,,,,,,,,,,,,,,,,,,,,,,,,,,,,,,,,,,,,,,,,,,,,,,,,,,,,,,,,,,,,,,,,,,,,,,,,,,,,,,,,,,,,,,,,,,,,,,,,,,,,,,,,,,,,,,,,,,,,,,,,,,,,,,,,,,,,,,,,,,,,,,,,,,,,,,,,,,,,,,,
https://www.homeintunisia.com/fr/propri%C3%A9t%C3%A9/85625684,Appartement S+2 Sahloul 4,Cité Sahloul,350 000 TND,Appartement,85625684,3 pièces,96 m²,,,,,,,,,2ème,Sud-est,Dégagée,,,,,,1.0,1.0,,,35.84033,10.59432,,,1.0,,1.0,1.0,1.0,,,,,,1.0,,,,,,1.0,,,,,,,,1.0,,,,,,,,,,,,,,,,,,,,,,,,,,,1.0,,,,,1.0,,,,,,,,,,,,,,,,,,,,,,,,,,,,,,,,,,,,,,,,,,,,,,,,,,,,,,,,,,,,,,,,,,,,,,,,,,,,,,,,,,,,,,,,,,,,,,,,,,,,,,,,,,,,,,,,,,,,,,,,,,,,,,,,,,,,,,,,,,,,,,,,,,,,,,,,,,,,,,,,,,,,,,,,,,,,,,,,,,,,,,,,,,,,,,,,,,,,,,,,,,,,,,,,,,,,,,,,,,,,,,,,,,,,,,,,,,,,,,,,,,,,,,,,,,,,,,,,,,,,,,,,,,,,,,,,,,,,,,,,,,,,,,,,,,,,,,,,,,,,,,,,,,,,,,,,,,,,,,,
https://www.homeintunisia.com/fr/propri%C3%A9t%C3%A9/85618483,"À Vendre : Appartement S+1 dans une Résidence de Luxe à Chott Mariem, Proche de la Mer",Chatt Meriem,300 000 TND,Appartement,85618483,2 pièces,55 m²,75 m²,Central,,Individuel,,Individuelle,,Neuf,1er étage / 4,,Panoramique Mer Ciel,,,,,,,,,,35.93728,10.54435,,1.0,,,1.0,1.0,1.0,,,1.0,,,,1.0,1.0,,,1.0,,1.0,,,,,,,,1.0,,,,,1.0,,,,,,,,,,,,,,,,,,,1.0,1.0,,,,,1.0,1.0,,,,,,,,,,,,,,,,,,,,1.0,,,,,,,,,,,,,,,,,,,,,,,,,,,,,,,,,,,,,,,,,,,,,,,,,,,,,,,,,,,,,,,,,,,,,,,,,,,,,,,,,,,,,,,,,,,,,,,,,,,,,,,,,,,,,,,,,,,,,,,,,,,,,,,,,,,,,,,,,,,,,,,,,,,,,,,,,,,,,,,,,,,,,,,,,,,,,,,,,,,,,,,,,,,,,,,,,,,,,,,,,,,,,,,,,,,,,,,,,,,,,,,,,,,,,,,,,,,,,,,,,,,,,,,,,,,,,,,,,,,,,,,,,,,,,,,,,,,,,,,,,,,,,,,,,,,,,,,,,,,
https://www.homeintunisia.com/fr/propri%C3%A9t%C3%A9/85618443,"Appartement S+2 de Luxe à Chott Mariem, Proche de la Mer",Chatt Meriem,416 000 TND,Appartement,85618443,3 pièces,80 m²,104 m²,Central,,Individuel,,Individuelle,,Neuf,1er étage / 4,,Panoramique Mer Ciel,,,,,,,,,,35.93331,10.55116,,1.0,1.0,,1.0,,1.0,,,1.0,,,,1.0,1.0,,,1.0,,1.0,,,,,,,1.0,1.0,,,,,1.0,,,,,,,,,,,1.0,,,,,,,,1.0,1.0,,,,1.0,1.0,,1.0,,,,,,,,,,,,,1.0,,,,,,1.0,,,,,,,,,,,,,,,,,,,,,,,,,,,,,,,,,,,,,,,,,,,,,,,,,,,,,,,,,,,,,,,,,,,,,,,,,,,,,,,,,,,,,,,,,,,,,,,,,,,,,,,,,,,,,,,,,,,,,,,,,,,,,,,,,,,,,,,,,,,,,,,,,,,,,,,,,,,,,,,,,,,,,,,,,,,,,,,,,,,,,,,,,,,,,,,,,,,,,,,,,,,,,,,,,,,,,,,,,,,,,,,,,,,,,,,,,,,,,,,,,,,,,,,,,,,,,,,,,,,,,,,,,,,,,,,,,,,,,,,,,,,,,,,,,,,,,,,,,,,
https://www.homeintunisia.com/fr/propri%C3%A9t%C3%A9/85618363,"Appartement S+2 de Luxe à Chott Mariem, Proche de la Mer",Chatt Meriem,420 000 TND,Appartement,85618363,3 pièces,79 m²,105 m²,Central,,Individuel,,Individuelle,,Neuf,1er étage / 4,"Nord-est, Nord-ouest",Panoramique Mer Ciel,,,,,,,,,,35.93496,10.54391,,1.0,,,1.0,1.0,1.0,,,1.0,,,,1.0,1.0,,,1.0,,1.0,,,,,,,,1.0,,,,,,,,,,,,,,,,1.0,,,,,,,,,1.0,,,,,1.0,1.0,1.0,,,,,,,,,,,,,1.0,,,,,,1.0,,,,,,,,,,,,,,,,,,,,,,,,,,,,,,,,,,,,,,,,,,,,,,,,,,,,,,,,,,,,,,,,,,,,,,,,,,,,,,,,,,,,,,,,,,,,,,,,,,,,,,,,,,,,,,,,,,,,,,,,,,,,,,,,,,,,,,,,,,,,,,,,,,,,,,,,,,,,,,,,,,,,,,,,,,,,,,,,,,,,,,,,,,,,,,,,,,,,,,,,,,,,,,,,,,,,,,,,,,,,,,,,,,,,,,,,,,,,,,,,,,,,,,,,,,,,,,,,,,,,,,,,,,,,,,,,,,,,,,,,,,,,,,,,,,,,,,,,,,,
https://www.homeintunisia.com/fr/propri%C3%A9t%C3%A9/85612056,Appartement de Luxe S+2 à Vendre – Vue Imprenable sur la Mer,Chatt Meriem,420 000 TND,Appartement,85612056,3 pièces,80 m²,104 m²,Central,,Individuel,,Individuelle,,Neuf,3ème étage / 4,,Panoramique Mer Ciel,,,,,,,,,,35.93648,10.54626,,,,,,1.0,,,,,,,,1.0,1.0,,,1.0,,1.0,,,,,,,,1.0,,,,,,,,,,,,,,,,,,,,,,,,,,,,,,1.0,,,,,,,,,,,,,,,,,,,,,,,,,,,,,,,,,,,,,,,,,,,,,,,,,,,,,,,,,,,,,,,,,,,,,,,,,,,,,,,,,,,,,,,,,,,,,,,,,,,,,,,,,,,,,,,,,,,,,,,,,,,,,,,,,,,,,,,,,,,,,,,,,,,,,,,,,,,,,,,,,,,,,,,,,,,,,,,,,,,,,,,,,,,,,,,,,,,,,,,,,,,,,,,,,,,,,,,,,,,,,,,,,,,,,,,,,,,,,,,,,,,,,,,,,,,,,,,,,,,,,,,,,,,,,,,,,,,,,,,,,,,,,,,,,,,,,,,,,,,,,,,,,,,,,,,,,,,,,,,,
https://www.homeintunisia.com/fr/propri%C3%A9t%C3%A9/85612016,Vente Appartement,Chatt Meriem,390 000 TND,Appartement,85612016,3 pièces,,,Central,,,,Individuelle,,Neuf,3ème étage / 4,,Panoramique Mer Jardin,,,,,,,,,,35.93775,10.5454,,1.0,,,1.0,1.0,1.0,,,1.0,,,,1.0,1.0,,,1.0,,1.0,,,,,,,,1.0,,,,,,,,,,,,,,,,,,,,,,,,,1.0,,,,,1.0,,1.0,,,,,,,,,,,,,,,,,,,,,,,,,,,,,,,,,,,,,,,,,,,,,,,,,,,,,,,,,,,,,,,,,,,,,,,,,,,,,,,,,,,,,,,,,,,,,,,,,,,,,,,,,,,,,,,,,,,,,,,,,,,,,,,,,,,,,,,,,,,,,,,,,,,,,,,,,,,,,,,,,,,,,,,,,,,,,,,,,,,,,,,,,,,,,,,,,,,,,,,,,,,,,,,,,,,,,,,,,,,,,,,,,,,,,,,,,,,,,,,,,,,,,,,,,,,,,,,,,,,,,,,,,,,,,,,,,,,,,,,,,,,,,,,,,,,,,,,,,,,,,,,,,,,,,,,,,,,,,,
https://www.homeintunisia.com/fr/propri%C3%A9t%C3%A9/85587882,Appartement S+2 zone Bouhsina,Cité Jaouhara,240 000 TND,Appartement,85587882,3 pièces,80 m²,130 m²,Climatisation,,Individuel,Chaudière,Individuelle,Tout à l'égout,Neuf,Rez-de-chaussée,Nord,Dégagée,,,,,,,1.0,,,35.83366,10.64068,,,1.0,,1.0,,1.0,1.0,,1.0,,1.0,1.0,,,,,1.0,,1.0,,,,,,,1.0,,,,,,1.0,,,,,,,,,,,,,,,,,,,,,1.0,,,,,,1.0,,,,,,,,,,,,,1.0,,,,,,,,1.0,,,,,,,,,,,,,,,,,,,,,,,,,,,,,,,,,,,,,,,,,,,,,,,,,,,,,,,,,,,,,,,,,,,1,,,,,,,,,,,,,,,,,,,,,,,,,,,,,,,,,,,,,,,,,,,,,,,,,,,,,,,,,,,,,,,,,,,,,,,,,,,,,,,,,,,,,,,,,,,,,,,,,,,,,,,,,,,,,,,,,,,,,,,,,,,,,,,,,,,,,,,,,,,,,,,,,,,,,,,,,,,,,,,,,,,,,,,,,,,,,,,,,,,,,,,,,,,,,,,,,,,,,,,,,,,,,,,,,,,,,,,,,,,,,,,,,,,,,,
https://www.homeintunisia.com/fr/propri%C3%A9t%C3%A9/85587801,Appartement S+2 à Kantaoui – À ne pas manquer !,El Kantaoui,270 000 TND,Appartement,85587801,3 pièces,60 m²,60 m²,"Climatisation, Central",Electrique,Individuel,Chaudière,Individuelle,Tout à l'égout,Bon état,Rez-de-chaussée,Nord-est,Aperçu Ciel,,,,,,,1.0,,,35.88399,10.59239,,,,,,,1.0,1.0,,1.0,,,1.0,,,,,,,1.0,,,,,,,,,,,,,,,,,,,,,,,,,,,,,,,,,,,,,,,,,,,,,,,,,,,,,,1.0,,,,,,,,,,,,,,,,,,,,,,,,,,,,,,,,,,,,,,,,,,,,,,,,,,,,,,,,,,,,,,,,,,,,,,,,,,,,,,,,,,,,,,,,,,,,,,,,,,,,,,,,,,,,,,,,,,,,,,,,,,,,,,,,,,,,,,,,,,,,,,,,,,,,,,,,,,,,,,,,,,,,,,,,,,,,,,,,,,,,,,,,,,,,,,,,,,,,,,,,,,,,,,,,,,,,,,,,,,,,,,,,,,,,,,,,,,,,,,,,,,,,,,,,,,,,,,,,,,,,,,,,,,,,,,,,,,,,,,,,,,,,,,,,,,,,,,,,,,,,,,,,
https://www.homeintunisia.com/fr/propri%C3%A9t%C3%A9/85538134,A VENDRE - Appartement S+2 à Sahloul 2 - Jamais Habité,Sousse,336 960 TND,Appartement,85538134,3 pièces,79.8 m²,105.3 m²,"Radiateur, Climatisation",Electrique,Individuel,Chaudière,Individuelle,Tout à l'égout,Neuf,1er,"Nord-est, Nord-ouest",Vis-à-vis,,,,,,,1.0,,,35.83833,10.59251,,,1.0,,,1.0,,,,1.0,,,1.0,1.0,1.0,,,1.0,1.0,1.0,,,,,,,,,1.0,,,,,,,,,,,,,,,,,,,,,,,,,1.0,,,,1.0,,1.0,,,,,,,,,,,,,1.0,,,,,,1.0,,,,,,,,,1.0,,,,,,,,,,,,,,,,,,,,,,,,,,,,,,,,,,,,,,,,,,,,,,,,,,,,,,,,,,,,,,,,,,,,,,,,,,,,,,,,,,,,,,,,,,,,,,,,,,,,,,,,,,,,,,,,,,,,,,,,,,,,,,,,,,,,,,,,,,,,,,,,,,,,,,,,,,,,,,,,,,,,,,,,,,,,,,,,,,,,,,,,,,,,,,,,,,,,,,,,,,,,,,,,,,,,,,,,,,,,,,,,,,,,,,,,,,,,,,,,,,,,,,,,,,,,,,,,,,,,,,,,,,,,,,,,,,,,,,,,,,,,,,,,,,
https://www.homeintunisia.com/fr/propri%C3%A9t%C3%A9/85538093,A VENDRE - Appartement S+3 à Sahloul 2 - Jamais Habité,Sousse,494 080 TND,Appartement,85538093,4 pièces,154.4 m²,119.2 m²,"Radiateur, Climatisation","Gaz, Electrique",Individuel,Chaudière,Individuelle,Tout à l'égout,Neuf,1er,"Nord-est, Nord-ouest",Vis-à-vis,,,,,,,1.0,,,35.83842,10.59609,,,1.0,,,1.0,,,,1.0,,,1.0,1.0,1.0,,,1.0,1.0,1.0,,,,,,,,,1.0,,,,,,,,,,,,,,,,,,,,,,,,,1.0,,,,1.0,,1.0,,,,,,,,,,,,,1.0,,,,,,1.0,,,,,,,,,1.0,,,,,,,,,,,,,,,,,,,,,,,,,,,,,,,,,,,,,,,,,,,,,,,,,,,,,,,,,,,,,,,,,,,,,,,,,,,,,,,,,,,,,,,,,,,,,,,,,,,,,,,,,,,,,,,,,,,,,,,,,,,,,,,,,,,,,,,,,,,,,,,,,,,,,,,,,,,,,,,,,,,,,,,,,,,,,,,,,,,,,,,,,,,,,,,,,,,,,,,,,,,,,,,,,,,,,,,,,,,,,,,,,,,,,,,,,,,,,,,,,,,,,,,,,,,,,,,,,,,,,,,,,,,,,,,,,,,,,,,,,,,,,,,,,,
https://www.homeintunisia.com/fr/propri%C3%A9t%C3%A9/85538061,A VENDRE - Appartement S+1 à Sahloul 2 - Jamais Habité,Sousse,208 960 TND,Appartement,85538061,2 pièces,50.4 m²,65.3 m²,"Radiateur, Climatisation",Electrique,Individuel,Chaudière,Individuelle,Tout à l'égout,Neuf,1er étage / 7,"Nord-est, Nord-ouest",Vis-à-vis,,,,,,1.0,1.0,,,35.83954,10.59809,,,1.0,,,1.0,1.0,,,1.0,,,1.0,1.0,1.0,,,1.0,1.0,1.0,,,,,,,,,1.0,,,,,,,,,,,,,,,,,,,,,,,,,1.0,,,,1.0,,1.0,,,,,,,,,,,,,1.0,,,,,,1.0,,1.0,,,,,,,1.0,,,,,,,,,,,,,,,,,,,,,,,,,,,,,,,,,,,,,,,,,,,,,,,,,,,,,,,,,,,,,,,,,,,,,,,,,,,,,,,,,,,,,,,,,,,,,,,,,,,,,,,,,,,,,,,,,,,,,,,,,,,,,,,,,,,,,,,,,,,,,,,,,,,,,,,,,,,,,,,,,,,,,,,,,,,,,,,,,,,,,,,,,,,,,,,,,,,,,,,,,,,,,,,,,,,,,,,,,,,,,,,,,,,,,,,,,,,,,,,,,,,,,,,,,,,,,,,,,,,,,,,,,,,,,,,,,,,,,,,,,,,,,,,,,,
https://www.homeintunisia.com/fr/propri%C3%A9t%C3%A9/85535873,A VENDRE - Appartement S+2 à Sahloul 2 - Jamais Habité,Sousse,336 960 TND,Appartement,85535873,3 pièces,80 m²,105.3 m²,"Radiateur, Climatisation",Electrique,Individuel,Chaudière,Individuelle,Tout à l'égout,Neuf,6ème étage / 7,"Nord-est, Nord-ouest",Dégagée,,,,,,,,,,35.83842,10.59196,,,1.0,,,1.0,1.0,,,1.0,,,,1.0,1.0,,,1.0,1.0,1.0,,,,,,,,,1.0,,,,,,,,,,,,,,,,,,,,,,,,,1.0,,,,1.0,,1.0,,,,,,,,,,,,,1.0,,,,,,1.0,,,,,,,,,1.0,,,,,,,,,,,,,,,,,,,,,,,,,,,,,,,,,,,,,,,,,,,,,,,,,,,,,,,,,,,,,,,,,,,,,,,,,,,,,,,,,,,,,,,,,,,,,,,,,,,,,,,,,,,,,,,,,,,,,,,,,,,,,,,,,,,,,,,,,,,,,,,,,,,,,,,,,,,,,,,,,,,,,,,,,,,,,,,,,,,,,,,,,,,,,,,,,,,,,,,,,,,,,,,,,,,,,,,,,,,,,,,,,,,,,,,,,,,,,,,,,,,,,,,,,,,,,,,,,,,,,,,,,,,,,,,,,,,,,,,,,,,,,,,,,,
https://www.homeintunisia.com/fr/propri%C3%A9t%C3%A9/85535853,A VENDRE - Appartement S+3 à Sahloul 2 - Jamais Habité,Sousse,548 800 TND,Appartement,85535853,4 pièces,136 m²,171.5 m²,"Radiateur, Climatisation",Electrique,Collectif,Chaudière,Individuelle,Tout à l'égout,Neuf,6ème étage / 6,"Nord-est, Nord-ouest",Dégagée,,,,,,1.0,1.0,,,35.84236,10.59232,,,1.0,,,1.0,1.0,,,1.0,,,1.0,,1.0,,,1.0,1.0,1.0,,,,,,,,,1.0,,,,,,,,,,,,,,,,,,,,,,,,,1.0,,,,1.0,1.0,1.0,,,,,,,,,,,,,1.0,,,,,,1.0,,,,,,,,,1.0,,,,,,,,,,,,,,,,,,,,,,,,,,,,,,,,,,,,,,,,,,,,,,,,,,,,,,,,,,,,,,,,,,,,,,,,,,,,,,,,,,,,,,,,,,,,,,,,,,,,,,,,,,,,,,,,,,,,,,,,,,,,,,,,,,,,,,,,,,,,,,,,,,,,,,,,,,,,,,,,,,,,,,,,,,,,,,,,,,,,,,,,,,,,,,,,,,,,,,,,,,,,,,,,,,,,,,,,,,,,,,,,,,,,,,,,,,,,,,,,,,,,,,,,,,,,,,,,,,,,,,,,,,,,,,,,,,,,,,,,,,,,,,,,,,
https://www.homeintunisia.com/fr/propri%C3%A9t%C3%A9/85504268,A vendre : Magnifique duplex S+4 de haut standing,Cité Sahloul,900 000 TND,Appartement,85504268,5 pièces,300 m²,,Central,,,,,,Neuf,,,,,,,,,,,,,35.84277,10.5944,,,,,,,,,,,,,,,,,,,,,,,,,,,,,,,,,,,,,,,,,,,,,,,,,,,,,,,,,,,,,,,,,,,,,,,,,,,,,,,,,,,,,,,,,,,,,,,,,,,,,,,,,,,,,,,,,,,,,,,,,,,,,,,,,,,,,,,,,,,,,,,,,,,,,,,,,,,,,,,,,,,,,,,,,,,,,,,,,,,,,,,,,,,,,,,,,,,,,,,,,,,,,,,,,,,,,,,,,,,,,,,,,,,,,,,,,,,,,,,,,,,,,,,,,,,,,,,,,,,,,,,,,,,,,,,,,,,,,,,,,,,,,,,,,,,,,,,,,,,,,,,,,,,,,,,,,,,,,,,,,,,,,,,,,,,,,,,,,,,,,,,,,,,,,,,,,,,,,,,,,,,,,,,,,,,,,,,,,,
https://www.homeintunisia.com/fr/propri%C3%A9t%C3%A9/85497803,A vendre appartement s+2 a Sahloul 4,Cité Sahloul,280 000 TND,Appartement,85497803,3 pièces,85 m²,,,,,,,,Neuf,1er,,,,,,,,,,,,35.84277,10.5944,,,,,,,,,,,,,,,,,,,,,,,,,,,,,,,,,,,,,,,,,,,,,,,,,,,,,,,,,,,,,,,,,,,,,,,,,,,,,,,,,,,,,,,,,,,,,,,,,,,,,,,,,,,,,,,,,,,,,,,,,,,,,,,,,,,,,,,,,,,,,,,,,,,,,,,,,,,,,,,,,,,,,,,,,,,,,,,,,,,,,,,,,,,,,,,,,,,,,,,,,,,,,,,,,,,,,,,,,,,,,,,,,,,,,,,,,,,,,,,,,,,,,,,,,,,,,,,,,,,,,,,,,,,,,,,,,,,,,,,,,,,,,,,,,,,,,,,,,,,,,,,,,,,,,,,,,,,,,,,,,,,,,,,,,,,,,,,,,,,,,,,,,,,,,,,,,,,,,,,,,,,,,,,,,,,,,,,,,,
https://www.homeintunisia.com/fr/propri%C3%A9t%C3%A9/85467850,Vente Maison Traditionnelle à Kalaa Kebira,Kalaa El Kebira,85 000 TND,Appartement,85467850,3 pièces,,120 m²,,,,,,Tout à l'égout,À rénover,Plain-pied,,Dégagée,,,,,,,,,,35.86982,10.53524,,,,,,,,,,,,,,,,,,,,,,,,,,,,,,,,,,,,,,,,,,,,,,,,,,,,,,,,,,,,,,,,,,,,,,,,,,,,,,,,,,,,,,,,,,,,,,,,,,,,,,,,,,,,,,,,,,,,,,,,,,,,,,,,,,,,,,,,,,,,,,,,,,,,,,,,,,,,,,,,,,,,,,,,,,,,,,,,,,,,,,,,,,,,,,,,,,,,,,,,,,,,,,,,,,,,,,,,,,,,,,,,,,,,,,,,,,,,,,,,,,,,,,,,,,,,,,,,,,,,,,,,,,,,,,,,,,,,,,,,,,,,,,,,,,,,,,,,,,,,,,,,,,,,,,,,,,,,,,,,,,,,,,,,,,,,,,,,,,,,,,,,,,,,,,,,,,,,,,,,,,,,,,,,,,,,,,,,,,
https://www.homeintunisia.com/fr/propri%C3%A9t%C3%A9/85441002,À Vendre : Étages de Villa S+3 avec Garage et Appartement S+4 Indépendant,Sousse Ezzouhour,450 000 TND,Appartement,85441002,,155 m²,200 m²,,,,,,,Neuf,,,,,,,,,1.0,,,,35.79378,10.58975,,,,,1.0,1.0,1.0,,,1.0,,,,,,,,1.0,,,,,,,,,1.0,,,,,,,,,,,,,,,,,,,,,,,,,,,,,,,,,,,,,,,,,,,,,,,,,,,,,,,,,,,,,,,,,,,,,,,,,,,,,,,,,,,,,,,,,,,,,,,,,,,,,,,,,,,,,,,,,,,,,,,,,,,,,,,,,,,,,,,,,,,,,,,,,,,,,,,,,,,,,,,,,,,,,,,,,,,,,,,,,,,,,,,,,,,,,,,,,,,,,,,,,,,,,,,,,,,,,,,,,,,,,,,,,,,,,,,,,,,,,,,,,,,,,,,,,,,,,,,,,,,,,,,,,,,,,,,,,,,,,,,,,,,,,,,,,,,,,,,,,,,,,,,,,,,,,,,,,,,,,,,,,,,,,,,,,,,,,,,,,,,,,,,,,,,,,,,
https://www.homeintunisia.com/fr/propri%C3%A9t%C3%A9/85433419,Penthouse avec piscine sur la zone touristique,Sousse Khezama,2 200 000 TND,Appartement,85433419,5 pièces,245 m²,380 m²,Climatisation,Gaz,Collectif,Chaudière,Individuelle,Tout à l'égout,Excellent état,8ème étage / 8,"Est, Nord, Ouest, Sud",Dégagée Mer Ciel,,3,2,,,1.0,1.0,1.0,,35.847,10.61929,,,1.0,,1.0,1.0,1.0,1.0,1.0,1.0,1.0,,,,1.0,,1,,1.0,1.0,,,,,,,,,1.0,,,,,,,,,,,,,,,,,,,,,,,,,,,,,1.0,,,,,,,,,,,,,,,,,,1,,,1.0,,,,,,,,,,,,,,,,,,,,,,,,,,,,,,,,,,,,,,,,,,,,,,,,,,,,,,,,,,,,,,,,,,,,,,,,,1,1,,,,,,,,,,,,,,,,,,,,,,,,,,,,,,,,,,,,,,,,,,,,,,,,,,,,,,,,,,,,,,,,,,,,,,,,,,,,,,,,,,,,,,,,,,,,,,,,,,,,,,,,,,,,,,,,,,,,,,,,,,,,,,,,,,,,,,,,,,,,,,,,,,,,,,,,,,,,,,,,,,,,,,,,,,,,,,,,,,,,,,,,,,,,,,,,,,,,,,,,,,,,,,,,,,,,,,,,,,,,,,,,,
https://www.homeintunisia.com/fr/propri%C3%A9t%C3%A9/85429133,À vendre : Appartement S+1 en rez-de-chaussée avec vue mer – Quartier calme,Chatt Meriem,309 000 TND,Appartement,85429133,,80 m²,86 m²,"Climatisation, Central",Charbon,Individuel,,Individuelle,,Bon état,Rez-de-chaussée,,,,,,,,,,1.0,,35.9422,10.54964,,1.0,,,,,,1.0,,,,,,1.0,,,,,1.0,,,,,,,,,,,,,,,,,,,,,,,,,,,,,,,,,,,,,,1.0,1.0,,,,,,,,,,,,,,,,,,,,,1.0,,,,,,,,,,,,,,,,,,,,,,,,,,,,,,,,,,,,,,,,,,,,,,,,,,,,,,,,,,,,,,,,,,,,,,,,,,,,,,,,,,,,,,,,,,,,,,,,,,,,,,,,,,,,,,,,,,,,,,,,,,,,,,,,,,,,,,,,,,,,,,,,,,,,,,,,,,,,,,,,,,,,,,,,,,,,,,,,,,,,,,,,,,,,,,,,,,,,,,,,,,,,,,,,,,,,,,,,,,,,,,,,,,,,,,,,,,,,,,,,,,,,,,,,,,,,,,,,,,,,,,,,,,,,,,,,,,,,,,,,,,,,,,,,,,,,,,,,,,,
https://www.homeintunisia.com/fr/propri%C3%A9t%C3%A9/85424921,Appartement S+3 à Sahloul,Sousse,270 000 TND,Appartement,85424921,4 pièces,120 m²,150 m²,Sans chauffage,Gaz,Collectif,Chauffe-eau,Individuelle,Fosse septique,À rafraîchir,5ème,Nord,Dégagée Rue,,,,,,,,,,35.84028,10.59804,,,,,,,,,,,,,,,,,,,,1.0,,,,,,,,,,,,,,,,,,,,,,,,,,,,,,,,,,,,,,,,,,,,,,,,,,,,,,,,,,,,,,,,,,,,,,,,,,,,,,,,,,,,,,,,,,,,,,,,,,,,,,,,,,,,,,,,,,,,,,,,,,,,,,,,,,,,,,,,,,,,,,,,,,,,,,,,,,,,,,,,,,,,,,,,,,,,,,,,,,,,,,,,,,,,,,,,,,,,,,,,,,,,,,,,,,,,,,,,,,,,,,,,,,,,,,,,,,,,,,,,,,,,,,,,,,,,,,,,,,,,,,,,,,,,,,,,,,,,,,,,,,,,,,,,,,,,,,,,,,,,,,,,,,,,,,,,,,,,,,,,,,,,,,,,,,,,,,,,,,,,,,,,,,,,,,,,,,,,,,
https://www.homeintunisia.com/fr/propri%C3%A9t%C3%A9/85382032,Résidence basse de consommation de standing à Sahloul 4,Cité Sahloul,Prix sur demande,Appartement,85382032,,,,,,Individuel,Chaudière,Individuelle,,Neuf,,,Dégagée,,,,,,1.0,,,,35.84033,10.59432,,1.0,1.0,,1.0,1.0,1.0,,1.0,1.0,,,,,1.0,,,1.0,1.0,1.0,,,,,,,1.0,1.0,,,,,1.0,,,,,,,,,,,1.0,,,,,,,,1.0,,1.0,,,1.0,1.0,,1.0,,1.0,,,,,,,,,1.0,,1.0,,,,,,1.0,,1.0,,,,,,,,,,,1.0,1.0,,,,,,,,,,,,,,,,,,,,,,,,,,,,,,,,,,,,,,,,,1.0,,,,,,,,,,,,,,,,,,,,,,,,,,,,,,,,,,,,,,,,,,,,,,,,,,,,,,,,,,,,,,,,,,,,,,,,,,,,,,,,,,,,,,,,,,,,,,,,,,,,,,,,,,,,,,,,,,,,,,,,,,,,,,,,,,,,,,,,,,,,,,,,,,,,,,,,,,,,,,,,,,,,,,,,,,,,,,,,,,,,,,,,,,,,,,,,,,,,,,,,,,,,,,,,,,,,,,,,,,,,,,,,,,,,,,,,,,,,,,,,,,,,
https://www.homeintunisia.com/fr/propri%C3%A9t%C3%A9/85347780,vente appartement S+2 à Sousse,Cité Jaouhara,165 000 TND,Appartement,85347780,3 pièces,80 m²,,"Radiateur, Climatisation",,Collectif,Chaudière,Individuelle,Tout à l'égout,Bon état,3ème,,Dégagée,,,,,,,1.0,,,35.8316,10.6235,,,1.0,,,,,,,1.0,,,,,,,,,,,,,,,,,,,,,,,,,,,,,,,,,,,,,,,,,,,,,,,,,,,,,,,,,,,,,,,,,,,,,,,,,,,,,,,,,,,,,,,,,,,,,,,,,,,,,,,,,,,,,,,,,,,,,,,,,,,,,,,,,,,,,,,,,,,,,,,,,,,,,,,,,,,,,,,,,,,,,,,,,,,,,,,,,,,,,,,,,,,,,,,,,,,,,,,,,,,,,,,,,,,,,,,,,,,,,,,,,,,,,,,,,,,,,,,,,,,,,,,,,,,,,,,,,,,,,,,,,,,,,,,,,,,,,,,,,,,,,,,,,,,,,,,,,,,,,,,,,,,,,,,,,,,,,,,,,,,,,,,,,,,,,,,,,,,,,,,,,,,,,,,,,,,,,,,,,,,,,,,,
https://www.homeintunisia.com/fr/propri%C3%A9t%C3%A9/85341587,"En exclusivité, découvrez ce coquet appartement de type S+1",Hammam Sousse,225 000 TND,Appartement,85341587,2 pièces,50 m²,57 m²,Radiateur,Gaz,Individuel,Chaudière,Individuelle,Tout à l'égout,Excellent état,8ème étage / 8,Nord-est,Dégagée Mer Ciel,,,,,,,,,,35.8835,10.59294,,,1.0,,1.0,1.0,1.0,1.0,,,,,,,,,,,1.0,1.0,,1.0,,,1.0,1.0,,,,,,,,,,,,,,,,,,,,,,,,,,,,,,,,,,,,,,,,,,,,,,,1.0,,,,,,1.0,,,,,,,,,,,,,,,,,,,,,,,,,,,,,,,,,,,,,,,,,,,,,,,,,,,,,,,,,,,,,,,,,,,,,,,,,,,,,,,,,,,,,,,,,,,,,,,,,,,,,,,,,,,,,,,,,,,,,,,,,,,,,,,,,,,,,,,,,,,,,,,,,,,,,,,,,,,,,,,,,,,,,,,,,,,,,,,,,,,,,,,,,,,,,,,,,,,,,,,,,,,,,,,,,,,,,,,,,,,,,,,,,,,,,,,,,,,,,,,,,,,,,,,,,,,,,,,,,,,,,,,,,,,,,,,,,,,,,,,,,,,,,,,,,,,,,,,,,,,
https://www.homeintunisia.com/fr/propri%C3%A9t%C3%A9/85339612,À Vendre – Spacieux Appartement S+3 au Rez-de-chaussée à Khzema,Sousse Khezama,850 000 TND,Appartement,85339612,4 pièces,150 m²,212 m²,"Radiateur, Climatisation, Central",Electrique,Individuel,Chaudière,Individuelle,Tout à l'égout,Excellent état,Rez-de-chaussée,"Nord-est, Nord-ouest",Dégagée Ciel,,,,,,,1.0,1.0,,35.82744,10.6147,,1.0,1.0,,,1.0,1.0,1.0,,1.0,,,1.0,,1.0,,,1.0,1.0,1.0,,,,,,,1.0,1.0,1.0,,1.0,,1.0,,,,,,,,,,,1.0,,,,,,,,1.0,,,,,1.0,,1.0,1.0,,,,,,,,,,,,,,,,,,,1.0,,,1.0,,,,,,,,,,,,,,,,,,,,,,,,,,,,,,,,,,,,,,,,,,,,,,,,,,,,,,,,,,,,,,,,,,,,,,,,,,,,,,,,,,,,,,,,,,,,,,,,,,,,,,,,,,,,,,,,,,,,,,,,,,,,,,,,,,,,,,,,,,,,,,,,,,,,,,,,,,,,,,,,,,,,,,,,,,,,,,,,,,,,,,,,,,,,,,,,,,,,,,,,,,,,,,,,,,,,,,,,,,,,,,,,,,,,,,,,,,,,,,,,,,,,,,,,,,,,,,,,,,,,,,,,,,,,,,,,,,,,,,,,,,,,,,,,,,,,,,,,
https://www.homeintunisia.com/fr/propri%C3%A9t%C3%A9/85317076,vente appartement S+2 à,Tantana,410 000 TND,Appartement,85317076,3 pièces,121 m²,121 m²,"Radiateur, Climatisation",,Collectif,Chaudière,Individuelle,Tout à l'égout,Neuf,4ème étage / 6,,Dégagée Mer Ciel,,,,,,,1.0,,,35.92118,10.57294,,,1.0,,1.0,1.0,,,,1.0,,,1.0,1.0,1.0,,,,,1.0,,,,,,,,,,,1.0,,1.0,,,,,,,,,,,,,,,,,,,,,,,,,1.0,,1.0,,,,,,,,,,,,,,,,,,,1.0,1.0,,,,,,,,1.0,,,,,,,,,,,,,,,,,,,,,,,,,,,,,,,,,,,,,,,,,,,,,,,,,,,,,,,,,,,,,,,,,,,,,,,,,,,,,,,,,,,,,,,,,,,,,,,,,,,,,,,,,,,,,,,,,,,,,,,,,,,,,,,,,,,,,,,,,,,,,,,,,,,,,,,,,,,,,,,,,,,,,,,,,,,,,,,,,,,,,,,,,,,,,,,,,,,,,,,,,,,,,,,,,,,,,,,,,,,,,,,,,,,,,,,,,,,,,,,,,,,,,,,,,,,,,,,,,,,,,,,,,,,,,,,,,,,,,,,,,,,,,,,,,,
https://www.homeintunisia.com/fr/propri%C3%A9t%C3%A9/85317058,Vente appartement S+3 à  Prix Promoteur,Tantana,570 000 TND,Appartement,85317058,4 pièces,,160 m²,,,,,,,,6ème,,Dégagée,,,,,,1.0,1.0,,,35.94312,10.52022,,,1.0,,,,,,,,,,1.0,1.0,1.0,,,,,1.0,,,,,,,,1.0,,,,,,,,,,,,,,,,,,,,,,,,1.0,,,,,,,,1.0,,,1.0,,,,,,,,,,1.0,,,,,,1.0,1.0,,1.0,,,,,,,,,,,,,,,,,,,,,,,,,,,,,,,,,,,,,,,,,,,,,,,,,,,,,,,,,,,,,,,,,,,,,,,,,,,,,,,,,,,,,,,,,,,,,,,,,,,,,,,,,,,,,,,,,,,,,,,,,,,,,,,,,,,,,,,,,,,,,,,,,,,,,,,,,,,,,,,,,,,,,,,,,,,,,,,,,,,,,,,,,,,,,,,,,,,,,,,,,,,,,,,,,,,,,,,,,,,,,,,,,,,,,,,,,,,,,,,,,,,,,,,,,,,,,,,,,,,,,,,,,,,,,,,,,,,,,,,,,,,,,,,,,,,,,,,,
https://www.homeintunisia.com/fr/propri%C3%A9t%C3%A9/85316792,À Vendre : Appartement S+1 Prix Promoteur à,Tantana,245 000 TND,Appartement,85316792,2 pièces,72 m²,,"Radiateur, Climatisation",,Collectif,Chaudière,Individuelle,Tout à l'égout,Neuf,4ème étage / 6,,Dégagée Mer Ciel,,,,,,,1.0,,,35.9166,10.58004,,,1.0,,1.0,1.0,,,,1.0,,,1.0,1.0,1.0,,,,,1.0,,,,,,,,,1.0,,1.0,,1.0,,,,,,,,,,,,,,,,,,,,,,,,,1.0,,1.0,,,,,,,,,,,,,,,,,,,1.0,1.0,,,,,,,,,,,,,,,,,,,,,,,,,,,,,,,,,,,,,,,,,,,,,,,,,,,,,,,,,,,,,,,,,,,,,,,,,,,,,,,,,,,,,,,,,,,,,,,,,,,,,,,,,,,,,,,,,,,,,,,,,,,,,,,,,,,,,,,,,,,,,,,,,,,,,,,,,,,,,,,,,,,,,,,,,,,,,,,,,,,,,,,,,,,,,,,,,,,,,,,,,,,,,,,,,,,,,,,,,,,,,,,,,,,,,,,,,,,,,,,,,,,,,,,,,,,,,,,,,,,,,,,,,,,,,,,,,,,,,,,,,,,,,,,,,,,,,,,,,,
https://www.homeintunisia.com/fr/propri%C3%A9t%C3%A9/85316222,Joli dublex sur la route touristique de Sousse,Hammam Sousse,480 000 TND,Appartement,85316222,4 pièces,122 m²,170 m²,"Radiateur, Climatisation, Central",Electrique,Collectif,Chaudière,Individuelle,Tout à l'égout,Bon état,Rez-de-chaussée,,Panoramique Piscine,,,,,,,1.0,1.0,,35.88529,10.58807,,,,,,,1.0,1.0,,1.0,,,1.0,,1.0,,,1.0,1.0,1.0,,,,,,,,1.0,,,,,,,,,,,,,,,,1.0,,,,,,,,,,,,,,1.0,,,,,,,,,,,,,,,1.0,1.0,,,,,1.0,,,,,,,,,,,,,,,,,,,,,,,,,,,,,,,,,,,,,,,,,,,,,,,,,,,,,,,,,,,,,,,,,,,,,,,,,,,,,,,,,,,,,,,,,,,,,,,,,,,,,,,,,,,,,,,,,,,,,,,,,,,,,,,,,,,,,,,,,,,,,,,,,,,,,,,,,,,,,,,,,,,,,,,,,,,,,,,,,,,,,,,,,,,,,,,,,,,,,,,,,,,,,,,,,,,,,,,,,,,,,,,,,,,,,,,,,,,,,,,,,,,,,,,,,,,,,,,,,,,,,,,,,,,,,,,,,,,,,,,,,,,,,,,,,,,,,,,,,,,
https://www.homeintunisia.com/fr/propri%C3%A9t%C3%A9/85309475,Vente appartement S+3 à  Prix Promoteur,Tantana,560 000 TND,Appartement,85309475,4 pièces,148 m²,,Radiateur,,Mixte,Chaudière,Individuelle,Tout à l'égout,Neuf,6ème étage / 6,,Panoramique Mer Ciel,,,,,,,1.0,,,35.91767,10.57973,,,1.0,,1.0,1.0,,,,1.0,,,1.0,,1.0,,,,,1.0,,,,,,,,,,,1.0,,1.0,,,,,,,,,,,,,,,,,,,,,,,,,1.0,,1.0,,,,,,,,,,,,,,,,,,,1.0,1.0,,,,,,,,,,,,,,,,,,,,,,,,,,,,,,,,,,,,,,,,,,,,,,,,,,,,,,,,,,,,,,,,,,,,,,,,,,,,,,,,,,,,,,,,,,,,,,,,,,,,,,,,,,,,,,,,,,,,,,,,,,,,,,,,,,,,,,,,,,,,,,,,,,,,,,,,,,,,,,,,,,,,,,,,,,,,,,,,,,,,,,,,,,,,,,,,,,,,,,,,,,,,,,,,,,,,,,,,,,,,,,,,,,,,,,,,,,,,,,,,,,,,,,,,,,,,,,,,,,,,,,,,,,,,,,,,,,,,,,,,,,,,,,,,,,,,,,,,,,
https://www.homeintunisia.com/fr/propri%C3%A9t%C3%A9/85309471,Appartement s+2 à Vendre a sousse,Cité Sidi Abdelhamid,200 000 TND,Appartement,85309471,3 pièces,115 m²,115 m²,"Radiateur, Central",Electrique,Collectif,Chaudière,Individuelle,Tout à l'égout,Bon état,1er,Nord-est,Dégagée Ciel,,,,,,,1.0,,,35.80403,10.64041,,,,,,,,,,,,,1.0,,,,,1.0,,,,,,,,,,,1.0,,,,,,,,,,,,,,,,,,,,,,,,,,,,,,,,,,,,,,,,,,,,,,,,,,,,,,,,,,,,,,,,,,,,,,,,,,,,,,,,,,,,,,,,,,,,,,,,,,,,,,,,,,,,,,,,,,,,,,,,,,,,,,,,,,,,,,,,,,,,,,,,,,,,,,,,,,,,,,,,,,,,,,,,,,,,,,,,,,,,,,,,,,,,,,,,,,,,,,,,,,,,,,,,,,,,,,,,,,,,,,,,,,,,,,,,,,,,,,,,,,,,,,,,,,,,,,,,,,,,,,,,,,,,,,,,,,,,,,,,,,,,,,,,,,,,,,,,,,,,,,,,,,,,,,,,,,,,,,,,,,,,,,,,,,,,,,,,,,,,,,,,,,,,,
https://www.homeintunisia.com/fr/propri%C3%A9t%C3%A9/85309356,Appartement s+2 à Vendre a sousse,Cité Sidi Abdelhamid,200 000 TND,Appartement,85309356,3 pièces,115 m²,115 m²,"Radiateur, Central",Electrique,Collectif,Chaudière,Individuelle,Tout à l'égout,Bon état,1er,Nord-est,Dégagée Ciel,,,,,,,1.0,,,35.80543,10.63311,,,,,1.0,,,,,1.0,,,,,,,,,,,,,,,,,,,1.0,,,,,,,,,,,,,,,,,,,,,,,,,,,,,,,,,,,,,,,,,,,,1.0,,,,,,,,,,,,,,,,,,,,,,,,,,,,,,,,,,,,,,,,,,,,,,,,,,,,,,,,,,,,,,,,,,,,,,,,,,,,,,,,,,,,,,,,,,,,,,,,,,,,,,,,,,,,,,,,,,,,,,,,,,,,,,,,,,,,,,,,,,,,,,,,,,,,,,,,,,,,,,,,,,,,,,,,,,,,,,,,,,,,,,,,,,,,,,,,,,,,,,,,,,,,,,,,,,,,,,,,,,,,,,,,,,,,,,,,,,,,,,,,,,,,,,,,,,,,,,,,,,,,,,,,,,,,,,,,,,,,,,,,,,,,,,,,,,,,,,,,,,,,,,,,,
https://www.homeintunisia.com/fr/propri%C3%A9t%C3%A9/85299917,Vente Villa Luxueuse à,Djerba,772 500 TND,Appartement,85299917,,229 m²,572 m²,"Radiateur, Climatisation","Gaz, Electrique",Collectif,Chaudière,Individuelle,Fosse septique,Excellent état,Rez-de-chaussée / 2 étages,"Est, Ouest, Nord-est",Dégagée Ciel Piscine,,,,,,1.0,1.0,1.0,,33.87742,10.8549,,1.0,1.0,,1.0,1.0,1.0,1.0,,,,1.0,1.0,,1.0,,,1.0,1.0,1.0,,,,,,,1.0,1.0,,,,,1.0,,,,,,,,,,,1.0,,,,,,,,,1.0,,,1.0,,,,,,,,,,,,,,,1.0,,,1.0,,,,,,,,,,,,,,,,,,,,,,,,,,,,,,,,,,,,,,,,,,,,,,,,,,,,,,,,,,,,,,,,,,,,,,,,,,,,,,,,,,,,,,,,,,,,,,,,,,,,,,,,,,,,,,,,,,,,,,,,,,,,,,,,,,,,,,,,,,,,,,,,,,,,,,,,,,,,,,,,,,,,,,,,,,,,,,,,,,,,,,,,,,,,,,,,,,,,,,,,,,,,,,,,,,,,,,,,,,,,,,,,,,,,,,,,,,,,,,,,,,,,,,,,,,,,,,,,,,,,,,,,,,,,,,,,,,,,,,,,,,,,,,,,,,,,,,,,,,,,,,,,
https://www.homeintunisia.com/fr/propri%C3%A9t%C3%A9/85296703,"Appartement de Prestige au Rez-de-Chaussée – Résidence Akoya17, Pointe aux Canonniers",Grand Baie,2 428 164 TND,Appartement,85296703,4 pièces,255 m²,255 m²,Central,Gaz,Individuel,Chaudière,Individuelle,,Neuf,Rez-de-chaussée / 3 étages,,Dégagée Piscine,,,,,,1.0,1.0,1.0,,-20.00806,57.56177,,,1.0,,1.0,1.0,1.0,1.0,,,,,1.0,,1.0,,,,1.0,,,,,,,,1.0,,1.0,,1.0,,,,,,,,,,,,,1.0,,1.0,,,,,,,,,,,1.0,,1.0,,,,,,,,,,,,,,,,,,,,1.0,,1.0,,,,,,,,,1.0,,1.0,,,,,,,,,,,,,,,,,,,,,,,,,,,,,,,,,,,,,,,,,,,,,,,,,,,,,,,,,,,,,,,,,,,,,,,,,,,,,,,,,,,,,,,,,,,,,,,,,,,,,,,,,,,,,,,,,,,,,,,,,,,,,,,,,,,,,,,,,,,,,,,,,,,,,,,,,,,,,,,,,,,,,,,,,,,,,,,,,,,,,,,,,,,,,,,,,,,,,,,,,,,,,,,,,,,,,,,,,,,,,,,,,,,,,,,,,,,,,,,,,,,,,,,,,,,,,,,,,,,,,,,,,,,,,,,,,,,,,,,,,,,,,,
https://www.homeintunisia.com/fr/propri%C3%A9t%C3%A9/85293250,vente appartement S+1 à chatt Meriem,Chatt Meriem,260 000 TND,Appartement,85293250,2 pièces,71 m²,71 m²,"Radiateur, Climatisation, Central",,Collectif,Chaudière,Individuelle,Tout à l'égout,Neuf,2ème,Nord-est,Dégagée Ciel,,,,,,1.0,1.0,1.0,,35.9336,10.55155,,1.0,,,,1.0,1.0,,,1.0,,,1.0,,,,,,1.0,1.0,,,,,,,1.0,1.0,1.0,,,,1.0,,,,,,,,,,,1.0,,,,,,,,,,,,,,,,1.0,,,,,,,,,,,,,1.0,,,,,,,,1.0,,,,,,,,,,,,,,,,,,,,,,,,,,,,,,,,,,,,,,,,,,,,,,,,,,,,,,,,,,,,,,,,,,,,,,,,,,,,,,,,,,,,,,,,,,,,,,,,,,,,,,,,,,,,,,,,,,,,,,,,,,,,,,,,,,,,,,,,,,,,,,,,,,,,,,,,,,,,,,,,,,,,,,,,,,,,,,,,,,,,,,,,,,,,,,,,,,,,,,,,,,,,,,,,,,,,,,,,,,,,,,,,,,,,,,,,,,,,,,,,,,,,,,,,,,,,,,,,,,,,,,,,,,,,,,,,,,,,,,,,,,,,,,,,,,,,,,,,,
https://www.homeintunisia.com/fr/propri%C3%A9t%C3%A9/85290181,Sublime Appartement S+2 à Vendre – Zone Touristique de,Sousse,460 000 TND,Appartement,85290181,3 pièces,90 m²,127 m²,Central,Gaz,Individuel,Chaudière,Individuelle,Tout à l'égout,Excellent état,5ème étage / 1,Nord-ouest,Panoramique Mer Ciel,1,2,,,,,1.0,,,35.8273,10.6339,,,,,1.0,,1.0,,,1.0,,,,,,,1,1.0,1.0,,,,,,,,,,,,,,1.0,,,,,,,,,1,,,,,,,,,,,,,,,,,,,,,,,,,,,,,,,,,,,,,1.0,1.0,,,,,,,,,,,,,,,,,,,,,,,,,,,,,,,,,,,,,,,,,,,,,,,,,,,,,,,,,,,,,,,,,,,,,,,,,,,,,,,,,,,,,,,,,,,,,,,,,,,,,,,,,,,,,,,,,,,,,,,,,,,,,,,,,,,,,,,,,,,,,,,,,,,,,,,,,,,,,,,,,,,,,,,,,,,,,,,,,,,,,,,,,,,,,,,,,,,,,,,,,,,,,,,,,,,,,,,,,,,,,,,,,,,,,,,,,,,,,,,,,,,,,,,,,,,,,,,,,,,,,,,,,,,,,,,,,,,,,,,,,,,,,,,,,,,,,,,,,,
https://www.homeintunisia.com/fr/propri%C3%A9t%C3%A9/85286040,"Vente Appartement S+2 – Très Haut Standing – Khzema, Sousse",Sousse Khezama,465 000 TND,Appartement,85286040,3 pièces,123 m²,139 m²,,,Individuel,Chaudière,Individuelle,,Neuf,5ème,,Vis-à-vis,,,,,,1.0,1.0,,,35.80635,10.61376,,,1.0,,1.0,,1.0,,,1.0,,,,,1.0,,,1.0,,1.0,,,,,,,,1.0,,,,,1.0,,,,,,,,,,,,,,,,,,,,,1.0,,,1.0,1.0,1.0,1.0,,,,,,,,,,,,,1.0,,,,,,1.0,,1.0,1.0,,,,,,,,,,,,,,,,,,,,,,,,,,,,,,,,,,,,,,,,,,,,,,,,,,,,,,,,,,,,,,,,,,,,,,,,,,,,,,,,,,,,,,,,,,,,,,,,,,,,,,,,,,,,,,,,,,,,,,,,,,,,,,,,,,,,,,,,,,,,,,,,,,,,,,,,,,,,,,,,,,,,,,,,,,,,,,,,,,,,,,,,,,,,,,,,,,,,,,,,,,,,,,,,,,,,,,,,,,,,,,,,,,,,,,,,,,,,,,,,,,,,,,,,,,,,,,,,,,,,,,,,,,,,,,,,,,,,,,,,,,,,,,,,,,,,,,,,
https://www.homeintunisia.com/fr/propri%C3%A9t%C3%A9/85285995,"Appartement S+2 à Vendre - Très Haut Standing - Khzema, Sousse",Sousse Khezama,477 000 TND,Appartement,85285995,3 pièces,102 m²,115 m²,Central,,Individuel,,,,Neuf,5ème,,Dégagée,,,,,,1.0,,,,35.80635,10.61376,,,1.0,,1.0,1.0,1.0,,,1.0,,,,,1.0,,,1.0,,1.0,,,,,,,,1.0,,,,,1.0,,,,,,,,,,,,,,,,,,,,,1.0,,,,,,1.0,,,,,,,,,,,,,,,,,,,,,,,,,,,,,,,,,,,,,,,,,,,,,,,,,,,,,,,,,,,,,,,,,,,,,,,,,,,,,,,,,,,,,,,,,,,,,,,,,,,,,,,,,,,,,,,,,,,,,,,,,,,,,,,,,,,,,,,,,,,,,,,,,,,,,,,,,,,,,,,,,,,,,,,,,,,,,,,,,,,,,,,,,,,,,,,,,,,,,,,,,,,,,,,,,,,,,,,,,,,,,,,,,,,,,,,,,,,,,,,,,,,,,,,,,,,,,,,,,,,,,,,,,,,,,,,,,,,,,,,,,,,,,,,,,,,,,,,,,,,,,,,,,,,,,,,,,,,,,,
https://www.homeintunisia.com/fr/propri%C3%A9t%C3%A9/85248556,"Appartement S+3 avec Jardin Privé - Résidence de Standing Basse Consommation à  4, Sousse",Sahloul,598 430 TND,Appartement,85248556,4 pièces,121 m²,138 m²,Central,Gaz,Individuel,Chaudière,Individuelle,Tout à l'égout,Neuf,Rez-de-chaussée / 4 étages,Sud,Dégagée Jardin,,,,,,1.0,1.0,,,35.84033,10.59432,,,1.0,,1.0,1.0,1.0,1.0,,,,,1.0,,1.0,,,,1.0,,,,,,,,1.0,,,,,,,,,,,,,,,,,1.0,,,,,,,,,,1.0,,,1.0,1.0,1.0,1.0,,,,,,,,,,,,,1.0,,,,,,1.0,,1.0,,,,,,,,,1.0,,,,,,,,,,,,,,,,,,,,,,,,,,,,,,,,,,,,,,,,,,,,,,,,,,,,,,,,,,,,,,,,,,,1,1,,,,,,,,,,,,,,,,,,,,,,,,,,,,,,,,,,,,,,,,,,,,,,,,,,,,,,,,,,,,,,,,,,,,,,,,,,,,,,,,,,,,,,,,,,,,,,,,,,,,,,,,,,,,,,,,,,,,,,,,,,,,,,,,,,,,,,,,,,,,,,,,,,,,,,,,,,,,,,,,,,,,,,,,,,,,,,,,,,,,,,,,,,,,,,,,,,,,,,,,,,,,,,,,,,,,,,,,,,,,
https://www.homeintunisia.com/fr/propri%C3%A9t%C3%A9/85189860,Vente Appartement S+2 Bab Jdid,Sousse,163 200 TND,Appartement,85189860,3 pièces,,,,,,Chauffe-eau,Individuelle,Tout à l'égout,À rafraîchir,1er étage / 3,,Aperçu Mer Monument,,,,,,,,,,35.81917,10.63976,,,,,,,,,,,,,,,,,,,,,,,,,,,,,,,,,,,,,,,,,,,,,,,,,,,,,,,,,,,,,,,,,,,,,,,,,,,,,,,,,,,,,,,,,,,,,,,,,,,,,,,,,,,,,,,,,,,,,,,,,,,,,,,,,,,,,,,,,,,,,,,,,,,,,,,,,,,,,,,,,,,,,,,,,,,,,,,,,,,,,,,,,,,,,,,,,,,,,,,,,,,,,,,,,,,,,,,,,,,,,,,,,,,,,,,,,,,,,,,,,,,,,,,,,,,,,,,,,,,,,,,,,,,,,,,,,,,,,,,,,,,,,,,,,,,,,,,,,,,,,,,,,,,,,,,,,,,,,,,,,,,,,,,,,,,,,,,,,,,,,,,,,,,,,,,,,,,,,,,,,,,,,,,,,,,,,,,,,,
https://www.homeintunisia.com/fr/propri%C3%A9t%C3%A9/85162958,Appartement S+1 à,Hergla,218 000 TND,Appartement,85162958,2 pièces,76 m²,85 m²,Central,Gaz,Individuel,Chaudière,Individuelle,Tout à l'égout,Excellent état,3ème étage / 3,Nord,Dégagée Ciel Rue,,,,,,1.0,1.0,,,36.02873,10.50298,,,1.0,,1.0,1.0,,1.0,,1.0,,,,,,,,,,,,,,,,,1.0,,,,,,,,,,,,,,,,,,,,,,,,,,,,,,,1.0,,,,,,,,,,,,,,,,,,,,,,,,,,,,,,,,,,,,,,,,,,,,,,,,,,,,,,,,,,,,,,,,,,,,,,,,,,,,,,,,,,,,,,,,,,,,,,,,,,,,,,,,,,1,1,,,,,,,,,,,,,,,,,,,,,,,,,,,,,,,,,,,,,,,,,,,,,,,,,,,,,,,,,,,,,,,,,,,,,,,,,,,,,,,,,,,,,,,,,,,,,,,,,,,,,,,,,,,,,,,,,,,,,,,,,,,,,,,,,,,,,,,,,,,,,,,,,,,,,,,,,,,,,,,,,,,,,,,,,,,,,,,,,,,,,,,,,,,,,,,,,,,,,,,,,,,,,,,,,,,,,
https://www.homeintunisia.com/fr/propri%C3%A9t%C3%A9/85160092,Appartement S+2 à vendre - Proximité de la plage,Hammam Sousse,Prix sur demande,Appartement,85160092,,,,,,,,,,,,,,,,,,,,,,,35.8569,10.5972,,,,,,,,,,,,,,,,,,,,,,,,,,,,,,,,,,,,,,,,,,,,,,,,,,,,,,,,,,,,,,,,,,,,,,,,,,,,,,,,,,,,,,,,,,,,,,,,,,,,,,,,,,,,,,,,,,,,,,,,,,,,,,,,,,,,,,,,,,,,,,,,,,,,,,,,,,,,,,,,,,,,,,,,,,,,,,,,,,,,,,,,,,,,,,,,,,,,,,,,,,,,,,,,,,,,,,,,,,,,,,,,,,,,,,,,,,,,,,,,,,,,,,,,,,,,,,,,,,,,,,,,,,,,,,,,,,,,,,,,,,,,,,,,,,,,,,,,,,,,,,,,,,,,,,,,,,,,,,,,,,,,,,,,,,,,,,,,,,,,,,,,,,,,,,,,,,,,,,,,,,,,,,,,,,,,,,,,,,
https://www.homeintunisia.com/fr/propri%C3%A9t%C3%A9/85154901,vente appartement S+2 à Sahloul 4,Cité Sahloul,315 000 TND,Appartement,85154901,3 pièces,74 m²,,"Radiateur, Climatisation",Gaz,Collectif,Chaudière,Individuelle,Tout à l'égout,Neuf,Rez-de-chaussée / 5 étages,,Dégagée,,,,,,1.0,1.0,,,35.83448,10.60127,,,1.0,,,1.0,,1.0,,1.0,,,,1.0,1.0,,,,1.0,1.0,,,,,,,,,1.0,,1.0,1.0,1.0,,,,,,,,,,,,,,,,,,,,,,,,,1.0,,1.0,,,,,,,,,,,,,1.0,,,,,,1.0,,,,,,,,,,,,,,,,,,,,,,,,,,,,,,,,,,,,,,,,,,,,,,,,,,,,,,,,,,,,,,,,,,,,,,,,,,,,,,,,,,,,,,,,,,,,,,,,,,,,,,,,,,,,,,,,,,,,,,,,,,,,,,,,,,,,,,,,,,,,,,,,,,,,,,,,,,,,,,,,,,,,,,,,,,,,,,,,,,,,,,,,,,,,,,,,,,,,,,,,,,,,,,,,,,,,,,,,,,,,,,,,,,,,,,,,,,,,,,,,,,,,,,,,,,,,,,,,,,,,,,,,,,,,,,,,,,,,,,,,,,,,,,,,,,,,,,,,,,,
https://www.homeintunisia.com/fr/propri%C3%A9t%C3%A9/85126917,Appartement de standing S+1 avec vue sur la Corniche de Sousse,Sousse Corniche,270 000 TND,Appartement,85126917,2 pièces,,73 m²,Au sol,Gaz,Individuel,Chaudière,Individuelle,,Excellent état,7ème étage / 7,Nord-est,Dégagée Ville Ciel,,,,,,1.0,,,,35.81771,10.64549,,,1.0,,1.0,,1.0,1.0,,,,,,,,,,,1.0,1.0,1.0,1.0,,1.0,1.0,,,,,,,,,,1.0,,1.0,1.0,,,,,,,,,,,,,,,,1.0,,,,,,,1.0,,,,,,,,,,,,,,,,1.0,1.0,1.0,,,,,,,,,,,,,,,,,,,,,,,,,,,,,,,,,,,,,,,,,,,,,,,,,,,,,,,,,,,,,,,,,,,,,,,,,,,,,,,,,,,,,,,,,,,,,,,,,,,,,,,,,,,,,,,,,,,,,,,,,,,,,,,,,,,,,,,,,,,,,,,,,,,,,,,,,,,,,,,,,,,,,,,,,,,,,,,,,,,,,,,,,,,,,,,,,,,,,,,,,,,,,,,,,,,,,,,,,,,,,,,,,,,,,,,,,,,,,,,,,,,,,,,,,,,,,,,,,,,,,,,,,,,,,,,,,,,,,,,,,,,,,,,,,,,,,,,,,,,
https://www.homeintunisia.com/fr/propri%C3%A9t%C3%A9/85117470,Appartement S+1 en vente - Direct promoteur,Sahloul,226 600 TND,Appartement,85117470,2 pièces,60 m²,,"Climatisation, Central",Eau chaude,Individuel,Chaudière,Individuelle,,Neuf,9ème,Nord-est,Panoramique Ciel Rue,,,,,,1.0,1.0,,,35.82955,10.60712,,,1.0,,,,1.0,,,1.0,,,,,,,,,1.0,1.0,,,,,,,,1.0,,,,,,,,,,,,,,,,1.0,,,,,,,,,,1.0,,,1.0,1.0,,,,,,,,,,,,,,,,,,,,,1.0,,,,,,,,,,,,,,,,,,,,,,,,,,,,,,,,,,,,,,,,,,,,,,,,,,,,,,,,,,,,,,,,,,,,,,,,,,,,,,,,,,,,,,,,,,,,,,,,,,,,,,,,,,,,,,,,,,,,,,,,,,,,,,,,,,,,,,,,,,,,,,,,,,,,,,,,,,,,,,,,,,,,,,,,,,,,,,,,,,,,,,,,,,,,,,,,,,,,,,,,,,,,,,,,,,,,,,,,,,,,,,,,,,,,,,,,,,,,,,,,,,,,,,,,,,,,,,,,,,,,,,,,,,,,,,,,,,,,,,,,,,,,,,,,,,,,,,,,,,,
https://www.homeintunisia.com/fr/propri%C3%A9t%C3%A9/85108209,À Vendre – Penthouse d’Exception avec Vue Panoramique sur Mer à Khezama,Hammam Sousse,1 300 000 TND,Appartement,85108209,3 pièces,250 m²,500 m²,"Radiateur, Climatisation, Central",Electrique,Collectif,Chaudière,Individuelle,Tout à l'égout,Bon état,7ème,"Nord-est, Nord-ouest",Panoramique Mer Ciel,,,,,,,1.0,,,35.89031,10.59314,,,,,1.0,,1.0,,,1.0,,,1.0,,1.0,,,1.0,1.0,1.0,,,,,,,,,1.0,,,,,,,,,,,,,,,1.0,,,,,,,,,,,,,,1.0,,,,,,,,,,,,,,,,1.0,,,,,,,,,,,,,,,,,,,,,,,,,,,,,,,,,,,,,,,,,,,,,,,,,,,,,,,,,,,,,,,,,,,,,,,,,,,,,,,,,,,,,,,,,,,,,,,,,,,,,,,,,,,,,,,,,,,,,,,,,,,,,,,,,,,,,,,,,,,,,,,,,,,,,,,,,,,,,,,,,,,,,,,,,,,,,,,,,,,,,,,,,,,,,,,,,,,,,,,,,,,,,,,,,,,,,,,,,,,,,,,,,,,,,,,,,,,,,,,,,,,,,,,,,,,,,,,,,,,,,,,,,,,,,,,,,,,,,,,,,,,,,,,,,,,,,,,,,,,,,,,,
https://www.homeintunisia.com/fr/propri%C3%A9t%C3%A9/85095673,S+3 vue mer CHATT MERIEM à vendre,Tantana,420 000 TND,Appartement,85095673,4 pièces,102 m²,150 m²,Central,Electrique,Collectif,,Individuelle,Tout à l'égout,Bon état,3ème étage / 3,Est,Panoramique Mer Ciel,,,,,,,1.0,,,35.94312,10.52022,,,1.0,,,1.0,1.0,1.0,,,,,,,,,,1.0,,,,,,,,,,,,,,,,,,,,,,,,,,,,,,,,,,,,,,,,,,,,,,,,,,,,,,,,,,,,,,,,,,,,,,,,,,,,,,,,,,,,,,,,,,,,,,,,,,,,,,,,,,,,,,,,,,,,,,,,,,,,,,,,,,,,,,,,,,,,,,,,,,,,,,,,,,,,,,,,,,,,,,,,,,,,,,,,,,,,,,,,,,,,,,,,,,,,,,,,,,,,,,,,,,,,,,,,,,,,,,,,,,,,,,,,,,,,,,,,,,,,,,,,,,,,,,,,,,,,,,,,,,,,,,,,,,,,,,,,,,,,,,,,,,,,,,,,,,,,,,,,,,,,,,,,,,,,,,,,,,,,,,,,,,,,,,,,,,,,,,,,,,,,,,,,,,,,,,,,
https://www.homeintunisia.com/fr/propri%C3%A9t%C3%A9/85068969,"🏡 À vendre – Appartement S+1 de 82,5 m² au 4ᵉ étage – Résidence neuve West Carthage – La Marsa,",Tunis,466 590 TND,Appartement,85068969,2 pièces,82.5 m²,,Central,Gaz,Individuel,Chaudière,Individuelle,Tout à l'égout,Neuf,4ème étage / 4,Nord,Dégagée Jardin Ciel,,,,,,1.0,1.0,,,36.85876,10.28525,,,1.0,,1.0,1.0,1.0,1.0,,,,,1.0,,1.0,,,,1.0,,,,,,,,1.0,1.0,1.0,,,,,,,,,,,,,,1.0,1.0,,1.0,,,,,,1.0,1.0,1.0,,,1.0,1.0,1.0,1.0,,,,,,,,,,,,,1.0,,,,,,1.0,,1.0,,1.0,,,,,,,1.0,,1.0,,,,,,,,,,,,,,,,,,,,,,,,,,,,,,,,,,,,,,,,,,,,,,,,,,,,,,,,,,,,,,,,,,,,,,,,,,,,,,,,,,,,,,,,,,,,,,,,,,,,,,,,,,,,,,,,,,,,,,,,,,,,,,,,,,,,,,,,,,,,,,,,,,,,,,,,,,,,,,,,,,,,,,,,,,,,,,,,,,,,,,,,,,,,,,,,,,,,,,,,,,,,,,,,,,,,,,,,,,,,,,,,,,,,,,,,,,,,,,,,,,,,,,,,,,,,,,,,,,,,,,,,,,,,,,,,,,,,,,,,,,,,,,
https://www.homeintunisia.com/fr/propri%C3%A9t%C3%A9/85065938,Appartement S+2 au Rez-de-Chaussée - West Carthage Residence,Tunis,394 000 TND,Appartement,85065938,2 pièces,71.7 m²,139.24 m²,Central,Gaz,Individuel,Chaudière,Individuelle,Tout à l'égout,Neuf,Rez-de-chaussée,Nord,Externe Jardin,,,,,,1.0,1.0,,,36.88912,10.32227,,,1.0,,,1.0,1.0,,,,,,1.0,1.0,1.0,,,,1.0,,,,,,,,1.0,1.0,,,,,,,,,,,,,,,1.0,1.0,,,,,,,,1.0,1.0,1.0,,,1.0,1.0,1.0,,,,,,,,,,,,,,1.0,,,,,,1.0,,1.0,,,,,,,,,,,1.0,,,,,,,,,,,,,,,,,,,,,,,,,,,,,,,,,,,,,,,,,,,,,,,,,,,,,,,,,,,,,,,,,,,,,,,,,,,,,,,,,,,,,,,,,,,,,,,,,,,,,,,,,,,,,,,,,,,,,,,,,,,,,,,,,,,,,,,,,,,,,,,,,,,,,,,,,,,,,,,,,,,,,,,,,,,,,,,,,,,,,,,,,,,,,,,,,,,,,,,,,,,,,,,,,,,,,,,,,,,,,,,,,,,,,,,,,,,,,,,,,,,,,,,,,,,,,,,,,,,,,,,,,,,,,,,,,,,,,,,,,,,,,,
https://www.homeintunisia.com/fr/propri%C3%A9t%C3%A9/85018885,vente appartement de luxe,Sousse,289 100 TND,Appartement,85018885,3 pièces,108 m²,108 m²,"Climatisation, Central",Eau chaude,Individuel,Chaudière,Individuelle,Tout à l'égout,Neuf,,,Dégagée,,,,,,,,,,36.83947,10.19382,,,,,,,1.0,,,1.0,,,,,1.0,,,,,1.0,,,,,,,1.0,,,,,,,,,,,,,,,,,,,,,,,,,,,,,,,1.0,1.0,1.0,,,,,,,,,,,,,1.0,,,,,,1.0,,1.0,,,,,,,,,,,,,,,,,,,,,,,,,,,,,,,,,,,,,,,,,,,,,,,,,,,,,,,,,,,,,,,,,,,,,,,,,,,,,,,,,,,,,,,,,,,,,,,,,,,,,,,,,,,,,,,,,,,,,,,,,,,,,,,,,,,,,,,,,,,,,,,,,,,,,,,,,,,,,,,,,,,,,,,,,,,,,,,,,,,,,,,,,,,,,,,,,,,,,,,,,,,,,,,,,,,,,,,,,,,,,,,,,,,,,,,,,,,,,,,,,,,,,,,,,,,,,,,,,,,,,,,,,,,,,,,,,,,,,,,,,,,,,,,,,,,,,,,,,
https://www.homeintunisia.com/fr/propri%C3%A9t%C3%A9/85015059,vente duplex s+3 neuf,Sousse,391 475 TND,Appartement,85015059,4 pièces,147 m²,,Central,Eau chaude,Individuel,,Individuelle,Tout à l'égout,Neuf,,,Dégagée,,,,,,,,,,35.83145,10.60823,,,1.0,,,,1.0,,,1.0,,,,,1.0,,,,,,,,,,,,1.0,,,,,,,,,,,,,,,,,,,,,,,,,,1.0,,,,,1.0,,,,,,,,,,,,,,,1.0,,,,,,1.0,,1.0,,,,,,,,,,,,,,,,,,,,,,,,,,,,,,,,,,,,,,,,,,,,,,,,,,,,,,,,,,,,,,,,,,,,,,,,,,,,,,,,,,,,,,,,,,,,,,,,,,,,,,,,,,,,,,,,,,,,,,,,,,,,,,,,,,,,,,,,,,,,,,,,,,,,,,,,,,,,,,,,,,,,,,,,,,,,,,,,,,,,,,,,,,,,,,,,,,,,,,,,,,,,,,,,,,,,,,,,,,,,,,,,,,,,,,,,,,,,,,,,,,,,,,,,,,,,,,,,,,,,,,,,,,,,,,,,,,,,,,,,,,,,,,,,,,,,,,,,,
https://www.homeintunisia.com/fr/propri%C3%A9t%C3%A9/85003977,À vendre : Appartement moderne S+1,Cité Olympique,246 588 TND,Appartement,85003977,2 pièces,69 m²,111 m²,"Climatisation, Central",Eau chaude,Individuel,Chaudière,Individuelle,Tout à l'égout,Neuf,5ème étage / 7,,Dégagée,,,,,,,,,,35.8245,10.63458,,,1.0,,,1.0,,,,1.0,,,,,,,,,,1.0,,,,,,,1.0,1.0,,,,,,,,,,,,,,,,,,,,,,,,,,1.0,,,,1.0,,,,,,,,,,,,,,,1.0,,,,,,1.0,,1.0,,,,,,,,,,,,,,,,,,,,,,,,,,,,,,,,,,,,,,,,,,,,,,,,,,,,,,,,,,,,,,,,,,,,,,,,,,,,,,,,,,,,,,,,,,,,,,,,,,,,,,,,,,,,,,,,,,,,,,,,,,,,,,,,,,,,,,,,,,,,,,,,,,,,,,,,,,,,,,,,,,,,,,,,,,,,,,,,,,,,,,,,,,,,,,,,,,,,,,,,,,,,,,,,,,,,,,,,,,,,,,,,,,,,,,,,,,,,,,,,,,,,,,,,,,,,,,,,,,,,,,,,,,,,,,,,,,,,,,,,,,,,,,,,,,,,,,,,,
https://www.homeintunisia.com/fr/propri%C3%A9t%C3%A9/85003619,vente appartement s+1 cité olympique,Cité Olympique,241 850 TND,Appartement,85003619,2 pièces,69 m²,111 m²,"Climatisation, Central",Eau chaude,Individuel,Chaudière,Individuelle,Tout à l'égout,Neuf,,,Dégagée,,,,,,,,,,35.8245,10.63458,,,1.0,,,1.0,1.0,,,1.0,,,,,1.0,,,,,1.0,,,,,,,1.0,1.0,,,,,,,,,,,,,,,,,,1.0,,,1.0,,,,,1.0,,,1.0,1.0,,,,,,,,,,,,,,,1.0,,,,,,1.0,,1.0,,,,,,,,,,,,,,,,,,,,,,,,,,,,,,,,,,,,,,,,,,,,,,,,,,,,,,,,,,,,,,,,,,,,,,,,,,,,,,,,,,,,,,,,,,,,,,,,,,,,,,,,,,,,,,,,,,,,,,,,,,,,,,,,,,,,,,,,,,,,,,,,,,,,,,,,,,,,,,,,,,,,,,,,,,,,,,,,,,,,,,,,,,,,,,,,,,,,,,,,,,,,,,,,,,,,,,,,,,,,,,,,,,,,,,,,,,,,,,,,,,,,,,,,,,,,,,,,,,,,,,,,,,,,,,,,,,,,,,,,,,,,,,,,,,,,,,,,,
https://www.homeintunisia.com/fr/propri%C3%A9t%C3%A9/84909299,vente appartement s+3 a akouda,Akouda,400 000 TND,Appartement,84909299,4 pièces,180 m²,256 m²,"Radiateur, Climatisation",,,,Individuelle,Tout à l'égout,Bon état,Rez-de-chaussée / 4 étages,,Dégagée,,,,,,1.0,1.0,,,35.85978,10.59257,,,1.0,,1.0,1.0,,,,1.0,,,1.0,,1.0,,,,,1.0,,,,,,,,,,,,,1.0,,,,,,,,,,,,,1.0,,,,,,,,,,,,,,,,,,,,,,,,,,,,,,,,,1.0,,,,,,,,,,,,,,,,,,,,,,,,,,,,,,,,,,,,,,,,,,,,,,,,,,,,,,,,,,,,,,,,,,,,,,,,,,,,,,,,,,,,,,,,,,,,,,,,,,,,,,,,,,,,,,,,,,,,,,,,,,,,,,,,,,,,,,,,,,,,,,,,,,,,,,,,,,,,,,,,,,,,,,,,,,,,,,,,,,,,,,,,,,,,,,,,,,,,,,,,,,,,,,,,,,,,,,,,,,,,,,,,,,,,,,,,,,,,,,,,,,,,,,,,,,,,,,,,,,,,,,,,,,,,,,,,,,,,,,,,,,,,,,,,,,,,,,,,,,,
https://www.homeintunisia.com/fr/propri%C3%A9t%C3%A9/84890433,vente villa piscine près du Mall of Sousse,Kalaa El Kebira,1 500 000 TND,Appartement,84890433,4 pièces,150 m²,,"Radiateur, Climatisation",,,,Individuelle,Tout à l'égout,Neuf,Plain-pied / 1 étage,,Dégagée Ciel Piscine,,,,,,1.0,1.0,1.0,,37.22466,9.79825,,,1.0,,1.0,,,1.0,,1.0,,,1.0,,1.0,,,,,1.0,1.0,1.0,1.0,,1.0,1.0,1.0,1.0,,,1.0,,1.0,1.0,1.0,,,1.0,,,,,,,,,,,,,,,,,,,,,,1.0,,,,,,,,,,,,,,,,,,,,,,,,,,,,,,,,,,,,,,,,,,,,,,,,,,,,,,,,,,,,,,,,,,,,,,,,,,,,,,,,,,,,,,,,,,,,,,,,,,,,,,,,,,,,,,,,,,,,,,,,,,,,,,,,,,,,,,,,,,,,,,,,,,,,,,,,,,,,,,,,,,,,,,,,,,,,,,,,,,,,,,,,,,,,,,,,,,,,,,,,,,,,,,,,,,,,,,,,,,,,,,,,,,,,,,,,,,,,,,,,,,,,,,,,,,,,,,,,,,,,,,,,,,,,,,,,,,,,,,,,,,,,,,,,,,,,,,,,,,,,,,,,,,,,,,,,,,,,,,
https://www.homeintunisia.com/fr/propri%C3%A9t%C3%A9/84821687,Appartement à  – Vue Panoramique Mer,Hergla,700 000 TND,Appartement,84821687,4 pièces,190 m²,260 m²,"Radiateur, Climatisation, Central",Electrique,Collectif,Chaudière,Individuelle,Tout à l'égout,Neuf,1er,"Nord-est, Nord-ouest",Panoramique Mer Ciel,,,,,,,1.0,,,36.03365,10.50291,,1.0,,,1.0,,1.0,1.0,,1.0,,,1.0,,,,,1.0,1.0,1.0,,,,,,,,,,,,,,,,,,,,,,,,1.0,,,,,,,,,,,,,,1.0,,1.0,,,,,,,,,,,,,1.0,,,,,,1.0,,,,,,,,,,,,,,,,,,,,,,,,,,,,,,,,,,,,,,,,,,,,,,,,,,,,,,,,,,,,,,,,,,,,,,,,,,,,,,,,,,,,,,,,,,,,,,,,,,,,,,,,,,,,,,,,,,,,,,,,,,,,,,,,,,,,,,,,,,,,,,,,,,,,,,,,,,,,,,,,,,,,,,,,,,,,,,,,,,,,,,,,,,,,,,,,,,,,,,,,,,,,,,,,,,,,,,,,,,,,,,,,,,,,,,,,,,,,,,,,,,,,,,,,,,,,,,,,,,,,,,,,,,,,,,,,,,,,,,,,,,,,,,,,,,,,,,,,,,,
https://www.homeintunisia.com/fr/propri%C3%A9t%C3%A9/84821645,Appartement S+2 à vendre -,Hergla,325 000 TND,Appartement,84821645,3 pièces,110 m²,125 m²,"Radiateur, Climatisation, Central",Electrique,Collectif,Chaudière,Individuelle,,Neuf,Rez-de-chaussée,"Nord-est, Nord-ouest",Panoramique Mer,,,,,,,1.0,,,36.02724,10.50617,,1.0,,,,1.0,1.0,,,1.0,,,1.0,,1.0,,,1.0,1.0,,,,,,,,,1.0,,,,,,,,,,,,,,,,1.0,,,,,,,,,,,,,,1.0,,,,,,,,,,,,,,,1.0,,,,,,,,,,,,,,,,,,,,,,,,,,,,,,,,,,,,,,,,,,,,,,,,,,,,,,,,,,,,,,,,,,,,,,,,,,,,,,,,,,,,,,,,,,,,,,,,,,,,,,,,,,,,,,,,,,,,,,,,,,,,,,,,,,,,,,,,,,,,,,,,,,,,,,,,,,,,,,,,,,,,,,,,,,,,,,,,,,,,,,,,,,,,,,,,,,,,,,,,,,,,,,,,,,,,,,,,,,,,,,,,,,,,,,,,,,,,,,,,,,,,,,,,,,,,,,,,,,,,,,,,,,,,,,,,,,,,,,,,,,,,,,,,,,,,,,,,,,,,,,,,,
https://www.homeintunisia.com/fr/propri%C3%A9t%C3%A9/84673262,Appartement S+2 en vente - Direct promoteur,Sahloul,350 200 TND,Appartement,84673262,3 pièces,150 m²,,"Climatisation, Central",Eau chaude,Individuel,Chaudière,Individuelle,,Neuf,4ème,Nord-est,Panoramique Ciel Rue,,,,,,1.0,1.0,,,35.82955,10.60712,,,1.0,,,,1.0,,,1.0,,,,,,,,,1.0,1.0,,,,,,,,1.0,,,,,,,,,,,,,,,,1.0,,,,,,,,,,1.0,,,1.0,1.0,,,,,,,,,,,,,,,,,,,,,1.0,,,,,,,,,,,,,,,,,,,,,,,,,,,,,,,,,,,,,,,,,,,,,,,,,,,,,,,,,,,,,,,,,,,,,,,,,,,,,,,,,,,,,,,,,,,,,,,,,,,,,,,,,,,,,,,,,,,,,,,,,,,,,,,,,,,,,,,,,,,,,,,,,,,,,,,,,,,,,,,,,,,,,,,,,,,,,,,,,,,,,,,,,,,,,,,,,,,,,,,,,,,,,,,,,,,,,,,,,,,,,,,,,,,,,,,,,,,,,,,,,,,,,,,,,,,,,,,,,,,,,,,,,,,,,,,,,,,,,,,,,,,,,,,,,,,,,,,,,,,
https://www.homeintunisia.com/fr/propri%C3%A9t%C3%A9/84673244,Appartement S+2 en vente - Direct promoteur,Sahloul,298 700 TND,Appartement,84673244,3 pièces,132 m²,,"Climatisation, Central",Eau chaude,Individuel,Chaudière,Individuelle,,Neuf,4ème,Nord-est,Panoramique Ciel Rue,,,,,,1.0,1.0,,,35.82955,10.60712,,,1.0,,,,1.0,,,1.0,,,,,,,,,1.0,1.0,,,,,,,,1.0,,,,,,,,,,,,,,,,1.0,,,,,,,,,,1.0,,,1.0,1.0,,,,,,,,,,,,,,,,,,,,,1.0,,,,,,,,,,,,,,,,,,,,,,,,,,,,,,,,,,,,,,,,,,,,,,,,,,,,,,,,,,,,,,,,,,,,,,,,,,,,,,,,,,,,,,,,,,,,,,,,,,,,,,,,,,,,,,,,,,,,,,,,,,,,,,,,,,,,,,,,,,,,,,,,,,,,,,,,,,,,,,,,,,,,,,,,,,,,,,,,,,,,,,,,,,,,,,,,,,,,,,,,,,,,,,,,,,,,,,,,,,,,,,,,,,,,,,,,,,,,,,,,,,,,,,,,,,,,,,,,,,,,,,,,,,,,,,,,,,,,,,,,,,,,,,,,,,,,,,,,,,,
https://www.homeintunisia.com/fr/propri%C3%A9t%C3%A9/84673217,Appartement S+2 en vente - Direct promoteur,Sahloul,350 000 TND,Appartement,84673217,3 pièces,120 m²,,"Climatisation, Central",Eau chaude,Individuel,Chaudière,Individuelle,,Neuf,4ème,Nord-est,Panoramique Ciel Rue,,,,,,1.0,1.0,,,35.82955,10.60712,,,1.0,,,,1.0,,,1.0,,,,,,,,,1.0,1.0,,,,,,,,1.0,,,,,,,,,,,,,,,,1.0,,,,,,,,,,1.0,,,1.0,1.0,,,,,,,,,,,,,,,,,,,,,1.0,,,,,,,,,,,,,,,,,,,,,,,,,,,,,,,,,,,,,,,,,,,,,,,,,,,,,,,,,,,,,,,,,,,,,,,,,,,,,,,,,,,,,,,,,,,,,,,,,,,,,,,,,,,,,,,,,,,,,,,,,,,,,,,,,,,,,,,,,,,,,,,,,,,,,,,,,,,,,,,,,,,,,,,,,,,,,,,,,,,,,,,,,,,,,,,,,,,,,,,,,,,,,,,,,,,,,,,,,,,,,,,,,,,,,,,,,,,,,,,,,,,,,,,,,,,,,,,,,,,,,,,,,,,,,,,,,,,,,,,,,,,,,,,,,,,,,,,,,,,
https://www.homeintunisia.com/fr/propri%C3%A9t%C3%A9/84661593,vente appartement S+2 à Tantana Pieds dans l'eau,Chatt Meriem,390 288 TND,Appartement,84661593,3 pièces,70 m²,84 m²,"Radiateur, Climatisation, Central",Electrique,Collectif,Chaudière,Individuelle,Tout à l'égout,Neuf,2ème,"Nord-est, Nord-ouest",Panoramique Mer,,,,,,1.0,1.0,1.0,,35.87346,10.57517,,1.0,1.0,,1.0,1.0,1.0,,,1.0,,,1.0,,1.0,,,1.0,1.0,1.0,,,,,,,1.0,1.0,1.0,,,,1.0,,,,,,,,,,,1.0,,,,,,,,,,,,,,1.0,,1.0,,,,,,,,,,,,,1.0,1.0,,,,,1.0,,,,,,,,,,,,,,,,,,,,,,,,,,,,,,,,,,,,,,,,,,,,,,,,,,,,,,,,,,,,,,,,,,,,,,,,,,,,,,,,,,,,,,,,,,,,,,,,,,,,,,,,,,,,,,,,,,,,,,,,,,,,,,,,,,,,,,,,,,,,,,,,,,,,,,,,,,,,,,,,,,,,,,,,,,,,,,,,,,,,,,,,,,,,,,,,,,,,,,,,,,,,,,,,,,,,,,,,,,,,,,,,,,,,,,,,,,,,,,,,,,,,,,,,,,,,,,,,,,,,,,,,,,,,,,,,,,,,,,,,,,,,,,,,,,,,,,,,,,,
https://www.homeintunisia.com/fr/propri%C3%A9t%C3%A9/84661385,vente appartement S+2 à Tantana Pieds dans l'eau,Chatt Meriem,330 970 TND,Appartement,84661385,3 pièces,60 m²,72 m²,Central,Electrique,Collectif,Chaudière,Individuelle,Tout à l'égout,Neuf,1er,"Nord-est, Nord-ouest",Panoramique Mer,,,,,,1.0,1.0,1.0,,35.87377,10.57491,,1.0,1.0,,,1.0,1.0,,,1.0,,,1.0,,1.0,,,1.0,1.0,1.0,,,,,,,,1.0,1.0,,,,,,,,,,,,,,,1.0,,,,,,,,,,,,,,1.0,,1.0,,,,,,,,,,,,,1.0,1.0,,,,,,,1.0,,,,,,,,,,,,,,,,,,,,,,,,,,,,,,,,,,,,,,,,,,,,,,,,,,,,,,,,,,,,,,,,,,,,,,,,,,,,,,,,,,,,,,,,,,,,,,,,,,,,,,,,,,,,,,,,,,,,,,,,,,,,,,,,,,,,,,,,,,,,,,,,,,,,,,,,,,,,,,,,,,,,,,,,,,,,,,,,,,,,,,,,,,,,,,,,,,,,,,,,,,,,,,,,,,,,,,,,,,,,,,,,,,,,,,,,,,,,,,,,,,,,,,,,,,,,,,,,,,,,,,,,,,,,,,,,,,,,,,,,,,,,,,,,,,,,,,,,,
https://www.homeintunisia.com/fr/propri%C3%A9t%C3%A9/84661258,vente appartement S+2 à Tantana Pieds dans l'eau,Chatt Meriem,396 550 TND,Appartement,84661258,3 pièces,60 m²,71 m²,Central,Electrique,Collectif,Chaudière,Individuelle,Tout à l'égout,Neuf,1er étage / 3,Nord-est,Panoramique Mer,,,,,,1.0,1.0,1.0,,35.9436,10.55233,,1.0,1.0,,1.0,1.0,1.0,,,1.0,,,1.0,,1.0,,,1.0,1.0,1.0,,,,,,,1.0,1.0,1.0,,,,,,,,,,,,,,,1.0,,,,,,,,,,,,,,1.0,,1.0,,,,,,,,,,,,,1.0,1.0,,,,,1.0,,1.0,,,,,,,,,,,,,,,,,,,,,,,,,,,,,,,,,,,,,,,,,,,,,,,,,,,,,,,,,,,,,,,,,,,,,,,,,,,,,,,,,,,,,,,,,,,,,,,,,,,,,,,,,,,,,,,,,,,,,,,,,,,,,,,,,,,,,,,,,,,,,,,,,,,,,,,,,,,,,,,,,,,,,,,,,,,,,,,,,,,,,,,,,,,,,,,,,,,,,,,,,,,,,,,,,,,,,,,,,,,,,,,,,,,,,,,,,,,,,,,,,,,,,,,,,,,,,,,,,,,,,,,,,,,,,,,,,,,,,,,,,,,,,,,,,,,,,,,,,
https://www.homeintunisia.com/fr/propri%C3%A9t%C3%A9/84637718,vente appartement S+2 à Tantana Pieds dans l'eau,Chatt Meriem,388 520 TND,Appartement,84637718,3 pièces,82.66 m²,68.01 m²,"Climatisation, Central",,Collectif,Chaudière,Individuelle,Tout à l'égout,Neuf,1er étage / 3,,Dégagée,,,,,,,1.0,,,35.94249,10.54897,,,1.0,,,,,,,1.0,,,1.0,,1.0,,,,,1.0,,,,,,,,,,,1.0,,1.0,,,,,,,,,,,,,,,,,,,,,,,,1.0,,1.0,1.0,,,,,,,,,,,,,,,,,,,1.0,1.0,,,,,,,,,,,,,,,,,,,,,,,,,,,,,,,,,,,,,,,,,,,,,,,,,,,,,,,,,,,,,,,,,,,,,,,,,,,,,,,,,,,,,,,,,,,,,,,,,,,,,,,,,,,,,,,,,,,,,,,,,,,,,,,,,,,,,,,,,,,,,,,,,,,,,,,,,,,,,,,,,,,,,,,,,,,,,,,,,,,,,,,,,,,,,,,,,,,,,,,,,,,,,,,,,,,,,,,,,,,,,,,,,,,,,,,,,,,,,,,,,,,,,,,,,,,,,,,,,,,,,,,,,,,,,,,,,,,,,,,,,,,,,,,,,,,,,,,,,,
https://www.homeintunisia.com/fr/propri%C3%A9t%C3%A9/84637566,"A vendre appartement S+3 en Construction, Vue Mer Exceptionnelle à Chott Mariem",Chatt Meriem,623 052 TND,Appartement,84637566,4 pièces,95 m²,116 m²,"Radiateur, Climatisation, Central",Electrique,Collectif,Chaudière,Individuelle,Tout à l'égout,Neuf,Rez-de-chaussée / 3 étages,"Nord-est, Nord-ouest",Panoramique Mer Ciel,,,,,,,1.0,1.0,,35.93726,10.55226,,1.0,1.0,,1.0,1.0,1.0,,,1.0,,,1.0,,1.0,,,1.0,1.0,1.0,,,,,,,1.0,1.0,,,,,1.0,,,,,,,,,,,1.0,,,,,,,,,,,,,,1.0,,1.0,,,,,,,,,,,,,1.0,1.0,,,,,1.0,,1.0,,,,,,,,,,,,,,,,,,,,,,,,,,,,,,,,,,,,,,,,,,,,,,,,,,,,,,,,,,,,,,,,,,,,,,,,,,,,,,,,,,,,,,,,,,,,,,,,,,,,,,,,,,,,,,,,,,,,,,,,,,,,,,,,,,,,,,,,,,,,,,,,,,,,,,,,,,,,,,,,,,,,,,,,,,,,,,,,,,,,,,,,,,,,,,,,,,,,,,,,,,,,,,,,,,,,,,,,,,,,,,,,,,,,,,,,,,,,,,,,,,,,,,,,,,,,,,,,,,,,,,,,,,,,,,,,,,,,,,,,,,,,,,,,,,,,,,,,,
https://www.homeintunisia.com/fr/propri%C3%A9t%C3%A9/84607402,S+4 pieds dans l'eau sur la Zone Touristique,Hammam Sousse,835 000 TND,Appartement,84607402,5 pièces,153 m²,224 m²,"Climatisation, Central",Gaz,Individuel,Chaudière,Individuelle,Tout à l'égout,Excellent état,3ème étage / 1,"Ouest, Nord-ouest",Dégagée Mer Ciel,,,,,,1.0,1.0,,,35.86401,10.5702,,,1.0,,1.0,1.0,1.0,,,1.0,,,,,1.0,,,,1.0,,,1.0,,,1.0,1.0,,,1.0,,,,,,,1.0,1.0,1.0,,,,,,,,,,,,,,,,,,,,1.0,,1.0,1.0,,,,,,,,,,,,,,,,,,1.0,1.0,,,,,,,,,,,,,,,,,,,,,,,,,,,,,,,,,,,,,,,,,,,,,,,,,,,,,,,,,,,,,,,,,,,,,,,,,,,,,,,,,,,,,,,,,,,,,,,,,,,,,,,,,,,,,,,,,,,,,,,,,,,,,,,,,,,,,,,,,,,,,,,,,,,,,,,,,,,,,,,,,,,,,,,,,,,,,,,,,,,,,,,,,,,,,,,,,,,,,,,,,,,,,,,,,,,,,,,,,,,,,,,,,,,,,,,,,,,,,,,,,,,,,,,,,,,,,,,,,,,,,,,,,,,,,,,,,,,,,,,,,,,,,,,,,,,,,,,,,,
https://www.homeintunisia.com/fr/propri%C3%A9t%C3%A9/84588992,Appartement S+2 à Vendre à,Hammam Sousse,420 000 TND,Appartement,84588992,3 pièces,85 m²,135 m²,"Radiateur, Central",Electrique,Collectif,Chaudière,Individuelle,Tout à l'égout,Neuf,Rez-de-chaussée,Nord-est,Dégagée Mer,,,,,,,1.0,,,35.88898,10.58976,,,1.0,,1.0,1.0,1.0,,,1.0,,,1.0,,1.0,,,1.0,1.0,1.0,,,,,,,,1.0,,,,,,,,,,,,,,,,1.0,,,,,,,,,,,,,1.0,1.0,,,,,,,,,,,,,,,1.0,,,,,,,,,,,,,,,,,,,,,,,,,,,,,,,,,,,,,,,,,,,,,,,,,,,,,,,,,,,,,,,,,,,,,,,,,,,,,,,,,,,,,,,,,,,,,,,,,,,,,,,,,,,,,,,,,,,,,,,,,,,,,,,,,,,,,,,,,,,,,,,,,,,,,,,,,,,,,,,,,,,,,,,,,,,,,,,,,,,,,,,,,,,,,,,,,,,,,,,,,,,,,,,,,,,,,,,,,,,,,,,,,,,,,,,,,,,,,,,,,,,,,,,,,,,,,,,,,,,,,,,,,,,,,,,,,,,,,,,,,,,,,,,,,,,,,,,,,,,,,,,,,
https://www.homeintunisia.com/fr/propri%C3%A9t%C3%A9/84588841,Ferme à Vendre à  Sud,Hammamet,400 000 TND,Appartement,84588841,1 pièce,850 m²,850 m²,Climatisation,Electrique,Individuel,Chauffe-eau,Individuelle,Tout à l'égout,Bon état,Rez-de-chaussée,"Nord-est, Nord-ouest",Dégagée Forêt Ciel,,,,,,1.0,1.0,,,36.40045,10.61717,,,,,,,1.0,,,,,,1.0,,,,,,,,,,,,,,,,,,,,,,,,,,,,,,,,1.0,,,,,,,,,,,,,,,,,,,,,,,,,,,,,,,,,,,,,,,,,,,,,,,,,,,,,,,,,,,,,,,,,,,,,,,,,,,,,,,,,,,,,,,,,,,,,,,,,,,,,,,,,,,,,,,,,,,,,,,,,,,,,,,,,,,,,,,,,,,,,,,,,,,,,,,,,,,,,,,,,,,,,,,,,,,,,,,,,,,,,,,,,,,,,,,,,,,,,,,,,,,,,,,,,,,,,,,,,,,,,,,,,,,,,,,,,,,,,,,,,,,,,,,,,,,,,,,,,,,,,,,,,,,,,,,,,,,,,,,,,,,,,,,,,,,,,,,,,,,,,,,,,,,,,,,,,,,,,,,,,,,,,,,,,,,,,
https://www.homeintunisia.com/fr/propri%C3%A9t%C3%A9/84475713,S+2 pieds dans l'eau avec jardin privé,Hergla,600 000 TND,Appartement,84475713,3 pièces,120 m²,400 m²,Central,"Gaz, Electrique",Collectif,Chaudière,Individuelle,Fosse septique,Neuf,Rez-de-chaussée,Est,Dégagée Mer Jardin,,,,,,,1.0,1.0,,36.03141,10.5043,,,1.0,,1.0,,1.0,,,1.0,,,1.0,,1.0,,,,,,,,,,,,1.0,,1.0,,,,1.0,,,,,,,,,,,,,1.0,,,,,,,,1.0,,,,,,1.0,,,,,,,,,,,,,1.0,,,,,,,1.0,,,1.0,,,,,,,,,,,,,,,,,,,,,,,,,,,,,,,,,,,,,,,,,,,,,,,,,,,,,,,,,,,,,,,,,,,,,,,,,,,,,,,,,,,,,,,,,,,,,,,,,,,,,,1,,,,,,,,,,,,,,,,,,,,,,,,,,,,,,,,,,,,,,,,,,,,,,,,,,,,,,,,,,,,,,,,,,,,,,,,,,,,,,,,,,,,,,,,,,,,,,,,,,,,,,,,,,,,,,,,,,,,,,,,,,,,,,,,,,,,,,,,,,,,,,,,,,,,,,,,,,,,,,,,,,,,,,,,,,,,,,,,,,,,,,,,,,,,,,,,,
https://www.homeintunisia.com/fr/propri%C3%A9t%C3%A9/84414726,À Vendre - Appartement S+3 à,Hammam Sousse,350 000 TND,Appartement,84414726,4 pièces,130 m²,150 m²,"Radiateur, Central",Electrique,Collectif,Chaudière,Individuelle,Tout à l'égout,Neuf,1er,"Nord-est, Nord-ouest",Dégagée Ciel,,,,,,,1.0,,,35.88736,10.59472,,1.0,1.0,,,,1.0,,,1.0,,,1.0,,,,,1.0,,,,,,,,,,,,,,,1.0,,,,,,,,,,,1.0,,,,,,,,,,,,,,,,,,,,,,,,,,,,,,1.0,,,,,,,,,,,,,,,,,,,,,,,,,,,,,,,,,,,,,,,,,,,,,,,,,,,,,,,,,,,,,,,,,,,,,,,,,,,,,,,,,,,,,,,,,,,,,,,,,,,,,,,,,,,,,,,,,,,,,,,,,,,,,,,,,,,,,,,,,,,,,,,,,,,,,,,,,,,,,,,,,,,,,,,,,,,,,,,,,,,,,,,,,,,,,,,,,,,,,,,,,,,,,,,,,,,,,,,,,,,,,,,,,,,,,,,,,,,,,,,,,,,,,,,,,,,,,,,,,,,,,,,,,,,,,,,,,,,,,,,,,,,,,,,,,,,,,,,,,,,,,,,,
https://www.homeintunisia.com/fr/propri%C3%A9t%C3%A9/84407010,"Appartements de Maître et Duplex de Prestige à Vendre – Lac 2, Tunis",Ariana,1 450 000 TND,Appartement,84407010,4 pièces,,,,,,,,,,,,Externe,,,,,,,1.0,,,36.8625,10.19556,,,1.0,,1.0,,1.0,,,1.0,,,,1.0,1.0,,,1.0,1.0,1.0,,,,,,,,,,,,,,,,,,,,,,,1.0,1.0,,,,,,,,,1.0,,,,,1.0,,1.0,,,,,,,,,,,,,,,,,,,1.0,,,1.0,,,,,,,,,,,,,,,,,,,,,,,,,,,,,,,,,,,,,,,,,,,,,,,,,,,,,,,,,,,,,,,,,,,,,,,,,,,,,,,,,,,,,,,,,,,,,,,,,,,,,,,,,,,,,,,,,,,,,,,,,,,,,,,,,,,,,,,,,,,,,,,,,,,,,,,,,,,,,,,,,,,,,,,,,,,,,,,,,,,,,,,,,,,,,,,,,,,,,,,,,,,,,,,,,,,,,,,,,,,,,,,,,,,,,,,,,,,,,,,,,,,,,,,,,,,,,,,,,,,,,,,,,,,,,,,,,,,,,,,,,,,,,,,,,,,,,,,,
https://www.homeintunisia.com/fr/propri%C3%A9t%C3%A9/84406917,À Vendre – Appartement S+1 Pieds dans l'Eau à Kantaoui,El Kantaoui,330 000 TND,Appartement,84406917,2 pièces,73 m²,80 m²,Central,Gaz,Individuel,Chaudière,Individuelle,Fosse septique,Bon état,4ème étage / 4,Nord,Dégagée Ciel Rue,1,,,,,1.0,,,,35.89419,10.59822,,,1.0,,1.0,,1.0,,,1.0,,,,,,,1,,1.0,1.0,,1.0,,,,,,,,,,,,,,,,,,1,,1,,,,,,,,,,,,,,,,1.0,,,,,,,,,,,,,,,,,,,,,1.0,,,,,,,,1,,,,,,,,,,,,,,,,,,,,,,,,,,,,,,,,,,,,,,,,,,,,,,,,,,,,,,,,,,,,,,,,,,,,,,,,,,,,,,,,,,,,,,,,,,,,,,,,,,,,,,,,,,,,,,,,,,,,,,,,,,,,,,,,,,,,,,,,,,,,,,,,,,,,,,,,,,,,,,,,,,,,,,,,,,,,,,,,,,,,,,,,,,,,,,,,,,,,,,,,,,,,,,,,,,,,,,,,,,,,,,,,,,,,,,,,,,,,,,,,,,,,,,,,,,,,,,,,,,,,,,,,,,,,,,,,,,,,,,,,,,,,,,,,,,,
https://www.homeintunisia.com/fr/propri%C3%A9t%C3%A9/84406599,Vente Appartement S0 à,Hergla,154 500 TND,Appartement,84406599,1 pièce,32 m²,52 m²,"Radiateur, Climatisation, Central","Gaz, Electrique, Eau chaude",Collectif,Chaudière,Individuelle,Tout à l'égout,Neuf,2ème étage / 3,Est,Dégagée Mer Rue,,,,,,,,,,36.03107,10.50724,,,1.0,,1.0,,1.0,,,,,,,,1.0,,,,,1.0,,,,,,,,,,,,,1.0,,,,,,,,,,,,,,,,,,,,,,,,,,,,,,,,,,,,,,,,1.0,,,,,,,,,1.0,,,,,,,,,,,,,,,,,,,,,,,,,,,,,,,,,,,,,,,,,,,,,,,,,,,,,,,,,,,,,,,,,,,,,,,,,,,,,,,,,,,,,,,,,,,,,,,,,,,,,,,,,,,,,,,,,,,,,,,,,,,,,,,,,,,,,,,,,,,,,,,,,,,,,,,,,,,,,,,,,,,,,,,,,,,,,,,,,,,,,,,,,,,,,,,,,,,,,,,,,,,,,,,,,,,,,,,,,,,,,,,,,,,,,,,,,,,,,,,,,,,,,,,,,,,,,,,,,,,,,,,,,,,,,,,,,,,,,,,,,,,,,,,,,,,,,,,,
https://www.homeintunisia.com/fr/propri%C3%A9t%C3%A9/84346316,Opportunité d'Investissement Exceptionnelle : Ensemble Immobilier de 4 Appartements à Khezama Est,Sousse Khezama,180 250 TND,Appartement,84346316,2 pièces,80 m²,80 m²,,,,Chauffe-eau,Individuelle,Tout à l'égout,À rafraîchir,2ème étage / 2,,Vis-à-vis Rue,,,,,,,,,,35.80635,10.61376,,,,,,,,,,,,,,,,,,,,,,,,,,,,,,,,,,,,,,,,,,,,,,,,,,,,,,,,,,,,,,,,,,,,,,,,,,,,,,,,,,,,,,,,,,,,,,,,,,,,,,,,,,,,,,,,,,,,,,,,,,,,,,,,,,,,,,,,,,,,,,,,,,,,,,,,,,,,,,,,,,,,,,,,,,,,,,,,,,,,,,,,,,,,,,,,,,,,,,,,,,,,,,,,,,,,,,,,,,,,,,,,,,,,,,,,,,,,,,,,,,,,,,,,,,,,,,,,,,,,,,,,,,,,,,,,,,,,,,,,,,,,,,,,,,,,,,,,,,,,,,,,,,,,,,,,,,,,,,,,,,,,,,,,,,,,,,,,,,,,,,,,,,,,,,,,,,,,,,,,,,,,,,,,,,,,,,,,,,
https://www.homeintunisia.com/fr/propri%C3%A9t%C3%A9/84346095,Opportunité d'Investissement Exceptionnelle : Ensemble Immobilier de 4 Appartements à Khezama Est,Sousse Khezama,180 250 TND,Appartement,84346095,2 pièces,80 m²,80 m²,,,,Chauffe-eau,Individuelle,Tout à l'égout,À rafraîchir,1er étage / 2,,Vis-à-vis Rue,,,,,,,,,,35.80635,10.61376,,,,,,,,,,,,,,,,,,,,,,,,,,,,,,,,,,,,,,,,,,,,,,,,,,,,,,,,,,,,,,,,,,,,,,,,,,,,,,,,,,,,,,,,,,,,,,,,,,,,,,,,,,,,,,,,,,,,,,,,,,,,,,,,,,,,,,,,,,,,,,,,,,,,,,,,,,,,,,,,,,,,,,,,,,,,,,,,,,,,,,,,,,,,,,,,,,,,,,,,,,,,,,,,,,,,,,,,,,,,,,,,,,,,,,,,,,,,,,,,,,,,,,,,,,,,,,,,,,,,,,,,,,,,,,,,,,,,,,,,,,,,,,,,,,,,,,,,,,,,,,,,,,,,,,,,,,,,,,,,,,,,,,,,,,,,,,,,,,,,,,,,,,,,,,,,,,,,,,,,,,,,,,,,,,,,,,,,,,
https://www.homeintunisia.com/fr/propri%C3%A9t%C3%A9/84334477,À vendre – Appartement S+2 à rénover à,Sousse,120 000 TND,Appartement,84334477,3 pièces,90 m²,100 m²,Central,Electrique,Collectif,Chauffe-eau,Individuelle,Tout à l'égout,À rénover,1er,Nord-est,Aperçu Rue,,,,,,,1.0,,,35.82502,10.63764,,,,,,1.0,,1.0,,,,,1.0,,,,,,1.0,,,,,,,,,,,,,,,,,,,,,,,,,,,,,,,,,,,,,,,,,,,,,,,,,,,,,,,1.0,,,,,,,,,,,,,,,,,,,,,,,,,,,,,,,,,,,,,,,,,,,,,,,,,,,,,,,,,,,,,,,,,,,,,,,,,,,,,,,,,,,,,,,,,,,,,,,,,,,,,,,,,,,,,,,,,,,,,,,,,,,,,,,,,,,,,,,,,,,,,,,,,,,,,,,,,,,,,,,,,,,,,,,,,,,,,,,,,,,,,,,,,,,,,,,,,,,,,,,,,,,,,,,,,,,,,,,,,,,,,,,,,,,,,,,,,,,,,,,,,,,,,,,,,,,,,,,,,,,,,,,,,,,,,,,,,,,,,,,,,,,,,,,,,,,,,,,,,,,,,,,,
https://www.homeintunisia.com/fr/propri%C3%A9t%C3%A9/84334428,"Appartement S+2 à rénover à vendre – , Taffala",Sousse,120 000 TND,Appartement,84334428,3 pièces,90 m²,100 m²,Central,Electrique,Collectif,Chauffe-eau,Individuelle,Tout à l'égout,À rénover,Rez-de-chaussée,Nord-est,Aperçu Rue,,,,,,,1.0,,,35.82257,10.63238,,1.0,,,,,1.0,1.0,,,,,1.0,,,,,,1.0,,,,,,,,,,,,,,,,,,,,,,,,,,,,,,,,,,,,,,,,,,,,,,,,,,,,,,,,,,,,,,,,,,,,,,,,,,,,,,,,,,,,,,,,,,,,,,,,,,,,,,,,,,,,,,,,,,,,,,,,,,,,,,,,,,,,,,,,,,,,,,,,,,,,,,,,,,,,,,,,,,,,,,,,,,,,,,,,,,,,,,,,,,,,,,,,,,,,,,,,,,,,,,,,,,,,,,,,,,,,,,,,,,,,,,,,,,,,,,,,,,,,,,,,,,,,,,,,,,,,,,,,,,,,,,,,,,,,,,,,,,,,,,,,,,,,,,,,,,,,,,,,,,,,,,,,,,,,,,,,,,,,,,,,,,,,,,,,,,,,,,,,,,,,,,,,,,,,,,,
https://www.homeintunisia.com/fr/propri%C3%A9t%C3%A9/84278486,À Vendre : Appartement S+2 à  2,Sahloul,340 000 TND,Appartement,84278486,3 pièces,130 m²,,,,Collectif,Chaudière,Individuelle,Tout à l'égout,Neuf,1er,,Dégagée,,,,,,1.0,1.0,,,35.8416,10.59048,,,1.0,,1.0,1.0,,,,1.0,,,1.0,1.0,,,,,,1.0,,,,,,,,,,,1.0,1.0,1.0,,,,,,,,,,,,,,,,,,,,,,,,,1.0,,,,,,,,,,,,,,,1.0,,,,,,,,,,,,,,,,,,,,,,,,,,,,,,,,,,,,,,,,,,,,,,,,,,,,,,,,,,,,,,,,,,,,,,,,,,,,,,,,,,,,,,,,,,,,,,,,,,,,,,,,,,,,,,,,,,,,,,,,,,,,,,,,,,,,,,,,,,,,,,,,,,,,,,,,,,,,,,,,,,,,,,,,,,,,,,,,,,,,,,,,,,,,,,,,,,,,,,,,,,,,,,,,,,,,,,,,,,,,,,,,,,,,,,,,,,,,,,,,,,,,,,,,,,,,,,,,,,,,,,,,,,,,,,,,,,,,,,,,,,,,,,,,,,,,,,,,,,,,,,,,,
https://www.homeintunisia.com/fr/propri%C3%A9t%C3%A9/84242678,"Appartement S+3 avec Ascenseur, Quartier Animé",Sousse Khezama,350 000 TND,Appartement,84242678,4 pièces,95 m²,110 m²,Central,Gaz,Individuel,Chaudière,Individuelle,Tout à l'égout,Excellent état,5ème étage / 6,Nord-ouest,Dégagée Rue,,,,,,,,,,35.84383,10.59909,,,1.0,,,1.0,1.0,,,1.0,,,,,,,,,1.0,,,1.0,,,1.0,,,,,,,,,,,,,,,,,,,,,,,,,,,,,,,,,,,,,,,,,,,,,,,,1.0,,,,,,1.0,,,,,,,,,,,,,,,,,,,,,,,,,,,,,,,,,,,,,,,,,,,,,,,,,,,,,,,,,,,,,,,,,,,,,,,,,,,,,,,,,,,,,,,,,,,,,,,,,,,,,,,,,,,,,,,,,,,,,,,,,,,,,,,,,,,,,,,,,,,,,,,,,,,,,,,,,,,,,,,,,,,,,,,,,,,,,,,,,,,,,,,,,,,,,,,,,,,,,,,,,,,,,,,,,,,,,,,,,,,,,,,,,,,,,,,,,,,,,,,,,,,,,,,,,,,,,,,,,,,,,,,,,,,,,,,,,,,,,,,,,,,,,,,,,,,,,,,,,,,
https://www.homeintunisia.com/fr/propri%C3%A9t%C3%A9/84224892,Opportunité d'Investissement : Appartement S+3 à,Hammam Sousse,220 000 TND,Appartement,84224892,4 pièces,,190 m²,Central,Gaz,,Chaudière,Individuelle,Tout à l'égout,Bon état,1er étage / 4,Nord-est,Vis-à-vis Rue,,,,,,,1.0,,,35.88358,10.58791,,,1.0,,,,,1.0,,,,,,,,,,,,1.0,,,,,,,,,,,,,,,,,,,,,,,,,,,,,,,,,,,,,,,,,,,,,,,,,,,,,,,,,,,,,,,,,,,,,,,,,,,,,,,,,,,,,,,,,,,,,,,,,,,,,,,,,,,,,,,,,,,,,,,,,,,,,,,,,,,,,,,,,,,,,,,,,,,,,,,,,,,,,,,,,,,,,,,,,,,,,,,,,,,,,,,,,,,,,,,,,,,,,,,,,,,,,,,,,,,,,,,,,,,,,,,,,,,,,,,,,,,,,,,,,,,,,,,,,,,,,,,,,,,,,,,,,,,,,,,,,,,,,,,,,,,,,,,,,,,,,,,,,,,,,,,,,,,,,,,,,,,,,,,,,,,,,,,,,,,,,,,,,,,,,,,,,,,,,,,,,,,,,,
https://www.homeintunisia.com/fr/propri%C3%A9t%C3%A9/84198233,vente appartement S+2 à Sousse Panorama,Sousse Corniche,335 000 TND,Appartement,84198233,3 pièces,134 m²,134 m²,"Radiateur, Climatisation, Central",,Collectif,Chaudière,Individuelle,Tout à l'égout,Neuf,4ème,"Nord-est, Nord-ouest",Dégagée Ciel,,,,,,1.0,1.0,,,35.83987,10.62683,,1.0,1.0,,1.0,,1.0,,,1.0,,,1.0,,1.0,,,1.0,1.0,1.0,,,,,,,,1.0,,,,,1.0,,,,,,,,,,,1.0,,,,,,,,,,,,,,1.0,,1.0,,,,,,,,,,,,,1.0,1.0,,,,,1.0,,,,,,,,,,,,,,,,,,,,,,,,,,,,,,,,,,,,,,,,,,,,,,,,,,,,,,,,,,,,,,,,,,,,,,,,,,,,,,,,,,,,,,,,,,,,,,,,,,,,,,,,,,,,,,,,,,,,,,,,,,,,,,,,,,,,,,,,,,,,,,,,,,,,,,,,,,,,,,,,,,,,,,,,,,,,,,,,,,,,,,,,,,,,,,,,,,,,,,,,,,,,,,,,,,,,,,,,,,,,,,,,,,,,,,,,,,,,,,,,,,,,,,,,,,,,,,,,,,,,,,,,,,,,,,,,,,,,,,,,,,,,,,,,,,,,,,,,,,,
https://www.homeintunisia.com/fr/propri%C3%A9t%C3%A9/84198196,Vente appartement S+3 à Sousse Panorama,Sousse Corniche,380 000 TND,Appartement,84198196,4 pièces,154 m²,154 m²,"Radiateur, Climatisation, Central",Electrique,Collectif,Chaudière,Individuelle,Tout à l'égout,Neuf,4ème,Nord-est,Dégagée Ciel,,,,,,1.0,1.0,,,35.83586,10.6305,,1.0,1.0,,1.0,1.0,1.0,,,1.0,,,1.0,,1.0,,,1.0,1.0,1.0,,,,,,,,1.0,1.0,,,,1.0,,,,,,,,,,,1.0,,,,,,,,,,,,,,1.0,,1.0,,,,,,,,,,,,,1.0,,,,,,1.0,,,,,,,,,,,,,,,,,,,,,,,,,,,,,,,,,,,,,,,,,,,,,,,,,,,,,,,,,,,,,,,,,,,,,,,,,,,,,,,,,,,,,,,,,,,,,,,,,,,,,,,,,,,,,,,,,,,,,,,,,,,,,,,,,,,,,,,,,,,,,,,,,,,,,,,,,,,,,,,,,,,,,,,,,,,,,,,,,,,,,,,,,,,,,,,,,,,,,,,,,,,,,,,,,,,,,,,,,,,,,,,,,,,,,,,,,,,,,,,,,,,,,,,,,,,,,,,,,,,,,,,,,,,,,,,,,,,,,,,,,,,,,,,,,,,,,,,,,,,
https://www.homeintunisia.com/fr/propri%C3%A9t%C3%A9/84198173,Vente Appartement S+1 à Sousse Panorama,Sousse Corniche,225 000 TND,Appartement,84198173,2 pièces,85 m²,85 m²,"Radiateur, Climatisation, Central",Electrique,Collectif,Chaudière,Individuelle,,Neuf,2ème,Nord-est,Dégagée Ciel,,,,,,1.0,1.0,,,35.83828,10.63477,,1.0,,,,1.0,1.0,,,1.0,,,1.0,,1.0,,,1.0,1.0,1.0,,,,,,,,1.0,1.0,,,,1.0,,,,,,,,,,,1.0,,,,,,,,,,,,,,1.0,,1.0,,,,,,,,,,,,,1.0,,,,,,,,,,,,,,,,,,,,,,,,,,,,,,,,,,,,,,,,,,,,,,,,,,,,,,,,,,,,,,,,,,,,,,,,,,,,,,,,,,,,,,,,,,,,,,,,,,,,,,,,,,,,,,,,,,,,,,,,,,,,,,,,,,,,,,,,,,,,,,,,,,,,,,,,,,,,,,,,,,,,,,,,,,,,,,,,,,,,,,,,,,,,,,,,,,,,,,,,,,,,,,,,,,,,,,,,,,,,,,,,,,,,,,,,,,,,,,,,,,,,,,,,,,,,,,,,,,,,,,,,,,,,,,,,,,,,,,,,,,,,,,,,,,,,,,,,,,,,,,,,,
https://www.homeintunisia.com/fr/propri%C3%A9t%C3%A9/84198139,vente appartement S+1 à Sousse Panorama,Sousse Corniche,210 000 TND,Appartement,84198139,2 pièces,85 m²,85 m²,"Radiateur, Climatisation, Central",Electrique,Collectif,Chaudière,Individuelle,Tout à l'égout,Neuf,3ème,"Nord-est, Nord-ouest",Dégagée Ciel,,,,,,1.0,1.0,,,35.83724,10.63379,,1.0,1.0,,1.0,1.0,1.0,,,1.0,,,1.0,,1.0,,,,1.0,1.0,,,,,,,,1.0,,,,,1.0,,,,,,,,,,,1.0,,,,,,,,,,,,,,1.0,,1.0,,,,,,,,,,,,,1.0,1.0,,,,,1.0,,,,,,,,,,,,,,,,,,,,,,,,,,,,,,,,,,,,,,,,,,,,,,,,,,,,,,,,,,,,,,,,,,,,,,,,,,,,,,,,,,,,,,,,,,,,,,,,,,,,,,,,,,,,,,,,,,,,,,,,,,,,,,,,,,,,,,,,,,,,,,,,,,,,,,,,,,,,,,,,,,,,,,,,,,,,,,,,,,,,,,,,,,,,,,,,,,,,,,,,,,,,,,,,,,,,,,,,,,,,,,,,,,,,,,,,,,,,,,,,,,,,,,,,,,,,,,,,,,,,,,,,,,,,,,,,,,,,,,,,,,,,,,,,,,,,,,,,,,,
https://www.homeintunisia.com/fr/propri%C3%A9t%C3%A9/84170958,Charmant Duplex Traditionnel au Cœur de la Médina de,Sousse,280 000 TND,Appartement,84170958,5 pièces,250 m²,320 m²,Sans chauffage,Electrique,Individuel,,Individuelle,Station d'épuration,Bon état,1er,Ouest,Dégagée Mer Ville,,,,,,,1.0,,,35.82485,10.63263,,,1.0,,,,,,,,,,1.0,,,,,,,,,,,,,,,,,,,,,,,,,,,,,,,,,,,,,,,,,,,,,,,,,,,,,,,,,,,,,,,,,,,,,,,,,,,,,,,,,,,,,,,,,,,,,,,,,,,,,,,,,,,,,,,,,,,,,,,,,,,,,,,,,,,,,,,,,,,,,,,,,,,,,,,,,,,,,,,,,,,,,,,,,,,,,,,,,,,,,,,,,,,,,,,,,,,,,,,,,,,,,,,,,,,,,,,,,,,,,,,,,,,,,,,,,,,,,,,,,,,,,,,,,,,,,,,,,,,,,,,,,,,,,,,,,,,,,,,,,,,,,,,,,,,,,,,,,,,,,,,,,,,,,,,,,,,,,,,,,,,,,,,,,,,,,,,,,,,,,,,,,,,,,,,,,,,,,,,,,,,,,
https://www.homeintunisia.com/fr/propri%C3%A9t%C3%A9/84167782,A vendre Appartement,Tantana,335 000 TND,Appartement,84167782,,110 m²,,Central,,Collectif,,Individuelle,,Bon état,2ème,Nord-est,Dégagée,,,,,,,,,,35.94312,10.52022,,1.0,1.0,,1.0,1.0,1.0,1.0,,1.0,,,,,,,,1.0,1.0,1.0,,,,,,,,,,,,,,,,,,,,,,,,,,,,,,,,,,1.0,,,,,,,,,,,,,,,,,,,,,,,,,1.0,,,,,,,,,,,,,,,,,,,,,,,,,,,,,,,,,,,,,,,,,,,,,,,,,,,,,,,,,,,,,,,,,,,,,,,,,,,,,,,,,,,,,,,,,,,,,,,,,,,,,,,,,,,,,,,,,,,,,,,,,,,,,,,,,,,,,,,,,,,,,,,,,,,,,,,,,,,,,,,,,,,,,,,,,,,,,,,,,,,,,,,,,,,,,,,,,,,,,,,,,,,,,,,,,,,,,,,,,,,,,,,,,,,,,,,,,,,,,,,,,,,,,,,,,,,,,,,,,,,,,,,,,,,,,,,,,,,,,,,,,,,,,,,,,,,,,,,,,,,
https://www.homeintunisia.com/fr/propri%C3%A9t%C3%A9/84116192,À Vendre : Appartement S+3 à  Panorama,Sousse,560 000 TND,Appartement,84116192,4 pièces,224 m²,,"Radiateur, Climatisation",Eau chaude,Collectif,Chaudière,Individuelle,Tout à l'égout,Bon état,4ème étage / 5,,Dégagée,,,,,,1.0,,,,35.82047,10.6357,,,1.0,,,,,,,1.0,,,1.0,,1.0,,,,,1.0,,,,,,,,,1.0,,1.0,,1.0,,,,,,,,,,,,,,,,,,,,,,,,,,,,,,,,,,,,,,,,,,,,,,,,,,,,,,,,,,,,,,,,,,,,,,,,,,,,,,,,,,,,,,,,,,,,,,,,,,,,,,,,,,,,,,,,,,,,,,,,,,,,,,,,,,,,,,,,,,,,,,,,,,,,,,,,,,,,,,,,,,,,,,,,,,,,,,,,,,,,,,,,,,,,,,,,,,,,,,,,,,,,,,,,,,,,,,,,,,,,,,,,,,,,,,,,,,,,,,,,,,,,,,,,,,,,,,,,,,,,,,,,,,,,,,,,,,,,,,,,,,,,,,,,,,,,,,,,,,,,,,,,,,,,,,,,,,,,,,,,,,,,,,,,,,,,,,,,,,,,,,,,,
https://www.homeintunisia.com/fr/propri%C3%A9t%C3%A9/84115795,À Vendre : Appartement S+3 à  Panorama,Sousse,395 000 TND,Appartement,84115795,4 pièces,213 m²,,"Radiateur, Climatisation",Eau chaude,Individuel,Chaudière,Individuelle,Tout à l'égout,Bon état,1er étage / 5,,Dégagée,,,,,,1.0,1.0,,,35.82434,10.63134,,,1.0,,,,,,,1.0,,,,,1.0,,,,,1.0,,,,,,,,,1.0,,1.0,1.0,1.0,,,,,,,,,,,,,,,,,,,,,,,,,,,,,,,,,,,,,,,,,,,,,,1.0,,,,,,,,,,,,,,,,,,,,,,,,,,,,,,,,,,,,,,,,,,,,,,,,,,,,,,,,,,,,,,,,,,,,,,,,,,,,,,,,,,,,,,,,,,,,,,,,,,,,,,,,,,,,,,,,,,,,,,,,,,,,,,,,,,,,,,,,,,,,,,,,,,,,,,,,,,,,,,,,,,,,,,,,,,,,,,,,,,,,,,,,,,,,,,,,,,,,,,,,,,,,,,,,,,,,,,,,,,,,,,,,,,,,,,,,,,,,,,,,,,,,,,,,,,,,,,,,,,,,,,,,,,,,,,,,,,,,,,,,,,,,,,,,,,,,,,,,,,,
https://www.homeintunisia.com/fr/propri%C3%A9t%C3%A9/84115530,À Vendre : Appartement S+2 à  Panorama,Sousse,335 000 TND,Appartement,84115530,3 pièces,134 m²,,"Radiateur, Climatisation",Eau chaude,Individuel,Chaudière,Individuelle,Tout à l'égout,Bon état,2ème étage / 5,,Dégagée,,,,,,1.0,1.0,,,35.82276,10.6321,,,1.0,,1.0,1.0,,,,1.0,,,,,1.0,,,,,1.0,,,,,,,,,,,1.0,1.0,1.0,,,,,,,,,,,,,,,,,,,,,,,,,,,,,,,,,,,,,,,,,,,,,,1.0,,,,,,,,,,,,,,,,,,,,,,,,,,,,,,,,,,,,,,,,,,,,,,,,,,,,,,,,,,,,,,,,,,,,,,,,,,,,,,,,,,,,,,,,,,,,,,,,,,,,,,,,,,,,,,,,,,,,,,,,,,,,,,,,,,,,,,,,,,,,,,,,,,,,,,,,,,,,,,,,,,,,,,,,,,,,,,,,,,,,,,,,,,,,,,,,,,,,,,,,,,,,,,,,,,,,,,,,,,,,,,,,,,,,,,,,,,,,,,,,,,,,,,,,,,,,,,,,,,,,,,,,,,,,,,,,,,,,,,,,,,,,,,,,,,,,,,,,,,,
https://www.homeintunisia.com/fr/propri%C3%A9t%C3%A9/84115277,À Vendre : Appartement S+1 à  Panorama,Sousse,200 000 TND,Appartement,84115277,2 pièces,85 m²,,"Radiateur, Climatisation",Eau chaude,Individuel,Chaudière,Individuelle,Tout à l'égout,Bon état,1er étage / 5,,Dégagée,,,,,,1.0,1.0,,,35.82828,10.63191,,,1.0,,1.0,1.0,,,,1.0,,,,,1.0,,,,,,,,,,,,,,,,,,1.0,,,,,,,,,,,,,,,,,,,,,,,,,,,,,,,,,,,,,,,,,,,,,,,,,,,,,,,,,,,,,,,,,,,,,,,,,,,,,,,,,,,,,,,,,,,,,,,,,,,,,,,,,,,,,,,,,,,,,,,,,,,,,,,,,,,,,,,,,,,,,,,,,,,,,,,,,,,,,,,,,,,,,,,,,,,,,,,,,,,,,,,,,,,,,,,,,,,,,,,,,,,,,,,,,,,,,,,,,,,,,,,,,,,,,,,,,,,,,,,,,,,,,,,,,,,,,,,,,,,,,,,,,,,,,,,,,,,,,,,,,,,,,,,,,,,,,,,,,,,,,,,,,,,,,,,,,,,,,,,,,,,,,,,,,,,,,,,,,,,,,,,,,
https://www.homeintunisia.com/fr/propri%C3%A9t%C3%A9/84090509,Appartement S+2 RDC,Gammarth,927 000 TND,Appartement,84090509,3 pièces,105 m²,125 m²,Climatisation,,Collectif,Chaudière,Individuelle,Tout à l'égout,Neuf,Rez-de-chaussée / 2 étages,,Panoramique,,,,,,1.0,1.0,,,36.91496,10.28564,,,1.0,,,1.0,,,,1.0,,,1.0,,1.0,,,,,1.0,,,,,,,,1.0,,,1.0,,,,,,,,,,,,,,,,,,,,,1.0,1.0,,,,1.0,,1.0,1.0,,,,,,,,,,,,,,,,,,,1.0,1.0,,,,,,,,,,,,,,,,,,,,,,,,,,,,,,,,,,,,,,,,,,,,,,,,,,,,,,,,,,,,,,,,,,,,,,,,,,,,,,,,,,,,,,,,,,,,,,,,,,,,,,,,,,,,,,,,,,,,,,,,,,,,,,,,,,,,,,,,,,,,,,,,,,,,,,,,,,,,,,,,,,,,,,,,,,,,,,,,,,,,,,,,,,,,,,,,,,,,,,,,,,,,,,,,,,,,,,,,,,,,,,,,,,,,,,,,,,,,,,,,,,,,,,,,,,,,,,,,,,,,,,,,,,,,,,,,,,,,,,,,,,,,,,,,,,,,,,,,,,
https://www.homeintunisia.com/fr/propri%C3%A9t%C3%A9/84090423,Appartement S + 1 RDC Cap,Gammarth,600 000 TND,Appartement,84090423,2 pièces,70 m²,81 m²,Climatisation,,Collectif,Chaudière,Individuelle,Tout à l'égout,Neuf,Rez-de-chaussée,,Panoramique,,,,,,1.0,1.0,,,36.91678,10.2882,,,1.0,,,1.0,,,,1.0,,,1.0,1.0,,,,,,1.0,,,,,,,,1.0,,,,,,,,,,,,,,,,,,,,,,,,1.0,,1.0,,,1.0,1.0,,1.0,,,,,,,,,,,,,,,,,,,1.0,1.0,,,,,,,,,,,,,,,,,,,,,,,,,,,,,,,,,,,,,,,,,,,,,,,,,,,,,,,,,,,,,,,,,,,,,,,,,,,,,,,,,,,,,,,,,,,,,,,,,,,,,,,,,,,,,,,,,,,,,,,,,,,,,,,,,,,,,,,,,,,,,,,,,,,,,,,,,,,,,,,,,,,,,,,,,,,,,,,,,,,,,,,,,,,,,,,,,,,,,,,,,,,,,,,,,,,,,,,,,,,,,,,,,,,,,,,,,,,,,,,,,,,,,,,,,,,,,,,,,,,,,,,,,,,,,,,,,,,,,,,,,,,,,,,,,,,,,,,,,,
https://www.homeintunisia.com/fr/propri%C3%A9t%C3%A9/84090077,Appartement S + 2 Cap,Gammarth,875 500 TND,Appartement,84090077,3 pièces,105 m²,125 m²,Climatisation,,Collectif,Chaudière,Individuelle,Tout à l'égout,Excellent état,Rez-de-jardin,,Panoramique,,,,,,1.0,1.0,,,36.91876,10.28057,,,1.0,,1.0,,,,,1.0,,,1.0,,,,,,,1.0,,,,,,,,1.0,,,1.0,,,,,,,,,,,,,,,,,,,,,,,,,,,1.0,1.0,1.0,,,,,,,,,,,,,,,,,,,,1.0,,,,,,,,,,,,,,,,,,,,,,,,,,,,,,,,,,,,,,,,,,,,,,,,,,,,,,,,,,,,,,,,,,,,,,,,,,,,,,,,,,,,,,,,,,,,,,,,,,,,,,,,,,,,,,,,,,,,,,,,,,,,,,,,,,,,,,,,,,,,,,,,,,,,,,,,,,,,,,,,,,,,,,,,,,,,,,,,,,,,,,,,,,,,,,,,,,,,,,,,,,,,,,,,,,,,,,,,,,,,,,,,,,,,,,,,,,,,,,,,,,,,,,,,,,,,,,,,,,,,,,,,,,,,,,,,,,,,,,,,,,,,,,,,,,,,,,,,,,
https://www.homeintunisia.com/fr/propri%C3%A9t%C3%A9/84089141,Appartement S+1 Cap,Gammarth,550 000 TND,Appartement,84089141,2 pièces,69 m²,81 m²,Climatisation,,Collectif,Chaudière,Individuelle,Tout à l'égout,Neuf,Rez-de-jardin,,Panoramique,,,,,,1.0,1.0,,,36.92071,10.28592,,,1.0,,,,1.0,,,1.0,,,1.0,1.0,1.0,,,,,1.0,,,,,,,,1.0,,,,,1.0,,,,,,,,,,,,,,,,,,,,,,,,1.0,1.0,1.0,,,,,,,,,,,,,,,,,,,,1.0,1.0,,,,,,,,,,,,,,,,,,,,,,,,,,,,,,,,,,,,,,,,,,,,,,,,,,,,,,,,,,,,,,,,,,,,,,,,,,,,,,,,,,,,,,,,,,,,,,,,,,,,,,,,,,,,,,,,,,,,,,,,,,,,,,,,,,,,,,,,,,,,,,,,,,,,,,,,,,,,,,,,,,,,,,,,,,,,,,,,,,,,,,,,,,,,,,,,,,,,,,,,,,,,,,,,,,,,,,,,,,,,,,,,,,,,,,,,,,,,,,,,,,,,,,,,,,,,,,,,,,,,,,,,,,,,,,,,,,,,,,,,,,,,,,,,,,,,,,,,,,
https://www.homeintunisia.com/fr/propri%C3%A9t%C3%A9/84021472,Vente Appartement,Sahloul,458 350 TND,Appartement,84021472,4 pièces,152 m²,,Central,Electrique,Collectif,Chaudière,Individuelle,Fosse septique,Neuf,6ème étage / 10,Ouest,Dégagée,,,,,,,1.0,,,35.83046,10.59166,,,1.0,,,1.0,1.0,,,1.0,,,1.0,1.0,1.0,,,1.0,1.0,1.0,,,,,,,1.0,,,,,,,,,,,,,,,,,,,1.0,,,,,,,1.0,,,,1.0,1.0,,,,1.0,1.0,,,,,,,,,,1.0,,,,,,1.0,,1.0,,,,,,,,,,,,,,,,,,,,,,,,,,,,,,,,,,,,,,,,,,,,,,,,,,,,,,,,,,,,,,,,,,,,,,,,,,,,,,,,,,,,,,,,,,,,,,,,,,,,,,,,,,,,,,,,,,,,,,,,,,,,,,,,,,,,,,,,,,,,,,,,,,,,,,,,,,,,,,,,,,,,,,,,,,,,,,,,,,,,,,,,,,,,,,,,,,,,,,,,,,,,,,,,,,,,,,,,,,,,,,,,,,,,,,,,,,,,,,,,,,,,,,,,,,,,,,,,,,,,,,,,,,,,,,,,,,,,,,,,,,,,,,,,,,,,,,,,,
https://www.homeintunisia.com/fr/propri%C3%A9t%C3%A9/84013003,Vente Appartement,Gammarth,946 570 TND,Appartement,84013003,4 pièces,172.1 m²,,Central,,Collectif,,Individuelle,Tout à l'égout,Neuf,Rez-de-chaussée,,Dégagée,,,,,,1.0,1.0,1.0,,36.91987,10.28244,,,1.0,,1.0,1.0,1.0,,,1.0,1.0,1.0,1.0,,1.0,,,,1.0,1.0,,,,,,,1.0,1.0,,,1.0,1.0,1.0,,,,,,,,,,,1.0,,,,,,,,1.0,,1.0,,,1.0,1.0,1.0,,,,,,,,,,,,,,1.0,1.0,,,,,1.0,,,,,,,,,,,,,1.0,1.0,,,,,,,,,,,,,,,,,,,,,,,,,,,,,,,,,,,,,,,,,,,,,,,,,,,,,,,,,,,,,,,,,,,,,,,,,,,,,,,,,,,,,,,,,,,,,,,,,,,,,,,,,,,,,,,,,,,,,,,,,,1,,,,,,,,,,,,,,,,,,,,,,,,,,,,,,,,,,,,,,,,,,,,,,,,,,,,,,,,,,,,,,,,,,,,,,,,,,,,,,,,,,,,,,,,,,,,,,,,,,,,,,,,,,,,,,,,,,,,,,,,,,,,,,,,,,,,,,,,,,,,,,,,,,,,,,,,,,,,,,,,,,,
https://www.homeintunisia.com/fr/propri%C3%A9t%C3%A9/84012983,un S+3 en cours de construction pour la vente à gammarth,Gammarth,912 580 TND,Appartement,84012983,4 pièces,,188.9 m²,Central,,Collectif,,Individuelle,Tout à l'égout,Neuf,2ème,,Dégagée,,,,,,1.0,1.0,1.0,,36.9186,10.28234,,,1.0,,1.0,1.0,1.0,,,1.0,,1.0,1.0,,1.0,,,,1.0,1.0,,,,,,,1.0,1.0,,,1.0,1.0,1.0,,,,,,,,,,,1.0,,,,,,,,1.0,,1.0,,,1.0,1.0,1.0,,,,,,,,,,,,,,1.0,1.0,,,,,1.0,,,,,,,,,,,,,1.0,1.0,,,,,,,,,,,,,,,,,,,,,,,,,,,,,,,,,,,,,,,,,,,,,,,,,,,,,,,,,,,,,,,,,,,,,,,,,,,,,,,,,,,,,,,,,,,,,,,,,,,,,,,,,,,,,,,,,,,,,,,,,,,,,,,,,,,,,,,,,,,,,,,,,,,,,,,,,,,,,,,,,,,,,,,,,,,,,,,,,,,,,,,,,,,,,,,,,,,,,,,,,,,,,,,,,,,,,,,,,,,,,,,,,,,,,,,,,,,,,,,,,,,,,,,,,,,,,,,,,,,,,,,,,,,,,,,,,,,,,,,,,,,,,
https://www.homeintunisia.com/fr/propri%C3%A9t%C3%A9/84012951,A vendre un S+4 en cours de construction à gammarth,Gammarth,1 245 270 TND,Appartement,84012951,5 pièces,,222.4 m²,Central,,Collectif,,Individuelle,Tout à l'égout,Neuf,2ème,Nord,Dégagée Lac,,,,,,1.0,1.0,1.0,,36.9175,10.27995,,,1.0,,1.0,1.0,1.0,,,1.0,1.0,1.0,1.0,,1.0,,,,1.0,1.0,,,,,,,1.0,1.0,,,1.0,1.0,1.0,,,,,,,,,,,1.0,,,,,,,,1.0,,1.0,,,1.0,1.0,1.0,,,,,,,,,,,,,,1.0,1.0,,,,,1.0,,,,,,,,,,,,,1.0,1.0,,,,,,,,,,,,,,,,,,,,,,,,,,,,,,,,,,,,,,,,,,,,,,,,,,,,,,,,,,,,,,,,,,,,,,,,,,,,,,,,,,,,,,,,,,,,,,,,,,,,,,,,,,,,,,,,,,,,,,,,,,,,,,,,,,,,,,,,,,,,,,,,,,,,,,,,,,,,,,,,,,,,,,,,,,,,,,,,,,,,,,,,,,,,,,,,,,,,,,,,,,,,,,,,,,,,,,,,,,,,,,,,,,,,,,,,,,,,,,,,,,,,,,,,,,,,,,,,,,,,,,,,,,,,,,,,,,,,,,,,,,,,,
https://www.homeintunisia.com/fr/propri%C3%A9t%C3%A9/84012902,A vendre un S+3 en cours de construction à gammarth,Gammarth,912 580 TND,Appartement,84012902,4 pièces,190.1 m²,190.1 m²,Central,"Gaz, Electrique",Individuel,Chaudière,Individuelle,Tout à l'égout,Neuf,2ème étage / 2,Nord-ouest,Dégagée Mer Lac,,,,,,1.0,1.0,1.0,,36.91726,10.28864,,,1.0,,1.0,1.0,1.0,,,1.0,1.0,1.0,1.0,,1.0,,,,1.0,1.0,,,,,,,1.0,1.0,,,1.0,1.0,1.0,,,,,,,,,,,1.0,,,,,,,,1.0,,1.0,,,1.0,1.0,1.0,,,,,,,,,,,,,,1.0,1.0,,,,,1.0,,,,,,,,,,,,,1.0,1.0,,,,,,,,,,,,,,,,,,,,,,,,,,,,,,,,,,,,,,,,,,,,,,,,,,,,,,,,,,,,,,,,,,,,,,,,,,,,,,,,,,,,,,,,,,,,,,,,,,,,,,,,,,,,,,,,,,,,,,,,,,,,,,,,,,,,,,,,,,,,,,,,,,,,,,,,,,,,,,,,,,,,,,,,,,,,,,,,,,,,,,,,,,,,,,,,,,,,,,,,,,,,,,,,,,,,,,,,,,,,,,,,,,,,,,,,,,,,,,,,,,,,,,,,,,,,,,,,,,,,,,,,,,,,,,,,,,,,,,,,,,,,,
https://www.homeintunisia.com/fr/propri%C3%A9t%C3%A9/83999908,Appartement S+1 en vente - Direct promoteur,Sahloul,244 800 TND,Appartement,83999908,2 pièces,60 m²,,"Climatisation, Central",Eau chaude,Individuel,Chaudière,Individuelle,,Neuf,7ème,Nord-est,Panoramique Ciel Rue,,,,,,1.0,1.0,,,35.82955,10.60712,,,1.0,,,,1.0,,,1.0,,,,,,,,,1.0,1.0,,,,,,,,1.0,,,,,,,,,,,,,,,,1.0,,,,,,,,,,1.0,,,1.0,1.0,,,,,,,,,,,,,,,,,,,,,1.0,,,,,,,,,,,,,,,,,,,,,,,,,,,,,,,,,,,,,,,,,,,,,,,,,,,,,,,,,,,,,,,,,,,,,,,,,,,,,,,,,,,,,,,,,,,,,,,,,,,,,,,,,,,,,,,,,,,,,,,,,,,,,,,,,,,,,,,,,,,,,,,,,,,,,,,,,,,,,,,,,,,,,,,,,,,,,,,,,,,,,,,,,,,,,,,,,,,,,,,,,,,,,,,,,,,,,,,,,,,,,,,,,,,,,,,,,,,,,,,,,,,,,,,,,,,,,,,,,,,,,,,,,,,,,,,,,,,,,,,,,,,,,,,,,,,,,,,,,,,
https://www.homeintunisia.com/fr/propri%C3%A9t%C3%A9/83973604,A Vendre un appartement s+3 au rez de chaussée,Tantana,647 460 TND,Appartement,83973604,4 pièces,,119.9 m²,Central,Eau chaude,Collectif,Chaudière,Collective,,Neuf,Rez-de-chaussée / 5 étages,,Dégagée,,,,,,1.0,1.0,,,35.92184,10.57846,,,,,1.0,1.0,1.0,,,1.0,1.0,,1.0,1.0,,,,1.0,,1.0,,,,,,,1.0,1.0,1.0,,,,,,,,,,,,,,,,,,,,,,,,,,,,1.0,1.0,1.0,,,,,,,,,,,,,,1.0,,,,,,1.0,1.0,1.0,,,,,,,,,,,,,,,,,,,,,,,,,,,,,,,,,,,,,,,,,,,,,,,,,,,,,,,,,,,,,,,,,,,,,,,,,,,,,,,,,,,,,,,,,,,,,,,,,,,,,,,,,,,,,,,,,,,,,,,,,,,,,,,,,,,,,,,,,,,,,,,,,,,,,,,,,,,,,,,,,,,,,,,,,,,,,,,,,,,,,,,,,,,,,,,,,,,,,,,,,,,,,,,,,,,,,,,,,,,,,,,,,,,,,,,,,,,,,,,,,,,,,,,,,,,,,,,,,,,,,,,,,,,,,,,,,,,,,,,,,,,,,,,,,,,,,,,,,
https://www.homeintunisia.com/fr/propri%C3%A9t%C3%A9/83973486,A Vendre un appartement s+3 au rez de jardin,Tantana,623 052 TND,Appartement,83973486,4 pièces,,115.38 m²,Central,Eau chaude,Collectif,Chaudière,Collective,,,Rez-de-jardin / 4 étages,,Panoramique,,,,,,1.0,1.0,1.0,,35.92151,10.57862,,,,,1.0,1.0,1.0,,,1.0,,,1.0,1.0,,,,1.0,,1.0,,,,,,,,1.0,1.0,,,,,,,,,,,,,,,,,,,,,,,,,,,,,1.0,1.0,,,,,,,,,,,,,,1.0,,,,,,1.0,1.0,1.0,,,,,,,,,,,,,,,,,,,,,,,,,,,,,,,,,,,,,,,,,,,,,,,,,,,,,,,,,,,,,,,,,,,,,,,,,,,,,,,,,,,,,,,,,,,,,,,,,,,,,,,,,,,,,,,,,,,,,,,,,,,,,,,,,,,,,,,,,,,,,,,,,,,,,,,,,,,,,,,,,,,,,,,,,,,,,,,,,,,,,,,,,,,,,,,,,,,,,,,,,,,,,,,,,,,,,,,,,,,,,,,,,,,,,,,,,,,,,,,,,,,,,,,,,,,,,,,,,,,,,,,,,,,,,,,,,,,,,,,,,,,,,,,,,,,,,,,,,
https://www.homeintunisia.com/fr/propri%C3%A9t%C3%A9/83972821,A Vendre un appartement s+3 au rez de jardin,Tantana,581 256 TND,Appartement,83972821,4 pièces,,107.64 m²,Central,Eau chaude,Collectif,Chaudière,Collective,,Neuf,Rez-de-jardin / 5 étages,,Dégagée,,,,,,1.0,1.0,1.0,,35.92033,10.57818,,,,,1.0,1.0,1.0,,,1.0,1.0,,1.0,1.0,,,,1.0,,1.0,,,,,,,,1.0,,,,,,,,,,,,,,,,,,,,,,,,,,,,,1.0,,1.0,,,,,,,,,,,,,,1.0,,,,,,1.0,1.0,1.0,,,,,,,,,,,,,,,,,,,,,,,,,,,,,,,,,,,,,,,,,,,,,,,,,,,,,,,,,,,,,,,,,,,,,,,,,,,,,,,,,,,,,,,,,,,,,,,,,,,,,,,,,,,,,,,,,,,,,,,,,,,,,,,,,,,,,,,,,,,,,,,,,,,,,,,,,,,,,,,,,,,,,,,,,,,,,,,,,,,,,,,,,,,,,,,,,,,,,,,,,,,,,,,,,,,,,,,,,,,,,,,,,,,,,,,,,,,,,,,,,,,,,,,,,,,,,,,,,,,,,,,,,,,,,,,,,,,,,,,,,,,,,,,,,,,,,,,,,
https://www.homeintunisia.com/fr/propri%C3%A9t%C3%A9/83935111,Appartement S+2 à vendre - HERGLA,Hergla,268 000 TND,Appartement,83935111,3 pièces,88 m²,88 m²,"Radiateur, Climatisation, Central",Electrique,Collectif,Chaudière,Individuelle,Tout à l'égout,Neuf,1er,"Nord-est, Nord-ouest",Dégagée Ciel,,,,,,1.0,1.0,,,36.03366,10.50599,,1.0,1.0,,,1.0,1.0,,,1.0,,,1.0,1.0,1.0,,,1.0,1.0,1.0,,,,,,,,1.0,1.0,,,,,,,,,,,,,,,1.0,,,,,,,,,1.0,1.0,,,,1.0,,1.0,,,,,,,,,,,,,1.0,,,,,,1.0,,,,,,,,,,,,,,,,,,,,,,,,,,,,,,,,,,,,,,,,,,,,,,,,,,,,,,,,,,,,,,,,,,,,,,,,,,,,,,,,,,,,,,,,,,,,,,,,,,,,,,,,,,,,,,,,,,,,,,,,,,,,,,,,,,,,,,,,,,,,,,,,,,,,,,,,,,,,,,,,,,,,,,,,,,,,,,,,,,,,,,,,,,,,,,,,,,,,,,,,,,,,,,,,,,,,,,,,,,,,,,,,,,,,,,,,,,,,,,,,,,,,,,,,,,,,,,,,,,,,,,,,,,,,,,,,,,,,,,,,,,,,,,,,,,,,,,,,,,,
https://www.homeintunisia.com/fr/propri%C3%A9t%C3%A9/83935083,Appartement S+2 à vendre -,Hergla,298 000 TND,Appartement,83935083,3 pièces,88 m²,88 m²,"Radiateur, Climatisation, Central",Electrique,Collectif,Chaudière,Individuelle,Tout à l'égout,Neuf,1er,"Nord-est, Nord-ouest",Dégagée Ciel,,,,,,1.0,1.0,,,36.02836,10.50743,,1.0,1.0,,1.0,,1.0,,,1.0,,,1.0,1.0,1.0,,,1.0,1.0,1.0,,,,,,,,1.0,1.0,,,,1.0,,,,,,,,,,,1.0,,1.0,,,,,,,,1.0,,,,1.0,,1.0,,,,,,,,,,,,,1.0,,,,,,1.0,,,,,,,,,,,,,,,,,,,,,,,,,,,,,,,,,,,,,,,,,,,,,,,,,,,,,,,,,,,,,,,,,,,,,,,,,,,,,,,,,,,,,,,,,,,,,,,,,,,,,,,,,,,,,,,,,,,,,,,,,,,,,,,,,,,,,,,,,,,,,,,,,,,,,,,,,,,,,,,,,,,,,,,,,,,,,,,,,,,,,,,,,,,,,,,,,,,,,,,,,,,,,,,,,,,,,,,,,,,,,,,,,,,,,,,,,,,,,,,,,,,,,,,,,,,,,,,,,,,,,,,,,,,,,,,,,,,,,,,,,,,,,,,,,,,,,,,,,,,
https://www.homeintunisia.com/fr/propri%C3%A9t%C3%A9/83924407,un appartement neuf s+4 à gammarth,Gammarth,Prix sur demande,Appartement,83924407,5 pièces,,222.4 m²,Central,Electrique,Collectif,Chaudière,Collective,Tout à l'égout,Neuf,2ème,Est,Dégagée Mer Lac,,,,,,1.0,1.0,1.0,,36.91968,10.28505,,,1.0,,1.0,1.0,1.0,,,1.0,,1.0,1.0,,1.0,,,,1.0,1.0,,,,,,,1.0,1.0,,,1.0,1.0,1.0,,,,,,,,,,,1.0,,,,,,,,1.0,,1.0,,,1.0,1.0,1.0,,,,,,,,,,,,,,1.0,1.0,,,,,1.0,,,,,,,,,,,,,1.0,1.0,,,,,,,,,,,,,,,,,,,,,,,,,,,,,,,,,,,,,,,,,,,,,,,,,,,,,,,,,,,,,,,,,,,,,,,,,,,,,,,,,,,,,,,,,,,,,,,,,,,,,,,,,,,,,,,,,,,,,,,,,,,,,,,,,,,,,,,,,,,,,,,,,,,,,,,,,,,,,,,,,,,,,,,,,,,,,,,,,,,,,,,,,,,,,,,,,,,,,,,,,,,,,,,,,,,,,,,,,,,,,,,,,,,,,,,,,,,,,,,,,,,,,,,,,,,,,,,,,,,,,,,,,,,,,,,,,,,,,,,,,,,,,
https://www.homeintunisia.com/fr/propri%C3%A9t%C3%A9/83924378,A vendre un S3 luxe jamais habité à gammarth,Gammarth,Prix sur demande,Appartement,83924378,4 pièces,150 m²,179.3 m²,Central,Electrique,Collectif,Chaudière,Collective,Tout à l'égout,Neuf,1er étage / 2,,Dégagée,,,,,,1.0,1.0,1.0,,36.91911,10.28706,,,1.0,,1.0,1.0,1.0,,,1.0,,1.0,1.0,,1.0,,,,1.0,1.0,,,,,,,1.0,1.0,,1.0,1.0,1.0,1.0,,,,,,,,,,,1.0,,,,,,,,1.0,,1.0,,,1.0,1.0,1.0,1.0,,,,,,,,,,,,,1.0,1.0,,,,,1.0,1.0,,,,,,,,1.0,,,,1.0,1.0,,,,,1.0,,,,,,,,1.0,,,,,,,,,,,,,,,,,,,,,,,,,,,,,,,,,,,,,,,,,,,,,,,,,,,,,,,,,,,,,,,,,,,,,,,,,,,,,,,,,,,,,,,,,,,,,,,,,,,,,,,,,,,,,,,,,,,,,,,,,,,,,,,,,,,,,,,,,,,,,,,,,,,,,,,,,,,,,,,,,,,,,,,,,,,,,,,,,,,,,,,,,,,,,,,,,,,,,,,,,,,,,,,,,,,,,,,,,,,,,,,,,,,,,,,,,,,,,,,,,,,,,,,,,,,,,,,,,,,,,,,,,,,,,,,,
https://www.homeintunisia.com/fr/propri%C3%A9t%C3%A9/83907270,Vente Appartement S+1 Meublé à  1,Sahloul,195 000 TND,Appartement,83907270,2 pièces,40 m²,,,,,,,,Excellent état,5ème,,,,,,,,,,,,35.83774,10.59769,,,,,,,,,,,,,,,,,,,,,,,,,,,,,,,,,,,,,,,,,,,,,,,,,,,,,,,,,,,,,,,,,,,,,,,,,,,,,,,,,,,,,,,,,,,,,,,,,,,,,,,,,,,,,,,,,,,,,,,,,,,,,,,,,,,,,,,,,,,,,,,,,,,,,,,,,,,,,,,,,,,,,,,,,,,,,,,,,,,,,,,,,,,,,,,,,,,,,,,,,,,,,,,,,,,,,,,,,,,,,,,,,,,,,,,,,,,,,,,,,,,,,,,,,,,,,,,,,,,,,,,,,,,,,,,,,,,,,,,,,,,,,,,,,,,,,,,,,,,,,,,,,,,,,,,,,,,,,,,,,,,,,,,,,,,,,,,,,,,,,,,,,,,,,,,,,,,,,,,,,,,,,,,,,,,,,,,,,,
https://www.homeintunisia.com/fr/propri%C3%A9t%C3%A9/83906896,Appartement S+2 à Vendre à,Hammam Sousse,300 000 TND,Appartement,83906896,3 pièces,77 m²,,,,,,,,Bon état,3ème,Nord-est,Panoramique Ville Ciel,,,,,,,,,,35.89015,10.59237,,,,,,,,,,,,,,,,,,,,,,,,,,,,,,,,,,,,,,,,,,,,,,,,,,,,,,,,,,,,,,,,,,,,,,,,,,,,,,,,,,,,,,,,,,,,,,,,,,,,,,,,,,,,,,,,,,,,,,,,,,,,,,,,,,,,,,,,,,,,,,,,,,,,,,,,,,,,,,,,,,,,,,,,,,,,,,,,,,,,,,,,,,,,,,,,,,,,,,,,,,,,,,,,,,,,,,,,,,,,,,,,,,,,,,,,,,,,,,,,,,,,,,,,,,,,,,,,,,,,,,,,,,,,,,,,,,,,,,,,,,,,,,,,,,,,,,,,,,,,,,,,,,,,,,,,,,,,,,,,,,,,,,,,,,,,,,,,,,,,,,,,,,,,,,,,,,,,,,,,,,,,,,,,,,,,,,,,,,
https://www.homeintunisia.com/fr/propri%C3%A9t%C3%A9/83906420,A vendre un appartement Haute standing S+3 dans une résidence sécurisée,Sousse,390 000 TND,Appartement,83906420,4 pièces,85 m²,115 m²,Au sol,,Collectif,,Individuelle,Tout à l'égout,Bon état,5ème,,Dégagée,,,,,,1.0,1.0,,,35.82113,10.63533,,,,,1.0,1.0,1.0,,,1.0,,,,,1.0,,,,1.0,1.0,,,,,,,,1.0,,,,1.0,1.0,,,,,,,,,,,1.0,,,,,,,,,,,,,1.0,1.0,,,,,,,,,,,,,,,1.0,,,,,,1.0,,,,,,,,,,,,,,,,,,,,,,,,,,,,,,,,,,,,,,,,,,,,,,,,,,,,,,,,,,,,,,,,,,,,,,,,,,,,,,,,,,,,,,,,,,,,,,,,,,,,,,,,,,,,,,,,,,,,,,,,,,,,,,,,,,,,,,,,,,,,,,,,,,,,,,,,,,,,,,,,,,,,,,,,,,,,,,,,,,,,,,,,,,,,,,,,,,,,,,,,,,,,,,,,,,,,,,,,,,,,,,,,,,,,,,,,,,,,,,,,,,,,,,,,,,,,,,,,,,,,,,,,,,,,,,,,,,,,,,,,,,,,,,,,,,,,,,,,,,,
https://www.homeintunisia.com/fr/propri%C3%A9t%C3%A9/83890757,Un appartement de type S+2 pour la vente,Gammarth,Prix sur demande,Appartement,83890757,3 pièces,138.7 m²,,Central,,Collectif,Chaudière,Individuelle,Tout à l'égout,Neuf,Rez-de-chaussée,,Dégagée,,,,,,1.0,1.0,1.0,,36.91941,10.28754,,,1.0,,1.0,1.0,1.0,,,1.0,1.0,1.0,1.0,,1.0,,,,1.0,1.0,,,,,,,1.0,1.0,,,1.0,1.0,1.0,,,,,,,,,,,1.0,,,,,,,,1.0,,1.0,,,1.0,1.0,1.0,,,,,,,,,,,,,,1.0,1.0,,,,,1.0,,,,,,,,,,,,,1.0,1.0,,,,,,,,,,,,,,,,,,,,,,,,,,,,,,,,,,,,,,,,,,,,,,,,,,,,,,,,,,,,,,,,,,,,,,,,,,,,,,,,,,,,,,,,,,,,,,,,,,,,,,,,,,,,,,,,,,,,,,,,,,,,1,,,,,,,,,,,,,,,,,,,,,,,,,,,,,,,,,,,,,,,,,,,,,,,,,,,,,,,,,,,,,,,,,,,,,,,,,,,,,,,,,,,,,,,,,,,,,,,,,,,,,,,,,,,,,,,,,,,,,,,,,,,,,,,,,,,,,,,,,,,,,,,,,,,,,,,,,,,,,,,,,
https://www.homeintunisia.com/fr/propri%C3%A9t%C3%A9/83890575,Vente Appartement,Gammarth,Prix sur demande,Appartement,83890575,4 pièces,172 m²,,Central,,Collectif,Chaudière,Collective,Tout à l'égout,Neuf,Rez-de-chaussée,,Dégagée,,,,,,1.0,1.0,1.0,,36.91519,10.28393,,,1.0,,1.0,1.0,1.0,,,1.0,,1.0,1.0,,1.0,,,,1.0,1.0,,,,,,,1.0,1.0,,,1.0,1.0,1.0,,,,,,,,,,,1.0,,,,,,,,1.0,,1.0,,,1.0,1.0,1.0,,,,,,,,,,,,,,1.0,1.0,,,,,1.0,,,,,,,,,,,,,1.0,1.0,,,,,,,,,,,,,,,,,,,,,,,,,,,,,,,,,,,,,,,,,,,,,,,,,,,,,,,,,,,,,,,,,,,,,,,,,,,,,,,,,,,,,,,,,,,,,,,,,,,,,,,,,,,,,,,,,,,,,,,,,,,,,,1,,,,,,,,,,,,,,,,,,,,,,,,,,,,,,,,,,,,,,,,,,,,,,,,,,,,,,,,,,,,,,,,,,,,,,,,,,,,,,,,,,,,,,,,,,,,,,,,,,,,,,,,,,,,,,,,,,,,,,,,,,,,,,,,,,,,,,,,,,,,,,,,,,,,,,,,,,,,,,,
https://www.homeintunisia.com/fr/propri%C3%A9t%C3%A9/83886862,vente appartement S+3 à chatt Meriem,Tantana,647 800 TND,Appartement,83886862,4 pièces,164 m²,,"Radiateur, Climatisation",,,,Individuelle,Tout à l'égout,Neuf,4ème,,Dégagée,,,,,,,1.0,,,35.9225,10.57735,,,1.0,,,1.0,,,,1.0,,,1.0,,1.0,,,,,1.0,,,,,,,,,,,1.0,,1.0,,,,,,,,,,,,,,,,,,,,,,,,,,1.0,1.0,,,,,,,,,,,,,,,,,,,,1.0,,,,,,,,,,,,,,,,,,,,,,,,,,,,,,,,,,,,,,,,,,,,,,,,,,,,,,,,,,,,,,,,,,,,,,,,,,,,,,,,,,,,,,,,,,,,,,,,,,,,,,,,,,,,,,,,,,,,,,,,,,,,,,,,,,,,,,,,,,,,,,,,,,,,,,,,,,,,,,,,,,,,,,,,,,,,,,,,,,,,,,,,,,,,,,,,,,,,,,,,,,,,,,,,,,,,,,,,,,,,,,,,,,,,,,,,,,,,,,,,,,,,,,,,,,,,,,,,,,,,,,,,,,,,,,,,,,,,,,,,,,,,,,,,,,,,,,,,,,
https://www.homeintunisia.com/fr/propri%C3%A9t%C3%A9/83883684,À Vendre : Appartement S+1 à Chatt Meriem,Tantana,280 000 TND,Appartement,83883684,2 pièces,71 m²,,"Radiateur, Climatisation",,Collectif,,Individuelle,Tout à l'égout,Neuf,1er,,Dégagée,,,,,,,1.0,,,35.92024,10.57954,,,1.0,,1.0,1.0,,,,1.0,,,1.0,,1.0,,,,,1.0,,,,,,,,,,,1.0,,1.0,,,,,,,,,,,,,,,,,,,,,,,,,,,1.0,,,,,,,,,,,,,,,,,,,1.0,1.0,,,,,,,,,,,,,,,,,,,,,,,,,,,,,,,,,,,,,,,,,,,,,,,,,,,,,,,,,,,,,,,,,,,,,,,,,,,,,,,,,,,,,,,,,,,,,,,,,,,,,,,,,,,,,,,,,,,,,,,,,,,,,,,,,,,,,,,,,,,,,,,,,,,,,,,,,,,,,,,,,,,,,,,,,,,,,,,,,,,,,,,,,,,,,,,,,,,,,,,,,,,,,,,,,,,,,,,,,,,,,,,,,,,,,,,,,,,,,,,,,,,,,,,,,,,,,,,,,,,,,,,,,,,,,,,,,,,,,,,,,,,,,,,,,,,,,,,,,,
https://www.homeintunisia.com/fr/propri%C3%A9t%C3%A9/83883662,Appartement de type S+2,Sousse Corniche,380 000 TND,Appartement,83883662,3 pièces,125 m²,125 m²,"Radiateur, Climatisation, Central",Electrique,Collectif,Chaudière,Individuelle,Tout à l'égout,Neuf,6ème,"Nord-est, Nord-ouest",Dégagée Ciel,,,,,,,1.0,,,35.84029,10.62933,,1.0,1.0,,1.0,,1.0,,,,,,1.0,,1.0,,,1.0,1.0,1.0,,,,,,,,1.0,1.0,,1.0,,1.0,,,,,,,,,,,1.0,,,,,,,,,,,,,1.0,1.0,1.0,1.0,,1.0,,,,,,,,,,,1.0,1.0,,,,,1.0,,1.0,,,,,,,,,,,,,,,,,,,,,,,,,,,,,,,,,,,,,,,,,,,,,,,,,,,,,,,,,,,,,,,,,,,,,,,,,,,,,,,,,,,,,,,,,,,,,,,,,,,,,,,,,,,,,,,,,,,,,,,,,,,,,,,,,,,,,,,,,,,,,,,,,,,,,,,,,,,,,,,,,,,,,,,,,,,,,,,,,,,,,,,,,,,,,,,,,,,,,,,,,,,,,,,,,,,,,,,,,,,,,,,,,,,,,,,,,,,,,,,,,,,,,,,,,,,,,,,,,,,,,,,,,,,,,,,,,,,,,,,,,,,,,,,,,,,,,,,,,
https://www.homeintunisia.com/fr/propri%C3%A9t%C3%A9/83821145,vente appartement S+3 à chatt Meriem,Chatt Meriem,642 880 TND,Appartement,83821145,4 pièces,150 m²,164 m²,"Radiateur, Climatisation, Central",Electrique,Collectif,,Individuelle,Tout à l'égout,Neuf,4ème,"Nord-est, Nord-ouest",Panoramique Mer Ciel,,,,,,,1.0,1.0,,35.92948,10.54856,,1.0,1.0,,1.0,1.0,1.0,,,1.0,,,1.0,1.0,1.0,,,1.0,1.0,1.0,,,,,,,,1.0,1.0,,,,1.0,,,,,,,,,,,1.0,,,,,,,,,,,,,1.0,1.0,,1.0,,,,,,,,,,,,,1.0,1.0,,,,,1.0,,1.0,,,,,,,,,,,,,,,,,,,,,,,,,,,,,,,,,,,,,,,,,,,,,,,,,,,,,,,,,,,,,,,,,,,,,,,,,,,,,,,,,,,,,,,,,,,,,,,,,,,,,,,,,,,,,,,,,,,,,,,,,,,,,,,,,,,,,,,,,,,,,,,,,,,,,,,,,,,,,,,,,,,,,,,,,,,,,,,,,,,,,,,,,,,,,,,,,,,,,,,,,,,,,,,,,,,,,,,,,,,,,,,,,,,,,,,,,,,,,,,,,,,,,,,,,,,,,,,,,,,,,,,,,,,,,,,,,,,,,,,,,,,,,,,,,,,,,,,,,
https://www.homeintunisia.com/fr/propri%C3%A9t%C3%A9/83821054,vente appartement S+2 à chatt Meriem,Chatt Meriem,403 760 TND,Appartement,83821054,3 pièces,100 m²,103 m²,"Radiateur, Climatisation, Central",Electrique,Collectif,Chaudière,Individuelle,Tout à l'égout,Neuf,1er,"Nord-est, Nord-ouest",Dégagée Ciel,,,,,,,1.0,1.0,,35.93731,10.5441,,1.0,1.0,,1.0,1.0,1.0,,,1.0,,,1.0,1.0,1.0,,,1.0,1.0,1.0,,,,,,,,1.0,1.0,,1.0,,1.0,,,,,,,,,,,,,,,,,,,,,1.0,,,1.0,1.0,1.0,1.0,,,,,,,,,,,,,1.0,1.0,,,,,1.0,,1.0,,,,,,,,,,,,,,,,,,,,,,,,,,,,,,,,,,,,,,,,,,,,,,,,,,,,,,,,,,,,,,,,,,,,,,,,,,,,,,,,,,,,,,,,,,,,,,,,,,,,,,,,,,,,,,,,,,,,,,,,,,,,,,,,,,,,,,,,,,,,,,,,,,,,,,,,,,,,,,,,,,,,,,,,,,,,,,,,,,,,,,,,,,,,,,,,,,,,,,,,,,,,,,,,,,,,,,,,,,,,,,,,,,,,,,,,,,,,,,,,,,,,,,,,,,,,,,,,,,,,,,,,,,,,,,,,,,,,,,,,,,,,,,,,,,,,,,,,,
https://www.homeintunisia.com/fr/propri%C3%A9t%C3%A9/83796161,A vendre S+1 prés de la mer Hammam sousse,Hammam Sousse,265 000 TND,Appartement,83796161,2 pièces,,74 m²,"Climatisation, Central",Electrique,,Chaudière,Individuelle,,Neuf,3ème étage / 5,Est,Vis-à-vis Ciel Rue,,,,,,,1.0,,,35.89301,10.59199,,,,,,1.0,1.0,,,,,,,,1.0,,,,,1.0,,,,,,,,1.0,1.0,,,,,,,,,,,,,,,,,,,,,,,,,,,,1.0,1.0,,,,,,,,,,,,,,,1.0,,,,,,1.0,,,,,,,,,,,,,,,,,,,,,,,,,,,,,,,,,,,,,,,,,,,,,,,,,,,,,,,,,,,,,,,,,,,,,,,,,,,,,,,,,,,,,,,,,,,,,,,,,,,,,,,,,,,,,,,,,,,,,,,,,,,,,,,,,,,,,,,,,,,,,,,,,,,,,,,,,,,,,,,,,,,,,,,,,,,,,,,,,,,,,,,,,,,,,,,,,,,,,,,,,,,,,,,,,,,,,,,,,,,,,,,,,,,,,,,,,,,,,,,,,,,,,,,,,,,,,,,,,,,,,,,,,,,,,,,,,,,,,,,,,,,,,,,,,,,,,,,,,,,
https://www.homeintunisia.com/fr/propri%C3%A9t%C3%A9/83796130,A vendre S+2 prés de la mer Hammam sousse,Hammam Sousse,345 000 TND,Appartement,83796130,3 pièces,,94 m²,"Climatisation, Central",Electrique,,Chaudière,Individuelle,Tout à l'égout,Neuf,3ème étage / 5,Est,Vis-à-vis Ciel Rue,,,,,,,1.0,,,35.88261,10.59239,,,,,,1.0,1.0,,,,,,,,1.0,,,,,1.0,,,,,,,,1.0,1.0,,,,,,,,,,,,,,,,,,,,,,,,,,,,1.0,1.0,,,,,,,,,,,,,,,1.0,,,,,,1.0,,,,,,,,,,,,,,,,,,,,,,,,,,,,,,,,,,,,,,,,,,,,,,,,,,,,,,,,,,,,,,,,,,,,,,,,,,,,,,,,,,,,,,,,,,,,,,,,,,,,,,,,,,,,,,,,,,,,,,,,,,,,,,,,,,,,,,,,,,,,,,,,,,,,,,,,,,,,,,,,,,,,,,,,,,,,,,,,,,,,,,,,,,,,,,,,,,,,,,,,,,,,,,,,,,,,,,,,,,,,,,,,,,,,,,,,,,,,,,,,,,,,,,,,,,,,,,,,,,,,,,,,,,,,,,,,,,,,,,,,,,,,,,,,,,,,,,,,,,,
https://www.homeintunisia.com/fr/propri%C3%A9t%C3%A9/83779848,"Appartement S+2/3 avec Vue Panoramique sur la Mer à Sousse : Élégance, Luxe et Bien-Être au Cœur de la Méditerranée",Sousse Corniche,668 470 TND,Appartement,83779848,3 pièces,181 m²,249.4 m²,Central,Eau chaude,Individuel,Chaudière,Individuelle,Tout à l'égout,Excellent état,4ème,Est,Dégagée Mer Ville,,,,,,,,,,35.81771,10.64549,,,1.0,,1.0,,,1.0,,,,,,,,,,1.0,1.0,1.0,,1.0,1.0,,1.0,1.0,1.0,,,,,1.0,,,,,,,,,,,1.0,,,,,,,,,,,,,,1.0,1.0,,,,,1.0,,,1.0,,,,,,,1.0,,,,,,1.0,,,,,,,,,,,1.0,,,,,,,,,,,,,,,,,,,,,,,,,,,,,,,,,,,,,,,,,,,,,,,,,,,,,,,,,,,,,,,,,,,,,,,,,,,,,,,,,,,,,,,,,,,,,,,,,,,,,,,,,,,,,,,,,,,,,,,,,,,,,,,,,,,1,1,,,,,,,,,,,,,,,,,,,,,,,,,,,,,,,,,,,,,,,,,,,,,,,,,,,,,,,,,,,,,,,,,,,,,,,,,,,,,,,,,,,,,,,,,,,,,,,,,,,,,,,,,,,,,,,,,,,,,,,,,,,,,,,,,,,,,,,,,,,,,,,,,,,,,,,,,,,,
https://www.homeintunisia.com/fr/propri%C3%A9t%C3%A9/83758228,VENTE APPARTEMENT CITÉ RIADH,Sousse Riadh,413 100 TND,Appartement,83758228,4 pièces,153 m²,153 m²,"Radiateur, Climatisation, Central",Electrique,Collectif,Chaudière,Individuelle,Tout à l'égout,Neuf,2ème,Nord-ouest,Dégagée Ciel,,,,,,,1.0,,,35.80304,10.59232,,1.0,1.0,,1.0,1.0,1.0,,,1.0,,,1.0,1.0,1.0,,,1.0,1.0,1.0,,,,,,,1.0,1.0,,,,,1.0,,,,,,,,,,,1.0,,,,,,,,,,,,,1.0,1.0,1.0,1.0,,,1.0,,,,,,,,,,1.0,,,,,,1.0,,1.0,,,,,,,,,,,,,,,,,,,,,,,,,,,,,,,,,,,,,,,,,,,,,,,,,,,,,,,,1.0,,,,,,,,,,,,,,,,,,,,,,,,,,,,,,,,,,,,,,,,,,,,,,,,,,,,,,,,,,,,,,,,,,,,,,,,,,,,,,,,,,,,,,,,,,,,,,,,,,,,,,,,,,,,,,,,,,,,,,,,,,,,,,,,,,,,,,,,,,,,,,,,,,,,,,,,,,,,,,,,,,,,,,,,,,,,,,,,,,,,,,,,,,,,,,,,,,,,,,,,,,,,,,,,,,,,,,,,,,,,,,,,,,,,,,,,,,,,,,,,,
https://www.homeintunisia.com/fr/propri%C3%A9t%C3%A9/83758138,vente appartement S+1 à cité riadh,Sousse Riadh,191 580 TND,Appartement,83758138,2 pièces,50 m²,,"Radiateur, Climatisation",,Collectif,Chaudière,Individuelle,Tout à l'égout,Neuf,4ème étage / 7,,Dégagée,,,,,,,1.0,,,35.81433,10.63392,,,,,,,,,,1.0,,,1.0,,,,,,,,,,,,,,,,,,,,1.0,,,,,,,,,,,,,,,,,,,,,,,,,,,,,,,,,,,,,,,,,,,,,,,,,,,,,,,,,,,,,,,,,,,,,,,,,,,,,,,,,,,,,,,,,,,,,,,,,,,,,,,,,,,,,,,,,,,,,,,,,,,,,,,,,,,,,,,,,,,,,,,,,,,,,,,,,,,,,,,,,,,,,,,,,,,,,,,,,,,,,,,,,,,,,,,,,,,,,,,,,,,,,,,,,,,,,,,,,,,,,,,,,,,,,,,,,,,,,,,,,,,,,,,,,,,,,,,,,,,,,,,,,,,,,,,,,,,,,,,,,,,,,,,,,,,,,,,,,,,,,,,,,,,,,,,,,,,,,,,,,,,,,,,,,,,,,,,,,,,,,,,,,
https://www.homeintunisia.com/fr/propri%C3%A9t%C3%A9/83758129,VENTE APPARTEMENT CITÉ RIADH,Sousse Riadh,202 500 TND,Appartement,83758129,3 pièces,75 m²,,"Radiateur, Climatisation, Central",Electrique,Collectif,Chaudière,Individuelle,Tout à l'égout,Neuf,1er,Nord-est,Dégagée Ciel,,,,,,,1.0,,,35.79735,10.58722,,1.0,1.0,,,1.0,1.0,,,1.0,,,1.0,1.0,1.0,,,1.0,1.0,1.0,,,,,,,1.0,1.0,,,,,1.0,,,,,,,,,,,1.0,,,,,,,,,,1.0,,,1.0,1.0,,,,,,,,,,,,,,,,,,,,,1.0,,1.0,,,,,,,,,,,,,,,,,,,,,,,,,,,,,,,,,,,,,,,,,,,,,,,,,,,,,,,,1.0,,,,,,,,,,,,,,,,,,,,,,,,,,,,,,,,,,,,,,,,,,,,,,,,,,,,,,,,,,,,,,,,,,,,,,,,,,,,,,,,,,,,,,,,,,,,,,,,,,,,,,,,,,,,,,,,,,,,,,,,,,,,,,,,,,,,,,,,,,,,,,,,,,,,,,,,,,,,,,,,,,,,,,,,,,,,,,,,,,,,,,,,,,,,,,,,,,,,,,,,,,,,,,,,,,,,,,,,,,,,,,,,,,,,,,,,,,,,,,,,,
https://www.homeintunisia.com/fr/propri%C3%A9t%C3%A9/83757914,VENTE APPARTEMENT CITÉ RIADH,Sousse Riadh,Prix sur demande,Appartement,83757914,2 pièces,42 m²,42 m²,"Radiateur, Climatisation, Central","Electrique, Eau chaude",Collectif,Chaudière,Individuelle,Tout à l'égout,Neuf,1er,Nord-est,Dégagée Ciel,,,,,,,1.0,,,35.79766,10.59353,,1.0,1.0,,1.0,1.0,1.0,,,,,,,1.0,1.0,,,1.0,1.0,1.0,,,,,,,1.0,1.0,,,,,1.0,,,,,,,,,,,1.0,,1.0,,,,,,,,,,,1.0,1.0,,1.0,,1.0,,,,,,,,,,,1.0,,,,,,1.0,,1.0,,,,,,,,,,,,,,,,,,,,,,,,,,,,,,,,,,,,,,,,,,,,,,,,,,,,,,,,,,,,,,,,,,,,,,,,,,,,,,,,,,,,,,,,,,,,,,,,,,,,,,,,,,,,,,,,,,,,,,,,,,,,,,,,,,,,,,,,,,,,,,,,,,,,,,,,,,,,,,,,,,,,,,,,,,,,,,,,,,,,,,,,,,,,,,,,,,,,,,,,,,,,,,,,,,,,,,,,,,,,,,,,,,,,,,,,,,,,,,,,,,,,,,,,,,,,,,,,,,,,,,,,,,,,,,,,,,,,,,,,,,,,,,,,,,,,,,,,,
https://www.homeintunisia.com/fr/propri%C3%A9t%C3%A9/83699980,À Vendre : Appartement S+2 à Chott Meriem - Proche de la Mer,Chatt Meriem,Prix sur demande,Appartement,83699980,3 pièces,,,"Radiateur, Climatisation",,Collectif,,Individuelle,Tout à l'égout,Neuf,Rez-de-chaussée / 2 étages,,Dégagée,,,,,,1.0,1.0,,,35.90784,10.57157,,,1.0,,1.0,1.0,,,,1.0,,,,,1.0,,,,,1.0,,,,,,,,,,,1.0,,1.0,,,,,,,,,,,,,,,,,,,,,,,,,,,1.0,,,,,,,,,,,,,,,,,,,,,,,,,,,,,,,,,,,,,,,,,,,,,,,,,,,,,,,,,,,,,,,,,,,,,,,,,,,,,,,,,,,,,,,,,,,,,,,,,,,,,,,,,,,,,,,,,,,,,,,,,,,,,,,,,,,,,,,,,,,,,,,,,,,,,,,,,,,,,,,,,,,,,,,,,,,,,,,,,,,,,,,,,,,,,,,,,,,,,,,,,,,,,,,,,,,,,,,,,,,,,,,,,,,,,,,,,,,,,,,,,,,,,,,,,,,,,,,,,,,,,,,,,,,,,,,,,,,,,,,,,,,,,,,,,,,,,,,,,,,,,,,,,,,,,,,,,,,,,,
https://www.homeintunisia.com/fr/propri%C3%A9t%C3%A9/83697892,Appartement S+2 Haut standing à vendre,Hammam Sousse,321 000 TND,Appartement,83697892,3 pièces,91 m²,,"Climatisation, Central",Electrique,,Chaudière,Individuelle,Tout à l'égout,Neuf,3ème étage / 5,,Dégagée Mer Ville,,,,,,,1.0,,,35.89166,10.59418,,,1.0,,,1.0,1.0,,,,,,,,1.0,,,,1.0,,,,,,,,,1.0,1.0,,1.0,,,,,,,,,,,,,,,,,,,,,,,,,,1.0,1.0,1.0,,,,,,,,,,,,,,1.0,,,,,,1.0,,,,,,,,,,,,,,,,,,,,,,,,,,,,,,,,,,,,,,,,,,,,,,,,,,,,,,,,,,,,,,,,,,,,,,,,,,,,,,,,,,,,,,,,,,,,,,,,,,,,,,,,,,,,,,,,,,,,,,,,,,,,,,,,,,,,,,,,,,,,,,,,,,,,,,,,,,,,,,,,,,,,,,,,,,,,,,,,,,,,,,,,,,,,,,,,,,,,,,,,,,,,,,,,,,,,,,,,,,,,,,,,,,,,,,,,,,,,,,,,,,,,,,,,,,,,,,,,,,,,,,,,,,,,,,,,,,,,,,,,,,,,,,,,,,,,,,,,,,,
https://www.homeintunisia.com/fr/propri%C3%A9t%C3%A9/83697821,Appartement S+2 Haut standing à vendre,Hammam Sousse,355 000 TND,Appartement,83697821,3 pièces,103 m²,,"Climatisation, Central",Electrique,Individuel,Chaudière,Individuelle,Tout à l'égout,Neuf,3ème étage / 5,Est,Dégagée Mer Ville,,,,,,,1.0,,,35.89246,10.58764,,,1.0,,,1.0,1.0,,,,,,,,1.0,,,,1.0,,,,,,,,,1.0,1.0,,,,,,,,,,,,,,,,,,,,,,,,,,,,1.0,1.0,1.0,,,,,,,,,,,,,,1.0,,,,,,1.0,,,,,,,,,,,,,,,,,,,,,,,,,,,,,,,,,,,,,,,,,,,,,,,,,,,,,,,,,,,,,,,,,,,,,,,,,,,,,,,,,,,,,,,,,,,,,,,,,,,,,,,,,,,,,,,,,,,,,,,,,,,,,,,,,,,,,,,,,,,,,,,,,,,,,,,,,,,,,,,,,,,,,,,,,,,,,,,,,,,,,,,,,,,,,,,,,,,,,,,,,,,,,,,,,,,,,,,,,,,,,,,,,,,,,,,,,,,,,,,,,,,,,,,,,,,,,,,,,,,,,,,,,,,,,,,,,,,,,,,,,,,,,,,,,,,,,,,,,,,
https://www.homeintunisia.com/fr/propri%C3%A9t%C3%A9/83697768,Appartement S+1 Haut standing à vendre,Hammam Sousse,255 000 TND,Appartement,83697768,2 pièces,74 m²,,"Climatisation, Central","Gaz, Electrique",,Chaudière,Individuelle,Tout à l'égout,Neuf,2ème étage / 5,,Dégagée Ville Ciel,,,,,,,,,,35.88686,10.59366,,,1.0,,,1.0,1.0,,,,,,,,1.0,,,,1.0,,,,,,,,,1.0,1.0,,,,,,,,,,,,,,,,,,,,,,,,,,,,,1.0,,,,,,,,,,,,,,,1.0,,,,,,1.0,,,,,,,,,,,,,,,,,,,,,,,,,,,,,,,,,,,,,,,,,,,,,,,,,,,,,,,,,,,,,,,,,,,,,,,,,,,,,,,,,,,,,,,,,,,,,,,,,,,,,,,,,,,,,,,,,,,,,,,,,,,,,,,,,,,,,,,,,,,,,,,,,,,,,,,,,,,,,,,,,,,,,,,,,,,,,,,,,,,,,,,,,,,,,,,,,,,,,,,,,,,,,,,,,,,,,,,,,,,,,,,,,,,,,,,,,,,,,,,,,,,,,,,,,,,,,,,,,,,,,,,,,,,,,,,,,,,,,,,,,,,,,,,,,,,,,,,,,,,
https://www.homeintunisia.com/fr/propri%C3%A9t%C3%A9/83697617,Appartement S+2 Haut standing à vendre,Hammam Sousse,335 000 TND,Appartement,83697617,3 pièces,94 m²,,"Climatisation, Central","Gaz, Electrique, Eau chaude",Individuel,Chaudière,Individuelle,Tout à l'égout,Neuf,2ème étage / 5,Est,Dégagée Ville Ciel,,,,,,,1.0,,,35.88798,10.58817,,1.0,1.0,,,1.0,1.0,,,,,,,,,,,,,,,,,,,,,,1.0,,,,,,,,,,,,,,,,,,,,,,,,,,,,,,,,,,,,,,,,,,,,,,,,,,1.0,,,,,,,,,,,,,,,,,,,,,,,,,,,,,,,,,,,,,,,,,,,,,,,,,,,,,,,,,,,,,,,,,,,,,,,,,,,,,,,,,,,,,,,,,,,,,,,,,,,,,,,,,,,,,,,,,,,,,,,,,,,,,,,,,,,,,,,,,,,,,,,,,,,,,,,,,,,,,,,,,,,,,,,,,,,,,,,,,,,,,,,,,,,,,,,,,,,,,,,,,,,,,,,,,,,,,,,,,,,,,,,,,,,,,,,,,,,,,,,,,,,,,,,,,,,,,,,,,,,,,,,,,,,,,,,,,,,,,,,,,,,,,,,,,,,,,,,,,,,
https://www.homeintunisia.com/fr/propri%C3%A9t%C3%A9/83475222,Charmant Appartement à Vendre - 130 m²,Hergla,245 000 TND,Appartement,83475222,3 pièces,107 m²,130 m²,,,,Chauffe-eau,Individuelle,,Excellent état,3ème,Nord-ouest,Dégagée Lac,,,,,,,,,,36.03386,10.5007,,,,,,1.0,,1.0,,,,,,,,,,,,,,,,,,,,,,,,,,,,,,,,,,,,,,,,,,,,,1.0,,,,,,,,,,,,,,,,,,,,,,,,,,,,,,,,,,,,,,,,,,,,,,,,,,,,,,,,,,,,,,,,,,,,,,,,,,,,,,,,,,,,,,,,,,,,,,,,,,,,,,,,,,,,,,,,,,,,,,,,,,,,,,,,,,,,,,,,,,,,,,,,,,,,,,,,,,,,,,,,,,,,,,,,,,,,,,,,,,,,,,,,,,,,,,,,,,,,,,,,,,,,,,,,,,,,,,,,,,,,,,,,,,,,,,,,,,,,,,,,,,,,,,,,,,,,,,,,,,,,,,,,,,,,,,,,,,,,,,,,,,,,,,,,,,,,,,,,,,,,,,,,,,,,,,,,,,,,,,,,,,,,,
https://www.homeintunisia.com/fr/propri%C3%A9t%C3%A9/83457596,A VENDRE Maison de charme dans la Médina de,Sousse,300 000 TND,Appartement,83457596,5 pièces,160 m²,,Climatisation,,Individuel,Chauffe-eau,Individuelle,,Bon état,1er,Nord-est,Panoramique Mer Ville,,,,,,,,,,35.82309,10.64061,,,1.0,,,,,,,,,,,,,,,,,,,,,,,,,,,,,,,,,,,,,,,,,,,,,,,,,,,,,,,,,,,,,,,,,,,,,,,,,,,,,,,,,,,,,,,,,,,,,,,,,,,,,,,,,,,,,,,,,,,,,,,,,,,,,,,,,,,,,,,,,,,,,,,,,,,,,,,,,,,,,,,,,,,,,,,,,,,,,,,,,,,,,,,,,,,,,,,,,,,,,,,,,,,,,,,,,,,,,,,,,,,,,,,,,,,,,,,,,,,,,,,,,,,,,,,,,,,,,,,,,,,,,,,,,,,,,,,,,,,,,,,,,,,,,,,,,,,,,,,,,,,,,,,,,,,,,,,,,,,,,,,,,,,,,,,,,,,,,,,,,,,,,,,,,,,,,,,,,,,,,,,,,,,,,,,,,,,,,,,
https://www.homeintunisia.com/fr/propri%C3%A9t%C3%A9/83441043,À VENDRE : Appartement S+2 de 85 m² à Kantaoui,El Kantaoui,275 000 TND,Appartement,83441043,3 pièces,85 m²,,"Radiateur, Central",,,Chaudière,Individuelle,Tout à l'égout,Neuf,2ème étage / 4,"Nord, Nord-est, Nord-ouest",Dégagée Jardin Ciel,,,,,,1.0,1.0,,,35.89419,10.59822,,1.0,,,,,,,,1.0,1.0,,1.0,,,,,1.0,,,,,,,,,,,,,,,1.0,,,,,,,,,,,,,,,,,,1.0,,,1.0,,,,1.0,,,,,,,,,,,,,,,,,,,,,,,,,,,,,,,,,,,,,,,,,,,,,,,,,,,,,,,,,,,,,,,,,,,,,,,,,,,,,,,,,,,,,,,,,,,,,,,,,,,,,,,,,,,,,,,,,,,,,,,,,,,,,,,,,,,,,,,,,,,,,,,,,,,,,,,,,,,,,,,,,,,,,,,,,,,,,,,,,,,,,,,,,,,,,,,,,,,,,,,,,,,,,,,,,,,,,,,,,,,,,,,,,,,,,,,,,,,,,,,,,,,,,,,,,,,,,,,,,,,,,,,,,,,,,,,,,,,,,,,,,,,,,,,,,,,,,,,,,,,,,,,,,,,,,,,,,,,,,,,,
https://www.homeintunisia.com/fr/propri%C3%A9t%C3%A9/83439762,Joli Appartement s+1 à kantaoui,El Kantaoui,290 000 TND,Appartement,83439762,2 pièces,60 m²,130 m²,Central,Electrique,Individuel,,Individuelle,Tout à l'égout,Neuf,Dernier étage,"Est, Ouest, Nord-est, Sud-est",Panoramique Mer,,,,,,,1.0,,,35.88272,10.59089,,1.0,,,,,,,,1.0,,,1.0,,,,,1.0,,,,,,,,,,,,,,,1.0,,,,,,,,,,,,,,,,,,,,,,,,,,,,,,,,,,,,,,,,,,,,,,,,,,,,,,,,,,,,,,,,,,,,,,,,,,,,,,,,,,,,,,,,,,,,,,,,,,,,,,,,,,,,,,,,,,,,,,,,,,,,,,,,,,,,,,,,,,,,,,,,,,,,,,,,,,,,,,,,,,,,,,,,,,,,,,,,,,,,,,,,,,,,,,,,,,,,,,,,,,,,,,,,,,,,,,,,,,,,,,,,,,,,,,,,,,,,,,,,,,,,,,,,,,,,,,,,,,,,,,,,,,,,,,,,,,,,,,,,,,,,,,,,,,,,,,,,,,,,,,,,,,,,,,,,,,,,,,,,,,,,,,,,,,,,,,,,,,,,,,,,,
https://www.homeintunisia.com/fr/propri%C3%A9t%C3%A9/83436460,À Vendre - Charmant Appartement S+3 Meublé à Cité Riadh,Sousse Riadh,350 000 TND,Appartement,83436460,5 pièces,150 m²,,Central,,Individuel,,Individuelle,Tout à l'égout,Excellent état,2ème,,Dégagée,,,,,,1.0,1.0,,,35.80569,10.58658,,,,,,1.0,1.0,1.0,,1.0,,,,,,,,1.0,,,,,,,,,,,,,,,1.0,,,,,,,,,,,,,,,,,,,,,,,,,,,,,,,,,,,,,,,,,,,,,,,,,,,,,,,,,,,,,,,,,,,,,,,,,,,,,,,,,,,,,,,,,,,,,,,,,,,,,,,,,,,,,,,,,,,,,,,,,,,,,,,,,,,,,,,,,,,,,,,,,,,,,,,,,,,,,,,,,,,,,,,,,,,,,,,,,,,,,,,,,,,,,,,,,,,,,,,,,,,,,,,,,,,,,,,,,,,,,,,,,,,,,,,,,,,,,,,,,,,,,,,,,,,,,,,,,,,,,,,,,,,,,,,,,,,,,,,,,,,,,,,,,,,,,,,,,,,,,,,,,,,,,,,,,,,,,,,,,,,,,,,,,,,,,,,,,,,,,,,,,
https://www.homeintunisia.com/fr/propri%C3%A9t%C3%A9/83344349,"Charmant Penthouse S+2 en Construction, Vue Mer Exceptionnelle à Chott Mariem",Chatt Meriem,721 000 TND,Appartement,83344349,5 pièces,250 m²,,,,,,,,À rénover,4ème,Nord-ouest,Panoramique Mer Jardin,,,,,,,,,,35.91355,10.57344,,,1.0,,,1.0,,,,,,,,,,,,,,,,,,,,,,,,,,,,,,,,,,,,,,,,,,,,,,,,,,,,,,,,,,,,,,,,,,,,,,,,,,,,,,,,,,,,,,,,,,,,,,,,,,,,,,,,,,,,,,,,,,,,,,,,,,,,,,,,,,,,,,,,,,,,,,,,,,,,,,,,,,,,,,,,,,,,,,,,,,,,,,,,,,,,,,,,,,,,,,,,,,,,,,,,,,,,,,,,,,,,,,,,,,,,,,,,,,,,,,,,,,,,,,,,,,,,,,,,,,,,,,,,,,,,,,,,,,,,,,,,,,,,,,,,,,,,,,,,,,,,,,,,,,,,,,,,,,,,,,,,,,,,,,,,,,,,,,,,,,,,,,,,,,,,,,,,,,,,,,,,,,,,,,,,,,,,,,,,,,,,
https://www.homeintunisia.com/fr/propri%C3%A9t%C3%A9/83344342,"Charmant S+2 en Construction, Vue Mer Exceptionnelle à Chott Mariem",Chatt Meriem,515 000 TND,Appartement,83344342,3 pièces,142 m²,,,,,,,,À rénover,3ème,Nord-ouest,Panoramique Mer Jardin,,,,,,,,,,35.91355,10.57344,,,,,,,,,,,,,,,,,,,,,,,,,,,,,,,,,,,,,,,,,,,,,,,,,,,,,,,,,,,,,,,,,,,,,,,,,,,,,,,,,,,,,,,,,,,,,,,,,,,,,,,,,,,,,,,,,,,,,,,,,,,,,,,,,,,,,,,,,,,,,,,,,,,,,,,,,,,,,,,,,,,,,,,,,,,,,,,,,,,,,,,,,,,,,,,,,,,,,,,,,,,,,,,,,,,,,,,,,,,,,,,,,,,,,,,,,,,,,,,,,,,,,,,,,,,,,,,,,,,,,,,,,,,,,,,,,,,,,,,,,,,,,,,,,,,,,,,,,,,,,,,,,,,,,,,,,,,,,,,,,,,,,,,,,,,,,,,,,,,,,,,,,,,,,,,,,,,,,,,,,,,,,,,,,,,,,,,,,,
https://www.homeintunisia.com/fr/propri%C3%A9t%C3%A9/83323311,À Vendre : Appartement S+3 - Quartier Calme et Résidentiel,Sahloul,165 000 TND,Appartement,83323311,4 pièces,91 m²,,,,,,,,Bon état,4ème,,,,,,,,1.0,1.0,,,35.84232,10.59089,,,,,,,,,,,,,,,,,,1.0,,,,,,,,,,,,,,,,,,,,,,,,,,,,,,,,,,,,,,,,,,,,,,,,,,,,,,,1.0,,,,,,,,,,,,,,,,,,,,,,,,,,,,,,,,,,,,,,,,,,,,,,,,,,,,,,,,,,,,,,,,,,,,,,,,,,,,,,,,,,,,,,,,,,,,,,,,,,,,,,,,,,,,,,,,,,,,,,,,,,,,,,,,,,,,,,,,,,,,,,,,,,,,,,,,,,,,,,,,,,,,,,,,,,,,,,,,,,,,,,,,,,,,,,,,,,,,,,,,,,,,,,,,,,,,,,,,,,,,,,,,,,,,,,,,,,,,,,,,,,,,,,,,,,,,,,,,,,,,,,,,,,,,,,,,,,,,,,,,,,,,,,,,,,,,,,,,,,,,,,,,,
https://www.homeintunisia.com/fr/propri%C3%A9t%C3%A9/83304489,Appartement S+2 Haut Standing à,Monastir,566 500 TND,Appartement,83304489,3 pièces,123 m²,,"Radiateur, Climatisation, Central","Gaz, Electrique",Collectif,Chaudière,Individuelle,Tout à l'égout,Neuf,4ème,Sud-ouest,Dégagée Rue Golf,,,,,,1.0,1.0,,,35.76262,10.81579,,1.0,1.0,,1.0,,1.0,1.0,,,,1.0,,1.0,1.0,,,,1.0,,,,,,,,,1.0,,1.0,,,1.0,,,,,,,,,,,,,,,,,,,,1.0,1.0,,,1.0,1.0,1.0,1.0,,,,,,,,,,,,,1.0,,,,,,1.0,1.0,,1.0,,,,,,,,,,,,,1.0,,,1.0,,,,,,,,,,,,,,,,,,,,,,,,,,,,,,,,,,,,,,,,,,,,,,,,,,,,,,,,,,,,,,,,,,,,,,,,,,,,,,,,,,,,,,,,,,,,,,,,,,,,,,,,,,,,,,,,,,,,,,,,,,,,,,,,,,,,,,,,,,,,,,,,,,,,,,,,,,,,,,,,,,,,,,,,,,,,,,,,,,,,,,,,,,,,,,,,,,,,,,,,,,,,,,,,,,,,,,,,,,,,,,,,,,,,,,,,,,,,,,,,,,,,,,,,,,,,,,,,,,,,,,,,,,,,,,,,,,,,,,,,
https://www.homeintunisia.com/fr/propri%C3%A9t%C3%A9/83254924,À Vendre : Appartement S+1 à Chott Meriem,Tantana,170 000 TND,Appartement,83254924,2 pièces,35 m²,50 m²,Climatisation,,Collectif,,,Tout à l'égout,À rafraîchir,Rez-de-chaussée / 2 étages,,Dégagée,,,,,,,1.0,,,35.92155,10.57518,,,1.0,,,,,,,,,,1.0,,,,,,,1.0,,,,,,,,,,,,,,,,,,,,,,,,,,,,,,,,,,,,,,1.0,,,,,,,,,,,,,,,,,,,,,,,,,,,,,,,,,,,,,,,,,,,,,,,,,,,,,,,,,,,,,,,,,,,,,,,,,,,,,,,,,,,,,,,,,,,,,,,,,,,,,,,,,,,,,,,,,,,,,,,,,,,,,,,,,,,,,,,,,,,,,,,,,,,,,,,,,,,,,,,,,,,,,,,,,,,,,,,,,,,,,,,,,,,,,,,,,,,,,,,,,,,,,,,,,,,,,,,,,,,,,,,,,,,,,,,,,,,,,,,,,,,,,,,,,,,,,,,,,,,,,,,,,,,,,,,,,,,,,,,,,,,,,,,,,,,,,,,,,,,,,,,,,,,,,,,,,,,,,,,,
https://www.homeintunisia.com/fr/propri%C3%A9t%C3%A9/83246136,À Vendre : Appartement S+2 à Cité Rayhan -,Sousse,85 000 TND,Appartement,83246136,3 pièces,70 m²,,Sans chauffage,Eau chaude,Collectif,Chauffe-eau,Individuelle,Tout à l'égout,Bon état,3ème étage / 3,Nord-est,Dégagée Ciel Rue,,,,,,,,,,35.7872,10.58604,,,,,,,,,,,,,,,,,,,,,,,,,,,,,,,,,,,,,,,,,,,,,,,,,,,,,,,,,,,,,,,,,,,,,,,,,,,,,,,,,,,,,,,,,,,,,,,,,,,,,,,,,,,,,,,,,,,,,,,,,,,,,,,,,,,,,,,,,,,,,,,,,,,,,,,,,,,,,,,,,,,,,,,,,,,,,,,,,,,,,,,,,,,,,,,,,,,,,,,,,,,,,,,,,,,,,,,,,,,,,,,,,,,,,,,,,,,1,,,,,,,,,,,,,,,,,,,,,,,,,,,,,,,,,,,,,,,,,,,,,,,,,,,,,,,,,,,,,,,,,,,,,,,,,,,,,,,,,,,,,,,,,,,,,,,,,,,,,,,,,,,,,,,,,,,,,,,,,,,,,,,,,,,,,,,,,,,,,,,
https://www.homeintunisia.com/fr/propri%C3%A9t%C3%A9/83226374,Superbe duplex a vendre,Denden,450 000 TND,Appartement,83226374,5 pièces,200 m²,,"Radiateur, Climatisation, Central","Gaz, Electrique, Bois, Solaire, Eau chaude",Individuel,Chauffe-eau,Individuelle,,Excellent état,,Nord-est,Dégagée,,,,,,1.0,1.0,,,36.81274,10.11054,,1.0,1.0,,,,,,,,,,1.0,,,,,,,1.0,,,,,,,1.0,1.0,1.0,,,1.0,,,,,,,,,,,,,,,,,,,,,1.0,,,,,,,,,,,,,,,,,,,,,,,,,,,,,,,,,,,,,,,,,,,,,,,,,,,,,,,,,,,,,,,,,,,,,,,,,,,,,,,,,,,,,,,,,,,,,,,,,,,,,,,,,,,,,,,,,,,,,,,,,,,,,,,,,,,,,,,,,,,,,,,,,,,,,,,,,,,,,,,,,,,,,,,,,,,,,,,,,,,,,,,,,,,,,,,,,,,,,,,,,,,,,,,,,,,,,,,,,,,,,,,,,,,,,,,,,,,,,,,,,,,,,,,,,,,,,,,,,,,,,,,,,,,,,,,,,,,,,,,,,,,,,,,,,,,,,,,,,,,,,,,,,,,,,,,,,,,,,,,,,,,,,
https://www.homeintunisia.com/fr/propri%C3%A9t%C3%A9/83203711,Appartement S+2 de 120m² en vente - Résidence  Diamond,Hergla,339 900 TND,Appartement,83203711,3 pièces,120 m²,120 m²,Central,Gaz,Individuel,Chaudière,Individuelle,Tout à l'égout,Bon état,3ème étage / 4,Nord-est,Dégagée Mer Verdure,,,,,,,1.0,,,36.00356,10.44096,,,1.0,,1.0,1.0,1.0,1.0,,,,,,,,,,,,,,1.0,,,1.0,,,,,,,,,1.0,1.0,,,1.0,,,,,,,,,1.0,,,,,,,,,,,1.0,,,,,,,,,,,,,,,1.0,,,,,,,,,,,,,,,,,,,,,,,,,,,,,,,,,,,,,,,,,,,,,,,,,,,,,,,,,,,,,,,,,,,,,,,,,,,,,,,,,,,,,,,,,,,,,,,,,,,,,,,,,,,,,,,,,,,,,,,,,,,,,,,,,,,,,,,,,,,,,,,,,,,,,,,,,,,,,,,,,,,,,,,,,,,,,,,,,,,,,,,,,,,,,,,,,,,,,,,,,,,,,,,,,,,,,,,,,,,,,,,,,,,,,,,,,,,,,,,,,,,,,,,,,,,,,,,,,,,,,,,,,,,,,,,,,,,,,,,,,,,,,,,,,,,,,,,,,,,,,,,,,
https://www.homeintunisia.com/fr/propri%C3%A9t%C3%A9/83053905,"À Vendre : Appartement S+1 Meublé à Folla Palm Lake,",Monastir,458 350 TND,Appartement,83053905,2 pièces,,80.76 m²,"Radiateur, Climatisation",,,,Individuelle,Tout à l'égout,Excellent état,1er,,Panoramique,,,,,,1.0,1.0,1.0,,35.76534,10.80876,,,1.0,,1.0,1.0,,1.0,,1.0,,,,,1.0,,,1.0,1.0,1.0,,,1.0,,1.0,1.0,,,,,1.0,,,1.0,1.0,1.0,1.0,1.0,,,,,,,,,,1.0,,,,,,,,,1.0,1.0,1.0,1.0,,,,,,,,,,,,,,,,,,,1.0,1.0,,,,,,,,,,,,,,,,,,1.0,,,,,,,,,,,,,,,,,,,,,,,,,,,,,,,,,,,,,,,,,,,,,,,,,,,,,,,,,,,,,,,,,,,,,,,,,,,,,,,,,,,,,,,,,,,,,,,,,,,,,,,,,,,,,,,,,,,,,,,,,,,,,,,,,,,,,,,,,,,,,,,,,,,,,,,,,,,,,,,,,,,,,,,,,,,,,,,,,,,,,,,,,,,,,,,,,,,,,,,,,,,,,,,,,,,,,,,,,,,,,,,,,,,,,,,,,,,,,,,,,,,,,,,,,,,,,,,,,,,,,,,,,,,,,,,,,,,,,,,,
https://www.homeintunisia.com/fr/propri%C3%A9t%C3%A9/83000985,Appartement à Vendre - Corniche Khezama,Sousse Corniche,110 000 TND,Appartement,83000985,3 pièces,45 m²,65 m²,Central,Eau chaude,Individuel,Chauffe-eau,Individuelle,,À rafraîchir,6ème étage / 2,Nord-est,Dégagée,,,,,,1.0,,,,35.83287,10.63535,,,,,,,,,,,,,,,,,,,,,,,,,,,,,,,,,,,,,,,,,,,,,,,,,,,,,,,,,,,,,,,,,,,,,,,,,,,,,,,,,,,,,,,,,,,,,,,,,,,,,,,,,,,,,,,,,,,,,,,,,,,,,,,,,,,,,,,,,,,,,,,,,,,,,,,,,,,,,,,,,,,,,,,,,,,,,,,,,,,,,,,,,,,,,,,,,,,,,,,,,,,,,,,,,,,,,,,,,,,,,,,,,,,,,,,,,,,,,,,,,,,,,,,,,,,,,,,,,,,,,,,,,,,,,,,,,,,,,,,,,,,,,,,,,,,,,,,,,,,,,,,,,,,,,,,,,,,,,,,,,,,,,,,,,,,,,,,,,,,,,,,,,,,,,,,,,,,,,,,,,,,,,,,,,,,,,,,,,,
https://www.homeintunisia.com/fr/propri%C3%A9t%C3%A9/82980472,A vendre un appartement S+3 au 1ér étage au cœur du,Sousse,125 000 TND,Appartement,82980472,4 pièces,83 m²,,,,,,,Tout à l'égout,À rénover,1er,,Dégagée,,,,,,,,,,35.82525,10.63059,,,,,,1.0,1.0,,,,,,,,,,,,,,,,,,,,,,,,,,,,,,,,,,,,,,,,,,,,,,,,,,,,,,,,,,,,,,,,,,,,,,,,,,,,,,,,,,,,,,,,,,,,,,,,,,,,,,,,,,,,,,,,,,,,,,,,,,,,,,,,,,,,,,,,,,,,,,,,,,,,,,,,,,,,,,,,,,,,,,,,,,,,,,,,,,,,,,,,,,,,,,,,,,,,,,,,,,,,,,,,,,,,,,,,,,,,,,,,,,,,,,,,,,,,,,,,,,,,,,,,,,,,,,,,,,,,,,,,,,,,,,,,,,,,,,,,,,,,,,,,,,,,,,,,,,,,,,,,,,,,,,,,,,,,,,,,,,,,,,,,,,,,,,,,,,,,,,,,,,,,,,,,,,,,,,,,,,,,,,,,,,,
https://www.homeintunisia.com/fr/propri%C3%A9t%C3%A9/82948068,Appartement à vendre à houmet essouk djerba,Djerba,319 300 TND,Appartement,82948068,2 pièces,70 m²,,,,,,Individuelle,,Bon état,2ème,,Dégagée,,,,,,,,1.0,,33.86277,10.90651,,,,,,,,1.0,,,,,,,,,,,,1.0,,,,,,,,,,,,,,,,,,,,,,,,,,,,,,,,,,1.0,,,,1.0,,,,,,,,,,,,,,,,,,,,,1.0,,,,,,,,,,,,,,,,,,,,,,,,,,,,,,,,,,,,,,,,,,,,,,,,,,,,,,,,,,,,,,,,,,,,,,,,,,,,,,,,,,,,,,,,,,,,,,,,,,,,,,,,,,,,,,,,,,,,,,,,,,,,,,,,,,,,,,,,,,,,,,,,,,,,,,,,,,,,,,,,,,,,,,,,,,,,,,,,,,,,,,,,,,,,,,,,,,,,,,,,,,,,,,,,,,,,,,,,,,,,,,,,,,,,,,,,,,,,,,,,,,,,,,,,,,,,,,,,,,,,,,,,,,,,,,,,,,,,,,,,,,,,,,,,,,,,,,,,,,,
https://www.homeintunisia.com/fr/propri%C3%A9t%C3%A9/82836277,"Charmant S+3 en Construction, Vue Mer Exceptionnelle à Chott Mariem",Chatt Meriem,365 000 TND,Appartement,82836277,4 pièces,142 m²,,,,,,,,À rénover,3ème,Nord-ouest,Panoramique Mer Jardin,,,,,,,,,,35.91355,10.57344,,,,,,,,,,,,,,,,,,,,,,,,,,,,,,,,,,,,,,,,,,,,,,,,,,,,,,,,,,,,,,,,,,,,,,,,,,,,,,,,,,,,,,,,,,,,,,,,,,,,,,,,,,,,,,,,,,,,,,,,,,,,,,,,,,,,,,,,,,,,,,,,,,,,,,,,,,,,,,,,,,,,,,,,,,,,,,,,,,,,,,,,,,,,,,,,,,,,,,,,,,,,,,,,,,,,,,,,,,,,,,,,,,,,,,,,,,,,,,,,,,,,,,,,,,,,,,,,,,,,,,,,,,,,,,,,,,,,,,,,,,,,,,,,,,,,,,,,,,,,,,,,,,,,,,,,,,,,,,,,,,,,,,,,,,,,,,,,,,,,,,,,,,,,,,,,,,,,,,,,,,,,,,,,,,,,,,,,,,
https://www.homeintunisia.com/fr/propri%C3%A9t%C3%A9/82605993,A vendre un appartement S+4 à corniche,Sousse Corniche,275 000 TND,Appartement,82605993,5 pièces,150 m²,,Central,Eau chaude,Collectif,,Individuelle,Tout à l'égout,Bon état,3ème,,Dégagée,,,,,,,,,,35.85706,10.58706,,,,,,,,,,,,,,,,,,1.0,,,,,,,,,1.0,,,,,,,,,,,,,,,,,,,,,,,,,,,,,,,,,,,,,,,,,,,,,,,,,,,,,,,,,,,,,,,,,,,,,,,,,,,,,,,,,,,,,,,,,,,,,,,,,,,,,,,,,,,,,,,,,,,,,,,,,,,,,,,,,,,,,,,,,,,,,,,,,,,,,,,,,,,,,,,,,,,,,,,,,,,,,,,,,,,,,,,,,,,,,,,,,,,,,,,,,,,,,,,,,,,,,,,,,,,,,,,,,,,,,,,,,,,,,,,,,,,,,,,,,,,,,,,,,,,,,,,,,,,,,,,,,,,,,,,,,,,,,,,,,,,,,,,,,,,,,,,,,,,,,,,,,,,,,,,,,,,,,,,,,,,,,,,,,,,,,,,,,,,,,,,
https://www.homeintunisia.com/fr/propri%C3%A9t%C3%A9/82480991,Appartement Pieds dans l'Eau à Vendre – Kantaoui,El Kantaoui,480 000 TND,Appartement,82480991,4 pièces,115 m²,140 m²,Central,Gaz,Individuel,Chaudière,Individuelle,,À rafraîchir,2ème,Sud-est,Dégagée Mer,,,,,,,,,,35.90362,10.59225,,,1.0,,,,1.0,,,1.0,,,,,,,,,1.0,,,,,,,,1.0,,,,,,1.0,,,,,,,,,,,,,,,,,,,,1.0,,,,,1.0,,1.0,,,,,,,,,,,,,,,,,,,,,,,,,,,,1.0,,,,,,,,,,,,,,,,,,,,,,,,,,,,,,,,,,,,,,,,,,,,,,,,,,,,,,,,,,,,,,,,,,,,,,,,,,,,,,,,,,,,,,,,,,,,,,,,,,,,,,,,,,,,,,,,,,,,,,,,,,,,,,,,,,,,,,,,,,,,,,,,,,,,,,,,,,,,,,,,,,,,,,,,,,,,,,,,,,,,,,,,,,,,,,,,,,,,,,,,,,,,,,,,,,,,,,,,,,,,,,,,,,,,,,,,,,,,,,,,,,,,,,,,,,,,,,,,,,,,,,,,,,,,,,,,,,,,,,,,,,,,,,,,,,
https://www.homeintunisia.com/fr/propri%C3%A9t%C3%A9/82302983,Appartement Neuf de 155 m² à  4 — Opportunité Direct Promoteur,Sahloul,589 000 TND,Appartement,82302983,4 pièces,135 m²,155 m²,Central,Gaz,Individuel,Chaudière,Individuelle,Tout à l'égout,Neuf,3ème étage / 5,Nord,Dégagée Ciel Rue,,,,,,1.0,1.0,,,35.84033,10.59432,,,1.0,,1.0,,1.0,,,,,,1.0,,1.0,,,,1.0,,,,,,,,1.0,,,,,,,,,,,,,,,,,,,,,,,,,,1.0,1.0,,,1.0,1.0,1.0,,,,,,,,,,,,,,1.0,,,,,,1.0,,1.0,,,,,,,,,,,,,,,,,,,,,,,,,,,,,,,,,,,,,,,,,,,,,,,,,,,,,,,,,,,,,,,,,,,,,,,,,,,,,,,,,,,,,,,,,,,,,,,,,,,,,,,,,,,,,,,,,,,,,,,,,,,,,,,,,,,,,,,,,,,,,,,,,,,,,,,,,,,,,,,,,,,,,,,,,,,,,,,,,,,,,,,,,,,,,,,,,,,,,,,,,,,,,,,,,,1,1,1,1,1,1,,,,,,,,,,,,,,,,,,,,,,,,,,,,,,,,,,,,,,,,,,,,,,,,,,,,,,,,,,,,,,,,,,,,,,,,,,,,,,,,,,
https://www.homeintunisia.com/fr/propri%C3%A9t%C3%A9/82274279,Magnifique Appartement à Louer – La Baie des Anges,El Kantaoui,670 000 TND,Appartement,82274279,2 pièces,115 m²,170 m²,Central,Gaz,Individuel,Chaudière,Individuelle,,Excellent état,Rez-de-chaussée,Sud-est,Panoramique Ciel,,,,,,,1.0,1.0,,35.89466,10.57942,,1.0,1.0,,,,,,,1.0,,,,,1.0,,,1.0,,,,,,,,,1.0,,,,,,1.0,,,,,,,,,,1.0,,,,,,,,,,1.0,1.0,,,,1.0,1.0,,,,,,,,,,,,,,,,,,,,,1.0,,1.0,,,,,,,,,,,,,,,,,,,,,,,,,,,,,,,,,,,,,,,,,,,,,,,,,,,,,,,,,,,,,,,,,,,,,,,,,,,,,,,,,,,,,,,,,,,,,,,,,,,,,,,,,,,,,,,,,,,,,,,,,,,,,,,,,,,,,,,,,,,,,,,,,,,,,,,,,,,,,,,,,,,,,,,,,,,,,,,,,,,,,,,,,,,,,,,,,,,,,,,,,,,,,,,,,,,,,,,,,,,,,,,,,,,,,,,,,,,,,,,,,,,,,,,,,,,,,,,,,,,,,,,,,,,,,,,,,,,,,,,,,,,,,,,,,,,,,,,,
https://www.homeintunisia.com/fr/propri%C3%A9t%C3%A9/82219531,À Vendre : Appartement S+3 Haut Standing avec Vue Mer à Gammarth,Raoued,980 000 TND,Appartement,82219531,4 pièces,156 m²,,Central,Gaz,Collectif,Chauffe-eau,Individuelle,Tout à l'égout,Neuf,4ème étage / 6,,Panoramique,,,,,,1.0,1.0,,,36.92581,10.28358,,,1.0,,1.0,1.0,,,,,,,,,1.0,,,,,1.0,,,,,,,,,,,1.0,1.0,,,,,,,,,,,,,,,,,,,,,,,,,,1.0,,1.0,,,,,,,,,,,,,,,,,,,1.0,,,,,,,,,,,,,,,,,,,,,,,,,,,,,,,,,,,,,,,,,,,,,,,,,,,,,,,,,,,,,,,,,,,,,,,,,,,,,,,,,,,,,,,,,,,,,,,,,,,,,,,,,,,,,,,,,,,,,,,,,,,,,,,,,,,,,,,,,,,,,,,,,,,,,,,,,,,,,,,,,,,,,,,,,,,,,,,,,,,,,,,,,,,,,,,,,,,,,,,,,,,,,,,,,,,,,,,,,,,,,,,,,,,,,,,,,,,,,,,,,,,,,,,,,,,,,,,,,,,,,,,,,,,,,,,,,,,,,,,,,,,,,,,,,,,,,,,,,,,
https://www.homeintunisia.com/fr/propri%C3%A9t%C3%A9/8195911,Vente Appartement,Sagone,948 331 TND,Appartement,8195911,2 pièces,38.73 m²,,"Climatisation, Central",Gaz,,Chaudière,Individuelle,,,1er,Ouest,Panoramique Mer Montagnes,,,,,,,1.0,,,41.93393,8.71541,,,1.0,,1.0,1.0,1.0,1.0,,,1.0,,1.0,,1.0,,,,1.0,,,,,,,,1.0,,,,,,,,,,,,,,,,,,,,,,,,1.0,,,1.0,,,1.0,1.0,,,,,,,,,,,1.0,,,,1.0,,,,,,1.0,1.0,1.0,,,,,,,,,,,,,,,,,,,,,,,,,,,,,,,,,,,,,,,,,,,,,,,,,,,,,,,,,,,,,,,,,,,,,,,,,,,,,,,,,,,,,,,,,,,,,,,,,,,,,,,,,,,,,,,,,,,,,,,,,,,,,,,,,,,,,,,,,,,,,,,,,,,,,,,,,,,,,,,,,,,,,,,,,,,,,,,,,,,,,,,,,,1.0,,,,,,,,,,,,,,,,,,,,,,,,,,,,,,,,,,,,,,,,,,,,,,,,,,,,,,,,,,,,,,,,,,,,,,,,,,,,,,,,,,,,,,,,,,,,,,,,,,,,,,,,,,,,,,,
https://www.homeintunisia.com/fr/propri%C3%A9t%C3%A9/8195904,Vente Appartement,Sagone,4 080 948 TND,Appartement,8195904,4 pièces,82.36 m²,,,,,,,,,Rez-de-chaussée,Sud-ouest,Panoramique Mer Montagnes,,,,,,,1.0,,,41.93393,8.71541,,,1.0,,1.0,1.0,1.0,1.0,,,1.0,,1.0,,1.0,,,,1.0,,,,,,,,1.0,,,,,,,,,,,,,,,,,,,,,,,,1.0,,,1.0,,,1.0,1.0,,,,,,,,,,,1.0,,,,1.0,,,,,,1.0,1.0,1.0,,,,,,,,,,,,,,,,,,,,,,,,,,,,,,,,,,,,,,,,,,,,,,,,,,,,,,,,,,,,,,,,,,,,,,,,,,,,,,,,,,,,,,,,,,,,,,,,,,,,,,,,,,,,,,,,,,,,,,,,,,,,,,,,,,,,,,,,,,,,,,,,,,,,,,,,,,,,,,,,,,,,,,,,,,,,,,,,,,,,,,,,,,1.0,,,,,,,,,,,,,,,,,,,,,,,,,,,,,,,,,,,,,,,,,,,,,,,,,,,,,,,,,,,,,,,,,,,,,,,,,,,,,,,,,,,,,,,,,,,,,,,,,,,,,,,,,,,,,,,
https://www.homeintunisia.com/fr/propri%C3%A9t%C3%A9/8038625,À Vendre : Appartement à,Hammam Sousse,320 000 TND,Appartement,8038625,3 pièces,135 m²,,,,,,,,À rafraîchir,,,Dégagée,,,,,,,,,,35.85397,10.59569,,,,,,,,,,,,,,,,,,,,,,,,,,,,,,,,,,,,,,,,,,,,,,,,,,,,,,,,,,,,,,,,,,,,,,,,,,,,,,,,,,,,,,,,,,,,,,,,,,,,,,,,,,,,,,,,,,,,,,,,,,,,,,,,,,,,,,,,,,,,,,,,,,,,,,,,,,,,,,,,,,,,,,,,,,,,,,,,,,,,,,,,,,,,,,,,,,,,,,,,,,,,,,,,,,,,,,,,,,,,,,,,,,,,,,,,,,,,,,,,,,,,,,,,,,,,,,,,,,,,,,,,,,,,,,,,,,,,,,,,,,,,,,,,,,,,,,,,,,,,,,,,,,,,,,,,,,,,,,,,,,,,,,,,,,,,,,,,,,,,,,,,,,,,,,,,,,,,,,,,,,,,,,,,,,,,,,,,,,
https://www.homeintunisia.com/fr/propri%C3%A9t%C3%A9/7986604,À Vendre : Appartement S+3 à  Bhayer,Hammam Sousse,390 000 TND,Appartement,7986604,4 pièces,105 m²,,Central,Gaz,Collectif,Chaudière,Individuelle,,Bon état,2ème étage / 2,,Dégagée,,,,,,,,,,35.95274,10.53952,,,1.0,,,,,,,,,,,,,,,,,,,,,,,,,,,,,1.0,,,,,,,,,,,,,,,,,,,,,,,,,,,,,,,,,,,,,,,,,,,,,,,,,,,,,,,,,,,,,,,,,,,,,,,,,,,,,,,,,,,,,,,,,,,,,,,,,,,,,,,,,,,,,,,,,,,,,,,,,,,,,,,,,,,,,,,,,,,,,,,,,,,,,,,,,,,,,,,,,,,,,,,,,,,,,,,,,,,,,,,,,,,,,,,,,,,,,,,,,,,,,,,,,,,,,,,,,,,,,,,,,,,,,,,,,,,,,,,,,,,,,,,,,,,,,,,,,,,,,,,,,,,,,,,,,,,,,,,,,,,,,,,,,,,,,,,,,,,,,,,,,,,,,,,,,,,,,,,,,,,,,,,,,,,,,,,,,,,,,,,,,,
https://www.homeintunisia.com/fr/propri%C3%A9t%C3%A9/7981372,"Etage de villa S+3 à vendre, cité jawhra, Sousse",Cité Jaouhara,250 000 TND,Appartement,7981372,4 pièces,160 m²,,,Electrique,Collectif,,Individuelle,,Bon état,2ème,,Dégagée,,,,,,,,,,35.84999,10.61436,,,,,,1.0,,,,1.0,,,,,,,,,,,,,,,,,,,,,,,,,,,,,,,,,,,,,,,,,,,,,,,,,,,,,,,,,,,,,,,,,,,,,,,,,,,,,,,,,,,,,,,,,,,,,,,,,,,,,,,,,,,,,,,,,,,,,,,,,,,,,,,,,,,,,,,,,,,,,,,,,,,,,,,,,,,,,,,,,,,,,,,,,,,,,,,,,,,,,,,,,,,,,,,,,,,,,,,,,,,,,,,,,,,,,,,,,,,,,,,,,,,,,,,,,,,,,,,,,,,,,,,,,,,,,,,,,,,,,,,,,,,,,,,,,,,,,,,,,,,,,,,,,,,,,,,1,1,,,,,,,,,,,,,,,,,,,,,,,,,,,,,,,,,,,,,,,,,,,,,,,,,,,,,,,,,,,,,,,,,,,,,,,,
https://www.homeintunisia.com/fr/propri%C3%A9t%C3%A9/7974195,Appartement s3 haut standing au centre ville,Sousse Corniche,360 000 TND,Appartement,7974195,4 pièces,110 m²,130 m²,Central,Eau chaude,Individuel,Chauffe-eau,Individuelle,,Excellent état,2ème étage / 7,Sud-est,Dégagée,,,,,,,1.0,,,35.81771,10.64549,,1.0,,,,,,,,1.0,,,,,1.0,,,1.0,1.0,1.0,,,,,,,1.0,,,,,,,,,,,,,,,,,,,,,,,,,,,,,,,,,,,,,,,,,,,,,,,,,,,,,,,1.0,,,,,,,,,,,,,,,,,,,,,,,,,,,,,,,,,,,,,,,,,,,,,,,,,,,,,,,,,,,,,,,,,,,,,,,,,,,,,,,,,,,,,,,,,,,,,,,,,,,,,,,,,,,,,,,,,,,,,,,,,,,,,,,,,,,,,,,,,,,,,,,,,,,,,,,,,,,,,,,,,,,,,,,,,,,,,,,,,,,,,,,,,,,,,,,,,,,,,,,,,,,,,,,,,,,,,,,,,,,,,,,,,,,,,,,,,,,,,,,,,,,,,,,,,,,,,,,,,,,,,,,,,,,,,,,,,,,,,,,,,,,,,,,,,,,,,,,,
https://www.homeintunisia.com/fr/propri%C3%A9t%C3%A9/7637643,Appartement de Vacances à Vendre à Chatt Meriam,Chatt Meriem,190 000 TND,Appartement,7637643,1 pièce,45 m²,60 m²,,,Individuel,Chauffe-eau,Individuelle,,Excellent état,2ème,Ouest,Panoramique Piscine,,,,,,,,1.0,,35.91783,10.55859,,1.0,,,,1.0,,,,1.0,,,,,1.0,,,1.0,,,,,,,,,1.0,,,1.0,,,,,,,,,,,,,1.0,,,,,,,,,,,1.0,,,,1.0,1.0,,,,,,,,,,,,,,,,,,,,,1.0,,,,,,,,,,,,,,1.0,1.0,,,,,,,,,,,,,,,,,,,,,,,,,,,,,,,,,,,,,,,,,,,,,,,,,,,,,,,,,,,,,,,,,,,,,,,,,,,,,,,,,,,,,,,,,,,,,,,,,,,,,,,,,,,,,,,,,,,,,,,,,,,,,,,,,,,,,,,,,,,,,,,,,,,,,,,,,,,,,,,,,,,,,,,,,,,,,,,,,,,,,,,,,,,,,,,,,,,,,,,,,,,,,,,,,,,,,,,,,,,,,,,,,,,,,,,,,,,,,,,,,,,,,,,,,,,,,,,,,,,,,,,,,,,,,,,,,,,,,,,,,,,
https://www.homeintunisia.com/fr/propri%C3%A9t%C3%A9/7637563,appartement de vaccance,Chatt Meriem,290 000 TND,Appartement,7637563,2 pièces,68 m²,85 m²,,,Individuel,Chauffe-eau,Individuelle,,Excellent état,2ème,Ouest,Panoramique Piscine,,,,,,,,1.0,,35.91783,10.55859,,1.0,,,,1.0,,,,1.0,,,,,1.0,,,1.0,,,,,,,,,1.0,,,1.0,,,,,,,,,,,,,1.0,,,,,,,,,,,1.0,,,,1.0,1.0,,,,,,,,,,,,,,,,,,,,,1.0,,,,,,,,,,,,,,1.0,1.0,,,,,,,,,,,,,,,,,,,,,,,,,,,,,,,,,,,,,,,,,,,,,,,,,,,,,,,,,,,,,,,,,,,,,,,,,,,,,,,,,,,,,,,,,,,,,,,,,,,,,,,,,,,,,,,,,,,,,,,,,,,,,,,,,,,,,,,,,,,,,,,,,,,,,,,,,,,,,,,,,,,,,,,,,,,,,,,,,,,,,,,,,,,,,,,,,,,,,,,,,,,,,,,,,,,,,,,,,,,,,,,,,,,,,,,,,,,,,,,,,,,,,,,,,,,,,,,,,,,,,,,,,,,,,,,,,,,,,,,,,,,
https://www.homeintunisia.com/fr/propri%C3%A9t%C3%A9/7637433,S+3 Vue mer - En vente,Hammam Sousse,280 000 TND,Appartement,7637433,4 pièces,143 m²,143 m²,"Convecteur, Radiateur, Climatisation, Central","Gaz, Eau chaude",Individuel,Chaudière,Individuelle,,Bon état,2ème,Sud-est,Dégagée Mer Ciel,,,,,,1.0,,,,35.83553,10.63201,,1.0,,,,1.0,,,,,,,,,,,,1.0,,1.0,,,,,,,,,1.0,,,1.0,,,,,,,,,,,,1.0,,,,,,,,,,1.0,,,,1.0,1.0,,,,,,,,,,,,,,1.0,,,,,,,,,,,,,,,,,,,,,,,,,,,,,,,,,,,,,,,,,,,,,,,,,,,,,,,,,,,,,,,,,,,,,,,,,,,,,,,,,,,,,,,,,,,,,,,,,,,,,,,,,,,,,,,,,,,,,,,,,,,,,,,,,,,,,,,,,,,,,,,,,,,,,,,,,,,,,,,,,,,,,,,,,,,,,,,,,,,,,,,,,,,,,,,,,,,,,,,,,,,,,,,,,,,,,,,,,,,,,,,,,,,,,,,,,,,,,,,,,,,,,,,,,,,,,,,,,,,,,,,,,,,,,,,,,,,,,,,,,,,,,,,,,,,,,,,,,,,,,,,,,
https://www.homeintunisia.com/fr/propri%C3%A9t%C3%A9/7593360,magnifique appartement RDC S+4 à vendre,Sahloul,550 000 TND,Appartement,7593360,5 pièces,184 m²,294 m²,"Radiateur, Climatisation",Eau chaude,Individuel,Chaudière,Individuelle,Tout à l'égout,Excellent état,Rez-de-chaussée / 2 étages,"Est, Ouest",Dégagée Verdure Ciel,,,,,,1.0,1.0,,,35.84142,10.59571,,,1.0,,1.0,,1.0,,,1.0,,1.0,1.0,,,,,1.0,,1.0,,,,,,,1.0,,,,1.0,1.0,,,,,,,,,,,1.0,1.0,,1.0,,,,,,,,,,,,,,,,,,,,,,,,,,,,,,,,,,,,,,,,,,,,,,,,,,,,,,,,,,,,,,,,,,,,,,,,,,,,,,,,,,,,,,,,,,,,,,,,,,,,,,,,,,,,,,,,,,,,,,,,,,,,,,,,,,,,,,,,,,,,,,,,,,,,,,,,,,,,,,,,,,,,,,,,,,,,,,,,,,,,,,,,,,,,,,,,,,,,,,,,,,,,,,,,,,,,,,,,,,,,,,,,,,,,,,,,,,,,,,,,,,,,,,,,,,,,,,,,,,,,,,,,,,,,,,,,,,,,,,,,,,,,,,,,,,,,,,,,,,,,,,,,,,,,,,,,,,,,,,,,,,,,,,,,,,,,
https://www.homeintunisia.com/fr/propri%C3%A9t%C3%A9/7523802,"🏠 Appartement s+3 de 100m² à Vendre à Sidi Abdelhamid, Sousse Sud 🏠",Cité Sidi Abdelhamid,123 600 TND,Appartement,7523802,4 pièces,,100 m²,Central,,Collectif,Chauffe-eau,Individuelle,Tout à l'égout,Excellent état,4ème,"Est, Nord, Nord-ouest",Dégagée Mer Ciel,,,,,,,1.0,,,35.79336,10.67195,,,,,,,,,,,,,,,,,,,,,,,,,,,,,,,,,,,,,,,,,,,,,,,,,,,,,,,,,,,,,,,,,,,,,,,,,1.0,,,,,,,,,,,,,,,,,,,,,,,,,,,,,,,,,,,,,,,,,,,,,,,,,,,,,,,,,,,,,,,,,,,,,,,,,,,,,,,,,,,,,,,,,,,,,,,,,,,,,,,,,,,,,,,,,,,,,,,,,,,,,,,,,,,,,,,,,,,,,,,,,,,,,,,,,,,,,,,,,,,,,,,,,,,,,,,,,,,,,,,,,,,,,,,,,,,,,,,,,,,,,,,,,,,,,,,,,,,,,,,,,,,,,,,,,,,,,,,,,,,,,,,,,,,,,,,,,,,,,,,,,,,,,,,,,,,,,,,,,,,,,,,,,,,,,,,,,,,,,,,,,
https://www.homeintunisia.com/fr/propri%C3%A9t%C3%A9/7454682,magnifique duplex cité la caserne à vendre,Cité Militaire,367 200 TND,Appartement,7454682,4 pièces,150 m²,175 m²,"Radiateur, Climatisation, Central",,Collectif,Chaudière,Individuelle,Tout à l'égout,Excellent état,Rez-de-chaussée,"Est, Nord-est",Dégagée Jardin Ciel,,,,,,1.0,1.0,,,35.82768,10.63523,,,1.0,,1.0,,1.0,,,,,,,1.0,1.0,,,1.0,1.0,1.0,,,,,,,1.0,,1.0,,1.0,,,,,,,,,,,,,,,1.0,,,,,,,,,,,1.0,1.0,,,,,,,,,,,,,,,1.0,,,,,,1.0,,,1.0,,,,,,,,,,,1.0,,,,,,,,,,,,,,,,,,,,,,,,,,,,,,,,,,,,,,,,,,,,,,,,,,,,,,,,,,,,,,,,,,,,,,,,,,,,,,,,,,,,,,,,,,,,,,,,,,,,,,,,,,,,,,,,,,,,,,,,,,,,,,,,,,,,,,,,,,,,,,,,,,,,,,,,,,,,,,,,,,,,,,,,,,,,,,,,,,,,,,,,,,,,,,,,,,,,,,,,,,,,,,,,,,,,,,,,,,,,,,,,,,,,,,,,,,,,,,,,,,,,,,,,,,,,,,,,,,,,,,,,,,,,,,,,,,,,,,,,,,,,,
https://www.homeintunisia.com/fr/propri%C3%A9t%C3%A9/7447161,À Vendre – Penthouse d'Exception à Khezama avec Vue Panoramique Mer,Sousse Khezama,1 350 000 TND,Appartement,7447161,5 pièces,220 m²,220 m²,"Radiateur, Climatisation",Gaz,Collectif,Chaudière,Individuelle,Tout à l'égout,Neuf,8ème,Est,Dégagée Ciel Rue,,4,2,,,1.0,1.0,,,35.84762,10.61978,,,1.0,,1.0,1.0,1.0,,,,,,,,1.0,,,,1.0,,,,,,,,,,,,,,,,,,,,,,,,,,,,,,,,,,,,,,,1.0,,1.0,,,,,,,,,,,,,,,,,,,1.0,,,,,,,,1,,,,,,,,,,,,,,,,,,,,,,,,,,,,,,,,,,,,,,,,,,,,,,,,,,,,,1,,,,,,,,,,,,,,,,,,,,,,,,,,,,,,,,,,,,,,,,,,,,,,,,,,,,,,,,,,,,,,,,,,,,,,,,,,,,,,,,,,,,,,,,,,,,,,,,,,,,,,,,,,,,,,,,,,,,,,,,,,,,,,,,,,,,,,,,,,,,,,,,,,,,,,,,,,,,,,,,,,,,,,,,,,,,,,,,,,,,,,,,,,,,,,,,,,,,,,,,,,,,,,,,,,,,,,,,,,,,,,,,,,,,,,,,,,,,,,
https://www.homeintunisia.com/fr/propri%C3%A9t%C3%A9/7336586,Beau Duplex Pieds dans l'Eau à Vendre –,Hammam Sousse,480 000 TND,Appartement,7336586,4 pièces,174 m²,,,,,,,,Excellent état,Rez-de-chaussée,,,,,,,,,,,,35.88821,10.58937,,,,,,,,,,,,,,,,,,,,,,,,,,,,,,,,,,,,,,,,,,,,,,,,,,,,,,,,,,,,,,,,,,,,,,,,,,,,,,,,,,,,,,,,,,,,,,,,,,,,,,,,,,,,,,,,,,,,,,,,,,,,,,,,,,,,,,,,,,,,,,,,,,,,,,,,,,,,,,,,,,,,,,,,,,,,,,,,,,,,,,,,,,,,,,,,,,,,,,,,,,,,,,,,,,,,,,,,,,,,,,,,,,,,,,,,,,,,,,,,,,,,,,,,,,,,,,,,,,,,,,,,,,,,,,,,,,,,,,,,,,,,,,,,,,,,,,,,,,,,,,,,,,,,,,,,,,,,,,,,,,,,,,,,,,,,,,,,,,,,,,,,,,,,,,,,,,,,,,,,,,,,,,,,,,,,,,,,,,
https://www.homeintunisia.com/fr/propri%C3%A9t%C3%A9/7332286,À Vendre : Appartement S+1 à,Tantana,185 000 TND,Appartement,7332286,2 pièces,45 m²,,Climatisation,,,,Individuelle,,Bon état,Rez-de-chaussée,,Dégagée Piscine,,,,,,,,,,35.92456,10.56351,,,,,,1.0,1.0,1.0,,,,,,,,,,1.0,,,,,,,,,,,,,,,,,,,,,,,,,,,,,,,,,,,,,,,,,,,,,,,,,,,,,,,,,,,,,,,,,,,,,,,,,,,,,,,,,,,,,,,,,,,,,,,,,,,,,,,,,,,,,,,,,,,,,,,,,,,,,,,,,,,,,,,,,,,,,,,,,,,,,,,,,,,,,,,,,,,,,,,,,,,,,,,,,,,,,,,,,,,,,,,,,,,,,,,,,,,,,,,,,,,,,,,,,,,,,,,,,,,,,,,,,,,,,,,,,,,,,,,,,,,,,,,,,,,,,,,,,,,,,,,,,,,,,,,,,,,,,,,,,,,,,,,,,,,,,,,,,,,,,,,,,,,,,,,,,,,,,,,,,,,,,,,,,,,,,,,,,,,,,,,,,,,,,,,,
https://www.homeintunisia.com/fr/propri%C3%A9t%C3%A9/7323132,Appartement a vendre Corniche,Sousse Corniche,320 000 TND,Appartement,7323132,3 pièces,,115 m²,,,Collectif,,,,À rafraîchir,1er,"Nord-est, Nord-ouest",Vis-à-vis Rue,,,,,,,,,,35.83826,10.63024,,,,,,,,,,,,,,,,,,,,,,,,,,,,,,,,,,,,,,,,,,,,,,,,,,,,,,,,,,,,,,,,,,,,,,,,,,,,,,,,,,,,,,,,,,,,,,,,,,,,,,,,,,,,,,,,,,,,,,,,,,,,,,,,,,,,,,,,,,,,,,,,,,,,,,,,,,,,,,,,,,,,,,,,,,,,,,,,,,,,,,,,,,,,,,,,,,,,,,,,,,,,,,,,,,,,,,,,,,,,,,,,,,,,,,,,,,,,,,,,,,,,,,,,,,,,,,,,,,,,,,,,,,,,,,,,,,,,,,,,,,,,,,,,,,,,,,,,,,,,,,,,,,,,,,,,,,,,,,,,,,,,,,,,,,,,,,,,,,,,,,,,,,,,,,,,,,,,,,,,,,,,,,,,,,,,,,,,,,
https://www.homeintunisia.com/fr/propri%C3%A9t%C3%A9/7264497,S+2  cité la caserne,Sousse,330 000 TND,Appartement,7264497,3 pièces,,115 m²,Central,Eau chaude,Individuel,Chaudière,Individuelle,Tout à l'égout,Bon état,,Nord-est,Dégagée Mer Ville,,,,,,1.0,,,,35.82402,10.62907,,,1.0,,1.0,1.0,1.0,,,,,,,,,,,,1.0,1.0,,,,,,,,,,,,,,,,,,,,,,,,,,,,,,,,,,,,,,1.0,,,,,,,,,,,,,,,1.0,,,,,,1.0,,,,,,,,,,,,,,,,,,,,,,,,,,,,,,,,,,,,,,,,,,,,,,,,,,,,,,,,,,,,,,,,,,,,,,,,,,,,,,,,,,,,,,,,,,,,,,,,,,,,,,,,,,,,,,,,,,,,,,,,,,,,,,,,,,,,,,,,,,,,,,,,,,,,,,,,,,,,,,,,,,,,,,,,,,,,,,,,,,,,,,,,,,,,,,,,,,,,,,,,,,,,,,,,,,,,,,,,,,,,,,,,,,,,,,,,,,,,,,,,,,,,,,,,,,,,,,,,,,,,,,,,,,,,,,,,,,,,,,,,,,,,,,,,,,,,,,,,,,,
https://www.homeintunisia.com/fr/propri%C3%A9t%C3%A9/7053588,À Vendre : Appartement S+2 de Standing sur la Zone Touristique de Sousse,Sousse Khezama,395 000 TND,Appartement,7053588,3 pièces,168 m²,168 m²,"Radiateur, Climatisation",Gaz,Individuel,Chaudière,Individuelle,Tout à l'égout,Bon état,4ème,,Dégagée,,,,,,,1.0,,,35.80635,10.61376,,,1.0,,1.0,,,,,,,,,,1.0,,,1.0,,1.0,,,1.0,,,,,,,,1.0,1.0,,,,,,,,,,,,,,,,,,,,,,1.0,,,1.0,1.0,,1.0,,,,,,,,,,,,,1.0,,,,,,1.0,,,,,,,,,,,,,,,,1.0,,,,,,,,,,,,,,,,,,,,,,,,,,,,,,,,,,,,,,,,,,,,,,,,,,,,,,,,,,,,,,,,,,,,,,,,,,,,,,,,,,,,,,,,,,,,,,,,,,,,,,,,,,,,,,,,,,,,,,,,,,,,,,,,,,,,,,,,,,,,,,,,,,,,,,,,,,,,,,,,,,,,,,,,,,,,,,,,,,,,,,,,,,,,,,,,,,,,,,,,,,,,,,,,,,,,,,,,,,,,,,,,,,,,,,,,,,,,,,,,,,,,,,,,,,,,,,,,,,,,,,,,,,,,,,,,,,,,,,,,,,,
https://www.homeintunisia.com/fr/propri%C3%A9t%C3%A9/6999100,Vente Appartement S+1 à  4,Sahloul,228 000 TND,Appartement,6999100,2 pièces,,95.08 m²,Central,Gaz,Individuel,Chauffe-eau,Individuelle,,,4ème,,,,,,,,,,,,35.82944,10.59457,,,,,,,,,,,,,,,,,,,,,,,,,,,,,,,,,,,,,,,,,,,,,,,,,,,,,,,,,,,,,,,,,,,,,,,,,,,,,,,,,,,,,,,,,,,,,,,,,,,,,,,,,,,,,,,,,,,,,,,,,,,,,,,,,,,,,,,,,,,,,,,,,,,,,,,,,,,,,,,,,,,,,,,,,,,,,,,,,,,,,,,,,,,,,,,,,,,,,,,,,,,,,,,,,,,,,,,,,,,,,,,,,,,,,,,,,,,,,,,,,,,,,,,,,,,,,,,,,,,,,,,,,,,,,,,,,,,,,,,,,,,,,,,,,,,,,,,,,,,,,,,,,,,,,,,,,,,,,,,,,,,,,,,,,,,,,,,,,,,,,,,,,,,,,,,,,,,,,,,,,,,,,,,,,,,,,,,,,,
https://www.homeintunisia.com/fr/propri%C3%A9t%C3%A9/6915075,Duplex à vendre à kalaa sghira,Kalaa Essghira,215 000 TND,Appartement,6915075,6 pièces,228 m²,,,,,,Individuelle,,Bon état,Plain-pied,"Est, Nord-est",Dégagée,,,,,,,,,,35.82296,10.55965,,,,,,,,,,,,,,,,,,,,,,,,,,,,,,,,,,,,,,,,,,,,,,,,,,,,,,,,,,,,,,,,,,,,,,,,,,,,,,,,,,,,,,,,,,,,,,,,,,,,,,,,,,,,,,,,,,,,,,,,,,,,,,,,,,,,,,,,,,,,,,,,,,,,,,,,,,,,,,,,,,,,,,,,,,,,,,,,,,,,,,,,,,,,,,,,,,,,,,,,,,,,,,,,,,,,,,,,,,,,,,,,,,,,,,,,,,,,,,,,,,,,,,,,,,,,,,,,,,,,,,,,,,,,,,,,,,,,,,,,,,,,,,,,,,,,,,,,,,,,,,,,,,,,,,,,,,,,,,,,,,,,,,,,,,,,,,,,,,,,,,,,,,,,,,,,,,,,,,,,,,,,,,,,,,,,,,,,,,
https://www.homeintunisia.com/fr/propri%C3%A9t%C3%A9/6866740,"Spacieux Appartement S+1 à , à Quelques Mètres de la Mer",Kelibia,320 000 TND,Appartement,6866740,2 pièces,164 m²,,,,,,,,Bon état,Rez-de-chaussée,,Dégagée,,,,,,,,,,36.46533,10.80847,,,,,,,,,,,,,,,,,,,,,,,,,,,,,,,,,,,,,,,,,,,,,,,,,,,,,,,,,,,,,,,,,,,,,,,,,,,,,,,,,,,,,,,,,,,,,,,,,,,,,,,,,,,,,,,,,,,,,,,,,,,,,,,,,,,,,,,,,,,,,,,,,,,,,,,,,,,,,,,,,,,,,,,,,,,,,,,,,,,,,,,,,,,,,,,,,,,,,,,,,,,,,,,,,,,,,,,,,,,,,,,,,,,,,,,,,,,,,,,,,,,,,,,,,,,,,,,,,,,,,,,,,,,,,,,,,,,,,,,,,,,,,,,,,,,,,,,,,,,,,,,,,,,,,,,,,,,,,,,,,,,,,,,,,,,,,,,,,,,,,,,,,,,,,,,,,,,,,,,,,,,,,,,,,,,,,,,,,,
https://www.homeintunisia.com/fr/propri%C3%A9t%C3%A9/6846732,Duplex pieds dans l'eau,Tantana,345 000 TND,Appartement,6846732,3 pièces,,85 m²,Sans chauffage,Gaz,Individuel,Chauffe-eau,Individuelle,,Bon état,2ème,,Dégagée,,,,,,,,,,35.94312,10.52022,,,1.0,,,,,1.0,,,,,,,,,,,,,,,,,,,,,,,,,,,,,,,,,,,,,,,,,,,,,,,,,,,,,,,,,,,,,,,,,1.0,,,,,,,,,,,,,,,,,,,,,,,,,,,,,,,,,,,,,,,,,,,,,,,,,,,,,,,,,,,,,,,,,,,,,,,,,,,,,,,,,,,,,,,,,,,,,,,,,,,,,,,,,,,,,,,,,,,,,,,,,,,,,,,,,,,,,,,,,,,,,,,,,,,,,,,,,,,,,,,,,,,,,,,,,,,,,,,,,,,,,,,,,,,,,,,,,,,,,,,,,,,,,,,,,,,,,,,,,,,,,,,,,,,,,,,,,,,,,,,,,,,,,,,,,,,,,,,,,,,,,,,,,,,,,,,,,,,,,,,,,,,,,,,,,,,,,,,,,,,,,,,,,
https://www.homeintunisia.com/fr/propri%C3%A9t%C3%A9/6654295,Etage de villa S+3 haut standing à Corniche,Sousse,380 000 TND,Appartement,6654295,4 pièces,,135 m²,"Climatisation, Central",Eau chaude,Individuel,Chauffe-eau,Individuelle,,Excellent état,1er,Nord-est,Panoramique Mer Ville,,,,,,,,,,35.8273,10.6339,,,1.0,,,,,1.0,,,,,,,,,,,,,,,,,,,1.0,,1.0,,,1.0,,,,,,,,,,,,,,,,,,,,,,,,,,,,,,,,,,,,,,,,,,,,,,,,,,,,,,,,,,,,,,,,,,,,,,,,,,,,,,,,,,,,,,,,,,,,,,,,,,,,,,,,,,,,,,,,,,,,,,,,,,,,,,,,,,,,,,,,,,,,,,,,,,,,,,,,,,,,,,,,,,,,,,,,,,,,,,,,,,,,,,,,,,,,,,,,,,,,,,,,,,,,,,,,,,,,,,,,,,,,,,,,,,,,,,,,,,,,,,,,,,,,,,,,,,,,,,,,,,,,,,,,,,,,,,,,,,,,,,,,,,,,,,,,,,,,,,,,,,,,,,,,,,,,,,,,,,,,,,,,,,,,,,,,,,,,,,,,,,,,,,,,,,
https://www.homeintunisia.com/fr/propri%C3%A9t%C3%A9/6150399,Vente Triplex + Local Commercial,El Yasminette,500 000 TND,Appartement,6150399,6 pièces,350 m²,350 m²,Cheminée,Electrique,Individuel,Chaudière,Individuelle,,,1er étage / 4,,Externe,,,,,,1.0,1.0,,,36.6004,10.31744,,,,1.0,1.0,,1.0,,,,,,,,,,,1.0,1.0,,,,,,,,1.0,,,,,1.0,,,,,,,,,,,1.0,,,,,,,,,,,,,,,,,,,,,,,,,,,,,,,,,,,,,,,,,,,,,,,,,,,,,,,,,,,,,,,,,,,,,,,,,,,,,,,,,,,,,,,,,,,,,,,,,,,,,,,,,,,,,,,,,,,,,,,,,,,,,,,,,,,,,,,,,,,,,,,,,,,,,,,,,,,,,,,,,,,,,,,,,,,,,,,,,,,,,,,,,,,,,,,,,,,,,,,,,,,,,,,,,,,,,,,,,,,,,,,,,,,,,,,,,,,,,,,,,,,,,,,,,,,,,,,,,,,,,,,,,,,,,,,,,,,,,,,,,,,,,,,,,,,,,,,,,,,,,,,,,,,,,,,,,,,,,,,,,,,,,,,,,,,,,,,
https://www.homeintunisia.com/fr/propri%C3%A9t%C3%A9/6004440,Appartement s+2 a vendre a sousse,Sousse,450 000 TND,Appartement,6004440,3 pièces,165 m²,,Central,,,,Individuelle,,Excellent état,4ème,,Dégagée,,,,,,,,,,35.8152,10.62993,,,,,1.0,,1.0,,,1.0,,,,,,,,,,1.0,,,,,,,1.0,,1.0,,,,,,,,,,,,,,,,,,,,,,,,,,,,,,,,,,,,,,,,,,,,,,,,,,1.0,,,,,,,,,,,,,,,,,,,,,,,,,,,,,,,,,,,,,,,,,,,,,,,,,,,,,,,,,,,,,,,,,,,,,,,,,,,,,,,,,,,,,,,,,,,,,,,,,,,,,,,,,,,,,,,,,,,,,,,,,,,,,,,,,,,,,,,,,,,,,,,,,,,,,,,,,,,,,,,,,,,,,,,,,,,,,,,,,,,,,,,,,,,,,,,,,,,,,,,,,,,,,,,,,,,,,,,,,,,,,,,,,,,,,,,,,,,,,,,,,,,,,,,,,,,,,,,,,,,,,,,,,,,,,,,,,,,,,,,,,,,,,,,,,,,,,,,,,,,
https://www.homeintunisia.com/fr/propri%C3%A9t%C3%A9/6004435,Appartement s+2 a vendre a sousse,Sousse,325 000 TND,Appartement,6004435,3 pièces,134 m²,,Central,,,,Individuelle,,Excellent état,,,Dégagée,,,,,,,,,,35.8152,10.62993,,,,,1.0,,1.0,,,1.0,,,,,,,,,,1.0,,,,,,,1.0,,1.0,,,,,,,,,,,,,,,,,,,,,,,,,,,,,,,,,,,,,,,,,,,,,,,,,,1.0,,,,,,,,,,,,,,,,,,,,,,,,,,,,,,,,,,,,,,,,,,,,,,,,,,,,,,,,,,,,,,,,,,,,,,,,,,,,,,,,,,,,,,,,,,,,,,,,,,,,,,,,,,,,,,,,,,,,,,,,,,,,,,,,,,,,,,,,,,,,,,,,,,,,,,,,,,,,,,,,,,,,,,,,,,,,,,,,,,,,,,,,,,,,,,,,,,,,,,,,,,,,,,,,,,,,,,,,,,,,,,,,,,,,,,,,,,,,,,,,,,,,,,,,,,,,,,,,,,,,,,,,,,,,,,,,,,,,,,,,,,,,,,,,,,,,,,,,,,,
https://www.homeintunisia.com/fr/propri%C3%A9t%C3%A9/6004426,Appartement s+3 a vendre a sousse,Sousse,380 000 TND,Appartement,6004426,4 pièces,154 m²,,Central,,,,Individuelle,,Excellent état,,,Dégagée,,,,,,,,,,35.8152,10.62993,,,,,1.0,,1.0,,,1.0,,,,,,,,,,1.0,,,,,,,1.0,,1.0,,,,,,,,,,,,,,,,,,,,,,,,,,,,,,,,,,,,,,,,,,,,,,,,,,1.0,,,,,,,,,,,,,,,,,,,,,,,,,,,,,,,,,,,,,,,,,,,,,,,,,,,,,,,,,,,,,,,,,,,,,,,,,,,,,,,,,,,,,,,,,,,,,,,,,,,,,,,,,,,,,,,,,,,,,,,,,,,,,,,,,,,,,,,,,,,,,,,,,,,,,,,,,,,,,,,,,,,,,,,,,,,,,,,,,,,,,,,,,,,,,,,,,,,,,,,,,,,,,,,,,,,,,,,,,,,,,,,,,,,,,,,,,,,,,,,,,,,,,,,,,,,,,,,,,,,,,,,,,,,,,,,,,,,,,,,,,,,,,,,,,,,,,,,,,,,
https://www.homeintunisia.com/fr/propri%C3%A9t%C3%A9/6004364,Appartement s+1 a vendre a sousse,Sousse,210 000 TND,Appartement,6004364,2 pièces,85 m²,,Central,,,,Individuelle,,Excellent état,,,Dégagée,,,,,,,,,,35.8152,10.62993,,,,,1.0,,1.0,,,1.0,,,,,,,,,,1.0,,,,,,,1.0,,1.0,,,,,,,,,,,,,,,,,,,,,,,,,,,,,,,,,,,,,,,,,,,,,,,,,,1.0,,,,,,,,,,,,,,,,,,,,,,,,,,,,,,,,,,,,,,,,,,,,,,,,,,,,,,,,,,,,,,,,,,,,,,,,,,,,,,,,,,,,,,,,,,,,,,,,,,,,,,,,,,,,,,,,,,,,,,,,,,,,,,,,,,,,,,,,,,,,,,,,,,,,,,,,,,,,,,,,,,,,,,,,,,,,,,,,,,,,,,,,,,,,,,,,,,,,,,,,,,,,,,,,,,,,,,,,,,,,,,,,,,,,,,,,,,,,,,,,,,,,,,,,,,,,,,,,,,,,,,,,,,,,,,,,,,,,,,,,,,,,,,,,,,,,,,,,,,,
https://www.homeintunisia.com/fr/propri%C3%A9t%C3%A9/5918797,Appartement Haut Standing à Vendre – Quartier Animé et Pratique,Sousse,420 000 TND,Appartement,5918797,4 pièces,133 m²,184 m²,Central,,,,Individuelle,,Neuf,5ème étage / 8,,Dégagée,,,,,,,1.0,,,35.8273,10.6339,,,1.0,,1.0,,,,,,,,,,,,,,,1.0,,,,,,,,,,,,,,,,,,,,,,,,,,,,,,,,,1.0,,,,,1.0,,,,,,,,,,,,,,,,,,,,,1.0,,,1.0,,,,,,,,,,,,,,,,,,,,,,,,,,,,,,,,,,,,,,,,,,,,,,,,,,,,,,,,,,,,,,,,,,,,,,,,,,,,,,,,,,,,,,,,,,,,,,,,,,,,,,,,,,,,,,,,,,,,,,,,,,,,,,,,,,,,,,,,,,,,,,,,,,,,,,,,,,,,,,,,,,,,,,,,,,,,,,,,,,,,,,,,,,,,,,,,,,,,,,,,,,,,,,,,,,,,,,,,,,,,,,,,,,,,,,,,,,,,,,,,,,,,,,,,,,,,,,,,,,,,,,,,,,,,,,,,,,,,,,,,,,,,,,,,,,,,,,,,
https://www.homeintunisia.com/fr/propri%C3%A9t%C3%A9/5918736,À Vendre - Appartement Haut Standing,Sousse,384 000 TND,Appartement,5918736,4 pièces,150 m²,183 m²,Central,,,,Individuelle,,Neuf,1er étage / 8,,Dégagée,,,,,,,1.0,,,35.8273,10.6339,,,1.0,,1.0,,,,,,,,,,,,,,,1.0,,,,,,,,,,,,,,,,,,,,,,,,,,,,,,,,,1.0,,,,,1.0,,,,,,,,,,,,,,,,,,,,,1.0,,,1.0,,,,,,,,,,,,,,,,,,,,,,,,,,,,,,,,,,,,,,,,,,,,,,,,,,,,,,,,,,,,,,,,,,,,,,,,,,,,,,,,,,,,,,,,,,,,,,,,,,,,,,,,,,,,,,,,,,,,,,,,,,,,,,,,,,,,,,,,,,,,,,,,,,,,,,,,,,,,,,,,,,,,,,,,,,,,,,,,,,,,,,,,,,,,,,,,,,,,,,,,,,,,,,,,,,,,,,,,,,,,,,,,,,,,,,,,,,,,,,,,,,,,,,,,,,,,,,,,,,,,,,,,,,,,,,,,,,,,,,,,,,,,,,,,,,,,,,,,
https://www.homeintunisia.com/fr/propri%C3%A9t%C3%A9/5076821,S+2 pieds dans l'eau meublé,Hammam Sousse,450 000 TND,Appartement,5076821,3 pièces,,125 m²,Central,Gaz,Individuel,Chaudière,Individuelle,,Bon état,,,Dégagée,,,,,,1.0,,1.0,,35.8569,10.5972,,,,,1.0,,,1.0,,1.0,,,,,1.0,,,,1.0,1.0,,,,,,,,,,,,,,,,,,,,,,,,,,1.0,,,,,,,,1.0,,,,1.0,,,,,,,,,,,,,,,,,,,,,1.0,,,,,,,,,,,,,,,,,,,,,,,,,,,,,,,,,,,,,,,,,,,,,,,,,,,,,,,,,,,,,,,,,,,,,,,,,,,,,,,,,,,,,,,,,,,,,,,,,,,,,,,,,,,,,,,,,,,,,,,,,,,,,,,,,,,,,,,,,,,,,,,,,,,,,,,,,,,,,,,,,,,,,,,,,,,,,,,,,,,,,,,,,,,,,,,,,,,,,,,,,,,,,,,,,,,,,,,,,,,,,,,,,,,,,,,,,,,,,,,,,,,,,,,,,,,,,,,,,,,,,,,,,,,,,,,,,,,,,,,,,,,,,,,,,,,,,,,,,,,
https://www.homeintunisia.com/fr/propri%C3%A9t%C3%A9/4713599,À Vendre : Magnifique Appartement S+2 Entièrement Meublé à Tantana,Chatt Meriem,480 000 TND,Appartement,4713599,3 pièces,,120 m²,Central,Eau chaude,Individuel,Chaudière,Individuelle,Tout à l'égout,Neuf,Rez-de-chaussée,,Dégagée,,,,,,1.0,1.0,,,35.92866,10.55854,,,1.0,,1.0,,1.0,1.0,,1.0,1.0,,,1.0,,,,,1.0,1.0,,,,,,,,,,,1.0,,,,,,,,,,,,,1.0,1.0,1.0,,,,,,,,,,,,1.0,,,,,1.0,,,,,,,,,,,,,,,,,,,,,,,,,,,,,,,,,,,,,,,,,,,,,,,,,,,,,,,,,,,,,,,,,,,,,,,,,,,,,,,,,,,,,,,,,,,,,,,,,,,,,,,,,,,,,,,,,,,,,,,,,,,,,,,,,,,,,,,,,,,,,,,,,,,,,,,,,,,,,,,,,,,,,,,,,,,,,,,,,,,,,,,,,,,,,,,,,,,,,,,,,,,,,,,,,,,,,,,,,,,,,,,,,,,,,,,,,,,,,,,,,,,,,,,,,,,,,,,,,,,,,,,,,,,,,,,,,,,,,,,,,,,,,,,,,,,,,,,,,,,,,,,,,,,,,,,,,,,
https://www.homeintunisia.com/fr/propri%C3%A9t%C3%A9/4497221,2 appartements s+1 à vendre,Cité de la Plage 1,370 000 TND,Appartement,4497221,4 pièces,,160 m²,Central,Eau chaude,Individuel,Chaudière,Individuelle,Tout à l'égout,Excellent état,5ème,,Dégagée,,,,,,1.0,1.0,,,35.79,10.56,,,1.0,,1.0,,1.0,,,1.0,,,,1.0,,,,1.0,1.0,1.0,,,,,,,1.0,,,,1.0,1.0,,,,,,,,,,,,,,,,,,,,,,,,,,1.0,,,,,,,,,,,,,,,1.0,,,,,,1.0,,,,,,,,,,,,,,,,,,,,,,,,,,,,,,,,,,,,,,,,,,,,,,,,,,,,,,,,,,,,,,,,,,,,,,,,,,,,,,,,,,,,,,,,,,,,,,,,,,,,,,,,,,,,,,,,,,,,,,,,,,,,,,,,,,,,,,,,,,,,,,,,,,,,,,,,,,,,,,,,,,,,,,,,,,,,,,,,,,,,,,,,,,,,,,,,,,,,,,,,,,,,,,,,,,,,,,,,,,,,,,,,,,,,,,,,,,,,,,,,,,,,,,,,,,,,,,,,,,,,,,,,,,,,,,,,,,,,,,,,,,,,,,,,,,,,,,,,,,,
https://www.homeintunisia.com/fr/propri%C3%A9t%C3%A9/4467160,Vente Appartement,Mahdia,414 832 TND,Appartement,4467160,3 pièces,143.84 m²,,,,,,,,,Rez-de-chaussée,,,,,,,,,1.0,,,35.5044,11.0661,,,1.0,,1.0,,1.0,,,1.0,,,,,1.0,,,,1.0,1.0,,,,,,,1.0,,,,,,,,,,,,,,,,,1.0,,,,,,,,,1.0,,,,1.0,1.0,,1.0,,,,,,,,,,,,,1.0,,,,,,1.0,,,,,,,,,,,,,,,,,,,,,,,,,,,,,,,,,,,,,,,,,,,,,,,,,,,,,,,,,,,,,,,,,,,,,,,,,,,,,,,,,,,,,,,,,,,,,,,,,,,,,,,,,,,,,,,,,,,,,,,,,,,,,,,,,,,,,,,,,,,,,,,,,,,,,,,,,,,,,,,,,,,,,,,,,,,,,,,,,,,,,,,,,,,,,,,,,,,,,,,,,,,,,,,,,,,,,,,,,,,,,,,,,,,,,,,,,,,,,,,,,,,,,,,,,,,,,,,,,,,,,,,,,1,,,,,,,,,,,,,,,,,,,,,,,,,,,,,,,,,,
https://www.homeintunisia.com/fr/propri%C3%A9t%C3%A9/4254547,À Vendre : Appartement S+2 Meublé - Zone Touristique de,Sousse,390 000 TND,Appartement,4254547,3 pièces,,118 m²,Central,Gaz,Individuel,Chaudière,Individuelle,,Bon état,,,Dégagée,,,,,,,,1.0,,35.8273,10.6339,,,,,1.0,,,1.0,,,,,,,,,,,1.0,1.0,,1.0,,,,,,,,,,,,,,,,,,,,,,,,,,,,,,,,1.0,,,,1.0,,,,,,,,,,,,,,,,,,,,,1.0,,,,,,,,,,,,,,,,,,,,,,,,,,,,,,,,,,,,,,,,,,,,,,,,,,,,,,,,,,,,,,,,,,,,,,,,,,,,,,,,,,,,,,,,,,,,,,,,,,,,,,,,,,,,,,,,,,,,,,,,,,,,,,,,,,,,,,,,,,,,,,,,,,,,,,,,,,,,,,,,,,,,,,,,,,,,,,,,,,,,,,,,,,,,,,,,,,,,,,,,,,,,,,,,,,,,,,,,,,,,,,,,,,,,,,,,,,,,,,,,,,,,,,,,,,,,,,,,,,,,,,,,,,,,,,,,,,,,,,,,,,,,,,,,,,,,,,,,,,,
https://www.homeintunisia.com/fr/propri%C3%A9t%C3%A9/4153533,VENTE : ÉTAGE DE VILLA À SAHLOUL,Sahloul,750 000 TND,Appartement,4153533,5 pièces,506 m²,520 m²,Radiateur,Electrique,Individuel,,Individuelle,Tout à l'égout,Bon état,,,Dégagée,,,,,,,,,,35.83,10.62,,,1.0,,,,,,,,,,,,1.0,,,,,,,,,,,,1.0,,,,,,,,,,,,,,,,,,,,,,,,,,,,,,,,,,,,,,,,,,,,,,,,,,,,,,,,,,,,,,,,,,,,,,,,,,,,,,,,,,,,,,,,,,,,,,,,,,,,,,,,,,,,,,,,,,,,,,,,,,,,,,,,,,,,,,,,,,,,,,,,,,,,,,,,,,,,,,,,,,,,,,,,,,,,,,,,,,,,,,,,,,,,,,,,,,,,,,,,,,,,,,,,,,,,,,,,,,,,,,,,,,,,,,,,,,,,,,,,,,,,,,,,,,,,,,,,,,,,,,,,,,,,,,,,,,,,,,,,,,,,,,,,,,,,,,,,,,,,,,,,,,,,,,,,,,,,,,,,,,,,,,,,,,,,,,,,,,,,,,,,,,,,,,,
https://www.homeintunisia.com/fr/propri%C3%A9t%C3%A9/4089456,Très Spacieux Appartement S+3 à Vendre – Zone Touristique,Hammam Sousse,400 000 TND,Appartement,4089456,4 pièces,151 m²,182 m²,Central,,,,Individuelle,,Bon état,4ème,,Dégagée,,,,,,,1.0,,,35.8569,10.5972,,,,,,,,,,,,,,,,,,1.0,,,,,,,,,,,,,,,,,,,,,,,,,,,,,,,,,,,,,,,,,,,,,,,,,,,,,,,,,,,,,1.0,,,,,,,,,,,,,,,,,,,,,,,,,,,,,,,,,,,,,,,,,,,,,,,,,,,,,,,,,,,,,,,,,,,,,,,,,,,,,,,,,,,,,,,,,,,,,,,,,,,,,,,,,,,,,,,,,,,,,,,,,,,,,,,,,,,,,,,,,,,,,,,,,,,,,,,,,,,,,,,,,,,,,,,,,,,,,,,,,,,,,,,,,,,,,,,,,,,,,,,,,,,,,,,,,,,,,,,,,,,,,,,,,,,,,,,,,,,,,,,,,,,,,,,,,,,,,,,,,,,,,,,,,,,,,,,,,,,,,,,,,,,,,,,,,,,,,,,,,,,
https://www.homeintunisia.com/fr/propri%C3%A9t%C3%A9/4036361,Magnifique S+2 pieds dans l'eau a tantana,Chatt Meriem,560 000 TND,Appartement,4036361,3 pièces,106 m²,118 m²,Central,Gaz,Collectif,Chaudière,Individuelle,Tout à l'égout,Excellent état,2ème étage / 3,"Nord-est, Sud-est",Dégagée Ciel Rue,1,2,,,,1.0,1.0,,,35.92442,10.57388,,,1.0,,1.0,,1.0,1.0,,1.0,,,,,,,1,1.0,,1.0,,,,,,,,1.0,,,,,,,,,,,,,,1,1.0,1.0,,,,,,,,,,1.0,,,,,,,,,,,,,,,,,,,,,,,,,1.0,,,,,,,,,,,,,,,,,,,,,,,,,,,,,,,,,,,,,,,,,,,,,,,,,,,,,,,,,,,,,,,,,,,,,,,,,,,,,,,,,,,,,,,,,,,,,,,,,,,,,,,,,,,,,,,,,,,,,,,,,,,,,,,,,,,,,,,,,,,,,,,,,,,,,,,,,,,,,,,,,,,,,,,,,,,,,,,,,,,,,,,,,,,,,,,,,,,,,,,,,,,,,,,,,,,,,,,,,,,,,,,,,,,,,,,,,,,,,,,,,,,,,,,,,,,,,,,,,,,,,,,,,,,,,,,,,,,,,,,,,,,,,,,,,,,,,,,,,,,
https://www.homeintunisia.com/fr/propri%C3%A9t%C3%A9/3921047,MAGNIFIQUE APPARTEMENT S+2 À VENDRE – ZONE TOURISTIQUE MONASTIR,Zone Skanes,320 000 TND,Appartement,3921047,3 pièces,,91 m²,Central,Eau chaude,Individuel,Chaudière,Individuelle,Tout à l'égout,Bon état,1er étage / 4,,Dégagée,,,,,,1.0,1.0,,,35.75616,10.82802,,,1.0,,1.0,,1.0,1.0,,1.0,,,,,1.0,,,,1.0,1.0,,,,,,,1.0,1.0,,,1.0,,,,,,,,,,,,,,,,,,,,,,1.0,1.0,,,1.0,,,,,,,,,,,,,,,,,,,,,,,,1.0,,,,,,,,,,,,,,,,,,,,,,1,,,,,,,,,,,,,,,,,,,,,,,,,,,,,,,,,,,,,,,,,,,,,,,,,,,,,,,,,,,,,,,,,,,,,,,,,,,,,,,,,,,,,,,,,,,,,,,,,,,,,,,,,,,,,,,,,,,,,,,,,,,,,,,,,,,,,,,,,,,,,,,,,,,,,,,,,,,,,,,,,,,,,,,,,,,,,,,,,,,,,,,,,,,,,,,,,,,,,,,,,,,,,,,,,,,,,,,,,,,,,,,,,,,,,,,,,,,,,,,,,,,,,,,,,,,,,,,,,,,,,,,,,,,,,,,,,,,
https://www.homeintunisia.com/fr/propri%C3%A9t%C3%A9/3383220,VENTE APPARTEMENT TANTANA/ SOVIVA,Tantana,298 571 TND,Appartement,3383220,3 pièces,101 m²,,Climatisation,Electrique,Individuel,Chauffe-eau,Individuelle,,Excellent état,,,Externe,,,,,,,,,,35.91875,10.57603,,,,,,,1.0,,,1.0,,,,,,,,1.0,1.0,1.0,,,,,,,,,,,,,,,,,,,,,,,,,,,,,,,,,,1.0,,,,,,,,,,,,,,,,,,,,,,,,,1.0,,,,,,,,,,,,,,,,,,,,,,,,,,,,,,,,,,,,,,,,,,,,,,,,,,,,,,,,,,,,,,,,,,,,,,,,,,,,,,,,,,,,,,,,,,,,,,,,,,,,,,,,,,,,,,,,,,,,,,,,,,,,,,,,,,,,,,,,,,,,,,,,,,,,,,,,,,,,,,,,,,,,,,,,,,,,,,,,,,,,,,,,,,,,,,,,,,,,,,,,,,,,,,,,,,,,,,,,,,,,,,,,,,,,,,,,,,,,,,,,,,,,,,,,,,,,,,,,,,,,,,,,,,,,,,,,,,,,,,,,,,,,,,,,,,,,,,,,,,,
https://www.homeintunisia.com/fr/propri%C3%A9t%C3%A9/3352771,Bel Appartement Face à la Mer – Chatt Mariem,Chatt Meriem,530 000 TND,Appartement,3352771,3 pièces,115 m²,125 m²,Central,,,,Individuelle,,Excellent état,Rez-de-chaussée / 1 étage,,Panoramique,,,,,,,,,,35.94312,10.52022,,,,,,,,,,,,,,,,,,,,,,,,,,,,,,,,,,,,,,,,,,,,,,,,,,,,,,,,,,,,,,,,,,,,,,,,,,,,,,,,,,,,,,,,,,,,,,,,,,,,,,,,,,,,,,,,,,,,,,,,,,,,,,,,,,,,,,,,,,,,,,,,,,,,,,,,,,,,,,,,,,,,,,,,,,,,,,,,,,,,,,,,,,,,,,,,,,,,,,,,,,,,,,,,,,,,,,,,,,,,,,,,,,,,,,,,,,,,,,,,,,,,,,,,,,,,,,,,,,,,,,,,,,,,,,,,,,,,,,,,,,,,,,,,,,,,,,,,,,,,,,,,,,,,,,,,,,,,,,,,,,,,,,,,,,,,,,,,,,,,,,,,,,,,,,,,,,,,,,,,,,,,,,,,,,,,,,,,,,
https://www.homeintunisia.com/fr/propri%C3%A9t%C3%A9/3352716,Bel Appartement Pieds Dans L'Eau à Vendre – Chatt Mariem,Chatt Meriem,400 000 TND,Appartement,3352716,2 pièces,,81 m²,Central,,,,Individuelle,,Excellent état,Rez-de-chaussée / 1 étage,,Panoramique,,,,,,,,,,35.94312,10.52022,,,,,,,,,,,,,,,,,,,,,,,,,,,,,,,,,,,,,,,,,,,,,,,,,,,,,,,,,,,,,,,,,,,,,,,,,,,,,,,,,,,,,,,,,,,,,,,,,,,,,,,,,,,,,,,,,,,,,,,,,,,,,,,,,,,,,,,,,,,,,,,,,,,,,,,,,,,,,,,,,,,,,,,,,,,,,,,,,,,,,,,,,,,,,,,,,,,,,,,,,,,,,,,,,,,,,,,,,,,,,,,,,,,,,,,,,,,,,,,,,,,,,,,,,,,,,,,,,,,,,,,,,,,,,,,,,,,,,,,,,,,,,,,,,,,,,,,,,,,,,,,,,,,,,,,,,,,,,,,,,,,,,,,,,,,,,,,,,,,,,,,,,,,,,,,,,,,,,,,,,,,,,,,,,,,,,,,,,,
https://www.homeintunisia.com/fr/propri%C3%A9t%C3%A9/3222711,Appartement S+2 à,Tantana,346 500 TND,Appartement,3222711,3 pièces,85 m²,113 m²,Central,,,Chaudière,Individuelle,,Excellent état,2ème étage / 2,,Dégagée,,,,,,1.0,1.0,1.0,,35.94312,10.52022,,1.0,1.0,,,,1.0,1.0,,1.0,,,,,,,,1.0,1.0,1.0,,,,,,,,,,,,,,,,,,,,,,,,,,,,,,,,,1.0,1.0,,,1.0,,,,,,,,,,,,,,,,,,,,,,1.0,,,,,,,,,,,,,,,,,,,,,,,,,,,,,,,,,,,,,,,,,,,,,,,,,,,,,,,,,,,,,,,,,,,,,,,,,,,,,,,,,,,,,,,,,,,,,,,,,,,,,,,,,,,,,,,,,,,,,,,,,,,,,,,,,,,,,,,,,,,,,,,,,,,,,,,,,,,,,,,,,,,,,,,,,,,,,,,,,,,,,,,,,,,,,,,,,,,,,,,,,,,,,,,,,,,,,,,,,,,,,,,,,,,,,,,,,,,,,,,,,,,,,,,,,,,,,,,,,,,,,,,,,,,,,,,,,,,,,,,,,,,,,,,,,,,,,,,,,,,
https://www.homeintunisia.com/fr/propri%C3%A9t%C3%A9/3210715,S+2 pieds dans l'eau,Hergla,319 300 TND,Appartement,3210715,3 pièces,140 m²,155 m²,Central,Gaz,Individuel,Chaudière,Individuelle,Fosse septique,Bon état,3ème étage / 4,,Dégagée,,,,,,,1.0,1.0,,36.03467,10.50564,,,,,,,1.0,1.0,,,,,,,,,,,1.0,1.0,,,,,,,,,,,,,,,,,,,,,,,,,,,,,,,,,,1.0,,,,1.0,,,,,1.0,,,,,,,,,,,,,,,,1.0,,,,,,,,,,,,,,,,,,,,,,,,,,,,,,,,,,,,,,,,,,,,,,,,,,,,,,,,,,,,,,,,,,,,,,,,,,,,,,,,,,,,,,,,,,,,,,,,,,,,,,,,,,,,,,,,,,,,,,,,,,,,,,,,,,,,,,,,,,,,,,,,,,,,,,,,,,,,,,,,,,,,,,,,,,,,,,,,,,,,,,,,,,,,,,,,,,,,,,,,,,,,,,,,,,,,,,,,,,,,,,,,,,,,,,,,,,,,,,,,,,,,,,,,,,,,,,,,,,,,,,,,,,,,,,,,,,,,,,,,,,,,,,,,,,,,,,,,,,,
https://www.homeintunisia.com/fr/propri%C3%A9t%C3%A9/3131310,appartement à vendre,Tantana,425 390 TND,Appartement,3131310,3 pièces,,120 m²,Central,Eau chaude,Individuel,Chaudière,Individuelle,Tout à l'égout,Neuf,Rez-de-chaussée,,Dégagée,,,,,,1.0,1.0,,,35.94312,10.52022,,,1.0,,1.0,,1.0,1.0,,1.0,1.0,,,1.0,,,,,1.0,1.0,,,,,,,,,,,1.0,,,,,,,,,,,,,1.0,1.0,1.0,,,,,,,,,,,,1.0,,,,,1.0,,,,,,,,,,,,,,,,,,,,,,,,,,,,,,,,,,,,,,,,,,,,,,,,,,,,,,,,,,,,,,,,,,,,,,,,,,,,,,,,,,,,,,,,,,,,,,,,,,,,,,,,,,,,,,,,,,,,,,,,,,,,,,,,,,,,,,,,,,,,,,,,,,,,,,,,,,,,,,,,,,,,,,,,,,,,,,,,,,,,,,,,,,,,,,,,,,,,,,,,,,,,,,,,,,,,,,,,,,,,,,,,,,,,,,,,,,,,,,,,,,,,,,,,,,,,,,,,,,,,,,,,,,,,,,,,,,,,,,,,,,,,,,,,,,,,,,,,,,,,,,,,,,,,,,,,,,,
https://www.homeintunisia.com/fr/propri%C3%A9t%C3%A9/2913484,Sublime Duplex S+4 Front Mer à Vendre – Zone Touristique,Hammam Sousse,750 000 TND,Appartement,2913484,4 pièces,230 m²,275 m²,Central,,,,Individuelle,,Excellent état,,,Panoramique,,,,,,,,,,35.8569,10.5972,,,,,,,,1.0,,1.0,,,,,,,,1.0,1.0,,,,,,,,,,,,,,,,,,,,,,,,,,,,,,,,,,,1.0,,,,1.0,,,,,1.0,,,,,,,,,,,,,,,,1.0,,,1.0,,,,,,,,,,,,,,,,,,,,,,,,,,,,,,,,,,,,,,,,,,,,,,,,,,,,,,,,,,,,,,,,,,,,,,,,,,,,,,,,,,,,,,,,,,,,,,,,,,,,,,,,,,,,,,,,,,,,,,,,,,,,,,,,,,,,,,,,,,,,,,,,,,,,,,,,,,,,,,,,,,,,,,,,,,,,,,,,,,,,,,,,,,,,,,,,,,,,,,,,,,,,,,,,,,,,,,,,,,,,,,,,,,,,,,,,,,,,,,,,,,,,,,,,,,,,,,,,,,,,,,,,,,,,,,,,,,,,,,,,,,,,,,,,,,,,,,,,
https://www.homeintunisia.com/fr/propri%C3%A9t%C3%A9/2839205,Vente duplex luxe EL MENZA,Tunis,900 000 TND,Appartement,2839205,6 pièces,,,Central,,,,Individuelle,,Neuf,Rez-de-jardin,,Dégagée,,,,,,1.0,1.0,,,36.83801,10.17433,,,1.0,,1.0,,1.0,,,1.0,,,,,,,,,,1.0,,,,,,,1.0,,,,,1.0,,,,,,,,,,,,,,,,,,,,,,,,,,1.0,,,,,1.0,,,,,,,,,,,,,,,,1.0,,,1.0,,,,,,,,,,,,,,,,,,,,,,,,,,,,,,,,,,,,,,,,,,,,,,,,,,,,,,,,,,,,,,,,,,,,,,,,,,,,,,,,,,,,,,,,,,,,,,,,,,,,,,,,,,,,,,,,,,,,,,,,,,,,,,,,,,,,,,,,,,,,,,,,,,,,,,,,,,,,,,,,,,,,,,,,,,,,,,,,,,,,,,,,,,,,,,,,,,,,,,,,,,,,,,,,,,,,,,,,,,,,,,,,,,,,,,,,,,,,,,,,,,,,,,,,,,,,,,,,,,,,,,,,,,,,,,,,,,,,,,,,,,,,,,,,,,,,,,,,
https://www.homeintunisia.com/fr/propri%C3%A9t%C3%A9/2798159,Résidence de prestige au LAC 2,Ariana,1 326 000 TND,Appartement,2798159,4 pièces,210 m²,210 m²,Central,Gaz,Individuel,Chaudière,Individuelle,Tout à l'égout,Neuf,1er étage / 8,,Dégagée,,,,,,1.0,1.0,,,36.83011,10.29813,,1.0,1.0,1.0,1.0,,1.0,,,1.0,,,,1.0,1.0,,,1.0,1.0,1.0,,,,,,,1.0,1.0,1.0,,,1.0,,,,,,,,,,,1.0,1.0,,1.0,,,,,,,1.0,1.0,,,,1.0,,1.0,,,1.0,,,,,,,,,,,,,,,,1.0,,1.0,1.0,1.0,,,,,,,,,1.0,,,,,,,,,,,,,1.0,,,,,,,,,,,,,,,1.0,1.0,,,,,,,,,,,,,,,,,,,,,,,,,,,,,,,,,,,,,,,,,,,,,,,,,,,,,,,,,,,,,,,,,,,,,,,,,,,,,,,,,,,,,,,,,,,,,,,,,,,,,,,,,,,,,,,,,,,,,,,,,,,,,,,,,,,,,,,,,,,,,,,,,,,,,,,,,,,,,,,,,,,,,,,,,,,,,,,,,,,,,,,,,,,,,,,,,,,,,,,,,,,,,,,,,,,,,,,,,,,,,,,,,,,,,,,,,,,,,,,,,,,,,,,,,,,,,,,,,
https://www.homeintunisia.com/fr/propri%C3%A9t%C3%A9/2620493,À Vendre : Appartement S+2 Meublé - Zone Touristique de,Sousse,380 000 TND,Appartement,2620493,3 pièces,,118 m²,"Radiateur, Climatisation",Gaz,Individuel,Chaudière,Individuelle,,Bon état,4ème étage / 4,,Dégagée,,,,,,,,,,35.8273,10.6339,,,,,,,,,,,,,,,,,,,,,,,,,,,,,,,,,,,,,,,,,,,,,,,,,,,,,,,,,,,,,,,,,,,,,,,,,,,,,,,,,,,,,,,,,,,,,,,,,,,,,,,,,,,,,,,,,,,,,,,,,,,,,,,,,,,,,,,,,,,,,,,,,,,,,,,,,,,,,,,,,,,,,,,,,,,,,,,,,,,,,,,,,,,,,,,,,,,,,,,,,,,,,,,,,,,,,,,,,,,,,,,,,,,,,,,,,,,,,,,,,,,,,,,,,,,,,,,,,,,,,,,,,,,,,,,,,,,,,,,,,,,,,,,,,,,,,,,,,,,,,,,,,,,,,,,,,,,,,,,,,,,,,,,,,,,,,,,,,,,,,,,,,,,,,,,,,,,,,,,,,,,,,,,,,,,,,,,,,,
https://www.homeintunisia.com/fr/propri%C3%A9t%C3%A9/2402765,Bel appartement à vendre à  - route touristique,Sousse,403 142 TND,Appartement,2402765,3 pièces,100 m²,132 m²,Central,Gaz,Individuel,Chaudière,Individuelle,Tout à l'égout,Bon état,4ème étage / 7,,Aperçu,,,,,,,1.0,1.0,,35.8273,10.6339,,,,,1.0,,,1.0,,1.0,,,,,,,,1.0,,,1.0,1.0,1.0,1.0,,1.0,1.0,,,,,,,,1.0,,1.0,1.0,,,,,,,,,1.0,1.0,,,,,1.0,1.0,,,,1.0,,,,,1.0,,,,1.0,,,,,,,,,,,,,,,,,,,,,,,,,,,,,,,,,,,,,,,,,,,,,,,,,,,,,,,,,,,,,,,,,,,,,,,,,,,,,,,,,,,,,,,,,,,,,,,,,,,,,,,,,,,,,,,,,,,,,,,,,,,,,,,,,,,,,,,,,,,,,,,,,,,,,,,,,,,,,,,,,,,,,,,,,,,,,,,,,,,,,,,,,,,,,,,,,,,,,,,,,,,,,,,,,,,,,,,,,,,,,,,,,,,,,,,,,,,,,,,,,,,,,,,,,,,,,,,,,,,,,,,,,,,,,,,,,,,,,,,,,,,,,,,,,,,,,,,,,,,,,,,,,,,,,,,
https://www.homeintunisia.com/fr/propri%C3%A9t%C3%A9/2398257,Spacieux Appartement de 300 m² à Vendre – Centre-Ville de,Sousse,400 000 TND,Appartement,2398257,4 pièces,150 m²,300 m²,Central,,,,Individuelle,,Bon état,1er étage / 7,,Dégagée,,,,,,,1.0,,,35.8273,10.6339,,,,,,,,,,1.0,,,,,,,,1.0,,,,,,,,,1.0,,,,,,,,,,,,,,,,,,,,,,,,,,,,,,,,,,,,,,,,,,,,,,,,,,,,1.0,,,,,,,,,,,,,,,,,,,,,,,,,,,,,,,,,,,,,,,,,,,,,,,,,,,,,,,,,,,,,,,,,,,,,,,,,,,,,,,,,,,,,,,,,,,,,,,,,,,,,,,,,,,,,,,,,,,,,,,,,,,,,,,,,,,,,,,,,,,,,,,,,,,,,,,,,,,,,,,,,,,,,,,,,,,,,,,,,,,,,,,,,,,,,,,,,,,,,,,,,,,,,,,,,,,,,,,,,,,,,,,,,,,,,,,,,,,,,,,,,,,,,,,,,,,,,,,,,,,,,,,,,,,,,,,,,,,,,,,,,,,,,,,,,,,,,,,,,,,
https://www.homeintunisia.com/fr/propri%C3%A9t%C3%A9/1673466,Résidence de prestige au LAC 2,Ariana,1 400 000 TND,Appartement,1673466,,,,Central,Gaz,Individuel,Chaudière,Individuelle,,,,,,,,,,,1.0,1.0,,,36.83011,10.29813,,1.0,1.0,1.0,1.0,,1.0,,,1.0,,,,1.0,1.0,,,1.0,1.0,1.0,,,,,,,1.0,1.0,1.0,,,1.0,,,,,,,,,,,1.0,1.0,,1.0,,,,,,,1.0,1.0,,,,1.0,,1.0,,,1.0,,,,,,,,,,,,,,,,1.0,,1.0,1.0,1.0,,,,,,,,,1.0,,,,,,,,,,,,,1.0,,,,,,,,,,,,,,,1.0,1.0,,,,,,,,,,,,,,,,,,,,,,,,,,,,,,,,,,,,,,,,,,,,,,,,,,,,,,,,,,,,,,,,,,,,,,,,,,,,,,,,,,,,,,,,,,,,,,,,,,,,,,,,,,,,,,,,,,,,,,,,,,,,,,,,,,,,,,,,,,,,,,,,,,,,,,,,,,,,,,,,,,,,,,,,,,,,,,,,,,,,,,,,,,,,,,,,,,,,,,,,,,,,,,,,,,,,,,,,,,,,,,,,,,,,,,,,,,,,,,,,,,,,,,,,,,,,,,,,,
https://www.homeintunisia.com/fr/propri%C3%A9t%C3%A9/1337537,Vente Appartement Meublé à 2ème Position de la Plage,Chatt Meriem,200 000 TND,Appartement,1337537,3 pièces,73 m²,73 m²,Central,Gaz,Individuel,Chaudière,Individuelle,Tout à l'égout,Excellent état,1er étage / 6,,Dégagée,,,,,,1.0,1.0,1.0,,35.94312,10.52022,,,,,,,,1.0,,,,,,1.0,,,,1.0,,1.0,1.0,1.0,1.0,1.0,1.0,1.0,1.0,,1.0,,,,,,1.0,1.0,1.0,1.0,,,,,,,,,,,,,,,,,,,,1.0,,,,,1.0,,,,1.0,,,,,,,,,,,,1.0,,,,,,,,,,,,,,,,,,,,,,,,,,,,,,,,,,,,,,,,,,,,,,,,,,,,,,,,,,,,,,,,,,,,,,,,,,,,,,,,,,,,,,,,,,,,,,,,,,,,,,,,,,,,,,,,,,,,,,,,,,,,,,,,,,,,,,,,,,,,,,,,,,,,,,,,,,,,,,,,,,,,,,,,,,,,,,,,,,,,,,,,,,,,,,,,,,,,,,,,,,,,,,,,,,,,,,,,,,,,,,,,,,,,,,,,,,,,,,,,,,,,,,,,,,,,,,,,,,,,,,,,,,,,,,,,,,,,,,,,,,,,,,,,,,,,,,,,,,,
https://www.homeintunisia.com/fr/propri%C3%A9t%C3%A9/573653,villa de haut standing à  en face du théâtre de ),Hammamet,1 200 000 TND,Appartement,573653,7 pièces,350 m²,400 m²,Central,,,,,,Excellent état,,,,,,,,,,,,,36.40108,10.61457,,,,,,,,,,,,,,,,,,,,,,,,,,,,,,,,,,,,,,,,,,,,,,,,,,,,,,,,,,,,,,,,,,,,,,,,,,,,,,,,,,,,,,,,,,,,,,,,,,,,,,,,,,,,,,,,,,,,,,,,,,,,,,,,,,,,,,,,,,,,,,,,,,,,,,,,,,,,,,,,,,,,,,,,,,,,,,,,,,,,,,,,,,,,,,,,,,,,,,,,,,,,,,,,,,,,,,,,,,,,,,,,,,,,,,,,,,,,,,,,,,,,,,,,,,,,,,,,,,,,,,,,,,,,,,,,,,,,,,,,,,,,,,,,,,,,,,,,,,,,,,,,,,,,,,,,,,,,,,,,,,,,,,,,,,,,,,,,,,,,,,,,,,,,,,,,,,,,,,,,,,,,,,,,,,,,,,,,,,
https://www.homeintunisia.com/fr/propri%C3%A9t%C3%A9/381153,Dans immeuble de très grand standing à Mrzega vends appartement S+3,Hammamet,358 662 TND,Appartement,381153,,,144 m²,Central,,,,,,Neuf,,,,,,,,,1.0,1.0,,,36.40108,10.61457,,,1.0,,1.0,,1.0,,,,,,,,1.0,,,,,1.0,,,,,,,1.0,,1.0,,,,,,,,,,,,,,,,,,,,,,,,,1.0,,,,1.0,,1.0,,,1.0,,,,,,,,,,,,,,,,1.0,,,,,,,,,,,,,,,,,,,,,,,,,,,,,,,,,,,,,,,,,,,,,,,,,,,,,,,,,,,,,,,,,,,,,,,,,,,,,,,,,,,,,,,,,,,,,,,,,,,,,,,,,,,,,,,,,,,,,,,,,,,,,,,,,,,,,,,,,,,,,,,,,,,,,,,,,,,,,,,,,,,,,,,,,,,,,,,,,,,,,,,,,,,,,,,,,,,,,,,,,,,,,,,,,,,,,,,,,,,,,,,,,,,,,,,,,,,,,,,,,,,,,,,,,,,,,,,,,,,,,,,,,,,,,,,,,,,,,,,,,,,,,,,,,,,,,,,,,,,
https://www.homeintunisia.com/fr/propri%C3%A9t%C3%A9/2079070,VENTE APPARTEMENT FRONT MER VUE PANORAMIQUE,Hergla,391 400 TND,Appartement,2079070,3 pièces,120 m²,150 m²,Central,,,Chaudière,Individuelle,,Neuf,4ème étage / 4,,Panoramique,,,,,,,1.0,1.0,,36.0301,10.5079,,,,,,,1.0,,,1.0,,,,,,,,1.0,,,,,,,,,,,,,,,,,1.0,,1.0,,,,,,,,,,,,,,,,,,,,,,,,,,,,,,,,,,,,,,,,,,1.0,,,,,,,,,,,,,,,,,,,,,,,,,,,,,,,,,,,,,,,,,,,,,,,,,,,,,,,,,,,,,,,,,,,,,,,,,,,,,,,,,,,,,,,,,,,,,,,,,,,,,,,,,,,,,,,,,,,,,,,,,,,,,,,,,,,,,,,,,,,,,,,,,,,,,,,,,,,,,,,,,,,,,,,,,,,,,,,,,,,,,,,,,,,,,,,,,,,,,,,,,,,,,,,,,,,,,,,,,,,,,,,,,,,,,,,,,,,,,,,,,,,,,,,,,,,,,,,,,,,,,,,,,,,,,,,,,,,,,,,,,,,,,,,,,,,,,,,,,,,
https://www.homeintunisia.com/fr/propri%C3%A9t%C3%A9/2055430,Appartement de Charme à Vendre – Bord de Mer à Chott Meriam,Chatt Meriem,432 600 TND,Appartement,2055430,2 pièces,65 m²,79 m²,Central,,,,Individuelle,,Excellent état,2ème étage / 4,,Dégagée,,,,,,,1.0,1.0,,35.94312,10.52022,,,,,1.0,,,1.0,,1.0,,,,,,,,1.0,,,1.0,1.0,1.0,1.0,,1.0,1.0,,,,,,,,,1.0,1.0,,,,,,,,,,,,,,,,1.0,1.0,,,,,,,,,,,,,,,,,,,,,,,,,1.0,,,,,,,,,,,,,,,1.0,1.0,,,,,,,,,,,,,,,,,,,,,,,,,,,,,,,,,,,,,,,,,,,,,,,,,,,,,,,,,,,,,,,,,,,,,,,,,,,,,,,,,,,,,,,,,,,,,,,,,,,,,,,,,,,,,,,,,,,,,,,,,,,,,,,,,,,,,,,,,,,,,,,,,,,,,,,,,,,,,,,,,,,,,,,,,,,,,,,,,,,,,,,,,,,,,,,,,,,,,,,,,,,,,,,,,,,,,,,,,,,,,,,,,,,,,,,,,,,,,,,,,,,,,,,,,,,,,,,,,,,,,,,,,,,,,,,,,,,,,,,,,,,
https://www.homeintunisia.com/fr/propri%C3%A9t%C3%A9/1816207,Opportunité pour Marchand de Biens : Appartement 2 Pièces à Rénover à,Hergla,102 784 TND,Appartement,1816207,1 pièce,58 m²,63.72 m²,Central,Gaz,Individuel,Chaudière,Individuelle,Tout à l'égout,Neuf,1er étage / 4,,Dégagée,,,,,,1.0,1.0,1.0,,36.0301,10.5079,,,1.0,,1.0,,,,,,,,,,,,,,1.0,1.0,,,,1.0,,1.0,,,,,,,,,,,,,,,,,,,,,,,,,,,,1.0,,,,1.0,,,,,1.0,,,,1.0,,,,,,,,,,,,1.0,,,,,,,,,,,,,,,,,,,,,,,,,,,,,,,,,,,,,,,,,,1.0,,,,,,,,,,,,,,,,,,,,,,,,,,,,,,,,,,,,,,,,,,,,,,,,,,,,,,,,,,,,,,,,,,,,,,,,,,,,,,,,,,,,,,,,,,,,,,,,,,,,,,,,,,,,,,,,,,,,,,,,1,,,,,,,,,,,,,,,,,,,,,,,,,,,,,,,,,,,,,,,,,,,,,,,,,,,,,,,,,,,,,,,,,,,,,,,,,,,,,,,,,,,,,,,,,,,,,,,,,,,,,,,,,,,,,,,,,,,,,,,,,,,,,,,,,,,,,,,,,
https://www.homeintunisia.com/fr/propri%C3%A9t%C3%A9/1788595,résidence investissement locatif appartement une chambre vue mer tout équipé aménagé,Tabarka,265 740 TND,Appartement,1788595,2 pièces,78 m²,101.4 m²,Radiateur,Gaz,Individuel,Chaudière,Individuelle,Tout à l'égout,Excellent état,Rez-de-chaussée,Nord,Dégagée Mer Golf,,,,,,1.0,1.0,1.0,1.0,36.952,8.7581,,,1.0,1.0,1.0,,1.0,1.0,,,1.0,1.0,,1.0,1.0,,,1.0,1.0,,1.0,1.0,1.0,1.0,1.0,1.0,1.0,1.0,1.0,,,1.0,,,1.0,1.0,1.0,1.0,,,,,1.0,,,,1.0,1.0,,,,,1.0,,1.0,1.0,,1.0,,,,,1.0,,1.0,,1.0,,1.0,,,,,,,,1.0,1.0,,,,,1.0,,,,,,,,,,,1.0,1.0,,,,1.0,,,,,,1.0,1.0,,,,,,,,,,,1.0,,1.0,,1.0,,,,,,,,,,,,,,,,,,,,,,,,,,,,,,,,,,,,,,,,,,,,,,,,,,,,,,,,,,,,,,,,,,,,,,,,,,,,,,,,,,,,,,,,,,,,,,,,,,,,,,,,,,,,,,,,,,,,,,,,,,,,,,,,,,,,,,,,,,,,,,,,,,,,,,,,,,,,,,,,,,,,,,,,,,,,,,,,,,,,,,,,,,,,,,,,,,,,,,,,,,,,,,,,,,,,,,,,,,,,,,,,,,,,,,,,,,,1,,,,,,,,,,,,,,,,,,,,,,
https://www.homeintunisia.com/fr/propri%C3%A9t%C3%A9/1627472,Studio 49 m2 meublé équipé en front de mer jardin piscine terrasse,Tabarka,192 033 TND,Appartement,1627472,1 pièce,49 m²,63.7 m²,Central,Eau chaude,Collectif,Chaudière,Individuelle,Station d'épuration,Excellent état,Rez-de-chaussée,,Dégagée,,,,,,,1.0,1.0,,36.952,8.7581,,,1.0,1.0,1.0,,1.0,1.0,,,1.0,1.0,,1.0,1.0,,,,1.0,,1.0,,1.0,1.0,1.0,1.0,1.0,1.0,1.0,,,1.0,,,1.0,,1.0,1.0,,,,,1.0,,,,,1.0,,,,,1.0,,1.0,1.0,,1.0,,,,,1.0,,1.0,,1.0,,1.0,,,,,,,,,1.0,,,,,1.0,,,,,,,,,,,1.0,1.0,,,,1.0,,,,,,,1.0,,,,,,,,,,,,,1.0,,1.0,,,,,,,,,,,,,,,,,,,,,,,,,,,,,,,,,,,,,,,,,,,,,,,,,,,,,,,,,,,,,,,,,,,,,,,,,,,,,,,,,,,,,,,,,,,,,,,,,,,,,,,,,,,,,,,,,,,,,,,,,,,,,,,,,,,,,,,,,,,,,,,,,,,,,,,,,,,,,,,,,,,,,,,,,,,,,,,,,,,,,,,,,,,,,,,,,,,,,,,,,,,,,,,,,,,,,,,,,,,,,,,,,,,,,,,,,,,,,,,,,,,,,,,,,,,,,,,,,
https://www.homeintunisia.com/fr/propri%C3%A9t%C3%A9/1627419,S+1 de 78 m2 meublé équipé situé en bord de mer avec jardin terrasse piscine plage,Tabarka,314 150 TND,Appartement,1627419,3 pièces,78 m²,101.4 m²,Central,Eau chaude,Collectif,Chaudière,Individuelle,Station d'épuration,Excellent état,Plain-pied,,Dégagée,,,,,,1.0,1.0,1.0,1.0,36.952,8.7581,,,1.0,1.0,1.0,,1.0,1.0,,,1.0,1.0,,1.0,1.0,,,1.0,1.0,,1.0,1.0,1.0,1.0,1.0,1.0,1.0,1.0,1.0,,,1.0,,,1.0,1.0,1.0,1.0,,,,,1.0,,,,1.0,1.0,,,,,1.0,,1.0,1.0,,1.0,,,,,1.0,,1.0,,1.0,,1.0,,,,,,,,1.0,1.0,,,,,1.0,,,,,,,,,,,1.0,1.0,,,,1.0,,,,,,1.0,1.0,,,,,,,,,,,1.0,,1.0,,1.0,,,,,,,,,,,,,,,,,,,,,,,,,,,,,,,,,,,,,,,,,,,,,,,,,,,,,,,,,,,,,,,,,,,,,,,,,,,,,,,,,,,,,,,,,,,,,,,,,,,,,,,,,,,,,,,,,,,,,,,,,,,,,,,,,,,,,,,,,,,,,,,,,,,,,,,,,,,,,,,,,,,,,,,,,,,,,,,,,,,,,,,,,,,,,,,,,,,,,,,,,,,,,,,,,,,,,,,,,,,,,,,,,,,,,,,,,,,,,,,,,,,,,,,,,,,,,,,,,
https://www.homeintunisia.com/fr/propri%C3%A9t%C3%A9/1625510,Studio meublé équipé front de mer avec jardin piscine terrasse plage privee,Tabarka,197 183 TND,Appartement,1625510,1 pièce,49 m²,63.7 m²,Central,Eau chaude,Collectif,Chaudière,Individuelle,Station d'épuration,Excellent état,Rez-de-chaussée,,Dégagée,,,,,,,1.0,1.0,,36.952,8.7581,,,1.0,1.0,1.0,,1.0,1.0,,,1.0,1.0,,1.0,1.0,,,,1.0,,1.0,,1.0,1.0,1.0,1.0,1.0,1.0,1.0,,,1.0,,,1.0,,1.0,1.0,,,,,1.0,,,,,1.0,,,,,1.0,,1.0,1.0,,1.0,,,,,1.0,,1.0,,1.0,,1.0,,,,,,,,,1.0,,,,,1.0,,,,,,,,,,,1.0,1.0,,,,1.0,,,,,,,1.0,,,,,,,,,,,,,1.0,,1.0,,,,,,,,,,,,,,,,,,,,,,,,,,,,,,,,,,,,,,,,,,,,,,,,,,,,,,,,,,,,,,,,,,,,,,,,,,,,,,,,,,,,,,,,,,,,,,,,,,,,,,,,,,,,,,,,,,,,,,,,,,,,,,,,,,,,,,,,,,,,,,,,,,,,,,,,,,,,,,,,,,,,,,,,,,,,,,,,,,,,,,,,,,,,,,,,,,,,,,,,,,,,,,,,,,,,,,,,,,,,,,,,,,,,,,,,,,,,,,,,,,,,,,,,,,,,,,,,,
https://www.homeintunisia.com/fr/propri%C3%A9t%C3%A9/1625445,RDC S+1 de 78 m2 meublé en bord de mer avec jardin piscine terrasse,Tabarka,297 567 TND,Appartement,1625445,3 pièces,78 m²,101.4 m²,Central,Eau chaude,Collectif,Chaudière,Individuelle,Station d'épuration,Excellent état,Plain-pied,,Dégagée,,,,,,1.0,1.0,1.0,1.0,36.952,8.7581,,,1.0,1.0,1.0,,1.0,1.0,,,1.0,1.0,,1.0,1.0,,,1.0,1.0,,1.0,1.0,1.0,1.0,1.0,1.0,1.0,1.0,1.0,,,1.0,,,1.0,1.0,1.0,1.0,,,,,1.0,,,,1.0,1.0,,,,,1.0,,1.0,1.0,,1.0,,,,,1.0,,1.0,,1.0,,1.0,,,,,,,,1.0,1.0,,,,,1.0,,,,,,,,,,,1.0,1.0,,,,1.0,,,,,,1.0,1.0,,,,,,,,,,,1.0,,1.0,,1.0,,,,,,,,,,,,,,,,,,,,,,,,,,,,,,,,,,,,,,,,,,,,,,,,,,,,,,,,,,,,,,,,,,,,,,,,,,,,,,,,,,,,,,,,,,,,,,,,,,,,,,,,,,,,,,,,,,,,,,,,,,,,,,,,,,,,,,,,,,,,,,,,,,,,,,,,,,,,,,,,,,,,,,,,,,,,,,,,,,,,,,,,,,,,,,,,,,,,,,,,,,,,,,,,,,,,,,,,,,,,,,,,,,,,,,,,,,,,,,,,,,,,,,,,,,,,,,,,,
https://www.homeintunisia.com/fr/propri%C3%A9t%C3%A9/1625342,Studio 49 m2 meublé équipé situé en front de mer dans belle résidence avec jardin piscine terrasse,Tabarka,192 033 TND,Appartement,1625342,1 pièce,49 m²,63.7 m²,Central,Eau chaude,Collectif,Chaudière,Individuelle,Station d'épuration,Excellent état,Rez-de-chaussée,,Dégagée,,,,,,,1.0,1.0,,36.952,8.7581,,,1.0,1.0,1.0,,1.0,1.0,,,1.0,1.0,,1.0,1.0,,,,1.0,,1.0,,1.0,1.0,1.0,1.0,1.0,1.0,1.0,,,1.0,,,1.0,,1.0,1.0,,,,,1.0,,,,,1.0,,,,,1.0,,1.0,1.0,,1.0,,,,,1.0,,1.0,,1.0,,1.0,,,,,,,,,1.0,,,,,1.0,,,,,,,,,,,1.0,1.0,,,,1.0,,,,,,,1.0,,,,,,,,,,,,,1.0,,1.0,,,,,,,,,,,,,,,,,,,,,,,,,,,,,,,,,,,,,,,,,,,,,,,,,,,,,,,,,,,,,,,,,,,,,,,,,,,,,,,,,,,,,,,,,,,,,,,,,,,,,,,,,,,,,,,,,,,,,,,,,,,,,,,,,,,,,,,,,,,,,,,,,,,,,,,,,,,,,,,,,,,,,,,,,,,,,,,,,,,,,,,,,,,,,,,,,,,,,,,,,,,,,,,,,,,,,,,,,,,,,,,,,,,,,,,,,,,,,,,,,,,,,,,,,,,,,,,,,
https://www.homeintunisia.com/fr/propri%C3%A9t%C3%A9/1616015,Appartement de Charme à La Corniche – Sousse,Sousse Corniche,520 000 TND,Appartement,1616015,3 pièces,125 m²,197 m²,Central,,,Chaudière,Individuelle,,Excellent état,1er étage / 6,,Dégagée,,,,,,,,,,35.81771,10.64549,,,,,1.0,,1.0,,,1.0,,,,,,,,1.0,,1.0,,1.0,,,,,1.0,,,,,,,,1.0,,1.0,,,,,,1.0,,,,,,,,,,1.0,1.0,,,,,,,,,,,,,,,,,,,,,,,,,1.0,,,,,,,,,,,,,,,,,,,,,,,,,,1.0,,,,,,,,,,,,,,,,,,,,,,,,,,,,,,,,,,,,,,,,,,,,,,,,,,,,,,,,,,,,,,,,,,,,,,,,,,,,,,,,,,,,,,,,,,,,,,,,,,,,,,,,,,,,,,,,,,,,,,,,,,,,,,,,,,,,,,,,,,,,,,,,,,,,,,,,,,,,,,,,,,,,,,,,,,,,,,,,,,,,,,,,,,,,,,,,,,,,,,,,,,,,,,,,,,,,,,,,,,,,,,,,,,,,,,,,,,,,,,,,,,,,,,,,,,,,,,,,,,,,,,,,,,,,,,,,,
https://www.homeintunisia.com/fr/propri%C3%A9t%C3%A9/1600077,Appartement S+1 de 72m2 RDC meublé équipé situé en bord de mer d'une très belle résidence avec jardin piscine terrasse,Tabarka,288 400 TND,Appartement,1600077,3 pièces,72 m²,93.6 m²,Central,Eau chaude,Collectif,Chaudière,Individuelle,Station d'épuration,Excellent état,Plain-pied,,Dégagée,,,,,,1.0,1.0,1.0,1.0,36.952,8.7581,,,1.0,1.0,1.0,,1.0,1.0,,,1.0,1.0,,1.0,1.0,,,1.0,1.0,,1.0,1.0,1.0,1.0,1.0,1.0,1.0,1.0,1.0,,,1.0,,,1.0,1.0,1.0,1.0,,,,,1.0,,,,1.0,1.0,,,,,1.0,,1.0,1.0,,1.0,,,,,1.0,,1.0,,1.0,,1.0,,,,,,,,1.0,1.0,,,,,1.0,,,,,,,,,,,1.0,1.0,,,,1.0,,,,,,1.0,1.0,,,,,,,,,,,1.0,,1.0,,1.0,,,,,,,,,,,,,,,,,,,,,,,,,,,,,,,,,,,,,,,,,,,,,,,,,,,,,,,,,,,,,,,,,,,,,,,,,,,,,,,,,,,,,,,,,,,,,,,,,,,,,,,,,,,,,,,,,,,,,,,,,,,,,,,,,,,,,,,,,,,,,,,,,,,,,,,,,,,,,,,,,,,,,,,,,,,,,,,,,,,,,,,,,,,,,,,,,,,,,,,,,,,,,,,,,,,,,,,,,,,,,,,,,,,,,,,,,,,,,,,,,,,,,,,,,,,,,,,,,
https://www.homeintunisia.com/fr/propri%C3%A9t%C3%A9/1600058,Studio meublé équipé situé en front de mer d'une très belle résidence avec jardin piscine terrasse,Tabarka,192 033 TND,Appartement,1600058,1 pièce,49 m²,63.7 m²,Central,Eau chaude,Collectif,Chaudière,Individuelle,Station d'épuration,Excellent état,Rez-de-chaussée,,Dégagée,,,,,,,1.0,1.0,,36.952,8.7581,,,1.0,1.0,1.0,,1.0,1.0,,,1.0,1.0,,1.0,1.0,,,,1.0,,1.0,,1.0,1.0,1.0,1.0,1.0,1.0,1.0,,,1.0,,,1.0,,1.0,1.0,,,,,1.0,,,,,1.0,,,,,1.0,,1.0,1.0,,1.0,,,,,1.0,,1.0,,1.0,,1.0,,,,,,,,,1.0,,,,,1.0,,,,,,,,,,,1.0,1.0,,,,1.0,,,,,,,1.0,,,,,,,,,,,,,1.0,,1.0,,,,,,,,,,,,,,,,,,,,,,,,,,,,,,,,,,,,,,,,,,,,,,,,,,,,,,,,,,,,,,,,,,,,,,,,,,,,,,,,,,,,,,,,,,,,,,,,,,,,,,,,,,,,,,,,,,,,,,,,,,,,,,,,,,,,,,,,,,,,,,,,,,,,,,,,,,,,,,,,,,,,,,,,,,,,,,,,,,,,,,,,,,,,,,,,,,,,,,,,,,,,,,,,,,,,,,,,,,,,,,,,,,,,,,,,,,,,,,,,,,,,,,,,,,,,,,,,,
https://www.homeintunisia.com/fr/propri%C3%A9t%C3%A9/1600055,Appartement S+1 de 78m2 meublé équipé situé en bord de mer d'une très belle résidence avec jardin piscine terrasse,Tabarka,290 130 TND,Appartement,1600055,3 pièces,78 m²,101.4 m²,Central,Eau chaude,Collectif,Chaudière,Individuelle,Station d'épuration,Excellent état,Plain-pied,,Dégagée,,,,,,1.0,1.0,1.0,1.0,36.952,8.7581,,,1.0,1.0,1.0,,1.0,1.0,,,1.0,1.0,,1.0,1.0,,,1.0,1.0,,1.0,1.0,1.0,1.0,1.0,1.0,1.0,1.0,1.0,,,1.0,,,1.0,1.0,1.0,1.0,,,,,1.0,,,,1.0,1.0,,,,,1.0,,1.0,1.0,,1.0,,,,,1.0,,1.0,,1.0,,1.0,,,,,,,,1.0,1.0,,,,,1.0,,,,,,,,,,,1.0,1.0,,,,1.0,,,,,,1.0,1.0,,,,,,,,,,,1.0,,1.0,,1.0,,,,,,,,,,,,,,,,,,,,,,,,,,,,,,,,,,,,,,,,,,,,,,,,,,,,,,,,,,,,,,,,,,,,,,,,,,,,,,,,,,,,,,,,,,,,,,,,,,,,,,,,,,,,,,,,,,,,,,,,,,,,,,,,,,,,,,,,,,,,,,,,,,,,,,,,,,,,,,,,,,,,,,,,,,,,,,,,,,,,,,,,,,,,,,,,,,,,,,,,,,,,,,,,,,,,,,,,,,,,,,,,,,,,,,,,,,,,,,,,,,,,,,,,,,,,,,,,,
https://www.homeintunisia.com/fr/propri%C3%A9t%C3%A9/1600048,S+1 meublé équipé situé en bord de mer d'une très belle résidence avec jardin piscine terrasse,Tabarka,297 567 TND,Appartement,1600048,3 pièces,78 m²,101.4 m²,Radiateur,Gaz,Individuel,Chaudière,Individuelle,Tout à l'égout,Excellent état,Plain-pied,Nord,Dégagée Mer Golf,,,,,,1.0,1.0,1.0,1.0,36.952,8.7581,,,1.0,1.0,1.0,,1.0,1.0,,,1.0,1.0,,1.0,1.0,,,1.0,1.0,,1.0,1.0,1.0,1.0,1.0,1.0,1.0,1.0,1.0,,,1.0,,,1.0,1.0,1.0,1.0,,,,,1.0,,,,1.0,1.0,,,,,1.0,,1.0,1.0,,1.0,,,,,1.0,,1.0,,1.0,,1.0,,,,,,,,1.0,1.0,,,,,1.0,,,,,,,,,,,1.0,1.0,,,,1.0,,,,,,1.0,1.0,,,,,,,,,,,1.0,,1.0,,1.0,,,,,,,,,,,,,,,,,,,,,,,,,,,,,,,,,,,,,,,,,,,,,,,,,,,,,,,,,,,,,,,,,,,,,,,,,,,,,,,,,,,,,,,,,,,,,,,,,,,,,,,,,,,,,,,,,,,,,,,,,,,,,,,,,,,,,,,,,,,,,,,,,,,,,,,,,,,,,,,,,,,,,,,,,,,,,,,,,,,,,,,,,,,,,,,,,,,,,,,,,,,,,,,,,,,,,,,,,,,,,,,,,,,,,,,,,,,,,,,,,,,,,,,,,,,,,,,,,
https://www.homeintunisia.com/fr/propri%C3%A9t%C3%A9/1600047,Studio meublé de 49m2 situé en front de mer d'une très belle résidence avec jardin piscine terrasse,Tabarka,192 033 TND,Appartement,1600047,1 pièce,49 m²,63.7 m²,Central,Eau chaude,Collectif,Chaudière,Individuelle,Station d'épuration,Excellent état,Rez-de-chaussée,,Dégagée,,,,,,,1.0,1.0,,36.952,8.7581,,,1.0,1.0,1.0,,1.0,1.0,,,1.0,1.0,,1.0,1.0,,,,1.0,,1.0,,1.0,1.0,1.0,1.0,1.0,1.0,1.0,,,1.0,,,1.0,,1.0,1.0,,,,,1.0,,,,,1.0,,,,,1.0,,1.0,1.0,,1.0,,,,,1.0,,1.0,,1.0,,1.0,,,,,,,,,1.0,,,,,1.0,,,,,,,,,,,1.0,1.0,,,,1.0,,,,,,,1.0,,,,,,,,,,,,,1.0,,1.0,,,,,,,,,,,,,,,,,,,,,,,,,,,,,,,,,,,,,,,,,,,,,,,,,,,,,,,,,,,,,,,,,,,,,,,,,,,,,,,,,,,,,,,,,,,,,,,,,,,,,,,,,,,,,,,,,,,,,,,,,,,,,,,,,,,,,,,,,,,,,,,,,,,,,,,,,,,,,,,,,,,,,,,,,,,,,,,,,,,,,,,,,,,,,,,,,,,,,,,,,,,,,,,,,,,,,,,,,,,,,,,,,,,,,,,,,,,,,,,,,,,,,,,,,,,,,,,,,
https://www.homeintunisia.com/fr/propri%C3%A9t%C3%A9/1600038,S+1 de 78 m2 meublé équipé situé en bord de mer d'une très belle résidence avec jardin piscine terrasse,Tabarka,297 464 TND,Appartement,1600038,3 pièces,78 m²,101.4 m²,Central,Eau chaude,Collectif,Chaudière,Individuelle,Station d'épuration,Excellent état,Plain-pied,,Dégagée,,,,,,1.0,1.0,1.0,1.0,36.952,8.7581,,,1.0,1.0,1.0,,1.0,1.0,,,1.0,1.0,,1.0,1.0,,,1.0,1.0,,1.0,1.0,1.0,1.0,1.0,1.0,1.0,1.0,1.0,,,1.0,,,1.0,1.0,1.0,1.0,,,,,1.0,,,,1.0,1.0,,,,,1.0,,1.0,1.0,,1.0,,,,,1.0,,1.0,,1.0,,1.0,,,,,,,,1.0,1.0,,,,,1.0,,,,,,,,,,,1.0,1.0,,,,1.0,,,,,,1.0,1.0,,,,,,,,,,,1.0,,1.0,,1.0,,,,,,,,,,,,,,,,,,,,,,,,,,,,,,,,,,,,,,,,,,,,,,,,,,,,,,,,,,,,,,,,,,,,,,,,,,,,,,,,,,,,,,,,,,,,,,,,,,,,,,,,,,,,,,,,,,,,,,,,,,,,,,,,,,,,,,,,,,,,,,,,,,,,,,,,,,,,,,,,,,,,,,,,,,,,,,,,,,,,,,,,,,,,,,,,,,,,,,,,,,,,,,,,,,,,,,,,,,,,,,,,,,,,,,,,,,,,,,,,,,,,,,,,,,,,,,,,,
https://www.homeintunisia.com/fr/propri%C3%A9t%C3%A9/1600034,Studio 44 m2 furnished equipped located in front of sea of a very nice residence with garden swimming pool terrace,Tabarka,192 239 TND,Appartement,1600034,1 pièce,44 m²,57.2 m²,Central,Eau chaude,Collectif,Chaudière,Individuelle,Station d'épuration,Excellent état,Rez-de-chaussée,,Dégagée,,,,,,1.0,1.0,1.0,1.0,36.952,8.7581,,,1.0,1.0,1.0,,1.0,1.0,,,1.0,1.0,,1.0,1.0,,,1.0,1.0,,1.0,1.0,1.0,1.0,1.0,1.0,1.0,1.0,1.0,,,1.0,,,1.0,1.0,1.0,1.0,,,,,1.0,,,,1.0,1.0,,,,,1.0,,1.0,1.0,,1.0,,,,,1.0,,1.0,,1.0,,1.0,,,,,,,,1.0,1.0,,,,,1.0,,,,,,,,,,,1.0,1.0,,,,1.0,,,,,,1.0,1.0,,,,,,,,,,,1.0,,1.0,,1.0,,,,,,,,,,,,,,,,,,,,,,,,,,,,,,,,,,,,,,,,,,,,,,,,,,,,,,,,,,,,,,,,,,,,,,,,,,,,,,,,,,,,,,,,,,,,,,,,,,,,,,,,,,,,,,,,,,,,,,,,,,,,,,,,,,,,,,,,,,,,,,,,,,,,,,,,,,,,,,,,,,,,,,,,,,,,,,,,,,,,,,,,,,,,,,,,,,,,,,,,,,,,,,,,,,,,,,,,,,,,,,,,,,,,,,,,,,,,,,,,,,,,,,,,,,,,,,,,,
https://www.homeintunisia.com/fr/propri%C3%A9t%C3%A9/1600027,Studio 50m2 meublé équipé situé en front de mer d'une très belle résidence avec jardin piscine terrasse,Tabarka,200 850 TND,Appartement,1600027,5 pièces,50 m²,65 m²,Central,Eau chaude,Collectif,Chaudière,Individuelle,Station d'épuration,Excellent état,Plain-pied,,Dégagée,,,,,,,1.0,1.0,,36.952,8.7581,,,1.0,1.0,1.0,,1.0,1.0,,,1.0,1.0,,1.0,1.0,,,,1.0,,1.0,,1.0,1.0,1.0,1.0,1.0,1.0,1.0,,,1.0,,,1.0,,1.0,1.0,,,,,1.0,,,,,1.0,,,,,1.0,,1.0,1.0,,1.0,,,,,1.0,,1.0,,1.0,,1.0,,,,,,,,,1.0,,,,,1.0,,,,,,,,,,,1.0,1.0,,,,1.0,,,,,,,1.0,,,,,,,,,,,,,1.0,,1.0,,,,,,,,,,,,,,,,,,,,,,,,,,,,,,,,,,,,,,,,,,,,,,,,,,,,,,,,,,,,,,,,,,,,,,,,,,,,,,,,,,,,,,,,,,,,,,,,,,,,,,,,,,,,,,,,,,,,,,,,,,,,,,,,,,,,,,,,,,,,,,,,,,,,,,,,,,,,,,,,,,,,,,,,,,,,,,,,,,,,,,,,,,,,,,,,,,,,,,,,,,,,,,,,,,,,,,,,,,,,,,,,,,,,,,,,,,,,,,,,,,,,,,,,,,,,,,,,,
https://www.homeintunisia.com/fr/propri%C3%A9t%C3%A9/1574164,Appartement S+2 meublé équipé situé dans luxueuse résidence en bord de mer,Hammamet,557 230 TND,Appartement,1574164,3 pièces,109 m²,129 m²,Central,Gaz,Individuel,Solaire,Individuelle,Station d'épuration,Excellent état,2ème étage / 4,Sud,Dégagée Mer,,,,,,1.0,1.0,1.0,,36.40108,10.61457,,1.0,1.0,,1.0,,1.0,1.0,,,1.0,1.0,,1.0,1.0,,,1.0,1.0,1.0,1.0,1.0,1.0,1.0,1.0,1.0,1.0,1.0,1.0,,1.0,1.0,,,1.0,,1.0,1.0,,,,,1.0,1.0,,,,1.0,,,,,1.0,,,,,1.0,,,,,1.0,1.0,1.0,,1.0,,1.0,,,,,,,,,,1.0,,1.0,,1.0,,,,,,,,,,,1.0,1.0,,,,1.0,,,,,,1.0,1.0,,,,,,,,,,,1.0,1.0,1.0,,1.0,,,,,,,,,,,,,,,,,,,,,,,,,,,,,,,,,,,,,,,,,,,,,,,,,,,,,,,,,,,,,,,,,,,,,,,,,,,,,,,,,,,,,,,,,,,,,,,,,,,,,,,,,,,,,,,,,,,,,,,,,,,,,,,,,,,,,,,,,,,,,,,,,,,,,,,,,,,,,,,,,,,,,,,,,,,,,,,,,,,,,,,,,,,,,,,,,,,,,,,,,,,,,,,,,,,,,,,,,,,,,,,,,,,,,,,,,,,,,,,,,,,,,,,,,,,,,,,,,1
