link,title,address,price,type,Référence,Pièces,Surface,Surface totale,Type de chauffage,Énergie de chauffage,Moyen de chauffage,Type d'eau chaude,Moyen d'eau chaude,Eaux usées,État,Étage,Exposition,Vue,Salon,Chambres,Salles de bains,Cuisines,Jardin,Abri de voiture,Éclairage extérieur,Piscine,Animaux autorisés,latitude,longitude,Jardin 1500 m²,Adoucisseur d'eau,Air conditionné,Cheminée,Double vitrage,Fenêtre aluminium,Fenêtres coulissantes,Meublé,Panneaux solaires,Stores électriques,Arrosage,Barbecue,Clôture,Maison de gardien,Vidéo surveillance,Jardin 950 m²,Cuisine,Stores,Accès handicapé,Interphone,Cafetière,Four,Four à micro-ondes,Reception 24/7,Réfrigérateur,Télévision,Internet,Alarme,Porte blindée,Terrain de jeux,Aspiration centralisée,Baignoire balnéo,Fenêtre PVC,Congélateur,Cuisinière,Lave-linge,Plaque de cuisson,Vaisselle,Piscine intérieure,Chambre,Chambres d'enfants,Salle de bains,Jacuzzi,Thermostat connecté,Forage,Portail électrique,Fer à repasser,Linge de maison,Barres de fenêtres,Terrain 2000 m²,Borne voiture électrique,Triple vitrage,Vide sanitaire,Volets roulants électriques,Héliport,Puits,Alarme incendie,Gardien,Service de sécurité,Vidéophone,Lave-vaisselle,Immeuble classé/inscrit,Télédistribution,Groupe électrogène,Sèche-cheveux,Sèche-linge,Téléphone,Terrain 1400 m²,Buanderie commune,Jardin 500 m²,Panneaux photovoltaïques,Terrain 2500 m²,Concierge,Moustiquaires,Salons,Garage,Lecteur DVD,Lecteur CD,Ascenseur,Piscine en copropriété,Fibre optique,Digicode,Coffre-fort,Terrasse,Suite,Terrasse 90 m²,Balcon,Salle de sport,Cour,Local à vélo,Terrasse 300 m²,Domotique,Ventilation double flux,Sauna,Spa,Abri de jardin 72 m²,Studio 48 m²,Golf,Tennis,Terrasse 60 m²,Parking,Appartement 122 m²,Terrasse 16 m²,Cour 15 m²,Faux plafond,Jeu de boules,Balcon 8 m²,Chambre 12 m²,Chambre 17 m²,Balcon 6 m²,Séjour,Balcons,Terrain 201 m²,Salles de bains / toilettes,Terrain 300000 m²,Baie de brassage,Extincteur automatique à eau,Quai de déchargement,Réseau informatique,Rideau métallique,Robinet d'incendie armé,Zone de remorquage,Pilliers,En coin de rue,Terrain 600 m²,Maison 600 m²,Terrain 10000 m²,Suites,Terrain 750 m²,Terrain 5000 m²,Conduit d'extraction,Contrôle d'accès,Terrain 3200 m²,Ventilation simple flux,Restaurant d’entreprise,Terrain 3500 m²,Cinéma,Voiturier,Centre d'affaires,Terrasse 40 m²,Sous-sol,Séjour/cuisine,Chambre d'enfants,Porte coupe-feu,Maison 150 m²,Appartements 150 m²,Appartements 120 m²,Autre 50 m²,Terrasse 1350 m²,Véranda 1200 m²,Cuisine 400 m²,Séjour 95 m²,Terrasse 140 m²,Terrain 320000 m²,Terrain 1200 m²,Terrain 525 m²,Terrasse 38 m²,Appartement 121 m²,Appartement 65 m²,Appartement 85 m²,Appartement 130 m²,Appartement 300 m²,Terrain 100000 m²,Appartement 76 m²,Garage 16 m²,Terrain 15300 m²,Terrain 6960 m²,Terrain 994 m²,Piscine intérieure 50 m²,Garage 70 m²,Terrain 98000 m²,Spa 11000 m²,Terrain 419 m²,Terrain 460 m²,Terrain 11883 m²,Terrain 500 m²,Terrain 7513 m²,Terrain 6698 m²,Terrain 900 m²,Cuisine 21 m²,Terrain 16313 m²,Terrain 416 m²,Terrain 120000 m²,Terrain 1500 m²,Jardin 60 m²,Terrain 576 m²,Appartement 220 m²,Hall 220 m²,Terrain 1000 m²,Terrain 491 m²,Appartement 80 m²,Terrain 24000 m²,Terrain 8050 m²,Chambre 21000 m²,Cuisine 600 m²,Boîte de nuit 400 m²,Cafétéria 300 m²Café Maure,Piscine intérieure 400 m²,Chambre de service 500 m²Animateur,Salle 300 m²,Salle de réception 600 m²,Salle à manger 2000 m²,Salle de jeux 400 m²,Local technique 800 m²,Salle de sport 300 m²,Jardin 300 m²BARBECUE,Autre 1500 m²Centre de Thalasso,Terrain 42382 m²,Terrain 110000 m²,Terrain 700 m²,Terrain 736000 m²,Terrain 678 m²,Sous-sol 80 m²,Terrain 360 m²,Jardin 203 m²,Terrain 19200 m²,Jardin 168 m²,Balcon 21 m²,Jardin 360 m²,Autre 600 m²,Terrasse 25 m²,Balcon 15 m²,Salle 120 m²,Cuisine 30 m²,Bureau 12 m²,Terrain 20000 m²,Terrain 1800 m²,Logement 120 m²,Logement 150 m²,Grange 400 m²inachevé,Débarras 16 m²,Grange 125 m²,Grange 88 m²,Terrain 13000 m²,Appartement 70 m²,Terrasse 200 m²,Sous-sol 335 m²,Terrain 2561 m²,Abri de jardin 80 m²,Chambre d'enfants 16 m²,Chambre 16 m²,Chambre 22 m²,Cuisine 25 m²,Salle de douche / toilettes 10 m²,Balcon 10 m²,Salon 45 m²,Hall 21 m²,Terrain 478 m²,Garage 40 m²,Appartement 180 m²,Appartement 340 m²,Terrain 2100 m²,Jardin 1100 m²,Terrain 1080 m²,Terrain 38000 m²,Terrain 240 m²,Terrain 400 m²,Terrain 950 m²,Local technique 58 m²,Salle de réunion 777 m²,Sous-sol 1314 m²,"Hall 390 m²cuisine, Salle et Hall",Chambre 696 m²,Chambre 662 m²,Local technique 194 m²,Terrasse 510 m²,Jardin en copropriété,Terrain 1003 m²,Terrain 367 m²,Gonflables,Pêche,Plateforme hydraulique,Plongée,Vélos,Terrain 1211 m²,Terrain 45000 m²,Terrain 684 m²,Terrain 16316 m²,Sous-sol 1711 m²,Salle de jeux 50 m²,Commerce 300 m²,Bureau 200 m²,Terrain 270 m²,Parking 270 m²,Terrain 240000 m²,Chambre 25340 m²,Commerce 3018 m²,Sous-sol 580 m²,Open space 450 m²,Mezzanine 850 m²,Hall 8 m²,Salon 24 m²,Salle de bains 5 m²,Chambre 13 m²,Cuisine 9 m²,Terrasse 10 m²,Terrain 3660 m²,Sous-sol 200 m²,Mezzanine 200 m²,Terrain 252 m²,Terrain 451 m²,Terrain 7500 m²,Terrain 7800 m²,Jardin 150 m²,Jardin 50 m²,Garage 20 m²,Terrain 21000 m²,Terrain 350 m²,Terrain 730 m²,Garage 18 m²,Sous-sol 557 m²,Sous-sol 100 m²,Salle 100 m²,Salle de réception 120 m²,Hammam,Studio,Maison 283 m²,Lot,Terrain 248 m²,Terrain 65000 m²,Terrain 8200 m²,Commerce 40 m²,Appartement 107 m²,Galerie 20 m²,Toilette PMR 2 m²,Cuisine 5 m²,Terrain 60000 m²,Terrain 42000 m²,Terrain 580 m²,Terrain 16775 m²,Terrain 482 m²,Terrain 540 m²,Terrain 504 m²,Chambre 25 m²,Cuisine 20 m²,Salon 70 m²,Salle de bains / toilettes 12 m²,Salle de douche / toilettes 15 m²,Sous-sol 160 m²,Parking extérieur 30 m²,Terrain 1450 m²,Terrain 1020 m²,Terrain 125000 m²,Terrasse 12 m²,Salle à manger,Chambre de service,Local technique,Terrain 820 m²,Terrain 7000 m²,Terrain 3 ha,Chambre 2 ha,Commerce 0 ha,Chambre de maître 40 m²,Chambre de maître 60 m²,Terrain 688 m²,Appartement 78 m²,Salon 59 m²,Couloir 10 m²,Chambre de maître 22 m²,Salle de bains 4 m²,Salle de douche / toilettes 6 m²,Cuisine 11 m²,Grenier 31 m²,Chambre 18 m²,Salle de bains 8 m²,Dégagement 4 m²,Autre 105 m²,Escalier 4 m²,Sous-sol 6 m²,Terrain 572 m²,Terrains 2032 m²,Terrains 1000 m²,Terrains 1291 m²,Terrains 1293 m²,Terrains 1667 m²,Terrains 8940 m²,Terrains 5160 m²,Appartement 109 m²
https://www.homeintunisia.com/fr/propri%C3%A9t%C3%A9/85853297,À Vendre – Villa spacieuse à Khzema,Sousse Khezama,1 300 000 TND,Maison,85853297,6 pièces,350 m²,450 m²,"Radiateur, Climatisation",Electrique,Individuel,Chaudière,Individuelle,Tout à l'égout,Neuf,Rez-de-chaussée,"Nord-est, Nord-ouest",Aperçu,,,,,,1.0,1.0,,,35.82776,10.61288,,,,,,,1.0,,,1.0,,,1.0,,,,,1.0,1.0,1.0,,,,,,,,,,,,,,,,,,,,,,,,1.0,,,,,,,,,,,,,,,,,,,,,,,,,,,,,,1.0,,,,,,,,,,,,,,,,,,,,,,,,,,,,,,,,,,,,,,,,,,,,,,,,,,,,,,,,,,,,,,,,,,,,,,,,,,,,,,,,,,,,,,,,,,,,,,,,,,,,,,,,,,,,,,,,,,,,,,,,,,,,,,,,,,,,,,,,,,,,,,,,,,,,,,,,,,,,,,,,,,,,,,,,,,,,,,,,,,,,,,,,,,,,,,,,,,,,,,,,,,,,,,,,,,,,,,,,,,,,,,,,,,,,,,,,,,,,,,,,,,,,,,,,,,,,,,,,,,,,,,,,,,,,,,,,,,,,,,,,,,,,,,,,,,,,,,,,,,,,,,,,
https://www.homeintunisia.com/fr/propri%C3%A9t%C3%A9/85839722,Villa neuve à vendre Kantaoui côté mer,El Kantaoui,2 400 000 TND,Maison,85839722,12 pièces,494 m²,600 m²,Central,Electrique,Individuel,Chaudière,Individuelle,Tout à l'égout,Neuf,Rez-de-chaussée,Sud,Vis-à-vis Rue,,9,,,,1.0,1.0,1.0,,35.8864,10.59151,,,,,,1.0,,,,,,,,,1.0,,,1.0,,1.0,,,,,,,,1.0,,,,,,,,,,,,,,,,,,,,,,,,,,,,,,,,1.0,,,,,,,,,,,,,,,3,,,,,,,,,,,,,,,,,,,,,,,,,,,,,,,,,,,,,,,6,,,,,,,,,,,,,,,,,,,,,,,,,,,,,,,,,,,,,,,,,,,,,,,,,,,,,,,,,,,,,,,,,,,,,,,,,,,,,,,,,,,,,,,,,,,,,,,,,,,,,,,,,,,,,,,,,,,,,,,,,,,,,,,,,,,,,,,,,,,,,,,,,,,,,,,,,,,,,,,,,,,,,,,,,,,,,,,,,,,,,,,,,,,,,,,,,,,,,,,,,,,,,,,,,,,,,,,,,,,,,,,,,,,,,,,,,,,,,,,,,,,,,,,,,,,,,,,,,,,,,,,,
https://www.homeintunisia.com/fr/propri%C3%A9t%C3%A9/85836272,🏰 VILLA COLONIALE PRESTIGE AVEC PISCINE – LA MARSA (EXCLUSIVITÉ),La Marsa,1 730 400 TND,Maison,85836272,9 pièces,600 m²,600 m²,"Radiateur, Central",Gaz,Individuel,Chaudière,Individuelle,Tout à l'égout,Bon état,,"Sud, Sud-est, Sud-ouest",Aperçu Verdure Ville,,,,,,1.0,1.0,1.0,,36.88572,10.32044,,,1.0,1.0,,,,1.0,,,,,1.0,,,,,,1.0,,,,,,,,1.0,,,,,,,,,,,,,,,,1.0,1.0,,,,,,,,,,,,,,,,,,,,,,,,,,,,,,,,,,,,,,,1.0,,,,,,,,,,,,,,,,,,,,,,,,,,,,,,,,,,,,,,,,,,1,1,,,,,,,,,,,,,,,,,,,,,,,,,,,,,,,,,,,,,,,,,,,,,,,,,,,,,,,,,,,,,,,,,,,,,,,,,,,,,,,,,,,,,,,,,,,,,,,,,,,,,,,,,,,,,,,,,,,,,,,,,,,,,,,,,,,,,,,,,,,,,,,,,,,,,,,,,,,,,,,,,,,,,,,,,,,,,,,,,,,,,,,,,,,,,,,,,,,,,,,,,,,,,,,,,,,,,,,,,,,,,,,,,,,,,,,,,,,,,,,,,,,,,,,,,,,,
https://www.homeintunisia.com/fr/propri%C3%A9t%C3%A9/85793673,Magnifique villa à Kantaoui – Vente,El Kantaoui,3 605 000 TND,Maison,85793673,7 pièces,1200 m²,1000 m²,"Radiateur, Central, Cheminée",Electrique,Individuel,Chaudière,Individuelle,Tout à l'égout,Excellent état,Rez-de-chaussée,,Panoramique Jardin Piscine,,,,,,1.0,1.0,1.0,,35.8832,10.59046,,,,1.0,1.0,1.0,1.0,,,1.0,,1.0,1.0,,,,,1.0,1.0,1.0,,,,,,,,1.0,,1.0,1.0,,,,,,,,,,,,1.0,1.0,1.0,,,,,,,,,,,,1.0,,,,,,,,,,,,,,,,1.0,1.0,,,,,,,1.0,,,,,,,,,,,,,,,,,,,,,,,,,,,,,,,,,,,,,,,,,,,,,,,,,,,,,,,,,,,,,,,,,,,,,,,,,,,,,,,,,,,,,,,,,,,,,,,,,,,,,,,,,,,,,,,,,,,,,,,,,,,,,,,,,,,,,,,,,,,,,,,,,,,,,,,,,,,,,,,,,,,,,,,,,,,,,,,,,,,,,,,,,,,,,,,,,,,,,,,,,,,,,,,,,,,,,,,,,,,,,,,,,,,,,,,,,,,,,,,,,,,,,,,,,,,,,,,,,,,,,,,,,,,,,,,,,,,,,,,,,,,,,,,,,,,,,,,,,
https://www.homeintunisia.com/fr/propri%C3%A9t%C3%A9/85791742,"Palais (maison d'hôtes) à vendre à Chott Meriem, Sousse",Chatt Meriem,6 000 000 TND,Maison,85791742,11 pièces,1450 m²,4800 m²,Central,Electrique,Individuel,Chaudière,Individuelle,Tout à l'égout,Excellent état,Rez-de-chaussée / 2 étages,Est,Dégagée Mer Forêt,,,,,,1.0,1.0,1.0,,35.93349,10.54649,,1.0,1.0,,,1.0,,1.0,1.0,,1.0,,1.0,1.0,1.0,,,1.0,,,,,,,,,,1.0,1.0,,,1.0,1.0,,,,,,,,,,,,,,,,,,,,,,,1.0,1.0,1.0,,1.0,,,,,,,,,,,1.0,,1.0,,3,,,,1.0,1.0,,,,,,,,,,,,,,,1.0,,,,,,,,,,,,,,,,,,,6,,,,,,,,,,,,,,5,,,,,,,,,,,,,,,,,,,,,,,,,,,,,,,,,,,,,,,,,,,,,,,,,,,,,,,,,,,,,,,,,,,,,,,,,,,,,,,,,,,,,,,,,,,,,,,,,,,,,,,,,,,,,,,,,,,,,,,,,,,,,,,,,,,,,,,,,,,,,,,,,,,,,,,,,,,,,,,,,,,,,,,,,,,,,,,,,,,,,,,,,,,,,,,,,,,,,,,,,,,,,,,,,,,,,,,,,,,,,,,,,,,,,,,,,,,,,,,,,,,,,,,,,,
https://www.homeintunisia.com/fr/propri%C3%A9t%C3%A9/85776435,Vente de Maison Moderne de Type Bande de Plein Pied à  - Off Plan (VEFA),Msaken,272 950 TND,Maison,85776435,4 pièces,82 m²,100 m²,"Radiateur, Climatisation, Cheminée","Gaz, Electrique",Individuel,Chaudière,Individuelle,Tout à l'égout,Neuf,Plain-pied / 1 étage,Sud-est,Dégagée Ciel,,,,,,1.0,1.0,,,35.72945,10.58333,,,1.0,1.0,1.0,1.0,1.0,,1.0,,,,1.0,,1.0,,,,1.0,,,,,,,,1.0,,,1.0,,,,,,,,,,,,,,1.0,,,,,,,,,1.0,1.0,,,,,,,,,,,,,,,,,1.0,,,,,,,,,,,,,,,,,,,,,,,,,,,,,,,,,,,1.0,,,,,,,,,,,,,,,,,,,,,,,,,,,,,,,,,,,,,,,,,,,,,,,,,,,,,,,,,,,,,,,,,,,,,,,,,,,,,,,,,,,,,,,,,,,,,,,,,,,,,,,,,,,,,,,,,,,,,,,,,,,,,,,,,,,,,,,,,,,,,,,,,,,,,,,,,,,,,,,,,,,,,,,,,,,,,,,,,,,,,,,,,,,,,,,,,,,,,,,,,,,,,,,,,,,,,,,,,,,,,,,,,,,,,,,,,,,,,,,,,,,,,,,,,,,,,,,,,,,,,,,,,,,,,,,,
https://www.homeintunisia.com/fr/propri%C3%A9t%C3%A9/85776427,Vente de Maison Moderne de Type Bande de Plein Pied à  - Off Plan (VEFA),Msaken,288 400 TND,Maison,85776427,4 pièces,80 m²,100 m²,"Radiateur, Climatisation, Central","Gaz, Electrique",Individuel,Chaudière,Individuelle,Tout à l'égout,Neuf,Plain-pied,Sud-est,Dégagée Ciel,,,,,,1.0,1.0,,,35.72945,10.58333,,,1.0,1.0,1.0,1.0,1.0,,1.0,,,,1.0,,1.0,,,,1.0,,,,,,,,,,,1.0,,,,,,,,,,,,,,1.0,,,,,,,,,,1.0,,,,,,,,,,,,,,,,,1.0,,,,,,,,,,,,,,,,,,,,,,,,,,,,,,,,,,,1.0,,,,,,,,,,,,,,,,,,,,,,,,,,,,,,,,,,,,,,,,,,,,,,,,,,,,,,,,,,,,,,,,,,,,,,,,,,,,,,,,,,,,,,,,,,,,,,,,,,,,,,,,,,,,,,,,,,,,,,,,,,,,,,,,,,,,,,,,,,,,,,,,,,,,,,,,,,,,,,,,,,,,,,,,,,,,,,,,,,,,,,,,,,,,,,,,,,,,,,,,,,,,,,,,,,,,,,,,,,,,,,,,,,,,,,,,,,,,,,,,,,,,,,,,,,,,,,,,,,,,,,,,,,,,,,,,
https://www.homeintunisia.com/fr/propri%C3%A9t%C3%A9/85776426,Vente de Maison Moderne de Type Bande de Plein Pied à  - Off Plan (VEFA),Msaken,309 000 TND,Maison,85776426,4 pièces,80 m²,100 m²,"Radiateur, Climatisation, Cheminée","Gaz, Electrique",Individuel,Chaudière,Individuelle,Tout à l'égout,Neuf,Plain-pied,Nord-ouest,Dégagée Ciel,,,,,,1.0,1.0,,,35.7354,10.57863,,,1.0,1.0,1.0,1.0,1.0,,1.0,,,,1.0,,1.0,,,,1.0,,,,,,,,,,,1.0,,,,,,,,,,,,,,1.0,,,,,,,,,1.0,1.0,,,,,,,,,,,,,,,,,1.0,,,,,,,,,,,,,,,,,,,,,,,,,,,,,,,,,,,1.0,,,,,,,,,,,,,,,,,,,,,,,,,,,,1.0,,,,,,,,,,,,,,,,,,,,,,,,,,,,,,,,,,,,,,,,,,,,,,,,,,,,,,,,,,,,,,,,,,,,,,,,,,,,,,,,,,,,,,,,,,,,,,,,,,,,,,,,,,,,,,,,,,,,,,,,,,,,,,,,,,,,,,,,,,,,,,,,,,,,,,,,,,,,,,,,,,,,,,,,,,,,,,,,,,,,,,,,,,,,,,,,,,,,,,,,,,,,,,,,,,,,,,,,,,,,,,,,,,,,,,,,,,,,,,,,,,,,
https://www.homeintunisia.com/fr/propri%C3%A9t%C3%A9/85773429,Triplex neuf à vendre - Hammam sousse Gharbi,Hammam Sousse Gharbi,450 000 TND,Maison,85773429,7 pièces,,232 m²,Central,Electrique,Individuel,Chaudière,Individuelle,Tout à l'égout,Neuf,Rez-de-chaussée,Nord-est,Vis-à-vis Rue,1,5,,,,,1.0,1.0,,35.85145,10.58888,,,1.0,,,1.0,,,,,,,,,1.0,,,1.0,,,,,,,,,,,1.0,,,,,,,,,,,,,,,,,,,,,,,,,,,,,,,1.0,,,,,,,,,,,,,,,,,,,,,,,,,,,,,,,,,,,,,,,,,,,,,,,,,,,,,,4,,,,,,,,,,,,,,,,,,,,,,,,,,,,,,,,,,,,,,,,,,,,,,,,,,,,,,,,,,,,,,,,,,,,,,,,,,,,,,,,,,,,,,,,,,,,,,,,,,,,,,,,,,,,,,,,,,,,,,,,,,,,,,,,,,,,,,,,,,,,,,,,,,,,,,,,,,,,,,,,,,,,,,,,,,,,,,,,,,,,,,,,,,,,,,,,,,,,,,,,,,,,,,,,,,,,,,,,,,,,,,,,,,,,,,,,,,,,,,,,,,,,,,,,,,,,,,,,,,,,,,,,
https://www.homeintunisia.com/fr/propri%C3%A9t%C3%A9/85767555,"🏡 À Vendre – Maison Inachevée à , Msaken",Messadine,410 000 TND,Maison,85767555,1 pièce,160 m²,300 m²,,,,,,,,Rez-de-chaussée,,Aperçu Campagne,,,,,,,,,,35.75573,10.60025,,,,,,,,,,,,,,,,,,,,,,,,,,,,,,,,,,,,,,,,,,,,,,,,,,,,,,,,,,,,,,,,,,,,,,,,,,,,,,,,,,,,,,,,,,,,,,,,,,,,,,,,,,,,,,,,,,,,,,,,,,,,,,,,,,,,,,,,,,,,,,,,,,,,,,,,,,,,,,,,,,,,,,,,,,,,,,,,,,,,,,,,,,,,,,,,,,,,,,,,,,,,,,,,,,,,,,,,,,,,,,,,,,,,,,,,,,,,,,,,,,,,,,,,,,,,,,,,,,,,,,,,,,,,,,,,,,,,,,,,,,,,,,,,,,,,,,,,,,,,,,,,,,,,,,,,,,,,,,,,,,,,,,,,,,,,,,,,,,,,,,,,,,,,,,,,,,,,,,,,,,,,,,,,,,,,,,,,,,
https://www.homeintunisia.com/fr/propri%C3%A9t%C3%A9/85766994,À Vendre – Spacieuse Villa – Excellent Rendement Locatif,Sousse,1 700 000 TND,Maison,85766994,13 pièces,600 m²,1090 m²,Radiateur,Gaz,Individuel,Chaudière,Individuelle,Tout à l'égout,Bon état,Rez-de-chaussée / 2 étages,Nord,Dégagée Ciel Rue,,9,,,,1.0,,,,35.82445,10.63248,,,,,,,,,,,,,,,,,1,,,,,,,,,,,,,,,,,,,,,,,,,1,,,,,,,,,,,,,,,,,,,,,,,,,,,,,,,,,4,,,,,,,,,1,,,,,,,,,,,,,,,,,,,,,,,,,,,,,,,,,,,,,,,,,,,,,,,,,,,,,,,,,,,,,,,,,,,,,,,,,,,,,,,,,,,,,,,,,,,,,,,,,,,,,,,,,,,,,,,,,,,,,,,,,,,,,,,,,,,,,,,,,,,,,,,,,,,,,,,,,,,,,,,,,,,,,,,,,,,,,,,,,,,,,,,,,,,,,,,,,,,,,,,,,,,,,,,,,,,,,,,,,,,,,,,,,,,,,,,,,,,,,,,,,,,,,,,,,,,,,,,,,,,,,,,,,,,,,,,,,,,,,,,,,,,,,,,,,,,,,,
https://www.homeintunisia.com/fr/propri%C3%A9t%C3%A9/85712384,Villa Exceptionnelle à Vendre à  – 1135 m²,Khezama Ouest,2 650 000 TND,Maison,85712384,5 pièces,400 m²,1135 m²,Radiateur,,Individuel,Chaudière,Individuelle,Fosse septique,À rafraîchir,Rez-de-chaussée,"Est, Ouest",Dégagée Jardin Ciel,1,3,2,,,1.0,1.0,,,35.84752,10.60063,,,1.0,,,,,,,,,,,,,,1,,,,,,,,,,,,,,,,,,,,,,,,,,,,,,,,,,,,,,,,,,,,,,,,,,,,,,,,,,,1,,,,,,,,,1,,,,,,,,,,,,,,,,,,,,,,,,,,,,,,,,,,,,,,,,,,,,,,,,,,,,,,,,1,,,,,,,,,,,,,,,,,,,,,,,,,,,,,,,,,,,,,,,,,,,,,,,,,,,,,,,,,,,,,,,,,,,,,,,,,,,,,,,,,,,,,,,,,,,,,,,,,,,,,,,,,,,,,,,,,,,,,,,,,,,,,,,,,,,,,,,,,,,,,,,,,,,,,,,,,,,,,,,,,,,,,,,,,,,,,,,,,,,,,,,,,,,,,,,,,,,,,,,,,,,,,,,,,,,,,,,,,,,,,,,,,,,,,,,,,,,,,
https://www.homeintunisia.com/fr/propri%C3%A9t%C3%A9/85710002,Villa de standing avec piscine à vendre  - 10 min de la plage,Hergla,600 000 TND,Maison,85710002,5 pièces,191 m²,230 m²,Central,Electrique,Individuel,Chaudière,Individuelle,Tout à l'égout,Neuf,Rez-de-chaussée / 1 étage,Est,Dégagée Mer Ville,1,,,,,1.0,1.0,1.0,,36.03141,10.5043,,,,,,1.0,1.0,,,,,,1.0,,1.0,,,,,,,,,,,,,1.0,1.0,,,,,,,,,,,,,,,,,,,,,,,,,,,,1.0,,,,,,,,,,,,,,,,,,,,,,,,,,,,,,,,,,,,,,,,,,,,,,,,,,,,,,,,,,,,,,,,,,,,,,,,,,,,,,,,,,,,,1,1,,,,,,,,,,,,,,,,,,,,,,,,,,,,,,,,,,,,,,,,,,,,,,,,,,,,,,,,,,,,,,,,,,,,,,,,,,,,,,,,,,,,,,,,,,,,,,,,,,,,,,,,,,,,,,,,,,,,,,,,,,,,,,,,,,,,,,,,,,,,,,,,,,,,,,,,,,,,,,,,,,,,,,,,,,,,,,,,,,,,,,,,,,,,,,,,,,,,,,,,,,,,,,,,,,,,,,,,,,,,,,,,,,,,,,,,,,,
https://www.homeintunisia.com/fr/propri%C3%A9t%C3%A9/85647451,Prestigieuse villa à vendre -,Sahloul,1 550 000 TND,Maison,85647451,10 pièces,300 m²,340 m²,Central,Electrique,Individuel,Chaudière,Individuelle,Tout à l'égout,Excellent état,Rez-de-chaussée,,Vis-à-vis Rue,,,,,,1.0,1.0,,,35.83142,10.60492,,,1.0,,,1.0,1.0,,,1.0,,,1.0,1.0,1.0,,,,,,,,,,,,,1.0,1.0,,,,1.0,,,,,,,,,,,,,1.0,,,,,,,,1.0,,,,,,,,,,,,,,,,,,,,,,,,,,,,,,,,,,,,,,,,,,,,,,,,,,,,,,,,,,,,,,,,,,,,,,,,,,,,,,,,,,,,,,,,,,,,,,,,,,,,,,,,,,,,,,,,,,,,,,,,,,,,,,,,,,,,,,,,,,,,,,,,,,,,,,,,,,,,,,,,,,,,,,,,,,,,,,,,,,,,,,,,,,,,,,,,,,,,,,,,,,,,,,,,,,,,,,,,,,,,,,,,,,,,,,,,,,,,,,,,,,,,,,,,,,,,,,,,,,,,,,,,,,,,,,,,,,,,,,,,,,,,,,,,,,,,,,,,,,,,,,,,,,,,,,,,,,,,,,,,,,,,
https://www.homeintunisia.com/fr/propri%C3%A9t%C3%A9/85647319,Villa de luxe à vendre -  4,Sahloul,1 050 000 TND,Maison,85647319,7 pièces,330 m²,500 m²,Central,Electrique,Individuel,Chaudière,Individuelle,Tout à l'égout,Excellent état,Rez-de-chaussée / 2 étages,,Vis-à-vis Rue,,,,,,1.0,1.0,,,35.83142,10.60492,,,1.0,,,1.0,1.0,,,1.0,,,1.0,1.0,1.0,,,,,,,,,,,,,1.0,1.0,,,,,,,,,,,,,,,,,1.0,,,,,,,,,,,1.0,,,1.0,,,,,,,,,,,,,,,,,,,,,,,,,,,,,,,,,,,,,,,,,,,,,,,,,,,,,,,,,,,,,,,,,,,,,,,,,,,,,,,,,,,,,,,,,,,,,,,,,,,,,,,,,,,,,,,,,,,,,,,,,,,,,,,,,,,,,,,,,,,,,,,,,,,,,,,,,,,,,,,,,,,,,,,,,,,,,,,,,,,,,,,,,,,,,,,,,,,,,,,,,,,,,,,,,,,,,,,,,,,,,,,,,,,,,,,,,,,,,,,,,,,,,,,,,,,,,,,,,,,,,,,,,,,,,,,,,,,,,,,,,,,,,,,,,,,,,,,,,,,,,,,,,,,,,,,,,,,,,,
https://www.homeintunisia.com/fr/propri%C3%A9t%C3%A9/85643071,Villa Spacieuse à Vendre à  1 – 450 m² de Terrain,Sahloul,1 200 000 TND,Maison,85643071,9 pièces,350 m²,450 m²,"Radiateur, Climatisation, Central",Electrique,Individuel,Chaudière,Individuelle,Tout à l'égout,Bon état,Rez-de-chaussée,"Nord-est, Nord-ouest",Aperçu,,,,,,1.0,1.0,,,35.83925,10.59818,,,,,,,1.0,,,1.0,,,1.0,,,,,1.0,1.0,,,,,,,,1.0,,,,,,,,,,,,,,,,,1.0,,,,,,,,,,,,,,,,,,,,,,,,,,,,,,,,,,,,,,,,,,,,,,,,,,,,,,,,,,,,,,,,,,,,,,,,,,,,,,,,,,,,,,,,,,,,,,,,,,,,,,,,,,,,,,,,,,,,,,,,,,,,,,,,,,,,,,,,,,,,,,,,,,,,,,,,,,,,,,,,,,,,,,,,,,,,,,,,,,,,,,,,,,,,,,,,,,,,,,,,,,,,,,,,,,,,,,,,,,,,,,,,,,,,,,,,,,,,,,,,,,,,,,,,,,,,,,,,,,,,,,,,,,,,,,,,,,,,,,,,,,,,,,,,,,,,,,,,,,,,,,,,,,,,,,,,,,,,,,,,,,,,,,,,,,,,,,
https://www.homeintunisia.com/fr/propri%C3%A9t%C3%A9/85641105,Villa à vendre à  1 – 400m² de terrain et 300m² habitables,Sahloul,900 000 TND,Maison,85641105,5 pièces,300 m²,400 m²,"Radiateur, Climatisation",Electrique,Individuel,Chaudière,Individuelle,,Bon état,Rez-de-chaussée,Nord-est,Aperçu,,,,,,1.0,1.0,,,35.84354,10.59335,,,,,,,,,,,,,1.0,,,,,,1.0,1.0,,,,,,,1.0,,,,,,,,,,,,,,,,,1.0,,,,,,,,,,,,,,,,,,,,,,,,,,,,,,,,,,,,,,,,,,,,,,,,,,,,,,,,,,,,,,,,,,,,,,,,,,,,,,,,,,,,,,,,,,,,,,,,,,,,,,,,,,,,,,,,,,,,,,,,,,,,,,,,,,,,,,,,,,,,,,,,,,,,,,,,,,,,,,,,,,,,,,,,,,,,,,,,,,,,,,,,,,,,,,,,,,,,,,,,,,,,,,,,,,,,,,,,,,,,,,,,,,,,,,,,,,,,,,,,,,,,,,,,,,,,,,,,,,,,,,,,,,,,,,,,,,,,,,,,,,,,,,,,,,,,,,,,,,,,,,,,,,,,,,,,,,,,,,,,,,,,,,,,,,,,,,
https://www.homeintunisia.com/fr/propri%C3%A9t%C3%A9/85632788,Villa d'exception en front de mer avec vue panoramique,Chatt Meriem,2 600 000 TND,Maison,85632788,8 pièces,,850 m²,"Radiateur, Climatisation, Central",Electrique,Individuel,Chaudière,Individuelle,Tout à l'égout,Bon état,Rez-de-chaussée,"Nord-est, Nord-ouest",Panoramique Mer,,,,,,,1.0,,,35.93132,10.54749,,,,,,1.0,1.0,,,,,1.0,1.0,,,,,1.0,1.0,,,,,,,,,,,,,,,,,,,,,,,,,1.0,,,,,,,,,,,,,,,,,,,,,,,,,,,,,,1.0,,,,,,,,,,,,,,,,,,,,,,,,,,,,,,,,,,,,,,,,,,,,,,,,,,,,,,,,,,,,,,,,,,,,,,,,,,,,,,,,,,,,,,,,,,,,,,,,,,,,,,,,,,,,,,,,,,,,,,,,,,,,,,,,,,,,,,,,,,,,,,,,,,,,,,,,,,,,,,,,,,,,,,,,,,,,,,,,,,,,,,,,,,,,,,,,,,,,,,,,,,,,,,,,,,,,,,,,,,,,,,,,,,,,,,,,,,,,,,,,,,,,,,,,,,,,,,,,,,,,,,,,,,,,,,,,,,,,,,,,,,,,,,,,,,,,,,,,,,,,,,,,
https://www.homeintunisia.com/fr/propri%C3%A9t%C3%A9/85606031,"Villa d’Exception à Kantaoui, Quartier Narjess",El Kantaoui,2 650 000 TND,Maison,85606031,6 pièces,800 m²,1111 m²,Radiateur,Gaz,Individuel,Chaudière,Individuelle,Tout à l'égout,Bon état,Rez-de-chaussée,"Est, Nord, Ouest, Sud",Dégagée Rue Golf,1,5,3,,1,1.0,1.0,,,35.884,10.59123,,,1.0,,,,,,,,,,,,,,1,,1.0,1.0,,,,,,,,,,,,,,,,,,,,,,,,,,1.0,,,,,,,,,,,,,,,,,,,,,,,,,,,,,,,,,,,,,,,,,,,,,,,,,,,,,,,,,,,,,,,,,,,,,,,,,,,,,,,,,,,,,,,,,,,,,,,,,,,,,,,,,,,,,,,,,,,,,,,,,,,,,,,,,,,,,,,,,,,,,,,,,,,,,,,,,,,,,,,,,,,,,,,,,,,,,,,,,,,,,,,,,,,,,,,,,,,,,,,,,,,,,,,,,,,,,,,,,,,,,,,,,,,,,,,,,,,,,,,,,,,,,,,,,,,,,,,,,,,,,,,,,,,,,,,,,,,,,,,,,,,,,,,,,,,,,,,,,,,,,,,,,,,,,,,,,,,,,,,,,,,,,,,,,,,,
https://www.homeintunisia.com/fr/propri%C3%A9t%C3%A9/85601626,Vente Villa R+2 à,Hergla,1 260 000 TND,Maison,85601626,,420 m²,260 m²,,,Individuel,,Individuelle,,Neuf,Rez-de-chaussée,,Dégagée,,,,,,1.0,1.0,,,36.03141,10.5043,,1.0,1.0,,1.0,,,,,1.0,,,1.0,,1.0,,,1.0,,1.0,,,,,,,,1.0,1.0,,,,1.0,,,,,,,,,,,,,,,,,,,,,1.0,,,,,,1.0,,,,,,,,,,,,,,,,,,,,,,1.0,,,,,,,,,,,,,,,,,,,,,,,,,,,,,,,,,,,,,,,,,,,,,,,,,,,,,,,,,,,,,,,1,2,3,,,,,,,,,,,,,,,,,,,,,,,,,,,,,,,,,,,,,,,,,,,,,,,,,,,,,,,,,,,,,,,,,,,,,,,,,,,,,,,,,,,,,,,,,,,,,,,,,,,,,,,,,,,,,,,,,,,,,,,,,,,,,,,,,,,,,,,,,,,,,,,,,,,,,,,,,,,,,,,,,,,,,,,,,,,,,,,,,,,,,,,,,,,,,,,,,,,,,,,,,,,,,,,,,,,,,,,,,,,,,,,,,,,,,,,
https://www.homeintunisia.com/fr/propri%C3%A9t%C3%A9/85509893,Vente Maison à,Hergla,1 350 000 TND,Maison,85509893,10 pièces,300 m²,1350 m²,,,,,,,À rénover,Rez-de-chaussée,"Est, Nord, Ouest, Sud",Aperçu,,,,,,,,,,36.03141,10.5043,,,,,,,,,,,,,,,,,,,,,,,,,,,,,,,,,,,,,,,,,,,,,,,,,,,,,,,,,,,,,,,,,,,,,,,,,,,,,,,,,,,,,,,,,,,,,,,,,,,,,,,,,,,,,,,,,,,,,,,,,,,,,,,,,,,,,,,,,,,,,,,,,,,,,,,,,,,,,,,,,,,,,,,,,,,,,,,,,,,,,,,,,,,,,,,,,,,,,,,,,,,,,,,,,,,,,,,,,,,,,,,,,,,,,,,,,,,,,,,,,,,,,,,,,,,,,,,,,,,,,,,,,,,,,,,,,,,,,,,,,,,,,,,,,,,,,,,,,,,,,,,,,,,,,,,,,,,,,,,,,,,,,,,,,,,,,,,,,,,,,,,,,,,,,,,,,,,,,,,,,,,,,,,,,,,,,,,,,,
https://www.homeintunisia.com/fr/propri%C3%A9t%C3%A9/85417491,Villa familiale en vente - 870 m² sur 3 étages,Sousse,1 550 000 TND,Maison,85417491,10 pièces,870 m²,470 m²,"Radiateur, Climatisation, Central, Cheminée",Electrique,Individuel,Chaudière,Individuelle,Tout à l'égout,Neuf,Rez-de-chaussée,"Nord-est, Nord-ouest",Aperçu Ciel,,,,,,1.0,1.0,1.0,,35.82658,10.63766,,1.0,1.0,1.0,1.0,1.0,1.0,,,1.0,,1.0,1.0,,1.0,,,1.0,1.0,1.0,,,,,,,1.0,1.0,1.0,,,1.0,1.0,,,,,,,,,,1.0,1.0,1.0,,,,,,,1.0,,1.0,,,,1.0,,1.0,,,,,,,,,,,,,1.0,1.0,,,,,,,,,,,,,,,,,,1.0,1.0,,,,,,,,,,,,,,,,,,,,,,,,,,,,,,,,,,,,,,,,,,,,,,,,,,,,,,,,,,,,,,,,,,,,,,,,,,,,,,,,,,,,,,,,,,,,,,,,,,,,,,,,,,,,,,,,,,,,,,,,,,,,,,,,,,,,,,,,,,,,,,,,,,,,,,,,,,,,,,,,,,,,,,,,,,,,,,,,,,,,,,,,,,,,,,,,,,,,,,,,,,,,,,,,,,,,,,,,,,,,,,,,,,,,,,,,,,,,,,,,,,,,,,,,,,,,,,,,,,,,,,,,,,,,,,,,,,,,,,,,,,,,,
https://www.homeintunisia.com/fr/propri%C3%A9t%C3%A9/85393639,Villa de Prestige à Vendre : Un Havre de Paix au Cœur de la Campagne Tunisienne,Kef Ouest,3 914 000 TND,Maison,85393639,14 pièces,417 m²,417 m²,Radiateur,Electrique,Individuel,Pompe à chaleur,Individuelle,Fosse septique,Excellent état,,,Dégagée Montagnes Forêt,,,,,,1.0,1.0,1.0,,36.14845,8.64114,,,1.0,1.0,1.0,1.0,1.0,,,,1.0,1.0,1.0,1.0,1.0,,,,1.0,,,,,,,,1.0,1.0,1.0,,,,,,,,,,,,,,,1.0,1.0,,,,,,,,,,1.0,1.0,,1.0,,,,1.0,,,,,,,1.0,,,,,1.0,,,,,,,,,1.0,,,,,,,1.0,,,,,,,,,,,,,,,,1.0,,,,,,,,,,,,,,,,,,,,,,,,,,,,,,,,,,,,,,,,,,,,,,,,1,,,,,,,,,,,,,,,,,,,,,,,,,,,,,,,,,,,,,,,,,,,,,,,,,,,,,,,,,,,,,,,,,,,,,,,,,,,,,,,,,,,,,,,,,,,,,,,,,,,,,,,,,,,,,,,,,,,,,,,,,,,,,,,,,,,,,,,,,,,,,,,,,,,,,,,,,,,,,,,,,,,,,,,,,,,,,,,,,,,,,,,,,,,,,,,,,,,,,,,,,,,,,,,,,,,,,,,,,,,,,,,,
https://www.homeintunisia.com/fr/propri%C3%A9t%C3%A9/85356409,Vente Villa Familiale de 450m² à Sousse,Sousse Khezama,2 575 000 TND,Maison,85356409,8 pièces,600 m²,450 m²,"Radiateur, Climatisation, Central","Gaz, Electrique, Eau chaude",Individuel,Chaudière,Individuelle,Tout à l'égout,À rénover,Rez-de-chaussée / 2 étages,"Est, Ouest, Nord-est",Dégagée Rue,,,,,,1.0,1.0,,,35.85394,10.614,,,,,,,,,,,,,1.0,,,,,,,,,,,,,,,,,,,,,,,,,,,,,,,,,,,,,,,,,,,,,,,,,,,,,,,,,,,,,,,,,,,,,,,,,,,,,,,,,,,,,,,,,,,,,,,,,,,,,,,,,,,,,,,,,,,,,,,,,,,,,,,,,,,,,,,,,,,,,,,,,,,,,,,,,,,,,,,,,,,,,,,,,,,,,,,,,,,,,,,,,,,,,,,,,,,,,,,,,,,,,,,,,,,,,,,,,,,,,,,,,,,,,,,,,,,,,,,,,,,,,,,,,,,,,,,,,,,,,,,,,,,,,,,,,,,,,,,,,,,,,,,,,,,,,,,,,,,,,,,,,,,,,,,,,,,,,,,,,,,,,,,,,,,,,,,,,,,,,,,,,,,,,,,,,,,,,,,,,,,,,
https://www.homeintunisia.com/fr/propri%C3%A9t%C3%A9/85309718,"Spacieuse Villa à Vendre : Confort et Tranquillité sur 3 Niveaux (Sahloul, )",Sousse,920 000 TND,Maison,85309718,8 pièces,490 m²,,"Climatisation, Central",,Individuel,Chaudière,Individuelle,,Bon état,Rez-de-chaussée,Sud-ouest,Panoramique,,,,,,,,,,35.84269,10.59162,,,1.0,,,,,,,,,,,,,,,,,,,,,,,,,,,,,,,,,,,,,,,,,,,,,,,,,,,,,,,,,,,,,,,,,,,,,,,,,,,,,,,,,,,,,,,,,,,,,,,,,,,,,,,,,,,,,,,,,,,,,,,,,,,,,,,,,,,,,,,,,,,,,,,,,,,,,,,,,,,,,,,,,,,,,,,,,,,,,,,,,,,,,,,,,,,,,,,,,,,,,,,,,,,,,,,,,,,,,,,,,,,,,,,,,,,,,,,,,,,,,,,,,,,,,,,,,,,,,,,,,,,,,,,,,,,,,,,,,,,,,,,,,,,,,,,,,,,,,,,,,,,,,,,,,,,,,,,,,,,,,,,,,,,,,,,,,,,,,,,,,,,,,,,,,,,,,,,,,,,,,,,,,,,,,,,,,,,,,,,
https://www.homeintunisia.com/fr/propri%C3%A9t%C3%A9/85309308,Maison traditionnelle pour la vente,Sousse,450 000 TND,Maison,85309308,6 pièces,300 m²,200 m²,,Electrique,Individuel,Chauffe-eau,Individuelle,Tout à l'égout,Bon état,Rez-de-chaussée,Nord-est,Panoramique Ville,,,,,,,1.0,,,35.82364,10.62986,,,,,,,,,,,,,1.0,,,,,,,,,,,,,,,,,,,,,,,,,,,,,,,,,,,,,,,,,,,,,,,,,,,,,,,,,,,,,,,,,,,,,,,,,,,,,,,,,,,,,,,,,,,,,,,,,,,,,,,,,,,,,,,,,,,,,,,,,,,,,,,,,,,,,,,,,,,,,,,,,,,,,,,,,,,,,,,,,,,,,,,,,,,,,,,,,,,,,,,,,,,,,,,,,,,,,,,,,,,,,,,,,,,,,,,,,,,,,,,,,,,,,,,,,,,,,,,,,,,,,,,,,,,,,,,,,,,,,,,,,,,,,,,,,,,,,,,,,,,,,,,,,,,,,,,,,,,,,,,,,,,,,,,,,,,,,,,,,,,,,,,,,,,,,,,,,,,,,,,,,,,,,,,,,,,,,,,,,,,,,
https://www.homeintunisia.com/fr/propri%C3%A9t%C3%A9/85302628,Vente de deux villas luxueuses a Skanes,Monastir,1 011 200 TND,Maison,85302628,5 pièces,195 m²,256 m²,"Climatisation, Central",Gaz,Individuel,Chauffe-eau,Individuelle,Tout à l'égout,Neuf,Rez-de-jardin / 2 étages,Nord,Aperçu Mer Golf,,,,,,1.0,1.0,1.0,,35.76578,10.80878,,1.0,1.0,,1.0,1.0,1.0,1.0,,1.0,,1.0,1.0,,1.0,,,1.0,,1.0,,,,,,,1.0,1.0,1.0,,1.0,,1.0,,,,,,,,,,,,,1.0,,,,,,,,1.0,,,1.0,1.0,1.0,1.0,,,,,,,,,,,,,1.0,1.0,,,,,,,,,,,,,,,,,,,,,,,,,,,,,,,,,,,,,,,,,,,,,,,,,,,,,,,,,,,,,,,,,,,,,,,,,,,,,,,,,,,,,,,,,,,,,,,,,,,,,,,,,,,,,,,,,,,,,,,,,,,,,,,,,,,,,,,,,,,,,,,,,,,,,,,,,,,,,,,,,,,,,,,,,,,,,,,,,,,,,,,,,,,,,,,,,,,,,,,,,,,,,,,,,,,,,,,,,,,,,,,,,,,,,,,,,,,,,,,,,,,,,,,,,,,,,,,,,,,,,,,,,,,,,,,,,,,,,,,,,,,,,,,,,,,,,,,,,,,,,,,,
https://www.homeintunisia.com/fr/propri%C3%A9t%C3%A9/85302624,Vente de deux villas luxueuses a Skanes,Monastir,1 390 500 TND,Maison,85302624,6 pièces,286 m²,310 m²,"Climatisation, Central",Gaz,Individuel,Chauffe-eau,Individuelle,Tout à l'égout,Neuf,Rez-de-jardin / 2 étages,Nord,Aperçu Mer,,,,,,1.0,1.0,1.0,,35.76546,10.815,,1.0,1.0,,1.0,1.0,1.0,1.0,,1.0,1.0,1.0,1.0,1.0,,,,1.0,,1.0,,,,,,,1.0,1.0,1.0,,1.0,,1.0,,,,,,,,,,,,1.0,1.0,,,,,,,,1.0,,,1.0,1.0,1.0,1.0,,,,,,,,,,,,,1.0,1.0,,,,,,,,,,,,,,,,,,,,,,,,,,,,,,,,,,,,,,,,,,,,,,,,,,,,,,,,,,,,,,,,,,,,,,,,,,,,,,,,,,,,,,,,,,,,,,,,,,,,,,,,,,,,,,,,,,,,,,,,,,,,,,,,,,,,,,,,,,,,,,,,,,,,,,,,,,,,,,,,,,,,,,,,,,,,,,,,,,,,,,,,,,,,,,,,,,,,,,,,,,,,,,,,,,,,,,,,,,,,,,,,,,,,,,,,,,,,,,,,,,,,,,,,,,,,,,,,,,,,,,,,,,,,,,,,,,,,,,,,,,,,,,,,,,,,,,,,,,,,,,,,
https://www.homeintunisia.com/fr/propri%C3%A9t%C3%A9/85289069,vente villa indépendante s+3 avec studio,Sousse Khezama,950 000 TND,Maison,85289069,4 pièces,,520 m²,"Radiateur, Climatisation",,Individuel,Chaudière,Individuelle,Tout à l'égout,Bon état,Plain-pied,Est,Dégagée,,,,,,1.0,1.0,,,35.85011,10.60662,,,1.0,,,,,,,,,,1.0,,,,,,,,,,,,,,,,,,,,,,,,,,,,,,,,,,,,,,,,,,,,,,,,,,,,,,,,,,,,,,,,,,,,,,,,,,,,,,,,,,,,,,,,,,,,,,,,,,,,,,,,,,,,,,,,,,,,,,,,,,,,,,,,,,,,,,,,,,,,,,,,,,,,,,,,,,,,,,,,,,,,,,,,,,,,,,,,,,,,,,,,,,,,,,,,,,,,,,,,,,,,,,,,,,,,,,,,,,,,,,,,,,,,,,,,,,,,,,,,,,,,,,,,,,,,,,,,,,,,,,,,,,,,,,,,,,,,,,,,,,,,,,,,,,,,,,,,,,,,,,,,,,,,,,,,,,,,,,,,,,,,,,,,,,,,,,,,,,,,,,,,,,,,,,,,,,,,,,,,,,,,,
https://www.homeintunisia.com/fr/propri%C3%A9t%C3%A9/85284168,"Annonce Vente Villa à Houmt Souk,",Djerba,1 236 000 TND,Maison,85284168,,700 m²,700 m²,,,,,,,,,,,,,,,,1.0,1.0,,,33.8,10.9,,,1.0,,1.0,1.0,1.0,1.0,,,,,1.0,,,,,,1.0,,,,,,,,1.0,,,,,,,,,,,,,,,,,1.0,,,,,1.0,,,,,,,1.0,,,,,,,,,,,,,1.0,,,,,,,,,,,,,,,,,,,,,1.0,,,,,,,,,,,,,,,,,,,,,,,,,,,,,,,,,,,,,,,,,,,,,,,,,,,,,,,,,,,,,,,,,,1,,,,,,,,,,,,,,,,,,,,,,,,,,,,,,,,,,,,,,,,,,,,,,,,,,,,,,,,,,,,,,,,,,,,,,,,,,,,,,,,,,,,,,,,,,,,,,,,,,,,,,,,,,,,,,,,,,,,,,,,,,,,,,,,,,,,,,,,,,,,,,,,,,,,,,,,,,,,,,,,,,,,,,,,,,,,,,,,,,,,,,,,,,,,,,,,,,,,,,,,,,,,,,,,,,,,,,,,,,,,,,
https://www.homeintunisia.com/fr/propri%C3%A9t%C3%A9/85240836,"Annonce de Vente Immobilière - Palais à , Espagne",Marbella,122 598 480 TND,Maison,85240836,,,,,,,,,,,,,Dégagée Mer,,,,,,,,,,37.8646,-4.77595,,,,,,,,,,,,,,,,,,,,,,,,,,,,,,,,,,,,,,,,,,,,,,,,,,,,,,,,,,,,,,,,,,,,,,,,,,,,,,,,,,,,,,,,,,,,,,,,,,,,,,,,,,,,,,,,,,,,,,,,,,,,,,,,,,,,,,,,,,,,,,,,,,,,,,,,,,,,,,,,,,,,,,,,,,,,,,,,,,,,,,,,,,,,,,,,,,,,,,,,,,,,,,,,,,,,,,,,,,,,,,,,,,,,,,,,,,,,,,,,,,,,,,,,,,,,,,,,,,,,,,,,,,,,,,,,,,,,,,,,,,,,,,,,,,,,,,,,,,,,,,,,,,,,,,,,,,,,,,,,,,,,,,,,,,,,,,,,,,,,,,,,,,,,,,,,,,,,,,,,,,,,,,,,,,,,,,,,,,
https://www.homeintunisia.com/fr/propri%C3%A9t%C3%A9/85240255,Vente Villa  avec piscine,Sayada,1 500 000 TND,Maison,85240255,8 pièces,562 m²,600 m²,Central,Solaire,Individuel,Chauffe-eau,Individuelle,,À rafraîchir,,,Aperçu Mer,,,,,,1.0,1.0,1.0,,35.66786,10.85696,,1.0,1.0,,1.0,1.0,1.0,1.0,1.0,1.0,,1.0,1.0,,1.0,,,1.0,,1.0,,,,,,,1.0,1.0,,,,1.0,,,,,,,,,,,1.0,,1.0,1.0,,,1.0,,,,1.0,,,1.0,1.0,,,,,1.0,,,,,,,1.0,,1.0,,,,,,,,,,,,,,,,,,,1.0,,,,,,,,,,,,,,,,,,,,,,,,,,,,,,,,,,,,,,,,,,,,1.0,,,,,,,,,,,,,,,,,,,,,,,,,,,,,,,,,,,,,,,,,,,,,,,,,,,,,,,,,,,,,,,,,,,,,,,,,,,,,,,,,,,,,,,,,,,,,,,,,,,,,,,,,,,,,,,,,,,,,,,,,,,,,,,,,,,,,,,,,,,,,,,,,,,,,,,,,,,,,,,,,,,,,,,,,,,,,,,,,,,,,,,,,,,,,,,,,,,,,,,,,,,,,,,,,,,,,,,,,,,,,,,,,,,,,,,,,,,,,,,,,,,,
https://www.homeintunisia.com/fr/propri%C3%A9t%C3%A9/85161457,Splendide villa a vendre,Kalaa El Kebira Ksar,3 200 000 TND,Maison,85161457,10 pièces,1100 m²,15300 m²,Central,Solaire,Individuel,Solaire,Individuelle,Tout à l'égout,Excellent état,Rez-de-chaussée,Nord-ouest,Dégagée Jardin Ciel,,,,,,,,,,37.22498,9.79335,,,,,,,,,,,,,,,,,,,,,,,,,,,,,,,,,,,,,,,,,,,,,,,,,,,,,,,,,,,,,,,,,,,,,,,,,,,,,,,,,,,,,,,,,,,,,,,,,,,,,,,,,,,,,,,,,,,,,,,,,,,,,,,,,,,,,,,,,,,,,,,,,,,,,,,,,,,,,,,,,,,,,,1,,,,,,,,,,,,,,,,,,,,,,,,,,,,,,,,,,,,,,,,,,,,,,,,,,,,,,,,,,,,,,,,,,,,,,,,,,,,,,,,,,,,,,,,,,,,,,,,,,,,,,,,,,,,,,,,,,,,,,,,,,,,,,,,,,,,,,,,,,,,,,,,,,,,,,,,,,,,,,,,,,,,,,,,,,,,,,,,,,,,,,,,,,,,,,,,,,,,,,,,,,,,,,,,,,,,
https://www.homeintunisia.com/fr/propri%C3%A9t%C3%A9/85155076,Maison Traditionnelle à  – Une Opportunité Unique !,Hammam Sousse,257 500 TND,Maison,85155076,,,560 m²,,,,,,,À rénover,Rez-de-chaussée,,,,,,,,,,,,35.85095,10.59143,,,,,,,,,,,,,,,,,,,,,,,,,,,,,,,,,,,,,,,,,,,,,,,,,,,,,,,,,,,,,,,,,,,,,,,,,,,,,,,,,,,,,,,,,,,,,,,,,,,,,,,,,,,,,,,,,,,,,,,,,,,,,,,,,,,,,,,,,,,,,,,,,,,,,,,,,,,,,,,,,,,,,,,,,,,,,,,,,,,,,,,,,,,,,,,,,,,,,,,,,,,,,,,,,,,,,,,,,,,,,,,,,,,,,,,,,,,,,,,,,,,,,,,,,,,,,,,,,,,,,,,,,,,,,,,,,,,,,,,,,,,,,,,,,,,,,,,,,,,,,,,,,,,,,,,,,,,,,,,,,,,,,,,,,,,,,,,,,,,,,,,,,,,,,,,,,,,,,,,,,,,,,,,,,,,,,,,,,,
https://www.homeintunisia.com/fr/propri%C3%A9t%C3%A9/85152813,Vente aux Enchères Immobilières – Maison Traditionnelle à Rénover à  Médina,Sousse,66 885 TND,Maison,85152813,10 pièces,300 m²,450 m²,,,,,,,À rafraîchir,Rez-de-chaussée,Sud-est,Vis-à-vis Ville Rue,,,,,,,,,,35.82161,10.63446,,,,,,,,,,,,,,,,,,,,,,,,,,,,,,,,,,,,,,,,,,,,,,,,,,,,,,,,,,,,,,,,,,,,,,,,,,,,,,,,,,,,,,,,,,,,,,,,,,,,,,,,,,,,,,,,,,,,,,,,,,,,,,,,,,,,,,,,,,,,,,,,,,,,,,,,,,,,,,,,,,,,,,,,,,,,,,,,,,,,,,,,,,,,,,,,,,,,,,,,,,,,,,,,,,,,,,,,,,,,,,,,,,,,,,,,,,,,,,,,,,,,,,,,,,,,,,,,,,,,,,,,,,,,,,,,,,,,,,,,,,,,,,,,,,,,,,,,,,,,,,,,,,,,,,,,,,,,,,,,,,,,,,,,,,,,,,,,,,,,,,,,,,,,,,,,,,,,,,,,,,,,,,,,,,,,,,,,,,
https://www.homeintunisia.com/fr/propri%C3%A9t%C3%A9/85149140,Vente aux Enchères Publiques après Réduction de la Mise à Prix de 40%,Sidi Bou Saïd,3 150 000 TND,Maison,85149140,5 pièces,660 m²,660 m²,"Radiateur, Central",Gaz,Individuel,Chaudière,Individuelle,Tout à l'égout,Bon état,,Nord-est,Dégagée Mer Monument,,,,,,,1.0,1.0,,36.86806,10.33848,,,1.0,,,,1.0,,,,,,,,,,,,1.0,,,,,,,,,,,,,,,,,,,,,,,,,1.0,,,,,,,,,,,,,,,,,,,,,,,,,,,,,,,,,,,,,,,,,,,,1.0,,,,,,1.0,,,,,,,,,,,,,,,,,,,,,,,,,,,,,,,,,,,,,,,,,,,,,,,,,,,,,,,,,,,,,,,,,,,,,,,,,,1,1,1,,,,,,,,,,,,,,,,,,,,,,,,,,,,,,,,,,,,,,,,,,,,,,,,,,,,,,,,,,,,,,,,,,,,,,,,,,,,,,,,,,,,,,,,,,,,,,,,,,,,,,,,,,,,,,,,,,,,,,,,,,,,,,,,,,,,,,,,,,,,,,,,,,,,,,,,,,,,,,,,,,,,,,,,,,,,,,,,,,,,,,,,,,,,,,,,,,,,,,,,,,,,,,,,
https://www.homeintunisia.com/fr/propri%C3%A9t%C3%A9/85143398,"À Vendre : Villa Golf Isolée Entièrement Rénovée - Boulevard Meninx, Tunis Bay",Gammarth,1 854 000 TND,Maison,85143398,4 pièces,320 m²,380 m²,Central,Gaz,Individuel,Chaudière,Individuelle,,Excellent état,Rez-de-chaussée,"Est, Nord",Dégagée Lac Golf,,,,,,1.0,1.0,1.0,,36.95514,10.1581,,1.0,1.0,1.0,1.0,1.0,1.0,,,1.0,1.0,1.0,1.0,,1.0,,,1.0,1.0,1.0,1.0,1.0,1.0,,1.0,1.0,1.0,1.0,,1.0,,,1.0,1.0,1.0,1.0,1.0,,,,,,,1.0,,1.0,1.0,1.0,,,1.0,1.0,1.0,1.0,1.0,1.0,1.0,1.0,1.0,1.0,1.0,,1.0,,,,,,,,,,,,,,,,,,1.0,,1.0,,,,,,,,,,,,,,,1.0,,,,,,,1.0,,,,,,,,,,,,1.0,,,,1.0,,,,,,,,,,,,,,,,,,,,,,,,,,,,,,,,,,,,,,,,,,,,,,,,,,,,,1,,,,,,,,,,,,,,,,,,,,,,,,,,,,,,,,,,,,,,,,,,,,,,,,,,,,,,,,,,,,,,,,,,,,,,,,,,,,,,,,,,,,,,,,,,,,,,,,,,,,,,,,,,,,,,,,,,,,,,,,,,,,,,,,,,,,,,,,,,,,,,,,,,,,,,,,,,,,,,,,,,,,,,,,,,,,,,,,,,,,,,,,,,,,,,,,,,,,,,,,,,,,
https://www.homeintunisia.com/fr/propri%C3%A9t%C3%A9/85138162,À VENDRE : Maison de Charme dans la Médina de,Sousse,91 670 TND,Maison,85138162,3 pièces,120 m²,120 m²,,,,,,,À rénover,Rez-de-chaussée,Nord-est,Vis-à-vis Ville,,,,,,,,,,35.84813,10.61396,,,,,,,,,,,,,,,,,,,,,,,,,,,,,,,,,,,,,,,,,,,,,,,,,,,,,,,,,,,,,,,,,,,,,,,,,,,,,,,,,,,,,,,,,,,,,,,,,,,,,,,,,,,,,,,,,,,,,,,,,,,,,,,,,,,,,,,,,,,,,,,,,,,,,,,,,,,,,,,,,,,,,,,,,,,,,,,,,,,,,,,,,,,,,,,,,,,,,,,,,,,,,,,,,,,,,,,,,,,,,,,,,,,,,,,,,,,,,,,,,,,,,,,,,,,,,,,,,,,,,,,,,,,,,,,,,,,,,,,,,,,,,,,,,,,,,,,,,,,,,,,,,,,,,,,,,,,,,,,,,,,,,,,,,,,,,,,,,,,,,,,,,,,,,,,,,,,,,,,,,,,,,,,,,,,,,,,,,,
https://www.homeintunisia.com/fr/propri%C3%A9t%C3%A9/85137880,Maison à Vendre R+1 à Sahline Sidi Ameur,Sousse,450 000 TND,Maison,85137880,6 pièces,200 m²,200 m²,,,,,Individuelle,,Bon état,1er,,Dégagée,,,,,,,,,,35.82754,10.63775,,,,,,,,,,,,,,,,,,,,,,,,,,,,,,,,,,,,,,,,,,,,,,,,,,,,,,,,,,,,,,,,,,,,,,,,,,,,,,,,,,,,,,,,,,,,,,,,,,,,,,,,,,,,,,,,,,,,,,,,,,,,,,,,,,,,,,,,,,,,,,,,,,,,,,,,,,,,,,,,,,,,,,,,,,,,,,,,,,,,,,,,,,,,,,,,,,,,,,,,,,,,,,,,,,,,,,,,,,,,,,,,,,,,,,,,,,,,,,,,,,,,,,,,,,,,,,,,,,,,,,,,,,,,,,,,,,,,,,,,,,,,,,,,,,,,,,,,,,,,,,,,,,,,,,,,,,,,,,,,,,,,,,,,,,,,,,,,,,,,,,,,,,,,,,,,,,,,,,,,,,,,,,,,,,,,,,,,,,
https://www.homeintunisia.com/fr/propri%C3%A9t%C3%A9/85132560,Etage de villa a chatt mariem,Tantana,460 000 TND,Maison,85132560,5 pièces,190 m²,200 m²,"Radiateur, Climatisation, Central",Electrique,Individuel,Chaudière,Individuelle,Tout à l'égout,Excellent état,Rez-de-chaussée,Nord-est,Dégagée Ciel,,,,,,1.0,1.0,,,35.92042,10.5713,,1.0,,,,,,,,1.0,,,1.0,,,,,1.0,1.0,,,,,,,,,,,,,,,,,,,,,,,,,1.0,,,,,,,,,,,,,,,,,,,,,,,,,,,,,,1.0,,,,,,,,,,,,,,,,,,,,,,,,,,,,,,,,,,,,,,,,,,,,,,,,,,,,,,,,,,,,,,,,,,,,,,,,,,,,,,,,,,,,,,,,,,,,,,,,,,,,,,,,,,,,,,,,,,,,,,,,,,,,,,,,,,,,,,,,,,,,,,,,,,,,,,,,,,,,,,,,,,,,,,,,,,,,,,,,,,,,,,,,,,,,,,,,,,,,,,,,,,,,,,,,,,,,,,,,,,,,,,,,,,,,,,,,,,,,,,,,,,,,,,,,,,,,,,,,,,,,,,,,,,,,,,,,,,,,,,,,,,,,,,,,,,,,,,,,,,,,,,,,
https://www.homeintunisia.com/fr/propri%C3%A9t%C3%A9/85055507,"Villa de Prestige à Vendre - Baie des Anges, Kantaoui",El Kantaoui,3 400 000 TND,Maison,85055507,5 pièces,475 m²,900 m²,Central,Gaz,Individuel,Chaudière,Individuelle,Tout à l'égout,Excellent état,Rez-de-chaussée / 1 étage,"Est, Sud",Panoramique Mer Campagne,,,,,,1.0,1.0,1.0,,35.89419,10.59822,,1.0,1.0,,1.0,1.0,1.0,1.0,,1.0,1.0,,1.0,,,,,1.0,,,,,,,,,1.0,1.0,1.0,,1.0,,,,,,,,,,,,,1.0,,1.0,,,,,,,,1.0,,,,,,1.0,,,1.0,,,,,,,,,,,,,,,,,,,,,,,,,,,1.0,,,1.0,,,,,,,,,,,,,,,,,,,,,,,,,,,,,,,,,,,,,,,,,,,,,,,,,,,,,,,,,,,,,,,,,,,,,,,,,,,,,,,,,,,,,,1,1,,,,,,,,,,,,,,,,,,,,,,,,,,,,,,,,,,,,,,,,,,,,,,,,,,,,,,,,,,,,,,,,,,,,,,,,,,,,,,,,,,,,,,,,,,,,,,,,,,,,,,,,,,,,,,,,,,,,,,,,,,,,,,,,,,,,,,,,,,,,,,,,,,,,,,,,,,,,,,,,,,,,,,,,,,,,,,,,,,,,,,,,,,,,,,,,,,,,,,
https://www.homeintunisia.com/fr/propri%C3%A9t%C3%A9/85004494,Villa de luxe à El Kantaoui,Sousse,2 987 000 TND,Maison,85004494,8 pièces,620 m²,900 m²,"Radiateur, Climatisation, Central","Gaz, Electrique, Pompe à chaleur, Eau chaude",Individuel,Chaudière,Individuelle,Tout à l'égout,Neuf,Rez-de-chaussée / 2 étages,"Est, Ouest, Nord-est",Dégagée Rue,,,,,,1.0,1.0,,,35.83811,10.63293,,1.0,1.0,,,1.0,1.0,1.0,,,1.0,1.0,1.0,1.0,,,,1.0,,1.0,,,,,,,1.0,1.0,,,,,,,,,,,,,,,,,,,,,,,,,,,,,,,,,,,,,,,,,,,,,,1.0,,,,,,,1.0,,1.0,,,,,,,,,,,,,,,1.0,,,,,,,,,,,,,,,,,,,,,,,,,,,,,,,,,,,,,,,,,,,,,,,,,,,,,,,,,,,,,,,,,,,,,,,,,,,,,,,,,,,,,,,,,,,,,,,,,,,,,,,,,,,,,,,,,,,,,,,,,,,,,,,,,,,,,,,,,,,,,,,,,,,,,,,,,,,,,,,,,,,,,,,,,,,,,,,,,,,,,,,,,,,,,,,,,,,,,,,,,,,,,,,,,,,,,,,,,,,,,,,,,,,,,,,,,,,,,,,,,,,,,,,,,,,,,,,,,,,,,,,,,,,,,,,,,,,,,,,,
https://www.homeintunisia.com/fr/propri%C3%A9t%C3%A9/84950022,Vente villa piscine près du Mall,Kalaa El Kebira,1 500 000 TND,Maison,84950022,4 pièces,330 m²,400 m²,"Radiateur, Climatisation",,Individuel,Chaudière,Individuelle,Tout à l'égout,Neuf,Plain-pied / 1 étage,,Dégagée Ciel Piscine,,,,,,1.0,1.0,1.0,,37.22466,9.79825,,,1.0,,1.0,,,1.0,,1.0,,,1.0,,1.0,,,,,1.0,1.0,1.0,1.0,,1.0,1.0,1.0,1.0,,,1.0,,1.0,1.0,1.0,,,1.0,,,,,,,,,,,,,,,,,,,1.0,,,1.0,,,,,,,,,,,,,,,,,,,,,,,,,,,,,,,,,,,,,,,,,,,,,,,,,,,,,,,,,,,,,,,,,,,,,,,,,,,,,,,,,,,,,,,,,,,,,,,,,,,,,,,,,,,,,,,,,,,,,,,,,,,,,,,,,,,,,,,,,,,,,,,,,,,,,,,,,,,,,,,,,,,,,,,,,,,,,,,,,,,,,,,,,,,,,,,,,,,,,,,,,,,,,,,,,,,,,,,,,,,,,,,,,,,,,,,,,,,,,,,,,,,,,,,,,,,,,,,,,,,,,,,,,,,,,,,,,,,,,,,,,,,,,,,,,,,,,,,,,,,,,,,,,,,,,,,,,,,,,,
https://www.homeintunisia.com/fr/propri%C3%A9t%C3%A9/84866291,Villa pieds dans l’eau,Sousse,300 000 TND,Maison,84866291,3 pièces,,226 m²,Central,Gaz,,Chauffe-eau,Individuelle,Tout à l'égout,Excellent état,,,Panoramique Mer,,,,,,,,,,35.82581,10.6315,,,1.0,,,,,,,1.0,1.0,,1.0,,,,,,,,,,,,,,,,,,,,,,,,,,,,,,,,,,,,,,,,,,,,,,,,,,,,,,,,,,,,,,,,,,,,,,,,,,,,,,,,,,,,,,,,,,,,,,,,,,,,,,,,,,,,,,,,,,,,,,,,,,,,,,,,,,,,,,,,,,,,,,,,,,,,,,,,,,,,,,,,,,,,,,,,,,,,,,,,,,,,,,,,,,,,,,,,,,,,,,,,,,,,,,,,,,,,,,,,,,,,,,,,,,,,,,,,,,,,,,,,,,,,,,,,,,,,,,,,,,,,,,,,,,,,,,,,,,,,,,,,,,,,,,,,,,,,,,,,,,,,,,,,,,,,,,,,,,,,,,,,,,,,,,,,,,,,,,,,,,,,,,,,,,,,,,,,,,,,,,,,,,,,,
https://www.homeintunisia.com/fr/propri%C3%A9t%C3%A9/84866248,Villa pieds dans l’eau,Sousse,330 000 TND,Maison,84866248,3 pièces,,250 m²,Central,Gaz,Individuel,Chauffe-eau,Individuelle,Tout à l'égout,Excellent état,,Sud-est,Panoramique Mer,,,,,,1.0,1.0,,,35.80554,10.63391,,,1.0,,,1.0,,,,1.0,1.0,,,,,,,,,,,,,,,,,,,,1.0,,,,,,,,,,,,,,,1.0,,,,,1.0,,,,,,,,,,,,,,,,,,,,,,,,,,,,,,,,,,,,,,,,,,,,,,,,,,,,,,,,,,,,,,,,,,,,,,,,,,,,,,,,,,,,,,,,,,,,,,,,,,,,,,,,,,,,,,,,,,,,,,,,,,,,,,,,,,,,,,,,,,,,,,,,,,,,,,,,,,,,,,,,,,,,,,,,,,,,,,,,,,,,,,,,,,,,,,,,,,,,,,,,,,,,,,,,,,,,,,,,,,,,,,,,,,,,,,,,,,,,,,,,,,,,,,,,,,,,,,,,,,,,,,,,,,,,,,,,,,,,,,,,,,,,,,,,,,,,,,,,,,,,,,,,,,,,,,,,,,,,,,,,,,,,,,,
https://www.homeintunisia.com/fr/propri%C3%A9t%C3%A9/84859305,Villa Djerba,Aghir,630 000 TND,Maison,84859305,,330 m²,,,,,,,,,,,,,,,,,,,1.0,,33.7594,11.0131,,,1.0,,1.0,1.0,,,,,,,,,,,,,,,,,,,,,,,,,,,,,,,,,,,,,,,,,,,,,,,,,,,,,,,,,,,,,,,,,,,,,,,,,,,,,,,,,,,,,,,,,,,,,,,,,,,,,,,,,,,,,,,,,,,,,,,,,,,,,,,,,,,,,,,,,,,,,,,,,,,,,,,,,,,,,,,,,,,,,,,,,,,,,,,,,,,,,,,,,,,,,,,,,,,,,,,,,,,,,,,,,,,,,,,,,,,,,,,,,,,,,,,,,,,,,,,,,,,,,,,,,,,,,,,,,,,,,,,,,,,,,,,,,,,,,,,,,,,,,,,,,,,,,,,,,,,,,,,,,,,,,,,,,,,,,,,,,,,,,,,,,,,,,,,,,,,,,,,,,,,,,,,,,,,,,,,,,,,,,,,,,,,,
https://www.homeintunisia.com/fr/propri%C3%A9t%C3%A9/84859174,Villa Djerba,Aghir,525 000 TND,Maison,84859174,4 pièces,200 m²,,,,,,,,Bon état,,,,,,,,,,,,,33.7594,11.0131,,,,,,,,,,,,,,,,,,,,,,,,,,,,,,,,,,,,,,,,,,,,,,,,,,,,,,,,,,,,,,,,,,,,,,,,,,,,,,,,,,,,,,,,,,,,,,,,,,,,,,,,,,,,,,,,,,,,,,,,,,,,,,,,,,,,,,,,,,,,,,,,,,,,,,,,,,,,,,,,,,,,,,,,,,,,,,,,,,,,,,,,,,,,,,,,,,,,,,,,,,,,,,,,,,,,,,,,,,,,,,,,,,,,,,,,,,,,,,,,,,,,,,,,,,,,,,,,,,,,,,,,,,,,,,,,,,,,,,,,,,,,,,,,,,,,,,,,,,,,,,,,,,,,,,,,,,,,,,,,,,,,,,,,,,,,,,,,,,,,,,,,,,,,,,,,,,,,,,,,,,,,,,,,,,,,,,,,,,
https://www.homeintunisia.com/fr/propri%C3%A9t%C3%A9/84551616,Vente Villa de Standing à  – Un Bien d'Exception,Mornag,1 300 000 TND,Maison,84551616,,1500 m²,,,,Individuel,,Individuelle,Tout à l'égout,Neuf,,,,,,,,,1.0,1.0,1.0,,36.68113,10.29004,,,1.0,,1.0,,,,,1.0,,,1.0,,1.0,,,,,1.0,,,,,,,,,1.0,,1.0,1.0,1.0,,,,,,,,,,,,,,,,,,,,,,,,,1.0,,1.0,,,,,,,,,,,1.0,,,,,,,,1.0,,,,,,,,,,,,,,,,,,,,,,,,,,,,,,,,,,,,,,,,,,,,,,,,,,,,,,,,,,,,,,,,,,,,,,,,,,,,,,,,,,,,,,,,,,,,,,,,,,,,,,,,,,,,,,,,,,,,,,,,,,,,,,,,,,,,,,,,,,,,,,,,,,,,,,,,,,,,,,,,,,,,,,,,,,,,,,,,,,,,,,,,,,,,,,,,,,,,,,,,,,,,,,,,,,,,,,,,,,,,,,,,,,,,,,,,,,,,,,,,,,,,,,,,,,,,,,,,,,,,,,,,,,,,,,,,,,,,,,,,,,,,,,,,,,,,,,,,,,,
https://www.homeintunisia.com/fr/propri%C3%A9t%C3%A9/84551436,Villa indépendante à,Hammam Sousse,890 000 TND,Maison,84551436,6 pièces,320 m²,416 m²,"Radiateur, Climatisation",Gaz,Individuel,Chaudière,Individuelle,Tout à l'égout,Excellent état,Rez-de-chaussée / 1 étage,"Sud-est, Nord-ouest",Dégagée Jardin Ciel,,,,,,1.0,1.0,,,35.89025,10.59414,,,1.0,,1.0,1.0,1.0,,,,,,,,,,,,,1.0,,,,,,,,,,,,,,,,,,,,,,,,,,,,,,,,,,,,,,,,,,,,,,,,,,,,,,,,,,,,,,,,,,,,,,,,,,,,,,,,,,,,,,,,,,,,,,,,,,,,,,,,,,,,,,,,,,,,,,,,,,,,,,,,,,,,,,,,,,,,,,,,,,,,,,,,,,,,,,,,,,1,,,,,,,,,,,,,,,,,,,,,,,,,,,,,,,,,,,,,,,,,,,,,,,,,,,,,,,,,,,,,,,,,,,,,,,,,,,,,,,,,,,,,,,,,,,,,,,,,,,,,,,,,,,,,,,,,,,,,,,,,,,,,,,,,,,,,,,,,,,,,,,,,,,,,,,,,,,,,,,,,,,,,,,,,,,,,,,,,,,,,,,,,,,,,,,,,,,,
https://www.homeintunisia.com/fr/propri%C3%A9t%C3%A9/84492391,À vendre - Villa à Kantaoui,El Kantaoui,5 150 000 TND,Maison,84492391,10 pièces,1000 m²,1500 m²,Radiateur,,Individuel,Chaudière,Individuelle,Fosse septique,À rafraîchir,Rez-de-chaussée / 2 étages,"Nord-est, Nord-ouest",Dégagée Jardin Rue,,,,,,1.0,1.0,,,35.88903,10.58799,,,1.0,,,,,,,,,,,,,,,,,,,,,,,,,,,,,,,,,,,,,,,,,,,,,,,,,,,,,,,,,,,,,,,,,,,,,,,,,,,,,,,,,,,,,,,,,,,,,,,,,,,,,,,,,,,,,,,,,,,,,,,,,,,,,,,,,,,,,,,,,,,,,,,,,,,,,,,,,,,,,,,,,,,,,,,,,,,,,,,,,,,,,1,,,,,,,,,,,,,,,,,,,,,,,,,,,,,,,,,,,,,,,,,,,,,,,,,,,,,,,,,,,,,,,,,,,,,,,,,,,,,,,,,,,,,,,,,,,,,,,,,,,,,,,,,,,,,,,,,,,,,,,,,,,,,,,,,,,,,,,,,,,,,,,,,,,,,,,,,,,,,,,,,,,,,,,,,,,,,,,,,,,,,,,,,,,,,,,,,,
https://www.homeintunisia.com/fr/propri%C3%A9t%C3%A9/84468388,"Somptueuse villa à Skanes,",Zone Skanes,1 750 000 TND,Maison,84468388,8 pièces,440 m²,576 m²,"Radiateur, Climatisation",Gaz,Individuel,Chaudière,Individuelle,Tout à l'égout,Excellent état,Rez-de-chaussée / 2 étages,"Est, Nord, Ouest, Sud",Dégagée Jardin Ciel,,,,,,1.0,,,,35.75865,10.73893,,,1.0,,,1.0,1.0,,,,,,,,1.0,,,1.0,1.0,,,,,,,,,,,,,,,,,,,,,,,,,,,,,,,,1.0,,,,,,,,,1.0,,,,,,,,,,,,,,,,,,,,,,,,,,,,,,,,,,,,,,,,,,,,,,,,,,,,,,,,,,,,,,,,,,,,,,,,,,,,,,,,,,,,,,,,,,,,,,,,,,,,,,,,,,,,,,,,,,,,,,,,,,,,,,1,1,1,,,,,,,,,,,,,,,,,,,,,,,,,,,,,,,,,,,,,,,,,,,,,,,,,,,,,,,,,,,,,,,,,,,,,,,,,,,,,,,,,,,,,,,,,,,,,,,,,,,,,,,,,,,,,,,,,,,,,,,,,,,,,,,,,,,,,,,,,,,,,,,,,,,,,,,,,,,,,,,,,,,,,,,,,,,,,,,,,,,,,,,,,,,,,,
https://www.homeintunisia.com/fr/propri%C3%A9t%C3%A9/84444249,Villa de prestige à vendre pieds dans l'eau Sidi abdelhamid Sousse,Cité Sidi Abdelhamid,1 650 000 TND,Maison,84444249,10 pièces,500 m²,1000 m²,Central,Electrique,Individuel,Chaudière,Individuelle,Tout à l'égout,Excellent état,,Est,Panoramique Mer Jardin,,,,,,1.0,1.0,,,35.80514,10.63483,,1.0,1.0,,,1.0,1.0,,,1.0,,,,,,,,1.0,,,,,,,,,,,,,,,1.0,,,,,,,,,,,,,,,,,,,,,,,,,,,,,,,,,,,,,,,,,,,,,,,,,,,,,,,,,,,,,,,,,,,,,,,,,,,,,,,,,,,,,,,,,,,,,,,,,,,,,,,,,,,,,,,,,,,,,,,,,,,,,,,,,,,,,,,,,,,,,,,,,,,,,,,,,,,,,,,,,,,,,,,,,,,,,,,,,,,,,,,,,,,,,,,,,,,,,,,,,,,,,,,,,,,,,,,,,,,,,,,,,,,,,,,,,,,,,,,,,,,,,,,,,,,,,,,,,,,,,,,,,,,,,,,,,,,,,,,,,,,,,,,,,,,,,,,,,,,,,,,,,,,,,,,,,,,,,,,,,,,,,,,,,,,,,,,,,,,,,,,,,
https://www.homeintunisia.com/fr/propri%C3%A9t%C3%A9/84435234,Bien d''exception grande et splendide demeure,Kalaa El Kebira,2 266 000 TND,Maison,84435234,10 pièces,1500 m²,35000 m²,"Radiateur, Climatisation, Central",Electrique,Individuel,Chaudière,Collective,Tout à l'égout,Excellent état,Rez-de-chaussée,"Nord-est, Nord-ouest",Panoramique Forêt Piscine,,,,,,1.0,1.0,1.0,1.0,37.22577,9.79817,,1.0,1.0,1.0,1.0,1.0,1.0,1.0,1.0,1.0,1.0,1.0,1.0,,1.0,,,,1.0,1.0,1.0,1.0,1.0,,1.0,1.0,1.0,1.0,,1.0,1.0,1.0,1.0,1.0,1.0,1.0,1.0,1.0,,,,,1.0,1.0,1.0,,,,,,,,,1.0,,,1.0,1.0,,1.0,,,,,,,,,,,1.0,,,1.0,,,,,,,,,,,,,,,,,,1.0,1.0,,,,,,,,,,,,,,,,,,,,,,,,,,,,,,,,,,,,,,,,,,,,,,,,,,,,,,,,,,,,,,,,,,,,,,,,,,,,,,,,,,,,,,,,,,,,,,,,,,,,,,,,,,,,,,,,,,,,,,,,,,,,,,,,,,,,,,,,,,,,,,,,,,,,,,,,,,,,,,,,,,,,,,,,,,,,,,,,,,,,,,,,,,,,,,,,,,,,,,,,,,,,,,,,,,,,,,,,,,,,,,,,,,,,,,,,,,,,,,,,,,,,,,,,,,,,,,,,,,,,,,,,,,,,,,,,,,,,,,,,,,,,,
https://www.homeintunisia.com/fr/propri%C3%A9t%C3%A9/84432655,Villa Prestigieuse sur un Terrain de 491 m2,Sousse,1 500 000 TND,Maison,84432655,5 pièces,275 m²,,Central,Gaz,Individuel,Chaudière,Individuelle,Tout à l'égout,Excellent état,Rez-de-chaussée / 1 étage,Nord-est,Dégagée Rue,,,,,,1.0,1.0,,,35.82683,10.63546,,,1.0,,1.0,1.0,1.0,1.0,,1.0,,,,,,,,,,1.0,,1.0,,,,,,,,,,,,,,,,,,,,,1.0,,,,,,,,,,,1.0,,,,,,1.0,,,,,,,,,,,,,,,,,,,,,,,,,,,,,,,,,,,,,,,,,,,,,,,,,,,,,,,,,,,,,,,,,,,,,,,,,,,,,,,,,,,,,,,,,,,,,,,,,,,,,,,,,,,,,,,,,,,,,,,,,,,,,,,,,,1,,,,,,,,,,,,,,,,,,,,,,,,,,,,,,,,,,,,,,,,,,,,,,,,,,,,,,,,,,,,,,,,,,,,,,,,,,,,,,,,,,,,,,,,,,,,,,,,,,,,,,,,,,,,,,,,,,,,,,,,,,,,,,,,,,,,,,,,,,,,,,,,,,,,,,,,,,,,,,,,,,,,,,,,,,,,,,,,,,,,,,,,,,,,
https://www.homeintunisia.com/fr/propri%C3%A9t%C3%A9/84424667,A vendre une charmante villa à chatt mariem,Chatt Meriem,1 100 000 TND,Maison,84424667,4 pièces,,1100 m²,,,Individuel,Chaudière,Individuelle,Tout à l'égout,Bon état,Plain-pied,,Aperçu,,,,,,,,,,35.94312,10.52022,,,,,,,,,,,,,,,,,,,,,,,,,,,,,,,,,,,,,,,,,,,,,,,,,,,,,,,,,,,,,,,,,,,,,,,,,,,,,,,,,,,,,,,,,,,,,,,,,,,,,,,,,,,,,,,,,,,,,,,,,,,,,,,,,,,,,,,,,,,,,,,,,,,,,,,,,,,,,,,,,,,,,,,,,,,,,,,,,,,,,,,,,,,,,,,,,,,,,,,,,,,,,,,,,,,,,,,,,,,,,,,,,,,,,,,,,,,,,,,,,,,,,,,,,,,,,,,,,,,,,,,,,,,,,,,,,,,,,,,,,,,,,,,,,,,,,,,,,,,,,,,,,,,,,,,,,,,,,,,,,,,,,,,,,,,,,,,,,,,,,,,,,,,,,,,,,,,,,,,,,,,,,,,,,,,,,,,,,,
https://www.homeintunisia.com/fr/propri%C3%A9t%C3%A9/84424664,Jolie villa,Chatt Meriem,1 250 000 TND,Maison,84424664,4 pièces,1100 m²,,,,,Chaudière,Individuelle,,Bon état,,,Aperçu,,,,,,,,,,35.94312,10.52022,,,,,,,,,,,,,,,,,,,,,,,,,,,,,,,,,,,,,,,,,,,,,,,,,,,,,,,,,,,,,,,,,,,,,,,,,,,,,,,,,,,,,,,,,,,,,,,,,,,,,,,,,,,,,,,,,,,,,,,,,,,,,,,,,,,,,,,,,,,,,,,,,,,,,,,,,,,,,,,,,,,,,,,,,,,,,,,,,,,,,,,,,,,,,,,,,,,,,,,,,,,,,,,,,,,,,,,,,,,,,,,,,,,,,,,,,,,,,,,,,,,,,,,,,,,,,,,,,,,,,,,,,,,,,,,,,,,,,,,,,,,,,,,,,,,,,,,,,,,,,,,,,,,,,,,,,,,,,,,,,,,,,,,,,,,,,,,,,,,,,,,,,,,,,,,,,,,,,,,,,,,,,,,,,,,,,,,,,,
https://www.homeintunisia.com/fr/propri%C3%A9t%C3%A9/84412637,Maison traditionelle de type S+2,Hammam Sousse,145 000 TND,Maison,84412637,3 pièces,,110 m²,Sans chauffage,Eau chaude,Individuel,Chauffe-eau,Individuelle,Fosse septique,Bon état,Rez-de-chaussée,Nord-est,Vis-à-vis Ciel,,,,,,,1.0,,,35.88397,10.59273,,,,,1.0,1.0,,,,,,,,,,,,,1.0,,,1.0,1.0,,,,,,,,,,,,,,,,,,,,,,,,,,,,,,,,,,,,,1.0,,,,,,,,,,,,,,,,,,,,,,,,,,,,,,,,,,,,,,,,,,,,,,,,,,,,,,,,,,,,,,,,,,,,,,,,,,,,,,,,,,,,,,,,,,,,,,,,,,,,,,,,,,,,,,,,,,,,,,,,,,,,,,,,,,,,,,,,,,,,,,,,,,,,,,,,,,,,,,,,,,,,,,,,,,,,,,,,,,,,,,,,,,,,,,,,,,,,,,,,,,,,,,,,,,,,,,,,,,,,,,,,,,,,,,,,,,,,,,,,,,,,,,,,,,,,,,,,,,,,,,,,,,,,,,,,,,,,,,,,,,,,,,,,,,,,,,,,,,,,,,,,,,,,,,,,,,,,,,
https://www.homeintunisia.com/fr/propri%C3%A9t%C3%A9/84334403,🌟 BIENVENUE DANS VOTRE RÊVE DE LUXE : VILLA D'EXCEPTION À DÉCOUVRIR ! 🌟,Bizerte,7 725 000 TND,Maison,84334403,19 pièces,4000 m²,4000 m²,Central,Gaz,Individuel,Chaudière,Individuelle,Tout à l'égout,Excellent état,,Nord-est,Dégagée Mer Montagnes,,,,,,,,,,37.27821,9.86836,,,1.0,,,,,,,,,,,,,,,,,,,,,,,,,,,,,,,,,,,,,,,,,,,,,,,,,,,,,,,,,,,,,,,,,,,,,1,,,,,,,,,,,,,,,,,,,,,,,,,,,,,,,,,,,,,,,,,,,,,,,,,,,,,,,,,,,,,,,,,,,,,,,,,,,,,,,,,,,,,,,,,,,,,,,,,,,,,,,,,,,,,,,,,,,,,,,,,,,,,,,,,,,,,,,,,,,,,,,,,,,,,,,,,,,,,,,,,,,,,,,,,,,,,,,,,,,,,,,,,,,,,,,,,,,,,,,,,,,,,,,,,,,,,,,,,,,,,,,,,,,,,,,,,,,,,,,,,,,,,,,,,,,,,,,,,,,,,,,,,,,,,,,,,,,,,,,,,,,,,,,,,,,,,,,,,,,,,,,,,,
https://www.homeintunisia.com/fr/propri%C3%A9t%C3%A9/84311805,Vente Superbe Villa à,Teboulba,580 000 TND,Maison,84311805,5 pièces,600 m²,340 m²,"Radiateur, Climatisation, Central",Electrique,Individuel,Chauffe-eau,Individuelle,Tout à l'égout,Excellent état,Rez-de-chaussée,"Nord-est, Nord-ouest",Dégagée Mer Ciel,,,,,,1.0,1.0,,,35.64629,10.94806,,1.0,1.0,,1.0,1.0,,,1.0,,,,1.0,,,,,,1.0,,,,,,,,,,,,,,,,,,,,,,,,,,,,,,,,,,,,,,,,,,,,,,,,,,,,,,,,,,,,,,,,,,,,,,,,,,,,,,,,,,,,,,,,,,,,,,,,,,,,,,,,,,,,,,,,,,,,,,,,,,,,,,,,,,,,,,,,,,,,,,,,,,,,,,,,,,,,,,,,,,,,,,,,,,,,,,,,,,,,,,,,,,,,,,,,,,,,,,,,,,,,,,,,,,,,,,,,,,,,,,,,,,,,,,,,,,,,,,,,,,,,,,,,,,,,,,,,,,,,,,,,,,,,,,,,,,,,,,,,,,,,,,,,,,,,,,,,,,,,,,,,,,,,,,,,,,,,,,,,,,,,,,,,,,,,,,,,,,,,,,,,,,,,,,,,,,,,,,,
https://www.homeintunisia.com/fr/propri%C3%A9t%C3%A9/84205678,À Vendre - Magnifique Maison en Bois sur Pilotis à,Hammamet,520 000 TND,Maison,84205678,4 pièces,,320 m²,Central,Electrique,,Chaudière,Individuelle,Tout à l'égout,Excellent état,Rez-de-chaussée,,Panoramique Mer Montagnes,,,,,,1.0,1.0,1.0,,36.40731,10.61767,,,1.0,,,1.0,1.0,,,1.0,,1.0,1.0,,,,,1.0,,,,,,,,,1.0,,,,,,,,,,,,,,,,,,,,,,,,,,,,,,1.0,,,,,,,,,,,,,,,,,,,,,,,,,,,,,,,,,,,,,,,,,,,,,,,,,,,,,,,,,,,,,,,,,,,,,,,,,,,,,,,,,,,,,,,,,,,,,,,,,,,,,,,,,,,,,,,,,,,,,,,,,,,,,,,,,,,,,,,,,,,,,,,,,,,,,,,,,,,,,,,,,,,,,,,,,,,,,,,,,,,,,,,,,,,,,,,,,,,,,,,,,,,,,,,,,,,,,,,,,,,,,,,,,,,,,,,,,,,,,,,,,,,,,,,,,,,,,,,,,,,,,,,,,,,,,,,,,,,,,,,,,,,,,,,,,,,,,,,,,,,,,,,,,,,,,,,,,,,,,,,,,
https://www.homeintunisia.com/fr/propri%C3%A9t%C3%A9/84145564,Charmante Maison d'Hôte à Vendre à,Djerba,Prix sur demande,Maison,84145564,,250 m²,700 m²,Central,Gaz,,Chaudière,Individuelle,Tout à l'égout,Excellent état,,,,,,,,,,1.0,1.0,,33.8,10.9,,,1.0,,,,,,,,,,1.0,,,,,,,,,,,,,,,,,,,,,,,,,,,,,,,,,,,,,,,,,,,,,,,,,,,,,,,,,,,,,,,,,,,,,,,,,,,,,,,,,,1.0,,,,,,,,,,,,,,,,,,,,,,,,,,,,,,,,,,,,,,,,,,,,,,,,,,,,,,,,,,,,,,,,,,,,,,,,,,,,,,,,,,,,,,,,,,,,,,,,,,,,,,,,,,,,,,,,,,,1,,,,,,,,,,,,,,,,,,,,,,,,,,,,,,,,,,,,,,,,,,,,,,,,,,,,,,,,,,,,,,,,,,,,,,,,,,,,,,,,,,,,,,,,,,,,,,,,,,,,,,,,,,,,,,,,,,,,,,,,,,,,,,,,,,,,,,,,,,,,,,,,,,,,,,,,,,,,,,,,,,,,,,,,
https://www.homeintunisia.com/fr/propri%C3%A9t%C3%A9/84112177,vente villa avec piscine à hammamet Sud,Hammamet,1 085 000 TND,Maison,84112177,7 pièces,1150 m²,,"Radiateur, Climatisation",,Individuel,,Individuelle,Tout à l'égout,Bon état,Plain-pied / 3 étages,,Panoramique,,,,,,1.0,1.0,1.0,,36.4075,10.61965,,,1.0,,1.0,1.0,1.0,,1.0,,1.0,1.0,1.0,,1.0,,,1.0,,1.0,,,,,,,1.0,1.0,,,,,1.0,,,,,,,,,,,1.0,,,,,,,,,,,,1.0,1.0,,,,,,,,,,,,,,,,,1.0,,,,,,,,,,,,,,,,,,,,,,,,,,,,,,,,,,,,,,,,,,,,,,,,,,,,,,,,,,,,,,,,,,,,,,,,,,,,,,,,,,,,,,,,,,,,,,,,,,,,,,,,,,,,,,,,,,,,,,,,,,,,,,,,,,,,,,,,,,,,,,,,,,,,,,,,,,,,,,,,,,,,,,,,,,,,,,,,,,,,,,,,,,,,,,,,,,,,,,,,,,,,,,,,,,,,,,,,,,,,,,,,,,,,,,,,,,,,,,,,,,,,,,,,,,,,,,,,,,,,,,,,,,,,,,,,,,,,,,,,,,,,,,,,,,,,,,,,,,,,,,,,
https://www.homeintunisia.com/fr/propri%C3%A9t%C3%A9/84104203,A VENDRE VILLA A SOUSSE CITE RIADH 5,Sousse Riadh,400 000 TND,Maison,84104203,3 pièces,,353 m²,Central,,Individuel,Chaudière,Individuelle,,Neuf,Rez-de-chaussée,,Dégagée,,,,,,1.0,1.0,,,35.80303,10.59372,,,,,1.0,1.0,1.0,,,1.0,,,1.0,,,,,1.0,,1.0,,,,,,,,,1.0,,,,,,,,,,,,,,,,,,,,1.0,,,,,,,,,,,,,,,,,,,,,,,,,,,,,,,,,,,,,,,,,,,,,,,,,,,,,,,,,,,,,,,,,,,,,,,,,,,,,,,,,,,,,,,,,,,,,,,,,,,,,,,,,,,,,,,,,,,,,,,,,,,,,,,,,,,,,,,,,,,,,,,,,,,,,,,,,,,,,,,,,,,,,,,,,,,,,,,,,,,,,,,,,,,,,,,,,,,,,,,,,,,,,,,,,,,,,,,,,,,,,,,,,,,,,,,,,,,,,,,,,,,,,,,,,,,,,,,,,,,,,,,,,,,,,,,,,,,,,,,,,,,,,,,,,,,,,,,,,,,,,,,,,,,,,,,,,,,,,,,,,,,,,,,,,
https://www.homeintunisia.com/fr/propri%C3%A9t%C3%A9/84104004,Vente Villa Kantaoui,El Kantaoui,3 000 000 TND,Maison,84104004,5 pièces,,1100 m²,Central,"Gaz, Electrique, Solaire",Individuel,,Individuelle,,Excellent état,1er,,Dégagée,,,,,,1.0,,,,35.89542,10.57707,,,1.0,,,1.0,1.0,,1.0,1.0,,,,,,,,1.0,,1.0,,,,,,,,,,,,,,,,,,,,,,,1.0,1.0,,,,,,,,,,1.0,,,,,,,,,,,,,,,,,1.0,,,,,,,,,,,,,,,,,,,,,,,,,,,,,,,,,,,,,,,,,,,,,,,,,,,,,,,,,,,,,,,,,,,,,,,,,,,,,,,,,,,,,,,,,,,,,,,,,,,,,,,,,,,,,,,,,,,,,,,,,,,,,,,,,,,,,,,,,,,,,,,,,,,,,,,,,,,,,,,,,,,,,,,,,,,,,,,,,,,,,,,,,,,,,,,,,,,,,,,,,,,,,,,,,,,,,,,,,,,,,,,,,,,,,,,,,,,,,,,,,,,,,,,,,,,,,,,,,,,,,,,,,,,,,,,,,,,,,,,,,,,,,,,,,,,,,,,,,,,,,,,,,,,
https://www.homeintunisia.com/fr/propri%C3%A9t%C3%A9/84100106,Titre : Villa Exceptionnelle avec Terrain Agricole de 360m² à South Hamamet,Hammamet,463 500 TND,Maison,84100106,4 pièces,280 m²,382 m²,Central,Electrique,Individuel,Chaudière,Individuelle,Fosse septique,Bon état,Rez-de-chaussée / 1 étage,Est,Dégagée Ciel,,,,,,1.0,1.0,,,36.40848,10.61997,,,1.0,,1.0,,1.0,,,1.0,,,1.0,,1.0,,,,,1.0,,,,,,,1.0,,,,,,1.0,,,,,,,,,,,,,,,,,,,1.0,,,,,,,,,,,,,,,,,,,,,,1.0,,,,,,,,,,,,,,,,,,,,,,,,,,,,,,,,,,,,,,,,,,,,,,,,,,,,,,,,,,,,,,,,,,,,,,,,,,,,,,,,,,,,,,,,,,,,,,,,,,,,,,,,,,,,,,,,,,,,,,,,,,,,,,,,,,,,,,,,,,,,1,,,,,,,,,,,,,,,,,,,,,,,,,,,,,,,,,,,,,,,,,,,,,,,,,,,,,,,,,,,,,,,,,,,,,,,,,,,,,,,,,,,,,,,,,,,,,,,,,,,,,,,,,,,,,,,,,,,,,,,,,,,,,,,,,,,,,,,,,,,,,,,,,,,,,,,,,,,,,,,,,,,,
https://www.homeintunisia.com/fr/propri%C3%A9t%C3%A9/84097554,À VENDRE : Appartement S+3 à  (Bled El Arbi),Sousse,250 000 TND,Maison,84097554,4 pièces,180 m²,180 m²,Climatisation,Electrique,Individuel,Chaudière,Individuelle,Tout à l'égout,À rénover,1er,"Nord-est, Nord-ouest",Dégagée Mer Village,,,,,,,1.0,,,35.82392,10.63727,,1.0,,,,,,,,,,,1.0,,,,,,,,,,,,,,,,,,,,,,,,,,,,,,,1.0,,,,,,,,,,,,,,,,,,,,,,,,,,,,,,,,,,,,,,,,,,,,,,,,,,,,,,,,,,,,,,,,,,,,,,,,,,,,,,,,,,,,,,,,,,,,,,,,,,,,,,,,,,,,,,,,,,,,,,,,,,,,,,,,,,,,,,,,,,,,,,,,,,,,,,,,,,,,,,,,,,,,,,,,,,,,,,,,,,,,,,,,,,,,,,,,,,,,,,,,,,,,,,,,,,,,,,,,,,,,,,,,,,,,,,,,,,,,,,,,,,,,,,,,,,,,,,,,,,,,,,,,,,,,,,,,,,,,,,,,,,,,,,,,,,,,,,,,,,,,,,,,,,,,,,,,,,,,,,,,,,,,,,,,,,,,,,
https://www.homeintunisia.com/fr/propri%C3%A9t%C3%A9/84070769,Villa en vente R+1 à,Tantana,950 000 TND,Maison,84070769,5 pièces,500 m²,500 m²,"Radiateur, Climatisation, Cheminée","Gaz, Electrique, Bois, Eau chaude",Individuel,Chaudière,Individuelle,Tout à l'égout,Bon état,,"Nord-est, Sud-ouest",Dégagée Rue,,,,,,1.0,1.0,,,35.91887,10.58014,,,1.0,1.0,,,,1.0,,,,1.0,1.0,,,,,,,,,,,,,,,1.0,,,,,,,,,,,,,,,1.0,,,,,,,,,,,,,1.0,,,,,,,,,,,,,,,,,,,,,,,,,,,,,,,,,,,,,,,,,,,,,,,,,,,,,,,,,,,,,,,,,,,,,,,,,,,,,,,,,,,,,,,,,,,,,,,,,,,,,,,,,,,,,,,,,,,,,,,,,,,,,,,,,,,,,,,,,,,,,,,,,,,,,,,,,,,,,,,,,,,,,,,,,,,,,,,,,,,,,,,,,,,,,,,,,,,,,,,,,,,,,,,,,,,,,,,,,,,,,,,,,,,,,,,,,,,,,,,,,,,,,,,,,,,,,,,,,,,,,,,,,,,,,,,,,,,,,,,,,,,,,,,,,,,,,,,,,,,,,,,,,,,,,,,,,,,,,,,,,,
https://www.homeintunisia.com/fr/propri%C3%A9t%C3%A9/83980833,"Villa à Vendre – Proximité Plage, Quartier Calme",Chatt Meriem,1 100 000 TND,Maison,83980833,5 pièces,350 m²,200 m²,,,,,Individuelle,,Bon état,Rez-de-chaussée,Sud,Aperçu Mer,,,,,,,,,,35.91783,10.55764,,,,,,,,,,,,,,,,,,,,,,,,,,,,,,,,,,,,,,,,,,,,,,,,,,,,,,,,,,,,,,,,,,,,,,,,,,,,,,,,,,,,,,,,,,,,,,,,,,,,,,,,,,,,,,,,,,,,,,,,,,,,,,,,,,,,,,,,,,,,,,,,,,,,,,,,,,,,,,,,,,,,,,,,,,,,,,,,,,,,,,,,,,,,,,,,,,,,,,,,,,,,,,,,,,,,,,,,,,,,,,,,,,,,,,,,,,,,,,,,,,,,,,,,,,,,,,,,,,,,,,,,,,,,,,,,,,,,,,,,,,,,,,,,,,,,,,,,,,,,,,,,,,,,,,,,,,,,,,,,,,,,,,,,,,,,,,,,,,,,,,,,,,,,,,,,,,,,,,,,,,,,,,,,,,,,,,,,,,
https://www.homeintunisia.com/fr/propri%C3%A9t%C3%A9/83890680,Vente Triplex,Gammarth,Prix sur demande,Maison,83890680,5 pièces,236.7 m²,,Central,,Collectif,Chaudière,Individuelle,Tout à l'égout,Neuf,Rez-de-chaussée,Nord,Panoramique Lac,,,,,,1.0,1.0,1.0,,36.91439,10.28234,,,1.0,,1.0,1.0,1.0,,,1.0,,1.0,1.0,,1.0,,,,1.0,1.0,,,,,,,1.0,1.0,,,1.0,1.0,1.0,,,,,,,,,,,1.0,,,,,,,,1.0,,1.0,,,1.0,1.0,1.0,,,,,,,,,,,,,,1.0,1.0,,,,,1.0,,,,,,,,,,,,,1.0,1.0,,,,,,,,,,,,,,,,,,,,,,,,,,,,,,,,,,,,,,,,,,,,,,,,,,,,,,,,,,,,,,,,,,,,,,,,,,,,,,,,,,,,,,,,,,,,,,,,,,,,,,,,,,,,,,,,,,,,,,,,,,,,,1,,,,,,,,,,,,,,,,,,,,,,,,,,,,,,,,,,,,,,,,,,,,,,,,,,,,,,,,,,,,,,,,,,,,,,,,,,,,,,,,,,,,,,,,,,,,,,,,,,,,,,,,,,,,,,,,,,,,,,,,,,,,,,,,,,,,,,,,,,,,,,,,,,,,,,,,,,,,,,,,
https://www.homeintunisia.com/fr/propri%C3%A9t%C3%A9/83732603,À Vendre : Spacieuse Villa Indépendante à  3,Sahloul,1 400 000 TND,Maison,83732603,5 pièces,360 m²,403 m²,"Radiateur, Climatisation",,Individuel,Chaudière,Individuelle,Tout à l'égout,À rafraîchir,Plain-pied,,Dégagée Jardin,,,,,,1.0,1.0,,,35.84033,10.59432,,,1.0,,1.0,,,,,1.0,,,1.0,1.0,,,,,,1.0,,,,,,,,,1.0,,1.0,1.0,1.0,,,,,,,,,,1.0,,,,,,,,,,,,,,1.0,,,1.0,,,,,,,,,,,,,,,,,,,,,,,,,,,,,,,,,,,,,,,,,,,,,,,,,,,,,,,,,,,,,,,,,,,,,,,,,,,,,,,,,,,,,,,,,,,,,,,,,,,,,,,,,,,,,,,,,,,,,,,,,,,,,,,,,,,,,,,,,,,,,,,,,,,,,,,,,,,,,,,,,,,,,,,,,,,,,,,,,,,,,,,,,,,,,,,,,,,,,,,,,,,,,,,,,,,,,,,,,,,,,,,,,,,,,,,,,,,,,,,,,,,,,,,,,,,,,,,,,,,,,,,,,,,,,,,,,,,,,,,,,,,,,,,,,,,,,,,,,,,,,,,,,,,,,,,,,,,,,,
https://www.homeintunisia.com/fr/propri%C3%A9t%C3%A9/83726747,"À VENDRE : Charmante Villa de Plain-Pied à Tezdaine, Djerba",Zone Hoteliere,412 000 TND,Maison,83726747,,200 m²,360 m²,,,,,,,,,,,,,,,,,,,,33.82085,10.99894,,,,,,,,,,,,,,,,,,,,,,,,,,,,,,,,,,,,,,,,,,,,,,,,,,,,,,,,,,,,,,,,,,,,,,,,,,,,,,,,,,,,,,,,,,,,,,,,,,,,,,,,,,,,,,,,,,,,,,,,,,,,,,,,,,,,,,,,,,,,,,,,,,,,,,,,,,,,,,,,,,,,,,,,,,,,,,,,,,,,,,,,,,,,,,,,,,,,,,,,,,,,,,,,,,,,,,,,,,,,,,,,,,,,,,,,,,,,,,,,,,,,,,,,,,,,,,,,,,,,,,,,,,,,,,,,,,,,,,,,,,,,,,,,,,,,,,,,,,,,,,,,,,,,,,,,,,,,,,,,,,,,,,,,,,,,,,,,,,,,,,,,,,,,,,,,,,,,,,,,,,,,,,,,,,,,,,,,,,
https://www.homeintunisia.com/fr/propri%C3%A9t%C3%A9/83476301,Opportunité pour Promoteur - Maison à Démolir avec Vocation R+8 à  Bouhsina,Sousse,2 060 000 TND,Maison,83476301,8 pièces,,1162 m²,"Radiateur, Climatisation","Gaz, Electrique",Individuel,Chaudière,Individuelle,Tout à l'égout,À rénover,Rez-de-chaussée / 3 étages,"Est, Ouest, Nord-est",Dégagée Rue,,,,,,1.0,,,,35.85386,10.5816,,,,,,,,,,,,,1.0,,,,,,,,,,,,,,,,,,,,,,,,,,,,,,,,,,,,,,,,,,,,,,,,,,,,,,,,,,,,,,,,,,,,,,,,,,,,,,,,,,,,,,,,,,,,,,,,,,,,,,,,,,,,,,,,,,,,,,,,,,,,,,,,,,,,,,,,,,,,,,,,,,,,,,,,,,,,,,,,,,,,,,,,,,,,,,,,,,,,,,,,,,,,,,,,,,,,,,,,,,,,,,,,,,,,,,,,,,,,,,,,,,,,,,,,,,,,,,,,,,,,,,,,,,,,,,,,,,,,,,,,,,,,,,,,,,,,,,,,,,,,,,,,,,,,,,,,,,,,,,,,,,,,,,,,,,,,,,,,,,,,,,,,,,,,,,,,,,,,,,,,,,,,,,,,,,,,,,,,,,,,,
https://www.homeintunisia.com/fr/propri%C3%A9t%C3%A9/83401304,Villa en vente,Tantana,2 070 300 TND,Maison,83401304,5 pièces,550 m²,735 m²,,"Gaz, Electrique",Individuel,Chauffe-eau,Individuelle,Tout à l'égout,À rafraîchir,,"Ouest, Nord-est, Sud-est, Sud-ouest",Panoramique Mer Rue,,,,,,1.0,,,,35.92708,10.5706,,,,,,,,1.0,,,,,,,,,,,,,,,,,,,,1.0,,,,1.0,,,,,,,,,,,,,1.0,,,,,,,,,,,1.0,,,,,,,,,,,,,,,,,,,,,,,,,,,,,,,,,,,,,,,,,,,,,,,,,,,,,,,,,,,,,,,,,,,,,,,,,,,,,,,,,,,,,,,,,,,,,,,,,,,,,,,,,,,,,,,,,,,,,,,,,,,,,,,,,,,,,,,,,,,,,,,,,,,,,,,,,,,,,,,,,,,,,,,,,,,,,,,,,,,,,,,,,,,,,,,,,,,,,,,,,,,,,,,,,,,,,,,,,,,,,,,,,,,,,,,,,,,,,,,,,,,,,,,,,,,,,,,,,,,,,,,,,,,,,,,,,,,,,,,,,,,,,,,,,,,,,,,,,,,,,,,,,,,,,,,,,,,,,,,,,,
https://www.homeintunisia.com/fr/propri%C3%A9t%C3%A9/83388930,VENTE Villa à Narjess,Sousse,2 389 600 TND,Maison,83388930,,650 m²,1000 m²,"Radiateur, Climatisation, Central, Cheminée",,,,Individuelle,,Excellent état,,,Dégagée,,,,,,1.0,1.0,,,35.8245,10.63458,,1.0,1.0,1.0,1.0,1.0,1.0,,,1.0,1.0,1.0,1.0,,,,,1.0,,1.0,,,,,,,,,1.0,,,,1.0,,,,,,,,,,1.0,,1.0,,,,,,,,,1.0,,,,,,,,,,,,,,,,,,,,1.0,,,,,,,,,,,,,,,,,,,,,,,,,,,,,,,,,,,,,,,,,,,,,,,,,,,,,,,,,,,,,,,,,,,,,,,,,,,,,,,,,,,,,,,,,,,,,,,,,,,,,,,,,,,,,,,,,,,,,,,,,,,,,,,,,,,,,,,,,,,,,,,,,,,,,,,,,,,,,,,,,,,,,,,,,,,,,,,,,,,,,,,,,,,,,,,,,,,,,,,,,,,,,,,,,,,,,,,,,,,,,,,,,,,,,,,,,,,,,,,,,,,,,,,,,,,,,,,,,,,,,,,,,,,,,,,,,,,,,,,,,,,,,,,,,,,,,,,,,,,,,,,,
https://www.homeintunisia.com/fr/propri%C3%A9t%C3%A9/83374559,Villa de prestige à kantaoui,El Kantaoui,3 182 700 TND,Maison,83374559,5 pièces,1000 m²,980 m²,Central,Gaz,Individuel,Chaudière,Individuelle,Fosse septique,Bon état,Rez-de-chaussée,"Nord-est, Sud-est, Sud-ouest, Nord-ouest",Dégagée Jardin Rue,1,5,2,,,1.0,,1.0,,35.89419,10.59822,,,1.0,,,,1.0,,,,1.0,,,,,,1,1.0,1.0,,,,,,,,,,,,,,,,,,,,,,,,,,,,,,,,,,,,,,,,,,,,,,,,,,,,,,,,,,,,,,,,,,,,,,,,,,,,,,,,,,,,,,,,,,,,,,,,,,,,,,,,,,,,,,,,,,,,,,,,,,,,,,,,,,,,,,,,,,,,,,,,,,,,,,,,,,,,,,,,,,,,,,,,,,,,,,,,,,,,,,,,,,,,,,,,,,,,,,,,,,,,,,,,,,,,,,,,,,,,,,,,,,,,,,,,,,,,,,,,,,,,,,,,,,,,,,,,,,,,,,,,,,,,,,,,,,,,,,,,,,,,,,,,,,,,,,,,,,,,,,,,,,,,,,,,,,,,,,,,,,,,,,,,,,,,,,,,,,,,,,,,,,,,,,,,,,,,,,,
https://www.homeintunisia.com/fr/propri%C3%A9t%C3%A9/83361460,VENTE FERME KONDAR 1300000DT,Kondar,1 301 055 TND,Maison,83361460,,,160000 m²,,,,,,,Excellent état,,,Dégagée,,,,,,,,,,35.93407,10.30158,,,,,,1.0,,,,,1.0,1.0,1.0,,,,,1.0,,,,,,,,,,,,,,,1.0,,,,,,,,,,,,,,,,,,,,1.0,,,1.0,,1.0,,,,,,,,,,,,,,,,,,,,,,,,,,,,,,,,,,,,,,,,,,,,,,,,,,,,,,,,,,,,,,,,,,,,,,,,,,,,,,,,,,,,,,,,,,,,,,,,,,,,,,,,,,,,,,,,,,,,,,,,,,,,,,,,,,,,,,,,,,,,,,,,,,,,,,,,,,,,,,,,,,,,,,,,,,1,1,1,1,1,1,,,,,,,,,,,,,,,,,,,,,,,,,,,,,,,,,,,,,,,,,,,,,,,,,,,,,,,,,,,,,,,,,,,,,,,,,,,,,,,,,,,,,,,,,,,,,,,,,,,,,,,,,,,,,,,,,,,,,,,,,,,,,,,,,,,,,,,,,,,,,,,,,
https://www.homeintunisia.com/fr/propri%C3%A9t%C3%A9/83308440,"Vente Superbe Villa avec piscine - Chatt Mariem, Sousse",Chatt Meriem,1 350 000 TND,Maison,83308440,7 pièces,700 m²,,Climatisation,,Individuel,Chauffe-eau,Individuelle,,Excellent état,Rez-de-chaussée,Nord-ouest,Panoramique Mer Ville,,,,,,1.0,,1.0,,35.93669,10.54467,,,1.0,,1.0,,,1.0,,1.0,,1.0,,,1.0,,,1.0,,,,,,,,,1.0,1.0,1.0,,,,,,,,,,,,,,,,,,,,,,,,,,,,,,,,,,,,,,,,,,,,,,,,,,,,,,,,,,,,,,,,,,,,,,,,,,,,,,,,,,,,,,,,,,,,,,,,,,,,,,,,,,,,,,,,,,,,,,,,,,,,,,,,,,,,,,,,,,,,,,,,,,,,,,,,,,,,,,,,,,,,,,,,,,,,,,,,,,,,,,,,,,,,,,,,,,,,,,,,,,,,,,,,,,,,,,,,,,,,,,,,,,,,,,,,,,,,,,,,,,,,,,,,,,,,,,,,,,,,,,,,,,,,,,,,,,,,,,,,,,,,,,,,,,,,,,,,,,,,,,,,,,,,,,,,,,,,,,,,,,,,,,,,,,,,,,,,,,,,,,,,,,,,,
https://www.homeintunisia.com/fr/propri%C3%A9t%C3%A9/83255002,"Réalisez Votre Rêve Agricole : Une Ferme de 3 Hectare Exceptionnelle à Geryan, Proche de Frada et",Msaken,751 900 TND,Maison,83255002,2 pièces,2900 m²,30000 m²,,Electrique,,,,,Bon état,,Est,Dégagée Campagne,,,,,,,,,,35.72598,10.58375,,,,,,,,,,,,,,,,,,,,,,,,,,,,,,,,,,,,,,,,,,,,,,,,,,,,,,,,,,,,,,,,,,,,,,,,,,,,,,,,,,,,,,,,,,,,,,,,,,,,,,,,,,,,,,,,,,,,,,,,,,,,,,,,,,,,,,,,,,,,,,,,,,,,,,,,,,,,,,,,,,,,,,,,,,,,,,,,,,,,,,,,,,,,,,,,,,,,,,,,,,,,,,,,,,,,,,,,,,,,,,,,,,,,,,,,,,,,,,,,,,,,,,,,,,,,,,,,,,,,,,,,,,,,,,,,,,,,,,,,,,,,,,,,,,,,,,,,,,,,,,,,,,,,,,,,,,,,,,,,,,,,,,,,,,,,,,,,,,,,,,,,,,,,,,,,,,,,,,,,,,,,,,,,,,,,,,,,,,
https://www.homeintunisia.com/fr/propri%C3%A9t%C3%A9/83254368,À VENDRE – Maison de Charme dans la Médina de,Sousse,550 000 TND,Maison,83254368,4 pièces,200 m²,,Climatisation,,Individuel,Chauffe-eau,Individuelle,,Bon état,Rez-de-chaussée,Nord-est,Panoramique Ville Ciel,,,,,,,,,,35.85197,10.62099,,,1.0,,,,,1.0,,,,,,,,,,,,,,,,,,,,,,,,,,,,,,,,,,,,,,,,,,,,,,,,,,,,,,,,,,,,,,,,,,,,,,,,,,,,,,,,,,,,,,1.0,1.0,,,,,,,,,,,,,,,,,,,,,,,,,,,,,,,,,,,,,,,,,,,,,,,,,,,,,,,,,,,,,,,,,,,,,,,,,,,,,,,,,,,,,,,,,,,,,,,,,,,,,,,,,,,,,,,,,,,,,,,,,,,,,,,,,,,,,,,,,,,,,,,,,,,,,,,,,,,,,,,,,,,,,,,,,,,,,,,,,,,,,,,,,,,,,,,,,,,,,,,,,,,,,,,,,,,,,,,,,,,,,,,,,,,,,,,,,,,,,,,,,,,,,,,,,,,,,,,,,,,,,,,,,,,,,,,,,,,,,,,,,,,
https://www.homeintunisia.com/fr/propri%C3%A9t%C3%A9/83211908,Vente Étages de Villa à,Ksibet Sousse,280 800 TND,Maison,83211908,3 pièces,160 m²,240 m²,,,,,Individuelle,Tout à l'égout,Bon état,1er étage / 1,,Dégagée,,,,,,1.0,1.0,,,35.76067,10.6284,,1.0,,,1.0,,1.0,,,1.0,,,1.0,,,,,1.0,,,,,,,,,,,,,,,1.0,,,,,,,,,,,,,,,,,,,,,1.0,,,,,,,,,,,,,,,,,,,,,,,,,,,,,,,,,,,,,,,,,,,,,,,,,,,,,,,,,,,,,,,,,,,,,,,,,,,,,,,,,,,,,,,,,,,,,,,,,,,,,,,,,,,,,,,,,,,,,,,,,,,,,,,,,,,,,,,,,,,,,,,,,,,,,,,,,,,,,,,,,,,,,,,,,,,,,,,,,,,,,,,,,1,1,1,1,1,1,1,1,1,,,,,,,,,,,,,,,,,,,,,,,,,,,,,,,,,,,,,,,,,,,,,,,,,,,,,,,,,,,,,,,,,,,,,,,,,,,,,,,,,,,,,,,,,,,,,,,,,,,,,,,,,,,,,,,,,,,,,,,,,,,,,,,,,,,
https://www.homeintunisia.com/fr/propri%C3%A9t%C3%A9/83199428,"À vendre : Somptueuse Demeure à Vendre à Ouerdenine, Monastir",Ouerdanine,988 800 TND,Maison,83199428,,240 m²,340 m²,,,,,,,,,,,,,,,,1.0,1.0,,,35.72,10.67,,,1.0,1.0,1.0,1.0,1.0,1.0,,,1.0,1.0,1.0,1.0,1.0,,,,1.0,1.0,,,,,,,,1.0,,,,,,,,,,,,,,,,1.0,1.0,1.0,,,,,,,,1.0,,,,,,,,,,,,,,,,,1.0,,,,,,,,,,,,,,,,,,,,,,,,,,,,,,,,,,,,,,,,,,,,,,,,,,,,,,,,,,,,,,,,,,,,,,,,,,,,,,,,,,,,,,,,,,,,,,,,,,,,,,,,,,,,,,,,,,,,,,,,,,,,,,,,,,,,,,,,,,,,,,,,,,,,,,,,,,,,1,,,,,,,,,,,,,,,,,,,,,,,,,,,,,,,,,,,,,,,,,,,,,,,,,,,,,,,,,,,,,,,,,,,,,,,,,,,,,,,,,,,,,,,,,,,,,,,,,,,,,,,,,,,,,,,,,,,,,,,,,,,,,,,,,,,,,,,,,,,,,,,,,,,,,,,
https://www.homeintunisia.com/fr/propri%C3%A9t%C3%A9/83172146,🏡 Demeure de Luxe Exceptionnelle sur le Golf d' 🏡,El Kantaoui,4 635 000 TND,Maison,83172146,,600 m²,700 m²,Central,Gaz,Individuel,Chaudière,Individuelle,Tout à l'égout,Neuf,,Nord-est,Dégagée Mer Golf,,,,,,1.0,1.0,1.0,,35.88608,10.59541,,,1.0,,1.0,1.0,,1.0,,,1.0,1.0,1.0,,1.0,,,,1.0,,,,,,,,1.0,,,,,,,,,,,,,,,,,1.0,,,,,,,,,,1.0,,1.0,,,,,,,,,,,,,,,,,,,,,,,,,,,,,,,,1.0,,,,1.0,,,,,,1.0,,,,,,,,,,,,,,,,,,,,,,,,,,,,,,,,,,,,,,,,,,,,,,,,,,,,,,,,,,,,,,,,,,,,,,,,,,,,,,,,,,,,,,,,,,,1,,,,,,,,,,,,,,,,,,,,,,,,,,,,,,,,,,,,,,,,,,,,,,,,,,,,,,,,,,,,,,,,,,,,,,,,,,,,,,,,,,,,,,,,,,,,,,,,,,,,,,,,,,,,,,,,,,,,,,,,,,,,,,,,,,,,,,,,,,,,,,,,,,,,,,,,,,,,,,,,,,,,,,,,,,,,,,,,,,,,,,,,,,,,,
https://www.homeintunisia.com/fr/propri%C3%A9t%C3%A9/83171617,Demeure de Luxe aux Pieds dans l'Eau à,Hammamet,8 240 000 TND,Maison,83171617,,550 m²,600 m²,Central,"Gaz, Solaire",Individuel,Chaudière,Individuelle,Tout à l'égout,Excellent état,,Est,Dégagée Mer,,,,,,1.0,1.0,1.0,,36.42066,10.66479,,,1.0,,1.0,1.0,1.0,1.0,1.0,,1.0,,1.0,1.0,1.0,,,,1.0,,,,,,,,1.0,,,,,1.0,,,,,,,,,,,,1.0,,,,,,,,,,1.0,,,,1.0,,1.0,,,,,,,,,,,1.0,,,,,,,,,,,,,,,,,,,,,1.0,,,,,,,,,,,,,,,,,,,,,,,,,,,,,,,,,,,,,,,,,,,,,,,,,,,,,,,,,,,,,,,,,,,,,,,,,,,,,,,,,,,,,,,,,,,,,,,,,,,,,,,,,,,,,,,,,,,,,,,,,,,,,,,,,,,,,,,,,,,,,,,,,,,,,,,,,,,,,,,,1,1,,,,,,,,,,,,,,,,,,,,,,,,,,,,,,,,,,,,,,,,,,,,,,,,,,,,,,,,,,,,,,,,,,,,,,,,,,,,,,,,,,,,,,,,,,,,,,,,,,,,,,,,,,,,,,,,,,,,,,,,,,,,,
https://www.homeintunisia.com/fr/propri%C3%A9t%C3%A9/83164628,Somptueuse villa avec piscine,Chatt Meriem,1 500 000 TND,Maison,83164628,10 pièces,760 m²,1080 m²,Climatisation,Gaz,Individuel,Chaudière,Individuelle,Tout à l'égout,Bon état,Rez-de-chaussée,"Est, Nord, Ouest, Sud",Dégagée Jardin Rue,,,,,,1.0,1.0,1.0,,35.87428,10.56675,,1.0,1.0,,1.0,1.0,1.0,,,,1.0,1.0,,1.0,1.0,,,,1.0,,,,,,,,1.0,,1.0,,,,,,,,,,,,,,,,,,,,,,1.0,,,,,,,,,1.0,,,,,,,,,1.0,,1.0,,,,,,,,,,1.0,,,,,,,,,,,,,,,,,,,,,,,,,,,,,,,,,,,,,,,,,,,,,,,,,,,,,,,,,,,,,,,,,,,,,,,,,,,,,,,,,,,,,,,,,,,,,,,,,,,,,,,,,,,,,,,,,,,,,,,,,,,,,,,,,,,,,,,,,,,,,,,,,,,,,,,,,,,,,,,,,,,,,,,,,,,,,1,,,,,,,,,,,,,,,,,,,,,,,,,,,,,,,,,,,,,,,,,,,,,,,,,,,,,,,,,,,,,,,,,,,,,,,,,,,,,,,,,,,,,,,,,,,,,,,,,,,,,,,,,,,,,,,,,,,,,,,,,,,,
https://www.homeintunisia.com/fr/propri%C3%A9t%C3%A9/83056489,Villa de Luxe avec Vue Panoramique sur Mer et Piscine à,Kelibia,Prix sur demande,Maison,83056489,7 pièces,450 m²,800 m²,Central,"Electrique, Bois, Solaire",Individuel,Solaire,Individuelle,Fosse septique,Bon état,Rez-de-chaussée / 2 étages,Nord-est,Panoramique Mer Piscine,,,,,,1.0,1.0,1.0,,36.85364,11.12651,,,1.0,1.0,,,1.0,1.0,1.0,,,,1.0,1.0,1.0,,,1.0,,1.0,,,,,,,1.0,1.0,,,,,1.0,,,,,,,,,,1.0,,,,,,,,,1.0,,,,,1.0,1.0,,,,,,,,,,,,,1.0,,,1.0,,,,,,,,,,,,,,,,,,,,,,,,,,,,,,,,,,,,,,,,,,,,,,,,,,,,,,,,,,,,,,,,,,,,,,,,,,,,,,,,,,,,,,,,,,,,,,,,,,,,,,,,,,,,,,,,,,,,,,,,,,,,,,,,,,,,,,,,,,,,,,,,,,,,,,,,,,,,,,,,,,,,,,,,,,,,,,,,,,,,,,,,,,,,,,,,,,,,,,,,,,,,,,,,,,,,,,,,,,,,,,,,,,,,,,,,,,,,,,,,,,,,,,,,,,,,,,,,,,,,,,,,,,,,,,,,,,,,,,,,,,,,,,,,,,,,,,,,,,,,,,,,
https://www.homeintunisia.com/fr/propri%C3%A9t%C3%A9/82970451,"Magnifique Villa en Forme de Bateau avec Terrasse Titanic au Cœur de , Djerba",Midoun,515 000 TND,Maison,82970451,,600 m²,600 m²,,,,,,Tout à l'égout,Neuf,,Est,Panoramique Mer,,,,,,,,,,33.82085,10.99894,,,,,,,,,,,,,,,,,,,,,,,,,,,,,,,,,,,,,,,,,,,,,,,,,,,,,,,,,,,,,,,,,,,,,,,,,,,,,,,,,,,,,,,,,,,,,,,,,,,,,,,,,,,,,,,,,,,,,,,,,,,,,,,,,,,,,,,,,,,,,,,,,,,,,,,,,,,,,,,,,,,,,,,,,,,,,,,,,,,,,,,,,,,,,,,,,,,,,,,,,,,,,,,,,,,,,,,,,,,,,,,,,,,,,,,,,,,,,,,,,,,,,,,,,,,,,,,,,1,,,,,,,,,,,,,,,,,,,,,,,,,,,,,,,,,,,,,,,,,,,,,,,,,,,,,,,,,,,,,,,,,,,,,,,,,,,,,,,,,,,,,,,,,,,,,,,,,,,,,,,,,,,,,,,,,,,,,,,,,
https://www.homeintunisia.com/fr/propri%C3%A9t%C3%A9/82862328,"Explorer la beauté de la maison en Tunisie : Un voyage à travers la culture, le patrimoine et l'hospitalité",Sousse,566 500 TND,Maison,82862328,,,,,,,,,,,,,,,,,,,,,,,35.8245,10.63458,,,,,,,,,,,,,,,,,,,,,,,,,,,,,,,,,,,,,,,,,,,,,,,,,,,,,,,,,,,,,,,,,,,,,,,,,,,,,,,,,,,,,,,,,,,,,,,,,,,,,,,,,,,,,,,,,,,,,,,,,,,,,,,,,,,,,,,,,,,,,,,,,,,,,,,,,,,,,,,,,,,,,,,,,,,,,,,,,,,,,,,,,,,,,,,,,,,,,,,,,,,,,,,,,,,,,,,,,,,,,,,,,,,,,,,,,,,,,,,,,,,,,,,,,,,,,,,,,,,,,,,,,,,,,,,,,,,,,,,,,,,,,,,,,,,,,,,,,,,,,,,,,,,,,,,,,,,,,,,,,,,,,,,,,,,,,,,,,,,,,,,,,,,,,,,,,,,,,,,,,,,,,,,,,,,,,,,,,,
https://www.homeintunisia.com/fr/propri%C3%A9t%C3%A9/82838443,À Vendre : Grande Villa avec Piscine et 2 Appartements à,Akouda,850 000 TND,Maison,82838443,,550 m²,1100 m²,Climatisation,,Individuel,Chaudière,Individuelle,Tout à l'égout,Bon état,Plain-pied / 2 étages,,Dégagée Ville Jardin,,,,,,1.0,1.0,1.0,,35.87,10.57,,,1.0,,,,,,,,,,1.0,,,,,,,,,,,,,,,,,,,1.0,,,,,,,,,,,,,,,,,,,,,,,,,,,,,,,,,,,,,,,,,,,,,,,,,,,,,,,,,,,,,,,,,,,,,,,,,,,,,,,,,,,,,,,,,,,,,,,,,,,,,,,,,,,,,,,,,,,,,,,,,,,,,,,,,,,,,,,,,,,,,,,,,,,,,,,,,,,,,,,,,,,,,,,,,,,,,,,,,,,,,,,,,,,,,,,,,,,,,,,,,,,,,,,,,,,,,,,,,,,,,,,,,,,,,,,,,,,,,,,,,,,,,,,,,,,,,,,,,,,,,,,,,,,,,,,,,,,,,,,,,,,,,,,,,,,,,,,,,,,,,,,,,,,,,,,,,,,,,,,,,,,,,,,,,,,,,,,,,,,,,,,,,,
https://www.homeintunisia.com/fr/propri%C3%A9t%C3%A9/82731661,Terrain constructible vue panoramique mer,Hammamet,2 008 500 TND,Maison,82731661,,600 m²,800 m²,Au sol,Gaz,,Chaudière,Individuelle,Fosse septique,Neuf,,Est,Panoramique Mer Collines,,,,,,1.0,1.0,1.0,,36.42066,10.66479,,,1.0,1.0,1.0,1.0,,1.0,1.0,1.0,1.0,,1.0,,1.0,,,1.0,1.0,,,,,,,,1.0,1.0,1.0,,,,,,,,,,,,,,,1.0,1.0,1.0,,,,,1.0,,1.0,,,1.0,1.0,,1.0,,,,,,,,,,,,1.0,,1.0,,,,,,,,1.0,,1.0,,,,,1.0,,,,1.0,,1.0,,,,,,,,,,,,,,,,,,,,,,,,,,,,,,,,,,,,,,,,,,,,,,,,,,,,,,,,,,,,,,,,,,,,,,,,,,,,,,,,,,,,,,,,,,,,,,,,,,,,,,,,,,,,,,,,,,,,,,,,,,,,,,,,,,,,,,,,,,,,,,,,,,,,,,,,,,,,,,,,,,,,,,,,,,,,,,1,,,,,,,,,,,,,,,,,,,,,,,,,,,,,,,,,,,,,,,,,,,,,,,,,,,,,,,,,,,,,,,,,,,,,,,,,,,,,,,,,,,,,,,,,,,,,,,,,,,,,,,,,,,,,,
https://www.homeintunisia.com/fr/propri%C3%A9t%C3%A9/82706540,Villa indépendante,Sousse,530 000 TND,Maison,82706540,4 pièces,250 m²,,"Climatisation, Central",Gaz,Collectif,Chaudière,Individuelle,Tout à l'égout,Neuf,Rez-de-chaussée,"Est, Nord, Ouest, Sud",Dégagée Rue,,,,,,1.0,1.0,,,35.8273,10.6339,,,1.0,,,,,,,,,,,,,,,,,1.0,,,,,,,,,,,,,,,,,,,,,,,,,,,,,,,,,,,,,,,,,,,,,,,,,,,,,,,,,,,,,,,,,,,,,,,,,,,,,,,,,,,,,,,,,,,,,,,,,,,,,,,,,,,,,,,,,,,,,,,,,,,,,,,,,,,,,,,,,,,,,,,,,,,,,,,,,,,,,,,,,,,,,,,,,,,,,,,,,,,,,,,,,,,,,,,,,,,,,,,,,,,,,,,,,,,,,,,,,,,,,,,,,,,,,,,,,,,,,,,,,,,,,,,,,1,,,,,,,,,,,,,,,,,,,,,,,,,,,,,,,,,,,,,,,,,,,,,,,,,,,,,,,,,,,,,,,,,,,,,,,,,,,,,,,,,,,,,,,,,,,,,,,,,,,,,,,,,,,,,
https://www.homeintunisia.com/fr/propri%C3%A9t%C3%A9/82609863,villa à vendre,Tantana,500 000 TND,Maison,82609863,4 pièces,135 m²,300 m²,"Climatisation, Central",Eau chaude,Individuel,Chaudière,Collective,Tout à l'égout,Excellent état,Rez-de-chaussée,"Est, Nord, Nord-est",Dégagée Ciel Rue,,,,,,1.0,1.0,,,35.91014,10.57851,,,1.0,,1.0,,,,,1.0,,,1.0,,,,,1.0,,1.0,,,,,,,1.0,,,,1.0,,,,,,,,,,,,,,,,,,,,,,,,,,,,,,,,,,,,,,,,,,,,,,,,,,,,,,,,,,,,,,,,,,,,,,,,,,,,,,,,,,,,,,,,,,,,,,,,,,,,,,,,,,,,,,,,,,,,,,,,,,,,,,,,,,,,,,,,,,,,,,,,,,,,,,,,,,,,,,,,,,,,,,,,,,,,,,,,,,,,,,,,,,,,,,,,,,,,,,,,,,,,,,,,,,,,,,,,,,,,,,,,,,,,,,,,,,,,,,,,,,,,,,,,,,,,,,,,,,,,,,,,,,,,,,,,,,,,,,,,,,,,,,,,,,,,,,,,,,,,,,,,,,,,,,,,,,,,,,,,,,,,,,,,,,,,,,,,,,,,,,,,,,,
https://www.homeintunisia.com/fr/propri%C3%A9t%C3%A9/82586677,Magnifique Houch Arbi à Houmet Essouk – 2500m²,Djerba,2 575 000 TND,Maison,82586677,10 pièces,800 m²,2500 m²,,,Individuel,,Individuelle,Fosse septique,Excellent état,,,Dégagée,,,,,,1.0,,,,0.0,0.0,,,,,1.0,1.0,1.0,,,1.0,,1.0,1.0,1.0,1.0,,,1.0,,,,,,,,,,1.0,1.0,,,,,,,,,,,,,,,,,1.0,,,,,,,,1.0,,,1.0,,,1.0,,,,,,,,,,,,1,,,,,,,,,,,,,,,,,,,,,,,,,,,,,,,,,,,,,,,,,,,,,,,,,,,,,,,,,,,,,,,,,,,,,,,,,,,,,,,,,,,,,,,,,,,,,,,,,,,,,,,,,,,,,,,,,,,,,,,,,,,,,,,,,,,,,,,,,,,,,,,,,,,,,,,,,,,,,,,,,,,,,,,,,,,,,,,,,,,,,,,,,,,,,,,,,,,,,,,,,,,,,,,,,,,,,,,,,,,,,,,,,,,,,,,,,,,,,,,,,,,,,,,,,,,,,,,,,,,,,,,,,,,,,,,,,,,,,,,,,,,,,,,,,,,,,,,,,,,,,,,,,,
https://www.homeintunisia.com/fr/propri%C3%A9t%C3%A9/82553893,Charmante Villa à Hammam Ghrabi à Vendre,Hammam Sousse,470 000 TND,Maison,82553893,4 pièces,160 m²,265 m²,Central,Gaz,Individuel,Chaudière,Individuelle,,Neuf,Rez-de-chaussée,Est,Dégagée Jardin,,,,,,,,,,35.88372,10.59101,,,,,,,1.0,,,1.0,,,,,,,,1.0,,,,,,,,,,,,,,,,,,,,,,,,,,,,,,,,,,,,,,,,,,,,,,,,,,,,,,,,,,,,,,,,,,,,,,,,,,,,,,,,,,,,,,,,,,,,,,,,,,,,,,,,,,,,,,,,,,,,,,,,,,,,,,,,,,,,,,,,,,,,,,,,,,,,,,,,,,,,,,,,,,,,,,,,,,,,,,,,,,,,,,,,,,,,,,,,,,,,,,,,,,,,,,,,,,,,,,,,,,,,,,,,,,,,,,,,,,,,,,,,,,,,,,,,,,,,,,,,,,,,,,,,,,,,,,,,,,,,,,,,,,,,,,,,,,,,,,,,,,,,,,,,,,,,,,,,,,,,,,,,,,,,,,,,,,,,,,,,,,,,,,,,,,,,,,,,,,,,,,,,
https://www.homeintunisia.com/fr/propri%C3%A9t%C3%A9/82552280,Vente Villa Style Américain à Houmt Souk,Djerba,1 236 000 TND,Maison,82552280,5 pièces,270 m²,450 m²,"Central, Sans chauffage, Cheminée","Gaz, Electrique, Eau chaude",Individuel,Chaudière,Individuelle,Fosse septique,Excellent état,Surélevé,Sud-ouest,Dégagée Ville,,,,,,1.0,1.0,,,33.8,10.9,,1.0,1.0,1.0,,,,1.0,,,1.0,1.0,1.0,,1.0,,,1.0,,1.0,,,,,,,1.0,1.0,,,,,,,,,,,,,,,,,,,,,,,,,,1.0,,,,,,1.0,,,,,,,,,,,,,,,,,,,,,,,,,,,,,,,,,,,,,,,,,,,,,,,,,,,,,,,,,,,,,,,,,,,,,,,,,,,,,,,,,,,,,,,,,,,,,,,,,,,,,,,,,,,,,,,,,,,,,,,,,,,,,,,,,,,,,,,,,,,,,,,,,,,,,,,,,,,,,,,,,,,,,,,,,,,,,,,,,,,,,,,,,,,,,,,,,,,,,,,,,,,,,,,,,,,,,,,,,,,,,,,,,,,,,,,,,,,,,,,,,,,,,,,,,,,,,,,,,,,,,,,,,,,,,,,,,,,,,,,,,,,,,,,,,,,,,,,,,,,,,,,,,,,,,,,,,,,,,,
https://www.homeintunisia.com/fr/propri%C3%A9t%C3%A9/82373902,À Vendre – Maisons de Campagne avec Terrain Agricole à Kalaa Sghira,Ennagr,170 000 TND,Maison,82373902,,4800 m²,,,,,,,,,,,,,,,,,,,,,35.81343,10.50641,,,,,,,,,,,,,,,,,,,,,,,,,,,,,,,,,,,,,,,,,,,,,,,,,,,,,,,,,,,,,,,,,,,,,,,,,,,,,,,,,,,,,,,,,,,,,,,,,,,,,,,,,,,,,,,,,,,,,,,,,,,,,,,,,,,,,,,,,,,,,,,,,,,,,,,,,,,,,,,,,,,,,,,,,,,,,,,,,,,,,,,,,,,,,,,,,,,,,,,,,,,,,,,,,,,,,,,,,,,,,,,,,,,,,,,,,,,,,,,,,,,,,,,,,,,,,,,,,,,,,,,,,,,,,,,,,,,,,,,,,,,,,,,,,,,,,,,,,,,,,,,,,,,,,,,,,,,,,,,,,,,,,,,,,,,,,,,,,,,,,,,,,,,,,,,,,,,,,,,,,,,,,,,,,,,,,,,,,,
https://www.homeintunisia.com/fr/propri%C3%A9t%C3%A9/82359635,Vente Superbe Villa - Kantaoui,El Kantaoui,1 133 000 TND,Maison,82359635,15 pièces,831 m²,,"Climatisation, Central",Eau chaude,Individuel,Chaudière,Individuelle,Fosse septique,Bon état,Rez-de-chaussée,"Sud-est, Nord-ouest",Panoramique Jardin Rue,,,,,,1.0,,,,35.88995,10.58839,,,1.0,,,,,1.0,,,,,,,,,,1.0,,,,,,,,,,,1.0,,,,,,,,,,,,,,,,,,,,,,,,,,,,,,,,,,,,,,,,,,,,,,,,,,,,,,1.0,,,,,,,,,,,,,,,,,,,,,,,,,,,,,,,,,,,,,,,,,,,,,,,,,,,,,,,,,,,,,,,,,,,,,,,,,,,,,,,,,,,,,,,,,,,,,,,,,,,,,,,,,,,,,,,,,,,,,,,,,,,,,,,,,,,,,,,,,,,,,,,,,,,,,,,,,,,,,,,,,,,,,,,,,,,,,,,,,,,,,,,,,,,,,,,,,,,,,,,,,,,,,,,,,,,,,,,,,,,,,,,,,,,,,,,,,,,,,,,,,,,,,,,,,,,,,,,,,,,,,,,,,,,,,,,,,,,,,,,,,,,,,,,,,,,,,,,
https://www.homeintunisia.com/fr/propri%C3%A9t%C3%A9/82316413,À Vendre : Appartement S+3 Haut Standing avec Vue Mer à Gammarth,Sousse Khezama,900 000 TND,Maison,82316413,4 pièces,360 m²,436 m²,,,Individuel,,,Tout à l'égout,À rafraîchir,Plain-pied,,Dégagée,,,,,,,,,,35.84328,10.62362,,,,,,,,,,,,,,,,,,,,,,,,,,,,,,,,,,,,,,,,,,,,,,,,,,,,,,,,,,,,,,,,,,,,,,,,,,,,,,,,,,,,,,,,,,,,,,,,,,,,,,,,,,,,,,,,,,,,,,,,,,,,,,,,,,,,,,,,,,,,,,,,,,,,,,,,,,,,,,,,,,,,,,,,,,,,,,,,,,,,,,,,,,,,,,,,,,,,,,,,,,,,,,,,,,,,,,,,,,,,,,,,,,,,,,,,,,,,,,,,,,,,,,,,,,,,,,,,,,,,,,,,,,,,,,,,,,,,,,,,,,,,,,,,,,,,,,,,,,,,,,,,,,,,,,,,,,,,,,,,,,,,,,,,,,,,,,,,,,,,,,,,,,,,,,,,,,,,,,,,,,,,,,,,,,,,,,,,,,
https://www.homeintunisia.com/fr/propri%C3%A9t%C3%A9/82204463,Maison traditionnelle à vendre - sousse el medina,Sousse,150 000 TND,Maison,82204463,10 pièces,300 m²,450 m²,,,,,,,À rafraîchir,Rez-de-chaussée,Sud-est,Vis-à-vis Ville Rue,,,,,,,,,,35.8206,10.64292,,,,,,,,,,,,,,,,,,,,,,,,,,,,,,,,,,,,,,,,,,,,,,,,,,,,,,,,,,,,,,,,,,,,,,,,,,,,,,,,,,,,,,,,,,,,,,,,,,,,,,,,,,,,,,,,,,,,,,,,,,,,,,,,,,,,,,,,,,,,,,,,,,,,,,,,,,,,,,,,,,,,,,,,,,,,,,,,,,,,,,,,,,,,,,,,,,,,,,,,,,,,,,,,,,,,,,,,,,,,,,,,,,,,,,,,,,,,,,,,,,,,,,,,,,,,,,,,,,,,,,,,,,,,,,,,,,,,,,,,,,,,,,,,,,,,,,,,,,,,,,,,,,,,,,,,,,,,,,,,,,,,,,,,,,,,,,,,,,,,,,,,,,,,,,,,,,,,,,,,,,,,,,,,,,,,,,,,,,
https://www.homeintunisia.com/fr/propri%C3%A9t%C3%A9/8211807,"Villa Pied dans l'eau à Vendre à Chatt Mariem, Sousse",Chatt Meriem,3 200 000 TND,Maison,8211807,10 pièces,700 m²,3460 m²,Radiateur,Gaz,Individuel,Chaudière,Individuelle,Fosse septique,Bon état,Rez-de-chaussée,"Est, Nord, Ouest, Sud",Dégagée Mer Jardin,1,7,,,1,,1.0,1.0,,35.92054,10.57639,,,,,,,,,,,,,,,,,,,,,,,,,,,,,,,,,,,,,,,1,,,1,,,,,,,,,,,,,,,,,,,,,,,,,,,,,,,,,,,,,,,,,,,,,,,,,,,,,,,,,,,,,,,,,,,,,,,,,,,,,,,,,,,,,,,,,,,,,,,,,,,,,,,,,,,,,,,,,,,,,,,,,,,,,,,,,,,,,,,,,,,,,,,,,,,,,,,,,,,,,,,,,,,,,,,,,,,,,,,,,,,,,,,,,,,,,,,,,,,,,,,,,,,,,,,,,,,,,,,,,,,,,,,,,,,,,,,,,,,,,,,,,,,,,,,,,,,,,,,1,,,,,,,,,,,,,,,,,,,,,,,,,,,,,,,,,,,,,,,,,,,,,,,,,,,,,,,,,,,,,,,,,,,,,,,,,,,,,,,,,
https://www.homeintunisia.com/fr/propri%C3%A9t%C3%A9/8081208,Vente Villa jumelée,Nabeul,550 000 TND,Maison,8081208,3 pièces,75 m²,,Central,Gaz,Individuel,Chaudière,Individuelle,,,Rez-de-chaussée,Sud-est,Dégagée Mer,,,,,,,1.0,1.0,,36.45056,10.73505,,,1.0,,1.0,,,,,,,,1.0,,1.0,,,,1.0,,,,,,,,1.0,,,1.0,,,,,,,,,,,,,,,,,,,,,,,,,,,1.0,1.0,,,,,,,,,,,1.0,,,,1.0,,,,,,,1.0,1.0,,,,,,,1.0,,,,,,1.0,1.0,,,,1.0,,,,,,,1.0,,,,,,,,,,,,,,,,,,,,,,,,,,,,,,,,,,,,,,,,,,,,,,,,,,,,,,,,,,,,,,,,,,,,,,,,,,,,,,,,,,,,,,,,,,,,,,,,,,,,,,,,,,,,,,,,,,,,,,,,,,,,,,,,,,,,,,,,,,,,,,,,,,,,,,,,,,,,,,,,,,,,,,,,,,,,,,,,,,,,,,,,,,,,,,,,,,,,,,,,,,,,,,,,,,,,,,,,,,,,,,,,,,,,,,,,,,,,,,,,,,,,,,,,,,,,,,,,,,,,,,,,,,,,,,,,
https://www.homeintunisia.com/fr/propri%C3%A9t%C3%A9/8073359,Villa de Luxe Exquise avec Piscine et Espaces Élégants,Sahloul,1 545 000 TND,Maison,8073359,6 pièces,350 m²,451 m²,"Climatisation, Central",Gaz,Individuel,Chaudière,Individuelle,Tout à l'égout,Excellent état,Rez-de-chaussée,Sud-est,Dégagée Ciel Rue,,,,,,1.0,1.0,1.0,1.0,35.84033,10.59432,,,1.0,,1.0,1.0,1.0,,,1.0,,,,,1.0,,,1.0,1.0,1.0,,1.0,,,,,,,1.0,,,,,,,,1.0,,,,,,,,,,,,,,,,,,,,,,,1.0,,,,,,,,,,,1.0,,,,,,,,,,,,,,,,,,,,,,,,,,,,,,,,,,,,,,,,,,,,,,,,,,,,,,,,,,,,,,,,,,,,,,,,,,,,,,,,,,,,,,,,,,,,,,,,,,,,,,,,,,,,,,,,,,,,,,,,,,,,,,,,,,,,,,,,,,,,,,,,,,,,,,,,,,,,,,,,,,,,,,,,,,,,,,,,,,,,,,,,,,,,,,,,,,,,,,,,,,,,,,,,,,,,,,,,,,,,,,,,,,,,,,1,,,,,,,,,,,,,,,,,,,,,,,,,,,,,,,,,,,,,,,,,,,,,,,,,,,,,,,,,,,,,,,,,,,,,,,,,,,,,
https://www.homeintunisia.com/fr/propri%C3%A9t%C3%A9/8049915,Bungalow les pieds dans l'eau dans un domaine privé,Nabeul,Prix sur demande,Maison,8049915,,,,,,,,,,,,,,,,,,,,1.0,1.0,,36.45056,10.73505,,,1.0,,1.0,,,,,,,,1.0,,1.0,,,,1.0,,,,,,,,1.0,,,1.0,,,,,,,,,,,,,,,,,,,,,,,,,,,1.0,1.0,,,,,,,,,,,1.0,,,,1.0,,,,,,,1.0,1.0,,,,,,,1.0,,,,,,1.0,1.0,,,,1.0,,,,,,,1.0,,,,,,,,,,,,,,,,,,,,,,,,,,,,,,,,,,,,,,,,,,,,,,,,,,,,,,,,,,,,,,,,,,,,,,,,,,,,,,,,,,,,,,,,,,,,,,,,,,,,,,,,,,,,,,,,,,,,,,,,,,,,,,,,,,,,,,,,,,,,,,,,,,,,,,,,,,,,,,,,,,,,,,,,,,,,,,,,,,,,,,,,,,,,,,,,,,,,,,,,,,,,,,,,,,,,,,,,,,,,,,,,,,,,,,,,,,,,,,,,,,,,,,,,,,,,,,,,,,,,,,,,,,,,,,,,
https://www.homeintunisia.com/fr/propri%C3%A9t%C3%A9/8038615,Villa de Maître à Vendre,Tunis,5 047 000 TND,Maison,8038615,7 pièces,600 m²,7500 m²,Central,"Gaz, Electrique",Individuel,Chaudière,Individuelle,Tout à l'égout,Excellent état,Rez-de-chaussée / 1 étage,"Ouest, Nord-est, Sud-est",Panoramique Campagne,,,,,,1.0,1.0,1.0,,36.9076,10.0427,,1.0,1.0,1.0,1.0,1.0,1.0,1.0,,1.0,1.0,1.0,1.0,1.0,1.0,,,1.0,1.0,1.0,,,,,,,1.0,1.0,1.0,1.0,,1.0,,,,,,,,,,,,1.0,,1.0,,,,,,1.0,1.0,1.0,,,1.0,1.0,1.0,1.0,,,1.0,1.0,,,,,,,,,1.0,,,,,,,,,1.0,,,,,,,,,,,,,,,,,,,,,,,,,,,,,,,,,,,,,,,,,,,,,,,,,,,,,,,,,,,,,,,,,,,,,,,,,,,,,,,,,,,,,,,,,,,,,,,,,,,,,,,,,,,,,,,,,,,,,,,,,,,,,,,,,,,,,,,,,,,,,,,,,,,,,,,,,,,,,,,,,,,,,,,,,,,,,,,,,,,,,,,,,,,,,,,,,,,,,,,,,,,,,,,,,,,,,,,,,,,,1,,,,,,,,,,,,,,,,,,,,,,,,,,,,,,,,,,,,,,,,,,,,,,,,,,,,,,,,,,,,,,,,,,,,,,,,,,,,
https://www.homeintunisia.com/fr/propri%C3%A9t%C3%A9/8024433,Vente Domaine Équestre à  - 2 575 000 DT (Réf. 8024433),Mezraya,Prix sur demande,Maison,8024433,6 pièces,700 m²,700 m²,"Central, Cheminée",Gaz,Individuel,Chaudière,Individuelle,Tout à l'égout,Bon état,,Sud,Dégagée Mer,,,,,,1.0,1.0,,,33.78487,10.77577,,,1.0,1.0,1.0,,1.0,1.0,,,1.0,1.0,1.0,,1.0,,,,1.0,,,,,,,,1.0,1.0,1.0,1.0,,,,,,,,,,,,,,,1.0,,,,,,,,,,,1.0,,,,,,,,,,,,,,,,,1.0,,,,,,,,,,1.0,,,,,,,,,,,,,,,,,,,,,,,1.0,,,,,,,,,,,,,,,,,,,,,,,,,,,,,,,,,,,,,,,,,,,,,,,,,,,,,,,,,,,,,,,,,,,,,,,,,,,,,,,,,,,,,,,,,,,,,,,,,,,,,,,,,,,,,,,,,,,,,,,,,,,,,,,,,,,,,,,,,,,,,,,,,,,,,,,,,,,,,,,,,,,,,,,,,,,,,,,,,,,,,,,,,,,,,,,,,,,,,1,,,,,,,,,,,,,,,,,,,,,,,,,,,,,,,,,,,,,,,,,,,,,,,,,,,,,,,,,,,,,,,,,,,,,,,,,,,
https://www.homeintunisia.com/fr/propri%C3%A9t%C3%A9/8018592,Magnifique Villa 3 Niveaux à Vendre à  2,Sahloul,1 440 000 TND,Maison,8018592,13 pièces,454 m²,700 m²,"Radiateur, Climatisation, Central","Electrique, Solaire, Eau chaude",Individuel,Chaudière,Individuelle,Tout à l'égout,Excellent état,,"Est, Nord, Nord-ouest",Dégagée Ciel Rue,,,,,,1.0,1.0,,,35.83858,10.58594,,,1.0,,1.0,,1.0,,1.0,1.0,1.0,,1.0,,,,,1.0,,1.0,,,,,,,1.0,,1.0,,1.0,1.0,1.0,,,,,,,,,,1.0,1.0,1.0,,,,,,,,,,,1.0,,,,,,,,,,,,,,,,,,,,,,,,,,,,,,,,,,,,,1.0,,,,,,,,,,,,,,,,,,,,,,,,,,,,,,,,,,,,,,,,,,,,,,,,,,,,,,,,,,,,,,,,,,,,,,,,,,,,,,,,,,,,,,,,,,,,,,,,,,,,,,,,,,,,,,,,,,,,,,,,,,,,,,,,,,,,,,,,,,,,,,,,,,,,,,,,,,,,,,,,,,,,,,,,,,,,,,,,,,,,,,,,,,,,,,,,,,,,,,,,,,,,,,,,,,,,,,,,,,,,,,,,,,,,,,,,,,,,,,,,,,,,,,,,,,,,,,,,,,,,,,,,,,,,,,,,,,,,,,,,,,,,,
https://www.homeintunisia.com/fr/propri%C3%A9t%C3%A9/8017939,Gîte rural de charme à 15 minutes du port El Kantaoui,Chatt Meriem,3 296 000 TND,Maison,8017939,,800 m²,7791 m²,"Radiateur, Climatisation",,Individuel,Chaudière,Individuelle,Fosse septique,Bon état,Rez-de-chaussée,"Est, Nord, Ouest, Sud",Dégagée Verdure Ciel,,,,,,,1.0,1.0,,35.93404,10.5496,,1.0,1.0,1.0,1.0,1.0,1.0,1.0,1.0,1.0,1.0,1.0,1.0,1.0,1.0,,,,,,,,,,,,,,,,,,,,,,,,,,,,,,,,,,,,,,,,,,,,,,,,,,,,,,,,,,,,,,,,,,,,,,,,,,,,,,,,,,,,,,,,,,,,,,,,,,,,,,,,,,,,,,,,,,,,,,,,,,,,,,,,,,,,,,,,,,,,,,,,,,,,,,,,,,,,,,,,,,,,,,,,,,,,,,,,,,,,,,,,,,,,,,,,,,,,,,,,,,,,,,,,,,,,,,,,,,,,,,,,,,,,,,,,,,,,,,,,,,,,,,,,,,,,,,,,,,,,,,,,,,,,,,,,,,,,,,,,,,,,,,,,,1,,,,,,,,,,,,,,,,,,,,,,,,,,,,,,,,,,,,,,,,,,,,,,,,,,,,,,,,,,,,,,,,,,,,,,,,,,
https://www.homeintunisia.com/fr/propri%C3%A9t%C3%A9/7912675,Villa S+5 indépendante avec jardin - En vente,Cité Jaouhara,770 000 TND,Maison,7912675,7 pièces,367 m²,717 m²,"Climatisation, Central",,Individuel,Chaudière,Individuelle,,Excellent état,,Sud-est,Dégagée Verdure Jardin,,,,,,,,,,35.83478,10.62805,,,,,,,,,,,,,,,,,,,,,,,,,,,,,,,,,,,,,,,,,,,,,,,,,,,,,,,,,,,,,,,,,,,,,,,,,,,,,,,,,,,,,,,,,,,,,,,,,,,,,,,,,,,,,,,,,,,,,,,,,,,,,,,,,,,,,,,,,,,,,,,,,,,,,,,,,,,,,,,,,,,,,,,,,,,,,,,,,,,,,,,,,,,,,,,,,,,,,,,,,,,,,,,,,,,,,,,,,,,,,,,,,,,,,,,,,,,,,,,,,,,,,,,,,,,,,,,,,,,,,,,,,,,,,,,,,,,,,,,,,,,,,,,,,,,,,,,,,,,,,,,,,,,,,,,,,,,,,,,,,,,,,,,,,,,,,,,,,,,,,,,,,,,,,,,,,,,,,,,,,,,,,,,,,,,,,,,,,,
https://www.homeintunisia.com/fr/propri%C3%A9t%C3%A9/7875387,Vente Villa jumelée,Nabeul,570 000 TND,Maison,7875387,7 pièces,287.58 m²,,Central,Gaz,Individuel,Chaudière,Individuelle,,,,,Aperçu Golf,,,,,,,1.0,1.0,,36.45056,10.73505,,,1.0,,1.0,,,,,,,,1.0,,1.0,,,,1.0,,,,,,,,1.0,,,1.0,,,,,,,,,,,,,,,,,,,,,,,,,,,1.0,1.0,,,,,,,,,,,1.0,,,,1.0,,,,,,,1.0,1.0,,,,,,,1.0,,,,,,1.0,1.0,,,,1.0,,,,,,,1.0,,,,,,,,,,,,,,,,,,,,,,,,,,,,,,,,,,,,,,,,,,,,,,,,,,,,,,,,,,,,,,,,,,,,,,,,,,,,,,,,,,,,,,,,,,,,,,,,,,,,,,,,,,,,,,,,,,,,,,,,,,,,,,,,,,,,,,,,,,,,,,,,,,,,,,,,,,,,,,,,,,,,,,,,,,,,,,,,,,,,,,,,,,,,,,,,,,,,,,,,,,1,,,,,,,,,,,,,,,,,,,,,,,,,,,,,,,,,,,,,,,,,,,,,,,,,,,,,,,,,,,,,,,,,,,,,,
https://www.homeintunisia.com/fr/propri%C3%A9t%C3%A9/7683516,ferme à vendre à kalaa kbira,Belaoum,453 200 TND,Maison,7683516,,23280 m²,23280 m²,,,,,,Fosse septique,Excellent état,,Est,Dégagée Verdure,,,,,,,,,,35.86414,10.474,,,,,,,,,,,,,1.0,1.0,,,,,,,,,,,,,,,,,,,,,,,,,,,,,,,,,,,,,,,,,,1.0,,,,,,,,,,,,,,,,,,,,,,,,,,,,,,,,,,,,,,,,,,,,,,,,,,,,,,,,,,,,,,,,,,,,,,,,,,,,,,,,,,,,,,,,,,,,,,,,,,,,,,,,,,,,,,,,,,,,,,,,,,,,,,,,,,,,,,,,,,,,,,,,,,,,,,,,,,,,,,,,,,,,,,,,,,,,,,,,,,,,,,,,,,,,,,,,,,,,,,,,,,,,,,,,,,,,,,,,,,,,,,,,,,,,,,,,,,,,,,,,,,,,,,,,,,,,,,,,,,,,,,,,,,,,,,,,,,,,,,,,,,,,,,,,,,,,,,,,,,,,,,,,,,,,,,,,,,,,,,,,,,
https://www.homeintunisia.com/fr/propri%C3%A9t%C3%A9/7666848,"Opportunité en or pour les marchands de biens : Villa prête à être rénovée à Chott Meriem, Sousse",Chatt Meriem,638 600 TND,Maison,7666848,4 pièces,228 m²,730 m²,"Radiateur, Central","Gaz, Solaire, Eau chaude",Individuel,Chaudière,Individuelle,Tout à l'égout,Bon état,Plain-pied / 1 étage,Nord-est,Panoramique Mer,,,,,,1.0,1.0,,,35.8713,10.57296,,1.0,1.0,,,,,,1.0,,1.0,1.0,1.0,,,,,,,1.0,,,,,,,,,,,,,,,,,,,,,,,,,,1.0,,,,,,,,,,,,,,,,,,,,,,,,,,,,,,,,,,,,,1.0,,,,,,,,,,,,,,,,,,,,,,,,,,,,,,,,,,,,,,,,,,,,,,,,,,,,,,,,,,,,,,,,,,,,,,,,,,,,,,,,,,,,,,,,,,,,,,,,,,,,,,,,,,,,,,,,,,,,,,,,,,,,,,,,,,,,,,,,,,,,,,,,,,,,,,,,,,,,,,,,,,,,,,,,,,,,,,,,,,,,,,,,,,,,,,,,,,,,,,,,,,,,,,,,,,,,,,,,,,,,,,,,,,1,1,,,,,,,,,,,,,,,,,,,,,,,,,,,,,,,,,,,,,,,,,,,,,,,,,,,,,,,,,,,,,,,,,,,,
https://www.homeintunisia.com/fr/propri%C3%A9t%C3%A9/7565047,Villa de standing proche de la mer,Chatt Meriem,1 800 000 TND,Maison,7565047,4 pièces,200 m²,515 m²,Central,Gaz,Individuel,Chaudière,Individuelle,Tout à l'égout,Bon état,Rez-de-chaussée / 2 étages,"Est, Nord, Ouest, Sud",Dégagée Mer Ciel,1,3,2,,,1.0,1.0,1.0,,35.86945,10.56957,,,1.0,,1.0,1.0,1.0,,1.0,1.0,,,,,,,1,,1.0,,,,,,,,,,,,,,,,,,,,,,,,,,,,,,,,,,,,,,,,,,,,,,,,,,,,,,,,,1,,,,,,,,,,,,,,,,,,,,,,,,,,,,,,,,,,,,,,,,,,,,,,,,,,,,,,,,,,,,,,,,,,,,,,,,,,,,,,,,,,,,,,,,,,,,,,,,,,,,,,,,,,,,,,,,,,,,,,,,,,,,,,,,,,,,,,,,,,,,,,,,,,,,,,,,,,,,,,,,,,,,,,,,,,,,,,,,,,,,,,,,,,,,,,,,,,,,,,,,,,,,,,,,,,,,,,,,,,,,,,,,,,,,,,,,,,,,,,,,,,,,,,,,,,,,,,,,,,,,,,,,,,,,,,,,,,,,,,,,,,,,,,,,,,,,,,,,,,,,,,
https://www.homeintunisia.com/fr/propri%C3%A9t%C3%A9/7548548,"À vendre : Villa avec Hammam, située à Cité Ettamir,",Sousse,2 600 000 TND,Maison,7548548,20 pièces,,932 m²,Climatisation,Eau chaude,Individuel,Chauffe-eau,Individuelle,,Bon état,,Nord-ouest,Panoramique Ville Rue,,,,,,,,,,35.81397,10.64079,,,,,,,,,,,,,,,,,,,,,,,,,,,,,,,,,,,,,,,,,,,,,,,,,,,,,,,,,,,,,,,,,,,,,,,,,,,,,,,,,,,,,,,,,,,,,,,,,,,,,,,,,,,,,,,,,,,,,,,,,,,,,,,,,,,,,,,,,,,,,,,,,,,,,,,,,,,,,,,,,,,,,,,,,,,,,,,,,,,,,,,,,,,,,,,,,,,,,,,,,,,,,,,,,,,,,,,,,,,,,,,,,,,,,,,,,,,,,,,,,,,,,,,,,,,,,,,,,,,,,,,,,,,,,,,,,,,,,,,,,,,,,,,,,,,,,,,,,,,,,,,,,,,,,,,,,,,1,1,1,1,,,,,,,,,,,,,,,,,,,,,,,,,,,,,,,,,,,,,,,,,,,,,,,,,,,,,,,,,,,,
https://www.homeintunisia.com/fr/propri%C3%A9t%C3%A9/7463378,À Vendre - Magnifique Villa Neuve avec Piscine à RIADH,Sousse Riadh,927 000 TND,Maison,7463378,6 pièces,250 m²,400 m²,"Radiateur, Climatisation, Central",,Individuel,Chaudière,Individuelle,Tout à l'égout,Neuf,Rez-de-chaussée / 2 étages,"Est, Nord, Ouest, Nord-ouest",Dégagée Jardin Ciel,,,,,,1.0,1.0,1.0,,35.80295,10.59043,,1.0,1.0,,1.0,1.0,1.0,,,1.0,1.0,1.0,1.0,,1.0,,,1.0,,1.0,,,,,,,1.0,1.0,1.0,,1.0,1.0,,,,,,,,,,,,1.0,,1.0,,,,,,,,,,1.0,,,1.0,1.0,,,,,,,,,,,,,,,,,,,,,,1.0,,,,,,,,,,,,,,,,,,,,,,,,,,,,,,,,,,,,,,,,,,,,,,,,,,,,,,,,,,,,,,,,,,,,,,,,,,,,,,,,,,,,,,,,,,,,,,,,,,,,,,,,,,,,,,,,,,,,,,,,,,,,,,,,,,,,,,,,,,,,,,,,,,,,,,,,,,,,,,,,,,,,,,,,,,,,,,,,,,,,,,,,,,,,,,,,,,,,,,,,,,,,,,,,,,,,,,,,,,,,,,,,,,,,,,,,,,,,,,,,,,,,,,,,,,,,,,,,,,,,,,,,,,,,,,,,,,,,,,,,,,,,,,,,,,,,,,,,
https://www.homeintunisia.com/fr/propri%C3%A9t%C3%A9/7403582,À Vendre – Villa S+4 Indépendante à Cité Riadh,Sousse,580 000 TND,Maison,7403582,5 pièces,630 m²,,,,Individuel,Chaudière,Individuelle,Tout à l'égout,À rénover,Plain-pied,,,,,,,,1.0,1.0,,,35.8219,10.63686,,,,,,,,,,,,,1.0,,,,,,,,,,,,,,,,,,,,,,,,,,,,,,,,,,,,,,,,,,,,,,,,,,,,,,,,,,,,,,,,,,,,,,,,,,,,,,,,,,,,,,,,,,,,,,,,,,,,,,,,,,,,,,,,,,,,,,,,,,,,,,,,,,,,,,,,,,,,,,,,,,,,,,,,,,,,,,,,,,,,,,,,,,,,,,,,,,,,,,,,,,,,,,,,,,,,,,,,,,,,,,,,,,,,,,,,,,,,,,,,,,,,,,,,,,,,,,,,,,,,,,,,,,,,,,,,,,,,,,,,,,,,,,,,,,,,,,,,,,,,,,,,,,,,,,,,,,,,,,,,,,,,,,,,,,,,,,,,,,,,,,,,,,,,,,,,,,,,,,,,,,,,,,,,,,,,,,,,,,,,,
https://www.homeintunisia.com/fr/propri%C3%A9t%C3%A9/6658435,À Vendre : Belle Villa à Bouhsina,Cité Jaouhara,1 300 000 TND,Maison,6658435,6 pièces,220 m²,,,,Individuel,,Individuelle,Tout à l'égout,Excellent état,Rez-de-jardin,,Dégagée,,,,,,1.0,1.0,,,35.83366,10.64068,,,1.0,,1.0,,,,,,,,,1.0,,,,,,,,,,,,,,,,,,,,,,,,,,,,,,,,1.0,,,,,,,,,,,,,,,,,,,,,,,,,,,,,,,,,,,,,,,,,,,,,,,,,,,,,,,,,,,,,,,,,,,,,,,,,,,,,,,,,,,,,,,,,,,,,,,,,,,,,,,,,,,,,,,,,,,,,,,,,,,,,,,,,,,,,,,,,,,,,,,,,,,,,,,,,,,,,,,,,,,,,,,,,,,,,,,,,,,,,,,,,,,,,,,,,,,,,,,,,,,,,,,,,,,,,,,,,,,,,,,,,,,,,,,,,,,,,,,,,,,,,,,,,,,,,,,,,,,,,,,,,,,,,,,,,,,,,,,,,,,,,,,,,,,,,,,,,,,,,,,,,,,,,,,,,,,,,,,,,,,,,,,,,,,,
https://www.homeintunisia.com/fr/propri%C3%A9t%C3%A9/6170782,À Vendre : Superbe Maison Antique au Centre-Ville de Tunis,Bab Djedid,650 000 TND,Maison,6170782,6 pièces,340 m²,,,,,Chauffe-eau,Individuelle,Tout à l'égout,Bon état,Plain-pied / 3 étages,,,,,,,,1.0,1.0,,,36.82428,10.2046,,,,,,,,,,,,,,,,,,,,1.0,,,,,,,,,1.0,,,,,,,,,,,,,,,,,,,,,,,,,,,,,,,,,,,,,,,,,,,,,,,,,,,,,,,,,,,,,,,,,,,,,,,,,,,,,,,,,,,,,,,,,,,,,,,,,,,,,,,,,,,,,,,,,,,,,,,,,,,,,,,,,,,,,,,,,,,,,,,,,,,,,,,,,,,,,,,,,,,,,,,,,,,,,,,,,,,,,,,,,,,,,,,,,,,,,,,,,,,,,,,,,,,,,,,,,,,,,,,,,,,,,,,,,,,,,,,,,,,,,,,,,,,,,,,,,,,,,,,,,,,,,,,,,,,,,,,,,,,,,,,,,,,,,,,,,,,,,,,,,,,,,,,,,,,,,,,,,,,,,,,,,,,,,,,,,,,,,,,,,,,,,
https://www.homeintunisia.com/fr/propri%C3%A9t%C3%A9/6112983,À vendre : Magnifique Villa à,Khezama Ouest,1 400 000 TND,Maison,6112983,6 pièces,750 m²,,,,Individuel,,Individuelle,,Excellent état,,,Dégagée,,,,,,1.0,,,,35.84392,10.6187,,,,,,,,,,,,,,,,,,1.0,,,,,,,,,,,,,,,,,,,,,,,,,,,,,,,,,,,,,,,,,,1.0,,,,,,,,,,,,,,,,,,,,,,,,,,,,,,,,,,,,,,,,,,,,,,,,,,,,,,,,,,,,,,,,,,,,,,,,,,,,,,,,,,,,,,,,,,,,,,,,,,,,,,,,,,,,,,,,,,,,,,,,,,,,,,,,,,,,,,,,,,,,,,,,,,,,,,,,,,,,,,,,,,,,,,,,,,,,,,,,,,,,,,,,,,,,,,,,,,,,,,,,,,,,,,,,,,,,,,,,,,,,,,,,,,,,,,,,,,,,,,,,,,,,,,,,,,,,,,,,,,,,,,,,,,,,,,,1,,,,,,,,,,,,,,,,,,,,,,,,,,,,,,,,,,,,,,,,,,,,,,,
https://www.homeintunisia.com/fr/propri%C3%A9t%C3%A9/6075490,À vendre : Grande Villa de Haut Standing à El Manzah 7,Ariana,1 600 000 TND,Maison,6075490,8 pièces,750 m²,,,,,,,,Excellent état,,,,,,,,,,,,,36.85285,10.15957,,,,,,,,,,,,,,,,,,,,,,,,,,,,,,,,,,,,,,,,,,,,,,,,,,,,,,,,,,,,,,,,,,,,,,,,,,,,,,,,,,,,,,,,,,,,,,,,,,,,,,,,,,,,,,,,,,,,,,,,,,,,,,,,,,,,,,,,,,,,,,,,,,,,,,,,,,,,,,,,,,,,,,,,,,,,,,,,,,,,,,,,,,,,,,,,,,,,,,,,,,,,,,,,,,,,,,,,,,,,,,,,,,,,,,,,,,,,,,,,,,,,,,,,,,,,,,,,,,,,,,,,,,,,,,,,,,,,,,,,,,,,,,,,,,,,,,,,,,,,,,,,,,,,,,,,,,,,,,,,,,,,,,,,,,,,1,,,,,,,,,,,,,,,,,,,,,,,,,,,,,,,,,,,,,,,,,,,,,,
https://www.homeintunisia.com/fr/propri%C3%A9t%C3%A9/6009812,A VENDRE : BELLE VILLA À HAMMAMET AVEC PISCINE,Hammamet,1 030 000 TND,Maison,6009812,6 pièces,400 m²,1000 m²,Central,Fioul / Mazout,Collectif,Solaire,Individuelle,,Neuf,,,Panoramique,,,,,,,1.0,1.0,,36.43023,10.4873,,,1.0,,1.0,,,,1.0,,1.0,1.0,,,1.0,,,,,1.0,,,,,,,1.0,1.0,1.0,,,1.0,,,,,,,,,,,,,,1.0,,,,,,,,,,1.0,1.0,,,1.0,,,1.0,1.0,,,,,,,,,,,,,,,,,,,,,,,,,,,,,,,,,,,,,,,,,,,,,,,,,,,,,,,,,,,,,,,,,,,,,,,,,,,,,,,,,,,,,,,,,,,,,,,,,,,,,,,,,,,,,,,,,,,,,,,,,,,,,,,,,,,,,,,,,,,,,,,,,,,,,,,,,,,,,,,,,,,,,,,,,,,,,,,,,,,,,,,,,,,,,,,,,,,,,,,,,,,,,,,,,,,,,,,,,,,,,,,,,,,,,,,,,,,,,,,,,,,,,,,,,,,,,,,,,,,,,,,,,,,,,,,,,,,,,,,,,,,,,,,,,,,,,,,,,,,,,,,,,,,,,,,,,,
https://www.homeintunisia.com/fr/propri%C3%A9t%C3%A9/5693027,Vente 2ème Étage de Villa Haut Standing,Cité Militaire,270 000 TND,Maison,5693027,4 pièces,,180 m²,Climatisation,Eau chaude,Individuel,Chauffe-eau,Individuelle,,Excellent état,2ème,,Panoramique,,,,,,,1.0,,,35.83366,10.64068,,,1.0,,,,,,,,,1.0,,,,,,,,,,,,,,,,,,,,,,,,,,,,,,,,,,,,,,,,,,,,,,,,,,,,,,,,,,,,,,,,,,,,,,,,,,,,,,,,,,,,,,,,,,,,,,,,,,,,,,,,,,,,,,,,,,,,,,,,,,,,,,,,,,,,,,,,,,,,,,,,,,,,,,,,,,,,,,,,,,,,,,,,,,,,,,,,,,,,,,,,,,,,,,,,,,,,,,,,,,,,,,,,,,,,,,,,,,,,,,,,,,,,,,,,,,,,,,,,,,,,,,,,,,,,,,,,,,,,,,,,,,,,,,,,,,,,,,,,,,,,,,,,,,,,,,,,,,,,,,,,,,,,,,,,,,,,,,,,,,,,,,,,,,,,,,,,,,,,,,,,,,,,,,,,,,,,,,,,,,,,,,
https://www.homeintunisia.com/fr/propri%C3%A9t%C3%A9/5551102,"Magnifique Villa à Vendre – Kantaoui, Sousse",Cité Ennarjes 2,1 800 000 TND,Maison,5551102,6 pièces,940 m²,750 m²,Central,,,,Individuelle,,Bon état,Rez-de-chaussée / 1 étage,,Dégagée,,,,,,1.0,,,,35.79,10.56,,,,,,,,,,,,,,,,,,,,,,,,,,,1.0,,,,,,,,,,,,,,,,,,,,,,,,,,,,,,,,,,,,,,,,,,,,,,,,,,,,,,,,,,,,,,,,,,,,,,,,,,,,,,,,,,,,,,,,,,,,,,,,,,,,,,,,,,,,,,,,,,,,,,,,,,,,,,,,,,,,,,,,,,,,,,,,,,,,,,,,,,,,,,,,,,,,,,,,,,,,,,,,,,,,,,,,,,,,,,,,,,,,,,,,,,,,,,,,,,,,,,,,,,,,,,,,,,,,,,,,,,,,,,,,,,,,,,,,,,,,,,,,,,,,,,,,,,,,,,,,,,,,,,,,,,,,,,,,,,,,,,,,,,,,,,,,,,,,,,,,,,,,,,,,,,,,,,,,,,,,,,,,,,,,,,,,,,,,,,,
https://www.homeintunisia.com/fr/propri%C3%A9t%C3%A9/5473140,Villa de Style Américain à Vendre au Golf Résidence de Gammarth,La Marsa,2 896 875 TND,Maison,5473140,4 pièces,325 m²,1400 m²,Central,Eau chaude,Individuel,Chaudière,Individuelle,Station d'épuration,Excellent état,,,Dégagée,,,,,,1.0,1.0,,,36.89648,10.3105,,,1.0,,1.0,,1.0,,,1.0,1.0,,,1.0,,,,1.0,,,,,,,,,1.0,1.0,,,,,,,,,,,,,,,,,,,,,,,,,,,,,1.0,1.0,1.0,,,,,,,,,,,,,,,,,,,,,,,,,,,,,,,,,1.0,,,,,,1.0,,,,,,,,,,,,,,,,,,,,,,,,,,,,,,,,,,,,,,,,,,,,,,,,,,,,,,,,,,,,,,,,,,,,,,,,,,,,,,,,,,,,,,,,,,,,,,,,,,,,,,,,,,,,,,,,,,,,,,,,,,,,,,,,,,,,,,,,,,,,,,,,,,,,,,,,,,,,,,,,,,,,,,,,,,,,,,,,,,,,,,,,,,,,,,,,,,,,,,,,,,,,,,,,,,,,,,,,,,,,,,,,,,,,,,,,,,,,1,1,1,1,1,1,1,,,,,,,,,,,,,,,,,,,,,,,,,,,,,,,,,,,,,,
https://www.homeintunisia.com/fr/propri%C3%A9t%C3%A9/5299639,Villa vue mer,Hergla,Prix sur demande,Maison,5299639,12 pièces,1000 m²,1450 m²,Central,Gaz,Individuel,Chaudière,Individuelle,Fosse septique,Excellent état,,,Panoramique,,,,,,1.0,1.0,1.0,,36.0301,10.5079,,,1.0,1.0,1.0,,1.0,1.0,,1.0,1.0,1.0,,1.0,1.0,,,1.0,1.0,1.0,,,,,,,1.0,1.0,1.0,,1.0,,,,,,,,,,,,,1.0,,1.0,,,,,,,1.0,,,1.0,1.0,1.0,,1.0,,,,,,,,,,,,,1.0,,,,,,,,,,1.0,,,,,,,,,,,,,,,,,,,,,,,,,,,,,,,,,,,,,,,,,,,,,,,,,,,,,,,,,,,,,,,,,,,,,,,,,,,,,,,,,,,,,,,,,,,,,,,,,,,,,,,,,,,,,,,,,,,,,,,,,,,,,,,,,,,,,,,,,,,,,,,,,,,,,,,,,,,,,,,,,,,,,,,,,,,,,,,,,,,,,,,,,,,,,,,,,,,,,,,,,,,,,,,,,,,,,,,,,,,,,,,,,,,,,,,,,,,,,,,,,,,,,,,,,,,,,,,,,,1,,,,,,,,,,,,,,,,,,,,,,,,,,,,,,,,,,,,,
https://www.homeintunisia.com/fr/propri%C3%A9t%C3%A9/5294785,Villa de Luxe à Sidi Abdelhamid,Cité Sidi Abdelhamid,1 200 000 TND,Maison,5294785,7 pièces,550 m²,,Central,,,,,,Bon état,,,Dégagée,,,,,,1.0,,,,35.80288,10.66086,,,,,,,1.0,,,,,,,,,,,,,,,,,,,,,,,,,,,,,,,,,,,,,,,,,,,,,,,,,,,,,,,,,,,,,,,,,,,,,,,,,,,,,,,,,,,,,,,,,,,,,,,,,,,,,,,,,,,,,,,,,,,,,,,,,,,,,,,,,,,,,,,,,,,,,,,,,,,,,,,,,,,,,,,,,,,,,,,,,,,,,,,,,,,,,,,,,,,,,,,,,,,,,,,,,,,,,,,,,,,,,,,,,,,,,,,,,,,,,,,,,,,,,,,,,,,,,,,,,,,,,,,,,,,,,,,,,,,,,,,,,,,,,,,,,,,,,,,,,,,,,,,,,,,,,,,,,,,,,,,,,,,,,,,,,,,,,,,,,,,,,,,1,,,,,,,,,,,,,,,,,,,,,,,,,,,,,,,,,,,,
https://www.homeintunisia.com/fr/propri%C3%A9t%C3%A9/5242829,magnifique maison à l'intérieur de la médina sur la mer,Hammamet,3 000 000 TND,Maison,5242829,,,200 m²,Sans chauffage,,,,,,À rénover,,,Dégagée,,,,,,,,,,36.40726,10.62247,,,,,,,,,,,,,,,,,,,,,,,,,,,,,,,,,,,,,,,,,,,,,,,,,,,,,,,,,,,,,,,,,,,,,,,,,,,,,,,,,,,,,,,,,,,,,,,,,,,,,,,,,,,,,,,,,,,,,,,,,,,,,,,,,,,,,,,,,,,,,,,,,,,,,,,,,,,,,,,,,,,,,,,,,,,,,,,,,,,,,,,,,,,,,,,,,,,,,,,,,,,,,,,,,,,,,,,,,,,,,,,,,,,,,,,,,,,,,,,,,,,,,,,,,,,,,,,,,,,,,,,,,,,,,,,,,,,,,,,,,,,,,,,,,,,,,,,,,,,,,,,,,,,,,,,,,,,,,,,,,,,,,,,,,,,,,,,,,,,,,,,,,,,,,,,,,,,,,,,,,,,,,,,,,,,,,,,,,,
https://www.homeintunisia.com/fr/propri%C3%A9t%C3%A9/4448776,VENTE VILLA CITE JAWHRA,Cité Jaouhara,540 000 TND,Maison,4448776,5 pièces,300 m²,300 m²,Climatisation,Gaz,Individuel,Chaudière,Individuelle,Tout à l'égout,Bon état,Rez-de-chaussée / 1 étage,,,,,,,,,,,,35.83366,10.64068,,1.0,1.0,,,,,,,1.0,,,,,,,,1.0,,,,,,,,,,,,,,,,,,,,,,,,,,,,,,,,,,,,,,,,,,,,,,,,,,,,,,,,,,,,,,,,,,,,,,,,,,,,,,,,,,,,,,,,,,,,,,,,,,,,,,,,,,,,,,,,,,,,,,,,,,,,,,,,,,,,,,,,,,,,,,,,,,,,,,,,,,,,,,,,,,,,,,,,,,,,,,,,,,,,,,,,,,,,,,,,,,,,,,,,,,,,,,,,,,,,,,,,,,,,,,,,,,,,,,,,,,,,,,,,,,,,,,,,,,,,,,,,,,,,,,,,,,,,,,,,,,,,,,,,,,,,,,,,,,,,,,,,,,,,,,,,,,,,,,,,,,,,,,,,,,,,,,,,,,,,,,,,,,,,,,,,,,,,,,,,,,,,,,,,
https://www.homeintunisia.com/fr/propri%C3%A9t%C3%A9/4312736,Loft à Vendre – Khezama Est,Sousse Khezama,390 000 TND,Maison,4312736,3 pièces,116 m²,220 m²,Central,Gaz,Individuel,Chaudière,Individuelle,,Bon état,6ème,,Panoramique Mer Ciel,,,,,,,1.0,,,35.80635,10.61376,,,,,,,,,,1.0,,,,,,,,,,1.0,,,,,,,1.0,,,,,,,,,,,,,,,,,,,,,,,,,,,,,,,,,,,,,,,,,,,,,,,,,,,,1.0,,,,,,,,,,,,,,,,,,,,,,,,,,,,,,,,,,,,,,,,,,,,,,,,,,,,,,,,,,,,,,,,,,,,,,,,,,,,,,,,,,,,,,,,,,,,,,,,,,,,,,,,,,,,,,,,,,,,,,,,,,,,,,,,,,,,,,,,,,,,,,,,,,,,,,,,,,,,,,,,,,,,,,,,,,,,,,,,,,,,,,,,,,,,,,,,,,,,,,,,,,,,,,,,,,,,,,,,,,,,,,,,,,,,,,,,,,,,,,,,,,,,,,,,,,,,,,,,,,,,,,,,,,,,,,,,,,,,,,,,,,,,,,,,,,,,,,,,,,,
https://www.homeintunisia.com/fr/propri%C3%A9t%C3%A9/4235131,Vente Villa au Centre-Ville de Hergla,Sousse,270 000 TND,Maison,4235131,6 pièces,,300 m²,Au sol,Electrique,,Chauffe-eau,Collective,,Bon état,,,Dégagée,,,,,,,1.0,,,36.03141,10.5043,,,,,,,,,,,,,,,,,,,,,,,,,,,,,,,,,,,,,,,,,,,,,,,,,,,,,,,,,,,,,,,,,,,,,,,,,,,,,,,,,,,,,,,,,,,,,,,,,,,,,,,,,,,,,,,,,,,,,,,,,,,,,,,,,,,,,,,,,,,,,,,,,,,,,,,,,,,,,,,,,,,,,,,,,,,,,,,,,,,,,,,,,,,,,,,,,,,,,,,,,,,,,,,,,,,,,,,,,,,,,,,,,,,,,,,,,,,,,,,,,,,,,,,,,,,,,,,,,,,,,,,,,,,,,,,,,,,,,,,,,,,,,,,,,,,,,,,,,,,,,,,,,,,,,,,,,,,,,,,,,,,,,,,,,,,,,,,,,,,,,,,,,,,,,,,,,,,,,,,,,,,,,,,,,,,,,,,,,,
https://www.homeintunisia.com/fr/propri%C3%A9t%C3%A9/4181647,Vente Villa,Akouda,2 060 000 TND,Maison,4181647,5 pièces,600 m²,1100 m²,Radiateur,Electrique,Individuel,Chaudière,Individuelle,Tout à l'égout,Bon état,,,Panoramique,,,,,,1.0,1.0,,,35.87,10.57,,,1.0,,,,,,,,,,,,1.0,,,,,1.0,,,,,,,1.0,,,,,,,,,,,,,,,,,,,,,,,,,,,,,,,,,,,,,,,,,,,,,,,,,,,,,,,,,,,,,,,,,,,,,,,,,,,,,,,,,,,,,,,,,,,,,,,,,,,,,,,,,,,,,,,,,,,,,,,,,,,,,,,,,,,,,,,,,,,,,,,,,,,,,,,,,,,,,,,,,,,,,,,,,,,,,,,,,,,,,,,,,,,,,,,,,,,,,,,,,,,,,,,,,,,,,,,,,,,,,,,,,,,,,,,,,,,,,,,,,,,,,,,,,,,,,,,,,,,,,,,,,,,,,,,,,,,,,,,,,,,,,,,,,,,,,,,,,,,,,,,,,,,,,,,,,,,,,,,,,,,,,,,,,,,,,,,,,,,,,,,,,,,,,,,
https://www.homeintunisia.com/fr/propri%C3%A9t%C3%A9/3893365,À vendre : Ferme de luxe avec piscine à  – 20 minutes du centre-ville de Tunis,Sidi Thabet,1 854 000 TND,Maison,3893365,15 pièces,2 m²,2 m²,Central,Gaz,Individuel,Chaudière,Individuelle,Fosse septique,Neuf,Rez-de-chaussée / 1 étage,,Dégagée,,,,,,1.0,1.0,1.0,,36.9076,10.0427,,,1.0,1.0,,,1.0,1.0,,,1.0,1.0,,1.0,1.0,,,,1.0,,,,,,,,1.0,1.0,,1.0,,,,,,,,,,,,,,,1.0,1.0,,,,,,,1.0,,1.0,1.0,1.0,1.0,,,,,,,,,,,,,,,,,,,,,,,,,,,,,,,,,,,,,,,,,1.0,,,,,,,1.0,,,,,,,,,,,,,,,,,,,,,,,,,,,,,,,,,,,,,,,,,,,,,,,,,,,,,,,,,,,,,,,,,,,,,,,,,,,,,,,,,,,,,,,,,,,,,,,,,,,,,,,,,,,,,,,,,,,,,,,,,,,,,,,,,,,,,,,,,,,,,,,,,,,,,,,,,,,,,,,,,,,,,,,,,,,,,,,,,,,,,,,,,,,,,,,,,,,,,,,,,,,,,,,,,,,,,,,,,,,,,,,,,,,,,,,,,,,,,,,,,,,,,,,,,,,,,,,,,,,,,,,,,,,,,,,,
https://www.homeintunisia.com/fr/propri%C3%A9t%C3%A9/3472235,VENTE SUBLIME VILLA À SKANÈS MONASTIR,Zone Skanes,2 678 000 TND,Maison,3472235,8 pièces,1255 m²,1200 m²,Central,Eau chaude,Individuel,Chaudière,Individuelle,Station d'épuration,Excellent état,Rez-de-chaussée / 1 étage,"Nord-est, Nord-ouest",Dégagée Jardin Ciel,,4,,,,1.0,1.0,1.0,,35.75616,10.82802,,1.0,1.0,,1.0,,1.0,1.0,,1.0,1.0,1.0,,,1.0,,1,1.0,,1.0,,,,,,,1.0,1.0,1.0,,,1.0,,,,,,,,,,,1.0,1.0,,1.0,,,,,,,1.0,1.0,,1.0,,,,1.0,,,1.0,,,,,,,,,,,,,,,,,,,,,,,,,,,,,1.0,,1.0,,,,,,,,,,,,,,,,,,,,,,,,,,,,,,,,,,,,,,,,1.0,,,,,,,,,,,,,,,,,,,,,,,,,,,,,,,,,,,,,,,,,,,,,,,,,,,,,,,,,,,,,,,,,,,,,,,,,,,,,,,,,,,,,,,,,,,,,,,,,,,,,,,,,,,,,,,,,,,,,,,,,,,,,,,,,,,,,,,,,,,,,,,,,,,,,,,,,,,,,,,,,,,,,,,,,,,,,,,,,,,,,,,,,,,,,,,,,,,,,,,,,,1,,,,,,,,,,,,,,,,,,,,,,,,,,,,,,,,,,,,,,,,,,
https://www.homeintunisia.com/fr/propri%C3%A9t%C3%A9/3442082,Villa indépendante à khézama,Sousse Khezama,2 700 000 TND,Maison,3442082,11 pièces,1400 m²,1700 m²,Central,Electrique,Individuel,Chaudière,Individuelle,Tout à l'égout,Excellent état,Rez-de-chaussée / 2 étages,,Dégagée,,5,3,,,1.0,1.0,,,35.80635,10.61376,,,1.0,,,,1.0,,,1.0,,1.0,,1.0,,,1,1.0,1.0,,,,,,,,,,,,,,,,,,,,,,,,1.0,,,,,,,,,,,,,,,,,1.0,,,,,,,,,,,,,,,4,1,,,,,,,,,,,,,,,,,,,,,,,,,,,,,,,,,,,,,,,,,,,,,,,,,,,,2,,,,,,,,,,,,,,,,,,,,,,,,,,,,,,,,,,,,,,,,,,,,,,,,,,,,,,,,,,,,,,,,,,,,,,,,,,,,,,,,,,,,,,,,,,,,,,,,,,,,,,,,,,,,,,,,,,,,,,,,,,,,,,,,,,,,,,,,,,,,,,,,,,,,,,,,,,,,,,,,,,,,,,,,,,,,,,,,,,,,,,,,,,,,1,,,,,,,,,,,,,,,,,,,,,,,,,,,,,1,1,1,,,,,,,,,,,,,,,,,,,,,,,,,,,,,,,
https://www.homeintunisia.com/fr/propri%C3%A9t%C3%A9/3407081,À Vendre : Maison de Campagne,Takrouna,600 000 TND,Maison,3407081,3 pièces,3000 m²,3000 m²,,,,Chauffe-eau,Individuelle,Fosse septique,Neuf,,,Dégagée,,,,,,1.0,1.0,,,36.13714,10.36047,,,,,,,,,,,1.0,,,,,,,,,,,,,,,,,,,,,,,,,,,,,,,,,,1.0,,,,,,,,,,,1.0,,,,,,,,,,,,,,,,,,,,,,,,,,,,,,,,,,,,,,,,,,,,,,,,,,,,,,,,,,,,,,,,,,,,,,,,,,,,,,,,,,,,,,,,,,,,,,,,,,,,,,,,,,,,,,,,,,,,,,,,,,,,,,,,,,,,,,,,,,,,,,,,,,,,,,,,,,,,,,,,,,,,,,,,,,,,,,,,,,,,,,,,,,,,,,,,,,,,,,,,,,,,,,,,,,,,,,,,,,,,,,,,,,,,,,,,,,,,,,,,,,,,,,,,,,,,,,,,,,,,,,,,,,,,,,,,,,,,,,,,,,,,,,,,,,,,,,,,,,,,,,,,,,,,,,,,,,,,,,,,,,
https://www.homeintunisia.com/fr/propri%C3%A9t%C3%A9/3365293,Villa de charme à vendre à Khezema Est,Sousse Khezama,2 500 000 TND,Maison,3365293,,600 m²,,,,,Chauffe-eau,Individuelle,,Bon état,,,Dégagée,,,,,,1.0,1.0,,,35.80635,10.61376,,,1.0,,,,,,,,,,,,,,,,,,,,,,,,,,,,,,,,,,,,,,,,,,,,,,,,,,,,,,,,,,,,,,,,,,,,,,,,,,,,,,,,,,,,,,,,,,,,,,,,,,,,,,,,,,,,,,,,,,,,,,,,,,,,,,,,,,,,,,,,,,,,,,,,,,,,,,,,,,,,,,,,,,,,,,,,,,,,,,,,,,,,,,,,,,,,,,,,,,,,,,,,,,,,,,,,,,,,,,,,,,,,,,,,,,,,,,,,,,,,,,,,,,,,,,,,,,,,,,,,,,,,,,,,,,,,,,,,,,,,,,,,,,,,,,,,,,,,,,,,,,,,,,,,,,,,,,,,,,,,,,,,,,,,,,,,,,,,,,,,,,,,,,,,,,,,,,,,,,,,,,,,,,,,,,,,,,,,,,,
https://www.homeintunisia.com/fr/propri%C3%A9t%C3%A9/3059031,VILLA A VENDRE,Chatt Meriem,988 800 TND,Maison,3059031,8 pièces,490 m²,800 m²,Radiateur,Gaz,Individuel,Solaire,Individuelle,Tout à l'égout,Excellent état,,,Aperçu,,,,,,1.0,1.0,,,35.94312,10.52022,,1.0,1.0,,1.0,,,,,,,,,,,,,,,,,,,,,,,,,,1.0,1.0,,,,,,,,,,,1.0,,1.0,,,,,,,,,,,,,,,,,,1.0,,,,,,,,,,,,,,,,,,,,,,,,,,,,,,,,,,,,,,,,,,,,,,,,,,,,,,,,,,,,,,,,,,,,,,,,,,,,,,,,,,,,,,,,,,,,,,,,,,,,,,,,,,,,,,,,,,,,,,,,,,,,,,,,,,,,,,,,,,,,,,,,,,,,,,,,,,,,,,,,,,,,,,,,,,,,,,,,,,,,,,,,,,,,,,,,,,,,,,,,,,,,,,,,,,,,,,,,,,,,,,,,,,,,,,,,,,,,,,,,,,,,,,,,,,,,,,,,,,,,,,,,,,,,,,,,,,,,,,,,,,,,,,,,,,,,,,,,,,,,,,,,,,,,,,,,,,,
https://www.homeintunisia.com/fr/propri%C3%A9t%C3%A9/2992509,"Vente Villa de Prestige  - Piscine, Terrain 8900m², Vue Exceptionnelle",Chatt Meriem,3 700 000 TND,Maison,2992509,6 pièces,8900 m²,8900 m²,Central,Fioul / Mazout,Individuel,Chaudière,Individuelle,Fosse septique,À rafraîchir,Rez-de-chaussée,,Dégagée,,,,,,1.0,1.0,1.0,,35.94312,10.52022,,,,1.0,1.0,,1.0,,,,1.0,,,1.0,1.0,,,,,,,,,,,,,1.0,,,,,,,,,,,,,,,,,,,,,,,,,,1.0,,1.0,,1.0,,1.0,,,,,,,,,,,,,,,,,,,,,,,,,,,,,,,,,,,,,,,,,,,,,,,,,,,,,,,,,,,,,,,,,,,,,,,,,,,,,,,,,,,,,,,,,,,,,,,,,,,,,,,,,,,,,,,,,,,,,,,,,,,,,,,,,,,,,,,,,,,,,,,,,,,,,,,,,,,,,,,,,,,,,,,,,,,,,,,,,,,,,,,,,,,,,,,,,,,,,,,,,,,,,,,,,,,,,,,,,,,,,,,,,,,,,,,,,,,,,,,,,,,,,,,,,,,,,,,,,,,,,,,,,,,,,,,,,,,,,,,,,,,,,,,,,,,,,,,,,,,,,,,,,,,,,,,,,,,,,,
https://www.homeintunisia.com/fr/propri%C3%A9t%C3%A9/3131654,maison individuel,Cité Sidi Abdelhamid,450 000 TND,Maison,3131654,6 pièces,210 m²,600 m²,Climatisation,,,Chauffe-eau,Individuelle,Tout à l'égout,Bon état,Rez-de-chaussée,,Dégagée,,,,,,1.0,1.0,,,35.85404,10.62395,,,,,,,,,,,,,,,,,,1.0,,,,,,,,,,,,,,,,,,,,,,,,,,,,,,,,,,,,,,,,,,,,,,,,,,,,,,,,,,,,,,,,,,,,,,,,,,,,,,,,,,,,,,,,,,,,,,,,,,,,,,,,,,,1,,,,,,,,,,,,,,,,,,,,,,,,,,,,,,,,,,,,,,,,,,,,,,,,,,,,,,,,,,,,,,,,,,,,,,,,,,,,,,,,,,,,,,,,,,,,,,,,,,,,,,,,,,,,,,,,,,,,,,,,,,,,,,,,,,,,,,,,,,,,,,,,,,,,,,,,,,,,,,,,,,,,,,,,,,,,,,,,,,,,,,,,,,,,,,,,,,,,,,,,,,,,,,,,,,,,,,,,,,,,,,,,,,,,,,,,,,,,,,,,,,,,,,,,,,,,,
https://www.homeintunisia.com/fr/propri%C3%A9t%C3%A9/3013972,Vente Villa Inachevée R+2 à,Hergla,800 000 TND,Maison,3013972,10 pièces,315 m²,540 m²,,,,,,,À rafraîchir,,,Dégagée,,,,,,,,,,36.0301,10.5079,,,,,,,,,,,,,,,,,,,,,,,,,,,,,,,,,,,,,,,,,,,,,,,,,,,,,,,,,,,,,,,,,,,,,,,,,,,,,,,,,,,,,,,,,,,,,,,,,,,,,,,,,,,,,,,,,,,,,,,,,,,,,,,,,,,,,,,,,,,,,,,,,,,,,,,,,,,,,,,,,,,,,,,,,,,,,,,,,,,,,,,,,,,,,,,,,,,,,,,,,,,,,,,,,,,,,,,,,,,,,,,,,,,,,,,,,,,,,,,,,,,,,,,,,,,,,,,,,,,,,,,,,,,,,,,,,,,,,,,,,,,,,,,,,,,,,,,,,,,,,,,,,,,,,,,,,,,,,,,,,,,,,,,,,,,,,,,,,,,,,,,,,,,,,,,,,,,,,,,,,,,,,,,,,,,,,,,,,,
https://www.homeintunisia.com/fr/propri%C3%A9t%C3%A9/3013083,VILLA JUMELLE À KHEZAMA,Khezama Ouest,870 000 TND,Maison,3013083,9 pièces,400 m²,300 m²,Central,Eau chaude,Individuel,Chaudière,Individuelle,Tout à l'égout,Excellent état,Rez-de-chaussée / 1 étage,,Dégagée,,,,,,1.0,1.0,,,35.7218,10.6179,,,1.0,,1.0,,1.0,1.0,,1.0,,1.0,,,,,,1.0,,1.0,,,,,,,,,,,1.0,,,,,,,,,,,,,1.0,1.0,,,,,,,,,,,1.0,,,,,,,,,,,,,,,,,,,,,,,,,,,,,,,,,,,,,,,,,,,,,,,,,,,,,,,,,,,,,,,,,,,,,,,,,,,,,,,,,,,,,,,,,,,,,,,,,,,,,,,,,,,,,,,,,,,,,,,,,,,,,,,,,,,,,,,,,,,,,,,,,,,,,,,,,,,,,,,,,,,,,,,,,,,,,,,,,,,,,,,,,,,,,,,,,,,,,,,,,,,,,,,,,,,,,,,,,,,,,,,,,,,,,,,,,,,,,,,,,,,,,,,,,,,,,,,,,,,,,,,,,,,,,,,,,,,,,,,,,,,,,,,,,,,,,,,,,,,,,,,,,,,,,,,,,,,,,,,,,,
https://www.homeintunisia.com/fr/propri%C3%A9t%C3%A9/2978451,Villa de standing à Kantaoui,El Kantaoui,2 700 000 TND,Maison,2978451,7 pièces,750 m²,834 m²,Radiateur,Gaz,Individuel,Chaudière,Individuelle,Tout à l'égout,Excellent état,Rez-de-chaussée / 3 étages,"Nord-est, Nord-ouest",Dégagée Jardin Rue,,,,,,1.0,1.0,1.0,,35.89419,10.59822,,,1.0,,1.0,1.0,1.0,,,1.0,,1.0,,,1.0,,,,1.0,,,,,,,,,,1.0,,,,,,,,,,,,,,,1.0,,,,,,,,,,,,1.0,,,,,,,,,,,,,,,,,,,,,,,,,,,,,,,,,,,,,,,,,,,,,,,,,,,,,,,,,,,,,,,,,,,,,,,,,,,,,,,,,,,,,,,,,,,,,,,,,,,,,,,,,,,,,,,,,,,,,,,,,,,,,,,,,,,,,,,,,,,,,,,,,,,,,,,,,,,,,,,,,,,,,,,,,,,,,,,,,,,,,,,,,,,,,,,,,,,,,,,,,,,,,,,,,,,,,,,,,,,,,,,,,,,,,,,,,,,,,,,,,,,,,,,,,,,,,,,,,,,,,,,,,,,,,,,,,,,,,,,,,,,,,,,,,,,,,,,,,,,,,,,,,,,,,,,,,,,,,,,,,,
https://www.homeintunisia.com/fr/propri%C3%A9t%C3%A9/2961454,A VENDRE VILLA INDEPENDANTE A KHEZAMA OUEST,Sousse Khezama,1 470 000 TND,Maison,2961454,6 pièces,520 m²,400 m²,Central,Gaz,Individuel,Chaudière,Individuelle,,Bon état,,,Dégagée,,,,,,1.0,,,,35.80635,10.61376,,,,,1.0,,,,,,,,,,,,,,,,,,,,,,,,,,,,,,,,,,,,,,,,,,,,,,,,,1.0,,,,,,1.0,,,,,,,,,,,,,,,,,,,,,,,,,,,,,,,,,,,,,,,,,,,,,,,,,,,,,,,,,,,,,,,,,,,,,,,,,,,,,,,,,,,,,,,,,,,,,,,,,,,,,,,,,,,,,,,,,,,,,,,,,,,,,,,,,,,,,,,,,,,,,,,,,,,,,,,,,,,,,,,,,,,,,,,,,,,,,,,,,,,,,,,,,,,,,,,,,,,,,,,,,,,,,,,,,,,,,,,,,,,,,,,,,,,,,,,,,,,,,,,,,,,,,,,,,,,,,,,,,,,,,,,,,,,,,,,,,,,,,,,,,,,,,,,,,,,,,,,,,,,,,,,,,,,,,,,,,,,,,,
https://www.homeintunisia.com/fr/propri%C3%A9t%C3%A9/2878028,Somptueuse Villa sur le Golf,El Kantaoui,3 605 000 TND,Maison,2878028,6 pièces,900 m²,820 m²,Central,Gaz,Individuel,Chaudière,Individuelle,,Excellent état,,,Dégagée,,,,,,1.0,1.0,1.0,,35.89419,10.59822,,,1.0,,1.0,,1.0,,,,,,,1.0,1.0,,,,,,,,,,,,,1.0,,,,,,,,,,,,,,,,,,,,,,,,,,,,,,,,1.0,,,,,,,,,,,,,,,,,,,,,,,,,,,,,,,,,,1.0,,,,,,,,,,,,,,,,,,,,,,,,,,,,,,,,,,,,,,,,,,,,,,,,,,,,,,,,,,,,,,,,,,,,,,,,,,,,,,,,,,,,,,,,,,,,,,,,,,,,,,,,,,,,,,,,,,,,,,,,,,,,,,,,,,,,,,,,,,,,,,,,,,,,,,,,,,,,,,,,,,,,,,,,,,,,,,,,,,,,,,,,,,,,,,,,,,,,,,,,,,,,,,,,,,,,,,,,,,,,,,,,,,,,,,,,,,,,,,,,,,,,,,,,,,,,,,1,,,,,,,,,,,,,,,,,,,,,,,,,,,,,,
https://www.homeintunisia.com/fr/propri%C3%A9t%C3%A9/2868622,À vendre : Villa ou Maison d'Hôtes en construction à Yasmine,Hammamet,1 580 000 TND,Maison,2868622,6 pièces,505 m²,357 m²,Central,Gaz,Individuel,Chaudière,Individuelle,,Neuf,,,Aperçu,,,,,,1.0,1.0,1.0,,36.40108,10.61457,,1.0,1.0,1.0,1.0,,1.0,,,1.0,,1.0,,1.0,,,,1.0,,1.0,,,,,,,,,1.0,,,,,,,,,,,,,,1.0,1.0,1.0,1.0,,,,,,1.0,1.0,1.0,,,,1.0,,,,,,1.0,,,,,,,,,,,,,,,,,,,1.0,,,,,,,,,1.0,,,,,,,,,,,,,,,,,,,,,,,,,,,,,,,,,,,,,,,,,,,,,,,,,,,,,,,,,,,,,,,,,,,,,,,,,,,,,,,,,,,,,,,,,,,,,,,,,,,,,,,,,,,,,,,,,,,,,,,,,,,,,,,,,,,,,,,,,,,,,,,,,,,,,,,,,,,,,,,,,,,,,,,,,,,,,,,,,,,,,,,,,,,,,,,,,,,,,,,,,,,,,,,,,,,,,,,,,,,,,,,,,,,,,,,,,,,,,,,,,,,,,,,,,,,,,,,,,,,,,,,,,,,,,,,,,,,,,,,,,,,,,,
https://www.homeintunisia.com/fr/propri%C3%A9t%C3%A9/2699598,À Vendre - Maison avec Étage en Plein Cœur du Centre-Ville,Sousse,550 000 TND,Maison,2699598,8 pièces,,,,,,,,,À rafraîchir,1er,,,,,,,,,,,,35.8273,10.6339,,,,,,,,,,,,,,,,,,,,,,,,,,,,,,,,,,,,,,,,,,,,,,,,,,,,,,,,,,,,,,,,,,,,,,,,,,,,,,,,,,,,,,,,,,,,,,,,,,,,,,,,,,,,,,,,,,,,,,,,,,,,,,,,,,,,,,,,,,,,,,,,,,,,,,,,,,,,,,,,,,,,,,,,,,,,,,,,,,,,,,,,,,,,,,,,,,,,,,,,,,,,,,,,,,,,,,,,,,,,,,,,,,,,,,,,,,,,,,,,,,,,,,,,,,,,,,,,,,,,,,,,,,,,,,,,,,,,,,,,,,,,,,,,,,,,,,,,,,,,,,,,,,,,,,,,,,,,,,,,,,,,,,,,,,,,,,,,,,,,,,,,,,,,,,,,,,,,,,,,,,,,,,,,,,,,,,,,,,
https://www.homeintunisia.com/fr/propri%C3%A9t%C3%A9/2551379,Valorisation Immobilière en Tunisie : Un Service pour Mettre en Valeur Votre Bien,La Marsa,Prix sur demande,Maison,2551379,,100 m²,120 m²,Central,Gaz,Individuel,Chaudière,Individuelle,Tout à l'égout,Neuf,,,Panoramique,,,,,,1.0,1.0,1.0,,36.89648,10.3105,,1.0,1.0,1.0,,,1.0,1.0,,,1.0,1.0,,1.0,1.0,,,1.0,1.0,,,,,,,,1.0,1.0,1.0,,1.0,1.0,,,,,,,,,,,1.0,1.0,,1.0,,,,,,1.0,1.0,1.0,1.0,1.0,,1.0,,,,,1.0,1.0,,,,,,,,,,,,,,,,,1.0,,1.0,,,,,,,,,1.0,,1.0,1.0,,,,1.0,,,,,,,1.0,,,,,,,,,,,,,,,,,,,,,,,,,,,,,,,,,,,,,,,,,,,,,,,,,,,,,,,,,,,,,,,,,,,,,,,,,,,,,,,,,,,,,,,,,,,,,,,,,,,,,,,,,,,,,,,,,,,,,,,,,,,,,,,,,,,,,,,,,,,,,,,,,,,,,,,,,,,,,,,,,,,,,,,,,,,,,,,,,,,,,,,,,,,,,,,,,,,,,,,,,,,,,,,,,,,,,,,,,,,,,,,,,,,,,,,,,,,,,,,,,,,,,,,1,,,,,,,,,,,,,,,,,,,,,,,,,
https://www.homeintunisia.com/fr/propri%C3%A9t%C3%A9/2551365,Valorisation immobiliere Tunisie,Mornag,Prix sur demande,Maison,2551365,,1000 m²,1200 m²,Central,Gaz,Individuel,Chaudière,Individuelle,Tout à l'égout,Neuf,Plain-pied,,Panoramique,,,,,,1.0,1.0,1.0,,36.68902,10.29964,,1.0,1.0,1.0,,,1.0,1.0,,,1.0,1.0,,1.0,1.0,,,1.0,1.0,,,,,,,,1.0,1.0,1.0,,1.0,1.0,,,,,,,,,,,1.0,1.0,,1.0,,,,,,1.0,1.0,1.0,1.0,1.0,,1.0,,,,,1.0,1.0,,,,,,,,,,,,,,,,,1.0,,1.0,,,,,,,,,1.0,,1.0,1.0,,,,1.0,,,,,,,1.0,,,,,,,,,,,,,,,,,,,,,,,,,,,,,,,,,,,,,,,,,,,,,,,,,,,,,,,,,,,,,,,,,,,,,,,,,,,,,,,,,,,,,,,,,,,,,,,,,,,,,,,,,,,,,,,,,,,,,,,,,,,,,,,,,,,,,,,,,,,,,,,,,,,,,,,,,,,,,,,,,,,,,,,,,,,,,,,,,,,,,,,,,,,,,,,,,,,,,,,,,,,,,,,,,,,,,,,,,,,,,,,,,,,,,,,,,,,,,,,,,,,,,,,,1,,,,,,,,,,,,,,,,,,,,,,,,
https://www.homeintunisia.com/fr/propri%C3%A9t%C3%A9/2460085,Terrain sur l'autoroute kalaa kebira tunis,Cité Nouvelle,300 000 TND,Maison,2460085,,16000 m²,,,,,,Individuelle,,,Plain-pied,,Panoramique,,,,,,,,,,35.87392,10.54372,,,,,,,,,,,,,,,,,,,,,,,,,,,,,,,,,,,,,,,,,,,,,,,,,,,,,,,,,,,,,,,,,,,,,,,,,,,,,,,,,,,,,,,,,,,,,,,,,,,,,,,,,,,,,,,,,,,,,,,,,,,,,,,,,,,,,,,,,,,,,,,,,,,,,,,,,,,,,,,,,,,,,,,,,,,,,,,,,,,,,,,,,,,,,,,,,,,,,,,,,,,,,,,,,,,,,,,,,,,,,,,,,,,,,,,,,,,,,,,,,,,,,,,,,,,,,,,,,,,,,,,,,,,,,,,,,,,,,,,,,,,,,,,,,,,,,,,,,,,,,,,,,,,,,,,,,,,,,,,,,,,,,,,,,,,,,,,,,,,,,,,,,,,,,,,,,,,,,,,,,,,,,,,,,,,,,,,,,,
https://www.homeintunisia.com/fr/propri%C3%A9t%C3%A9/2287977,À Vendre : Maison Traditionnelle au Cœur de,Hergla,450 000 TND,Maison,2287977,9 pièces,,550 m²,Central,Gaz,Individuel,Chauffe-eau,Individuelle,,Bon état,2ème étage / 2,,Dégagée,,,,,,,,,,36.0301,10.5079,,,1.0,,,,,,,,,,,,,,,,,1.0,,,,,,,,,1.0,,,,,,,,,,,,,,,,,,,,,,,,,,,,,,,,,,1.0,,,,,,,,,,,,,,,,,,,,,,,,,,,,,,,,,,,,,,,,,,,,,,,,,,,,,,,,,,,,,,,,,,,,,,,,,,,,,,,,,,,,,,,,,,,,,,,,,,,,,,,,,,,,,,,,,,,,,,,,,,,,,,,,,,,,,,,,,,,,,,,,,,,,,,,,,,,,,,,,,,,,,,,,,,,,,,,,,,,,,,,,,,,,,,,,,,,,,,,,,,,,,,,,,,,,,,,,,,,,,,,,,,,,,,,,,,,,,,,,,,,,,,,,,,,,,,,,,,,,,,,,,,,,,,,,,,,,,,,,,,,,,,,,,,,,,,,,,,,,,,,,,,,,,,,,,,,
https://www.homeintunisia.com/fr/propri%C3%A9t%C3%A9/2223776,Villa Indépendante à Bouhsina,Sousse,1 500 000 TND,Maison,2223776,9 pièces,440 m²,460 m²,Central,Gaz,Individuel,Chaudière,Individuelle,Tout à l'égout,Neuf,Rez-de-chaussée / 2 étages,,Dégagée,,,,,,1.0,1.0,,,35.8273,10.6339,,,,,,,1.0,,,,1.0,,,,,,,,,,,,,,,,,,1.0,,,,,,,,,,,,,,,,,,,,,,,,,1.0,,,,,,,,,1.0,,,,,,,,,,,,,,,,,,,,,,,,,,,,,,,,,,,,,,,,,,,,,,,,,,,,,,,,,,,,,,,,,,,,,,,,,,,,,,,,,,,,,,,,,,,,,,,,,,,,,,,,,,,,,,,,,,,,,,,,,,,,,,,,,,,,,,,,,,,,,,,,,,,,,,,,,,,,,,,,,,,,,,,,,,,,,,,,,,,,,,,,,,,,,,,,,,,,,,,,,,,,,,,,,,,,,,,,,,,,,,,,,,,,,,,,,,,,,,,,,,,,,,,,,,,,,,,,,,,,,,,,,,,,,,,,,,,,,,,,,,,,,,,,,,,,,,,,,,,,,,,,,,,,,,,,,,,
https://www.homeintunisia.com/fr/propri%C3%A9t%C3%A9/966985,Maison indépendante a,Akouda,1 200 000 TND,Maison,966985,5 pièces,810 m²,,,,,Chaudière,Individuelle,Tout à l'égout,,Rez-de-chaussée,,,,,,,,,,,,35.87,10.57,,,,,,,,,,,,,,,,,,,,,,,,,,,,,,,,,,,,,,,,,,,,,,,,,,,,,,,,,,,,,,,,,,,,,,,,,,,,,,,,,,,,,,,,,,,,,,,,,,,,,,,,,,,,,,,,,,,,,,,,,,,,,,,,,,,,,,,,,,,,,,,,,,,,,,,,,,,,,,,,,,,,,,,,,,,,,,,,,,,,,,,,,,,,,,,,,,,,,,,,,,,,,,,,,,,,,,,,,,,,,,,,,,,,,,,,,,,,,,,,,,,,,,,,,,,,,,,,,,,,,,,,,,,,,,,,,,,,,,,,,,,,,,,,,,,,,,,,,,,,,,,,,,,,,,,,,,,,,,,,,,,,,,,,,,,,,,,,,,,,,,,,,,,,,,,,,,,,,,,,,,,,,,,,,,,,,,,,,,
https://www.homeintunisia.com/fr/propri%C3%A9t%C3%A9/186258,Vente Maison d'Hôtes entre Hammamet et  – Route Touristique,Nabeul,6 500 000 TND,Maison,186258,16 pièces,1200 m²,3200 m²,Central,,,,Individuelle,Tout à l'égout,Bon état,,,Dégagée,,,,,,,,,,36.45056,10.73505,,,,,,,,,,,,,,,,,,,,,,,,,,,,,,,,,,,,,,,,,,,,,,,,,,,,,,,,,,,,,,,,,,,,,,,,,,,,,,,,,,,,,,,,,,,,,,,,,,,,,,,,,,,,,,,,,,,,,,,,,,,,,,,,,,,,,,,,,,,,,,,,,,,,,,,,,,,,,,,,,,,,,,,,,,,,,,,,,,,,,,,,,,,,,,,,,,,,,,,,,,,,,,,,,,,,,,,,,,,,,,,,,,,,,,,,,,,,,,,,,,,,,,,,,,,,,,,,,,,,,,,,,,,,,,,,,,,,,,,,,,,,,,,,,,,,,,,,,,,,,,,,,,,,,,,,,,,,,,,,,,,,,,,,,,,,,,,,,,,,,,,,,,,,,,,,,,,,,,,,,,,,,,,,,,,,,,,,,,
https://www.homeintunisia.com/fr/propri%C3%A9t%C3%A9/1916994,À Vendre - Belle Villa à,Akouda,1 200 000 TND,Maison,1916994,5 pièces,319 m²,,Central,Gaz,Individuel,Chaudière,Individuelle,,Bon état,,,Aperçu,,,,,,1.0,,,,35.87,10.57,,,,,,,,,,,,,,,,,,,,,,,,,,,,1.0,,,,,,,,,,,,,,,,,,,,,,,,,,,,1.0,,,,,,,1.0,,,,,,,,,,,,,,,,,,,,,,,,,,,,,,,,,,,,,,,,,,,,,,,,,,,,,,,,,,,,,,,,,,,,,,,,,,,,,,,,,,,,,,,,,,,,,,,,,,,,,,,,,,,,,,,,,,,,,,,,,,,,,,,,,,,,,,,,,,,,,,,,,,,,,,,,,,,,,,,,,,,,,,,,,,,,,,,,,,,,,,,,,,,,,,,,,,,,,,,,,,,,,,,,,,,,,,,,,,,,,,,,,,,,,,,,,,,,,,,,,,,,,,,,,,,,,,,,,,,,,,,,,,,,,,,,,,,,,,,,,,,,,,,,,,,,,,,,,,,,,,,,,,,,,,,,,,,
https://www.homeintunisia.com/fr/propri%C3%A9t%C3%A9/1874781,Villa golf isolée neuve de 458 m2 avec 4 chambres terrasse jardin piscine,Gammarth,1 610 580 TND,Maison,1874781,8 pièces,458 m²,688 m²,Central,Gaz,Individuel,Chauffe-eau,Individuelle,Station d'épuration,Neuf,,,Dégagée,,,,,,1.0,1.0,1.0,1.0,36.96618,10.21236,,,1.0,1.0,1.0,,1.0,,,,1.0,1.0,,1.0,1.0,,,1.0,1.0,1.0,,,,1.0,,1.0,1.0,1.0,1.0,1.0,,1.0,,,,,,,,,,,,1.0,,1.0,,,,,,,,1.0,1.0,,,1.0,,1.0,,,1.0,,,,1.0,,,,,,,,,,,,,,1.0,,1.0,,,,,,,,,1.0,,,,,,1.0,1.0,,,,,,1.0,,,,,,,,,,,,1.0,,,,1.0,,,,,,,,,,,,,,,,,,,,,,,,,,,,,,,,,,,,,,,,,,,,,,,,,,,,,,,,,,,,,,,,,,,,,,,,,,,,,,,,,,,,,,,,,,,,,,,,,,,,,,,,,,,,,,,,,,,,,,,,,,,,,,,,,,,,,,,,,,,,,,,,,,,,,,,,,,,,,,,,,,,,,,,,,,,,,,,,,,,,,,,,,,,,,,,,,,,,,,,,,,,,,,,,,,,,,,,,,,,,,,,,,,,,,,,,,,1,,,,,,,,,,,,,,,,,,,,,,,
https://www.homeintunisia.com/fr/propri%C3%A9t%C3%A9/1717839,Superbe villa à vendre à Sardaigne - Italie,Porto Cervo,Prix sur demande,Maison,1717839,4 pièces,130 m²,500 m²,Central,,,Chauffe-eau,Individuelle,,Excellent état,Rez-de-chaussée,,Dégagée,,,,,,1.0,1.0,,,41.13153,9.53575,,,1.0,1.0,1.0,,,,,,,1.0,,1.0,,,,,,,,,,,,,,,,,,,,,,,,,,,,,,,,,,,,,,,,,,1.0,,,,,,,,,,,,,,,,,,,,,,,,,,,,,,,,,,,,,,,,,,,,,,,,,,,,,,,,,,,,,,,,,,,,,,,,,,,,,,,,,,,,,,,,,,,,,,,,,,,,,,,,,,,,,,,,,,,,,,,,,,,,,,,,,,,,,,,,,,,,,,,,,,,,,,,,,,,,,,,,,,,,,,,,,,,,,,,,,,,,,,,,,,,,,,,,,,,,,,,,,,,,,,,,,,,,,,,,,,,,,,,,,,,,,,,,,,,,,,,,,,,,,,,,,,,,,,,,,,,,,,,,,,,,,,,,,,,,,,,,,,,,,,,,,,,,,,,,,,,,,,,,,,,,,,,,,,,,,,,,,,
https://www.homeintunisia.com/fr/propri%C3%A9t%C3%A9/1710119,"villas de grand standing vue panoramique sur la baie, la mer et les iles",Bodrum,6 801 580 TND,Maison,1710119,10 pièces,373 m²,3208 m²,Central,,,Solaire,Individuelle,,Neuf,,,Panoramique,,,,,,1.0,1.0,1.0,,37.03441,27.43054,,1.0,1.0,1.0,1.0,,1.0,,,1.0,1.0,1.0,,1.0,1.0,,,,,1.0,1.0,1.0,1.0,1.0,1.0,1.0,1.0,1.0,1.0,,1.0,1.0,,,1.0,1.0,1.0,1.0,,,,,1.0,1.0,1.0,,1.0,1.0,,,,,,1.0,,1.0,,1.0,,1.0,1.0,,1.0,1.0,1.0,1.0,1.0,,,,,,,,,,1.0,1.0,,,,1.0,,,,,,,,,,1.0,,1.0,1.0,,,,,,,,,,,,,,,,,,,,,,1.0,,1.0,,,,,,,,,,,,,,,,,,,,,,,,,,,,,,,,,,,,,,,,,,,,,,,,,,,,,,,,,,,,,,,,,,,,,,,,,,,,,,,,,,,,,,,,,,,,,,,,,,,,,,,,,,,,,,,,,,,,,,,,,,,,,,,,,,,,,,,,,,,,,,,,,,,,,,,,,,,,,,,,,,,,,,,,,,,,,,,,,,,,,,,,,,,,,,,,,,,,,,,,,,,,,,,,,,,,,,,,,,,,,,,,,,,,,,,,,,,,,,,,,,,,,,,,,,,,,,,,,,,
https://www.homeintunisia.com/fr/propri%C3%A9t%C3%A9/1702558,superbe villa moderne sur le golf de kantaoui,El Kantaoui,4 944 000 TND,Maison,1702558,9 pièces,700 m²,800 m²,Central,Gaz,Individuel,Chaudière,Individuelle,Tout à l'égout,Neuf,Rez-de-chaussée / 2 étages,Sud-est,Aperçu Verdure Parc,,,,,,1.0,1.0,1.0,,35.89419,10.59822,,,1.0,,,1.0,1.0,1.0,,,1.0,,1.0,,1.0,,,,1.0,,,,,,,1.0,1.0,1.0,1.0,1.0,,1.0,,,,,,,,,,,,1.0,1.0,1.0,,,,,,1.0,,,,,,,,,,,,,,,,,,,1.0,,,,,,,,,,,,1.0,,,,,1.0,,,,,,1.0,1.0,,,1.0,1.0,,,,,,,1.0,,,,,,,,,,,,,,,,,,,,,,,,,,,,,,,1.0,,,,,,,,,,,,,,,,,,,,,,,,,,,,,,,,,,,,,,,,,,1,,,,,,,,,,,,,,,,,,,,,,,,,,,,,,,,,,,,,,,,,,,,,,,,,,,,,,,,,,,,,,,,,,,,,,,,,,,,,,,,,,,,,,,,,,,,,,,,,,,,,,,,,,,,,,,,,,,,,,,,,,,,,,,,,,,,,,,,,,,,,,,,,,,,,,,,,,,,,,,,,,,,,,,,,,,,,,,,,,,,,,,,,,,,,,,,,,,,,,,
https://www.homeintunisia.com/fr/propri%C3%A9t%C3%A9/1665055,Villa vue mer S+2 situé en front de mer d'une très belle résidence avec piscine,Tabarka,377 701 TND,Maison,1665055,3 pièces,94 m²,122.2 m²,Central,Eau chaude,Collectif,Chaudière,Individuelle,Station d'épuration,Excellent état,Plain-pied,,Dégagée,,,,,,,1.0,1.0,,36.952,8.7581,,,1.0,1.0,1.0,,1.0,1.0,,,1.0,1.0,,1.0,1.0,,,,1.0,,1.0,,1.0,1.0,1.0,1.0,1.0,1.0,1.0,,,1.0,,,1.0,,1.0,1.0,,,,,1.0,,,,,1.0,,,,,1.0,,1.0,1.0,,1.0,,,,,1.0,,1.0,,1.0,,1.0,,,,,,,,,1.0,,,,,1.0,,,,,,,,,,,1.0,1.0,,,,1.0,,,,,,,1.0,,,,,,,,,,,,,1.0,,1.0,,,,,,,,,,,,,,,,,,,,,,,,,,,,,,,,,,,,,,,,,,,,,,,,,,,,,,,,,,,,,,,,,,,,,,,,,,,,,,,,,,,,,,,,,,,,,,,,,,,,,,,,,,,,,,,,,,,,,,,,,,,,,,,,,,,,,,,,,,,,,,,,,,,,,,,,,,,,,,,,,,,,,,,,,,,,,,,,,,,,,,,,,,,,,,,,,,,,,,,,,,,,,,,,,,,,,,,,,,,,,,,,,,,,,,,,,,,,,,,,,,,,,,,,,,,,,,,,,
https://www.homeintunisia.com/fr/propri%C3%A9t%C3%A9/1649628,À vendre : Demeure de prestige à  – Vue imprenable sur le lac,Verbania,6 655 346 TND,Maison,1649628,7 pièces,11500 m²,17000 m²,Central,Gaz,Individuel,Chaudière,Individuelle,Tout à l'égout,Excellent état,,,Dégagée,,,,,,1.0,1.0,1.0,,45.96762,8.65326,,1.0,1.0,1.0,1.0,,1.0,1.0,,,1.0,1.0,,1.0,,,,1.0,1.0,,,,,,,,1.0,1.0,,,,,,,,,,,,,,,,1.0,,,,,,,,,1.0,,,,,,,,,,1.0,,,,,,,,,,,,,,,,,,,,1.0,,,,,,,,,,,,,,,,,,,,,,,,,1,,,,,,,,,1.0,,,,,,,,,,,,,,,,,,,,,,,,,,,,,,,,,,,,,,,,,,,,,,,,,,,,,,,,,,,,,,,,,,,,,,,,,,,,,,,,,,,,,,,,,,,,,,,,,,,,,,,,,,,,,,,,,,,,,,,,,,,,,,,,,,,,,,,,,,,,,,,,,,,,,,,,,,,,,,,,,,,,,,,,,,,,,,,,,,,,,,,,,,,,,,,,,,,,,,,,,,,,,,,,,,,,,,,,,,,,,,,,,,,,,,,,,,,,,,,,1,1,1,1,1,1,1,1,1,1,1,1,1,,,,,,,,,
https://www.homeintunisia.com/fr/propri%C3%A9t%C3%A9/1624313,Villa Indépendante de 619 M2,Ariana,1 337 796 TND,Maison,1624313,7 pièces,400 m²,640 m²,Central,Gaz,Individuel,Chaudière,Individuelle,Tout à l'égout,Excellent état,,,Dégagée,,,,,,1.0,1.0,,,36.85657,10.16879,,,,,1.0,,1.0,,,,,,,,,,,,,,,,,,,,,,,,,,,,,,,,,,,,,,,1.0,,,,,,,,1.0,,,,,,,,,1.0,,,,,,,,,,,,,,,,,,,,,,,,,,,,,,,,,,,,,,,,,,1.0,,,,,,,,,,,,,,,,,,,,,,,,,,,,,,,,,,,,,,,,,,,,,,,,,,,,,,,,,,,,,,,,,,,,,,,,,,,,,,,,,,,,1,,,,,,,,,,,,,,,,,,,,,,,,,,,,,,,,,,,,,,,,,,,,,,,,,,,,,,,,,,,,,,,,,,,,,,,,,,,,,,,,,,,,,,,,,,,,,,,,,,,,,,,,,,,,,,,,,,,,,,,,,,,,,,,,,,,,,,,,,,,,,,,,,,,,,,,,,,,,,,,,,,,,,,,,,,,,,,,,,,,,,,,,,,,,,
https://www.homeintunisia.com/fr/propri%C3%A9t%C3%A9/1619902,Maison indépendante a,Akouda,650 000 TND,Maison,1619902,6 pièces,220 m²,420 m²,Central,Gaz,Individuel,Chaudière,Individuelle,Tout à l'égout,Bon état,Rez-de-chaussée,,Dégagée,,,,,,1.0,1.0,,,35.87467,10.57181,,,,,1.0,,1.0,,,1.0,1.0,,,,,,,,,,,1.0,,,,,1.0,,,,,,,,1.0,,1.0,,,,,,,,,,,,,,,,,,,,,,,,,,1.0,,,,,,,,,,,,,,,,,,,,,,,,,,,,,,,,,,,,,,,,,,,,,,,,,,,,,,,,,,,,,,,,,,,,,,,,,,,,,,,,,,,,,,,,,,,,,,,,,,,,,,,,,,,,,,,,,,,,,,,,,,,,,,,,,,,,,,,,,,,,,,,,,,,,,,,,,,,,,,,,,,,,,,,,,,,,,,,,,,,,,,,,,,,,,,,,,,,,,,,,,,,,,,,,,,,,,,,,,,,,,,,,,,,,,,,,,,,,,,,,,,,,,,,,,,,,,,,,,,,,,,,,,,,,,,,,,,,,,,,,,,,,,,,,,,,,,,,,,,,,,,,,,,,,,,,,,,,
https://www.homeintunisia.com/fr/propri%C3%A9t%C3%A9/1603680,À Vendre : Jolie Maison de Village de Type Plain-pied en Bord de Mer,Gammarth,400 400 TND,Maison,1603680,5 pièces,120 m²,145 m²,Climatisation,,,,Individuelle,,À rafraîchir,Plain-pied,,Dégagée,,,,,,,,,1.0,36.9668,10.21608,,,,,,,,,,,,,,,,,,,1.0,,,,,,1.0,,,,1.0,,,,,,1.0,,1.0,,,,,,,,,,,,,,,,,,,,,,,,,,,,,,,,,,,,,,,,,,,,,,,,,,,,,,,,,,,,,,,,,,,,,,,,,,,,,,,,,,,,,,,,,,,,,,,,,,,,,,,,,,,,,,,,,,,,,,,,,,,,,,,,,,,,,,,,,,,,,,,,,,,,,,,,,,,,,,,,,,,,,,,,,,,,,,,,,,,,,,,,,,,,,,,,,,,,,,,,,,,,,,,,,,,,,,,,,,,,,,,,,,,,,,,,,,,,,,,,,,,,,,,,,,,,,,,,,,,,,,,,,,,,,,,,,,,,,,,,,,,,,,,,,,,,,,,,,,,,,,,,,,,,,,,,,,,,,,,,,,,,,,,,,,,,,,,,,,,,,
https://www.homeintunisia.com/fr/propri%C3%A9t%C3%A9/1600070,S+1 de 81 m2 meublé équipé situé en bord de mer d'une très belle résidence avec jardin piscine terrasse,Tabarka,325 377 TND,Maison,1600070,3 pièces,81 m²,105.3 m²,Central,Eau chaude,Collectif,Chaudière,Individuelle,Station d'épuration,Excellent état,Plain-pied,,Dégagée,,,,,,,1.0,1.0,,36.952,8.7581,,,1.0,1.0,1.0,,1.0,1.0,,,1.0,1.0,,1.0,1.0,,,,1.0,,1.0,,1.0,1.0,1.0,1.0,1.0,1.0,1.0,,,1.0,,,1.0,,1.0,1.0,,,,,1.0,,,,,1.0,,,,,1.0,,1.0,1.0,,1.0,,,,,1.0,,1.0,,1.0,,1.0,,,,,,,,,1.0,,,,,1.0,,,,,,,,,,,1.0,1.0,,,,1.0,,,,,,,1.0,,,,,,,,,,,,,1.0,,1.0,,,,,,,,,,,,,,,,,,,,,,,,,,,,,,,,,,,,,,,,,,,,,,,,,,,,,,,,,,,,,,,,,,,,,,,,,,,,,,,,,,,,,,,,,,,,,,,,,,,,,,,,,,,,,,,,,,,,,,,,,,,,,,,,,,,,,,,,,,,,,,,,,,,,,,,,,,,,,,,,,,,,,,,,,,,,,,,,,,,,,,,,,,,,,,,,,,,,,,,,,,,,,,,,,,,,,,,,,,,,,,,,,,,,,,,,,,,,,,,,,,,,,,,,,,,,,,,,,
https://www.homeintunisia.com/fr/propri%C3%A9t%C3%A9/1600060,S+1 de 72 m2 meublé équipé situé en bord de mer d'une très belle résidence avec jardin piscine terrasse,Tabarka,288 400 TND,Maison,1600060,3 pièces,72 m²,93.6 m²,Radiateur,Gaz,Individuel,Chaudière,Individuelle,Station d'épuration,Excellent état,Plain-pied,,Dégagée,,,,,,1.0,1.0,1.0,1.0,36.952,8.7581,,,1.0,1.0,1.0,,1.0,1.0,,,1.0,1.0,,1.0,1.0,,,1.0,1.0,,1.0,1.0,1.0,1.0,1.0,1.0,1.0,1.0,1.0,,,1.0,,,1.0,1.0,1.0,1.0,,,,,1.0,,,,1.0,1.0,,,,,1.0,,1.0,1.0,,1.0,,,,,1.0,,1.0,,1.0,,1.0,,,,,,,,1.0,1.0,,,,,1.0,,,,,,,,,,,1.0,1.0,,,,1.0,,,,,,1.0,1.0,,,,,,,,,,,1.0,,1.0,,1.0,,,,,,,,,,,,,,,,,,,,,,,,,,,,,,,,,,,,,,,,,,,,,,,,,,,,,,,,,,,,,,,,,,,,,,,,,,,,,,,,,,,,,,,,,,,,,,,,,,,,,,,,,,,,,,,,,,,,,,,,,,,,,,,,,,,,,,,,,,,,,,,,,,,,,,,,,,,,,,,,,,,,,,,,,,,,,,,,,,,,,,,,,,,,,,,,,,,,,,,,,,,,,,,,,,,,,,,,,,,,,,,,,,,,,,,,,,,,,,,,,,,,,,,,,,,,,,,,,
https://www.homeintunisia.com/fr/propri%C3%A9t%C3%A9/1600053,S+1 de 82 m2 meublé équipé situé en bord de mer d'une très belle résidence avec jardin piscine terrasse,Tabarka,329 394 TND,Maison,1600053,3 pièces,82 m²,106.6 m²,Central,Eau chaude,Collectif,Chaudière,Individuelle,Station d'épuration,Excellent état,Plain-pied,,Dégagée,,,,,,1.0,1.0,1.0,1.0,36.952,8.7581,,,1.0,1.0,1.0,,1.0,1.0,,,1.0,1.0,,1.0,1.0,,,1.0,1.0,,1.0,1.0,1.0,1.0,1.0,1.0,1.0,1.0,1.0,,,1.0,,,1.0,1.0,1.0,1.0,,,,,1.0,,,,1.0,1.0,,,,,1.0,,1.0,1.0,,1.0,,,,,1.0,,1.0,,1.0,,1.0,,,,,,,,1.0,1.0,,,,,1.0,,,,,,,,,,,1.0,1.0,,,,1.0,,,,,,1.0,1.0,,,,,,,,,,,1.0,,1.0,,1.0,,,,,,,,,,,,,,,,,,,,,,,,,,,,,,,,,,,,,,,,,,,,,,,,,,,,,,,,,,,,,,,,,,,,,,,,,,,,,,,,,,,,,,,,,,,,,,,,,,,,,,,,,,,,,,,,,,,,,,,,,,,,,,,,,,,,,,,,,,,,,,,,,,,,,,,,,,,,,,,,,,,,,,,,,,,,,,,,,,,,,,,,,,,,,,,,,,,,,,,,,,,,,,,,,,,,,,,,,,,,,,,,,,,,,,,,,,,,,,,,,,,,,,,,,,,,,,,,,
https://www.homeintunisia.com/fr/propri%C3%A9t%C3%A9/1600017,Villa vue mer S3 plus 150 m2 situé dans une très belle résidence avec jardin piscine plage privée,Tabarka,662 805 TND,Maison,1600017,5 pièces,156 m²,202.8 m²,Central,Eau chaude,Collectif,Chaudière,Individuelle,Station d'épuration,Excellent état,Plain-pied,,Dégagée,,,,,,,1.0,1.0,,36.952,8.7581,,,1.0,1.0,1.0,,1.0,1.0,,,1.0,1.0,,1.0,1.0,,,,1.0,,1.0,,1.0,1.0,1.0,1.0,1.0,1.0,1.0,,,1.0,,,1.0,,1.0,1.0,,,,,1.0,,,,,1.0,,,,,1.0,,1.0,1.0,,1.0,,,,,1.0,,1.0,,1.0,,1.0,,,,,,,,,1.0,,,,,1.0,,,,,,,,,,,1.0,1.0,,,,1.0,,,,,,,1.0,,,,,,,,,,,,,1.0,,1.0,,,,,,,,,,,,,,,,,,,,,,,,,,,,,,,,,,,,,,,,,,,,,,,,,,,,,,,,,,,,,,,,,,,,,,,,,,,,,,,,,,,,,,,,,,,,,,,,,,,,,,,,,,,,,,,,,,,,,,,,,,,,,,,,,,,,,,,,,,,,,,,,,,,,,,,,,,,,,,,,,,,,,,,,,,,,,,,,,,,,,,,,,,,,,,,,,,,,,,,,,,,,,,,,,,,,,,,,,,,,,,,,,,,,,,,,,,,,,,,,,,,,,,,,,,,,,,,,,
