link,class,title,description,address,price,latitude,longitude,Pièces,Etages,Habitable,Total,Ascenseur,Climatisation,Parking,Type,Condition,Chauffage,Eau chaude,Déchets des eaux usées,Chambres,Salles de bains,Toilettes,Appartements,Places de parc extérieur,Terrain,Alarme,Balcon,Internet,Meublé,Piscine,Télévision par satellite,Terrasse,Année de construction,Places de parc intérieures,Concierge 24/7,Interphone,Standing,Année de rénovation,Lave-vaisselle,Jacuzzi,Barbecue,Sécurité,Machine à laver,Recharge de véhicules électriques,Sauna,Tennis,Centre de remise en forme,Jardin,Garage
https://www.properstar.fr/annonce/105771520,appartement,À Vendre – Appartement S+2 avec Place de Parking à Hammam Sousse,Appartement • 3 pce(s) • 83 m² • 3ème étage • réf: 85798568,Hammam Sousse,87 407 €,35.886399,10.591507,3,4,83 m²,113 m²,1.0,1.0,1.0,Appartement,Neuf,"Radiateur, Commun, Gaz","Chaudière, Individuel",Drainage principal,,,,,,,,,,,,,,,,,,,,,,,,,,,,,,
https://www.properstar.fr/annonce/103256625,appartement,"Appartement à vendre à Sousse, Tunisie",Appartement • 3 pce(s) • 2 chambres • 1 sdb • 198 m² • 30ème étage • réf: 1048035044-17,Sousse,96 566 €,35.824503,10.634584,3,5,198 m²,198 m²,1.0,1.0,,Appartement,,,,,2,1,1,40,1,90 m²,1.0,1.0,1.0,1.0,1.0,1.0,1.0,2023,,,,,,,,,,,,,,,,
https://www.properstar.fr/annonce/103304945,appartement,"Appartement à vendre à Hammamet, Tunisie",Appartement • 4 pce(s) • 3 chambres • 1 sdb • 118 m² • 1er étage • réf: VA5531-HAMMAMET,Hammamet,139 283 €,36.407257,10.622471,4,,118 m²,,,,,Appartement,,Gaz,,,3,1,1,,,,,1.0,,,,,1.0,,1,,,,,,,,,,,,,,,
https://www.properstar.fr/annonce/105728768,appartement,"Appartement à vendre à Tunis, Tunisie",Appartement • 5 pce(s) • 4 chambres • 1 sdb • 128 m² • 30ème étage • réf: 1048015050-35,Tunis,102 418 €,36.806495,10.181532,5,2,128 m²,128 m²,,,,Appartement,,,,,4,1,1,,,128 m²,,1.0,,,,,,2009,,,,,,,,,,,,,,,,
https://www.properstar.fr/annonce/103147769,appartement,"Appartement à vendre à Tunis, Tunisie",Appartement • 3 pce(s) • 2 chambres • 1 sdb • 140 m² • réf: 1048035044-15,Tunis,93 640 €,36.806495,10.181532,3,5,140 m²,140 m²,1.0,,,Appartement,,,,,2,1,1,20,20,120 m²,,1.0,1.0,,1.0,1.0,1.0,2015,,,,,,,,,,,,,,,,
https://www.properstar.fr/annonce/99399376,appartement,Appartement S+2 à vendre - Hergla,Appartement • 3 pce(s) • 88 m² • 1er étage • réf: 83935083,Hergla,87 202 €,36.031411,10.504303,3,,88 m²,88 m²,1.0,1.0,1.0,Appartement,Neuf,"Radiateur, Commun, Electrique","Chaudière, Individuel",Drainage principal,,,,,,,1.0,,,,,,,,,1.0,1.0,Très luxueux,2024,,,,,,,,,,,
https://www.properstar.fr/annonce/103207092,appartement,"Appartement à vendre à Hammamet, Tunisie",Appartement • 3 pce(s) • 2 chambres • 2 sdb • 115 m² • réf: VA5491-HAMMAMET,Hammamet,123 807 €,36.407257,10.622471,3,,115 m²,,,,,,,,,,2,2,,,1,,,1.0,,1.0,1.0,,,,,,,,,,,,,,,,,,,
https://www.properstar.fr/annonce/106131219,appartement,Opportunité pour Marchand de Biens : Appartement 2 Pièces à Rénover à Hergla,Appartement • 1 pce(s) • 1 chambres • 58 m² • 1er étage • réf: 1816207,Hergla,30 077 €,36.031411,10.504303,1,4,58 m²,64 m²,1.0,1.0,1.0,Appartement,Neuf,"Chauffage central, Individuel, Gaz","Chaudière, Individuel",Drainage principal,1,,,,,,,,,,1.0,,,2016,,,1.0,,,,,,,,,,,,,
https://www.properstar.fr/annonce/103882175,appartement,"Appartement à vendre à Jardins de Carthage, Tunisie",Appartement • 5 pce(s) • 4 chambres • 3 sdb • 192 m² • 30ème étage • réf: 1048015050-16,El Bouhaira,210 689 €,36.856679,10.29487,5,2,192 m²,192 m²,1.0,1.0,,Appartement,,,,,4,3,3,,1,,,1.0,,,,,1.0,2022,,,,,,,,,,,,,,,,
https://www.properstar.fr/annonce/106004117,appartement,"Appartement à vendre à Ariana, Tunisie",Appartement • 6 pce(s) • 4 chambres • 2 sdb • 211 m² • réf: 1048004058-23,Ariana,0,36.866537,10.164723,6,3,211 m²,211 m²,1.0,1.0,,Appartement,,,,,4,2,1,,,,,1.0,,,,,,2019,,,,,,,,,,,,,,,,
https://www.properstar.fr/annonce/103944146,appartement,"Appartement à vendre à Jardins de Carthage, Tunisie",Appartement • 2 pce(s) • 1 chambres • 1 sdb • 74 m² • réf: 1048004051-26,El Bouhaira,108 271 €,36.856679,10.29487,2,4,74 m²,74 m²,,,,Appartement,,,,,1,1,,,,,,,,,1.0,,,2022,,,,,,,,,,,,,,,,
https://www.properstar.fr/annonce/106053856,appartement,"Appartement à vendre à Hammamet, Tunisie",Appartement • 2 pce(s) • 1 chambres • 1 sdb • 70 m² • réf: VA5729-HAMMAMET,Hammamet,80 474 €,36.407257,10.622471,2,,70 m²,,,,,,,,,,1,1,1,,,,,1.0,,1.0,1.0,,,,1,,,,,,,,,,,,,,,
https://www.properstar.fr/annonce/106034970,appartement,Appartement S+2 à Chott Meriem,Appartement • 3 pce(s) • 2 chambres • 110 m² • 1er étage • réf: 85845567,Chott Meriam,77 545 €,35.933487,10.546488,3,,110 m²,110 m²,,1.0,,Appartement,Bonne condition,"Radiateur, Commun, Gaz","Chaudière, Individuel",Drainage principal,2,,,,,,,,,,,,,2015,,,,Standard,,,,,,,,,,,,
https://www.properstar.fr/annonce/106034971,appartement,Appartement S+2 à Chott Meriem,Appartement • 3 pce(s) • 2 chambres • 85 m² • Rez-de-chaussée • réf: 85845614,Chott Meriam,59 988 €,35.933487,10.546488,3,,85 m²,85 m²,,1.0,,Appartement,Bonne condition,"Radiateur, Commun, Gaz","Chaudière, Individuel",Drainage principal,2,,,,,,,,,,,,,2015,,,,Standard,,,,,,,,,,,,
https://www.properstar.fr/annonce/106083081,appartement,"🏡 À Vendre – Bel Appartement S+3 à Tantana, Chott Mariem",Appartement • 4 pce(s) • 126 m² • 1er étage • réf: 85853317,Chott Meriam,121 439 €,35.933487,10.546488,4,,126 m²,126 m²,1.0,,,Appartement,Neuf,"Radiateur, Commun, Electrique","Chaudière, Individuel",Drainage principal,,,,,,,,,1.0,,,,,,,1.0,1.0,Luxe,,,,,,,,,,,,
https://www.properstar.fr/annonce/103113860,appartement,"Appartement à vendre à Gammarth, Tunisie",Appartement • 4 pce(s) • 3 chambres • 1 sdb • 200 m² • 30ème étage • réf: 1048004051-23,Gammarth,263 361 €,36.917304,10.285253,4,2,200 m²,200 m²,1.0,1.0,,Appartement,,,,,3,1,1,,1,,1.0,,,,1.0,,1.0,2020,,,,,,,,,,,,,,,,
https://www.properstar.fr/annonce/106034958,appartement,Agréable Appartement S+2 à Chott Meriem,Appartement • 3 pce(s) • 2 chambres • 110 m² • 2ème étage • réf: 85845544,Chott Meriam,77 545 €,35.933487,10.546488,3,,110 m²,110 m²,,1.0,,Appartement,Bonne condition,"Radiateur, Commun, Gaz","Chaudière, Individuel",Drainage principal,2,,,,,,,,,,,,,2015,,,,Standard,,,,,,,,,,,,
https://www.properstar.fr/annonce/106083082,appartement,"🏡 À Vendre – Bel Appartement S+2 à Tantana, Chott Mariem",Appartement • 3 pce(s) • 96 m² • 1er étage • réf: 85853309,Chott Meriam,92 703 €,35.933487,10.546488,3,,96 m²,96 m²,1.0,,,Appartement,Neuf,"Radiateur, Commun, Electrique","Chaudière, Individuel",Drainage principal,,,,,,,,,1.0,,,,,,,1.0,1.0,Luxe,,,,,,,,,,,,
https://www.properstar.fr/annonce/100355666,appartement,"Appartement à vendre à Ariana, Tunisie",Appartement • 4 pce(s) • 3 chambres • 2 sdb • 190 m² • réf: 1048015045-10,Ariana,114 123 €,36.866537,10.164723,4,1,190 m²,190 m²,,1.0,,Appartement,,,,,3,2,1,,1,,1.0,,1.0,,,1.0,1.0,2012,,,,,,,,,,,,,,,,
https://www.properstar.fr/annonce/105728769,appartement,"Appartement à vendre à Ariana, Tunisie",Appartement • 5 pce(s) • 4 chambres • 2 sdb • 138 m² • 30ème étage • réf: 1048015050-34,Ariana,125 828 €,36.866537,10.164723,5,2,138 m²,138 m²,1.0,1.0,,Appartement,,,,,4,2,2,,,129 m²,1.0,1.0,,,,,,2010,,,,,,,,,,,,,,,,
https://www.properstar.fr/annonce/106034973,appartement,Appartement S+3 à Chott Meriem – Dernier étage avec balcons,Appartement • 4 pce(s) • 3 chambres • 200 m² • 3ème étage • réf: 85845480,Chott Meriam,140 459 €,35.933487,10.546488,4,,200 m²,200 m²,,1.0,,Appartement,Bonne condition,"Radiateur, Commun, Gaz","Chaudière, Individuel",Drainage principal,3,,,,,,,,,,,,,2015,,,,Standard,,,,,,,,,,,,
https://www.properstar.fr/annonce/99399378,appartement,Nouvelle zone Gammarth Résidence S+1 luxe neuf tout equipe avec plage aménagée privée à 20m,Appartement • 3 pce(s) • 75 m² • 1er étage • réf: 1077837,Raoued,169 722 €,36.948782,10.198343,3,6,75 m²,75 m²,1.0,1.0,1.0,Appartement,Neuf,"Chauffage central, Individuel, Gaz","Réservoir à eau chaude, Individuel",Station d'épuration,,,,,,,1.0,,1.0,,,,,2017,,,1.0,Très luxueux,,1.0,,,,,,,,,,
https://www.properstar.fr/annonce/102920931,appartement,"Appartement à vendre à Hammamet, Tunisie",Appartement • 3 pce(s) • 2 chambres • 3 sdb • 200 m² • 3ème étage • réf: VA2932-HAMMAMET,Hammamet,396 082 €,36.407257,10.622471,3,,200 m²,,1.0,,,Appartement,,Gaz,,,2,3,,,,,,,,,,,1.0,,1,,,,,,,,,,,,,,,
https://www.properstar.fr/annonce/99484628,appartement,Nouvelle zone Gammarth Résidence S+1 luxe neuf tout equipe avec plage aménagée privée à 20m,Appartement • 3 pce(s) • 75 m² • 1er étage • réf: 1669947,Raoued,169 722 €,36.948782,10.198343,3,6,75 m²,75 m²,1.0,1.0,1.0,Appartement,Neuf,"Chauffage central, Individuel, Gaz","Réservoir à eau chaude, Individuel",Station d'épuration,,,,,,,1.0,,1.0,,,,,2017,,,1.0,Très luxueux,,1.0,,,,,,,,,,
https://www.properstar.fr/annonce/101516178,appartement,"En exclusivité, découvrez ce coquet appartement de type S+1",Appartement • 2 pce(s) • 50 m² • 8ème étage • réf: 85341587,Hammam Sousse,65 840 €,35.886399,10.591507,2,8,50 m²,57 m²,1.0,1.0,,Appartement,Excellente condition,"Radiateur, Individuel, Gaz","Chaudière, Individuel",Drainage principal,,,,,,,,,,1.0,,,,2012,,1.0,1.0,,,,,,,,,,,,,
https://www.properstar.fr/annonce/106020767,appartement,"Appartement à vendre à Hammamet, Tunisie",Appartement • 3 pce(s) • 2 chambres • 1 sdb • 96 m² • 2ème étage • réf: VA4191-HAMMAMET,Hammamet,106 784 €,36.407257,10.622471,3,,96 m²,,1.0,,,Appartement,,Gaz,,,2,1,,,,,,1.0,,,,,,,1,,,,,,,,,,,,,,,
https://www.properstar.fr/annonce/105945094,appartement,"Appartement à vendre à Mrezga, Tunisie",Appartement • 5 pce(s) • 4 chambres • 2 sdb • 230 m² • réf: 1048015030-78,Mrezga,193 132 €,36.419773,10.661893,5,,230 m²,230 m²,1.0,1.0,,Appartement,,,,,4,2,2,,1,,,1.0,,,,,1.0,2023,,,,,,,,,,,,,,,,
https://www.properstar.fr/annonce/106004115,appartement,"Appartement à vendre à Monastir, Tunisie",Appartement • 4 pce(s) • 3 chambres • 1 sdb • 87 m² • réf: 1048037003-97,Monastir,0,35.764252,10.811288,4,1,87 m²,87 m²,,,,Appartement,,,,,3,1,,,,,,,,,,,,2010,,,,,,,,,,,,,,,,
https://www.properstar.fr/annonce/103378714,appartement,"Appartement à vendre à Tunis, Tunisie",Appartement • 3 pce(s) • 2 chambres • 1 sdb • 92 m² • 30ème étage • réf: 1048004032-46,Tunis,68 767 €,36.806495,10.181532,3,1,92 m²,92 m²,,,,Appartement,,,,,2,1,1,3,1,71 m²,,,,,,,,2015,,,,,,,,,,,,,,,,
https://www.properstar.fr/annonce/103519407,appartement,"Appartement à vendre à Tunis, Tunisie",Appartement • 3 pce(s) • 2 chambres • 1 sdb • 117 m² • 21ème étage • réf: 1048004060-43,Tunis,123 487 €,36.806495,10.181532,3,2,117 m²,117 m²,,,,Appartement,,,,,2,1,1,,1,,1.0,,,,,,1.0,2021,,,,,,,,,,,,,,,,
https://www.properstar.fr/annonce/105842731,appartement,À Vendre – Appartements S+1 Haut Standing à partir de 195 000 TND,Appartement • 63 m² • 1er étage • réf: 85828867,Sousse,58 773 €,35.824503,10.634584,,7,63 m²,,1.0,1.0,1.0,Appartement,Neuf,"Radiateur, Commun, Gaz","Chaudière, Individuel",Drainage principal,,,,,,,1.0,,,,,,,,,,1.0,Luxe,,,,,,,,,,,,
https://www.properstar.fr/annonce/105813494,appartement,"Appartement à vendre à Hammamet, Tunisie",Appartement • 6 pce(s) • 3 chambres • 170 m² • 28ème étage • réf: 1048042018-41,Hammamet,0,36.407257,10.622471,6,1,170 m²,170 m²,,,,Appartement,,,,,3,,,1,1,,1.0,1.0,,1.0,1.0,,1.0,2025,,,,,,,,,,,,,,,,
https://www.properstar.fr/annonce/105728770,appartement,"Appartement à vendre à Hammam Ghezèze, Tunisie",Appartement • 3 pce(s) • 2 chambres • 1 sdb • 155 m² • 21ème étage • réf: 1048015053-5,Ezzahra,84 861 €,36.901686,11.102296,3,1,155 m²,155 m²,,1.0,,Appartement,,,,,2,1,1,4,2,,,,,1.0,,1.0,1.0,2017,,,,,,,,,,,,,,,,
https://www.properstar.fr/annonce/103519403,appartement,"Appartement à vendre à Tunis, Tunisie",Appartement • 3 pce(s) • 2 chambres • 1 sdb • 116 m² • réf: 1048004060-44,Tunis,122 317 €,36.806495,10.181532,3,2,116 m²,116 m²,1.0,,,Appartement,,,,,2,1,,,1,,1.0,,,,,,1.0,2021,,,,,,,,,,,,,,,,
https://www.properstar.fr/annonce/105728767,appartement,"Appartement à vendre à Hammam Ghezèze, Tunisie",Appartement • 3 pce(s) • 2 chambres • 1 sdb • 120 m² • 28ème étage • réf: 1048015053-6,Ezzahra,64 377 €,36.901686,11.102296,3,1,120 m²,120 m²,,1.0,,Appartement,,,,,2,1,1,4,1,,,,,1.0,,1.0,1.0,2017,,,,,,,,,,,,,,,,
https://www.properstar.fr/annonce/105686538,appartement,"Appartement à vendre à Tunis, Tunisie",Appartement • 3 pce(s) • 2 chambres • 1 sdb • 105 m² • réf: 1048004060-47,Tunis,71 693 €,36.806495,10.181532,3,3,105 m²,105 m²,1.0,,,Appartement,,,,,2,1,,,,,,1.0,,,,,,2005,,,,,,,,,,,,,,,,
https://www.properstar.fr/annonce/105676159,appartement,Vente Appartement S+3 à Khezama Est,Appartement • 4 pce(s) • 95 m² • 1er étage • réf: 85792999,Sousse,102 418 €,35.824503,10.634584,4,2,95 m²,119 m²,,,,Appartement,Bonne condition,"Radiateur, Commun","Chaudière, Individuel",Drainage principal,,,,,,,,,,,,,,,,,,Standard,,,1.0,,,,,,,,,
https://www.properstar.fr/annonce/105714507,appartement,"Appartement à vendre à Marsa, Tunisie",Appartement • 92 m² • 4ème étage • réf: 1048004032-13,Marsa,0,36.889117,10.322267,,2,92 m²,92 m²,,1.0,,Appartement,,,,,,,,,1,,1.0,1.0,,,,,,2018,,,,,,,,,,,,,,,,
https://www.properstar.fr/annonce/101286334,appartement,Vente appartement S+3 à Tantana Prix Promoteur,Appartement • 4 pce(s) • 148 m² • 6ème étage • réf: 85309475,TanTana,163 869 €,35.918751,10.576029,4,6,148 m²,,1.0,1.0,,Appartement,Neuf,"Radiateur, Mixte","Chaudière, Individuel",Drainage principal,,,,,,,,,,,1.0,,,,,,1.0,Luxe,,,,,,,,,,,,
https://www.properstar.fr/annonce/101286333,appartement,Vente appartement S+3 à Tantana Prix Promoteur,Appartement • 4 pce(s) • 6ème étage • réf: 85317058,TanTana,166 795 €,35.918751,10.576029,4,,,160 m²,1.0,1.0,1.0,,,,,,,,,,,,1.0,,,,1.0,,,,,1.0,1.0,,,,,,,,,,,,,
https://www.properstar.fr/annonce/105360493,appartement,"Appartement à vendre à Manouba, Tunisie",Appartement • 7 pce(s) • 3 chambres • 1 sdb • 180 m² • 30ème étage • réf: 1048032022-5,Manouba,76 082 €,36.809328,10.086327,7,2,180 m²,180 m²,,,,Appartement,,,,,3,1,1,,,,,1.0,,,,,,1890,,,,,,,,,,,,,,,,
https://www.properstar.fr/annonce/104563837,appartement,"Appartement à vendre à Jardins de Carthage, Tunisie",Appartement • 4 pce(s) • 3 chambres • 2 sdb • 209 m² • réf: 1048004031-86,El Bouhaira,257 509 €,36.856679,10.29487,4,3,209 m²,209 m²,1.0,,,Appartement,,,,,3,2,3,,2,,,,,,,,1.0,2016,,,,,,,,,,,,,,,,
https://www.properstar.fr/annonce/105483147,appartement,"Appartement à vendre à Hammam Ghezèze, Tunisie",Appartement • 3 pce(s) • 2 chambres • 1 sdb • 120 m² • 21ème étage • réf: 1048015053-4,Ezzahra,70 230 €,36.901686,11.102296,3,1,120 m²,120 m²,,1.0,,Appartement,,,,,2,1,1,4,1,,,,,1.0,,1.0,1.0,2017,,,,,,,,,,,,,,,,
https://www.properstar.fr/annonce/105404227,appartement,À Vendre – Penthouse d'Exception à Khezama avec Vue Panoramique Mer,Appartement • 4 pce(s) • 4 chambres • 8ème étage • réf: 85766924,Sousse,380 411 €,35.824503,10.634584,4,,,183 m²,1.0,1.0,1.0,Appartement,Neuf,"Radiateur, Commun, Gaz","Chaudière, Individuel",Drainage principal,4,,,,,,,1.0,,,,,1.0,2023,,,1.0,,,,,,,,,,,,,
https://www.properstar.fr/annonce/105346307,appartement,"Appartement à vendre à Hammamet, Tunisie",Appartement • 5 pce(s) • 3 chambres • 3 sdb • 235 m² • 15ème étage • réf: 1048015019-169,Hammamet,181 427 €,36.407257,10.622471,5,1,235 m²,235 m²,1.0,1.0,,Appartement,,,,,3,3,3,16,2,235 m²,1.0,1.0,1.0,1.0,,1.0,,2022,,,,,,,,,,,,,,,,
https://www.properstar.fr/annonce/105346306,appartement,"Appartement à vendre à Hammamet, Tunisie",Appartement • 5 pce(s) • 3 chambres • 3 sdb • 235 m² • réf: 1048015019-134,Hammamet,181 427 €,36.407257,10.622471,5,1,235 m²,235 m²,1.0,1.0,,Appartement,,,,,3,3,3,16,2,235 m²,1.0,1.0,1.0,1.0,,1.0,,2022,,,,,,,,,,,,,,,,
https://www.properstar.fr/annonce/105408909,appartement,🏡 À Vendre – Appartement Moderne S+1 | Résidence Sécurisée avec Piscine & Lac | Monastir,Appartement • 2 pce(s) • 56 m² • 1er étage • réf: 85767500,Monastir,127 584 €,35.764252,10.811288,2,,56 m²,,1.0,1.0,,Appartement,Bonne condition,"Air conditionné, Individuel","Réservoir à eau chaude, Individuel",,,,,,,,1.0,,,,,,,,,,1.0,Standard,,,,,,,,,,,,
https://www.properstar.fr/annonce/105483144,appartement,"Appartement à vendre à El Mourouj, Tunisie",Appartement • 4 pce(s) • 3 chambres • 1 sdb • 156 m² • réf: 1048033011-98,El Mourouj,0,36.713434,10.209552,4,6,156 m²,156 m²,,,,Appartement,,,,,3,1,1,,1,,,,,,,,,2020,,,,,,,,,,,,,,,,
https://www.properstar.fr/annonce/105511596,appartement,"Appartement à vendre à El Mourouj, Tunisie",Appartement • 3 pce(s) • 2 chambres • 1 sdb • 126 m² • réf: 1048033011-101,El Mourouj,76 082 €,36.713434,10.209552,3,4,126 m²,126 m²,,,,Appartement,,,,,2,1,,,,,,,,,,,,2020,,,,,,,,,,,,,,,,
https://www.properstar.fr/annonce/105174598,appartement,Appartement S+2 à Kantaoui,Appartement • 3 pce(s) • 2 chambres • 90 m² • 2ème étage • réf: 85719454,Akouda,81 935 €,35.915833,10.563368,3,3,90 m²,110 m²,,1.0,,Appartement,Bonne condition,"Chauffage central, Commun, Gaz","Chaudière, Individuel",Fosse sceptique,2,,,,,,,,,,,,,2012,,,1.0,,,,,,,,,,,,,
https://www.properstar.fr/annonce/105511594,appartement,"Appartement à vendre à Manouba, Tunisie",Appartement • 174 m² • réf: 1048044005-16,Manouba,102 418 €,36.809328,10.086327,,,174 m²,174 m²,,,,,,,,,,,,,,174 m²,,,,,,,,,,,,,,,,,,,,,,,,
https://www.properstar.fr/annonce/105418132,appartement,"Appartement à vendre à Ariana, Tunisie",Appartement • 2 pce(s) • 1 chambres • 1 sdb • 59 m² • réf: 1048026030-14,Ariana,54 135 €,36.866537,10.164723,2,4,59 m²,59 m²,,1.0,,Appartement,,,,,1,1,,,2,,1.0,,,,,,,2012,,,,,,,,,,,,,,,,
https://www.properstar.fr/annonce/103731758,appartement,"Appartement à vendre à Tunis, Tunisie",Appartement • 3 pce(s) • 2 chambres • 96 m² • réf: 1048033018-29,Tunis,54 135 €,36.806495,10.181532,3,2,96 m²,96 m²,,,,Appartement,,,,,2,,,,,,,,,,,,,1983,,,,,,,,,,,,,,,,
https://www.properstar.fr/annonce/99484805,appartement,À Vendre : Appartement S+2 Meublé - Zone Touristique de Sousse,Appartement • 3 pce(s) • réf: 4254547,Sousse,114 123 €,35.824503,10.634584,3,4,,118 m²,1.0,,,Appartement,Bonne condition,"Chauffage central, Individuel, Gaz","Chaudière, Individuel",,,,,,,,,,,1.0,1.0,,,,,,1.0,Standard,,,,,,,,,,,,
https://www.properstar.fr/annonce/99399344,appartement,À vendre : Appartement S+3 à Panorama,Appartement • 4 pce(s) • 3ème étage • réf: 84204457,Sousse,49 746 €,35.824503,10.634584,4,,,132 m²,,,,Appartement,Bonne condition,"Chauffage central, Commun",Individuel,Drainage principal,,,,,,,,,,,,,,,,1.0,,Standard,,,,,,,,,,,,
https://www.properstar.fr/annonce/105294677,appartement,À Vendre : Magnifique Appartement S+3 à Marina Kantaoui,Appartement • 4 pce(s) • 3 chambres • 98 m² • 1er étage • réf: 85756624,Akouda,175 574 €,35.915833,10.563368,4,2,98 m²,111 m²,,1.0,1.0,Appartement,Excellente condition,"Chauffage central, Individuel, Gaz","Réservoir à eau chaude, Individuel",Drainage principal,3,,,,,,,,1.0,1.0,1.0,,,2000,,1.0,,,,,1.0,1.0,,,,,,,,
https://www.properstar.fr/annonce/105294677,appartement,À Vendre : Magnifique Appartement S+3 à Marina Kantaoui,Appartement • 4 pce(s) • 3 chambres • 98 m² • 1er étage • réf: 85756624,Akouda,175 574 €,35.915833,10.563368,4,2,98 m²,111 m²,,1.0,1.0,Appartement,Excellente condition,"Chauffage central, Individuel, Gaz","Réservoir à eau chaude, Individuel",Drainage principal,3,,,,,,,,1.0,1.0,1.0,,,2000,,1.0,,,,,1.0,1.0,,,,,,,,
https://www.properstar.fr/annonce/99484856,appartement,À Vendre : Magnifique Appartement S+2 Entièrement Meublé à Tantana,Appartement • 3 pce(s) • Rez-de-chaussée • réf: 4713599,Chott Meriam,136 070 €,35.933487,10.546488,3,,,120 m²,,1.0,1.0,Appartement,Neuf,"Chauffage central, Individuel, Eau chaude","Chaudière, Individuel",Drainage principal,,,,,,,,,,1.0,,,,,,,1.0,Très luxueux,,,,,,,,,,,,
https://www.properstar.fr/annonce/105236532,appartement,"Appartement à vendre à Tunis, Tunisie",Appartement • 5 pce(s) • 4 chambres • 1 sdb • 124 m² • 30ème étage • réf: 1048015050-29,El Manar 2,93 640 €,36.839179,10.157721,5,1,124 m²,124 m²,,,,Appartement,,,,,4,1,1,,,,,1.0,,,,,,1996,,,,,,,,,,,,,,,,
https://www.properstar.fr/annonce/103571576,appartement,Appartement S+2 zone Bouhsina,Appartement • 3 pce(s) • 80 m² • Rez-de-chaussée • réf: 85587882,Sousse,70 230 €,35.834273,10.624582,3,,80 m²,130 m²,,1.0,,Appartement,Neuf,"Air conditionné, Individuel","Chaudière, Individuel",Drainage principal,,,,,,,,,1.0,1.0,,,,,,1.0,1.0,Très luxueux,2023,,,1.0,,,,,,,,
https://www.properstar.fr/annonce/105199791,appartement,Appartement S+2 à Vendre,Appartement • 103 m² • 2ème étage • réf: 85723825,Sousse,132 523 €,35.824503,10.634584,,,103 m²,,1.0,1.0,1.0,Appartement,Neuf,"Radiateur, Commun, Gaz","Chaudière, Individuel",Drainage principal,,,,,,,1.0,,1.0,,,,,,,1.0,1.0,Très luxueux,2026,,1.0,,,,,,,,,
https://www.properstar.fr/annonce/105236531,appartement,"Appartement à vendre à El Kram, Tunisie",Appartement • 2 pce(s) • 1 chambres • 1 sdb • 114 m² • réf: 1048004048-23,El Kram,89 250 €,36.85488,10.299279,2,1,114 m²,114 m²,1.0,1.0,,Appartement,,,,,1,1,1,,1,,1.0,,1.0,,,,1.0,2025,,,,,,,,,,,,,,,,
https://www.properstar.fr/annonce/105334127,appartement,"Appartement à vendre à Tunis, Tunisie",Appartement • 3 pce(s) • 2 chambres • 1 sdb • 62 m² • 21ème étage • réf: 1048038036-2,Tunis,49 746 €,36.836647,10.19484,3,1,62 m²,62 m²,,,,Appartement,,,,,2,1,,1,2,62 m²,,,1.0,,,,1.0,1981,,,,,,,,,,,,,,,,
https://www.properstar.fr/annonce/105209597,appartement,"Appartement à vendre à Kélibia, Tunisie",Appartement • 3 pce(s) • 6 chambres • 3 sdb • 290 m² • 28ème étage • réf: 1048015053-2,Kélibia,117 049 €,36.84616,11.099467,3,1,290 m²,290 m²,,1.0,,Appartement,,,,,6,3,4,3,3,140 m²,,1.0,,1.0,,,1.0,2015,,,,,,,,,,,,,,,,
https://www.properstar.fr/annonce/102565687,appartement,Appartement S+1 à vendre à Nabeul,Appartement • 3 pce(s) • 90 m² • 2ème étage • réf: 3175216,Nabeul,55 880 €,36.451289,10.735663,3,2,90 m²,80 m²,,1.0,,Appartement,Bonne condition,Chauffage central,Individuel,Drainage principal,,,,,,,,,,,,,,,,,,Standard,,,,,,,,,,,,
https://www.properstar.fr/annonce/105209596,appartement,"Appartement à vendre à Ariana, Tunisie",Appartement • 5 pce(s) • 4 chambres • 2 sdb • 140 m² • réf: 1048015049-6,Ariana,102 418 €,36.866537,10.164723,5,4,140 m²,140 m²,1.0,1.0,,Appartement,,,,,4,2,2,,,,1.0,1.0,,,,1.0,1.0,2018,,,,,,,,,,,,,,,,
https://www.properstar.fr/annonce/105304673,appartement,"Appartement à vendre à Hammamet, Tunisie",Appartement • 3 pce(s) • 2 chambres • 1 sdb • 160 m² • réf: 1048042017-59,Hammamet,64 377 €,36.425564,10.507114,3,,160 m²,160 m²,,1.0,,Appartement,,,,,2,1,,,1,160 m²,,,1.0,,,,,2008,,,,,,,,,,,,,,,,
https://www.properstar.fr/annonce/105236528,appartement,"Appartement à vendre à Ariana, Tunisie",Appartement • 4 pce(s) • 3 chambres • 175 m² • réf: 1048026030-16,Ariana,117 049 €,36.866537,10.164723,4,1,175 m²,175 m²,,1.0,,Appartement,,,,,3,,,,1,,1.0,1.0,1.0,,,,,2001,,,,,,,,,,,,,,,,
https://www.properstar.fr/annonce/105263182,appartement,"Appartement à vendre à Tunis, Tunisie",Appartement • 2 pce(s) • 1 chambres • 1 sdb • 100 m² • 30ème étage • réf: 1048015050-31,Tunis,61 451 €,36.806495,10.181532,2,1,100 m²,100 m²,,,,Appartement,,,,,1,1,1,,,100 m²,,1.0,,,,,,2000,,,,,,,,,,,,,,,,
https://www.properstar.fr/annonce/99484787,appartement,A vendre un appartement S+4 à corniche,Appartement • 5 pce(s) • 150 m² • 3ème étage • réf: 82605993,Sousse,90 421 €,35.824503,10.634584,5,,150 m²,,,,,Appartement,Bonne condition,"Chauffage central, Commun, Eau chaude",Individuel,Drainage principal,,,,,,,,,1.0,,,,,,,,,Standard,,,,,,,,,,,,
https://www.properstar.fr/annonce/105263181,appartement,"Appartement à vendre à El Kram, Tunisie",Appartement • 3 pce(s) • 2 chambres • 2 sdb • 152 m² • réf: 1048004058-18,El Kram,175 574 €,36.85488,10.299279,3,4,152 m²,152 m²,1.0,,,Appartement,,,,,2,2,1,,,,1.0,1.0,,,,,,2021,,,,,,,,,,,,,,,,
https://www.properstar.fr/annonce/99398966,appartement,Magnifique S+2 pieds dans l'eau a tantana,Appartement • 3 pce(s) • 2 chambres • 106 m² • 2ème étage • réf: 4036361,Chott Meriam,163 869 €,35.933487,10.546488,3,3,106 m²,118 m²,1.0,1.0,1.0,Appartement,Excellente condition,"Chauffage central, Commun, Gaz","Chaudière, Individuel",Drainage principal,2,,,,,,1.0,,,1.0,,,,2010,,,1.0,Luxe,,,1.0,,,,,,,,,
https://www.properstar.fr/annonce/99484733,appartement,Appartement S+2 à Tantana,Appartement • 3 pce(s) • 85 m² • 2ème étage • réf: 3222711,TanTana,101 394 €,35.918751,10.576029,3,2,85 m²,113 m²,1.0,1.0,1.0,Appartement,Excellente condition,Chauffage central,"Chaudière, Individuel",,,,,,,,1.0,,,1.0,1.0,,,,,,1.0,Luxe,,,,,,,,,,,,
https://www.properstar.fr/annonce/99484760,appartement,Bel appartement à vendre à Sousse - route touristique,Appartement • 3 pce(s) • 100 m² • 4ème étage • réf: 2402765,Sousse,117 969 €,35.824503,10.634584,3,7,100 m²,132 m²,,,,Appartement,Bonne condition,"Chauffage central, Individuel, Gaz","Chaudière, Individuel",Drainage principal,,,,,,,,,1.0,1.0,1.0,,,2011,,,,,,,,,,,,,,,,
https://www.properstar.fr/annonce/105294695,appartement,A vendre : Spacieux Appartement S+3 à Sahloul 2,Appartement • 4 pce(s) • 3 chambres • 132 m² • 2ème étage • réf: 85756492,Sousse,124 365 €,35.824503,10.634584,4,3,132 m²,171 m²,1.0,,1.0,Appartement,Bonne condition,"Chauffage central, Individuel, Eau chaude","Chaudière, Individuel",Fosse sceptique,3,,,,,,,,,,,,,2017,,,1.0,Très luxueux,2020,,,,,,,,,,,
https://www.properstar.fr/annonce/105263178,appartement,"Appartement à vendre à Ariana, Tunisie",Appartement • 4 pce(s) • 3 chambres • 1 sdb • 180 m² • réf: 1048026030-18,Ariana,144 849 €,36.866537,10.164723,4,2,180 m²,180 m²,,1.0,,Appartement,,,,,3,1,1,,1,,1.0,1.0,1.0,,,,,2008,,,,,,,,,,,,,,,,
https://www.properstar.fr/annonce/105294694,appartement,Appartement S+2 dans une résidence pieds dans l'eau,Appartement • 3 pce(s) • 2 chambres • 73 m² • 2ème étage • réf: 85720810,Chott Meriam,106 808 €,35.933487,10.546488,3,5,73 m²,80 m²,1.0,1.0,,Appartement,Neuf,"Radiateur, Individuel, Gaz","Chaudière, Individuel",Drainage principal,2,,,,,,,,,,,,,2025,,,,,,,,,,,,,,,,
https://www.properstar.fr/annonce/105263177,appartement,"Appartement à vendre à Ariana, Tunisie",Appartement • 5 pce(s) • 4 chambres • 1 sdb • 240 m² • réf: 1048026030-17,Ariana,131 681 €,36.866537,10.164723,5,4,240 m²,240 m²,,1.0,,Appartement,,,,,4,1,1,,1,240 m²,1.0,1.0,,,,,,2000,,,,,,,,,,,,,,,,
https://www.properstar.fr/annonce/105010196,appartement,"Appartement à vendre à Tunis, Tunisie",Appartement • 2 pce(s) • 1 chambres • 1 sdb • 70 m² • 4ème étage • réf: VA5707-HAMMAMET,Tunis,126 293 €,36.806495,10.181532,2,,70 m²,,1.0,,,Appartement,,Gaz,,,1,1,,,,,,,,,,,,,,,,,,,,,,,,,,,,
https://www.properstar.fr/annonce/105062913,appartement,"Appartement à vendre à Tunis, Tunisie",Appartement • 4 pce(s) • 3 chambres • 2 sdb • 177 m² • 1er étage • réf: VA5718-HAMMAMET,Tunis,306 621 €,36.806495,10.181532,4,,177 m²,,1.0,,,Appartement,,Gaz,,,3,2,,,,,,,,,,,,,,,,,,,,,,,,,,,,
https://www.properstar.fr/annonce/105010195,appartement,"Appartement à vendre à Tunis, Tunisie",Appartement • 4 pce(s) • 3 chambres • 2 sdb • 158 m² • 2ème étage • réf: VA5708-HAMMAMET,Tunis,284 935 €,36.806495,10.181532,4,,158 m²,,1.0,,,Appartement,Neuf,Gaz,,,3,2,3,,,,,1.0,,,,,,,1,,,,,,,,,,,,,,,
https://www.properstar.fr/annonce/99398727,appartement,Appartement S+2 au Rez-de-Chaussée - West Carthage Residence,Appartement • 1 pce(s) • 72 m² • Rez-de-chaussée • réf: 85065938,El Kram,115 294 €,36.85488,10.299279,1,,72 m²,139 m²,1.0,1.0,1.0,Appartement,Neuf,"Chauffage central, Individuel, Gaz","Chaudière, Individuel",Drainage principal,,,,,,,1.0,,1.0,,,,,2024,,1.0,,Très luxueux,,,1.0,,1.0,,,,,,,
https://www.properstar.fr/annonce/105010194,appartement,"Appartement à vendre à Tunis, Tunisie",Appartement • 4 pce(s) • 3 chambres • 2 sdb • 177 m² • 4ème étage • réf: VA5710-HAMMAMET,Tunis,326 584 €,36.806495,10.181532,4,,177 m²,,1.0,,,Appartement,Neuf,Gaz,,,3,2,3,,,,,1.0,,,,,,,1,,,,,,,,,,,,,,,
https://www.properstar.fr/annonce/105101401,appartement,"Appartement à vendre à Hammamet, Tunisie",Appartement • 4 pce(s) • 3 chambres • 2 sdb • 160 m² • 1er étage • réf: VA5715-HAMMAMET,Hammamet,151 664 €,36.407257,10.622471,4,,160 m²,,,,,Appartement,Neuf,Gaz,,,3,2,,,,,,,,,,,1.0,,,,,,,,,,,,,,,,,
https://www.properstar.fr/annonce/105124664,appartement,"Appartement à vendre à El Kram, Tunisie",Appartement • 4 pce(s) • 3 chambres • 2 sdb • 153 m² • réf: 1048004058-16,El Kram,165 332 €,36.85488,10.299279,4,5,153 m²,153 m²,1.0,1.0,,Appartement,,,,,3,2,1,,,,,,,,,,1.0,2025,,,,,,,,,,,,,,,,
https://www.properstar.fr/annonce/105141129,appartement,Vente Appartement S+1 au Port El Kantaoui,Appartement • 2 pce(s) • 65 m² • 1er étage • réf: 85716695,Akouda,108 505 €,35.915833,10.563368,2,,65 m²,,,1.0,,Appartement,Excellente condition,"Air conditionné, Commun, Electrique","Réservoir à eau chaude, Individuel",Drainage principal,,,,,,,,,,1.0,,,,,,,,Luxe,,,,,,,,,,,,
https://www.properstar.fr/annonce/103920103,appartement,"Appartement à vendre à Nabeul, Tunisie",Appartement • 3 pce(s) • 2 chambres • 2 sdb • 123 m² • 5ème étage • réf: VA5499-HAMMAMET,Nabeul,111 426 €,36.451289,10.735663,3,,123 m²,,1.0,,,Appartement,,Gaz,,,2,2,2,,,,,,,,1.0,,1.0,,,,,,,,,,,,,,,,,
https://www.properstar.fr/annonce/105124662,appartement,,,,,,,,,,,,,,,,,,,,,,,,,,,,,,,,,,,,,,,,,,,,,,,,
https://www.properstar.fr/annonce/99484711,appartement,,,,,,,,,,,,,,,,,,,,,,,,,,,,,,,,,,,,,,,,,,,,,,,,
https://www.properstar.fr/annonce/105051889,appartement,,,,,,,,,,,,,,,,,,,,,,,,,,,,,,,,,,,,,,,,,,,,,,,,
https://www.properstar.fr/annonce/99398735,appartement,,,,,,,,,,,,,,,,,,,,,,,,,,,,,,,,,,,,,,,,,,,,,,,,
https://www.properstar.fr/annonce/105146542,appartement,Vente Appartement S+1 à El Kantaoui,Appartement • 2 pce(s) • 65 m² • Rez-de-chaussée • réf: 85716874,Akouda,102 477 €,35.915833,10.563368,2,,65 m²,78 m²,,1.0,,Appartement,Neuf,"Air conditionné, Commun, Electrique","Réservoir à eau chaude, Individuel",Drainage principal,,,,,,,,,,1.0,1.0,,,,,,,Luxe,2025,,,,,,,,,,,
https://www.properstar.fr/annonce/99398719,appartement,"Appartement à vendre à El Kram, Tunisie",Appartement • 2 pce(s) • 138 m² • Rez-de-chaussée • réf: 85068983,El Kram,244 341 €,36.85488,10.299279,2,,138 m²,,1.0,1.0,1.0,,,,,,,,,,,,1.0,,1.0,,,,,,,1.0,,,,,1.0,,1.0,,,,,,,
https://www.properstar.fr/annonce/102620499,appartement,"Appartement à vendre à Hammamet, Tunisie",Appartement • 3 pce(s) • 2 chambres • 1 sdb • 100 m² • 1er étage • réf: VA4903-HAMMAMET,Hammamet,102 141 €,36.407257,10.622471,3,,100 m²,,1.0,,,Appartement,,Gaz,,,2,1,1,,,,,1.0,,,,,,,1,,,,,,,,,,,,,,,
https://www.properstar.fr/annonce/105062915,appartement,"Appartement à vendre à Tunis, Tunisie",Appartement • 3 pce(s) • 2 chambres • 1 sdb • 88 m² • 2ème étage • réf: VA5705-HAMMAMET,Tunis,153 813 €,36.806495,10.181532,3,,88 m²,,,,,Appartement,Neuf,Gaz,,,2,1,1,,,,,,,,,,,,,,,,,,,,,,,,,,,
https://www.properstar.fr/annonce/105010197,appartement,"Appartement à vendre à Tunis, Tunisie",Appartement • 3 pce(s) • 2 chambres • 1 sdb • 87 m² • 2ème étage • réf: VA5704-HAMMAMET,Tunis,154 796 €,36.806495,10.181532,3,,87 m²,,1.0,,,Appartement,Neuf,Gaz,,,2,1,,,,,,1.0,,,,,,,,,,,,,,,,,,,,,,
https://www.properstar.fr/annonce/105062914,appartement,"Appartement à vendre à Tunis, Tunisie",Appartement • 2 pce(s) • 1 chambres • 1 sdb • 65 m² • 2ème étage • réf: VA5716-HAMMAMET,Tunis,113 392 €,36.806495,10.181532,2,,65 m²,,,,,Appartement,Neuf,Gaz,,,1,1,1,,,,,,,,,,,,,,,,,,,,,,,,,,,
https://www.properstar.fr/annonce/105062941,appartement,"Appartement à vendre à Nabeul, Tunisie",Appartement • 3 pce(s) • 2 chambres • 1 sdb • 106 m² • 2ème étage • réf: VA4577-HAMMAMET,Nabeul,121 393 €,36.451289,10.735663,3,,106 m²,,1.0,,,Appartement,Neuf,Gaz,,,2,1,,,,,,1.0,,,1.0,,,,,,,,,,,,,,,,,,,
https://www.properstar.fr/annonce/104773616,appartement,À VENDRE – Appartement S+3 dans un emplacement stratégique,Appartement • 4 pce(s) • 3 chambres • 113 m² • 3ème étage • réf: 85676734,La Soukra,87 407 €,36.885888,10.248797,4,,113 m²,130 m²,,1.0,,Appartement,Bonne condition,"Radiateur, Commun","Chaudière, Individuel",Fosse sceptique,3,,,,,,,,,,,,,2000,,,1.0,Standard,,,,,,,,,,,,
https://www.properstar.fr/annonce/104881836,appartement,"Appartement à vendre à Akouda, Tunisie",Appartement • 4 pce(s) • 3 chambres • 2 sdb • 138 m² • réf: 1048026032-16,Akouda,134 607 €,35.915833,10.563368,4,2,138 m²,138 m²,1.0,,,Appartement,,,,,3,2,2,1,2,,1.0,1.0,1.0,,,,1.0,2013,,,,,,,,,,,,,,,,
https://www.properstar.fr/annonce/104881846,appartement,"Appartement à vendre à El Kram, Tunisie",Appartement • 3 pce(s) • 2 chambres • 1 sdb • 95 m² • réf: 1048026027-31,El Kram,64 377 €,36.85488,10.299279,3,3,95 m²,95 m²,,,,Appartement,,,,,2,1,1,,,,1.0,1.0,1.0,,,1.0,,2005,,,,,,,,,,,,,,,,
https://www.properstar.fr/annonce/104352706,appartement,"Appartement à vendre à Manouba, Tunisie",Appartement • 4 pce(s) • 3 chambres • 1 sdb • 466 m² • 21ème étage • réf: 1048032019-50,Manouba,181 427 €,36.809328,10.086327,4,,466 m²,466 m²,,,,Appartement,,,,,3,1,1,,2,466 m²,1.0,,,1.0,,,1.0,1987,,,,,,,,,,,,,,,,
https://www.properstar.fr/annonce/104773612,appartement,S1 en vente Sahloul,Appartement • 2 pce(s) • 73 m² • 7ème étage • réf: 85676710,Sousse,75 365 €,35.824503,10.634584,2,7,73 m²,73 m²,1.0,1.0,1.0,Appartement,Neuf,"Radiateur, Commun, Gaz","Chaudière, Individuel",Drainage principal,,,,,,,,,,,,,,,,,1.0,Luxe,2025,,,,,,,,,,,
https://www.properstar.fr/annonce/104913921,appartement,"Appartement à vendre à Ariana, Tunisie",Appartement • 3 pce(s) • 2 chambres • 1 sdb • 118 m² • réf: 1048033011-91,Ariana,0,36.866537,10.164723,3,2,118 m²,118 m²,,,,Appartement,,,,,2,1,1,5,1,,,,,,,,,2007,,,,,,,,,,,,,,,,
https://www.properstar.fr/annonce/104556349,appartement,Appartement à vendre Sahloul,Appartement • 3 pce(s) • 98 m² • 3ème étage • réf: 85661869,Sousse,106 998 €,35.824503,10.634584,3,8,98 m²,128 m²,1.0,1.0,,Appartement,Neuf,"Radiateur, Commun, Gaz","Chaudière, Individuel",Drainage principal,,,,,,,1.0,,,,,,,2025,,,1.0,Luxe,,,,,,,,,,,,
https://www.properstar.fr/annonce/104828020,appartement,Appartement S+2 avec suite parentale à vendre – Sahloul 4,Appartement • 3 pce(s) • 100 m² • 9ème étage • réf: 85687079,Sousse,102 418 €,35.824503,10.634584,3,,100 m²,120 m²,1.0,,,Appartement,Excellente condition,"Radiateur, Commun, Electrique","Chaudière, Individuel",Drainage principal,,,,,,,,,,,,,,,,1.0,,,,,,,,,,,,,,
https://www.properstar.fr/annonce/104881830,appartement,"Appartement à vendre à Sousse, Tunisie",Appartement • 3 pce(s) • 2 chambres • 1 sdb • 150 m² • réf: 1048026032-15,Sousse,109 734 €,35.824503,10.634584,3,8,150 m²,150 m²,1.0,,,Appartement,,,,,2,1,2,20,1,,1.0,1.0,1.0,,,,1.0,2023,,,,,,,,,,,,,,,,
https://www.properstar.fr/annonce/104881840,appartement,"Appartement à vendre à Chott mariem, Tunisie",Studio • 2 pce(s) • 1 chambres • 1 sdb • 65 m² • réf: 1048026032-25,Chott Meriam,54 135 €,35.933487,10.546488,2,,65 m²,65 m²,1.0,1.0,,Appartement,,,,,1,1,1,,,60 m²,1.0,1.0,,,,,,2022,,,,,,,,,,,,,,,,
https://www.properstar.fr/annonce/104798733,appartement,S+3 Rez-de-chaussée à Vendre,Appartement • 4 pce(s) • 140 m² • Rez-de-chaussée • réf: 85680394,TanTana,192 897 €,35.918751,10.576029,4,5,140 m²,302 m²,1.0,1.0,1.0,Appartement,Neuf,"Radiateur, Commun, Gaz","Chaudière, Individuel",Drainage principal,,,,,,,1.0,,,,,,,,,1.0,1.0,Très luxueux,,,,,,,,,,,,
https://www.properstar.fr/annonce/104817539,appartement,"Appartement à vendre à Nabeul, Tunisie",Appartement • 2 pce(s) • 1 chambres • 1 sdb • 62 m² • 5ème étage • réf: VA5696-HAMMAMET,Nabeul,72 922 €,36.451289,10.735663,2,,62 m²,,1.0,,,Appartement,Neuf,Gaz,,,1,1,,,,,,1.0,,,1.0,,,,,,,,,,,,,,,,,,,
https://www.properstar.fr/annonce/104947758,appartement,"Appartement à vendre à Hammamet, Tunisie",Appartement • 3 pce(s) • 2 chambres • 1 sdb • 108 m² • 1er étage • réf: VA4542-HAMMAMET,Hammamet,95 950 €,36.407257,10.622471,3,,108 m²,,1.0,,,Appartement,,Gaz,,,2,1,2,,,,,1.0,,,1.0,,,,1,,,,,,,,,,,,,,,
https://www.properstar.fr/annonce/104176648,appartement,"Appartement à vendre à El Kram, Tunisie",Appartement • 3 pce(s) • 2 chambres • 2 sdb • 131 m² • réf: 1048004048-14,El Kram,161 001 €,36.85488,10.299279,3,1,131 m²,131 m²,1.0,1.0,,Appartement,,,,,2,2,1,,1,,1.0,1.0,1.0,,,,,2025,,,,,,,,,,,,,,,,
https://www.properstar.fr/annonce/104840448,appartement,"Appartement à vendre à Ariana, Tunisie",Appartement • 4 pce(s) • 3 chambres • 1 sdb • 117 m² • réf: 1048033018-40,Ariana,0,36.866537,10.164723,4,3,117 m²,117 m²,,,,Appartement,,,,,3,1,1,6,1,117 m²,,,,,,,,2025,,,,,,,,,,,,,,,,
https://www.properstar.fr/annonce/104881837,appartement,"Appartement à vendre à Tunis, Tunisie",Appartement • 3 pce(s) • 2 chambres • 2 sdb • 107 m² • réf: 1048026032-27,Tunis,115 586 €,36.806495,10.181532,3,4,107 m²,107 m²,1.0,,,Appartement,,,,,2,2,2,,1,102 m²,1.0,,,,1.0,,,2016,,,,,,,,,,,,,,,,
https://www.properstar.fr/annonce/103562365,appartement,Appartement S+2 à Kantaoui – À ne pas manquer !,Appartement • 3 pce(s) • 60 m² • Rez-de-chaussée • réf: 85587801,Akouda,79 008 €,35.915833,10.563368,3,,60 m²,60 m²,,,,Appartement,Bonne condition,"Air conditionné, Individuel, Electrique","Chaudière, Individuel",Drainage principal,,,,,,,,,,1.0,,,,,,,1.0,Luxe,,,,,,,,,,,,
https://www.properstar.fr/annonce/104748585,appartement,"Appartement à vendre à La Soukra, Tunisie",Appartement • 3 pce(s) • 2 chambres • 1 sdb • 114 m² • réf: 1048028006-167,La Soukra,122 112 €,36.885888,10.248797,3,1,114 m²,114 m²,,1.0,,Appartement,,,,,2,1,1,,1,,,,1.0,,,1.0,,2024,,,,,,,,,,,,,,,,
https://www.properstar.fr/annonce/99484607,appartement,Appartement S+2 en vente - Direct promoteur,Appartement • 3 pce(s) • 150 m² • 4ème étage • réf: 84673262,Sousse,102 477 €,35.824503,10.634584,3,,150 m²,,1.0,1.0,1.0,Appartement,Neuf,"Air conditionné, Individuel, Eau chaude","Chaudière, Individuel",,,,,,,,1.0,,,,,,,,,,1.0,Luxe,2023,,,,,,,,,,,
https://www.properstar.fr/annonce/103787334,appartement,"Appartement à vendre à Ariana, Tunisie",Appartement • 2 pce(s) • 1 chambres • 1 sdb • 60 m² • réf: 1048026027-29,Ariana,65 840 €,36.866537,10.164723,2,1,60 m²,60 m²,1.0,,,Appartement,,,,,1,1,1,16,,,1.0,,1.0,,,,,2025,,,,,,,,,,,,,,,,
https://www.properstar.fr/annonce/104575251,appartement,"Appartement à vendre à La Soukra, Tunisie",Appartement • 4 pce(s) • 3 chambres • 2 sdb • 171 m² • réf: 1048044003-83,La Soukra,204 836 €,36.885888,10.248797,4,1,171 m²,171 m²,1.0,,,Appartement,,,,,3,2,2,,2,,1.0,1.0,,,,,,2019,,,,,,,,,,,,,,,,
https://www.properstar.fr/annonce/104589741,appartement,"Appartement à vendre à Ariana, Tunisie",Appartement • 3 pce(s) • 2 chambres • 1 sdb • 107 m² • 30ème étage • réf: 1048033003-128,Ariana,99 492 €,36.866537,10.164723,3,2,107 m²,107 m²,1.0,,,Appartement,,,,,2,1,,,,,1.0,1.0,1.0,,,,,2020,,,,,,,,,,,,,,,,
https://www.properstar.fr/annonce/104686720,appartement,"Appartement à vendre à Sousse, Tunisie",Appartement • 3 pce(s) • 2 chambres • 1 sdb • 70 m² • réf: 1048015050-26,Sousse,46 820 €,35.824503,10.634584,3,1,70 m²,70 m²,,,,Appartement,,,,,2,1,1,2,1,70 m²,,,,1.0,,,,2008,,,,,,,,,,,,,,,,
https://www.properstar.fr/annonce/104437920,appartement,"Appartement à vendre à Djerba - Houmt Souk, Tunisie",Appartement • 5 pce(s) • 2 chambres • 1 sdb • 130 m² • réf: 1048030010-69,Mellita,64 377 €,33.869733,10.766163,5,1,130 m²,130 m²,,,,Appartement,,,,,2,1,1,1,,,,,,,,,,2025,,,,,,,,,,,,,,,,
https://www.properstar.fr/annonce/104580853,appartement,Appartement à vendre Sahloul,Appartement • 3 pce(s) • 118 m² • 5ème étage • réf: 85662426,Sousse,131 110 €,35.824503,10.634584,3,8,118 m²,136 m²,1.0,1.0,,Appartement,Neuf,"Radiateur, Commun, Gaz","Chaudière, Individuel",Drainage principal,,,,,,,1.0,,,,,,,2025,,,1.0,Luxe,,,,,,,,,,,,
https://www.properstar.fr/annonce/104624603,appartement,"Appartement à vendre à El Kram, Tunisie",Appartement • 3 pce(s) • 2 chambres • 2 sdb • 121 m² • réf: 1048004058-12,El Kram,149 238 €,36.85488,10.299279,3,8,121 m²,121 m²,1.0,,,Appartement,,,,,2,2,1,,,,1.0,,,,,,1.0,2025,,,,,,,,,,,,,,,,
https://www.properstar.fr/annonce/101754088,appartement,"Appartement à vendre à Tunis, Tunisie",Appartement • 4 pce(s) • 3 chambres • 1 sdb • 120 m² • réf: 1048007084-381,Tunis,42 430 €,36.806495,10.181532,4,2,120 m²,120 m²,,,,Appartement,,,,,3,1,,,,,,,,,,,,1990,,,,,,,,,,,,,,,,
https://www.properstar.fr/annonce/104624602,appartement,"Appartement à vendre à El Kram, Tunisie",Appartement • 3 pce(s) • 2 chambres • 2 sdb • 118 m² • réf: 1048004058-13,El Kram,146 312 €,36.85488,10.299279,3,8,118 m²,118 m²,1.0,,,Appartement,,,,,2,2,1,,,,1.0,,,,,,1.0,2025,,,,,,,,,,,,,,,,
https://www.properstar.fr/annonce/104614485,appartement,S1 en vente Sahloul,Appartement • 2 pce(s) • 50 m² • 7ème étage • réf: 85668732,Sousse,63 543 €,35.824503,10.634584,2,7,50 m²,150 m²,1.0,1.0,1.0,Appartement,Neuf,"Radiateur, Commun, Gaz","Chaudière, Individuel",Drainage principal,,,,,,,,,,,,,,,,,1.0,Luxe,,,,,,,,,,,,
https://www.properstar.fr/annonce/99484911,appartement,Appartement S+2 en vente - Direct promoteur,Appartement • 3 pce(s) • 132 m² • 4ème étage • réf: 84673244,Sousse,87 407 €,35.824503,10.634584,3,,132 m²,,1.0,1.0,1.0,Appartement,Neuf,"Air conditionné, Individuel, Eau chaude","Chaudière, Individuel",,,,,,,,1.0,,,,,,,,,,1.0,Luxe,2023,,,,,,,,,,,
https://www.properstar.fr/annonce/104409743,appartement,"Appartement à vendre à Gammarth, Tunisie",Loft • 6 pce(s) • 5 chambres • 5 sdb • 354 m² • réf: 1048004048-15,Gammarth,406 747 €,36.917304,10.285253,6,2,354 m²,354 m²,1.0,,,Appartement,,,,,5,5,2,5,3,,1.0,1.0,,,1.0,,1.0,2024,,,,,,,,,,,,,,,,
https://www.properstar.fr/annonce/102753772,appartement,"Appartement à vendre à Jardins de Carthage, Tunisie",Appartement • 2 pce(s) • 1 chambres • 1 sdb • 103 m² • réf: 1048004031-70,Jardins De Carthage,125 828 €,36.852462,10.296473,2,9,103 m²,103 m²,1.0,,,Appartement,,,,,1,1,1,,,,1.0,1.0,,,,,,2019,,,,,,,,,,,,,,,,
https://www.properstar.fr/annonce/104500816,appartement,"Appartement à vendre à Ariana, Tunisie",Appartement • 4 pce(s) • 2 chambres • 64 m² • 6ème étage • réf: 1048033016-8,Ariana,0,36.866537,10.164723,4,4,64 m²,64 m²,,1.0,,Appartement,,,,,2,,2,,,,1.0,1.0,1.0,,,,1.0,2020,,,,,,,,,,,,,,,,
https://www.properstar.fr/annonce/99399170,appartement,Appartement Neuf de 155 m² à Sahloul 4 — Opportunité Direct Promoteur,Appartement • 4 pce(s) • 3 chambres • 135 m² • 3ème étage • réf: 82302983,Sousse,172 355 €,35.824503,10.634584,4,5,135 m²,155 m²,1.0,1.0,1.0,Appartement,Neuf,"Chauffage central, Individuel, Gaz","Chaudière, Individuel",Drainage principal,3,,,,,,1.0,,1.0,,,,1.0,2025,,1.0,,,,,,,1.0,,,,,,,
https://www.properstar.fr/annonce/103697711,appartement,"Appartement à vendre à La Soukra, Tunisie",Appartement • 1 pce(s) • 1 chambres • 1 sdb • 84 m² • réf: 1048033019-10,La Soukra,92 176 €,36.885888,10.248797,1,1,84 m²,84 m²,,,,Appartement,,,,,1,1,1,,,,,,,,,,,2018,,,,,,,,,,,,,,,,
https://www.properstar.fr/annonce/104395389,appartement,"Appartement à vendre à Ennasr 1-2, Tunisie",Duplex • 4 pce(s) • 3 chambres • 1 sdb • 169 m² • 2ème étage • réf: 1048033016-25,Ennasr 1,143 386 €,36.858308,10.167525,4,1,169 m²,169 m²,,,,Appartement,,,,,3,1,2,1,2,169 m²,1.0,,1.0,,,,1.0,2000,,,,,,,,,,,,,,,,
https://www.properstar.fr/annonce/104563830,appartement,"Appartement à vendre à Kélibia, Tunisie",Appartement • 4 pce(s) • 2 chambres • 2 sdb • 160 m² • réf: 1048015019-166,Kélibia,87 787 €,36.84616,11.099467,4,2,160 m²,160 m²,,1.0,,Appartement,,,,,2,2,2,6,,,,,,,,,,2025,,,,,,,,,,,,,,,,
https://www.properstar.fr/annonce/104437918,appartement,"Appartement à vendre à Hammamet, Tunisie",Appartement • 4 pce(s) • 3 chambres • 1 sdb • 137 m² • 28ème étage • réf: 1048042017-52,Hammamet,0,36.407257,10.622471,4,1,137 m²,137 m²,,1.0,,Appartement,,,,,3,1,1,,,,,,1.0,,,,1.0,2010,,,,,,,,,,1.0,,,,,,
https://www.properstar.fr/annonce/104533858,appartement,"Appartement à vendre à Manouba, Tunisie",Appartement • 3 pce(s) • 2 chambres • 1 sdb • 110 m² • réf: 1048032019-52,Manouba,79 008 €,36.809328,10.086327,3,2,110 m²,110 m²,1.0,,,Appartement,,,,,2,1,1,25,1,,1.0,1.0,,,,,1.0,2022,,,,,,,,,,,,,,,,
https://www.properstar.fr/annonce/104190323,appartement,,,,,,,,,,,,,,,,,,,,,,,,,,,,,,,,,,,,,,,,,,,,,,,,
https://www.properstar.fr/annonce/104244542,appartement,,,,,,,,,,,,,,,,,,,,,,,,,,,,,,,,,,,,,,,,,,,,,,,,
https://www.properstar.fr/annonce/104352707,appartement,,,,,,,,,,,,,,,,,,,,,,,,,,,,,,,,,,,,,,,,,,,,,,,,
https://www.properstar.fr/annonce/104244538,appartement,,,,,,,,,,,,,,,,,,,,,,,,,,,,,,,,,,,,,,,,,,,,,,,,
https://www.properstar.fr/annonce/104352705,appartement,"Appartement à vendre à Manouba, Tunisie",Appartement • 4 pce(s) • 3 chambres • 2 sdb • 168 m² • réf: 1048032019-51,Manouba,112 660 €,36.809328,10.086327,4,2,168 m²,168 m²,1.0,1.0,,Appartement,,,,,3,2,1,,,,1.0,1.0,,,,,1.0,2013,,,,,,,,,,,,,,,,
https://www.properstar.fr/annonce/104383704,appartement,"Appartement à vendre à Tunis, Tunisie",Appartement • 2 pce(s) • 1 chambres • 1 sdb • 75 m² • réf: 1048039018-19,Tunis,0,36.806495,10.181532,2,1,75 m²,75 m²,1.0,,,Appartement,,,,,1,1,,10,1,75 m²,1.0,1.0,,,,,1.0,2026,,,,,,,,,,,,,,,,
https://www.properstar.fr/annonce/104284330,appartement,"Appartement à vendre à Ariana, Tunisie",Appartement • 4 pce(s) • 3 chambres • 1 sdb • 180 m² • réf: 1048033011-83,Ariana,0,36.866537,10.164723,4,6,180 m²,180 m²,,,,Appartement,,,,,3,1,1,8,1,,,,,,,,,2010,,,,,,,,,,,,,,,,
https://www.properstar.fr/annonce/104383703,appartement,"Appartement à vendre à Tunis, Tunisie",Appartement • 3 pce(s) • 2 chambres • 1 sdb • 125 m² • 30ème étage • réf: 1048004060-46,Tunis,122 902 €,36.806495,10.181532,3,1,125 m²,125 m²,1.0,1.0,,Appartement,,,,,2,1,1,3,1,,1.0,1.0,1.0,,,,1.0,2023,,,,,,,,,,,,,,,,
https://www.properstar.fr/annonce/104383701,appartement,"Appartement à vendre à Ariana, Tunisie",Appartement • 4 pce(s) • 3 chambres • 1 sdb • 155 m² • réf: 1048044001-229,Ariana,112 660 €,36.866537,10.164723,4,4,155 m²,155 m²,1.0,1.0,,Appartement,,,,,3,1,1,,,,,,,,,,1.0,2011,,,,,,,,,,,,,,,,
https://www.properstar.fr/annonce/103968924,appartement,"Appartement à vendre à Bizerte, Tunisie",Appartement • 5 pce(s) • 2 chambres • 1 sdb • 104 m² • réf: 1048033022-27,Bizerte,102 418 €,37.274612,9.862724,5,1,104 m²,104 m²,,,,Appartement,,,,,2,1,1,,1,104 m²,1.0,1.0,,,,,1.0,2025,,,,,,,,,,,,,,,,
https://www.properstar.fr/annonce/103787343,appartement,"Appartement à vendre à Chott mariem, Tunisie",Studio • 2 pce(s) • 1 chambres • 1 sdb • 65 m² • réf: 1048035049-25,Chott Meriam,54 135 €,35.933487,10.546488,2,,65 m²,65 m²,1.0,1.0,,Appartement,,,,,1,1,1,,,60 m²,1.0,1.0,,,,,,2022,,,,,,,,,,,,,,,,
https://www.properstar.fr/annonce/104152692,appartement,"Appartement à vendre à El Mourouj, Tunisie",Appartement • 4 pce(s) • 3 chambres • 1 sdb • 150 m² • 21ème étage • réf: 1048032007-108,El Mourouj,0,36.713434,10.209552,4,,150 m²,150 m²,,1.0,,Appartement,,,,,3,1,1,,,150 m²,,,,1.0,,,1.0,2000,,,,,,,,,,1.0,,,,,,
https://www.properstar.fr/annonce/104101100,appartement,DUPLEX ET APPARTEMENT S3 DE HAUT STANDING A VENDRE A RIADH El ANDALOUS ARIANA,Appartement • 4 pce(s) • 119 m² • Rez-de-chaussée • réf: 85631149,Ariana,0,36.866537,10.164723,4,2,119 m²,,,1.0,1.0,Appartement,Neuf,"Chauffage central, Individuel","Chaudière, Individuel",,,,,,,,,,,,,,,2024,,,,Luxe,,,,,,,,,,,,
https://www.properstar.fr/annonce/104176656,appartement,"Appartement à vendre à El Mnihla, Tunisie",Appartement • 1 pce(s) • 45 m² • réf: 1048033021-24,El Mnihla,24 873 €,36.876188,10.114318,1,1,45 m²,45 m²,1.0,,,Appartement,,,,,,,,,,,1.0,,,,,,,2009,,,,,,,,,,,,,,,,
https://www.properstar.fr/annonce/99340878,appartement,"Appartement à vendre à Jardins de Carthage, Tunisie",Appartement • 5 pce(s) • 4 chambres • 2 sdb • 202 m² • 2ème étage • réf: 1048004031-54,El Bouhaira,210 689 €,36.856679,10.29487,5,1,202 m²,202 m²,1.0,1.0,,Appartement,,,,,4,2,3,,1,,1.0,,,,,,1.0,2013,,,,,,,,,,,,,,,,
https://www.properstar.fr/annonce/104064682,appartement,Appartement S+3 à Sahloul 4,Appartement • 4 pce(s) • 146 m² • 2ème étage • réf: 85628735,Sousse,128 754 €,35.824503,10.634584,4,,146 m²,,,1.0,1.0,,,,,,,,,,,,,,1.0,,,,,,,,,,,,,,1.0,,,,,,,
https://www.properstar.fr/annonce/104007812,appartement,"Appartement à vendre à Tunis, Tunisie",Appartement • 3 pce(s) • 2 chambres • 2 sdb • 107 m² • réf: 1048035049-27,Tunis,115 586 €,36.806495,10.181532,3,4,107 m²,107 m²,1.0,,,Appartement,,,,,2,2,2,,1,102 m²,1.0,,,,1.0,,,2016,,,,,,,,,,,,,,,,
https://www.properstar.fr/annonce/104007515,appartement,Appartements du 2 pièces a 4 pièces à Sahloul 4,Appartement • 1 pce(s) • 61 m² • 4ème étage • réf: 85624375,Sousse,60 280 €,35.824503,10.634584,1,,61 m²,,,1.0,1.0,,,,,,,,,,,,,,1.0,,,,,,,,,,,,,,1.0,,,,,,,
https://www.properstar.fr/annonce/102792550,appartement,A vendre appartement s+3 a Sahloul 4,Appartement • 4 pce(s) • 130 m² • 2ème étage • réf: 85497849,Sousse,122 902 €,35.824503,10.634584,4,,130 m²,,,,,Appartement,Neuf,Chauffage central,,,,,,,,,,,,,,,,2024,,,,Très luxueux,,,,,,,,,,,,
https://www.properstar.fr/annonce/104029257,appartement,,,,,,,,,,,,,,,,,,,,,,,,,,,,,,,,,,,,,,,,,,,,,,,,
https://www.properstar.fr/annonce/104064680,appartement,,,,,,,,,,,,,,,,,,,,,,,,,,,,,,,,,,,,,,,,,,,,,,,,
https://www.properstar.fr/annonce/104152686,appartement,,,,,,,,,,,,,,,,,,,,,,,,,,,,,,,,,,,,,,,,,,,,,,,,
https://www.properstar.fr/annonce/104152697,appartement,,,,,,,,,,,,,,,,,,,,,,,,,,,,,,,,,,,,,,,,,,,,,,,,
https://www.properstar.fr/annonce/104095403,appartement,Appartement S+2 à Vendre à Bohssina !,Appartement • 3 pce(s) • 60 m² • Rez-de-chaussée • réf: 85630147,Sousse,40 967 €,35.824503,10.634584,3,3,60 m²,60 m²,,,,Appartement,Bonne condition,"Chauffage central, Individuel, Gaz","Chaudière, Individuel",,,,,,,,,,,,,,,,,,,Standard,2025,,,,,,,,,,,
https://www.properstar.fr/annonce/101695332,appartement,"Appartement à vendre à Tunis, Tunisie",Appartement • 4 pce(s) • 3 chambres • 1 sdb • 114 m² • 2ème étage • réf: 1048026018-25,Tunis,77 545 €,36.806495,10.181532,4,3,114 m²,114 m²,,,,Appartement,,,,,3,1,1,1,1,,,1.0,,,,,,2000,,,,,,,,,,,,,,,,
https://www.properstar.fr/annonce/104152695,appartement,"Appartement à vendre à Korba, Tunisie",Studio • 2 pce(s) • 1 chambres • 1 sdb • 80 m² • réf: 1048042023-3,Korba,46 820 €,36.580607,10.86208,2,,80 m²,80 m²,,,,,,,,,1,1,,,,,,,,,,,,,,,,,,,,,,,,,,,,
https://www.properstar.fr/annonce/104038988,appartement,"Appartement à vendre à Ariana, Tunisie",Appartement • 3 pce(s) • 2 chambres • 1 sdb • 95 m² • réf: 1048015050-21,Ariana,52 672 €,36.866537,10.164723,3,2,95 m²,95 m²,,,,Appartement,,,,,2,1,1,,,95 m²,,,,,,,1.0,2005,,,,,,,,,,,,,,,,
https://www.properstar.fr/annonce/103868922,appartement,Appartement de Luxe S+2 à Vendre – Vue Imprenable sur la Mer,Appartement • 3 pce(s) • 80 m² • 3ème étage • réf: 85612056,Chott Meriam,122 902 €,35.933487,10.546488,3,4,80 m²,104 m²,,,,Appartement,Neuf,"Chauffage central, Individuel",Individuel,,,,,,,,1.0,,,,,,,,,,1.0,Très luxueux,,,,,,,,,,,,
https://www.properstar.fr/annonce/99484858,appartement,À Vendre : Appartement S+2 Meublé - Zone Touristique de Sousse,Appartement • 3 pce(s) • 4ème étage • réf: 2620493,Sousse,111 197 €,35.824503,10.634584,3,4,,118 m²,,,,Appartement,Bonne condition,"Radiateur, Individuel, Gaz","Chaudière, Individuel",,,,,,,,,,,,,,,,,,,Standard,,,,,,,,,,,,
https://www.properstar.fr/annonce/103932109,appartement,"Appartement S+2 de Luxe à Chott Mariem, Proche de la Mer",Appartement • 3 pce(s) • 80 m² • 1er étage • réf: 85618443,Chott Meriam,121 731 €,35.933487,10.546488,3,4,80 m²,104 m²,1.0,1.0,,Appartement,Neuf,"Chauffage central, Individuel",Individuel,,,,,,,,1.0,,1.0,,,,,,,1.0,1.0,Très luxueux,,,,,,,,,,,,
https://www.properstar.fr/annonce/103932109,appartement,"Appartement S+2 de Luxe à Chott Mariem, Proche de la Mer",Appartement • 3 pce(s) • 80 m² • 1er étage • réf: 85618443,Chott Meriam,121 731 €,35.933487,10.546488,3,4,80 m²,104 m²,1.0,1.0,,Appartement,Neuf,"Chauffage central, Individuel",Individuel,,,,,,,,1.0,,1.0,,,,,,,1.0,1.0,Très luxueux,,,,,,,,,,,,
https://www.properstar.fr/annonce/102565180,appartement,MAGNIFIQUE APPARTEMENT S+2 À VENDRE – ZONE TOURISTIQUE MONASTIR,Appartement • 3 pce(s) • 1er étage • réf: 3921047,Monastir,93 640 €,35.744713,10.788723,3,4,,91 m²,,1.0,1.0,Appartement,Bonne condition,"Chauffage central, Individuel, Eau chaude","Chaudière, Individuel",Drainage principal,,,,,,,1.0,,1.0,1.0,,,1.0,2008,,,1.0,Luxe,,,,,,,,,,,,
https://www.properstar.fr/annonce/103882177,appartement,"Appartement à vendre à La Soukra, Tunisie",Appartement • 3 pce(s) • 2 chambres • 2 sdb • 141 m² • réf: 1048028006-162,La Soukra,114 123 €,36.885888,10.248797,3,2,141 m²,141 m²,1.0,,,Appartement,,,,,2,2,2,,,,,,1.0,,,,1.0,2024,,,,,,,,,,,,,,,,
https://www.properstar.fr/annonce/103902182,appartement,JOLI APPARTEMENT S1 A VENRDE HAMMAMET,Appartement • 2 pce(s) • 85 m² • 1er étage • réf: 85614194,Hammamet,131 681 €,36.407257,10.622471,2,,85 m²,85 m²,,1.0,1.0,Appartement,Excellente condition,"Chauffage central, Individuel, Gaz","Chaudière, Individuel",,,,,,,,,,,,1.0,,,,,,,,,,,,,,,,,,,
https://www.properstar.fr/annonce/103944148,appartement,"Appartement à vendre à Ariana, Tunisie",Appartement • 5 pce(s) • 4 chambres • 2 sdb • 199 m² • 30ème étage • réf: 1048044001-224,Ariana,193 132 €,36.866537,10.164723,5,2,199 m²,199 m²,1.0,1.0,,Appartement,,,,,4,2,,,2,,1.0,1.0,,,,,1.0,2018,,,,,,,,,,1.0,,,,,,
https://www.properstar.fr/annonce/103812996,appartement,"Appartement à vendre à Tunis, Tunisie",Appartement • 4 pce(s) • 3 chambres • 120 m² • réf: 1048033018-30,Tunis,73 156 €,36.806495,10.181532,4,4,120 m²,120 m²,,,,Appartement,,,,,3,,,,1,,,,,,,,,2000,,,,,,,,,,,,,,,,
https://www.properstar.fr/annonce/99484684,appartement,À VENDRE : Appartement S+2 de 85 m² à Kantaoui,Appartement • 3 pce(s) • 90 m² • 2ème étage • réf: 83441043,Akouda,87 787 €,35.915833,10.563368,3,4,90 m²,,,,1.0,Appartement,Neuf,Radiateur,"Chaudière, Individuel",Drainage principal,,,,,,,,,,,,,,,,,,Très luxueux,,,,,,,1.0,,,,,
https://www.properstar.fr/annonce/103835911,appartement,S+2 A VENDRE A OUED BATEN - HAMMAMET,Appartement • 3 pce(s) • 2ème étage • réf: 85608806,Hammamet,58 525 €,36.407257,10.622471,3,,,,,1.0,,Appartement,Excellente condition,"Air conditionné, Individuel","Chaudière, Individuel",,,,,,,,,,,,,,,,,,,,,,,,,,,,,,,
https://www.properstar.fr/annonce/103927855,appartement,"Appartement à vendre à Chatt Meriem, Tunisie",Appartement • 3 pce(s) • 3ème étage • réf: 85612016,Chott Meriam,114 123 €,35.933487,10.546488,3,4,,,,,,Appartement,Neuf,Chauffage central,Individuel,,,,,,,,1.0,,,,,,,,,,1.0,Très luxueux,,,,,,,,,,,,
https://www.properstar.fr/annonce/103932106,appartement,"À Vendre : Appartement S+1 dans une Résidence de Luxe à Chott Mariem, Proche de la Mer",Appartement • 2 pce(s) • 55 m² • 1er étage • réf: 85618483,Chott Meriam,87 787 €,35.933487,10.546488,2,4,55 m²,75 m²,1.0,,,Appartement,Neuf,"Chauffage central, Individuel",Individuel,,,,,,,,1.0,,,,,,,,,,1.0,Très luxueux,,,,,1.0,,,,,,,
https://www.properstar.fr/annonce/103846586,appartement,"Appartement à vendre à Tunis, Tunisie",Appartement • 4 pce(s) • 3 chambres • 1 sdb • 100 m² • réf: 1048039003-32,Tunis,62 914 €,36.806495,10.181532,4,1,100 m²,100 m²,,,,Appartement,,,,,3,1,1,,,,,,,,,,,1978,,,,,,,,,,,,,,,,
https://www.properstar.fr/annonce/99484937,appartement,VENTE APPARTEMENT FRONT MER VUE PANORAMIQUE,Appartement • 3 pce(s) • 120 m² • 4ème étage • réf: 2079070,Hergla,114 533 €,36.031411,10.504303,3,4,120 m²,150 m²,1.0,,,Appartement,Neuf,Chauffage central,"Chaudière, Individuel",,,,,,,,,,,,1.0,,,,,,,Luxe,,,,,,,,,,,,
https://www.properstar.fr/annonce/103932107,appartement,"Appartement S+2 de Luxe à Chott Mariem, Proche de la Mer",Appartement • 3 pce(s) • 79 m² • 1er étage • réf: 85618363,Chott Meriam,122 902 €,35.933487,10.546488,3,4,79 m²,105 m²,1.0,,,Appartement,Neuf,"Chauffage central, Individuel",Individuel,,,,,,,,1.0,,,,,,,,,1.0,1.0,Très luxueux,,,,,1.0,,,,,,,
https://www.properstar.fr/annonce/102565475,appartement,Appartement S+1 de 77 m2 meublé équipé vue jardin piscine medina immeuble bord de mer,Appartement • 2 pce(s) • 77 m² • 1er étage • réf: 1580453,Tunis,323 400 €,36.806495,10.181532,2,4,77 m²,92 m²,1.0,1.0,,Appartement,Excellente condition,"Chauffage central, Individuel, Gaz","Solaire, Individuel",,,,,,,,1.0,,1.0,1.0,,,,,,,1.0,Luxe,2016,,1.0,1.0,,,,1.0,1.0,,,
https://www.properstar.fr/annonce/102565408,appartement,,,,,,,,,,,,,,,,,,,,,,,,,,,,,,,,,,,,,,,,,,,,,,,,
https://www.properstar.fr/annonce/101770595,appartement,,,,,,,,,,,,,,,,,,,,,,,,,,,,,,,,,,,,,,,,,,,,,,,,
https://www.properstar.fr/annonce/96024981,appartement,,,,,,,,,,,,,,,,,,,,,,,,,,,,,,,,,,,,,,,,,,,,,,,,
https://www.properstar.fr/annonce/87796680,appartement,,,,,,,,,,,,,,,,,,,,,,,,,,,,,,,,,,,,,,,,,,,,,,,,
https://www.properstar.fr/annonce/93270989,appartement,A Vendre: un appartement S3 à cité ennasr,Appartement • 4 pce(s) • 136 m² • 3ème étage • réf: 83600152,Ariana,140 459 €,36.866537,10.164723,4,,136 m²,,,,1.0,Appartement,Excellente condition,"Chauffage central, Individuel, Gaz","Chaudière, Individuel",,,,,,,,,,,,,,,,,,,,,,,,,,,,,,,
https://www.properstar.fr/annonce/103102565,appartement,"Appartement à vendre à El Mourouj, Tunisie",Appartement • 3 pce(s) • 3 chambres • 1 sdb • 96 m² • réf: 1048039018-9,El Mourouj,46 820 €,36.713434,10.209552,3,1,96 m²,96 m²,,,,Appartement,,,,,3,1,1,1,1,,1.0,1.0,,,,,1.0,2002,,,,,,,,,,,,,,,,
https://www.properstar.fr/annonce/102565318,appartement,Appartement S+2 de standing Sahloul 1,Appartement • 156 m² • 1er étage • réf: 2122446,Sousse,91 006 €,35.824503,10.634584,,4,156 m²,169 m²,1.0,1.0,,Appartement,Excellente condition,"Chauffage central, Commun, Gaz","Chaudière, Collectif",,,,,,,,,,1.0,,,,,2016,,,1.0,,,,1.0,,,,,,,,,
https://www.properstar.fr/annonce/102565435,appartement,"Appartement à vendre à Sousse, Tunisie",Appartement • 200 m² • réf: 3044279,Sousse,96 566 €,35.824503,10.634584,,,200 m²,,1.0,1.0,1.0,,,,,,,,,,,,,,1.0,,,,1.0,,,,,,,,1.0,,,,,,,,,
https://www.properstar.fr/annonce/99398728,appartement,"Charmant Penthouse S+2 en Construction, Vue Mer Exceptionnelle à Chott Mariem",Attique • 5 pce(s) • 250 m² • 4ème étage • réf: 83344349,Chott Meriam,210 982 €,35.933487,10.546488,5,,250 m²,,,1.0,,Appartement,Rénovation nécessaire,,,,,,,,,,,,,,,,,,,,,,,,,,,,,,,,,
https://www.properstar.fr/annonce/99398832,appartement,Vente Magnifique Appartement Front Mer,Appartement • 3 pce(s) • 65 m² • Rez-de-chaussée • réf: 2964015,Chott Meriam,62 914 €,35.933487,10.546488,3,,65 m²,65 m²,1.0,1.0,1.0,Appartement,Excellente condition,"Chauffage central, Individuel, Eau chaude","Réservoir à eau chaude, Individuel",Drainage principal,,,,,,,,,,1.0,,,,2017,,,1.0,,,,,,,,,,,,,
https://www.properstar.fr/annonce/99398935,appartement,VENTE APPARTEMENT CITÉ RIADH,Appartement • 3 pce(s) • 75 m² • 1er étage • réf: 83758129,Sousse Riad,59 256 €,35.780449,10.630917,3,,75 m²,,1.0,1.0,,Appartement,Neuf,"Radiateur, Commun, Electrique","Chaudière, Individuel",Drainage principal,,,,,,,1.0,,1.0,,,,,,,,1.0,Très luxueux,,,,,,,,,,,,
https://www.properstar.fr/annonce/99398962,appartement,À Vendre : Appartement S+2 à Cité El Menezeh - Quartier Calme,Appartement • 3 pce(s) • 76 m² • 3ème étage • réf: 2941693,Kalâa Seghira,40 967 €,35.821756,10.560554,3,4,76 m²,76 m²,,,1.0,Appartement,Bonne condition,,"Réservoir à eau chaude, Individuel",,,,,,,,,,,,,,,,,,,Standard,,,,,,,,,,,,
https://www.properstar.fr/annonce/99399075,appartement,"Appartement à vendre à Sousse, Tunisie",Appartement • 5 pce(s) • 3 chambres • 155 m² • 3ème étage • réf: 82310186,Sousse,167 820 €,35.824503,10.634584,5,,155 m²,,1.0,1.0,1.0,,,,,,3,,,,,,1.0,,1.0,,,,1.0,,,,,,,,,,1.0,,,,,,,
https://www.properstar.fr/annonce/99399178,appartement,"Charmant S+2 en Construction, Vue Mer Exceptionnelle à Chott Mariem",Appartement • 3 pce(s) • 142 m² • 3ème étage • réf: 83344342,Chott Meriam,150 701 €,35.933487,10.546488,3,,142 m²,,,,,Appartement,Rénovation nécessaire,,,,,,,,,,,,,,,,,,,,,,,,,,,,,,,,,
https://www.properstar.fr/annonce/99399215,appartement,vente appartement S+3 à chatt Meriem,Appartement • 4 pce(s) • 150 m² • 4ème étage • réf: 83821145,Chott Meriam,188 122 €,35.933487,10.546488,4,,150 m²,164 m²,1.0,1.0,,Appartement,Neuf,"Radiateur, Commun, Electrique",Individuel,Drainage principal,,,,,,,1.0,,1.0,,1.0,,,,,1.0,1.0,Très luxueux,,,,,,,,,,,,
https://www.properstar.fr/annonce/99399268,appartement,"Appartement à vendre à Sousse, Tunisie",Appartement • 3 pce(s) • 2 chambres • 132 m² • 2ème étage • réf: 82310161,Sousse,139 055 €,35.824503,10.634584,3,,132 m²,,1.0,1.0,1.0,,,,,,2,,,,,,1.0,,1.0,,,,1.0,,,,,,,,,,1.0,,,,,,,
https://www.properstar.fr/annonce/99399332,appartement,A vendre Appartement De Type S+2 A Akouda,Appartement • 3 pce(s) • 127 m² • 1er étage • réf: 6627638,Akouda,70 230 €,35.94312,10.52022,3,3,127 m²,,1.0,1.0,1.0,Appartement,Excellente condition,Commun,Individuel,Drainage principal,,,,,,,1.0,,,,,,,,,,1.0,Luxe,,,1.0,,,,,,,,,
https://www.properstar.fr/annonce/99399475,appartement,"Appartement à vendre à Sousse, Tunisie",Appartement • 2 pce(s) • 50 m² • Rez-de-chaussée • réf: 82303047,Sousse,49 746 €,35.824503,10.634584,2,,50 m²,,1.0,1.0,1.0,,,,,,,,,,,,1.0,,1.0,,,,,,,,,,,,,,1.0,,,,,,,
https://www.properstar.fr/annonce/99484692,appartement,Charmant Duplex Traditionnel au Cœur de la Médina de Sousse,Duplex • 5 pce(s) • 250 m² • 1er étage • réf: 84170958,Sousse,81 935 €,35.824503,10.634584,5,,250 m²,320 m²,,1.0,,Appartement,Bonne condition,"Individuel, Electrique",Individuel,Station d'épuration,,,,,,,,,,,,,,,,,,,,,,,,,,,,,,
https://www.properstar.fr/annonce/99484702,appartement,Très Spacieux Appartement S+3 à Vendre – Zone Touristique Hammam Sousse,Appartement • 4 pce(s) • 151 m² • 4ème étage • réf: 4089456,Hammam Sousse,117 049 €,35.886399,10.591507,4,,151 m²,182 m²,1.0,,,Appartement,Bonne condition,Chauffage central,Individuel,,,,,,,,,,,,,,,,,,,,,,,,,,,,,,,
https://www.properstar.fr/annonce/99484742,appartement,Appartement s+2 a vendre a sousse,Appartement • 3 pce(s) • 134 m² • réf: 6004435,Sousse,95 103 €,35.824503,10.634584,3,,134 m²,,1.0,,,Appartement,Excellente condition,Chauffage central,Individuel,,,,,,,,,,1.0,,,,,2015,,,1.0,Luxe,,,,,,,,,,,,
https://www.properstar.fr/annonce/99484782,appartement,À Vendre : Appartement S+3 à Hammam Sousse Bhayer,Appartement • 4 pce(s) • 105 m² • 2ème étage • réf: 7986604,Hammam Sousse,114 123 €,35.886399,10.591507,4,2,105 m²,,,1.0,,Appartement,Bonne condition,"Chauffage central, Commun, Gaz","Chaudière, Individuel",,,,,,,,,,,,,,,,,,,Standard,,,1.0,,,,,,,,,
https://www.properstar.fr/annonce/99484832,appartement,À Vendre : Appartement à Hammam Sousse,Appartement • 3 pce(s) • 135 m² • réf: 8038625,Hammam Sousse,93 640 €,35.886399,10.591507,3,,135 m²,,,,,Appartement,Rénovation nécessaire,,,,,,,,,,,,,,,,,2021,,,,,,,,,,,,,,,,
https://www.properstar.fr/annonce/99484872,appartement,Vente appartement S+3 à Sousse Panorama,Appartement • 4 pce(s) • 154 m² • 4ème étage • réf: 84198196,Sousse,111 197 €,35.824503,10.634584,4,,154 m²,154 m²,1.0,1.0,1.0,Appartement,Neuf,"Radiateur, Commun, Electrique","Chaudière, Individuel",Drainage principal,,,,,,,1.0,,,,,,,,,1.0,1.0,Très luxueux,,,,,,,,,,,,
https://www.properstar.fr/annonce/99502402,appartement,Appartement à Vendre - Corniche Khezama,Appartement • 3 pce(s) • 45 m² • 6ème étage • réf: 83000985,Sousse,32 189 €,35.824503,10.634584,3,2,45 m²,65 m²,,,1.0,Appartement,Rénovation nécessaire,"Chauffage central, Individuel, Eau chaude","Réservoir à eau chaude, Individuel",,,,,,,,,,,,,,,2000,,,,Standard,,,,,,,,,,,,
https://www.properstar.fr/annonce/100138811,appartement,"Appartement à vendre à El Mourouj, Tunisie",Appartement • 3 pce(s) • 2 chambres • 1 sdb • 100 m² • 4ème étage • réf: 1048004051-7,El Mourouj,47 990 €,36.713434,10.209552,3,3,100 m²,100 m²,,,,Appartement,,,,,2,1,1,3,1,,,,,1.0,,,,2024,,,,,,,,,,,,,,,,
https://www.properstar.fr/annonce/101454448,appartement,Vente Appartement S+3 à Khzema,Appartement • 4 pce(s) • 150 m² • Rez-de-chaussée • réf: 85339612,Sousse,248 730 €,35.824503,10.634584,4,,150 m²,212 m²,1.0,1.0,,Appartement,Excellente condition,"Radiateur, Individuel, Electrique","Chaudière, Individuel",Drainage principal,,,,,,,1.0,,1.0,1.0,1.0,,,,,,1.0,Très luxueux,,,,,1.0,,,,,,,
https://www.properstar.fr/annonce/103102565,appartement,"Appartement à vendre à El Mourouj, Tunisie",Appartement • 3 pce(s) • 3 chambres • 1 sdb • 96 m² • réf: 1048039018-9,El Mourouj,46 820 €,36.713434,10.209552,3,1,96 m²,96 m²,,,,Appartement,,,,,3,1,1,1,1,,1.0,1.0,,,,,1.0,2002,,,,,,,,,,,,,,,,
https://www.properstar.fr/annonce/98882521,appartement,"Appartement à vendre à La Soukra, Tunisie",Appartement • 4 pce(s) • 3 chambres • 2 sdb • 163 m² • réf: 1048015027-38,La Soukra,0,36.885888,10.248797,4,2,163 m²,163 m²,1.0,,,Appartement,,,,,3,2,2,5,2,,1.0,1.0,,,,,1.0,2015,,,,,,,,,,,,,,,,
https://www.properstar.fr/annonce/99853188,appartement,"Appartement à vendre à La Soukra, Tunisie",Appartement • 3 pce(s) • 2 chambres • 1 sdb • 123 m² • réf: 1048005019-73,La Soukra,87 787 €,36.885888,10.248797,3,2,123 m²,123 m²,,,,Appartement,,,,,2,1,1,,1,,1.0,1.0,,,,,1.0,2016,,,,,,,,,,,,,,,,
https://www.properstar.fr/annonce/101844355,appartement,"Appartement à vendre à El Kram, Tunisie",Studio • 1 pce(s) • 1 chambres • 1 sdb • 45 m² • 6ème étage • réf: 1048026027-10,El Kram,71 693 €,36.85488,10.299279,1,3,45 m²,45 m²,,,,Appartement,,,,,1,1,1,30,1,45 m²,1.0,,,,,,,2024,,,,,,,,,,,,,,,,
https://www.properstar.fr/annonce/101844368,appartement,"Appartement à vendre à El Kram, Tunisie",Appartement • 4 pce(s) • 3 chambres • 1 sdb • 142 m² • 5ème étage • réf: 1048026027-8,El Kram,108 271 €,36.85488,10.299279,4,3,142 m²,142 m²,1.0,,,Appartement,,,,,3,1,2,26,1,142 m²,1.0,1.0,1.0,,,,,2006,,,,,,,,,,,,,,,,
https://www.properstar.fr/annonce/102601005,appartement,"Appartement à vendre à El Kram, Tunisie",Appartement • 4 pce(s) • 3 chambres • 2 sdb • 150 m² • 30ème étage • réf: 1048026027-20,El Kram,114 123 €,36.85488,10.299279,4,2,150 m²,150 m²,1.0,1.0,,Appartement,,,,,3,2,2,36,1,150 m²,1.0,1.0,1.0,,,1.0,,2014,,,,,,,,,,1.0,,1.0,,,,
https://www.properstar.fr/annonce/102601018,appartement,"Appartement à vendre à Gammarth, Tunisie",Duplex • 3 pce(s) • 2 chambres • 1 sdb • 347 m² • réf: 1048026001-212,Gammarth,614 509 €,36.917304,10.285253,3,,347 m²,347 m²,,1.0,,Appartement,,,,,2,1,,,1,347 m²,1.0,1.0,,,1.0,,1.0,2024,,,,,,,,,,,,,,,,
https://www.properstar.fr/annonce/103145755,appartement,Villa Rahma YASMINE HAMMAMET,Duplex • 4 pce(s) • 183 m² • 2ème étage • réf: 6408170,Hammamet,234 099 €,36.407257,10.622471,4,,183 m²,246 m²,,,,Appartement,Neuf,"Chauffage central, Individuel, Gaz","Chaudière, Individuel",Drainage principal,,,,,,,,,,,,,,,,,,,,,,,,,,,,,,
https://www.properstar.fr/annonce/103232088,appartement,A VENDRE - Appartement S+3 à Sahloul 2 - Jamais Habité,Appartement • 4 pce(s) • 154 m² • 1er étage • réf: 85538093,Sousse,144 579 €,35.824503,10.634584,4,,154 m²,119 m²,1.0,1.0,,Appartement,Neuf,"Radiateur, Individuel, Gaz","Chaudière, Individuel",Drainage principal,,,,,,,,,,,,,,,,1.0,1.0,,2025,,,,,,,,,1.0,,
https://www.properstar.fr/annonce/96457959,appartement,"Appartement à vendre à Tunis, Tunisie",Appartement • 3 pce(s) • 2 chambres • 1 sdb • 145 m² • 1er étage • réf: VA4916-HAMMAMET,Tunis,245 139 €,36.806495,10.181532,3,,145 m²,,1.0,,,Appartement,Neuf,Solaire,,,2,1,2,,,,,,,,,,,,,,,,,,,,,,,,,,,
https://www.properstar.fr/annonce/96457960,appartement,"Appartement à vendre à Tunis, Tunisie",Appartement • 2 pce(s) • 1 chambres • 1 sdb • 72 m² • réf: VA4913-HAMMAMET,Tunis,127 521 €,36.806495,10.181532,2,,72 m²,,1.0,,,Appartement,Neuf,Solaire,,,1,1,1,,,,,,,,,,,,,,,,,,,,,,,,,,,
https://www.properstar.fr/annonce/90682906,appartement,"Appartement à vendre à Hammamet, Tunisie",Appartement • 3 pce(s) • 2 chambres • 2 sdb • 120 m² • réf: VA4177-HAMMAMET,Hammamet,129 997 €,36.407257,10.622471,3,,120 m²,,,,,Appartement,,Gaz,,,2,2,2,,,,,,,,,,,,,,,,,,,,,,,,,,,
https://www.properstar.fr/annonce/96932023,appartement,"Appartement à vendre à Tunis, Tunisie",Appartement • 3 pce(s) • 2 chambres • 1 sdb • 114 m² • réf: VA4897-HAMMAMET,Tunis,102 141 €,36.806495,10.181532,3,,114 m²,,1.0,,,Appartement,,Gaz,,,2,1,2,,,,,,,,,,1.0,,1,,,,,,,,,,,,,,,
https://www.properstar.fr/annonce/99484677,appartement,Valorisation immobiliere Tunisie,Loft • 1 pce(s) • 1 chambres • 100 m² • réf: 2551335,Sousse,0,35.824503,10.634584,1,,100 m²,120 m²,,1.0,1.0,Appartement,Neuf,"Chauffage central, Individuel, Gaz","Chaudière, Individuel",Drainage principal,1,,,,,,1.0,,1.0,1.0,1.0,,,2018,,,,,,,1.0,1.0,,,,1.0,1.0,,,
https://www.properstar.fr/annonce/90682906,appartement,"Appartement à vendre à Hammamet, Tunisie",Appartement • 3 pce(s) • 2 chambres • 2 sdb • 120 m² • réf: VA4177-HAMMAMET,Hammamet,129 997 €,36.407257,10.622471,3,,120 m²,,,,,Appartement,,Gaz,,,2,2,2,,,,,,,,,,,,,,,,,,,,,,,,,,,
https://www.properstar.fr/annonce/96932023,appartement,"Appartement à vendre à Tunis, Tunisie",Appartement • 3 pce(s) • 2 chambres • 1 sdb • 114 m² • réf: VA4897-HAMMAMET,Tunis,102 141 €,36.806495,10.181532,3,,114 m²,,1.0,,,Appartement,,Gaz,,,2,1,2,,,,,,,,,,1.0,,1,,,,,,,,,,,,,,,
https://www.properstar.fr/annonce/96209776,appartement,"Appartement à vendre à Ennasr 1-2, Tunisie",Appartement • 4 pce(s) • 2 chambres • 2 sdb • 110 m² • 9ème étage • réf: 1048033003-92,Ennasr 1,105 344 €,36.858308,10.167525,4,7,110 m²,110 m²,1.0,,,Appartement,,,,,2,2,,40,1,110 m²,1.0,1.0,1.0,1.0,,,1.0,2020,,,,,,,,,,,,,,,,
https://www.properstar.fr/annonce/88073994,appartement,"Appartement à vendre à Ariana, Tunisie",Appartement • 3 pce(s) • 2 chambres • 1 sdb • 136 m² • réf: 1048005017-117,Ariana,129 925 €,36.866537,10.164723,3,7,136 m²,136 m²,1.0,1.0,,Appartement,,,,,2,1,1,,1,,1.0,1.0,,,,,1.0,2018,,,,,,,,,,1.0,,,,,,
https://www.properstar.fr/annonce/99398831,appartement,"Appartement à vendre à Sousse, Tunisie",Appartement • 2 pce(s) • 1 chambres • 60 m² • 2ème étage • réf: 82310171,Sousse,63 207 €,35.824503,10.634584,2,,60 m²,,1.0,1.0,1.0,,,,,,1,,,,,,1.0,,1.0,,,,1.0,,,,,,,,,,1.0,,,,,,,
https://www.properstar.fr/annonce/99398934,appartement,Studio RDC de 42 m2 meublé équipé situé en front de mer d'une très belle résidence avec jardin piscine terrasse,Studio • 1 pce(s) • 42 m² • Rez-de-chaussée • réf: 1600073,Tabarka,59 435 €,36.948275,8.74261,1,,42 m²,55 m²,,1.0,1.0,Appartement,Excellente condition,"Chauffage central, Commun, Eau chaude","Chaudière, Individuel",Station d'épuration,,,,,,,1.0,,1.0,1.0,1.0,,,,,,,Standard,,,1.0,1.0,,1.0,,1.0,1.0,,,
https://www.properstar.fr/annonce/99399021,appartement,Appartement S + 2 Cap Gammarth,Appartement • 3 pce(s) • 105 m² • Jardin • réf: 84090077,Gammarth,256 192 €,36.917304,10.285253,3,,105 m²,125 m²,,1.0,1.0,Appartement,Excellente condition,"Air conditionné, Commun","Chaudière, Individuel",Drainage principal,,,,,,,1.0,,,,1.0,,,,,,1.0,,,,,,1.0,,,,,,,
https://www.properstar.fr/annonce/99399111,appartement,Résidence de prestige au LAC 2,Appartement • 4 pce(s) • 210 m² • 1er étage • réf: 2798159,Ariana,388 019 €,36.866537,10.164723,4,8,210 m²,210 m²,1.0,1.0,1.0,Appartement,Neuf,"Chauffage central, Individuel, Gaz","Chaudière, Individuel",Drainage principal,,,,,,,1.0,,1.0,,,,,2018,,,1.0,Très luxueux,,,1.0,,,,,,,,,
https://www.properstar.fr/annonce/99399214,appartement,A Vendre un appartement s+3 au rez de chaussée,Appartement • 4 pce(s) • Rez-de-chaussée • réf: 83973604,TanTana,189 462 €,35.918751,10.576029,4,5,,120 m²,1.0,,1.0,Appartement,Neuf,"Chauffage central, Commun, Eau chaude","Chaudière, Collectif",,,,,,,,1.0,,1.0,,1.0,,,2024,,1.0,1.0,Luxe,,,,,1.0,,,,,,,
https://www.properstar.fr/annonce/99399397,appartement,Studio rénové meublé équipé situé dans luxueuse résidence en bord de mer,Appartement • 1 pce(s) • 80 m² • 1er étage • réf: 1572913,Hammamet,74 865 €,36.407257,10.622471,1,4,80 m²,37 m²,1.0,1.0,1.0,Appartement,Excellente condition,Chauffage central,"Solaire, Collectif",Station d'épuration,,,,,,,1.0,,1.0,1.0,1.0,,,,,,1.0,Luxe,2017,,1.0,1.0,,,,1.0,1.0,,,
https://www.properstar.fr/annonce/99472511,appartement,Studio 44 m2 furnished equipped located in front of sea of a very nice residence with garden swimming pool terrace,Studio • 1 pce(s) • 44 m² • Rez-de-chaussée • réf: 1600034,Tabarka,56 254 €,36.948275,8.74261,1,,44 m²,57 m²,,1.0,1.0,Appartement,Excellente condition,"Chauffage central, Commun, Eau chaude","Chaudière, Individuel",Station d'épuration,,,,,,,1.0,,1.0,1.0,1.0,,,,,,,Standard,,,1.0,1.0,,1.0,,1.0,1.0,,,
https://www.properstar.fr/annonce/99484611,appartement,appartement de vaccance,Appartement • 2 pce(s) • 68 m² • 2ème étage • réf: 7637563,Chott Meriam,84 861 €,35.933487,10.546488,2,,68 m²,85 m²,,,,Appartement,Excellente condition,Individuel,"Réservoir à eau chaude, Individuel",,,,,,,,,,1.0,,1.0,,,,,,,,,,1.0,,1.0,,,1.0,,,,
https://www.properstar.fr/annonce/99484714,appartement,"Appartement à vendre à Sousse, Tunisie",Appartement • 4 pce(s) • 2 chambres • 124 m² • Rez-de-chaussée • réf: 82303038,Sousse,123 370 €,35.824503,10.634584,4,,124 m²,,1.0,1.0,1.0,,,,,,2,,,,,,1.0,,1.0,,,,1.0,,,,,,,,,,1.0,,,,,,,
https://www.properstar.fr/annonce/99484727,appartement,"Appartement à vendre à Mahdia, Tunisie",Appartement • 3 pce(s) • 144 m² • Rez-de-chaussée • réf: 4467160,Mahdia,121 390 €,35.502446,11.045721,3,,144 m²,,1.0,1.0,,,,,,,,,,,,,1.0,,1.0,,,,1.0,,,1.0,1.0,,,,,,,,,,,,,
https://www.properstar.fr/annonce/99484767,appartement,S+3 vue mer CHATT MERIEM à vendre,Appartement • 4 pce(s) • 102 m² • 3ème étage • réf: 85095673,TanTana,122 902 €,35.918751,10.576029,4,3,102 m²,150 m²,,1.0,,Appartement,Bonne condition,"Chauffage central, Commun, Electrique",Individuel,Drainage principal,,,,,,,,,,1.0,,,,,,,,Standard,,,,,,,,,,,,
https://www.properstar.fr/annonce/99484831,appartement,Appartement à vendre à houmet essouk djerba,Appartement • 2 pce(s) • 70 m² • 2ème étage • réf: 82948068,Médenine,93 435 €,33.228057,10.89031,2,,70 m²,,1.0,,,Appartement,Bonne condition,,Individuel,,,,,,,,,,,1.0,1.0,,,2011,,,1.0,,2011,,,,,,,,,,,
https://www.properstar.fr/annonce/99484857,appartement,Etage de villa S+3 haut standing à Corniche Sousse,Appartement • 4 pce(s) • 1er étage • réf: 6654295,Sousse,111 197 €,35.824503,10.634584,4,,,135 m²,,1.0,,Appartement,Excellente condition,"Air conditionné, Individuel, Eau chaude","Réservoir à eau chaude, Individuel",,,,,,,,,,1.0,1.0,,,,,,,,Luxe,,,1.0,,,,,,,,,
https://www.properstar.fr/annonce/99484871,appartement,Appartement de type S+2,Appartement • 3 pce(s) • 125 m² • 6ème étage • réf: 83883662,Sousse,111 197 €,35.824503,10.634584,3,,125 m²,125 m²,1.0,1.0,,Appartement,Neuf,"Radiateur, Commun, Electrique","Chaudière, Individuel",Drainage principal,,,,,,,1.0,,1.0,,,,,,,1.0,1.0,,,,,,1.0,,,,,,,
https://www.properstar.fr/annonce/99484884,appartement,Appartement S+1 de 77 m2 meublé équipé vue jardin piscine medina immeuble bord de mer,Appartement • 2 pce(s) • 77 m² • 1er étage • réf: 2489703,Hammamet,97 353 €,36.407257,10.622471,2,4,77 m²,92 m²,1.0,1.0,1.0,Appartement,Excellente condition,"Chauffage central, Individuel, Gaz","Solaire, Individuel",,,,,,,,1.0,,1.0,1.0,1.0,,,,,,1.0,Luxe,2016,,1.0,1.0,,,,1.0,1.0,,,
https://www.properstar.fr/annonce/99502427,appartement,"Appartement s+1 a vendre a ras jebel, bizert",Appartement • 2 pce(s) • 70 m² • 1er étage • réf: 4249666,Ras Jebel,23 410 €,37.216171,10.114318,2,,70 m²,70 m²,,,,Appartement,Bonne condition,,,,,,,,,,,,,,,,,2017,,,,,,,,,,,,,,,,
https://www.properstar.fr/annonce/100324442,appartement,"Appartement à vendre à Tunis, Tunisie",Appartement • 4 pce(s) • 3 chambres • 2 sdb • 152 m² • 1er étage • réf: 1048004013-85,Centre Urbain Nord,152 164 €,36.849116,10.196942,4,1,152 m²,152 m²,,,,Appartement,,,,,3,2,2,3,1,,1.0,,,,,,,2008,,,,,,,,,,,,,,,,
https://www.properstar.fr/annonce/96209776,appartement,"Appartement à vendre à Ennasr 1-2, Tunisie",Appartement • 4 pce(s) • 2 chambres • 2 sdb • 110 m² • 9ème étage • réf: 1048033003-92,Ennasr 1,105 344 €,36.858308,10.167525,4,7,110 m²,110 m²,1.0,,,Appartement,,,,,2,2,,40,1,110 m²,1.0,1.0,1.0,1.0,,,1.0,2020,,,,,,,,,,,,,,,,
https://www.properstar.fr/annonce/99823384,appartement,"Appartement à vendre à Nabeul, Tunisie",Appartement • 5 pce(s) • 3 chambres • 2 sdb • 366 m² • réf: 1048015030-59,Nabeul,336 517 €,36.451289,10.735663,5,,366 m²,366 m²,1.0,,,Appartement,,,,,3,2,1,,1,,1.0,1.0,,,,,1.0,2017,,,,,,,,,,,,,,,,
https://www.properstar.fr/annonce/100916324,appartement,"Appartement à vendre à Tunis, Tunisie",Appartement • 4 pce(s) • 3 chambres • 1 sdb • 125 m² • réf: 1048032013-40,Tunis,86 324 €,36.806495,10.181532,4,2,125 m²,125 m²,,,,Appartement,,,,,3,1,1,,,,,1.0,,,,,1.0,2000,,,,,,,,,,,,,,,,
https://www.properstar.fr/annonce/88073994,appartement,"Appartement à vendre à Ariana, Tunisie",Appartement • 3 pce(s) • 2 chambres • 1 sdb • 136 m² • réf: 1048005017-117,Ariana,129 925 €,36.866537,10.164723,3,7,136 m²,136 m²,1.0,1.0,,Appartement,,,,,2,1,1,,1,,1.0,1.0,,,,,1.0,2018,,,,,,,,,,1.0,,,,,,
https://www.properstar.fr/annonce/102565179,appartement,Joli appartement S+2 à vendre à slim centre,Appartement • 3 pce(s) • 133 m² • 4ème étage • réf: 2326721,Sousse,108 271 €,35.824503,10.634584,3,7,133 m²,92 m²,,,,Appartement,Bonne condition,"Chauffage central, Individuel, Gaz","Chaudière, Individuel",Drainage principal,,,,,,,,,,,,,,,,,,,,,,,,,,,,,,
https://www.properstar.fr/annonce/102565320,appartement,Appartement S+2 de standing Sahloul 1,Appartement • 138 m² • 1er étage • réf: 2122623,Sousse,90 713 €,35.824503,10.634584,,4,138 m²,156 m²,1.0,1.0,,Appartement,Excellente condition,"Chauffage central, Commun, Gaz","Chaudière, Collectif",,,,,,,,,,1.0,,,,,2016,,,1.0,,,,1.0,,,,,,,,,
https://www.properstar.fr/annonce/102565359,appartement,A vendre S+3 station balnéaire de Yasmine,Appartement • 5 pce(s) • 119 m² • réf: 2544676,Hammamet,134 607 €,36.407257,10.622471,5,3,119 m²,238 m²,,1.0,1.0,Appartement,Bonne condition,Air conditionné,Individuel,,,,,,,,,,,1.0,1.0,,,,,,,,2018,,,1.0,,,,,,,,
https://www.properstar.fr/annonce/102038303,appartement,,,,,,,,,,,,,,,,,,,,,,,,,,,,,,,,,,,,,,,,,,,,,,,,
https://www.properstar.fr/annonce/102571893,appartement,,,,,,,,,,,,,,,,,,,,,,,,,,,,,,,,,,,,,,,,,,,,,,,,
https://www.properstar.fr/annonce/102601006,appartement,,,,,,,,,,,,,,,,,,,,,,,,,,,,,,,,,,,,,,,,,,,,,,,,
https://www.properstar.fr/annonce/102666483,appartement,,,,,,,,,,,,,,,,,,,,,,,,,,,,,,,,,,,,,,,,,,,,,,,,
https://www.properstar.fr/annonce/103211233,appartement,A VENDRE - Appartement S+3 à Sahloul 2 - Jamais Habité,Appartement • 4 pce(s) • 136 m² • 6ème étage • réf: 85535853,Sousse,160 592 €,35.824503,10.634584,4,6,136 m²,172 m²,1.0,1.0,1.0,Appartement,Neuf,"Radiateur, Commun, Electrique","Chaudière, Individuel",Drainage principal,,,,,,,,,,,,,,,,1.0,1.0,Très luxueux,2024,,,,1.0,,,,,1.0,,
https://www.properstar.fr/annonce/103232089,appartement,A VENDRE - Appartement S+1 à Sahloul 2 - Jamais Habité,Appartement • 2 pce(s) • 50 m² • 1er étage • réf: 85538061,Sousse,61 147 €,35.824503,10.634584,2,7,50 m²,65 m²,1.0,1.0,1.0,Appartement,Neuf,"Radiateur, Individuel, Electrique","Chaudière, Individuel",Drainage principal,,,,,,,,,1.0,,,,,,,1.0,1.0,Luxe,2025,,,,,,,,,1.0,,
https://www.properstar.fr/annonce/103132846,appartement,"Appartement à vendre à El Kram, Tunisie",Appartement • 4 pce(s) • 3 chambres • 2 sdb • 139 m² • 1er étage • réf: 1048026018-30,El Kram,171 185 €,36.862635,10.286656,4,1,139 m²,139 m²,,,,Appartement,,,,,3,2,3,,1,,1.0,,,,,,,2022,,,,,,,,,,,,,,,,
https://www.properstar.fr/annonce/103147749,appartement,"Appartement à vendre à El Kram, Tunisie",Duplex • 3 pce(s) • 2 chambres • 2 sdb • 140 m² • 1er étage • réf: 1048004048-7,El Kram,184 353 €,36.85488,10.299279,3,,140 m²,140 m²,1.0,1.0,,Appartement,,,,,2,2,3,3,1,140 m²,1.0,1.0,1.0,,,,1.0,2024,,,,,,,,,,,,,,,,
https://www.properstar.fr/annonce/103225920,appartement,"Appartement à vendre à Hammamet Sud, Tunisie",Appartement • 3 pce(s) • 2 chambres • 2 sdb • 100 m² • 1er étage • réf: 1048042002-11,Hammamet Sud,122 902 €,36.404007,10.568995,3,3,100 m²,100 m²,,,,Appartement,,,,,2,2,,,,,,1.0,,,1.0,,1.0,2009,,,,,,,,,,,,,,,,
https://www.properstar.fr/annonce/103697716,appartement,"Appartement à vendre à Ariana, Tunisie",Appartement • 170 m² • réf: 1048015027-54,Ariana,122 902 €,36.866537,10.164723,,1,170 m²,170 m²,,1.0,,Appartement,,,,,,,,,,,,,,,,,1.0,1990,,,,,,,,,,,,,,,,
https://www.properstar.fr/annonce/96457958,appartement,"Appartement à vendre à Tunis, Tunisie",Appartement • 4 pce(s) • 3 chambres • 2 sdb • 178 m² • réf: VA4945-HAMMAMET,Tunis,368 327 €,36.806495,10.181532,4,,178 m²,,1.0,,,Appartement,,Solaire,,,3,2,3,,,,,,,,,,,,,,,,,,,,,,,,,,,
https://www.properstar.fr/annonce/103787331,appartement,"Appartement à vendre à La Soukra, Tunisie",Appartement • 2 pce(s) • 1 chambres • 1 sdb • 56 m² • réf: 1048026028-9,La Soukra,46 235 €,36.885888,10.248797,2,1,56 m²,56 m²,,1.0,,Appartement,,,,,1,1,1,,1,,1.0,,,,,,,2020,,,,,,,,,,,,,,,,
https://www.properstar.fr/annonce/99398753,appartement,"Spacieux Appartement S+1 à Kelibia, à Quelques Mètres de la Mer",Appartement • 2 pce(s) • 164 m² • Rez-de-chaussée • réf: 6866740,Kélibia,93 640 €,36.84616,11.099467,2,,164 m²,,,,,Appartement,Bonne condition,,,,,,,,,,,,,,,,,,,,,,,,,,,,,,,,,
https://www.properstar.fr/annonce/99398793,appartement,Magnifique S+4 à Sahloul 3,Appartement • 5 pce(s) • 200 m² • 3ème étage • réf: 5029108,Sousse,175 574 €,35.824503,10.634584,5,3,200 m²,220 m²,,1.0,1.0,Appartement,Excellente condition,"Chauffage central, Commun, Gaz","Chaudière, Individuel",Drainage principal,,,,,,,,,,,,,,2017,,,,Très luxueux,,,1.0,,,,,,,,,
https://www.properstar.fr/annonce/99398816,appartement,🏠 Superbe Duplex à Monastir - Résidence de Luxe au Bord de la Plage,Duplex • 4 pce(s) • 230 m² • Rez-de-chaussée • réf: 3705200,Tunisie,248 730 €,33.886917,9.537499,4,2,230 m²,189 m²,,1.0,1.0,Appartement,Neuf,"Chauffage central, Individuel, Eau chaude","Réservoir à eau chaude, Individuel",Drainage principal,,,,,,,1.0,,1.0,1.0,1.0,,,2017,,1.0,1.0,,2018,,1.0,,,,,,,,1.0,
https://www.properstar.fr/annonce/99398829,appartement,Vente Appartement S+1 à Sousse Panorama,Appartement • 2 pce(s) • 85 m² • 2ème étage • réf: 84198173,Sousse,65 840 €,35.824503,10.634584,2,,85 m²,85 m²,,,1.0,Appartement,Neuf,"Radiateur, Commun, Electrique","Chaudière, Individuel",,,,,,,,1.0,,,,,,,,,1.0,1.0,Très luxueux,,,,,,,,,,,,
https://www.properstar.fr/annonce/99399020,appartement,A vendre un S+3 en cours de construction à gammarth,Appartement • 4 pce(s) • 190 m² • 2ème étage • réf: 84012902,Gammarth,259 264 €,36.917304,10.285253,4,,190 m²,,1.0,1.0,1.0,Appartement,Neuf,"Chauffage central, Commun",Individuel,,,,,,,,1.0,,,,1.0,,,,,1.0,1.0,,,,,,,,,,,,,
https://www.properstar.fr/annonce/99399109,appartement,Appartements de maître au lac 2,Appartement • réf: 3031419,Ariana,391 823 €,36.866537,10.164723,,,,,1.0,1.0,,,,,,,,,,,,,,,,,,,,,,,1.0,,,,1.0,,,,,,,,,
https://www.properstar.fr/annonce/99399213,appartement,vente appartement S+3 à chatt Meriem,Appartement • 4 pce(s) • 164 m² • 4ème étage • réf: 83886862,TanTana,189 562 €,35.918751,10.576029,4,,164 m²,,,1.0,,Appartement,Neuf,Radiateur,Individuel,Drainage principal,,,,,,,,,,,1.0,,,,,,1.0,Très luxueux,,,,,1.0,,,,,,,
https://www.properstar.fr/annonce/99399280,appartement,Vente villa piscine près du Mall,Appartement • 4 pce(s) • 330 m² • Plain pied • réf: 84950022,Bizerte South,438 935 €,37.265216,9.656409,4,1,330 m²,400 m²,,1.0,1.0,Appartement,Neuf,"Radiateur, Individuel","Chaudière, Individuel",Drainage principal,,,,,,,1.0,,1.0,1.0,1.0,,,,,,1.0,Luxe,,,,,,,,,,,,
https://www.properstar.fr/annonce/99399369,appartement,"Appartements de Maître et Duplex de Prestige à Vendre – Lac 2, Tunis",Appartement • 4 pce(s) • réf: 84407010,Ariana,424 304 €,36.866537,10.164723,4,,,,1.0,1.0,,,,,,,,,,,,,,,,,,,,,,,1.0,,,,1.0,,,,,,,,,
https://www.properstar.fr/annonce/99399383,appartement,A vendre S+1 prés de la mer Hammam sousse,Appartement • 2 pce(s) • 3ème étage • réf: 83796161,Hammam Sousse,77 545 €,35.886399,10.591507,2,5,,74 m²,1.0,,,Appartement,Neuf,"Air conditionné, Electrique","Chaudière, Individuel",,,,,,,,1.0,,,,,,,2023,,1.0,1.0,,,,,,,,,,,,,
https://www.properstar.fr/annonce/99399419,appartement,Tabarka résidence investissement locatif studio face à la mer tout équipé aménagé,Studio • 1 pce(s) • 49 m² • Rez-de-chaussée • réf: 1788765,Tabarka,55 107 €,36.948275,8.74261,1,,49 m²,64 m²,,1.0,1.0,Appartement,Excellente condition,"Chauffage central, Commun, Eau chaude","Chaudière, Individuel",Station d'épuration,,,,,,,1.0,,1.0,1.0,1.0,,,,,,,Standard,,,1.0,1.0,,1.0,,1.0,1.0,,,
https://www.properstar.fr/annonce/99399486,appartement,À Vendre : Appartement S+3 - Quartier Calme et Résidentiel,Appartement • 4 pce(s) • 91 m² • 4ème étage • réf: 83323311,Sousse,48 283 €,35.824503,10.634584,4,,91 m²,,,,1.0,Appartement,Bonne condition,,,,,,,,,,,,,,,,,,,1.0,,,,,,,,,,,,,,
https://www.properstar.fr/annonce/99472510,appartement,Studio meublé de 49m2 situé en front de mer d'une très belle résidence avec jardin piscine terrasse,Studio • 1 pce(s) • 49 m² • Rez-de-chaussée • réf: 1600047,Tabarka,56 193 €,36.948275,8.74261,1,,49 m²,64 m²,,1.0,,Appartement,Excellente condition,"Chauffage central, Commun, Eau chaude","Chaudière, Individuel",Station d'épuration,,,,,,,1.0,,1.0,1.0,1.0,,,,,,,Standard,,,1.0,1.0,,,,1.0,1.0,,,
https://www.properstar.fr/annonce/99484690,appartement,Appartement S+1 de 78 m2 meublé équipé situé en bord de mer avec jardin terrasse piscine plage,Appartement • 3 pce(s) • 78 m² • Plain pied • réf: 1627498,Tabarka,91 687 €,36.948275,8.74261,3,,78 m²,101 m²,,1.0,1.0,Appartement,Excellente condition,"Chauffage central, Commun, Eau chaude","Chaudière, Individuel",Station d'épuration,,,,,,,1.0,,1.0,1.0,1.0,,,,,,,Standard,,,1.0,1.0,,1.0,,1.0,1.0,,,
https://www.properstar.fr/annonce/99484780,appartement,vente appartement s+3 a akouda,Appartement • 4 pce(s) • 180 m² • Rez-de-chaussée • réf: 84909299,Akouda,117 049 €,35.85978,10.59257,4,4,180 m²,256 m²,1.0,1.0,1.0,Appartement,Bonne condition,Radiateur,Individuel,Drainage principal,,,,,,,,,,,,,,,,,1.0,,,,,,,,,,,,,
https://www.properstar.fr/annonce/99484803,appartement,s+3 au RDC à Sahloul 4,Appartement • 4 pce(s) • 166 m² • Rez-de-chaussée • réf: 3299570,Sousse,105 344 €,35.824503,10.634584,4,,166 m²,,1.0,,,Appartement,Excellente condition,"Chauffage central, Individuel, Gaz","Chaudière, Individuel",,,,,,,,,,,,,,,2019,,,,Luxe,,,,,,,,,,,,
https://www.properstar.fr/annonce/99484843,appartement,Appartement S+2 de 120m² en vente - Résidence Hergla Diamond,Appartement • 3 pce(s) • 120 m² • 3ème étage • réf: 83203711,Hergla,99 463 €,36.031411,10.504303,3,4,120 m²,120 m²,,1.0,,Appartement,Bonne condition,"Chauffage central, Individuel, Gaz","Chaudière, Individuel",Drainage principal,,,,,,,,,,1.0,,,,2016,,1.0,,,,,,,,,,,,,,
https://www.properstar.fr/annonce/99484883,appartement,Studio meublé vue mer situé au 4 e étage d'une luxueuse résidence en bord de mer,Appartement • 1 pce(s) • 91 m² • 4ème étage • réf: 1579900,Hammamet,97 444 €,36.407257,10.622471,1,4,91 m²,37 m²,1.0,1.0,1.0,Appartement,Excellente condition,Chauffage central,"Solaire, Collectif",Station d'épuration,,,,,,,1.0,,1.0,1.0,1.0,,,,,,1.0,Luxe,2017,,1.0,1.0,,,,1.0,1.0,,,
https://www.properstar.fr/annonce/99484933,appartement,À Vendre - Appartement Haut Standing,Appartement • 4 pce(s) • 150 m² • 1er étage • réf: 5918736,Sousse,112 367 €,35.824503,10.634584,4,8,150 m²,183 m²,1.0,1.0,,Appartement,Neuf,Chauffage central,Individuel,,,,,,,,,,,,,,,2019,,,1.0,Très luxueux,,,,,,,,,,,,
https://www.properstar.fr/annonce/96834582,appartement,"Appartement à vendre à El Mourouj, Tunisie",Appartement • 4 pce(s) • 3 chambres • 1 sdb • 150 m² • 21ème étage • réf: 1048032017-2,El Mourouj,0,36.713434,10.209552,4,,150 m²,150 m²,,1.0,,Appartement,,,,,3,1,1,,,150 m²,,,,1.0,,,1.0,2000,,,,,,,,,,1.0,,,,,,
https://www.properstar.fr/annonce/96926005,appartement,"Appartement à vendre à Ariana, Tunisie",Appartement • 6 pce(s) • 4 chambres • 2 sdb • 206 m² • réf: 1048005017-166,Ariana,197 521 €,36.866537,10.164723,6,1,206 m²,206 m²,1.0,1.0,,Appartement,,,,,4,2,1,,1,,1.0,1.0,,,,,1.0,2018,,,,,,,,,,1.0,,,,,,
https://www.properstar.fr/annonce/100623810,appartement,Duplex pieds dans l'eau,Duplex • 3 pce(s) • 2ème étage • réf: 6846732,TanTana,100 955 €,35.918751,10.576029,3,,,85 m²,,1.0,,Appartement,Bonne condition,"Individuel, Gaz","Réservoir à eau chaude, Individuel",,,,,,,,,,,1.0,,,,,,1.0,,,,,,,,,,,,,,
https://www.properstar.fr/annonce/100838580,appartement,"Vente Appartement S+2 – Très Haut Standing – Khzema, Sousse",Appartement • 3 pce(s) • 123 m² • 5ème étage • réf: 85286040,Sousse,136 070 €,35.824503,10.634584,3,,123 m²,139 m²,1.0,1.0,1.0,Appartement,Neuf,Individuel,"Chaudière, Individuel",,,,,,,,1.0,,1.0,,,,,,,1.0,1.0,Très luxueux,,,,,1.0,,,,,,,
https://www.properstar.fr/annonce/100790439,appartement,"Appartement à vendre à El Kram, Tunisie",Appartement • 107 m² • réf: 1048032013-36,El Kram,68 767 €,36.85488,10.299279,,1,107 m²,107 m²,1.0,1.0,,Appartement,,,,,,,,,,,,1.0,,,,,,2000,,,,,,,,,,,,,,,,
https://www.properstar.fr/annonce/102371344,appartement,"Appartement à vendre à Ariana, Tunisie",Appartement • 4 pce(s) • 3 chambres • 1 sdb • 140 m² • 2ème étage • réf: 1048033011-63,Ariana,0,36.866537,10.164723,4,1,140 m²,140 m²,,,,Appartement,,,,,3,1,1,4,,,,,,,,,,2012,,,,,,,,,,,,,,,,
https://www.properstar.fr/annonce/102183387,appartement,Penthouse avec piscine sur la zone touristique,Attique • 5 pce(s) • 3 chambres • 245 m² • 8ème étage • réf: 85433419,Sousse,643 772 €,35.824503,10.634584,5,8,245 m²,380 m²,1.0,1.0,1.0,Appartement,Excellente condition,"Air conditionné, Commun, Gaz","Chaudière, Individuel",Drainage principal,3,,,,,,,,,1.0,1.0,,1.0,2012,,,1.0,,,,,,,,,,,,,1.0
https://www.properstar.fr/annonce/103454754,appartement,Appartement s+2 a vendre a sousse,Appartement • 3 pce(s) • 165 m² • 4ème étage • réf: 6004440,Sousse,131 681 €,35.824503,10.634584,3,,165 m²,,1.0,,,Appartement,Excellente condition,Chauffage central,Individuel,,,,,,,,,,1.0,,,,,2015,,,1.0,Luxe,,,,,,,,,,,,
https://www.properstar.fr/annonce/102165811,appartement,"Appartement à vendre à Tunis, Tunisie",Duplex • 5 pce(s) • 4 chambres • 3 sdb • réf: 1048015021-134,Tunis,201 910 €,36.806495,10.181532,5,,,,,1.0,,Appartement,,,,,4,3,3,,,200 m²,1.0,1.0,,,,,1.0,2022,,,,,,,,,,,,,,,,
https://www.properstar.fr/annonce/102565271,appartement,A vendre station balnéaire de Yasmine Hammamet,Appartement • 4 pce(s) • réf: 977758,Hammamet,122 902 €,36.407257,10.622471,4,2,,145 m²,,1.0,,Appartement,Excellente condition,"Air conditionné, Commun",Collectif,,,,,,,,,,,,,,,,,,,,2018,,,,,,,,,,,
https://www.properstar.fr/annonce/102565411,appartement,appartement à vendre,Appartement • 3 pce(s) • Rez-de-chaussée • réf: 3131310,TanTana,124 479 €,35.918751,10.576029,3,,,120 m²,,1.0,1.0,Appartement,Neuf,"Chauffage central, Individuel, Eau chaude","Chaudière, Individuel",Drainage principal,,,,,,,,,,1.0,,,,,,,1.0,Très luxueux,,,,,,,,,,,,
https://www.properstar.fr/annonce/103731747,appartement,"Appartement à vendre à La Soukra, Tunisie",Appartement • 4 pce(s) • 3 chambres • 1 sdb • 137 m² • 30ème étage • réf: 1048026028-6,La Soukra,147 775 €,36.885888,10.248797,4,2,137 m²,137 m²,,,,Appartement,,,,,3,1,2,,1,,1.0,,,1.0,,,,2015,,,,,,,,,,,,,,,,
https://www.properstar.fr/annonce/103147751,appartement,"Appartement à vendre à Ariana, Tunisie",Appartement • 4 pce(s) • 3 chambres • 1 sdb • 196 m² • réf: 1048044001-41,Ariana,172 063 €,36.866537,10.164723,4,3,196 m²,196 m²,1.0,,,Appartement,,,,,3,1,1,,1,,1.0,,,1.0,,,1.0,2018,,,,,,,,,,,,,,,,
https://www.properstar.fr/annonce/103147777,appartement,"Appartement à vendre à Ariana, Tunisie",Appartement • 180 m² • réf: 1048044001-88,Ariana,175 574 €,36.866537,10.164723,,1,180 m²,180 m²,1.0,1.0,,Appartement,,,,,,,,,,,1.0,,1.0,,,,,2018,,,,,,,,,,1.0,,,,,,
https://www.properstar.fr/annonce/101144060,appartement,"Appartement à vendre à Tunis, Tunisie",Duplex • 5 pce(s) • 4 chambres • 2 sdb • 153 m² • réf: 1048007052-38,Tunis,0,36.806495,10.181532,5,1,153 m²,153 m²,,1.0,,Appartement,,,,,4,2,3,2,1,153 m²,,1.0,,,,,1.0,1980,,,,,,,,,,,,,,,,
https://www.properstar.fr/annonce/102183387,appartement,Penthouse avec piscine sur la zone touristique,Attique • 5 pce(s) • 3 chambres • 245 m² • 8ème étage • réf: 85433419,Sousse,643 772 €,35.824503,10.634584,5,8,245 m²,380 m²,1.0,1.0,1.0,Appartement,Excellente condition,"Air conditionné, Commun, Gaz","Chaudière, Individuel",Drainage principal,3,,,,,,,,,1.0,1.0,,1.0,2012,,,1.0,,,,,,,,,,,,,1.0
https://www.properstar.fr/annonce/102565271,appartement,A vendre station balnéaire de Yasmine Hammamet,Appartement • 4 pce(s) • réf: 977758,Hammamet,122 902 €,36.407257,10.622471,4,2,,145 m²,,1.0,,Appartement,Excellente condition,"Air conditionné, Commun",Collectif,,,,,,,,,,,,,,,,,,,,2018,,,,,,,,,,,
https://www.properstar.fr/annonce/102565411,appartement,appartement à vendre,Appartement • 3 pce(s) • Rez-de-chaussée • réf: 3131310,TanTana,124 479 €,35.918751,10.576029,3,,,120 m²,,1.0,1.0,Appartement,Neuf,"Chauffage central, Individuel, Eau chaude","Chaudière, Individuel",Drainage principal,,,,,,,,,,1.0,,,,,,,1.0,Très luxueux,,,,,,,,,,,,
https://www.properstar.fr/annonce/103147751,appartement,"Appartement à vendre à Ariana, Tunisie",Appartement • 4 pce(s) • 3 chambres • 1 sdb • 196 m² • réf: 1048044001-41,Ariana,172 063 €,36.866537,10.164723,4,3,196 m²,196 m²,1.0,,,Appartement,,,,,3,1,1,,1,,1.0,,,1.0,,,1.0,2018,,,,,,,,,,,,,,,,
https://www.properstar.fr/annonce/103147777,appartement,"Appartement à vendre à Ariana, Tunisie",Appartement • 180 m² • réf: 1048044001-88,Ariana,175 574 €,36.866537,10.164723,,1,180 m²,180 m²,1.0,1.0,,Appartement,,,,,,,,,,,1.0,,1.0,,,,,2018,,,,,,,,,,1.0,,,,,,
https://www.properstar.fr/annonce/94375640,appartement,"Appartement à vendre à Hammamet, Tunisie",Appartement • 3 pce(s) • 2 chambres • 1 sdb • 127 m² • 2ème étage • réf: VA4701-HAMMAMET,Hammamet,137 426 €,36.407257,10.622471,3,,127 m²,,1.0,,,Appartement,,Gaz,,,2,1,2,,,,,,,,,,1.0,,,,,,,,,,,,,,,,,
https://www.properstar.fr/annonce/101721435,appartement,"Appartement à vendre à Hammamet, Tunisie",Appartement • 4 pce(s) • 3 chambres • 1 sdb • 150 m² • 1er étage • réf: VA4794-HAMMAMET,Hammamet,164 045 €,36.407257,10.622471,4,,150 m²,,,,,Appartement,,Gaz,,,3,1,2,,,,,,,,,,1.0,,1,,,,,,,,,,,,,,,
https://www.properstar.fr/annonce/102565362,appartement,Appartement S+3 au 1er étage d'une luxueuse résidence en bordure de mer,Appartement • 4 pce(s) • 126 m² • 1er étage • réf: 1580477,Tunis,529 200 €,36.806495,10.181532,4,4,126 m²,151 m²,1.0,1.0,,Appartement,Excellente condition,"Chauffage central, Individuel, Gaz","Solaire, Individuel",,,,,,,,1.0,,1.0,1.0,,,,,,,1.0,Luxe,2016,,1.0,1.0,,,,1.0,1.0,,,
https://www.properstar.fr/annonce/103761552,appartement,"Appartement à vendre à Akouda, Tunisie",Appartement • 4 pce(s) • 3 chambres • 1 sdb • 134 m² • réf: 1048035022-58,Akouda,173 233 €,35.915833,10.563368,4,1,134 m²,134 m²,,,,Appartement,,,,,3,1,,,1,,1.0,,,,,,,2024,,,,,,,,,,,,,,,,
https://www.properstar.fr/annonce/81304787,appartement,APPARTEMENT S1 A VENDRE YASMINE HAMMAMET,Appartement • 2 pce(s) • 92 m² • Rez-de-chaussée • réf: 6826948,Hammamet,103 881 €,36.407257,10.622471,2,,92 m²,92 m²,,,,Appartement,Neuf,"Chauffage central, Commun, Gaz","Chaudière, Individuel",Drainage principal,,,,,,,,,,,,,,,,,,,,,,,,,,,,,,
https://www.properstar.fr/annonce/81315844,appartement,A VENDRE APPARTEMENT SYLVIE HAMMAMET NORD,Appartement • 3 pce(s) • 100 m² • 3ème étage • réf: 6848510,Hammamet,111 197 €,36.407257,10.622471,3,,100 m²,100 m²,,1.0,,Appartement,Bonne condition,"Chauffage central, Individuel, Gaz","Chaudière, Collectif",Drainage principal,,,,,,,1.0,,,1.0,,,,,,,1.0,,,,,,,,,,,,,
https://www.properstar.fr/annonce/86665939,appartement,Duplex a vendre à 600mêtres de la port de plaisance Yasmine Hammamet,Duplex • 3 pce(s) • Rez-de-chaussée • réf: 8173770,Hammamet,219 468 €,36.407257,10.622471,3,,,,,1.0,1.0,Appartement,Excellente condition,"Chauffage central, Individuel, Gaz","Chaudière, Individuel",,,,,,,,,,,1.0,1.0,,,,,,,,,,,,,,,,,,,
https://www.properstar.fr/annonce/99398738,appartement,Appartement à Hergla – Vue Panoramique Mer,Appartement • 4 pce(s) • 190 m² • 1er étage • réf: 84821687,Hergla,204 836 €,36.031411,10.504303,4,,190 m²,260 m²,1.0,,,Appartement,Neuf,"Radiateur, Commun, Electrique","Chaudière, Individuel",Drainage principal,,,,,,,,,,1.0,,,,,,1.0,1.0,,,,,,,,,,,,,
https://www.properstar.fr/annonce/99398802,appartement,A Vendre un appartement s+3 au rez de jardin,Appartement • 4 pce(s) • Jardin • réf: 83972821,TanTana,170 089 €,35.918751,10.576029,4,5,,108 m²,1.0,,1.0,Appartement,Neuf,"Chauffage central, Commun, Eau chaude","Chaudière, Collectif",,,,,,,,1.0,,1.0,,1.0,,,2024,,1.0,1.0,Luxe,,,,,1.0,,,,,,,
https://www.properstar.fr/annonce/99398842,appartement,"Appartement à vendre à Sousse, Tunisie",Appartement • 4 pce(s) • 3 chambres • 155 m² • 2ème étage • réf: 82310168,Sousse,163 284 €,35.824503,10.634584,4,,155 m²,,1.0,1.0,1.0,,,,,,3,,,,,,1.0,,1.0,,,,1.0,,,,,,,,,,1.0,,,,,,,
https://www.properstar.fr/annonce/99398918,appartement,"Appartement à vendre à Sousse, Tunisie",Appartement • 3 pce(s) • 1 chambres • 60 m² • Rez-de-chaussée • réf: 82303042,Sousse,59 695 €,35.824503,10.634584,3,,60 m²,,1.0,1.0,1.0,,,,,,1,,,,,,1.0,,1.0,,,,1.0,,,,,,,,,,1.0,,,,,,,
https://www.properstar.fr/annonce/99398945,appartement,À Vendre : Appartement S+1 à Sousse Panorama,Appartement • 2 pce(s) • 85 m² • 1er étage • réf: 84115277,Sousse,58 525 €,35.824503,10.634584,2,5,85 m²,,,1.0,1.0,Appartement,Bonne condition,"Radiateur, Individuel, Eau chaude","Chaudière, Individuel",Drainage principal,,,,,,,,,,,,,,2010,,,,,,,,,,,,,,,,
https://www.properstar.fr/annonce/99399032,appartement,Studio 42 m2 meublé équipé1er étage en front de mer jardin piscine terrasse,Studio • 1 pce(s) • 42 m² • 1er étage • réf: 1627523,Tabarka,61 353 €,36.948275,8.74261,1,1,42 m²,55 m²,,1.0,1.0,Appartement,Excellente condition,"Chauffage central, Commun, Eau chaude","Chaudière, Individuel",Station d'épuration,,,,,,,1.0,,1.0,1.0,1.0,,,,,,,Standard,,,1.0,1.0,,1.0,,1.0,1.0,,,
https://www.properstar.fr/annonce/99399175,appartement,"Appartement à vendre à Sousse, Tunisie",Appartement • 5 pce(s) • 135 m² • 3ème étage • réf: 82310191,Sousse,167 820 €,35.824503,10.634584,5,5,135 m²,155 m²,1.0,1.0,1.0,Appartement,Neuf,"Chauffage central, Individuel, Gaz","Chaudière, Individuel",Drainage principal,,,,,,,1.0,,1.0,,,,,2025,,1.0,,,,,,,1.0,,,,,,,
https://www.properstar.fr/annonce/103147765,appartement,"Appartement à vendre à Ariana, Tunisie",Appartement • 6 pce(s) • 4 chambres • 2 sdb • 206 m² • 1er étage • réf: 1048044001-165,Ariana,197 521 €,36.866537,10.164723,6,1,206 m²,206 m²,1.0,1.0,,Appartement,,,,,4,2,1,,1,,1.0,1.0,,,,,1.0,2018,,,,,,,,,,1.0,,,,,,
https://www.properstar.fr/annonce/103152338,appartement,"Appartement à vendre à Ariana, Tunisie",Appartement • 4 pce(s) • 3 chambres • 2 sdb • 170 m² • 1er étage • réf: 1048033011-74,Ariana,0,36.866537,10.164723,4,4,170 m²,170 m²,,,,Appartement,,,,,3,2,1,,1,,,,,,,,,2020,,,,,,,,,,,,,,,,
https://www.properstar.fr/annonce/103346652,appartement,"Appartement à vendre à Ariana, Tunisie",Appartement • 3 pce(s) • 2 chambres • 1 sdb • 100 m² • réf: 1048015018-110,Riadh Andalous,87 787 €,36.880575,10.171726,3,1,100 m²,100 m²,,,,Appartement,,,,,2,1,1,,,,,,,,,,,2012,,,,,,,,,,,,,,,,
https://www.properstar.fr/annonce/101660945,appartement,"Appartement à vendre à El Kram, Tunisie",Appartement • 2 pce(s) • 1 chambres • 1 sdb • 65 m² • réf: 1048026001-200,El Kram,108 417 €,36.85488,10.299279,2,2,65 m²,65 m²,1.0,,,Appartement,,,,,1,1,,,1,,1.0,,,,,,,2026,,,,,,,,,,,,,,,,
https://www.properstar.fr/annonce/99398738,appartement,Appartement à Hergla – Vue Panoramique Mer,Appartement • 4 pce(s) • 190 m² • 1er étage • réf: 84821687,Hergla,204 836 €,36.031411,10.504303,4,,190 m²,260 m²,1.0,,,Appartement,Neuf,"Radiateur, Commun, Electrique","Chaudière, Individuel",Drainage principal,,,,,,,,,,1.0,,,,,,1.0,1.0,,,,,,,,,,,,,
https://www.properstar.fr/annonce/99398802,appartement,A Vendre un appartement s+3 au rez de jardin,Appartement • 4 pce(s) • Jardin • réf: 83972821,TanTana,170 089 €,35.918751,10.576029,4,5,,108 m²,1.0,,1.0,Appartement,Neuf,"Chauffage central, Commun, Eau chaude","Chaudière, Collectif",,,,,,,,1.0,,1.0,,1.0,,,2024,,1.0,1.0,Luxe,,,,,1.0,,,,,,,
https://www.properstar.fr/annonce/99398842,appartement,"Appartement à vendre à Sousse, Tunisie",Appartement • 4 pce(s) • 3 chambres • 155 m² • 2ème étage • réf: 82310168,Sousse,163 284 €,35.824503,10.634584,4,,155 m²,,1.0,1.0,1.0,,,,,,3,,,,,,1.0,,1.0,,,,1.0,,,,,,,,,,1.0,,,,,,,
https://www.properstar.fr/annonce/99398918,appartement,"Appartement à vendre à Sousse, Tunisie",Appartement • 3 pce(s) • 1 chambres • 60 m² • Rez-de-chaussée • réf: 82303042,Sousse,59 695 €,35.824503,10.634584,3,,60 m²,,1.0,1.0,1.0,,,,,,1,,,,,,1.0,,1.0,,,,1.0,,,,,,,,,,1.0,,,,,,,
https://www.properstar.fr/annonce/99398945,appartement,À Vendre : Appartement S+1 à Sousse Panorama,Appartement • 2 pce(s) • 85 m² • 1er étage • réf: 84115277,Sousse,58 525 €,35.824503,10.634584,2,5,85 m²,,,1.0,1.0,Appartement,Bonne condition,"Radiateur, Individuel, Eau chaude","Chaudière, Individuel",Drainage principal,,,,,,,,,,,,,,2010,,,,,,,,,,,,,,,,
https://www.properstar.fr/annonce/99399032,appartement,Studio 42 m2 meublé équipé1er étage en front de mer jardin piscine terrasse,Studio • 1 pce(s) • 42 m² • 1er étage • réf: 1627523,Tabarka,61 353 €,36.948275,8.74261,1,1,42 m²,55 m²,,1.0,1.0,Appartement,Excellente condition,"Chauffage central, Commun, Eau chaude","Chaudière, Individuel",Station d'épuration,,,,,,,1.0,,1.0,1.0,1.0,,,,,,,Standard,,,1.0,1.0,,1.0,,1.0,1.0,,,
https://www.properstar.fr/annonce/99399175,appartement,"Appartement à vendre à Sousse, Tunisie",Appartement • 5 pce(s) • 135 m² • 3ème étage • réf: 82310191,Sousse,167 820 €,35.824503,10.634584,5,5,135 m²,155 m²,1.0,1.0,1.0,Appartement,Neuf,"Chauffage central, Individuel, Gaz","Chaudière, Individuel",Drainage principal,,,,,,,1.0,,1.0,,,,,2025,,1.0,,,,,,,1.0,,,,,,,
https://www.properstar.fr/annonce/99399225,appartement,Bel Appartement Face à la Mer – Chatt Mariem,Appartement • 3 pce(s) • 115 m² • Rez-de-chaussée • réf: 3352771,Chott Meriam,155 090 €,35.933487,10.546488,3,1,115 m²,125 m²,,,,Appartement,Excellente condition,Chauffage central,Individuel,,,,,,,,,,,,,,,2015,,,,,,,,,,,,,,,,
https://www.properstar.fr/annonce/99399238,appartement,Résidence de prestige au LAC 2,Appartement • réf: 1673466,Ariana,409 673 €,36.866537,10.164723,,8,,,1.0,1.0,1.0,Appartement,,"Chauffage central, Individuel, Gaz","Chaudière, Individuel",,,,,,,,1.0,,1.0,,,,,2018,,,1.0,Très luxueux,,,1.0,,,,,,,,,
https://www.properstar.fr/annonce/99399252,appartement,Cabinet médical,Appartement • 2 pce(s) • 48 m² • 4ème étage • réf: 82638703,Tunisie,43 894 €,33.886917,9.537499,2,,48 m²,,,,,Appartement,,Chauffage central,Individuel,,,,,,,,,,,,,,,,,,,,,,,,,,,,,,,
https://www.properstar.fr/annonce/99399485,appartement,"Superbe appartement - cite el menezah (sahloul, sousse)",Appartement • 3 pce(s) • 82 m² • 2ème étage • réf: 6628551,Sousse,58 525 €,35.824503,10.634584,3,,82 m²,,,,,Appartement,Excellente condition,"Chauffage au sol, Individuel, Eau chaude","Réservoir à eau chaude, Individuel",,,,,,,,,,,,,,,,,,,,,,,,,,,,,,,
https://www.properstar.fr/annonce/99484828,appartement,À Vendre - Appartement S+3 à Hammam Sousse,Appartement • 4 pce(s) • 130 m² • 1er étage • réf: 84414726,Hammam Sousse,102 418 €,35.886399,10.591507,4,,130 m²,150 m²,,1.0,,Appartement,Neuf,"Radiateur, Commun, Electrique","Chaudière, Individuel",Drainage principal,,,,,,,,,,,,,,,,,,,2023,,,,,,,,,,,
https://www.properstar.fr/annonce/102565595,appartement,Appartement S+2 de standing Sahloul 1,Appartement • 102 m² • 4ème étage • réf: 2122667,Sousse,77 838 €,35.824503,10.634584,,4,102 m²,117 m²,1.0,1.0,,Appartement,Excellente condition,"Chauffage central, Commun, Gaz","Chaudière, Collectif",,,,,,,,,,1.0,,,,,2016,,,1.0,,,,1.0,,,,,,,,,
https://www.properstar.fr/annonce/103132848,appartement,"Appartement à vendre à El Kram, Tunisie",Appartement • 4 pce(s) • 3 chambres • 1 sdb • 136 m² • 6ème étage • réf: 1048026027-26,El Kram,96 566 €,36.85488,10.299279,4,4,136 m²,136 m²,1.0,,,Appartement,,,,,3,1,1,26,,136 m²,,1.0,1.0,,,1.0,,2003,,,,,,,,,,,,,,,,
https://www.properstar.fr/annonce/103147765,appartement,"Appartement à vendre à Ariana, Tunisie",Appartement • 6 pce(s) • 4 chambres • 2 sdb • 206 m² • 1er étage • réf: 1048044001-165,Ariana,197 521 €,36.866537,10.164723,6,1,206 m²,206 m²,1.0,1.0,,Appartement,,,,,4,2,1,,1,,1.0,1.0,,,,,1.0,2018,,,,,,,,,,1.0,,,,,,
https://www.properstar.fr/annonce/103152338,appartement,"Appartement à vendre à Ariana, Tunisie",Appartement • 4 pce(s) • 3 chambres • 2 sdb • 170 m² • 1er étage • réf: 1048033011-74,Ariana,0,36.866537,10.164723,4,4,170 m²,170 m²,,,,Appartement,,,,,3,2,1,,1,,,,,,,,,2020,,,,,,,,,,,,,,,,
https://www.properstar.fr/annonce/103346652,appartement,"Appartement à vendre à Ariana, Tunisie",Appartement • 3 pce(s) • 2 chambres • 1 sdb • 100 m² • réf: 1048015018-110,Riadh Andalous,87 787 €,36.880575,10.171726,3,1,100 m²,100 m²,,,,Appartement,,,,,2,1,1,,,,,,,,,,,2012,,,,,,,,,,,,,,,,
https://www.properstar.fr/annonce/103487025,appartement,"Appartement à vendre à Ariana, Tunisie",Appartement • 3 pce(s) • 2 chambres • 1 sdb • 120 m² • réf: 1048015052-4,Ariana,87 787 €,36.866537,10.164723,3,6,120 m²,120 m²,1.0,1.0,,Appartement,,,,,2,1,1,,,100 m²,,1.0,,,,,1.0,2014,,,,,,,,,,,,,,,,
https://www.properstar.fr/annonce/102565350,appartement,Appartement 77m2 avec 1 chambre au 1er étage meublé équipé vue jardin piscine,Appartement • 2 pce(s) • 77 m² • 1er étage • réf: 1580451,Tunis,323 400 €,36.806495,10.181532,2,4,77 m²,92 m²,1.0,1.0,,Appartement,Excellente condition,"Chauffage central, Individuel, Gaz","Solaire, Individuel",,,,,,,,1.0,,1.0,1.0,,,,,,,1.0,Luxe,2016,,1.0,1.0,,,,1.0,1.0,,,
https://www.properstar.fr/annonce/102565439,appartement,Appartement S3 au 2e étage d'une luxueuse résidence en bordure de mer. Financement possible,Appartement • 4 pce(s) • 137 m² • 2ème étage • réf: 1580479,Tunis,575 400 €,36.806495,10.181532,4,4,137 m²,164 m²,1.0,1.0,,Appartement,Excellente condition,"Chauffage central, Individuel, Gaz","Solaire, Individuel",,,,,,,,1.0,,1.0,1.0,,,,,,,1.0,Luxe,2016,,1.0,1.0,,,,1.0,1.0,,,
https://www.properstar.fr/annonce/102565480,appartement,Appartement S+3 superbe vue mer au 4e étage d'une luxueuse résidence en bordure de mer. Financement possible,Appartement • 4 pce(s) • 104 m² • 4ème étage • réf: 1673074,Hammamet,499 000 €,36.407257,10.622471,4,4,104 m²,125 m²,1.0,1.0,,Appartement,Excellente condition,"Chauffage central, Individuel, Gaz","Solaire, Individuel",,,,,,,,1.0,,1.0,1.0,,,,,,,1.0,Luxe,2016,,1.0,1.0,,,,1.0,1.0,,,
https://www.properstar.fr/annonce/103761539,appartement,"Appartement à vendre à El Kantaoui, Tunisie",Appartement • 3 pce(s) • 2 chambres • 1 sdb • 90 m² • réf: 1048035022-50,El Kantaoui,117 049 €,35.886399,10.591507,3,,90 m²,90 m²,,,,,,,,,2,1,,,1,,1.0,,,,,,,,,,,,,,,,,,,,,,,
https://www.properstar.fr/annonce/100203935,appartement,Appartement S+1 à Hergla,Appartement • 2 pce(s) • 76 m² • 3ème étage • réf: 85162958,Hergla,63 792 €,36.031411,10.504303,2,3,76 m²,85 m²,,1.0,1.0,Appartement,Excellente condition,"Chauffage central, Individuel, Gaz","Chaudière, Individuel",Drainage principal,,,,,,,,,1.0,1.0,,,,2013,,,,,,,,,,,,,,,,1.0
https://www.properstar.fr/annonce/99398854,appartement,"Appartement à vendre à Sousse, Tunisie",Appartement • 5 pce(s) • 155 m² • 1er étage • réf: 82303088,Sousse,158 748 €,35.824503,10.634584,5,,155 m²,,1.0,1.0,1.0,,,,,,,,,,,,1.0,,1.0,,,,,,,,,,,,,,1.0,,,,,,,
https://www.properstar.fr/annonce/99398917,appartement,Duplex à vendre à kalaa sghira,Duplex • 6 pce(s) • 228 m² • Plain pied • réf: 6915075,Kalâa Seghira,62 914 €,35.821756,10.560554,6,,228 m²,,,,,Appartement,Bonne condition,,Individuel,,,,,,,,,,,,,,,,,,,,2006,,,,,,,,,,,
https://www.properstar.fr/annonce/99484597,appartement,appartement front mer,Appartement • 3 pce(s) • 130 m² • Rez-de-chaussée • réf: 5762354,TanTana,87 787 €,35.918751,10.576029,3,,130 m²,255 m²,,,,Appartement,Rénovation nécessaire,,Individuel,,,,,,,,,,,,,,,,,,,Standard,,,,,,,,,,,,
https://www.properstar.fr/annonce/99484751,appartement,À Vendre : Appartement S+2 à Sousse Panorama,Appartement • 3 pce(s) • 134 m² • 2ème étage • réf: 84115530,Sousse,98 029 €,35.824503,10.634584,3,5,134 m²,,1.0,1.0,1.0,Appartement,Bonne condition,"Radiateur, Individuel, Eau chaude","Chaudière, Individuel",Drainage principal,,,,,,,,,,,,,,2010,,,1.0,,,,1.0,,,,,,,,,
https://www.properstar.fr/annonce/99484777,appartement,"Appartement à vendre à Sousse, Tunisie",Appartement • 4 pce(s) • 152 m² • 6ème étage • réf: 84021472,Sousse,134 124 €,35.824503,10.634584,4,10,152 m²,,1.0,1.0,,Appartement,Neuf,"Chauffage central, Commun, Electrique","Chaudière, Individuel",Fosse sceptique,,,,,,,1.0,,1.0,,,,,2020,,1.0,1.0,Luxe,2023,,,,,,,,,,,
https://www.properstar.fr/annonce/99484791,appartement,A vendre un appartement S+3 à khezema EST,Appartement • 4 pce(s) • 6ème étage • réf: 84313388,Sousse,93 640 €,35.824503,10.634584,4,,,100 m²,,,,Appartement,Bonne condition,"Chauffage central, Commun",Individuel,Drainage principal,,,,,,,,,,1.0,,,,,,1.0,,,,,,,,,,,,,,
https://www.properstar.fr/annonce/99484894,appartement,"Appartement à vendre à Sousse, Tunisie",Appartement • 4 pce(s) • 2 chambres • 132 m² • 1er étage • réf: 82303052,Sousse,135 192 €,35.824503,10.634584,4,,132 m²,,1.0,1.0,1.0,,,,,,2,,,,,,1.0,,1.0,,,,1.0,,,,,,,,,,1.0,,,,,,,
https://www.properstar.fr/annonce/99484904,appartement,À Vendre : Appartement S+2 à Sahloul 2,Appartement • 3 pce(s) • 130 m² • 1er étage • réf: 84278486,Sousse,99 492 €,35.824503,10.634584,3,,130 m²,,,1.0,1.0,Appartement,Neuf,Commun,"Chaudière, Individuel",Drainage principal,,,,,,,,,,,,,,,,1.0,1.0,Luxe,,,1.0,,,,,,,,,
https://www.properstar.fr/annonce/99484931,appartement,À Vendre : Appartement S+3 à Sousse Panorama,Appartement • 4 pce(s) • 213 m² • 1er étage • réf: 84115795,Sousse,115 586 €,35.824503,10.634584,4,5,213 m²,,1.0,1.0,1.0,Appartement,Bonne condition,"Radiateur, Individuel, Eau chaude","Chaudière, Individuel",Drainage principal,,,,,,,,,,,,,,2010,,,1.0,,,,1.0,,,,,,,,,
https://www.properstar.fr/annonce/102228516,appartement,À Vendre : Étages de Villa S+3 avec Garage et Appartement S+4 Indépendant,Appartement • 155 m² • réf: 85441002,Sousse,131 681 €,35.789483,10.582361,,2,155 m²,200 m²,,,1.0,Appartement,Neuf,,,,,,,,,,,,1.0,,,,,,,,,Très luxueux,,,,,,,,,,,,
https://www.properstar.fr/annonce/102565440,appartement,Hammamet Duplex S+3 de 135 m2 avec piscine 300 m de la mer,Duplex • 4 pce(s) • 135 m² • réf: 2256680,Hammamet,117 049 €,36.407257,10.622471,4,1,135 m²,194 m²,,,,Appartement,Rénovation nécessaire,"Air conditionné, Individuel, Electrique","Solaire, Individuel",Drainage principal,,,,,,,,,,,,,,,,,,,,,,,,,,,,,1.0,
https://www.properstar.fr/annonce/102565530,appartement,Appartement S+2 à vendre à Hammam Sousse,Appartement • 3 pce(s) • 74 m² • 2ème étage • réf: 3973972,Tunisie,65 840 €,33.886917,9.537499,3,6,74 m²,86 m²,1.0,1.0,1.0,Appartement,Bonne condition,"Chauffage central, Individuel, Eau chaude","Réservoir à eau chaude, Individuel",Drainage principal,,,,,,,,,,,,,,2012,,,1.0,,,,1.0,,,,,,,,,
https://www.properstar.fr/annonce/102565596,appartement,Appartement S+2 de standing Sahloul 1,Appartement • 102 m² • 3ème étage • réf: 2122658,Sousse,77 838 €,35.824503,10.634584,,4,102 m²,117 m²,1.0,1.0,,Appartement,Excellente condition,"Chauffage central, Commun, Gaz","Chaudière, Collectif",,,,,,,,,,1.0,,,,,2016,,,1.0,,,,1.0,,,,,,,,,
https://www.properstar.fr/annonce/102565673,appartement,,,,,,,,,,,,,,,,,,,,,,,,,,,,,,,,,,,,,,,,,,,,,,,,
https://www.properstar.fr/annonce/102545396,appartement,,,,,,,,,,,,,,,,,,,,,,,,,,,,,,,,,,,,,,,,,,,,,,,,
https://www.properstar.fr/annonce/102666486,appartement,,,,,,,,,,,,,,,,,,,,,,,,,,,,,,,,,,,,,,,,,,,,,,,,
https://www.properstar.fr/annonce/102753773,appartement,,,,,,,,,,,,,,,,,,,,,,,,,,,,,,,,,,,,,,,,,,,,,,,,
https://www.properstar.fr/annonce/102982773,appartement,"Appartement à vendre à Boumhel El Bassatine, Tunisie",Appartement • 3 pce(s) • 2 chambres • 2 sdb • 148 m² • 2ème étage • réf: 1048004048-8,Boumhel El Bassatine,131 269 €,36.726991,10.299279,3,1,148 m²,148 m²,1.0,,,Appartement,,,,,2,2,1,,1,,1.0,1.0,,,,,,2024,,,,,,,,,,,,,,,,
https://www.properstar.fr/annonce/102799030,appartement,"Appartement à vendre à El Kram, Tunisie",Appartement • 4 pce(s) • 3 chambres • 2 sdb • 160 m² • 7ème étage • réf: 1048004052-19,El Kram,152 164 €,36.85488,10.299279,4,5,160 m²,160 m²,1.0,,,Appartement,,,,,3,2,1,1,1,160 m²,1.0,,,,,,1.0,2021,,,,,,,,,,,,,,,,
https://www.properstar.fr/annonce/102819109,appartement,,,,,,,,,,,,,,,,,,,,,,,,,,,,,,,,,,,,,,,,,,,,,,,,
https://www.properstar.fr/annonce/96209773,appartement,,,,,,,,,,,,,,,,,,,,,,,,,,,,,,,,,,,,,,,,,,,,,,,,
https://www.properstar.fr/annonce/102545396,appartement,,,,,,,,,,,,,,,,,,,,,,,,,,,,,,,,,,,,,,,,,,,,,,,,
https://www.properstar.fr/annonce/102666486,appartement,,,,,,,,,,,,,,,,,,,,,,,,,,,,,,,,,,,,,,,,,,,,,,,,
https://www.properstar.fr/annonce/102753773,appartement,"Appartement à vendre à Ariana, Tunisie",Duplex • 5 pce(s) • 3 chambres • 3 sdb • 1er étage • réf: 1048033003-52,Ariana,184 353 €,36.866537,10.164723,5,2,,,,,,Appartement,,,,,3,3,1,2,2,228 m²,1.0,1.0,,,,,1.0,2003,,,,,,,,1.0,,1.0,,,,,,
https://www.properstar.fr/annonce/103731749,appartement,"Appartement à vendre à El Kram, Tunisie",Appartement • 5 pce(s) • 4 chambres • 2 sdb • 180 m² • réf: 1048004052-21,El Kram,198 984 €,36.85488,10.299279,5,4,180 m²,180 m²,1.0,,,Appartement,,,,,4,2,1,,1,180 m²,1.0,1.0,,,,,,2013,,,,,,,,,,,,,,,,
https://www.properstar.fr/annonce/103731750,appartement,"Appartement à vendre à Tunis, Tunisie",Appartement • 2 pce(s) • 1 chambres • 1 sdb • 62 m² • 30ème étage • réf: 1048015049-5,Tunis,55 598 €,36.806495,10.181532,2,2,62 m²,62 m²,1.0,1.0,,Appartement,,,,,1,1,1,1,,,1.0,1.0,,,,,,2023,,,,,,,,,,,,,,,,
https://www.properstar.fr/annonce/102038306,appartement,"Appartement à vendre à Ariana, Tunisie",Appartement • 4 pce(s) • 3 chambres • 1 sdb • 196 m² • réf: 1048005017-41,Ariana,168 259 €,36.866537,10.164723,4,3,196 m²,196 m²,1.0,,,Appartement,,,,,3,1,1,,1,,1.0,,,1.0,,,1.0,2018,,,,,,,,,,,,,,,,
https://www.properstar.fr/annonce/102089753,appartement,"Appartement à vendre à Ariana, Tunisie",Appartement • 4 pce(s) • 3 chambres • 2 sdb • 267 m² • réf: 1048005017-202,Ariana,197 813 €,36.866537,10.164723,4,6,267 m²,267 m²,1.0,,,Appartement,,,,,3,2,,,,,,,,,,,1.0,2018,,,,,,,,,,,,,,,,
https://www.properstar.fr/annonce/102982773,appartement,"Appartement à vendre à Boumhel El Bassatine, Tunisie",Appartement • 3 pce(s) • 2 chambres • 2 sdb • 148 m² • 2ème étage • réf: 1048004048-8,Boumhel El Bassatine,131 269 €,36.726991,10.299279,3,1,148 m²,148 m²,1.0,,,Appartement,,,,,2,2,1,,1,,1.0,1.0,,,,,,2024,,,,,,,,,,,,,,,,
https://www.properstar.fr/annonce/103551219,appartement,"Appartement à vendre à Tunis, Tunisie",Appartement • 4 pce(s) • 3 chambres • 3 sdb • 154 m² • 30ème étage • réf: 1048044003-78,Tunis,115 586 €,36.806495,10.181532,4,1,154 m²,154 m²,,,,Appartement,,,,,3,3,1,1,,,1.0,,,,,,,2017,,,,,,,,,,,,,,,,
https://www.properstar.fr/annonce/102228516,appartement,À Vendre : Étages de Villa S+3 avec Garage et Appartement S+4 Indépendant,Appartement • 155 m² • réf: 85441002,Sousse,131 681 €,35.789483,10.582361,,2,155 m²,200 m²,,,1.0,Appartement,Neuf,,,,,,,,,,,,1.0,,,,,,,,,Très luxueux,,,,,,,,,,,,
https://www.properstar.fr/annonce/102565440,appartement,Hammamet Duplex S+3 de 135 m2 avec piscine 300 m de la mer,Duplex • 4 pce(s) • 135 m² • réf: 2256680,Hammamet,117 049 €,36.407257,10.622471,4,1,135 m²,194 m²,,,,Appartement,Rénovation nécessaire,"Air conditionné, Individuel, Electrique","Solaire, Individuel",Drainage principal,,,,,,,,,,,,,,,,,,,,,,,,,,,,,1.0,
https://www.properstar.fr/annonce/102565530,appartement,Appartement S+2 à vendre à Hammam Sousse,Appartement • 3 pce(s) • 74 m² • 2ème étage • réf: 3973972,Tunisie,65 840 €,33.886917,9.537499,3,6,74 m²,86 m²,1.0,1.0,1.0,Appartement,Bonne condition,"Chauffage central, Individuel, Eau chaude","Réservoir à eau chaude, Individuel",Drainage principal,,,,,,,,,,,,,,2012,,,1.0,,,,1.0,,,,,,,,,
https://www.properstar.fr/annonce/102565596,appartement,Appartement S+2 de standing Sahloul 1,Appartement • 102 m² • 3ème étage • réf: 2122658,Sousse,77 838 €,35.824503,10.634584,,4,102 m²,117 m²,1.0,1.0,,Appartement,Excellente condition,"Chauffage central, Commun, Gaz","Chaudière, Collectif",,,,,,,,,,1.0,,,,,2016,,,1.0,,,,1.0,,,,,,,,,
https://www.properstar.fr/annonce/102565673,appartement,VENTE APPARTEMENT S+2,Appartement • 3 pce(s) • 6ème étage • réf: 3278545,Sousse Riad,67 815 €,35.780449,10.630917,3,6,,80 m²,1.0,1.0,1.0,Appartement,Neuf,"Chauffage central, Individuel, Gaz","Réservoir à eau chaude, Individuel",Drainage principal,,,,,,,1.0,,,,,,,,,,,,,,1.0,,,,,,,,,
https://www.properstar.fr/annonce/102799030,appartement,"Appartement à vendre à El Kram, Tunisie",Appartement • 4 pce(s) • 3 chambres • 2 sdb • 160 m² • 7ème étage • réf: 1048004052-19,El Kram,152 164 €,36.85488,10.299279,4,5,160 m²,160 m²,1.0,,,Appartement,,,,,3,2,1,1,1,160 m²,1.0,,,,,,1.0,2021,,,,,,,,,,,,,,,,
https://www.properstar.fr/annonce/102819109,appartement,"Appartement à vendre à Jardins de Carthage, Tunisie",Appartement • 3 pce(s) • 2 chambres • 1 sdb • 103 m² • réf: 1048026001-217,Jardins De Carthage,165 771 €,36.852462,10.296473,3,1,103 m²,103 m²,1.0,1.0,,Appartement,,,,,2,1,1,,,103 m²,1.0,,,,1.0,,,2024,,,,,,,,,,,,,,,,
https://www.properstar.fr/annonce/103132850,appartement,"Appartement à vendre à Ariana, Tunisie",Appartement • 6 pce(s) • 4 chambres • 1 sdb • 127 m² • 4ème étage • réf: 1048033003-107,Ariana,73 156 €,36.866537,10.164723,6,3,127 m²,127 m²,,,,Appartement,,,,,4,1,,6,,130 m²,1.0,1.0,1.0,,,,,1998,,,,,,,,,,,,1.0,,,,
https://www.properstar.fr/annonce/103378706,appartement,"Appartement à vendre à Sousse, Tunisie",Appartement • 3 pce(s) • 2 chambres • 1 sdb • 120 m² • réf: 1048035038-43,Sousse,189 530 €,35.824503,10.634584,3,2,120 m²,120 m²,,,,Appartement,,,,,2,1,,,,,1.0,,,,,,,2025,,,,,,,,,,,,,,,,
https://www.properstar.fr/annonce/102565351,appartement,Appartement 1 chambre type s+1 au 1er étage meublé équipé vue jardin piscine,Appartement • 2 pce(s) • 77 m² • 1er étage • réf: 1580448,Tunis,323 400 €,36.806495,10.181532,2,1,77 m²,92 m²,1.0,1.0,,Appartement,Excellente condition,"Chauffage central, Individuel, Gaz","Solaire, Individuel",,,,,,,,1.0,,1.0,1.0,,,,,,,1.0,Luxe,2016,,1.0,1.0,,,,1.0,1.0,,,
https://www.properstar.fr/annonce/103761541,appartement,"Appartement à vendre à El Kantaoui, Tunisie",Appartement • 2 pce(s) • 1 chambres • 1 sdb • 75 m² • réf: 1048035022-52,El Kantaoui,95 103 €,35.886399,10.591507,2,1,75 m²,75 m²,,,,Appartement,,,,,1,1,,,1,,1.0,,,,,,,2025,,,,,,,,,,,,,,,,
https://www.properstar.fr/annonce/84728177,appartement,Duplex S+4 Meublé a vendre Yasmine Hammamet,Duplex • 5 pce(s) • 215 m² • Rez-de-chaussée • réf: 7653439,Hammamet,289 697 €,36.407257,10.622471,5,,215 m²,215 m²,,1.0,1.0,Appartement,Neuf,"Chauffage central, Individuel, Gaz","Chaudière, Individuel",Drainage principal,,,,,,,,,,1.0,1.0,,,,,1.0,,,,,,,,,,,,,,
https://www.properstar.fr/annonce/94148585,appartement,"Appartement à vendre à Ariana, Tunisie",Appartement • 4 pce(s) • 3 chambres • 1 sdb • 120 m² • 2ème étage • réf: 1048033003-78,Ariana,90 713 €,36.866537,10.164723,4,2,120 m²,120 m²,,,,Appartement,,,,,3,1,1,,1,140 m²,1.0,1.0,,,,,1.0,2000,,,,,,,,,,,,,,,,
https://www.properstar.fr/annonce/100373406,appartement,,,,,,,,,,,,,,,,,,,,,,,,,,,,,,,,,,,,,,,,,,,,,,,,
https://www.properstar.fr/annonce/101860653,appartement,,,,,,,,,,,,,,,,,,,,,,,,,,,,,,,,,,,,,,,,,,,,,,,,
https://www.properstar.fr/annonce/101844363,appartement,,,,,,,,,,,,,,,,,,,,,,,,,,,,,,,,,,,,,,,,,,,,,,,,
https://www.properstar.fr/annonce/97453659,appartement,,,,,,,,,,,,,,,,,,,,,,,,,,,,,,,,,,,,,,,,,,,,,,,,
https://www.properstar.fr/annonce/98920776,appartement,"Appartement à vendre à Akouda, Tunisie",Appartement • 3 pce(s) • 2 chambres • 1 sdb • 128 m² • 4ème étage • réf: 1048035033-21,Akouda,165 040 €,35.915833,10.563368,3,4,128 m²,128 m²,,,,Appartement,,,,,2,1,,,1,,1.0,,,,1.0,,,2024,,,,,,,,,,,,,,,,
https://www.properstar.fr/annonce/101144070,appartement,"Appartement à vendre à Ariana, Tunisie",Appartement • 180 m² • réf: 1048005017-88,Ariana,158 017 €,36.866537,10.164723,,1,180 m²,180 m²,1.0,1.0,,Appartement,,,,,,,,,,,1.0,,1.0,,,,,2018,,,,,,,,,,1.0,,,,,,
https://www.properstar.fr/annonce/101539263,appartement,vente appartement S+2 à Sousse,Appartement • 3 pce(s) • 80 m² • 3ème étage • réf: 85347780,Sousse,48 283 €,35.834273,10.624582,3,,80 m²,,,1.0,,Appartement,Bonne condition,"Radiateur, Commun","Chaudière, Individuel",Drainage principal,,,,,,,,,,,,,,,,,,,,,,,,,,,,,,
https://www.properstar.fr/annonce/99398749,appartement,"Appartement à vendre, à Trocadiro - Bab Bhar Sousse",Appartement • 5 pce(s) • 280 m² • 2ème étage • réf: 6336631,Sousse,81 935 €,35.824503,10.634584,5,,280 m²,,,,,,,,,,,,,,,,,,,,,,,,,,,,,,,,,,,,,,,
https://www.properstar.fr/annonce/99398763,appartement,"Appartement à vendre à Sousse, Tunisie",Appartement • 2 pce(s) • 1 chambres • 76 m² • 2ème étage • réf: 82310163,Sousse,80 062 €,35.824503,10.634584,2,,76 m²,,1.0,1.0,1.0,,,,,,1,,,,,,1.0,,1.0,,,,1.0,,,,,,,,,,1.0,,,,,,,
https://www.properstar.fr/annonce/99398969,appartement,"Appartement à vendre à Sousse, Tunisie",Appartement • 4 pce(s) • 2 chambres • 132 m² • 3ème étage • réf: 82310174,Sousse,142 917 €,35.824503,10.634584,4,,132 m²,,1.0,1.0,1.0,,,,,,2,,,,,,1.0,,1.0,,,,1.0,,,,,,,,,,1.0,,,,,,,
https://www.properstar.fr/annonce/99399119,appartement,À Vendre – Penthouse d'Exception à Khezama avec Vue Panoramique Mer,Appartement • 5 pce(s) • 4 chambres • 220 m² • 8ème étage • réf: 7447161,Sousse,395 042 €,35.824503,10.634584,5,,220 m²,220 m²,1.0,1.0,1.0,Appartement,Neuf,"Radiateur, Commun, Gaz","Chaudière, Individuel",Drainage principal,4,,,,,,,1.0,,,,,1.0,2023,,,1.0,,,,,,,,,,,,,
https://www.properstar.fr/annonce/99399276,appartement,vente villa piscine près du Mall of Sousse,Appartement • 4 pce(s) • 150 m² • Plain pied • réf: 84890433,Bizerte South,438 935 €,37.265216,9.656409,4,1,150 m²,,,1.0,1.0,Appartement,Neuf,Radiateur,Individuel,Drainage principal,,,,,,,1.0,,1.0,1.0,1.0,,,,,,1.0,Luxe,,,,,,,,,,,,
https://www.properstar.fr/annonce/99399429,appartement,"A vendre appartement S+3 en Construction, Vue Mer Exceptionnelle à Chott Mariem",Appartement • 4 pce(s) • 95 m² • Rez-de-chaussée • réf: 84637566,Chott Meriam,182 320 €,35.933487,10.546488,4,3,95 m²,116 m²,1.0,1.0,,Appartement,Neuf,"Radiateur, Commun, Electrique","Chaudière, Individuel",Drainage principal,,,,,,,1.0,,1.0,,1.0,,,2024,,1.0,1.0,Très luxueux,,,,,,,,,,,,
https://www.properstar.fr/annonce/100981973,appartement,vente appartement S+1 à chatt Meriem,Appartement • 2 pce(s) • 71 m² • 2ème étage • réf: 85293250,Chott Meriam,76 082 €,35.933487,10.546488,2,,71 m²,71 m²,,,1.0,Appartement,Neuf,"Radiateur, Commun","Chaudière, Individuel",Drainage principal,,,,,,,1.0,,1.0,,1.0,,,,,1.0,1.0,Très luxueux,2024,,,,,,,,,,,
https://www.properstar.fr/annonce/102982774,appartement,"Appartement à vendre à El Kram, Tunisie",Appartement • 4 pce(s) • 3 chambres • 2 sdb • 161 m² • 5ème étage • réf: 1048004058-11,El Kram,155 090 €,36.85488,10.299279,4,6,161 m²,161 m²,1.0,1.0,,Appartement,,,,,3,2,1,,,,1.0,1.0,,,,,1.0,2025,,,,,,,,,,,,,,,,
https://www.properstar.fr/annonce/103090977,appartement,"Appartement à vendre à Sousse, Tunisie",Appartement • 3 pce(s) • 2 chambres • 108 m² • 30ème étage • réf: 1048035038-35,Sousse,81 935 €,35.824503,10.634584,3,2,108 m²,108 m²,,,,Appartement,,,,,2,,,4,1,,1.0,,,,,,,2024,,,,,,,,,,,,,,,,
https://www.properstar.fr/annonce/98920776,appartement,"Appartement à vendre à Akouda, Tunisie",Appartement • 3 pce(s) • 2 chambres • 1 sdb • 128 m² • 4ème étage • réf: 1048035033-21,Akouda,165 040 €,35.915833,10.563368,3,4,128 m²,128 m²,,,,Appartement,,,,,2,1,,,1,,1.0,,,,1.0,,,2024,,,,,,,,,,,,,,,,
https://www.properstar.fr/annonce/101539263,appartement,vente appartement S+2 à Sousse,Appartement • 3 pce(s) • 80 m² • 3ème étage • réf: 85347780,Sousse,48 283 €,35.834273,10.624582,3,,80 m²,,,1.0,,Appartement,Bonne condition,"Radiateur, Commun","Chaudière, Individuel",Drainage principal,,,,,,,,,,,,,,,,,,,,,,,,,,,,,,
https://www.properstar.fr/annonce/103487027,appartement,"Appartement à vendre à Ariana, Tunisie",Appartement • 4 pce(s) • 3 chambres • 1 sdb • 120 m² • réf: 1048033016-33,El Menzah 6,0,36.849109,10.166124,4,2,120 m²,120 m²,,,,Appartement,,,,,3,1,2,3,,120 m²,1.0,1.0,1.0,,,,,2005,,,,,,,,,,,,,,,,
https://www.properstar.fr/annonce/99398749,appartement,"Appartement à vendre, à Trocadiro - Bab Bhar Sousse",Appartement • 5 pce(s) • 280 m² • 2ème étage • réf: 6336631,Sousse,81 935 €,35.824503,10.634584,5,,280 m²,,,,,,,,,,,,,,,,,,,,,,,,,,,,,,,,,,,,,,,
https://www.properstar.fr/annonce/99398763,appartement,"Appartement à vendre à Sousse, Tunisie",Appartement • 2 pce(s) • 1 chambres • 76 m² • 2ème étage • réf: 82310163,Sousse,80 062 €,35.824503,10.634584,2,,76 m²,,1.0,1.0,1.0,,,,,,1,,,,,,1.0,,1.0,,,,1.0,,,,,,,,,,1.0,,,,,,,
https://www.properstar.fr/annonce/99398969,appartement,"Appartement à vendre à Sousse, Tunisie",Appartement • 4 pce(s) • 2 chambres • 132 m² • 3ème étage • réf: 82310174,Sousse,142 917 €,35.824503,10.634584,4,,132 m²,,1.0,1.0,1.0,,,,,,2,,,,,,1.0,,1.0,,,,1.0,,,,,,,,,,1.0,,,,,,,
https://www.properstar.fr/annonce/99399119,appartement,À Vendre – Penthouse d'Exception à Khezama avec Vue Panoramique Mer,Appartement • 5 pce(s) • 4 chambres • 220 m² • 8ème étage • réf: 7447161,Sousse,395 042 €,35.824503,10.634584,5,,220 m²,220 m²,1.0,1.0,1.0,Appartement,Neuf,"Radiateur, Commun, Gaz","Chaudière, Individuel",Drainage principal,4,,,,,,,1.0,,,,,1.0,2023,,,1.0,,,,,,,,,,,,,
https://www.properstar.fr/annonce/99399276,appartement,vente villa piscine près du Mall of Sousse,Appartement • 4 pce(s) • 150 m² • Plain pied • réf: 84890433,Bizerte South,438 935 €,37.265216,9.656409,4,1,150 m²,,,1.0,1.0,Appartement,Neuf,Radiateur,Individuel,Drainage principal,,,,,,,1.0,,1.0,1.0,1.0,,,,,,1.0,Luxe,,,,,,,,,,,,
https://www.properstar.fr/annonce/99399429,appartement,"A vendre appartement S+3 en Construction, Vue Mer Exceptionnelle à Chott Mariem",Appartement • 4 pce(s) • 95 m² • Rez-de-chaussée • réf: 84637566,Chott Meriam,182 320 €,35.933487,10.546488,4,3,95 m²,116 m²,1.0,1.0,,Appartement,Neuf,"Radiateur, Commun, Electrique","Chaudière, Individuel",Drainage principal,,,,,,,1.0,,1.0,,1.0,,,2024,,1.0,1.0,Très luxueux,,,,,,,,,,,,
https://www.properstar.fr/annonce/99399430,appartement,A Vendre un appartement s+3 au rez de jardin,Appartement • 4 pce(s) • Jardin • réf: 83973486,TanTana,182 320 €,35.918751,10.576029,4,4,,115 m²,1.0,,1.0,Appartement,,"Chauffage central, Commun, Eau chaude","Chaudière, Collectif",,,,,,,,1.0,,1.0,,1.0,,,2024,,1.0,1.0,Luxe,,,,,1.0,,,,,,,
https://www.properstar.fr/annonce/99472506,appartement,Appartement S+1 de 72m2 RDC meublé équipé situé en bord de mer d'une très belle résidence avec jardin piscine terrasse,Appartement • 3 pce(s) • 72 m² • Plain pied • réf: 1600077,Tabarka,84 393 €,36.948275,8.74261,3,,72 m²,94 m²,,1.0,1.0,Appartement,Excellente condition,"Chauffage central, Commun, Eau chaude","Chaudière, Individuel",Station d'épuration,,,,,,,1.0,,1.0,1.0,1.0,,,,,,,Standard,,,1.0,1.0,,1.0,,1.0,1.0,,,
https://www.properstar.fr/annonce/99484606,appartement,"Appartement à vendre à Sousse, Tunisie",Appartement • 2 pce(s) • 1 chambres • 81 m² • 2ème étage • réf: 82310165,Sousse,85 329 €,35.824503,10.634584,2,,81 m²,,1.0,1.0,1.0,,,,,,1,,,,,,1.0,,1.0,,,,1.0,,,,,,,,,,1.0,,,,,,,
https://www.properstar.fr/annonce/99484686,appartement,S+3 Vue mer - En vente,Appartement • 4 pce(s) • 143 m² • 2ème étage • réf: 7637433,Hammam Sousse,92 176 €,35.886399,10.591507,4,,143 m²,143 m²,,,1.0,Appartement,Bonne condition,"Convecteur, Individuel, Gaz","Chaudière, Individuel",,,,,,,,,,,,,,,,,1.0,1.0,,,,1.0,,1.0,,,,,,,
https://www.properstar.fr/annonce/99484736,appartement,S+2 Sousse cité la caserne,Appartement • 3 pce(s) • réf: 7264497,Sousse,96 566 €,35.824503,10.634584,3,10,,115 m²,1.0,1.0,1.0,Appartement,Bonne condition,"Chauffage central, Individuel, Eau chaude","Chaudière, Individuel",Drainage principal,,,,,,,,,,,,,,2009,,1.0,1.0,Standard,,,,,,,,,,,,
https://www.properstar.fr/annonce/99484749,appartement,vente duplex s+3 neuf,Appartement • 4 pce(s) • 147 m² • réf: 85015059,Sousse,114 555 €,35.824503,10.634584,4,7,147 m²,,1.0,1.0,,Appartement,Neuf,"Chauffage central, Individuel, Eau chaude",Individuel,Drainage principal,,,,,,,,,1.0,,,,,,,1.0,,,,,,,,,,,,,,
https://www.properstar.fr/annonce/99484750,appartement,vente appartement S+2 à Tantana Pieds dans l'eau,Appartement • 3 pce(s) • 70 m² • 2ème étage • réf: 84661593,Chott Meriam,114 207 €,35.933487,10.546488,3,,70 m²,84 m²,1.0,1.0,1.0,Appartement,Neuf,"Radiateur, Commun, Electrique","Chaudière, Individuel",Drainage principal,,,,,,,1.0,,1.0,,1.0,,,,,1.0,1.0,Très luxueux,2024,,,,,,,,,,,
https://www.properstar.fr/annonce/99484776,appartement,,,,,,,,,,,,,,,,,,,,,,,,,,,,,,,,,,,,,,,,,,,,,,,,
https://www.properstar.fr/annonce/102565597,appartement,,,,,,,,,,,,,,,,,,,,,,,,,,,,,,,,,,,,,,,,,,,,,,,,
https://www.properstar.fr/annonce/102766811,appartement,,,,,,,,,,,,,,,,,,,,,,,,,,,,,,,,,,,,,,,,,,,,,,,,
https://www.properstar.fr/annonce/102792551,appartement,,,,,,,,,,,,,,,,,,,,,,,,,,,,,,,,,,,,,,,,,,,,,,,,
https://www.properstar.fr/annonce/103697721,appartement,"Appartement à vendre à Al Matlin, Tunisie",Appartement • 4 pce(s) • 3 chambres • 1 sdb • 127 m² • 30ème étage • réf: 1048039003-26,L'Aouina,96 566 €,37.247213,10.045756,4,1,127 m²,127 m²,,1.0,,Appartement,,,,,3,1,1,,1,,,1.0,,,,,,2002,,,,,,,,,,,,,,,,
https://www.properstar.fr/annonce/102450832,appartement,Vente d'Appartements Haut Standing à Sahloul 4,Appartement • 3 pce(s) • 120 m² • 7ème étage • réf: 85314459,Sousse,0,35.824503,10.634584,3,,120 m²,,1.0,1.0,1.0,,,,,,,,,,,,1.0,,,,,,,,,1.0,1.0,,,,,,,,,,,,,
https://www.properstar.fr/annonce/99484722,appartement,À Vendre : Appartement S+2 à Chott Meriem - Proche de la Mer,Appartement • 3 pce(s) • Rez-de-chaussée • réf: 83699980,Chott Meriam,0,35.933487,10.546488,3,2,,,,1.0,1.0,Appartement,Neuf,"Radiateur, Commun",Individuel,Drainage principal,,,,,,,,,,,,,,,,,1.0,Luxe,,,,,,,,,,,,
https://www.properstar.fr/annonce/102565352,appartement,Appartement 1 chambre meublé équipé au 1er étage vue jardin piscine,Appartement • 2 pce(s) • 77 m² • 1er étage • réf: 1580447,Tunis,323 400 €,36.806495,10.181532,2,1,77 m²,92 m²,1.0,1.0,,Appartement,Excellente condition,"Chauffage central, Individuel, Gaz","Solaire, Individuel",,,,,,,,1.0,,1.0,1.0,,,,,,,1.0,Luxe,2016,,1.0,1.0,,,,1.0,1.0,,,
https://www.properstar.fr/annonce/103787335,appartement,"Appartement à vendre à Manouba, Tunisie",Appartement • 3 pce(s) • 2 chambres • 1 sdb • 103 m² • réf: 1048007052-48,Manouba,0,36.809328,10.086327,3,3,103 m²,103 m²,,,,Appartement,,,,,2,1,1,2,2,103 m²,,1.0,,,,,1.0,2015,,,,,,,,,,,,,,,,
https://www.properstar.fr/annonce/102982775,appartement,"Appartement à vendre à Boumhel El Bassatine, Tunisie",Appartement • 4 pce(s) • 3 chambres • 2 sdb • 146 m² • réf: 1048004059-2,Boumhel El Bassatine,150 896 €,36.726991,10.299279,4,5,146 m²,146 m²,1.0,,,Appartement,,,,,3,2,2,,1,,1.0,,,,,,1.0,2024,,,,,,,,,,,,,,,,
https://www.properstar.fr/annonce/103666995,appartement,"Appartement à vendre à Hammamet, Tunisie",Appartement • 3 pce(s) • 1 chambres • 1 sdb • 26ème étage • réf: 1048042004-2,Hammamet,93 640 €,36.407257,10.622471,3,6,,,,,,Appartement,,,,,1,1,1,,2,2200 m²,1.0,,,,1.0,,,2021,,,,,,,,,,,,,,,,
https://www.properstar.fr/annonce/103731752,appartement,"Appartement à vendre à Tunis, Tunisie",Appartement • 3 pce(s) • 2 chambres • 1 sdb • 75 m² • réf: 1048039003-31,Tunis,42 430 €,36.806495,10.181532,3,4,75 m²,75 m²,,,,Appartement,,,,,2,1,,,,,,,,,,,,1973,,,,,,,,,,,,,,,,
https://www.properstar.fr/annonce/81584937,appartement,Maison La Medina Hammamet,Appartement • 4 pce(s) • 300 m² • 2ème étage • réf: 6625128,Hammamet,283 552 €,36.407257,10.622471,4,,300 m²,180 m²,,,,Appartement,Rénovation nécessaire,"Chauffage central, Individuel, Gaz",Individuel,Drainage principal,,,,,,,,,1.0,1.0,,,,,,,,Standard,1970,,,1.0,,,,,,,,
https://www.properstar.fr/annonce/87950763,appartement,Appartement a vendre à Jardins de Carthage,Appartement • réf: 82373156,Jardins De Carthage,147 116 €,36.852462,10.296473,,,,,1.0,1.0,1.0,,,,,,,,,,,,1.0,,,,1.0,,,,,,,,,,,,1.0,,,,,,,
https://www.properstar.fr/annonce/99590265,appartement,"Appartement à vendre à La Goulette, Tunisie",Appartement • 4 pce(s) • 3 chambres • 1 sdb • 119 m² • réf: 1048005019-71,La Goulette,102 418 €,36.82002,10.302084,4,2,119 m²,119 m²,1.0,,,Appartement,,,,,3,1,1,6,,,1.0,,,,,,,2001,,,,,,,,,,,,,,,,
https://www.properstar.fr/annonce/99398762,appartement,à vendre appartement a usage bureautique/club d'enfant/centre d'appel,Appartement • 4 pce(s) • 160 m² • 1er étage • réf: 6282047,cité Hached,80 471 €,36.507966,10.565478,4,,160 m²,,,1.0,,Appartement,Bonne condition,"Chauffage central, Individuel, Eau chaude","Réservoir à eau chaude, Individuel",,,,,,,,,,,1.0,,,,,,,,Standard,,,,,,,,,,,,
https://www.properstar.fr/annonce/99398788,appartement,"Appartement à vendre à Aghir, Tunisie",Appartement • 1 pce(s) • 45 m² • 2ème étage • réf: 3954110,Aghir,47 405 €,33.765881,11.018859,1,,45 m²,,1.0,1.0,1.0,,,,,,,,,,,,1.0,,1.0,1.0,1.0,,,,,1.0,,,,,,1.0,,,1.0,1.0,1.0,,,
https://www.properstar.fr/annonce/99398825,appartement,Opportunité d'Investissement : Appartement S+3 à Hammam Sousse,Appartement • 4 pce(s) • 1er étage • réf: 84224892,Hammam Sousse,64 377 €,35.886399,10.591507,4,4,,190 m²,,1.0,,Appartement,Bonne condition,"Chauffage central, Gaz","Chaudière, Individuel",Drainage principal,,,,,,,,,,1.0,,,,,,,1.0,Standard,,,,,,,,,,,,
https://www.properstar.fr/annonce/99398852,appartement,Appartement 3 chambres au 1er étage d'une luxueuse résidence de 4 niveaux,Appartement • 4 pce(s) • 126 m² • 1er étage • réf: 1580476,Tunis,159 502 €,36.806495,10.181532,4,4,126 m²,151 m²,1.0,1.0,,Appartement,Excellente condition,"Chauffage central, Individuel, Gaz","Solaire, Individuel",,,,,,,,1.0,,1.0,1.0,,,,,,,1.0,Luxe,2016,,1.0,1.0,,,,1.0,1.0,,,
https://www.properstar.fr/annonce/99399082,appartement,Appartement S+2 Haut Standing à Monastir,Appartement • 3 pce(s) • 123 m² • 4ème étage • réf: 83304489,Monastir,165 771 €,35.764252,10.811288,3,,123 m²,,1.0,1.0,1.0,Appartement,Neuf,"Radiateur, Commun, Gaz","Chaudière, Individuel",Drainage principal,,,,,,,1.0,,,1.0,1.0,,,,,1.0,1.0,Luxe,,,,1.0,1.0,,,,,,,
https://www.properstar.fr/annonce/99399198,appartement,A vendre un S+4 en cours de construction à gammarth,Appartement • 5 pce(s) • 2ème étage • réf: 84012951,Gammarth,353 782 €,36.917304,10.285253,5,,,222 m²,1.0,1.0,1.0,Appartement,Neuf,"Chauffage central, Commun",Individuel,Drainage principal,,,,,,,1.0,,,,1.0,,,,,1.0,1.0,Luxe,,,,,,,,,,,,
https://www.properstar.fr/annonce/99399402,appartement,Studio 49 m2 meublé équipé situé en front de mer d'une très belle résidence avec jardin piscine terrasse,Studio • 1 pce(s) • 49 m² • Rez-de-chaussée • réf: 1600041,Tabarka,74 619 €,36.948275,8.74261,1,,49 m²,64 m²,,1.0,1.0,Appartement,Excellente condition,"Chauffage central, Commun, Eau chaude","Chaudière, Individuel",Station d'épuration,,,,,,,1.0,,1.0,1.0,1.0,,,2002,,,,Standard,2012,,1.0,1.0,,1.0,,1.0,1.0,,,
https://www.properstar.fr/annonce/99399482,appartement,Studio 42 m2 meublé équipé situé en front de mer d'une très belle résidence avec jardin piscine terrasse,Studio • 1 pce(s) • 42 m² • Rez-de-chaussée • réf: 1600050,Tabarka,48 890 €,36.948275,8.74261,1,,42 m²,55 m²,,1.0,1.0,Appartement,Excellente condition,"Radiateur, Individuel, Gaz","Chaudière, Individuel",Drainage principal,,,,,,,1.0,,1.0,1.0,1.0,,,,,,,Standard,,,1.0,1.0,,1.0,,1.0,1.0,,,
https://www.properstar.fr/annonce/99422308,appartement,Penrhousse à Khezama vue panoramique mer,Attique • 3 pce(s) • 250 m² • 7ème étage • réf: 85108209,Hammam Sousse,380 411 €,35.886399,10.591507,3,,250 m²,500 m²,,,,Appartement,Bonne condition,"Radiateur, Commun, Electrique","Chaudière, Individuel",Drainage principal,,,,,,,,,,,,,,,,,1.0,Luxe,,,,,,,,,,,,
https://www.properstar.fr/annonce/99472505,appartement,S+1 de 78 m2 meublé équipé situé en bord de mer d'une très belle résidence avec jardin piscine terrasse,Appartement • 3 pce(s) • 78 m² • Plain pied • réf: 1600038,Tabarka,87 045 €,36.948275,8.74261,3,,78 m²,101 m²,,1.0,1.0,Appartement,Excellente condition,"Chauffage central, Commun, Eau chaude","Chaudière, Individuel",Station d'épuration,,,,,,,1.0,,1.0,1.0,1.0,,,,,,,Standard,,,1.0,1.0,,1.0,,1.0,1.0,,,
https://www.properstar.fr/annonce/99484595,appartement,Appartement S+2 à Vendre à Hammam Sousse,Appartement • 3 pce(s) • 77 m² • 3ème étage • réf: 83906896,Hammam Sousse,87 787 €,35.886399,10.591507,3,,77 m²,,,,,Appartement,Bonne condition,,,,,,,,,,,,,,,,,,,,,,,,,,,,,,,,,
https://www.properstar.fr/annonce/99484735,appartement,"Appartement à vendre à Hammam Sousse, Tunisie",Appartement • 3 pce(s) • 2ème étage • réf: 83925754,TanTana,96 566 €,35.918751,10.576029,3,,,88 m²,1.0,1.0,1.0,Appartement,Neuf,"Air conditionné, Electrique","Chaudière, Individuel",Drainage principal,,,,,,,1.0,,,,,,,,,1.0,,,,,,,,,,,,,,
https://www.properstar.fr/annonce/99484748,appartement,Spacieux Appartement de 300 m² à Vendre – Centre-Ville de Sousse,Appartement • 4 pce(s) • 150 m² • 1er étage • réf: 2398257,Sousse,117 049 €,35.824503,10.634584,4,7,150 m²,300 m²,1.0,,,Appartement,Bonne condition,Chauffage central,Individuel,,,,,,,,,,1.0,,,,,,,,,,,,,,,,,,,,,
https://www.properstar.fr/annonce/99484825,appartement,À Vendre - Charmant Appartement S+3 Meublé à Cité Riadh,Appartement • 5 pce(s) • 150 m² • 2ème étage • réf: 83436460,Sousse Riad,102 418 €,35.780449,10.630917,5,,150 m²,,,,1.0,Appartement,Excellente condition,"Chauffage central, Individuel",Individuel,Drainage principal,,,,,,,,,,1.0,,,,,,,,Luxe,,,,,,,,,,,,
https://www.properstar.fr/annonce/99484852,appartement,vente appartement S+2 à Sousse Panorama,Appartement • 3 pce(s) • 134 m² • 4ème étage • réf: 84198233,Sousse,98 029 €,35.824503,10.634584,3,,134 m²,134 m²,1.0,1.0,1.0,Appartement,Neuf,"Radiateur, Commun","Chaudière, Individuel",Drainage principal,,,,,,,1.0,,,,,,,,,1.0,1.0,Très luxueux,,,,,,,,,,,,
https://www.properstar.fr/annonce/99484892,appartement,"Appartement à vendre à Sousse, Tunisie",Appartement • 3 pce(s) • 114 m² • 2ème étage • réf: 82382987,Sousse,95 103 €,35.824503,10.634584,3,,114 m²,,1.0,1.0,1.0,,,,,,,,,,,,1.0,,1.0,,,,,,,1.0,,,,,,,,,,,,,,
https://www.properstar.fr/annonce/99502385,appartement,"Appartement à vendre à Aghir, Tunisie",Studio • 1 pce(s) • 30 m² • 1er étage • réf: 4314700,Aghir,28 970 €,33.765881,11.018859,1,,30 m²,,1.0,1.0,1.0,,,,,,,,,,,,1.0,,1.0,1.0,1.0,,,,,1.0,,,,,,1.0,,,1.0,1.0,1.0,,,
https://www.properstar.fr/annonce/99502422,appartement,Djerba Garden Park,Appartement • réf: 3766911,Aghir,26 336 €,33.765881,11.018859,,,,,1.0,1.0,1.0,,,,,,,,,,,,1.0,,1.0,1.0,1.0,,,,,1.0,,,,,1.0,1.0,,,1.0,1.0,1.0,,,
https://www.properstar.fr/annonce/100532244,appartement,"Appartement à vendre à Ariana, Tunisie",Appartement • 2 pce(s) • 1 chambres • 1 sdb • 75 m² • 5ème étage • réf: 1048033003-113,Ariana,67 303 €,36.866537,10.164723,2,3,75 m²,75 m²,1.0,1.0,,Appartement,,,,,1,1,,40,1,,1.0,1.0,1.0,,,1.0,,2018,,,,,,,,,,1.0,,,,,,
https://www.properstar.fr/annonce/99800012,appartement,"Appartement à vendre à Jardins de Carthage, Tunisie",Duplex • 4 pce(s) • 3 chambres • 3 sdb • 204 m² • réf: 1048032019-12,El Bouhaira,257 801 €,36.856679,10.29487,4,2,204 m²,204 m²,1.0,1.0,,Appartement,,,,,3,3,,1,1,204 m²,1.0,,,,,,1.0,2021,,,,,,,,,,,,,,,,
https://www.properstar.fr/annonce/102982775,appartement,"Appartement à vendre à Boumhel El Bassatine, Tunisie",Appartement • 4 pce(s) • 3 chambres • 2 sdb • 146 m² • réf: 1048004059-2,Boumhel El Bassatine,150 896 €,36.726991,10.299279,4,5,146 m²,146 m²,1.0,,,Appartement,,,,,3,2,2,,1,,1.0,,,,,,1.0,2024,,,,,,,,,,,,,,,,
https://www.properstar.fr/annonce/103666995,appartement,"Appartement à vendre à Hammamet, Tunisie",Appartement • 3 pce(s) • 1 chambres • 1 sdb • 26ème étage • réf: 1048042004-2,Hammamet,93 640 €,36.407257,10.622471,3,6,,,,,,Appartement,,,,,1,1,1,,2,2200 m²,1.0,,,,1.0,,,2021,,,,,,,,,,,,,,,,
https://www.properstar.fr/annonce/103731752,appartement,"Appartement à vendre à Tunis, Tunisie",Appartement • 3 pce(s) • 2 chambres • 1 sdb • 75 m² • réf: 1048039003-31,Tunis,42 430 €,36.806495,10.181532,3,4,75 m²,75 m²,,,,Appartement,,,,,2,1,,,,,,,,,,,,1973,,,,,,,,,,,,,,,,
https://www.properstar.fr/annonce/102565312,appartement,"🏠 Appartement s+3 de 100m² à Vendre à Sidi Abdelhamid, Sousse Sud 🏠",Appartement • 4 pce(s) • 4ème étage • réf: 7523802,Sidi Abdelhamid,36 168 €,35.794122,10.659077,4,,,100 m²,,,,Appartement,Excellente condition,"Chauffage central, Commun","Réservoir à eau chaude, Individuel",Drainage principal,,,,,,,,,,,,,,,,1.0,,Standard,,,,,,,,,,,,
https://www.properstar.fr/annonce/102565325,appartement,Duplex haut standing à Hammamet,Duplex • 196 m² • Rez-de-chaussée • réf: 1354083,Hammamet,193 405 €,36.407257,10.622471,,2,196 m²,319 m²,1.0,1.0,,Appartement,Neuf,Chauffage central,,,,,,,,,,,1.0,,,,,,,,1.0,,,,,,,,,,,,,
https://www.properstar.fr/annonce/87950763,appartement,Appartement a vendre à Jardins de Carthage,Appartement • réf: 82373156,Jardins De Carthage,147 116 €,36.852462,10.296473,,,,,1.0,1.0,1.0,,,,,,,,,,,,1.0,,,,1.0,,,,,,,,,,,,1.0,,,,,,,
https://www.properstar.fr/annonce/96024974,appartement,Terrain de 634m2 a vendre Yasmine Hammamet,Appartement • 634 m² • réf: 84364992,Hammamet,222 628 €,36.407257,10.622471,,,634 m²,634 m²,,,,,,,,,,,,,,,,,,,,,,,,,,,,,,,,,,,,,,
https://www.properstar.fr/annonce/103666995,appartement,"Appartement à vendre à Hammamet, Tunisie",Appartement • 3 pce(s) • 1 chambres • 1 sdb • 26ème étage • réf: 1048042004-2,Hammamet,93 640 €,36.407257,10.622471,3,6,,,,,,Appartement,,,,,1,1,1,,2,2200 m²,1.0,,,,1.0,,,2021,,,,,,,,,,,,,,,,
https://www.properstar.fr/annonce/103731752,appartement,"Appartement à vendre à Tunis, Tunisie",Appartement • 3 pce(s) • 2 chambres • 1 sdb • 75 m² • réf: 1048039003-31,Tunis,42 430 €,36.806495,10.181532,3,4,75 m²,75 m²,,,,Appartement,,,,,2,1,,,,,,,,,,,,1973,,,,,,,,,,,,,,,,
https://www.properstar.fr/annonce/102982775,appartement,"Appartement à vendre à Boumhel El Bassatine, Tunisie",Appartement • 4 pce(s) • 3 chambres • 2 sdb • 146 m² • réf: 1048004059-2,Boumhel El Bassatine,150 896 €,36.726991,10.299279,4,5,146 m²,146 m²,1.0,,,Appartement,,,,,3,2,2,,1,,1.0,,,,,,1.0,2024,,,,,,,,,,,,,,,,
https://www.properstar.fr/annonce/102565353,appartement,Appartement S1 meublé équipé au 1er étage sur le long de la mer,Appartement • 2 pce(s) • 77 m² • 1er étage • réf: 1580446,Tunis,323 400 €,36.806495,10.181532,2,1,77 m²,92 m²,1.0,1.0,,Appartement,Excellente condition,"Chauffage central, Individuel, Gaz","Solaire, Individuel",,,,,,,,1.0,,1.0,1.0,,,,,,,1.0,Luxe,2016,,1.0,1.0,,,,1.0,1.0,,,
https://www.properstar.fr/annonce/102967966,appartement,"Appartement à vendre à Hammamet, Tunisie",Appartement • 3 pce(s) • 2 chambres • 1 sdb • 90 m² • 2ème étage • réf: VA5279-HAMMAMET,Hammamet,92 855 €,36.407257,10.622471,3,,90 m²,,,,,Appartement,,Gaz,,,2,1,1,,,,,1.0,,1.0,,,,,1,,,,,,,,,,,,,,,
https://www.properstar.fr/annonce/96024973,appartement,Terrain vaibilisé a vendre à Yasmine Hammamet,Appartement • 961 m² • réf: 84364864,Hammamet,281 211 €,36.407257,10.622471,,,961 m²,961 m²,,,,,,,,,,,,,,,,,,,,,,,,,,,,,,,,,,,,,,
https://www.properstar.fr/annonce/88030551,appartement,APPARTEMENT S+3 HAUT STANDING A VENDRE -MANNOUBA,Appartement • réf: 82382948,Manouba,100 370 €,36.809328,10.086327,,,,,1.0,1.0,,,,,,,,,,,,,,,,,,,,,,,,,,,,,1.0,,,,,,,
https://www.properstar.fr/annonce/100271155,appartement,"Appartement à vendre à Marsa, Tunisie",Duplex • 5 pce(s) • 3 chambres • 2 sdb • 204 m² • réf: 1048032017-9,Marsa,0,36.889117,10.322267,5,,204 m²,204 m²,,,,Appartement,,,,,3,2,1,,,204 m²,,,,,,,1.0,2024,,,,,,,,,,,,,,,,
https://www.properstar.fr/annonce/100299818,appartement,"Appartement à vendre à Tunis, Tunisie",Appartement • 3 pce(s) • 2 chambres • 1 sdb • 95 m² • réf: 1048032019-22,Tunis,0,36.806495,10.181532,3,5,95 m²,95 m²,1.0,1.0,,Appartement,,,,,2,1,,,1,,1.0,1.0,1.0,,,,1.0,2027,,,,,,,,,,,,,,,,
https://www.properstar.fr/annonce/101434694,appartement,"Appartement à vendre à Manouba, Tunisie",Appartement • 174 m² • réf: 1048005009-148,Manouba,111 197 €,36.809328,10.086327,,,174 m²,174 m²,,,,,,,,,,,,,,174 m²,,,,,,,,,,,,,,,,,,,,,,,,
https://www.properstar.fr/annonce/101465164,appartement,"Appartement à vendre à Ariana, Tunisie",Appartement • 4 pce(s) • 3 chambres • 1 sdb • 123 m² • 8ème étage • réf: 1048033010-94,Ariana,100 955 €,36.866537,10.164723,4,6,123 m²,123 m²,1.0,1.0,,Appartement,,,,,3,1,2,2,1,,,1.0,1.0,,,,1.0,2008,,,,,,,,,,,,,,,,
https://www.properstar.fr/annonce/101844361,appartement,"Appartement à vendre à Ariana, Tunisie",Appartement • 3 pce(s) • 2 chambres • 2 sdb • 124 m² • 2ème étage • réf: 1048026027-4,Ariana,140 459 €,36.866537,10.164723,3,1,124 m²,124 m²,1.0,,,Appartement,,,,,2,2,2,10,1,124 m²,1.0,1.0,,,,,,2024,,,,,,,,,,,,,,,,
https://www.properstar.fr/annonce/102299700,appartement,A vendre dans petite co-propriété à Hammamet Nord,Duplex • 6 pce(s) • 175 m² • réf: 1325113,Hammamet,131 681 €,36.407257,10.622471,6,1,175 m²,175 m²,,,,Appartement,Bonne condition,Chauffage central,Collectif,,,,,,,,,,,,,,,,,,,Standard,,,,1.0,,,,,,,,
https://www.properstar.fr/annonce/102565186,appartement,magnifique duplex cité la caserne à vendre,Duplex • 4 pce(s) • 150 m² • Rez-de-chaussée • réf: 7454682,Tataouine,107 451 €,32.940876,10.455813,4,,150 m²,175 m²,1.0,1.0,1.0,Appartement,Excellente condition,"Radiateur, Commun","Chaudière, Individuel",Drainage principal,,,,,,,1.0,,1.0,,,,,,,1.0,1.0,,,,,,,,,,,,,
https://www.properstar.fr/annonce/102565290,appartement,Annonce Immobilière Professionnelle : Très Belle Résidence de Luxe à Vendre,Appartement • 4 pce(s) • 144 m² • réf: 3044226,Sousse,93 640 €,35.824503,10.634584,4,,144 m²,,1.0,1.0,1.0,,,,,,,,,,,,,,1.0,,,,,,,,,,,,1.0,,,,,,,,,
https://www.properstar.fr/annonce/96024973,appartement,Terrain vaibilisé a vendre à Yasmine Hammamet,Appartement • 961 m² • réf: 84364864,Hammamet,281 211 €,36.407257,10.622471,,,961 m²,961 m²,,,,,,,,,,,,,,,,,,,,,,,,,,,,,,,,,,,,,,
https://www.properstar.fr/annonce/100271155,appartement,"Appartement à vendre à Marsa, Tunisie",Duplex • 5 pce(s) • 3 chambres • 2 sdb • 204 m² • réf: 1048032017-9,Marsa,0,36.889117,10.322267,5,,204 m²,204 m²,,,,Appartement,,,,,3,2,1,,,204 m²,,,,,,,1.0,2024,,,,,,,,,,,,,,,,
https://www.properstar.fr/annonce/100299818,appartement,"Appartement à vendre à Tunis, Tunisie",Appartement • 3 pce(s) • 2 chambres • 1 sdb • 95 m² • réf: 1048032019-22,Tunis,0,36.806495,10.181532,3,5,95 m²,95 m²,1.0,1.0,,Appartement,,,,,2,1,,,1,,1.0,1.0,1.0,,,,1.0,2027,,,,,,,,,,,,,,,,
https://www.properstar.fr/annonce/99398747,appartement,À Vendre : Appartement S+1 à Chatt Meriem,Appartement • 2 pce(s) • 71 m² • 1er étage • réf: 83883684,TanTana,81 935 €,35.918751,10.576029,2,,71 m²,,1.0,1.0,,Appartement,Neuf,"Radiateur, Commun",Individuel,Drainage principal,,,,,,,,,,,1.0,,,,,,1.0,Très luxueux,,,,,,,,,,,,
https://www.properstar.fr/annonce/99398761,appartement,Appartement S+1 et S+ 2 meublé équipé vue jardin piscine medina immeuble bord de mer,Appartement • 2 pce(s) • 77 m² • 1er étage • réf: 2489704,Hammamet,81 061 €,36.407257,10.622471,2,4,77 m²,92 m²,1.0,1.0,1.0,Appartement,Excellente condition,"Chauffage central, Individuel, Gaz","Solaire, Individuel",,,,,,,,1.0,,1.0,1.0,1.0,,,,,,1.0,,2016,,1.0,1.0,,,,1.0,1.0,,,
https://www.properstar.fr/annonce/99399027,appartement,vente appartement s+1 cité olympique,Appartement • 2 pce(s) • 69 m² • réf: 85003619,Tunis,70 771 €,36.836647,10.19484,2,7,69 m²,111 m²,1.0,1.0,,Appartement,Neuf,"Air conditionné, Individuel, Eau chaude","Chaudière, Individuel",Drainage principal,,,,,,,1.0,,1.0,,,,,,,1.0,1.0,,,,,,,,,,,,,
https://www.properstar.fr/annonce/99399054,appartement,Opportunité d'Investissement Exceptionnelle : Ensemble Immobilier de 4 Appartements à Khezama Est,Appartement • 2 pce(s) • 80 m² • 2ème étage • réf: 84346316,Sousse,52 745 €,35.824503,10.634584,2,2,80 m²,80 m²,,,,Appartement,Rénovation nécessaire,,"Réservoir à eau chaude, Individuel",Drainage principal,,,,,,,,,,,,,,1999,,,,Standard,,,,,,,,,,,,
https://www.properstar.fr/annonce/99399184,appartement,Résidence neuve à Tunis,Appartement • 4 pce(s) • 169 m² • réf: 2947195,Tunis,155 362 €,36.806495,10.181532,4,2,169 m²,169 m²,,,,Appartement,Neuf,"Chauffage central, Individuel, Gaz","Chaudière, Individuel",Drainage principal,,,,,,,,,,,,,,2019,,,,,,,,,,,,,,,,
https://www.properstar.fr/annonce/99399351,appartement,Appartement de Charme à La Corniche – Sousse,Appartement • 3 pce(s) • 125 m² • 1er étage • réf: 1616015,Sousse,152 164 €,35.824503,10.634584,3,6,125 m²,197 m²,1.0,,,Appartement,Excellente condition,Chauffage central,"Chaudière, Individuel",,,,,,,,,,1.0,,,,,,,,1.0,Luxe,,,1.0,,,,,,,,,
https://www.properstar.fr/annonce/99399377,appartement,S+2 pieds dans l'eau,Appartement • 3 pce(s) • 140 m² • 3ème étage • réf: 3210715,Hergla,93 435 €,36.031411,10.504303,3,4,140 m²,155 m²,1.0,,,Appartement,Bonne condition,"Chauffage central, Individuel, Gaz","Chaudière, Individuel",Fosse sceptique,,,,,,,,,,1.0,1.0,,,2016,,,1.0,Standard,,,,,,,,,,,,
https://www.properstar.fr/annonce/99399391,appartement,Appartement a vendre Corniche,Appartement • 3 pce(s) • 1er étage • réf: 7323132,Sousse,93 640 €,35.824503,10.634584,3,,,115 m²,,,,Appartement,Rénovation nécessaire,Commun,,,,,,,,,,,,,,,,,,,,Standard,,,,,,,,,,,,
https://www.properstar.fr/annonce/99399454,appartement,"Appartement à vendre à Sousse, Tunisie",Appartement • 5 pce(s) • 257 m² • 4ème étage • réf: 82310214,Sousse,285 776 €,35.824503,10.634584,5,,257 m²,,1.0,1.0,1.0,,,,,,,,,,,,1.0,,1.0,,,,,,,,,,,,,,1.0,,,,,,,
https://www.properstar.fr/annonce/99399467,appartement,"Appartement à vendre à Sousse, Tunisie",Appartement • 2 pce(s) • 1 chambres • 60 m² • 1er étage • réf: 82303100,Sousse,61 451 €,35.824503,10.634584,2,,60 m²,,1.0,1.0,1.0,,,,,,1,,,,,,1.0,,1.0,,,,1.0,,,,,,,,,,1.0,,,,,,,
https://www.properstar.fr/annonce/99399481,appartement,Studio meublé de 42m2 situé en front de mer d'une très belle résidence avec jardin piscine terrasse,Studio • 1 pce(s) • 42 m² • Rez-de-chaussée • réf: 1600069,Tabarka,48 890 €,36.948275,8.74261,1,,42 m²,55 m²,,1.0,1.0,Appartement,Excellente condition,"Chauffage central, Commun, Eau chaude","Chaudière, Individuel",Station d'épuration,,,,,,,1.0,,1.0,1.0,1.0,,,,,,,Standard,,,1.0,1.0,,1.0,,1.0,1.0,,,
https://www.properstar.fr/annonce/99472504,appartement,RDC S+1 de 78 m2 meublé en bord de mer avec jardin piscine terrasse,Appartement • 3 pce(s) • 78 m² • Plain pied • réf: 1625445,Tabarka,87 075 €,36.948275,8.74261,3,,78 m²,101 m²,,1.0,1.0,Appartement,Excellente condition,"Chauffage central, Commun, Eau chaude","Chaudière, Individuel",Station d'épuration,,,,,,,1.0,,1.0,1.0,1.0,,,,,,,Standard,,,1.0,1.0,,1.0,,1.0,1.0,,,
https://www.properstar.fr/annonce/99484697,appartement,"Appartement à vendre à Sousse, Tunisie",Appartement • 3 pce(s) • 2 chambres • 109 m² • 3ème étage • réf: 82310209,Sousse,118 015 €,35.824503,10.634584,3,,109 m²,,1.0,1.0,1.0,,,,,,2,,,,,,1.0,,1.0,,,,,,,,,,,,,,1.0,,,,,,,
https://www.properstar.fr/annonce/99484707,appartement,"À Vendre : Appartement S+1 Meublé à Folla Palm Lake, Monastir",Appartement • 2 pce(s) • 1er étage • réf: 83053905,Monastir,125 828 €,35.764252,10.811288,2,,,81 m²,1.0,1.0,1.0,Appartement,Excellente condition,Radiateur,Individuel,Drainage principal,,,,,,,1.0,,,1.0,1.0,,,,,,1.0,Luxe,,,,,1.0,1.0,,,,,,
https://www.properstar.fr/annonce/99484774,appartement,Appartement sur la zone touristique,Appartement • 4 pce(s) • 200 m² • 5ème étage • réf: 2992483,Sousse,134 607 €,35.824503,10.634584,4,5,200 m²,,1.0,,,Appartement,Bonne condition,"Chauffage central, Individuel, Gaz","Chaudière, Individuel",Drainage principal,,,,,,,,,,,,,,2008,,,1.0,,,,,,,,,,,,,
https://www.properstar.fr/annonce/99484824,appartement,Magnifique S+1 à vendre vue hôtels et mer,Appartement • 2 pce(s) • 4ème étage • réf: 83924700,TanTana,102 418 €,35.918751,10.576029,2,,,60 m²,1.0,1.0,1.0,Appartement,Neuf,"Chauffage central, Electrique","Chaudière, Individuel",Drainage principal,,,,,,,1.0,,,,,,,,,1.0,,,,,,,,,,,,,,
https://www.properstar.fr/annonce/99484851,appartement,A vendre Appartement Tantana,Appartement • 110 m² • 2ème étage • réf: 84167782,TanTana,98 029 €,35.918751,10.576029,,,110 m²,,1.0,1.0,,Appartement,Bonne condition,"Chauffage central, Commun",Individuel,,,,,,,,,,,1.0,,,,,,,1.0,Luxe,,,,,,,,,,,,
https://www.properstar.fr/annonce/102565290,appartement,Annonce Immobilière Professionnelle : Très Belle Résidence de Luxe à Vendre,Appartement • 4 pce(s) • 144 m² • réf: 3044226,Sousse,93 640 €,35.824503,10.634584,4,,144 m²,,1.0,1.0,1.0,,,,,,,,,,,,,,1.0,,,,,,,,,,,,1.0,,,,,,,,,
https://www.properstar.fr/annonce/102565326,appartement,Appartement S+3 vue mer au 2e étage d'une luxueuse résidence en bordure de mer. Financement possible,Appartement • 4 pce(s) • 137 m² • 2ème étage • réf: 1580480,Hammamet,192 429 €,36.407257,10.622471,4,4,137 m²,164 m²,1.0,1.0,,Appartement,Excellente condition,"Chauffage central, Individuel, Gaz","Solaire, Individuel",,,,,,,,1.0,,1.0,1.0,,,,,,,1.0,Luxe,2016,,1.0,1.0,,,,1.0,1.0,,,
https://www.properstar.fr/annonce/102565470,appartement,Sublime duplex à Hammamet,Duplex • 175 m² • Rez-de-chaussée • réf: 1351214,Hammamet,172 500 €,36.407257,10.622471,,2,175 m²,256 m²,1.0,1.0,,Appartement,Neuf,Chauffage central,,,,,,,,,,,1.0,,,,,2018,,,1.0,,,,,,,,,,,,,
https://www.properstar.fr/annonce/102565506,appartement,Sublime duplex à Hammamet,Duplex • 205 m² • Rez-de-chaussée • réf: 1354753,Hammamet,214 108 €,36.407257,10.622471,,2,205 m²,279 m²,1.0,1.0,,Appartement,Neuf,Chauffage central,,,,,,,,,,,1.0,,1.0,,,2018,,,,,,,,,,,,,,,,
https://www.properstar.fr/annonce/102565186,appartement,magnifique duplex cité la caserne à vendre,Duplex • 4 pce(s) • 150 m² • Rez-de-chaussée • réf: 7454682,Tataouine,107 451 €,32.940876,10.455813,4,,150 m²,175 m²,1.0,1.0,1.0,Appartement,Excellente condition,"Radiateur, Commun","Chaudière, Individuel",Drainage principal,,,,,,,1.0,,1.0,,,,,,,1.0,1.0,,,,,,,,,,,,,
https://www.properstar.fr/annonce/101465164,appartement,"Appartement à vendre à Ariana, Tunisie",Appartement • 4 pce(s) • 3 chambres • 1 sdb • 123 m² • 8ème étage • réf: 1048033010-94,Ariana,100 955 €,36.866537,10.164723,4,6,123 m²,123 m²,1.0,1.0,,Appartement,,,,,3,1,2,2,1,,,1.0,1.0,,,,1.0,2008,,,,,,,,,,,,,,,,
https://www.properstar.fr/annonce/101844361,appartement,"Appartement à vendre à Ariana, Tunisie",Appartement • 3 pce(s) • 2 chambres • 2 sdb • 124 m² • 2ème étage • réf: 1048026027-4,Ariana,140 459 €,36.866537,10.164723,3,1,124 m²,124 m²,1.0,,,Appartement,,,,,2,2,2,10,1,124 m²,1.0,1.0,,,,,,2024,,,,,,,,,,,,,,,,
https://www.properstar.fr/annonce/102299700,appartement,A vendre dans petite co-propriété à Hammamet Nord,Duplex • 6 pce(s) • 175 m² • réf: 1325113,Hammamet,131 681 €,36.407257,10.622471,6,1,175 m²,175 m²,,,,Appartement,Bonne condition,Chauffage central,Collectif,,,,,,,,,,,,,,,,,,,Standard,,,,1.0,,,,,,,,
https://www.properstar.fr/annonce/102565354,appartement,Yasmine Hammamet appartement 1 ch meublé équipé,Appartement • 2 pce(s) • 77 m² • 1er étage • réf: 1580122,Tunis,323 400 €,36.806495,10.181532,2,1,77 m²,92 m²,1.0,1.0,,Appartement,Excellente condition,"Chauffage central, Individuel, Gaz","Solaire, Individuel",,,,,,,,1.0,,1.0,1.0,,,,,,,1.0,Luxe,2016,,1.0,1.0,,,,1.0,1.0,,,
https://www.properstar.fr/annonce/97408146,appartement,"Appartement à vendre à Hammamet, Tunisie",Appartement • 2 pce(s) • 1 chambres • 1 sdb • 90 m² • 1er étage • réf: VA3373-HAMMAMET,Hammamet,103 069 €,36.407257,10.622471,2,,90 m²,,1.0,,,Appartement,,Electrique,,,1,1,1,,,,,1.0,,,1.0,,,,,,,,,,,,,,,,,,,
https://www.properstar.fr/annonce/100201870,appartement,"Appartement à vendre à Hammamet, Tunisie",Appartement • 4 pce(s) • 3 chambres • 2 sdb • 105 m² • réf: VA5310-HAMMAMET,Hammamet,114 522 €,36.407257,10.622471,4,,105 m²,,,,,Appartement,,Gaz,,,3,2,2,,,,,,,,,,1.0,,,,,,,,,,,,,,,,,
https://www.properstar.fr/annonce/100299819,appartement,"Appartement à vendre à El Kram, Tunisie",Appartement • 3 pce(s) • 2 chambres • 1 sdb • 136 m² • réf: 1048032019-21,El Kram,166 210 €,36.85488,10.299279,3,1,136 m²,136 m²,1.0,,,Appartement,,,,,2,1,1,,1,,1.0,,,,,,1.0,2021,,,,,,,,,,,,,,,,
https://www.properstar.fr/annonce/100166720,appartement,"Appartement à vendre à Tunis, Tunisie",Appartement • 4 pce(s) • 3 chambres • 1 sdb • 135 m² • réf: 1048028022-87,Tunis,99 492 €,36.806495,10.181532,4,1,135 m²,135 m²,,,,Appartement,,,,,3,1,1,,,,,,,,,,,2015,,,,,,,,,,,,,,,,
https://www.properstar.fr/annonce/97408146,appartement,"Appartement à vendre à Hammamet, Tunisie",Appartement • 2 pce(s) • 1 chambres • 1 sdb • 90 m² • 1er étage • réf: VA3373-HAMMAMET,Hammamet,103 069 €,36.407257,10.622471,2,,90 m²,,1.0,,,Appartement,,Electrique,,,1,1,1,,,,,1.0,,,1.0,,,,,,,,,,,,,,,,,,,
https://www.properstar.fr/annonce/100201870,appartement,"Appartement à vendre à Hammamet, Tunisie",Appartement • 4 pce(s) • 3 chambres • 2 sdb • 105 m² • réf: VA5310-HAMMAMET,Hammamet,114 522 €,36.407257,10.622471,4,,105 m²,,,,,Appartement,,Gaz,,,3,2,2,,,,,,,,,,1.0,,,,,,,,,,,,,,,,,
https://www.properstar.fr/annonce/102165817,appartement,"Appartement à vendre à Tunis, Tunisie",Appartement • 3 pce(s) • 2 chambres • 1 sdb • 110 m² • réf: 1048039022-2,Tunis,81 935 €,36.806495,10.181532,3,1,110 m²,110 m²,,1.0,,Appartement,,,,,2,1,1,5,1,,1.0,1.0,,,,,,2006,,,,,,,,,,,,,,,,
https://www.properstar.fr/annonce/101265129,appartement,"Appartement à vendre à La Soukra, Tunisie",Duplex • 5 pce(s) • 4 chambres • 2 sdb • 232 m² • réf: 1048028002-377,La Soukra,193 132 €,36.885888,10.248797,5,5,232 m²,232 m²,,,,Appartement,,,,,4,2,1,,2,232 m²,,1.0,,,,,1.0,2012,,,,,,,,,,,,,,,,
https://www.properstar.fr/annonce/101265130,appartement,"Appartement à vendre à La Soukra, Tunisie",Appartement • 2 pce(s) • 1 chambres • 1 sdb • 80 m² • réf: 1048028006-154,La Soukra,71 400 €,36.885888,10.248797,2,1,80 m²,80 m²,1.0,1.0,,Appartement,,,,,1,1,1,,,,,1.0,,,,,,2024,,,,,,,,,,,,,,,,
https://www.properstar.fr/annonce/102601014,appartement,"Appartement à vendre à Tunis, Tunisie",Appartement • 4 pce(s) • 3 chambres • 1 sdb • 114 m² • 30ème étage • réf: 1048015050-3,Tunis,73 156 €,36.806495,10.181532,4,5,114 m²,114 m²,1.0,,,Appartement,,,,,3,1,2,2,,,,1.0,,,,,1.0,1992,,,,,,,,,,,,,,,,
https://www.properstar.fr/annonce/100299819,appartement,"Appartement à vendre à El Kram, Tunisie",Appartement • 3 pce(s) • 2 chambres • 1 sdb • 136 m² • réf: 1048032019-21,El Kram,166 210 €,36.85488,10.299279,3,1,136 m²,136 m²,1.0,,,Appartement,,,,,2,1,1,,1,,1.0,,,,,,1.0,2021,,,,,,,,,,,,,,,,
https://www.properstar.fr/annonce/100166720,appartement,"Appartement à vendre à Tunis, Tunisie",Appartement • 4 pce(s) • 3 chambres • 1 sdb • 135 m² • réf: 1048028022-87,Tunis,99 492 €,36.806495,10.181532,4,1,135 m²,135 m²,,,,Appartement,,,,,3,1,1,,,,,,,,,,,2015,,,,,,,,,,,,,,,,
https://www.properstar.fr/annonce/100561279,appartement,"Appartement à vendre à Hammamet, Tunisie",Appartement • 4 pce(s) • 3 chambres • 2 sdb • 261 m² • réf: 1048015030-62,Hammamet,163 869 €,36.407257,10.622471,4,1,261 m²,261 m²,,1.0,,Appartement,,,,,3,2,1,,1,,1.0,,,,1.0,,,2020,,,,,,,,,,,,,,,,
https://www.properstar.fr/annonce/100561280,appartement,"Appartement à vendre à Mrezga, Tunisie",Appartement • 3 pce(s) • 2 chambres • 2 sdb • 102 m² • réf: 1048015030-63,Mrezga,105 344 €,36.419773,10.661893,3,5,102 m²,102 m²,1.0,,,Appartement,,,,,2,2,1,,1,,1.0,,,,,,,2021,,,,,,,,,,,,,,,,
https://www.properstar.fr/annonce/102308607,appartement,"Appartement à vendre à Tunis, Tunisie",Appartement • 3 pce(s) • 2 chambres • 1 sdb • 104 m² • réf: 1048015047-1,Tunis,0,36.806495,10.181532,3,3,104 m²,104 m²,,,,Appartement,,,,,2,1,2,8,2,,,1.0,,,,,1.0,1985,,,,,,,,,,,,,,,,
https://www.properstar.fr/annonce/102399164,appartement,"Appartement à vendre à Marsa, Tunisie",Duplex • 270 m² • réf: 1048015030-71,Marsa,286 771 €,36.889117,10.322267,,,270 m²,270 m²,,1.0,,Appartement,,,,,,,,,2,170 m²,1.0,1.0,,,,1.0,1.0,2017,,,,,,,,,,,,,,,,
https://www.properstar.fr/annonce/103069097,appartement,"Appartement à vendre à Raoued, Tunisie",Appartement • 4 pce(s) • 3 chambres • 1 sdb • 138 m² • réf: 1048042013-46,El Ghazala,112 660 €,36.895095,10.188536,4,6,138 m²,138 m²,1.0,,,Appartement,,,,,3,1,,,1,138 m²,1.0,,,,,,1.0,2019,,,,,,,,,,,,,,,,
https://www.properstar.fr/annonce/103090981,appartement,"Appartement à vendre à Ariana, Tunisie",Appartement • 4 pce(s) • 3 chambres • 3 sdb • 180 m² • 4ème étage • réf: 1048004032-45,Ariana,125 828 €,36.866537,10.164723,4,2,180 m²,180 m²,1.0,,,Appartement,,,,,3,3,3,,1,,,1.0,,,,,,2003,,,,,,,,,,,,,,,,
https://www.properstar.fr/annonce/103432257,appartement,"Appartement à vendre à Jardins de Carthage, Tunisie",Appartement • 1 pce(s) • 46 m² • réf: 1048033018-28,El Bouhaira,0,36.856679,10.29487,1,1,46 m²,46 m²,,,,Appartement,,,,,,,,,,,1.0,,,,,,,2023,,,,,,,,,,,,,,,,
https://www.properstar.fr/annonce/99770973,appartement,"Appartement à vendre à Jardins de Carthage, Tunisie",Appartement • 3 pce(s) • 2 chambres • 2 sdb • 160 m² • 2ème étage • réf: 1048032019-9,El Bouhaira,227 822 €,36.856679,10.29487,3,2,160 m²,160 m²,1.0,,,Appartement,,,,,2,2,,,1,,,,,,,,1.0,2024,,,,,,,,,,,,,,,,
https://www.properstar.fr/annonce/103509801,appartement,SPACIEUX S+2 A VENDRE HAMMAMET SUD,Appartement • 3 pce(s) • 82 m² • 3ème étage • réf: 85582044,Hammamet,134 607 €,36.407257,10.622471,3,,82 m²,105 m²,,1.0,1.0,Appartement,Excellente condition,"Chauffage central, Individuel, Gaz","Chaudière, Individuel",,,,,,,,,,,,,,,,,,,,,,,,,,,,,,,
https://www.properstar.fr/annonce/99398746,appartement,VENTE APPARTEMENT S+3 KHEZAMA OUEST,Appartement • 4 pce(s) • 2ème étage • réf: 4712110,Sousse,81 935 €,35.824503,10.634584,4,,,128 m²,1.0,1.0,1.0,Appartement,Excellente condition,"Chauffage central, Individuel, Eau chaude","Chaudière, Individuel",Drainage principal,,,,,,,,,,,,,,,,,1.0,,,,,,,,,,,,,
https://www.properstar.fr/annonce/99398786,appartement,Vente Appartement à Tantana - Occasion à Saisir,Appartement • 2 pce(s) • 43 m² • 1er étage • réf: 4457630,TanTana,48 283 €,35.918751,10.576029,2,,43 m²,50 m²,,1.0,,Appartement,Bonne condition,"Chauffage central, Individuel, Eau chaude","Chaudière, Individuel",Drainage principal,,,,,,,,,,1.0,,,,,,,,,,,1.0,,,,,,,,,
https://www.properstar.fr/annonce/99398799,appartement,Appartement S + 1 RDC Cap Gammarth,Appartement • 2 pce(s) • 70 m² • Rez-de-chaussée • réf: 84090423,Gammarth,175 574 €,36.917304,10.285253,2,,70 m²,81 m²,1.0,1.0,1.0,Appartement,Neuf,"Air conditionné, Commun","Chaudière, Individuel",Drainage principal,,,,,,,1.0,,,,1.0,,,,,,1.0,,,,,,,,,,,,,
https://www.properstar.fr/annonce/99398939,appartement,Vente Appartement Meublé à 2ème Position de la Plage,Appartement • 3 pce(s) • 73 m² • 1er étage • réf: 1337537,Chott Meriam,58 525 €,35.933487,10.546488,3,6,73 m²,73 m²,1.0,,1.0,Appartement,Excellente condition,"Chauffage central, Individuel, Gaz","Chaudière, Individuel",Drainage principal,,,,,,,,,1.0,1.0,1.0,,,,,,1.0,,,,,,,1.0,,,,,,
https://www.properstar.fr/annonce/99399026,appartement,Appartement en Bord de Mer,Appartement • 3 pce(s) • 73 m² • Plain pied • réf: 83206814,TanTana,70 830 €,35.918751,10.576029,3,4,73 m²,,1.0,1.0,1.0,Appartement,Bonne condition,,"Chaudière, Individuel",,,,,,,,,,1.0,1.0,,,,2015,,1.0,1.0,,,,,,,,,,,,,
https://www.properstar.fr/annonce/99399040,appartement,"Appartement à vendre à Sousse, Tunisie",Appartement • 2 pce(s) • 1 chambres • 53 m² • 1er étage • réf: 82310155,Sousse,54 282 €,35.824503,10.634584,2,,53 m²,,1.0,1.0,1.0,,,,,,1,,,,,,1.0,,1.0,,,,,,,,,,,,,,1.0,,,,,,,
https://www.properstar.fr/annonce/99399053,appartement,Opportunité d'Investissement Exceptionnelle : Ensemble Immobilier de 4 Appartements à Khezama Est,Appartement • 2 pce(s) • 80 m² • 1er étage • réf: 84346095,Sousse,52 745 €,35.824503,10.634584,2,2,80 m²,80 m²,,,,Appartement,Rénovation nécessaire,,"Réservoir à eau chaude, Individuel",Drainage principal,,,,,,,,,,,,,,1999,,,,Standard,,,,,,,,,,,,
https://www.properstar.fr/annonce/99399233,appartement,"Appartement à vendre à Gammarth, Tunisie",Appartement • 5 pce(s) • 237 m² • 1er étage • réf: 83890680,Gammarth,0,36.917304,10.285253,5,,237 m²,,1.0,1.0,1.0,Appartement,Neuf,"Chauffage central, Commun","Chaudière, Individuel",Drainage principal,,,,,,,1.0,1.0,,,1.0,,,,,1.0,1.0,Très luxueux,,,1.0,,,,,,,,,
https://www.properstar.fr/annonce/99399400,appartement,Appartement S+1 de 77 m2 meublé équipé vue jardin piscine medina immeuble bord de mer,Appartement • 2 pce(s) • 77 m² • 1er étage • réf: 2489705,Hammamet,74 619 €,36.407257,10.622471,2,4,77 m²,92 m²,1.0,1.0,1.0,Appartement,Excellente condition,"Chauffage central, Individuel, Gaz","Solaire, Individuel",,,,,,,,1.0,,1.0,1.0,1.0,,,,,,1.0,Luxe,2016,,1.0,1.0,,,,1.0,1.0,,,
https://www.properstar.fr/annonce/99399440,appartement,Appartement S+1 et S+ 2 meublé équipé vue jardin piscine medina immeuble bord de mer,Appartement • 2 pce(s) • 77 m² • 1er étage • réf: 2685481,Hammamet,81 379 €,36.407257,10.622471,2,4,77 m²,92 m²,1.0,1.0,1.0,Appartement,Excellente condition,"Chauffage central, Individuel, Gaz","Solaire, Individuel",,,,,,,,1.0,,1.0,1.0,1.0,,,,,,1.0,Luxe,2016,,1.0,1.0,,,,1.0,1.0,,,
https://www.properstar.fr/annonce/99399453,appartement,À Vendre : Appartement S+3 Haut Standing avec Vue Mer à Gammarth,Appartement • 4 pce(s) • 156 m² • 4ème étage • réf: 82219531,Raoued,286 771 €,36.948782,10.198343,4,6,156 m²,,1.0,1.0,1.0,Appartement,Neuf,"Chauffage central, Commun, Gaz","Réservoir à eau chaude, Individuel",Drainage principal,,,,,,,,,,,,,,2017,,,1.0,Luxe,,,1.0,,,,,,,,,
https://www.properstar.fr/annonce/99399466,appartement,Appartement s+1 a vendre a sousse,Appartement • 2 pce(s) • 85 m² • réf: 6004364,Sousse,61 451 €,35.824503,10.634584,2,,85 m²,,1.0,,,Appartement,Excellente condition,Chauffage central,Individuel,,,,,,,,,,1.0,,,,,2015,,,1.0,Luxe,,,,,,,,,,,,
https://www.properstar.fr/annonce/99472516,appartement,Studio 50m2 meublé équipé situé en front de mer d'une très belle résidence avec jardin piscine terrasse,Studio • 5 pce(s) • 50 m² • Plain pied • réf: 1600027,Tabarka,58 773 €,36.948275,8.74261,5,,50 m²,65 m²,,1.0,,Appartement,Excellente condition,"Chauffage central, Commun, Eau chaude","Chaudière, Individuel",Station d'épuration,,,,,,,1.0,,1.0,1.0,1.0,,,,,,,Luxe,,,1.0,1.0,,,,1.0,1.0,,,
https://www.properstar.fr/annonce/99484629,appartement,Appartement I12 - Les Vosges,Appartement • 3 pce(s) • 130 m² • 1er étage • réf: 1274969,Tunis,136 234 €,36.806495,10.181532,3,3,130 m²,146 m²,1.0,1.0,,Appartement,Neuf,"Chauffage central, Individuel, Gaz","Chaudière, Individuel",Drainage principal,,,,,,,1.0,,1.0,,1.0,,,2018,,,1.0,Luxe,,1.0,,,,1.0,,,,,,
https://www.properstar.fr/annonce/99484683,appartement,Studio vue mer de 31 m2 sur Corniche Yasmine Hammamet,Appartement • 1 pce(s) • 91 m² • 4ème étage • réf: 1579949,Hammamet,99 769 €,36.407257,10.622471,1,4,91 m²,37 m²,1.0,1.0,1.0,Appartement,Excellente condition,Chauffage central,"Solaire, Collectif",Station d'épuration,,,,,,,1.0,,1.0,1.0,1.0,,,,,,1.0,Luxe,2017,,1.0,1.0,,,,1.0,1.0,,,
https://www.properstar.fr/annonce/99484809,appartement,Appartement S+2 Haut standing à vendre,Appartement • 3 pce(s) • 103 m² • 3ème étage • réf: 83697821,Hammam Sousse,103 881 €,35.886399,10.591507,3,5,103 m²,,1.0,1.0,,Appartement,Neuf,"Air conditionné, Individuel, Electrique","Chaudière, Individuel",Drainage principal,,,,,,,1.0,,,,,,,2023,,1.0,,,,,,,1.0,,,,,,,
https://www.properstar.fr/annonce/99484849,appartement,WEST CARTHAGE RESIDENCE,Appartement • réf: 85065911,El Kram,98 595 €,36.85488,10.299279,,,,,1.0,1.0,1.0,,,,,,,,,,,,1.0,,1.0,,,,,,,1.0,,,,,1.0,,1.0,,,,,,,
https://www.properstar.fr/annonce/99484850,appartement,Appartement S+2 Haut standing à vendre,Appartement • 3 pce(s) • 94 m² • 2ème étage • réf: 83697617,Hammam Sousse,98 029 €,35.886399,10.591507,3,5,94 m²,,1.0,1.0,,Appartement,Neuf,"Air conditionné, Individuel, Gaz","Chaudière, Individuel",Drainage principal,,,,,,,,,,,,,,2023,,,,,2023,,,,,,,,,,,
https://www.properstar.fr/annonce/99484863,appartement,A vendre un appartement Haute standing S+3 dans une résidence sécurisée,Appartement • 4 pce(s) • 85 m² • 5ème étage • réf: 83906420,Sousse,114 123 €,35.824503,10.634584,4,,85 m²,115 m²,1.0,,1.0,Appartement,Bonne condition,"Chauffage au sol, Commun",Individuel,Drainage principal,,,,,,,1.0,,,,,,,,,1.0,1.0,,,,1.0,,,,,,,,,
https://www.properstar.fr/annonce/99484890,appartement,À Vendre – Appartement S+1 Pieds dans l'Eau à Kantaoui,Appartement • 2 pce(s) • 1 chambres • 73 m² • 4ème étage • réf: 84406917,Akouda,96 566 €,35.915833,10.563368,2,4,73 m²,80 m²,1.0,1.0,1.0,Appartement,Bonne condition,"Chauffage central, Individuel, Gaz","Chaudière, Individuel",Fosse sceptique,1,,,,,,,1.0,,,,,,2013,,,1.0,,,,,,,,,,,,,
https://www.properstar.fr/annonce/99484900,appartement,vente appartement S+2 à chatt Meriem,Appartement • 3 pce(s) • 100 m² • 1er étage • réf: 83821054,Chott Meriam,118 150 €,35.933487,10.546488,3,,100 m²,103 m²,1.0,1.0,,Appartement,Neuf,"Radiateur, Commun, Electrique","Chaudière, Individuel",Drainage principal,,,,,,,1.0,,1.0,,1.0,,,,,1.0,1.0,Très luxueux,,,,,1.0,,,,,,,
https://www.properstar.fr/annonce/99484926,appartement,"Appartement à vendre à Aghir, Tunisie",Appartement • 4 pce(s) • 120 m² • 1er étage • réf: 3954174,Aghir,126 413 €,33.765881,11.018859,4,,120 m²,,1.0,1.0,1.0,,,,,,,,,,,,1.0,,1.0,1.0,1.0,,,,,1.0,,,,,,1.0,,,1.0,1.0,1.0,,,
https://www.properstar.fr/annonce/99484939,appartement,Appartement s+3 a vendre a sousse,Appartement • 4 pce(s) • 154 m² • réf: 6004426,Sousse,111 197 €,35.824503,10.634584,4,,154 m²,,1.0,,,Appartement,Excellente condition,Chauffage central,Individuel,,,,,,,,,,1.0,,,,,2015,,,1.0,Luxe,,,,,,,,,,,,
https://www.properstar.fr/annonce/99502303,appartement,"Appartement à vendre à Aghir, Tunisie",Studio • 1 pce(s) • 30 m² • 2ème étage • réf: 4314705,Aghir,29 549 €,33.765881,11.018859,1,,30 m²,,1.0,1.0,1.0,,,,,,,,,,,,1.0,,1.0,1.0,1.0,,,,,1.0,,,,,,1.0,,,1.0,1.0,1.0,,,
https://www.properstar.fr/annonce/99502383,appartement,"Appartement à vendre à Aghir, Tunisie",Studio • 1 pce(s) • 30 m² • 1er étage • réf: 3914345,Aghir,28 970 €,33.765881,11.018859,1,,30 m²,,1.0,1.0,1.0,,,,,,,,,,,,1.0,,1.0,1.0,1.0,,,,,1.0,,,,,,1.0,,,1.0,1.0,1.0,,,
https://www.properstar.fr/annonce/99636060,appartement,Appartement de standing S+1 avec vue sur la Corniche de Sousse,Appartement • 2 pce(s) • 7ème étage • réf: 85126917,Sousse,79 008 €,35.824503,10.634584,2,7,,73 m²,1.0,1.0,1.0,Appartement,Excellente condition,"Chauffage au sol, Individuel, Gaz","Chaudière, Individuel",,,,,,,,,,,1.0,,,,,,,1.0,,,1.0,,,,,,,,,,
https://www.properstar.fr/annonce/102565187,appartement,VENTE APPARTEMENT S+3 À CITÉ LA CASERNE,Appartement • 4 pce(s) • 5ème étage • réf: 3794046,Sousse,106 998 €,35.824503,10.634584,4,7,,162 m²,1.0,1.0,1.0,Appartement,Neuf,"Chauffage central, Individuel, Eau chaude","Réservoir à eau chaude, Individuel",Drainage principal,,,,,,,1.0,,1.0,,,,,2019,,1.0,1.0,Très luxueux,,,,,,,,,,,,
https://www.properstar.fr/annonce/102565211,appartement,Vente duplex luxe EL MENZA,Appartement • 6 pce(s) • Jardin • réf: 2839205,Tunis,263 361 €,36.806495,10.181532,6,,,,1.0,1.0,1.0,Appartement,Neuf,Chauffage central,Individuel,,,,,,,,,,1.0,,,,,2013,,,1.0,Luxe,,,1.0,,,,,,,,,
https://www.properstar.fr/annonce/102565291,appartement,Hammamet dans très belle résidence neuve vends S+3,Appartement • 5 pce(s) • 139 m² • réf: 1354562,Hammamet,0,36.407257,10.622471,5,2,139 m²,,1.0,1.0,1.0,Appartement,Neuf,Chauffage central,Individuel,,,,,,,,,,,,,,,2018,,,,,,,,,,,,,,,,
https://www.properstar.fr/annonce/102565367,appartement,Splendide duplex à Hammamet,Duplex • 202 m² • réf: 1351113,Hammamet,209 404 €,36.407257,10.622471,,,202 m²,,,,,Appartement,Neuf,,,,,,,,,,,,,,,,,,,,,,,,,,,,,,,,,
https://www.properstar.fr/annonce/102565404,appartement,4 appartements S+1 et 1 studio à vendre,Studio • 9 pce(s) • 56 m² • 3ème étage • réf: 7465410,Sousse,95 512 €,35.824503,10.634584,9,3,56 m²,224 m²,,1.0,,Appartement,Excellente condition,"Chauffage central, Commun","Chaudière, Individuel",Drainage principal,,,,,,,,,,,,,,,,,,,,,,,,,,,,,,
https://www.properstar.fr/annonce/103619887,appartement,"Appartement à vendre à Ariana, Tunisie",Appartement • 3 pce(s) • 2 chambres • 1 sdb • 124 m² • 30ème étage • réf: 1048044004-3,Ariana,99 492 €,36.866537,10.164723,3,3,124 m²,124 m²,1.0,1.0,,Appartement,,,,,2,1,1,,1,,,1.0,,,,,,2017,,,,,,,,,,,,,,,,
https://www.properstar.fr/annonce/103697724,appartement,"Appartement à vendre à Bab Bhar, Tunisie",Appartement • 4 pce(s) • 3 chambres • 1 sdb • 100 m² • 30ème étage • réf: 1048039003-28,Bab Bhar,64 377 €,36.799716,10.198343,4,1,100 m²,100 m²,,,,Appartement,,,,,3,1,1,,,100 m²,,1.0,,,,,1.0,1970,,,,,,,,,,,,,,,,
https://www.properstar.fr/annonce/102565405,appartement,Yasmine Hammamet appartement 1 ch meublé équipé au 1er étage,Appartement • 2 pce(s) • 77 m² • 1er étage • réf: 1580211,Tunis,323 400 €,36.806495,10.181532,2,1,77 m²,92 m²,1.0,1.0,,Appartement,Excellente condition,"Chauffage central, Individuel, Gaz","Solaire, Individuel",,,,,,,,1.0,,1.0,1.0,,,,,,,1.0,Luxe,2016,,1.0,1.0,,,,1.0,1.0,,,
https://www.properstar.fr/annonce/99469702,appartement,"Appartement à vendre à Hammamet, Tunisie",Appartement • 3 pce(s) • 2 chambres • 1 sdb • 129 m² • 2ème étage • réf: VA4218-HAMMAMET,Hammamet,145 473 €,36.407257,10.622471,3,,129 m²,,1.0,,,Appartement,,Gaz,,,2,1,2,,,,,1.0,,1.0,1.0,,,,1,,,,,,,,,,,,,,,
https://www.properstar.fr/annonce/100497834,appartement,"Appartement à vendre à Tunis, Tunisie",Appartement • 4 pce(s) • 3 chambres • 1 sdb • 100 m² • réf: 1048032013-31,Tunis,0,36.806495,10.181532,4,1,100 m²,100 m²,,1.0,,Appartement,,,,,3,1,,,,,,1.0,,,,,,2000,,,,,,,,,,,,,,,,
https://www.properstar.fr/annonce/101318448,appartement,"Appartement à vendre à Sousse, Tunisie",Appartement • 8 pce(s) • 3 chambres • 1 sdb • 200 m² • 2ème étage • réf: 1048035045-7,Sousse,111 197 €,35.824503,10.634584,8,1,200 m²,200 m²,,,,Appartement,,,,,3,1,1,1,,200 m²,,,,,,,,2004,,,,,,,,,,,,,,,,
https://www.properstar.fr/annonce/99398718,appartement,Sublime Duplex S+4 Front Mer à Vendre – Zone Touristique Hammam Sousse,Appartement • 4 pce(s) • 230 m² • réf: 2913484,Hammam Sousse,219 468 €,35.886399,10.591507,4,,230 m²,275 m²,1.0,,,Appartement,Excellente condition,Chauffage central,Individuel,,,,,,,,,,,1.0,,,,,,,,,,,,,,,,,,,,
https://www.properstar.fr/annonce/99398798,appartement,S+2 pieds dans l'eau avec jardin privé,Appartement • 3 pce(s) • 120 m² • Rez-de-chaussée • réf: 84475713,Hergla,175 574 €,36.031411,10.504303,3,,120 m²,400 m²,,1.0,,Appartement,Neuf,"Chauffage central, Commun, Gaz","Chaudière, Individuel",Fosse sceptique,,,,,,,,,1.0,,1.0,,,2020,,1.0,1.0,,,,,,,,,,,,1.0,
https://www.properstar.fr/annonce/99398835,appartement,Vente Appartement S+1 Meublé à Sahloul 1,Appartement • 2 pce(s) • 40 m² • 5ème étage • réf: 83907270,Sousse,57 062 €,35.824503,10.634584,2,,40 m²,,,,,Appartement,Excellente condition,,,,,,,,,,,,,,,,,,,,,,,,,,,,,,,,,
https://www.properstar.fr/annonce/100497834,appartement,"Appartement à vendre à Tunis, Tunisie",Appartement • 4 pce(s) • 3 chambres • 1 sdb • 100 m² • réf: 1048032013-31,Tunis,0,36.806495,10.181532,4,1,100 m²,100 m²,,1.0,,Appartement,,,,,3,1,,,,,,1.0,,,,,,2000,,,,,,,,,,,,,,,,
https://www.properstar.fr/annonce/93036823,appartement,APPARTEMENT A VENDRE HAMMAMET A 600m DE LA PLAGE,Appartement • 2 pce(s) • 67 m² • Rez-de-chaussée • réf: 7292089,Hammamet,77 984 €,36.407257,10.622471,2,,67 m²,105 m²,1.0,1.0,1.0,Appartement,Neuf,"Air conditionné, Individuel, Electrique","Chaudière, Individuel",Drainage principal,,,,,,,,,,1.0,1.0,,,,,,,,,,,,,,,,,,1.0,
https://www.properstar.fr/annonce/99398718,appartement,Sublime Duplex S+4 Front Mer à Vendre – Zone Touristique Hammam Sousse,Appartement • 4 pce(s) • 230 m² • réf: 2913484,Hammam Sousse,219 468 €,35.886399,10.591507,4,,230 m²,275 m²,1.0,,,Appartement,Excellente condition,Chauffage central,Individuel,,,,,,,,,,,1.0,,,,,,,,,,,,,,,,,,,,
https://www.properstar.fr/annonce/99398798,appartement,,,,,,,,,,,,,,,,,,,,,,,,,,,,,,,,,,,,,,,,,,,,,,,,
https://www.properstar.fr/annonce/99398835,appartement,,,,,,,,,,,,,,,,,,,,,,,,,,,,,,,,,,,,,,,,,,,,,,,,
https://www.properstar.fr/annonce/99399245,appartement,,,,,,,,,,,,,,,,,,,,,,,,,,,,,,,,,,,,,,,,,,,,,,,,
https://www.properstar.fr/annonce/99399348,appartement,,,,,,,,,,,,,,,,,,,,,,,,,,,,,,,,,,,,,,,,,,,,,,,,
https://www.properstar.fr/annonce/99399375,appartement,Appartement S+2 à vendre - HERGLA,Appartement • 3 pce(s) • 88 m² • 1er étage • réf: 83935111,Hergla,78 423 €,36.031411,10.504303,3,,88 m²,88 m²,1.0,1.0,1.0,Appartement,Neuf,"Radiateur, Commun, Electrique","Chaudière, Individuel",Drainage principal,,,,,,,1.0,,,,,,,,,1.0,1.0,Très luxueux,2024,,,,,,,,,,,
https://www.properstar.fr/annonce/99399465,appartement,VENTE APPARTEMENT TANTANA/ SOVIVA,Appartement • 3 pce(s) • 101 m² • réf: 3383220,TanTana,87 369 €,35.918751,10.576029,3,5,101 m²,,1.0,,,Appartement,Excellente condition,"Air conditionné, Individuel, Electrique","Réservoir à eau chaude, Individuel",,,,,,,,,,,,,,,2019,,,1.0,Luxe,,,,,,,,,,,,
https://www.properstar.fr/annonce/99399478,appartement,Studio RDC meublé de 42 m2 situé en front de mer d'une très belle résidence avec jardin piscine terrasse,Studio • 1 pce(s) • 42 m² • Rez-de-chaussée • réf: 1625340,Tabarka,49 404 €,36.948275,8.74261,1,,42 m²,55 m²,,1.0,1.0,Appartement,Excellente condition,"Chauffage central, Commun, Eau chaude","Chaudière, Individuel",Station d'épuration,,,,,,,1.0,,1.0,1.0,1.0,,,,,,,Standard,,,1.0,1.0,,1.0,,1.0,1.0,,,
https://www.properstar.fr/annonce/99472502,appartement,Studio meublé équipé situé en front de mer d'une très belle résidence avec jardin piscine terrasse,Studio • 1 pce(s) • 49 m² • Rez-de-chaussée • réf: 1600058,Tabarka,56 193 €,36.948275,8.74261,1,,49 m²,64 m²,,1.0,,Appartement,Excellente condition,"Chauffage central, Commun, Eau chaude","Chaudière, Individuel",Station d'épuration,,,,,,,1.0,,1.0,1.0,1.0,,,,,,,Standard,,,1.0,1.0,,,,1.0,1.0,,,
https://www.properstar.fr/annonce/99472515,appartement,Studio meublé équipé front de mer avec jardin piscine terrasse plage privee,Studio • 1 pce(s) • 49 m² • Rez-de-chaussée • réf: 1625510,Tabarka,57 700 €,36.948275,8.74261,1,,49 m²,64 m²,,1.0,,Appartement,Excellente condition,"Chauffage central, Commun, Eau chaude","Chaudière, Individuel",Station d'épuration,,,,,,,1.0,,1.0,1.0,1.0,,,,,,,Standard,,,1.0,1.0,,,,1.0,1.0,,,
https://www.properstar.fr/annonce/99484592,appartement,Bel Appartement Pieds Dans L'Eau à Vendre – Chatt Mariem,Appartement • 2 pce(s) • Rez-de-chaussée • réf: 3352716,Chott Meriam,117 049 €,35.933487,10.546488,2,1,,81 m²,,,,Appartement,Excellente condition,Chauffage central,Individuel,,,,,,,,,,,,,,,2015,,,,,,,,,,,,,,,,
https://www.properstar.fr/annonce/99484758,appartement,VENTE APPARTEMENT CITÉ RIADH,Appartement • 4 pce(s) • 153 m² • 2ème étage • réf: 83758228,Sousse Riad,120 883 €,35.780449,10.630917,4,,153 m²,153 m²,1.0,1.0,,Appartement,Neuf,"Radiateur, Commun, Electrique","Chaudière, Individuel",Drainage principal,,,,,,,1.0,,1.0,,,,,,,1.0,1.0,Très luxueux,,,,,1.0,,,,,,,
https://www.properstar.fr/annonce/99484785,appartement,Appartement S+2 Haut standing à vendre,Appartement • 3 pce(s) • 91 m² • 3ème étage • réf: 83697892,Hammam Sousse,93 932 €,35.886399,10.591507,3,5,91 m²,,1.0,1.0,,Appartement,Neuf,"Air conditionné, Electrique","Chaudière, Individuel",Drainage principal,,,,,,,1.0,,,,,,,2023,,1.0,,,,,,,1.0,,,,,,,
https://www.properstar.fr/annonce/99484808,appartement,Studio vue mer de 31 m2 sur Corniche Yasmine Hammamet,Appartement • 1 pce(s) • 91 m² • 3ème étage • réf: 1579945,Hammamet,104 362 €,36.407257,10.622471,1,4,91 m²,37 m²,1.0,1.0,1.0,Appartement,Excellente condition,Chauffage central,"Solaire, Collectif",Station d'épuration,,,,,,,1.0,,1.0,1.0,1.0,,,,,,1.0,Luxe,2017,,1.0,1.0,,,,1.0,1.0,,,
https://www.properstar.fr/annonce/99484822,appartement,S+3 cité de la plage,Appartement • 4 pce(s) • 5ème étage • réf: 4713713,Tunisie,102 418 €,33.886917,9.537499,4,,,177 m²,1.0,1.0,1.0,Appartement,Excellente condition,"Chauffage central, Individuel, Charbon","Chaudière, Individuel",Drainage principal,,,,,,,1.0,,,,,,,,,,1.0,,,,1.0,,,,,,,,,
https://www.properstar.fr/annonce/99502302,appartement,"Appartement à vendre à Aghir, Tunisie",Studio • 1 pce(s) • 30 m² • 2ème étage • réf: 4314713,Aghir,29 549 €,33.765881,11.018859,1,,30 m²,,1.0,1.0,1.0,,,,,,,,,,,,1.0,,1.0,1.0,1.0,,,,,1.0,,,,,,1.0,,,1.0,1.0,1.0,,,
https://www.properstar.fr/annonce/99502405,appartement,"Appartement à vendre à Aghir, Tunisie",Appartement • 1 pce(s) • 30 m² • 2ème étage • réf: 3954147,Aghir,31 603 €,33.765881,11.018859,1,,30 m²,,1.0,1.0,1.0,,,,,,,,,,,,1.0,,1.0,1.0,1.0,,,,,1.0,,,,,,1.0,,,1.0,1.0,1.0,,,
https://www.properstar.fr/annonce/99399478,appartement,Studio RDC meublé de 42 m2 situé en front de mer d'une très belle résidence avec jardin piscine terrasse,Studio • 1 pce(s) • 42 m² • Rez-de-chaussée • réf: 1625340,Tabarka,49 404 €,36.948275,8.74261,1,,42 m²,55 m²,,1.0,1.0,Appartement,Excellente condition,"Chauffage central, Commun, Eau chaude","Chaudière, Individuel",Station d'épuration,,,,,,,1.0,,1.0,1.0,1.0,,,,,,,Standard,,,1.0,1.0,,1.0,,1.0,1.0,,,
https://www.properstar.fr/annonce/99472502,appartement,Studio meublé équipé situé en front de mer d'une très belle résidence avec jardin piscine terrasse,Studio • 1 pce(s) • 49 m² • Rez-de-chaussée • réf: 1600058,Tabarka,56 193 €,36.948275,8.74261,1,,49 m²,64 m²,,1.0,,Appartement,Excellente condition,"Chauffage central, Commun, Eau chaude","Chaudière, Individuel",Station d'épuration,,,,,,,1.0,,1.0,1.0,1.0,,,,,,,Standard,,,1.0,1.0,,,,1.0,1.0,,,
https://www.properstar.fr/annonce/99472515,appartement,Studio meublé équipé front de mer avec jardin piscine terrasse plage privee,Studio • 1 pce(s) • 49 m² • Rez-de-chaussée • réf: 1625510,Tabarka,57 700 €,36.948275,8.74261,1,,49 m²,64 m²,,1.0,,Appartement,Excellente condition,"Chauffage central, Commun, Eau chaude","Chaudière, Individuel",Station d'épuration,,,,,,,1.0,,1.0,1.0,1.0,,,,,,,Standard,,,1.0,1.0,,,,1.0,1.0,,,
https://www.properstar.fr/annonce/99484592,appartement,Bel Appartement Pieds Dans L'Eau à Vendre – Chatt Mariem,Appartement • 2 pce(s) • Rez-de-chaussée • réf: 3352716,Chott Meriam,117 049 €,35.933487,10.546488,2,1,,81 m²,,,,Appartement,Excellente condition,Chauffage central,Individuel,,,,,,,,,,,,,,,2015,,,,,,,,,,,,,,,,
https://www.properstar.fr/annonce/99484758,appartement,VENTE APPARTEMENT CITÉ RIADH,Appartement • 4 pce(s) • 153 m² • 2ème étage • réf: 83758228,Sousse Riad,120 883 €,35.780449,10.630917,4,,153 m²,153 m²,1.0,1.0,,Appartement,Neuf,"Radiateur, Commun, Electrique","Chaudière, Individuel",Drainage principal,,,,,,,1.0,,1.0,,,,,,,1.0,1.0,Très luxueux,,,,,1.0,,,,,,,
https://www.properstar.fr/annonce/99484785,appartement,Appartement S+2 Haut standing à vendre,Appartement • 3 pce(s) • 91 m² • 3ème étage • réf: 83697892,Hammam Sousse,93 932 €,35.886399,10.591507,3,5,91 m²,,1.0,1.0,,Appartement,Neuf,"Air conditionné, Electrique","Chaudière, Individuel",Drainage principal,,,,,,,1.0,,,,,,,2023,,1.0,,,,,,,1.0,,,,,,,
https://www.properstar.fr/annonce/99484808,appartement,Studio vue mer de 31 m2 sur Corniche Yasmine Hammamet,Appartement • 1 pce(s) • 91 m² • 3ème étage • réf: 1579945,Hammamet,104 362 €,36.407257,10.622471,1,4,91 m²,37 m²,1.0,1.0,1.0,Appartement,Excellente condition,Chauffage central,"Solaire, Collectif",Station d'épuration,,,,,,,1.0,,1.0,1.0,1.0,,,,,,1.0,Luxe,2017,,1.0,1.0,,,,1.0,1.0,,,
https://www.properstar.fr/annonce/99484822,appartement,S+3 cité de la plage,Appartement • 4 pce(s) • 5ème étage • réf: 4713713,Tunisie,102 418 €,33.886917,9.537499,4,,,177 m²,1.0,1.0,1.0,Appartement,Excellente condition,"Chauffage central, Individuel, Charbon","Chaudière, Individuel",Drainage principal,,,,,,,1.0,,,,,,,,,,1.0,,,,1.0,,,,,,,,,
https://www.properstar.fr/annonce/99502302,appartement,"Appartement à vendre à Aghir, Tunisie",Studio • 1 pce(s) • 30 m² • 2ème étage • réf: 4314713,Aghir,29 549 €,33.765881,11.018859,1,,30 m²,,1.0,1.0,1.0,,,,,,,,,,,,1.0,,1.0,1.0,1.0,,,,,1.0,,,,,,1.0,,,1.0,1.0,1.0,,,
https://www.properstar.fr/annonce/99502405,appartement,"Appartement à vendre à Aghir, Tunisie",Appartement • 1 pce(s) • 30 m² • 2ème étage • réf: 3954147,Aghir,31 603 €,33.765881,11.018859,1,,30 m²,,1.0,1.0,1.0,,,,,,,,,,,,1.0,,1.0,1.0,1.0,,,,,1.0,,,,,,1.0,,,1.0,1.0,1.0,,,
https://www.properstar.fr/annonce/100497834,appartement,"Appartement à vendre à Tunis, Tunisie",Appartement • 4 pce(s) • 3 chambres • 1 sdb • 100 m² • réf: 1048032013-31,Tunis,0,36.806495,10.181532,4,1,100 m²,100 m²,,1.0,,Appartement,,,,,3,1,,,,,,1.0,,,,,,2000,,,,,,,,,,,,,,,,
https://www.properstar.fr/annonce/103274605,appartement,"Appartement à vendre à Ariana, Tunisie",Appartement • 4 pce(s) • 3 chambres • 2 sdb • 158 m² • réf: 1048044001-216,Ariana,141 922 €,36.866537,10.164723,4,2,158 m²,158 m²,,,,Appartement,,,,,3,2,,,1,,1.0,,,,,,,2018,,,,,,,,,,,,,,,,
https://www.properstar.fr/annonce/103286745,appartement,"Appartement à vendre à Ariana, Tunisie",Appartement • 4 pce(s) • 3 chambres • 1 sdb • 160 m² • réf: 1048033011-80,Ariana,0,36.866537,10.164723,4,3,160 m²,160 m²,,,,Appartement,,,,,3,1,1,9,3,,,,,,,,,2015,,,,,,,,,,,,,,,,
https://www.properstar.fr/annonce/103697725,appartement,"Appartement à vendre à Jardins de Carthage, Tunisie",Appartement • 4 pce(s) • 3 chambres • 1 sdb • 157 m² • 30ème étage • réf: 1048039003-29,Jardins De Carthage,190 205 €,36.852462,10.296473,4,2,157 m²,157 m²,1.0,,,Appartement,,,,,3,1,2,,1,,,1.0,,,,,,2021,,,,,,,,,,,,,,,,
https://www.properstar.fr/annonce/102753765,appartement,"Appartement à vendre à Akouda, Tunisie",Appartement • 4 pce(s) • 3 chambres • 2 sdb • 138 m² • réf: 1048035049-16,Akouda,134 607 €,35.915833,10.563368,4,2,138 m²,138 m²,1.0,,,Appartement,,,,,3,2,2,1,2,,1.0,1.0,1.0,,,,1.0,2013,,,,,,,,,,,,,,,,
https://www.properstar.fr/annonce/102565406,appartement,Appartement une chambre au 1er étage d'une luxueuse résidence de 4 niveaux,Appartement • 2 pce(s) • 77 m² • 1er étage • réf: 1580463,Tunis,323 400 €,36.806495,10.181532,2,4,77 m²,92 m²,1.0,1.0,,Appartement,Excellente condition,"Chauffage central, Individuel, Gaz","Solaire, Individuel",,,,,,,,1.0,,1.0,1.0,,,,,,,1.0,Luxe,2016,,1.0,1.0,,,,1.0,1.0,,,
https://www.properstar.fr/annonce/102565420,appartement,Appartement S2 au 1er d'une luxueuse résidence de 4 étages,Appartement • 3 pce(s) • 114 m² • 1er étage • réf: 1580475,Tunis,478 800 €,36.806495,10.181532,3,4,114 m²,137 m²,1.0,1.0,,Appartement,Excellente condition,"Chauffage central, Individuel, Gaz","Solaire, Individuel",,,,,,,,1.0,,1.0,1.0,,,,,,,1.0,Luxe,2016,,1.0,1.0,,,,1.0,1.0,,,
https://www.properstar.fr/annonce/95662553,appartement,"Appartement à vendre à Hammamet, Tunisie",Appartement • 3 pce(s) • 2 chambres • 1 sdb • 116 m² • 1er étage • réf: VA4780-HAMMAMET,Hammamet,120 712 €,36.407257,10.622471,3,,116 m²,,,,,,,,,,2,1,,,,,,,,,,,1.0,,1,,,,,,,,,,,,,,,
https://www.properstar.fr/annonce/88073991,appartement,"Appartement à vendre à Ariana, Tunisie",Appartement • 2 pce(s) • 1 chambres • 1 sdb • 96 m² • réf: 1048005017-72,Ariana,93 640 €,36.866537,10.164723,2,6,96 m²,96 m²,1.0,1.0,,Appartement,,,,,1,1,,,,,1.0,1.0,,1.0,,,,2018,,,,,,,,,,,,,,,,
https://www.properstar.fr/annonce/99398834,appartement,vente appartement S+1 à Sousse Panorama,Appartement • 2 pce(s) • 85 m² • 3ème étage • réf: 84198139,Sousse,61 451 €,35.824503,10.634584,2,,85 m²,85 m²,1.0,1.0,1.0,Appartement,Neuf,"Radiateur, Commun, Electrique","Chaudière, Individuel",Drainage principal,,,,,,,1.0,,,,,,,,,1.0,1.0,Très luxueux,,,,,,,,,,,,
https://www.properstar.fr/annonce/99398847,appartement,Appartement S+1 Cap Gammarth,Appartement • 2 pce(s) • 69 m² • Jardin • réf: 84089141,Gammarth,160 943 €,36.917304,10.285253,2,,69 m²,81 m²,1.0,1.0,1.0,Appartement,Neuf,"Air conditionné, Commun","Chaudière, Individuel",Drainage principal,,,,,,,1.0,,,,1.0,,,,,,1.0,,,,,,1.0,,,,,,,
https://www.properstar.fr/annonce/99398951,appartement,Studio RDC meublé de 42 m2 situé en front de mer d'une très belle résidence avec jardin piscine terrasse,Studio • 1 pce(s) • 42 m² • Rez-de-chaussée • réf: 1600075,Tabarka,57 518 €,36.948275,8.74261,1,,42 m²,55 m²,,1.0,1.0,Appartement,Excellente condition,"Chauffage central, Commun, Eau chaude","Chaudière, Individuel",Station d'épuration,,,,,,,1.0,,1.0,1.0,1.0,,,,,,,Standard,,,1.0,1.0,,1.0,,1.0,1.0,,,
https://www.properstar.fr/annonce/99399181,appartement,Appartement S+2 meublé équipé situé dans luxueuse résidence en bord de mer,Appartement • 3 pce(s) • 109 m² • 2ème étage • réf: 1574164,Hammamet,163 059 €,36.407257,10.622471,3,4,109 m²,129 m²,1.0,1.0,1.0,Appartement,Excellente condition,"Chauffage central, Individuel, Gaz","Solaire, Individuel",Station d'épuration,,,,,,,1.0,,1.0,1.0,1.0,,,,,,1.0,,2017,,1.0,1.0,,,,1.0,1.0,,,
https://www.properstar.fr/annonce/99399194,appartement,Appartement Pieds dans l'Eau à Vendre – Kantaoui,Appartement • 4 pce(s) • 115 m² • 2ème étage • réf: 82480991,Akouda,140 459 €,35.915833,10.563368,4,,115 m²,140 m²,,1.0,,Appartement,Rénovation nécessaire,"Chauffage central, Individuel, Gaz","Chaudière, Individuel",,,,,,,,,,1.0,,,,,,,,1.0,,,,,,,,,,,1.0,,
https://www.properstar.fr/annonce/99399257,appartement,S+4 pieds dans l'eau sur la Zone Touristique,Appartement • 5 pce(s) • 153 m² • 3ème étage • réf: 84607402,Hammam Sousse,244 341 €,35.886399,10.591507,5,1,153 m²,224 m²,1.0,1.0,1.0,Appartement,Excellente condition,"Air conditionné, Individuel, Gaz","Chaudière, Individuel",Drainage principal,,,,,,,,,,,1.0,,,2022,,,1.0,,,1.0,,,,1.0,,,,,,
https://www.properstar.fr/annonce/99399334,appartement,Vente Appartement S+1 à Sahloul 4,Appartement • 2 pce(s) • 4ème étage • réf: 6999100,Sousse,66 718 €,35.824503,10.634584,2,,,95 m²,,,,Appartement,,"Chauffage central, Individuel, Gaz","Réservoir à eau chaude, Individuel",,,,,,,,,,,,,,,2018,,,,Très luxueux,,,,,,,,,,,,
https://www.properstar.fr/annonce/99399464,appartement,À vendre : Appartement moderne S+1,Appartement • 2 pce(s) • 69 m² • 5ème étage • réf: 85003977,Tunis,72 157 €,36.836647,10.19484,2,7,69 m²,111 m²,1.0,1.0,,Appartement,Neuf,"Air conditionné, Individuel, Eau chaude","Chaudière, Individuel",Drainage principal,,,,,,,1.0,,1.0,,,,,,,1.0,1.0,,,,,,,,,,,,,
https://www.properstar.fr/annonce/99399477,appartement,Studio 42 m2 meublé équipé situé en front de mer d'une très belle résidence avec jardin piscine terrasse,Studio • 1 pce(s) • 42 m² • Rez-de-chaussée • réf: 1600072,Tabarka,49 463 €,36.948275,8.74261,1,,42 m²,55 m²,,1.0,1.0,Appartement,Excellente condition,"Chauffage central, Commun, Eau chaude","Chaudière, Individuel",Station d'épuration,,,,,,,1.0,,1.0,1.0,1.0,,,,,,,Standard,,,1.0,1.0,,1.0,,1.0,1.0,,,
https://www.properstar.fr/annonce/99472501,appartement,Studio 49 m2 meublé équipé en front de mer jardin piscine terrasse,Studio • 1 pce(s) • 49 m² • Rez-de-chaussée • réf: 1627472,Tabarka,56 193 €,36.948275,8.74261,1,,49 m²,64 m²,,1.0,,Appartement,Excellente condition,"Chauffage central, Commun, Eau chaude","Chaudière, Individuel",Station d'épuration,,,,,,,1.0,,1.0,1.0,1.0,,,,,,,Standard,,,1.0,1.0,,,,1.0,1.0,,,
https://www.properstar.fr/annonce/99472514,appartement,Studio 49 m2 meublé équipé situé en front de mer dans belle résidence avec jardin piscine terrasse,Studio • 1 pce(s) • 49 m² • Rez-de-chaussée • réf: 1625342,Tabarka,56 193 €,36.948275,8.74261,1,,49 m²,64 m²,,1.0,,Appartement,Excellente condition,"Chauffage central, Commun, Eau chaude","Chaudière, Individuel",Station d'épuration,,,,,,,1.0,,1.0,1.0,1.0,,,,,,,Standard,,,1.0,1.0,,,,1.0,1.0,,,
https://www.properstar.fr/annonce/99484704,appartement,À Vendre : Appartement S+2 de Standing sur la Zone Touristique de Sousse,Appartement • 3 pce(s) • 168 m² • 4ème étage • réf: 7053588,Sousse,115 586 €,35.824503,10.634584,3,,168 m²,168 m²,1.0,1.0,,Appartement,Bonne condition,"Radiateur, Individuel, Gaz","Chaudière, Individuel",Drainage principal,,,,,,,1.0,,,,,,,,,1.0,1.0,Luxe,,,1.0,,,,,,,,,
https://www.properstar.fr/annonce/99484717,appartement,Appartement S+2 à Vendre à Hammam Sousse,Appartement • 3 pce(s) • 85 m² • Rez-de-chaussée • réf: 84588992,Hammam Sousse,122 902 €,35.886399,10.591507,3,,85 m²,135 m²,,1.0,,Appartement,Neuf,"Radiateur, Commun, Electrique","Chaudière, Individuel",Drainage principal,,,,,,,1.0,,,,,,,,,1.0,1.0,Très luxueux,,,,,,,,,,,,
https://www.properstar.fr/annonce/99484797,appartement,S+2 pieds dans l'eau meublé,Appartement • 3 pce(s) • réf: 5076821,Hammam Sousse,131 681 €,35.886399,10.591507,3,6,,125 m²,1.0,,1.0,Appartement,Bonne condition,"Chauffage central, Individuel, Gaz","Chaudière, Individuel",,,,,,,,,,,1.0,1.0,,,2012,,,1.0,Standard,,,,,,,,,,,,
https://www.properstar.fr/annonce/99484821,appartement,"Appartement S+3 avec Ascenseur, Quartier Animé",Appartement • 4 pce(s) • 95 m² • 5ème étage • réf: 84242678,Sousse,102 418 €,35.824503,10.634584,4,6,95 m²,110 m²,1.0,1.0,,Appartement,Excellente condition,"Chauffage central, Individuel, Gaz","Chaudière, Individuel",Drainage principal,,,,,,,,,,,,,,2016,,1.0,,,,,,,,,,,,,,
https://www.properstar.fr/annonce/99484834,appartement,Appartement S+2 en vente - Direct promoteur,Appartement • 3 pce(s) • 120 m² • 4ème étage • réf: 84673217,Sousse,102 418 €,35.824503,10.634584,3,,120 m²,,1.0,1.0,1.0,Appartement,Neuf,"Air conditionné, Individuel, Eau chaude","Chaudière, Individuel",,,,,,,,1.0,,,,,,,,,,1.0,Luxe,2023,,,,,,,,,,,
https://www.properstar.fr/annonce/99484887,appartement,vente appartement S+2 à Tantana Pieds dans l'eau,Appartement • 3 pce(s) • 60 m² • 1er étage • réf: 84661385,Chott Meriam,96 850 €,35.933487,10.546488,3,,60 m²,72 m²,,1.0,1.0,Appartement,Neuf,"Chauffage central, Commun, Electrique","Chaudière, Individuel",Drainage principal,,,,,,,1.0,,1.0,,1.0,,,,,1.0,1.0,Très luxueux,2024,,,,,,,,,,,
https://www.properstar.fr/annonce/99744071,appartement,"Appartement à vendre à Nabeul, Tunisie",Appartement • 3 pce(s) • 2 chambres • 1 sdb • 108 m² • réf: 1048015030-58,Nabeul,122 902 €,36.451289,10.735663,3,2,108 m²,108 m²,1.0,,,Appartement,,,,,2,1,1,,1,,1.0,1.0,,,1.0,,,2021,,,,,,,,,,,,,,,,
https://www.properstar.fr/annonce/100166722,appartement,"Appartement à vendre à Djerba - Houmt Souk, Tunisie",Appartement • 6 pce(s) • 4 chambres • 3 sdb • 400 m² • 28ème étage • réf: 1048030007-106,Taourit,160 943 €,33.874789,10.864903,6,1,400 m²,400 m²,,1.0,,Appartement,,,,,4,3,3,2,2,400 m²,,,1.0,,,,1.0,2007,,,,,,,,,,,,,,,,
https://www.properstar.fr/annonce/88073991,appartement,"Appartement à vendre à Ariana, Tunisie",Appartement • 2 pce(s) • 1 chambres • 1 sdb • 96 m² • réf: 1048005017-72,Ariana,93 640 €,36.866537,10.164723,2,6,96 m²,96 m²,1.0,1.0,,Appartement,,,,,1,1,,,,,1.0,1.0,,1.0,,,,2018,,,,,,,,,,,,,,,,
https://www.properstar.fr/annonce/94665717,appartement,"Appartement à vendre, Les Berges Du Lac II, à Tunis, Tunisie",Appartement en terrasse • 4 pce(s) • 3 chambres • 3 sdb • 290 m²,Les Berges Du Lac II,0,36.84522,10.272632,4,,290 m²,,,,,Appartement,,,,,3,3,1,,,,,,,,1.0,,1.0,2017,2,,,,,,,,,,,,,,,
https://www.properstar.fr/annonce/101222504,appartement,Appartement s+2 à Vendre a sousse,Appartement • 3 pce(s) • 115 m² • 1er étage • réf: 85309356,Sidi Abdelhamid,58 525 €,35.794122,10.659077,3,,115 m²,115 m²,,,,Appartement,Bonne condition,"Radiateur, Commun, Electrique","Chaudière, Individuel",Drainage principal,,,,,,,,,,,,,,,,1.0,,Standard,,,,,,,,,,,,
https://www.properstar.fr/annonce/101278181,appartement,Joli dublex sur la route touristique de Sousse,Duplex • 4 pce(s) • 122 m² • Rez-de-chaussée • réf: 85316222,Hammam Sousse,140 459 €,35.886399,10.591507,4,,122 m²,170 m²,1.0,,,Appartement,Bonne condition,"Radiateur, Commun, Electrique","Chaudière, Individuel",Drainage principal,,,,,,,1.0,,,1.0,1.0,,,,,1.0,1.0,Luxe,,,,,,,,,,,,
https://www.properstar.fr/annonce/101778777,appartement,"Appartement à vendre à El Kram, Tunisie",Appartement • 4 pce(s) • 3 chambres • 2 sdb • 195 m² • 30ème étage • réf: 1048007055-8,El Kram,181 427 €,36.85488,10.299279,4,1,195 m²,195 m²,1.0,,,Appartement,,,,,3,2,2,1,1,,,,,,,,1.0,2014,,,,,,,,,,,,,,,,
https://www.properstar.fr/annonce/101619357,appartement,"Appartement à vendre à La Soukra, Tunisie",Appartement • 3 pce(s) • 2 chambres • 1 sdb • 118 m² • réf: 1048026001-195,La Soukra,126 491 €,36.885888,10.248797,3,2,118 m²,118 m²,,,,Appartement,,,,,2,1,1,,2,,,,,,,,,2024,,,,,,,,,,,,,,,,
https://www.properstar.fr/annonce/101844357,appartement,"Appartement à vendre à Tunis, Tunisie",Appartement • 4 pce(s) • 4 chambres • 2 sdb • 284 m² • réf: 1048026027-9,Tunis,216 541 €,36.806495,10.181532,4,1,284 m²,284 m²,1.0,,,Appartement,,,,,4,2,2,24,1,284 m²,1.0,,1.0,,,1.0,1.0,2013,,,,,,,,,,,,,,,,
https://www.properstar.fr/annonce/102038300,appartement,"Appartement à vendre à Mahdia, Tunisie",Appartement • 4 pce(s) • 3 chambres • 1 sdb • 120 m² • 5ème étage • réf: 1048037001-85,Mahdia,70 230 €,35.502446,11.045721,4,3,120 m²,120 m²,1.0,,,Appartement,,,,,3,1,1,,,,,1.0,,,,,,2022,,,,,,,,,,,,,,,,
https://www.properstar.fr/annonce/102486903,appartement,"Appartement à vendre à Tunis, Tunisie",Appartement • 240 m² • réf: 1048015031-8,Tunis,175 574 €,36.806495,10.181532,,2,240 m²,240 m²,,,,Appartement,,,,,,,,,,200 m²,,,,,,,,1969,,,,,,,,,,,,,,,,
https://www.properstar.fr/annonce/102565176,appartement,magnifique appartement s+3 NEUF à lVENDRE,Appartement • 4 pce(s) • 128 m² • 4ème étage • réf: 7465496,Sousse,110 436 €,35.824503,10.634584,4,4,128 m²,147 m²,,,1.0,Appartement,Neuf,"Radiateur, Commun","Chaudière, Individuel",Drainage principal,,,,,,,,,1.0,,,,,,,1.0,1.0,,,,,,,,,,,,,
https://www.properstar.fr/annonce/102565549,appartement,À Vendre S+2 au Centre de Nabeul,Appartement • 7 pce(s) • 1er étage • réf: 1866397,Nabeul,75 351 €,36.451289,10.735663,7,1,,94 m²,,1.0,,Appartement,Bonne condition,Chauffage central,Individuel,Drainage principal,,,,,,,,,,,,,,,,,1.0,Standard,,,,,,,,,,,,
https://www.properstar.fr/annonce/102565639,appartement,"Appartement à vendre à Sousse, Tunisie",Appartement • 3 pce(s) • 124 m² • 3ème étage • réf: 3044262,Sousse,79 008 €,35.824503,10.634584,3,,124 m²,,1.0,1.0,1.0,,,,,,,,,,,,,,1.0,,,,,,,,,,,,1.0,,,,,,,,,
https://www.properstar.fr/annonce/102565640,appartement,"Appartement à vendre à Sousse, Tunisie",Appartement • 3 pce(s) • 124 m² • réf: 3044232,Sousse,79 008 €,35.824503,10.634584,3,,124 m²,,1.0,1.0,1.0,,,,,,,,,,,,,,1.0,,,,,,,,,,,,1.0,,,,,,,,,
https://www.properstar.fr/annonce/102565730,appartement,"Appartement à vendre à Sousse, Tunisie",Appartement • 3 pce(s) • 124 m² • 5ème étage • réf: 3044292,Sousse,78 423 €,35.824503,10.634584,3,,124 m²,,1.0,1.0,1.0,,,,,,,,,,,,,,1.0,,,,,,,,,,,,1.0,,,,,,,,,
https://www.properstar.fr/annonce/102152446,appartement,À vendre : Appartement S+1 en rez-de-chaussée avec vue mer – Quartier calme,Appartement • 80 m² • Rez-de-chaussée • réf: 85429133,Chott Meriam,90 421 €,35.933487,10.546488,,,80 m²,86 m²,1.0,,,Appartement,Bonne condition,"Air conditionné, Individuel, Charbon",Individuel,,,,,,,,1.0,,,1.0,1.0,,,,,,,Luxe,,,,,,,,,,,,
https://www.properstar.fr/annonce/102785316,appartement,"Appartement à vendre à El Kram, Tunisie",Appartement • 4 pce(s) • 3 chambres • 1 sdb • 133 m² • 7ème étage • réf: 1048026027-22,El Kram,96 566 €,36.85488,10.299279,4,5,133 m²,133 m²,1.0,1.0,,Appartement,,,,,3,1,1,36,1,,,1.0,1.0,,,1.0,,2005,,,,,,,,,,,,,,,,
https://www.properstar.fr/annonce/99399257,appartement,S+4 pieds dans l'eau sur la Zone Touristique,Appartement • 5 pce(s) • 153 m² • 3ème étage • réf: 84607402,Hammam Sousse,244 341 €,35.886399,10.591507,5,1,153 m²,224 m²,1.0,1.0,1.0,Appartement,Excellente condition,"Air conditionné, Individuel, Gaz","Chaudière, Individuel",Drainage principal,,,,,,,,,,,1.0,,,2022,,,1.0,,,1.0,,,,1.0,,,,,,
https://www.properstar.fr/annonce/99399334,appartement,Vente Appartement S+1 à Sahloul 4,Appartement • 2 pce(s) • 4ème étage • réf: 6999100,Sousse,66 718 €,35.824503,10.634584,2,,,95 m²,,,,Appartement,,"Chauffage central, Individuel, Gaz","Réservoir à eau chaude, Individuel",,,,,,,,,,,,,,,2018,,,,Très luxueux,,,,,,,,,,,,
https://www.properstar.fr/annonce/99399464,appartement,À vendre : Appartement moderne S+1,Appartement • 2 pce(s) • 69 m² • 5ème étage • réf: 85003977,Tunis,72 157 €,36.836647,10.19484,2,7,69 m²,111 m²,1.0,1.0,,Appartement,Neuf,"Air conditionné, Individuel, Eau chaude","Chaudière, Individuel",Drainage principal,,,,,,,1.0,,1.0,,,,,,,1.0,1.0,,,,,,,,,,,,,
https://www.properstar.fr/annonce/99399477,appartement,Studio 42 m2 meublé équipé situé en front de mer d'une très belle résidence avec jardin piscine terrasse,Studio • 1 pce(s) • 42 m² • Rez-de-chaussée • réf: 1600072,Tabarka,49 463 €,36.948275,8.74261,1,,42 m²,55 m²,,1.0,1.0,Appartement,Excellente condition,"Chauffage central, Commun, Eau chaude","Chaudière, Individuel",Station d'épuration,,,,,,,1.0,,1.0,1.0,1.0,,,,,,,Standard,,,1.0,1.0,,1.0,,1.0,1.0,,,
https://www.properstar.fr/annonce/99472501,appartement,Studio 49 m2 meublé équipé en front de mer jardin piscine terrasse,Studio • 1 pce(s) • 49 m² • Rez-de-chaussée • réf: 1627472,Tabarka,56 193 €,36.948275,8.74261,1,,49 m²,64 m²,,1.0,,Appartement,Excellente condition,"Chauffage central, Commun, Eau chaude","Chaudière, Individuel",Station d'épuration,,,,,,,1.0,,1.0,1.0,1.0,,,,,,,Standard,,,1.0,1.0,,,,1.0,1.0,,,
https://www.properstar.fr/annonce/99472514,appartement,Studio 49 m2 meublé équipé situé en front de mer dans belle résidence avec jardin piscine terrasse,Studio • 1 pce(s) • 49 m² • Rez-de-chaussée • réf: 1625342,Tabarka,56 193 €,36.948275,8.74261,1,,49 m²,64 m²,,1.0,,Appartement,Excellente condition,"Chauffage central, Commun, Eau chaude","Chaudière, Individuel",Station d'épuration,,,,,,,1.0,,1.0,1.0,1.0,,,,,,,Standard,,,1.0,1.0,,,,1.0,1.0,,,
https://www.properstar.fr/annonce/99484704,appartement,À Vendre : Appartement S+2 de Standing sur la Zone Touristique de Sousse,Appartement • 3 pce(s) • 168 m² • 4ème étage • réf: 7053588,Sousse,115 586 €,35.824503,10.634584,3,,168 m²,168 m²,1.0,1.0,,Appartement,Bonne condition,"Radiateur, Individuel, Gaz","Chaudière, Individuel",Drainage principal,,,,,,,1.0,,,,,,,,,1.0,1.0,Luxe,,,1.0,,,,,,,,,
https://www.properstar.fr/annonce/99484717,appartement,Appartement S+2 à Vendre à Hammam Sousse,Appartement • 3 pce(s) • 85 m² • Rez-de-chaussée • réf: 84588992,Hammam Sousse,122 902 €,35.886399,10.591507,3,,85 m²,135 m²,,1.0,,Appartement,Neuf,"Radiateur, Commun, Electrique","Chaudière, Individuel",Drainage principal,,,,,,,1.0,,,,,,,,,1.0,1.0,Très luxueux,,,,,,,,,,,,
https://www.properstar.fr/annonce/99484797,appartement,S+2 pieds dans l'eau meublé,Appartement • 3 pce(s) • réf: 5076821,Hammam Sousse,131 681 €,35.886399,10.591507,3,6,,125 m²,1.0,,1.0,Appartement,Bonne condition,"Chauffage central, Individuel, Gaz","Chaudière, Individuel",,,,,,,,,,,1.0,1.0,,,2012,,,1.0,Standard,,,,,,,,,,,,
https://www.properstar.fr/annonce/99484821,appartement,"Appartement S+3 avec Ascenseur, Quartier Animé",Appartement • 4 pce(s) • 95 m² • 5ème étage • réf: 84242678,Sousse,102 418 €,35.824503,10.634584,4,6,95 m²,110 m²,1.0,1.0,,Appartement,Excellente condition,"Chauffage central, Individuel, Gaz","Chaudière, Individuel",Drainage principal,,,,,,,,,,,,,,2016,,1.0,,,,,,,,,,,,,,
https://www.properstar.fr/annonce/99484834,appartement,Appartement S+2 en vente - Direct promoteur,Appartement • 3 pce(s) • 120 m² • 4ème étage • réf: 84673217,Sousse,102 418 €,35.824503,10.634584,3,,120 m²,,1.0,1.0,1.0,Appartement,Neuf,"Air conditionné, Individuel, Eau chaude","Chaudière, Individuel",,,,,,,,1.0,,,,,,,,,,1.0,Luxe,2023,,,,,,,,,,,
https://www.properstar.fr/annonce/99484887,appartement,vente appartement S+2 à Tantana Pieds dans l'eau,Appartement • 3 pce(s) • 60 m² • 1er étage • réf: 84661385,Chott Meriam,96 850 €,35.933487,10.546488,3,,60 m²,72 m²,,1.0,1.0,Appartement,Neuf,"Chauffage central, Commun, Electrique","Chaudière, Individuel",Drainage principal,,,,,,,1.0,,1.0,,1.0,,,,,1.0,1.0,Très luxueux,2024,,,,,,,,,,,
https://www.properstar.fr/annonce/99502301,appartement,"Appartement à vendre à Aghir, Tunisie",Studio • 1 pce(s) • 30 m² • 3ème étage • réf: 4314714,Aghir,29 549 €,33.765881,11.018859,1,,30 m²,,1.0,1.0,1.0,,,,,,,,,,,,1.0,,1.0,1.0,1.0,,,,,1.0,,,,,,1.0,,,1.0,1.0,1.0,,,
https://www.properstar.fr/annonce/102565474,appartement,Appartement S1 meublé vue jardin piscine medina immeuble bord de mer avec 2 piscines,Appartement • 2 pce(s) • 77 m² • 1er étage • réf: 1580455,Tunis,323 400 €,36.806495,10.181532,2,4,77 m²,92 m²,1.0,1.0,,Appartement,Excellente condition,"Chauffage central, Individuel, Gaz","Solaire, Individuel",,,,,,,,1.0,,1.0,1.0,,,,,,,1.0,Luxe,2016,,1.0,1.0,,,,1.0,1.0,,,
https://www.properstar.fr/annonce/102565407,appartement,Appartement une chambre type S+1 de 77 m2 en bord de mer vendu meublé,Appartement • 2 pce(s) • 77 m² • 1er étage • réf: 1580457,Tunis,323 400 €,36.806495,10.181532,2,4,77 m²,92 m²,1.0,1.0,,Appartement,Excellente condition,"Chauffage central, Individuel, Gaz","Solaire, Individuel",,,,,,,,1.0,,1.0,1.0,,,,,,,1.0,Luxe,2016,,1.0,1.0,,,,1.0,1.0,,,
https://www.properstar.fr/annonce/102565421,appartement,Appartement 2 chambres au 1er étage d'une luxueuse résidence de 4 niveaux,Appartement • 3 pce(s) • 114 m² • 1er étage • réf: 1580474,Tunis,478 800 €,36.806495,10.181532,3,4,114 m²,137 m²,1.0,1.0,,Appartement,Excellente condition,"Chauffage central, Individuel, Gaz","Solaire, Individuel",,,,,,,,1.0,,1.0,1.0,,,,,,,1.0,Luxe,2016,,1.0,1.0,,,,1.0,1.0,,,
https://www.properstar.fr/annonce/99524290,appartement,"Appartement à vendre à Nabeul, Tunisie",Appartement • 4 pce(s) • 3 chambres • 1 sdb • 150 m² • 6ème étage • réf: VA4990-HAMMAMET,Nabeul,170 235 €,36.451289,10.735663,4,,150 m²,,1.0,,,Appartement,,Gaz,,,3,1,2,,,,,,,,,,1.0,,1,,,,,,,,,,,,,,,
https://www.properstar.fr/annonce/81304796,appartement,APPARTEMENT FRONT DE MER YASMINE HAMMAMET,Appartement • 4 pce(s) • 200 m² • 2ème étage • réf: 6647529,Hammamet,0,36.407257,10.622471,4,,200 m²,200 m²,1.0,1.0,,Appartement,Bonne condition,"Air conditionné, Commun, Gaz","Chaudière, Individuel",Drainage principal,,,,,,,,,,,,,,,,1.0,,,,,,,1.0,,,,,,,
https://www.properstar.fr/annonce/92432277,appartement,APPARTEMENTS2 YASMINE HAMMAMET,Appartement • 3 pce(s) • 116 m² • 1er étage • réf: 6826956,Hammamet,134 022 €,36.407257,10.622471,3,,116 m²,116 m²,,,,Appartement,,"Chauffage central, Commun, Gaz","Chaudière, Individuel",Drainage principal,,,,,,,,,,,,,,,,,,,,,,,,,,,,,,
https://www.properstar.fr/annonce/97303170,appartement,MAISON DE CHARME A HAMMAMET CENTRE,Appartement • 5 pce(s) • 350 m² • Plain pied • réf: 84706456,Hammamet,555 985 €,36.407257,10.622471,5,,350 m²,600 m²,,1.0,,Appartement,Excellente condition,"Individuel, Gaz",Individuel,Drainage principal,,,,,,,,,,,,,,,,,,,,,,,,,,,,,,
https://www.properstar.fr/annonce/99722443,appartement,"Appartement à vendre à Monastir, Tunisie",Appartement • 5 pce(s) • 3 chambres • 1 sdb • 28ème étage • réf: 1048037018-11,Monastir,190 205 €,35.764252,10.811288,5,1,,,,1.0,,Appartement,,,,,3,1,1,,,1 m²,,1.0,,,,,1.0,2011,,,,,,,,,,,,,,,,
https://www.properstar.fr/annonce/81304796,appartement,APPARTEMENT FRONT DE MER YASMINE HAMMAMET,Appartement • 4 pce(s) • 200 m² • 2ème étage • réf: 6647529,Hammamet,0,36.407257,10.622471,4,,200 m²,200 m²,1.0,1.0,,Appartement,Bonne condition,"Air conditionné, Commun, Gaz","Chaudière, Individuel",Drainage principal,,,,,,,,,,,,,,,,1.0,,,,,,,1.0,,,,,,,
https://www.properstar.fr/annonce/92432277,appartement,APPARTEMENTS2 YASMINE HAMMAMET,Appartement • 3 pce(s) • 116 m² • 1er étage • réf: 6826956,Hammamet,134 022 €,36.407257,10.622471,3,,116 m²,116 m²,,,,Appartement,,"Chauffage central, Commun, Gaz","Chaudière, Individuel",Drainage principal,,,,,,,,,,,,,,,,,,,,,,,,,,,,,,
https://www.properstar.fr/annonce/97303170,appartement,MAISON DE CHARME A HAMMAMET CENTRE,Appartement • 5 pce(s) • 350 m² • Plain pied • réf: 84706456,Hammamet,555 985 €,36.407257,10.622471,5,,350 m²,600 m²,,1.0,,Appartement,Excellente condition,"Individuel, Gaz",Individuel,Drainage principal,,,,,,,,,,,,,,,,,,,,,,,,,,,,,,
https://www.properstar.fr/annonce/99398949,appartement,Appartement S+1 en vente - Direct promoteur,Appartement • 2 pce(s) • 60 m² • 7ème étage • réf: 83999908,Sousse,71 634 €,35.824503,10.634584,2,,60 m²,,1.0,1.0,1.0,Appartement,Neuf,"Air conditionné, Individuel, Eau chaude","Chaudière, Individuel",,,,,,,,1.0,,,,,,,,,,1.0,Luxe,2023,,,,,,,,,,,
https://www.properstar.fr/annonce/99398950,appartement,Nouveau Programme Immobilier à Sahloul 4 - Livraison Immédiate !,Appartement • 2 pce(s) • 60 m² • 7ème étage • réf: 84808960,Sousse,65 665 €,35.824503,10.634584,2,,60 m²,,1.0,1.0,1.0,Appartement,Neuf,"Air conditionné, Individuel, Eau chaude","Chaudière, Individuel",,,,,,,,1.0,,,,,,,,,,1.0,Luxe,2023,,,,,,,,,,,
https://www.properstar.fr/annonce/99399023,appartement,Charmant Appartement à Vendre - 130 m²,Appartement • 3 pce(s) • 107 m² • 3ème étage • réf: 83475222,Hergla,71 693 €,36.031411,10.504303,3,,107 m²,130 m²,,,,Appartement,Excellente condition,,"Réservoir à eau chaude, Individuel",,,,,,,,,,,1.0,,,,,,,,Standard,,,,,,,,,,,,
https://www.properstar.fr/annonce/99399050,appartement,"Appartement à vendre à Sousse, Tunisie",Appartement • 2 pce(s) • 1 chambres • 54 m² • Rez-de-chaussée • réf: 82295517,Sousse,53 726 €,35.824503,10.634584,2,,54 m²,,1.0,1.0,1.0,,,,,,1,,,,,,1.0,,1.0,,,,,,,,,,,,,,1.0,,,,,,,
https://www.properstar.fr/annonce/99399090,appartement,À Vendre : Appartement S+3 à Sousse Panorama,Appartement • 4 pce(s) • 224 m² • 4ème étage • réf: 84116192,Sousse,163 869 €,35.824503,10.634584,4,5,224 m²,,,1.0,1.0,Appartement,Bonne condition,"Radiateur, Commun, Eau chaude","Chaudière, Individuel",Drainage principal,,,,,,,,,,,,,,2010,,,1.0,,,,,,,,,,,,,
https://www.properstar.fr/annonce/99399166,appartement,"Appartement à vendre à Sousse, Tunisie",Appartement • 3 pce(s) • 90 m² • Rez-de-chaussée • réf: 82383027,Sousse,73 156 €,35.824503,10.634584,3,,90 m²,,1.0,1.0,1.0,,,,,,,,,,,,1.0,,1.0,,,,,,,1.0,,,,,,,,,,,,,,
https://www.properstar.fr/annonce/99399193,appartement,Beau Duplex Pieds dans l'Eau à Vendre – Hammam Sousse,Duplex • 4 pce(s) • 174 m² • Rez-de-chaussée • réf: 7336586,Hammam Sousse,140 459 €,35.886399,10.591507,4,,174 m²,,,,,Appartement,Excellente condition,,,,,,,,,,,,,,,,,,,,,,,,,,,,,,,,,
https://www.properstar.fr/annonce/99399346,appartement,,,,,,,,,,,,,,,,,,,,,,,,,,,,,,,,,,,,,,,,,,,,,,,,
https://www.properstar.fr/annonce/99399399,appartement,,,,,,,,,,,,,,,,,,,,,,,,,,,,,,,,,,,,,,,,,,,,,,,,
https://www.properstar.fr/annonce/99399463,appartement,,,,,,,,,,,,,,,,,,,,,,,,,,,,,,,,,,,,,,,,,,,,,,,,
https://www.properstar.fr/annonce/99472500,appartement,,,,,,,,,,,,,,,,,,,,,,,,,,,,,,,,,,,,,,,,,,,,,,,,
https://www.properstar.fr/annonce/99484600,appartement,Appartement de Charme à Vendre – Bord de Mer à Chott Meriam,Appartement • 2 pce(s) • 65 m² • 2ème étage • réf: 2055430,Chott Meriam,126 589 €,35.933487,10.546488,2,4,65 m²,79 m²,1.0,,,Appartement,Excellente condition,Chauffage central,Individuel,,,,,,,,,,1.0,1.0,1.0,,,,,,,,,,,,,1.0,,1.0,,,,
https://www.properstar.fr/annonce/99484613,appartement,vente appartement de luxe,Appartement • 3 pce(s) • 108 m² • réf: 85018885,Sousse,84 597 €,35.824503,10.634584,3,7,108 m²,108 m²,1.0,,,Appartement,Neuf,"Air conditionné, Individuel, Eau chaude","Chaudière, Individuel",Drainage principal,,,,,,,,,1.0,,,,,,,1.0,1.0,,,,,,1.0,,,,,,,
https://www.properstar.fr/annonce/99484680,appartement,vente appartement S+2 à Tantana Pieds dans l'eau,Appartement • 3 pce(s) • 60 m² • 1er étage • réf: 84661258,Chott Meriam,116 040 €,35.933487,10.546488,3,3,60 m²,71 m²,1.0,1.0,1.0,Appartement,Neuf,"Chauffage central, Commun, Electrique","Chaudière, Individuel",Drainage principal,,,,,,,1.0,,1.0,,1.0,,,2024,,1.0,1.0,Très luxueux,2024,,,,,,,,,,,
https://www.properstar.fr/annonce/99484743,appartement,Superbe duplex a vendre,Duplex • 5 pce(s) • 200 m² • réf: 83226374,Denden,131 681 €,36.809841,10.111518,5,,200 m²,,,1.0,1.0,Appartement,Excellente condition,"Radiateur, Individuel, Gaz","Réservoir à eau chaude, Individuel",,,,,,,,1.0,,1.0,,,,,,,,1.0,,2021,,1.0,,,,,,,,,
https://www.properstar.fr/annonce/99484783,appartement,Loft à Vendre – Khezama Est,Attique • 3 pce(s) • 116 m² • 6ème étage • réf: 4312736,Sousse,114 123 €,35.824503,10.634584,3,,116 m²,220 m²,1.0,,,Appartement,Bonne condition,"Chauffage central, Individuel, Gaz","Chaudière, Individuel",,,,,,,,,,1.0,,,,,,,,1.0,,,,,,,,,,,,,
https://www.properstar.fr/annonce/99484806,appartement,Appartement s3 haut standing au centre ville,Appartement • 4 pce(s) • 110 m² • 2ème étage • réf: 7974195,Sousse,105 344 €,35.824503,10.634584,4,7,110 m²,130 m²,,,,Appartement,Excellente condition,"Chauffage central, Individuel, Eau chaude","Réservoir à eau chaude, Individuel",,,,,,,,,,1.0,,,,,2016,,,1.0,,,,,,,,,,,,,
https://www.properstar.fr/annonce/100615319,appartement,"Appartement à vendre à Nabeul, Tunisie",Duplex • 5 pce(s) • 3 chambres • 2 sdb • 240 m² • réf: 1048015030-64,Nabeul,213 615 €,36.451289,10.735663,5,,240 m²,240 m²,,,,Appartement,,,,,3,2,1,,,140 m²,1.0,1.0,,,,,,2001,,,,,,,,,,,,,,,,
https://www.properstar.fr/annonce/101222503,appartement,Appartement s+2 à Vendre a sousse,Appartement • 3 pce(s) • 115 m² • 1er étage • réf: 85309471,Sidi Abdelhamid,58 525 €,35.794122,10.659077,3,,115 m²,115 m²,,,,Appartement,Bonne condition,"Radiateur, Commun, Electrique","Chaudière, Individuel",Drainage principal,,,,,,,,,,,,,,,,,,Standard,,,,,,,,,,,,
https://www.properstar.fr/annonce/101778776,appartement,"Appartement à vendre à Tunis, Tunisie",Appartement • 2 pce(s) • 1 chambres • 1 sdb • 51 m² • réf: 1048004041-24,Tunis,64 641 €,36.806495,10.181532,2,2,51 m²,51 m²,,,,Appartement,,,,,1,1,2,,1,,,,,,,,,2024,,,,,,,,,,,,,,,,
https://www.properstar.fr/annonce/100063516,appartement,vente appartement S+2 à Sahloul 4,Appartement • 3 pce(s) • 74 m² • Rez-de-chaussée • réf: 85154901,Sousse,92 176 €,35.824503,10.634584,3,5,74 m²,,1.0,1.0,1.0,Appartement,Neuf,"Radiateur, Commun, Gaz","Chaudière, Individuel",Drainage principal,,,,,,,,,,1.0,,,,2016,,1.0,1.0,Luxe,,,1.0,,,,,,,,,
https://www.properstar.fr/annonce/100071126,appartement,"Appartement à vendre à Tunis, Tunisie",Duplex • 5 pce(s) • 4 chambres • 2 sdb • 280 m² • réf: 1048026001-182,Tunis,178 500 €,36.806495,10.181532,5,,280 m²,280 m²,,,,Appartement,,,,,4,2,1,,1,1 m²,,,,,,,,2010,,,,,,,,,,,,,,,,
https://www.properstar.fr/annonce/99744069,appartement,"Appartement à vendre à Bekalta, Tunisie",Appartement • 12 pce(s) • 8 chambres • 4 sdb • 480 m² • réf: 1048037018-13,Bekalta,128 754 €,35.620646,10.994832,12,2,480 m²,480 m²,,,,Appartement,,,,,8,4,,4,,,,1.0,,,,1.0,1.0,2011,,,,,,,,,,,,,,,,
https://www.properstar.fr/annonce/101516176,appartement,"Appartement S+2 à El Douira, Kssour Essf",Appartement • 3 pce(s) • 117 m² • 1er étage • réf: 85341910,Ksour Essaf,43 894 €,35.417571,10.997658,3,,117 m²,117 m²,,,1.0,Appartement,Rénovation nécessaire,"Individuel, Electrique",Individuel,Drainage principal,,,,,,,,,,,,,,,,,,Standard,,,,,,,,,,,,
https://www.properstar.fr/annonce/99524290,appartement,"Appartement à vendre à Nabeul, Tunisie",Appartement • 4 pce(s) • 3 chambres • 1 sdb • 150 m² • 6ème étage • réf: VA4990-HAMMAMET,Nabeul,170 235 €,36.451289,10.735663,4,,150 m²,,1.0,,,Appartement,,Gaz,,,3,1,2,,,,,,,,,,1.0,,1,,,,,,,,,,,,,,,
https://www.properstar.fr/annonce/102565177,appartement,A 250 m du campus et 520 m de la plage à vendre très beau duplex S+2,Appartement • 4 pce(s) • 141 m² • réf: 381049,Hammamet,109 898 €,36.407257,10.622471,4,,141 m²,176 m²,1.0,1.0,1.0,Appartement,Neuf,Chauffage central,Collectif,,,,,,,,,,1.0,,,,,2016,,,1.0,,,,,,,,,,,,,
https://www.properstar.fr/annonce/102565191,appartement,Dans immeuble de très grand standing à Mrzega vends appartement S+3,Appartement • réf: 381153,Hammamet,104 953 €,36.407257,10.622471,,,,144 m²,1.0,1.0,1.0,Appartement,Neuf,Chauffage central,,,,,,,,,,,1.0,,,,,,,,1.0,,,,,,,,,,,,,
https://www.properstar.fr/annonce/102565357,appartement,Appartement S+2 meublé équipé situé dans luxueuse résidence en bord de mer,Appartement • 3 pce(s) • 114 m² • 1er étage • réf: 1574197,Hammamet,135 631 €,36.407257,10.622471,3,4,114 m²,137 m²,1.0,1.0,,Appartement,Excellente condition,"Chauffage central, Commun, Gaz","Solaire, Collectif",Station d'épuration,,,,,,,1.0,,1.0,1.0,1.0,,,,,,1.0,Luxe,,,1.0,1.0,,,,1.0,1.0,,,
https://www.properstar.fr/annonce/102565397,appartement,La compagne au centre ville,Appartement • 6 pce(s) • 480 m² • réf: 5177323,La Soukra,385 034 €,36.885888,10.248797,6,2,480 m²,850 m²,,1.0,1.0,Appartement,Bonne condition,Chauffage central,"Chaudière, Individuel",,,,,,,,1.0,,,,1.0,,,,,,1.0,Luxe,,,,1.0,,,,,,,1.0,
https://www.properstar.fr/annonce/102565731,appartement,Appartement S+2 de standing Sahloul 1,Appartement • 110 m² • 4ème étage • réf: 2122603,Sousse,78 423 €,35.824503,10.634584,,4,110 m²,118 m²,1.0,1.0,,Appartement,Excellente condition,"Chauffage central, Commun, Gaz","Chaudière, Collectif",,,,,,,,,,1.0,,,,,2016,,,1.0,,,,1.0,,,,,,,,,
https://www.properstar.fr/annonce/102717417,appartement,À Vendre : Appartement S+2 à Cité Rayhan - Sousse,Appartement • 3 pce(s) • 70 m² • 3ème étage • réf: 83246136,Sousse,17 557 €,35.824503,10.634584,3,3,70 m²,,,,,Appartement,Bonne condition,"Commun, Eau chaude","Réservoir à eau chaude, Individuel",Drainage principal,,,,,,,,,,,,,,,,,,Standard,2023,,,,,,,,,,,
https://www.properstar.fr/annonce/103602141,appartement,Spacieux S+1 à vendre à Yasmine Hammamet,Appartement • 2 pce(s) • 95 m² • 2ème étage • réf: 85589948,Hammamet,87 787 €,36.407257,10.622471,2,,95 m²,95 m²,,1.0,1.0,Appartement,Excellente condition,"Chauffage central, Individuel, Gaz","Chaudière, Individuel",,,,,,,,,,,1.0,1.0,,,,,,,,,,,,,,,,,,,
https://www.properstar.fr/annonce/100615319,appartement,"Appartement à vendre à Nabeul, Tunisie",Duplex • 5 pce(s) • 3 chambres • 2 sdb • 240 m² • réf: 1048015030-64,Nabeul,213 615 €,36.451289,10.735663,5,,240 m²,240 m²,,,,Appartement,,,,,3,2,1,,,140 m²,1.0,1.0,,,,,,2001,,,,,,,,,,,,,,,,
https://www.properstar.fr/annonce/103145754,appartement,S+3 meublé à vendre Yasmine Hammamet,Appartement • 4 pce(s) • 101 m² • 2ème étage • réf: 85532663,Hammamet,117 049 €,36.407257,10.622471,4,,101 m²,101 m²,,1.0,1.0,Appartement,Bonne condition,"Chauffage central, Individuel, Gaz",Individuel,,,,,,,,,,,1.0,1.0,,,,,,,,,,,,,,,,,,,
https://www.properstar.fr/annonce/103232087,appartement,A VENDRE - Appartement S+2 à Sahloul 2 - Jamais Habité,Appartement • 3 pce(s) • 80 m² • 1er étage • réf: 85538134,Sousse,98 602 €,35.824503,10.634584,3,,80 m²,105 m²,1.0,1.0,,Appartement,Neuf,"Radiateur, Individuel, Electrique","Chaudière, Individuel",Drainage principal,,,,,,,,,,,,,,,,1.0,1.0,,2025,,,,,,,,,1.0,,
https://www.properstar.fr/annonce/103602141,appartement,Spacieux S+1 à vendre à Yasmine Hammamet,Appartement • 2 pce(s) • 95 m² • 2ème étage • réf: 85589948,Hammamet,87 787 €,36.407257,10.622471,2,,95 m²,95 m²,,1.0,1.0,Appartement,Excellente condition,"Chauffage central, Individuel, Gaz","Chaudière, Individuel",,,,,,,,,,,1.0,1.0,,,,,,,,,,,,,,,,,,,
https://www.properstar.fr/annonce/103147747,appartement,"Appartement à vendre à Ariana, Tunisie",Appartement • 2 pce(s) • 1 chambres • 1 sdb • 96 m² • 1er étage • réf: 1048044001-72,Ariana,93 640 €,36.866537,10.164723,2,6,96 m²,96 m²,1.0,1.0,,Appartement,,,,,1,1,,,,,1.0,1.0,,1.0,,,,2018,,,,,,,,,,,,,,,,
https://www.properstar.fr/annonce/103200844,appartement,"Appartement à vendre à Ariana, Tunisie",Appartement • 3 pce(s) • 2 chambres • 1 sdb • 110 m² • réf: 1048033011-76,Ariana,0,36.866537,10.164723,3,5,110 m²,110 m²,,,,Appartement,,,,,2,1,,,1,,,,,1.0,,,,2023,,,,,,,,,,,,,,,,
https://www.properstar.fr/annonce/103697727,appartement,"Appartement à vendre à Jardins de Carthage, Tunisie",Appartement • 2 pce(s) • 1 chambres • 1 sdb • 74 m² • réf: 1048033019-8,El Bouhaira,93 640 €,36.856679,10.29487,2,4,74 m²,74 m²,,,,Appartement,,,,,1,1,,3,1,,1.0,1.0,1.0,,,,1.0,2019,,,,,,,,,,,,,,,,
