link,title,address,price,m²,Pièces,Chambres,Salles de bains,Jardin,Garage,Piscine,Chauffage central,Cuisine équipée,Type de bien,Etat,Etat du bien,Type du sol,latitude,longitude,Terrasse,Concierge,Cheminée,Climatisation,Porte blindée,Réfrigérateur,Four,Chambre rangement,Entre-seul,Salon européen,Antenne parabolique,Sécurité,Double vitrage,Nombre d'étages,Pièce,Internet,Micro-ondes,Animaux domestiques autorisés,Surface de la parcelle,Meublé,TV,Machine à laver,Salle de bain,Ascenseur,Vue sur mer,Vue sur les montagnes,Orientation,Chambre,Surface habitable,Standing,État,Livraison:
https://www.mubawab.tn/fr/a/7880736/location-villa-de-charme-%C3%A0-mutuelleville,Location villa de charme à Mutuelleville,Mutuelle Ville à El Menzah,6 000 TND,1000.0,6.0,4.0,2.0,1.0,1.0,1.0,1.0,1.0,Maison,Bon état,10-20 ans,Marbre,36.845235,10.164723,,,,,,,,,,,,,,,,,,,,,,,,,,,,,,,,
https://www.mubawab.tn/fr/a/8035523/a-louer-villa-s5-avec-jardin-%C3%A0-mutuelleville,A louer Villa S5 avec jardin à Mutuelleville,Mutuelle Ville à El Menzah,4 500 TND,600.0,7.0,5.0,3.0,1.0,1.0,,1.0,1.0,Villa,Bon état,1-5 ans,Marbre,36.845235,10.164723,1.0,1.0,1.0,1.0,1.0,1.0,1.0,,,,,,,,,,,,,,,,,,,,,,,,,
https://www.mubawab.tn/fr/a/8127911/a-louer-villa-%C3%A0-alain-savary,A louer villa à Alain Savary,Mutuelle Ville à El Menzah,7 000 TND,650.0,7.0,6.0,4.0,1.0,1.0,,1.0,1.0,Villa,Bon état,,,36.845235,10.164723,1.0,,1.0,1.0,,,,1.0,1.0,1.0,1.0,1.0,1.0,3.0,,,,,,,,,,,,,,,,,,
https://www.mubawab.tn/fr/a/8023667/villa-s4-avec-piscine-%C3%A0-gammarth-mvl1582,Villa S4 avec piscine à Gammarth MVL1582,La Marsa à La Marsa,6 500 TND,,,4.0,4.0,1.0,1.0,1.0,1.0,1.0,Villa,Bon état,,,36.876389,10.325278,1.0,,,1.0,1.0,,,1.0,,,,,1.0,,1.0,,,,,,,,,,,,,,,,,
https://www.mubawab.tn/fr/a/8026408/a-louer-villa-moderne-usg-bureau-%C3%A0-mutuelle-ville,A louer villa moderne usg bureau à Mutuelle ville,Mutuelle Ville à El Menzah,6 500 TND,580.0,10.0,6.0,5.0,1.0,1.0,,1.0,1.0,Villa,Bon état,5-10 ans,Marbre,36.845235,10.164723,1.0,,1.0,1.0,1.0,,,1.0,,,1.0,,1.0,,,1.0,,,,,,,,,,,,,,,,
https://www.mubawab.tn/fr/a/8051898/a-louer-villa-8-pi%C3%A8ces-piscine-hab-ou-bureau-mutuelle-ville,A louer villa 8 pièces piscine hab ou bureau Mutuelle ville,Mutuelle Ville à El Menzah,7 000 TND,500.0,7.0,6.0,4.0,1.0,1.0,1.0,1.0,1.0,Villa,Bon état,,Marbre,36.845235,10.164723,1.0,,,1.0,1.0,1.0,1.0,1.0,,,,1.0,1.0,3.0,,,1.0,1.0,600 m²,,,,,,,,,,,,,
https://www.mubawab.tn/fr/a/8027585/a-louer-villa-r%C3%A9nov%C3%A9-s5-bureau-ou-habitation-manar-2,A louer villa rénové S5 bureau ou habitation Manar 2,El Manar 2 à El Menzah,4 500 TND,400.0,6.0,5.0,4.0,1.0,,,1.0,1.0,Villa,Nouveau,1-5 ans,Marbre,36.845235,10.164723,1.0,,,1.0,1.0,,,1.0,,,,1.0,1.0,,,1.0,,1.0,400 m²,,,,,,,,,,,,,
https://www.mubawab.tn/fr/a/8096342/location-duplex-s3-meubl%C3%A9-avec-piscine-%C3%A0-carthage,Location duplex S3 meublé avec piscine à Carthage,Carthage à Carthage,4 300 TND,150.0,4.0,3.0,2.0,1.0,1.0,1.0,1.0,1.0,Villa,Nouveau,,,36.8566,10.3258,1.0,,,1.0,1.0,1.0,1.0,,,,,1.0,1.0,,,,1.0,,,1.0,1.0,1.0,,,,,,,,,,
https://www.mubawab.tn/fr/a/8031047/une-villa-s3-%C3%A0-louer-%C3%A0-chatt-mariem,Une villa S3 à louer à Chatt Mariem,Chott Meriem à Akouda,2 500 TND,550.0,3.0,3.0,,1.0,1.0,1.0,1.0,1.0,Villa,Bon état,,,35.87,10.57,1.0,,,1.0,1.0,,,,,,,,1.0,,,,,,,1.0,,,1.0,,,,,,,,,
https://www.mubawab.tn/fr/a/7930350/a-louer-une-villa-s4-%C3%A0-gammarth-avec-vue-mer,A louer une villa S4 à Gammarth avec vue mer,Gammarth à La Marsa,Prix à consulter,1000.0,2.0,5.0,5.0,1.0,1.0,1.0,1.0,1.0,Villa,Bon état,1-5 ans,Marbre,36.87638899999999,10.325278000000004,1.0,,,1.0,1.0,,1.0,1.0,,1.0,1.0,1.0,1.0,,,1.0,1.0,,,,1.0,,,1.0,1.0,1.0,,,,,,
https://www.mubawab.tn/fr/a/7670690/a-louer-villa-avec-piscine-a-gammarth,A Louer Villa avec piscine a Gammarth,Gammarth à La Marsa,4 500 TND,,6.0,4.0,3.0,1.0,,1.0,1.0,1.0,Villa,Bon état,,,36.876389,10.325278,1.0,,,1.0,1.0,1.0,1.0,1.0,,,,1.0,1.0,,,,1.0,1.0,,,,1.0,,,,1.0,,,,,,
https://www.mubawab.tn/fr/a/7948987/a-louer-duplex-avec-piscine,A Louer Duplex Avec piscine,Les Jardins de Carthage à Le Kram,5 100 TND,,5.0,4.0,3.0,1.0,1.0,1.0,1.0,1.0,Villa,Bon état,,,36.833333,10.316667,1.0,1.0,1.0,1.0,1.0,1.0,1.0,,,,,1.0,1.0,,,,1.0,1.0,,,,,,,,,,,,,,
https://www.mubawab.tn/fr/a/8049922/villa-s5-vue-mer-a-la-marsa,Villa s5 vue mer a la Marsa,La Marsa à La Marsa,10 000 TND,400.0,7.0,6.0,6.0,1.0,,1.0,1.0,1.0,Maison,Bon état,,,36.87638900000003,10.325278,1.0,1.0,,,,1.0,1.0,1.0,1.0,,,1.0,,,,1.0,1.0,1.0,500 m²,,1.0,1.0,,,1.0,,,,,,,
https://www.mubawab.tn/fr/a/7687703/location-villa-dior-s4,Location villa Dior S4,Hammamet à Hammamet,4 000 TND,450.0,5.0,4.0,2.0,1.0,1.0,1.0,1.0,1.0,Villa,Nouveau,,,36.40108,10.61457,1.0,,,1.0,,1.0,1.0,1.0,,,,1.0,,,,,1.0,,,,1.0,1.0,,,,,,,,,,
https://www.mubawab.tn/fr/a/8052631/villa-richement-meubl%C3%A9-avec-piscine,Villa richement meublé avec piscine,La Marsa à La Marsa,8 000 TND,250.0,,3.0,3.0,1.0,,1.0,1.0,1.0,Villa,Nouveau,1-5 ans,Marbre,36.87899259999999,10.3067655,1.0,,1.0,1.0,1.0,1.0,1.0,,,1.0,1.0,1.0,1.0,2.0,,1.0,1.0,,,1.0,1.0,1.0,,,,,Nord,,,,,
https://www.mubawab.tn/fr/a/8133807/a-louer-villa-au-golden-tulip-avec-vue-mer-et-piscine,A louer villa au golden tulip avec vue mer et piscine,Gammarth Supérieur à La Marsa,4 800 TND,300.0,,4.0,3.0,1.0,1.0,,,1.0,Villa,Nouveau,1-5 ans,Marbre,36.917739,10.288893,1.0,,,,1.0,,,1.0,,,,1.0,1.0,2.0,,,,,,,,,,,1.0,,Sud,,,,,
https://www.mubawab.tn/fr/a/8116358/%C3%A0-louer-%E2%80%93-villa-s5-%C3%A0-la-marsa-ennassim,À LOUER – Villa S5 à La Marsa Ennassim,La Marsa à La Marsa,8 000 TND,700.0,6.0,5.0,2.0,1.0,1.0,1.0,1.0,1.0,Villa,Bon état,1-5 ans,,36.876389,10.325278,1.0,,,1.0,1.0,1.0,1.0,1.0,1.0,1.0,,1.0,1.0,,,,1.0,,,,,,,,,,,,,,,
https://www.mubawab.tn/fr/a/8128100/duplex-s3-pour-location-annuelle,Duplex S3 pour location annuelle,Hammamet Sud à Hammamet,1 700 TND,220.0,4.0,3.0,2.0,1.0,1.0,,1.0,1.0,Maison,Nouveau,,,36.401494500666686,10.55959544403076,1.0,1.0,,1.0,1.0,1.0,1.0,,1.0,1.0,,1.0,,1.0,,,,,300 m²,1.0,,1.0,,,,,Est,,,,,
https://www.mubawab.tn/fr/a/8049287/splendide-villa-avec-vue-imprenable-%C3%A0-carthage,Splendide Villa Avec Vue Imprenable à Carthage,Carthage à Carthage,14 000 TND,1700.0,5.0,3.0,4.0,1.0,1.0,,1.0,1.0,Villa,Bon état,,,36.8566,10.3258,1.0,1.0,,1.0,1.0,,,1.0,,1.0,1.0,1.0,1.0,,,,,1.0,,,,,,,1.0,1.0,,,,,,
https://www.mubawab.tn/fr/a/8135363/a-louer-un-%C3%A9tage-de-villa-s-3-%C3%A0-ain-zaghouan-nord,A louer un étage de villa S 3 à Ain Zaghouan Nord,Ain Zaghouan Nord à La Marsa,1 600 TND,220.0,,4.0,,,,,1.0,,Maison,,,,36.8623859,10.2835035,1.0,,,1.0,,,,,,,,1.0,,,,,,,,,,,,,,,,,,,,
https://www.mubawab.tn/fr/a/8135362/a-louer-rez-de-chauss%C3%A9e-de-villa-%C3%A0-la-marsa,A louer Rez de chaussée de villa à la Marsa,Cité Erriadh à La Marsa,1 700 TND,130.0,,3.0,,1.0,1.0,,,1.0,Maison,,,,36.8941992,10.2762232,,,,1.0,,,1.0,,,,,,,,,,,,,,,,,,,,,,,,,
https://www.mubawab.tn/fr/a/8135104/penthouse-s3-avec-terrasse-vue-sur-lac,Penthouse S3 avec terrasse vue sur lac,Les Berges Du Lac 2 à La Marsa,8 000 TND,,4.0,3.0,3.0,,1.0,,1.0,1.0,Villa,Bon état,1-5 ans,Carrelage,36.876389,10.325278,1.0,1.0,,1.0,1.0,1.0,1.0,1.0,1.0,1.0,1.0,1.0,1.0,,,1.0,1.0,1.0,,,,1.0,,1.0,,1.0,,,,,,
https://www.mubawab.tn/fr/a/8105782/location-villa-le-zen-s3,Location villa Le Zen S3,Hammamet à Hammamet,2 000 TND,480.0,4.0,3.0,2.0,1.0,,,1.0,1.0,Villa,Nouveau,,,36.40108,10.61457,1.0,,,1.0,,,,,,,,,,,,,,,180 m²,1.0,,,,,,,,,,,,
https://www.mubawab.tn/fr/a/8128037/villa-s4-%C3%A0-louer-%C3%A0-khzema-est,Villa S4 à louer à khzema EST,Khezama Est,1 500 TND,,5.0,4.0,,1.0,,,1.0,1.0,Maison,Bon état,,,35.844,10.618753,1.0,,,1.0,,,,,,,,,,,,,,,,,,,1.0,,,,,,,,,
https://www.mubawab.tn/fr/a/8135083/villa-green-%C3%A0-louer-%C3%A0-soukra,Villa Green à louer à soukra,La Soukra à La Soukra,3 500 TND,550.0,4.0,3.0,3.0,1.0,,,,1.0,Maison,Bon état,,,36.883333,10.25,1.0,,,,,,,,,,,,,,,,,,,1.0,,,,,,,,,,,,
https://www.mubawab.tn/fr/a/8036222/villa-jumel%C3%A9e-s4-avec-jardin-%C3%A0-la-soukra,Villa jumelée S4 avec jardin à La Soukra,La Soukra à La Soukra,3 000 TND,260.0,5.0,4.0,3.0,1.0,1.0,,1.0,1.0,Villa,Bon état,,,36.883333,10.25,,,,1.0,,,,,,,,,,,,,,,,,,,,,,,,,,,,
https://www.mubawab.tn/fr/a/8116991/villa-s4-avec-piscine-%C3%A0-la-marsa,Villa S4 avec piscine à La Marsa,La Marsa à La Marsa,4 500 TND,400.0,5.0,4.0,4.0,1.0,,1.0,1.0,1.0,Villa,Bon état,,,36.876389,10.325278,1.0,,1.0,1.0,,,,,1.0,,,,,,,,,,,,,,,,,,,,,,,
https://www.mubawab.tn/fr/a/8135062/une-villa-s3-avec-jardin-%C3%A0-la-soukra,Une villa s3 avec jardin à la soukra,Chotrana 2 à La Soukra,3 100 TND,260.0,4.0,3.0,2.0,1.0,1.0,,1.0,1.0,Villa,Bon état,,,36.883333,10.25,1.0,,,1.0,1.0,1.0,1.0,,1.0,,1.0,1.0,,,,1.0,1.0,,,,,1.0,,,,,,,,,,
https://www.mubawab.tn/fr/a/8040354/a-louer-un-triplex-s4-%C3%A0-la-marsa,A louer un triplex S4 à la marsa,La Marsa à La Marsa,4 000 TND,360.0,5.0,4.0,3.0,1.0,1.0,,1.0,1.0,Villa,Bon état,,,36.876389,10.325278,1.0,,,1.0,,,,,,,,1.0,1.0,,,,,,,,,,,,,,,,,,,
https://www.mubawab.tn/fr/a/8135039/villa-haut-standing-%E2%80%93-mutuelle-ville,Villa haut standing – Mutuelle Ville,Mutuelle Ville à El Menzah,7 500 TND,450.0,6.0,4.0,4.0,1.0,1.0,1.0,1.0,1.0,Maison,Nouveau,5-10 ans,,36.845235,10.164723,1.0,,,1.0,1.0,,1.0,1.0,1.0,1.0,,1.0,1.0,,,,,1.0,200 m²,,,,,,,,,,,,,
https://www.mubawab.tn/fr/a/8133806/a-louer-de-standing-avec-piscine-au-jardin-de-carthage,A louer de standing avec piscine au jardin de carthage,Gammarth à La Marsa,6 500 TND,350.0,,5.0,4.0,1.0,1.0,1.0,1.0,1.0,Villa,Nouveau,1-5 ans,Marbre,36.87910089999996,10.3065055,1.0,,,1.0,1.0,,,1.0,,,,1.0,1.0,2.0,,,,,,,,,,,,,Sud,,,,,
https://www.mubawab.tn/fr/a/8125740/location-triplex-s4-hs-chotrana-1,Location Triplex S4 HS Chotrana 1,Chotrana 1 à La Soukra,6 000 TND,275.0,5.0,4.0,3.0,1.0,1.0,,1.0,1.0,Villa,Bon état,5-10 ans,Marbre,36.896544,10.217961,1.0,1.0,,1.0,1.0,,1.0,1.0,,,,1.0,1.0,3.0,,,,,,,,,,1.0,,,,,,,,
https://www.mubawab.tn/fr/a/8106480/%C3%A0-louer-une-magnifique-villa-%C3%A0-gammarth-village,À Louer une Magnifique Villa à Gammarth Village,Gammarth Village à La Marsa,6 200 TND,700.0,7.0,6.0,4.0,1.0,1.0,,1.0,1.0,Villa,Nouveau,Moins d'un an,Marbre,36.876389,10.325278,1.0,,,1.0,1.0,1.0,1.0,1.0,,,,1.0,1.0,2.0,,1.0,,1.0,,1.0,1.0,1.0,,,,,,,,,,
https://www.mubawab.tn/fr/a/8129904/a-louer-maison-s3-meubl%C3%A9-vue-mer-%C3%A0-carthage,A louer Maison S3 meublé vue Mer à Carthage,Carthage à Carthage,4 000 TND,250.0,4.0,3.0,2.0,,,,1.0,1.0,Maison,Bon état,1-5 ans,Marbre,36.8566,10.3258,1.0,,,1.0,1.0,,,,,,,1.0,1.0,,,,1.0,,290 m²,1.0,,,,,1.0,,,,,,,
https://www.mubawab.tn/fr/a/8134830/a-louer-une-villa-avec-piscine-au-lac1,A louer une villa avec piscine au lac1,Les Berges Du Lac 1 à La Marsa,12 000 TND,600.0,9.0,7.0,5.0,1.0,1.0,1.0,1.0,1.0,Villa,Bon état,,,36.8355152,10.2241758,1.0,1.0,,1.0,1.0,,1.0,1.0,1.0,1.0,1.0,1.0,1.0,,,,1.0,,,,,,,,,,,,,,,
https://www.mubawab.tn/fr/a/8121095/a-louer-villa-de-maitre-ac-jardin-%C3%A0-mutuelle-ville,A louer villa de maitre ac jardin à Mutuelle ville,Mutuelle Ville à El Menzah,5 000 TND,400.0,5.0,4.0,3.0,1.0,1.0,,1.0,1.0,Villa,Nouveau,1-5 ans,Marbre,36.845235,10.164723,1.0,,,1.0,1.0,,1.0,1.0,,,1.0,1.0,,2.0,,,,,500 m²,,,,,,,,,,,,,
https://www.mubawab.tn/fr/a/8030259/%C3%A0-louer-villa-ind%C3%A9pendante-de-14-pi%C3%A8ces-%C3%A0-mutuelle-ville,À louer Villa indépendante de 14 pièces à Mutuelle ville,Mutuelle Ville à El Menzah,5 000 TND,400.0,14.0,13.0,3.0,1.0,1.0,,1.0,,Villa,Bon état,10-20 ans,Carrelage,36.845235,10.164723,1.0,,,1.0,1.0,,,,,,,,,3.0,,,,1.0,600 m²,,,,,,,,,,,,,
https://www.mubawab.tn/fr/a/8112301/a-louer-villa-de-maitre-ac-piscine-%C3%A0-mutuelleville,A louer villa de maitre ac piscine à Mutuelleville,Mutuelle Ville à El Menzah,8 000 TND,400.0,7.0,4.0,5.0,1.0,1.0,1.0,1.0,1.0,Villa,Nouveau,1-5 ans,Marbre,36.845235,10.164723,1.0,1.0,1.0,1.0,1.0,,1.0,1.0,1.0,,1.0,1.0,1.0,2.0,,1.0,1.0,,650 m²,,,,,,,,,,,,,
https://www.mubawab.tn/fr/a/8120668/duplex-s3-avec-jardin-%C3%A0-la-marsa,Duplex S3 avec jardin à La Marsa,La Marsa à La Marsa,3 600 TND,,4.0,3.0,2.0,1.0,1.0,,1.0,1.0,Villa,Bon état,,Carrelage,36.876389,10.325278,1.0,1.0,,1.0,1.0,1.0,1.0,,1.0,1.0,1.0,1.0,1.0,2.0,,1.0,,1.0,,,,1.0,,,,,,,,,,
https://www.mubawab.tn/fr/a/7995536/une-jolie-maison-%C3%A0-louer-%C3%A0-sidi-bou-sa%C3%AFd,Une jolie maison à louer à Sidi Bou Saïd,Sidi Bousaid à Carthage,3 600 TND,200.0,4.0,3.0,2.0,1.0,,,1.0,1.0,Maison,Bon état,,,36.8566,10.3258,1.0,,,1.0,,1.0,1.0,1.0,,1.0,,,,,,,1.0,,,1.0,1.0,1.0,,,,,,,,,,
https://www.mubawab.tn/fr/a/7798009/a-louer-une-villa-jumel%C3%A9e-en-s3-a-la-marsa,A louer une villa jumelée en s3 a la Marsa,La Marsa à La Marsa,Prix à consulter,250.0,4.0,3.0,3.0,1.0,1.0,1.0,1.0,1.0,Maison,Bon état,,,36.876389,10.325278,,1.0,1.0,1.0,,1.0,1.0,,,1.0,1.0,1.0,,,,,1.0,,,1.0,1.0,1.0,,,,,,,,,,
https://www.mubawab.tn/fr/a/8119908/villa-de-plain-pied-meubl%C3%A9e-%C3%A0-la-marsa-ennassim,Villa de plain pied meublée à La Marsa Ennassim,La Marsa à La Marsa,4 000 TND,350.0,4.0,3.0,2.0,1.0,1.0,,1.0,1.0,Villa,Bon état,,,36.876389,10.325278,1.0,,,1.0,1.0,1.0,1.0,,1.0,,1.0,1.0,,,,,,,,,,,,,,,,,,,,
https://www.mubawab.tn/fr/a/8093856/villa-avec-piscine-%C3%A0-la-marsa,Villa avec piscine à La Marsa,La Marsa à La Marsa,3 800 TND,,5.0,4.0,2.0,1.0,1.0,1.0,1.0,1.0,Villa,Bon état,1-5 ans,Marbre,36.876389,10.325278,1.0,,,1.0,1.0,,,,,1.0,,,1.0,1.0,,,,1.0,1 m²,,,,,,,,,,,,,
https://www.mubawab.tn/fr/a/8109373/appartement-s2-%C3%A0-louer-%C3%A0-gammarth,Appartement S2 à Louer à Gammarth,La Marsa à La Marsa,2 500 TND,130.0,,2.0,,,1.0,,,1.0,Villa,,,,36.8941992,10.2762232,1.0,,,,,,,,,,,,,,,,,,,,,,,,,,,,,,,
https://www.mubawab.tn/fr/a/8125841/spacieuse-villa-non-meubl%C3%A9e-avec-piscine,Spacieuse Villa Non Meublée avec Piscine,El Kantaoui à Hammam Sousse,4 000 TND,800.0,7.0,6.0,3.0,1.0,1.0,1.0,1.0,,Villa,Bon état,,,35.8569,10.5972,1.0,,,1.0,,,,,1.0,,,,,,,,,,,,,,,,,,,,,,,
https://www.mubawab.tn/fr/a/8046022/villa-avec-piscine-%C3%A0-gammarth,Villa avec piscine à Gammarth,Gammarth à La Marsa,6 500 TND,,2.0,4.0,3.0,1.0,1.0,1.0,1.0,1.0,Villa,Bon état,,,36.876389,10.325278,1.0,1.0,,1.0,1.0,1.0,1.0,1.0,,,,,1.0,,,,1.0,,,,,,,,,1.0,Sud,,,,,
https://www.mubawab.tn/fr/a/8069851/charmante-maisonnette-%C3%A0-carthage,Charmante maisonnette à Carthage,Carthage à Carthage,2 500 TND,120.0,3.0,2.0,2.0,1.0,,,1.0,1.0,Maison,Bon état,,,36.8566,10.3258,1.0,,,1.0,,1.0,1.0,,,1.0,,,,,,,,,,1.0,1.0,1.0,,,,,,,,,,
https://www.mubawab.tn/fr/a/8091895/villa-avec-vue-d%C3%A9gag%C3%A9e-%C3%A0-gammarth,Villa avec vue dégagée à Gammarth,Gammarth à La Marsa,6 500 TND,,2.0,4.0,5.0,1.0,1.0,1.0,1.0,1.0,Villa,Bon état,,,36.876389,10.325278,1.0,,,1.0,1.0,,1.0,1.0,1.0,,,,1.0,,,,,,,,,,,,,1.0,,,,,,
https://www.mubawab.tn/fr/a/8120091/villa-avec-vue-d%C3%A9gag%C3%A9e-%C3%A0-gammarth,Villa avec vue dégagée à Gammarth,Gammarth à La Marsa,8 000 TND,,2.0,3.0,3.0,1.0,1.0,1.0,1.0,1.0,Villa,Nouveau,,,36.876389,10.325278,1.0,,1.0,1.0,1.0,,1.0,1.0,1.0,,,1.0,1.0,,,,,,,,,,,,,1.0,,,,,,
https://www.mubawab.tn/fr/a/8021726/villa-de-haut-standing-%C3%A0-louer-%C3%A0-gammarth-sup%C3%A9rieur-4-chambres-environnement-calme-avec-vue-montagne-double-vitrage,"Villa de haut standing à louer à Gammarth Supérieur. 4 chambres. Environnement calme avec vue montagne, double vitrage",Gammarth Supérieur à La Marsa,5 500 TND,550.0,,4.0,4.0,1.0,1.0,1.0,1.0,1.0,Villa,Bon état,20-30 ans,Marbre,36.8931787,10.3099394,1.0,,,1.0,1.0,,1.0,1.0,,1.0,1.0,1.0,1.0,,,1.0,,1.0,,1.0,,,,,,1.0,Est,,,,,
https://www.mubawab.tn/fr/a/8106424/a-louer-villa-s5-avec-piscine-%C3%A0-kantaoui,A louer villa s5 avec piscine à Kantaoui,Cité de la Plage à Hammam Sousse,5 000 TND,1000.0,5.0,7.0,,1.0,,1.0,,,Villa,Nouveau,,,35.8569,10.5972,,1.0,,,,,,,,,,,,,,,,,,,,,1.0,,,,,,,,,
https://www.mubawab.tn/fr/a/7802476/a-louer-villa-meubl%C3%A9-%C3%A0-chatt-mariam,A louer villa meublé à chatt Mariam,Chott Meriem à Akouda,4 500 TND,700.0,5.0,6.0,,,,,1.0,,Villa,Nouveau,,,35.951365,10.54783,,,,1.0,,,,,,,,1.0,,,,,,,,1.0,,,1.0,,,,,,,,,
https://www.mubawab.tn/fr/a/8134415/etage-de-villa-s4-%C3%A0-louer,Etage de villa S4 à louer,La Manouba à La Manouba,900 TND,130.0,5.0,4.0,,,,,,,Maison,Bon état,10-20 ans,,36.77855,10.05538,1.0,,,,,,,,,,,,,2.0,,,,,145 m²,,,,1.0,,,,,,,,,
https://www.mubawab.tn/fr/a/7861154/location-villa-clara-s4,Location villa Clara S4,Hammamet à Hammamet,3 000 TND,280.0,5.0,4.0,2.0,1.0,,,1.0,1.0,Villa,Nouveau,,,36.40108,10.61457,1.0,,,1.0,,1.0,1.0,,,,,,,,,,1.0,,,,1.0,1.0,,,,,,,,,,
https://www.mubawab.tn/fr/a/8126573/location-villa-warda-s4,Location Villa Warda S4,Hammamet Nord à Hammamet,3 000 TND,240.0,5.0,4.0,3.0,1.0,1.0,1.0,1.0,1.0,Villa,Nouveau,,,36.40108,10.61457,1.0,,,1.0,,1.0,1.0,,,1.0,1.0,1.0,,1.0,,,1.0,,250 m²,1.0,1.0,1.0,,,1.0,,,,,,,
https://www.mubawab.tn/fr/a/8116163/une-villa-neuve-avec-piscine-au-lac2,Une villa neuve avec piscine au lac2,Les Berges Du Lac 2 à La Marsa,11 500 TND,600.0,5.0,4.0,2.0,1.0,1.0,1.0,1.0,1.0,Villa,Bon état,,,36.876389,10.325278,1.0,,1.0,1.0,1.0,,,,1.0,,,1.0,,,,1.0,,,,,,,,1.0,,,,,,,,
https://www.mubawab.tn/fr/a/8134336/a-louer-villa-s3-avec-piscine-et-jardin-%C3%A0-gammarth,A louer Villa S3 avec piscine et jardin à Gammarth,Gammarth à La Marsa,6 500 TND,,,4.0,,1.0,,1.0,1.0,1.0,Maison,,,,36.917739,10.288893,1.0,,,1.0,,,1.0,,,,,1.0,,,,,,,,,,,,,,,,,,,,
https://www.mubawab.tn/fr/a/8134331/a-louer-%C3%A9tage-de-villa-%C3%A0-cit%C3%A9-el-jala-bizerte,A Louer étage de Villa à Cité El Jala Bizerte,Bizerte à Bizerte Nord,750 TND,150.0,5.0,4.0,,,,,,,Maison,,,,37.1303,9.7506777,,,,,,,,,,,,,,,,,,,,,,,,,,,,,,,,
https://www.mubawab.tn/fr/a/8101734/duplex-s4-%C3%A0-louer-au-coeur-de-la-marsa,Duplex S4 à Louer au coeur de La Marsa,La Marsa à La Marsa,3 500 TND,,,4.0,,,,,,,Villa,,,,36.8941992,10.2762232,1.0,,,,,,,,,,,,,,,,,,,,,,,,,,,,,,,
https://www.mubawab.tn/fr/a/8134129/un-duplex-s4-%C3%A0-la-marsa,Un duplex s4 à la marsa,La Marsa à La Marsa,2 400 TND,220.0,5.0,4.0,,,,,1.0,1.0,Villa,Bon état,,,36.876389,10.325278,1.0,,,1.0,1.0,1.0,1.0,,1.0,,,1.0,,,,1.0,1.0,,,,,,1.0,,,,,,,,,
https://www.mubawab.tn/fr/a/8134119/villa-carthage,Villa Carthage,Salambo à Carthage,4 000 TND,200.0,3.0,3.0,,1.0,1.0,,1.0,1.0,Maison,Bon état,,,36.50218,10.19079,1.0,,1.0,1.0,1.0,1.0,1.0,,1.0,1.0,1.0,1.0,1.0,3.0,,1.0,1.0,1.0,,1.0,1.0,1.0,1.0,,1.0,,,,,,,
https://www.mubawab.tn/fr/a/8134067/a-louer-un-joli-duplex-s3-%C3%A0-sidi-daoued,A louer un joli duplex S3 à Sidi Daoued,Sidi Daoued à La Marsa,3 600 TND,150.0,3.0,3.0,,1.0,1.0,,,1.0,Maison,Nouveau,,,36.876389,10.325278,,,,,,,,,1.0,,,,,,,,,,,,,,1.0,,,,,,,,,
https://www.mubawab.tn/fr/a/8134068/villa-individuelle-en-location,Villa individuelle en location,Riadh al Andalous à Ariana Ville,950 TND,80.0,,,,,,,,,Villa,,,,36.8805752,10.1717264,,,,,,1.0,,,,,,,,,,,,,,,,1.0,,,,,,,,,,
https://www.mubawab.tn/fr/a/8134050/a-louer-rdc-de-villa-s3-%C3%A0-jardin-d-el-menzah-2,A Louer RDC de Villa S3 à Jardin d'el Menzah 2,Les Jardins d'El Menzah 2 à Ariana Ville,1 400 TND,100.0,3.0,3.0,,,,,,,Maison,Nouveau,,,36.8625,10.19556,1.0,,,,,,,,,,,,,,,,,,,,,,1.0,,,,,,,,,
https://www.mubawab.tn/fr/a/8092064/villa-aux-berges-du-lac-2,Villa aux Berges du lac 2,Les Berges Du Lac 2 à La Marsa,14 000 TND,300.0,5.0,4.0,3.0,1.0,1.0,1.0,1.0,1.0,Villa,Bon état,,,36.876389,10.325278,1.0,,,1.0,1.0,1.0,1.0,1.0,,,1.0,1.0,1.0,,,,1.0,,,,,,,,,,,,,,,
https://www.mubawab.tn/fr/a/8133953/triplex-s5-avec-terrasse-carthage-amilcar,"Triplex S5 avec terrasse, Carthage Amilcar",Amilcar à Carthage,3 200 TND,222.0,6.0,5.0,3.0,,,,1.0,1.0,Villa,Bon état,,,36.8566,10.3258,1.0,,,1.0,,1.0,1.0,,1.0,1.0,1.0,,,3.0,,,1.0,1.0,70 m²,,,1.0,,,,1.0,,,,,,
https://www.mubawab.tn/fr/a/8070224/villa-s3-avec-piscine-et-jardin-%C3%A0-louer-%C3%A0-gammarth,Villa S3 avec piscine et jardin à louer à Gammarth,Gammarth à La Marsa,7 500 TND,400.0,5.0,3.0,3.0,1.0,1.0,1.0,1.0,1.0,Villa,Nouveau,,,36.876389,10.325278,1.0,,,1.0,1.0,1.0,1.0,,1.0,,,1.0,1.0,,,,1.0,,,,,,,,,,,,,,,
https://www.mubawab.tn/fr/a/8128302/villa-s3-neuf-%C3%A0-louer-%C3%A0-la-marsa,Villa S3 Neuf à louer à la Marsa,La Marsa à La Marsa,6 000 TND,250.0,4.0,3.0,3.0,1.0,1.0,,1.0,1.0,Villa,Nouveau,,,36.876389,10.325278,1.0,,,1.0,1.0,,1.0,,,,,1.0,1.0,,,,,,,,,,,,,,,,,,,
https://www.mubawab.tn/fr/a/8114668/villa-plain-pied-s4-meubl%C3%A9e-%C3%A0-louer-%C3%A0-la-marsa,Villa plain pied S4 meublée à louer à la Marsa,La Marsa à La Marsa,5 400 TND,1000.0,5.0,4.0,2.0,1.0,1.0,,1.0,1.0,Villa,Bon état,,,36.876389,10.325278,1.0,,,1.0,1.0,1.0,1.0,,,,,1.0,1.0,,,,1.0,,,1.0,1.0,1.0,,,,,,,,,,
https://www.mubawab.tn/fr/a/8126269/villa-s5-avec-piscine-et-jardin-%C3%A0-louer-%C3%A0-gammarth,Villa S5 avec piscine et jardin à louer à Gammarth,Gammarth à La Marsa,6 300 TND,400.0,6.0,5.0,4.0,1.0,1.0,1.0,1.0,1.0,Villa,Bon état,,,36.876389,10.325278,1.0,,,1.0,1.0,,1.0,,,,,1.0,1.0,,,,1.0,,,,,,,,,,,,,,,
https://www.mubawab.tn/fr/a/7982010/villa-de-ma%C3%AEtre-%C3%A0-menzah-5,Villa de maître à Menzah 5,El Menzah 5 à Ariana Ville,7 000 TND,1350.0,10.0,8.0,3.0,1.0,1.0,1.0,1.0,1.0,Villa,Bon état,10-20 ans,Marbre,36.84838529999999,10.1745278,1.0,1.0,1.0,1.0,1.0,1.0,1.0,1.0,,1.0,1.0,1.0,1.0,,,1.0,1.0,1.0,,1.0,1.0,1.0,,,,,Est,,,,,
https://www.mubawab.tn/fr/a/8124056/location-coquette-villa-%C3%A0-gammarth,Location coquette villa à Gammarth,Gammarth à La Marsa,6 000 TND,1000.0,4.0,3.0,3.0,1.0,1.0,1.0,1.0,1.0,Villa,Bon état,,,36.917739,10.288893000000002,1.0,,,1.0,,,1.0,1.0,,1.0,1.0,,,,,,,,,,,,,,,,,,,,,
https://www.mubawab.tn/fr/a/8120038/une-villa-s4-%C3%A0-gammarth-avec-piscine-vue-mer,Une villa s4 à gammarth avec piscine vue mer,Gammarth à La Marsa,14 000 TND,600.0,5.0,4.0,2.0,1.0,,1.0,1.0,1.0,Villa,Nouveau,,,36.876389,10.325278,1.0,,,1.0,1.0,,,1.0,1.0,,1.0,1.0,,,,1.0,,,,,,,,,1.0,,,,,,,
https://www.mubawab.tn/fr/a/8120313/une-villa-s4-%C3%A0-la-marsa-avec-jardin,Une villa s4 à la marsa avec jardin,La Marsa à La Marsa,3 200 TND,450.0,5.0,4.0,3.0,1.0,1.0,1.0,1.0,1.0,Villa,Bon état,,,36.876389,10.325278,,,,1.0,1.0,,,1.0,1.0,,1.0,1.0,,,,1.0,,1.0,,,,,,,,,,,,,,
https://www.mubawab.tn/fr/a/8133932/location-villa-bureautique-mutuelle-ville,Location villa bureautique mutuelle ville,Mutuelle Ville à El Menzah,4 500 TND,400.0,7.0,6.0,3.0,1.0,,,1.0,1.0,Maison,Bon état,,,36.845235,10.164723,,,,1.0,1.0,,,1.0,,,,1.0,,,,,,,,,,,,,,,,,,,,
https://www.mubawab.tn/fr/a/8133871/duplex-s4-avec-jardin-cit%C3%A9-el-khalil,Duplex S4 avec jardin cité El Khalil,Cité El Khalil à La Marsa,2 000 TND,145.0,6.0,4.0,2.0,1.0,,,1.0,,Maison,Bon état,,Marbre,36.876389,10.325278,1.0,,,1.0,,,,,,,,,,2.0,,,,,,,,,,,,,Est,,,,,
https://www.mubawab.tn/fr/a/8133869/a-louer-villa-avec-piscine-%C3%A0-la-soukra,A Louer Villa avec Piscine à La Soukra,La Soukra à La Soukra,6 000 TND,600.0,5.0,4.0,4.0,1.0,1.0,1.0,1.0,1.0,Villa,Bon état,,,36.883333,10.25,1.0,,,1.0,,1.0,1.0,1.0,1.0,,,1.0,,,,,,,,,,,,,,,,,,,,
https://www.mubawab.tn/fr/a/8044810/%C3%A9blouissante-villa-de-prestige-en-location-%C3%A0-carthage,Éblouissante Villa de Prestige en Location à Carthage,Salambo à Carthage,10 000 TND,750.0,9.0,5.0,4.0,1.0,1.0,,1.0,1.0,Villa,Bon état,,,36.8694317,10.3164051,,1.0,1.0,1.0,1.0,1.0,1.0,1.0,,,1.0,,1.0,,,1.0,1.0,,450 m²,1.0,1.0,1.0,,,1.0,,,,,,,
https://www.mubawab.tn/fr/a/8133850/a-louer-villa-avec-piscine-%C3%A0-la-marsa,A Louer Villa avec Piscine à la Marsa,La Marsa à La Marsa,5 000 TND,450.0,6.0,5.0,4.0,1.0,1.0,1.0,1.0,1.0,Villa,Bon état,,,36.876389,10.325278,1.0,,,1.0,,,,,1.0,,,,,,,,,,,,,,,,,,,,,,,
https://www.mubawab.tn/fr/a/8133805/a-louer-villa-avec-piscine,A louer villa avec piscine,Gammarth à La Marsa,6 500 TND,350.0,,4.0,3.0,1.0,1.0,,1.0,1.0,Villa,Nouveau,1-5 ans,Marbre,36.87910089999996,10.3065055,1.0,,,1.0,,,,1.0,,,,,,2.0,,,,,,,,,,,,,Sud,,,,,
https://www.mubawab.tn/fr/a/8075588/location-d-une-villa-%C3%A0-gammarth-sup%C3%A9rieur-5-chambres-agr%C3%A9ables-piscine-et-chemin%C3%A9e,Location d'une villa à Gammarth Supérieur. 5 chambres agréables. Piscine et cheminée,Gammarth Supérieur à La Marsa,8 000 TND,850.0,,5.0,4.0,1.0,1.0,1.0,1.0,1.0,Villa,Bon état,1-5 ans,Marbre,36.87909099999999,10.3064726,1.0,,1.0,1.0,1.0,,1.0,1.0,,1.0,1.0,1.0,1.0,3.0,,1.0,1.0,1.0,,1.0,,,,,1.0,1.0,Est,,,,,
https://www.mubawab.tn/fr/a/8133786/duplex-meubl%C3%A9-avec-vue-sur-mer-%C3%A0-gammarth,Duplex meublé avec vue sur mer à Gammarth,Gammarth à La Marsa,6 500 TND,,,3.0,4.0,,1.0,,1.0,1.0,Villa,Nouveau,,,36.876389,10.325278,1.0,1.0,,1.0,1.0,1.0,1.0,,,1.0,,1.0,1.0,,1.0,1.0,1.0,,,1.0,1.0,1.0,,,1.0,,,,,,,
https://www.mubawab.tn/fr/a/8133778/a-louer-villa-avec-piscine-%C3%A0-gammarth,A Louer Villa avec Piscine à Gammarth,Gammarth à La Marsa,6 500 TND,400.0,6.0,5.0,3.0,1.0,1.0,1.0,1.0,1.0,Villa,Bon état,,,36.876389,10.325278,1.0,,,1.0,,,,,1.0,,,,,,,,,,800 m²,,,,,,,,,,,,,
https://www.mubawab.tn/fr/a/8093017/charmante-villa-%C3%A0-louer-%C3%A0-gammarth,Charmante villa à louer à Gammarth,La Marsa à La Marsa,12 000 TND,1500.0,,5.0,,1.0,,,1.0,1.0,Villa,,,,36.8941992,10.2762232,,,,1.0,,,,,,,,,,,,,,,,,,,,,,,,,,,,
https://www.mubawab.tn/fr/a/8094332/villa-s4-%C3%A0-louer-%C3%A0-la-marsa,Villa S4 à Louer à La Marsa,La Marsa à La Marsa,3 500 TND,,,3.0,,1.0,,,,,Villa,,,,36.8941992,10.2762232,,,,,,,,,,,,,,,,,,,,,,,,,,,,,,,,
https://www.mubawab.tn/fr/a/8088017/villa-azur-%C3%A0-louer-%C3%A0-sidi-daoud-la-marsa,"Villa Azur à Louer à Sidi Daoud, La Marsa",Sidi Daoued à La Marsa,3 500 TND,320.0,9.0,6.0,2.0,1.0,1.0,,,1.0,Villa,Bon état,,,36.876389,10.325278,1.0,1.0,,,,,,,1.0,,,,,,,,,,300 m²,,,,,,,,,,,,,
https://www.mubawab.tn/fr/a/8119460/villa-jumel%C3%A9-s4-jamais-habit%C3%A9e-%C3%A0-gammarth,Villa Jumelé S4 Jamais Habitée à Gammarth,La Marsa à La Marsa,6 000 TND,150.0,,2.0,,,,1.0,1.0,,Villa,,,,36.8941992,10.2762232,,,,1.0,,,,,1.0,,,1.0,,,,,,,,,,,,,,,,,,,,
https://www.mubawab.tn/fr/a/8131704/a-louer-villa-moderne,A louer villa moderne,Gammarth Supérieur à La Marsa,6 500 TND,400.0,,4.0,4.0,1.0,1.0,1.0,1.0,1.0,Villa,Nouveau,1-5 ans,Marbre,36.8790108,10.3068061,1.0,,,1.0,1.0,1.0,1.0,1.0,,,1.0,1.0,1.0,2.0,,,1.0,,,1.0,,1.0,,,,1.0,Sud,,,,,
https://www.mubawab.tn/fr/a/8133747/a-louer-triplex-neuf-avec-agenceur-et-jardin,A Louer Triplex Neuf avec Agenceur et Jardin,Chotrana 1 à La Soukra,6 000 TND,400.0,6.0,5.0,5.0,1.0,1.0,,1.0,1.0,Maison,Nouveau,,,36.883333,10.25,1.0,,,1.0,,,1.0,,1.0,,,,,,,,,,,,,,,1.0,,,,,,,,
https://www.mubawab.tn/fr/a/8041380/un-joli-triplex-avec-jardin-%C3%A0-louer-%C3%A0-la-soukra,Un Joli Triplex avec jardin à louer à La Soukra,La Soukra à La Soukra,Prix à consulter,400.0,,5.0,,1.0,1.0,,,1.0,Maison,,,,36.88833,10.27417,1.0,,,,,,,,1.0,,,1.0,,,,,,,,,,,,,,,,,,,,
https://www.mubawab.tn/fr/a/8133709/a-louer-villa-s4-%C3%A0-la-marsa,A louer villa S4 à la Marsa,La Marsa à La Marsa,3 200 TND,,,5.0,,1.0,1.0,,,1.0,Maison,,,,36.8941992,10.2762232,1.0,,,,,,1.0,,,,,,,,,,,,,,,,,,,,,,,,,
https://www.mubawab.tn/fr/a/8133611/maisonnette-s3-en-rez-de-jardin-%C3%A0-cit%C3%A9-el-fawz,Maisonnette S3 en Rez de jardin à cité El Fawz,El Menzah 9 à El Menzah,1 300 TND,150.0,4.0,4.0,3.0,1.0,,,1.0,1.0,Maison,Bon état,1-5 ans,Marbre,36.8482637,10.1410889,1.0,,,,1.0,,1.0,,1.0,,,,,1.0,,,,,,,,,,,,,Est,,,,,
https://www.mubawab.tn/fr/a/8058932/a-louer-%C3%A9tage-de-villa-s2-meubl%C3%A9-%C3%A0-la-marsa,A louer: Étage de Villa S2 meublé à la marsa,La Marsa à La Marsa,4 000 TND,200.0,3.0,2.0,,1.0,1.0,,1.0,1.0,Maison,Bon état,1-5 ans,,36.876389,10.325278,1.0,,,1.0,,1.0,1.0,,,,1.0,,,1.0,,,1.0,,,1.0,1.0,1.0,1.0,,1.0,,Est,,,,,
https://www.mubawab.tn/fr/a/8133495/a-louer-duplex-avec-jardin-au-lac-2,A Louer Duplex avec Jardin au Lac 2,Les Berges Du Lac 2 à La Marsa,3 500 TND,280.0,4.0,3.0,2.0,1.0,1.0,,1.0,1.0,Maison,Bon état,,,36.876389,10.325278,1.0,,,1.0,,,1.0,,1.0,,,,,,,,,,,1.0,,,,,,,,,,,,
https://www.mubawab.tn/fr/a/8133410/etage-de-villa-en-location,Etage de villa en location,La Marsa,4 000 TND,280.0,,,,,,,1.0,,Villa,,,,36.876389,10.325278,1.0,,,1.0,,,1.0,1.0,,,,,,,,,,,,1.0,,,,,,,,,,,,
https://www.mubawab.tn/fr/a/8133355/villa-zahra-%C3%A0-louer-%C3%A0-ezzahra-k%C3%A9libia,"Villa Zahra à louer à Ezzahra, Kélibia",Kélibia,3 600 TND,200.0,4.0,3.0,,1.0,,,,1.0,Maison,Bon état,,,36.8493,11.0918,1.0,,,,,,,,,,,,,,,,,,,,,,1.0,,1.0,,,,,,,
https://www.mubawab.tn/fr/a/8064185/louez-votre-r%C3%A9sidence-%C3%A0-la-marsa-surface-de-180-m%C2%B2-meubl%C3%A9,Louez votre résidence à La Marsa. Surface de 180 m². Meublé,La Marsa à La Marsa,8 000 TND,180.0,,3.0,3.0,1.0,,1.0,1.0,1.0,Maison,Nouveau,1-5 ans,Marbre,36.87910539999999,10.3064597,1.0,,,1.0,1.0,1.0,1.0,1.0,,,1.0,1.0,1.0,2.0,,1.0,1.0,,,1.0,1.0,1.0,,,,,Est,,,,,
https://www.mubawab.tn/fr/a/8040072/somptueuse-villa-%C3%A0-louer-%C3%A0-gammarth-5-belles-chambres-bien-meubl%C3%A9,Somptueuse villa à louer à Gammarth. 5 belles chambres. Bien meublé,Gammarth à La Marsa,6 500 TND,310.0,,5.0,4.0,1.0,1.0,1.0,1.0,1.0,Villa,Nouveau,1-5 ans,Marbre,36.87907110000001,10.306512800000002,1.0,,1.0,1.0,1.0,1.0,1.0,1.0,,1.0,1.0,1.0,1.0,,,1.0,1.0,1.0,,1.0,1.0,1.0,,,,,Nord,,,,,
https://www.mubawab.tn/fr/a/8133201/duplex-avec-jardin-%C3%A0-la-marsa,Duplex avec jardin à La Marsa,Cité El Khalil à La Marsa,3 800 TND,,2.0,5.0,3.0,1.0,1.0,,1.0,1.0,Maison,Bon état,,,36.876389,10.325278,1.0,1.0,,1.0,1.0,,1.0,,,,,1.0,1.0,,,,,,,,,,,,,,,,,,,
https://www.mubawab.tn/fr/a/8042314/villa-s5-a-gmmarth,Villa s5 a gmmarth,Gammarth à La Marsa,6 300 TND,550.0,6.0,5.0,4.0,1.0,1.0,1.0,1.0,1.0,Villa,Bon état,1-5 ans,,36.87638899999999,10.325278000000004,1.0,1.0,,1.0,,1.0,1.0,1.0,,,,1.0,,,,1.0,1.0,1.0,,,1.0,1.0,,,,1.0,,,,,,
https://www.mubawab.tn/fr/a/8135709/%C3%A0-louer-villa-exceptionnel-front-mer-%C3%A0-la-marsa,À louer villa exceptionnel front mer à la Marsa,La Marsa à La Marsa,Prix à consulter,500.0,4.0,4.0,4.0,1.0,1.0,1.0,1.0,1.0,Villa,Nouveau,Moins d'un an,Marbre,36.8941992,10.2762232,1.0,,1.0,1.0,,1.0,1.0,1.0,1.0,1.0,1.0,1.0,1.0,1.0,,,,,1000 m²,,1.0,,,1.0,1.0,1.0,Est,,,,,
https://www.mubawab.tn/fr/a/8098535/%C3%A0-louer-joli-villa-avec-vue-imprenable-%C3%A0-gammarth,À Louer joli Villa avec Vue imprenable à Gammarth,Gammarth à La Marsa,7 000 TND,500.0,3.0,3.0,3.0,1.0,1.0,1.0,1.0,1.0,Villa,Nouveau,1-5 ans,Marbre,36.917739,10.288893,1.0,1.0,1.0,1.0,1.0,1.0,1.0,1.0,,1.0,1.0,1.0,1.0,1.0,,,,,900 m²,1.0,1.0,,,,,1.0,Est,,,,,
https://www.mubawab.tn/fr/a/8115141/%C3%A0-louer-villa-neuve-avec-vue-imprenable-%C3%A0-gammarth,À louer villa neuve avec vue imprenable à Gammarth,La Marsa à La Marsa,7 500 TND,280.0,3.0,3.0,3.0,1.0,1.0,1.0,1.0,1.0,Villa,Nouveau,Moins d'un an,Marbre,36.8941992,10.2762232,1.0,1.0,1.0,1.0,1.0,1.0,1.0,1.0,1.0,1.0,1.0,1.0,1.0,1.0,,,,,350 m²,,1.0,,,,1.0,1.0,Est,,,,,
https://www.mubawab.tn/fr/a/8121397/%C3%A0-louer-villa-contemporaine-d%E2%80%99exception-%C3%A0-gammart,À louer Villa contemporaine d’exception à Gammart,Gammarth à La Marsa,13 000 TND,700.0,4.0,4.0,4.0,1.0,1.0,1.0,1.0,1.0,Villa,Nouveau,Moins d'un an,Marbre,36.917739,10.288893,1.0,1.0,1.0,1.0,1.0,1.0,1.0,1.0,1.0,1.0,1.0,1.0,1.0,1.0,,,,,1300 m²,,1.0,,,1.0,,1.0,Est,,,,,
https://www.mubawab.tn/fr/a/8096261/villa-s4-avec-piscine-gammarth,"Villa S4 avec piscine, Gammarth",Gammarth à La Marsa,5 500 TND,250.0,6.0,4.0,3.0,1.0,1.0,1.0,1.0,1.0,Villa,Bon état,1-5 ans,Marbre,36.876389,10.325278,1.0,,1.0,1.0,,1.0,1.0,1.0,1.0,1.0,1.0,1.0,1.0,2.0,,,,1.0,400 m²,,,,,,,1.0,,,,,,
https://www.mubawab.tn/fr/a/8115164/a-louer-loft-s4-meubl%C3%A9-%C3%A0-cit%C3%A9-les-pins,A Louer: Loft s4 meublé à cité les pins,Cité Les Pins à La Marsa,9 000 TND,350.0,5.0,4.0,3.0,,,,1.0,1.0,Villa,Nouveau,,,36.876389,10.325278,1.0,,,1.0,1.0,1.0,1.0,,1.0,1.0,1.0,,1.0,,,1.0,1.0,,,1.0,1.0,1.0,,,,,,,,,,
https://www.mubawab.tn/fr/a/8047076/a-louer-villa-s3-meubl%C3%A9e-avec-piscine,A louer: Villa s3 meublée avec piscine,Cité Les Pins à La Marsa,Prix à consulter,350.0,5.0,3.0,3.0,1.0,,1.0,1.0,1.0,Villa,Bon état,,,36.876389,10.325278,1.0,,1.0,1.0,1.0,1.0,1.0,,,1.0,1.0,,1.0,,,,1.0,,,1.0,1.0,1.0,,,,,,,,,,
https://www.mubawab.tn/fr/a/8133193/maison-typique-a-la-village-sidi-bou-said-vue-mer,Maison typique a la village sidi bou said vue mer,Sidi Bousaid à Carthage,3 000 TND,300.0,5.0,4.0,3.0,,,,1.0,,Maison,Bon état,5-10 ans,Marbre,36.8566,10.3258,,,,,,,,,,,,,,2.0,,,,,300 m²,,,,,,1.0,,,,,,,
https://www.mubawab.tn/fr/a/8114877/villa-%C3%A0-louer-pour-l-%C3%A9t%C3%A9-%C3%A0-hammamet-tropical,Villa à LOUER pour l'été à Hammamet Tropical,Hammamet Sud à Hammamet,Prix à consulter,,5.0,4.0,3.0,1.0,,1.0,,1.0,Villa,Bon état,,,36.40108,10.61457,1.0,,,1.0,1.0,1.0,1.0,1.0,,,,,1.0,,,,1.0,,1000 m²,1.0,1.0,1.0,,,1.0,,,,,,,
https://www.mubawab.tn/fr/a/8114021/rez-de-chauss%C3%A9e-de-villa-s4-en-location,Rez de chaussée de villa S4 en location,Khezama Est,950 TND,110.0,,4.0,2.0,1.0,,,,,Villa,Bon état,10-20 ans,Carrelage,35.844,10.618753,1.0,,,,,,,,,,1.0,,,,1.0,,,,,,,,,,,,,,,,,
https://www.mubawab.tn/fr/a/7880480/%C3%A0-louer-villa-de-ma%C3%AEtre-avec-piscine-au-lac-2,À louer Villa de Maître avec Piscine au Lac 2,Les Berges Du Lac 2 à La Marsa,Prix à consulter,1200.0,10.0,6.0,2.0,1.0,1.0,1.0,,,Villa,Bon état,,,36.876389,10.325278,,,,,,,,,,,,,,,,,,,,,,,,,,,,,,,,
https://www.mubawab.tn/fr/a/8057373/maisonnette-meubl%C3%A9e-s2-a-carthage-hannibal,Maisonnette meublée s2 a carthage hannibal,Carthage à Carthage,2 500 TND,110.0,3.0,2.0,2.0,,,,1.0,1.0,Maison,Bon état,10-20 ans,Marbre,36.8566,10.3258,1.0,,,1.0,,,,,,,,,,1.0,,,,,110 m²,,,,,,,,,,,,,
https://www.mubawab.tn/fr/a/8133135/villa-avec-vue-sur-mer-%C3%A0-gammarth,Villa avec vue sur mer à Gammarth,Gammarth à La Marsa,13 000 TND,,2.0,5.0,7.0,1.0,1.0,1.0,1.0,1.0,Villa,Bon état,,,36.876389,10.325278,1.0,1.0,,1.0,1.0,1.0,1.0,1.0,,,,,1.0,2.0,,,1.0,1.0,,,,,,,1.0,1.0,,,,,,
https://www.mubawab.tn/fr/a/8133138/a-louer-un-%C3%A9tage-de-villa-%C3%A0-la-marsa,A louer un étage de villa à la Marsa,Cité Du Stade à La Marsa,1 350 TND,200.0,2.0,2.0,,,,,,,Villa,Nouveau,,,36.876389,10.325278,,,,,,,,,,,,,,,,,,,,,,,1.0,,,,,,,,,
https://www.mubawab.tn/fr/a/8038600/a-louer-un-%C3%A9tage-de-villa-s3-vue-sur-mer-%C3%A0-gammarth,A louer un étage de villa S3 vue sur mer à Gammarth,Gammarth Supérieur à La Marsa,4 000 TND,180.0,4.0,3.0,,,,,1.0,1.0,Villa,Bon état,,,36.876389,10.325278,1.0,,,1.0,,,1.0,,,,,1.0,,,,,,,,,,,1.0,,1.0,,,,,,,
https://www.mubawab.tn/fr/a/8133101/une-villa-s3-%C3%A0-gammarth-avec-piscine,Une villa s3 à gammarth avec piscine,Gammarth à La Marsa,6 500 TND,600.0,5.0,4.0,2.0,1.0,1.0,1.0,1.0,1.0,Villa,Bon état,,,36.876389,10.325278,1.0,,,1.0,1.0,1.0,1.0,1.0,1.0,,1.0,1.0,,,,1.0,1.0,,,,1.0,1.0,,,,,,,,,,
https://www.mubawab.tn/fr/a/8076531/belle-villa-%C3%A0-m%C3%A9grine-coteau,Belle villa à Mégrine coteau,Megrine Coteau à Mégrine,3 000 TND,250.0,6.0,4.0,3.0,1.0,1.0,,1.0,1.0,Villa,Bon état,5-10 ans,Marbre,36.6938694,10.2622167,1.0,,,1.0,,,,,,,,1.0,,3.0,,,,,360 m²,,,,,,,,,,,,,
https://www.mubawab.tn/fr/a/7887539/location-villa-urso-s4,Location villa Urso S4,Hammamet Sud à Hammamet,3 000 TND,250.0,5.0,4.0,,1.0,1.0,1.0,1.0,1.0,Villa,Nouveau,,,36.40108,10.61457,1.0,,,1.0,,1.0,1.0,,,,1.0,,,,,,,,,1.0,1.0,1.0,1.0,,,,,,,,,
https://www.mubawab.tn/fr/a/8087724/villa-s5-avec-jardin-et-jardin-%C3%A0-la-marsa,Villa S5 avec jardin et jardin à La Marsa,La Marsa à La Marsa,4 500 TND,450.0,6.0,5.0,3.0,1.0,,,1.0,1.0,Villa,Bon état,,,36.876389,10.325278,1.0,,,1.0,,,1.0,,1.0,,,,,,,,,,,,,,,,,,,,,,,
https://www.mubawab.tn/fr/a/8111951/duplex-s3-avec-terrasse-%C3%A0-la-soukra,Duplex S3 avec terrasse à La Soukra,La Soukra à La Soukra,1 100 TND,136.0,4.0,3.0,2.0,,,,1.0,,Villa,Bon état,,,36.883333,10.25,1.0,,,1.0,,,1.0,,,,,,,,,,,,,,,,,,,,,,,,,
https://www.mubawab.tn/fr/a/7867649/villa-s5-vue-sur-mer-avec-piscine-%C3%A0-carthage,Villa S5 vue sur mer avec piscine à Carthage,Carthage à Carthage,15 000 TND,,6.0,5.0,5.0,1.0,1.0,1.0,1.0,1.0,Villa,Bon état,5-10 ans,Carrelage,36.8566,10.3258,1.0,,,1.0,1.0,,1.0,1.0,,1.0,1.0,1.0,1.0,,,1.0,1.0,1.0,,,,,,,1.0,,,,,,,
https://www.mubawab.tn/fr/a/8052658/villa-de-ma%C3%AEtre-%C3%A0-louer-%C3%A0-la-marsa,Villa de maître à louer à la Marsa,La Marsa à La Marsa,10 000 TND,400.0,,5.0,4.0,1.0,1.0,1.0,,1.0,Villa,Bon état,5-10 ans,Marbre,36.87899259999999,10.3067655,1.0,,,,,,,1.0,1.0,,,,,2.0,,,,,,,,,,,,,Nord,,,,,
https://www.mubawab.tn/fr/a/8111311/une-villa-%C3%A0-louer,Une villa à louer,Hammamet à Hammamet,3 000 TND,300.0,3.0,3.0,,,,1.0,,1.0,Villa,Nouveau,,,36.40108,10.61457,1.0,,,,,,,,,,,,,,,,,,,,,,1.0,,,,,,,,,
https://www.mubawab.tn/fr/a/8132691/belle-villa-%C3%A0-louer-avec-piscine,Belle villa à louer avec piscine,La Marsa à La Marsa,4 200 TND,200.0,5.0,5.0,2.0,1.0,,1.0,1.0,,Villa,Nouveau,,,36.876389,10.325278,,,,1.0,,,,,1.0,,,,,,,,,,,,,,,,,,,,,,,
https://www.mubawab.tn/fr/a/8132723/a-louer-lac-2,A louer lac 2,Les Berges Du Lac 2 à La Marsa,Prix à consulter,700.0,,7.0,4.0,1.0,1.0,,1.0,1.0,Villa,Bon état,,,36.8468986,10.2641808,1.0,,,1.0,1.0,,1.0,,,,,,1.0,,1.0,,,,,,,,,,,,,,,,,
https://www.mubawab.tn/fr/a/7581728/a-louer-villa-s5-mutuelle-ville,A louer villa S5 Mutuelle ville,Mutuelle Ville à El Menzah,4 500 TND,800.0,6.0,5.0,3.0,1.0,,,1.0,1.0,Villa,Bon état,,,36.831638200000015,10.1641474,1.0,,,1.0,,,,,,,,1.0,,,,1.0,,1.0,,,,,,,,,,,,,,
https://www.mubawab.tn/fr/a/7952630/villa-%C3%A0-usage-bureautique-au-lac2-%C3%A0-louer,Villa à usage bureautique au lac2 à louer,Les Berges Du Lac 2 à La Marsa,8 000 TND,600.0,7.0,10.0,5.0,1.0,1.0,1.0,1.0,1.0,Maison,Nouveau,,,36.876389,10.325278,1.0,1.0,,1.0,1.0,,1.0,1.0,1.0,,,1.0,1.0,,,,1.0,,,,,,,,,,,,,,,
https://www.mubawab.tn/fr/a/8047925/a-vendre-villa-de-485-m%C2%B2-sur-un-terrain-de-400-m%C2%B2,A vendre villa de 485 m² sur un terrain de 400 m²,Hammam Chatt à Hammam Chatt,650 000 TND,485.0,7.0,6.0,3.0,1.0,1.0,,1.0,,Maison,À rénover,20-30 ans,Carrelage,36.0683,9.97244,1.0,,,1.0,,,,,,,,,,,,,,,400 m²,,,,,,,,Est,,,,,
https://www.mubawab.tn/fr/a/8113422/a-louer-%C3%A9tage-de-villa-s3-meubl%C3%A9-au-manar-2,A louer étage de villa S3 meublé au Manar 2,El Manar 2 à El Menzah,2 500 TND,200.0,5.0,3.0,,,1.0,,1.0,1.0,Villa,Nouveau,,,36.845235,10.164723,1.0,,,1.0,1.0,1.0,1.0,,,,,1.0,1.0,,,,1.0,,,1.0,1.0,,1.0,,,,,,,,,
https://www.mubawab.tn/fr/a/8126328/villa-jumel%C3%A9e-s3-%C3%A0-louer-aux-jardins-de-carthage,Villa Jumelée S3 à louer aux Jardins de Carthage,Les Jardins de Carthage à Le Kram,3 500 TND,,,3.0,,1.0,,,,,Villa,,,,36.8555704,10.291834,1.0,,,,,,,,,,,,,,,,,,,,,,,,,,,,,,,
https://www.mubawab.tn/fr/a/8096795/duplex-s4-%C3%A0-la-marsa-mdl0322,Duplex S4 à La Marsa MDL0322,La Marsa à La Marsa,3 500 TND,,,4.0,3.0,,,,1.0,1.0,Maison,Bon état,,,36.876389,10.325278,1.0,,,1.0,,,,,,,,,,,1.0,,,,,1.0,,,,,,,,,,,,
https://www.mubawab.tn/fr/a/8049315/villa-s5-avec-piscine-aux-jardins-de-carthage,Villa S5 avec piscine aux Jardins de Carthage,Les Jardins de Carthage à Le Kram,6 500 TND,,,5.0,4.0,1.0,1.0,1.0,1.0,1.0,Villa,Bon état,,,36.833333,10.316667,1.0,,,1.0,,,,,,,,,,,1.0,,,,,,,,,,,,,,,,,
https://www.mubawab.tn/fr/a/8123096/%C3%A0-louer-une-villa-%C3%A0-menzah-9,À louer une villa à Menzah 9,El Menzah 9 à El Menzah,3 500 TND,300.0,8.0,8.0,4.0,1.0,1.0,,1.0,1.0,Maison,Nouveau,,,36.845235,10.164723,1.0,1.0,,1.0,,,1.0,1.0,1.0,,,,,,,,1.0,,500 m²,,,,,,,,,,,,,
https://www.mubawab.tn/fr/a/8114868/a-louer-triplex-s3-%C3%A0-gammarth-avec-piscine,A louer triplex S3 à Gammarth avec piscine,Gammarth à La Marsa,6 000 TND,320.0,,3.0,4.0,1.0,1.0,1.0,1.0,1.0,Maison,Bon état,,,36.87638900000003,10.325278,1.0,,,1.0,1.0,1.0,1.0,,,1.0,,,1.0,,1.0,,,,245 m²,1.0,,,,1.0,,,,,,,,
https://www.mubawab.tn/fr/a/8071375/magnifique-villa-s6-%C3%A0-gammarth,Magnifique Villa S6 à Gammarth,La Marsa à La Marsa,9 000 TND,1000.0,,5.0,,1.0,1.0,1.0,,1.0,Villa,,,,36.8941992,10.2762232,,,1.0,,,,,,1.0,,,,,,,,,,,,,,,,,,,,,,,
https://www.mubawab.tn/fr/a/8018187/location-d-une-villa-%C3%A0-gammarth,Location d'une villa à Gammarth,Gammarth à La Marsa,6 000 TND,300.0,5.0,4.0,2.0,1.0,1.0,1.0,1.0,1.0,Maison,Bon état,,,36.876389,10.325278,1.0,,,1.0,,,,,,,,,,,,,,,,,,,,,,,,,,,,
https://www.mubawab.tn/fr/a/8075750/villa-s5-%C3%A0-louer-%C3%A0-ain-zaghouan-nord,Villa S5 à louer à Ain Zaghouan nord,Ain Zaghouan Nord à La Marsa,7 000 TND,300.0,6.0,6.0,3.0,,,1.0,,1.0,Maison,Nouveau,,,36.8623859,10.2835035,,,1.0,,,,,,,,,,,,,,,,,,,,,,,,,,,,,
https://www.mubawab.tn/fr/a/8135126/%C3%A0-louer-%C3%A9tage-de-villa-s2-meubl%C3%A9-%C3%A0-la-marsa,À louer Étage de villa S2 meublé à La Marsa,La Marsa à La Marsa,5 000 TND,110.0,2.0,2.0,,,,,1.0,1.0,Villa,Nouveau,,,36.876389,10.325278,1.0,,,1.0,,1.0,1.0,,1.0,1.0,,,,,,,,,110 m²,1.0,1.0,1.0,1.0,,1.0,,,,,,,
https://www.mubawab.tn/fr/a/8094098/villa-avec-piscine-%C3%A0-carthage,Villa avec piscine à Carthage,Carthage à Carthage,9 000 TND,450.0,5.0,4.0,3.0,1.0,1.0,1.0,,,Villa,Bon état,,,36.8566,10.3258,,,,,,,,,1.0,,,,,,,,,,,,,,,,,,,,,,,
https://www.mubawab.tn/fr/a/8129947/a-louer-une-jolie-villa-r%C3%A9cente-s5-manar-1,A louer une jolie villa récente s5 manar 1,El Manar 1 à El Menzah,4 400 TND,350.0,7.0,5.0,4.0,1.0,,1.0,1.0,1.0,Maison,Nouveau,1-5 ans,Marbre,36.845235,10.164723,1.0,,,1.0,1.0,,1.0,1.0,1.0,1.0,1.0,1.0,1.0,2.0,,,1.0,1.0,500 m²,,,,,,1.0,1.0,Est,,,,,
https://www.mubawab.tn/fr/a/8073131/villa-s7-vue-mer-avec-piscine-%C3%A0-carthage-mvl1301,Villa S7 vue mer avec piscine à Carthage MVL1301,Carthage à Carthage,Prix à consulter,,,7.0,4.0,1.0,1.0,1.0,1.0,1.0,Villa,Nouveau,,,36.8566,10.3258,1.0,,1.0,1.0,,,,,,,,,,,1.0,,,,,,,,,,1.0,,,,,,,
https://www.mubawab.tn/fr/a/8073430/villa-s4-avec-piscine-%C3%A0-la-marsa-zvl1625,Villa S4 avec piscine à La Marsa ZVL1625,La Marsa à La Marsa,Prix à consulter,1000.0,,4.0,5.0,1.0,1.0,1.0,1.0,1.0,Villa,Bon état,,,36.876389,10.325278,1.0,1.0,1.0,1.0,,,,,1.0,,,,,,1.0,,,,,,,,,,,,,,,,,
https://www.mubawab.tn/fr/a/8101583/villa-individuelle-en-location,Villa individuelle en location,La Marsa,9 000 TND,650.0,,,,1.0,1.0,1.0,1.0,1.0,Villa,,,,36.876389,10.325278,,,,1.0,,,1.0,,1.0,,,,,,,,,,,,,,,,,,,,,,,
https://www.mubawab.tn/fr/a/8122066/%C3%A0-louer-%E2%80%93-villa-plain-pied-%C3%A0-mutuelleville,À Louer – Villa Plain Pied à Mutuelleville,Mutuelle Ville à El Menzah,4 000 TND,180.0,4.0,3.0,2.0,1.0,1.0,,1.0,1.0,Villa,Nouveau,Moins d'un an,Marbre,36.845235,10.164723,1.0,,,1.0,1.0,,1.0,,,,,1.0,,,,,1.0,,500 m²,,,,,,,,Sud,,,,,
https://www.mubawab.tn/fr/a/8115131/villa-cactus,Villa Cactus,Hammamet à Hammamet,2 500 TND,150.0,,3.0,2.0,,1.0,1.0,1.0,1.0,Villa,Bon état,,,36.40108,10.61457,1.0,,,1.0,,,,,,,,1.0,1.0,1.0,1.0,,,,150 m²,1.0,,1.0,,1.0,,,,,,,,
https://www.mubawab.tn/fr/a/8116078/villa-s4-vue-sur-mer-avec-piscine-%C3%A0-gammarth,Villa S4 Vue sur mer avec piscine à Gammarth,Gammarth à La Marsa,12 000 TND,,5.0,3.0,3.0,1.0,1.0,1.0,1.0,1.0,Villa,Bon état,1-5 ans,Marbre,36.876389,10.325278,1.0,1.0,,1.0,1.0,1.0,1.0,,1.0,1.0,1.0,1.0,1.0,,,1.0,,1.0,,,,,,,1.0,,,,,,,
https://www.mubawab.tn/fr/a/8037002/villa-s5-avec-piscine-%C3%A0-gammarth,Villa S5 avec piscine à Gammarth,Gammarth à La Marsa,7 800 TND,450.0,6.0,5.0,5.0,1.0,1.0,1.0,1.0,1.0,Villa,Bon état,,,36.876389,10.325278,1.0,,1.0,1.0,1.0,,1.0,,,,1.0,,,,,,1.0,,,,,1.0,,,,,,,,,,
https://www.mubawab.tn/fr/a/8022811/villa-s5-avec-piscine-%C3%A0-gammarth,Villa S5 avec piscine à Gammarth,Gammarth à La Marsa,6 500 TND,400.0,5.0,5.0,4.0,1.0,1.0,1.0,1.0,1.0,Villa,Bon état,,,36.87638899999999,10.325278000000004,1.0,,,1.0,1.0,1.0,1.0,1.0,,1.0,1.0,1.0,1.0,,,1.0,1.0,1.0,,,,1.0,,,,,,,,,,
https://www.mubawab.tn/fr/a/7991816/villa-meubl%C3%A9-%C3%A0-louer-%C3%A0-ain-zaghouan-nord,Villa Meublé à Louer à Ain Zaghouan Nord,Ain Zaghouan Nord à La Marsa,15 000 TND,650.0,14.0,6.0,7.0,1.0,1.0,1.0,1.0,1.0,Villa,Bon état,Moins d'un an,Marbre,36.876389,10.325278,1.0,,1.0,1.0,1.0,1.0,1.0,1.0,,1.0,1.0,1.0,1.0,,,1.0,1.0,1.0,,1.0,1.0,1.0,,,,,,,,,,
https://www.mubawab.tn/fr/a/8109421/location-maison-rdc,Location maison RDC,Ettahrir 3 à Ettahrir,600 TND Baisse du prix 80 TND,100.0,3.0,2.0,,1.0,,,,,Maison,Bon état,,,,,,,,,,,,,,,,,,,,,,,,,,,1.0,,,,,,,,,
https://www.mubawab.tn/fr/a/8131996/maison-spacieuse-%C3%A0-sfax-gremda-km5,"Maison spacieuse à Sfax, Gremda km5",Sfax Sud à Sfax Sud,600 TND,200.0,6.0,4.0,,1.0,1.0,,,,Maison,Bon état,50-70 ans,Carrelage,34.668653,10.699911,1.0,,,,,,,,1.0,,,,,1.0,,,,,302 m²,,,,1.0,,,,Est,,,,,
https://www.mubawab.tn/fr/a/8131972/villa-jumel%C3%A9e-s4-a-cite-ettabak-la-marsa,Villa jumelée s4 a cite ettabak la Marsa,La Marsa à La Marsa,2 400 TND,,,4.0,,,,,1.0,1.0,Maison,,,,36.8941992,10.2762232,1.0,,,,,,1.0,,,,,,,,,,,,,,,,,,,,,,,,,
https://www.mubawab.tn/fr/a/8131887/magnifique-villa-haut-standing-%C3%A0-jaafar,Magnifique Villa Haut Standing à Jaafar,Cité Ennour Jaafar à Raoued,1 000 TND,110.0,4.0,3.0,2.0,1.0,1.0,,1.0,1.0,Maison,Nouveau,1-5 ans,Marbre,36.954444,10.191389,1.0,,,1.0,1.0,,1.0,,1.0,,1.0,1.0,1.0,1.0,,,,1.0,181 m²,1.0,,,,,,,Nord,,,,,
https://www.mubawab.tn/fr/a/8044019/villa-s3-meubl%C3%A9,Villa S3 meublé,Nabeul à Nabeul,3 000 TND,200.0,4.0,3.0,4.0,,,,1.0,1.0,Villa,Nouveau,1-5 ans,,36.45056,10.73505,,,,1.0,1.0,1.0,1.0,,,1.0,1.0,1.0,,,,1.0,1.0,,,1.0,1.0,1.0,,,,,,,,,,
https://www.mubawab.tn/fr/a/8131764/villa-jumel%C3%A9e-en-location,Villa jumelée en location,Ariana Ville,2 400 TND,260.0,,,,1.0,,,,,Villa,,,,36.8625,10.19556,,,,,,,,,,,,,,,,,,,,,,,,,,,,,,,,
https://www.mubawab.tn/fr/a/8121443/%C3%A0-louer-villa-jumel%C3%A9e-vue-mer-%C3%A0-gammarth,À louer Villa Jumelée Vue Mer à Gammarth,Gammarth à La Marsa,6 000 TND,300.0,4.0,4.0,3.0,1.0,1.0,,1.0,,Villa,Bon état,1-5 ans,Marbre,36.917739,10.288893,1.0,1.0,,1.0,1.0,,,1.0,1.0,1.0,1.0,1.0,1.0,2.0,,,,,400 m²,,,,,1.0,1.0,1.0,Est,,,,,
https://www.mubawab.tn/fr/a/8131702/location-annuelle-d-une-villa-s4,Location annuelle d'une villa s4,Gammarth à La Marsa,7 000 TND,500.0,7.0,4.0,3.0,1.0,,,1.0,1.0,Maison,Bon état,,,36.876389,10.325278,1.0,,,1.0,,1.0,1.0,,,,,,,,,,1.0,,,1.0,1.0,1.0,,,,,,,,,,
https://www.mubawab.tn/fr/a/8102901/%C3%A0-louer-%C3%A0-l%E2%80%99ann%C3%A9e-une-villa-%C3%A0-hammamet-nord,À louer à l’année une villa à Hammamet nord,Hammamet Nord à Hammamet,1 600 TND,200.0,4.0,3.0,2.0,1.0,,,,,Villa,Nouveau,,,36.40108,10.61457,,,,,,,,,,,,,,,,,,,,1.0,,,,,,,,,,,,
https://www.mubawab.tn/fr/a/8131608/a-louer-duplex-%C3%A0-jardins-d-el-menzah-1,A louer Duplex à Jardins d'el menzah 1,Cité Ali Bourguiba à Mnihla,2 200 TND,160.0,3.0,3.0,,,,,,,Maison,Nouveau,,,36.8567806,10.1157421,1.0,,,,,,,,,,,,,,,,,,,,,,1.0,,,,,,,,,
https://www.mubawab.tn/fr/a/8047056/a-louer-villa-s8-vide-meubl%C3%A9-avec-piscine,A louer: Villa s8 Vide/ Meublé avec piscine,La Marsa à La Marsa,Prix à consulter,1000.0,10.0,8.0,6.0,1.0,1.0,1.0,1.0,1.0,Villa,Bon état,,,36.876389,10.325278,1.0,1.0,1.0,1.0,1.0,,,1.0,1.0,1.0,,,1.0,,,,,,,1.0,,,,,,,,,,,,
https://www.mubawab.tn/fr/a/8106513/a-louer-villa-s6-avec-piscine-%C3%A0-la-marsa-cube,A louer: Villa S6 avec piscine à la Marsa Cube,La Marsa à La Marsa,Prix à consulter,700.0,7.0,6.0,6.0,1.0,1.0,1.0,1.0,1.0,Villa,Bon état,,,36.876389,10.325278,1.0,1.0,,1.0,1.0,1.0,1.0,1.0,,1.0,1.0,,1.0,,,1.0,1.0,,1000 m²,,,1.0,,,1.0,,,,,,,
https://www.mubawab.tn/fr/a/8032806/duplex-s3-ain-zaghouen-nord,Duplex s3 ain zaghouen nord,Ain Zaghouan Nord à La Marsa,1 700 TND,250.0,4.0,3.0,2.0,,,1.0,1.0,1.0,Maison,Bon état,5-10 ans,,36.87638899999999,10.325278000000004,1.0,,,1.0,,,1.0,1.0,,,,1.0,,,,,,1.0,,,,,,,,1.0,,,,,,
https://www.mubawab.tn/fr/a/8131558/villa-s6-avec-piscine-%C3%A0-gammarth-superieur,Villa S6 avec piscine à Gammarth superieur,Gammarth Supérieur à La Marsa,7 000 TND,1100.0,7.0,6.0,4.0,1.0,1.0,1.0,1.0,1.0,Villa,Bon état,,,36.876389,10.325278,1.0,1.0,,1.0,,,,1.0,,1.0,1.0,,,,,,,1.0,,,,,,,,1.0,,,,,,
https://www.mubawab.tn/fr/a/8093497/etage-de-villa-en-location,Etage de villa en location,Hammam Sousse à Hammam Sousse,1 300 TND,150.0,,,,1.0,,,,,Villa,,,,35.8569,10.591507,1.0,,,,,1.0,1.0,,,,,,,,,,,,,,,1.0,,,,,,,,,,
https://www.mubawab.tn/fr/a/8121517/%C3%A0-louer-villa-s3-meubl%C3%A9-hammamet-nord,À louer villa S3 meublé Hammamet Nord,Hammamet Nord à Hammamet,1 600 TND,300.0,4.0,3.0,2.0,1.0,1.0,,1.0,1.0,Villa,Bon état,,,36.40108,10.61457,1.0,,,1.0,,1.0,1.0,,1.0,,,1.0,,,,,1.0,,,1.0,1.0,1.0,,,1.0,1.0,,,,,,
https://www.mubawab.tn/fr/a/8090322/villa-s3-meubl%C3%A9-%C3%A0-louer-%C3%A0-carthage,Villa S3 Meublé à louer à Carthage,Carthage à Carthage,4 000 TND,250.0,4.0,3.0,2.0,1.0,1.0,,1.0,1.0,Villa,Bon état,,,36.8566,10.3258,1.0,,,1.0,1.0,1.0,1.0,,,,,1.0,1.0,,,,1.0,,,1.0,1.0,1.0,,,1.0,,,,,,,
https://www.mubawab.tn/fr/a/8119557/location-d-une-maison-%C3%A0-cit%C3%A9-el-ahmadi-3-belles-chambres-bien-meubl%C3%A9,Location d'une maison à Cité El Ahmadi. 3 belles chambres. Bien meublé,Cité El Ahmadi à La Marsa,5 300 TND,180.0,,3.0,2.0,,1.0,,1.0,1.0,Maison,Nouveau,1-5 ans,Marbre,36.876389,10.325278,1.0,1.0,,1.0,1.0,1.0,1.0,1.0,1.0,1.0,1.0,1.0,1.0,2.0,,1.0,1.0,1.0,180 m²,1.0,1.0,1.0,,1.0,1.0,1.0,Nord,,,,,
https://www.mubawab.tn/fr/a/8126161/superbe-villa-%C3%A0-louer-%C3%A0-cit%C3%A9-du-stade-4-belles-chambres-double-vitrage-et-porte-blind%C3%A9e,Superbe villa à louer à Cité Du Stade. 4 belles chambres. Double vitrage et porte blindée,Cité Du Stade à La Marsa,4 500 TND,520.0,,4.0,3.0,1.0,1.0,,1.0,1.0,Villa,Bon état,10-20 ans,Marbre,36.876389,10.325278,1.0,,,1.0,1.0,,,1.0,1.0,1.0,1.0,1.0,1.0,2.0,,1.0,,1.0,520 m²,1.0,,,,,,,Est,,,,,
https://www.mubawab.tn/fr/a/8131654/%C3%A0-louer-un-duplex-meubl%C3%A9-vue-sur-mer-au-golden-tulip,À louer un duplex meublé vue sur mer au Golden Tulip,Gammarth à La Marsa,3 000 TND,100.0,2.0,2.0,2.0,,,,1.0,1.0,Maison,Nouveau,,,36.876389,10.325278,1.0,,1.0,1.0,,,,,,,,,,,,,,,,1.0,,,,,1.0,,,,,,,
https://www.mubawab.tn/fr/a/8132203/a-louer-villa-meubl%C3%A9-%C3%A0-l-aouina,A LOUER VILLA Meublé À L'Aouina,Aouina à La Marsa,4 800 TND,320.0,,5.0,5.0,1.0,1.0,1.0,1.0,1.0,Villa,Nouveau,1-5 ans,Parquet,36.8533886,10.2504908,1.0,1.0,,1.0,1.0,1.0,1.0,1.0,,,1.0,1.0,1.0,1.0,,1.0,1.0,1.0,320 m²,1.0,1.0,1.0,,,,,Est,,,,,
https://www.mubawab.tn/fr/a/8120311/villa-s4-neuve-avec-piscine-%C3%A0-gammarth,Villa S4 neuve avec piscine à Gammarth,Gammarth à La Marsa,13 000 TND,,6.0,4.0,4.0,1.0,1.0,1.0,1.0,1.0,Villa,Nouveau,Moins d'un an,Marbre,36.876389,10.325278,1.0,,,1.0,1.0,1.0,1.0,1.0,1.0,1.0,1.0,1.0,1.0,,,1.0,,1.0,,,,,,,1.0,1.0,,,,,,
https://www.mubawab.tn/fr/a/8110925/villa-s3-avec-piscine-%C3%A0-la-marsa,Villa S3 avec piscine à La Marsa,La Marsa à La Marsa,8 000 TND,,5.0,4.0,3.0,1.0,1.0,1.0,1.0,1.0,Villa,Bon état,1-5 ans,Carrelage,36.876389,10.325278,1.0,,,1.0,1.0,,,,,1.0,1.0,1.0,1.0,,,1.0,,1.0,,,,,,,,,,,,,,
https://www.mubawab.tn/fr/a/7986541/villa-meubl%C3%A9e-ou-vide-au-berges-du-lac-2,Villa meublée ou vide au berges du lac 2,Les Berges Du Lac 2 à La Marsa,12 000 TND,1000.0,6.0,5.0,4.0,1.0,1.0,1.0,1.0,1.0,Villa,Bon état,5-10 ans,Marbre,36.842150189103904,10.283071506162846,1.0,,1.0,1.0,1.0,1.0,1.0,1.0,,1.0,1.0,1.0,1.0,,,1.0,1.0,1.0,,1.0,1.0,1.0,,,,,Est,,,,,
https://www.mubawab.tn/fr/a/8125381/%C3%A0-louer-un-%C3%A9tage-de-villa-meubl%C3%A9-avec-vue-sur-mer,À louer un étage de villa meublé avec vue sur mer,La Marsa à La Marsa,4 000 TND,400.0,2.0,2.0,,,1.0,,,1.0,Villa,Nouveau,,,36.876389,10.325278,1.0,,,1.0,,,,,,,,,,,,1.0,,,,1.0,,,1.0,,1.0,,,,,,,
https://www.mubawab.tn/fr/a/7985765/a-louer-une-luxueuse-villa-avec-ascenseur,A louer une luxueuse villa avec ascenseur,La Soukra à La Soukra,5 500 TND,240.0,5.0,4.0,5.0,1.0,1.0,,1.0,1.0,Villa,Nouveau,1-5 ans,Marbre,36.88333299999999,10.25,1.0,1.0,,1.0,1.0,,1.0,1.0,,1.0,1.0,1.0,1.0,,,,1.0,1.0,,,,,,1.0,,,Est,,,,,
https://www.mubawab.tn/fr/a/8131532/a-louer-une-villa-en-s6-situ%C3%A9-%C3%A0-la-marsa,A louer une Villa en S6 situé à la Marsa,La Marsa à La Marsa,7 000 TND,400.0,7.0,6.0,3.0,1.0,1.0,1.0,1.0,1.0,Villa,Bon état,,,36.876389,10.325278,1.0,1.0,,1.0,,,,,,,,,,,,,,,,,,,,,,,,,,,,
https://www.mubawab.tn/fr/a/8131497/a-louer-superbe-duplex-s3-avec-piscine-vue-mer-et-foret-%C3%A0-gammarth,A louer superbe duplex S3 avec piscine vue mer et foret à Gammarth,Gammarth à La Marsa,4 500 TND,233.0,,4.0,,1.0,1.0,1.0,1.0,1.0,Maison,,,,36.917739,10.288893,1.0,,,1.0,,,,,,,,,,,,,,,,,,,,,,,,,,,,
https://www.mubawab.tn/fr/a/8131231/maison-jumel%C3%A9e-en-location,Maison jumelée en location,La Marsa,7 500 TND,400.0,,,,1.0,,1.0,,1.0,Villa,,,,36.876389,10.325278,1.0,1.0,,,,,,,,,,,,,,,,,,,,,,,,,,,,,,
https://www.mubawab.tn/fr/a/8101592/etage-de-villa-en-location,Etage de villa en location,La Marsa à La Marsa,1 400 TND,150.0,,,,,,,1.0,,Villa,,,,36.8941992,10.2762232,,,,1.0,,,,,,,,,,,,,,,,1.0,,,,,,,,,,,,
https://www.mubawab.tn/fr/a/8104133/a-louer-une-villa-situ%C3%A9e-%C3%A0-notre-dame,A louer une villa située à Notre Dame,Cité El Mahrajene à El Menzah,Prix à consulter,550.0,7.0,4.0,4.0,1.0,1.0,1.0,1.0,1.0,Villa,Bon état,20-30 ans,Marbre,36.845235,10.164723,1.0,,,1.0,1.0,1.0,1.0,1.0,,1.0,,1.0,,2.0,,1.0,,,700 m²,1.0,,,,,,,Ouest,,,,,
https://www.mubawab.tn/fr/a/8131153/une-villa-s12,Une villa s12,Les Berges Du Lac 1 à La Marsa,12 000 TND,900.0,10.0,12.0,6.0,1.0,1.0,1.0,1.0,1.0,Maison,Nouveau,,,36.876389,10.325278,,1.0,,1.0,,,,,,,,,,,,,,,,,,,,,,,,,,,,
https://www.mubawab.tn/fr/a/8069103/a-louer-un-duplex-vue-sur-le-lac,A louer un duplex vue sur le lac,Les Berges Du Lac 2 à La Marsa,3 800 TND,280.0,4.0,4.0,3.0,,,,1.0,1.0,Maison,Nouveau,5-10 ans,,36.87638899999999,10.325278000000004,1.0,1.0,,1.0,1.0,,,,,,,,1.0,,,,,,,,,,,1.0,1.0,,Sud,,,,,
https://www.mubawab.tn/fr/a/7977997/a-louer-une-villa-%C3%A0-usage-de-bureau,A louer une villa à usage de bureau,Les Berges Du Lac 2 à La Marsa,10 000 TND,800.0,6.0,6.0,,,1.0,1.0,,1.0,Maison,Nouveau,,,36.876389,10.325278,,,,,,,,,,,,,,,,,,,,,,,1.0,,,,,,,,,
https://www.mubawab.tn/fr/a/8119577/a-louer-une-villa-avec-piscine-au-lac2,A louer une villa avec piscine au lac2,Les Berges Du Lac 2 à La Marsa,8 000 TND,300.0,5.0,4.0,4.0,1.0,1.0,1.0,1.0,1.0,Maison,Nouveau,Moins d'un an,,36.876389,10.325278,1.0,1.0,,1.0,1.0,,,,,,1.0,1.0,1.0,2.0,,,,,450 m²,,,,,,,,,,,,,
https://www.mubawab.tn/fr/a/8099014/a-louer-une-villa-en-s5-avec-piscine-aux-jardins-de-carthage,A louer une villa en S5 avec piscine aux Jardins de Carthage,Les Jardins de Carthage à Le Kram,6 500 TND,260.0,7.0,5.0,3.0,1.0,1.0,1.0,1.0,1.0,Maison,Nouveau,,,36.833333,10.316667,1.0,,,1.0,,,,,1.0,,,,,,,,,,250 m²,,,,,,,,,,,,,
https://www.mubawab.tn/fr/a/8066652/a-louer-un-duplex-meubl%C3%A9-en-s2,A louer un duplex meublé en S2,La Marsa à La Marsa,4 000 TND,150.0,3.0,2.0,2.0,,1.0,,1.0,1.0,Maison,Nouveau,,,36.876389,10.325278,1.0,,,1.0,,1.0,1.0,,,,,,,,,,1.0,,,1.0,1.0,1.0,,,,,,,,,,
https://www.mubawab.tn/fr/a/8070216/a-louer-une-villa-en-s5-avec-piscine-%C3%A0-gammarth,A louer une villa en S5 avec piscine à Gammarth,Gammarth à La Marsa,15 000 TND,1000.0,8.0,5.0,6.0,,1.0,1.0,1.0,1.0,Maison,Nouveau,,,36.876389,10.325278,1.0,,,,1.0,1.0,1.0,,1.0,,,1.0,,,,,1.0,,,,,,,1.0,1.0,,,,,,,
https://www.mubawab.tn/fr/a/8131000/beau-triplex-avec-piscine,Beau Triplex avec piscine,Cité Jardins à Cité El Khadra,7 000 TND,350.0,,4.0,3.0,1.0,1.0,1.0,1.0,1.0,Villa,Nouveau,1-5 ans,Marbre,36.85727630000002,10.1754399,1.0,,1.0,1.0,1.0,1.0,1.0,1.0,1.0,,,1.0,1.0,3.0,,,1.0,,,1.0,1.0,1.0,,,,1.0,Sud,,,,,
https://www.mubawab.tn/fr/a/8130975/villa-meubl%C3%A9e-de-400m%C2%B2-%C3%A0-hammamet-centre,Villa meublée de 400m² à Hammamet Centre,Hammamet à Hammamet,6 000 TND,400.0,10.0,6.0,6.0,1.0,1.0,,,1.0,Maison,Bon état,,,36.40108,10.61457,1.0,,,1.0,,1.0,,,,,,,,,,,1.0,1.0,,,,,,,,,,,,,,
https://www.mubawab.tn/fr/a/8130955/villa-vide-de-360-m%C2%B2-%C3%A0-sidi-mahersi,Villa vide de 360 m² à Sidi Mahersi,Sidi El Mahrsi à Nabeul,2 600 TND,360.0,5.0,4.0,2.0,1.0,1.0,,1.0,1.0,Maison,Bon état,,,36.45056,10.73505,1.0,,,,,,1.0,,1.0,,,,,,,,,1.0,,,,,,,,,,,,,,
https://www.mubawab.tn/fr/a/8118778/a-louer-villa-%C3%A0-s4-%C3%A0-carthage-avec-piscine,A louer villa à S4 à Carthage avec piscine,Carthage à Carthage,Prix à consulter,600.0,2.0,4.0,4.0,1.0,1.0,1.0,1.0,,Villa,Bon état,,,36.85659999999999,10.3258,1.0,1.0,,1.0,1.0,,,1.0,,1.0,1.0,1.0,1.0,,,,,,1200 m²,,,,,,1.0,1.0,,,,,,
https://www.mubawab.tn/fr/a/8071417/villa-s4-neuve-avec-piscine-%C3%A0-la-marsa,Villa S4 neuve avec piscine à La Marsa,La Marsa à La Marsa,Prix à consulter,,5.0,4.0,5.0,1.0,1.0,1.0,1.0,1.0,Villa,Nouveau,Moins d'un an,Marbre,36.876389,10.325278,1.0,,1.0,1.0,1.0,1.0,1.0,,1.0,1.0,1.0,1.0,1.0,,,1.0,1.0,1.0,,,1.0,1.0,,,,,,,,,,
https://www.mubawab.tn/fr/a/8103677/s3-avec-piscine-%C3%A0-gammarth-mvl0036,S3 avec piscine à Gammarth MVL0036,Gammarth à La Marsa,Prix à consulter,,,3.0,4.0,1.0,1.0,1.0,1.0,1.0,Villa,Bon état,,,36.876389,10.325278,1.0,,,1.0,,,,,,,,1.0,,,1.0,,,,,,,,,,1.0,,,,,,,
https://www.mubawab.tn/fr/a/8019007/villa-s7-%C3%A0-carthage-avec-piscine,Villa s7 à Carthage avec piscine,Carthage à Carthage,6 500 TND,600.0,8.0,7.0,6.0,1.0,,1.0,1.0,1.0,Villa,Bon état,1-5 ans,,36.85659999999999,10.325799999999996,1.0,1.0,,1.0,1.0,1.0,1.0,1.0,1.0,1.0,1.0,1.0,1.0,,,1.0,1.0,1.0,,1.0,1.0,1.0,,,1.0,,,,,,,
https://www.mubawab.tn/fr/a/8103459/etage-de-villa-s3-%C3%A0-louer-%C3%A0-jardin-l-aouina,Etage de villa S3 à louer à jardin L'Aouina,Aouina à La Marsa,1 700 TND,100.0,5.0,4.0,2.0,1.0,,,,,Maison,Bon état,,,36.876389,10.325278,,,,,,,,,,,,,,,,,,,,,,,,,,,,,,,,
https://www.mubawab.tn/fr/a/8124036/villa-s3-a-louer-avec-jardin-et-garage-rdc-ou-etage,Villa S3 A louer avec jardin et garage RDC ou Etage,Cité Erriadh Zone F à Oued Ellil,750 TND Baisse du prix 100 TND,500.0,6.0,3.0,2.0,1.0,1.0,,,,Maison,Bon état,5-10 ans,,36.8094099,9.9089889,1.0,,,,1.0,,,,,,,,,1.0,,,,,300 m²,,,,,,,,Est,,,,,
https://www.mubawab.tn/fr/a/8130696/une-villa-s4-%C3%A0-la-soukra-avec-piscine,Une villa s4 à la soukra avec piscine,La Soukra à La Soukra,3 800 TND,500.0,5.0,4.0,3.0,1.0,1.0,1.0,1.0,1.0,Villa,Bon état,,,36.883333,10.25,,,,1.0,1.0,1.0,1.0,,1.0,,1.0,1.0,,,,1.0,1.0,1.0,,,,,,,,,,,,,,
https://www.mubawab.tn/fr/a/7931518/%C3%A0-louer-belle-villa-vide-680-m%C2%B2-%C3%A0-cit%C3%A9-les-pins,À louer belle villa vide 680 m² à Cité Les Pins,Cité Les Pins à La Marsa,3 800 TND,680.0,5.0,3.0,3.0,1.0,1.0,,1.0,1.0,Villa,Bon état,,,36.876389,10.325278,1.0,,,1.0,,,,,,,,,,,,,,,,,,,,,,,,,,,,
https://www.mubawab.tn/fr/a/8123495/villa-usage-professionnel-%C3%A0-cit%C3%A9-el-khadhra,Villa usage professionnel à cité el khadhra,Charguia 2 à La Soukra,4 500 TND,300.0,8.0,6.0,2.0,1.0,1.0,,1.0,1.0,Villa,Bon état,10-20 ans,Carrelage,36.82695811067458,10.184159071916897,1.0,,,1.0,1.0,,,,,,,1.0,1.0,,,,,1.0,,,,,,,,,Est,,,,,
https://www.mubawab.tn/fr/a/8126488/villa-%C3%A0-louer-%C3%A0-hammamet-safa,Villa à louer à Hammamet Safa,Hammamet Sud à Hammamet,Prix à consulter,250.0,4.0,3.0,3.0,1.0,,1.0,,1.0,Villa,Nouveau,,,36.40108,10.61457,1.0,,,1.0,1.0,1.0,1.0,,,,,1.0,1.0,,,,,,500 m²,1.0,1.0,1.0,,,,,,,,,,
https://www.mubawab.tn/fr/a/8126426/villa-s4-avec-piscine-%C3%A0-la-marsa,Villa S4 avec piscine à La Marsa,La Marsa à La Marsa,12 000 TND,550.0,5.0,4.0,4.0,1.0,1.0,1.0,1.0,1.0,Villa,Bon état,,,36.876389,10.325278,1.0,,,1.0,1.0,,1.0,,1.0,,1.0,1.0,,,,,1.0,,,,,,,,,,,,,,,
https://www.mubawab.tn/fr/a/8058969/a-louer-une-maison-s4-%C3%A0-la-marsa-plage,A louer une maison S4 à La Marsa plage,La Marsa à La Marsa,4 200 TND,200.0,,4.0,3.0,,,,1.0,1.0,Maison,Bon état,,,36.87638899999999,10.325278000000004,1.0,,,1.0,1.0,1.0,1.0,,1.0,1.0,1.0,1.0,1.0,,1.0,,,,,,,1.0,,,,1.0,,,,,,
https://www.mubawab.tn/fr/a/8120449/propri%C3%A9t%C3%A9-%C3%A0-louer-%C3%A0-cit%C3%A9-du-stade-6-belles-chambres,Propriété à louer à Cité Du Stade. 6 belles chambres,Cité Du Stade à La Marsa,2 950 TND,200.0,,6.0,3.0,1.0,1.0,,1.0,1.0,Maison,Nouveau,1-5 ans,Marbre,36.8790109,10.3067427,1.0,,,1.0,1.0,,1.0,1.0,,1.0,1.0,1.0,1.0,3.0,,1.0,,,,1.0,,,,,,,Sud,,,,,
https://www.mubawab.tn/fr/a/8047055/a-louer-villa-avec-grand-jardin-a-gammarth,A louer villa avec grand jardin a gammarth,Gammarth à La Marsa,3 950 TND,300.0,,4.0,2.0,1.0,1.0,,1.0,1.0,Villa,Bon état,5-10 ans,Marbre,36.8790455,10.3064564,1.0,,,1.0,1.0,,,1.0,,,1.0,,1.0,,,,,,,,,,,,,1.0,Nord,,,,,
https://www.mubawab.tn/fr/a/8109761/a-louer-villa-standing-ac-piscine-6-pi%C3%A8ces-%C3%A0-mut,A louer villa standing ac piscine 6 pièces à Mut,Mutuelle Ville à El Menzah,5 900 TND,435.0,6.0,5.0,4.0,1.0,1.0,1.0,1.0,1.0,Villa,Nouveau,5-10 ans,Marbre,36.845235,10.164723,1.0,,,1.0,1.0,,,,,,,1.0,1.0,,,,,,500 m²,,,,,,,,,,,,,
https://www.mubawab.tn/fr/a/7960796/a-louer-%C3%A9tage-de-villa-s-3-meubl%C3%A9-%C3%A0-menzah-6,A louer étage de villa S 3 meublé à Menzah 6,El Menzah 6 à Ariana Ville,2 700 TND,140.0,4.0,3.0,2.0,,,,1.0,1.0,Villa,Bon état,,,36.849108800000025,10.1661239,1.0,,,1.0,,1.0,1.0,,,,,,,,,,1.0,,,1.0,1.0,1.0,,,,,,,,,,
https://www.mubawab.tn/fr/a/8093884/villa-au-charme-de-l-ancien-avec-piscine-la-marsa,Villa au charme de l'ancien avec piscine la Marsa,La Marsa à La Marsa,6 000 TND,440.0,7.0,6.0,3.0,1.0,1.0,1.0,1.0,,Maison,Bon état,,,36.876389,10.325278,1.0,,,1.0,,,,,,,,1.0,,,,,,,800 m²,,,1.0,,,,,,,,,,
https://www.mubawab.tn/fr/a/8107126/villa-s5-avec-piscine-%C3%A0-carthage,Villa S5 avec piscine à Carthage,Carthage à Carthage,12 000 TND,,6.0,5.0,5.0,1.0,1.0,1.0,1.0,1.0,Villa,Bon état,,Carrelage,36.8566,10.3258,1.0,,,1.0,1.0,1.0,,,1.0,1.0,1.0,1.0,1.0,,,1.0,,1.0,,,,,,,,,,,,,,
https://www.mubawab.tn/fr/a/8130583/deux-maison-%C3%A0-vendre-%C3%A0-hamammet,Deux maison à vendre à Hamammet,Hammamet à Hammamet,490 000 TND,220.0,12.0,6.0,2.0,,1.0,,1.0,1.0,Maison,Bon état,,,36.40108,10.61457,1.0,,,,,,,,1.0,,,,,,,,,,200 m²,,,,,,,,,,,,,
https://www.mubawab.tn/fr/a/8127367/etage-de-villa-%C3%A0-louer-aux-berges-du-lac2,Etage de villa à louer aux berges du lac2,Les Berges Du Lac 2 à La Marsa,2 900 TND,170.0,,4.0,,,1.0,,,,Villa,,,,36.8468986,10.2641808,1.0,,,,,,,,,,,1.0,,,,,,,,,,,,,,,,,,,,
https://www.mubawab.tn/fr/a/8074758/villa-meubl%C3%A9-%C3%A0-louer-%C3%A0-gammarth,Villa meublé à louer à Gammarth,Gammarth à La Marsa,6 000 TND,,7.0,6.0,3.0,1.0,1.0,1.0,1.0,1.0,Villa,Bon état,,,36.876389,10.325278,1.0,,,1.0,,,,,,,,,,,,,,,,1.0,,,,,,,,,,,,
https://www.mubawab.tn/fr/a/8130344/villa-neuve-avec-piscine-%C3%A0-gammarth,Villa neuve avec piscine à Gammarth,Gammarth à La Marsa,13 000 TND,,2.0,4.0,6.0,1.0,1.0,1.0,1.0,1.0,Villa,Nouveau,,,36.876389,10.325278,1.0,,,1.0,1.0,1.0,1.0,1.0,1.0,,,,1.0,,,,1.0,,,,,,,,,,,,,,,
https://www.mubawab.tn/fr/a/8107452/appartement-s3-%C3%A0-louer-%C3%A0-gammarth,Appartement S3 à louer à Gammarth,La Marsa à La Marsa,1 800 TND,160.0,,3.0,,1.0,,,,1.0,Villa,,,,36.8941992,10.2762232,,,,,,,,,,,,,,,,,,,,,,,,,,,,,,,,
https://www.mubawab.tn/fr/a/8098760/duplex-s2-meubl%C3%A9-%C3%A0-la-marsa-mdl0646,Duplex S2 meublé à La Marsa MDL0646,La Marsa à La Marsa,4 000 TND,150.0,,2.0,2.0,,1.0,,1.0,1.0,Villa,Bon état,,,36.876389,10.325278,1.0,,,1.0,,,,,,,,,,,1.0,,,,,1.0,,,,,,,,,,,,
https://www.mubawab.tn/fr/a/8130256/maison-%C3%A0-louer-1-belle-chambre-meubl%C3%A9,Maison à louer. 1 belle chambre. Meublé,Korba,Prix à consulter,50.0,,,,,,,,1.0,Maison,Bon état,,,36.57643053293846,10.86506741229008,1.0,,,,,1.0,1.0,,,,1.0,,,,,,,,,1.0,1.0,,1.0,,,,,1.0,,,,
https://www.mubawab.tn/fr/a/8056928/villa-%C3%A0-louer-%C3%A0-gammarth-avec-une-splendide-vue-sur-la-montagne-et-la-mer,Villa à louer à Gammarth avec une splendide vue sur la montagne et la mer,Gammarth Supérieur à La Marsa,9 000 TND,1000.0,,4.0,4.0,1.0,1.0,,1.0,1.0,Maison,Nouveau,1-5 ans,Marbre,36.8931787,10.3099394,1.0,,,1.0,1.0,,,1.0,,,,1.0,1.0,,,,,,,1.0,,,,,1.0,1.0,,,,,,
https://www.mubawab.tn/fr/a/8118665/a-louer-villa-manzah-9-b,"A louer villa, Manzah 9 B",El Menzah 9 à El Menzah,3 800 TND,500.0,5.0,5.0,4.0,1.0,1.0,,1.0,1.0,Villa,Bon état,,,36.8482637,10.1410889,1.0,,1.0,1.0,1.0,,1.0,,,,1.0,,,,,,,,,,,,,,,,,,,,,
https://www.mubawab.tn/fr/a/7491060/a-louer-villa-mutuelleville,"A louer villa, mutuelleville",Mutuelle Ville à El Menzah,7 000 TND,1000.0,8.0,6.0,5.0,1.0,1.0,1.0,1.0,1.0,Villa,Bon état,,Marbre,36.8316382,10.1641474,1.0,,,1.0,1.0,1.0,1.0,1.0,,,1.0,,1.0,,,,,,,,,,,,,,,,,,,
https://www.mubawab.tn/fr/a/8107901/villa-%C3%A0-louer-%C3%A0-marina-gammarth,Villa à louer à marina gammarth,Les Jardins de Carthage à Le Kram,7 500 TND,350.0,7.0,4.0,3.0,1.0,1.0,1.0,1.0,1.0,Villa,Nouveau,5-10 ans,Marbre,36.92083932770719,10.307750815930325,1.0,1.0,,1.0,1.0,,1.0,1.0,,1.0,1.0,1.0,1.0,1.0,,,1.0,,,,,,,,,,Est,,,,,
https://www.mubawab.tn/fr/a/8070849/belle-villa-%C3%A0-louer-%C3%A0-gammarth,Belle villa à louer à Gammarth,Gammarth à La Marsa,7 000 TND,300.0,,4.0,3.0,1.0,1.0,1.0,1.0,1.0,Villa,Nouveau,1-5 ans,Marbre,33.88689999999999,9.5375,1.0,,,1.0,1.0,,1.0,,,,1.0,1.0,1.0,,,,,,,,,,,,,,,,,,,
https://www.mubawab.tn/fr/a/8130018/une-villa-vide-plain-pied-chotrana-2,"Une villa vide plain pied, Chotrana 2",Chotrana 2 à La Soukra,5 000 TND,700.0,3.0,3.0,3.0,1.0,1.0,1.0,1.0,1.0,Maison,Nouveau,1-5 ans,Marbre,36.883333,10.25,1.0,,1.0,1.0,1.0,,,,,,,1.0,1.0,1.0,,,,,,,,,,,,,,,,,,
https://www.mubawab.tn/fr/a/8126557/villa-style-moresque-a-louer-a-hammamet-nord,Villa style moresque a louer a hammamet nord,Hammamet Nord à Hammamet,3 000 TND,200.0,5.0,4.0,3.0,1.0,1.0,1.0,1.0,1.0,Villa,Nouveau,Moins d'un an,Marbre,36.40108,10.61457,1.0,,,1.0,1.0,1.0,1.0,,,,,1.0,,,,,,,250 m²,,,1.0,,,1.0,1.0,Sud,,,,,
https://www.mubawab.tn/fr/a/8129937/villa-piscine-en-s4-%C3%A0-louer-estivale-%C3%A0-hammammet,Villa piscine en S4 à louer estivale à Hammammet,Hammamet à Hammamet,Prix à consulter,,8.0,4.0,3.0,1.0,1.0,1.0,,1.0,Villa,Nouveau,,,36.40108,10.61457,1.0,,,1.0,1.0,1.0,1.0,,1.0,,1.0,1.0,,,,,1.0,1.0,,1.0,1.0,1.0,,,,,,,,,,
https://www.mubawab.tn/fr/a/7967228/louez-ce-riad-%C3%A0-bouhssina-1-belle-chambre-four-micro-ondes,Terrain habitation ind. En vente,Bouhssina à Sousse Ville,310 000 TND,459.0,,,,,,,,,Maison,À rénover,,,35.82967831509797,10.59864193281862,,,,,,,,,,,,,,,1.0,,,,,,,,1.0,,,,,1.0,,,,
https://www.mubawab.tn/fr/a/8123973/%C3%A0-louer-%E2%80%93-maison-meubl%C3%A9e-%C3%A0-arkou-midoun,"À louer – Maison meublée à Arkou, Midoun",Djerba à Djerba,1 100 TND,,4.0,2.0,,1.0,,,,1.0,Maison,Bon état,,,33.8075978,10.8451467,1.0,,,1.0,,1.0,1.0,,,1.0,,,,,,1.0,,,,1.0,1.0,,1.0,,,,,,,,,
https://www.mubawab.tn/fr/a/8081955/charmante-villa-%C3%A0-louer-non-meubl%C3%A9,Charmante Villa à louer non meublé,Chott Meriem à Akouda,3 500 TND,250.0,4.0,3.0,,1.0,1.0,1.0,,1.0,Villa,Bon état,,,35.87,10.57,1.0,1.0,1.0,1.0,,,,,,,,1.0,1.0,,,,,,,,,,1.0,,,,,,,,,
https://www.mubawab.tn/fr/a/8129737/villa-individuelle-en-location,Villa individuelle en location,El Menzah,7 000 TND,495.0,,,,1.0,1.0,,1.0,1.0,Villa,,,,36.845235,10.164723,,,,1.0,,,,,,,,,,,,,,,,,,,,,,,,,,,,
https://www.mubawab.tn/fr/a/8129690/villa-jumel%C3%A9e-en-location,Villa jumelée en location,La Marsa à La Marsa,2 700 TND,90.0,,,,1.0,1.0,,1.0,1.0,Villa,,,,36.8941992,10.2762232,,,,1.0,,,,,,,,,,,,,,,,1.0,,,,,,,,,,,,
https://www.mubawab.tn/fr/a/8129684/villa-individuelle-en-location,Villa individuelle en location,La Soukra à La Soukra,3 700 TND,1515.0,,,,1.0,1.0,1.0,1.0,,Villa,,,,36.88833,10.27417,,,,1.0,,,,1.0,,,,,,,,,,,,,,,,,,,,,,,,
https://www.mubawab.tn/fr/a/8129682/etage-de-villa-en-location,Etage de villa en location,Nouvelle Ariana à Ariana Ville,1 500 TND,115.0,,,,,,,1.0,,Villa,,,,36.8625,10.19556,1.0,,,1.0,,1.0,1.0,,,,,,,,,,,,,1.0,,,,,,,,,,,,
https://www.mubawab.tn/fr/a/8129632/etage-de-villa-en-location,Etage de villa en location,Ksar Hellal,750 TND,200.0,,,,,,,1.0,,Villa,,,,35.65,10.9,1.0,,,1.0,,,,,,,,,,,,,,,,,,,,,,,,,,,,
https://www.mubawab.tn/fr/a/8128748/villa-chardon-%C3%A0-louer,Villa Chardon à louer,Hammamet Nord à Hammamet,3 500 TND,300.0,,3.0,3.0,1.0,1.0,1.0,1.0,1.0,Villa,Bon état,,,36.40108,10.61457,1.0,,,1.0,,1.0,1.0,,,,,,,2.0,1.0,,1.0,,300 m²,1.0,,1.0,,,,,Nord,,,,,
https://www.mubawab.tn/fr/a/8053379/une-villa-s4-%C3%A0-la-marsa,Une villa S4 à la Marsa,La Marsa à La Marsa,8 500 TND,400.0,2.0,4.0,3.0,1.0,1.0,1.0,1.0,1.0,Villa,Nouveau,,,36.8941992,10.2762232,1.0,,,1.0,,,,,,1.0,,,,,,,,,,,,,,,,,,,,,,
https://www.mubawab.tn/fr/a/8079242/une-villa-s3-vue-mer,Une villa S3 vue mer,Carthage à Carthage,Prix à consulter,450.0,,3.0,4.0,1.0,1.0,1.0,1.0,1.0,Villa,Nouveau,,,36.871576,10.3343581,1.0,1.0,1.0,1.0,1.0,1.0,1.0,1.0,1.0,1.0,,1.0,1.0,,1.0,,,,,,1.0,1.0,,,1.0,,,,,,,
https://www.mubawab.tn/fr/a/8127827/une-villa-s3-vue-mer,Une villa S3 vue mer,Sidi Bousaid à Carthage,6 000 TND,200.0,,4.0,2.0,,,,1.0,1.0,Villa,Bon état,,,36.871576,10.3343581,1.0,,,1.0,1.0,,,1.0,,1.0,,1.0,1.0,,1.0,,,,,,,,,,1.0,,,,,,,
https://www.mubawab.tn/fr/a/8043196/une-villa-s5-%C3%A0-gammarth,Une villa S5 à Gammarth,Gammarth à La Marsa,7 000 TND,350.0,3.0,5.0,5.0,1.0,1.0,1.0,1.0,1.0,Villa,Bon état,,,36.8941992,10.2762232,1.0,1.0,,1.0,1.0,,,1.0,1.0,1.0,,1.0,1.0,,,,,,,,,,,,,,,,,,,
https://www.mubawab.tn/fr/a/8132056/villa-moderne-jumel%C3%A9e-s3-riadh-al-andalous,"Villa moderne jumelée S3, Riadh Al Andalous",Riadh al Andalous à Ariana Ville,3 500 TND,300.0,4.0,3.0,3.0,1.0,1.0,1.0,1.0,1.0,Villa,Bon état,,,36.8625,10.19556,1.0,,,1.0,,1.0,1.0,1.0,,1.0,,,1.0,,,1.0,1.0,,,,,1.0,,,,1.0,,,,,,
https://www.mubawab.tn/fr/a/8121929/superbe-villa-neuve-%C3%A0-gammarth,Superbe Villa neuve à Gammarth,Gammarth à La Marsa,13 000 TND,450.0,5.0,4.0,5.0,1.0,1.0,1.0,1.0,1.0,Villa,Nouveau,,,36.876389,10.325278,1.0,,,1.0,1.0,1.0,1.0,1.0,1.0,,1.0,1.0,1.0,2.0,,,1.0,1.0,,,,,,,,,,,,,,
https://www.mubawab.tn/fr/a/8119884/villa-meubl%C3%A9e-avec-piscine-et-vue-sur-mer,Villa meublée avec piscine et vue sur mer,La Marsa à La Marsa,8 500 TND,,5.0,3.0,3.0,1.0,,1.0,1.0,1.0,Villa,Nouveau,,,36.8941992,10.2762232,1.0,,,1.0,1.0,1.0,1.0,1.0,1.0,,,1.0,1.0,,,,1.0,1.0,,1.0,1.0,1.0,,,1.0,,,,,,,
https://www.mubawab.tn/fr/a/8129621/villa-individuelle-en-location,Villa individuelle en location,Hammamet à Hammamet,2 200 TND,2000.0,,,,1.0,1.0,,1.0,,Villa,,,,36.40108,10.61457,,1.0,,,,,,,,,,,,,,,,,,,,,,,,,,,,,,
https://www.mubawab.tn/fr/a/8129579/villa-jumel%C3%A9e-en-location,Villa jumelée en location,La Marsa à La Marsa,3 500 TND,240.0,,,,1.0,,,1.0,,Villa,,,,36.8941992,10.2762232,1.0,,,1.0,,,,,,,,,,,,,,,,1.0,,,,,,,,,,,,
https://www.mubawab.tn/fr/a/8129519/a-louer-un-duplex-s4-%C3%A0-la-marsa,A louer un duplex S4 à la Marsa,La Marsa à La Marsa,3 400 TND,200.0,4.0,5.0,,,,,,,Maison,Nouveau,,,36.876389,10.325278,,,,,,,,,,,,,,,,,,,,,,,1.0,,,,,,,,,
https://www.mubawab.tn/fr/a/8129515/etage-de-villa-en-location,Etage de villa en location,Ennasr à Ariana Ville,1 100 TND,70.0,2.0,,,,1.0,,1.0,1.0,Villa,Bon état,,,36.8625,10.19556,,,,1.0,,,1.0,,,,,1.0,,,,,,,,1.0,,,1.0,,,,,1.0,,,,
https://www.mubawab.tn/fr/a/8088681/villa-avec-piscine-et-jardin-%C3%A0-cot%C3%A9-sindbad-h%C3%B4tel,Villa avec piscine et jardin à coté Sindbad hôtel,Hammamet à Hammamet,3 500 TND,,3.0,2.0,,1.0,,1.0,1.0,1.0,Villa,Bon état,,,36.40108,10.61457,1.0,,,1.0,1.0,1.0,1.0,,1.0,1.0,1.0,,1.0,,,,,1.0,1 m²,1.0,1.0,1.0,1.0,,,1.0,,,,,,
https://www.mubawab.tn/fr/a/8129471/villa-individuelle-en-location,Villa individuelle en location,Ennasr à Ariana Ville,4 000 TND,520.0,5.0,4.0,3.0,1.0,1.0,,1.0,,Villa,Bon état,,,36.8625,10.19556,1.0,,,1.0,,,1.0,,,,,1.0,,,,,,,,,,,,,,,,,,,,
https://www.mubawab.tn/fr/a/8093796/a-louer-villa-standing-avec-piscine-6-pi%C3%A8ces-%C3%A0-mutuelleville,A louer villa standing avec piscine 6 pièces à Mutuelleville,Mutuelle Ville à El Menzah,6 000 TND,435.0,6.0,5.0,4.0,1.0,1.0,1.0,1.0,1.0,Villa,Nouveau,,,36.845235,10.164723,1.0,,,1.0,1.0,,,,,,,1.0,1.0,,,,,,500 m²,,,,,,,,,,,,,
https://www.mubawab.tn/fr/a/8129439/etage-de-villa-en-location,Etage de villa en location,Nabeul à Nabeul,1 000 TND,90.0,,,,,,,,,Villa,,,,36.45056,10.73505,1.0,,,,,,,,,,,,,,,,,,,1.0,,,,,,,,,,,,
https://www.mubawab.tn/fr/a/8037030/villa-s5-avec-vue-sur-mer-%C3%A0-gammarth,Villa S5 avec vue sur mer à Gammarth,Gammarth à La Marsa,10 000 TND,,6.0,5.0,4.0,1.0,1.0,,1.0,1.0,Villa,Bon état,1-5 ans,Carrelage,36.876389,10.325278,1.0,,,1.0,1.0,1.0,1.0,,,1.0,1.0,1.0,1.0,,,1.0,1.0,1.0,,,1.0,1.0,,,1.0,,,,,,,
https://www.mubawab.tn/fr/a/8120037/a-louer-une-villa-meubl%C3%A9e-avec-piscine-%C3%A0-la-marsa,A louer une villa meublée avec piscine à la Marsa,La Marsa à La Marsa,8 500 TND,,3.0,4.0,,,,1.0,1.0,1.0,Villa,Nouveau,,,36.876389,10.325278,1.0,,,,,,,,1.0,,,,,,,,,,,,,,1.0,,1.0,,,,,,,
https://www.mubawab.tn/fr/a/8116852/a-louer-une-villa-en-s4-avec-piscine-%C3%A0-ain-zaghouan-nord,A louer une villa en s4 avec piscine à Ain Zaghouan nord,Abou El Kacem Chebbi à Tunis,7 000 TND,,5.0,4.0,2.0,1.0,,1.0,,1.0,Villa,Nouveau,,,36.81881,10.16596,,,1.0,,,,,,,,,,,,,,,,,,,,,,,,,,,,,
https://www.mubawab.tn/fr/a/8129241/a-louer-villa-s4-avec-piscine-%C3%A0-la-marsa,A louer villa S4 avec piscine à la Marsa,La Marsa à La Marsa,6 000 TND,500.0,,5.0,,1.0,,1.0,,1.0,Maison,,,,36.8941992,10.2762232,1.0,,,,,,,,,,,,,,,,,,,,,,,,,,,,,,,
https://www.mubawab.tn/fr/a/8129121/charmante-villa-meubl%C3%A9e-s3-%C3%A0-carthage,Charmante villa meublée s3 à Carthage,Carthage Byrsa à Carthage,4 000 TND,250.0,3.0,3.0,,,,,1.0,,Maison,Nouveau,,,36.8566,10.3258,1.0,,,1.0,,,,,,,,,,,,,,,,,,,1.0,,,,,,,,,
https://www.mubawab.tn/fr/a/8129033/villa-s3-vide-jardin-piscine-%C3%A0-louer-%C3%A0-la-marsa,Villa S3 vide jardin&piscine à louer à la Marsa,La Marsa à La Marsa,6 000 TND,400.0,4.0,3.0,3.0,1.0,1.0,1.0,1.0,1.0,Villa,Bon état,,,36.876389,10.325278,1.0,1.0,,1.0,1.0,,1.0,,,,,1.0,1.0,,,,,,,,,,,,,,,,,,,
https://www.mubawab.tn/fr/a/8100242/a-louer-une-villa-de-320m%C2%B2-situ%C3%A9-%C3%A0-cit%C3%A9-les-pins,A louer une villa de 320m² situé à Cité les pins,Cité Les Pins à La Marsa,5 000 TND,320.0,6.0,5.0,3.0,1.0,1.0,,1.0,1.0,Villa,Bon état,,,36.876389,10.325278,1.0,1.0,,1.0,,,,,,,,,,,,,,,,,,,,,,,,,,,,
https://www.mubawab.tn/fr/a/8128922/a-louer-villa-en-s5-%C3%A0-carthage,A Louer Villa en S5 à Carthage,Carthage à Carthage,5 500 TND,300.0,6.0,5.0,4.0,1.0,1.0,,1.0,1.0,Villa,Bon état,,,36.8566,10.3258,1.0,,,1.0,,,,,1.0,,,,,,,,,,480 m²,,,,,,,,,,,,,
https://www.mubawab.tn/fr/a/8084927/duplex-s3-avec-jardin-%C3%A0-gammarth,Duplex S3 avec jardin à Gammarth,Gammarth à La Marsa,2 800 TND,,4.0,3.0,2.0,1.0,,,1.0,1.0,Villa,Bon état,,,36.876389,10.325278,1.0,1.0,,1.0,1.0,1.0,,,1.0,1.0,1.0,1.0,1.0,,,1.0,,1.0,,,,,,,,,,,,,,
https://www.mubawab.tn/fr/a/8128808/location-d-une-villa-meubl%C3%A9e-%C3%A0-la-marsa,Location d'une villa meublée à la Marsa,La Marsa à La Marsa,5 000 TND,400.0,3.0,4.0,,1.0,1.0,,,,Villa,Nouveau,,,36.876389,10.325278,,,,,,,,,,,,,,,,,,,,1.0,,,1.0,,,,,,,,,
https://www.mubawab.tn/fr/a/8128783/villa-s6-de-800m%C2%B2-gammarth-sup%C3%A9rieur,"Villa S6 de 800m², Gammarth Supérieur",Gammarth Supérieur à La Marsa,7 000 TND,500.0,9.0,5.0,4.0,1.0,1.0,1.0,1.0,1.0,Villa,Bon état,,,36.876389,10.325278,1.0,,,1.0,,,,1.0,1.0,,,,,,,,,,,,,,,,,1.0,,,,,,
https://www.mubawab.tn/fr/a/8127025/villa-meubl%C3%A9e-s3-avec-jardin-%C3%A0-yasmine-hammamet,Villa meublée S3 avec jardin à Yasmine Hammamet,Yasmine Hammamet à Hammamet,2 800 TND,250.0,4.0,3.0,3.0,1.0,1.0,,1.0,1.0,Maison,Bon état,,,36.40108,10.61457,1.0,1.0,,1.0,,1.0,1.0,,,,,1.0,,,,,1.0,,,1.0,1.0,1.0,,,,,,,,,,
https://www.mubawab.tn/fr/a/8128730/villa-s4-vide-ou-meubl%C3%A9e-gammarth-sup%C3%A9rieur,"Villa S4 vide ou meublée, Gammarth Supérieur",Gammarth Supérieur à La Marsa,14 000 TND,400.0,7.0,4.0,4.0,1.0,1.0,1.0,1.0,1.0,Villa,Bon état,,,36.876389,10.325278,1.0,1.0,,1.0,,1.0,1.0,1.0,1.0,1.0,,,,,,,1.0,1.0,,1.0,1.0,1.0,,,,1.0,,,,,,
https://www.mubawab.tn/fr/a/8043298/villa-r%C3%A9nov%C3%A9e-s4-de-400m%C2%B2-marsa-ville,"Villa rénovée S4 de 400m², Marsa Ville",La Marsa à La Marsa,7 800 TND,400.0,7.0,4.0,4.0,1.0,1.0,,1.0,1.0,Villa,Nouveau,,,36.876389,10.325278,1.0,,,1.0,,1.0,1.0,,,,,,,,,,,,,,,,,,,,,,,,,
https://www.mubawab.tn/fr/a/8120230/duplex-s3-avec-vue-mer-gammarth-sup%C3%A9rieur,"Duplex S3 avec vue mer, Gammarth supérieur",Gammarth Supérieur à La Marsa,4 500 TND,340.0,5.0,3.0,3.0,1.0,,,1.0,1.0,Villa,Bon état,,,36.876389,10.325278,1.0,1.0,,1.0,,,1.0,1.0,,1.0,,1.0,,,,,,,,,,,,,1.0,1.0,,,,,,
https://www.mubawab.tn/fr/a/7991098/location-duplex-meuble-vue-lac-au-lac,Location Duplex meuble vue lac au lac,Les Berges Du Lac 2 à La Marsa,3 800 TND,250.0,3.0,4.0,,1.0,,,1.0,1.0,Maison,Nouveau,,,36.876389,10.325278,1.0,,,1.0,,,1.0,,,,,,,,,,1.0,,,,,,1.0,,,,,,,,,
https://www.mubawab.tn/fr/a/8109905/villa-s5-%C3%A0-carthage,Villa S5 à Carthage,Carthage à Carthage,7 500 TND,483.0,6.0,5.0,5.0,1.0,1.0,,1.0,1.0,Villa,Bon état,,,36.8566,10.3258,1.0,,,1.0,1.0,,1.0,,1.0,,1.0,,,3.0,,,,,,,,1.0,,,,,,,,,,
https://www.mubawab.tn/fr/a/8131037/duplex-moderne-avec-jardin-et-piscine,Duplex moderne avec jardin et piscine,Riadh al Andalous à Ariana Ville,3 500 TND,200.0,6.0,3.0,3.0,1.0,1.0,1.0,1.0,1.0,Villa,Bon état,1-5 ans,Parquet,36.8625,10.19556,1.0,,,1.0,,1.0,1.0,,1.0,1.0,1.0,,1.0,1.0,,1.0,1.0,1.0,320 m²,1.0,,1.0,,,,,,,,,,
https://www.mubawab.tn/fr/a/8121811/a-louer-villa-s3-%C3%A0-la-marsa-avec-jardin,A louer villa S3 à La Marsa avec jardin,La Marsa à La Marsa,4 500 TND,350.0,3.0,3.0,,1.0,1.0,,,,Maison,Nouveau,,,36.876389,10.325278,1.0,,,,,,,,,,,,,,,,,,,1.0,,,1.0,,,,,,,,,
https://www.mubawab.tn/fr/a/8123116/a-louer-villa-s5-%C3%A0-la-marsa-avec-piscine,A louer villa S5 à La Marsa avec piscine,La Marsa à La Marsa,8 000 TND,350.0,,4.0,4.0,1.0,,1.0,1.0,1.0,Villa,Bon état,10-20 ans,,36.876389,10.325278,1.0,,,1.0,1.0,,1.0,,,1.0,1.0,1.0,1.0,1.0,1.0,,1.0,,700 m²,,,,,,,,,,,,,
https://www.mubawab.tn/fr/a/7982220/a-louer-villa-s5-avec-%C3%A0-gammarth-avec-piscine,A louer Villa S5 avec à Gammarth avec piscine,Gammarth à La Marsa,Prix à consulter,600.0,2.0,5.0,3.0,1.0,1.0,1.0,1.0,1.0,Villa,Bon état,5-10 ans,,36.876389,10.325278,1.0,,,1.0,,1.0,1.0,1.0,,1.0,1.0,1.0,,1.0,,,1.0,,1200 m²,,,1.0,,,,,,,,,,
https://www.mubawab.tn/fr/a/8099625/a-louer-une-belle-villa-%C3%A0-mutuelle-ville,A louer une belle villa à Mutuelle ville,Mutuelle Ville à El Menzah,5 500 TND,230.0,2.0,2.0,,1.0,1.0,1.0,1.0,,Maison,Nouveau,,,36.845235,10.164723,1.0,,,,,,,,,,,1.0,,,,,,,445 m²,,,,1.0,,,,,,,,,
https://www.mubawab.tn/fr/a/8130558/villa-s4-location-%C3%A0-cit%C3%A9-les-pins-la-marsa,Villa s4 location à cité les pins la marsa,Cité Les Pins à La Marsa,6 000 TND,350.0,5.0,4.0,3.0,1.0,1.0,1.0,1.0,1.0,Maison,Bon état,5-10 ans,Marbre,36.8590944,10.2564551,1.0,,,1.0,1.0,,1.0,,,1.0,1.0,1.0,1.0,2.0,,,1.0,1.0,500 m²,,,,,,,,Nord,,,,,
https://www.mubawab.tn/fr/a/7995761/villa-ballote-%C3%A0-louer,Villa Ballote à louer,Hammamet à Hammamet,6 000 TND,400.0,4.0,5.0,,,1.0,1.0,1.0,1.0,Maison,Nouveau,,,36.40108,10.61457,1.0,,,,,,,,,,,1.0,,,,,,,,,,,1.0,,,,,,,,,
https://www.mubawab.tn/fr/a/8120236/villa-lavande,Villa lavande,Hammamet Nord à Hammamet,6 000 TND,400.0,4.0,,5.0,1.0,1.0,1.0,1.0,1.0,Villa,Nouveau,,,36.40108,10.61457,1.0,,,1.0,,,1.0,,,,,1.0,,2.0,,1.0,,,400 m²,1.0,1.0,1.0,,,1.0,,Nord,1.0,,,,
https://www.mubawab.tn/fr/a/8121459/villa-s3-au-coeur-de-la-marsa,Villa s3 au coeur de la marsa,La Marsa à La Marsa,4 500 TND,200.0,5.0,3.0,2.0,,,,1.0,1.0,Maison,Bon état,Plus de 100 ans,Marbre,36.876389,10.325278,1.0,,,1.0,,1.0,1.0,1.0,,1.0,1.0,,1.0,,,,1.0,1.0,,,1.0,1.0,,,,,,,,,,
https://www.mubawab.tn/fr/a/8122137/maisonnette-de-plain-pied-%C3%A0-la-marsa-plage,Maisonnette de plain pied à La Marsa Plage,La Marsa à La Marsa,4 500 TND,120.0,4.0,3.0,,1.0,1.0,,1.0,1.0,Maison,Bon état,,,36.876389,10.325278,1.0,,,1.0,1.0,1.0,1.0,,1.0,,1.0,,,1.0,,,,,400 m²,,,1.0,1.0,,,,,,,,,
https://www.mubawab.tn/fr/a/8073931/villa-%C3%A0-gammarth-sup%C3%A9rieur,Villa à Gammarth Supérieur,Gammarth Supérieur à La Marsa,6 500 TND,650.0,4.0,4.0,4.0,1.0,1.0,1.0,1.0,1.0,Villa,Bon état,,,36.87638900000003,10.325278,1.0,1.0,,1.0,1.0,1.0,1.0,1.0,1.0,1.0,1.0,,1.0,,,1.0,1.0,1.0,650 m²,1.0,,,,,,,,,,,,
https://www.mubawab.tn/fr/a/8128568/%C3%A0-louer-un-%C3%A9tage-de-villa-s3-%C3%A0-l-aouina-dar-fadhal,À Louer un étage de villa s3 à L'aouina Dar fadhal,Aouina à La Marsa,1 300 TND,130.0,3.0,3.0,,,,,,,Maison,Nouveau,,,36.876389,10.325278,,,,,,,,,,,,,,,,,,,,,,,1.0,,,,,,,,,
https://www.mubawab.tn/fr/a/8128524/location-annuelle,Location Annuelle,Djerba à Djerba,1 300 TND,,6.0,3.0,,,,,,,Maison,Nouveau,,,33.8075978,10.8451467,,,,,,,,,,,,,,,,,,,,,,,1.0,,,,,,,,,
https://www.mubawab.tn/fr/a/8128519/un-rdc-de-villa-fossile-%C3%A0-bizerte,Un Rdc de villa Fossile à Bizerte,Bizerte,650 TND,120.0,3.0,2.0,,,,,,,Maison,Nouveau,,,37.266667,9.866667,1.0,,,,,,,,,,,,,,,,,,,,,,1.0,,,,,,,,,
https://www.mubawab.tn/fr/a/7865877/location-villa-s4-a-hammamet,Location villa S4 a Hammamet,Hammamet à Hammamet,5 000 TND,350.0,5.0,4.0,4.0,1.0,1.0,1.0,1.0,1.0,Villa,Nouveau,,,36.40108,10.61457,1.0,,,1.0,,,,,,,,1.0,,1.0,,,,,500 m²,1.0,,,,,,1.0,,,,,,
https://www.mubawab.tn/fr/a/8109119/a-louer-magnifique-villa-%C3%A0-gammarth,A louer Magnifique Villa à Gammarth,Gammarth à La Marsa,14 000 TND,,6.0,4.0,3.0,1.0,1.0,1.0,1.0,1.0,Villa,Bon état,,,36.876389,10.325278,1.0,,1.0,1.0,1.0,1.0,1.0,1.0,,,,1.0,1.0,,,,1.0,1.0,,1.0,,,,,,,,,,,,
https://www.mubawab.tn/fr/a/7972173/villa-plain-pieds-s5-avec-piscine-%C3%A0-la-soukra,Villa plain pieds S5 avec piscine à la Soukra,La Soukra à La Soukra,9 000 TND,2550.0,6.0,5.0,4.0,1.0,1.0,1.0,1.0,1.0,Villa,Bon état,,,36.883333,10.25,1.0,,,1.0,,,1.0,,,,,,,,,,,,,,,,,,,,,,,,,
https://www.mubawab.tn/fr/a/8107073/villa-s5-avec-jardin-%C3%A0-ain-zaghouan-nord,Villa S5 avec jardin à Ain Zaghouan Nord,Ain Zaghouan Nord à La Marsa,Prix à consulter,450.0,6.0,5.0,4.0,1.0,1.0,,1.0,1.0,Villa,Bon état,,,36.876389,10.325278,1.0,,,1.0,,,,,1.0,,,,,,,,,,,,,,,,,,,,,,,
https://www.mubawab.tn/fr/a/8057134/villa-s5-au-coeur-de-la-marsa-zvl1631,Villa S5 au coeur de La Marsa ZVL1631,La Marsa à La Marsa,7 800 TND,,,5.0,4.0,1.0,1.0,,1.0,,Villa,Bon état,,,36.876389,10.325278,1.0,,,1.0,,,,,,,,,,,1.0,,,,,,,,,,,,,,,,,
https://www.mubawab.tn/fr/a/8096267/villa-de-plain-pied-meubl%C3%A9e-%C3%A0-la-marsa,Villa de plain pied meublée à La Marsa,La Marsa à La Marsa,4 500 TND,200.0,4.0,3.0,2.0,1.0,,,1.0,1.0,Villa,Bon état,,,36.876389,10.325278,1.0,,,1.0,1.0,1.0,1.0,,1.0,1.0,1.0,,,,,,1.0,,,1.0,1.0,1.0,,,,,,,,,,
https://www.mubawab.tn/fr/a/8110914/villa-s3-%C3%A0-la-marsa,Villa S3 à La Marsa,La Marsa à La Marsa,6 000 TND,250.0,4.0,3.0,2.0,,1.0,,1.0,1.0,Villa,Bon état,,,36.876389,10.325278,1.0,,,1.0,1.0,,1.0,,,,1.0,1.0,,,,,1.0,,,,,1.0,,,,,,,,,,
https://www.mubawab.tn/fr/a/8116759/duplex-s3-%C3%A0-la-marsa,Duplex S3 à La Marsa,Cité Les Pins à La Marsa,3 500 TND,200.0,4.0,3.0,2.0,1.0,1.0,,1.0,1.0,Maison,Bon état,,,36.876389,10.325278,1.0,,,1.0,,,1.0,,,,1.0,1.0,,,,,,,,,,,,,,,,,,,,
https://www.mubawab.tn/fr/a/8078829/villa-avec-piscine-%C3%A0-carthage,Villa avec piscine à Carthage,Carthage à Carthage,8 000 TND,380.0,6.0,5.0,4.0,1.0,1.0,1.0,1.0,1.0,Maison,Bon état,,,36.8566,10.3258,1.0,,,1.0,1.0,1.0,1.0,,1.0,,1.0,1.0,1.0,,,,1.0,,650 m²,,,1.0,,,,,,,,,,
https://www.mubawab.tn/fr/a/8103512/superbe-villa-%C3%A0-gammarth,Superbe villa à Gammarth,Gammarth à La Marsa,Prix à consulter,700.0,5.0,4.0,3.0,1.0,1.0,1.0,1.0,1.0,Villa,Nouveau,,,36.876389,10.325278,1.0,1.0,,1.0,1.0,1.0,1.0,1.0,1.0,1.0,1.0,1.0,1.0,,,1.0,1.0,1.0,,1.0,1.0,1.0,,,1.0,1.0,,,,,,
https://www.mubawab.tn/fr/a/8102375/une-charmante-villa-s5-aux-jardins-de-carthage,Une Charmante villa S5 aux Jardins de Carthage,Les Jardins de Carthage à Le Kram,6 300 TND,400.0,5.0,5.0,4.0,1.0,1.0,1.0,1.0,1.0,Villa,Bon état,,,36.833333,10.316667,1.0,,,,1.0,,1.0,,1.0,1.0,1.0,1.0,1.0,,,1.0,,1.0,,,,,,,,,,,,,,
https://www.mubawab.tn/fr/a/8119230/moderne-villa-%C3%A0-gammarth-sup%C3%A9rieur,Moderne villa à Gammarth Supérieur,Gammarth Supérieur à La Marsa,14 000 TND,550.0,4.0,4.0,5.0,1.0,1.0,1.0,1.0,1.0,Villa,Bon état,,,36.876389,10.325278,1.0,,1.0,1.0,1.0,1.0,1.0,1.0,,1.0,1.0,1.0,1.0,,,1.0,1.0,1.0,,,,1.0,,,1.0,1.0,,,,,,
https://www.mubawab.tn/fr/a/8086952/villa-s5-avec-jardin-%C3%A0-la-marsa,Villa S5 avec jardin à La Marsa,La Marsa à La Marsa,4 400 TND,420.0,6.0,5.0,3.0,1.0,1.0,,1.0,1.0,Maison,Bon état,,,36.876389,10.325278,1.0,,,1.0,1.0,,,,,,1.0,,,,,,,,,,,,,,,,,,,,,
https://www.mubawab.tn/fr/a/8122694/triplex-s3-%C3%A0-sidi-bou-said,Triplex S3 à Sidi Bou Said,Sidi Bousaid à Carthage,3 500 TND,250.0,4.0,3.0,2.0,,1.0,,1.0,1.0,Villa,Bon état,,,36.8566,10.3258,1.0,,,1.0,1.0,1.0,1.0,,,,1.0,1.0,,,,,,,,,,1.0,,,,,,,,,,
https://www.mubawab.tn/fr/a/8118592/villa-s4-avec-piscine-vue-sur-mer-%C3%A0-gammarth,Villa S4 avec piscine vue sur mer à Gammarth,Gammarth à La Marsa,Prix à consulter,,5.0,4.0,4.0,1.0,1.0,1.0,1.0,1.0,Villa,Bon état,,Carrelage,36.876389,10.325278,1.0,1.0,,1.0,1.0,1.0,1.0,,1.0,1.0,1.0,,1.0,,,1.0,,1.0,,,,,,,1.0,,,,,,,
https://www.mubawab.tn/fr/a/8081132/villa-meubl%C3%A9e-s4-de-300-m%C2%B2-%C3%A0-yasmine-hammamet,Villa meublée S4 de 300 m² à yasmine hammamet,Yasmine Hammamet à Hammamet,2 200 TND,300.0,5.0,4.0,3.0,1.0,1.0,,1.0,1.0,Villa,Bon état,,,36.40108,10.61457,1.0,1.0,,1.0,,1.0,1.0,1.0,,,,1.0,,2.0,,,,1.0,,1.0,1.0,1.0,,,,,,,,,,
https://www.mubawab.tn/fr/a/7865921/villa-meubl%C3%A9e-s4-%C3%A0-mrezga,Villa meublée s4 à Mrezga,Hammamet Nord à Hammamet,3 000 TND,220.0,5.0,4.0,2.0,1.0,1.0,1.0,1.0,1.0,Villa,Bon état,,,36.40108,10.61457,1.0,,,1.0,,1.0,1.0,,,,,,,,,,1.0,1.0,,1.0,1.0,1.0,,,,,Nord,,,,,
https://www.mubawab.tn/fr/a/7892094/villa-s2-meubl%C3%A9-avec-jardin-%C3%A0-hammamet-nord,Villa s2 meublé avec jardin à Hammamet nord,Hammamet Nord à Hammamet,2 000 TND,400.0,3.0,2.0,,1.0,,,1.0,1.0,Maison,Bon état,,,36.40108,10.61457,,,,1.0,,1.0,1.0,,,,,,,1.0,,,,,400 m²,1.0,1.0,,1.0,,,,,,,,,
https://www.mubawab.tn/fr/a/7928924/villa-meubl%C3%A9e-s3-avec-piscine-%C3%A0-hammamet-nord,Villa meublée S3 avec piscine à hammamet Nord,Hammamet Nord à Hammamet,3 700 TND,220.0,4.0,3.0,3.0,1.0,1.0,1.0,1.0,1.0,Villa,Nouveau,,,36.40108,10.61457,1.0,,,1.0,,1.0,1.0,,,,,,,,,,1.0,,,1.0,1.0,1.0,,,,,,,,,,
https://www.mubawab.tn/fr/a/7915465/rdc-de-villa-meubl%C3%A9-%C3%A0-louer-la-marsa,RDC de villa meublé à louer La Marsa,Cité Les Pins à La Marsa,5 500 TND,250.0,5.0,4.0,3.0,1.0,1.0,1.0,1.0,1.0,Villa,Bon état,1-5 ans,Marbre,36.876389,10.325278,1.0,,,1.0,1.0,1.0,1.0,1.0,,1.0,1.0,,1.0,,,,1.0,1.0,,1.0,1.0,1.0,,,,1.0,,,,,,
https://www.mubawab.tn/fr/a/8107794/villa-s5-meubl%C3%A9-avec-jardin-%C3%A0-louer-%C3%A0-gammarth,Villa S5 Meublé avec jardin à louer à Gammarth,Gammarth à La Marsa,6 000 TND,600.0,6.0,5.0,3.0,1.0,1.0,,1.0,1.0,Villa,Bon état,,,36.87638900000003,10.325278,1.0,,1.0,1.0,1.0,1.0,1.0,,,,,1.0,1.0,,,,1.0,,,1.0,1.0,1.0,,,,,,,,,,
https://www.mubawab.tn/fr/a/8128727/villa-piscine-en-s2-%C3%A0-louer-hammamet-nord,Villa piscine en S2 à louer Hammamet Nord,Hammamet Nord à Hammamet,3 500 TND,,7.0,3.0,2.0,1.0,1.0,1.0,1.0,1.0,Villa,Bon état,,,36.40108,10.61457,1.0,,,1.0,1.0,1.0,1.0,,1.0,1.0,1.0,,,,,,,,,1.0,1.0,1.0,,,,,,,,,,
https://www.mubawab.tn/fr/a/8122115/a-louer-duplex-s4-%C3%A0-gammarth-avec-jardin,A louer Duplex S4 à Gammarth avec jardin,Gammarth à La Marsa,4 200 TND,220.0,,4.0,4.0,1.0,,,1.0,1.0,Maison,Bon état,,,36.87638900000003,10.325278,1.0,,,1.0,1.0,,1.0,,,1.0,1.0,1.0,1.0,,1.0,,1.0,,280 m²,,,,,,,,,,,,,
https://www.mubawab.tn/fr/a/8120854/location-d-une-villa-%C3%A0-la-marsa,Location d'une villa à la Marsa,La Marsa à La Marsa,4 500 TND,,6.0,5.0,3.0,1.0,1.0,1.0,1.0,1.0,Villa,Bon état,,,36.876389,10.325278,1.0,1.0,,1.0,,,1.0,,,,,1.0,,,,,,,,,,,,,,,,,,,,
https://www.mubawab.tn/fr/a/7968311/villa-s3-neuve-avec-piscine-et-jardin-%C3%A0-la-soukra,Villa S3 neuve avec piscine et jardin à La Soukra,La Soukra à La Soukra,Prix à consulter,280.0,4.0,3.0,3.0,1.0,1.0,1.0,1.0,1.0,Villa,Bon état,,,36.883333,10.25,1.0,,,1.0,,,1.0,,1.0,,,1.0,,,,,,,,,,,,,,,,,,,,
https://www.mubawab.tn/fr/a/8074722/villa-s3-avec-piscine-%C3%A0-gammarth,Villa S3 avec piscine à Gammarth,Gammarth à La Marsa,6 000 TND,,4.0,3.0,3.0,1.0,1.0,1.0,1.0,1.0,Villa,Bon état,,Marbre,36.876389,10.325278,1.0,1.0,,1.0,1.0,1.0,,1.0,1.0,1.0,1.0,1.0,1.0,,,1.0,,1.0,,,,,,,,,,,,,,
https://www.mubawab.tn/fr/a/8121825/villa-r%C3%AAve-%C3%A0-louer,Villa rêve à louer,Beni Khiar à Beni Khiar,11 000 000 TND,500.0,6.0,4.0,3.0,1.0,1.0,1.0,,1.0,Villa,Bon état,,,36.47,10.78,1.0,,,1.0,,1.0,1.0,,1.0,,,1.0,,2.0,,1.0,,,909 m²,1.0,1.0,1.0,,,1.0,,,,,,,
https://www.mubawab.tn/fr/a/7876972/villa-meubl%C3%A9e-avec-piscine-%C3%A0-hammamet-nord,Villa meublée avec piscine à Hammamet Nord,Hammamet Nord à Hammamet,3 100 TND,486.0,5.0,4.0,2.0,1.0,,1.0,1.0,1.0,Villa,Bon état,,,36.40108,10.61457,1.0,,,1.0,,1.0,1.0,,,,,,,,,,1.0,1.0,,1.0,1.0,1.0,,,,,Nord,,,,,
https://www.mubawab.tn/fr/a/8031073/villa-s3-%C3%A0-hammamet-centre,Villa s3 à Hammamet Centre,Hammamet à Hammamet,1 700 TND,200.0,4.0,3.0,2.0,1.0,1.0,,1.0,1.0,Maison,Bon état,,,36.40108,10.61457,1.0,,,,,1.0,1.0,,,,,,,,,,,,,1.0,1.0,,,,,,,,,,,
https://www.mubawab.tn/fr/a/8128333/charmant-appartement-meubl%C3%A9-proche-du-lyc%C3%A9e-gustav,Charmant appartement meublé proche du lycée Gustav,La Marsa à La Marsa,2 000 TND,120.0,2.0,2.0,,,,,,1.0,Maison,Nouveau,,,36.876389,10.325278,,,,,,,,,,,,,,,,,,,,1.0,,,1.0,,,,,,,,,
https://www.mubawab.tn/fr/a/8128327/villa-s4-avec-piscine-%C3%A0-la-marsa,Villa S4 avec Piscine à la Marsa,Cité Les Pins à La Marsa,6 000 TND,500.0,4.0,4.0,,1.0,1.0,1.0,,1.0,Maison,Nouveau,,,36.876389,10.325278,1.0,,,,,,,,,,,,,,,,,,,,,,1.0,,,,,,,,,
https://www.mubawab.tn/fr/a/7982735/magnifique-triplex-meubl%C3%A9-s3-%C3%A0-gammarth,Magnifique Triplex meublé S3 à Gammarth,La Marsa à La Marsa,9 000 TND,,,4.0,,,,1.0,,,Villa,,,,36.8941992,10.2762232,1.0,,,,,,,,,,,,,,,,,,,1.0,,,,1.0,,,,,,,,
https://www.mubawab.tn/fr/a/8104948/villa-s6-avec-jardin-et-piscine-%C3%A0-louer-%C3%A0-la-marsa,Villa S6 avec jardin et piscine à louer à la Marsa,La Marsa à La Marsa,8 000 TND,800.0,8.0,6.0,5.0,1.0,1.0,1.0,1.0,1.0,Villa,Bon état,,,36.876389,10.325278,1.0,,,1.0,1.0,,1.0,,1.0,,,1.0,1.0,,,,,,,,,,,,,,,,,,,
https://www.mubawab.tn/fr/a/8091686/%C3%A0-louer-%C3%A9poustouflante-villa-de-luxe-%C3%A0-sidi-bou-said,À louer Époustouflante Villa de Luxe à Sidi Bou Said,Sidi Bousaid à Carthage,6 000 TND,420.0,,4.0,2.0,1.0,1.0,,,,Villa,,,,36.871576,10.3343581,1.0,,,1.0,,,,,1.0,,,1.0,,,,,,,,1.0,,,,,,,,,,,,
https://www.mubawab.tn/fr/a/8122732/villa-%C3%A0-louer-usage-bureautique-lac2,Villa à louer usage bureautique Lac2,Les Berges Du Lac 2 à La Marsa,8 000 TND,600.0,8.0,8.0,,,1.0,1.0,1.0,1.0,Villa,Bon état,,,36.876389,10.325278,,,,1.0,1.0,,,,1.0,,1.0,,,,,,,,,,,,1.0,,,,,,,,,
https://www.mubawab.tn/fr/a/8123272/villa-avec-piscine-%C3%A0-louer-%C3%A0-gammarth,Villa avec piscine à louer à Gammarth,Gammarth à La Marsa,6 600 TND,1000.0,3.0,5.0,,1.0,1.0,1.0,,1.0,Maison,Nouveau,,,36.876389,10.325278,,,,,,,,,,,,,,,,,,,,,,,1.0,,,,,,,,,
https://www.mubawab.tn/fr/a/8107186/duplex-s2-%C3%A0-louer-carthage,Duplex S2 à louer Carthage,Carthage à Carthage,4 000 TND,250.0,2.0,3.0,,1.0,,,1.0,1.0,Maison,Nouveau,,,36.8566,10.3258,,,,,,,,,,,,,,,,,,,,1.0,,,1.0,,,,,,,,,
https://www.mubawab.tn/fr/a/8111087/villa-de-maitre-%C3%A0-louer-gammarth-sup%C3%A9rieur,Villa de maitre à louer Gammarth supérieur,Gammarth à La Marsa,14 000 TND,1000.0,4.0,6.0,,1.0,1.0,1.0,,1.0,Maison,Nouveau,,,36.876389,10.325278,1.0,,,,,,,1.0,,,,,,,,,,,,,,,1.0,,,,,,,,,
https://www.mubawab.tn/fr/a/8111084/villa-s5-%C3%A0-louer-la-marsa,Villa s5 à louer La Marsa,La Marsa à La Marsa,8 000 TND,700.0,4.0,5.0,,,1.0,1.0,,1.0,Maison,Nouveau,,,36.876389,10.325278,,,,,,,1.0,,,,,,,,,,,,,,,,1.0,,,,,,,,,
https://www.mubawab.tn/fr/a/8128097/etage-de-villa-quartz-rose-%C3%A0-louer-la-marsa,Etage de Villa Quartz Rose à louer La Marsa,La Marsa à La Marsa,1 200 TND,145.0,4.0,3.0,,,,,,,Maison,Bon état,,,36.876389,10.325278,1.0,,,,,,,,,,,,,,,,,,,,,,1.0,,,,,,,,,
https://www.mubawab.tn/fr/a/8127992/location-estivale-hammamet-nord-avec-vue-mer,Location estivale hammamet nord avec vue mer,Hammamet Nord à Hammamet,Prix à consulter,650.0,7.0,5.0,3.0,1.0,1.0,1.0,1.0,1.0,Maison,Bon état,,,36.40108,10.61457,1.0,,,,1.0,1.0,1.0,1.0,,,,1.0,1.0,,,,1.0,,,1.0,1.0,1.0,,,1.0,,,,,,,
https://www.mubawab.tn/fr/a/8094495/rez-de-chausse-de-villa-en-s1,Rez de chausse de villa en S1,Les Jardins d'El Menzah 2 à Ariana Ville,1 400 TND,120.0,2.0,,,1.0,1.0,,1.0,,Villa,Bon état,5-10 ans,Marbre,36.8625,10.19556,,,,1.0,,,,,,,,,,1.0,,,,,,,,,1.0,,,,Est,1.0,,,,
https://www.mubawab.tn/fr/a/8127926/location-annuelle-maison-meubl%C3%A9e-%C3%A0-tezdaine-djerba,Location annuelle maison meublée à Tezdaine Djerba,Djerba à Djerba,750 TND,,3.0,,,1.0,,,,1.0,Maison,Bon état,,,33.80303111654845,10.994642249151118,1.0,,,1.0,,1.0,1.0,,,1.0,,,,,,1.0,,,,1.0,1.0,1.0,1.0,,,,,1.0,,,,
https://www.mubawab.tn/fr/a/8092797/villa-s3-neuve-avec-piscine-%C3%A0-carthage,Villa S3 neuve avec piscine à Carthage,Carthage à Carthage,12 000 TND,,4.0,3.0,3.0,1.0,1.0,1.0,1.0,1.0,Villa,Nouveau,,Carrelage,36.8566,10.3258,1.0,,,1.0,1.0,,,,1.0,1.0,1.0,1.0,1.0,,,1.0,,1.0,,,,,,,,,,,,,,
https://www.mubawab.tn/fr/a/8054579/villa-s3-avec-jardin-%C3%A0-sidi-bou-said,Villa S3 avec jardin à Sidi Bou Said,Sidi Bousaid à Carthage,6 000 TND,,4.0,3.0,2.0,1.0,1.0,,1.0,1.0,Villa,Bon état,,Carrelage,36.8566,10.3258,1.0,1.0,,1.0,1.0,,,1.0,,1.0,1.0,1.0,1.0,,,1.0,,1.0,,1.0,,,,,,,,,,,,
https://www.mubawab.tn/fr/a/8112295/duplex-s3-avec-terrasse-vue-sur-mer-%C3%A0-gammarth,Duplex S3 avec terrasse vue sur mer à Gammarth,Gammarth à La Marsa,6 000 TND,,4.0,4.0,3.0,1.0,1.0,,1.0,1.0,Villa,Bon état,,Marbre,36.876389,10.325278,1.0,1.0,,1.0,1.0,,,1.0,1.0,1.0,1.0,1.0,1.0,2.0,,1.0,,1.0,,,,,,1.0,1.0,1.0,,,,,,
https://www.mubawab.tn/fr/a/8092040/villa-s3-avec-piscine-au-lac-2,Villa S3 avec piscine au Lac 2,Les Berges Du Lac 2 à La Marsa,14 000 TND,,4.0,3.0,3.0,1.0,1.0,1.0,1.0,1.0,Villa,Bon état,,Marbre,36.876389,10.325278,1.0,,,1.0,1.0,,,,1.0,1.0,1.0,1.0,1.0,,,1.0,,1.0,,,,,,,,,,,,,,
https://www.mubawab.tn/fr/a/8118543/villa-neuve-avec-piscine-%C3%A0-la-soukra,Villa neuve avec piscine à La Soukra,La Soukra à La Soukra,7 000 TND,,6.0,5.0,4.0,1.0,1.0,1.0,1.0,1.0,Villa,Nouveau,Moins d'un an,Marbre,36.883333,10.25,1.0,1.0,1.0,1.0,1.0,1.0,1.0,1.0,1.0,1.0,1.0,1.0,1.0,,,1.0,,1.0,,,,,,,,,,,,,,
https://www.mubawab.tn/fr/a/8122419/a-louer-rez-de-chauss%C3%A9e-de-villa-s3-%C3%A0-la-marsa,A louer Rez de chaussée de villa s3 à la Marsa,La Marsa à La Marsa,2 100 TND,400.0,3.0,4.0,2.0,1.0,,,,1.0,Maison,Bon état,,,36.8941992,10.2762232,,,,,,,,,,,,,,,,,,,,,,,,,,,,,,,,
https://www.mubawab.tn/fr/a/8117197/rez-de-chauss%C3%A9e-de-villa-s3-avec-jardin-%C3%A0-la-marsa,Rez de chaussée de villa s3 avec jardin à la Marsa,La Marsa à La Marsa,2 200 TND,400.0,,3.0,,1.0,,,,1.0,Maison,Nouveau,,,36.876389,10.325278,,,,,,,,,,,,,,,,,,,,,,,1.0,,,,,,,,,
https://www.mubawab.tn/fr/a/8127756/une-villa-s4-%C3%A0-gammarth-avec-piscine,Une villa s4 à gammarth avec piscine,Gammarth à La Marsa,13 000 TND,550.0,5.0,4.0,2.0,1.0,1.0,1.0,1.0,1.0,Villa,Nouveau,,,36.876389,10.325278,,,,1.0,1.0,,1.0,,1.0,,1.0,1.0,,,,1.0,,,,,,,,,,,,,,,,
https://www.mubawab.tn/fr/a/8127387/villa-de-520m-%C3%A0-louer-%C3%A0-tunis-bay-golf-residence,Villa de 520m à louer à Tunis Bay Golf Residence,Raoued à Raoued,3 800 TND,319.0,7.0,4.0,4.0,1.0,1.0,1.0,,,Villa,Nouveau,1-5 ans,Marbre,36.98270390780047,10.171811064530935,1.0,1.0,1.0,1.0,1.0,,,,,,,1.0,1.0,1.0,,,,,520 m²,,,,,,,,,,,,,
https://www.mubawab.tn/fr/a/8120708/penthouse-en-s4-au-menzah-5,Penthouse en S4 au Menzah 5,El Menzah 5 à Ariana Ville,3 800 TND,165.0,6.0,5.0,5.0,,1.0,,1.0,1.0,Villa,Nouveau,1-5 ans,Marbre,36.8625,10.19556,1.0,1.0,,1.0,1.0,,1.0,1.0,1.0,1.0,1.0,1.0,1.0,1.0,,1.0,1.0,1.0,202 m²,,,,,1.0,1.0,1.0,Est,,,,,
https://www.mubawab.tn/fr/a/7911132/villa-de-luxe-%C3%A0-gammarth-avec-vue-sur-la-mer,Villa de luxe à Gammarth avec vue sur la mer,Gammarth à La Marsa,15 000 TND,600.0,3.0,6.0,7.0,1.0,1.0,1.0,1.0,1.0,Villa,Nouveau,1-5 ans,Marbre,36.876389,10.325278,1.0,1.0,,1.0,1.0,,1.0,1.0,,1.0,1.0,1.0,1.0,,,,1.0,1.0,,,1.0,,,1.0,1.0,1.0,Est,,,,,
https://www.mubawab.tn/fr/a/7790410/somptueuse-villa-avec-piscine-au-lac-2,Somptueuse Villa avec piscine au lac 2,Les Berges Du Lac 2 à La Marsa,10 000 TND,500.0,2.0,3.0,3.0,1.0,1.0,1.0,1.0,1.0,Villa,Nouveau,1-5 ans,Marbre,36.876389,10.325278,1.0,,,1.0,1.0,,1.0,1.0,,,1.0,1.0,1.0,,,,,1.0,,,,,,,,,Est,,,,,
https://www.mubawab.tn/fr/a/8087015/une-villa-s4-%C3%A0-la-soukra,Une villa s4 à la soukra,La Soukra à La Soukra,4 000 TND,300.0,5.0,4.0,,1.0,1.0,1.0,1.0,1.0,Villa,Bon état,,,36.88333299999999,10.25,1.0,,,1.0,1.0,1.0,1.0,,1.0,,1.0,1.0,,,,1.0,1.0,1.0,,,1.0,1.0,1.0,,,,,,,,,
https://www.mubawab.tn/fr/a/8086315/%C3%A0-louer-%C3%A0-l%E2%80%99ann%C3%A9e-%C3%A0-hammamet-une-villa-s3,À louer à l’année à Hammamet une villa S3,Hammamet Nord à Hammamet,1 500 TND,200.0,4.0,3.0,,1.0,1.0,,1.0,,Maison,Bon état,,,36.40108,10.61457,1.0,,,,,,,,,,,,,,,,,,105 m²,,,,1.0,,1.0,,,,,,,
https://www.mubawab.tn/fr/a/8120320/un-duplex-s4-%C3%A0-la-soukra-avec-jardin,Un duplex s4 à la soukra avec jardin,La Soukra à La Soukra,2 000 TND,300.0,5.0,4.0,3.0,1.0,1.0,1.0,1.0,1.0,Maison,Bon état,,,36.883333,10.25,1.0,,,1.0,1.0,,1.0,,1.0,,,1.0,,,,1.0,1.0,1.0,350 m²,,,,,,,,,,,,,
https://www.mubawab.tn/fr/a/8124746/villa-s4-neuve-avec-piscine-%C3%A0-gammarth,Villa S4 neuve avec piscine à Gammarth,Gammarth à La Marsa,5 500 TND,,5.0,4.0,4.0,1.0,1.0,1.0,1.0,1.0,Villa,Nouveau,,Carrelage,36.876389,10.325278,1.0,,,1.0,1.0,1.0,1.0,,1.0,1.0,1.0,1.0,1.0,,,1.0,,1.0,,,,,,,,,,,,,,
https://www.mubawab.tn/fr/a/8118487/rez-de-chauss%C3%A9e-de-villa-s3-%C3%A0-marsa-cit%C3%A9-les-pins,Rez de chaussée de villa S3 à Marsa Cité Les Pins,La Marsa à La Marsa,1 800 TND,130.0,4.0,3.0,,,,,1.0,,Villa,Bon état,,,36.876389,10.325278,1.0,,,1.0,,,,,,,,,,,,,,,,,,,1.0,,,,,,,,,
https://www.mubawab.tn/fr/a/8008079/duplex-s4-avec-jardin-%C3%A0-la-marsa,Duplex S4 avec jardin à La Marsa,La Marsa à La Marsa,5 000 TND,360.0,4.0,4.0,5.0,1.0,1.0,,1.0,1.0,Villa,Nouveau,Moins d'un an,Marbre,36.876389,10.325278,1.0,,,1.0,1.0,,1.0,,,,,1.0,1.0,,,1.0,,1.0,,,,,,,,,,,,,,
https://www.mubawab.tn/fr/a/8127062/villa-s3-neuve-avec-piscine-gammarth-sup%C3%A9rieur,"Villa S3 neuve avec piscine, Gammarth supérieur",Gammarth Supérieur à La Marsa,5 800 TND,331.0,4.0,3.0,4.0,1.0,1.0,1.0,1.0,1.0,Villa,Nouveau,Moins d'un an,Marbre,36.876389,10.325278,,1.0,,1.0,,1.0,1.0,1.0,1.0,,,,,3.0,,,1.0,,288 m²,,,,,,1.0,1.0,,,,,,
https://www.mubawab.tn/fr/a/8127033/a-louer-une-villa-s5-jamais-habit%C3%A9-%C3%A0-la-marsa,A louer une villa S5 jamais habité à la Marsa,Ain Zaghouan Nord à La Marsa,6 500 TND,400.0,5.0,5.0,,,1.0,,,,Villa,Nouveau,,,36.876389,10.325278,,,,,,,,,,,,,,,,,,,,,,,1.0,,,,,,,,,
https://www.mubawab.tn/fr/a/8086310/villa-s4-meubl%C3%A9e-avec-jardin-gammarth,"Villa S4 meublée avec jardin, Gammarth",Gammarth à La Marsa,6 200 TND,400.0,5.0,4.0,4.0,1.0,1.0,,1.0,1.0,Villa,Nouveau,1-5 ans,Marbre,36.876389,10.325278,1.0,,,1.0,1.0,1.0,1.0,1.0,,1.0,,1.0,,1.0,,,1.0,,650 m²,1.0,1.0,1.0,,,,,,,,,,
https://www.mubawab.tn/fr/a/8105659/villa-s5-nouvellement-construite-ain-zaghouan,"Villa S5 nouvellement construite, Ain Zaghouan",Ain Zaghouan Nord à La Marsa,7 000 TND,460.0,6.0,5.0,3.0,1.0,1.0,1.0,1.0,1.0,Villa,Nouveau,Moins d'un an,Marbre,36.876389,10.325278,1.0,,,1.0,,,,,,,,,1.0,2.0,,,,,255 m²,,,,,,,,,,,,,
https://www.mubawab.tn/fr/a/8106380/villa-s4-avec-piscine-gammarth-sup%C3%A9rieur,"Villa S4 avec piscine, Gammarth supérieur",Gammarth Supérieur à La Marsa,5 800 TND,300.0,5.0,4.0,3.0,1.0,,1.0,1.0,1.0,Villa,Bon état,,,36.876389,10.325278,1.0,,,1.0,,,1.0,,,,,,,2.0,,,,,600 m²,,,,,,1.0,,,,,,,
https://www.mubawab.tn/fr/a/8127000/ennasr-2-%C3%A0-louer-villa-3-salons-5-avec-jardin,Ennasr 2 à louer villa 3 salons 5 avec jardin,Cité Ennasr 2 à Ariana Ville,3 200 TND,500.0,8.0,5.0,4.0,1.0,1.0,,1.0,,Maison,Bon état,,,36.8625,10.19556,,,,,,,,,,,,,1.0,,,,,,,,,,,,,,,,,,,
https://www.mubawab.tn/fr/a/8112273/mutuelle-ville-%C3%A0-louer-rdc-villa-s3-avec-jardin,Mutuelle ville à louer rdc villa s3 avec jardin,Mutuelle Ville à El Menzah,Prix à consulter,200.0,5.0,3.0,2.0,1.0,,,1.0,,Maison,Bon état,,,36.845235,10.164723,,,,,,,,,,,,,,,,,,,,,,,,,,,,,,,,
https://www.mubawab.tn/fr/a/8100571/manar-3-%C3%A0-louer-etage-villa-bien-situ%C3%A9,Manar 3; à louer etage villa bien situé,El Manar 3 à El Menzah,Prix à consulter,220.0,6.0,4.0,2.0,,1.0,,1.0,,Maison,Bon état,,,36.845235,10.164723,1.0,,,,,,,,,,,,,,,,,,,,,,,,,,,,,,,
https://www.mubawab.tn/fr/a/8056934/cit%C3%A9-faouz-%C3%A0-louer-grande-villa-haut-stg,Cité FAOUZ; à louer grande VILLA HAUT STG,Cité Ennasr 2 à Ariana Ville,Prix à consulter,300.0,7.0,5.0,3.0,,1.0,,1.0,1.0,Villa,Bon état,,,36.8625,10.19556,1.0,,,1.0,,,,,,,,,,,,,,,,,,,,,,,,,,,,
https://www.mubawab.tn/fr/a/8098725/menzah-5-%C3%A0-louer-rdc-villa-s3-avec-jardin,MENZAH 5 à louer RDC VILLA S3 avec jardin,El Menzah 5 à Ariana Ville,Prix à consulter,200.0,5.0,3.0,2.0,1.0,,,1.0,1.0,Maison,Nouveau,,,36.8625,10.19556,,,,1.0,,,,,,,,,,,,,,,,,,,,,,,,,,,,
https://www.mubawab.tn/fr/a/8101853/jardins-d-el-menzah-2-%C3%A0-louer-rdc-villa-s3,Jardins d'el menzah 2; à louer rdc villa s3,Les Jardins d'El Menzah 2 à Ariana Ville,Prix à consulter,160.0,5.0,3.0,2.0,1.0,,,1.0,,Maison,Bon état,,,36.8625,10.19556,1.0,,,,,,,,,,,,,,,,,,,,,,,,,,,,,,,
https://www.mubawab.tn/fr/a/8115156/ennasr-2-%C3%A0-louer-grande-villa-s6,Ennasr 2; à louer grande villa s6,Cité Ennasr 2 à Ariana Ville,Prix à consulter,300.0,8.0,6.0,4.0,,1.0,,1.0,,Maison,Bon état,,,36.8625,10.19556,1.0,,,,,,,1.0,,,,,,,,,,,,,,,,,,,,,,,,
https://www.mubawab.tn/fr/a/8124538/riadh-el-andalous-a-louer-joli-etage-villa-s3,Riadh el andalous a louer joli etage villa s3,Riadh al Andalous à Ariana Ville,Prix à consulter,160.0,5.0,3.0,2.0,,1.0,,1.0,1.0,Maison,Bon état,,,36.8625,10.19556,1.0,,,,,,,,,,,,,,,,,,,,,,,,,,,,,,,
https://www.mubawab.tn/fr/a/8126970/location-villa-al-bahja-s4,Location Villa Al Bahja S4,Hammamet à Hammamet,2 600 TND,180.0,5.0,4.0,3.0,1.0,1.0,,1.0,1.0,Villa,Nouveau,,,36.40108,10.61457,1.0,,,1.0,,1.0,1.0,,,1.0,,1.0,,,,,1.0,,220 m²,1.0,1.0,1.0,,,,,,,,,,
https://www.mubawab.tn/fr/a/8045482/maison-jumel%C3%A9e-en-vente,Maison jumelée en vente,Ariana Ville,1 080 000 TND,380.0,,,,1.0,,,,1.0,Villa,,,,36.8625,10.19556,1.0,,,,,,,,1.0,,,,,,,,,,,,,,,,,,,,,,,
https://www.mubawab.tn/fr/a/8105098/une-villa-s4-avec-jardin-%C3%A0-la-soukra,Une Villa S4 avec jardin à La Soukra,La Soukra à La Soukra,2 000 TND,295.0,5.0,4.0,3.0,1.0,,,,1.0,Maison,Bon état,,,36.88833,10.27417,1.0,,,,,,,,,,,1.0,,,,,,,,,,,,,,,,,,,,
https://www.mubawab.tn/fr/a/7700880/superbe-villa-avec-piscine-proche-de-la-mer-%C3%A0-mido,Superbe villa avec piscine proche de la mer à Mido,Djerba à Djerba,Prix à consulter,,5.0,3.0,2.0,1.0,,1.0,,1.0,Villa,Nouveau,,,33.8075978,10.8451467,1.0,,,1.0,,1.0,1.0,,,1.0,,,,,,,1.0,,,1.0,1.0,1.0,,,,,,,,,,
https://www.mubawab.tn/fr/a/8116236/vacances-villa-callune-s4-hammamet-nord,Vacances Villa Callune S4 Hammamet nord,Hammamet Nord à Hammamet,10 000 TND,350.0,6.0,4.0,5.0,1.0,1.0,1.0,1.0,1.0,Villa,Bon état,,,36.40108,10.61457,1.0,,,1.0,,,,,,,,,,,,,,,,1.0,,,,,1.0,,,,,,,
https://www.mubawab.tn/fr/a/8126603/duplex-zayn-%C3%A0-ain-zaghouan,Duplex Zayn à Ain Zaghouan,Ain Zaghouan Nord à La Marsa,6 000 TND,300.0,4.0,3.0,3.0,,1.0,1.0,1.0,1.0,Villa,Bon état,,,36.876389,10.325278,1.0,,,1.0,,,1.0,,1.0,,,,,,,,,,,,,,,,,,,,,,,
https://www.mubawab.tn/fr/a/8091352/villa-s7-avec-piscine-gammarth-sup%C3%A9rieur,"Villa S7 avec piscine, Gammarth supérieur",Gammarth Supérieur à La Marsa,10 000 TND,660.0,7.0,6.0,4.0,1.0,1.0,1.0,1.0,1.0,Villa,Bon état,,Marbre,36.876389,10.325278,1.0,1.0,,1.0,,,,,1.0,,,,1.0,3.0,,,,,1000 m²,,,,,,,1.0,,,,,,
https://www.mubawab.tn/fr/a/8104274/a-louer-un-duplex-s4-avec-jardin,A louer un Duplex S4 avec jardin,Cité Mongi Slim à La Marsa,4 900 TND,250.0,3.0,5.0,,1.0,1.0,,1.0,1.0,Maison,Nouveau,,,36.876389,10.325278,1.0,1.0,,1.0,1.0,1.0,1.0,1.0,,1.0,1.0,1.0,1.0,,,1.0,1.0,1.0,,1.0,1.0,1.0,1.0,,,,,,,,,
https://www.mubawab.tn/fr/a/8126565/location-annuelle-s2-vide-%C3%A0-jardin-du-%C3%A7arthage,Location Annuelle s2 vide à jardin du çarthage,Les Jardins de Carthage à Le Kram,1 550 TND,112.0,2.0,2.0,,1.0,1.0,,1.0,1.0,Maison,Bon état,1-5 ans,Parquet,36.833333,10.316667,1.0,,,1.0,,,,,,,,1.0,1.0,1.0,,,,,112 m²,,,,1.0,1.0,,,Nord,,,,,
https://www.mubawab.tn/fr/a/7849104/location-villa-nicola-s4,Location villa Nicola S4,Hammamet à Hammamet,1 800 TND,250.0,5.0,4.0,2.0,1.0,1.0,,1.0,1.0,Villa,Nouveau,,,36.40108,10.61457,1.0,,,1.0,,1.0,1.0,,,,,,,,,,1.0,,,1.0,1.0,1.0,,,,,,,,,,
https://www.mubawab.tn/fr/a/8126531/villa-avec-vue-d%C3%A9gag%C3%A9e-%C3%A0-la-marsa,Villa avec vue dégagée à La Marsa,La Marsa à La Marsa,12 000 TND,,2.0,5.0,4.0,1.0,1.0,1.0,1.0,1.0,Villa,Nouveau,,,36.876389,10.325278,1.0,,,1.0,1.0,,1.0,1.0,1.0,1.0,,,1.0,,,,,,,,,,,,1.0,1.0,,,,,,
https://www.mubawab.tn/fr/a/8099659/a-louer-une-villa-spacieuse,A louer une villa spacieuse,La Marsa à La Marsa,8 000 TND,390.0,5.0,5.0,2.0,1.0,1.0,1.0,1.0,,Villa,Bon état,,,36.876389,10.325278,1.0,,,1.0,,,,,1.0,,,,,,,1.0,,,700 m²,,,,,,,,,,,,,
https://www.mubawab.tn/fr/a/8099777/a-louer-une-villa-avec-piscine-%C3%A0-la-marsa-stade,A Louer une villa avec piscine à la Marsa Stade,Cité Du Stade à La Marsa,6 000 TND,485.0,4.0,5.0,,,,1.0,,,Villa,Nouveau,,,36.876389,10.325278,,,,,,,,,,,,,,,,,,,,,,,1.0,,,,,,,,,
https://www.mubawab.tn/fr/a/8099637/a-louer-une-villa-%C3%A0-gammarth-sup%C3%A9rieur,A louer une villa à Gammarth Supérieur,Gammarth Supérieur à La Marsa,4 200 TND,400.0,3.0,3.0,,1.0,,,,,Villa,Nouveau,,,36.876389,10.325278,1.0,,,1.0,,,,,1.0,,,,,,,,,,,,,,1.0,,,,,,,,,
https://www.mubawab.tn/fr/a/8070993/villa-maryland-%C3%A0-louer-aux-berges-du-lac2,Villa Maryland à Louer Aux Berges Du Lac2,Les Berges Du Lac 2 à La Marsa,9 000 TND,700.0,6.0,5.0,2.0,1.0,,,1.0,1.0,Villa,Bon état,,,36.876389,10.325278,1.0,,,1.0,,,,,1.0,,,,,,,,,,,,,,,,,,,,,,,
https://www.mubawab.tn/fr/a/8121389/a-louer-un-%C3%A9tage-de-villa-situ%C3%A9-%C3%A0-gammarth,A louer un étage de villa situé à Gammarth,Gammarth à La Marsa,3 000 TND,200.0,5.0,4.0,2.0,,1.0,,1.0,1.0,Maison,Bon état,,,36.876389,10.325278,1.0,,,1.0,,,,,,,,,,,,,,,,,,,,,,,,,,,,
https://www.mubawab.tn/fr/a/8121535/a-louer-une-villa-%C3%A0-la-marsa,A louer une villa à la Marsa,La Marsa à La Marsa,Prix à consulter,150.0,4.0,3.0,,1.0,1.0,,1.0,1.0,Villa,Bon état,,,36.876389,10.325278,1.0,,,1.0,,,,,,,,,,,,,,,,,,,1.0,,,,,,,,,
https://www.mubawab.tn/fr/a/8115190/un-duplex-avec-piscine-au-lac2,Un duplex avec piscine au lac2,Les Berges Du Lac 2 à La Marsa,5 000 TND,400.0,4.0,3.0,2.0,1.0,1.0,1.0,1.0,1.0,Villa,Bon état,,,36.876389,10.325278,,,,1.0,1.0,,1.0,1.0,1.0,,1.0,1.0,,,,1.0,1.0,,,,,,,,,,,,,,,
https://www.mubawab.tn/fr/a/8113372/a-louer-villa-s3-avec-piscine-%C3%A0-ain-zaghouan,A louer villa S3 avec piscine à Ain Zaghouan,Ain Zaghouan Nord à La Marsa,5 000 TND,450.0,3.0,4.0,3.0,1.0,1.0,1.0,1.0,1.0,Maison,Bon état,,,36.876389,10.325278,1.0,,1.0,1.0,,,,1.0,,,,1.0,,,,,,,,,,,,,,,,,,,,
https://www.mubawab.tn/fr/a/7994166/location-villa-au-golf-gammarth,Location villa au golf gammarth,Gammarth à La Marsa,7 500 TND,1200.0,5.0,4.0,4.0,1.0,1.0,1.0,1.0,1.0,Villa,Bon état,,,36.91773900000001,10.288893000000002,1.0,,,1.0,,1.0,1.0,1.0,1.0,,1.0,1.0,1.0,,,,1.0,,,1.0,,1.0,,,,,,,,,,
https://www.mubawab.tn/fr/a/8126483/louez-votre-maison-%C3%A0-el-omrane-1-belle-chambre-bien-meubl%C3%A9,Louez votre maison à El Omrane. 1 belle chambre. Bien meublé,El Omrane à El Omrane,540 TND,45.0,,,,1.0,1.0,,,1.0,Maison,Bon état,10-20 ans,Carrelage,36.8144004,10.165727,,1.0,,1.0,,1.0,,,,,1.0,1.0,,1.0,,1.0,,,62 m²,1.0,1.0,1.0,1.0,,,,Ouest,1.0,,,,
https://www.mubawab.tn/fr/a/8126495/etage-de-villa-meubl%C3%A9-s2-fiora-%C3%A0-louer-%C3%A0-salambo,Etage de Villa meublé S2 Fiora à Louer à Salambo,Salambo à Carthage,1 500 TND,150.0,3.0,2.0,2.0,,,,,1.0,Maison,Bon état,,,36.8566,10.3258,1.0,,,,,,,,,,,,,,,,,,,1.0,,,,,,,,,,,,
https://www.mubawab.tn/fr/a/8126456/une-villa-s4-avec-jardin-%C3%A0-carthage-byrsa,Une villa s4 avec jardin à carthage byrsa,Carthage Byrsa à Carthage,6 000 TND,500.0,5.0,4.0,2.0,1.0,1.0,1.0,1.0,1.0,Villa,Bon état,,,36.8566,10.3258,,,,1.0,1.0,,1.0,,1.0,,1.0,1.0,,,,1.0,,,,,,,,,,,,,,,,
https://www.mubawab.tn/fr/a/8126156/duplex-s3-vue-mer-carthage-amilcar,"Duplex S3 vue mer, Carthage Amilcar",Amilcar à Carthage,3 500 TND,200.0,5.0,3.0,2.0,,,,1.0,1.0,Maison,Bon état,,Marbre,36.8566,10.3258,1.0,,,1.0,,,1.0,,1.0,1.0,1.0,,1.0,2.0,,,1.0,,100 m²,,1.0,1.0,,,1.0,1.0,,,,,,
https://www.mubawab.tn/fr/a/8126356/a-louer-rez-de-chauss%C3%A9e-de-villa-s4-aux-jardins-de-carthage,A louer Rez de chaussée de villa s4 aux Jardins de Carthage,Le Kram,2 900 TND,200.0,,5.0,,1.0,1.0,,1.0,1.0,Maison,,,,36.833333,10.316667,1.0,,,1.0,,,1.0,1.0,,,,1.0,,,,,,,,,,,,,,,,,,,,
https://www.mubawab.tn/fr/a/8105000/villa-s4-%C3%A0-carthage,Villa s4 à Carthage,Carthage à Carthage,4 000 TND,300.0,4.0,5.0,,1.0,1.0,,1.0,,Maison,Nouveau,,,36.8566,10.3258,,,,1.0,,,,,1.0,,,,,,,,,,,,,,1.0,,,,,,,,,
https://www.mubawab.tn/fr/a/8124136/au-golden-tulip-belle-villa-avec-piscine-et-jardin,Au Golden Tulip belle villa avec piscine et jardin,Gammarth à La Marsa,4 500 TND,180.0,5.0,3.0,2.0,1.0,,1.0,1.0,1.0,Villa,Bon état,10-20 ans,Marbre,36.876389,10.325278,,,,1.0,,1.0,1.0,,,1.0,,1.0,,2.0,,,1.0,,233 m²,1.0,,1.0,,,1.0,1.0,Nord,,,,,
https://www.mubawab.tn/fr/a/8088744/une-villa-s5-%C3%A0-la-marsa,Une villa s5 à la marsa,Cité Du Stade à La Marsa,4 500 TND,200.0,6.0,5.0,,1.0,1.0,1.0,,1.0,Villa,Bon état,,,36.876389,10.325278,1.0,,,,1.0,,,,1.0,,,1.0,,,,1.0,,,,,,,1.0,,,,,,,,,
https://www.mubawab.tn/fr/a/7987574/villa-plain-pieds-s3-a-gammarth-touristique,Villa plain pieds s3 a Gammarth touristique,Gammarth à La Marsa,6 200 TND,800.0,4.0,3.0,4.0,1.0,,1.0,1.0,1.0,Villa,Bon état,1-5 ans,,36.87638899999999,10.325278000000004,,1.0,,1.0,1.0,1.0,1.0,1.0,,,,1.0,1.0,,,,,1.0,,,,1.0,,,,,,,,,,
https://www.mubawab.tn/fr/a/8126014/s3-meubl%C3%A9-menzah-6,S3 meublé menzah 6,El Menzah 6 à Ariana Ville,2 700 TND,270.0,4.0,3.0,2.0,1.0,1.0,,1.0,1.0,Villa,Bon état,5-10 ans,,36.8625,10.19556,1.0,,,1.0,,1.0,1.0,,,1.0,1.0,1.0,,1.0,,1.0,1.0,,,1.0,1.0,1.0,,,,,Est,,,,,
https://www.mubawab.tn/fr/a/8120073/duplex-meubl%C3%A9-avec-jardin-%C3%A0-carthage,Duplex meublé avec jardin à Carthage,Carthage à Carthage,4 800 TND,,,2.0,3.0,1.0,1.0,,1.0,1.0,Maison,Bon état,,,36.8566,10.3258,1.0,,,1.0,1.0,1.0,1.0,,,1.0,,,1.0,,1.0,,1.0,,,1.0,1.0,1.0,,,,,,,,,,
https://www.mubawab.tn/fr/a/8125428/villa-rdc-s4-hs-aux-jardins-de-carthage,Villa RDC S4 HS aux Jardins de Carthage,Les Jardins de Carthage à Le Kram,2 900 TND,200.0,,4.0,3.0,1.0,1.0,,1.0,1.0,Villa,Nouveau,5-10 ans,,36.85437639999998,10.290287700000002,1.0,,,1.0,1.0,,1.0,1.0,,,1.0,1.0,,1.0,,1.0,,,440 m²,,,,,,,,Est,,,,,
https://www.mubawab.tn/fr/a/8059533/location-villa-s-4-standing-a-el-menzah-1,Location villa s 4 standing a el menzah 1,El Menzah 1 à El Menzah,3 500 TND,300.0,5.0,4.0,3.0,,,,1.0,1.0,Maison,Nouveau,1-5 ans,Marbre,36.845235,10.164723,,,,,,,,,,,,,,2.0,,,,,500 m²,,,,,,,,,,,,,
https://www.mubawab.tn/fr/a/8118500/villa-de-charme-meubl%C3%A9e-%C3%A0-gammarth,Villa de charme meublée à Gammarth,Gammarth Village à La Marsa,3 800 TND,,4.0,2.0,2.0,1.0,1.0,,1.0,1.0,Maison,Bon état,1-5 ans,Marbre,36.876389,10.325278,1.0,,,1.0,1.0,1.0,1.0,,,1.0,1.0,1.0,1.0,1.0,,1.0,1.0,1.0,1 m²,1.0,1.0,1.0,,,,,,,,,,
https://www.mubawab.tn/fr/a/8040304/villa-s4-avec-piscine-%C3%A0-la-marsa,Villa S4 avec piscine à La Marsa,La Marsa à La Marsa,10 000 TND,,5.0,4.0,3.0,1.0,1.0,1.0,1.0,1.0,Villa,Bon état,1-5 ans,Marbre,36.876389,10.325278,1.0,,,1.0,1.0,1.0,1.0,,1.0,1.0,1.0,1.0,1.0,,,1.0,,1.0,,,,,,,,,,,,,,
https://www.mubawab.tn/fr/a/8125715/villa-location-%C3%A0-gammarth-touristique,Villa location à gammarth touristique,Gammarth à La Marsa,6 600 TND,250.0,4.0,3.0,3.0,1.0,1.0,1.0,1.0,1.0,Villa,Bon état,5-10 ans,Marbre,36.917739,10.288893,1.0,,,1.0,1.0,,1.0,,,1.0,,1.0,1.0,1.0,,,1.0,1.0,1000 m²,,,,,,,,Nord,,,,,
https://www.mubawab.tn/fr/a/8125490/a-louer-une-villa-avec-piscine-%C3%A0-chotrana-2,A louer une villa avec piscine à chotrana 2,Chotrana 2 à La Soukra,4 200 TND,400.0,5.0,4.0,3.0,1.0,1.0,1.0,1.0,1.0,Villa,Bon état,5-10 ans,Marbre,36.88333299999999,10.25,1.0,,,1.0,1.0,,1.0,,,,1.0,,,2.0,,,,1.0,,,,,,,,,Est,,,,,
https://www.mubawab.tn/fr/a/8125471/a-louer-une-villa-%C3%A0-gammarth-marina,A louer une villa à Gammarth Marina,Gammarth à La Marsa,8 500 TND,254.0,2.0,4.0,,1.0,,1.0,,,Villa,Nouveau,,,36.876389,10.325278,1.0,,,,,,,,,,,,,,,,,,,,,,1.0,,,,,,,,,
https://www.mubawab.tn/fr/a/8122665/%C3%A0-louer-une-villa-avec-piscine-%C3%A0-cit%C3%A9-les-pins,À louer une villa avec piscine à cité les pins,Cité Les Pins à La Marsa,6 000 TND,300.0,3.0,3.0,,1.0,1.0,1.0,1.0,1.0,Villa,Bon état,,Marbre,36.876389,10.325278,1.0,,1.0,1.0,,,,1.0,1.0,,,,,2.0,,,,,500 m²,,,,1.0,,,,Nord,,,,,
https://www.mubawab.tn/fr/a/8116099/a-louer-une-villa-en-s4-avec-piscine-%C3%A0-la-marsa,A louer une villa en S4 avec piscine à la Marsa,Cité Les Pins à La Marsa,7 600 TND,350.0,5.0,4.0,2.0,1.0,,1.0,1.0,1.0,Maison,Nouveau,,,36.876389,10.325278,1.0,,,1.0,,,,,,,,,,,,,,,,,,,,,,,,,,,,
https://www.mubawab.tn/fr/a/8073126/a-louer-un-triplex-en-s5-avec-piscine-%C3%A0-gammarth,A louer un Triplex en S5 avec piscine à Gammarth,Gammarth à La Marsa,5 800 TND,400.0,6.0,4.0,4.0,1.0,1.0,1.0,1.0,1.0,Maison,Nouveau,,,36.876389,10.325278,1.0,,,1.0,1.0,,1.0,,,,,1.0,,,,,1.0,,,1.0,,,,,,,,,,,,
https://www.mubawab.tn/fr/a/8103552/un-s2-au-rez-de-chauss%C3%A9e-%C3%A0-la-marsa,Un s2 au rez de chaussée à la marsa,La Marsa à La Marsa,4 500 TND,120.0,3.0,2.0,,1.0,1.0,,1.0,1.0,Maison,Bon état,,,36.87638899999999,10.325278,1.0,,,1.0,1.0,,1.0,,,,,1.0,,,,1.0,,1.0,,1.0,,,1.0,,,,,,,,,
https://www.mubawab.tn/fr/a/8078261/a-louer-villa-%C3%A0-gammarth,A Louer Villa à Gammarth,Gammarth à La Marsa,7 000 TND,1100.0,8.0,7.0,4.0,1.0,1.0,1.0,1.0,1.0,Villa,Bon état,,,36.876389,10.325278,1.0,,,1.0,,,1.0,,1.0,,,,,,,,,,,,,1.0,,,,,,,,,,
https://www.mubawab.tn/fr/a/8079127/villa-de-plain-pied-s3-marsa-cube,"Villa de plain pied S3, Marsa Cube",La Marsa à La Marsa,4 500 TND,500.0,4.0,3.0,,1.0,1.0,,1.0,1.0,Villa,Nouveau,10-20 ans,,36.876389,10.325278,,,,1.0,,1.0,1.0,,,,,,,,,,1.0,1.0,500 m²,,1.0,1.0,1.0,,,,,,,,,
https://www.mubawab.tn/fr/a/8115129/a-louer-villa-s2-meubl%C3%A9-%C3%A0-carthage,A louer villa S2 Meublé à Carthage,Carthage à Carthage,5 000 TND,200.0,2.0,3.0,3.0,1.0,,,,1.0,Maison,Nouveau,,,36.8694317,10.3164051,1.0,,,,,,,,,,,1.0,,,,,,,,1.0,,,,,,,,,,,,
https://www.mubawab.tn/fr/a/8042160/villa-meubl%C3%A9e-%C3%A0-louer-%C3%A0-la-marsa,Villa meublée à louer à la Marsa,La Marsa à La Marsa,8 500 TND,300.0,3.0,4.0,,,,1.0,,1.0,Maison,Nouveau,,,36.876389,10.325278,1.0,,,,,,,,,,,,,,,,,,,1.0,,,1.0,,,,,,,,,
https://www.mubawab.tn/fr/a/8112961/location-villa-avec-piscine-a-azn,Location villa avec piscine a azn,Ain Zaghouan Nord à La Marsa,5 000 TND,,5.0,3.0,2.0,1.0,1.0,1.0,1.0,1.0,Villa,Bon état,,,36.876389,10.325278,1.0,,1.0,1.0,,1.0,1.0,1.0,1.0,1.0,1.0,1.0,1.0,1.0,,,1.0,1.0,1 m²,,,1.0,,,,,,,,,,
https://www.mubawab.tn/fr/a/7928663/villa-avec-piscine-en-s4-%C3%A0-hammamet-nord,Villa avec piscine en S4 à Hammamet Nord,Hammamet Nord à Hammamet,Prix à consulter,,8.0,4.0,2.0,1.0,1.0,1.0,1.0,1.0,Villa,Bon état,,,36.40108,10.61457,1.0,,,1.0,1.0,1.0,1.0,,,1.0,1.0,1.0,,,,,1.0,,,1.0,1.0,1.0,,,,,,,,,,
https://www.mubawab.tn/fr/a/8113015/villa-avec-piscine-et-vue-imprenable-sur-la-mer-%C3%A0-gammarth,Villa avec piscine et vue imprenable sur la mer à Gammarth,Gammarth Supérieur à La Marsa,Prix à consulter,400.0,10.0,5.0,5.0,1.0,1.0,1.0,1.0,1.0,Villa,Bon état,,Marbre,36.876389,10.325278,1.0,1.0,,1.0,,,1.0,,1.0,,,1.0,1.0,3.0,,,1.0,,,,,,,1.0,1.0,,,,,,,
https://www.mubawab.tn/fr/a/8125198/villa-s3-%C3%A0-la-marsa,Villa S3 à la Marsa,La Marsa à La Marsa,6 000 TND,500.0,5.0,3.0,3.0,1.0,1.0,1.0,1.0,1.0,Villa,Bon état,,,36.87638900000003,10.325278,1.0,,,1.0,,,,,,,,,,,,,,,,,,,,,,,,,,,,
https://www.mubawab.tn/fr/a/8125127/%C3%A0-louer-villa-s-5-%C3%A0-hammamet-nord,À louer villa s 5 à Hammamet nord,Hammamet Nord à Hammamet,4 000 TND,300.0,6.0,5.0,4.0,1.0,1.0,1.0,1.0,1.0,Villa,Nouveau,Moins d'un an,,36.40108,10.61457,1.0,,,1.0,,,,,,,,1.0,,,,,,,350 m²,,,,,,1.0,1.0,,,,,,
https://www.mubawab.tn/fr/a/8125120/a-louer-%C3%A9tage-de-villa-%C3%A0-rouad,A louer étage de villa à Rouad,Raoued à Raoued,1 100 TND,100.0,3.0,2.0,2.0,,,,1.0,1.0,Maison,Bon état,,,36.954444,10.191389,,,,1.0,,,1.0,,,,,,,,,,,,,1.0,,,,,,,,,,,,
https://www.mubawab.tn/fr/a/7988787/villa-en-s5-au-menzah-9,Villa en s5 au menzah 9,El Menzah 9 à El Menzah,3 000 TND,600.0,6.0,5.0,4.0,1.0,1.0,,1.0,1.0,Maison,Bon état,10-20 ans,Marbre,36.845235,10.164723,1.0,,,1.0,1.0,,1.0,1.0,,1.0,1.0,1.0,1.0,,,,,1.0,700 m²,,,,,,1.0,1.0,Est,,,,,
https://www.mubawab.tn/fr/a/8076476/villa-s7-a-la-marsa-avec-piscine,Villa s7 a la marsa avec piscine,La Marsa à La Marsa,7 000 TND,800.0,8.0,7.0,4.0,1.0,1.0,1.0,1.0,1.0,Maison,Bon état,,Marbre,36.87638899999999,10.325278,1.0,1.0,,1.0,1.0,1.0,1.0,,,,,1.0,1.0,,,1.0,,1.0,1000 m²,,,,,,,,,,,,,
https://www.mubawab.tn/fr/a/8016657/triplex-s4-avec-jardin-et-terrasse-%C3%A0-la-soukra,Triplex S4 avec jardin et terrasse à la Soukra,La Soukra à La Soukra,6 000 TND,350.0,5.0,4.0,3.0,1.0,1.0,1.0,1.0,1.0,Villa,Bon état,1-5 ans,,36.883333,10.25,1.0,1.0,,1.0,1.0,,1.0,1.0,,,,1.0,1.0,,,,1.0,1.0,,,,,,,,,,,,,,
https://www.mubawab.tn/fr/a/7933384/villa-s4-avec-piscine-au-jardins-de-carthage,Villa s4 avec piscine au Jardins de Carthage,Les Jardins de Carthage à Le Kram,5 000 TND,400.0,5.0,4.0,3.0,1.0,,1.0,1.0,1.0,Maison,Bon état,1-5 ans,,36.833333,10.316667,,1.0,1.0,1.0,1.0,,,1.0,,,,1.0,1.0,,,,,1.0,,,,,,,,,,,,,,
https://www.mubawab.tn/fr/a/8125049/a-louer-%C3%A9tage-de-villa-s3-%C3%A0-l-aouina,A louer étage de villa S3 à l'Aouina,El Aouina,1 350 TND,165.0,,4.0,,,,,,,Maison,,,,33.07772,9.58381,1.0,,,,,,,,,,,1.0,,,,,,,,,,,,,,,,,,,,
https://www.mubawab.tn/fr/a/7967120/location-villa-s4-gammarth,Location villa s4 gammarth,Gammarth à La Marsa,6 500 TND,200.0,5.0,4.0,4.0,1.0,1.0,1.0,1.0,1.0,Villa,Bon état,,,36.91773900000001,10.288893000000002,1.0,,,1.0,1.0,,1.0,1.0,,1.0,1.0,,1.0,,,,,,1000 m²,,,,,,,,,,,,,
https://www.mubawab.tn/fr/a/8035268/location-d-une-villa-s5-%C3%A0-la-soukra,Location d'une villa s5 à la soukra,La Soukra à La Soukra,4 800 TND,700.0,2.0,2.0,,1.0,1.0,1.0,1.0,1.0,Maison,Nouveau,,,36.883333,10.25,1.0,,,1.0,1.0,1.0,1.0,,,,1.0,,1.0,,,,,,,,,1.0,1.0,,,,,,,,,
https://www.mubawab.tn/fr/a/8124848/villa-h7-avec-un-grand-d%C3%A9p%C3%B4t-montplaisir,Villa H7 avec un grand dépôt Montplaisir,Montplaisir à Tunis,7 000 TND,450.0,,8.0,3.0,1.0,1.0,,1.0,,Villa,Bon état,10-20 ans,Parquet,37.018407809115175,10.020898437499994,1.0,1.0,,,1.0,,,1.0,1.0,1.0,,,,2.0,,,,,600 m²,,,,,,,,Ouest,,,,,
https://www.mubawab.tn/fr/a/8124832/maison-%C3%A0-louer-%C3%A0-carthage-surface-totale-300-m%C2%B2-jardin-et-terrasse,Maison à louer à Carthage. Surface totale 300 m². Jardin et terrasse,Carthage à Carthage,3 900 TND,300.0,,5.0,3.0,1.0,1.0,,1.0,,Maison,Bon état,5-10 ans,Carrelage,33.8869,9.5375,1.0,,,1.0,,,,,,,,,,2.0,,,,,,,,,,,,,Sud,,,,,
https://www.mubawab.tn/fr/a/8115171/villa-s4-%C3%A0-louer-%C3%A0-nabeul,Villa S4 à louer à Nabeul,Sidi El Mahrsi à Nabeul,4 000 TND,1400.0,6.0,5.0,5.0,1.0,1.0,1.0,1.0,1.0,Villa,Bon état,,,36.45056,10.73505,1.0,,,1.0,1.0,,,,,,,,1.0,,,,,,700 m²,1.0,,,,,1.0,,,,,,,
https://www.mubawab.tn/fr/a/8075605/a-louer-une-magnifique-villa-s5-%C3%A0-gammarth-vue-mer,A louer une magnifique villa S5 à Gammarth vue mer,La Marsa à La Marsa,10 000 TND,500.0,5.0,5.0,,,,,,1.0,Maison,Nouveau,,,36.876389,10.325278,1.0,,,1.0,,,,,,,,,,,,,,,,,,,1.0,,1.0,,,,,,,
https://www.mubawab.tn/fr/a/8039486/superbe-villa-enti%C3%A8rement-meubl%C3%A9e-%C3%A0-louer-%C3%A0-marsa-les-pins,Superbe villa entièrement meublée à louer à Marsa les pins,Gammarth Supérieur à La Marsa,8 000 TND,330.0,,3.0,3.0,1.0,1.0,1.0,1.0,1.0,Villa,Nouveau,1-5 ans,Marbre,36.8553141,10.176995000000002,1.0,,1.0,1.0,1.0,1.0,1.0,1.0,,1.0,1.0,1.0,1.0,,,1.0,1.0,1.0,,1.0,1.0,1.0,,,,,Nord,,,,,
https://www.mubawab.tn/fr/a/8104210/a-louer-une-villa-s3-%C3%A0-la-marsa-avec-piscine,A louer une villa S3 à la Marsa avec piscine,La Marsa à La Marsa,6 500 TND,350.0,,3.0,3.0,1.0,1.0,1.0,1.0,,Villa,Bon état,,,36.876389,10.325278,1.0,,1.0,1.0,,,,,,1.0,1.0,1.0,,1.0,1.0,,,,490 m²,,,,,,,,,,,,,
https://www.mubawab.tn/fr/a/8033023/a-louer-villa-s4-meubl%C3%A9e-%C3%A0-gammarth-village,A louer villa S4 meublée à Gammarth village,Gammarth Village à La Marsa,4 500 TND,300.0,,4.0,4.0,1.0,1.0,1.0,1.0,1.0,Villa,Bon état,,,36.876389,10.325278,1.0,,,1.0,1.0,1.0,1.0,,,1.0,1.0,1.0,1.0,,1.0,1.0,1.0,,,1.0,1.0,1.0,,,,,,,,,,
https://www.mubawab.tn/fr/a/8124543/%C3%A9tage-de-villa-de-150-m%C2%B2-en-s2-%C3%A0-marsa-ennassim,Étage de villa de 150 m² en s2 à Marsa Ennassim,La Marsa à La Marsa,2 300 TND,150.0,3.0,2.0,,1.0,1.0,,1.0,1.0,Maison,Bon état,,,36.876389,10.325278,1.0,,,1.0,,,1.0,,,,,1.0,,,,,,,,,,,1.0,1.0,,,,,,,,
https://www.mubawab.tn/fr/a/8112278/ennasr-2-%C3%A0-louer-rdc-de-villa-s2-avec-jardin,ENNASR 2; à LOUER RDC de villa S2 Avec jardin,Cité Ennasr 2 à Ariana Ville,949 TND,95.0,3.0,2.0,,,,,1.0,,Maison,Bon état,,,36.8625,10.19556,,,,,,,,,,,,,,,,,,,,,,,1.0,,,,,,,,,
https://www.mubawab.tn/fr/a/8124527/etage-laurier-rose-meubl%C3%A9-%C3%A0-louer-%C3%A0-la-goulette,Etage Laurier rose Meublé à Louer à La Goulette,La Goulette à La Goulette,2 000 TND,85.0,3.0,2.0,,,,,,1.0,Maison,Bon état,,,36.818056,10.305,1.0,,,,,,,,,,,,,,,,,,,1.0,,,1.0,,1.0,,,,,,,
https://www.mubawab.tn/fr/a/7953954/a-louer-villa-piscine-s3-hammamet,A louer villa piscine S3 Hammamet,Hammamet à Hammamet,Prix à consulter,,7.0,3.0,2.0,1.0,,1.0,,1.0,Villa,Bon état,,,36.40108,10.61457,1.0,,,1.0,1.0,1.0,1.0,,,,,1.0,,,,,1.0,,,1.0,1.0,1.0,,,,,,,,,,
https://www.mubawab.tn/fr/a/8101805/villa-piscine-%C3%A0-hammamet-location-estivale,Villa piscine à Hammamet location estivale,Hammamet à Hammamet,Prix à consulter,,9.0,4.0,3.0,1.0,1.0,1.0,1.0,1.0,Villa,Bon état,,,36.40108,10.61457,1.0,,,1.0,1.0,1.0,1.0,,1.0,1.0,1.0,1.0,,,,,1.0,,,1.0,1.0,1.0,,,,,,,,,,
https://www.mubawab.tn/fr/a/7962380/rdc-de-villa-esprit-%C3%A0-louer-%C3%A0-ariana-essoghra,RDC de Villa Esprit à Louer à Ariana Essoghra,Ariana à Ariana Ville,6 000 TND,700.0,11.0,10.0,4.0,,1.0,,,,Villa,Bon état,,,36.8625,10.19556,1.0,,,,,,,,,,,,,,,,,,,,,,,,,,,,,,,
https://www.mubawab.tn/fr/a/7989414/duplexe-lylian-meubl%C3%A9-%C3%A0-louer-%C3%A0-raoued-plage,Duplexe Lylian Meublé à Louer à Raoued Plage,Raoued à Raoued,1 500 TND,200.0,4.0,3.0,2.0,1.0,,,,1.0,Villa,Bon état,,,36.954444,10.191389,1.0,,,,,,,,,,,,,,,,,,,1.0,,,,,1.0,,,,,,,
https://www.mubawab.tn/fr/a/8079540/villa-ariella-%C3%A0-louer-%C3%A0-el-manzah-8,Villa Ariella à Louer à EL Manzah 8,El Menzah 8 à Ariana Ville,6 500 TND,500.0,7.0,4.0,5.0,1.0,1.0,1.0,,1.0,Villa,Bon état,,,36.8625,10.19556,1.0,,,,,,,,,,,,,,,,,,560 m²,1.0,,,,,,,,,,,,
https://www.mubawab.tn/fr/a/8110360/a-louer-villa-s3-%C3%A0-la-soukra,A louer villa S3 à la Soukra,La Soukra à La Soukra,5 000 TND,180.0,4.0,3.0,2.0,1.0,,,1.0,1.0,Villa,Nouveau,,,36.883333,10.25,1.0,,,,1.0,,1.0,,,,,1.0,1.0,,,,,,550 m²,,,,,,,,,,,,,
https://www.mubawab.tn/fr/a/8072166/immeuble-rouaa-%C3%A0-louer-%C3%A0-raoued-plage,Immeuble Rouaa à Louer à Raoued Plage,Raoued à Raoued,1 500 TND,350.0,8.0,5.0,5.0,,,,,,Maison,Bon état,,,36.954444,10.191389,1.0,,,,,,,,,,,,,,,,,,3000 m²,,,,,,1.0,,,,,,,
https://www.mubawab.tn/fr/a/8060470/magnifique-villa-s4-%C3%A0-sidi-bou-said,Magnifique Villa S4 à Sidi Bou Said,La Marsa à La Marsa,6 200 TND,350.0,,4.0,,1.0,1.0,,,1.0,Villa,,,,36.8941992,10.2762232,,,,,,,,,,,,,,,,,,,,,,,,,,,,,,,,
https://www.mubawab.tn/fr/a/8069410/tr%C3%A8s-belle-villa-avec-une-superbe-vue-sur-mer-%C3%A0-louer-%C3%A0-la-marsa,Très belle villa avec une superbe vue sur mer à louer à la marsa,La Marsa à La Marsa,9 000 TND,300.0,,5.0,4.0,1.0,1.0,,1.0,1.0,Villa,Nouveau,1-5 ans,Marbre,33.88689999999999,9.5375,1.0,,1.0,1.0,1.0,1.0,1.0,1.0,,1.0,1.0,1.0,1.0,,,1.0,1.0,1.0,500 m²,1.0,1.0,1.0,,,,1.0,,,,,,
https://www.mubawab.tn/fr/a/8124443/duplex-s1-mira-meubl%C3%A9-%C3%A0-louer-%C3%A0-cit%C3%A9-l-office,Duplex S1 Mira meublé à louer à Cité l'Office,Le Kram à Le Kram,850 TND,65.0,2.0,,2.0,,,,,,Maison,Bon état,,,36.833333,10.316667,,,,,,,1.0,,,,,,,,,,1.0,,,1.0,,,,,,,,1.0,,,,
https://www.mubawab.tn/fr/a/8088273/duplex-meubl%C3%A9-front-de-la-mer,Duplex meublé front de la mer,Sidi Bousaid à Carthage,Prix à consulter,250.0,3.0,2.0,2.0,1.0,,1.0,1.0,1.0,Maison,Nouveau,1-5 ans,Marbre,36.871576,10.3343581,1.0,,,1.0,,1.0,1.0,,,,,,1.0,,,,1.0,,,1.0,1.0,1.0,,,1.0,,,,,,,
https://www.mubawab.tn/fr/a/8088819/maison-de-plain-pied-meubl%C3%A9e-s3-la-marsa,"Maison de plain pied meublée S3, La Marsa",La Marsa à La Marsa,4 500 TND,150.0,4.0,3.0,3.0,1.0,,,1.0,1.0,Maison,Bon état,30-50 ans,,36.876389,10.325278,,,,1.0,,1.0,1.0,,,,,,,,,1.0,,,300 m²,1.0,1.0,1.0,,,,,,,,,,
https://www.mubawab.tn/fr/a/8045110/villa-s6-avec-piscine-%C3%A0-gammarth,Villa S6 avec piscine à Gammarth,Gammarth à La Marsa,5 000 TND,,7.0,6.0,3.0,1.0,1.0,1.0,1.0,1.0,Villa,Bon état,5-10 ans,Carrelage,36.876389,10.325278,1.0,,,1.0,1.0,1.0,,,,1.0,1.0,1.0,1.0,,,1.0,,1.0,,,,,,,,,,,,,,
https://www.mubawab.tn/fr/a/8118729/duplex-ellissa-%C3%A0-louer-%C3%A0-carthage-dermech,Duplex ellissa à louer à carthage Dermech,Carthage à Carthage,4 000 TND,180.0,5.0,4.0,2.0,1.0,,,1.0,,Maison,Bon état,,,36.8566,10.3258,1.0,,,1.0,,,1.0,,,,,,1.0,2.0,,,,,250 m²,,,,,,,,,,,,,
https://www.mubawab.tn/fr/a/8055959/triplex-sant-antoni-%C3%A0-louer-%C3%A0-gammarth,Triplex Sant Antoni à Louer à Gammarth,Gammarth Village à La Marsa,4 200 TND,280.0,6.0,5.0,4.0,1.0,1.0,1.0,1.0,1.0,Villa,Nouveau,,,36.876389,10.325278,1.0,,,1.0,,,,,,,,1.0,,,,,,,,,,,,1.0,,,,,,,,
https://www.mubawab.tn/fr/a/8046475/duplex-la-porte-dor%C3%A9e-%C3%A0-louer-%C3%A0-la-marsa,Duplex La Porte Dorée à Louer à La Marsa,Cité des Juges à La Marsa,2 500 TND,250.0,5.0,4.0,3.0,,1.0,,,,Maison,Bon état,,,36.876389,10.325278,1.0,,,,,,,,,,,,,,,,,,,,,,,,,,,,,,,
https://www.mubawab.tn/fr/a/8124110/un-appartement-s2,Un appartement S2,Sidi Daoued à La Marsa,850 TND,100.0,2.0,2.0,,,,,,,Maison,Nouveau,,,36.876389,10.325278,,,,,,,,,,,,,,,,,,,,,,,1.0,,,,,,,,,
https://www.mubawab.tn/fr/a/8124103/a-louer-un-duplex-%C3%A0-la-marsa,A louer un duplex à la Marsa,La Marsa à La Marsa,4 900 TND,160.0,4.0,3.0,3.0,1.0,,,,1.0,Villa,Bon état,,,36.876389,10.325278,,,,,,,,,,,,1.0,,,,,,,,,,,,,,,,,,,,
https://www.mubawab.tn/fr/a/8033849/villa-alix-%C3%A0-louer-aux-berges-du-lac1,Villa Alix à Louer aux Berges du Lac1,Les Berges Du Lac 1 à La Marsa,13 000 TND,850.0,12.0,11.0,6.0,1.0,1.0,1.0,1.0,,Villa,Bon état,,,36.876389,10.325278,1.0,,,1.0,,,,,,,,,,,,,,,,,,,,,,,,,,,,
https://www.mubawab.tn/fr/a/7791412/studio-julien-meubl%C3%A9-%C3%A0-louer-%C3%A0-ain-zaghouan-sud,Studio Julien Meublé à Louer à Ain Zaghouan Sud,Ain Zaghouan Sud à La Marsa,1 300 TND,45.0,,,,1.0,,,,1.0,Maison,Bon état,,,36.876389,10.325278,1.0,,,,,,,,,,,,,,1.0,,,,,,,,1.0,,,,,1.0,,,,
https://www.mubawab.tn/fr/a/7706494/villa-amarante-%C3%A0-louer-aux-berges-du-lac2,Villa Amarante à Louer aux Berges du Lac2,Les Berges Du Lac 2 à La Marsa,4 500 TND,200.0,4.0,3.0,3.0,1.0,1.0,,1.0,1.0,Villa,Bon état,,,36.876389,10.325278,1.0,,,1.0,,,,,,,,,,,,,,,,,,,,,,,,,,,,
https://www.mubawab.tn/fr/a/8014804/villa-elwan-%C3%A0-louer-%C3%A0-l-aouina,Villa Elwan à Louer à L'Aouina,Aouina à La Marsa,3 200 TND,300.0,7.0,6.0,3.0,,,,1.0,,Villa,Bon état,,,36.876389,10.325278,,,,1.0,,,,,,,,,,,,,,,,,,,,,,,,,,,,
https://www.mubawab.tn/fr/a/8036440/villa-nostra-%C3%A0-louer-aux-jardins-de-l-aouina,Villa Nostra à Louer aux Jardins de L'Aouina,Aouina à La Marsa,5 000 TND,624.0,5.0,4.0,3.0,1.0,1.0,1.0,1.0,1.0,Villa,Bon état,,,36.876389,10.325278,1.0,,,1.0,,,,,,,,,,,,,,,,,,,,,,,,,,,,
https://www.mubawab.tn/fr/a/8070826/triplex-lily-rose-meubl%C3%A9-%C3%A0-louer-%C3%A0-sidi-daoud,Triplex Lily Rose Meublé à Louer à Sidi Daoud,Sidi Daoued à La Marsa,9 000 TND,287.0,5.0,4.0,4.0,1.0,1.0,1.0,1.0,1.0,Villa,Bon état,,,36.876389,10.325278,,,,1.0,,,,,1.0,,,,,,,,,,,1.0,,,,,,,,,,,,
https://www.mubawab.tn/fr/a/7811752/villa-lucien-%C3%A0-louer-%C3%A0-dar-fadhal,Villa Lucien à Louer à Dar Fadhal,Dar Fadhal à La Soukra,10 000 TND,850.0,17.0,14.0,4.0,1.0,1.0,,1.0,1.0,Maison,Bon état,,,36.883333,10.25,1.0,,,1.0,,,,,,,,1.0,,,,,,,,,,,,,,,,,,,,
https://www.mubawab.tn/fr/a/8060013/villa-mirna-%C3%A0-louer-aux-berges-du-lac-1,Villa Mirna à Louer aux Berges du Lac 1,Les Berges Du Lac 1 à La Marsa,6 500 TND,500.0,5.0,4.0,3.0,1.0,,,1.0,1.0,Villa,Bon état,,,36.876389,10.325278,1.0,,1.0,1.0,,,,,,,,1.0,,,,,,,,,,,,,,,,,,,,
https://www.mubawab.tn/fr/a/8056450/villa-menard-%C3%A0-louer-aux-berges-du-lac-1,Villa Menard à Louer aux Berges du Lac 1,Les Berges Du Lac 1 à La Marsa,4 000 TND,400.0,6.0,5.0,5.0,1.0,1.0,,1.0,1.0,Villa,Bon état,,,36.876389,10.325278,1.0,,,1.0,,,,,,,,1.0,,,,,,,400 m²,,,,,,,,,,,,,
https://www.mubawab.tn/fr/a/8065760/villa-artso-%C3%A0-louer-aux-berges-du-lac2,Villa Artso à Louer aux Berges Du Lac2,Les Berges Du Lac 2 à La Marsa,10 000 TND,750.0,9.0,7.0,5.0,1.0,1.0,1.0,1.0,1.0,Villa,Bon état,,,36.876389,10.325278,1.0,,,1.0,,,,,,,,1.0,,,,,,,800 m²,,,,,1.0,,,,,,,,
https://www.mubawab.tn/fr/a/8121240/duplex-diva-%C3%A0-louer-%C3%A0-k%C3%A9libia,Duplex Diva à louer à Kélibia,Kélibia,6 000 TND,350.0,4.0,3.0,4.0,1.0,,1.0,1.0,1.0,Villa,Bon état,,,36.8493,11.0918,1.0,,,1.0,,,,,,,,,,,,,,,,1.0,,,,,1.0,,,,,,,
https://www.mubawab.tn/fr/a/8121254/duplex-mira-%C3%A0-louer-%C3%A0-k%C3%A9libia,Duplex Mira à louer à Kélibia,Nabeul à Nabeul,6 500 TND,450.0,4.0,3.0,4.0,1.0,,1.0,1.0,1.0,Villa,Bon état,,,36.45056,10.73505,1.0,,,1.0,,,,,,,,,,,,,,,,1.0,,,,,1.0,,,,,,,
https://www.mubawab.tn/fr/a/8094067/villa-paulia-%C3%A0-louer-%C3%A0-sidi-salah-la-soukra,"Villa Paulia à Louer à Sidi Salah, La Soukra",Sidi Salah à La Soukra,2 400 TND,260.0,5.0,4.0,4.0,1.0,,1.0,,1.0,Villa,Bon état,,,36.883333,10.25,1.0,,,,,,,,,,,,,,,,,,401 m²,,,,,,,,,,,,,
https://www.mubawab.tn/fr/a/8053859/immeuble-indo-%C3%A0-louer-aux-berges-du-lac-3,Immeuble Indo à Louer aux Berges du Lac 3,Le Kram à Le Kram,15 500 TND,1040.0,6.0,3.0,6.0,,,,,,Maison,Bon état,,,36.833333,10.316667,,,,1.0,,,,,,,,,,,,,,,,,,,,1.0,,,,,,,,
https://www.mubawab.tn/fr/a/7973622/villa-aylan-%C3%A0-louer-aux-berges-du-lac2,Villa Aylan à Louer aux Berges du Lac2,Les Berges Du Lac 2 à La Marsa,10 000 TND,550.0,6.0,5.0,,,,1.0,,1.0,Villa,Bon état,,,36.876389,10.325278,1.0,,,,,,,,,,,,,,,,,,,,,,1.0,,,,,,,,,
https://www.mubawab.tn/fr/a/8123978/rezdechaussee-3cac-2sb-proch-commcl-jardi-menzah2,RezdeChaussee 3CAC 2SB proch commcl Jardi Menzah2,Cité Rous El Harayek à Mnihla,750 TND,150.0,7.0,3.0,2.0,1.0,,,,,Maison,Bon état,1-5 ans,,36.8567806,10.1157421,1.0,,,,,,,1.0,,,,,,1.0,,,,,190 m²,,,,,,,,Nord,,,,,
https://www.mubawab.tn/fr/a/8123267/a-vendre-villa-%C3%A0-petit-prix-et-plage-%C3%A0-pied-midoun,A vendre villa à petit prix et plage à pied Midoun,Djerba à Djerba,370 000 TND,,4.0,2.0,3.0,1.0,,,,1.0,Maison,Bon état,,,33.79709405849793,10.995741485138414,1.0,,,,,,,,,,,,,,,,,,,,,,,,,,,,,,,
https://www.mubawab.tn/fr/a/8123902/villa-%C3%A0-louer-%C3%A0-gammarth,Villa à louer à Gammarth,Gammarth à La Marsa,8 000 TND,350.0,7.0,6.0,5.0,1.0,1.0,1.0,1.0,1.0,Villa,Bon état,,,36.876389,10.325278,1.0,,,1.0,,1.0,1.0,1.0,,,,1.0,,,,,1.0,,,,,,,,,,,,,,,
https://www.mubawab.tn/fr/a/8112976/%C3%A0-louer-un-triplex-vue-sur-golf-%C3%A0-la-soukra,À louer un Triplex vue sur Golf à La Soukra,La Soukra à La Soukra,4 200 TND,200.0,5.0,4.0,4.0,1.0,1.0,,1.0,1.0,Villa,Nouveau,1-5 ans,,36.883333,10.25,1.0,1.0,,1.0,1.0,1.0,1.0,1.0,1.0,,1.0,1.0,1.0,3.0,,,1.0,,,1.0,1.0,1.0,,,,,Est,,,,,
https://www.mubawab.tn/fr/a/7856202/villa-zinnia-%C3%A0-louer,Villa Zinnia à louer,Hammamet à Hammamet,3 500 TND,,4.0,3.0,,,,1.0,1.0,1.0,Villa,Bon état,,,36.40108,10.61457,,,,1.0,,,,,,,,,,,,,,,,,,,1.0,,,,,,,,,
https://www.mubawab.tn/fr/a/8108668/penthouse-s3-jamais-habit%C3%A9-avec-piscine-%C3%A0-azn,Penthouse S3 jamais habité avec piscine à AZN,Ain Zaghouan Nord à La Marsa,6 000 TND,,4.0,3.0,2.0,,1.0,1.0,1.0,1.0,Villa,Bon état,,Carrelage,36.876389,10.325278,1.0,,,1.0,,1.0,,,1.0,1.0,1.0,1.0,1.0,,,1.0,,1.0,,,,,,1.0,,,,,,,,
https://www.mubawab.tn/fr/a/8055186/location-villa-du-lagon-s5,Location Villa du Lagon S5,Hammamet Nord à Hammamet,4 500 TND,400.0,5.0,5.0,2.0,1.0,1.0,1.0,1.0,1.0,Villa,Nouveau,,,36.40108,10.61457,1.0,,,1.0,,1.0,1.0,,,1.0,1.0,,,,,,1.0,,1200 m²,1.0,1.0,1.0,,,1.0,,,,,,,
https://www.mubawab.tn/fr/a/8105760/location-appartement-paragon-s2,Location Appartement Paragon S2,Hammamet à Hammamet,1 500 TND,120.0,3.0,2.0,,,,,1.0,1.0,Villa,Nouveau,,,36.40108,10.61457,1.0,,,1.0,,,1.0,,,,,1.0,,,,,1.0,,,,,1.0,1.0,,,,,,,,,
https://www.mubawab.tn/fr/a/8119772/villa-s5-avec-piscine-%C3%A0-louer-%C3%A0-gammarth,Villa S5 avec piscine à louer à Gammarth,Gammarth à La Marsa,4 500 TND,450.0,5.0,4.0,4.0,1.0,1.0,1.0,1.0,1.0,Villa,Bon état,,,36.876389,10.325278,1.0,,,1.0,1.0,,1.0,,,,,1.0,1.0,,,,,,,,,,,,,,,,,,,
https://www.mubawab.tn/fr/a/8041886/villa-s5-vue-mer-jardin-%C3%A0-louer-%C3%A0-la-marsa,Villa S5 vue mer&jardin à louer à la Marsa,La Marsa à La Marsa,10 000 TND,400.0,6.0,5.0,5.0,1.0,1.0,,1.0,1.0,Villa,Bon état,,,36.87638900000003,10.325278,1.0,1.0,,1.0,1.0,1.0,1.0,,,,,1.0,1.0,,,,,,,,,,,,1.0,,,,,,,
https://www.mubawab.tn/fr/a/8086573/une-maison-s5-avec-jardin,Une maison S5 avec jardin,La Marsa à La Marsa,4 500 TND,400.0,2.0,5.0,3.0,1.0,1.0,,1.0,1.0,Maison,Bon état,,,36.8941992,10.2762232,1.0,,,1.0,,,1.0,,,1.0,,1.0,,,,,,,,,,,,,,,,,,,,
https://www.mubawab.tn/fr/a/8053376/une-villa-s4-%C3%A0-gammarth,Une villa S4 à Gammarth,Gammarth à La Marsa,5 500 TND,250.0,,4.0,3.0,,1.0,1.0,1.0,1.0,Villa,Bon état,,,36.8941992,10.2762232,1.0,,1.0,1.0,1.0,1.0,1.0,1.0,,1.0,,1.0,1.0,,1.0,,,,,,,,,,,1.0,,,,,,
https://www.mubawab.tn/fr/a/8084433/une-villa-s4-%C3%A0-gammarth,Une villa S4 à Gammarth,Gammarth à La Marsa,4 500 TND,280.0,,4.0,2.0,1.0,1.0,1.0,1.0,1.0,Villa,Bon état,,,36.8941992,10.2762232,1.0,1.0,,1.0,1.0,,1.0,,,1.0,,1.0,,,1.0,,,,,,,,,,1.0,,,,,,,
https://www.mubawab.tn/fr/a/8078010/villa-avec-vue-sur-la-mer-%C3%A0-carthage,Villa avec vue sur la mer à Carthage,Carthage à Carthage,Prix à consulter,500.0,6.0,4.0,3.0,1.0,1.0,1.0,1.0,1.0,Villa,Bon état,,,36.8566,10.3258,1.0,,,1.0,1.0,,1.0,1.0,1.0,,1.0,,1.0,3.0,,,1.0,,,,,,,,1.0,,,,,,,
https://www.mubawab.tn/fr/a/8107686/une-villa-s4-%C3%A0-la-marsa,Une villa s4 à la marsa,La Marsa à La Marsa,3 900 TND,200.0,5.0,4.0,,1.0,1.0,,1.0,1.0,Maison,Bon état,,,36.876389,10.325278,1.0,,,1.0,1.0,,,,1.0,,,1.0,,,,1.0,,1.0,,,,,1.0,,,,,,,,,
https://www.mubawab.tn/fr/a/8101299/le-charme-de-sidi-bou-said,Le Charme de SIDI BOU SAID,Sidi Bousaid à Carthage,6 450 TND,295.0,,4.0,3.0,,,,,1.0,Villa,Bon état,10-20 ans,Carrelage,36.87910539999999,10.30650269999999,1.0,,1.0,,,,,,,,,,,4.0,,,,,295 m²,,,,,,1.0,1.0,Sud,,,,,
https://www.mubawab.tn/fr/a/8114866/a-louer-villa-s4-%C3%A0-gammarth-avec-piscine,A louer villa S4 à Gammarth avec piscine,Gammarth à La Marsa,6 000 TND,285.0,,4.0,5.0,1.0,1.0,1.0,1.0,1.0,Villa,Nouveau,Moins d'un an,,36.876389,10.325278,1.0,,,1.0,1.0,1.0,1.0,,1.0,1.0,1.0,,1.0,1.0,1.0,,,,140 m²,,,,,,,,,,,,,
https://www.mubawab.tn/fr/a/8113649/etage-de-villa-en-location,Etage de villa en location,Skanes à Monastir Ville,2 000 TND,150.0,,,,,1.0,,,,Villa,,,,35.783333,10.833333,,,,,,,,,,,,,,,,,,,,1.0,,,,,,,,,,,,
https://www.mubawab.tn/fr/a/8100001/duplex-s4-avec-jardin-%C3%A0-la-marsa,Duplex S4 avec Jardin à La Marsa,Cité Du Stade à La Marsa,4 200 TND,300.0,,4.0,,1.0,1.0,,1.0,1.0,Villa,,,,36.876389,10.325278,1.0,,,1.0,,,,,1.0,,,,,,,,,,,,,,,,,,,,,,,
https://www.mubawab.tn/fr/a/8119003/une-villa-s4-%C3%A0-gammarth,Une Villa S4 à Gammarth,La Marsa à La Marsa,8 000 TND,500.0,,3.0,,1.0,1.0,,,,Villa,,,,36.8941992,10.2762232,,,,,,,,,,,,,,,,,,,,,,,,,,,,,,,,
https://www.mubawab.tn/fr/a/8044769/maison-ind%C3%A9pendante-s3-au-c%C5%93ur-de-la-marsa,Maison indépendante S3 au cœur de la Marsa,La Marsa à La Marsa,4 500 TND,200.0,4.0,3.0,3.0,,,,1.0,1.0,Maison,Bon état,,,36.876389,10.325278,1.0,,,1.0,,,1.0,,,,,1.0,,,,,,,,1.0,,1.0,,,,,,,,,,
https://www.mubawab.tn/fr/a/8108215/villa-s3-avec-terrasse-%C3%A0-la-marsa,Villa S3 avec terrasse à La Marsa,La Marsa à La Marsa,6 000 TND,,4.0,3.0,2.0,,1.0,,1.0,1.0,Villa,Bon état,,,36.876389,10.325278,1.0,,,1.0,1.0,,,,1.0,1.0,1.0,1.0,1.0,,,1.0,,1.0,,,,,,,,,,,,,,
https://www.mubawab.tn/fr/a/8107529/a-louer-a-l-ann%C3%A9e-%C3%A0-hammamet-maison-s2,A louer a l année à Hammamet maison s2,Hammamet à Hammamet,1 700 TND,200.0,3.0,2.0,,1.0,1.0,,,,Maison,Bon état,,,36.40108,10.61457,1.0,,,,,,,,,,,,,,,,,,100 m²,,,,1.0,,,,,,,,,
https://www.mubawab.tn/fr/a/8123056/maison-%C3%A0-louer-%E2%80%93-longue-dur%C3%A9e,Maison à Louer – Longue Durée,Chott Meriem à Akouda,Prix à consulter,200.0,3.0,2.0,,1.0,1.0,,,1.0,Maison,Nouveau,5-10 ans,Marbre,35.87,10.57,,,,1.0,,1.0,1.0,1.0,,,1.0,1.0,,,,,1.0,,,1.0,1.0,1.0,1.0,,,,Ouest,,,,,
https://www.mubawab.tn/fr/a/8123067/a-louer-duplex-s2-meubl%C3%A9-%C3%A0-gammarth-avec-terrasse,A louer Duplex S2 meublé à Gammarth avec terrasse,Gammarth à La Marsa,3 200 TND,160.0,2.0,2.0,,,,,,1.0,Maison,Nouveau,,,36.876389,10.325278,1.0,,,,,,,,,,,,,,,,,,,,,,1.0,,,,,,,,,
https://www.mubawab.tn/fr/a/8104803/a-louer-une-villa-s5-%C3%A0-la-soukra,A louer une villa S5 à la Soukra,La Soukra à La Soukra,3 700 TND,240.0,6.0,4.0,2.0,1.0,1.0,,1.0,1.0,Villa,Bon état,,,36.883333,10.25,1.0,,,1.0,1.0,,1.0,1.0,,,,1.0,1.0,,,,,,800 m²,,,,,,,,,,,,,
https://www.mubawab.tn/fr/a/8041836/a-louer-villa-de-charme-s3-%C3%A0-carthage-byrsa,A louer Villa de Charme S3 à Carthage Byrsa,Carthage Byrsa à Carthage,14 000 TND,850.0,4.0,3.0,2.0,1.0,1.0,1.0,1.0,1.0,Villa,Nouveau,,,36.8566,10.3258,1.0,,,1.0,,,,,,,,1.0,,,,,,,,,,,,1.0,,,,,,,,
https://www.mubawab.tn/fr/a/8107520/une-villa-%C3%A0-usage-administratif-%C3%A0-sahloul,Une villa à Usage administratif à sahloul,Sahloul à Sousse Jaouhara,4 000 TND,550.0,4.0,3.0,2.0,1.0,,,,,Villa,Bon état,10-20 ans,Carrelage,35.832439,10.622471,,,,,,,,,,,,,,,,,,,,,,,,,,,Ouest,,,,,
https://www.mubawab.tn/fr/a/7994698/a-louer-une-villa-%C3%A0-la-marsa,A louer une villa à La Marsa,La Marsa à La Marsa,4 000 TND,579.0,8.0,6.0,5.0,1.0,1.0,,1.0,1.0,Maison,Bon état,,,36.876389,10.325278,1.0,,,1.0,,,,1.0,,,,1.0,,,,,,,,,,,,1.0,,,,,,,,
https://www.mubawab.tn/fr/a/8062356/a-louer-une-villa-%C3%A0-la-marsa,A louer une villa à la marsa,La Marsa à La Marsa,5 000 TND,800.0,8.0,6.0,4.0,,,,,1.0,Villa,Bon état,,,36.876389,10.325278,1.0,,,,,,,,,,,1.0,,2.0,,,,,,,,,,,,,,,,,,
https://www.mubawab.tn/fr/a/8122802/location-annuelle-d%E2%80%99une-maison-s4-vide,Location Annuelle d’une Maison S4 vide,Aouina à La Marsa,2 200 TND,260.0,5.0,4.0,,,,,,1.0,Maison,Bon état,,,36.876389,10.325278,1.0,,,1.0,,,,,,,,,,,,,,,,,,,1.0,,,,,,,,,
https://www.mubawab.tn/fr/a/8100611/une-villa-avec-piscine-et-jardin-%C3%A0-cit%C3%A9-les-pins,Une villa avec piscine et jardin à cité les pins,Cité Les Pins à La Marsa,6 500 TND,500.0,5.0,3.0,2.0,1.0,1.0,1.0,1.0,1.0,Villa,Bon état,,,36.876389,10.325278,1.0,,,1.0,1.0,,,1.0,1.0,,,1.0,,,,1.0,,1.0,,1.0,,,,,,,,,,,,
https://www.mubawab.tn/fr/a/8095980/une-villa-s4-%C3%A0-carthage-avec-piscine,Une villa s4 à carthage avec piscine,Carthage à Carthage,12 000 TND,200.0,5.0,4.0,2.0,1.0,1.0,1.0,1.0,1.0,Villa,Bon état,,,36.85659999999999,10.325799999999976,1.0,,1.0,1.0,1.0,1.0,1.0,,1.0,,1.0,1.0,,,,1.0,1.0,1.0,,,,1.0,,,1.0,,,,,,,
https://www.mubawab.tn/fr/a/8092517/une-villa-s5-%C3%A0-ain-zaghouan-nord,Une villa s5 à ain zaghouan nord,Ain Zaghouan Nord à La Marsa,4 200 TND,120.0,6.0,5.0,,1.0,1.0,,1.0,1.0,Villa,Bon état,,,36.87638899999999,10.325278,1.0,1.0,,1.0,1.0,,1.0,1.0,,,,1.0,,,,1.0,,1.0,,,,,1.0,,,,,,,,,
https://www.mubawab.tn/fr/a/8027800/etage-de-villa-s3-meubl%C3%A9-avec-jardin-%C3%A0-azn,Etage de villa S3 meublé avec jardin à AZN,Ain Zaghouan Nord à La Marsa,3 500 TND,,4.0,3.0,2.0,1.0,1.0,,1.0,1.0,Villa,Bon état,1-5 ans,Carrelage,36.876389,10.325278,1.0,,,1.0,1.0,1.0,1.0,,1.0,1.0,1.0,1.0,1.0,,,1.0,1.0,1.0,,1.0,1.0,1.0,,,,,,,,,,
https://www.mubawab.tn/fr/a/8122712/maison-%C3%A0-louer-2-pi%C3%A8ces-%C3%A0-tezdaine-midoun,Maison à louer 2 pièces à Tezdaine Midoun,Djerba à Djerba,750 TND,,4.0,2.0,,1.0,,,,,Maison,Nouveau,,,33.79640899353775,11.027344361216334,,,,,,,,,,,,,,,,,,,,,,,1.0,,,,,,,,,
https://www.mubawab.tn/fr/a/8122664/%C3%A0-louer-%C3%A9tage-de-villa-s3-%E2%80%93-jardins-de-carthage,À Louer: Étage de Villa S3 – Jardins de Carthage,Les Jardins de Carthage à Le Kram,2 750 TND,140.0,4.0,3.0,2.0,,1.0,,1.0,1.0,Villa,Nouveau,1-5 ans,Marbre,36.85549387083715,10.296834903348904,1.0,,,1.0,1.0,,1.0,,1.0,,,1.0,1.0,,,,,,130 m²,,,,,,,,,,,,,
https://www.mubawab.tn/fr/a/8122686/un-%C3%A9tage-de-villa-s3-%C3%A0-louer-situ%C3%A9-%C3%A0-chatt-mariem,Un étage de villa s3 à louer situé à chatt mariem,Chott Meriem à Akouda,1 700 TND,300.0,,3.0,,1.0,,,1.0,1.0,Villa,Bon état,,,35.87,10.57,1.0,,,1.0,,1.0,1.0,,,,,,,,1.0,,1.0,,300 m²,,1.0,1.0,1.0,,1.0,,,,,,,
https://www.mubawab.tn/fr/a/8097339/villa-s6-%C3%A0-louer-%C3%A0-gammarth,Villa S6 à Louer à Gammarth,La Marsa à La Marsa,7 500 TND,950.0,,6.0,,1.0,1.0,,,,Villa,,,,36.8941992,10.2762232,1.0,,,,,,,,,,,,,,,,,,,,,,,,,,,,,,,
https://www.mubawab.tn/fr/a/7991738/triplex-s4-%C3%A0-louer-aux-gammarth-superieur,Triplex S4 à Louer aux Gammarth Superieur,Gammarth Supérieur à La Marsa,7 300 TND,,9.0,4.0,5.0,,1.0,1.0,1.0,1.0,Villa,Nouveau,Moins d'un an,Marbre,36.876389,10.325278,1.0,,,1.0,1.0,,1.0,1.0,,,1.0,1.0,1.0,,,,,,,,,,,1.0,,,,,,,,
https://www.mubawab.tn/fr/a/8073003/a-louer-une-villa-de-charme-au-marsa-cube,A louer une villa de charme au marsa cube,La Marsa à La Marsa,18 000 TND,520.0,5.0,5.0,5.0,1.0,1.0,1.0,1.0,1.0,Villa,Bon état,5-10 ans,Marbre,36.876389,10.325278,1.0,,,1.0,1.0,1.0,1.0,1.0,,,1.0,,,3.0,,1.0,1.0,1.0,700 m²,,1.0,1.0,,,1.0,,Est,,,,,
https://www.mubawab.tn/fr/a/8109756/etage-de-villa-%C3%A0-ben-arous,Etage de villa à ben arous,Ben Arous à Ben Arous,700 TND,150.0,4.0,3.0,,1.0,,,,,Maison,Bon état,,,36.77228,10.22122,1.0,,,,,,,,,,,,,1.0,,,,,,,,,1.0,,,,,,,,,
https://www.mubawab.tn/fr/a/8101470/a-louer-une-villa-au-lac-2,A louer une villa au lac 2,Les Berges Du Lac 2 à La Marsa,8 000 TND,650.0,8.0,7.0,5.0,1.0,1.0,,1.0,1.0,Villa,Nouveau,,,36.876389,10.325278,,,,1.0,,,,,,,,1.0,1.0,,,,,,,,,,,,,,,,,,,
https://www.mubawab.tn/fr/a/8023541/location-villa-daisy-2-s3-hammamet-nord,Location Villa Daisy 2 S3 Hammamet nord,Hammamet Nord à Hammamet,4 000 TND,400.0,4.0,3.0,3.0,1.0,1.0,1.0,1.0,1.0,Villa,Bon état,,,36.40108,10.61457,1.0,,,1.0,,1.0,1.0,,,,,1.0,,,,,1.0,,,,,1.0,,,,,,,,,,
https://www.mubawab.tn/fr/a/8116372/a-louer-un-%C3%A9tage-de-villa-s4,A Louer un étage de villa s4,Gammarth Supérieur à La Marsa,3 200 TND,180.0,4.0,4.0,,,,,,,Villa,Nouveau,,,36.876389,10.325278,,,,,,,,,,,,,,,,,,,,1.0,,,1.0,,,,,,,,,
https://www.mubawab.tn/fr/a/7995770/villa-s4-%C3%A0-louer-%C3%A0-gammarth,Villa S4 à louer à Gammarth,Gammarth à La Marsa,6 600 TND,,8.0,4.0,4.0,1.0,1.0,1.0,1.0,1.0,Villa,Bon état,5-10 ans,Marbre,36.876389,10.325278,1.0,,,1.0,1.0,,1.0,1.0,1.0,,1.0,1.0,1.0,,,1.0,1.0,1.0,,,,,,,,,,,,,,
https://www.mubawab.tn/fr/a/8122471/rdc-villa-sila-%C3%A0-louer-%C3%A0-%C3%A0-dar-allouch,RDC Villa Sila à Louer à à Dar Allouch,Kélibia,3 200 TND,140.0,4.0,3.0,2.0,,,,,1.0,Villa,Bon état,,,36.8493,11.0918,1.0,,,1.0,,,,,,,,,,,,,,,,,,,,,1.0,,,,,,,
https://www.mubawab.tn/fr/a/8122420/a-louer-duplex-s3-vue-mer-%C3%A0-gammarth,A louer Duplex S3 vue mer à Gammarth,Gammarth à La Marsa,6 000 TND,,3.0,4.0,2.0,1.0,1.0,,,1.0,Maison,Bon état,,,36.917739,10.288893,1.0,,,,,,,,,,,1.0,,,,,,,,,,,,1.0,,,,,,,,
https://www.mubawab.tn/fr/a/8122077/une-villa-s5,Une villa s5,La Marsa à La Marsa,8 000 TND,500.0,6.0,5.0,3.0,,,1.0,1.0,1.0,Villa,Nouveau,,,36.87638900000003,10.325278,1.0,,,1.0,1.0,,1.0,,1.0,,,1.0,1.0,,,,,,,,,,,,,,,,,,,
https://www.mubawab.tn/fr/a/8122235/villa-s5-avec-jardin-carthage,"Villa S5 avec jardin, Carthage",Carthage à Carthage,4 000 TND,313.0,6.0,5.0,2.0,1.0,,,1.0,1.0,Villa,Bon état,20-30 ans,Carrelage,36.8566,10.3258,1.0,,,,,,,,,,,,,2.0,,,,,240 m²,,,,,,,,,,,,,
https://www.mubawab.tn/fr/a/8122211/a-louer-etage-de-villa-a-gammarth-sup,A louer: etage de villa a gammarth sup,Gammarth Supérieur à La Marsa,3 500 TND,145.0,4.0,3.0,3.0,1.0,,1.0,1.0,,Maison,Bon état,,,36.876389,10.325278,1.0,,,1.0,,,,,,,,,,,,,,,,,,,,,1.0,,,,,,,
https://www.mubawab.tn/fr/a/8122052/a-louer-un-s3-meubl%C3%A9-au-lac-1,A louer un S3 meublé au lac 1,Les Berges Du Lac 1 à La Marsa,3 500 TND,200.0,3.0,4.0,,,1.0,,,,Maison,Nouveau,,,36.876389,10.325278,,,,,,,,,,,,,,,,,,,,1.0,,,1.0,,,,,,,,,
https://www.mubawab.tn/fr/a/7999992/un-duplex-s4,Un duplex S4,Les Jardins de Carthage à Le Kram,5 000 TND,200.0,5.0,4.0,4.0,1.0,,1.0,1.0,1.0,Maison,Nouveau,,,36.88833000000001,10.274169999999998,1.0,1.0,1.0,1.0,1.0,,1.0,1.0,,1.0,,1.0,1.0,,,,,1.0,,,,,,,,,,,,,,
https://www.mubawab.tn/fr/a/8121877/luxueux-loft-s3-%C3%A0-la-marsa,Luxueux Loft S3 à la Marsa,Sidi Daoued à La Marsa,3 500 TND,250.0,5.0,3.0,3.0,1.0,1.0,,1.0,1.0,Maison,Nouveau,,,36.876389,10.325278,1.0,,,1.0,,1.0,,,,,,,,,,,,,,,,,,,,,,,,,,
https://www.mubawab.tn/fr/a/8121888/villa-%C3%A0-louer-%C3%A0-hammamet-pour-l-%C3%A9t%C3%A9,Villa à Louer à Hammamet pour l'été,Hammamet à Hammamet,1 000 TND,,4.0,3.0,4.0,1.0,1.0,1.0,1.0,1.0,Villa,Bon état,,,36.40108,10.61457,1.0,1.0,,1.0,1.0,1.0,1.0,,,,,,1.0,,,,1.0,,1000 m²,1.0,1.0,1.0,,,,,,,,,,
https://www.mubawab.tn/fr/a/8114231/maisonette-s2-avec-terrasse-%C3%A0-la-marsa,Maisonette S2 avec Terrasse à La Marsa,La Marsa à La Marsa,1 700 TND,150.0,,2.0,,,,,,,Villa,,,,36.8941992,10.2762232,,,,,,,1.0,,,,,,,,,,,,,,,1.0,,,,,,,,,,
https://www.mubawab.tn/fr/a/8103850/location-villa-sur-2-niveaux-a-ennasr,Location villa sur 2 niveaux a ennasr,Cité Ennasr 1 à Ariana Ville,3 000 TND,600.0,5.0,4.0,3.0,1.0,1.0,,1.0,1.0,Maison,Bon état,10-20 ans,Marbre,36.8625,10.19556,,,,,,,,,,,,,,2.0,,,,,600 m²,,,,,,,,,,,,,
https://www.mubawab.tn/fr/a/7900633/villa-avec-piscine-%C3%A0-plage-kelibia,Villa avec piscine à plage kelibia,Kélibia,8 000 TND,500.0,6.0,4.0,,1.0,,1.0,,1.0,Villa,Nouveau,,,36.8493,11.0918,,,,1.0,,1.0,1.0,,,,,,,,,,,,,,1.0,1.0,1.0,,,,,,,,,
https://www.mubawab.tn/fr/a/8010060/location-villa-au-lac-2,Location Villa au lac 2,Les Berges Du Lac 2 à La Marsa,11 000 TND,600.0,5.0,5.0,,,1.0,1.0,,,Villa,Nouveau,,,36.876389,10.325278,1.0,,,,,,,,,,,,,,,,,,,,,,1.0,1.0,,,,,,,,
https://www.mubawab.tn/fr/a/8120347/a-louer-une-villa-s3-%C3%A0-usage-bureautique-%C3%A0-alain-s,A louer une villa s3 à usage bureautique à Alain s,Cité Caravelles à El Menzah,8 000 TND,600.0,3.0,3.0,,1.0,1.0,,,,Maison,Nouveau,,,36.845235,10.164723,,,,,,,,,,,,,,,,,,,,,,1.0,1.0,,,,,,,,,
https://www.mubawab.tn/fr/a/8121788/a-louer-charmante-villa-s4-avec-piscine-et-jardin-%C3%A0-la-soukra,A louer charmante villa S4 avec piscine et jardin à la Soukra,La Soukra à La Soukra,5 500 TND,400.0,,5.0,,1.0,1.0,1.0,1.0,,Maison,,,,36.88833,10.27417,1.0,,,1.0,,,1.0,,,,,1.0,,,,,,,,1.0,,,,,,,,,,,,
https://www.mubawab.tn/fr/a/8120616/%C3%A0-louer-villa-s3-%C3%A0-mutuelle-ville,À louer villa S3 à mutuelle ville,Mutuelle Ville à El Menzah,4 000 TND,500.0,4.0,3.0,3.0,1.0,1.0,,1.0,1.0,Villa,Nouveau,Moins d'un an,,36.83076228370828,10.163696788885492,1.0,1.0,,1.0,1.0,,,1.0,1.0,,,,1.0,1.0,,,,,,,,,,,,,Sud,,,,,
https://www.mubawab.tn/fr/a/7877590/un-joli-duplex-avec-piscine,Un joli Duplex avec piscine,El Menzah 9 à El Menzah,3 400 TND,300.0,5.0,4.0,3.0,1.0,1.0,1.0,1.0,1.0,Maison,Bon état,5-10 ans,Marbre,36.845235,10.164723,1.0,1.0,,1.0,1.0,1.0,1.0,1.0,1.0,,1.0,1.0,1.0,,,,1.0,,,,,,,,,1.0,Ouest,,,,,
https://www.mubawab.tn/fr/a/7996281/location-mutuelleville-villa-commerciale-bureautique-av-jugurtha,Location mutuelleville villa commerciale bureautique av jugurtha,Mutuelle Ville à El Menzah,4 990 TND,350.0,8.0,8.0,7.0,,,,1.0,,Villa,Bon état,10-20 ans,Carrelage,36.845235,10.164723,1.0,,,,,,,,,,,,,,,,,,,,,,,,,,Est,,,,,
https://www.mubawab.tn/fr/a/8007820/une-villa-s4-avec-picine,Une villa S4 avec Picine,Cité Mongi Slim à La Marsa,6 500 TND,250.0,5.0,4.0,3.0,,1.0,1.0,1.0,1.0,Villa,Bon état,,,36.876389,10.325278,1.0,,,1.0,1.0,,1.0,1.0,,1.0,,1.0,1.0,,,,,,,,,,,,,,,,,,,
https://www.mubawab.tn/fr/a/8063328/a-louer-villa-de-maitre-a-gammarth-sup%C3%A9rieur,A louer villa de maitre a gammarth supérieur,Gammarth Supérieur à La Marsa,6 500 TND,450.0,,7.0,5.0,1.0,1.0,1.0,1.0,1.0,Villa,Bon état,5-10 ans,Marbre,36.8791258,10.3064735,1.0,,,1.0,1.0,,1.0,1.0,,,1.0,1.0,1.0,2.0,,,1.0,,,1.0,,,,,,1.0,Est,,,,,
https://www.mubawab.tn/fr/a/8003763/villa-s4-meubl%C3%A9e-%C3%A0-yasmine-hammamet,Villa S4 meublée à Yasmine Hammamet,Yasmine Hammamet à Hammamet,5 500 TND,450.0,5.0,4.0,4.0,1.0,1.0,1.0,1.0,1.0,Villa,Bon état,,,36.40108,10.61457,1.0,,,1.0,,1.0,1.0,,,,,,,,,,1.0,,,1.0,1.0,1.0,,,,,,,,,,
https://www.mubawab.tn/fr/a/7869918/villa-a-la-marsa-s4,Villa a La Marsa S4,La Marsa à La Marsa,7 000 TND,300.0,5.0,4.0,4.0,1.0,1.0,1.0,1.0,1.0,Villa,Bon état,10-20 ans,Marbre,36.876389,10.325278,1.0,,1.0,1.0,1.0,1.0,1.0,,,,,1.0,1.0,,,,1.0,1.0,,,,,,,,,,,,,,
https://www.mubawab.tn/fr/a/7917358/une-grande-villa-s5-%C3%A0-gammarth-sup%C3%A9rieur,Une grande villa S5 à Gammarth supérieur,Gammarth Supérieur à La Marsa,9 000 TND,1000.0,5.0,5.0,4.0,1.0,1.0,1.0,1.0,1.0,Villa,Bon état,10-20 ans,Marbre,36.876389,10.325278,1.0,1.0,,1.0,1.0,,1.0,1.0,1.0,,,1.0,1.0,,,,,1.0,560 m²,,,,,,,1.0,,,,,,
https://www.mubawab.tn/fr/a/8121229/a-louer-%C3%A9tage-de-villa-s3-%C3%A0-la-marsa-ville,A louer Étage de villa S3 à La Marsa Ville,La Marsa à La Marsa,2 200 TND,140.0,,4.0,,,,,1.0,1.0,Maison,,,,36.8941992,10.2762232,,,,1.0,,,1.0,,,,,1.0,,,,,,,,,,1.0,,,,,,,,,,
https://www.mubawab.tn/fr/a/8121228/a-louer-une-magnifique-villa-s4-%C3%A0-marina-gammarth,A louer une magnifique Villa S4 à Marina Gammarth,Gammarth à La Marsa,7 500 TND,,,5.0,,1.0,,1.0,1.0,,Maison,,,,36.917739,10.288893,1.0,,,1.0,,1.0,1.0,,,,,1.0,,,,,1.0,,,,,1.0,,,,,,,,,,
https://www.mubawab.tn/fr/a/8121111/triplex-s5-avec-ascenseur-%C3%A0-gammarth-village,Triplex s5 avec ascenseur à Gammarth Village,Gammarth Village à La Marsa,3 900 TND,280.0,5.0,5.0,,1.0,1.0,1.0,1.0,1.0,Maison,Nouveau,,,36.876389,10.325278,1.0,,,1.0,,,1.0,1.0,,,,,,,,,,,,1.0,,,1.0,1.0,,,,,,,,
https://www.mubawab.tn/fr/a/8119133/a-louer-triplex-ind%C3%A9pendant-au-lac-2,A louer triplex indépendant au lac 2,Les Berges Du Lac 2 à La Marsa,4 800 TND,260.0,6.0,5.0,4.0,1.0,1.0,,1.0,1.0,Villa,Bon état,,,36.84689860000002,10.2641808,,1.0,,1.0,,,,,1.0,,,1.0,,3.0,,,,,,,,,,,,,,,,,,
https://www.mubawab.tn/fr/a/8023625/une-villa-s4-%C3%A0-gammarth,Une villa S4 à Gammarth,Gammarth à La Marsa,6 600 TND,350.0,2.0,5.0,4.0,1.0,1.0,1.0,1.0,1.0,Villa,Bon état,,,36.876389,10.325278,1.0,,1.0,1.0,,,,1.0,,1.0,,1.0,,,,,,,,1.0,,,,,,,,,,,,
https://www.mubawab.tn/fr/a/8121092/villa-s4-%C3%A0-gammarth,Villa S4 à Gammarth,Gammarth Village à La Marsa,5 500 TND,500.0,4.0,4.0,,1.0,1.0,,,1.0,Maison,Nouveau,,,36.876389,10.325278,,,,,,,,,,,,,,,,,,,,,,,1.0,,,,,,,,,
https://www.mubawab.tn/fr/a/8121066/appartement-s2-de-115-m%C2%B2-%C3%A0-nouvelle-m%C3%A9dina,Appartement S2 de 115 m² à Nouvelle médina,El Yasminette à Nouvelle Medina,700 TND,115.0,2.0,3.0,,,,,,,Villa,Nouveau,,,36.78898,10.18348,1.0,,,,,,,,,,,,,,,,,,,,,,1.0,,,,,,,,,
https://www.mubawab.tn/fr/a/8120965/etage-de-villa-en-location,Etage de villa en location,Boumhel Bassatine,1 300 TND,180.0,,,,,,,1.0,,Villa,,,,36.57724,10.34246,1.0,,,1.0,,,,,,,,,,,,,,,,,,,,,,,,,,,,
https://www.mubawab.tn/fr/a/8120961/villa-jumel%C3%A9e-en-location,Villa jumelée en location,Riadh al Andalous à Ariana Ville,800 TND,70.0,,,,1.0,,,1.0,,Villa,,,,36.8805752,10.1717264,,,,1.0,,,,,,,,,,,,,,,,1.0,,,,,,,,,,,,
https://www.mubawab.tn/fr/a/8063170/etage-de-villa-en-location,Etage de villa en location,El Menzah 5 à Ariana Ville,1 400 TND,200.0,,,,1.0,,,1.0,,Villa,,,,36.8483853,10.1745278,1.0,,,,,,1.0,,,,,,,,,,,,,1.0,,,,,,,,,,,,
https://www.mubawab.tn/fr/a/8115282/etage-de-villa-en-location,Etage de villa en location,El Menzah 5 à Ariana Ville,1 700 TND,100.0,,,,,,,1.0,,Villa,,,,36.8483853,10.1745278,,,,,,,1.0,,,,,,,,,,,,,1.0,,,,,,,,,,,,
https://www.mubawab.tn/fr/a/8114299/a-louer-une-villa-de-charme-%C3%A0-la-marsa,A Louer une villa de charme à la Marsa,La Marsa à La Marsa,18 000 TND,800.0,7.0,7.0,,1.0,,1.0,,,Villa,Nouveau,,,36.876389,10.325278,,,,,,,,,,,,,,,,,,,,,,,1.0,,1.0,,,,,,,
https://www.mubawab.tn/fr/a/8090096/villa-en-s6-de-1150m-a-manar-1,Villa en S6 de 1150m a Manar 1,El Manar 1 à El Menzah,4 000 TND,1150.0,7.0,6.0,4.0,1.0,1.0,,1.0,1.0,Villa,Bon état,10-20 ans,Marbre,36.845235,10.164723,,,,1.0,,,1.0,1.0,1.0,,,,,1.0,,,,,,,,,,,,,Est,,,,,
https://www.mubawab.tn/fr/a/7993184/grande-villa-avec-jardin-et-piscine,Grande villa avec jardin et piscine,La Marsa à La Marsa,Prix à consulter,5000.0,10.0,6.0,4.0,1.0,1.0,1.0,1.0,1.0,Villa,Bon état,,,36.868720302753886,10.28881370599066,1.0,,1.0,1.0,,,,,,,,,,,,,,,,,,,,,,,,,,,,
https://www.mubawab.tn/fr/a/8100131/villa-%C3%A0-la-marsa,Villa à La Marsa,La Marsa à La Marsa,8 000 TND,450.0,6.0,5.0,3.0,1.0,1.0,1.0,1.0,1.0,Villa,Nouveau,,,36.876389,10.325278,1.0,,,1.0,1.0,,1.0,,1.0,,1.0,1.0,,,,,,,,,,,,,,,,,,,,
https://www.mubawab.tn/fr/a/8095816/a-louer-une-villa-en-s5-avec-piscine-%C3%A0-gammarth,A louer une villa en S5 avec piscine à Gammarth,Gammarth à La Marsa,7 500 TND,700.0,7.0,5.0,4.0,1.0,1.0,1.0,1.0,1.0,Maison,Nouveau,,,36.876389,10.325278,1.0,,,1.0,,,,,1.0,,,,,,,,,,900 m²,,,,,,,,,,,,,
https://www.mubawab.tn/fr/a/8120625/a-louer-un-duplex-s2-meubl%C3%A9-%C3%A0-sidi-bousaid,A louer un Duplex S2 meublé à sidi bousaid,Amilcar à Carthage,6 000 TND,120.0,2.0,2.0,,,,1.0,,1.0,Maison,Nouveau,,,36.8566,10.3258,,,,,,,,1.0,,,,,,,,,,,,,,,1.0,,,,,,,,,
https://www.mubawab.tn/fr/a/8120478/etage-de-villa-s3-%C3%A0-cit%C3%A9-les-pins,Etage de villa s3 à cité les pins,Cité Les Pins à La Marsa,1 900 TND,120.0,3.0,4.0,,,,,,,Maison,Nouveau,,,36.876389,10.325278,,,,,,,,,,,,,,,,,,,,,,,1.0,,,,,,,,,
https://www.mubawab.tn/fr/a/7810146/villa-s6-avec-piscine-et-vue-mer-a-gammarth,Villa s6 avec piscine et vue mer a gammarth,Gammarth à La Marsa,15 000 TND,600.0,7.0,6.0,6.0,1.0,1.0,1.0,1.0,1.0,Villa,Bon état,Moins d'un an,,36.87638899999999,10.325278000000004,1.0,1.0,1.0,1.0,1.0,,,1.0,,1.0,1.0,1.0,1.0,,,1.0,,1.0,,1.0,,,,1.0,1.0,1.0,,,,,,
https://www.mubawab.tn/fr/a/7954856/villa-avec-jardin-%C3%A0-louer-hammamet-radisson,Villa avec jardin à louer Hammamet Radisson,Hammamet Nord à Hammamet,3 000 TND,,7.0,3.0,2.0,1.0,1.0,,1.0,1.0,Villa,Bon état,,,36.40108,10.61457,1.0,,,1.0,,1.0,1.0,,,,1.0,1.0,,,,,1.0,,,1.0,1.0,1.0,,,,,,,,,,
https://www.mubawab.tn/fr/a/8056032/a-louer-une-villa-jumel%C3%A9e-%C3%A0-gammarth-sup%C3%A9rieur,A louer une villa jumelée à Gammarth Supérieur,Gammarth Supérieur à La Marsa,Prix à consulter,285.0,7.0,4.0,4.0,1.0,1.0,1.0,1.0,1.0,Villa,Nouveau,,Marbre,36.876389,10.325278,1.0,1.0,,1.0,,,1.0,,,,,1.0,1.0,,,,,,,,,,,1.0,1.0,,,,,,,
https://www.mubawab.tn/fr/a/7879378/%C3%A0-louer-un-%C3%A9tage-de-villa-au-lac-2,À louer un étage de villa au Lac 2,Les Berges Du Lac 2 à La Marsa,Prix à consulter,200.0,4.0,3.0,3.0,,1.0,,1.0,1.0,Maison,Bon état,5-10 ans,Marbre,36.80844811217427,10.304729422504732,1.0,,,1.0,,,1.0,,,,,1.0,,,,,,,,,,,,,1.0,,,,,,,
https://www.mubawab.tn/fr/a/8116710/maison-ind%C3%A9pendante-%C3%A0-m%C3%A9grine,Maison indépendante à Mégrine,Megrine Jaouhara à Mégrine,1 300 TND,180.0,4.0,3.0,2.0,1.0,,,,,Maison,Bon état,10-20 ans,Carrelage,36.6938694,10.2622167,1.0,,,,,,,,,,,,,1.0,,,,,600 m²,,,,,,,,,,,,,
https://www.mubawab.tn/fr/a/8120072/a-louer-une-villa-%C3%A0-sidi-bousaid,A louer une villa à Sidi Bousaid,Sidi Bousaid à Carthage,4 000 TND,280.0,3.0,4.0,,,,,,1.0,Villa,Nouveau,,,36.8566,10.3258,1.0,,,,,,,,,,,,,,,,,,,1.0,,,1.0,,,,,,,,,
https://www.mubawab.tn/fr/a/7967545/villa-s4-avec-piscine-%C3%A0-la-marsa,Villa S4 avec piscine à La Marsa,Cité Les Pins à La Marsa,8 000 TND,250.0,5.0,4.0,3.0,1.0,1.0,1.0,1.0,1.0,Villa,Bon état,,,36.876389,10.325278,1.0,,1.0,1.0,1.0,,1.0,1.0,,,1.0,,1.0,,,,,,,,,1.0,,,,,,,,,,
https://www.mubawab.tn/fr/a/8119966/villa-%C3%A0-la-marsa-enassim,Villa à la Marsa Enassim,La Marsa à La Marsa,8 000 TND,350.0,8.0,6.0,4.0,1.0,,1.0,1.0,1.0,Villa,Bon état,,,36.87638900000003,10.325278,1.0,,,1.0,,,,,1.0,,,,,,,,,,,,,,,,,,,,,,,
https://www.mubawab.tn/fr/a/8112476/villa-individuelle-en-location,Villa individuelle en location,El Menzah,3 300 TND,500.0,,,,1.0,1.0,,1.0,,Villa,,,,36.845235,10.164723,1.0,,1.0,1.0,,,,1.0,,,,1.0,,,,,,,,,,,,,,,,,,,,
https://www.mubawab.tn/fr/a/8089704/villa-de-ma%C3%AEtre-%C3%A0-gammarth-mvl1668,Villa de maître à Gammarth MVL1668,Gammarth Supérieur à La Marsa,Prix à consulter,,,4.0,4.0,1.0,1.0,1.0,1.0,1.0,Villa,Bon état,,,36.876389,10.325278,1.0,1.0,,1.0,1.0,,1.0,,,,,1.0,1.0,,1.0,,1.0,,,,,,,,,,,,,,,
https://www.mubawab.tn/fr/a/8094108/un-beau-duplex-%C3%A0-la-soukra,Un beau duplex à la soukra,La Soukra à La Soukra,680 000 TND,165.0,4.0,3.0,2.0,1.0,1.0,,1.0,1.0,Maison,Bon état,5-10 ans,Marbre,36.883333,10.25,1.0,,,1.0,1.0,,,1.0,,,,,1.0,1.0,,,,,165 m²,1.0,,,,,,,,,,,,
https://www.mubawab.tn/fr/a/8119934/etage-de-villa-s4-%C3%A0-gammarth-sup%C3%A9rieur,Etage de villa S4 à Gammarth Supérieur,Gammarth Supérieur à La Marsa,2 800 TND,250.0,5.0,4.0,2.0,,1.0,,1.0,1.0,Villa,Bon état,,,36.876389,10.325278,1.0,,,1.0,,,,,,,,,,,,,,,,,,1.0,,,,,,,,,,
https://www.mubawab.tn/fr/a/8116251/%C3%A0-louer-une-villa-jumel%C3%A9e-s5-%C3%A0-chotrana-1,À louer une villa jumelée s5 à chotrana 1,Chotrana 1 à La Soukra,3 600 TND,320.0,5.0,5.0,3.0,,1.0,1.0,1.0,1.0,Maison,Nouveau,,,36.883333,10.25,1.0,,,1.0,1.0,,,1.0,,,,1.0,1.0,2.0,,,,,400 m²,,,,,,,,,,,,,
https://www.mubawab.tn/fr/a/7897459/a-louer-belle-villa-%C3%A0-sidi-bou-said,A Louer Belle Villa À Sidi Bou Said,Sidi Bousaid à Carthage,5 800 TND,,6.0,4.0,2.0,1.0,1.0,,1.0,1.0,Villa,Bon état,,,36.85660000000004,10.325799999999976,1.0,1.0,,1.0,1.0,1.0,1.0,1.0,,,,1.0,1.0,,,,1.0,1.0,,,,1.0,,,,,,,,,,
https://www.mubawab.tn/fr/a/8041938/a-louer-villa-au-lac-2-s8-avec-piscine,A louer villa au lac 2 s8 avec piscine,Les Berges Du Lac 2 à La Marsa,7 200 TND,650.0,9.0,8.0,6.0,1.0,1.0,1.0,1.0,1.0,Villa,Nouveau,1-5 ans,,36.87638899999999,10.325278,1.0,1.0,1.0,1.0,,1.0,1.0,1.0,,1.0,,1.0,1.0,,,1.0,1.0,1.0,,,1.0,1.0,,1.0,,,,,,,,
https://www.mubawab.tn/fr/a/8092257/villa-s5-jardin-%C3%A0-louer-au-coeur-de-sidi-bousaid,Villa S5 jardin à louer au coeur de Sidi Bousaid,Sidi Bousaid à Carthage,6 000 TND,450.0,6.0,5.0,3.0,1.0,1.0,,1.0,1.0,Villa,Bon état,,,36.856600000000014,10.325799999999996,1.0,,,1.0,1.0,,1.0,,,,,1.0,1.0,,,,1.0,,,,,,,,,,,,,,,
https://www.mubawab.tn/fr/a/8119674/villa-jumel%C3%A9e-en-location,Villa jumelée en location,Hammamet à Hammamet,850 TND,90.0,,,,,,,,,Villa,,,,36.40108,10.61457,1.0,,,,,,,,,,,,,,,,,,,,,,,,,,,,,,,
https://www.mubawab.tn/fr/a/8112960/rdc-de-villa-meubl%C3%A9-%C3%A0-louer-au-jardins-de-carthage,RDC de villa meublé à louer au jardins de carthage,Les Jardins de Carthage à Le Kram,3 700 TND,,6.0,2.0,2.0,1.0,1.0,1.0,1.0,1.0,Villa,Bon état,,Marbre,36.833333,10.316667,,,1.0,1.0,1.0,1.0,1.0,,1.0,,1.0,1.0,1.0,,,,1.0,,,1.0,1.0,1.0,,,,,,,,,,
https://www.mubawab.tn/fr/a/8063824/a-louer-s3-aux-jardins-de-carthage,A louer s3 aux jardins de Carthage,Les Jardins de Carthage à Le Kram,1 500 TND,120.0,3.0,3.0,2.0,,1.0,,1.0,1.0,Maison,Nouveau,,,36.833333,10.316667,,,,1.0,,,1.0,,,,,1.0,,,,,,,,,,,,,,,,,,,,
https://www.mubawab.tn/fr/a/8119581/a-louer-un-duplex-avec-piscine-au-lac2,A louer un duplex avec piscine au lac2,Les Berges Du Lac 2 à La Marsa,5 000 TND,250.0,4.0,3.0,4.0,,,1.0,1.0,1.0,Maison,Nouveau,1-5 ans,Marbre,36.87638900000003,10.325278,,1.0,,1.0,1.0,,,,,,,1.0,1.0,,,,,,,,,,,1.0,,,,,,,,
https://www.mubawab.tn/fr/a/8099106/%C3%A0-louer-superbe-villa-4-chambres-%C3%A0-la-marsa,À LOUER Superbe Villa 4 chambres à la Marsa,La Marsa à La Marsa,4 500 TND,280.0,4.0,4.0,3.0,1.0,1.0,1.0,1.0,1.0,Villa,Bon état,1-5 ans,Marbre,36.8941992,10.2762232,1.0,1.0,1.0,1.0,1.0,1.0,1.0,1.0,1.0,1.0,1.0,1.0,1.0,1.0,,,,,,,1.0,,,,,1.0,Est,,,,,
https://www.mubawab.tn/fr/a/8067941/un-duplex-s3-%C3%A0-sidi-bou-said,Un duplex S3 à Sidi bou Said,Sidi Bousaid à Carthage,3 950 TND,250.0,,3.0,2.0,,,,1.0,1.0,Villa,Bon état,,,36.8941992,10.2762232,1.0,,,1.0,,1.0,1.0,1.0,,1.0,,,,,1.0,,,,,1.0,1.0,1.0,,,,,,,,,,
https://www.mubawab.tn/fr/a/7926478/bel-duplex-%C3%A0-louer-%C3%A0-corniche-bizerte,Bel Duplex à Louer à Corniche Bizerte,Bizerte Le Corniche à Bizerte Nord,500 TND,200.0,5.0,3.0,2.0,,1.0,,,1.0,Villa,Nouveau,,,37.272,9.8708,,,,1.0,,1.0,1.0,,,,1.0,1.0,,,,1.0,1.0,,,,1.0,1.0,,,1.0,,,,,,,
https://www.mubawab.tn/fr/a/8082155/une-villa-s4-%C3%A0-mutuelle-ville,Une villa S4 à mutuelle ville,Mutuelle Ville à El Menzah,5 500 TND,250.0,,4.0,2.0,,1.0,,1.0,1.0,Villa,Bon état,,,36.8941992,10.2762232,1.0,,1.0,1.0,1.0,,,,,1.0,,1.0,1.0,,1.0,,,,,,,,,,,,,,,,,
https://www.mubawab.tn/fr/a/8068957/une-maison-s3-%C3%A0-la-marsa,Une maison S3 à la Marsa,La Marsa à La Marsa,3 800 TND,150.0,,3.0,2.0,1.0,1.0,,1.0,1.0,Villa,Bon état,,,36.8941992,10.2762232,1.0,,,1.0,,1.0,1.0,1.0,,1.0,,1.0,,,1.0,,1.0,,,1.0,1.0,1.0,,,,,,,,,,
https://www.mubawab.tn/fr/a/8116620/une-splendide-villa-jumel%C3%A9e-s6-avec-piscine-%C3%A0-la-soukra,Une Splendide Villa jumelée S6 avec piscine à La Soukra,La Soukra à La Soukra,Prix à consulter,300.0,,5.0,,1.0,1.0,1.0,,1.0,Maison,,,,36.88833,10.27417,,,1.0,,,,,,,,,,,,,,,,,,,,,,,,,,,,,
https://www.mubawab.tn/fr/a/8101857/villa-avec-jardin-et-piscine-%C3%A0-carthage,Villa avec jardin et piscine à Carthage,Carthage à Carthage,11 000 TND,500.0,5.0,4.0,4.0,1.0,1.0,1.0,1.0,1.0,Villa,Bon état,,,36.8566,10.3258,1.0,,,1.0,1.0,1.0,1.0,1.0,1.0,,1.0,1.0,,,,,,,,,,1.0,,,,,,,,,,
https://www.mubawab.tn/fr/a/8119183/villa-de-maitre-s6-avec-jardin-au-lac-1,Villa de maitre S6 avec jardin au Lac 1,Les Berges Du Lac 1 à La Marsa,20 000 TND,,7.0,6.0,4.0,1.0,1.0,,1.0,1.0,Villa,Bon état,,Carrelage,36.876389,10.325278,1.0,1.0,,1.0,1.0,1.0,,,1.0,1.0,1.0,1.0,1.0,,,1.0,,1.0,,,,,,,,,,,,,,
https://www.mubawab.tn/fr/a/8119093/maison-avec-terrasse-s2-%C3%A0-louer-corniche-hammamet,Maison avec terrasse S2 à louer corniche Hammamet,Hammamet à Hammamet,1 750 TND,,5.0,2.0,,,1.0,,1.0,1.0,Maison,Bon état,,,36.40108,10.61457,1.0,,,1.0,1.0,1.0,1.0,,1.0,1.0,,,,,,,,,,1.0,1.0,1.0,1.0,,,,,,,,,
https://www.mubawab.tn/fr/a/8077581/villa-cyclamen,Villa Cyclamen,Hammamet à Hammamet,3 800 TND,360.0,2.0,3.0,2.0,1.0,1.0,,1.0,1.0,Villa,Bon état,,,36.40108,10.61457,1.0,,,1.0,1.0,1.0,1.0,,,1.0,,1.0,1.0,,,,,,,1.0,1.0,1.0,,,1.0,,,,,,,
https://www.mubawab.tn/fr/a/8119022/a-louer-villa-s5-%C3%A0-la-marsa,A louer Villa S5 à la Marsa,La Marsa à La Marsa,8 000 TND,700.0,5.0,5.0,,1.0,,1.0,,1.0,Maison,Nouveau,,,36.876389,10.325278,,,,,,,,,1.0,,,,,,,,,,,,,,1.0,,,,,,,,,
https://www.mubawab.tn/fr/a/8118952/triplex-s4-neuf-%C3%A0-gammarth,Triplex s4 Neuf à Gammarth,Gammarth Supérieur à La Marsa,6 000 TND,250.0,3.0,3.0,,1.0,,1.0,,1.0,Maison,Nouveau,,,36.876389,10.325278,1.0,,,,,,,,1.0,,,,,,,,,,,,,,1.0,,,,,,,,,
https://www.mubawab.tn/fr/a/7928888/%C3%A0-louer-triplex-neuf-aux-berges-du-lac-ii,À louer Triplex neuf aux Berges du Lac II,Les Berges Du Lac 2 à La Marsa,10 000 TND,480.0,6.0,4.0,4.0,1.0,1.0,1.0,1.0,1.0,Maison,Nouveau,,,36.876389,10.325278,1.0,1.0,,1.0,,,1.0,,1.0,,,1.0,,,,,,,,,,,,1.0,,,,,,,,
https://www.mubawab.tn/fr/a/8118539/villa-avec-s5-avec-piscine-gammarth-sup%C3%A9rieur,"Villa avec S5 avec piscine, Gammarth supérieur",Gammarth à La Marsa,8 000 TND,250.0,5.0,4.0,4.0,1.0,1.0,1.0,1.0,1.0,Villa,Bon état,,Marbre,36.876389,10.325278,1.0,1.0,,1.0,,,1.0,,,,,,,2.0,,,,,600 m²,,,,,,,,Est,,,,,
https://www.mubawab.tn/fr/a/8094118/a-louer-%C3%A0-l%E2%80%99ann%C3%A9e-%C3%A0-hammamet-joli-viila,A louer à l’année à Hammamet JOLI VIILA,Hammamet à Hammamet,3 500 TND,200.0,,4.0,2.0,1.0,1.0,1.0,1.0,1.0,Villa,Bon état,,,36.40108,10.61457,1.0,,,,,,,,,,,1.0,,,1.0,,,,170 m²,1.0,,,,,1.0,,,,,,,
https://www.mubawab.tn/fr/a/8118736/a-louer-villa-s4-%C3%A0-carthage,A louer villa S4 à Carthage,Carthage à Carthage,4 000 TND,300.0,4.0,4.0,,1.0,1.0,,,,Maison,Nouveau,,,36.8566,10.3258,1.0,,,,,,,,,,,,,,,,,,,,,,1.0,,,,,,,,,
https://www.mubawab.tn/fr/a/8104705/villa-s3-%C3%A0-la-marsa,Villa S3 à La Marsa,Cité Les Pins à La Marsa,6 000 TND,450.0,5.0,4.0,4.0,1.0,1.0,,1.0,1.0,Villa,Bon état,,,36.876389,10.325278,1.0,,,1.0,1.0,1.0,1.0,,,,1.0,,1.0,,,1.0,1.0,1.0,,,,1.0,,,,,,,,,,
https://www.mubawab.tn/fr/a/8091855/duplex-neuf-avec-piscine-aux-berges-du-lac-2,Duplex neuf avec piscine aux Berges du Lac 2,Les Berges Du Lac 2 à La Marsa,8 000 TND,350.0,5.0,4.0,4.0,,1.0,1.0,1.0,1.0,Villa,Nouveau,1-5 ans,,36.876389,10.325278,1.0,1.0,,1.0,1.0,,1.0,,1.0,,1.0,1.0,1.0,,,,1.0,,,,,,,1.0,,1.0,,,,,,
https://www.mubawab.tn/fr/a/8108142/villa-meubl%C3%A9e-%C3%A0-carthage,Villa meublée à Carthage,Carthage à Carthage,5 000 TND,180.0,3.0,2.0,2.0,1.0,1.0,,1.0,1.0,Villa,Bon état,,,36.8566,10.3258,1.0,,,1.0,1.0,1.0,1.0,,1.0,,1.0,,,,,,1.0,,,1.0,1.0,1.0,,,,,,,,,,
https://www.mubawab.tn/fr/a/8118667/rdc-villa-les-berges-du-lac-2,RDC villa Les Berges du lac 2,Les Berges Du Lac 2 à La Marsa,4 500 TND,170.0,4.0,3.0,3.0,,,,1.0,1.0,Maison,Nouveau,5-10 ans,Marbre,36.876389,10.325278,1.0,,,1.0,1.0,1.0,1.0,,,,,1.0,1.0,,,,1.0,,150 m²,1.0,1.0,1.0,,,,,,,,,,
https://www.mubawab.tn/fr/a/8073436/a-louer-un-duplex-meubl%C3%A9-en-s2-%C3%A0-sidi-bousaid,A louer un Duplex meublé en S2 à Sidi Bousaid,Sidi Bousaid à Carthage,7 000 TND,150.0,3.0,2.0,2.0,1.0,,,1.0,1.0,Villa,Nouveau,,,36.8566,10.3258,1.0,,,1.0,,1.0,1.0,,,,,1.0,,,,,1.0,,,1.0,1.0,1.0,,,1.0,,,,,,,
https://www.mubawab.tn/fr/a/8118506/villa-%C3%A0-louer-%C3%A0-hammamet-%C3%A0-l-ann%C3%A9e,Villa à LOUER à Hammamet à l'année,Hammamet à Hammamet,1 700 TND,450.0,5.0,4.0,2.0,1.0,,,,1.0,Villa,Bon état,,,36.40108,10.61457,1.0,,,1.0,,1.0,1.0,,,,,1.0,,,,,,,1 m²,1.0,1.0,,,,,,,,,,,
https://www.mubawab.tn/fr/a/8094551/location-%C3%A0-l%E2%80%99ann%C3%A9e-villa-avec-piscine-%C3%A0-tezdaine,Location à l’année villa avec piscine à Tezdaine,Djerba à Djerba,2 000 TND,180.0,5.0,4.0,2.0,1.0,,1.0,,1.0,Villa,Bon état,,,33.8075978,10.8451467,1.0,,,1.0,,1.0,1.0,,,1.0,,1.0,,,,,,,,1.0,1.0,1.0,,,,,,,,,,
https://www.mubawab.tn/fr/a/7941200/location-triplex-neuf-au-jardin-de-carthage,Location Triplex neuf au jardin de carthage,Les Jardins de Carthage à Le Kram,5 000 TND,300.0,5.0,5.0,,1.0,1.0,,,1.0,Maison,Nouveau,,,36.833333,10.316667,,,,,,1.0,1.0,,1.0,,,,,,,,1.0,,,1.0,,,1.0,,,,,,,,,
https://www.mubawab.tn/fr/a/8094103/a-vendre-triplex-%C3%A0-sidi-daoud,A Vendre Triplex à Sidi Daoud,Sidi Daoued à La Marsa,980 000 TND,250.0,6.0,5.0,3.0,1.0,1.0,,,1.0,Maison,Bon état,,,36.876389,10.325278,1.0,,,,,,,,,,,,,,,,,,,,,,,,,,,,,,,
https://www.mubawab.tn/fr/a/8099820/villa-s3-vur-sur-mer-%C3%A0-gammarth-mvl0257,Villa S3 vur sur mer à Gammarth MVL0257,Gammarth à La Marsa,4 000 TND,,,3.0,3.0,1.0,,,1.0,1.0,Villa,Bon état,,,36.876389,10.325278,1.0,,,1.0,,,,1.0,,,,,,,1.0,,,,,,,,,,1.0,,,,,,,
https://www.mubawab.tn/fr/a/8057889/villa-s5-avec-jardin-%C3%A0-ain-zaghouan-nord-mvl1162,Villa S5 avec jardin à Ain Zaghouan Nord MVL1162,Ain Zaghouan Nord à La Marsa,4 500 TND,397.0,,5.0,4.0,1.0,1.0,,1.0,1.0,Villa,Bon état,,,36.876389,10.325278,1.0,,,1.0,,,,,,,,1.0,,,1.0,,,,,,,,,,,,,,,,,
https://www.mubawab.tn/fr/a/8116962/location-d-une-villa-s5-vide-a-la-marsa,Location d une villa s5 vide a la marsa,La Marsa à La Marsa,8 500 TND,500.0,5.0,5.0,,1.0,,1.0,,1.0,Villa,Nouveau,,,36.876389,10.325278,1.0,,,,,,,,,,,,,,,,,,,,,,1.0,,,,,,,,,
https://www.mubawab.tn/fr/a/8019599/villa-de-standing-%C3%A0-chott-meriem,Villa de Standing à Chott Meriem,Chott Meriem à Akouda,6 000 TND,350.0,5.0,3.0,2.0,1.0,1.0,1.0,1.0,1.0,Villa,Nouveau,Moins d'un an,Marbre,35.87,10.57,1.0,,,1.0,1.0,1.0,1.0,,,,1.0,,1.0,,,,,,,1.0,1.0,1.0,,,,,Sud,,,,,
https://www.mubawab.tn/fr/a/8116716/une-villa-s4-avec-piscine-%C3%A0-la-soukra,Une villa s4 avec piscine à la soukra,La Soukra à La Soukra,4 600 TND,400.0,5.0,4.0,2.0,1.0,1.0,1.0,1.0,1.0,Villa,Nouveau,,,36.883333,10.25,,,1.0,1.0,1.0,1.0,1.0,1.0,1.0,,1.0,1.0,,,,1.0,1.0,,,1.0,1.0,1.0,,,,,,,,,,
https://www.mubawab.tn/fr/a/8116696/location-annuelle-d-une-villa-neuve-avec-garage,Location annuelle d'une villa neuve avec garage,Djerba à Djerba,Prix à consulter,,4.0,3.0,,1.0,1.0,,,,Maison,Nouveau,,,33.790766082607334,11.038094987695311,1.0,,,,,,,,,,,,,,,,,,,,,,1.0,,,,,,,,,
https://www.mubawab.tn/fr/a/8108614/a-louer-duplex-avec-jardin-%C3%A0-la-marsa,A Louer Duplex avec Jardin à La Marsa,La Marsa à La Marsa,3 500 TND,250.0,4.0,3.0,2.0,1.0,1.0,,1.0,1.0,Maison,Bon état,,,36.876389,10.325278,1.0,,,1.0,,,,1.0,1.0,,,,,,,,,,,,,,,,,,,,,,,
https://www.mubawab.tn/fr/a/8098390/a-louer-duplex-avec-jardin-%C3%A0-la-marsa,A Louer Duplex avec Jardin à La Marsa,La Marsa à La Marsa,4 600 TND,330.0,5.0,4.0,3.0,1.0,1.0,,1.0,1.0,Maison,Bon état,,,36.876389,10.325278,1.0,,,1.0,,,1.0,1.0,1.0,,,,,,,,,,,1.0,,,,,,,,,,,,
https://www.mubawab.tn/fr/a/8104656/%C3%A0-louer-une-villa-au-berges-du-lac-1,À louer une villa au Berges Du Lac 1,Les Berges Du Lac 1 à La Marsa,7 000 TND,600.0,7.0,6.0,5.0,1.0,,,1.0,1.0,Villa,Bon état,10-20 ans,Marbre,36.876389,10.325278,,,,1.0,,,,,1.0,,,,,1.0,,1.0,,,,,,,,,,,Est,,,,,
https://www.mubawab.tn/fr/a/8088834/etage-de-villa-s3-%C3%A0-la-soukra-zel0520,Etage de villa S3 à La Soukra ZEL0520,La Soukra à La Soukra,2 500 TND,130.0,,3.0,2.0,,,,1.0,1.0,Maison,Bon état,,,36.883333,10.25,1.0,,,1.0,,,,,,,,,,,1.0,,,,,1.0,,,,,,,,,,,,
https://www.mubawab.tn/fr/a/7966774/location-d-un-appartement-%C3%A0-la-marsa,Location d'un appartement à la Marsa,Sidi Daoued à La Marsa,2 500 TND,200.0,4.0,3.0,2.0,,,,1.0,1.0,Maison,Bon état,1-5 ans,,36.876389,10.325278,1.0,,,1.0,1.0,1.0,1.0,,,1.0,1.0,,1.0,,,,,,,1.0,1.0,1.0,,,,1.0,,,,,,
https://www.mubawab.tn/fr/a/8088133/villa-ind%C3%A9pendante-meubl%C3%A9e-%C3%A0-gammarth-sup%C3%A9rieur-s2,Villa indépendante meublée à Gammarth Supérieur s2,Gammarth Supérieur à La Marsa,3 200 TND,300.0,3.0,2.0,,1.0,1.0,,1.0,1.0,Maison,Bon état,,,36.876389,10.325278,1.0,,,1.0,,1.0,1.0,,,1.0,,1.0,1.0,,,1.0,1.0,1.0,300 m²,1.0,1.0,1.0,1.0,,,,,,,,,
https://www.mubawab.tn/fr/a/8099222/maison-d-architecte-%C3%A0-carthage,Maison d'architecte à Carthage,Carthage à Carthage,7 000 TND,500.0,6.0,6.0,2.0,1.0,1.0,,1.0,1.0,Villa,Bon état,,,36.8566,10.3258,1.0,,,1.0,,1.0,1.0,1.0,1.0,1.0,,,,,,,,,,1.0,1.0,1.0,,,1.0,,,,,,,
https://www.mubawab.tn/fr/a/8106954/incroyable-location-de-villa-luxueuse-avec-piscine-priv%C3%A9e-%C3%A0-golden-tulip,Incroyable Location de Villa Luxueuse avec Piscine Privée à Golden Tulip,Gammarth à La Marsa,7 500 TND,500.0,,2.0,2.0,1.0,1.0,1.0,1.0,1.0,Villa,,,,36.917739,10.288893,1.0,,,1.0,,,,,,,,,,,,,,,,,,,,,,,,,,,,
https://www.mubawab.tn/fr/a/8108024/splendide-villa-avec-piscine-%C3%A0-louer-%C3%A0-la-marsa,Splendide Villa avec Piscine à Louer à La Marsa,La Marsa à La Marsa,4 700 TND,350.0,,4.0,,1.0,1.0,1.0,,,Villa,,,,36.8941992,10.2762232,1.0,,,,,,,,1.0,,,1.0,,,,,,,,,,,1.0,,,,,,,,,
https://www.mubawab.tn/fr/a/8116359/a-louer-une-magnifique-villa-s4-avec-piscine,A louer une magnifique villa S4 avec piscine,La Marsa à La Marsa,12 500 TND,300.0,5.0,6.0,,1.0,1.0,1.0,1.0,1.0,Villa,Nouveau,,,36.876389,10.325278,,,,1.0,,,,,,,,,,,,,,,,,,,1.0,,,,,,,,,
https://www.mubawab.tn/fr/a/8094645/bloc-en-location,Bloc en location,Montplaisir à Tunis,10 000 TND,1000.0,,,,,,,1.0,,Villa,,,,36.815458,10.185734,1.0,,,1.0,,,,,1.0,,,,,,,,,,,,,,,1.0,,,,,,,,
https://www.mubawab.tn/fr/a/8066327/a-louer-%C3%A0-sidi-zayed,A Louer à Sidi Zayed,Houmt Souk à Houmt Souk,600 TND,100.0,3.0,2.0,,,,,,1.0,Maison,Bon état,10-20 ans,Carrelage,33.866667,10.85,1.0,,,1.0,,1.0,1.0,,,,1.0,,,1.0,,,,,120 m²,1.0,1.0,1.0,1.0,,,,Nord,,,,,
https://www.mubawab.tn/fr/a/8091211/magnifique-villa-avec-piscine-%C3%A0-yasmin-hammamet,Magnifique villa avec piscine à Yasmin Hammamet,Yasmine Hammamet à Hammamet,4 100 TND,,5.0,4.0,3.0,1.0,1.0,1.0,1.0,1.0,Villa,Bon état,,,36.40108,10.61457,1.0,,,1.0,1.0,1.0,1.0,1.0,1.0,1.0,1.0,,1.0,,,,1.0,1.0,,1.0,1.0,1.0,,,,,,,,,,
https://www.mubawab.tn/fr/a/8116114/villa-a-louer-notre-dame,Villa a louer notre dame,El Manar 3 à El Menzah,8 000 TND,500.0,5.0,4.0,2.0,1.0,1.0,1.0,1.0,,Villa,Bon état,,,36.845235,10.169279260298772,,,1.0,1.0,1.0,,,1.0,1.0,,,1.0,1.0,,,,,,,1.0,,,,,,,,,,,,
https://www.mubawab.tn/fr/a/8073433/villa-s3-meubl%C3%A9e-avec-piscine-%C3%A0-la-marsa-mvl0830,Villa S3 meublée avec piscine à La Marsa MVL0830,La Marsa à La Marsa,Prix à consulter,,,3.0,3.0,1.0,,1.0,1.0,1.0,Villa,Bon état,,,36.876389,10.325278,1.0,,,1.0,,,,,,,,,,,1.0,,,,,1.0,,,,,,,,,,,,
https://www.mubawab.tn/fr/a/8098324/a-louer-une-villa-en-s5-%C3%A0-la-marsa,A louer une villa en s5 à la Marsa,La Marsa à La Marsa,8 000 TND,,5.0,6.0,,1.0,,1.0,,1.0,Villa,Nouveau,,,36.876389,10.325278,,,,,,,,,1.0,,,,,,,,,,,,,,1.0,,,,,,,,,
https://www.mubawab.tn/fr/a/8101443/location-d-un-duplex-%C3%A0-la-marsa,Location d'un duplex à la Marsa,La Marsa à La Marsa,5 000 TND,300.0,4.0,3.0,2.0,,1.0,,1.0,1.0,Maison,Bon état,,,36.876389,10.325278,1.0,,,1.0,,,,,,,,1.0,,,,,,,,,,,,,,,,,,,,
https://www.mubawab.tn/fr/a/8053585/location-annuelle-villa-s4-meubl%C3%A9-%C3%A0-hammamet-nord,Location annuelle villa S4 meublé à Hammamet nord,Hammamet Nord à Hammamet,5 000 TND,400.0,4.0,4.0,,,1.0,1.0,1.0,1.0,Maison,Nouveau,,,36.40108,10.61457,1.0,,,1.0,,,,,,,1.0,1.0,,,,,,,,,,,1.0,,1.0,1.0,,,,,,
https://www.mubawab.tn/fr/a/8095324/location-annuelle-villa-s3-meubl%C3%A9-%C3%A0-hammamet-nord,Location annuelle villa S3 meublé à Hammamet nord,Hammamet Nord à Hammamet,2 600 TND,300.0,3.0,3.0,,1.0,,,1.0,,Maison,Nouveau,,,36.40108,10.61457,,,,1.0,,,,,,,,,,,,,,,,,,,1.0,,,,,,,,,
https://www.mubawab.tn/fr/a/8026096/a-louer-villa-gammarth-sup%C3%A9rieur,A louer Villa Gammarth Supérieur,Gammarth Supérieur à La Marsa,6 000 TND,,6.0,4.0,3.0,1.0,1.0,1.0,1.0,1.0,Villa,Bon état,,,36.876389,10.325278,1.0,,,1.0,1.0,1.0,1.0,1.0,,,,1.0,1.0,,,,1.0,1.0,,,,1.0,,,,,,,,,,
https://www.mubawab.tn/fr/a/7473520/a-louer-villa-de-maitre-%C3%A0-carthage,A Louer Villa de maitre à Carthage,Carthage à Carthage,Prix à consulter,,8.0,5.0,5.0,1.0,1.0,1.0,1.0,1.0,Villa,Bon état,,,36.856600000000014,10.325799999999996,1.0,1.0,,1.0,,1.0,1.0,1.0,,1.0,,1.0,1.0,,,1.0,1.0,1.0,,,,1.0,,,1.0,,,,,,,
https://www.mubawab.tn/fr/a/8101890/a-louer-une-villa-en-s4-situ%C3%A9e-%C3%A0-notre-dame,A louer une villa en S4 située à Notre dame,Mutuelle Ville à El Menzah,6 500 TND,350.0,5.0,4.0,2.0,1.0,1.0,,1.0,1.0,Villa,Bon état,,,36.845235,10.164723,1.0,1.0,,1.0,,,,,,,,,,,,,,,,,,,,,,,,,,,,
https://www.mubawab.tn/fr/a/8116072/un-%C3%A9tage-de-villa-s4-%C3%A0-louer-%C3%A0-sahloul2,Un étage de villa s4 à louer à sahloul2,Cité Jaouhara,1 650 TND,250.0,,4.0,,,,,1.0,1.0,Villa,Nouveau,,,35.83366,10.64068,,,,1.0,1.0,,,,,,,,1.0,1.0,1.0,,,,250 m²,,,,1.0,,,,,,,,,
https://www.mubawab.tn/fr/a/7986530/duplex-s2-%C3%A0-sidi-bou-sa%C3%AFd-meubl%C3%A9-vue-mer,Duplex s2 à Sidi Bou Saïd meublé vue mer,Sidi Bousaid à Carthage,6 500 TND,120.0,3.0,2.0,2.0,,,1.0,1.0,1.0,Villa,Bon état,1-5 ans,,36.8566,10.3258,1.0,,,1.0,1.0,1.0,1.0,,,,,1.0,1.0,,,,1.0,,,1.0,1.0,,,,1.0,,,,,,,
https://www.mubawab.tn/fr/a/8100065/splendide-rez-de-chauss%C3%A9e-enti%C3%A8rement-meubl%C3%A9-%C3%A0-louer-%C3%A0-la-marsa,Splendide Rez de chaussée entièrement meublé à louer à la Marsa,La Marsa à La Marsa,5 500 TND,500.0,,2.0,2.0,1.0,1.0,,1.0,1.0,Maison,Nouveau,1-5 ans,Marbre,36.8941992,10.2762232,1.0,,1.0,1.0,,,,,,,,,,,,,,,,1.0,,,,,,,,,200 m²,,,
https://www.mubawab.tn/fr/a/8102107/villa-intelligente-neuf-piscine-%C3%A0-louer-%C3%A0-carthage,Villa intelligente neuf piscine à louer à Carthage,Carthage à Carthage,14 000 TND,900.0,5.0,4.0,3.0,1.0,1.0,1.0,1.0,1.0,Villa,Nouveau,Moins d'un an,,36.8566,10.3258,1.0,,,1.0,1.0,,1.0,,,,,1.0,1.0,,,,,,,,,,,,,,,,,,,
https://www.mubawab.tn/fr/a/8100705/un-duplex-s3-%C3%A0-ain-zaghouan-nord,Un duplex s3 à ain zaghouan nord,Ain Zaghouan Nord à La Marsa,6 000 TND,200.0,5.0,3.0,,1.0,1.0,1.0,1.0,1.0,Villa,Nouveau,,,36.876389,10.325278,1.0,,,1.0,1.0,,,,1.0,,1.0,1.0,,,,1.0,,1.0,,,,,1.0,1.0,,,,,,,,
https://www.mubawab.tn/fr/a/7943694/une-grande-villa-%C3%A0-gammarth-s6,Une grande villa à Gammarth s6,Gammarth à La Marsa,7 000 TND,900.0,8.0,6.0,5.0,1.0,1.0,1.0,1.0,1.0,Villa,Bon état,1-5 ans,,36.87638899999999,10.325278,1.0,1.0,,1.0,,,,1.0,,,,1.0,,,,,,1.0,,,,,,,,1.0,,,,,,
https://www.mubawab.tn/fr/a/8108028/une-villa-s5-%C3%A0-gammarth-avec-piscine,Une villa s5 à gammarth avec piscine,Gammarth à La Marsa,7 000 TND,600.0,7.0,5.0,2.0,1.0,1.0,1.0,1.0,1.0,Villa,Bon état,,,36.876389,10.325278,1.0,,,1.0,1.0,,1.0,1.0,1.0,,,1.0,,,,1.0,,1.0,,,,,,,,,,,,,,
https://www.mubawab.tn/fr/a/7694208/a-louer-villa-avec-piscine-%C3%A0-gammarth,A louer villa avec piscine à Gammarth,Gammarth à La Marsa,7 500 TND,700.0,5.0,4.0,3.0,1.0,,1.0,1.0,1.0,Villa,Bon état,Moins d'un an,Carrelage,36.876389,10.325278,1.0,,,1.0,1.0,1.0,1.0,1.0,,1.0,1.0,1.0,1.0,,,1.0,1.0,1.0,,,,,,,1.0,,Est,,,,,
https://www.mubawab.tn/fr/a/8010072/villa-s7-avec-piscine-%C3%A0-gammarth,Villa s7 avec piscine à Gammarth,Gammarth à La Marsa,8 500 TND,800.0,8.0,7.0,4.0,1.0,1.0,1.0,1.0,1.0,Villa,Bon état,Moins d'un an,,36.876389,10.325278,1.0,1.0,,1.0,1.0,,,1.0,,,,1.0,1.0,,,,,1.0,,,,,,,,,,,,,,
https://www.mubawab.tn/fr/a/7930064/villa-a-mutuelle-ville-neuve-et-avec-piscine,Villa a mutuelle ville neuve et avec piscine,Mutuelle Ville à El Menzah,9 000 TND,800.0,9.0,7.0,6.0,1.0,1.0,1.0,1.0,1.0,Villa,Nouveau,Moins d'un an,,36.84523500000001,10.164723,1.0,1.0,,1.0,1.0,,1.0,1.0,,,,1.0,1.0,,,1.0,1.0,1.0,,,1.0,1.0,,,,,,,,,,
https://www.mubawab.tn/fr/a/8089340/une-villa-avec-piscine-et-jardin-%C3%A0-la-marsa,Une villa avec piscine et jardin à la marsa,La Marsa à La Marsa,10 000 TND,300.0,6.0,5.0,2.0,1.0,1.0,1.0,1.0,1.0,Villa,Bon état,,,36.876389,10.325278,1.0,,,1.0,1.0,,,,1.0,,1.0,1.0,,,,,,,,,,,,,,,,,,,,
https://www.mubawab.tn/fr/a/7813832/villa-a-gammarth-avec-piscine-vide-ou-meubl%C3%A9e,Villa a Gammarth avec piscine vide ou meublée,Gammarth à La Marsa,12 000 TND,600.0,8.0,7.0,5.0,1.0,1.0,1.0,1.0,1.0,Villa,Nouveau,1-5 ans,,36.876389,10.325278,1.0,1.0,1.0,1.0,1.0,1.0,1.0,1.0,,1.0,1.0,1.0,1.0,,,1.0,1.0,1.0,,1.0,1.0,1.0,,1.0,1.0,1.0,,,,,,
https://www.mubawab.tn/fr/a/7986463/villa-%C3%A0-carthage-avec-vue-mer-et-piscine-et-jardin,Villa à Carthage avec vue mer et piscine et jardin,Carthage à Carthage,12 500 TND,1100.0,11.0,9.0,7.0,1.0,1.0,1.0,1.0,1.0,Villa,Bon état,1-5 ans,,36.8566,10.3258,1.0,1.0,,1.0,1.0,,,1.0,,,,1.0,1.0,,,,,1.0,,,,,,,1.0,,,,,,,
https://www.mubawab.tn/fr/a/8098724/une-villa-s3-%C3%A0-carthage-avec-piscine,Une villa s3 à Carthage avec piscine,Carthage à Carthage,12 000 TND,200.0,4.0,3.0,,1.0,1.0,1.0,1.0,1.0,Villa,Nouveau,,,36.8566,10.3258,1.0,,,1.0,1.0,,,,1.0,,1.0,1.0,,,,1.0,,1.0,,,,,1.0,,,,,,,,,
https://www.mubawab.tn/fr/a/8104341/villa-avec-piscine-%C3%A0-louer-gammarth,Villa avec piscine à louer Gammarth,Gammarth à La Marsa,5 500 TND,500.0,5.0,3.0,3.0,1.0,1.0,1.0,1.0,1.0,Maison,Bon état,,,36.876389,10.325278,1.0,,,1.0,1.0,,,,,,,,1.0,,,,,,,,,,,,,,,,,,,
https://www.mubawab.tn/fr/a/8109528/villa-%C3%A0-louer-la-soukra,Villa à louer La Soukra,La Soukra à La Soukra,5 000 TND,570.0,4.0,5.0,,1.0,,,,1.0,Maison,Nouveau,,,36.883333,10.25,,,,,,,,,,,,,,,,,,,,,,,1.0,,,,,,,,,
https://www.mubawab.tn/fr/a/8098850/villa-%C3%A0-louer-%C3%A0-sidi-bou-said,Villa à louer à Sidi Bou Said,Sidi Bousaid à Carthage,6 000 TND,450.0,4.0,5.0,,1.0,1.0,,,1.0,Maison,Nouveau,,,36.8566,10.3258,,,,,,,,,1.0,,,,,,,,,,,,,,1.0,,,,,,,,,
https://www.mubawab.tn/fr/a/8082150/villa-%C3%A0-louer-gammarth-sup%C3%A9rieur,Villa à louer Gammarth supérieur,Gammarth à La Marsa,7 000 TND,600.0,5.0,7.0,,1.0,1.0,1.0,,1.0,Maison,Nouveau,,,36.876389,10.325278,1.0,,,,,,,,,,,,,,,,,,,,,,1.0,,,,,,,,,
https://www.mubawab.tn/fr/a/8115631/villa-%C3%A0-gammarth-touristique-tr%C3%A8s-moderne,Villa à gammarth touristique très moderne,Gammarth à La Marsa,12 000 TND,580.0,4.0,3.0,3.0,1.0,1.0,1.0,1.0,1.0,Villa,Bon état,5-10 ans,Marbre,36.917739,10.288893,1.0,1.0,,1.0,1.0,1.0,1.0,,,1.0,1.0,1.0,1.0,2.0,,1.0,1.0,1.0,785 m²,,,,,,1.0,1.0,Ouest,,,,,
https://www.mubawab.tn/fr/a/8115503/villa-individuelle-en-location,Villa individuelle en location,Route Teniour à Sfax Ville,2 000 TND,1620.0,,,,,1.0,,1.0,1.0,Villa,,,,34.786245,10.74598,1.0,,,,,,,,,,,,,,,,,,,,,,,,,,,,,,,
https://www.mubawab.tn/fr/a/8007771/triplex-s5-avec-piscine-%C3%A0-gammarth,Triplex s5 avec piscine à Gammarth,Gammarth à La Marsa,3 900 TND,450.0,6.0,5.0,4.0,1.0,1.0,1.0,1.0,1.0,Villa,Bon état,1-5 ans,,36.87638899999999,10.325278,1.0,1.0,,1.0,1.0,1.0,1.0,1.0,,,,1.0,1.0,,,1.0,1.0,1.0,,,,1.0,,1.0,,1.0,,,,,,
https://www.mubawab.tn/fr/a/8072212/location-maison-la-clairi%C3%A8re-s2,Location Maison La Clairière S2,Hammamet à Hammamet,1 100 TND,80.0,3.0,2.0,,1.0,,,1.0,1.0,Maison,Bon état,,,36.40108,10.61457,1.0,,,1.0,,1.0,1.0,,,,1.0,,,,,1.0,,,150 m²,1.0,1.0,1.0,1.0,,,,,,,,,
https://www.mubawab.tn/fr/a/8115128/a-louer-villa-s3-%C3%A0-gammarth,A louer Villa S3 à Gammarth,Gammarth à La Marsa,3 500 TND,,,4.0,,1.0,1.0,,1.0,1.0,Maison,,,,36.917739,10.288893,,,,1.0,,,1.0,,,,,1.0,,,,,,,,,,,,,,,,,,,,
https://www.mubawab.tn/fr/a/8009517/a-vendre-une-villa-%C3%A0-cit%C3%A9-des-juges-la-marsa,A Vendre une villa à cité des juges la Marsa,Cité des Juges à La Marsa,880 000 TND,355.0,7.0,6.0,3.0,1.0,1.0,,1.0,1.0,Maison,Nouveau,10-20 ans,Carrelage,36.876389,10.325278,1.0,,,1.0,,,,,,1.0,1.0,,,2.0,,,,,368 m²,,,,,,,,Sud,,,,,
https://www.mubawab.tn/fr/a/8052704/etage-de-villa-en-location,Etage de villa en location,El Menzah,2 000 TND,200.0,,,,,,,1.0,,Villa,,,,36.845235,10.164723,,,,1.0,,,,,,,,,,,,,,,,,,,,,,,,,,,,
https://www.mubawab.tn/fr/a/8025793/location-villa-morano-s3,Location Villa Morano S3,Hammamet à Hammamet,1 800 TND,300.0,4.0,3.0,,1.0,1.0,,1.0,1.0,Villa,Bon état,,,36.40108,10.61457,1.0,,,,,1.0,1.0,,,1.0,,1.0,,,,,1.0,,,1.0,1.0,1.0,1.0,,,1.0,,,,,,
https://www.mubawab.tn/fr/a/8027466/magnifique-villa-s4-meubl%C3%A9e-%C3%A0-gammarth,Magnifique villa s4 meublée à Gammarth,La Marsa à La Marsa,6 000 TND,400.0,,5.0,,1.0,1.0,,,,Villa,,,,36.8941992,10.2762232,,,,,,,,,,,,,,,,,,,,,,,,,,,,,,,,
https://www.mubawab.tn/fr/a/8085237/duplex-s4-meubl%C3%A9-%C3%A0-la-marsa,Duplex S4 Meublé à La Marsa,La Marsa à La Marsa,5 500 TND,150.0,,4.0,,,1.0,1.0,,1.0,Villa,,,,36.8941992,10.2762232,,,,,,,,,,,,,,,,,,,,,,,,,,,,,,,,
https://www.mubawab.tn/fr/a/8095729/%C3%A0-louer-coquette-villa-%C3%A0-carthage-hannibal,À louer coquette villa à Carthage hannibal,Carthage à Carthage,8 000 TND,700.0,5.0,4.0,4.0,1.0,1.0,1.0,1.0,,Villa,Bon état,1-5 ans,Marbre,36.8694317,10.3164051,1.0,1.0,1.0,1.0,1.0,,,1.0,1.0,1.0,1.0,1.0,1.0,1.0,,,,,,,,,,,1.0,1.0,Est,,,,,
https://www.mubawab.tn/fr/a/8114844/menzah-9-a-%C3%A0-louer-rdc-villa-s3-avec-jardin,Menzah 9 a; à louer rdc villa s3 avec jardin,El Menzah 9 à El Menzah,Prix à consulter,180.0,5.0,3.0,2.0,1.0,,,1.0,,Maison,Bon état,,,36.845235,10.164723,1.0,,,1.0,,,,,,,,,,,,,,,,,,,,,,,,,,,,
https://www.mubawab.tn/fr/a/8101282/%C3%A9tage-villa-2-appartements-avec-piscine-r%C3%A9sidence-janet,Étage villa; 2 Appartements avec piscine Résidence Janet,Hammamet Nord à Hammamet,5 000 TND,270.0,9.0,6.0,4.0,1.0,1.0,1.0,1.0,1.0,Villa,Nouveau,,,36.40107999999997,10.61457000000003,1.0,1.0,,1.0,1.0,1.0,1.0,,1.0,1.0,,1.0,,1.0,,,1.0,,,1.0,1.0,1.0,,,,,,,,,,
https://www.mubawab.tn/fr/a/7870283/villa-hst-habitation-ou-bureautique-%C3%A0-el-manar-1,Villa hst habitation ou bureautique à el manar 1,El Manar 1 à El Menzah,4 200 TND,350.0,5.0,4.0,2.0,1.0,1.0,,1.0,1.0,Villa,Bon état,,,36.845235,10.164723,,,,1.0,,,,,,,,1.0,,,,,,,,,,,,1.0,,,,,,,,
https://www.mubawab.tn/fr/a/8112274/mutuelle-ville-%C3%A0-louer-etage-villa-s3-avec-jardin,Mutuelle ville à louer etage villa s3 avec jardin,Mutuelle Ville à El Menzah,Prix à consulter,220.0,5.0,3.0,2.0,1.0,,,1.0,1.0,Maison,Bon état,,,36.845235,10.164723,,,,1.0,,,,,,,,,,,,,,,,,,,,,,,,,,,,
https://www.mubawab.tn/fr/a/8077611/villa-s4-avec-piscine-proche-de-carthage-land,Villa s4 avec piscine proche de carthage land,Yasmine Hammamet à Hammamet,3 000 TND,400.0,5.0,4.0,2.0,1.0,,1.0,1.0,1.0,Villa,Nouveau,,,36.40108,10.61457,1.0,,,1.0,,,,,,1.0,1.0,1.0,,,,1.0,,,,,,,,,,,,,,,,
https://www.mubawab.tn/fr/a/8076035/appartement-a-louer-pieds-dans-l-eau-%C3%A0-nabeul,Appartement a LOUER pieds dans l'eau à Nabeul,Nabeul à Nabeul,2 700 TND,400.0,2.0,,,1.0,1.0,,1.0,1.0,Villa,Nouveau,,,36.45056,10.73505,1.0,,,1.0,1.0,1.0,1.0,,1.0,1.0,1.0,1.0,,,,1.0,1.0,,,1.0,1.0,1.0,1.0,1.0,1.0,,,1.0,,,,
https://www.mubawab.tn/fr/a/8101226/triplex-s5-avec-piscine-%C3%A0-gammarth,Triplex S5 avec Piscine à Gammarth,La Marsa à La Marsa,4 200 TND,380.0,,5.0,,,,1.0,1.0,1.0,Villa,,,,36.8941992,10.2762232,,,,1.0,,,,,1.0,,,,,,,,,,,1.0,,,,,,,,,,,,
https://www.mubawab.tn/fr/a/8074990/villa-jumel%C3%A9e-de-prestige-%C3%A0-sidi-bou-sa%C3%AFd,Villa Jumelée de Prestige à Sidi Bou Saïd,La Marsa à La Marsa,8 500 TND,500.0,5.0,3.0,4.0,,1.0,,,,Villa,Bon état,,,36.8941992,10.2762232,,,,,,,,,,,,,,,,,,,,,,,,,,,,,,,,
https://www.mubawab.tn/fr/a/8113213/a-louer-villa-style-proven%C3%A7al-originale,A louer villa style provençal originale,Chala à Mornag,5 900 TND,200.0,7.0,5.0,3.0,1.0,1.0,,1.0,1.0,Villa,Bon état,20-30 ans,Carrelage,36.68902,10.29964,1.0,1.0,1.0,,,1.0,1.0,1.0,1.0,1.0,,,,2.0,,,1.0,,5500 m²,1.0,1.0,1.0,,,,1.0,Est,,,,,
https://www.mubawab.tn/fr/a/8100883/a-louer-villa-tr%C3%A8s-haut-standing-a-ain-zaghouan-s,A louer villa très haut standing a Ain zaghouan S,Les Jardins de Carthage à Le Kram,3 700 TND,450.0,6.0,7.0,4.0,1.0,,,1.0,1.0,Villa,Nouveau,,Marbre,36.8548291374275,10.289539001992788,,,,1.0,1.0,,1.0,1.0,,,,,1.0,2.0,,,,,450 m²,,,,,,,,,,,,,
https://www.mubawab.tn/fr/a/8114743/a-louer-rez-de-chauss%C3%A9e-de-maison-meubl%C3%A9-%C3%A0-jarzouna-bizerte,A Louer Rez De Chaussée De Maison Meublé à Jarzouna Bizerte,Bizerte à Bizerte Nord,800 TND,150.0,3.0,2.0,,,,,,,Maison,,,,37.1303,9.7506777,1.0,,,,,,,,,,,,,,,,,,,1.0,,,,,,,,,,,,
https://www.mubawab.tn/fr/a/8112872/location-villa-de-luxe-%C3%A0-ain-zaghouan-sud-7-pi%C3%A8ces-porte-blind%C3%A9e-et-chauffage-central,Location villa de luxe à Ain Zaghouan Sud. 7 pièces. Porte blindée et chauffage central,Ain Zaghouan Sud à La Marsa,3 700 TND,450.0,7.0,6.0,4.0,1.0,1.0,,1.0,1.0,Villa,Bon état,,,36.8578827,10.2733997,1.0,1.0,,1.0,1.0,,1.0,1.0,1.0,,,1.0,1.0,,,,,,,,,,,,,,,,,,,
https://www.mubawab.tn/fr/a/8100290/location-villa-reine-s4,Location Villa Reine S4,Hammamet Sud à Hammamet,2 200 TND,330.0,5.0,4.0,2.0,1.0,,,1.0,1.0,Villa,Nouveau,,,36.40108,10.61457,1.0,,,1.0,,1.0,1.0,,,,,,,,,,1.0,,250 m²,1.0,1.0,1.0,,,,,,,,,,
https://www.mubawab.tn/fr/a/8114420/location-villa-au-rdc-s2,Location villa au RDC S2,Amilcar à Carthage,3 200 TND,100.0,4.0,2.0,2.0,1.0,1.0,,1.0,1.0,Maison,Bon état,,Marbre,36.8566,10.3258,1.0,,,1.0,,1.0,1.0,,,1.0,1.0,,1.0,1.0,,1.0,1.0,1.0,150 m²,1.0,1.0,1.0,,,,,Est,,,,,
https://www.mubawab.tn/fr/a/8114414/a-louer-maisonnette-dans-une-ferme-%C3%A0-nabeul,A Louer maisonnette dans une ferme à Nabeul,Nabeul à Nabeul,1 500 TND,150.0,2.0,,,1.0,1.0,1.0,1.0,1.0,Maison,Bon état,,,36.45056,10.73505,,,,1.0,,,1.0,,,,,,,,,1.0,,,,1.0,1.0,1.0,1.0,,,,,1.0,,,,
https://www.mubawab.tn/fr/a/7968961/villa-s5-avec-jardin-mutuelleville,"Villa S5 avec jardin, Mutuelleville",Mutuelle Ville à El Menzah,4 500 TND,600.0,7.0,5.0,3.0,1.0,1.0,,1.0,1.0,Maison,Bon état,10-20 ans,Marbre,36.845235,10.164723,1.0,,1.0,1.0,,1.0,1.0,1.0,,,1.0,,,,,,,1.0,,,,,,,,,,,,,,
https://www.mubawab.tn/fr/a/8096288/villa-%C3%A0-louer-%C3%A0-l-ann%C3%A9e-%C3%A0-hammamet-houssi,Villa à louer à l'année à Hammamet Houssi,Hammamet à Hammamet,4 500 TND,350.0,5.0,4.0,3.0,1.0,,1.0,1.0,1.0,Villa,Bon état,,,36.40108,10.61457,1.0,,,1.0,,,,,,,,,,,,,,,,,,,,,,,,,,,,
https://www.mubawab.tn/fr/a/8100550/villa-pour-diplomat-location-%C3%A0-carthage,Villa pour diplomat location à carthage,Carthage à Carthage,Prix à consulter,450.0,5.0,4.0,3.0,1.0,1.0,1.0,1.0,1.0,Villa,Bon état,10-20 ans,Marbre,36.8694317,10.3164051,1.0,,,1.0,1.0,1.0,1.0,,,1.0,1.0,1.0,1.0,2.0,,,1.0,1.0,1000 m²,,,,,,,1.0,Nord,,,,,
https://www.mubawab.tn/fr/a/7999813/a-louer-villa-de-luxe-en-s5-a-gammarth,A Louer Villa de luxe en S5 A Gammarth,Gammarth Supérieur à La Marsa,7 800 TND,300.0,7.0,6.0,4.0,1.0,1.0,1.0,1.0,1.0,Maison,Nouveau,5-10 ans,Marbre,36.876389,10.325278,1.0,1.0,1.0,1.0,1.0,1.0,1.0,1.0,,1.0,1.0,1.0,1.0,2.0,,1.0,1.0,1.0,600 m²,,,1.0,,,,,Sud,,,,,
https://www.mubawab.tn/fr/a/8094439/a-louer-une-villa-en-s5-%C3%A0-la-marsa,A Louer une villa en s5 à la Marsa,La Marsa à La Marsa,4 500 TND,400.0,5.0,5.0,,1.0,,,,1.0,Maison,Nouveau,,,36.876389,10.325278,,,,,,,,,,,,,,,,,,,,,,,1.0,,,,,,,,,
https://www.mubawab.tn/fr/a/8114290/a-louer-duplex-s4-meubl%C3%A9-avec-piscine-%C3%A0-carthage-byrsa,A louer Duplex S4 Meublé avec piscine à Carthage byrsa,Carthage Byrsa à Carthage,6 000 TND,130.0,,5.0,,1.0,1.0,1.0,1.0,,Maison,,,,36.5046,10.19186,1.0,,,1.0,,1.0,1.0,,,,,1.0,,,,,1.0,,,1.0,,1.0,,,,,,,,,,
https://www.mubawab.tn/fr/a/8058630/a-louer-une-magnifique-villa-%C3%A0-carthage,A louer une magnifique villa à Carthage,Amilcar à Carthage,7 000 TND,400.0,4.0,5.0,,1.0,,,,1.0,Villa,Nouveau,,,36.8566,10.3258,1.0,,,,,,,,,,,,,,,,,,,,,,1.0,,,,,,,,,
https://www.mubawab.tn/fr/a/8114096/villa-individuelle-en-location,Villa individuelle en location,Sidi Bousaid à Carthage,1 850 TND,75.0,,,,1.0,,,1.0,,Villa,,,,36.871576,10.3343581,1.0,,,1.0,,1.0,1.0,,,,,,1.0,,,,,,,,,1.0,,,,,,,,,,
https://www.mubawab.tn/fr/a/8025663/villa-s5-jardin-piscine-%C3%A0-louer-%C3%A0-gammarth,Villa S5 jardin&piscine à louer à Gammarth,Gammarth à La Marsa,7 800 TND,630.0,6.0,5.0,4.0,1.0,1.0,1.0,1.0,1.0,Villa,Bon état,,,36.87084460747513,10.323883251312235,1.0,1.0,1.0,1.0,1.0,,1.0,,,,,1.0,1.0,,,,,,,,,,,,,,,,,,,
https://www.mubawab.tn/fr/a/8114056/magnifique-villa-s2-meubl%C3%A9-%C3%A0-carthage,Magnifique villa s2 meublé à Carthage,Carthage à Carthage,5 000 TND,200.0,2.0,2.0,,1.0,1.0,,,1.0,Maison,Nouveau,,,36.8566,10.3258,,,,,,,,,,,,,,,,,,,,,,,1.0,,,,,,,,,
https://www.mubawab.tn/fr/a/8114041/etage-de-villa-s3-meubl%C3%A9-a-gammarth,Etage de villa s3 meublé a Gammarth,Gammarth à La Marsa,2 500 TND,120.0,3.0,3.0,,,,,,1.0,Maison,Nouveau,,,36.876389,10.325278,,,,,,,,,,,,,,,,,,,,1.0,,,1.0,,,,,,,,,
https://www.mubawab.tn/fr/a/7884527/location-annuelle-villa-a-hammamet-craxi,Location annuelle villa a Hammamet craxi,Hammamet à Hammamet,2 000 TND,500.0,5.0,4.0,3.0,1.0,1.0,,,,Villa,Bon état,,,36.40108,10.61457,1.0,,,,,,,,,,,,,,,,,,,,,,,,,,,,,,,
https://www.mubawab.tn/fr/a/8070211/villa-de-luxe-avec-piscine-%C3%A0-chott-meriem,Villa de Luxe avec Piscine à Chott Meriem,Tantana,6 000 TND,200.0,5.0,4.0,2.0,1.0,1.0,1.0,,1.0,Villa,Bon état,,,35.94312,10.52022,,,,1.0,,1.0,1.0,,,1.0,1.0,1.0,,,,,1.0,,,,1.0,1.0,,,,,,,,,,
https://www.mubawab.tn/fr/a/8113914/une-villa-s5-avec-piscine-et-jardin-%C3%A0-la-marsa,Une villa s5 avec piscine et jardin à la marsa,La Marsa à La Marsa,8 000 TND,600.0,6.0,5.0,2.0,1.0,1.0,1.0,1.0,1.0,Villa,Bon état,,,36.876389,10.325278,1.0,,,1.0,1.0,,,,1.0,,,1.0,1.0,,,1.0,,1.0,,,,,,,,,,,,,,
https://www.mubawab.tn/fr/a/8080214/etage-de-villa-s3-a-louer-aux-jardins-de-carthage,Etage de villa s3 a louer aux jardins de carthage,Les Jardins de Carthage à Le Kram,1 400 TND,160.0,,3.0,,,1.0,,1.0,1.0,Maison,Bon état,5-10 ans,,36.833333,10.316667,1.0,,,,,,,,,,,,,1.0,,,,,,,,,1.0,,,,,,,,,
https://www.mubawab.tn/fr/a/8109543/villa-individuelle-en-location,Villa individuelle en location,Sidi Bousaid à Carthage,3 200 TND,200.0,3.0,2.0,2.0,1.0,1.0,,1.0,1.0,Villa,Nouveau,1-5 ans,Marbre,36.871576,10.3343581,,,,1.0,,1.0,1.0,,1.0,,,,,,,,,,,,,1.0,,,,,Sud,,,,,
https://www.mubawab.tn/fr/a/8113848/a-louer-une-charmante-villa-meubl%C3%A9e-au-lac-2,A louer une charmante villa meublée au Lac 2,Les Berges Du Lac 2 à La Marsa,25 000 TND,1275.0,4.0,4.0,,,,1.0,,,Villa,Nouveau,,,36.876389,10.325278,,,,,,,,,,,,,,,,,,,,,,,1.0,,,,,,,,,
https://www.mubawab.tn/fr/a/8005900/%C3%A0-louer-etage-de-villa-meubl%C3%A9-%C3%A0-gammarth,À louer Etage de villa meublé à Gammarth,Gammarth Supérieur à La Marsa,2 600 TND,170.0,,3.0,2.0,,1.0,,1.0,1.0,Maison,Bon état,,,36.87638899999999,10.325278,1.0,,,1.0,,1.0,1.0,,,1.0,1.0,1.0,,,1.0,,1.0,,,1.0,1.0,1.0,,,,,,,,,,
https://www.mubawab.tn/fr/a/8109916/a-louer-triplex-%C3%A0-gammarth-avec-piscine,A louer Triplex à Gammarth avec piscine,Gammarth à La Marsa,4 500 TND,350.0,2.0,4.0,4.0,1.0,,1.0,1.0,1.0,Maison,Nouveau,,,36.876389,10.325278,1.0,,,1.0,,1.0,1.0,,,1.0,1.0,1.0,1.0,,,,1.0,,400 m²,,,1.0,,,,,,,,,,
https://www.mubawab.tn/fr/a/8113631/villa-s4-avec-piscine-%C3%A0-carthage,Villa S4 avec Piscine à Carthage,Carthage à Carthage,9 000 TND,450.0,4.0,4.0,,1.0,1.0,1.0,,1.0,Maison,Nouveau,,,36.8566,10.3258,,,,,,,,,1.0,,,,,,,,,,,,,,1.0,,,,,,,,,
https://www.mubawab.tn/fr/a/8053843/a-louer-une-villa-avec-piscine-%C3%A0-gammarth-superieur,A louer une villa avec piscine à Gammarth Superieur,Gammarth à La Marsa,5 000 TND,400.0,6.0,4.0,4.0,1.0,1.0,1.0,1.0,1.0,Maison,Bon état,,,36.876389,10.325278,1.0,,,1.0,,,1.0,,1.0,,,,,3.0,,,,,400 m²,,,,,,,,,,,,,
https://www.mubawab.tn/fr/a/8002480/duplex-s3-carthage-amilcar,"Duplex S3, Carthage Amilcar",Amilcar à Carthage,1 600 TND,150.0,4.0,3.0,2.0,,,,1.0,,Maison,Bon état,5-10 ans,Carrelage,36.8566,10.3258,1.0,,,1.0,,,,,,,,,,,,,,,,,,,,,,1.0,,,,,,
https://www.mubawab.tn/fr/a/8113492/a-louer-ou-a-vendre-une-villa-%C3%A0-la-marsa,A LOUER OU A VENDRE Une villa à la Marsa,La Marsa à La Marsa,8 000 TND,350.0,6.0,5.0,4.0,1.0,1.0,1.0,1.0,1.0,Maison,Bon état,5-10 ans,Marbre,36.876389,10.325278,1.0,,,1.0,1.0,,1.0,1.0,1.0,1.0,1.0,,1.0,1.0,,,,,700 m²,,,,,,,,,,,,,
https://www.mubawab.tn/fr/a/8113435/a-louer-un-rez-de-chauss%C3%A9e-sp%C3%A9ciaux-et-lumineux,A louer un rez de chaussée spéciaux et lumineux,Oued Ellil à Oued Ellil,900 TND,400.0,4.0,3.0,,1.0,,,,,Maison,Bon état,,,36.8094099,9.9089889,1.0,,,,,,,,,,,,,,,,,,0 m²,,,,1.0,,,,,,,,,
https://www.mubawab.tn/fr/a/8048782/location-d-une-villa-s5-vue-mer-%C3%A0-la-marsa,Location d'une villa S5 vue mer à la Marsa,La Marsa à La Marsa,10 000 TND,300.0,7.0,5.0,5.0,1.0,,,1.0,1.0,Villa,Bon état,,,36.876389,10.325278,1.0,,,1.0,,,,1.0,,,,,,,,,,,,,,,,,1.0,,,,,,,
https://www.mubawab.tn/fr/a/8077134/villa-en-bande-en-location,Villa en bande en location,Le Bardo à Le Bardo,1 400 TND,140.0,,,,1.0,1.0,,,,Villa,,,,36.8144703,10.1344725,1.0,,,,,,1.0,,,,,,,,,,,,,,,,,,,,,,,,,
https://www.mubawab.tn/fr/a/8082196/villa-s5-avec-piscine-%C3%A0-louer-gammarth,Villa s5 avec piscine à louer Gammarth,Gammarth à La Marsa,6 500 TND,,5.0,6.0,,1.0,1.0,1.0,1.0,1.0,Villa,Nouveau,,,36.876389,10.325278,,,,1.0,,,,,,,,,,,,,,,,,,,1.0,,,,,,,,,
https://www.mubawab.tn/fr/a/8028153/rdc-s4-avec-jardin-%C3%A0-marsa-plage,RDC S4 avec jardin à Marsa plage,La Marsa à La Marsa,3 700 TND,160.0,5.0,4.0,,,1.0,,,,Maison,Bon état,,,36.876389,10.325278,1.0,,,1.0,,,,,,,,,,,,,,,,,,,1.0,,,,,,,,,
https://www.mubawab.tn/fr/a/7956664/villa-s5-avec-piscine-gammarth-sup%C3%A9rieur,"Villa S5 avec piscine, Gammarth supérieur",Gammarth Supérieur à La Marsa,8 000 TND,670.0,6.0,5.0,4.0,1.0,1.0,1.0,1.0,1.0,Villa,Bon état,,Marbre,36.876389,10.325278,,,,1.0,,,,,,,,,1.0,,,,,,2000 m²,,,,,,,,,,,,,
https://www.mubawab.tn/fr/a/8049297/villa-avec-piscine-cit%C3%A9-les-pins,"Villa avec piscine, Cité les pins",La Marsa à La Marsa,6 000 TND,360.0,5.0,3.0,4.0,1.0,1.0,1.0,1.0,1.0,Villa,Bon état,,Marbre,36.876389,10.325278,1.0,,1.0,1.0,,,1.0,1.0,1.0,1.0,,1.0,,1.0,,,,1.0,451 m²,,,,,,,,,,,,,
https://www.mubawab.tn/fr/a/8098397/villa-s5-avec-vue-d%C3%A9gag%C3%A9e-gammarth-sup%C3%A9rieur,"Villa S5 avec vue dégagée, Gammarth supérieur",Gammarth Supérieur à La Marsa,7 500 TND,450.0,6.0,5.0,5.0,1.0,1.0,1.0,1.0,1.0,Villa,Bon état,,Marbre,36.876389,10.325278,1.0,,,1.0,,,1.0,,1.0,,,,,3.0,,,,,1100 m²,,,,,,,1.0,Sud,,,,,
https://www.mubawab.tn/fr/a/7998928/location-triplex-s5-gammarth-village,Location triplex S5 Gammarth village,Gammarth Village à La Marsa,4 200 TND,200.0,6.0,5.0,4.0,1.0,1.0,,1.0,1.0,Villa,Bon état,10-20 ans,Marbre,36.876389,10.325278,,,,1.0,1.0,,1.0,,,,,,1.0,,,,,,,,,,,1.0,,,,,,,,
https://www.mubawab.tn/fr/a/8070254/duplex-avec-piscine-au-jardins-de-carthage,Duplex avec piscine au Jardins de Carthage,Les Jardins de Carthage à Le Kram,4 800 TND,,2.0,4.0,3.0,1.0,1.0,1.0,1.0,1.0,Villa,Bon état,,,36.833333,10.316667,1.0,1.0,1.0,1.0,1.0,,1.0,,,,,,1.0,,,,,,,,,,,,,,,,,,,
https://www.mubawab.tn/fr/a/7908365/jardin-d-enfant-%C3%A9quip%C3%A9e-cit%C3%A9-el-moez-superficie-450-m%C2%B2-double-vitrage-et-chauffage-central,Jardin d'enfant équipée Cité El Moez. Superficie 450 m². Double vitrage et chauffage central,Cité El Moez à La Marsa,3 000 TND,450.0,,4.0,3.0,1.0,,,1.0,1.0,Maison,Bon état,20-30 ans,Carrelage,36.876389,10.325278,1.0,,,1.0,1.0,,,1.0,,1.0,1.0,1.0,1.0,,,1.0,,1.0,,1.0,,,,,,,,,,,,
https://www.mubawab.tn/fr/a/7716774/a-louer-une-villa-en-s3-avec-piscine-%C3%A0-gammarth,A louer une villa en S3 avec piscine à Gammarth,Gammarth à La Marsa,8 000 TND,700.0,5.0,5.0,3.0,1.0,1.0,1.0,1.0,,Villa,Nouveau,,,36.917739,10.288893,,,,1.0,,,,,,,,,,,,,,,,,,,,,,,,,,,,
https://www.mubawab.tn/fr/a/8003051/location-maison-oslo-s2,Location Maison Oslo S2,Hammamet à Hammamet,1 500 TND,100.0,3.0,2.0,,,,,,1.0,Maison,Nouveau,,,36.40108,10.61457,1.0,,,1.0,,1.0,1.0,1.0,,,1.0,,1.0,,,,1.0,,,1.0,1.0,,1.0,,,,,,,,,
https://www.mubawab.tn/fr/a/8060722/villa-s3-avec-jardin-%C3%A0-la-marsa,Villa S3 avec jardin à La Marsa,La Marsa à La Marsa,4 500 TND,500.0,4.0,3.0,3.0,1.0,1.0,,1.0,1.0,Villa,Bon état,,,36.876389,10.325278,1.0,,,1.0,,,1.0,,,,,,,,,,,,,,,,,,,,,,,,,
https://www.mubawab.tn/fr/a/8088847/villa-s4-avec-jardin-%C3%A0-carthage,Villa S4 avec jardin à Carthage,Carthage à Carthage,4 800 TND,400.0,5.0,4.0,3.0,1.0,,,1.0,1.0,Villa,Bon état,,,36.8566,10.3258,1.0,,,1.0,,1.0,1.0,,1.0,,,,,,,,1.0,,,,,,,,,,,,,,,
https://www.mubawab.tn/fr/a/8044389/%C3%A0-louer-une-jolie-villa-s4-%C3%A0-gammarth,À louer une jolie villa S4 à Gammarth,Gammarth à La Marsa,6 000 TND,600.0,4.0,4.0,3.0,1.0,1.0,1.0,1.0,1.0,Villa,Bon état,5-10 ans,Carrelage,36.91773899999996,10.288892999999996,1.0,,,1.0,1.0,1.0,1.0,1.0,,1.0,1.0,1.0,1.0,,,,,,,,1.0,,,,,1.0,Est,,,,,
https://www.mubawab.tn/fr/a/8029161/%C3%A0-louer-villa-s4-%C3%A0-gammarth,À louer villa S4 à Gammarth,Gammarth à La Marsa,5 500 TND,600.0,5.0,4.0,3.0,1.0,1.0,1.0,1.0,1.0,Villa,Bon état,Moins d'un an,Marbre,36.917739,10.288893,1.0,,,1.0,1.0,,,1.0,,1.0,1.0,1.0,1.0,,,,,,,,,,,,,1.0,Est,,,,,
https://www.mubawab.tn/fr/a/8101422/%C3%A0-louer-villa-d%E2%80%99exception-5-ch-%C3%A0-la-marsa,À Louer: Villa d’Exception 5 ch à la Marsa,La Marsa à La Marsa,8 000 TND,600.0,5.0,5.0,4.0,1.0,1.0,1.0,,1.0,Villa,Bon état,1-5 ans,Marbre,36.8941992,10.2762232,1.0,,,1.0,1.0,,,1.0,1.0,1.0,1.0,,1.0,2.0,,,,,,,,,,,,,Est,,,,,
https://www.mubawab.tn/fr/a/8098477/%C3%A0-louer-villa-de-ma%C3%AEtre-avec-vue-mer-%C3%A0-gammarth,À Louer Villa de Maître avec Vue Mer à Gammarth,Gammarth Supérieur à La Marsa,Prix à consulter,800.0,4.0,4.0,4.0,1.0,1.0,1.0,1.0,1.0,Villa,Bon état,5-10 ans,Marbre,36.89317870000003,10.309939399999974,1.0,1.0,1.0,1.0,1.0,,,1.0,,1.0,1.0,1.0,1.0,1.0,,,,,1500 m²,,,,,,1.0,1.0,Est,,,,,
https://www.mubawab.tn/fr/a/8072518/une-villa-ind%C3%A9pendante-s4-%C3%A0-louer-%C3%A0-la-soukra,Une Villa indépendante S4 à louer à La Soukra,La Soukra à La Soukra,2 800 TND,400.0,,4.0,,1.0,1.0,,,,Maison,,,,36.88833,10.27417,,,,,,,,,,,,,,,,,,,,,,,,,,,,,,,,
https://www.mubawab.tn/fr/a/8112577/superbe-triplex-meubl%C3%A9-%C3%A0-gammarth,Superbe triplex meublé à Gammarth,La Marsa à La Marsa,9 000 TND,120.0,,3.0,,,,1.0,,,Villa,,,,36.8941992,10.2762232,1.0,,,,,,,,,,,,,,,,,,,1.0,,,,1.0,,,,,,,,
https://www.mubawab.tn/fr/a/8011372/un-triplex-s4,Un Triplex S4,Chotrana 1 à La Soukra,6 000 TND,350.0,5.0,4.0,5.0,1.0,1.0,,1.0,1.0,Villa,Bon état,,,36.89654399999999,10.217961000000004,1.0,1.0,,1.0,1.0,,1.0,1.0,,1.0,,1.0,1.0,,,,1.0,,,,,,,1.0,,1.0,,,,,,
https://www.mubawab.tn/fr/a/7844327/location-villa-guerlain-s3,Location villa Guerlain S3,Hammamet Sud à Hammamet,4 000 TND,1040.0,4.0,3.0,3.0,1.0,1.0,1.0,1.0,1.0,Villa,Nouveau,,,36.40108,10.61457,1.0,1.0,,1.0,,1.0,1.0,1.0,,1.0,1.0,1.0,1.0,,,1.0,1.0,,,1.0,1.0,1.0,,,,,,,,,,
https://www.mubawab.tn/fr/a/8112383/rez-de-chauss%C3%A9e-s2-%C3%A0-nouvelle-medina,Rez de chaussée S2 à Nouvelle Medina,El Yasminette à Nouvelle Medina,550 TND,,2.0,2.0,,,,,,,Villa,Nouveau,,,36.78898,10.18348,1.0,,,,,,,,,,,,,,,,,,,,,,1.0,,,,,,,,,
https://www.mubawab.tn/fr/a/8112355/villa-de-luxe-%C3%A0-louer-%C3%A0-mutuelle-ville-surface-totale-120-m%C2%B2-syst%C3%A8me-de-climatisation,Villa de luxe à louer à Mutuelle Ville. Surface totale 120 m². Système de climatisation,Mutuelle Ville à El Menzah,1 800 TND,120.0,,3.0,2.0,,,,1.0,,Villa,Bon état,,,36.8316382,10.1641474,,,,1.0,,,,,,,,,,,,,,,120 m²,,,,,,,,,,,,,
https://www.mubawab.tn/fr/a/8040243/location-duplex-hammam-sousse,Location Duplex Hammam Sousse,Hammam Sousse à Hammam Sousse,1 800 TND,170.0,4.0,3.0,2.0,,,,1.0,1.0,Maison,Bon état,,,35.8569,10.5972,,,,1.0,,,,,,,,,,,,,,,,,,,,1.0,1.0,,,,,,,
https://www.mubawab.tn/fr/a/8077276/duplex-s4-meubl%C3%A9-avec-piscine-%C3%A0-la-marsa,Duplex S4 meublé avec piscine à La Marsa,La Marsa à La Marsa,5 000 TND,,5.0,4.0,2.0,,1.0,1.0,1.0,1.0,Villa,Bon état,,Carrelage,36.876389,10.325278,1.0,,,1.0,1.0,1.0,1.0,,1.0,1.0,1.0,1.0,1.0,2.0,,1.0,1.0,1.0,,1.0,1.0,1.0,,,,,,,,,,
https://www.mubawab.tn/fr/a/8045545/etage-de-villa-s3-meubl%C3%A9-%C3%A0-louer-%C3%A0-l-aouina,Etage de villa S3 meublé à louer à l'aouina,El Aouina,2 700 TND,210.0,5.0,4.0,,,1.0,,,1.0,Maison,Bon état,,,33.07772,9.58381,1.0,,,,,,,,,,,,,,,,,,,,,,1.0,,,,,,,,,
https://www.mubawab.tn/fr/a/7830463/a-louer-une-grande-villa-avec-jardin-et-piscine-au-lac1,A louer une grande villa avec jardin et piscine au lac1,Les Berges Du Lac 1 à La Marsa,10 500 TND,650.0,10.0,8.0,5.0,1.0,1.0,1.0,1.0,1.0,Villa,Bon état,,,36.8355152,10.2241758,,1.0,,1.0,1.0,,1.0,1.0,,1.0,1.0,1.0,1.0,,,,,1.0,,,,,,,,,,,,,,
https://www.mubawab.tn/fr/a/8107513/%C3%A0-louer-une-villa-avec-piscine-au-lac1,À louer une villa avec piscine au lac1,Les Berges Du Lac 1 à La Marsa,12 000 TND,700.0,9.0,8.0,5.0,1.0,1.0,1.0,1.0,1.0,Villa,Bon état,,,36.8355152,10.2241758,1.0,1.0,,1.0,1.0,,1.0,1.0,1.0,1.0,1.0,1.0,1.0,,,,1.0,,,,,,,,,,,,,,,
https://www.mubawab.tn/fr/a/8072181/location-maison-le-verger-s2,Location Maison Le verger S2,Hammamet à Hammamet,1 100 TND,80.0,3.0,2.0,,1.0,,,1.0,1.0,Maison,Bon état,,,36.40108,10.61457,1.0,,,1.0,,1.0,1.0,,,,,,,,,1.0,1.0,,150 m²,1.0,1.0,1.0,1.0,,,,,,,,,
https://www.mubawab.tn/fr/a/8099658/coquette-villa-proche-de-la-mer-%C3%A0-louer-%C3%A0-la-marsa,Coquette villa proche de la mer à louer à la Marsa,La Marsa à La Marsa,4 500 TND,400.0,,3.0,,1.0,1.0,,1.0,1.0,Villa,Bon état,5-10 ans,Carrelage,36.8941992,10.2762232,1.0,,,1.0,,,,,,,,,,,,,,,,,,,1.0,,1.0,,,,,,,
https://www.mubawab.tn/fr/a/8050307/coquette-villa-avec-piscine,Coquette villa avec piscine,Gammarth à La Marsa,3 800 TND,380.0,,5.0,3.0,1.0,1.0,1.0,,1.0,Villa,Bon état,5-10 ans,Marbre,36.87899619999999,10.306750100000002,1.0,,,,,1.0,,,,,,,,3.0,,,,,,,,,,,1.0,,Nord,,,,,
https://www.mubawab.tn/fr/a/8101426/location-villa-s7-%C3%A0-la-soukra,Location villa s7 à la soukra,La Soukra à La Soukra,3 500 TND,600.0,,8.0,7.0,1.0,1.0,1.0,1.0,1.0,Maison,Bon état,10-20 ans,,36.88833,10.27417,1.0,,1.0,1.0,,,1.0,1.0,,1.0,1.0,,,,,,,1.0,1900 m²,,,,,,,,,,,,,
https://www.mubawab.tn/fr/a/8108719/villa-s4-%C3%A0-sidi-bou-said-mvl0451,Villa S4 à Sidi Bou Said MVL0451,Sidi Bousaid à Carthage,4 800 TND,,,4.0,3.0,,,,1.0,1.0,Villa,Bon état,,,36.8566,10.3258,1.0,,,1.0,,,,,1.0,,,,,,1.0,,,,,,,,,,,,,,,,,
https://www.mubawab.tn/fr/a/8111827/%C3%A0-louer-villa-meubl%C3%A9e-%C3%A0-carthage,À louer villa meublée à Carthage,Carthage à Carthage,4 500 TND,,4.0,3.0,2.0,1.0,1.0,1.0,1.0,1.0,Villa,Bon état,,,36.8694317,10.3164051,1.0,,,1.0,,1.0,1.0,,,,,1.0,1.0,,,,1.0,1.0,,1.0,1.0,1.0,,,,,,,,,,
https://www.mubawab.tn/fr/a/8111810/villa-s4-avec-vue-sur-port-punique-carthage,"Villa S4 avec vue sur port Punique, Carthage",Carthage à Carthage,Prix à consulter,1000.0,6.0,4.0,4.0,1.0,1.0,1.0,1.0,1.0,Villa,Bon état,10-20 ans,Carrelage,36.8566,10.3258,1.0,,,1.0,,,,1.0,,,,1.0,,3.0,,,,,500 m²,,,,,1.0,1.0,,,,,,,
https://www.mubawab.tn/fr/a/8108560/a-louer-une-villa-s5-%C3%A0-carthage-avec-piscine,A louer Une villa S5 à Carthage avec piscine,Carthage à Carthage,11 000 TND,,5.0,6.0,3.0,1.0,1.0,1.0,,1.0,Maison,Nouveau,,,36.8694317,10.3164051,1.0,,,,,,,,,,,1.0,,,,,,,,,,,,,,,,,,,,
https://www.mubawab.tn/fr/a/8097183/%C3%A0-louer-%E2%80%93-villa-meubl%C3%A9e-ou-vide-%C3%A0-cit%C3%A9-les-pins,À LOUER – Villa Meublée ou Vide à Cité Les Pins,Cité Les Pins à La Marsa,7 000 TND,,6.0,3.0,2.0,1.0,1.0,1.0,1.0,1.0,Villa,Bon état,,,36.876389,10.325278,,,,1.0,1.0,,1.0,,1.0,1.0,,1.0,1.0,,,,,,1 m²,,,,,,,,,,,,,
https://www.mubawab.tn/fr/a/7989460/une-villa-%C3%A0-louer,Une Villa à Louer,Cité El Khalil à La Marsa,6 000 TND,300.0,5.0,4.0,3.0,1.0,1.0,1.0,1.0,1.0,Villa,Bon état,,Marbre,36.876389,10.325278,1.0,,,1.0,,,,1.0,,,,,1.0,,,,,,,,,,,,,,,,,,,
https://www.mubawab.tn/fr/a/8111603/villa-individuelle-en-location,Villa individuelle en location,La Marsa à La Marsa,2 500 TND,185.0,,,,1.0,,,1.0,,Villa,,,,36.8941992,10.2762232,,,,1.0,,,,,,,,,,,,,,,,1.0,,,,,,,,,,,,
https://www.mubawab.tn/fr/a/8017842/villa-%C3%A0-louer-%C3%A0-l-ann%C3%A9e-%C3%A0-yasmine-hammamet,Villa à louer à l'année à yasmine Hammamet,Yasmine Hammamet à Hammamet,3 700 TND,351.0,6.0,4.0,5.0,1.0,,1.0,1.0,1.0,Villa,Bon état,,,36.40108,10.61457,1.0,,,1.0,1.0,1.0,1.0,,,,,,,,,,1.0,,,1.0,1.0,1.0,,,,,,,,,,
https://www.mubawab.tn/fr/a/8108571/villa-%C3%A0-louer-%C3%A0-l-ann%C3%A9e-%C3%A0-hammamet-sud-shahed,Villa à Louer à L'année à Hammamet Sud Shahed,Hammamet Sud à Hammamet,5 000 TND,4000.0,5.0,4.0,5.0,1.0,,1.0,,1.0,Villa,Bon état,,,36.40108,10.61457,1.0,1.0,1.0,1.0,1.0,1.0,1.0,,,,,,,,,,,,500 m²,1.0,1.0,1.0,,,,,,,,,,
https://www.mubawab.tn/fr/a/8110148/a-louder-mornaguia,A louder Mornaguia,Mornaguia à Mornaguia,600 TND,220.0,7.0,4.0,2.0,,,,,,Villa,Nouveau,Moins d'un an,Parquet,36.8094099,9.9089889,1.0,,,,,,,1.0,1.0,,,,,1.0,,,,,160 m²,,,,,,,,Ouest,,,,,
https://www.mubawab.tn/fr/a/8039825/maison-%C3%A0-louer-%C3%A0-la-marsa-surface-totale-255-m%C2%B2-porte-blind%C3%A9e-antenne-parabolique,"Maison à louer à La Marsa. Surface totale 255 m². Porte blindée, antenne parabolique",La Marsa à La Marsa,3 850 TND,255.0,,4.0,3.0,,1.0,,1.0,1.0,Villa,Bon état,1-5 ans,Marbre,36.8791056,10.3064889,1.0,,,1.0,1.0,,,1.0,,,1.0,1.0,1.0,,,,,,,1.0,,,,,1.0,,Nord,,,,,
https://www.mubawab.tn/fr/a/8042841/superbe-duplex-avec-une-splendide-vue-mer-%C3%A0-louer-%C3%A0-la-marsa,Superbe duplex avec une splendide vue mer à louer à la marsa,La Marsa à La Marsa,3 800 TND,200.0,,4.0,3.0,,1.0,,1.0,,Maison,Bon état,5-10 ans,Marbre,36.879029,10.3067603,1.0,,,1.0,1.0,,,1.0,1.0,,1.0,1.0,1.0,,,,,,,,,,,1.0,,1.0,Nord,,,,,
https://www.mubawab.tn/fr/a/8110884/a-louer-villa-avec-piscine-%C3%A0-carthage,A Louer Villa avec Piscine à Carthage,Carthage à Carthage,Prix à consulter,700.0,5.0,4.0,3.0,1.0,1.0,1.0,1.0,1.0,Villa,Bon état,,,36.8566,10.3258,1.0,,,1.0,,,1.0,,1.0,,,,,,,,,,,,,,,,,,,,,,,
https://www.mubawab.tn/fr/a/7820144/location-villa-juliette-2-s3-hammamet-nord,Location villa juliette 2 S3 Hammamet nord,Hammamet Nord à Hammamet,2 500 TND,220.0,4.0,3.0,2.0,1.0,1.0,,1.0,1.0,Villa,Bon état,,,36.40108,10.61457,1.0,,,1.0,,,,,,,,,,,,,,,,1.0,,,,,,,,,,,,
https://www.mubawab.tn/fr/a/8010777/location-villa-najm-dine-s4-hammamet-centre,Location Villa Najm Dine S4 Hammamet centre,Hammamet à Hammamet,3 000 TND,440.0,5.0,4.0,2.0,1.0,1.0,1.0,1.0,1.0,Villa,Bon état,,,36.40108,10.61457,1.0,,,1.0,,1.0,1.0,,,,,1.0,,,,,1.0,,,,1.0,1.0,,,,,,,,,,
https://www.mubawab.tn/fr/a/8053306/villa-s5-avec-piscine-%C3%A0-gammarth-mvl0064,Villa S5 avec piscine à Gammarth MVL0064,Gammarth à La Marsa,Prix à consulter,,,5.0,4.0,1.0,1.0,1.0,1.0,1.0,Villa,Bon état,,,36.876389,10.325278,1.0,1.0,,1.0,,,,1.0,1.0,,,,,,1.0,,,,,,,,,,,,,,,,,
https://www.mubawab.tn/fr/a/8110842/villa-s4-meubl%C3%A9-avec-piscine-%C3%A0-menzah-9,Villa S4 meublé avec piscine à Menzah 9,El Menzah 9 à El Menzah,7 500 TND,330.0,6.0,5.0,3.0,1.0,1.0,1.0,1.0,1.0,Villa,Bon état,,,36.845235,10.164723,,,,1.0,,,1.0,,,,,,,2.0,,,,,,1.0,,1.0,,,,,,,,,,
https://www.mubawab.tn/fr/a/8083657/villa-individuelle-en-location,Villa individuelle en location,La Soukra à La Soukra,1 600 TND,180.0,,,,1.0,,,1.0,,Villa,,,,36.88833,10.27417,,,1.0,,,,,,,,,,,,,,,,,,,,,,,,,,,,,
https://www.mubawab.tn/fr/a/8085024/villa-individuelle-en-location,Villa individuelle en location,Mutuelle Ville à El Menzah,2 800 TND,175.0,,,,1.0,1.0,,1.0,,Villa,,,,36.8316382,10.1641474,,,,1.0,,,,,,,,,,,,,,,,,,,,,,,,,,,,
https://www.mubawab.tn/fr/a/8087280/villa-individuelle-en-location,Villa individuelle en location,El Menzah,5 000 TND,390.0,,,,1.0,1.0,,1.0,,Villa,,,,36.845235,10.164723,1.0,,,1.0,,,,,,,,1.0,,,,,,,,,,,,,,,,,,,,
https://www.mubawab.tn/fr/a/8110821/a-louer-villa-s4-%C3%A0-la-marsa,A louer villa S4 à la Marsa,La Marsa à La Marsa,3 500 TND,350.0,,5.0,,1.0,,1.0,1.0,1.0,Maison,,,,36.8941992,10.2762232,,,,1.0,,,1.0,,,,,1.0,,,,,,,,,,,,,,,,,,,,
https://www.mubawab.tn/fr/a/8110671/maison-disponible-%C3%A0-la-location-%C3%A0-el-manzah-5,Maison disponible à la location à El Manzah 5,El Menzah 5 à Ariana Ville,900 TND,150.0,5.0,2.0,,1.0,,,,,Maison,Bon état,10-20 ans,Carrelage,36.8625,10.19556,,,,,,,,,1.0,,,,1.0,1.0,,,,1.0,100 m²,,,,1.0,,,,,,,,,
https://www.mubawab.tn/fr/a/8110486/etage-de-villa-s3-avec-vue-sur-mer-la-marsa,"Etage de villa S3 avec vue sur mer, La Marsa",La Marsa à La Marsa,5 000 TND,200.0,5.0,3.0,3.0,,,,1.0,1.0,Villa,Bon état,10-20 ans,,36.876389,10.325278,1.0,,,1.0,,1.0,1.0,,,,,,,,,1.0,1.0,,200 m²,1.0,,1.0,,,1.0,,,,,,,
https://www.mubawab.tn/fr/a/7957539/location-d-une-villa-%C3%A0-la-marsa,Location d'une villa à la marsa,La Marsa à La Marsa,7 000 TND,330.0,3.0,3.0,,1.0,,1.0,,,Villa,Nouveau,,,36.876389,10.325278,1.0,,,,,,,,,,,,,,,,,,,,,,1.0,,,,,,,,,
https://www.mubawab.tn/fr/a/8021650/magnifique-villa-avec-piscine,Magnifique Villa avec Piscine,Chott Meriem à Akouda,2 500 TND,150.0,4.0,3.0,,1.0,1.0,1.0,1.0,1.0,Villa,Bon état,,,35.87,10.57,1.0,,1.0,1.0,1.0,1.0,1.0,,,,1.0,,1.0,,,,,1.0,,1.0,1.0,1.0,1.0,,,,Ouest,,,,,
https://www.mubawab.tn/fr/a/8007886/une-villa-jumel%C3%A9e-s5-chotrana-1,Une villa jumelée s5 Chotrana 1,Chotrana 1 à La Soukra,5 500 TND,400.0,5.0,4.0,5.0,1.0,1.0,,1.0,1.0,Maison,Nouveau,5-10 ans,Marbre,36.88333299999999,10.25,1.0,1.0,,1.0,1.0,,1.0,1.0,,,,1.0,1.0,,,,1.0,1.0,,,,,,1.0,,,Sud,,,,,
https://www.mubawab.tn/fr/a/7706144/a-louer-un-triplex-meubl%C3%A9-avec-piscine-%C3%A0-sidi-bou,A Louer Un Triplex Meublé Avec Piscine À Sidi Bou,Sidi Bousaid à Carthage,10 000 TND,,5.0,3.0,3.0,1.0,1.0,1.0,1.0,1.0,Villa,Bon état,,,36.8566,10.3258,1.0,1.0,,1.0,1.0,1.0,1.0,1.0,,,,1.0,1.0,,,,1.0,1.0,,1.0,1.0,1.0,,1.0,1.0,1.0,,,,,,
https://www.mubawab.tn/fr/a/7920173/a-louer-villa-avec-piscine-aux-berges-du-lac,A Louer Villa Avec Piscine aux berges du lac,Les Berges Du Lac 2 à La Marsa,11 000 TND,,9.0,6.0,4.0,1.0,1.0,1.0,1.0,1.0,Villa,Bon état,,,36.87638899999999,10.325278,1.0,,,1.0,1.0,1.0,1.0,1.0,,,,1.0,1.0,,,,1.0,1.0,,,,1.0,,,,,,,,,,
https://www.mubawab.tn/fr/a/8099385/villa-avec-piscine-%C3%A0-carthage,Villa avec piscine à Carthage,Carthage à Carthage,11 500 TND,,4.0,3.0,3.0,1.0,1.0,1.0,1.0,1.0,Villa,Nouveau,,,36.8694317,10.3164051,1.0,,,1.0,1.0,1.0,1.0,1.0,,,,1.0,1.0,,,,1.0,1.0,,,,,,,,,,,,,,
https://www.mubawab.tn/fr/a/7966018/a-louer-villa-s4-avec-piscine-%C3%A1-la-marsa,A louer villa S4 avec piscine á la Marsa,La Marsa à La Marsa,7 800 TND,,6.0,4.0,3.0,1.0,,1.0,1.0,1.0,Villa,Bon état,,,36.876389,10.325278,1.0,,1.0,1.0,1.0,,1.0,1.0,,,,1.0,1.0,,,,1.0,1.0,,,,,,,,,,,,,,
https://www.mubawab.tn/fr/a/8087578/%C3%A0-louer-villa-avec-piscine,À louer villa avec piscine,Carthage à Carthage,8 500 TND,,6.0,5.0,3.0,1.0,1.0,1.0,1.0,1.0,Villa,Bon état,,,36.8694317,10.3164051,1.0,,,1.0,1.0,1.0,1.0,1.0,1.0,,,1.0,1.0,,,,1.0,1.0,,,,,,,,,,,,,,
https://www.mubawab.tn/fr/a/8091003/%C3%A0-louer-duplex-avec-jardin-%C3%A0-gammarth,À louer duplex avec Jardin à Gammarth,Gammarth à La Marsa,3 500 TND,,4.0,3.0,3.0,1.0,1.0,,1.0,1.0,Villa,Bon état,,,36.917739,10.288893,1.0,,1.0,1.0,1.0,1.0,1.0,1.0,,,,1.0,1.0,,,,1.0,1.0,,,,,,,,,,,,,,
https://www.mubawab.tn/fr/a/8099381/%C3%A0-louer-une-villa-avec-piscine-%C3%A0-gammarth,À louer une villa avec piscine à Gammarth,Gammarth à La Marsa,5 400 TND,,6.0,5.0,3.0,1.0,1.0,1.0,1.0,1.0,Villa,Nouveau,,,36.917739,10.288893,1.0,,,1.0,1.0,1.0,1.0,1.0,,,,1.0,1.0,,,,1.0,1.0,,,,,,,,,,,,,,
https://www.mubawab.tn/fr/a/7865031/villa-avec-piscine-%C3%A0-louer-gammarth-sup%C3%A9rieur,Villa avec piscine à louer Gammarth supérieur,Gammarth Supérieur à La Marsa,5 000 TND,250.0,5.0,4.0,2.0,1.0,1.0,1.0,1.0,1.0,Villa,Bon état,,,36.876389,10.325278,1.0,1.0,,1.0,1.0,,,1.0,,,,,1.0,,,,,,450 m²,,,,,,,1.0,,,,,,
https://www.mubawab.tn/fr/a/8110334/a-louer-%C3%A9tage-de-villa-s3-meubl%C3%A9-au-manar-2,A louer étage de villa S3 meublé au Manar 2,El Manar 2 à El Menzah,2 500 TND,200.0,5.0,3.0,2.0,,1.0,,1.0,1.0,Maison,Nouveau,,,36.845235,10.164723,1.0,,,1.0,1.0,1.0,1.0,,,,,1.0,1.0,,,,,,,1.0,1.0,,,,,,,,,,,
https://www.mubawab.tn/fr/a/7706152/a-louer-villa-vue-sur-mer-%C3%A0-la-marsa,A Louer Villa Vue Sur Mer À La Marsa,La Marsa à La Marsa,8 500 TND,,6.0,4.0,3.0,1.0,1.0,1.0,1.0,1.0,Villa,Bon état,,,36.87638899999999,10.325278000000004,1.0,1.0,,1.0,,1.0,1.0,1.0,,,,1.0,1.0,,,,1.0,1.0,,,,1.0,,,1.0,,,,,,,
https://www.mubawab.tn/fr/a/7853905/a-louer-magnifique-villa-%C3%A1-carthage,A louer magnifique villa á Carthage,Carthage à Carthage,8 000 TND,,7.0,4.0,4.0,1.0,1.0,,1.0,1.0,Villa,Bon état,,,36.856600000000014,10.325799999999996,1.0,,1.0,1.0,1.0,1.0,1.0,1.0,,,,1.0,1.0,,,,1.0,1.0,,,,1.0,,1.0,1.0,,,,,,,
https://www.mubawab.tn/fr/a/7976111/a-louer-villa-%C3%A0-cot%C3%A9-du-lyc%C3%A9e-fran%C3%A7ais-la-marsa,A Louer Villa À Coté Du Lycée Français La Marsa,La Marsa à La Marsa,6 300 TND,,6.0,4.0,2.0,1.0,1.0,,1.0,1.0,Villa,Bon état,,,36.876389,10.325278,1.0,,,1.0,1.0,1.0,1.0,1.0,,,,1.0,,,,,,1.0,,,,,,,,,,,,,,
https://www.mubawab.tn/fr/a/7983357/a-louer-villa-avec-piscine-%C3%A1-gammarth,A louer villa avec piscine á Gammarth,Gammarth à La Marsa,7 000 TND,,6.0,4.0,3.0,1.0,1.0,1.0,1.0,1.0,Villa,Bon état,,,36.876389,10.325278,1.0,,1.0,1.0,1.0,1.0,1.0,1.0,,,,1.0,1.0,,,,1.0,1.0,,1.0,1.0,1.0,,,,,,,,,,
https://www.mubawab.tn/fr/a/7827466/a-louer-magnifique-villa-meubl%C3%A9e-%C3%A1-gammarth,A Louer magnifique Villa Meublée á Gammarth,Gammarth à La Marsa,9 700 TND,,5.0,4.0,4.0,1.0,1.0,1.0,1.0,1.0,Villa,Bon état,,,36.87638899999999,10.325278000000004,1.0,1.0,,1.0,1.0,1.0,1.0,1.0,,1.0,,1.0,1.0,,,,1.0,1.0,,1.0,1.0,1.0,,,,,,,,,,
https://www.mubawab.tn/fr/a/7801842/villa-%C3%A0-louer,Villa à louer,Aghir,2 500 TND,,3.0,3.0,2.0,1.0,,1.0,,1.0,Villa,Bon état,,,33.759722,11.01251,,,,1.0,,1.0,1.0,,,,,,,,,,,,,1.0,1.0,1.0,,,,,,,,,,
https://www.mubawab.tn/fr/a/8101269/villa-neuve-de-tr%C3%A8s-haut-standing-avec-tr%C3%A8s-belle-vue-sur-mer,Villa neuve de très haut standing avec très belle vue sur mer,La Marsa à La Marsa,8 000 TND,320.0,,4.0,5.0,1.0,1.0,1.0,1.0,1.0,Villa,Nouveau,1-5 ans,Marbre,36.8791416,10.306494600000011,1.0,,,1.0,1.0,1.0,1.0,1.0,,,1.0,1.0,1.0,4.0,,1.0,1.0,,320 m²,1.0,1.0,1.0,,,1.0,,Sud,,,,,
https://www.mubawab.tn/fr/a/8025657/un-duplex-s4-%C3%A0-gammarth,Un duplex S4 à Gammarth,Gammarth à La Marsa,6 500 TND,350.0,,4.0,3.0,1.0,1.0,1.0,1.0,1.0,Villa,Bon état,,,36.8941992,10.2762232,1.0,1.0,,1.0,1.0,1.0,1.0,1.0,,,1.0,1.0,1.0,,1.0,,1.0,,,1.0,,,,1.0,1.0,,,,,,,
https://www.mubawab.tn/fr/a/8109949/a-louer-villa-%C3%A0-gammarth-avec-piscine,A louer Villa à Gammarth avec piscine,Gammarth à La Marsa,7 500 TND,700.0,2.0,4.0,4.0,1.0,1.0,1.0,1.0,1.0,Villa,Nouveau,,,36.876389,10.325278,1.0,1.0,1.0,1.0,,1.0,1.0,1.0,,1.0,1.0,1.0,1.0,1.0,,,1.0,,600 m²,1.0,,1.0,,,,,,,,,,
https://www.mubawab.tn/fr/a/8109924/villa-de-luxe-avec-piscine%E2%80%93-location-annuelle,Villa de luxe avec piscine– Location annuelle,Midoune à Midoun,3 000 TND,200.0,5.0,4.0,3.0,1.0,,1.0,,1.0,Villa,Bon état,,,33.813464077776004,11.008390605525063,1.0,,,1.0,,,,,,,,,,,,,,,,1.0,,,,,,,,,,,,
https://www.mubawab.tn/fr/a/8109915/jolie-villa-%C3%A0-louer-%C3%A0-carthage,Jolie villa à louer à Carthage,Carthage à Carthage,9 000 TND,300.0,5.0,4.0,2.0,1.0,1.0,1.0,1.0,1.0,Villa,Bon état,,,36.8566,10.3258,1.0,,,1.0,,,1.0,,,1.0,,,1.0,,,,1.0,,,,,,,,1.0,,,,,,,
https://www.mubawab.tn/fr/a/8043303/location-villa-2-niv-a-carthage-byrsa,Location villa 2 niv a carthage byrsa,Carthage Byrsa à Carthage,3 300 TND,500.0,6.0,4.0,3.0,1.0,1.0,,1.0,,Maison,Bon état,10-20 ans,Marbre,36.8566,10.3258,,,,1.0,,,,,,,,,,,,,,,,,,,,,,,,,,,,
https://www.mubawab.tn/fr/a/8109814/villa-s5-%C3%A0-gammarth-sup%C3%A9rieur,Villa S5 à Gammarth Supérieur,Gammarth Supérieur à La Marsa,10 000 TND,500.0,6.0,5.0,4.0,1.0,1.0,1.0,1.0,1.0,Villa,Bon état,,,36.876389,10.325278,1.0,,,1.0,1.0,,1.0,,1.0,,1.0,,1.0,,,,,,,,,,,,,,,,,,,
https://www.mubawab.tn/fr/a/7900877/villa-meubl%C3%A9e-avec-terrasse-%C3%A0-la-marsa,Villa meublée avec terrasse à La Marsa,La Marsa à La Marsa,4 500 TND,,,3.0,3.0,,,,1.0,1.0,Maison,Bon état,,,36.876389,10.325278,1.0,,,1.0,1.0,1.0,1.0,1.0,,,,,1.0,,1.0,,,,,1.0,1.0,1.0,,,,,,,,,,
https://www.mubawab.tn/fr/a/8022126/villa-s4-a-la-marsa-cube-avec-vu-mer,Villa S4 a La Marsa Cube avec vu mer,La Marsa à La Marsa,Prix à consulter,700.0,4.0,4.0,4.0,1.0,1.0,1.0,1.0,1.0,Villa,Nouveau,Moins d'un an,Marbre,36.876389,10.325278,1.0,,,1.0,1.0,,1.0,1.0,,,,1.0,1.0,,,1.0,1.0,1.0,,,,,,,1.0,1.0,,,,,,
https://www.mubawab.tn/fr/a/8041764/villa-meubl%C3%A9e-s5-avec-piscine-%C3%A0-yasmine-hammamet,Villa meublée S5 avec piscine à yasmine hammamet,Yasmine Hammamet à Hammamet,4 200 TND,300.0,6.0,5.0,4.0,1.0,1.0,1.0,1.0,1.0,Villa,Bon état,,Marbre,36.40108,10.61457,1.0,,,1.0,,1.0,1.0,,,,,,,2.0,,,1.0,,400 m²,1.0,1.0,1.0,,,,,,,,,,
https://www.mubawab.tn/fr/a/8109623/villa-de-luxe-%C3%A0-louer-%C3%A0-la-marsa-surface-de-250-m%C2%B2-meubl%C3%A9,Villa de luxe à louer à La Marsa. Surface de 250 m². Meublé,La Marsa à La Marsa,8 000 TND,250.0,,4.0,3.0,1.0,1.0,,1.0,1.0,Villa,Nouveau,1-5 ans,Marbre,33.88689999999998,9.537500000000003,1.0,,1.0,1.0,1.0,1.0,1.0,,,,,1.0,1.0,4.0,,,,,250 m²,1.0,,,,,,,Sud,,,,,
https://www.mubawab.tn/fr/a/7919148/a-louer-une-villa-de-plain-pied-en-s3-a-sidi-bou-sa%C3%AFd,A louer une villa de plain pied en s3 a Sidi Bou Saïd,Sidi Bousaid à Carthage,5 700 TND,1800.0,6.0,3.0,3.0,1.0,1.0,,1.0,,Villa,Bon état,,,36.8566,10.3258,1.0,1.0,,1.0,,,,,,,,1.0,,,,,,,,1.0,,,,,,,,,,,,
https://www.mubawab.tn/fr/a/8109526/villa-avec-piscine-%C3%A0-louer-carthage,Villa avec piscine à louer Carthage,Carthage à Carthage,12 000 TND,400.0,4.0,7.0,,1.0,1.0,1.0,,1.0,Maison,Nouveau,,,36.8566,10.3258,1.0,,,,,,,,,,,,,,,,,,,,,,1.0,,,,,,,,,
https://www.mubawab.tn/fr/a/8090175/duplex-meubl%C3%A9-%C3%A0-louer-la-marsa,Duplex meublé à louer La Marsa,La Marsa à La Marsa,8 000 TND,300.0,3.0,4.0,,1.0,,1.0,,1.0,Maison,Nouveau,,,36.876389,10.325278,1.0,,,,,,,,,,,,,,,,,,,1.0,,,1.0,,,,,,,,,
https://www.mubawab.tn/fr/a/8100663/villa-avec-piscine-vue-mer-%C3%A0-louer-la-marsa,Villa avec piscine vue mer à louer La Marsa,Gammarth à La Marsa,11 000 TND,,4.0,3.0,3.0,1.0,1.0,1.0,1.0,1.0,Maison,Nouveau,,,36.876389,10.325278,1.0,,,1.0,1.0,,,,,,,1.0,1.0,,,,,,,,,,,,1.0,,,,,,,
https://www.mubawab.tn/fr/a/8063075/appartement-s1-meubl%C3%A9-au-lac-2,Appartement s1 meublé au lac 2,Les Berges Du Lac 2 à La Marsa,2 000 TND,100.0,2.0,,,,1.0,1.0,1.0,1.0,Maison,Bon état,,,36.876389,10.325278,1.0,,1.0,1.0,1.0,1.0,1.0,,1.0,1.0,1.0,1.0,1.0,,,1.0,1.0,1.0,90 m²,1.0,1.0,1.0,1.0,1.0,,,,1.0,,,,
https://www.mubawab.tn/fr/a/8109407/maison-manar,Maison manar,El Manar 1 à El Menzah,700 TND,200.0,3.0,2.0,,,1.0,,,,Maison,Bon état,5-10 ans,,36.8331947,10.1384603,1.0,,,,,,,,,,,,,1.0,,,,,200 m²,,,,1.0,,,,,,,,,
https://www.mubawab.tn/fr/a/8020876/villa-meubl%C3%A9e-les-berges-du-lac-2,Villa meublée les berges du lac 2,Les Berges Du Lac 2 à La Marsa,10 000 TND,600.0,4.0,5.0,3.0,1.0,1.0,1.0,1.0,1.0,Villa,Bon état,10-20 ans,Marbre,36.8468986,10.2641808,1.0,,,1.0,1.0,1.0,1.0,1.0,,1.0,1.0,1.0,1.0,,,1.0,1.0,1.0,,1.0,1.0,1.0,,,,,Est,,,,,
https://www.mubawab.tn/fr/a/8109269/location-maison-a-fouchana-cit%C3%A9-el-amal-pas-loins,Location maison a fouchana cité el amal pas loins,Cité El Amel à Fouchana,400 TND,100.0,3.0,2.0,,,,,,,Maison,Bon état,,,36.70107,10.16982,1.0,,,,,,,,,,,,,,,,,,,,,,1.0,,,,,,,,,
https://www.mubawab.tn/fr/a/8019597/appartement-s2-meubl%C3%A9-%C3%A0-louer-sidi-daoud,Appartement S2 meublé à louer Sidi Daoud,Sidi Daoued à La Marsa,2 000 TND,120.0,3.0,2.0,,,1.0,,1.0,1.0,Maison,Bon état,1-5 ans,Marbre,36.876389,10.325278,1.0,,,1.0,1.0,1.0,1.0,,,1.0,1.0,,1.0,,,1.0,1.0,1.0,,1.0,1.0,1.0,1.0,,,1.0,,,,,,
https://www.mubawab.tn/fr/a/8109135/un-triplex-neuf-aux-jardins-de-carthage,Un triplex neuf aux jardins de Carthage,Les Jardins de Carthage à Le Kram,5 000 TND,200.0,5.0,4.0,2.0,1.0,1.0,1.0,1.0,1.0,Villa,Bon état,,,36.833333,10.316667,1.0,,,1.0,1.0,,,,1.0,,,,,,,,,1.0,,,,,,,,,,,,,,
https://www.mubawab.tn/fr/a/8097103/a-louer-une-villa-de-ma%C3%AEtre-%C3%A0-gammarth,A louer une villa de maître à Gammarth,Gammarth Supérieur à La Marsa,14 000 TND,,4.0,5.0,,1.0,,1.0,1.0,1.0,Maison,Nouveau,,,36.876389,10.325278,1.0,1.0,,,,,,,,,,1.0,,,,,,,,,,,1.0,,,,,,,,,
https://www.mubawab.tn/fr/a/8070077/duplex-s2-meubl%C3%A9-de-160m2,Duplex S2 meublé de 160m2,Hammamet Sud à Hammamet,1 500 TND,160.0,3.0,2.0,2.0,1.0,1.0,,1.0,1.0,Maison,Nouveau,1-5 ans,,36.40108,10.61457,1.0,,,1.0,,1.0,1.0,,,,,,,1.0,,,1.0,1.0,,1.0,1.0,1.0,,,,,,,,,,
https://www.mubawab.tn/fr/a/8109104/un-r%C3%A9ez-de-chauss%C3%A9e-s4-%C3%A0-la-marsa,Un réez de chaussée s4 à la marsa,Cité Les Pins à La Marsa,5 800 TND,200.0,5.0,4.0,,1.0,1.0,1.0,1.0,1.0,Villa,Bon état,,,36.876389,10.325278,1.0,,,1.0,1.0,1.0,1.0,,1.0,,,1.0,,,,1.0,1.0,,,1.0,,1.0,1.0,,,,,,,,,
https://www.mubawab.tn/fr/a/7856124/a-louer-villa-s3-meubl%C3%A9-%C3%A0-afh-mrezga-nabeul,"A louer villa S3 meublé à AFH Mrezga, Nabeul",Cité El Wafa à Nabeul,2 000 TND,260.0,4.0,3.0,3.0,1.0,1.0,,1.0,1.0,Villa,Nouveau,1-5 ans,Marbre,36.4399008513773,10.68700864938778,1.0,,,1.0,,1.0,1.0,1.0,,1.0,1.0,1.0,1.0,,,,1.0,1.0,,1.0,1.0,1.0,,,,,Sud,,,,,
https://www.mubawab.tn/fr/a/8109079/loue-villa-%C3%A0-la-marsa-emplacement-strat%C3%A9gique,Loue villa à la Marsa emplacement stratégique,Cité Erriadh à La Marsa,2 000 TND,130.0,4.0,3.0,,1.0,1.0,,1.0,,Villa,Nouveau,,Marbre,36.880103434474734,10.30803389288829,1.0,,,,,,,,1.0,,,,,1.0,,,,,200 m²,1.0,,,1.0,,,,Sud,,,,,
https://www.mubawab.tn/fr/a/8109062/villa-de-luxe-%C3%A0-louer-%C3%A0-gammarth-surface-totale-350-m%C2%B2-fen%C3%AAtres-avec-double-vitrage-et-porte-blind%C3%A9e,Villa de luxe à louer à Gammarth. Surface totale 350 m². Fenêtres avec double vitrage et porte blindée,Gammarth à La Marsa,5 000 TND,350.0,,5.0,3.0,1.0,1.0,1.0,1.0,1.0,Villa,Nouveau,1-5 ans,Marbre,33.88689999999998,9.537500000000003,1.0,,1.0,1.0,1.0,,,1.0,1.0,1.0,1.0,1.0,1.0,3.0,,,,,350 m²,1.0,,,,,,,Sud,,,,,
https://www.mubawab.tn/fr/a/8108962/appartement-s2-%C3%A0-la-marsa,Appartement s2 à la Marsa,La Marsa à La Marsa,4 800 TND,120.0,2.0,2.0,,1.0,1.0,,,,Maison,Nouveau,,,36.876389,10.325278,,,,,,,,,,,,,,,,,,,,,,,1.0,,,,,,,,,
https://www.mubawab.tn/fr/a/8108954/appartement-s2-%C3%A0-la-marsa,Appartement s2 à la Marsa,La Marsa à La Marsa,4 000 TND,120.0,2.0,2.0,,1.0,,,,1.0,Maison,Nouveau,,,36.876389,10.325278,,,,,,,,,,,,,,,,,,,,,,,1.0,,,,,,,,,
https://www.mubawab.tn/fr/a/8108935/villa-s4-%C3%A0-la-marsa,Villa S4 à la Marsa,La Marsa à La Marsa,3 500 TND,300.0,4.0,4.0,,1.0,1.0,,1.0,,Maison,Nouveau,,,36.876389,10.325278,1.0,,,1.0,,,,,,,,,,,,,,,,,,,1.0,,,,,,,,,
https://www.mubawab.tn/fr/a/8108920/rez-de-chauss%C3%A9e-de-villa-s3-meubl%C3%A9-%C3%A0-gammarth,Rez de chaussée de villa s3 meublé à Gammarth,Gammarth à La Marsa,2 800 TND,200.0,3.0,3.0,,,1.0,,,1.0,Maison,Nouveau,,,36.876389,10.325278,,,,,,,,,,,,,,,,,,,,1.0,,,1.0,,,,,,,,,
https://www.mubawab.tn/fr/a/8108749/%C3%A0-louer-une-villa-jumel%C3%A9e-%C3%A0-chotrana-3,À louer une villa jumelée à chotrana 3,Chotrana 3 à La Soukra,3 800 TND,250.0,4.0,4.0,3.0,1.0,1.0,1.0,1.0,1.0,Villa,Nouveau,,,36.883333,10.25,1.0,,,1.0,1.0,,,1.0,,,,1.0,1.0,,,,,,250 m²,,,,,,,,,,,,,
https://www.mubawab.tn/fr/a/8097823/villa-s5-meubl%C3%A9e-avec-jardin-%C3%A0-gammarth,Villa S5 meublée avec jardin à Gammarth,Gammarth à La Marsa,5 500 TND,,6.0,5.0,3.0,1.0,1.0,,1.0,1.0,Villa,Bon état,,Carrelage,36.876389,10.325278,1.0,1.0,,1.0,1.0,1.0,1.0,,1.0,1.0,1.0,1.0,1.0,,,1.0,1.0,1.0,,1.0,1.0,1.0,,,,,,,,,,
https://www.mubawab.tn/fr/a/8108494/etage-de-villa-s4-meubl%C3%A9-%C3%A0-la-marsa,Etage de Villa S4 Meublé à La Marsa,La Marsa à La Marsa,5 000 TND,150.0,,4.0,,,,,,1.0,Villa,,,,36.8941992,10.2762232,1.0,,,,,,,,,,,,,,,,,,,1.0,,,,,,,,,,,,
https://www.mubawab.tn/fr/a/8043209/a-louer-villa-s4-%C3%A0-la-marsa,A louer villa S4 à La Marsa,La Marsa à La Marsa,Prix à consulter,700.0,2.0,4.0,5.0,1.0,1.0,1.0,1.0,1.0,Villa,Bon état,,,36.87638899999999,10.325278000000004,1.0,,,1.0,1.0,1.0,1.0,1.0,1.0,1.0,1.0,1.0,1.0,,,,,,500 m²,,,1.0,,,,,,,,,,
https://www.mubawab.tn/fr/a/8044348/villa-meubl%C3%A9e-%C3%A0-sidi-bou-said-%C3%A0-louer,Villa meublée à Sidi Bou Said à louer,Sidi Bousaid à Carthage,9 000 TND,250.0,5.0,4.0,3.0,,1.0,1.0,1.0,1.0,Villa,Bon état,,,36.8566,10.3258,1.0,,,1.0,1.0,1.0,1.0,1.0,,1.0,,1.0,1.0,,,,1.0,,,1.0,1.0,1.0,,1.0,1.0,,,,,,,
https://www.mubawab.tn/fr/a/8108229/maisonnette-meubl%C3%A9e-s2-carthage-amilcar,"Maisonnette meublée S2, Carthage Amilcar",Amilcar à Carthage,3 000 TND,130.0,3.0,2.0,2.0,1.0,1.0,,1.0,1.0,Maison,Bon état,,,36.8566,10.3258,1.0,,,1.0,,1.0,1.0,,,1.0,1.0,,,1.0,,,1.0,,160 m²,1.0,1.0,1.0,,,,,,,,,,
https://www.mubawab.tn/fr/a/8108088/a-louer-villa-s4-avec-piscine-%C3%A0-la-soukra,A louer Villa S4 avec piscine à La Soukra,Chotrana 2 à La Soukra,4 500 TND,300.0,5.0,4.0,3.0,1.0,1.0,1.0,1.0,1.0,Villa,Bon état,10-20 ans,,36.883333,10.25,1.0,,,1.0,1.0,,,,,,,1.0,,,,,,,,,,,,,,,,,,,,
https://www.mubawab.tn/fr/a/7829614/superbe-villa-%C3%A0-louer-%C3%A0-sidi-daoued-4-belles-chambres-conciergerie-%C3%A0-disposition-syst%C3%A8me-de-climatisation,"Superbe villa à louer à Sidi Daoued. 4 belles chambres. Conciergerie à disposition, système de climatisation",Sidi Daoued à La Marsa,4 000 TND,500.0,,4.0,3.0,1.0,1.0,,1.0,1.0,Villa,Nouveau,5-10 ans,Marbre,36.876389,10.325278,1.0,1.0,1.0,1.0,1.0,,,1.0,,1.0,1.0,1.0,1.0,,,,,1.0,,,,,,,,,Est,,,,,
https://www.mubawab.tn/fr/a/7980631/propri%C3%A9t%C3%A9-%C3%A0-louer-%C3%A0-cit%C3%A9-el-ahmadi-2-chambres-porte-s%C3%A9curis%C3%A9e-et-chauffage-central,Propriété à louer à Cité El Ahmadi. 2 chambres. Porte sécurisée et chauffage central,Cité El Ahmadi à La Marsa,1 900 TND,250.0,,2.0,,1.0,,,1.0,,Maison,Nouveau,,,36.876389,10.325278,1.0,,,1.0,1.0,,,1.0,,,1.0,,1.0,,,1.0,,1.0,,,,,1.0,,,,,,,,,
https://www.mubawab.tn/fr/a/7698455/superbe-maison-%C3%A0-louer-%C3%A0-cit%C3%A9-el-ahmadi-3-chambres-vue-mer-imprenable-porte-blind%C3%A9e,"Superbe maison à louer à Cité El Ahmadi. 3 chambres. Vue mer imprenable, porte blindée",Cité El Ahmadi à La Marsa,3 500 TND,200.0,,3.0,2.0,1.0,1.0,,1.0,1.0,Maison,Bon état,20-30 ans,Marbre,36.876389,10.325278,1.0,,1.0,1.0,1.0,,,1.0,,1.0,1.0,1.0,1.0,,,,,1.0,,,,,,,1.0,1.0,Est,,,,,
https://www.mubawab.tn/fr/a/8047298/location-d-une-villa-s4-%C3%A0-la-marsa,Location d'une villa S4 à la marsa,La Marsa à La Marsa,3 200 TND,260.0,5.0,4.0,2.0,1.0,1.0,,1.0,1.0,Maison,Nouveau,,Marbre,36.876389,10.325278,1.0,,,1.0,1.0,,1.0,1.0,,,,1.0,,2.0,,,,,,,,,,,,,,,,,,
https://www.mubawab.tn/fr/a/8108003/villa-s4-avec-piscine-%C3%A0-la-soukra,Villa S4 avec piscine à la Soukra,La Soukra à La Soukra,4 500 TND,400.0,,5.0,,1.0,,1.0,1.0,1.0,Maison,,,,36.88833,10.27417,,,,,,,,,,,,,,,,,,,,,,,,,,,,,,,,
https://www.mubawab.tn/fr/a/8108001/a-louer-villa-s5-%C3%A0-gammarth,A louer Villa S5 à Gammarth,Gammarth à La Marsa,6 300 TND,400.0,,6.0,,1.0,1.0,1.0,,1.0,Maison,,,,36.917739,10.288893,1.0,,,,,,,,,,,1.0,,,,,,,,,,,,,,,,,,,,
https://www.mubawab.tn/fr/a/8107352/maison-de-luxe-%C3%A0-louer-%C3%A0-gammarth-superficie-200-m%C2%B2-piscine-climatisation,"Maison de luxe à louer à Gammarth. Superficie 200 m². Piscine, climatisation",Gammarth à La Marsa,5 000 TND,200.0,,5.0,3.0,1.0,1.0,1.0,1.0,1.0,Villa,Bon état,1-5 ans,Marbre,33.88689999999998,9.537500000000003,1.0,,,1.0,1.0,1.0,1.0,1.0,,1.0,1.0,1.0,1.0,2.0,,1.0,1.0,,205 m²,1.0,1.0,1.0,,,,,Sud,,,,,
https://www.mubawab.tn/fr/a/7996248/villa-louise-%C3%A0-louer-%C3%A0-el-manar-2,Villa Louise à Louer à EL Manar 2,El Manar 2 à El Menzah,22 000 TND,700.0,12.0,11.0,6.0,1.0,1.0,,,1.0,Villa,Bon état,,,36.845235,10.164723,1.0,,,,,,,,,,,1.0,,,,,,,,,,,,,,,,,,,,
https://www.mubawab.tn/fr/a/8099392/%C3%A0-louer-villa-avec-jardin-%C3%A0-sidi-bou-said,À louer villa avec jardin à Sidi Bou Said,Sidi Bousaid à Carthage,6 000 TND,,5.0,4.0,3.0,1.0,1.0,,1.0,1.0,Villa,Bon état,,,36.871576,10.3343581,1.0,,,1.0,1.0,1.0,1.0,1.0,,,,,1.0,,,,1.0,1.0,,,,,,,,,,,,,,
https://www.mubawab.tn/fr/a/8007958/a-louer-etage-de-villa-s4-aux-berges-du-lac-2,A louer Etage de Villa S4 aux Berges du Lac 2,Les Berges Du Lac 2 à La Marsa,4 000 TND,180.0,,4.0,2.0,,1.0,,1.0,1.0,Maison,Nouveau,,,36.87638899999999,10.325278000000004,1.0,,,1.0,1.0,,1.0,,,1.0,1.0,1.0,1.0,,1.0,,,,,,,,,,,,,,,,,
https://www.mubawab.tn/fr/a/8107306/villa-jumel%C3%A9e-en-location,Villa jumelée en location,Les Berges Du Lac 1 à La Marsa,12 000 TND,650.0,,,,1.0,,,1.0,,Villa,,,,36.8355152,10.2241758,1.0,,,1.0,,,,,1.0,,,1.0,,,,,,,,,,,,,,,,,,,,
https://www.mubawab.tn/fr/a/8107204/mornaguia-etage-de-villa-%C3%A0-louer,"MORNAGUIA, Etage de villa à louer",Mornaguia à Mornaguia,600 TND,160.0,5.0,4.0,2.0,,,,,,Villa,Nouveau,Moins d'un an,Parquet,36.8094099,9.9089889,1.0,,,,1.0,,,1.0,1.0,,1.0,,1.0,1.0,,,,1.0,220 m²,,,,,,,,Est,,,,,
https://www.mubawab.tn/fr/a/8107006/villa-%C3%A0-louer-%C3%A0-hammamet-monika,Villa à louer à Hammamet Monika,Hammamet Sud à Hammamet,5 500 TND,4000.0,6.0,5.0,5.0,1.0,1.0,1.0,1.0,1.0,Villa,Bon état,,,36.40108,10.61457,1.0,1.0,1.0,1.0,1.0,1.0,1.0,,1.0,,,1.0,1.0,,,,1.0,,,1.0,1.0,1.0,,,,,,,,,,
https://www.mubawab.tn/fr/a/7858042/%C3%A0-louer-%E2%80%93-grande-villa-%C3%A0-mutuelle-ville,À LOUER – Grande Villa à Mutuelle ville,Mutuelle Ville à El Menzah,4 500 TND,,7.0,4.0,2.0,1.0,1.0,,1.0,1.0,Villa,Bon état,1-5 ans,,36.845235,10.164723,1.0,,,1.0,1.0,,1.0,1.0,1.0,1.0,1.0,1.0,1.0,,,1.0,,,,,,,,,,,,,,,,
https://www.mubawab.tn/fr/a/7816586/%C3%A0-louer-%E2%80%93-villa-meubl%C3%A9e-haut-standing-%C3%A0-la-marsa,À LOUER – Villa Meublée Haut Standing à La Marsa,Cité Du Stade à La Marsa,4 800 TND,300.0,6.0,4.0,3.0,1.0,1.0,,1.0,1.0,Villa,Bon état,5-10 ans,,36.876389,10.325278,,,,1.0,1.0,1.0,1.0,1.0,1.0,1.0,1.0,1.0,1.0,,,1.0,1.0,,,1.0,1.0,1.0,,,,,,,,,,
https://www.mubawab.tn/fr/a/8104945/maison-s2-%C3%A0-louer-%C3%A0-la-marsa,Maison s2 à louer à la Marsa,La Marsa à La Marsa,1 700 TND,150.0,,2.0,,,,,,1.0,Maison,Nouveau,,,36.876389,10.325278,1.0,,,,,,,,,,,,,,,,,,,,,,1.0,,,,,,,,,
https://www.mubawab.tn/fr/a/8106454/duplex-s2-meubl%C3%A9-%C3%A0-cit%C3%A9-el-mileha,Duplex S2 meublé à cité el mileha,El Menzah 8 à Ariana Ville,1 400 TND,100.0,2.0,2.0,,,,,1.0,1.0,Maison,Bon état,,,36.8625,10.19556,,,,1.0,,1.0,1.0,,,,,,,,,,1.0,,,1.0,,,1.0,,,,,,,,,
https://www.mubawab.tn/fr/a/8100235/%C3%A0-louer-une-belle-villa-s4-%C3%A0-chotrana-3,À louer une belle villa s4 à chotrana 3,Chotrana 3 à La Soukra,2 800 TND,300.0,4.0,4.0,4.0,1.0,1.0,,1.0,1.0,Villa,Nouveau,,,36.883333,10.25,1.0,,,1.0,1.0,,,1.0,,,,1.0,1.0,,,,,,300 m²,,,,,,,,,,,,,
https://www.mubawab.tn/fr/a/8056848/triplex-avec-piscine-%C3%A0-gammarth,Triplex avec piscine à Gammarth,Gammarth à La Marsa,6 500 TND,,2.0,4.0,4.0,1.0,1.0,1.0,1.0,1.0,Villa,Nouveau,,,36.876389,10.325278,1.0,1.0,,1.0,1.0,1.0,1.0,1.0,1.0,1.0,1.0,1.0,1.0,,,,1.0,,,,1.0,1.0,,1.0,1.0,1.0,,,,,,
https://www.mubawab.tn/fr/a/8039815/location-villa-pourpre-1-s3-hammamet-centre,Location Villa Pourpre 1 S3 Hammamet centre,Hammamet à Hammamet,2 700 TND,450.0,4.0,3.0,,1.0,,1.0,1.0,1.0,Villa,Bon état,,,36.40108,10.61457,,,,1.0,,,,,,,,,,,,,,,,1.0,,,1.0,,,,,,,,,
https://www.mubawab.tn/fr/a/8106366/location-annuelle-d-un-rez-de-chauss%C3%A9e-de-villa,Location Annuelle d'un Rez de chaussée de villa,Hammamet à Hammamet,1 500 TND,200.0,4.0,3.0,,1.0,,,,,Maison,Bon état,,,36.40108,10.61457,1.0,,,,,,,,,,,,,,,,,,,,,,1.0,,,,,,,,,
https://www.mubawab.tn/fr/a/7416318/magnifique-s3-meubl%C3%A9-%C3%A0-la-marsa,Magnifique S3 meublé à la Marsa,La Marsa à La Marsa,4 500 TND,300.0,4.0,3.0,2.0,1.0,,,,,Villa,,,,36.8941992,10.2762232,,,,,,,,,,,,,,,,,,,,1.0,,,,,,,,,,,,
https://www.mubawab.tn/fr/a/8051551/villa-%C3%A0-louer-%C3%A0-la-marsa,Villa à louer à la Marsa,La Marsa à La Marsa,12 000 TND,300.0,4.0,4.0,,1.0,1.0,1.0,,,Villa,Nouveau,,,36.876389,10.325278,1.0,1.0,,,,,,1.0,1.0,,,,,,,,,,,,,,1.0,,,,,,,,,
https://www.mubawab.tn/fr/a/8077530/duplex-s4-%C3%A0-ain-zaghouan-sud,Duplex S4 à Ain Zaghouan Sud,Ain Zaghouan Sud à La Marsa,2 500 TND,360.0,5.0,4.0,3.0,1.0,1.0,,1.0,1.0,Villa,Bon état,,,36.876389,10.325278,1.0,,,1.0,,,,,,,,,,,,,,,,,,,,,,,,,,,,
https://www.mubawab.tn/fr/a/8071252/villa-individuelle-en-location,Villa individuelle en location,Hammamet Nord à Hammamet,4 800 TND,550.0,,,,1.0,1.0,1.0,1.0,,Villa,,,,36.419773,10.661894,1.0,,,1.0,,,1.0,,,,,1.0,,,,,1.0,,,,,1.0,,,,,,,,,,
https://www.mubawab.tn/fr/a/8046116/villa-s3-avec-piscine-%C3%A0-carthage,Villa S3 avec piscine à Carthage,Carthage à Carthage,14 000 TND,800.0,4.0,3.0,4.0,1.0,1.0,1.0,1.0,1.0,Villa,Nouveau,Moins d'un an,Marbre,36.8566,10.3258,1.0,,,1.0,1.0,,1.0,1.0,1.0,,,1.0,1.0,,,,1.0,,,,,,,,,1.0,,,,,,
https://www.mubawab.tn/fr/a/8105331/a-louer-villa-meubl%C3%A9e-%C3%A0-la-marsa-avec-piscine,A louer villa meublée à La Marsa avec piscine,Sidi Daoued à La Marsa,4 500 TND,500.0,,3.0,3.0,1.0,1.0,1.0,1.0,1.0,Maison,Bon état,,,36.876389,10.325278,1.0,,1.0,1.0,1.0,1.0,1.0,,1.0,1.0,1.0,,1.0,,1.0,,,,350 m²,,1.0,1.0,,,,,,,,,,
https://www.mubawab.tn/fr/a/8046768/une-luxueuse-villa-de-plein-pied,Une luxueuse villa de plein pied,Djerba à Djerba,2 800 TND,150.0,,3.0,3.0,1.0,1.0,1.0,,1.0,Villa,Nouveau,Moins d'un an,Carrelage,33.8075978,10.8451467,1.0,,,1.0,1.0,1.0,1.0,,,1.0,,,,,,1.0,1.0,,,1.0,1.0,1.0,,,,1.0,,,,,,
https://www.mubawab.tn/fr/a/8105214/a-louer-villa-meubl%C3%A9e-%C3%A0-hammamet-el-merazka,A louer villa meublée à Hammamet El Merazka,Hammamet Nord à Hammamet,2 000 TND,350.0,3.0,2.0,2.0,1.0,1.0,,1.0,1.0,Villa,Bon état,,,36.40108,10.61457,1.0,,,1.0,,1.0,1.0,,,,,,,,,,1.0,,550 m²,1.0,1.0,1.0,,,,,Sud,,,,,
https://www.mubawab.tn/fr/a/8104992/villa-s4-avec-piscine-%C3%A0-la-marsa,Villa S4 avec Piscine à la Marsa,La Marsa à La Marsa,8 500 TND,400.0,4.0,7.0,,1.0,1.0,,,1.0,Maison,Nouveau,,,36.876389,10.325278,1.0,,,,,,,,,,,,,,,,,,,,,,1.0,,,,,,,,,
https://www.mubawab.tn/fr/a/8104924/villa-s5-avec-piscine-%C3%A0-louer-%C3%A0-la-marsa,Villa S5 avec Piscine à Louer à La Marsa,La Marsa à La Marsa,3 800 TND,300.0,5.0,5.0,,,1.0,1.0,,1.0,Maison,Nouveau,,,36.876389,10.325278,,,,,,,,,1.0,,,,,,,,,,,,,,1.0,,,,,,,,,
https://www.mubawab.tn/fr/a/7788986/villa-jumel%C3%A9e-%C3%A0-louer-aux-jardins-de-carthage,Villa jumelée à louer aux Jardins de Carthage,Les Jardins de Carthage à Le Kram,3 800 TND,,,3.0,,1.0,1.0,,,,Villa,,,,36.8555704,10.291834,,,,,,,1.0,,1.0,,,,,,,,,,,,,,,,,,,,,,,
https://www.mubawab.tn/fr/a/8104708/villa-avec-piscine-%C3%A0-gammarth,Villa avec piscine à Gammarth,Gammarth à La Marsa,12 000 TND,,,3.0,5.0,1.0,1.0,1.0,1.0,1.0,Villa,Nouveau,,,36.876389,10.325278,1.0,,,1.0,1.0,1.0,1.0,1.0,1.0,,,,1.0,,1.0,,1.0,,,,,,,,1.0,1.0,,,,,,
https://www.mubawab.tn/fr/a/8104696/villa-avec-piscine-%C3%A0-gammarth,Villa avec piscine à Gammarth,Gammarth à La Marsa,10 000 TND,,2.0,6.0,6.0,1.0,1.0,1.0,1.0,1.0,Villa,Bon état,,,36.876389,10.325278,1.0,,,1.0,1.0,,1.0,1.0,,,,,1.0,,,,1.0,,,,,,,,,1.0,,,,,,
https://www.mubawab.tn/fr/a/8056483/duplex-s4-meubl%C3%A9-avec-terrasse-%C3%A0-sidi-bou-said,Duplex S4 meublé avec terrasse à Sidi Bou Said,Sidi Bousaid à Carthage,3 500 TND,,5.0,4.0,2.0,,1.0,,1.0,1.0,Villa,Bon état,,Carrelage,36.8566,10.3258,1.0,1.0,,1.0,1.0,1.0,1.0,1.0,1.0,1.0,1.0,1.0,1.0,,,1.0,1.0,1.0,,1.0,1.0,1.0,,,,,,,,,,
https://www.mubawab.tn/fr/a/8104595/a-louer-appartement-s1-aux-jardin-de-carthage,A louer Appartement S1 aux Jardin de Carthage,Le Kram,1 700 TND,70.0,,2.0,,,1.0,,,,Maison,,,,36.833333,10.316667,1.0,,,,,,,,,,,1.0,,,,,,,,,,,,,,,,,,,,
https://www.mubawab.tn/fr/a/8088892/villa-s4-moderne-avec-piscine-gammarth-sup%C3%A9rieur,"Villa S4 moderne avec piscine, Gammarth supérieur",Gammarth Supérieur à La Marsa,Prix à consulter,400.0,5.0,4.0,4.0,1.0,1.0,1.0,1.0,1.0,Villa,Bon état,1-5 ans,Marbre,36.876389,10.325278,1.0,1.0,,1.0,1.0,1.0,1.0,1.0,,1.0,,1.0,1.0,2.0,,,1.0,,1000 m²,1.0,,1.0,,,,1.0,Ouest,,,,,
https://www.mubawab.tn/fr/a/8073819/a-louer-une-villa-%C3%A0-ennasr,A louer une villa à Ennasr,Cité Ennasr 2 à Ariana Ville,2 600 TND,400.0,6.0,4.0,3.0,,1.0,,1.0,1.0,Villa,Nouveau,20-30 ans,,36.8625,10.19556,1.0,,,1.0,,,,1.0,,,1.0,,,2.0,,,,,,,,,,,,,,,,,,
https://www.mubawab.tn/fr/a/8091408/villa-%C3%A0-m%C3%A9grine-coteau,Villa à Mégrine coteau,Megrine Coteau à Mégrine,2 800 TND,300.0,5.0,4.0,3.0,1.0,1.0,,1.0,1.0,Villa,Bon état,5-10 ans,Marbre,36.6938694,10.2622167,1.0,,,1.0,,,,,1.0,,,1.0,,2.0,,,,,360 m²,,,,,,,,,,,,,
https://www.mubawab.tn/fr/a/8095608/grande-villa-s5-%C3%A0-gammarth-sup,Grande villa S5 à Gammarth Sup,Gammarth Supérieur à La Marsa,6 200 TND,500.0,6.0,5.0,4.0,1.0,1.0,1.0,,1.0,Villa,Bon état,,,36.876389,10.325278,,,,,,,,,1.0,1.0,1.0,,,,,,,,,,,,,,,,,,,,,
https://www.mubawab.tn/fr/a/8088704/villa-de-haut-standing-%C3%A0-louer-%C3%A0-gammarth,Villa de haut standing à louer à Gammarth,Gammarth Supérieur à La Marsa,15 000 TND,600.0,,6.0,6.0,1.0,1.0,1.0,1.0,1.0,Villa,Nouveau,1-5 ans,,36.8931787,10.3099394,1.0,1.0,,1.0,,,,1.0,,,,1.0,1.0,,,,,,,,,,,1.0,1.0,1.0,,,,,,
https://www.mubawab.tn/fr/a/8031624/villa-avec-piscine-et-jardin-%C3%A0-louer-aux-berges-du-lac-2,Villa avec piscine et jardin à louer aux Berges du Lac 2,Les Berges Du Lac 2 à La Marsa,12 000 TND,650.0,,7.0,,1.0,1.0,1.0,,,Villa,,,,36.8468986,10.2641808,,,,,,,,,1.0,,,,,,,,,,,,,,,,,,,,,,,
https://www.mubawab.tn/fr/a/8100585/villa-avec-piscine-%C3%A0-la-marsa-centre,Villa avec piscine à La Marsa Centre,Cité Les Pins à La Marsa,7 500 TND,,5.0,4.0,3.0,1.0,1.0,1.0,1.0,1.0,Villa,Bon état,1-5 ans,Marbre,36.876389,10.325278,1.0,,1.0,1.0,1.0,,1.0,1.0,,1.0,,1.0,1.0,1.0,,,,,1 m²,,,,,,,,,,,,,
https://www.mubawab.tn/fr/a/8042814/villa-avec-piscine-%C3%A0-gammarth-sup%C3%A9rieur,Villa avec piscine à gammarth supérieur,Gammarth Supérieur à La Marsa,9 000 TND,1100.0,7.0,5.0,4.0,1.0,1.0,1.0,1.0,1.0,Villa,Bon état,10-20 ans,Marbre,36.8931787,10.3099394,1.0,1.0,,1.0,1.0,1.0,1.0,,,1.0,1.0,1.0,1.0,,,1.0,1.0,1.0,,,,,,,,1.0,Est,,,,,
https://www.mubawab.tn/fr/a/8054699/villa-s7-avec-piscine-gammarth-sup%C3%A9rieur,"Villa S7 avec piscine, Gammarth supérieur",Gammarth Supérieur à La Marsa,6 500 TND,400.0,8.0,7.0,5.0,1.0,1.0,1.0,1.0,1.0,Villa,Bon état,,Marbre,36.876389,10.325278,1.0,1.0,1.0,1.0,,1.0,1.0,,,1.0,,,,2.0,,,,,800 m²,1.0,,,,,,1.0,Sud,,,,,
https://www.mubawab.tn/fr/a/8033011/etage-de-villa-s3-%C3%A0-louer-%C3%A0-cit%C3%A9-el-ghazala,Etage de villa S3 à louer à cité el ghazala,Cité el Ghazela à Raoued,1 450 TND,175.0,3.0,4.0,,,,,1.0,,Maison,Nouveau,,,36.954444,10.191389,,,,,,,,,,,,,,,,,,,,,,,1.0,,,,,,,,,
https://www.mubawab.tn/fr/a/8088085/a-louer-une-villa-de-merveille-%C3%A0-la-soukra,A louer une villa de merveille à la Soukra,La Soukra à La Soukra,7 000 TND,,5.0,4.0,3.0,1.0,1.0,1.0,,1.0,Villa,Nouveau,,,36.883333,10.25,,,,,,,,,,,,,,,,,,,,,,,,,,,,,,,,
https://www.mubawab.tn/fr/a/8080590/a-louer-un-duplex-en-s3-avec-jardin-%C3%A0-la-marsa,A Louer un duplex en s3 avec jardin à la Marsa,La Marsa à La Marsa,5 500 TND,,2.0,3.0,,1.0,1.0,,,,Maison,Nouveau,,,36.876389,10.325278,,,,,,,,,,,,,,,,,,,,,,,1.0,,,,,,,,,
https://www.mubawab.tn/fr/a/8103527/villa-%C3%A0-proximit%C3%A9-de-la-clinique-st-augustin,Villa à proximité de la clinique St Augustin,Cité El Mahrajene à El Menzah,7 000 TND,680.0,8.0,4.0,3.0,1.0,1.0,,1.0,1.0,Villa,Nouveau,10-20 ans,Marbre,36.845235,10.164723,1.0,,1.0,1.0,1.0,,,1.0,1.0,1.0,1.0,1.0,,1.0,,1.0,,1.0,700 m²,1.0,,,,,,,Nord,,,,,
https://www.mubawab.tn/fr/a/8039251/charmante-villa-s5-au-coeur-de-la-marsa,Charmante Villa S5 Au Coeur de La Marsa,La Marsa à La Marsa,7 800 TND,600.0,6.0,4.0,4.0,1.0,1.0,,,1.0,Villa,Bon état,,,36.876389,10.325278,,,,,,,,,,,,,,,,,,,,,,,,,,,,,,,,
https://www.mubawab.tn/fr/a/8024384/villa-s5-avec-piscine-%C3%A0-gammarth,Villa S5 Avec Piscine à Gammarth,Gammarth à La Marsa,7 800 TND,650.0,6.0,5.0,5.0,1.0,1.0,1.0,,1.0,Villa,Bon état,,,36.876389,10.325278,1.0,1.0,1.0,,,,,,,,,,,,,,,,,,,,,,,,,,,,,
https://www.mubawab.tn/fr/a/8069304/villa-vide-de-250m%C2%B2-%C3%A0-yasmine-hammamet,Villa vide de 250m² à yasmine hammamet,Yasmine Hammamet à Hammamet,2 200 TND,250.0,5.0,3.0,3.0,1.0,1.0,,1.0,,Maison,Bon état,,,36.40108,10.61457,1.0,1.0,,1.0,,,,1.0,1.0,,,1.0,,,,,,1.0,,,,,,,,,,,,,,
https://www.mubawab.tn/fr/a/8103175/villa-s5-avec-jardin-carthage-byrsa,"Villa S5 avec jardin, Carthage Byrsa",Carthage Byrsa à Carthage,3 400 TND,480.0,6.0,5.0,4.0,1.0,1.0,,1.0,,Villa,Bon état,20-30 ans,Carrelage,36.8566,10.3258,1.0,,1.0,1.0,,,,,,,,,,2.0,,,,,280 m²,,,,,,,,,,,,,
https://www.mubawab.tn/fr/a/8098094/a-louer-villa-s5-avec-jardin-et-piscine-%C3%A0-la-marsa,A louer villa S5 avec jardin et piscine à la Marsa,La Marsa à La Marsa,8 000 TND,,,6.0,3.0,1.0,,1.0,,1.0,Maison,Bon état,5-10 ans,,36.8941992,10.2762232,,,,,,,,,1.0,,,1.0,,,1.0,,,,,,,,,,,,,,,,,
https://www.mubawab.tn/fr/a/8069097/a-louer-une-villa-%C3%A0-usage-de-bureaux,A louer une villa à usage de bureaux,Les Berges Du Lac 2 à La Marsa,12 000 TND,600.0,6.0,9.0,6.0,1.0,1.0,1.0,1.0,1.0,Villa,Nouveau,,,36.876389,10.325278,1.0,,,1.0,1.0,,,,,,,,1.0,,,,,,,,,,,1.0,,,,,,,,
https://www.mubawab.tn/fr/a/8051944/location-villa-lysea-s2-hammamet-nord,Location Villa Lysea S2 Hammamet nord,Hammamet Nord à Hammamet,2 000 TND,120.0,4.0,2.0,2.0,,1.0,,1.0,1.0,Villa,Bon état,,,36.40108,10.61457,1.0,,,1.0,,,,,,,,,,,,,,,,1.0,,,,,,,,,,,,
https://www.mubawab.tn/fr/a/7999458/villa-jumel%C3%A9e-en-location,Villa jumelée en location,Hammamet Nord à Hammamet,3 100 TND,550.0,,4.0,2.0,1.0,1.0,1.0,1.0,,Villa,Nouveau,,Marbre,36.419773,10.661894,1.0,,,1.0,,,1.0,,,,,,,,1.0,,,,,,,1.0,,,,,,,,,,
https://www.mubawab.tn/fr/a/8009792/villa-jumel%C3%A9e-en-location,Villa jumelée en location,Hammamet Nord à Hammamet,1 700 TND,325.0,2.0,5.0,3.0,1.0,,,1.0,1.0,Villa,Bon état,,,36.419773,10.661894,1.0,,,1.0,,,,,,,,,,,,,1.0,,,,,1.0,,,,,,,,,,
https://www.mubawab.tn/fr/a/8078022/belle-villa-%C3%A0-louer-%C3%A0-gammarth,Belle villa à louer à Gammarth,Gammarth à La Marsa,7 850 TND,300.0,,4.0,4.0,1.0,1.0,1.0,1.0,1.0,Villa,Nouveau,1-5 ans,Marbre,36.917739,10.288893,1.0,1.0,,1.0,,,,1.0,,,,1.0,,,,,,,,,,,,,1.0,,,,,,,
https://www.mubawab.tn/fr/a/8102657/villa-haut-standing-a-louer-tataouine,Villa haut standing a louer Tataouine,Cité El Mahrajene,2 000 TND,280.0,10.0,7.0,3.0,1.0,1.0,,,,Villa,Nouveau,1-5 ans,Marbre,32.9385017,10.4458666,1.0,,,,,,,1.0,1.0,,,,,2.0,,,,,400 m²,1.0,,,,,,,Est,,,,,
https://www.mubawab.tn/fr/a/7756802/belle-maison-%C3%A0-tabarka,Belle Maison à Tabarka,Zone Touristique à Tabarka,180 TND,140.0,5.0,3.0,,1.0,1.0,,,1.0,Villa,Nouveau,,,36.952,8.7581,1.0,,,1.0,1.0,1.0,1.0,,,,1.0,,,,,1.0,,1.0,,1.0,1.0,,1.0,,,1.0,,,,,,
https://www.mubawab.tn/fr/a/7999006/villa-s6-avec-jardin-%C3%A0-jardins-de-carthage,Villa s6 avec jardin à Jardins de Carthage,Les Jardins de Carthage à Le Kram,6 800 TND,400.0,7.0,6.0,4.0,1.0,1.0,,1.0,1.0,Villa,Bon état,Moins d'un an,,36.833333,10.316667,1.0,1.0,,1.0,1.0,,1.0,,,,,1.0,1.0,,,,,1.0,,,,,,,,,,,,,,
https://www.mubawab.tn/fr/a/8016707/villa-avec-piscine-s6-%C3%A0-la-marsa,Villa avec piscine s6 à la Marsa,La Marsa à La Marsa,19 000 TND,900.0,7.0,6.0,5.0,1.0,,1.0,1.0,1.0,Villa,Bon état,Moins d'un an,,36.876389,10.325278,1.0,1.0,,1.0,1.0,1.0,1.0,1.0,,,,1.0,1.0,,,,1.0,1.0,,,,,,,,,,,,,,
https://www.mubawab.tn/fr/a/8102454/etage-de-villa-en-location,Etage de villa en location,Ariana à Ariana Ville,1 000 TND,150.0,,,,,,,,,Villa,,,,36.8625,10.19556,1.0,,,,,,,,,,,,,,,,,,,,,,,,,,,,,,,
https://www.mubawab.tn/fr/a/8098848/villa-s5-%C3%A0-louer-la-marsa,Villa s5 à louer La Marsa,La Marsa à La Marsa,4 500 TND,500.0,5.0,6.0,,,,1.0,,,Maison,Nouveau,,,36.876389,10.325278,,,,,,,,,,,,,,,,,,,,,,,1.0,,,,,,,,,
https://www.mubawab.tn/fr/a/7840272/rez-de-chauss%C3%A9e-de-villa-en-s3,Rez de chaussée de villa en s3,Cité El Wafa à Nabeul,Prix à consulter,150.0,4.0,3.0,2.0,1.0,1.0,1.0,1.0,1.0,Maison,Bon état,1-5 ans,Marbre,36.45056,10.73505,1.0,,,1.0,,1.0,1.0,,,,,,,,,,1.0,,,1.0,1.0,1.0,,,,,,,,,,
https://www.mubawab.tn/fr/a/8102258/villa-s2-avec-piscine,Villa S2 Avec Piscine,Tezdaine,1 600 TND,120.0,4.0,2.0,2.0,1.0,1.0,1.0,,1.0,Villa,Nouveau,Moins d'un an,Carrelage,33.80671529155284,11.0265729645553,1.0,1.0,,1.0,1.0,1.0,1.0,,,1.0,1.0,,,1.0,,,1.0,,,1.0,1.0,1.0,,,,,Est,,,,,
https://www.mubawab.tn/fr/a/7985591/villa-les-berges-du-lac-2,Villa les berges du lac 2,Les Berges Du Lac 2 à La Marsa,10 000 TND,600.0,7.0,6.0,4.0,1.0,1.0,1.0,1.0,1.0,Villa,Bon état,10-20 ans,Marbre,36.84689860000001,10.2641808,1.0,,,1.0,1.0,,1.0,1.0,,1.0,1.0,1.0,1.0,,,,1.0,1.0,,,,,,,,,Est,,,,,
https://www.mubawab.tn/fr/a/7569315/villa-titre-bleu-avec-garage-proche-route-de-l-a%C3%A9roport-h-souk,Villa titre bleu avec garage proche route de l'aéroport H. Souk,Houmt Souk à Houmt Souk,450 000 TND,463.0,6.0,3.0,2.0,1.0,1.0,,,,Maison,Bon état,,,33.866667,10.85,1.0,,,,,,,,,,,,,,,,,,,,,,,,,,,,,,,
https://www.mubawab.tn/fr/a/8101957/villa-s3-avec-jardin-%C3%A0-gammarth-sup%C3%A9rieur,Villa S3 avec jardin à Gammarth supérieur,Gammarth Supérieur à La Marsa,3 500 TND,350.0,4.0,3.0,2.0,1.0,,,1.0,1.0,Villa,Bon état,,,36.876389,10.325278,1.0,,,1.0,,,1.0,,,1.0,1.0,,,,,,,1.0,,1.0,,,,,,,,,,,,
https://www.mubawab.tn/fr/a/8101859/borj-louzir-%C3%A0-louer-spacieux-rdc-villa,BORJ LOUZIR; à louer Spacieux RDC VILLA,Borj Louzir à La Soukra,Prix à consulter,180.0,5.0,3.0,2.0,,,,1.0,,Maison,Bon état,,,36.883333,10.25,,,,,,,,,,,,,,,,,,,,,,,,,,,,,,,,
https://www.mubawab.tn/fr/a/8096399/etage-de-villa-en-location,Etage de villa en location,Mégrine à Mégrine,1 200 TND,150.0,,,,,,,,,Villa,,,,36.6938694,10.2622167,1.0,,,,,,,,,,,,,,,,,,,,,,,,,,,,,,,
https://www.mubawab.tn/fr/a/7339705/villa-vue-mer-%C3%A0-la-marsa,Villa vue mer à La Marsa,La Marsa à La Marsa,8 000 TND,,6.0,5.0,4.0,1.0,1.0,1.0,1.0,1.0,Villa,Bon état,,,36.876389,10.325278,1.0,,,1.0,1.0,,,1.0,,1.0,1.0,1.0,1.0,,,,,1.0,,,,,,,1.0,,,,,,,
https://www.mubawab.tn/fr/a/8078232/a-louer-une-villa-s4-avec-piscine-%C3%A0-gammarth,A louer une villa s4 avec piscine à Gammarth,Gammarth à La Marsa,5 000 TND,,4.0,5.0,,1.0,,1.0,,,Villa,Nouveau,,,36.876389,10.325278,,,,,,,,,,,,,,,,,,,,,,,1.0,,,,,,,,,
https://www.mubawab.tn/fr/a/8040023/location-villa-lac-1-s6-avec-jardin,Location villa lac 1 s6 avec jardin,Les Berges Du Lac 1 à La Marsa,7 000 TND,450.0,8.0,6.0,5.0,1.0,1.0,,1.0,,Villa,Nouveau,,Marbre,36.876389,10.325278,1.0,1.0,1.0,1.0,,,,1.0,,,1.0,1.0,1.0,,,,,1.0,,,,,,,,,,,,,,
https://www.mubawab.tn/fr/a/8101651/belle-maison-en-location-%C3%A0-cit%C3%A9-el-khalil-2-belles-chambres-grand-balcon,Belle maison en location à Cité El Khalil. 2 belles chambres. Grand balcon,Cité El Khalil à La Marsa,750 TND,100.0,,2.0,,,,,,,Maison,Bon état,,,36.876389,10.325278,1.0,,,,,,,,,,,,,,,,,,100 m²,,,,1.0,,,,,,,,,
https://www.mubawab.tn/fr/a/8101568/belle-maison-en-location-%C3%A0-la-marsa-4-chambres-jardin-et-terrasse,Belle maison en location à La Marsa. 4 chambres. Jardin et terrasse,La Marsa à La Marsa,5 000 TND,300.0,,4.0,3.0,1.0,1.0,1.0,,1.0,Maison,Bon état,10-20 ans,Carrelage,36.8790291,10.306757800000003,1.0,,,,,,,,,,,,,3.0,,,,,350 m²,,,,,,,,Sud,,,,,
https://www.mubawab.tn/fr/a/8101477/a-louer-villa-en-s4-avec-piscine-%C3%A0-la-marsa,A Louer Villa en S4 avec Piscine à La Marsa,La Marsa à La Marsa,7 000 TND,380.0,5.0,4.0,3.0,1.0,1.0,1.0,1.0,1.0,Villa,Bon état,,,36.876389,10.325278,1.0,,,1.0,,,,,1.0,,,,,,,,,,,,,,,,,,,,,,,
https://www.mubawab.tn/fr/a/8022335/a-louer-%C3%A9tage-de-villa-s4-%C3%A0-l-aouina,A louer étage de villa S4 à l'Aouina,El Aouina,1 650 TND,190.0,4.0,5.0,2.0,,,,1.0,1.0,Maison,Bon état,,,33.07772,9.58381,1.0,,,1.0,,1.0,1.0,,,,,,,,,,1.0,,,1.0,,,,,,,,,,,,
https://www.mubawab.tn/fr/a/8086055/belle-villa-%C3%A0-louer-au-golden-tulip-de-gammarth,Belle villa à louer au golden tulip de Gammarth,Gammarth à La Marsa,8 000 TND,1000.0,,4.0,3.0,1.0,1.0,1.0,1.0,1.0,Villa,Nouveau,5-10 ans,Marbre,36.917739,10.288893,1.0,,1.0,1.0,,,,1.0,,,,1.0,1.0,,,,,,,,,,,,1.0,1.0,,,,,,
https://www.mubawab.tn/fr/a/8101265/a-louer-villa-s4-neuf-avec-piscine-%C3%A0-carthage,A louer villa S4 neuf avec piscine à Carthage,Carthage à Carthage,12 000 TND,,,5.0,,1.0,1.0,1.0,,1.0,Maison,,,,36.8694317,10.3164051,1.0,,,,,,,,,,,,,,,,,,,,,,,,,,,,,,,
https://www.mubawab.tn/fr/a/8101173/joli-loft-meubl%C3%A9-%C3%A0-la-marsa,Joli Loft meublé à la Marsa,La Marsa à La Marsa,1 700 TND,60.0,,2.0,,,,,,,Maison,Nouveau,,,36.876389,10.325278,,,,,,,,,,,,,,,1.0,,,,,1.0,,,1.0,,,,,,,,,
https://www.mubawab.tn/fr/a/8057098/coquette-maison-%C3%A0-louer-%C3%A0-la-marsa,Coquette maison à louer à la marsa,Cité Les Pins à La Marsa,4 000 TND,400.0,,4.0,3.0,1.0,1.0,,1.0,1.0,Villa,Nouveau,1-5 ans,Marbre,36.8590944,10.2564551,1.0,,,1.0,,,,1.0,,,,,,,,,,,,,,,,,,,,,,,,
https://www.mubawab.tn/fr/a/8101008/villa-s5-en-triplex-avec-piscine-aux-jardin-de-car,Villa S5 en Triplex avec Piscine aux Jardin de Car,Les Jardins de Carthage à Le Kram,6 500 TND,500.0,5.0,5.0,,1.0,,1.0,,1.0,Maison,Nouveau,,,36.833333,10.316667,1.0,,,,,,,1.0,,,,,,,,,,,,,,,1.0,,,,,,,,,
https://www.mubawab.tn/fr/a/8100995/a-louer-villa-en-s3-%C3%A0-menzah-9-c,A louer villa en S3 à Menzah 9 c,El Menzah 9 à El Menzah,4 250 TND,250.0,4.0,3.0,4.0,1.0,1.0,,1.0,1.0,Maison,Bon état,5-10 ans,Marbre,36.845235,10.164723,1.0,,,1.0,,,1.0,,,,,,,2.0,,,,1.0,,,,,,,,1.0,Est,,,,,
https://www.mubawab.tn/fr/a/8100920/villa-haut-standing-avec-piscine-a-rades-melian-2,Villa haut standing avec piscine a Rades melian 2,Cité Rades 2 à Rades,4 000 TND,375.0,7.0,5.0,5.0,1.0,1.0,1.0,1.0,1.0,Maison,Nouveau,5-10 ans,Marbre,36.7609,10.2736,1.0,,,1.0,1.0,1.0,1.0,1.0,,,,1.0,1.0,2.0,,1.0,1.0,,400 m²,,,1.0,,,1.0,,,,,,,
https://www.mubawab.tn/fr/a/8100796/a-louer-villa-%C3%A0-usage-de-bureau-au-lac-2,A louer villa à usage de bureau au Lac 2,Les Berges Du Lac 2 à La Marsa,17 000 TND,300.0,11.0,11.0,5.0,,1.0,,1.0,1.0,Villa,Nouveau,,,36.876389,10.325278,,1.0,,1.0,,,,,1.0,,,,,,,,,,400 m²,,,,,,,,,,,,,
https://www.mubawab.tn/fr/a/7994370/villa-s2-%C3%A0-louer-gammarth-journal,Villa s2 à louer Gammarth Journal,Gammarth à La Marsa,4 000 TND,,3.0,2.0,,1.0,1.0,1.0,1.0,1.0,Villa,Bon état,,,36.876389,10.325278,1.0,,,1.0,1.0,,,,,,,1.0,1.0,,,,,,,,,,1.0,,,,,,,,,
https://www.mubawab.tn/fr/a/8093454/villa-s3-vue-sur-mer-avec-piscine-%C3%A0-gammarth,Villa S3 vue sur mer avec piscine à Gammarth,Gammarth à La Marsa,25 000 TND,450.0,5.0,,,1.0,1.0,1.0,1.0,1.0,Villa,,,,36.90982,10.29979,1.0,1.0,,,,1.0,1.0,,,,,1.0,,,,,,,,1.0,,,,,1.0,,,,,,,
https://www.mubawab.tn/fr/a/8092808/villa-sally,Villa Sally,Yasmine Hammamet à Hammamet,4 500 TND,400.0,5.0,,,1.0,1.0,1.0,1.0,,Villa,,,,36.37488,10.53524,,,,,1.0,1.0,1.0,,,,,1.0,1.0,,,,1.0,,,1.0,1.0,1.0,,,,,,,,,,
https://www.mubawab.tn/fr/a/8100584/a-louer-villa-s4-%C3%A0-la-marsa-avec-un-grand-jardin,A louer Villa S4 à la Marsa avec un grand Jardin,Cité Les Pins à La Marsa,4 500 TND,1170.0,,5.0,,1.0,1.0,,,,Maison,,,,36.8590944,10.2564551,1.0,,,,,,,,,,,1.0,,,,,,,,,,,,,,,,,,,,
https://www.mubawab.tn/fr/a/8100577/manar-2-%C3%A0-louer-joli-rdc-villa-avec-jardin,Manar 2; à louer joli rdc villa avec jardin,El Manar 2 à El Menzah,Prix à consulter,100.0,3.0,2.0,,1.0,,,1.0,,Maison,Bon état,,,36.845235,10.164723,1.0,,,,,,,,,,,,,,,,,,,,,,1.0,,,,,,,,,
https://www.mubawab.tn/fr/a/8097543/%C3%A0-louer-un-duplex-s5-avec-piscine,À louer un duplex s5 avec piscine,Cité El Khalil à La Marsa,4 600 TND,400.0,6.0,5.0,3.0,1.0,1.0,1.0,1.0,1.0,Villa,Bon état,5-10 ans,Marbre,36.876389,10.325278,1.0,1.0,,1.0,1.0,,,,1.0,,1.0,1.0,1.0,2.0,,,,1.0,450 m²,,,,,,,,Est,,,,,
https://www.mubawab.tn/fr/a/8100514/duplex-s4-%C3%A0-sidibousaid,Duplex s4 à SidiBousaid,Amilcar à Carthage,4 800 TND,250.0,4.0,4.0,,,,,1.0,1.0,Maison,Nouveau,,,36.8566,10.3258,1.0,,,1.0,,,1.0,,1.0,,,,,,,,1.0,,,,,,1.0,,,,,,,,,
https://www.mubawab.tn/fr/a/8082630/a-louer-lac-2,A louer Lac 2,Les Berges Du Lac 2 à La Marsa,5 500 TND,300.0,6.0,5.0,4.0,1.0,1.0,,1.0,1.0,Villa,Bon état,5-10 ans,Marbre,36.876389,10.325278,1.0,1.0,,1.0,1.0,,1.0,1.0,1.0,1.0,1.0,1.0,1.0,2.0,,1.0,,1.0,,1.0,,,,,1.0,,Est,,,,,
https://www.mubawab.tn/fr/a/8067149/a-louer-rdc-avec-vue-panoramique-sur-mer,A Louer RDC avec vue panoramique sur mer,Gammarth à La Marsa,4 000 TND,180.0,4.0,3.0,2.0,,1.0,,1.0,1.0,Villa,Bon état,,,36.876389,10.325278,1.0,,,1.0,,,1.0,,,,,,,,,,,,,,,,,,1.0,,,,,,,
https://www.mubawab.tn/fr/a/8067158/a-louer-rez-de-jardin-avec-piscine-et-vue-sur-mer,A Louer Rez de jardin avec piscine et vue sur mer,Gammarth Supérieur à La Marsa,6 900 TND,360.0,6.0,5.0,4.0,1.0,,1.0,1.0,1.0,Villa,Bon état,,,36.876389,10.325278,1.0,,,1.0,,,1.0,,,,,,,,,,,,,,,,,,1.0,,,,,,,
https://www.mubawab.tn/fr/a/8067170/villa-d-exception-sur-plusieurs-niveaux-%C3%A0-gammarth,Villa d'exception sur plusieurs niveaux à Gammarth,Gammarth Supérieur à La Marsa,9 900 TND,908.0,10.0,8.0,6.0,1.0,1.0,1.0,1.0,1.0,Villa,Bon état,,,36.876389,10.325278,1.0,,,1.0,,,1.0,,1.0,,,,,,,,,,,,,,,,1.0,,,,,,,
https://www.mubawab.tn/fr/a/8063800/a-louer-une-villa-meubl%C3%A9e-en-s3-%C3%A0-gammarth,A louer une villa meublée en S3 à Gammarth,Gammarth à La Marsa,5 500 TND,250.0,5.0,3.0,2.0,,1.0,,1.0,1.0,Maison,Nouveau,,,36.876389,10.325278,,,,1.0,1.0,1.0,1.0,,,,,,1.0,,,,1.0,,,1.0,1.0,1.0,,,,,,,,,,
https://www.mubawab.tn/fr/a/8087896/location-annuelle-duplex-s3-meubl%C3%A9,Location annuelle duplex S3 meublé,Hammamet Nord à Hammamet,3 400 TND,320.0,4.0,3.0,2.0,1.0,,1.0,1.0,1.0,Maison,Bon état,,,36.40108,10.61457,,,,1.0,,1.0,1.0,,,,,,,,,,1.0,,,1.0,1.0,1.0,,,,,,,,,,
https://www.mubawab.tn/fr/a/8077718/maison-ind%C3%A9pendante-meubl%C3%A9e-s3,Maison Indépendante Meublée S3,Hammamet Nord à Hammamet,1 400 TND,120.0,4.0,3.0,,,1.0,,1.0,1.0,Maison,Bon état,,,36.40108,10.61457,1.0,,,1.0,,1.0,1.0,1.0,,,,,,,,,,,,1.0,1.0,,1.0,,,,,,,,,
https://www.mubawab.tn/fr/a/8051333/coquette-maison-dans-un-quartier-tr%C3%A8s-resdenciel,Coquette maison dans un quartier très resdenciel,La Marsa à La Marsa,4 000 TND,300.0,,4.0,3.0,1.0,1.0,,,1.0,Villa,Bon état,5-10 ans,Marbre,36.8789732,10.3068276,1.0,,,,,1.0,1.0,1.0,,,,,,2.0,,,1.0,,,,,1.0,,,,,Nord,,,,,
https://www.mubawab.tn/fr/a/8100077/a-louer-villa-neuve-avec-piscine-%C3%A0-carthage,A Louer Villa Neuve avec Piscine à Carthage,Carthage à Carthage,12 000 TND,480.0,5.0,4.0,3.0,1.0,1.0,1.0,1.0,1.0,Villa,Nouveau,Moins d'un an,,36.8566,10.3258,1.0,1.0,,1.0,,,1.0,,1.0,,,,,,,,,,1000 m²,,,,,,,,,,,,,
https://www.mubawab.tn/fr/a/8083810/appartement-s3-%C3%A0-la-marsa,Appartement S3 à La Marsa,La Marsa à La Marsa,5 000 TND,175.0,,2.0,,,1.0,,,1.0,Villa,,,,36.8941992,10.2762232,,,,,,,,,1.0,,,,,,,,,,,,,,,,,,,,,,,
https://www.mubawab.tn/fr/a/8094028/etage-de-villa-s3-avec-terrasse-%C3%A0-gammarth,Etage de villa S3 avec terrasse à Gammarth,Gammarth à La Marsa,5 000 TND,,4.0,3.0,2.0,1.0,1.0,,1.0,1.0,Villa,Bon état,,,36.876389,10.325278,1.0,1.0,,1.0,1.0,1.0,,,1.0,1.0,1.0,1.0,1.0,,,1.0,,1.0,,,,,,,,,,,,,,
https://www.mubawab.tn/fr/a/7759403/location-villa-elizabth-s3,Location Villa Elizabth S3,Hammamet à Hammamet,3 500 TND,280.0,4.0,3.0,2.0,1.0,1.0,1.0,1.0,1.0,Villa,Nouveau,,,36.40108,10.61457,1.0,1.0,,1.0,,1.0,1.0,1.0,,1.0,,1.0,,,,,1.0,,,1.0,1.0,1.0,,,,,,,,,,
https://www.mubawab.tn/fr/a/7843232/a-louer-un-triplex-en-s5-avec-piscine-%C3%A0-gammarth,A louer un triplex en S5 avec piscine à Gammarth,Gammarth à La Marsa,6 500 TND,400.0,,5.0,,1.0,1.0,1.0,1.0,1.0,Villa,,,,36.917739,10.288893,1.0,,,1.0,,,,,,,,,,,,,,,,,,,,,1.0,,,,,,,
https://www.mubawab.tn/fr/a/7967009/a-louer-villa-s5-%C3%A0-manar-2,A louer Villa S5 à Manar 2,El Manar 1 à El Menzah,Prix à consulter,500.0,,5.0,2.0,1.0,1.0,,1.0,1.0,Villa,Nouveau,,Marbre,36.845235,10.164723,1.0,,,1.0,1.0,,,1.0,,1.0,1.0,,1.0,,1.0,,,,,,,,,,,,,,,,,
https://www.mubawab.tn/fr/a/7949831/villa-s4-avec-piscine-gammarth,"Villa S4 avec piscine, Gammarth",Gammarth Supérieur à La Marsa,5 500 TND,600.0,5.0,4.0,3.0,1.0,1.0,1.0,1.0,1.0,Villa,Bon état,,Marbre,36.876389,10.325278,1.0,1.0,1.0,1.0,,,1.0,,1.0,,,1.0,1.0,,,,,,600 m²,,,,,,,,,,,,,
https://www.mubawab.tn/fr/a/8099421/villa-yahya,Villa yahya,Midoune à Midoun,300 TND,180.0,4.0,3.0,3.0,1.0,1.0,1.0,,1.0,Maison,Nouveau,Moins d'un an,Parquet,33.80462110950127,11.024743398974683,1.0,,,1.0,1.0,1.0,1.0,1.0,1.0,1.0,,1.0,,1.0,,1.0,1.0,1.0,600 m²,1.0,1.0,1.0,,,1.0,,Nord,,,,,
https://www.mubawab.tn/fr/a/7981507/villa-s4-avec-piscine-gammarth-sup%C3%A9rieur,"Villa S4 avec piscine, Gammarth supérieur",Gammarth Supérieur à La Marsa,8 000 TND,900.0,5.0,4.0,4.0,1.0,1.0,1.0,1.0,1.0,Villa,Bon état,,,36.876389,10.325278,1.0,1.0,,1.0,,1.0,1.0,1.0,,,,1.0,,,,,,1.0,,,,1.0,,,,1.0,,,,,,
https://www.mubawab.tn/fr/a/8057874/%C3%A0-louer-tr%C3%A8s-belle-villa-avec-piscine-%C3%A0-gammarth,À louer très belle villa avec piscine à Gammarth,Gammarth à La Marsa,6 500 TND,,6.0,4.0,3.0,1.0,,1.0,1.0,1.0,Villa,Bon état,,,36.917739,10.288893,1.0,1.0,,1.0,1.0,,1.0,1.0,1.0,1.0,,1.0,1.0,,,,,1.0,1 m²,,,,,,,1.0,,,,,,
https://www.mubawab.tn/fr/a/7821072/a-louer-duplex-meubl%C3%A9-vue-sur-mer-%C3%A1-sidi-bousaid,A Louer Duplex meublé vue sur mer á Sidi BouSaid,Sidi Bousaid à Carthage,4 500 TND,,5.0,3.0,2.0,,,,1.0,1.0,Maison,Bon état,,,36.8566,10.3258,1.0,1.0,,,,1.0,1.0,,,,,1.0,1.0,,,,1.0,1.0,,1.0,1.0,1.0,,,1.0,,,,,,,
https://www.mubawab.tn/fr/a/8059158/etage-de-villa-s4-a-la-marsa,Etage de villa s4 a la Marsa,La Marsa à La Marsa,1 800 TND,100.0,5.0,4.0,,,1.0,,1.0,,Maison,Bon état,,,36.876389,10.325278,,,,1.0,,,,,,,,,,,,,,,,,,,1.0,,,,,,,,,
https://www.mubawab.tn/fr/a/8077201/s1-meubl%C3%A9-avec-jardin-%C3%A0-la-marsa,S1 Meublé avec jardin à la Marsa,La Marsa à La Marsa,2 100 TND,200.0,,2.0,,1.0,,,,,Maison,Nouveau,,,36.876389,10.325278,,,,,,,,,,,,,,,1.0,,,,,1.0,,,1.0,,,,,,,,,
https://www.mubawab.tn/fr/a/8095758/villa-de-plain-pied-s3-avec-garage-%C3%A0-carthage,Villa de plain pied S3 avec garage à Carthage,Carthage à Carthage,4 500 TND,250.0,3.0,3.0,,,1.0,,,,Maison,Nouveau,,,36.8566,10.3258,,,,,,,,,,,,,,,,,,,,,,,1.0,,,,,,,,,
https://www.mubawab.tn/fr/a/8098946/maison-el-omrane-france-ville,Maison El omrane france ville,El Omrane à El Omrane,1 500 TND,100.0,,2.0,,,,,,,Maison,Nouveau,,Parquet,36.814748,10.1558086,1.0,,,,,,,,,,,,,1.0,1.0,,,,,,,,1.0,,,,,,,,,
https://www.mubawab.tn/fr/a/8004108/villa-s6-meubl%C3%A9e-avec-piscine-et-jardin-au-lac-2,Villa s6 meublée avec piscine et jardin au lac 2,Les Berges Du Lac 2 à La Marsa,9 000 TND,800.0,7.0,6.0,4.0,1.0,1.0,1.0,1.0,1.0,Villa,Bon état,,,36.876389,10.325278,,1.0,,1.0,1.0,1.0,1.0,1.0,,1.0,1.0,1.0,1.0,,,,1.0,,,1.0,,1.0,,1.0,,,,,,,,
https://www.mubawab.tn/fr/a/8098852/villa-%C3%A0-louer-la-marsa,Villa à louer La Marsa,La Marsa à La Marsa,5 000 TND,400.0,5.0,7.0,,1.0,,,,,Maison,Nouveau,,,36.876389,10.325278,,,,,,,,,,,,,,,,,,,,,,,1.0,,,,,,,,,
https://www.mubawab.tn/fr/a/8097003/villa-%C3%A0-louer-la-marsa,Villa à louer La Marsa,La Marsa à La Marsa,4 000 TND,500.0,6.0,4.0,3.0,1.0,1.0,,1.0,,Maison,Bon état,,,36.876389,10.325278,1.0,,,,1.0,,,1.0,,,,,1.0,,,,,,,,,,,,,,,,,,,
https://www.mubawab.tn/fr/a/7862136/villa-avec-piscine-%C3%A0-louer-%C3%A0-gammarth,Villa avec piscine à louer à Gammarth,Gammarth Supérieur à La Marsa,5 000 TND,300.0,6.0,4.0,3.0,1.0,1.0,1.0,1.0,1.0,Villa,Bon état,,,36.876389,10.325278,1.0,1.0,,1.0,1.0,,1.0,1.0,,1.0,1.0,,1.0,,,,,,,,,,,,,1.0,,,,,,
https://www.mubawab.tn/fr/a/8082670/villa-vue-mer-%C3%A0-louer-la-marsa,Villa vue mer à louer La Marsa,La Marsa à La Marsa,8 000 TND,600.0,6.0,4.0,3.0,1.0,1.0,1.0,1.0,1.0,Villa,Bon état,,,36.876389,10.325278,1.0,,,1.0,1.0,,,,,,,1.0,1.0,,,,,,,,,,,,1.0,,,,,,,
https://www.mubawab.tn/fr/a/8047537/villa-%C3%A0-louer-%C3%A0-la-marsa-ennasim,Villa à Louer à La Marsa Ennasim,La Marsa à La Marsa,Prix à consulter,850.0,6.0,4.0,3.0,1.0,1.0,1.0,1.0,1.0,Villa,Bon état,,,36.876389,10.325278,1.0,,,1.0,1.0,,,1.0,,,,1.0,1.0,,,,,,,,,,,,,,,,,,,
https://www.mubawab.tn/fr/a/7916765/a-louer-rdc-s4-meubl%C3%A9-ind%C3%A9pendant-avec-piscine,A LOUER: RDC S4 meublé indépendant avec piscine,Cité Les Pins à La Marsa,6 000 TND,220.0,5.0,4.0,,1.0,1.0,1.0,1.0,1.0,Villa,Bon état,,,36.8891165,10.3222671,1.0,,,1.0,,,1.0,,,,,1.0,1.0,,,,,,,1.0,,,1.0,,,,,,,,,
https://www.mubawab.tn/fr/a/8098755/etage-de-villa-%C3%A0-louer-%C3%A0-gammarth,Etage de villa à louer à Gammarth,Gammarth à La Marsa,3 000 TND,120.0,3.0,2.0,2.0,,,,1.0,1.0,Maison,Bon état,,,36.876389,10.325278,1.0,,1.0,1.0,,,,,,1.0,,,,,,,,,,,,,,,1.0,,,,,,,
https://www.mubawab.tn/fr/a/8098702/une-villa-s4-%C3%A0-louer-situ%C3%A9e-%C3%A0-chatt-mariem,Une villa s4 à louer située à chatt mariem,Chott Meriem à Akouda,4 500 TND,700.0,,4.0,2.0,1.0,1.0,,1.0,1.0,Villa,Nouveau,,,35.87,10.57,1.0,,,1.0,,1.0,1.0,,,1.0,1.0,1.0,,,1.0,1.0,1.0,1.0,1000 m²,1.0,1.0,1.0,,,,,,,,,,
https://www.mubawab.tn/fr/a/7809488/a-louer-villa-de-ma%C3%AEtre-a-gammarth-sup%C3%A9rieur,A louer villa de maître a Gammarth supérieur,Gammarth Supérieur à La Marsa,10 000 TND,1800.0,6.0,5.0,5.0,1.0,1.0,1.0,1.0,1.0,Villa,Nouveau,1-5 ans,Marbre,36.89317870000001,10.3099394,1.0,1.0,,1.0,1.0,1.0,1.0,1.0,,1.0,1.0,1.0,1.0,,,1.0,,1.0,,,1.0,,,,1.0,1.0,Est,,,,,
https://www.mubawab.tn/fr/a/8070356/villa-s3-meubl%C3%A9e-avec-vue-d%C3%A9gag%C3%A9e-gammarth-sup,"Villa S3 meublée avec vue dégagée, Gammarth sup",Gammarth Supérieur à La Marsa,Prix à consulter,472.0,4.0,3.0,4.0,,,1.0,1.0,1.0,Villa,Nouveau,1-5 ans,Marbre,36.876389,10.325278,1.0,1.0,,1.0,1.0,1.0,1.0,,,1.0,,1.0,1.0,4.0,,1.0,1.0,,672 m²,1.0,1.0,1.0,,1.0,,1.0,Sud,,,,,
https://www.mubawab.tn/fr/a/8098605/ennasr-2-%C3%A0-louer-rdc-villa-s3-avec-jardin,Ennasr 2; à louer rdc villa s3 avec jardin,Cité Ennasr 2 à Ariana Ville,Prix à consulter,160.0,5.0,3.0,,1.0,1.0,,1.0,,Maison,Bon état,,,36.8625,10.19556,,,,,,,,1.0,,,,,,,,,,,,,,,1.0,,,,,,,,,
https://www.mubawab.tn/fr/a/8098582/appartement-s3-meubl%C3%A9-%C3%A0-la-marsa,Appartement S3 Meublé à La Marsa,La Marsa à La Marsa,3 700 TND,,,3.0,,,,,,1.0,Villa,,,,36.8941992,10.2762232,,,,,,,,,,,,,,,,,,,,1.0,,,,,,,,,,,,
https://www.mubawab.tn/fr/a/8098488/%C3%A0-louer-%C3%A9tage-de-villa-%C3%A0-naasen-mourouj3,À louer étage de villa à naasen mourouj3,Ben Arous à Ben Arous,850 TND,168.0,5.0,3.0,2.0,,,,1.0,1.0,Maison,Bon état,5-10 ans,Marbre,36.77228,10.22122,1.0,,,1.0,,,1.0,,,,,,,1.0,,,,,168 m²,,,,,,,,Ouest,,,,,
https://www.mubawab.tn/fr/a/8098194/etage-villa-%C3%A0-menzah-8,Etage villa à Menzah 8,El Menzah 8 à Ariana Ville,1 400 TND,185.0,8.0,4.0,2.0,1.0,,,1.0,,Maison,Bon état,,,36.8625,10.19556,,,,1.0,,,,1.0,1.0,,,,1.0,,,,,,,,,,,,,,,,,,,
https://www.mubawab.tn/fr/a/8098174/a-louer-villa-meubl%C3%A9-%C3%A0-chott-meriem,A louer villa meublé à chott meriem,Akouda à Akouda,4 500 TND,800.0,4.0,4.0,,1.0,,,1.0,,Villa,Nouveau,,,35.87,10.57,,,,1.0,,,,,,,,,,,,,,,,1.0,,,1.0,,,,,,,,,
https://www.mubawab.tn/fr/a/8098109/villa-%C3%A0-louer-%C3%A0-mutuelle-ville,Villa à louer à Mutuelle Ville,Mutuelle Ville à El Menzah,6 000 TND,800.0,5.0,3.0,5.0,1.0,1.0,1.0,1.0,1.0,Villa,Bon état,,,36.845235,10.164723,1.0,,,1.0,,,,,1.0,1.0,1.0,,,,,,,,400 m²,,,,,,,,,,,,,
https://www.mubawab.tn/fr/a/8069617/duplex-s4-avec-piscine-%C3%A0-la-marsa,Duplex S4 avec piscine à La Marsa,La Marsa à La Marsa,3 300 TND,200.0,4.0,4.0,3.0,1.0,1.0,1.0,1.0,1.0,Villa,Bon état,10-20 ans,Marbre,36.876389,10.325278,1.0,,,1.0,,,1.0,1.0,,,,,1.0,,,,,1.0,,1.0,,,,,,,,,,,,
https://www.mubawab.tn/fr/a/8095187/belle-maison-de-plain-pied-avec-piscine-%C3%A0-louer,Belle maison de plain pied avec piscine à louer,Tezdaine,2 500 TND,120.0,4.0,3.0,2.0,1.0,1.0,1.0,,1.0,Maison,Bon état,,,33.8039664,11.0400653,1.0,,,1.0,,,,,,,,,,,,,,,,1.0,,,,,,,,,,,,
https://www.mubawab.tn/fr/a/8098040/villa-s4-%C3%A0-la-marsa,Villa s4 à la Marsa,La Marsa à La Marsa,4 000 TND,400.0,4.0,4.0,3.0,,1.0,,,,Maison,Nouveau,,,36.876389,10.325278,,,,,,,,,1.0,,,,,,,,,,,,,,,,,,,,,,,
https://www.mubawab.tn/fr/a/8097991/duplex-%C3%A0-louer-%C3%A0-la-marsa-cit%C3%A9-des-juges,Duplex à Louer à La Marsa Cité des juges,Cité des Juges à La Marsa,2 200 TND,200.0,4.0,3.0,,1.0,,,1.0,,Villa,Bon état,10-20 ans,Marbre,36.876389,10.325278,1.0,,,,,,,,,,,,,1.0,,,,,300 m²,,,,1.0,,,,,,,,,
https://www.mubawab.tn/fr/a/8097920/%C3%A0-louer-une-villa-s3-avec-piscine-%C3%A0-la-marsa,À Louer une villa s3 avec piscine à la marsa,Cité Les Pins à La Marsa,6 500 TND,400.0,6.0,3.0,3.0,1.0,1.0,1.0,1.0,1.0,Villa,Bon état,10-20 ans,Marbre,36.876389,10.325278,1.0,,1.0,1.0,1.0,1.0,1.0,1.0,,1.0,1.0,1.0,1.0,1.0,,1.0,1.0,1.0,850 m²,,1.0,1.0,,,,,Est,,,,,
https://www.mubawab.tn/fr/a/7870290/a-louer-studio-s1-meubl%C3%A9-%C3%A0-cit%C3%A9-skik-bardo,A louer studio s1 meublé à cité skik bardo,Le Bardo à Le Bardo,950 TND,80.0,2.0,,,,,,,1.0,Maison,Bon état,Moins d'un an,Marbre,36.83017,10.13736,,,,1.0,,1.0,1.0,,,,1.0,1.0,,,,,,,,1.0,1.0,1.0,1.0,,,,,1.0,,,,
https://www.mubawab.tn/fr/a/8097775/une-villa-s4-%C3%A0-louer-situ%C3%A9e-%C3%A0-chatt-mariem,Une villa s4 à louer située à chatt mariem,Chott Meriem à Akouda,2 500 TND,500.0,,4.0,,1.0,1.0,,1.0,1.0,Villa,Bon état,,,35.87,10.57,1.0,,,1.0,,1.0,1.0,,,,1.0,,,,1.0,1.0,1.0,,500 m²,1.0,1.0,1.0,1.0,,1.0,,,,,,,
https://www.mubawab.tn/fr/a/8019077/villa-s5-avec-piscine-gammarth,"Villa S5 avec piscine, Gammarth",Gammarth à La Marsa,7 800 TND,650.0,6.0,5.0,5.0,1.0,1.0,1.0,1.0,1.0,Villa,Bon état,,,36.876389,10.325278,1.0,,1.0,1.0,,,1.0,,,,,,1.0,,,,,,,,,,,,,,Sud,,,,,
https://www.mubawab.tn/fr/a/8014001/a-louer-une-villa-s10-usage-bureautique-au-lac-2,A louer une villa s10 usage bureautique au lac 2,Les Berges Du Lac 2 à La Marsa,19 000 TND,600.0,18.0,10.0,6.0,1.0,1.0,,1.0,1.0,Villa,Nouveau,1-5 ans,,36.876389,10.325278,,,,1.0,,,,1.0,,,1.0,,,,,,,,,,,,,,,,,,,,,
https://www.mubawab.tn/fr/a/8026489/a-louer-un-etage-de-villa-s3-au-jardin-de-cartage,A louer un etage de villa s3 au jardin de cartage,Les Jardins de Carthage à Le Kram,2 300 TND,175.0,9.0,3.0,3.0,1.0,,,1.0,1.0,Maison,Bon état,1-5 ans,,36.833333,10.316667,,,,1.0,,,,1.0,,,1.0,,,,,,,,,,,,,,,,,,,,,
https://www.mubawab.tn/fr/a/8060753/villa-avec-jardin-%C3%A0-la-marsa,Villa avec jardin à La Marsa,La Marsa à La Marsa,4 500 TND,,2.0,5.0,3.0,1.0,1.0,,1.0,1.0,Villa,Bon état,,Marbre,36.876389,10.325278,1.0,,,1.0,1.0,,1.0,,,,,,1.0,,,,,,,,,,,,,,Sud,,,,,
https://www.mubawab.tn/fr/a/8081969/villa-%C3%A0-louer-avec-piscine-%C3%A0-carthage,Villa à louer avec piscine à Carthage,Carthage à Carthage,12 000 TND,,2.0,5.0,6.0,1.0,1.0,1.0,1.0,1.0,Villa,Bon état,,,36.8566,10.3258,1.0,,,1.0,1.0,,1.0,1.0,,,,1.0,1.0,,,,1.0,,,,,,,,,1.0,,,,,,
https://www.mubawab.tn/fr/a/8097394/a-louer-villa-s5-au-lac-1,A louer villa s5 au lac 1,La Marsa à La Marsa,4 000 TND,,,6.0,3.0,1.0,,,,,Maison,Bon état,,,36.876389,10.325278,1.0,,,,,,1.0,,,,,1.0,,,1.0,,,,,,,,,,,,,,,,,
https://www.mubawab.tn/fr/a/8097367/a-louer-une-villa-s5-%C3%A0-la-marsa,A louer Une Villa S5 à la Marsa,La Marsa à La Marsa,8 000 TND,400.0,5.0,5.0,,1.0,1.0,1.0,,,Villa,Nouveau,,,36.876389,10.325278,,,,,,,,,,,,,,,,,,,,,,,1.0,,,,,,,,,
https://www.mubawab.tn/fr/a/8097237/grand-villa-a-jardin-de-l%E2%80%99aouina,Grand villa a jardin de L’Aouina,Aouina à La Marsa,3 500 TND,1200.0,3.0,7.0,4.0,1.0,1.0,,1.0,1.0,Villa,Bon état,,,36.8533886,10.2504908,1.0,,,1.0,1.0,,1.0,1.0,1.0,1.0,1.0,1.0,,,,,,1.0,600 m²,,,,,,,,,,,,,
https://www.mubawab.tn/fr/a/7695049/une-somptueuse-villa-avec-piscine-%C3%A0-louer-%C3%A0-la-soukra,Une Somptueuse Villa avec piscine à louer à La Soukra,La Soukra à La Soukra,Prix à consulter,1300.0,,4.0,,,1.0,1.0,,,Maison,,,,36.88833,10.27417,1.0,,,,,,,,,,,,,,,,,,,,,,,,,,,,,,,
https://www.mubawab.tn/fr/a/8097030/villa-sur-trois-niveaux-%C3%A0-menzah-8,Villa sur trois niveaux à Menzah 8,El Menzah 8 à Ariana Ville,3 300 TND,480.0,6.0,6.0,3.0,1.0,1.0,,1.0,1.0,Villa,Bon état,,,36.8625,10.19556,1.0,1.0,1.0,1.0,,,,,,,,,,,,,,,,,,,,,,,,,,,,
https://www.mubawab.tn/fr/a/7988443/a-louer-un-%C3%A9tage-de-villa-s4-meubl%C3%A9-%C3%A0-ain-zaghouan,A louer un étage de villa S4 meublé à Ain Zaghouan,Ain Zaghouan Nord à La Marsa,2 600 TND,200.0,5.0,4.0,2.0,1.0,1.0,,1.0,1.0,Maison,Bon état,,,36.876389,10.325278,1.0,,,1.0,1.0,1.0,1.0,,1.0,,,,,,,,,,,1.0,1.0,1.0,,,,,,,,,,
https://www.mubawab.tn/fr/a/8066748/a-louer-un-rez-de-chauss%C3%A9e-meubl%C3%A9-en-s3-avec-pisc,A louer un rez de chaussée meublé en S3 avec pisc,La Marsa à La Marsa,5 700 TND,180.0,3.0,3.0,,,1.0,1.0,1.0,1.0,Villa,Nouveau,,,36.876389,10.325278,1.0,,,1.0,,,,1.0,,,,1.0,,,,,,,,1.0,,,1.0,,,,,,,,,
https://www.mubawab.tn/fr/a/7968881/a-louer-un-rez-de-chauss%C3%A9e-de-villa-en-s3-%C3%A0-carthage-byrsa,A louer un rez de chaussée de villa en S3 à Carthage Byrsa,Carthage à Carthage,3 500 TND,350.0,4.0,4.0,2.0,1.0,,,1.0,,Villa,Nouveau,,,36.5046,10.19186,1.0,,,1.0,,,,,,,,,,,,,,,,,,,,,,,,,,,,
https://www.mubawab.tn/fr/a/8082470/a-louer-un-s3-meubl%C3%A9-%C3%A0-marsa-corniche,A louer un s3 meublé à Marsa Corniche,La Marsa à La Marsa,3 500 TND,120.0,4.0,4.0,,,,,1.0,,Villa,Bon état,,,36.876389,10.325278,1.0,,,1.0,,,,,,,,,,,,,,,,1.0,,,1.0,,,,,,,,,
https://www.mubawab.tn/fr/a/8096832/location-annuelle-villa-%C3%A0-hammamet,Location annuelle villa à hammamet,Hammamet à Hammamet,6 500 TND,1000.0,10.0,3.0,3.0,1.0,1.0,1.0,1.0,1.0,Villa,Bon état,5-10 ans,,36.40108,10.61457,1.0,1.0,1.0,1.0,1.0,,,1.0,1.0,1.0,1.0,1.0,,,,,,,300 m²,1.0,,,,,1.0,,,,,,,
https://www.mubawab.tn/fr/a/8096829/villa-s4-vue-de-mer-%C3%A0-beni-khiar-nabeul,"Villa S4 vue de mer à Beni khiar, Nabeul",Nabeul à Nabeul,Prix à consulter,200.0,5.0,4.0,2.0,,,1.0,,1.0,Villa,Bon état,Moins d'un an,,36.45056,10.73505,1.0,,,1.0,,,1.0,,,1.0,,,,,,,,,200 m²,1.0,,,,,1.0,,Nord,,,,,
https://www.mubawab.tn/fr/a/8075589/belle-villa-de-haut-standing-%C3%A0-louer-%C3%A0-gammarth,Belle villa de haut standing à louer à Gammarth,Gammarth à La Marsa,6 500 TND,500.0,,5.0,5.0,1.0,1.0,1.0,,1.0,Villa,Nouveau,1-5 ans,Marbre,36.8931787,10.3099394,1.0,,1.0,,,,,1.0,,,,,,,,,,,,,,,,,,,,,,,,
https://www.mubawab.tn/fr/a/8096764/villa-avec-piscine-%C3%A0-la-marsa,Villa avec piscine à La Marsa,Gammarth à La Marsa,5 500 TND,,5.0,4.0,2.0,1.0,1.0,1.0,1.0,1.0,Villa,Bon état,,Marbre,36.876389,10.325278,1.0,,,1.0,1.0,,,1.0,1.0,1.0,,1.0,1.0,1.0,,,,,1 m²,,,,,,,,,,,,,
https://www.mubawab.tn/fr/a/8096692/a-louer-villa-jumel%C3%A9e-s5-avec-jardin-et-piscine-%C3%A0-la-marsa,A louer Villa jumelée S5 avec jardin et piscine à la Marsa,La Marsa à La Marsa,4 500 TND,400.0,,6.0,,1.0,1.0,1.0,,1.0,Maison,,,,36.8941992,10.2762232,1.0,,,,,,,,,,,1.0,,,,,,,,,,,,,,,,,,,,
https://www.mubawab.tn/fr/a/8096560/location-etage-de-villa-%C3%A0-l-ariana-ville,Location Etage de Villa à l'Ariana Ville,Ariana à Ariana Ville,1 250 TND,200.0,6.0,4.0,,,1.0,,,,Maison,Bon état,,Carrelage,36.8625,10.19556,1.0,,,,,,,,,,,,,1.0,,,,,,,1.0,,1.0,,,,,,,,,
https://www.mubawab.tn/fr/a/8096557/prestigieuse-villa-s5-avec-vue-sur-la-mer-%C3%A0-la-ma,Prestigieuse villa S5 avec vue sur la mer à La Ma,La Marsa à La Marsa,10 000 TND,500.0,5.0,5.0,6.0,1.0,,,1.0,,Maison,Nouveau,,,36.876389,10.325278,1.0,,,1.0,,,,,,,,,,,,,,,,,,,,,1.0,,,,,,,
https://www.mubawab.tn/fr/a/8077724/villa-avec-piscine-%C3%A0-la-marsa,Villa avec piscine à La Marsa,La Marsa à La Marsa,5 700 TND,800.0,5.0,4.0,3.0,1.0,,1.0,1.0,1.0,Villa,Bon état,,,36.876389,10.325278,1.0,,,1.0,,1.0,1.0,,,1.0,1.0,,,,,,,1.0,400 m²,,,,,,,,,,,,,
https://www.mubawab.tn/fr/a/7935548/villa-s6-avec-piscine-au-lac2-mvl0783,Villa S6 avec piscine au Lac2 MVL0783,Les Berges Du Lac 2 à La Marsa,Prix à consulter,600.0,,6.0,5.0,1.0,1.0,1.0,1.0,1.0,Villa,Bon état,,,36.876389,10.325278,1.0,,,1.0,,,,,,,,,1.0,,1.0,,,,,,,,,,,,,,,,,
https://www.mubawab.tn/fr/a/8088402/maison-ind%C3%A9pendante-%C3%A0-louer-%C3%A0-l-ann%C3%A9e,Maison indépendante à louer à l'année,Hammamet Nord à Hammamet,1 500 TND,250.0,4.0,3.0,,,,,1.0,1.0,Maison,Bon état,,,36.40108,10.61457,,,,1.0,,,,,,,,,,,,,,,,,,,1.0,,,,,,,,,
https://www.mubawab.tn/fr/a/8095882/etage-de-villa-s4-meubl%C3%A9-%C3%A0-louer-%C3%A0-ain-zaghouan-nord,Etage de villa S4 meublé à louer à Ain Zaghouan nord,Ain Zaghouan Nord à La Marsa,2 600 TND,220.0,,5.0,,1.0,1.0,,,1.0,Maison,,,,36.8623859,10.2835035,,,,,,,,,1.0,,,,,,,,,,,1.0,,,,,,,,,,,,
https://www.mubawab.tn/fr/a/8074692/villa-de-luxe-%C3%A0-hammamet-confort-et-modernit%C3%A9,Villa de Luxe à Hammamet: Confort et Modernité,Yasmine Hammamet à Hammamet,6 000 TND,300.0,4.0,3.0,4.0,1.0,1.0,1.0,1.0,1.0,Villa,Nouveau,,Marbre,36.40108,10.61457,1.0,,1.0,1.0,1.0,1.0,1.0,,1.0,1.0,1.0,1.0,1.0,,,1.0,1.0,,,1.0,1.0,1.0,,,,,,,,,,
https://www.mubawab.tn/fr/a/8095955/un-r%C3%A9z-de-chauss%C3%A9e-de-villa-s3-%C3%A0-gammarth-vue-mer,Un réz de chaussée de villa s3 à gammarth vue mer,Gammarth à La Marsa,3 700 TND,150.0,4.0,3.0,,1.0,1.0,1.0,1.0,1.0,Maison,Bon état,,,36.876389,10.325278,1.0,,,1.0,1.0,,,,1.0,,1.0,1.0,,,,1.0,,,,,,,1.0,,1.0,,,,,,,
https://www.mubawab.tn/fr/a/8072245/une-belle-villa-avec-jardin-et-piscine,Une belle villa avec jardin et piscine,Les Berges Du Lac 2 à La Marsa,10 000 TND,800.0,5.0,4.0,3.0,1.0,,1.0,,1.0,Maison,Bon état,5-10 ans,Marbre,36.876389,10.325278,,,,,,,,,,1.0,,,,3.0,,,,,700 m²,,,,,,,,,,,,,
https://www.mubawab.tn/fr/a/8095914/villa-plain-pied-s4-avec-jardin-et-garage,Villa plain pied S4 avec jardin et garage,La Marsa,4 000 TND,,,5.0,,1.0,1.0,,1.0,,Maison,,,,36.876389,10.325278,,,,1.0,,,,,,,,,,,,,,,,,,,,,,,,,,,,
https://www.mubawab.tn/fr/a/8073779/a-louer-%C3%A9tage-de-villa-a-ain-zaghouen,A louer étage de villa a Ain zaghouen,Ain Zaghouan Nord à La Marsa,1 850 TND,160.0,4.0,3.0,2.0,,,,1.0,1.0,Villa,Nouveau,,,36.876389,10.325278,1.0,,,1.0,1.0,,,,1.0,,,1.0,1.0,,,,,,,,,,,,,,,,,,,
https://www.mubawab.tn/fr/a/8095833/villa-s4-meubl%C3%A9e-%C3%A0-gammarth,Villa s4 meublée à Gammarth,Gammarth à La Marsa,9 000 TND,1100.0,4.0,4.0,,1.0,,1.0,,1.0,Maison,Nouveau,,,36.876389,10.325278,1.0,,,,,,,,1.0,,,,,,,,,,,,,,1.0,,,,,,,,,
https://www.mubawab.tn/fr/a/8095825/villa-s5-avec-piscine-%C3%A0-gammarth,Villa s5 avec piscine à Gammarth,Gammarth à La Marsa,7 000 TND,1100.0,6.0,7.0,,1.0,1.0,1.0,1.0,1.0,Maison,Nouveau,,,36.876389,10.325278,1.0,,,1.0,,,,,1.0,,,,,,,,,,,,,,1.0,,,,,,,,,
https://www.mubawab.tn/fr/a/8059146/etage-de-villa-s3-avec-piscine,Etage de villa s3 avec piscine,La Marsa à La Marsa,4 500 TND,150.0,4.0,3.0,2.0,1.0,1.0,1.0,1.0,1.0,Villa,Bon état,,,36.876389,10.325278,,,,1.0,,,,,1.0,,,,,1.0,,,,,,,,,,,,,,,,,,
https://www.mubawab.tn/fr/a/8087085/villa-de-haut-standing-%C3%A0-louer-au-plein-c%C5%93ur-de-la-marsa,Villa de haut standing à louer au plein cœur de la Marsa,La Marsa à La Marsa,8 000 TND,400.0,,4.0,4.0,1.0,,1.0,1.0,1.0,Villa,Nouveau,1-5 ans,Marbre,36.8941992,10.2762232,1.0,,,1.0,,,,,,,,1.0,,,,,,,,,,,,,1.0,,,,,,,
https://www.mubawab.tn/fr/a/8070372/a-louer-une-villa-en-s4-avec-piscine-%C3%A0-gammarth,A louer une villa en S4 avec piscine à Gammarth,Gammarth à La Marsa,5 000 TND,500.0,6.0,5.0,4.0,1.0,1.0,1.0,1.0,1.0,Maison,Nouveau,,,36.876389,10.325278,1.0,,,1.0,,1.0,1.0,,,,,,,,,,,,,,,,,,,,,,,,,
https://www.mubawab.tn/fr/a/8059945/triplex-s4-bureautique-ou-habitation-%C3%A0-manar,Triplex S4 Bureautique ou Habitation à Manar,El Manar 1 à El Menzah,2 500 TND,200.0,,,,,1.0,,1.0,1.0,Maison,Bon état,10-20 ans,,36.845235,10.164723,1.0,,,1.0,,,,,,,,,,,1.0,,,,,,,,1.0,,,,,1.0,,,,
https://www.mubawab.tn/fr/a/8095294/villa-s4-avec-vue-sur-mer-gammarth-sup%C3%A9rieur,"Villa S4 avec vue sur mer, Gammarth supérieur",Gammarth Supérieur à La Marsa,Prix à consulter,320.0,5.0,4.0,5.0,,1.0,1.0,1.0,1.0,Villa,Bon état,,,36.876389,10.325278,1.0,1.0,,1.0,1.0,,1.0,,,,,1.0,1.0,,,,1.0,,700 m²,,,,,1.0,1.0,1.0,,,,,,
https://www.mubawab.tn/fr/a/8085469/villa-de-haut-standing-%C3%A0-louer-meubl%C3%A9e,Villa de haut standing à louer meublée,Gammarth à La Marsa,14 000 TND,600.0,,4.0,4.0,1.0,1.0,,1.0,1.0,Villa,Nouveau,1-5 ans,Marbre,36.917739,10.288893,1.0,,,1.0,,1.0,1.0,1.0,,1.0,,,,,,1.0,1.0,,,1.0,1.0,1.0,,,1.0,1.0,,,,,,
https://www.mubawab.tn/fr/a/8067225/location-duplex-s4-neuf-ennasr-1,Location duplex S4 Neuf Ennasr 1,Cité Ennasr 1 à Ariana Ville,2 600 TND,300.0,5.0,4.0,3.0,1.0,1.0,,1.0,1.0,Villa,Nouveau,Moins d'un an,Marbre,36.8625,10.19556,1.0,,,1.0,1.0,,1.0,,,,,,1.0,,,,,,,,,,,,,,,,,,,
https://www.mubawab.tn/fr/a/8095214/villa-de-style-contemporain-%C3%A0-la-marsa,Villa de style contemporain à la Marsa,Cité Les Pins à La Marsa,8 500 TND,400.0,4.0,3.0,2.0,1.0,1.0,1.0,1.0,1.0,Villa,Bon état,,,36.876389,10.325278,1.0,,1.0,1.0,,1.0,1.0,1.0,,1.0,,,,,,,,,,,1.0,1.0,,,,,,,,,,
https://www.mubawab.tn/fr/a/8087594/%C3%A0-louer-villa-avec-jardin-%C3%A0-la-marsa,À louer villa avec jardin à la Marsa,La Marsa à La Marsa,4 500 TND,,6.0,5.0,3.0,1.0,1.0,,1.0,1.0,Villa,Bon état,,,36.8941992,10.2762232,1.0,,,1.0,1.0,,,1.0,,,,,1.0,,,,,1.0,,,,,,,,,,,,,,
https://www.mubawab.tn/fr/a/7890473/rez-de-chauss%C3%A9e-de-villa-avec-piscine-%C3%A0-la-marsa,Rez de chaussée de villa avec piscine à La Marsa,La Marsa à La Marsa,5 500 TND,200.0,5.0,4.0,2.0,1.0,1.0,1.0,1.0,1.0,Villa,Bon état,,,36.876389,10.325278,1.0,1.0,,1.0,,1.0,1.0,1.0,,,,1.0,1.0,,,,1.0,1.0,,1.0,1.0,1.0,,,,,,,,,,
https://www.mubawab.tn/fr/a/8095134/duplex-s5-avec-piscine,Duplex s5 avec piscine,Ain Zaghouan Nord à La Marsa,3 500 TND,300.0,,6.0,,1.0,1.0,1.0,,1.0,Maison,Nouveau,,,36.876389,10.325278,1.0,,,,,,,,,,,1.0,,,,,,,,,,,1.0,,,,,,,,,
https://www.mubawab.tn/fr/a/8092850/villa-individuelle-en-location,Villa individuelle en location,Carthage à Carthage,12 000 TND,500.0,,,,1.0,1.0,1.0,1.0,,Villa,,,,36.8694317,10.3164051,1.0,,,1.0,,,,,1.0,,,,1.0,,,,,,,,,,,,,,,,,,,
https://www.mubawab.tn/fr/a/8095024/villa-individuelle-en-location,Villa individuelle en location,Ariana Ville,1 700 TND,800.0,,,,1.0,,,,,Villa,,,,36.8625,10.19556,1.0,,,,,,1.0,,,,,,,,,,,,,,,,,,,,,,,,,
https://www.mubawab.tn/fr/a/8038047/maison-s2-meubl%C3%A9e-%C3%A0-louer-%C3%A0-la-marsa,Maison S2 Meublée à louer à La Marsa,La Marsa à La Marsa,3 800 TND,200.0,3.0,2.0,2.0,1.0,,,1.0,1.0,Maison,Bon état,,,36.876389,10.325278,1.0,,,1.0,1.0,,,,1.0,,,,,,,,,,,1.0,,,,,1.0,1.0,,,,,,
https://www.mubawab.tn/fr/a/8023173/%C3%A9blouissant-location-grande-villa-%C3%A0-la-marsa,Éblouissant Location Grande villa à La Marsa,La Marsa à La Marsa,5 000 TND,600.0,,,3.0,1.0,,1.0,,,Villa,,,,36.8941992,10.2762232,,,,,,,,,,,,,,,,,,,,,,,,,,,,,,,,
https://www.mubawab.tn/fr/a/6876324/%C3%A0-louer-magnifique-villa-de-ma%C3%AEtre-%C3%A0-oued-ellil,À louer Magnifique Villa de Maître à Oued Ellil,La Manouba à La Manouba,Prix à consulter,1100.0,8.0,3.0,4.0,1.0,,1.0,,1.0,Villa,Bon état,,,36.77855,10.05538,,,,,,,,,,,,,,,,,,,,1.0,,,,,,,,,,,,
https://www.mubawab.tn/fr/a/8092566/un-s1-au-rez-de-chauss%C3%A9e-au-jardins-de-l-aouina,Un s1 au rez de chaussée au jardins de l'aouina,Aouina à La Marsa,700 TND,60.0,,,,1.0,,,1.0,,Maison,Bon état,5-10 ans,Parquet,36.876389,10.325278,,,,,,,,,,,,,,1.0,1.0,,,,60 m²,,,,1.0,,,,Ouest,1.0,,,,
https://www.mubawab.tn/fr/a/7462086/%C3%A0-louer-une-villa-magnifique-au-golf-de-hammamet,À louer Une Villa Magnifique au Golf de Hammamet,Hammamet Sud à Hammamet,1 500 TND,650.0,7.0,4.0,,,,1.0,,1.0,Villa,Bon état,,,36.404007,10.568995,1.0,,,1.0,,,,,,,,1.0,,,,,,,,1.0,,,,,,,,,,,,
https://www.mubawab.tn/fr/a/8094366/villa-location-%C3%A0-gammarth-sup%C3%A9rieur,Villa location à gammarth supérieur,Gammarth Supérieur à La Marsa,12 000 TND,450.0,4.0,3.0,3.0,1.0,1.0,1.0,1.0,1.0,Villa,Bon état,10-20 ans,Marbre,36.8931787,10.3099394,1.0,1.0,,1.0,1.0,1.0,1.0,1.0,,1.0,1.0,1.0,1.0,2.0,,,1.0,1.0,1200 m²,1.0,1.0,1.0,,,1.0,1.0,Nord,,,,,
https://www.mubawab.tn/fr/a/8094367/a-louer-villa-s3-%C3%A0-gammarth-sup%C3%A9rieur,A louer Villa S3 à Gammarth supérieur,Gammarth Supérieur à La Marsa,3 500 TND,,,4.0,,1.0,1.0,,1.0,1.0,Maison,,,,36.8931787,10.3099394,1.0,,,1.0,,,1.0,,,,,1.0,,,,,,,,,,1.0,,,,,,,,,,
https://www.mubawab.tn/fr/a/7876034/villa-s3-a-la-marsa-plain-pied,Villa S3 a La Marsa plain pied,La Marsa à La Marsa,2 700 TND,350.0,4.0,3.0,3.0,1.0,1.0,,1.0,1.0,Villa,Bon état,10-20 ans,Marbre,36.876389,10.325278,1.0,,,1.0,1.0,,1.0,1.0,,,,,1.0,,,,,1.0,,,,,,,,,,,,,,
https://www.mubawab.tn/fr/a/8064191/maison-%C3%A0-louer-en-plein-c%C5%93ur-de-tebourba,Maison à louer en plein cœur de Tebourba,Tebourba à Tebourba,450 TND,100.0,3.0,2.0,,,,,,,Maison,Bon état,1-5 ans,,36.8094099,9.9089889,,,,,1.0,,,,,,,,1.0,,,,,,,,,,1.0,,,,,,,,,
https://www.mubawab.tn/fr/a/8093873/%C3%A0-louer-%C3%A9tage-de-ville-%C3%A0-borj-louzir,À louer étage de ville à borj louzir,Borj Louzir à La Soukra,1 200 TND,180.0,4.0,3.0,,,1.0,,,1.0,Maison,Bon état,1-5 ans,,36.883333,10.25,1.0,,,,,,,,,,,,,1.0,,,,,180 m²,,,,1.0,,,,,,,,,
https://www.mubawab.tn/fr/a/8093795/rdc-de-villa-s3-jamais-habit%C3%A9-jardin-%C3%A0-menzah-5,Rdc de villa S3 jamais habité jardin à Menzah 5,El Menzah 5 à Ariana Ville,2 900 TND,300.0,4.0,3.0,2.0,1.0,1.0,,1.0,1.0,Maison,Nouveau,Moins d'un an,Marbre,36.8625,10.19556,,,,1.0,1.0,,,1.0,1.0,,,,1.0,,,,,1.0,,,,,,,,,,,,,,
https://www.mubawab.tn/fr/a/8039812/superbe-villa-%C3%A0-louer-%C3%A0-gammarth-4-chambres-belle-terrasse-et-jardin,Superbe villa à louer à Gammarth. 4 chambres. Belle terrasse et jardin,Gammarth à La Marsa,9 000 TND,450.0,,4.0,3.0,1.0,1.0,1.0,1.0,1.0,Villa,Nouveau,1-5 ans,Marbre,36.8791056,10.3064889,1.0,,,1.0,1.0,,,,,,1.0,1.0,1.0,,,,,,,1.0,,,,,1.0,,Nord,,,,,
https://www.mubawab.tn/fr/a/7970039/etage-de-villa-en-location,Etage de villa en location,La Marsa à La Marsa,1 950 TND,100.0,3.0,2.0,,,,,1.0,,Villa,Bon état,5-10 ans,Carrelage,36.8941992,10.2762232,1.0,,,1.0,,1.0,,,,,,,,,,,,,,1.0,,1.0,1.0,,,,Sud,,,,,
https://www.mubawab.tn/fr/a/8048380/villa-s6-de-5000m2-avec-piscine-%C3%A0-la-soukra,Villa S6 de 5000m2 avec piscine à La Soukra,La Soukra à La Soukra,7 000 TND,700.0,7.0,6.0,4.0,1.0,1.0,1.0,1.0,1.0,Villa,Bon état,1-5 ans,Carrelage,36.883333,10.25,1.0,1.0,1.0,1.0,1.0,,,,,1.0,1.0,1.0,1.0,,,1.0,,1.0,5000 m²,,,,,,,,,,,,,
https://www.mubawab.tn/fr/a/8092367/appartement-s2-%C3%A0-ain-zaghouan-nord,Appartement S2 à Ain Zaghouan Nord,Ain Zaghouan Nord à La Marsa,1 800 TND,,2.0,2.0,,,1.0,,,,Maison,Nouveau,,,36.8623859,10.2835035,1.0,,,,,,,,1.0,,,,,,,,,,,,,,1.0,,,,,,,,,
https://www.mubawab.tn/fr/a/7449423/beau-rdj-s2-meubl%C3%A9-avec-jardin,Beau RDJ S2 meublé avec jardin,Cité Elyes à La Soukra,1 190 TND,120.0,3.0,2.0,,1.0,1.0,,1.0,1.0,Maison,Bon état,,Marbre,36.883333,10.25,1.0,1.0,,1.0,,1.0,1.0,1.0,,1.0,1.0,1.0,1.0,,,1.0,,1.0,,1.0,1.0,1.0,1.0,,,,,,,,,
https://www.mubawab.tn/fr/a/8093189/villa-courtes-dur%C3%A9es,Villa Courtes durées,Chott Meriem à Akouda,Prix à consulter,850.0,,3.0,,1.0,1.0,1.0,,1.0,Villa,,,,35.951365,10.54783,1.0,,,1.0,,,,,,,,1.0,,,,,,,,,,,,,,,,,,,,
https://www.mubawab.tn/fr/a/8093186/villa-%C3%A0-chott-meriem,Villa à Chott Meriem,Chott Meriem à Akouda,Prix à consulter,1000.0,,3.0,,,,,,,Villa,,,,35.951365,10.54783,,,,,,,,,,,,,,,,,,,,,,,,,,,,,,,,
https://www.mubawab.tn/fr/a/8093112/a-loyer-un-duplex-s3-a-la-soukra-chotrana-2,A loyer un duplex S3 A La Soukra Chotrana 2,Chotrana 2 à La Soukra,3 500 TND,180.0,3.0,3.0,,1.0,1.0,,,,Maison,Nouveau,,,36.883333,10.25,,,,,,,,,1.0,,,,,,,,,,,,,,1.0,,,,,,,,,
https://www.mubawab.tn/fr/a/8093093/belle-villa-%C3%A0-louer-%C3%A0-gammarth,Belle villa à louer à Gammarth,Gammarth à La Marsa,9 000 TND,600.0,6.0,5.0,3.0,1.0,1.0,1.0,1.0,1.0,Villa,Bon état,,,36.876389,10.325278,1.0,1.0,,1.0,,,,1.0,,1.0,,,,,,,,,,,,,,,,,,,,,,
https://www.mubawab.tn/fr/a/8093046/jolie-villa-ind%C3%A9pendante-%C3%A0-gammarth-sup%C3%A9rieur,Jolie villa indépendante à Gammarth supérieur,Gammarth Supérieur à La Marsa,7 000 TND,500.0,5.0,4.0,3.0,1.0,,1.0,1.0,1.0,Villa,Bon état,,,36.876389,10.325278,1.0,,,1.0,,1.0,1.0,1.0,,1.0,,,,,,,,,,1.0,1.0,1.0,,,,,,,,,,
https://www.mubawab.tn/fr/a/8084863/villa-%C3%A0-louer-vide-ou-meubl%C3%A9e-%C3%A0-gammarth,Villa à louer vide ou meublée à Gammarth,Gammarth à La Marsa,5 500 TND,600.0,,5.0,4.0,1.0,1.0,1.0,1.0,1.0,Villa,Nouveau,1-5 ans,Marbre,36.917739,10.288893,1.0,,,1.0,1.0,,,,,,,1.0,1.0,,,,,,,1.0,,,,,,1.0,,,,,,
https://www.mubawab.tn/fr/a/7926558/maison-sur-3-niveaux-a-le-kram-%C3%A0-5-d%C3%A9cembre,Maison sur 3 niveaux a le Kram à 5 Décembre,Le Kram à Le Kram,380 000 TND,250.0,10.0,7.0,3.0,,,,,1.0,Maison,Bon état,1-5 ans,,36.833333,10.316667,1.0,,,,,,,,,,,,,,,,,,,,,,,,,,,,,,,
https://www.mubawab.tn/fr/a/8043124/a-louer-une-villa-harmonieuse-%C3%A0-el-menzah7,A Louer une Villa harmonieuse à EL MENZAH7,El Menzah 7 à Ariana Ville,Prix à consulter,620.0,6.0,6.0,4.0,1.0,1.0,,1.0,1.0,Villa,Nouveau,Moins d'un an,Marbre,36.8625,10.19556,1.0,,,1.0,1.0,,,1.0,,,,,,,,,,,,,,,,,,,Est,,,,,
https://www.mubawab.tn/fr/a/8055377/un-%C3%A9tage-de-villa-%C3%A0-l-aouina,Un étage de villa à l'aouina,Aouina à La Marsa,1 200 TND,100.0,3.0,2.0,2.0,,1.0,,1.0,,Villa,Nouveau,Moins d'un an,Marbre,36.876389,10.325278,1.0,,1.0,1.0,,1.0,1.0,,,1.0,,,1.0,1.0,,,,,95 m²,,,,,,,,Ouest,,,,,
https://www.mubawab.tn/fr/a/8075749/etage-de-villa-s3-meubl%C3%A8-%C3%A0-louer-%C3%A0-la-soukra,Etage de villa S3 meublè à louer à la soukra,La Soukra à La Soukra,1 400 TND,150.0,,4.0,,,,,,,Maison,,,,36.88833,10.27417,1.0,,,,,,,,,,,,,,,,,,,1.0,,,,,,,,,,,,
https://www.mubawab.tn/fr/a/8092492/duplex-s2-meubl%C3%A9-%C3%A0-afh%C2%B2-mrezga,"Duplex S2 meublé à AFH², Mrezga",Cité El Wafa à Nabeul,1 300 TND,100.0,3.0,2.0,2.0,,,,1.0,1.0,Maison,Bon état,Moins d'un an,,36.45056,10.73505,,,,1.0,,1.0,1.0,,1.0,1.0,,,,,,,1.0,,100 m²,1.0,1.0,,,,,,Nord,,,,,
https://www.mubawab.tn/fr/a/8088867/a-louer-%C3%A0-l%E2%80%99ann%C3%A9e-%C3%A0-hammamet-%C3%A0-cite-afh,A louer à l’année à Hammamet à cite AFH,Hammamet à Hammamet,1 500 TND,188.0,,3.0,,1.0,1.0,,,,Maison,Bon état,,,36.40108,10.61457,,,,,,,,,,,,,,,1.0,,,,100 m²,1.0,,,1.0,,,,,,,,,
https://www.mubawab.tn/fr/a/7853862/villa-en-s4-de-700m%C2%B2-au-manar-1,Villa en s4 de 700m² au manar 1,El Manar 1 à El Menzah,3 400 TND,700.0,5.0,4.0,3.0,1.0,1.0,,1.0,1.0,Villa,Bon état,5-10 ans,Marbre,36.845235,10.164723,1.0,,,1.0,,,1.0,1.0,,,,1.0,,,,,,,,,,,,,,,Est,,,,,
https://www.mubawab.tn/fr/a/8092366/a-louer-duplex-s3-%C3%A0-carthage,A louer Duplex S3 à Carthage,Carthage à Carthage,2 500 TND,,,4.0,,,1.0,,1.0,1.0,Maison,,,,36.8694317,10.3164051,1.0,,,1.0,,,,,,,,1.0,,,,,,,,,,,,,,,,,,,,
https://www.mubawab.tn/fr/a/8092287/villa-avec-piscine-et-garage,Villa avec piscine et garage,Djerba à Djerba,2 200 TND,160.0,6.0,3.0,2.0,1.0,1.0,1.0,,1.0,Villa,Nouveau,1-5 ans,Marbre,33.8075978,10.8451467,1.0,,,1.0,1.0,1.0,1.0,1.0,1.0,1.0,1.0,1.0,,1.0,,1.0,1.0,1.0,600 m²,1.0,1.0,1.0,,,,,Nord,,,,,
https://www.mubawab.tn/fr/a/8006506/a-louer-%C3%A9tage-de-villa-s2-%C3%A0-nouvelle-ariana,A louer étage de villa S2 à nouvelle ariana,Nouvelle Ariana à Ariana Ville,850 TND,100.0,3.0,2.0,,,,,,1.0,Villa,Bon état,,,36.860480300000006,10.160427600000002,,,,,,1.0,1.0,,,,,,,,,,1.0,,,1.0,1.0,1.0,1.0,,,,,,,,,
https://www.mubawab.tn/fr/a/8091668/location-etage-de-villa-s2-avec-rooftop-la-marsa,"Location Etage de villa S2 avec Rooftop, La Marsa",La Marsa à La Marsa,3 000 TND,100.0,3.0,2.0,2.0,,,,1.0,1.0,Villa,Bon état,,,36.876389,10.325278,1.0,,,1.0,,1.0,1.0,,,,,,,,,,1.0,1.0,80 m²,1.0,1.0,1.0,,,,,,,,,,
https://www.mubawab.tn/fr/a/8092264/%C3%A0-louer-%E2%80%93-%C3%A9tage-de-villa,À LOUER – Étage de villa,Carthage Byrsa à Carthage,2 700 TND,111111.0,4.0,3.0,,,1.0,,1.0,1.0,Maison,Bon état,,,36.50459999999999,10.19186,1.0,,,1.0,,,,,,,,,,,,,,,111111 m²,,,,1.0,,1.0,,,,,,,
https://www.mubawab.tn/fr/a/8083003/villa-s6-vue-mer-%C3%A0-gammarth-superieur,Villa S6 vue mer à Gammarth superieur,Gammarth Supérieur à La Marsa,8 500 TND,500.0,7.0,6.0,4.0,1.0,1.0,1.0,1.0,1.0,Villa,Bon état,,,36.876389,10.325278,1.0,,1.0,1.0,,,,1.0,1.0,1.0,1.0,1.0,,,,,,1.0,800 m²,,,,,,1.0,1.0,,,,,,
https://www.mubawab.tn/fr/a/8081654/villa-individuelle-en-location,Villa individuelle en location,La Soukra,2 800 TND,220.0,,,,1.0,1.0,,1.0,,Villa,,,,36.883333,10.25,1.0,,,1.0,,1.0,1.0,,,,,,,,,,,,,,,,,,,,,,,,,
https://www.mubawab.tn/fr/a/8088111/villa-individuelle-en-location,Villa individuelle en location,La Soukra à La Soukra,2 500 TND,182.0,,,,1.0,,,1.0,,Villa,,,,36.88833,10.27417,1.0,,,1.0,,,1.0,,,,,,,,,,,,,1.0,,,,,,,,,,,,
https://www.mubawab.tn/fr/a/8091862/a-louer-villa-en-s5-meubl%C3%A9e-%C3%A0-la-marsa,A Louer Villa en S5 Meublée à La Marsa,La Marsa à La Marsa,4 800 TND,400.0,6.0,5.0,3.0,1.0,1.0,,1.0,1.0,Villa,Bon état,,,36.876389,10.325278,1.0,,,1.0,1.0,1.0,1.0,,1.0,,,1.0,,,,,1.0,,,1.0,1.0,1.0,,,,,,,,,,
https://www.mubawab.tn/fr/a/8091734/villa-%C3%A0-la-location-%C3%A0-gammarth-sup%C3%A9rieur,Villa à la location à gammarth supérieur,Gammarth à La Marsa,7 000 TND,600.0,6.0,5.0,4.0,1.0,1.0,1.0,1.0,1.0,Maison,Bon état,10-20 ans,Marbre,36.917739,10.288893,1.0,,,1.0,1.0,,1.0,,,1.0,,1.0,1.0,2.0,,,,1.0,1000 m²,,,,,,,1.0,Nord,,,,,
https://www.mubawab.tn/fr/a/8036211/location-villa-sur-2-niva-mutuelleville,Location villa sur 2 niva mutuelleville,Mutuelle Ville à El Menzah,4 500 TND,600.0,5.0,4.0,3.0,1.0,1.0,,1.0,1.0,Maison,Bon état,5-10 ans,Marbre,36.845235,10.164723,,,,,,,,,,,,,,,,,,,,,,,,,,,,,,,,
https://www.mubawab.tn/fr/a/8078654/une-villa-s4-%C3%A0-la-marsa,Une Villa S4 à La Marsa,La Marsa à La Marsa,8 500 TND,540.0,,4.0,,1.0,,1.0,,1.0,Villa,,,,36.8941992,10.2762232,,,,,,,,,,,,,,,,,,,,,,,,,,,,,,,,
https://www.mubawab.tn/fr/a/8091665/etage-de-villa,Etage de villa,Megrine Jaouhara à Mégrine,1 500 TND,152.0,5.0,4.0,2.0,,,,1.0,,Villa,Nouveau,Moins d'un an,,36.6938694,10.2622167,,,,1.0,,,,,,,,1.0,,1.0,,,,,152 m²,,,,,,,,Sud,,,,,
https://www.mubawab.tn/fr/a/8062380/belle-villa-ind%C3%A9pendante-%C3%A0-m%C3%A9grine-coteau,Belle villa indépendante à Mégrine coteau,Megrine Coteau à Mégrine,2 800 TND,280.0,5.0,4.0,3.0,1.0,1.0,,1.0,,Villa,Bon état,5-10 ans,Marbre,36.6938694,10.2622167,1.0,,,1.0,,,,,,,,1.0,,3.0,,,,,360 m²,,,,,,,,,,,,,
https://www.mubawab.tn/fr/a/8059930/a-louer-triplex-s5-avec-piscine-%C3%A0-gammarth,A louer Triplex S5 avec piscine à Gammarth,Gammarth à La Marsa,3 900 TND,280.0,5.0,6.0,3.0,1.0,1.0,1.0,1.0,,Maison,Bon état,,,36.917739,10.288893,1.0,,,1.0,,,1.0,1.0,,,,1.0,,,,,,,,1.0,,,,1.0,,,,,,,,
https://www.mubawab.tn/fr/a/7996126/a-louer-penthouse-s3-de-tr%C3%A8s-haut-standing-avec-piscine,A louer Penthouse S3 de très haut standing avec piscine,La Marsa,6 000 TND,220.0,,4.0,,,1.0,1.0,,,Maison,,,,36.876389,10.325278,1.0,,,,,,,,1.0,,,,,,,,,,,1.0,,,,,,,,,,,,
https://www.mubawab.tn/fr/a/8049727/a-vendre-villa-s7-a-la-marsa,A Vendre villa S7 a la Marsa,Carthage,1 850 000 TND,,,8.0,,,,,,1.0,Maison,,,,36.8566,10.3258,,,,,,,,,,,,,,,,,,,,,,,,,,,,,,,,
https://www.mubawab.tn/fr/a/8080922/a-louer-une-villa-jum%C3%A8le-s4-avec-jardin-a-gammarth,A louer une villa jumèle S4 avec jardin a Gammarth,Gammarth à La Marsa,4 200 TND,,,5.0,,1.0,1.0,,1.0,1.0,Maison,,,,36.917739,10.288893,,,,1.0,,,1.0,,1.0,,,,,,,,,,,,,,,,,,,,,,,
https://www.mubawab.tn/fr/a/8082563/a-louer-villa-s4-%C3%A0-gammarth,A louer Villa S4 à Gammarth,Gammarth à La Marsa,6 500 TND,360.0,,5.0,,1.0,1.0,1.0,1.0,1.0,Maison,,,,36.917739,10.288893,1.0,,,1.0,,,1.0,,,,,,,,,,,,,,,,,,,,,,,,,
https://www.mubawab.tn/fr/a/8083881/a-louer-villa-s6-%C3%A0-la-soukra-avec-piscine-et-jardin,A louer villa S6 à la Soukra avec piscine et jardin,La Soukra à La Soukra,6 000 TND,1000.0,,8.0,,1.0,1.0,1.0,,,Maison,,,,36.88833,10.27417,,,1.0,,,,,,,,,,,,,,,,,,,,,,,,,,,,,
https://www.mubawab.tn/fr/a/8069868/a-louer-duplex-s5-avec-piscine-%C3%A0-la-marsa,A louer Duplex S5 avec piscine à la Marsa,La Marsa à La Marsa,3 500 TND,,,6.0,,1.0,,1.0,1.0,,Maison,,,,36.8941992,10.2762232,1.0,,,1.0,,,1.0,,,,,1.0,,,,,,,,,,,,,,,,,,,,
https://www.mubawab.tn/fr/a/8090479/a-louer-rez-de-chauss%C3%A9e-de-villa-s3-meubl%C3%A9-%C3%A0-la-marsa,A louer Rez de chaussée de villa s3 meublé à la Marsa,La Marsa à La Marsa,3 500 TND,,,4.0,,,,,,1.0,Maison,,,,36.8941992,10.2762232,1.0,,,,,,,,,,,,,,,,,,,1.0,,,,,,,,,,,,
https://www.mubawab.tn/fr/a/8091230/a-louer-villa-s4-a-la-soukra,A louer villa S4 a la soukra,Aéroport Tunis Carthage à La Soukra,4 500 TND,400.0,3.0,3.0,,1.0,1.0,1.0,,,Villa,Nouveau,,,36.883333,10.25,,,,,,,,,,,,,,,,,,,,,,,1.0,,,,,,,,,
https://www.mubawab.tn/fr/a/8087686/villa-%C3%A0-louer-%C3%A0-chott-mariem,Villa à louer à Chott Mariem,Chott Meriem à Akouda,2 100 TND,100.0,5.0,2.0,,1.0,,1.0,1.0,1.0,Villa,Bon état,,,35.87,10.57,,,,1.0,,,,,,,,,,,,,,,,,,,1.0,,,,,,,,,
https://www.mubawab.tn/fr/a/8028138/une-belle-villa-s5-avec-jardin-%C3%A0-louer-%C3%A0-l-aouina,Une Belle Villa S5 avec jardin à louer à L'Aouina,El Aouina,Prix à consulter,480.0,,6.0,,1.0,1.0,,,1.0,Maison,,,,33.07772,9.58381,1.0,,,,,,,,,,,,,,,,,,,,,,,,,,,,,,,
https://www.mubawab.tn/fr/a/7920130/a-louer-villa-de-maitre-meubl%C3%A9e-avec-piscine,A Louer Villa De Maitre Meublée avec piscine,Les Berges Du Lac 1 à La Marsa,15 500 TND,,9.0,6.0,5.0,1.0,1.0,1.0,1.0,1.0,Villa,Bon état,,,36.876389,10.325278,1.0,,,1.0,1.0,1.0,1.0,1.0,,,,1.0,1.0,,,,1.0,1.0,,1.0,1.0,1.0,,,,,,,,,,
https://www.mubawab.tn/fr/a/7920184/a-louer-villa-avec-piscine-%C3%A1-gammarth,A Louer Villa Avec Piscine á Gammarth,Gammarth à La Marsa,8 000 TND,,5.0,4.0,3.0,1.0,1.0,1.0,1.0,1.0,Villa,Bon état,,,36.876389,10.325278,1.0,,,1.0,1.0,1.0,1.0,,,,,1.0,1.0,,,,1.0,1.0,,,,,,,,,,,,,,
https://www.mubawab.tn/fr/a/8086468/rdc-en-s3-vide-%C3%A0-sidi-mahrsi,RDC en S3 vide à Sidi Mahrsi,Sidi El Mahrsi à Nabeul,2 000 TND,300.0,3.0,3.0,,1.0,,,1.0,1.0,Maison,Bon état,,,36.45056,10.73505,1.0,,,1.0,,1.0,,,,,,,,,,,,,250 m²,,,,1.0,,,,,,,,,
https://www.mubawab.tn/fr/a/7995595/appartement-s1-arabesque,Appartement s1 arabesque,Hammamet à Hammamet,1 000 TND,57.0,2.0,,2.0,,,,1.0,1.0,Maison,Bon état,50-70 ans,Marbre,36.40108,10.61457,1.0,,,1.0,,1.0,,,,,1.0,,,,,,,,,1.0,1.0,,,,,,,1.0,,,,
https://www.mubawab.tn/fr/a/8027842/duplex-s4-aux-jardins-de-carthage,Duplex S4 aux jardins de Carthage,Les Jardins de Carthage à Le Kram,4 000 TND,320.0,2.0,4.0,4.0,,1.0,,1.0,1.0,Villa,Bon état,1-5 ans,Marbre,36.833333,10.316667,1.0,1.0,,1.0,1.0,,1.0,1.0,1.0,1.0,,1.0,1.0,,,,,,,,,,,1.0,,,Est,,,,,
https://www.mubawab.tn/fr/a/8090817/studio-s0-meubl%C3%A9-%C3%A0-louer,Studio S0 meublé à louer,Cité des Oliviers à El Omrane,250 TND,,,,,,,,,1.0,Maison,Bon état,,,36.814748,10.1558086,,,,,,1.0,1.0,,,,1.0,,,,1.0,,,,,1.0,1.0,,1.0,,,,,1.0,,,,
https://www.mubawab.tn/fr/a/8085861/rdc-de-villa-%C3%A0-louer-la-marsa,RDC de villa à louer La Marsa,La Marsa à La Marsa,5 500 TND,220.0,3.0,5.0,,,1.0,1.0,,1.0,Villa,Nouveau,,,36.876389,10.325278,1.0,,,,,,,,,,,,,,,,,,,1.0,,,1.0,,,,,,,,,
https://www.mubawab.tn/fr/a/8064526/villa-%C3%A0-louer-%C3%A0-gammarth-sup%C3%A9rieur,Villa à louer à Gammarth supérieur,Gammarth à La Marsa,6 000 TND,520.0,4.0,4.0,,,1.0,1.0,,,Maison,Nouveau,,,36.876389,10.325278,1.0,,,,,,,,,,,,,,,,,,,,,,1.0,,,,,,,,,
https://www.mubawab.tn/fr/a/7837001/villa-%C3%A0-louer-les-berges-du-lac-2,Villa à louer Les Berges du Lac 2,Les Berges Du Lac 2 à La Marsa,10 000 TND,594.0,7.0,4.0,3.0,1.0,1.0,1.0,1.0,1.0,Villa,Bon état,1-5 ans,,36.8468986,10.2641808,1.0,,,1.0,1.0,,1.0,1.0,,,1.0,1.0,1.0,,,,,,,,,,,,,1.0,,,,,,
https://www.mubawab.tn/fr/a/7945604/maison-%C3%A0-louer-la-corniche-les-grottes-bizerte-nor,Maison à louer la corniche les grottes Bizerte Nor,Bizerte Le Corniche à Bizerte Nord,150 TND,100.0,3.0,3.0,,1.0,,,,1.0,Maison,Bon état,5-10 ans,Parquet,37.32916269528095,9.855085269326574,1.0,,,1.0,,1.0,1.0,,,,1.0,,,,,1.0,1.0,,,1.0,1.0,,1.0,,1.0,1.0,Ouest,,,,,
https://www.mubawab.tn/fr/a/8058824/villa-s3-avec-piscine-%C3%A0-carthage-mvl1646,Villa S3 avec piscine à Carthage MVL1646,Carthage à Carthage,Prix à consulter,400.0,,3.0,3.0,1.0,1.0,1.0,1.0,1.0,Villa,Bon état,,,36.8566,10.3258,1.0,,,1.0,,,,,,,,,,,1.0,,,,,,,,,,,,,,,,,
https://www.mubawab.tn/fr/a/8022825/villa-s3-avec-jardin-%C3%A0-la-soukra,Villa S3 avec jardin à La Soukra,La Soukra à La Soukra,2 800 TND,400.0,4.0,4.0,4.0,1.0,1.0,,1.0,1.0,Villa,Nouveau,Moins d'un an,Marbre,36.883333,10.25,1.0,,,1.0,1.0,,,,,,,1.0,1.0,,,,,,,,,,,,,1.0,,,,,,
https://www.mubawab.tn/fr/a/8023287/charmante-villa-avec-piscine-aux-j-de-carthage,Charmante villa avec piscine aux J. De Carthage,Les Jardins de Carthage à Le Kram,6 500 TND,300.0,7.0,6.0,4.0,1.0,1.0,1.0,1.0,1.0,Villa,Bon état,,,36.833333,10.316667,1.0,,,1.0,,,1.0,,,,,1.0,,,,,,,,,,,,,,,,,,,,
https://www.mubawab.tn/fr/a/8089666/villa-individuelle-en-location,Villa individuelle en location,Ariana Ville,2 300 TND,180.0,,,,,1.0,,1.0,,Villa,,,,36.8625,10.19556,1.0,,,,,,,,,,,1.0,,,,,,,,1.0,,,,,,,,,,,,
https://www.mubawab.tn/fr/a/8007041/villa-jamais-habit%C3%A9e-%C3%A0-ennaser-2,Villa jamais habitée à ENNASER 2,Cité Ennasr 2 à Ariana Ville,4 500 TND,450.0,7.0,4.0,4.0,1.0,1.0,,1.0,1.0,Villa,Nouveau,Moins d'un an,Marbre,36.8625,10.19556,1.0,,,1.0,1.0,,1.0,1.0,,,,1.0,1.0,,,,,,,,,,,,,,,,,,,
https://www.mubawab.tn/fr/a/8089531/villa-de-maitre-usage-habitation-ou-bureautique,ViLLa de Maitre Usage Habitation ou Bureautique,El Menzah 5 à Ariana Ville,5 000 TND,800.0,5.0,5.0,3.0,1.0,,,1.0,1.0,Maison,Nouveau,,,36.8625,10.19556,1.0,,,1.0,1.0,,,1.0,1.0,,,,1.0,,,,,,1000 m²,,,,,,,,,,,,,
https://www.mubawab.tn/fr/a/8089499/une-villa-%C3%A0-louer,Une villa à Louer,Gammarth Supérieur à La Marsa,Prix à consulter,200.0,6.0,4.0,4.0,1.0,1.0,1.0,1.0,1.0,Villa,Bon état,,Marbre,36.876389,10.325278,1.0,1.0,,1.0,,1.0,1.0,1.0,1.0,1.0,,1.0,1.0,2.0,,,1.0,,,1.0,1.0,1.0,,,,,,,,,,
https://www.mubawab.tn/fr/a/8084763/duplex-s4-jamais-habit%C3%A9e-%C3%A0-ennaser-avec-jardin,Duplex S4 jamais habitée à Ennaser avec jardin,Cité Ennasr 2 à Ariana Ville,2 600 TND,180.0,5.0,4.0,3.0,1.0,1.0,,1.0,1.0,Maison,Nouveau,Moins d'un an,Marbre,36.8625,10.19556,1.0,,,1.0,1.0,,1.0,1.0,1.0,,,1.0,1.0,2.0,,,,1.0,,,,,,,,,,,,,,
https://www.mubawab.tn/fr/a/8089389/villa-s3-%C3%A0-menzah-8,VILLA S3 à Menzah 8,El Menzah 8 à Ariana Ville,1 600 TND,180.0,4.0,3.0,2.0,1.0,1.0,,1.0,1.0,Maison,Bon état,,,36.8625,10.19556,1.0,,,,,,,1.0,,,,,,2.0,,,,,350 m²,1.0,,,,,,,,,,,,
https://www.mubawab.tn/fr/a/8072994/triplex-meubl%C3%A9-avec-piscine-%C3%A0-gammarth,Triplex meublé avec piscine à Gammarth,Gammarth à La Marsa,5 300 TND,,,3.0,3.0,1.0,,1.0,1.0,1.0,Villa,Bon état,,,36.876389,10.325278,1.0,,,1.0,1.0,1.0,1.0,,,1.0,,1.0,1.0,,1.0,,1.0,,,1.0,1.0,1.0,,,,,,,,,,
https://www.mubawab.tn/fr/a/8069508/villa-avec-vue-d%C3%A9gag%C3%A9e-%C3%A0-gammarth,Villa avec vue dégagée à Gammarth,Gammarth à La Marsa,14 000 TND,,,4.0,3.0,1.0,1.0,1.0,1.0,1.0,Villa,Bon état,,,36.876389,10.325278,1.0,1.0,,1.0,1.0,1.0,1.0,1.0,,,1.0,1.0,1.0,,1.0,,1.0,1.0,,,1.0,1.0,,,,1.0,,,,,,
https://www.mubawab.tn/fr/a/8071443/a-louer-belle-villa-%C3%A0-hammamet-avec-piscine,A louer belle villa à hammamet avec piscine,Hammamet à Hammamet,3 800 TND,400.0,6.0,5.0,4.0,1.0,,1.0,1.0,1.0,Villa,Bon état,,,36.40108,10.61457,1.0,,,1.0,,1.0,1.0,,,,,,1.0,,,,1.0,,,1.0,1.0,1.0,,,,,,,,,,
https://www.mubawab.tn/fr/a/8088367/a-louer-villa-s5-%C3%A0-la-marsa,A louer Villa S5 à la Marsa,La Marsa à La Marsa,4 500 TND,420.0,,6.0,,1.0,1.0,,1.0,1.0,Maison,,,,36.8941992,10.2762232,1.0,,,1.0,,,,,,,,,,,,,,,,,,,,,,,,,,,,
https://www.mubawab.tn/fr/a/8088368/a-louer-%C3%A9tage-de-villa-s-2-%C3%A0-la-marsa,A louer étage de villa S 2 à la Marsa,La Marsa à La Marsa,2 500 TND,140.0,,3.0,,,,,1.0,1.0,Maison,,,,36.8941992,10.2762232,1.0,,,1.0,,,1.0,,,,,,,,,,,,,,,,,,,,,,,,,
https://www.mubawab.tn/fr/a/7864743/villa-s5-moderne-vue-sur-mer-avec-piscine-a-gammarth,Villa S5 moderne vue sur mer avec piscine a gammarth,Gammarth à La Marsa,15 000 TND,,6.0,5.0,6.0,,1.0,1.0,1.0,1.0,Villa,Bon état,10-20 ans,Carrelage,36.876389,10.325278,1.0,,,1.0,1.0,,1.0,1.0,,1.0,1.0,1.0,1.0,,,1.0,1.0,1.0,,,,,,,1.0,,,,,,,
https://www.mubawab.tn/fr/a/8080180/une-belle-villa-avec-piscine-%C3%A0-louer-%C3%A0-la-soukra,Une Belle Villa avec piscine à louer à La Soukra,La Soukra à La Soukra,4 000 TND,380.0,,3.0,,,,1.0,,1.0,Maison,,,,36.88833,10.27417,1.0,1.0,,,,,,,,,,,,,,,,,,,,,,,,,,,,,,
https://www.mubawab.tn/fr/a/8088776/duplex-avec-jardin-%C3%A0-la-marsa,Duplex avec jardin à La Marsa,La Marsa à La Marsa,2 000 TND,,,4.0,2.0,1.0,1.0,,1.0,1.0,Maison,Bon état,,,36.876389,10.325278,1.0,,,1.0,1.0,,,,,,,,,,1.0,,,,,,,,,,,,,,,,,
https://www.mubawab.tn/fr/a/8024527/un-rez-de-chauss%C3%A9e-de-villa-s4-meubl%C3%A9e-%C3%A0-louer-%C3%A0-ain-zaghouan-nord,Un rez de chaussée de villa S4 meublée à louer à Ain Zaghouan nord,Ain Zaghouan Nord à La Marsa,3 500 TND,221.0,4.0,3.0,2.0,1.0,,,,1.0,Maison,Bon état,,,36.876389,10.325278,1.0,,,,,,,,1.0,,,,,,,,,,,1.0,,,,,,,,,,,,
https://www.mubawab.tn/fr/a/8021959/un-superbe-etage-de-villa-%C3%A0-louer-%C3%A0-la-soukra,Un Superbe Etage de Villa à louer à La Soukra,La Soukra à La Soukra,1 800 TND,155.0,5.0,5.0,,,,,,,Maison,Bon état,,,36.88833,10.27417,1.0,,,,,,,,,,,1.0,,,,,,,,,,,1.0,,,,,,,,,
https://www.mubawab.tn/fr/a/8057806/etage-de-villa-s3-%C3%A0-louer-%C3%A0-jardin-l-aouina,Etage de villa S3 à louer à jardin L'Aouina,El Aouina,1 700 TND,200.0,,4.0,,1.0,,,,1.0,Maison,,,,33.07772,9.58381,1.0,,,,,,,,,,,,,,,,,,,,,,,,,,,,,,,
https://www.mubawab.tn/fr/a/8085945/villa-individuelle-en-location,Villa individuelle en location,Tunis,2 300 TND,300.0,,,,,,,,,Villa,,,,36.81881,10.16596,,,,,,,,,,,,,,,,,,,,,,,,,,,,,,,,
https://www.mubawab.tn/fr/a/8049137/viila-vue-mer-avec-piscine-%C3%A0-la-marsa,Viila vue mer avec piscine à la Marsa,La Marsa à La Marsa,10 000 TND,450.0,5.0,4.0,3.0,1.0,,1.0,,,Villa,Bon état,,,36.876389,10.325278,,1.0,,,,,,,,,,,,,,,,,,,,,,,,,,,,,,
https://www.mubawab.tn/fr/a/7832906/triplex-avec-piscine-%C3%A0-gammarth,Triplex avec piscine à Gammarth,Gammarth à La Marsa,5 800 TND,,2.0,4.0,5.0,1.0,1.0,1.0,1.0,1.0,Villa,Bon état,,,36.876389,10.325278,1.0,1.0,,1.0,1.0,,1.0,1.0,,,,,1.0,,,,1.0,,,,,,,,1.0,1.0,,,,,,
https://www.mubawab.tn/fr/a/8070165/villa-avec-piscine-au-lac-2,Villa avec piscine au lac 2,Les Berges Du Lac 2 à La Marsa,12 000 TND,800.0,4.0,5.0,4.0,,,1.0,,1.0,Villa,Nouveau,,,36.876389,10.325278,1.0,,,1.0,1.0,,,1.0,,,,1.0,1.0,,,,,,,,,,,,,,,,,,,
https://www.mubawab.tn/fr/a/7940298/villa-en-s4-%C3%A0-golden-tulipe-gammarth,Villa en S4 à Golden Tulipe Gammarth,La Marsa à La Marsa,7 000 TND,1100.0,6.0,4.0,5.0,1.0,1.0,1.0,1.0,1.0,Villa,Bon état,,,36.876389,10.325278,1.0,1.0,,1.0,,,1.0,,1.0,,,,,,,,,,,,,,,,,,,,,,,
https://www.mubawab.tn/fr/a/8088412/triplex-s4-avec-jardin-%C3%A0-carthage,Triplex S4 avec jardin à Carthage,Carthage à Carthage,5 000 TND,,5.0,4.0,3.0,1.0,1.0,1.0,1.0,1.0,Villa,Bon état,1-5 ans,Marbre,36.8566,10.3258,1.0,,,1.0,1.0,,,,1.0,1.0,1.0,1.0,1.0,,,1.0,,1.0,,,,,,,,,,,,,,
https://www.mubawab.tn/fr/a/8074301/villa-s4-%C3%A0-la-marsa-sidi-daoued,Villa S4 à La Marsa Sidi Daoued,Sidi Daoued à La Marsa,4 500 TND,350.0,5.0,4.0,3.0,1.0,1.0,,1.0,1.0,Maison,Bon état,10-20 ans,Marbre,36.876389,10.325278,1.0,,,1.0,1.0,,,,1.0,,1.0,,,2.0,,,,1.0,400 m²,1.0,,,,,,,Est,,,,,
https://www.mubawab.tn/fr/a/8087836/villa-s3-meubl%C3%A9-a-gammarth-avec-piscine,Villa s3 meublé a gammarth avec piscine,Gammarth à La Marsa,5 800 TND,320.0,4.0,3.0,4.0,1.0,1.0,1.0,1.0,1.0,Maison,Bon état,1-5 ans,,36.876389,10.325278,1.0,1.0,1.0,1.0,1.0,1.0,1.0,1.0,1.0,1.0,1.0,1.0,1.0,2.0,,1.0,1.0,1.0,300 m²,1.0,1.0,1.0,,,,,,,,,,
https://www.mubawab.tn/fr/a/8087762/duplex-avec-piscine-%C3%A0-la-marsa,Duplex avec piscine à La Marsa,La Marsa à La Marsa,3 200 TND,,2.0,4.0,2.0,1.0,1.0,1.0,1.0,1.0,Maison,Bon état,,,36.876389,10.325278,1.0,,,1.0,1.0,,1.0,1.0,,,,,,,,,,,,,,,,,,,,,,,,
https://www.mubawab.tn/fr/a/7966343/villa-meubl%C3%A9e-en-s2,Villa meublée en S2,Hammamet Nord à Hammamet,1 800 TND,150.0,3.0,2.0,3.0,1.0,,,1.0,1.0,Villa,Bon état,5-10 ans,Marbre,36.40108,10.61457,1.0,,,1.0,,1.0,1.0,,,,,,,,,,,,,1.0,1.0,,,,,,,,,,,
https://www.mubawab.tn/fr/a/8034350/villa-avec-piscine-%C3%A0-gammarth,Villa avec piscine à Gammarth,Gammarth à La Marsa,7 800 TND,,3.0,5.0,5.0,1.0,1.0,1.0,1.0,1.0,Villa,Bon état,,,36.876389,10.325278,1.0,,1.0,1.0,1.0,,1.0,1.0,,,,,1.0,,,,,,,,,,,,,,Sud,,,,,
https://www.mubawab.tn/fr/a/8087699/magnifique-villa-%C3%A0-louer-%C3%A0-l-ann%C3%A9e,Magnifique villa à louer à l'année,Aghir,2 200 TND,700.0,3.0,3.0,3.0,1.0,,1.0,,1.0,Villa,Bon état,,,33.759722,11.01251,,,,1.0,,,,,,1.0,,,,,,,,,,1.0,,,,,,,,,,,,
https://www.mubawab.tn/fr/a/8087690/villa-s4-plain-pied-%C3%A0-la-marsa-mvl1657,Villa S4 plain pied à La Marsa MVL1657,La Marsa à La Marsa,4 500 TND,,,4.0,3.0,1.0,1.0,,1.0,1.0,Villa,Bon état,,,36.876389,10.325278,1.0,,,1.0,,,,,,,,,,,1.0,,,,,,,,,,,,,,,,,
https://www.mubawab.tn/fr/a/8079484/villa-s3-%C3%A0-louer-%C3%A0-l%E2%80%99ann%C3%A9e-%C3%A0-midoun-djerba,"Villa S3 à louer à l’année à Midoun, Djerba",Midoune à Midoun,1 800 TND,500.0,3.0,3.0,2.0,1.0,1.0,1.0,,,Maison,Bon état,,,33.866667,10.85,,,,,,,,,,,,,,,,,,,,,,,,,,,,,,,,
https://www.mubawab.tn/fr/a/7860939/villa-s4-avec-jardin-%C3%A0-la-marsa-les-pins,Villa S4 avec jardin à La Marsa Les Pins,Cité Les Pins à La Marsa,4 000 TND,300.0,5.0,4.0,3.0,1.0,1.0,,1.0,1.0,Villa,Bon état,,,36.876389,10.325278,1.0,,,1.0,1.0,1.0,1.0,,,,1.0,,,,,,1.0,,,,,1.0,,,,,,,,,,
https://www.mubawab.tn/fr/a/8082802/villa-avec-vue-d%C3%A9gag%C3%A9e-%C3%A0-gammarth,Villa avec vue dégagée à Gammarth,Gammarth à La Marsa,6 500 TND,,3.0,5.0,6.0,1.0,1.0,1.0,1.0,1.0,Villa,Bon état,,,36.876389,10.325278,1.0,,,1.0,1.0,,1.0,1.0,,,,,,,,,1.0,,,,,,,,,1.0,,,,,,
https://www.mubawab.tn/fr/a/7610010/location-annuelle-villa-s4-a-hammamet,Location annuelle Villa S4 a Hammamet,Hammamet à Hammamet,3 500 TND,300.0,5.0,4.0,3.0,1.0,1.0,1.0,1.0,1.0,Villa,Nouveau,,,36.40108,10.61457,1.0,,,1.0,,,,,,,,1.0,,,,,,,,1.0,,,,,,,,,,,,
https://www.mubawab.tn/fr/a/8074992/villa-plain-pied-s3-%C3%A0-gammarth,Villa Plain Pied S3 à Gammarth,La Marsa à La Marsa,6 600 TND,1000.0,,3.0,,1.0,,1.0,,1.0,Villa,,,,36.8941992,10.2762232,,,,,,,,,,,,,,,,,,,,,,,,,,,,,,,,
https://www.mubawab.tn/fr/a/8087542/a-louer-rez-de-chauss%C3%A9e-de-villa-s2-%C3%A0-la-marsa,A louer Rez de chaussée de Villa S2 à La Marsa,La Marsa à La Marsa,1 650 TND,140.0,,3.0,,1.0,,,1.0,1.0,Maison,,,,36.8941992,10.2762232,1.0,,,1.0,,,1.0,,,,,1.0,,,,,,,,,,,,,,,,,,,,
https://www.mubawab.tn/fr/a/8087541/a-louer-une-maisonnette-s2-%C3%A0-la-marsa,A louer Une maisonnette S2 à la Marsa,La Marsa à La Marsa,1 700 TND,,,3.0,,,,,,1.0,Maison,,,,36.8941992,10.2762232,1.0,,,,,,,,,,,1.0,,,,,,,,,,,,,,,,,,,,
https://www.mubawab.tn/fr/a/8073623/a-louer-charmante-villa-s3-avec-piscine-%C3%A0-hammamet,A louer Charmante villa S3 avec piscine à Hammamet,Hammamet à Hammamet,5 500 TND,1800.0,,4.0,,1.0,,1.0,1.0,,Maison,,,,36.40108,10.61457,,,,1.0,,,,,,,,,,,,,,,,,,1.0,,,,,,,,,,
https://www.mubawab.tn/fr/a/8087174/%C3%A9tage-de-villa-id%C3%A9al-pour-bureaux-ou-habitation,Étage de Villa Idéal pour Bureaux ou Habitation,Les Berges Du Lac 2 à La Marsa,3 300 TND,200.0,4.0,3.0,3.0,,,,,1.0,Villa,Bon état,,,36.876389,10.325278,,,,,,,,,,,,1.0,,,,,,,,,,,,,,,,,,,,
https://www.mubawab.tn/fr/a/8076055/a-louer-a-hammamet-nord-un-appartement-s2,A louer a Hammamet nord un appartement s2,Hammamet Nord à Hammamet,1 300 TND,,,3.0,2.0,1.0,,,1.0,,Maison,Bon état,,,36.40108,10.61457,,,,,,,,,,,,1.0,,,1.0,,,,0 m²,1.0,,,,,,,,,,,,
https://www.mubawab.tn/fr/a/8087033/a-louer-un-duplexe-meubl%C3%A9-%C3%A0-corniche-bizerte,A Louer un Duplexe meublé à Corniche Bizerte,Bizerte Le Corniche à Bizerte Nord,1 700 TND,300.0,9.0,4.0,2.0,1.0,,,,1.0,Maison,Bon état,5-10 ans,,37.27199999999999,9.870799999999996,1.0,,1.0,1.0,1.0,1.0,1.0,1.0,,1.0,1.0,1.0,1.0,2.0,,1.0,1.0,,300 m²,1.0,1.0,1.0,,,,,Nord,,,,,
https://www.mubawab.tn/fr/a/8014607/villa-de-haut-standing-avec-piscine-priv%C3%A9e,Villa de Haut Standing avec Piscine Privée,Djerba à Djerba,2 500 TND,300.0,3.0,2.0,,1.0,1.0,1.0,,1.0,Villa,Nouveau,Moins d'un an,Carrelage,33.8075978,10.8451467,,,,1.0,1.0,1.0,1.0,1.0,,1.0,1.0,,1.0,,,,1.0,,,1.0,1.0,1.0,1.0,,,1.0,,,,,,
https://www.mubawab.tn/fr/a/8086835/a-louer-villa-en-s6-avec-piscine-%C3%A0-gammarth,A Louer Villa en s6 avec Piscine à Gammarth,Gammarth à La Marsa,6 500 TND,700.0,7.0,6.0,5.0,1.0,1.0,1.0,1.0,1.0,Villa,Bon état,,,36.876389,10.325278,1.0,,,1.0,,,1.0,,1.0,,,,,,,,,,,,,,,,,,,,,,,
https://www.mubawab.tn/fr/a/8086829/a-louer-un-rdc-du-villa-en-s3-avec-jardin-et-abri-de-voiture,A louer un RDC du villa en S3 avec jardin et abri de voiture,Nabeul à Nabeul,1 400 TND,,4.0,3.0,,1.0,,,,,Maison,Nouveau,,,36.45056,10.73505,,,,,,,,,,,,,,,,,,,,,,,1.0,,,,,,,,,
https://www.mubawab.tn/fr/a/8060516/a-louer-un-rez-de-chauss%C3%A9e-en-s3-avec-piscine-%C3%A0-la-marsa,A louer un rez de chaussée en s3 avec piscine à la Marsa,La Marsa à La Marsa,4 500 TND,,4.0,3.0,2.0,1.0,,1.0,,1.0,Maison,Nouveau,,,36.876389,10.325278,1.0,,,,,,,1.0,,,,,,,,,,,,,,,,,,,,,,,,
https://www.mubawab.tn/fr/a/8039233/a-louer-une-villa-en-s5-avec-piscine-%C3%A0-la-soukra,A louer une villa en s5 avec piscine à la Soukra,La Soukra à La Soukra,4 500 TND,,5.0,5.0,,1.0,,1.0,1.0,1.0,Villa,Nouveau,,,36.883333,10.25,,,,,,,,,,,,,,,,,,,,,,,1.0,,,,,,,,,
https://www.mubawab.tn/fr/a/7754254/une-belle-villa-s3-avec-piscine-%C3%A0-la-soukra,Une Belle Villa S3 avec piscine à La Soukra,La Soukra à La Soukra,4 500 TND,315.0,4.0,3.0,2.0,1.0,,,,1.0,Maison,Bon état,,,36.88833,10.27417,,,,,,,,,,,,,,,,,,,,,,,,,,,,,,,,
https://www.mubawab.tn/fr/a/8086170/villa-el-menzah-1,Villa El Menzah 1,El Menzah 1 à El Menzah,Prix à consulter,180.0,5.0,4.0,2.0,1.0,1.0,,,,Maison,Bon état,,,36.845235,10.164723,1.0,,,,1.0,,,,,,,1.0,,,,,,,,,,,,,,,,,,,,
https://www.mubawab.tn/fr/a/8034078/villa-s3-%C3%A0-louer-%C3%A0-l-ann%C3%A9e-%C3%A0-hammamet,Villa S3 à louer à l'année à Hammamet,Hammamet à Hammamet,1 600 TND,500.0,4.0,3.0,2.0,1.0,,,,,Villa,Bon état,,,36.40108,10.61457,1.0,,,,,,,,,,,,,,,,,,,,,,,,,,,,,,,
https://www.mubawab.tn/fr/a/7929327/a-louer-une-villa-en-s4-avec-piscine-%C3%A0-gammarth-sup%C3%A9rieur,A louer une villa en S4 avec piscine à Gammarth Supérieur,Gammarth Supérieur à La Marsa,5 500 TND,630.0,,4.0,,1.0,1.0,1.0,1.0,1.0,Villa,,,,36.8931787,10.3099394,,,,1.0,,,,,,,,,,,,,,,,,,,,,,,,,,,,
https://www.mubawab.tn/fr/a/7933982/a-louer-villa-ind%C3%A9pendante-%C3%A0-la-soukra,A Louer villa indépendante à La Soukra,La Soukra à La Soukra,4 000 TND,400.0,3.0,4.0,5.0,1.0,1.0,1.0,1.0,1.0,Villa,Nouveau,1-5 ans,Marbre,36.883333,10.25,,,,1.0,1.0,,1.0,,,,,1.0,1.0,,,,,,,,,,,,,,Est,,,,,
https://www.mubawab.tn/fr/a/8030799/villa-de-plain-pied-%C3%A0-gammarth-sup%C3%A9rieur,Villa de plain pied à Gammarth Supérieur,Gammarth Supérieur à La Marsa,3 900 TND,600.0,5.0,4.0,2.0,1.0,1.0,,1.0,1.0,Villa,Bon état,,,36.876389,10.325278,1.0,,,1.0,1.0,,1.0,,,,1.0,,,,,,,,,,,,,,,,,,,,,
https://www.mubawab.tn/fr/a/7993160/a-louer-villa-plain-pied-semi-meubl%C3%A9e-avec-piscine,A louer villa plain pied semi meublée avec piscine,Gammarth à La Marsa,7 000 TND,,5.0,3.0,3.0,1.0,1.0,1.0,1.0,1.0,Villa,Bon état,,,36.876389,10.325278,1.0,1.0,,1.0,,1.0,1.0,,,,,1.0,1.0,,,,1.0,1.0,,1.0,,1.0,,,,,,,,,,
https://www.mubawab.tn/fr/a/8086089/location-d-une-villa-s5-vide-a-gammarth,Location d une villa s5 vide a gammarth,Gammarth Supérieur à La Marsa,15 000 TND,700.0,5.0,5.0,,1.0,1.0,1.0,,1.0,Villa,Nouveau,,,36.876389,10.325278,1.0,,,,,,,,1.0,,,,,,,,,,,1.0,,,1.0,,,,,,,,,
https://www.mubawab.tn/fr/a/7857110/villa-notre-dame-jouxstante-h%C3%B4tel-tunis-sheraton,Villa Notre Dame jouxstante Hôtel Tunis Sheraton,Mutuelle Ville à El Menzah,7 000 TND,600.0,7.0,4.0,4.0,1.0,1.0,1.0,1.0,1.0,Villa,Bon état,10-20 ans,Marbre,36.8297148562218,10.160253390118733,1.0,,1.0,1.0,1.0,1.0,1.0,1.0,1.0,1.0,1.0,1.0,1.0,1.0,,1.0,1.0,1.0,950 m²,1.0,1.0,1.0,,,,1.0,Nord,,,,,
https://www.mubawab.tn/fr/a/8065393/villa-s3-a-beni-khiar-devant-le-port-a-louer,Villa s3 a Beni khiar devant le port a louer,Beni Khiar à Beni Khiar,700 TND,136.0,5.0,3.0,2.0,1.0,1.0,,1.0,,Villa,Bon état,10-20 ans,,36.47,10.78,1.0,,,1.0,1.0,1.0,1.0,,1.0,,1.0,1.0,,1.0,,,,1.0,,,,1.0,,,1.0,,,,,,,
https://www.mubawab.tn/fr/a/8085786/a-louer-rdc-de-villa-s2-%C3%A0-borj-baccouch-ariana,A louer Rdc de villa S2 à Borj Baccouch Ariana,Borj Baccouche à Ariana Ville,1 150 TND,110.0,3.0,2.0,,,,,1.0,1.0,Villa,Bon état,,,36.854441,10.196942,1.0,,,1.0,,,,,,,,,,,,,,,110 m²,,,,1.0,,,,,,,,,
https://www.mubawab.tn/fr/a/8078216/coquette-maison-avec-jardin-%C3%A0-corniche-hammamet,Coquette maison avec jardin à Corniche Hammamet,Hammamet à Hammamet,1 800 TND,,4.0,2.0,,1.0,,,1.0,1.0,Maison,Bon état,,,36.40108,10.61457,1.0,,,1.0,1.0,1.0,1.0,1.0,1.0,1.0,1.0,,1.0,,,,1.0,1.0,,1.0,1.0,1.0,1.0,,,,,,,,,
https://www.mubawab.tn/fr/a/8085212/rez-de-chauss%C3%A9e-de-villa-s3-meuble-a-la-marsa,Rez de chaussée de villa s3 meuble a la Marsa,La Marsa à La Marsa,4 000 TND,200.0,3.0,4.0,,,,,,1.0,Maison,Nouveau,,,36.876389,10.325278,,,,,,,,,,,,,,,,,,,,1.0,,,1.0,,,,,,,,,
https://www.mubawab.tn/fr/a/8080679/villa-individuelle-en-location,Villa individuelle en location,La Marsa à La Marsa,4 400 TND,520.0,,,,1.0,1.0,,1.0,,Villa,,,,36.8941992,10.2762232,,,,1.0,,,,,,,,,,,,,,,,,,,,,,,,,,,,
https://www.mubawab.tn/fr/a/8021742/triplex-avec-piscine-%C3%A0-gammarth,Triplex avec piscine à Gammarth,Gammarth à La Marsa,4 300 TND,,,4.0,4.0,,1.0,1.0,1.0,1.0,Villa,Bon état,,,36.876389,10.325278,1.0,1.0,,1.0,1.0,,1.0,,,,,1.0,1.0,,1.0,,1.0,,,,,,,1.0,,,,,,,,
https://www.mubawab.tn/fr/a/8084630/villa-%C3%A0-louer-%C3%A0-la-marsa,Villa à louer à La Marsa,Cité Les Pins à La Marsa,8 000 TND,370.0,7.0,6.0,,1.0,1.0,1.0,1.0,1.0,Villa,Bon état,,,36.876389,10.325278,1.0,,,1.0,,,,1.0,,,,,,,,,,,,,,,1.0,,,,Est,,,,,
https://www.mubawab.tn/fr/a/8011886/villa-avec-piscine-aux-berges-du-lac-2,Villa avec piscine aux Berges du Lac 2,Les Berges Du Lac 2 à La Marsa,Prix à consulter,350.0,5.0,4.0,4.0,1.0,1.0,1.0,1.0,1.0,Villa,Bon état,,,36.876389,10.325278,1.0,,1.0,1.0,1.0,1.0,1.0,,1.0,,1.0,1.0,1.0,,,,1.0,,,,,,,1.0,,,,,,,,
https://www.mubawab.tn/fr/a/8082564/a-louer-rez-de-chauss%C3%A9e-de-villa-s3-avec-jardins-%C3%A0-khair-eddine,A louer Rez de chaussée de villa S3 avec Jardins à Khair Eddine,La Goulette,1 800 TND,140.0,,4.0,,,,,1.0,1.0,Maison,,,,36.818056,10.305,,,,1.0,,,,,,,,,,,,,,,,,,,,,,,,,,,,
https://www.mubawab.tn/fr/a/8084410/%C3%A0-louer-%C3%A0-l%E2%80%99ann%C3%A9e-%C3%A0-hammamet-%C3%A0-200-m-de-la-plage,À louer à l’année à Hammamet à 200 m de la plage,Hammamet à Hammamet,3 500 TND,200.0,4.0,3.0,2.0,1.0,1.0,1.0,,,Villa,Bon état,,,36.40108,10.61457,1.0,,,,,,,,,,,,,,,,,,,,,,,,,,,,,,,
https://www.mubawab.tn/fr/a/8084367/etage-de-villa-en-location,Etage de villa en location,Route gremda à Sfax Ville,700 TND,76.0,,,,,,,,,Villa,,,,34.778117,10.725839,,,,,,,,,,,,,,,,,,,,,,,,,,,,,,,,
https://www.mubawab.tn/fr/a/8076733/propri%C3%A9t%C3%A9-%C3%A0-louer-%C3%A0-cit%C3%A9-18-janvier-1-pi%C3%A8ce-jardin-,Propriété à louer à Cité 18 Janvier. 1 Pièce. Jardin.,Cité 18 Janvier à Ettadhamen,350 TND,120.0,,2.0,,1.0,,,,,Maison,Nouveau,1-5 ans,Carrelage,36.8357541,10.1175982,,,,,,,,,,,,,,2.0,1.0,,,,0 m²,,,,1.0,,,,Nord,,,,,
https://www.mubawab.tn/fr/a/8083009/etage-s2-vue-sur-mer-%C3%A0-gammarth-mel0063,Etage S2 vue sur mer à Gammarth MEL0063,Gammarth Supérieur à La Marsa,3 500 TND,,,2.0,2.0,,,,1.0,1.0,Villa,Bon état,,,36.876389,10.325278,1.0,,,1.0,,,,,,,,,,,1.0,,,,,1.0,,,,,1.0,,,,,,,
https://www.mubawab.tn/fr/a/7903292/location-villa-france-s5,Location villa France S5,Hammamet Sud à Hammamet,4 000 TND,450.0,6.0,5.0,3.0,1.0,1.0,1.0,1.0,1.0,Villa,Nouveau,,,36.40108,10.61457,1.0,,,1.0,,1.0,1.0,,1.0,,,,,,,,,,,1.0,1.0,1.0,,,,,,,,,,
https://www.mubawab.tn/fr/a/8084189/a-louer-%C3%A9tage-de-villa-en-s3,A louer étage de villa en s3,Hammamet à Hammamet,1 100 TND,,4.0,3.0,,,,,,,Villa,Nouveau,,,36.40108,10.61457,,,,,,,,,,,,,,,,,,,,,,,1.0,,,,,,,,,
https://www.mubawab.tn/fr/a/8083981/propri%C3%A9t%C3%A9-%C3%A0-vendre-villa-avec-2-appartements,Propriété à vendre Villa avec 2 appartements,Khezama Ouest,Prix à consulter,900.0,10.0,4.0,2.0,1.0,1.0,1.0,1.0,1.0,Villa,Bon état,,,35.7218,10.6179,1.0,,,1.0,,,,,,,,,,,,,,,1500 m²,,,,,,,,,,,,,
https://www.mubawab.tn/fr/a/8037333/etage-de-villa-en-location,Etage de villa en location,Ariana Ville,1 100 TND,90.0,,,,1.0,,,,,Villa,,,,36.8625,10.19556,,,,1.0,,,,,,,,,,,,,,,,,,,,,,,,,,,,
https://www.mubawab.tn/fr/a/8083998/a-louer-%C3%A9tage-de-villa-s3-%C3%A0-nouvelle-ariana,A Louer étage de villa s3 à nouvelle ariana,Nouvelle Ariana à Ariana Ville,1 200 TND,200.0,,3.0,2.0,,,,1.0,1.0,Maison,Bon état,10-20 ans,Parquet,36.8625,10.19556,1.0,,,1.0,,,,1.0,,,1.0,,,2.0,1.0,,,,200 m²,1.0,,,,,,,Est,,,,,
https://www.mubawab.tn/fr/a/7988844/duplex-s5-a-louer-au-lac1,Duplex S5 a louer au lac1,Les Berges Du Lac 1 à La Marsa,7 000 TND,486.0,12.0,5.0,5.0,1.0,1.0,,1.0,1.0,Villa,Bon état,1-5 ans,Marbre,36.876389,10.325278,1.0,,1.0,1.0,1.0,,1.0,1.0,,,1.0,1.0,1.0,,,1.0,,1.0,,,,,,,,,,,,,,
https://www.mubawab.tn/fr/a/8046491/a-louer-une-villa-avec-piscine-et-vue-sur-mer,A louer une villa avec piscine et vue sur mer,La Marsa à La Marsa,9 500 TND,,7.0,4.0,3.0,1.0,,1.0,1.0,1.0,Villa,Bon état,,,36.87638899999999,10.325278000000004,1.0,1.0,,1.0,,1.0,1.0,1.0,,,,1.0,1.0,,,1.0,1.0,1.0,,,,1.0,,,1.0,,,,,,,
https://www.mubawab.tn/fr/a/8008340/a-louer-appartement-avec-terrasse-vue-mer,A louer appartement avec Terrasse Vue Mer,La Marsa à La Marsa,3 800 TND,,3.0,2.0,2.0,,,,1.0,1.0,Villa,Bon état,,,36.876389,10.325278,1.0,,,1.0,1.0,1.0,1.0,,,,,1.0,1.0,,,,1.0,1.0,,1.0,1.0,1.0,,,1.0,,,,,,,
https://www.mubawab.tn/fr/a/7660473/magnifique-villa-s5-%C3%A0-gammarth,Magnifique villa S5 à Gammarth,La Marsa à La Marsa,7 500 TND,1000.0,,5.0,,1.0,,1.0,,1.0,Villa,,,,36.8941992,10.2762232,1.0,,,,,,,,,,,,,,,,,,,,,,,,,,,,,,,
https://www.mubawab.tn/fr/a/8021623/location-appartement-neuf-au-lac-2,Location Appartement neuf au lac 2,Les Berges Du Lac 2 à La Marsa,5 000 TND,300.0,3.0,3.0,,,,,,1.0,Maison,Nouveau,,,36.876389,10.325278,1.0,,,1.0,,,,,,,,,,,,,,,,,,,1.0,,,,,,,,,
https://www.mubawab.tn/fr/a/8083030/2-villas-avec-jardin-piscine-aux-berges-du-lac-2,2 villas avec jardin piscine aux Berges du Lac 2,Les Berges Du Lac 2 à La Marsa,Prix à consulter,1000.0,5.0,4.0,4.0,1.0,1.0,1.0,1.0,1.0,Villa,Nouveau,Moins d'un an,,36.876389,10.325278,1.0,,,1.0,1.0,,,1.0,1.0,1.0,,1.0,1.0,,,,,,1000 m²,,,,,,,,Est,,,,,
https://www.mubawab.tn/fr/a/8082842/%C3%A9tage-de-villa-ind%C3%A9pendante,Étage de villa indépendante,La Marsa à La Marsa,2 500 TND,150.0,2.0,3.0,,,,,1.0,,Villa,Nouveau,,,36.876389,10.325278,1.0,,,,,,,,,,,,,,,,,,,,,,1.0,,,,,,,,,
https://www.mubawab.tn/fr/a/8082640/maison-d-h%C3%B4te-a-vendre-%C3%A0-hammamet,Maison d'hôte a vendre à Hammamet,Hammamet à Hammamet,2 900 000 TND,1200.0,10.0,7.0,7.0,,,,,,Villa,Bon état,,,36.40108,10.61457,,,,,,,,,,,,,,,,,,,,,,,,,,,,,,,,
https://www.mubawab.tn/fr/a/8080310/villa-%C3%A0-louer-%C3%A0-la-marsa-%C3%A0-50m-de-la-plage,Villa à louer à la Marsa à 50m de la plage,La Marsa à La Marsa,4 500 TND,150.0,4.0,3.0,,1.0,1.0,,1.0,1.0,Maison,Bon état,,,36.876389,10.325278,1.0,,,1.0,,,,,,,,,,,,,,,,1.0,,,1.0,,,,,,,,,
https://www.mubawab.tn/fr/a/8082298/a-louer-villa-en-s5-avec-piscine-%C3%A0-carthage,A Louer Villa en S5 avec Piscine à Carthage,Carthage à Carthage,9 000 TND,380.0,6.0,5.0,4.0,1.0,1.0,1.0,1.0,1.0,Villa,Bon état,,,36.8566,10.3258,1.0,,,1.0,,1.0,1.0,,1.0,,,,,2.0,,,1.0,,660 m²,,,,,,,,,,,,,
https://www.mubawab.tn/fr/a/7913005/villa-avec-grand-jardin-%C3%A0-craxy-hammamet,Villa avec grand jardin à Craxy Hammamet,Hammamet à Hammamet,2 000 TND,,4.0,3.0,2.0,1.0,1.0,,1.0,1.0,Villa,Bon état,,,36.39555311318375,10.616426088638333,1.0,,,1.0,1.0,1.0,1.0,1.0,1.0,1.0,1.0,,1.0,2.0,,,,1.0,,1.0,1.0,1.0,,,,1.0,,,,,,
https://www.mubawab.tn/fr/a/7931147/rdc-avec-jardin-%C3%A0-louer-centre-ville-hammamet,RDC avec jardin à louer centre ville Hammamet,Hammamet à Hammamet,2 500 TND,,7.0,3.0,2.0,1.0,,,1.0,1.0,Maison,Bon état,,,36.40108,10.61457,1.0,,,1.0,,1.0,1.0,,,,,,,,,,1.0,,,1.0,1.0,1.0,,,,,,,,,,
https://www.mubawab.tn/fr/a/8017336/villa-avec-jardin-et-abri-%C3%A0-l-afh-mrezga-location,Villa avec jardin et Abri à l'AFH Mrezga: Location,Hammamet Nord à Hammamet,2 000 TND,,7.0,2.0,3.0,1.0,1.0,,1.0,1.0,Villa,Bon état,,,36.40108,10.61457,1.0,,,1.0,,,1.0,,,,,,,,,,,,,,,,,,,,,,,,,
https://www.mubawab.tn/fr/a/8081825/un-etage-de-villa-duplex-avec-garage-s-2,Un etage de villa duplex avec garage s 2,Riadh al Andalous à Ariana Ville,900 TND,160.0,3.0,3.0,2.0,,1.0,,,,Villa,Nouveau,1-5 ans,Parquet,36.8805752,10.1717264,1.0,,,,1.0,,,,,,,,,2.0,,,,,160 m²,,,,,,,1.0,Nord,,,,,
https://www.mubawab.tn/fr/a/8081725/location-d-une-villa-s5-vide-a-carthage,Location d une villa s5 vide a carthage,Carthage à Carthage,8 000 TND,650.0,5.0,5.0,,1.0,1.0,1.0,1.0,1.0,Villa,Nouveau,,,36.8566,10.3258,,,,1.0,,,,,,,,,,,,,,,,,,,1.0,,,,,,,,,
https://www.mubawab.tn/fr/a/8081467/magnifique-villa,Magnifique villa,Sidi El Mahrsi à Nabeul,2 000 TND,200.0,5.0,3.0,,1.0,,,1.0,1.0,Maison,Bon état,20-30 ans,,36.466135,10.748872,1.0,,1.0,1.0,1.0,1.0,1.0,1.0,1.0,,1.0,,,1.0,,1.0,1.0,1.0,500 m²,,1.0,,1.0,,1.0,,Sud,,,,,
https://www.mubawab.tn/fr/a/8081455/a-louer-a-bab-souika,A louer a bab souika,Bab Souika à Tunis,570 TND,100.0,,2.0,,,,,,,Maison,Bon état,,,36.81881,10.16596,,,,,,,,,,,,,,,1.0,,,,,,,,1.0,,,,,,,,,
https://www.mubawab.tn/fr/a/8075821/villa-%C3%A0-louer-avec-piscine-%E2%80%93-chatt-mariem,Villa à Louer avec Piscine – Chatt Mariem,Chott Meriem à Akouda,3 400 TND,250.0,5.0,3.0,,1.0,1.0,1.0,,1.0,Villa,Bon état,,,35.87,10.57,,,,1.0,,1.0,1.0,,,,,,,,,,,,,1.0,,,1.0,,,,,,,,,
https://www.mubawab.tn/fr/a/8035792/location-villa-chatt-mariem,Location villa Chatt mariem,Chott Meriem à Akouda,4 000 TND,750.0,5.0,4.0,2.0,1.0,,,1.0,,Villa,Bon état,,,35.87,10.57,1.0,,,1.0,,,1.0,,,,,1.0,,,,,1.0,,,1.0,,,,,,,,,,,,
https://www.mubawab.tn/fr/a/7938781/location-annuelle-s3-%C3%A0-tantana,Location annuelle S3 à Tantana,Tantana,1 500 TND,100.0,4.0,3.0,,1.0,,,1.0,1.0,Villa,Bon état,,,35.94312,10.52022,1.0,,,1.0,1.0,1.0,,,,1.0,1.0,,1.0,,,,,,,1.0,1.0,1.0,1.0,,,,,,,,,
https://www.mubawab.tn/fr/a/8070283/magnifique-villa-%C3%A0-louer-%C3%A0-afh-hergla,Magnifique Villa à Louer à AFH Hergla,Hergla,1 500 TND,170.0,5.0,4.0,,1.0,,,1.0,,Villa,Nouveau,,,36.0301,10.5079,1.0,,,1.0,,,,,,,,,,,,,,,,,,,1.0,,,,,,,,,
https://www.mubawab.tn/fr/a/8037509/location-scolaire-s4-villa-%C3%A0-hergla,Location scolaire s4 villa à Hergla,Hergla,3 000 TND,513.0,5.0,4.0,,1.0,1.0,1.0,1.0,1.0,Maison,Bon état,,,36.0301,10.5079,1.0,,,1.0,,,,,,,,,,,,,,,,,,,1.0,,,,,,,,,
https://www.mubawab.tn/fr/a/8021698/villa-moderne-ind%C3%A9pendante,Villa moderne indépendante,El Kantaoui à Hammam Sousse,4 500 TND,500.0,6.0,5.0,3.0,1.0,1.0,,1.0,1.0,Villa,Bon état,,Marbre,35.8569,10.5972,1.0,,,1.0,1.0,1.0,1.0,1.0,,1.0,1.0,,1.0,,,,,1.0,,1.0,1.0,1.0,,,,,,,,,,
https://www.mubawab.tn/fr/a/8071112/location-annuelle-%E2%80%93-villa-ind%C3%A9pendante-meubl%C3%A9e,Location Annuelle – Villa Indépendante Meublée,Khezama Est,1 200 TND,200.0,3.0,2.0,,1.0,,,1.0,1.0,Villa,Bon état,,,35.844,10.618753,1.0,,,1.0,,,,,,,,,,,,,,1.0,,1.0,,,1.0,,,,,,,,,
https://www.mubawab.tn/fr/a/8080503/splendide-villa-meubl%C3%A9e-pour-location-annuelle,Splendide villa meublée pour Location Annuelle,Kalâa Kebira,7 000 TND,1500.0,10.0,8.0,4.0,1.0,,1.0,1.0,1.0,Villa,Bon état,,,35.87392,10.54372,,1.0,,1.0,,,,,,,,1.0,1.0,,,,,,,1.0,,,,,,,,,,,,
https://www.mubawab.tn/fr/a/8048298/villa-piscine-%C3%A0-hammamet-nord-location,Villa piscine à Hammamet Nord: Location,Hammamet Nord à Hammamet,4 500 TND,,10.0,4.0,3.0,1.0,1.0,1.0,1.0,1.0,Villa,Bon état,,,36.40108,10.61457,1.0,,,1.0,,1.0,1.0,,,,,1.0,,,,,1.0,,,1.0,1.0,1.0,,,1.0,,,,,,,
https://www.mubawab.tn/fr/a/8080882/location-villa-bianca-%C3%A0-hammamet,Location Villa Bianca à Hammamet,Hammamet à Hammamet,3 500 TND,350.0,4.0,3.0,3.0,,1.0,1.0,1.0,1.0,Villa,Bon état,1-5 ans,Marbre,36.40108,10.61457,1.0,,,1.0,1.0,1.0,1.0,,1.0,,1.0,1.0,,2.0,,,1.0,,250 m²,,1.0,1.0,,,,,Sud,,,,,
https://www.mubawab.tn/fr/a/7941838/02-villas-avec-piscine-%C3%A0-hammamet,02 Villas avec piscine à Hammamet,Hammamet à Hammamet,Prix à consulter,,6.0,2.0,2.0,1.0,1.0,1.0,1.0,1.0,Villa,Bon état,,,36.40108,10.61457,1.0,,1.0,1.0,,1.0,1.0,,,,,1.0,,,,,1.0,,,1.0,1.0,1.0,,,,,,,,,,
https://www.mubawab.tn/fr/a/7886975/villa-avec-jardin-%C3%A0-louer-hammamet,Villa avec jardin à louer Hammamet,Hammamet à Hammamet,2 700 TND,,10.0,3.0,4.0,1.0,1.0,,1.0,1.0,Villa,Bon état,,,36.40108,10.61457,1.0,,,1.0,1.0,1.0,1.0,1.0,,1.0,,1.0,,,,,1.0,,,1.0,1.0,1.0,,,,,,,,,,
https://www.mubawab.tn/fr/a/8045874/a-louer-villa-piscine-pour-la-location-de-10mois,A Louer: Villa piscine pour la location de 10Mois,Hammamet Nord à Hammamet,4 000 TND,2500.0,6.0,2.0,2.0,1.0,1.0,1.0,1.0,1.0,Villa,Bon état,,,36.40108,10.61457,1.0,1.0,,1.0,,1.0,1.0,,,,,1.0,,,,,1.0,,,1.0,1.0,1.0,,,1.0,,,,,,,
https://www.mubawab.tn/fr/a/7809901/villa-s2-avec-jardin-%C3%A0-manaret-hammamet,Villa S2 avec jardin à Manaret Hammamet,Hammamet à Hammamet,2 000 TND,,5.0,2.0,,1.0,1.0,,1.0,1.0,Villa,Nouveau,,,36.40108,10.61457,1.0,,,1.0,1.0,1.0,1.0,,,,,,,,,,1.0,,,1.0,1.0,1.0,1.0,,,,,,,,,
https://www.mubawab.tn/fr/a/8020996/villa-piscine-pour-la-location-annuelle-%C3%A0-hammamet,Villa piscine pour la location annuelle à Hammamet,Hammamet à Hammamet,4 500 TND,,11.0,3.0,3.0,1.0,1.0,1.0,1.0,1.0,Villa,Bon état,,,36.40108,10.61457,1.0,,1.0,1.0,1.0,1.0,1.0,,,1.0,,1.0,,,,,1.0,1.0,,1.0,1.0,1.0,,,,1.0,,,,,,
https://www.mubawab.tn/fr/a/7976222/villa-piscine-%C3%A0-louer-%C3%A0-hammamet-%C3%A0-l-ann%C3%A9e,Villa piscine à louer à Hammamet à l'année,Hammamet à Hammamet,3 500 TND,,8.0,3.0,2.0,1.0,,1.0,1.0,1.0,Villa,Bon état,,,36.40108,10.61457,1.0,,,1.0,1.0,1.0,1.0,,,1.0,,1.0,,,,,1.0,1.0,,1.0,1.0,1.0,,,,,,,,,,
https://www.mubawab.tn/fr/a/7587490/a-louer-une-villa-s6-%C3%A0-gammarth,A louer une villa S6 à Gammarth,Gammarth à La Marsa,5 500 TND,700.0,2.0,5.0,4.0,1.0,1.0,1.0,1.0,1.0,Villa,Bon état,,,36.87638899999999,10.325278000000004,1.0,,,1.0,1.0,1.0,1.0,1.0,,1.0,1.0,1.0,1.0,,,,1.0,,900 m²,,1.0,1.0,,,,,,,,,,
https://www.mubawab.tn/fr/a/8080221/villa-s6-avec-piscine-les-jardins-de-carthage,"Villa S6 avec piscine, Les Jardins de Carthage",Les Jardins de Carthage à Le Kram,6 500 TND,300.0,8.0,6.0,4.0,1.0,1.0,1.0,1.0,1.0,Villa,Bon état,5-10 ans,Marbre,36.833333,10.316667,1.0,,,1.0,,,1.0,,,,,,,3.0,,,,,700 m²,,,,,,,,,,,,,
https://www.mubawab.tn/fr/a/8042299/a-louer-villa-avec-piscine-%C3%A0-hammamet,A Louer: Villa avec piscine à Hammamet,Hammamet à Hammamet,3 200 TND,,9.0,3.0,3.0,1.0,1.0,1.0,1.0,1.0,Villa,Bon état,,,36.40108,10.61457,1.0,,,1.0,,1.0,1.0,,,,,1.0,,,,,1.0,1.0,,1.0,1.0,1.0,,,,,,,,,,
https://www.mubawab.tn/fr/a/8058333/villa-plain-pied-avec-piscine-et-jardin,Villa plain pied avec piscine et jardin,Cité Mongi Slim à La Marsa,6 000 TND,420.0,5.0,4.0,5.0,1.0,,1.0,1.0,1.0,Maison,Nouveau,,,36.876389,10.325278,,1.0,1.0,1.0,1.0,1.0,1.0,1.0,,1.0,1.0,1.0,1.0,,,1.0,1.0,1.0,1000 m²,,1.0,1.0,,,,,,,,,,
https://www.mubawab.tn/fr/a/7998939/villa-s6-avec-jardin-et-piscine-%C3%A0-gammarth,Villa s6 avec jardin et piscine à Gammarth,Gammarth à La Marsa,5 000 TND,600.0,7.0,6.0,4.0,1.0,1.0,1.0,1.0,1.0,Villa,Bon état,Moins d'un an,,36.876389,10.325278,1.0,1.0,,1.0,1.0,,,1.0,,,,1.0,1.0,,,,,1.0,,,,,,,,,,,,,,
https://www.mubawab.tn/fr/a/8080099/location-d-une-villa-s5-vide-a-carthage,Location d une villa S5 vide a Carthage,Carthage à Carthage,9 000 TND,400.0,5.0,5.0,,1.0,,,,1.0,Villa,Nouveau,,,36.8566,10.3258,1.0,,1.0,,,,,,,,,,,,,,,,,1.0,,,1.0,,,,,,,,,
https://www.mubawab.tn/fr/a/8061406/villa-s4-meubl%C3%A9-%C3%A0-gammarth,Villa S4 meublé à Gammarth,Gammarth à La Marsa,7 000 TND,350.0,5.0,4.0,4.0,1.0,1.0,,1.0,1.0,Villa,Bon état,,,36.876389,10.325278,1.0,,,1.0,,1.0,1.0,,,1.0,1.0,1.0,,,,,1.0,1.0,,1.0,,1.0,,,,,,,,,,
https://www.mubawab.tn/fr/a/7873717/villa-avec-piscine-pas-loin-de-la-corniche-et-de-la-mer,Villa avec piscine pas loin de la Corniche et de la mer,Hammamet à Hammamet,3 500 TND,,5.0,3.0,2.0,1.0,1.0,1.0,1.0,1.0,Villa,Bon état,,,36.40108,10.61457,1.0,,1.0,1.0,1.0,1.0,1.0,1.0,1.0,1.0,,,1.0,,,,,1.0,,1.0,1.0,1.0,,,,,,,,,,
https://www.mubawab.tn/fr/a/8075360/a-louer-une-villa-%C3%A0-gammarth-avec-piscine-en-s5,A Louer une villa à Gammarth avec piscine en s5,Gammarth à La Marsa,8 000 TND,,5.0,5.0,4.0,1.0,,1.0,,1.0,Villa,Nouveau,,,36.876389,10.325278,,,,,,,,,,,,,,,,,,,,,,,,,,,,,,,,
https://www.mubawab.tn/fr/a/8079824/location-d-une-villa-en-s4-meubl%C3%A9e-annuelle,Location d'une villa en S4 meublée annuelle,Sidi El Mahrsi à Nabeul,2 100 TND,,5.0,4.0,,1.0,1.0,,,,Maison,Nouveau,,,36.45056,10.73505,,,,,,,,,,,,,,,,,,,,1.0,,,1.0,,,,,,,,,
https://www.mubawab.tn/fr/a/8079821/a-louer-une-villa-avec-piscine-au-lac2,A louer une villa avec piscine au Lac2,Les Berges Du Lac 2 à La Marsa,9 000 TND,,10.0,11.0,,1.0,1.0,1.0,,1.0,Villa,Nouveau,,,36.876389,10.325278,,,,,,,,,,,,,,,,,,,,,,,1.0,,,,,,,,,
https://www.mubawab.tn/fr/a/8075978/%C3%A0-louer-villa-d-exception-%C3%A0-gammarth-village,À Louer Villa d'Exception à Gammarth Village,Gammarth Village à La Marsa,6 000 TND,700.0,7.0,6.0,4.0,1.0,,,1.0,1.0,Villa,Nouveau,Moins d'un an,Marbre,36.876389,10.325278,1.0,,,1.0,,,,1.0,,,,1.0,,2.0,,,,,,,,,,,,,,,,,,
https://www.mubawab.tn/fr/a/8079767/a-louer-une-villa-meubl%C3%A9-en-s3,A louer une villa meublé en s3,Hammamet à Hammamet,3 500 TND,,4.0,3.0,,,,,,,Maison,Nouveau,,,36.40108,10.61457,,,,,,,,,,,,,,,,,,,,1.0,,,1.0,,,,,,,,,
https://www.mubawab.tn/fr/a/8079697/villa-avec-piscine-%C3%A0-carthage,Villa avec piscine à Carthage,Carthage à Carthage,9 000 TND,,,3.0,3.0,1.0,1.0,1.0,1.0,1.0,Villa,Bon état,,,36.8566,10.3258,1.0,,,1.0,1.0,1.0,1.0,1.0,,1.0,,,1.0,,1.0,,,,,,,,,,,1.0,,,,,,
https://www.mubawab.tn/fr/a/8072508/rez-de-jardin-s1-meubl%C3%A9-%C3%A0-gammarth,Rez de Jardin S1 meublé à Gammarth,La Marsa à La Marsa,1 500 TND,,,,,1.0,1.0,,,,Villa,,,,36.8941992,10.2762232,,,,,,,,,,,,,,,,,,,,1.0,,,,,,,,1.0,,,,
https://www.mubawab.tn/fr/a/8037150/villa-%C3%A0-louer-gammarth,Villa à louer Gammarth,Gammarth à La Marsa,5 500 TND,700.0,4.0,4.0,,,1.0,1.0,,1.0,Maison,Nouveau,,,36.876389,10.325278,,,,,,,,,,,,,,,,,,,,,,,1.0,,,,,,,,,
https://www.mubawab.tn/fr/a/8077330/triplex-haut-standing-dar-fadhal,Triplex haut standing dar fadhal,Aouina à La Marsa,1 900 TND,200.0,6.0,4.0,3.0,1.0,1.0,,1.0,1.0,Maison,Bon état,5-10 ans,Marbre,36.876389,10.325278,1.0,,,1.0,1.0,,1.0,1.0,1.0,,,1.0,1.0,3.0,,1.0,,,230 m²,1.0,,,,,,,Sud,,,,,
https://www.mubawab.tn/fr/a/8078411/%C3%A9tage-de-villa-s2-de-120-m%C2%B2-%C3%A0-la-nouvelle-m%C3%A9dina,Étage de villa S2 de 120 m² à La Nouvelle Médina,El Yasminette à Nouvelle Medina,550 TND,120.0,2.0,2.0,,,,,,,Villa,Nouveau,,,36.78898,10.18348,1.0,,,,,,,,,,,,,,,,,,,,,,1.0,,,,,,,,,
https://www.mubawab.tn/fr/a/8078240/villa-s3-avec-jardin-et-garage-%C3%A0-louer-hammamet,Villa S3 avec Jardin et garage à louer Hammamet,Hammamet à Hammamet,1 500 TND,,3.0,3.0,2.0,1.0,1.0,,1.0,1.0,Maison,Bon état,,,36.40108,10.61457,1.0,,,1.0,1.0,1.0,1.0,,,,,,,,,,1.0,1.0,1 m²,1.0,1.0,1.0,,,,,,,,,,
https://www.mubawab.tn/fr/a/7979478/a-louer-une-maison-en-s2-sidi-mahressi-nabeul,A louer une maison en S2 Sidi Mahressi Nabeul,Cité El Wafa à Nabeul,1 900 TND,,2.0,2.0,,1.0,,1.0,,,Maison,Nouveau,,,36.45056,10.73505,,,,,,,,,,,,1.0,,,,,,,,1.0,,,1.0,,,,,,,,,
https://www.mubawab.tn/fr/a/8057269/maison-avec-terrasse-%C3%A0-hammamet-pour-la-location,Maison avec terrasse à Hammamet pour la location,Hammamet à Hammamet,1 500 TND,,5.0,2.0,,,,,1.0,1.0,Maison,Bon état,,,36.40108,10.61457,1.0,,,1.0,1.0,1.0,1.0,,1.0,,,,,,,,1.0,,,1.0,1.0,1.0,1.0,,,,,,,,,
https://www.mubawab.tn/fr/a/8046408/villa-meubl%C3%A9e-a-lou%C3%A9e-hamma-gabes,Villa meublée a louée hamma gabes,El Hamma à El Hamma,950 TND,290.0,4.0,3.0,2.0,,,,,1.0,Villa,Nouveau,Moins d'un an,Carrelage,33.7380169,10.083401,1.0,,,1.0,1.0,1.0,1.0,,,1.0,1.0,,,,,,1.0,1.0,,1.0,1.0,,,,,,,,,,,
https://www.mubawab.tn/fr/a/7922201/a-louer-villa-avec-jardin-la-marsa,A Louer Villa Avec Jardin La Marsa,La Marsa à La Marsa,5 000 TND,,6.0,4.0,3.0,1.0,1.0,,1.0,1.0,Villa,Bon état,,,36.876389,10.325278,1.0,,,1.0,1.0,1.0,1.0,1.0,,,,1.0,1.0,,,,1.0,1.0,,,,1.0,,,,,,,,,,
https://www.mubawab.tn/fr/a/7662315/a-louer-villa-meubl%C3%A9-avec-piscine,A Louer Villa Meublé avec piscine,Gammarth à La Marsa,9 800 TND,,6.0,4.0,3.0,1.0,1.0,1.0,1.0,1.0,Villa,Bon état,,,36.876389,10.325278,1.0,,,1.0,,1.0,1.0,1.0,,,,1.0,1.0,,,,1.0,1.0,,1.0,1.0,1.0,,,,,,,,,,
https://www.mubawab.tn/fr/a/7806495/a-louer-villa-de-maitre-%C3%A1-la-marsa,A Louer Villa De Maitre á la Marsa,La Marsa à La Marsa,20 000 TND,,8.0,6.0,4.0,1.0,1.0,1.0,1.0,1.0,Villa,Bon état,,,36.876389,10.325278,1.0,1.0,,1.0,1.0,1.0,1.0,1.0,,,,1.0,1.0,,,,1.0,1.0,,,,,,,1.0,,,,,,,
https://www.mubawab.tn/fr/a/8069994/location-villa-avec-piscine-a-hammamet,Location Villa avec piscine a Hammamet,Hammamet à Hammamet,6 000 TND,200.0,4.0,3.0,2.0,1.0,1.0,1.0,1.0,1.0,Maison,Bon état,,,36.40108,10.61457,1.0,,,1.0,1.0,,1.0,,,1.0,1.0,1.0,1.0,2.0,,,1.0,,1040 m²,1.0,1.0,1.0,,,,1.0,,,,,,
https://www.mubawab.tn/fr/a/8072118/a-louer-r%C3%A9ez-de-chauss%C3%A9-s3-%C3%A0-sahloul,A louer réez de chaussé s3 à Sahloul,Sahloul à Sousse Jaouhara,1 500 TND,200.0,,3.0,,1.0,,,1.0,,Villa,,,,35.840333,10.594322,,,,1.0,,,,,,,,,,,,,,,,1.0,,,,,,,,,,,,
https://www.mubawab.tn/fr/a/8065713/a-louer-un-s3-%C3%A0-chatt-mariem,A louer un s3 à chatt mariem,Akouda à Akouda,800 TND,150.0,3.0,3.0,,,,,,,Maison,Nouveau,,,35.87,10.57,,,,,,,,,,,,,,,,,,,,1.0,,,1.0,,,,,,,,,
https://www.mubawab.tn/fr/a/8059914/villa-s5-neuf-avec-piscine-%C3%A0-carthage,Villa S5 Neuf avec piscine à Carthage,Carthage à Carthage,13 000 TND,450.0,6.0,5.0,6.0,1.0,1.0,1.0,,,Villa,Nouveau,,,36.8566,10.3258,,,,,,,,,,,,1.0,,,,,,,,,,,,,,,,,,,,
https://www.mubawab.tn/fr/a/8043475/une-splendide-villa-s3-meubl%C3%A9e-%C3%A0-la-marsa,Une Splendide Villa S3 Meublée à la Marsa,Cité Les Pins à La Marsa,8 500 TND,400.0,5.0,3.0,4.0,1.0,1.0,1.0,1.0,1.0,Villa,Bon état,,,36.876389,10.325278,1.0,1.0,1.0,1.0,1.0,1.0,1.0,1.0,,1.0,1.0,1.0,1.0,,,,1.0,1.0,,1.0,1.0,1.0,,,,,,,,,,
https://www.mubawab.tn/fr/a/8021396/rdc-meubl%C3%A9-%C3%A0-la-marsa,RDC Meublé à la Marsa,La Marsa à La Marsa,3 500 TND,,4.0,4.0,2.0,1.0,1.0,,,1.0,Villa,Nouveau,,,36.876389,10.325278,1.0,,,,,,,,,,,1.0,,,,,,,,,,,,,,,,,,,,
https://www.mubawab.tn/fr/a/8049280/une-villa-s3-neuf-%C3%A0-la-marsa,Une Villa S3 Neuf à la Marsa,La Marsa à La Marsa,1 200 000 TND,300.0,5.0,4.0,5.0,1.0,1.0,,1.0,1.0,Villa,Nouveau,,,36.876389,10.325278,1.0,1.0,,1.0,1.0,,1.0,1.0,,1.0,1.0,,1.0,,,,1.0,,,,,,,,,,,,,,,
https://www.mubawab.tn/fr/a/7874621/a-vendre-villa-%C3%A0-akouda,A vendre villa à Akouda,Akouda à Akouda,450 000 TND,340.0,3.0,4.0,,1.0,,,1.0,1.0,Maison,Nouveau,,,35.87,10.57,,,,1.0,,,,,,,,,,,,,,,,,,,1.0,,,,,,,,,
https://www.mubawab.tn/fr/a/8076471/a-louer-villa-de-charme-%C3%AD%C2%A0-kantaoui,A louer Villa de charme Í  kantaoui,Cité de la Plage à Hammam Sousse,3 500 TND,1000.0,,9.0,,1.0,1.0,,1.0,,Villa,Nouveau,,,35.8569,10.5972,1.0,,,,,,,,,,,,,,1.0,,,,,,,,1.0,,,,,,,,,
https://www.mubawab.tn/fr/a/8076486/a-vendre-maison-%C3%A0-kalaa-sghira,A vendre maison à Kalaa Sghira,Kalâa Sghira,130 000 TND,112.0,,2.0,,,,,,,Maison,,,,35.821756,10.560554,,,,,,,,,,,,,,,,,,,,,,,,,,,,,,,,
https://www.mubawab.tn/fr/a/7879765/a-louer-villa-style-am%C3%A9ricain-s4-%C3%A0-sahloul,A louer villa style américain S4 à Sahloul,Khezama Est,2 200 TND,400.0,4.0,5.0,,1.0,,,1.0,1.0,Villa,Nouveau,,,35.832439,10.622471,,,,,,,,,,,,,,,,,,,,,,,1.0,,,,,,,,,
https://www.mubawab.tn/fr/a/7846523/a-louer-villa-avec-piscine-%C3%A0-kantaoui,A louer villa avec piscine à kantaoui,Hammam Sousse,7 000 TND,1200.0,,5.0,,1.0,1.0,1.0,1.0,,Villa,,,,35.8569,10.5972,,,,1.0,,1.0,1.0,,,,,1.0,,,,,,,,1.0,,1.0,,,,,,,,,,
https://www.mubawab.tn/fr/a/8053510/coquet-appartement-s2-vu-mer,Coquet Appartement S2 Vu Mer,La Marsa à La Marsa,2 700 TND,80.0,,2.0,,,,,,,Maison,,,,36.8941992,10.2762232,,,,,,,,,,,,1.0,,,,,,,,,,,,,,,,,,,,
https://www.mubawab.tn/fr/a/8031616/coquet-appartement-s2-%C3%A0-louer-%C3%A0-gammarth,Coquet Appartement S2 à louer à Gammarth,La Marsa à La Marsa,3 550 TND,120.0,,,,,,,,,Villa,,,,36.8941992,10.2762232,,,,,,,,,,,,1.0,,,,,,,,,,,,,,,,,,,,
https://www.mubawab.tn/fr/a/8077608/etage-de-villa-s3-a-nouvelle-medina,Etage de villa s3 a nouvelle Medina,Nouvelle Medina à Nouvelle Medina,750 TND,120.0,2.0,3.0,,,,,,,Maison,Bon état,10-20 ans,,36.78898,10.18348,1.0,,,,,,,,,,,,,,,,,,,,,,1.0,,,,,,,,,
https://www.mubawab.tn/fr/a/8077449/villa-de-maitre-%C3%A0-narjes-%C3%A0-louer-meubl%C3%A9e,Villa de maitre à narjes à louer meublée,El Kantaoui à Hammam Sousse,4 700 TND,1000.0,4.0,4.0,,1.0,1.0,,,,Villa,Nouveau,,,35.8569,10.5972,1.0,,,,,,,,,,,,,,,,,,,,,,1.0,,,,,,,,,
https://www.mubawab.tn/fr/a/8077288/al-rdc-de-villa-%C3%A0-ennkhilet-i-petits-budgets,AL RDC de villa à Ennkhilet I petits budgets,Cité Ennkhilet à Raoued,700 TND,112.0,4.0,3.0,,1.0,,,,,Maison,Nouveau,,,36.954444,10.191389,,,,,,,,1.0,,,,,,,,,,,,,,,1.0,,,,,,,,,
https://www.mubawab.tn/fr/a/8037827/location-villa-tito-s2,Location villa Tito S2,Hammamet à Hammamet,2 000 TND,200.0,3.0,2.0,2.0,1.0,,,1.0,1.0,Villa,Nouveau,,,36.40108,10.61457,1.0,,,1.0,,1.0,1.0,,,,,1.0,,,,,1.0,,,1.0,1.0,1.0,,,,,,,,,,
https://www.mubawab.tn/fr/a/8002063/a-louer-villa-3-niv-ac-piscine-usg-bur-ou-hab-mutuelleville,A louer villa 3 niv ac piscine usg bur ou hab Mutuelleville,Mutuelle Ville à El Menzah,7 000 TND,500.0,8.0,6.0,4.0,1.0,1.0,1.0,1.0,1.0,Villa,Bon état,5-10 ans,Marbre,36.845235,10.164723,1.0,,,1.0,1.0,,1.0,1.0,,,1.0,1.0,1.0,,,,,1.0,,,,,,,,,,,,,,
https://www.mubawab.tn/fr/a/8077154/location-d-une-villa-avec-piscine-s5-vide-a-la-m,Location d une villa avec piscine s5 vide a la m,La Marsa à La Marsa,3 500 TND,300.0,4.0,4.0,,1.0,1.0,1.0,1.0,1.0,Maison,Nouveau,,,36.876389,10.325278,1.0,,,1.0,,,1.0,,,,,,,,,,,,,,,,1.0,,,,,,,,,
https://www.mubawab.tn/fr/a/8076061/location-duplex-avec-jardin-%C3%A0-yasmin-hammamet,Location Duplex avec jardin à Yasmin Hammamet,Yasmine Hammamet à Hammamet,1 800 TND,,5.0,3.0,3.0,1.0,1.0,,1.0,1.0,Maison,Bon état,,,36.40108,10.61457,1.0,1.0,,1.0,1.0,1.0,,,,1.0,1.0,1.0,1.0,,,,,,,1.0,,,,,,,,,,,,
https://www.mubawab.tn/fr/a/8077033/studio-%C3%A0-louer,Studio à louer,Nabeul à Nabeul,550 TND,50.0,2.0,,,1.0,1.0,,,,Maison,Bon état,10-20 ans,Carrelage,36.45056,10.73505,1.0,,,,,1.0,,,,,1.0,,,,,1.0,,1.0,1500 m²,1.0,,,1.0,,,,Nord,1.0,,,,
https://www.mubawab.tn/fr/a/8076628/villa-s3-de-155-m%C2%B2-%C3%A0-nouvelle-medina,Villa S3 de 155 m² à Nouvelle Medina,Nouvelle Medina à Nouvelle Medina,1 000 TND,100.0,4.0,3.0,,,1.0,,1.0,,Maison,Bon état,,,36.78898,10.18348,1.0,,,1.0,,,1.0,,1.0,,,,,,,1.0,,,155 m²,,,,1.0,,,,,,,,,
https://www.mubawab.tn/fr/a/7893896/villa-s4-avec-jardin-marsa-les-pins,"Villa S4 avec jardin, Marsa Les pins",Cité Les Pins à La Marsa,4 000 TND,400.0,5.0,4.0,3.0,1.0,1.0,,1.0,1.0,Villa,Bon état,5-10 ans,Marbre,36.876389,10.325278,1.0,1.0,,1.0,,1.0,1.0,1.0,,,,1.0,,,,,1.0,1.0,,,,,,,,,,,,,,
https://www.mubawab.tn/fr/a/8064627/location-villa-altima,Location Villa Altima,Hammamet à Hammamet,4 500 TND,500.0,5.0,4.0,2.0,1.0,1.0,1.0,1.0,1.0,Villa,Nouveau,,,36.40108,10.61457,1.0,,,1.0,,1.0,1.0,,,,,1.0,,,,,1.0,,380 m²,,1.0,1.0,,,,1.0,,,,,,
https://www.mubawab.tn/fr/a/7963867/etage-de-villa-s3-%C3%A0-ain-zaghouan,Etage de villa S3 à Ain Zaghouan,Ain Zaghouan Nord à La Marsa,1 800 TND,200.0,,3.0,,,,,,1.0,Maison,,,,36.8623859,10.2835035,,,,1.0,,,,,,,,,,,,,,,,,,,,,,,,,,,,
https://www.mubawab.tn/fr/a/8019633/a-louer-duplex-au-lac-1,A louer duplex au lac 1,Les Berges Du Lac 1 à La Marsa,3 200 TND,200.0,5.0,4.0,3.0,1.0,1.0,,1.0,1.0,Maison,Nouveau,,,36.876389,10.325278,1.0,1.0,,1.0,1.0,,1.0,,,1.0,1.0,1.0,1.0,,,,1.0,,,,,,,,,,,,,,,
https://www.mubawab.tn/fr/a/8076446/a-louer-appartement-s4-aux-jardin-de-carthage,A louer Appartement S4 aux Jardin de Carthage,Le Kram,2 900 TND,,,4.0,,1.0,1.0,,,1.0,Maison,,,,36.833333,10.316667,1.0,,,,,,,,1.0,,,,,,,,,,,,,,,,,,,,,,,
https://www.mubawab.tn/fr/a/8076443/a-louer-appartements1-%C3%A0-golden-tulipe,A louer AppartementS1 à Golden tulipe,La Marsa,1 900 TND,100.0,,2.0,,,,,1.0,1.0,Maison,,,,36.876389,10.325278,,,,1.0,,,,,,,,,,,,,,,,,,,,,,,,,,,,
https://www.mubawab.tn/fr/a/7991570/villa-s4-%C3%A0-gammarth,Villa s4 à Gammarth,La Marsa à La Marsa,5 000 TND,800.0,,5.0,,1.0,1.0,1.0,,,Villa,,,,36.8941992,10.2762232,,,,,,,,,,,,,,,,,,,,,,,,,,,,,,,,
https://www.mubawab.tn/fr/a/8038979/villa-s5-vue-sur-mer-%C3%A0-la-marsa,Villa s5 vue sur mer à la Marsa,La Marsa à La Marsa,12 000 TND,,,5.0,,1.0,,,,,Villa,,,,36.8941992,10.2762232,1.0,,,,,,,,,,,,,,,,,,,,,,,,,,,,,,,
https://www.mubawab.tn/fr/a/8073860/studio-%C3%A0-louer-menzah-9-pour-usage-professionnel,Studio à louer Menzah 9 pour usage professionnel,El Menzah 9 à El Menzah,850 TND,35.0,,,,,,,,,Maison,Bon état,,,36.845235,10.164723,,,,,,,,,1.0,,,,,,1.0,,,,,,,,1.0,,,,,1.0,,,,
https://www.mubawab.tn/fr/a/8069197/une-somptueuse-villa,Une Somptueuse villa,La Marsa à La Marsa,12 000 TND,400.0,5.0,7.0,,1.0,,,,1.0,Villa,Nouveau,,,36.876389,10.325278,,,,,,,,,,,,1.0,,,,,,,,,,,1.0,,1.0,,,,,,,
https://www.mubawab.tn/fr/a/8075736/villa-s5-avec-jardin-%C3%A0-louer-aux-jardins-de-carthage,Villa S5 avec Jardin à louer aux Jardins de Carthage,Les Jardins de Carthage à Le Kram,6 800 TND,400.0,,5.0,,1.0,1.0,,,1.0,Villa,,,,36.8555704,10.291834,1.0,,,,,,,,1.0,,,1.0,,,,,,,,,,,,1.0,,,,,,,,
https://www.mubawab.tn/fr/a/8016243/villa-s5-avec-jardin-aux-jdc,Villa S5 avec jardin aux JDC,Les Jardins de Carthage à Le Kram,6 500 TND,,6.0,5.0,4.0,1.0,1.0,,1.0,1.0,Villa,Bon état,1-5 ans,Carrelage,36.833333,10.316667,1.0,,,1.0,1.0,1.0,,,,1.0,1.0,1.0,1.0,,,1.0,1.0,1.0,,,,1.0,,1.0,,,,,,,,
https://www.mubawab.tn/fr/a/8040995/a-louer-une-villa-avec-piscine-%C3%A0-la-marsa,A louer une villa avec piscine à la Marsa,La Marsa à La Marsa,Prix à consulter,,6.0,5.0,3.0,1.0,1.0,1.0,1.0,,Maison,Bon état,,,36.876389,10.325278,1.0,1.0,,,,,,,,,,,,,,,,,,,,,,,,,,,,,,
https://www.mubawab.tn/fr/a/8054049/location-duplex-s4-avec-jardin-la-soukra,Location Duplex S4 avec jardin La Soukra,La Soukra à La Soukra,3 500 TND,350.0,5.0,4.0,3.0,1.0,1.0,,1.0,1.0,Villa,Bon état,5-10 ans,Marbre,36.88833,10.27417,1.0,,,1.0,1.0,,1.0,,,1.0,,,1.0,2.0,,,,,323 m²,1.0,,,,,,,,,,,,
https://www.mubawab.tn/fr/a/8048773/villa-s5-avec-vue-sur-mer-marsa-cube,"Villa S5 avec vue sur mer, Marsa Cube",La Marsa à La Marsa,10 000 TND,500.0,6.0,5.0,6.0,1.0,,,1.0,1.0,Villa,Bon état,10-20 ans,,36.876389,10.325278,1.0,,,1.0,,1.0,1.0,1.0,,,,1.0,,1.0,,,,1.0,,,,,,,1.0,1.0,,,,,,
https://www.mubawab.tn/fr/a/8073358/villa-neuve-avec-piscine-%C3%A0-gammarth,Villa neuve avec piscine à Gammarth,Gammarth à La Marsa,12 000 TND,,2.0,3.0,4.0,1.0,1.0,1.0,1.0,1.0,Villa,Nouveau,Moins d'un an,Marbre,36.876389,10.325278,1.0,1.0,,1.0,1.0,1.0,1.0,1.0,1.0,,,1.0,1.0,2.0,,,1.0,,,,,,,,1.0,1.0,,,,,,
https://www.mubawab.tn/fr/a/8075178/location-maison-s3-meubl%C3%A9-%C3%A0-carthage,Location Maison S3 meublé à Carthage,Carthage à Carthage,4 500 TND,250.0,5.0,3.0,2.0,1.0,1.0,,1.0,1.0,Maison,Bon état,,,36.8566,10.3258,1.0,,,1.0,,,,,,,,,,,,,,,,1.0,,,,,,,,,,,,
https://www.mubawab.tn/fr/a/8075106/magnifique-villa-%C3%A0-louer-%C3%A0-l-ann%C3%A9e,Magnifique villa à louer à l'année,Houmt Souk à Houmt Souk,3 000 TND,,3.0,3.0,2.0,1.0,1.0,1.0,,1.0,Villa,Bon état,,,33.866667,10.85,,,,1.0,,1.0,1.0,,,1.0,,,,,,1.0,1.0,,,1.0,1.0,1.0,,,1.0,,,,,,,
https://www.mubawab.tn/fr/a/8034214/villa-vue-sur-mer-%C3%A0-la-marsa-plage,Villa vue sur mer à La Marsa Plage,La Marsa à La Marsa,9 000 TND,450.0,5.0,4.0,3.0,1.0,1.0,1.0,1.0,1.0,Villa,Bon état,,,36.876389,10.325278,1.0,1.0,,1.0,1.0,,1.0,,,,1.0,1.0,,,,,,,,,,,,,1.0,,,,,,,
https://www.mubawab.tn/fr/a/8075076/villa-s3-%C3%A0-louer-%C3%A0-l%E2%80%99ann%C3%A9e-%C3%A0-midoun,Villa S3 à louer à l’année à Midoun,Midoune à Midoun,Prix à consulter,,3.0,3.0,2.0,1.0,,1.0,,1.0,Maison,Bon état,,,33.866667,10.85,,,,1.0,,,,,,,,,,,,,,,1 m²,1.0,,,,,,,,,,,,
https://www.mubawab.tn/fr/a/8075049/villa-%C3%A0-louer-%C3%A0-l-ann%C3%A9e-%C3%A0-djerba-houmt-souk,Villa à louer à l'année à Djerba Houmt Souk,Houmt Souk à Houmt Souk,1 300 TND,120.0,3.0,3.0,2.0,,,,,,Maison,Nouveau,,,33.866667,10.85,,,,,,,,,,,,,,,,,,,,,,,,,,,,,,,,
https://www.mubawab.tn/fr/a/8075045/studio-s1-%C3%A0-louer-%C3%A0-l-ann%C3%A9e,Studio S1 à louer à l'année,Midoun zone touristique,1 300 TND,80.0,,,,1.0,,,,1.0,Maison,Bon état,,,33.8115848,10.987461,,,,1.0,,,,,,,,,,,1.0,,,,,1.0,,,1.0,,,,,1.0,,,,
https://www.mubawab.tn/fr/a/8011462/villa-individuelle-en-location,Villa individuelle en location,La Marsa à La Marsa,5 800 TND,300.0,4.0,3.0,3.0,1.0,1.0,,1.0,,Villa,Bon état,,,36.8941992,10.2762232,1.0,,,1.0,,,,,,,,,,,,,,,,,,,,,,,,,,,,
https://www.mubawab.tn/fr/a/8061453/villa-meubl%C3%A9e-avec-piscine-%C3%A0-la-marsa,Villa Meublée avec piscine à la Marsa,La Marsa à La Marsa,6 500 TND,400.0,4.0,4.0,4.0,1.0,1.0,1.0,,1.0,Maison,Bon état,,,36.876389,10.325278,,,,,,,,,,,,,,,,,,,,,,,,,,,,,,,,
https://www.mubawab.tn/fr/a/7998185/a-louer-une-villa-en-s3-avec-piscine-%C3%A0-gammarth,A louer une villa en S3 avec piscine à Gammarth,Gammarth à La Marsa,6 500 TND,1100.0,,4.0,,1.0,,1.0,1.0,1.0,Villa,,,,36.917739,10.288893,,,,1.0,,,,,,,,,,,,,,,,,,,,,,,,,,,,
https://www.mubawab.tn/fr/a/8028390/une-villa-s6,Une villa S6,Les Jardins de Carthage à Le Kram,6 500 TND,430.0,7.0,6.0,5.0,1.0,1.0,,1.0,1.0,Villa,Bon état,,,36.855570400000005,10.291834,1.0,,,1.0,1.0,,1.0,1.0,,,,1.0,1.0,,,,,1.0,,,,,,1.0,,,,,,,,
https://www.mubawab.tn/fr/a/8074581/a-louer-une-villa-de-ma%C3%AEtre-en-s6-avec-piscine-%C3%A0-la-marsa,A louer une villa de maître en S6 avec piscine à la Marsa,La Marsa à La Marsa,25 000 TND,600.0,8.0,6.0,4.0,1.0,1.0,1.0,1.0,1.0,Villa,Nouveau,,,36.876389,10.325278,1.0,1.0,,1.0,1.0,,,,,,,1.0,,,,,,,,,,,,,1.0,,,,,,,
https://www.mubawab.tn/fr/a/8074546/villa-%C3%A0-sahloul-%C3%A0-l-arri%C3%A8re-promogro,Villa à Sahloul à L'arrière Promogro,Sahloul à Sousse Jaouhara,1 000 TND,300.0,6.0,3.0,2.0,,,,1.0,,Villa,Nouveau,Moins d'un an,,35.832439,10.622471,,,,,,,,,,,,,,,,,,,160 m²,,,,,,,,Est,,,,,
https://www.mubawab.tn/fr/a/7934173/superbe-duplex-s3-meubl%C3%A9-%C3%A0-golden-tulip-gammarth,Superbe Duplex S3 Meublé à Golden Tulip Gammarth,Gammarth à La Marsa,4 000 TND,140.0,4.0,3.0,3.0,,,,1.0,1.0,Maison,Nouveau,,,36.876389,10.325278,,1.0,,1.0,,,,,,,,,,,,,,,,1.0,,,,,1.0,,,,,,,
https://www.mubawab.tn/fr/a/8074437/villa-%C3%A0-louer-%C3%A0-l-ann%C3%A9e-%C3%A0-djerba-houmt-souk,Villa à louer à l'année à Djerba Houmt Souk,Houmt Souk à Houmt Souk,2 200 TND,120.0,3.0,3.0,2.0,1.0,,1.0,,1.0,Villa,Bon état,,,33.866667,10.85,,,,1.0,,1.0,1.0,,,1.0,,,,,,1.0,1.0,,,1.0,1.0,1.0,,,,,,,,,,
https://www.mubawab.tn/fr/a/8074410/location-villa-%C3%A0-l-ann%C3%A9e-%C3%A0-midoun-djerba,"Location Villa à l'Année à Midoun, Djerba",Midoune à Midoun,5 000 TND,220.0,5.0,5.0,4.0,,1.0,1.0,,1.0,Villa,Nouveau,,,33.866667,10.85,1.0,,,1.0,,1.0,1.0,,,1.0,,,,,,,1.0,,,1.0,1.0,1.0,,,,,,,,,,
https://www.mubawab.tn/fr/a/8050546/a-louer-une-villa-en-s3-avec-piscine-%C3%A0-carthage,A louer une villa en s3 avec piscine à Carthage,Amilcar à Carthage,7 000 TND,,4.0,3.0,2.0,,,1.0,,,Villa,Nouveau,,,36.8566,10.3258,1.0,,1.0,,,,,,,,,,,,,,,,,,,,,,,,,,,,,
https://www.mubawab.tn/fr/a/8069080/a-louer-une-villa-id%C3%A9al-pour-un-jardin-d-enfant,A louer une villa idéal pour un jardin d'enfant,El Menzah 4 à El Menzah,4 000 TND,600.0,9.0,6.0,4.0,1.0,1.0,,1.0,1.0,Villa,Nouveau,,,36.845235,10.164723,1.0,,,1.0,,,,1.0,1.0,,,,,,,,,,,,,,,,,,,,,,,
https://www.mubawab.tn/fr/a/7644966/a-louer-villa-exceptionnel-%C3%A0-gammarth,A louer Villa exceptionnel à Gammarth,Gammarth Supérieur à La Marsa,Prix à consulter,1000.0,7.0,6.0,7.0,1.0,1.0,1.0,1.0,1.0,Villa,Nouveau,1-5 ans,Marbre,36.89317870000001,10.3099394,1.0,1.0,1.0,1.0,1.0,1.0,1.0,1.0,1.0,1.0,1.0,1.0,1.0,,,1.0,1.0,,,1.0,1.0,1.0,,1.0,1.0,1.0,Est,,,,,
https://www.mubawab.tn/fr/a/7446480/a-louer-villa-de-maitre-%C3%A0-gammarth-la-marsa,"A louer Villa de maitre à Gammarth, la Marsa",Gammarth à La Marsa,Prix à consulter,1500.0,5.0,5.0,5.0,1.0,,,,,Villa,Nouveau,Moins d'un an,Marbre,36.91773900000001,10.288893,1.0,1.0,,,,,,,,,,,,,,,,,,,,,,,,,,,,,,
https://www.mubawab.tn/fr/a/7986355/une-bonne-villa-situ%C3%A9e-dans-un-lieu-vill%C3%A9giature,Une bonne villa située dans un lieu villégiature,Hammamet Nord à Hammamet,1 550 TND,105.0,4.0,3.0,,1.0,1.0,,1.0,1.0,Villa,Bon état,5-10 ans,Marbre,36.40108,10.61457,1.0,,,1.0,1.0,1.0,1.0,,,,1.0,,,1.0,,1.0,1.0,,200 m²,1.0,1.0,1.0,1.0,,1.0,,Est,,,,,
https://www.mubawab.tn/fr/a/8074068/villa-atypique-%C3%A0-louer-%C3%A0-la-marsa,Villa atypique à louer à La Marsa,La Marsa à La Marsa,7 000 TND,350.0,7.0,4.0,3.0,1.0,1.0,1.0,1.0,1.0,Villa,Nouveau,,,36.876389,10.325278,1.0,,,1.0,1.0,,1.0,1.0,,1.0,,1.0,1.0,,,,,,560 m²,,,,,,,,,,,,,
https://www.mubawab.tn/fr/a/8073972/villa-s5-%C3%A0-gammarth,Villa S5 à Gammarth,Gammarth Supérieur à La Marsa,Prix à consulter,750.0,6.0,5.0,6.0,1.0,1.0,1.0,1.0,1.0,Villa,Bon état,,,36.876389,10.325278,1.0,1.0,,1.0,1.0,,1.0,,1.0,,1.0,,,3.0,,,,,1300 m²,,,,,,,,,,,,,
https://www.mubawab.tn/fr/a/7909603/magnifique-villa-s6-carthage-byrsa-port-punique,"Magnifique villa S6, Carthage Byrsa port punique",Carthage Byrsa à Carthage,9 000 TND,780.0,7.0,6.0,5.0,1.0,1.0,,1.0,1.0,Villa,Nouveau,Moins d'un an,Marbre,36.8566,10.3258,1.0,,,1.0,,1.0,1.0,,,,,1.0,1.0,,,,,,,,,1.0,,,1.0,,,,,,,
https://www.mubawab.tn/fr/a/7825940/villa-s4-avec-vue-sur-mer-carthage-hannibal,"Villa S4 avec vue sur mer, Carthage Hannibal",Carthage à Carthage,6 500 TND,650.0,5.0,4.0,3.0,,1.0,,1.0,1.0,Villa,Bon état,,Carrelage,36.8694317,10.3164051,1.0,,,1.0,,,,,,,,,,,,,,,,,,,,,1.0,,,,,,,
https://www.mubawab.tn/fr/a/8063043/location-annuelle-villa-en-s5,Location Annuelle Villa en s5,Hammamet Nord à Hammamet,3 500 TND,390.0,6.0,5.0,4.0,1.0,,1.0,1.0,1.0,Villa,Bon état,,,36.40108,10.61457,1.0,,,1.0,,1.0,1.0,,,,,1.0,,,,,,,,1.0,1.0,1.0,,,,,,,,,,
https://www.mubawab.tn/fr/a/7985535/villa-moderne-%C3%A0-la-soukra-tunisie-%C3%A0-louer,"Villa Moderne à La Soukra, Tunisie, à Louer",La Soukra à La Soukra,5 500 TND,,5.0,4.0,3.0,1.0,,,,1.0,Villa,,,,36.88833,10.27417,1.0,,,1.0,,,,,,,,,,,,,,,,,,,,,,,,,,,,
https://www.mubawab.tn/fr/a/7908167/une-superbe-villa-en-s5-avec-vue-mer,Une superbe villa en S5 avec vue mer,La Marsa à La Marsa,9 000 TND,500.0,5.0,4.0,3.0,1.0,1.0,1.0,1.0,1.0,Villa,Bon état,10-20 ans,Marbre,36.876389,10.325278,1.0,,,1.0,1.0,,1.0,1.0,,,,1.0,1.0,,,,,,,,,,,,1.0,1.0,,,,,,
https://www.mubawab.tn/fr/a/7870318/villa-s5-%C3%A0-gammarth,Villa S5 à Gammarth,Gammarth à La Marsa,7 000 TND,750.0,5.0,4.0,4.0,1.0,1.0,,1.0,1.0,Villa,Nouveau,Moins d'un an,Marbre,36.876389,10.325278,1.0,,,1.0,1.0,1.0,1.0,,,,,1.0,1.0,,,,1.0,,,1.0,1.0,1.0,,,,,,,,,,
https://www.mubawab.tn/fr/a/7908152/luxueux-duplex-avec-vue-imprenable,Luxueux duplex avec vue imprenable,Les Berges Du Lac 2 à La Marsa,9 000 TND,140.0,5.0,4.0,3.0,,1.0,1.0,1.0,1.0,Villa,Bon état,1-5 ans,Marbre,36.876389,10.325278,1.0,1.0,,1.0,1.0,1.0,1.0,,1.0,,,1.0,1.0,,,,,,,,,,,1.0,,1.0,,,,,,
https://www.mubawab.tn/fr/a/8072837/a-louer-par-nuit%C3%A9e-villa-s4-a-yassmine-hammamet,A louer par Nuitée villa S4 a yassmine hammamet,Yasmine Hammamet à Hammamet,Prix à consulter,250.0,,4.0,4.0,1.0,,1.0,1.0,,Villa,Nouveau,,,36.374884,10.535237,1.0,,,,,,,,1.0,,,,,,,,,,0 m²,,,,,,,,,,,,,
https://www.mubawab.tn/fr/a/7843850/rez-de-chauss%C3%A9e-s4-meubl%C3%A9-%C3%A0-la-marsa,Rez de chaussée S4 meublé à La Marsa,Gammarth à La Marsa,5 500 TND,,5.0,5.0,,1.0,1.0,1.0,1.0,1.0,Villa,Bon état,,,36.876389,10.325278,1.0,,,1.0,,,,,,,,1.0,,,,,,,,1.0,,,1.0,,,,,,,,,
https://www.mubawab.tn/fr/a/8073264/villa-de-charme-%C3%A0-yasmine-hammamet,Villa de charme à Yasmine Hammamet,Yasmine Hammamet à Hammamet,5 000 TND,,7.0,3.0,4.0,1.0,1.0,1.0,1.0,1.0,Villa,Nouveau,1-5 ans,Marbre,36.40108,10.61457,1.0,,,1.0,1.0,1.0,1.0,,1.0,1.0,1.0,1.0,1.0,,,1.0,1.0,,,1.0,1.0,1.0,,,,,,,,,,
https://www.mubawab.tn/fr/a/8073182/a-louer-une-villa-avec-piscine,A louer une Villa avec Piscine,Yasmine Hammamet à Hammamet,8 000 TND,1000.0,12.0,9.0,7.0,1.0,1.0,1.0,1.0,1.0,Villa,Nouveau,Moins d'un an,Marbre,36.40108,10.61457,1.0,,,1.0,1.0,1.0,1.0,1.0,1.0,1.0,1.0,1.0,,,,1.0,1.0,,,1.0,1.0,1.0,,,,,Nord,,,,,
https://www.mubawab.tn/fr/a/7940657/une-belle-villa-avec-piscine,Une belle villa avec piscine,Les Berges Du Lac 2 à La Marsa,10 000 TND,550.0,5.0,3.0,4.0,1.0,1.0,1.0,1.0,1.0,Maison,Bon état,5-10 ans,Marbre,36.876389,10.325278,1.0,,,1.0,,1.0,1.0,,,1.0,,,,,,,,,,1.0,1.0,,,,,,,,,,,
https://www.mubawab.tn/fr/a/8073142/villa-s4-au-lac-2,Villa S4 au Lac 2,Les Berges Du Lac 2 à La Marsa,10 000 TND,800.0,6.0,4.0,4.0,1.0,1.0,1.0,1.0,1.0,Villa,Bon état,Moins d'un an,Marbre,36.876389,10.325278,1.0,,1.0,1.0,1.0,1.0,1.0,1.0,,1.0,,1.0,1.0,2.0,,,,,,,,1.0,,,,,,,,,,
https://www.mubawab.tn/fr/a/8061783/villa-d%E2%80%99exception-avec-vue-sur-mer-sidi-bou-said,"Villa d’exception avec vue sur mer, Sidi Bou Said",Sidi Bousaid à Carthage,Prix à consulter,200.0,4.0,3.0,2.0,,,,1.0,1.0,Villa,Nouveau,Moins d'un an,,36.8566,10.3258,1.0,,,1.0,,1.0,1.0,,,1.0,1.0,,,3.0,,1.0,1.0,,,1.0,1.0,1.0,,,1.0,,,,,,,
https://www.mubawab.tn/fr/a/8046403/a-louer-villa-de-420-m%C2%B2-sur-un-terrain-de-812-m%C2%B2,A louer villa de 420 m² sur un terrain de 812 m²,Route de Tunis à Sfax Ville,5 000 TND,812.0,6.0,6.0,4.0,1.0,1.0,1.0,1.0,1.0,Maison,Bon état,10-20 ans,Carrelage,36.763943,10.28607,1.0,,1.0,1.0,1.0,,1.0,1.0,,1.0,1.0,,,,,,,1.0,,,,,,,,,Est,,,,,
https://www.mubawab.tn/fr/a/8072966/villa-%C3%A0-gammarth-le-golf-%C3%A0-louer,Villa à Gammarth Le Golf à louer,Gammarth à La Marsa,6 000 TND,300.0,5.0,4.0,3.0,1.0,1.0,1.0,1.0,1.0,Maison,Nouveau,,Marbre,36.876389,10.325278,1.0,1.0,,1.0,1.0,,1.0,1.0,,1.0,,1.0,1.0,1.0,,,,,1000 m²,,,,,,,,,,,,,
https://www.mubawab.tn/fr/a/7920140/a-louer-villa-sidi-bou-said-avec-piscine,A Louer Villa Sidi Bou Said avec piscine,Sidi Bousaid à Carthage,8 000 TND,,5.0,4.0,3.0,1.0,1.0,1.0,1.0,1.0,Villa,Bon état,,,36.8566,10.3258,1.0,,,1.0,1.0,1.0,1.0,1.0,,,,1.0,1.0,,,,1.0,1.0,,,,,,,,,,,,,,
https://www.mubawab.tn/fr/a/7954880/a-louer-villa-avec-piscine-%C3%A1-gammarth,A louer villa avec piscine á Gammarth,Gammarth à La Marsa,6 550 TND,,6.0,4.0,3.0,1.0,1.0,1.0,1.0,1.0,Villa,Bon état,,,36.87638899999999,10.325278000000004,1.0,,1.0,1.0,1.0,1.0,1.0,1.0,,,,1.0,1.0,,,1.0,1.0,1.0,,1.0,1.0,1.0,,,,,,,,,,
https://www.mubawab.tn/fr/a/7783009/location-s2-%C3%A0-hammamet-sud,Location S2 à Hammamet sud,Hammamet Sud à Hammamet,2 700 TND,100.0,3.0,2.0,2.0,,,1.0,,1.0,Villa,Nouveau,,,36.40108,10.61457,1.0,,,,,,,,,,,,,,,,,,,,,,,,,,,,,,,
https://www.mubawab.tn/fr/a/7967147/location-annuelle-en-face-de-radisson,Location annuelle en face de Radisson,Mezraya,2 500 TND,600.0,6.0,4.0,,1.0,,1.0,,1.0,Villa,Bon état,,,33.867927315714226,10.945749306298827,1.0,,,1.0,,1.0,1.0,,,,1.0,,,,,,,,,1.0,1.0,1.0,1.0,,1.0,,Nord,,,,,
https://www.mubawab.tn/fr/a/8024651/location-%C3%A0-l-ann%C3%A9e-avec-piscine-3-chambres-djerba,Location à l'année avec piscine 3 chambres Djerba,Djerba à Djerba,2 000 TND,450.0,3.0,3.0,2.0,1.0,,1.0,,1.0,Maison,Nouveau,,,33.8075978,10.8451467,1.0,1.0,,1.0,1.0,1.0,1.0,,,1.0,1.0,1.0,,,,,1.0,,,1.0,,1.0,,,,,,,,,,
https://www.mubawab.tn/fr/a/7893199/a-louer-penthouse-s4-vue-sur-mer-%C3%A0-gammarth,A louer penthouse S4 vue sur Mer à Gammarth,Gammarth à La Marsa,Prix à consulter,400.0,5.0,4.0,4.0,1.0,1.0,1.0,1.0,1.0,Villa,Nouveau,Moins d'un an,Marbre,36.91773900000001,10.288893,1.0,1.0,1.0,1.0,1.0,1.0,1.0,1.0,,,1.0,1.0,1.0,,,1.0,1.0,,,1.0,1.0,1.0,,1.0,1.0,1.0,Est,,,,,
https://www.mubawab.tn/fr/a/8072208/villa-ind%C3%A9pendante-en-s2-%C3%A0-louer,Villa indépendante en S2 à Louer,Hammamet à Hammamet,Prix à consulter,,2.0,2.0,,,1.0,,,,Maison,Nouveau,,,36.40108,10.61457,,,,,,,,,,,,,,,,,,,,,,,1.0,,,,,,,,,
https://www.mubawab.tn/fr/a/7964528/villa-s5-avec-piscine-%C3%A0-la-marsa-mvl0024,Villa S5 avec piscine à La Marsa MVL0024,La Marsa à La Marsa,Prix à consulter,,,5.0,4.0,1.0,1.0,1.0,1.0,1.0,Villa,Bon état,,,36.876389,10.325278,1.0,,,,,,,,1.0,,,,1.0,,1.0,,,,,,,,,,,,,,,,,
https://www.mubawab.tn/fr/a/8028480/villa-%C3%A0-louer-%C3%A0-sidi-bou-said,Villa à louer à Sidi Bou Said,Sidi Bousaid à Carthage,15 000 TND,600.0,7.0,10.0,,,1.0,1.0,,,Maison,Nouveau,,,36.8566,10.3258,1.0,,,,,,,,,,,,,,,,,,,,,,1.0,,,,,,,,,
https://www.mubawab.tn/fr/a/8048986/villa-%C3%A0-louer-%C3%A0-l-ann%C3%A9e-mehdi-b,Villa à louer à l'année Mehdi B,Barraket Essahel,1 900 TND,350.0,6.0,5.0,4.0,1.0,1.0,,1.0,,Maison,Bon état,,,36.78913,10.89554,1.0,,,1.0,,,,,,,,,,,,,,,,,,,,,,,,,,,,
https://www.mubawab.tn/fr/a/7965100/magnifique-villa-%C3%A0-louer-%C3%A0-gammarth,Magnifique villa à louer à Gammarth,Gammarth Supérieur à La Marsa,10 000 TND,500.0,6.0,5.0,3.0,1.0,1.0,1.0,,1.0,Villa,Bon état,,,36.876389,10.325278,1.0,,,1.0,,,,1.0,,1.0,,,,,,,,,,1.0,,,,,,,,,,,,
https://www.mubawab.tn/fr/a/7886995/une-villa-%C3%A0-louer-sur-les-hauteurs-de-la-marsa,Une villa à louer sur les hauteurs de la Marsa,Gammarth à La Marsa,9 000 TND,200.0,5.0,4.0,3.0,1.0,1.0,1.0,1.0,1.0,Villa,Bon état,,,36.876389,10.325278,1.0,,,1.0,,,,1.0,,1.0,,,,,,,,,,,,,,,,,,,,,,
https://www.mubawab.tn/fr/a/8016590/etage-de-villa-%C3%A0-louer-%C3%A0-l-ann%C3%A9e-%C3%A0-hammamet,Etage de Villa à louer à l'année à HAMMAMET,Hammamet à Hammamet,1 600 TND,150.0,4.0,3.0,2.0,,,,,,Villa,Bon état,,,36.40108,10.61457,1.0,,,,,,,,,,,,,,,,,,,,,,,,,,,,,,,
https://www.mubawab.tn/fr/a/8035938/magnifique-villa-meubl%C3%A9-s3-%C3%A0-raoued,Magnifique Villa meublé s3 à Raoued,La Marsa à La Marsa,5 500 TND,450.0,,3.0,,1.0,,,,,Villa,,,,36.8941992,10.2762232,,,,,,,,,,,,,,,,,,,,,,,,,,,,,,,,
https://www.mubawab.tn/fr/a/8071135/s1-%C3%A0-louer,S1 à louer,El Corniche,Prix à consulter,200.0,,,,1.0,,1.0,,,Maison,Bon état,,,37.191062,10.20872,,,,,,,,,,,,,,,1.0,,,,,1.0,,,1.0,,,,,1.0,,,,
https://www.mubawab.tn/fr/a/8010533/villa-individuelle-en-location,Villa individuelle en location,Les Jardins de Carthage à Le Kram,6 000 TND,350.0,,,,1.0,,,,,Villa,,,,36.8555704,10.291834,,,,,,,1.0,,1.0,,,,,,,,,,,,,,,1.0,,,,,,,,
https://www.mubawab.tn/fr/a/8056547/a-louer-villa-de-ma%C3%AEtre-avec-piscine-et-jardin,A louer Villa de maître avec piscine et jardin,Gammarth Supérieur à La Marsa,8 000 TND,420.0,8.0,6.0,4.0,1.0,1.0,1.0,1.0,1.0,Villa,Nouveau,1-5 ans,Marbre,36.87901430000001,10.3067752,1.0,,,1.0,1.0,1.0,1.0,1.0,,,,1.0,1.0,2.0,,,,,,,,,,,,,Nord,,,,,
https://www.mubawab.tn/fr/a/8070823/2-maisons-%C3%A0-louer-%C3%A0-hammamet-gam,2 Maisons à louer à Hammamet Gam,Hammamet à Hammamet,1 100 TND,120.0,3.0,2.0,,,,,1.0,,Maison,Bon état,,,36.40108,10.61457,1.0,,,1.0,,1.0,,,,,,,,,,,,,,,,,1.0,,,,,,,,,
https://www.mubawab.tn/fr/a/8070778/maison-style-americain,Maison style americain,Sousse Jaouhara à Sousse Jaouhara,1 300 TND,240.0,2.0,4.0,2.0,,,,,,Maison,Bon état,10-20 ans,Carrelage,35.825603,10.608395,1.0,,,,1.0,,,,,,,1.0,,1.0,,,,,180 m²,,,,,,,,Est,,,,,
https://www.mubawab.tn/fr/a/8042533/luxueux-villa-avec-piscine-et-ascenseur-ennasr-2,Luxueux villa avec piscine et ascenseur Ennasr 2,Cité Ennasr 2 à Ariana Ville,8 000 TND,800.0,13.0,9.0,8.0,1.0,1.0,1.0,1.0,1.0,Villa,Nouveau,,,36.8625,10.19556,1.0,,,1.0,1.0,1.0,1.0,1.0,1.0,1.0,1.0,1.0,1.0,,,1.0,1.0,1.0,,1.0,1.0,1.0,,1.0,,1.0,,,,,,
https://www.mubawab.tn/fr/a/8011523/%C3%A0-louer-villa-s5-%C3%A0-manar-1-%C3%A0-c%C3%B4t%C3%A9-de-l-%C3%A9cole-hannibal,À louer villa S5 à Manar 1 à côté de l'école Hannibal,El Manar 1 à El Menzah,3 200 TND,600.0,6.0,5.0,4.0,1.0,1.0,,1.0,1.0,Villa,Bon état,1-5 ans,Marbre,36.83616581029448,10.140005252392635,1.0,,,,,,,1.0,1.0,1.0,1.0,,,,,,,,,,,,,,,,Est,,,,,
https://www.mubawab.tn/fr/a/8038944/villa-avec-un-grand-jardin-%C3%A0-louer-%C3%A0-gammarth,Villa avec un grand jardin à louer à Gammarth,Gammarth à La Marsa,9 000 TND,350.0,,5.0,5.0,1.0,1.0,1.0,1.0,1.0,Villa,Bon état,5-10 ans,Marbre,36.8790079,10.306771200000002,1.0,,1.0,1.0,,,,1.0,,,,,,,,,,1.0,,,,,,,1.0,1.0,,,,,,
https://www.mubawab.tn/fr/a/8070280/villa-%C3%A0-usage-bureautique,Villa à usage bureautique,Megrine Coteau à Mégrine,2 500 TND,200.0,6.0,5.0,3.0,1.0,1.0,,1.0,,Villa,Bon état,20-30 ans,Carrelage,36.6938694,10.2622167,1.0,,1.0,,,,,,,,,,,2.0,,,,,800 m²,,,,,,,,,,,,,
https://www.mubawab.tn/fr/a/8070070/villa-meubl%C3%A9e-a-louer-nabeul,Villa meublée a louer nabeul,Nabeul à Nabeul,1 800 TND,290.0,4.0,3.0,2.0,1.0,,,1.0,1.0,Villa,Bon état,,,36.45056,10.73505,,,,1.0,,,,,,,,,,,,,,,150 m²,1.0,,,,,1.0,,,,,,,
https://www.mubawab.tn/fr/a/8069870/villa-%C3%A0-louer-%C3%A0-la-marsa-cit%C3%A9-des-juges,Villa à louer à la Marsa cité des juges,La Marsa à La Marsa,4 500 TND,300.0,4.0,3.0,3.0,1.0,1.0,,1.0,1.0,Villa,Bon état,,,36.876389,10.325278,1.0,,,1.0,,,,,,1.0,,,,,,,,,,,,,,,,,,,,,,
https://www.mubawab.tn/fr/a/7689550/triplex-s3-meubl%C3%A9-avec-piscine,Triplex S3 meublé avec piscine,Gammarth à La Marsa,5 800 TND,,4.0,4.0,3.0,1.0,,1.0,,,Maison,Bon état,,,36.876389,10.325278,,,,,,,,,,,,1.0,,,,,,,,1.0,,,,,,,,,,,,
https://www.mubawab.tn/fr/a/8005022/a-louer-villa-usg-bureau-6-pi%C3%A8ces-mutuelle-ville,A louer villa usg bureau 6 pièces Mutuelle ville,Mutuelle Ville à El Menzah,3 700 TND,400.0,6.0,6.0,2.0,1.0,1.0,,1.0,,Villa,Bon état,20-30 ans,Carrelage,36.845235,10.164723,1.0,,,,1.0,,,1.0,,,,,,,,,,1.0,,,,,,,,,,,,,,
https://www.mubawab.tn/fr/a/8037166/villa-avec-piscine-au-r%C3%A9sidence-golf-gammarth,Villa avec piscine au résidence Golf gammarth,Gammarth à La Marsa,6 500 TND,500.0,6.0,4.0,4.0,1.0,1.0,1.0,1.0,1.0,Villa,Bon état,,,36.876389,10.325278,,1.0,,1.0,1.0,,,,,,,,,,,,,,,,,,,,,,,,,,,
https://www.mubawab.tn/fr/a/8042206/maison-%C3%A0-louer-%C3%A0-chott-mariem,Maison à louer à chott mariem,Chott Meriem à Akouda,Prix à consulter,110.0,6.0,2.0,,,,,1.0,,Maison,Bon état,,,35.87,10.57,1.0,,,1.0,,,,,,,,,,,,,,,,,,,1.0,,,,,,,,,
https://www.mubawab.tn/fr/a/7678351/location-villa-s5-aux-ain-zaghouen-nord,Location villa s5 aux Ain Zaghouen Nord,Ain Zaghouan Nord à La Marsa,6 000 TND,530.0,7.0,5.0,3.0,1.0,1.0,1.0,1.0,1.0,Villa,Bon état,,,36.876389,10.325278,1.0,1.0,,1.0,1.0,,1.0,,,1.0,1.0,1.0,1.0,,,1.0,1.0,,,,,,,,,,,,,,,
https://www.mubawab.tn/fr/a/8069107/a-louer-appartement-s1-au-coure-de-la-marsa,A louer Appartement S1 au coure de la Marsa,La Marsa à La Marsa,1 100 TND,,,2.0,,1.0,,,,1.0,Maison,,,,36.8941992,10.2762232,1.0,,,,,,,,,,,,,,,,,,,,,,,,,,,,,,,
https://www.mubawab.tn/fr/a/8069104/a-louer-un-duplex-au-lac2,A louer un duplex au lac2,Les Berges Du Lac 2 à La Marsa,Prix à consulter,280.0,3.0,4.0,,1.0,,1.0,1.0,1.0,Maison,Nouveau,1-5 ans,Marbre,36.87638899999999,10.325278000000004,1.0,1.0,,1.0,1.0,,,,,1.0,,,1.0,,,,,,,,,,1.0,1.0,,,,,,,,
https://www.mubawab.tn/fr/a/7863072/a-louer-%C3%A9tage-de-villa-s3-%C3%A0-cit%C3%A9-ezzahra-sousse,A louer étage de villa S3 à cité Ezzahra Sousse,Sousse Ville à Sousse Ville,1 500 TND,240.0,3.0,4.0,,1.0,,,1.0,1.0,Villa,Nouveau,,,35.8273,10.6339,1.0,,,1.0,,,,,,,,,,,,,,,,,,,1.0,,,,,,,,,
https://www.mubawab.tn/fr/a/7862158/a-louer-villa-meubl%C3%A9-%C3%A0-chatt-meriem,A louer villa meublé à chatt meriem,Chott Meriem à Akouda,2 500 TND,800.0,4.0,4.0,,1.0,1.0,,1.0,,Villa,Nouveau,,,35.87,10.57,1.0,,,1.0,,,1.0,,,,,,,,,,1.0,,,1.0,,1.0,1.0,,,,,,,,,
https://www.mubawab.tn/fr/a/7872886/a-louer-un-r%C3%A9ez-de-chauss%C3%A9e-%C3%A0-hammam-sousse,A louer un réez de chaussée à hammam sousse,Cité de la Plage à Hammam Sousse,1 200 TND,200.0,3.0,3.0,,1.0,,,1.0,1.0,Villa,Nouveau,,,35.8569,10.5972,,,,1.0,,,,,,,,,,,,,,,,,,,1.0,,,,,,,,,
https://www.mubawab.tn/fr/a/7870542/a-louer-une-villa-s4-%C3%A0-sahloul,A louer une villa S4 à Sahloul,Khezama Est,1 800 TND,600.0,4.0,5.0,,1.0,,,1.0,1.0,Villa,Nouveau,,,35.832439,10.622471,,,,1.0,,,,,,,,,,,,,,,,,,,1.0,,,,,,,,,
https://www.mubawab.tn/fr/a/7880123/a-louer-villa-avec-piscine-%C3%A0-kantaoui,A louer villa avec piscine à Kantaoui,Cité de la Plage à Hammam Sousse,3 000 TND,1300.0,5.0,6.0,,1.0,,1.0,1.0,,Villa,Nouveau,,,35.8569,10.5972,,,,,,,,,,,,,,,,,,,,,,,1.0,,,,,,,,,
https://www.mubawab.tn/fr/a/7859650/a-louer-une-villa-ind%C3%A9pendante-%C3%A0-khzema-ouest,A louer une villa indépendante à khzema ouest,Sousse Jaouhara,1 600 TND,200.0,,3.0,,,,,1.0,,Villa,,,,35.832439,10.622471,1.0,,,,,,,,,,,,,,,,,,,,,,,,,,,,,,,
https://www.mubawab.tn/fr/a/7764249/a-louer-une-villa-en-s5-%C3%A0-la-marsa,A louer une villa en S5 à la Marsa,La Marsa à La Marsa,6 000 TND,550.0,5.0,6.0,3.0,1.0,,1.0,1.0,1.0,Villa,Bon état,,,36.8941992,10.2762232,1.0,,,1.0,,,,,,,,1.0,,,,,,,,,,,,,,,,,,,,
https://www.mubawab.tn/fr/a/7841286/a-louer-un-rez-de-chauss%C3%A9e-de-villa-en-s4-avec-piscine-%C3%A0-gammarth,A louer un rez de chaussée de villa en S4 avec piscine à Gammarth,Gammarth à La Marsa,8 000 TND,1500.0,,5.0,,,,1.0,1.0,1.0,Villa,,,,36.917739,10.288893,,,,1.0,,,,,1.0,,,1.0,,,,,,,,,,,,,,,,,,,,
https://www.mubawab.tn/fr/a/7897731/location-villa-avec-piscine-au-lac-1,Location villa avec piscine au lac 1,Les Berges Du Lac 1 à La Marsa,10 000 TND,1140.0,6.0,5.0,4.0,1.0,1.0,1.0,1.0,1.0,Villa,Nouveau,,,36.876389,10.325278,1.0,,,1.0,1.0,,,1.0,,1.0,1.0,1.0,1.0,,,,,1.0,,1.0,,,,1.0,,,,,,,,
https://www.mubawab.tn/fr/a/7938893/a-louer-villa-au-jardin-de-carthage,A louer villa au jardin de carthage,Les Jardins de Carthage à Le Kram,8 500 TND,1000.0,7.0,7.0,,,1.0,1.0,,,Villa,Nouveau,,,36.833333,10.316667,1.0,,,,,,,,,,,,,,,,,,,,,,1.0,,,,,,,,,
https://www.mubawab.tn/fr/a/7941697/a-louer-une-villa-s5-avec-piscine-a-gammarth,A louer une villa s5 avec piscine a gammarth,Gammarth Supérieur à La Marsa,9 000 TND,650.0,7.0,5.0,3.0,1.0,1.0,1.0,1.0,1.0,Villa,Bon état,,,36.876389,10.325278,1.0,1.0,,1.0,1.0,,,1.0,,,,,,,,,,,,,,,,,,,,,,,,
https://www.mubawab.tn/fr/a/7974331/a-louer-un-rez-de-chaussee-meuble-%C3%A0-la-marsa,A louer un rez de chaussee meuble à la Marsa,Ain Zaghouan Nord à La Marsa,6 000 TND,260.0,4.0,4.0,,,1.0,1.0,1.0,1.0,Villa,Nouveau,,,36.876389,10.325278,1.0,,,1.0,,,,,,,,,,,,,,,,,,,1.0,,,,,,,,,
https://www.mubawab.tn/fr/a/7942463/a-louer-une-villa-avec-piscine-%C3%A0-la-marsa,A louer une villa avec piscine à La Marsa,La Marsa à La Marsa,6 000 TND,500.0,6.0,5.0,4.0,1.0,1.0,1.0,1.0,1.0,Villa,Bon état,,,36.876389,10.325278,1.0,,,1.0,,,,,,,,,,,,,,,,,,,,,,,,,,,,
https://www.mubawab.tn/fr/a/7948053/a-louer-un-triplex-avec-piscine-a-la-gammarth,A louer un triplex avec piscine a la gammarth,Gammarth à La Marsa,4 500 TND,250.0,6.0,5.0,3.0,1.0,1.0,1.0,1.0,1.0,Villa,Bon état,,,36.876389,10.325278,1.0,,,1.0,,,,1.0,,,,,,,,,,,,,,,,,,,,,,,,
https://www.mubawab.tn/fr/a/8068653/a-louer-un-etage-de-villa-s3-a-ain-zaghouan-sud,A louer un etage de villa s3 a ain zaghouan sud,Ain Zaghouan Sud à La Marsa,1 450 TND,150.0,8.0,3.0,2.0,,,,1.0,1.0,Maison,Bon état,1-5 ans,,36.876389,10.325278,1.0,,,,,,,,,,1.0,,,1.0,,,,,150 m²,,,,,,,,,,,,,
https://www.mubawab.tn/fr/a/8067638/location-villa-meuble-au-lac-2,Location Villa meuble au lac 2,Les Berges Du Lac 2 à La Marsa,5 500 TND,500.0,4.0,4.0,,1.0,1.0,1.0,,,Villa,Nouveau,,,36.876389,10.325278,1.0,,,,,,,,,,,,,,,,,,,1.0,,,1.0,1.0,,,,,,,,
https://www.mubawab.tn/fr/a/8057855/villa-avec-piscine-%C3%A0-lou%C3%A9e-midoun,Villa avec piscine à louée Midoun,Djerba à Djerba,2 500 TND,200.0,5.0,4.0,3.0,1.0,1.0,1.0,,1.0,Villa,Bon état,,Marbre,33.8075978,10.8451467,1.0,,,1.0,1.0,1.0,1.0,1.0,1.0,1.0,1.0,1.0,,2.0,,1.0,1.0,,500 m²,1.0,1.0,1.0,,,,,,,,,,
https://www.mubawab.tn/fr/a/8027560/unevilla-de-style-tradutionnel-avec-piscine,Unevilla de style tradutionnel avec piscine,Djerba à Djerba,2 000 TND,800.0,4.0,3.0,2.0,1.0,1.0,1.0,,1.0,Villa,Bon état,1-5 ans,Carrelage,33.8075978,10.8451467,1.0,,,1.0,1.0,1.0,1.0,,,1.0,1.0,,,,,1.0,1.0,,,,1.0,1.0,,,,,,,,,,
https://www.mubawab.tn/fr/a/8020893/location-villa-yasmine-hammamet,Location Villa Yasmine Hammamet,Yasmine Hammamet à Hammamet,4 000 TND,350.0,6.0,5.0,3.0,1.0,1.0,1.0,1.0,1.0,Villa,Bon état,5-10 ans,Marbre,36.40108,10.61457,1.0,,,1.0,1.0,1.0,1.0,1.0,,,1.0,1.0,1.0,,,,1.0,1.0,,1.0,1.0,1.0,,,,,Sud,,,,,
https://www.mubawab.tn/fr/a/7907069/villa-de-3-chambres-et-piscine-%C3%A0-djerba-aghir,Villa de 3 chambres et piscine à Djerba aghir,Djerba à Djerba,2 200 TND,500.0,3.0,3.0,2.0,1.0,,1.0,,1.0,Maison,Nouveau,,,33.8075978,10.8451467,1.0,,,1.0,1.0,1.0,1.0,,,1.0,1.0,1.0,,,,1.0,1.0,,,,1.0,1.0,,,,,,,,,,
https://www.mubawab.tn/fr/a/7930931/villa-yasmine-location-estivale,Villa Yasmine location estivale,Hammamet Sud à Hammamet,600 TND,700.0,5.0,3.0,2.0,1.0,1.0,1.0,1.0,1.0,Villa,Bon état,1-5 ans,Marbre,36.3652089880295,10.528959942532609,1.0,,1.0,1.0,,1.0,1.0,,,,1.0,,,,,,1.0,,,1.0,1.0,1.0,,,,,,,,,,
https://www.mubawab.tn/fr/a/8068004/a-louer-s1,A louer s1,Sidi Soufiene à La Soukra,600 TND,60.0,3.0,,,,,,,1.0,Maison,Bon état,,,36.883333,10.25,1.0,,,,,1.0,1.0,,,,,,1.0,,,,,,,,1.0,,1.0,,,,,1.0,,,,
https://www.mubawab.tn/fr/a/8035939/appartement-s3-%C3%A0-la-marsa,Appartement S3 à la Marsa,La Marsa à La Marsa,1 500 TND,150.0,,3.0,,,1.0,,,,Villa,,,,36.8941992,10.2762232,1.0,,,,,,,,,,,,,,,,,,,,,,,,,,,,,,,
https://www.mubawab.tn/fr/a/7593950/location-villa-mimosa-s4,Location villa Mimosa S4,Hammamet Sud à Hammamet,4 100 TND,360.0,5.0,4.0,2.0,1.0,1.0,1.0,1.0,1.0,Villa,Nouveau,,,36.40108,10.61457,1.0,,,1.0,,1.0,1.0,1.0,,1.0,1.0,1.0,,,,,1.0,,,1.0,1.0,1.0,,,,,,,,,,
https://www.mubawab.tn/fr/a/8040343/etage-de-villa-s1-au-jardin-de-carthage,Etage de villa S1 au Jardin de Carthage,Les Jardins de Carthage à Le Kram,1 200 TND,,4.0,,,,1.0,,1.0,1.0,Maison,Nouveau,Moins d'un an,Marbre,36.833333,10.316667,1.0,,,1.0,1.0,,,,,,1.0,1.0,1.0,,,1.0,,1.0,,,,,1.0,1.0,,,,1.0,,,,
https://www.mubawab.tn/fr/a/7998921/villa-s4-meubl%C3%A9e-avec-jardin-%C3%A0-la-marsa,Villa s4 meublée avec jardin à la Marsa,La Marsa à La Marsa,4 800 TND,300.0,5.0,4.0,3.0,1.0,1.0,,1.0,1.0,Villa,Bon état,,,36.876389,10.325278,,1.0,,1.0,1.0,1.0,1.0,,,1.0,1.0,1.0,1.0,,,,1.0,1.0,,1.0,1.0,1.0,,,,,,,,,,
https://www.mubawab.tn/fr/a/7978739/appartement-s2-meubl%C3%A9-%C3%A0-louer-aux-jardins-de-carthage,Appartement S2 Meublé à louer aux Jardins de Carthage,Les Jardins de Carthage à Le Kram,2 200 TND,120.0,,2.0,,,1.0,,,1.0,Villa,,,,36.8555704,10.291834,1.0,,,,,,,,,,,1.0,,,,,,,,1.0,,,,,,,,,,,,
https://www.mubawab.tn/fr/a/8036853/a-louer-villa-s5-avec-jardin-%C3%A0-sidi-daoued-r%C3%A9f11a,"A louer villa s5 avec jardin à Sidi Daoued, Réf11a",Sidi Daoued à La Marsa,4 200 TND,,6.0,5.0,3.0,,1.0,,,1.0,Maison,Nouveau,,,36.876389,10.325278,,,,,,,,,,,,,,,,,,,,,,,,,,,,,,,,
https://www.mubawab.tn/fr/a/7997961/villa-s6-%C3%A0-louer-%C3%A0-l-ann%C3%A9e-%C3%A0-tezdaine,Villa S6 à louer à l'année à Tezdaine,Tezdaine,4 200 TND,,6.0,6.0,4.0,1.0,,1.0,,1.0,Villa,Bon état,,,33.8039664,11.0400653,1.0,,,1.0,,1.0,1.0,,,,,,,,,,,,,1.0,1.0,1.0,,,,,,,,,,
https://www.mubawab.tn/fr/a/7997955/appartement-%C3%A0-louer-%C3%A0-l-ann%C3%A9e,Appartement à louer à l'année,Djerba à Djerba,1 200 TND,,,,,,,,,1.0,Maison,Bon état,,,33.8075978,10.8451467,,,,1.0,,,,,,,,,,,1.0,,,,,1.0,,,1.0,,,,,1.0,,,,
https://www.mubawab.tn/fr/a/7997958/appartement-%C3%A0-louer-%C3%A0-l-ann%C3%A9e,Appartement à louer à l'année,Midoune à Midoun,1 200 TND,,2.0,2.0,,,,,,1.0,Maison,Bon état,,,33.866667,10.85,,,,,,,,,,,,,,,,,,,,1.0,,,1.0,,,,,,,,,
https://www.mubawab.tn/fr/a/8066836/a-louer-appartement-s2-%C3%A0-sousse,A Louer Appartement S2 à Sousse,Cité de la Plage à Hammam Sousse,1 250 TND,160.0,,3.0,,,,,,1.0,Maison,Nouveau,,,35.8569,10.5972,1.0,,,,,,,,,,,,,,1.0,,,,,,,,1.0,,,,,,,,,
https://www.mubawab.tn/fr/a/8066789/location-d-une-villa-avec-une-vue-mer-%C3%A0-la-marsa,Location d'une villa avec une vue mer à la Marsa,La Marsa à La Marsa,10 000 TND,,6.0,5.0,4.0,,,,1.0,1.0,Villa,Bon état,,,36.876389,10.325278,1.0,,,1.0,,,,,,,,,,,,,,,,,,,,,1.0,,,,,,,
https://www.mubawab.tn/fr/a/8052393/a-louer-une-villa-s3-avec-piscine-%C3%A0-gammarth-touristique,A louer une villa S3 avec piscine à Gammarth touristique,Gammarth à La Marsa,7 000 TND,,,4.0,,,,1.0,1.0,1.0,Maison,,,,36.917739,10.288893,,,,1.0,,,,,,,,,,,,,,,,,,,,,,,,,,,,
https://www.mubawab.tn/fr/a/7647479/a-louer-un-appartement-meubl%C3%A9-en-s2-%C3%A0-la-marsa,A louer un appartement meublé en S2 à la Marsa,La Marsa à La Marsa,3 200 TND,180.0,,2.0,,,1.0,,1.0,1.0,Villa,,,,36.8941992,10.2762232,,,,1.0,,,,,,,,,,,,,,,,1.0,,,,,,,,,,,,
https://www.mubawab.tn/fr/a/7644919/a-louer-une-villa-en-s5-%C3%A0-gammarth,A louer une villa en S5 à Gammarth,Gammarth à La Marsa,7 500 TND,400.0,5.0,5.0,4.0,,1.0,,1.0,1.0,Villa,Nouveau,,,36.917739,10.288893,,,,1.0,,,,,1.0,,,,,,,,,,,,,,,1.0,,,,,,,,
https://www.mubawab.tn/fr/a/8065191/villa-avec-abri-de-voiture-%C3%A0-hammamet-location,Villa avec Abri de voiture à Hammamet: Location,Hammamet Nord à Hammamet,1 900 TND,,7.0,2.0,2.0,,,,1.0,1.0,Villa,Bon état,,,36.40108,10.61457,1.0,,,1.0,,1.0,1.0,,,,,1.0,,,,,1.0,,,1.0,1.0,1.0,,,,,,,,,,
https://www.mubawab.tn/fr/a/8040947/a-louer-une-villa-s5-avec-piscine-%C3%A0-la-marsa,A louer une villa s5 avec piscine à la Marsa,La Marsa à La Marsa,10 000 TND,,6.0,5.0,3.0,,1.0,1.0,1.0,1.0,Maison,Nouveau,,,36.876389,10.325278,,,,,,,,,,,,,,,,,,,,,,,,,,,,,,,,
https://www.mubawab.tn/fr/a/8041388/a-louer-une-villa-avec-piscine-%C3%A0-la-marsa-ref56a,A louer une villa avec piscine à la Marsa Ref56a,Gammarth Supérieur à La Marsa,Prix à consulter,,5.0,5.0,,,,1.0,1.0,,Villa,Nouveau,,,36.876389,10.325278,,,,,,,,,,,,,,,,,,,,,,,1.0,,,,,,,,,
https://www.mubawab.tn/fr/a/8047851/magnifique-villa-avec-piscine-pour-location,Magnifique Villa Avec Piscine pour location,Midoune à Midoun,Prix à consulter,2000.0,6.0,5.0,4.0,1.0,1.0,1.0,,1.0,Maison,Bon état,,,33.81302144841989,11.005850532304768,1.0,,,1.0,,1.0,1.0,,,,,,,,,,1.0,,,1.0,1.0,1.0,,,,,,,,,,
https://www.mubawab.tn/fr/a/7978985/%C3%A0-louer-villa-d-exception-%C3%A0-gammarth,À louer villa d'exception à Gammarth,Gammarth à La Marsa,10 000 TND,1000.0,8.0,4.0,5.0,1.0,1.0,1.0,1.0,1.0,Villa,Bon état,,,36.876389,10.325278,1.0,,,1.0,1.0,,,1.0,,,,1.0,1.0,,,,,,,,,,,,,1.0,,,,,,
https://www.mubawab.tn/fr/a/8039531/villa-%C3%A0-louer-%C3%A0-la-marsa-corniche,Villa à louer à la marsa Corniche,La Marsa à La Marsa,10 000 TND,400.0,4.0,4.0,,,1.0,1.0,,,Maison,Nouveau,,,36.876389,10.325278,1.0,,,,,,,,,,,,,,,,,,,,,,1.0,,,,,,,,,
https://www.mubawab.tn/fr/a/8013565/villa-meubl%C3%A9e-%C3%A0-louer-avec-jardin-la-marsa,Villa meublée à louer avec jardin La marsa,La Marsa à La Marsa,4 800 TND,350.0,7.0,4.0,3.0,1.0,1.0,,1.0,1.0,Maison,Bon état,,,36.876389,10.325278,1.0,,,1.0,1.0,1.0,1.0,,,1.0,,1.0,1.0,,,,1.0,,,1.0,1.0,1.0,,,,,,,,,,
https://www.mubawab.tn/fr/a/8054057/villa-%C3%A0-louer-gammarth-journal,Villa à louer Gammarth Journal,Gammarth à La Marsa,4 000 TND,400.0,3.0,3.0,,,,,,1.0,Maison,Nouveau,,,36.876389,10.325278,,,,,,,,,,,,,,,,,,,,,,,1.0,,,,,,,,,
https://www.mubawab.tn/fr/a/8039811/villa-s3-%C3%A0-louer-%C3%A0-la-marsa-cube,Villa S3 à louer à la marsa cube,La Marsa à La Marsa,8 500 TND,420.0,8.0,7.0,2.0,,1.0,1.0,1.0,1.0,Villa,Nouveau,,,36.876389,10.325278,1.0,,,1.0,,,,,,,,,,,,,,,,,,,,,,,,,,,,
https://www.mubawab.tn/fr/a/7224472/location-villa-gammarth-sup%C3%A9rieur-avec-piscine,Location villa Gammarth Supérieur avec piscine,Gammarth Supérieur à La Marsa,6 400 TND,530.0,,4.0,3.0,1.0,1.0,1.0,1.0,1.0,Villa,Bon état,,Marbre,36.89317870000001,10.3099394,1.0,,,1.0,1.0,,,1.0,,,,,1.0,,1.0,,,,,,,,,,1.0,,,,,,,
https://www.mubawab.tn/fr/a/8024357/une-villa-s4-vue-sur-mer-%C3%A0-carthage,Une villa S4 vue sur mer à Carthage,Carthage à Carthage,Prix à consulter,300.0,,4.0,3.0,1.0,1.0,1.0,1.0,1.0,Villa,Nouveau,,,36.8694317,10.3164051,1.0,,,1.0,1.0,,,,,1.0,1.0,1.0,1.0,,1.0,,,,,,,,,,1.0,,,,,,,
https://www.mubawab.tn/fr/a/7995727/villa-s4-avec-piscine-%C3%A0-gammart-mvl1590,Villa S4 avec piscine à Gammart MVL1590,Gammarth à La Marsa,Prix à consulter,,,4.0,4.0,1.0,1.0,1.0,1.0,1.0,Villa,Bon état,,,36.876389,10.325278,1.0,,,1.0,,,,,1.0,,,,,,1.0,,,,,,,,,,,,,,,,,
https://www.mubawab.tn/fr/a/8064843/location-%C3%A9tage-d-une-villa-s3-%C3%A0-cit%C3%A9-el-faouz,Location étage d'une villa s3 à cité el faouz,Les Jardins d'El Menzah 1 à Ariana Ville,1 800 TND,168.0,4.0,3.0,2.0,,1.0,,1.0,1.0,Villa,À rénover,,Marbre,36.844949,10.137862,1.0,,,1.0,,,,,,,,1.0,,1.0,,,,,170 m²,,,,,,,,Est,,,,,
https://www.mubawab.tn/fr/a/8020989/maison-en-s2-avec-jardin-%C3%A0-hammamet,Maison en S2 avec jardin à Hammamet,Hammamet à Hammamet,1 500 TND,,7.0,2.0,2.0,1.0,,,1.0,1.0,Maison,Bon état,,,36.40108,10.61457,1.0,,,1.0,,1.0,1.0,,,,,,,,,,1.0,,,1.0,1.0,1.0,,,,,,,,,,
https://www.mubawab.tn/fr/a/8056949/duplex-s4-jamais-habit%C3%A9-%C3%A0-gammarth-%C3%A0-louer,Duplex S4 jamais habité à Gammarth à louer,Gammarth à La Marsa,3 000 TND,200.0,6.0,4.0,3.0,,1.0,,1.0,1.0,Maison,Nouveau,Moins d'un an,Marbre,36.876389,10.325278,1.0,,,1.0,1.0,,,1.0,,1.0,,1.0,1.0,,,,,,,,,,,1.0,,1.0,,,,,,
https://www.mubawab.tn/fr/a/7993315/villa-obey,Villa OBEY,Tezdaine,2 300 TND,150.0,4.0,2.0,2.0,1.0,,1.0,,1.0,Villa,Nouveau,1-5 ans,Carrelage,33.8039664,11.0400653,1.0,,,1.0,1.0,1.0,1.0,,,1.0,1.0,1.0,1.0,,,1.0,1.0,1.0,,1.0,1.0,1.0,,,,,Sud,,,,,
https://www.mubawab.tn/fr/a/8023447/villa-avec-piscine-%C3%A0-louer-%C3%A0-sidi-bou-said,Villa avec piscine à louer à Sidi bou said,Sidi Bousaid à Carthage,15 000 TND,1000.0,6.0,6.0,,,,1.0,,1.0,Maison,Nouveau,,,36.8566,10.3258,1.0,,,,,,,,,,,,,,,,,,,,,,1.0,,,,,,,,,
https://www.mubawab.tn/fr/a/7951616/villa-avec-piscine-%C3%A0-louer-%C3%A0-gammarth,Villa avec piscine à louer à Gammarth,Gammarth à La Marsa,7 000 TND,,6.0,4.0,3.0,1.0,1.0,1.0,1.0,1.0,Villa,Bon état,,,36.876389,10.325278,1.0,,1.0,1.0,1.0,,,1.0,,,,1.0,1.0,,,,,,,,,,,,,,,,,,,
https://www.mubawab.tn/fr/a/7898552/a-louer-un-s1-meubl%C3%A9-%C3%A0-kantaoui,A louer un s1 meublé à kantaoui,Hammam Sousse,850 TND,80.0,,,,,,,1.0,,Villa,,,,35.8569,10.5972,1.0,,,1.0,,,1.0,,,,,1.0,,,,,,,,1.0,,,,1.0,,,,1.0,,,,
https://www.mubawab.tn/fr/a/7928157/a-lou%C3%A9-bangalow-a-l-ann%C3%A9e-s2-maison-de-la-mer,A loué bangalow a l'année S2 maison de la mer,Hammam Sousse,1 300 TND,100.0,,3.0,,,1.0,1.0,1.0,,Villa,,,,35.8569,10.5972,1.0,,,1.0,,,,,,,,,,,,,,,,1.0,,,,,,,,,,,,
https://www.mubawab.tn/fr/a/7857504/villa-style-am%C3%A9ricain-meubl%C3%A9-%C3%A0-akouda,Villa style américain meublé à Akouda,Akouda à Akouda,3 000 TND,1000.0,,7.0,,1.0,1.0,,1.0,1.0,Villa,,,,35.874674,10.571809,1.0,,1.0,1.0,,,,,,,,,,,,,,,,1.0,,,,,,,,,,,,
https://www.mubawab.tn/fr/a/7913055/a-louer-villa-s3-%C3%A0-tantana,A louer villa s3 à Tantana,Akouda à Akouda,1 400 TND,600.0,3.0,4.0,,,,,1.0,,Villa,Nouveau,,,35.87,10.57,1.0,,,1.0,,,,,,,,,,,,,,,,1.0,,,1.0,,,,,,,,,
https://www.mubawab.tn/fr/a/7997898/a-louer-villa-de-standing-%C3%A0-shloul,A louer villa de standing à Shloul,Sousse Jaouhara à Sousse Jaouhara,2 500 TND,400.0,3.0,4.0,,1.0,,,,,Villa,Nouveau,,,35.832439,10.622471,,,,,,,,,,,,,,,,,,,,,,,1.0,,,,,,,,,
https://www.mubawab.tn/fr/a/7837866/a-louer-une-villa-style-am%C3%A9ricain-%C3%A0-tantana,A louer une villa style américain à tantana,Akouda à Akouda,1 900 TND,400.0,4.0,4.0,,1.0,,,1.0,,Maison,Nouveau,,,35.874674,10.571809,,,,1.0,,,,,,,,,,,,,,,,1.0,,,1.0,,,,,,,,,
https://www.mubawab.tn/fr/a/8049849/a-lou%C3%A9-villa-de-standing-%C3%A0-kantaoui,A loué villa de standing à kantaoui,Hammam Sousse,4 000 TND,800.0,,4.0,,1.0,1.0,,1.0,,Villa,,,,35.8569,10.5972,,,,1.0,,,,,,,,,,,,,,,,,,,,,,,,,,,,
https://www.mubawab.tn/fr/a/7780787/a-louer-villa-style-am%C3%A9ricain-%C3%A0-kantaoui,A louer villa style américain à kantaoui,El Kantaoui à Hammam Sousse,5 500 TND,1200.0,5.0,6.0,,1.0,1.0,,1.0,,Villa,Nouveau,,,35.898175,10.58025,,,,1.0,,,,,,,,1.0,,,,,,,,1.0,,,1.0,,,,,,,,,
https://www.mubawab.tn/fr/a/7926364/a-vendre-villa-de-haut-standing-%C3%A0-kantaoui,A vendre villa de haut standing à kantaoui,Cité de la Plage à Hammam Sousse,3 500 000 TND,860.0,5.0,6.0,,1.0,1.0,,1.0,,Maison,Nouveau,,,35.8569,10.5972,,,,1.0,,,,,,,,1.0,,,,,,,,,,,1.0,,,,,,,,,
https://www.mubawab.tn/fr/a/7758490/a-louer-une-villa-avec-piscine-%C3%A0-kantaoui,A louer une villa avec piscine à Kantaoui,El Kantaoui à Hammam Sousse,6 000 TND,1000.0,5.0,6.0,,1.0,1.0,1.0,1.0,,Villa,Nouveau,,,35.898175,10.58025,1.0,1.0,,1.0,,,,,,,,,,,,,,,,,,,1.0,,,,,,,,,
https://www.mubawab.tn/fr/a/8008737/%C3%A0-louer-villa-joli-villa-meubl%C3%A9e-%C3%A0-la-marsa,À louer villa joli villa meublée à La Marsa,La Marsa à La Marsa,4 500 TND,300.0,5.0,5.0,4.0,1.0,1.0,,1.0,1.0,Villa,Nouveau,1-5 ans,Marbre,36.89419920000003,10.276223200000002,1.0,,1.0,1.0,1.0,1.0,1.0,1.0,,1.0,1.0,1.0,1.0,,,,,,,1.0,,,,,,,Est,,,,,
https://www.mubawab.tn/fr/a/8064420/propri%C3%A9t%C3%A9-%C3%A0-louer-surface-totale-180-m%C2%B2-meubl%C3%A9-,Propriété à louer. Surface totale 180 m². Meublé.,El Maamoura,Prix à consulter,180.0,3.0,3.0,2.0,,1.0,,,1.0,Maison,Nouveau,10-20 ans,Carrelage,36.466667,10.8,1.0,,,1.0,1.0,1.0,1.0,,,1.0,1.0,,1.0,2.0,,1.0,,,700 m²,1.0,1.0,,,,1.0,,Est,,,,,
https://www.mubawab.tn/fr/a/7954716/une-villa-avec-piscine-%C3%A0-djerba-avec-4-chambres,Une villa avec piscine à Djerba avec 4 chambres,Djerba à Djerba,3 800 TND,750.0,4.0,4.0,4.0,1.0,1.0,1.0,,1.0,Villa,Nouveau,,,33.8075978,10.8451467,1.0,,,1.0,1.0,1.0,1.0,,,1.0,1.0,1.0,,,,1.0,1.0,,,,1.0,1.0,,,,,,,,,,
https://www.mubawab.tn/fr/a/8064289/duplex-s2-de-160-m%C2%B2-%C3%A0-yasminette,Duplex S2 de 160 m² à Yasminette,El Yasminette à Nouvelle Medina,700 TND,160.0,3.0,2.0,,1.0,,,,,Maison,Bon état,,,36.78898,10.18348,1.0,,,1.0,,,,,1.0,,,,,,,,,,,,,,1.0,,,,,,,,,
https://www.mubawab.tn/fr/a/8064271/propri%C3%A9t%C3%A9-%C3%A0-louer-%C3%A0-monastir-ville-1-pi%C3%A8ce-meubl%C3%A9-,Propriété à louer à Monastir Ville. 1 Pièce. Meublé.,Monastir Ville à Monastir Ville,Prix à consulter,30.0,,,,,,,,1.0,Maison,Bon état,10-20 ans,Carrelage,35.772066264409425,10.834190290955098,,,,,,1.0,1.0,,,,,,,1.0,1.0,,,,50 m²,1.0,1.0,,1.0,,,,,1.0,,,,
https://www.mubawab.tn/fr/a/8008256/duplex-s4-%C3%A0-la-marsa,Duplex s4 à La Marsa,La Marsa à La Marsa,3 500 TND,,,4.0,,1.0,1.0,1.0,,,Villa,,,,36.8941992,10.2762232,,,,,,,,,,,,,,,,,,,,,,,,,,,,,,,,
https://www.mubawab.tn/fr/a/8037669/%C3%A0-louer-%C3%A0-yasmine-hammamet,À louer à yasmine hammamet,Yasmine Hammamet à Hammamet,3 500 TND,246.0,2.0,4.0,3.0,1.0,1.0,1.0,1.0,1.0,Villa,Nouveau,1-5 ans,Marbre,36.40108,10.61457,1.0,,,1.0,,1.0,1.0,,,1.0,1.0,1.0,,,,,1.0,,,1.0,1.0,1.0,,,,,,,,,,
https://www.mubawab.tn/fr/a/8039156/coquette-villa-%C3%A0-louer-avec-terrasses,Coquette villa à louer avec terrasses,Gammarth à La Marsa,2 450 TND,200.0,,3.0,2.0,1.0,1.0,1.0,1.0,1.0,Villa,Nouveau,5-10 ans,Marbre,36.87908500000002,10.306524200000002,1.0,,1.0,1.0,1.0,1.0,1.0,1.0,,,1.0,1.0,1.0,,,1.0,1.0,,,,,,,,,,Nord,,,,,
https://www.mubawab.tn/fr/a/8063862/grand-duplex-tout-confort-piscine,Grand duplex tout confort Piscine,Cité El Khalil à La Marsa,3 300 TND,200.0,2.0,3.0,2.0,1.0,1.0,1.0,1.0,1.0,Villa,Bon état,10-20 ans,,36.876389,10.325278,1.0,1.0,,1.0,,,,,,,,,,,,,,,380 m²,,,,,,,1.0,,,,,,
https://www.mubawab.tn/fr/a/7975106/villa-de-ma%C3%AEtre-menzah-5,Villa de maître Menzah 5,El Menzah 4 à El Menzah,9 500 TND,1344.0,9.0,7.0,5.0,1.0,1.0,1.0,1.0,1.0,Villa,Bon état,20-30 ans,Marbre,36.84047189999998,10.169574,1.0,,1.0,1.0,1.0,1.0,1.0,1.0,,1.0,1.0,1.0,1.0,,,1.0,1.0,1.0,,1.0,1.0,1.0,,,,,Est,,,,,
https://www.mubawab.tn/fr/a/8062466/a-louer-une-villa-en-s3-%C3%A0-sidi-bou-sa%C3%AFd,A louer une villa en S3 à Sidi Bou Saïd,Amilcar à Carthage,4 800 TND,350.0,3.0,4.0,,,1.0,,1.0,,Maison,Nouveau,,,36.8566,10.3258,,,,1.0,,,,,,,,,,,,,,,,,,,1.0,,,,,,,,,
https://www.mubawab.tn/fr/a/8063510/etage-s2-vue-mer-%C3%A0-la-marsa-zel0516,Etage S2 vue mer à La Marsa ZEL0516,La Marsa à La Marsa,4 000 TND,,,2.0,,,1.0,,1.0,1.0,Villa,Bon état,,,36.876389,10.325278,1.0,,,1.0,,,,,,,,,,,1.0,,,,,1.0,,,1.0,,1.0,,,,,,,
https://www.mubawab.tn/fr/a/8063392/a-louer-duplex-s3-meubl%C3%A9-%C3%A0-la-marsa,A louer duplex S3 meublé à la Marsa,Carthage,4 000 TND,260.0,,4.0,,,,1.0,1.0,1.0,Maison,,,,36.8566,10.3258,1.0,,,1.0,,,,,,,,,,,,,,,,1.0,,,,,,,,,,,,
https://www.mubawab.tn/fr/a/8063084/a-louer-villa-s6-avec-piscine-%C3%A0-la-marsa,A louer villa S6 avec piscine à La Marsa,La Marsa à La Marsa,Prix à consulter,600.0,,6.0,3.0,1.0,1.0,1.0,1.0,1.0,Villa,Bon état,,,36.876389,10.325278,1.0,,,1.0,1.0,,,,,1.0,1.0,,,,1.0,,,,950 m²,,,,,,,,,,,,,
https://www.mubawab.tn/fr/a/8062812/villa-de-luxe-%C3%A0-louer-%C3%A0-gammarth-sup%C3%A9rieur-superficie-600-m%C2%B2-jardin-et-terrasse,Villa de luxe à louer à Gammarth Supérieur. Superficie 600 m². Jardin et terrasse,Gammarth Supérieur à La Marsa,6 000 TND,600.0,,4.0,3.0,1.0,1.0,,1.0,1.0,Villa,Bon état,10-20 ans,Marbre,36.87890660000001,10.3062442,1.0,,,1.0,1.0,,,,,,,1.0,1.0,1.0,,,,,,,,,,,,1.0,Nord,,,,,
https://www.mubawab.tn/fr/a/8055208/a-louer-villa-usage-bureautique-%C3%A0-menzah-5,A louer villa usage bureautique à Menzah 5,El Menzah 5 à Ariana Ville,5 000 TND,800.0,9.0,7.0,4.0,1.0,1.0,,1.0,1.0,Villa,Nouveau,1-5 ans,Marbre,36.8625,10.19556,1.0,,,,1.0,,,1.0,1.0,1.0,1.0,,1.0,,,,,,,1.0,,,,1.0,,,,,,,,
https://www.mubawab.tn/fr/a/8062801/a-louer-villa-en-s5-%C3%A0-sidi-bousaid,A Louer Villa en S5 à Sidi BouSaid,Sidi Bousaid à Carthage,6 000 TND,500.0,6.0,5.0,3.0,1.0,1.0,,1.0,1.0,Villa,Bon état,,,36.8566,10.3258,1.0,,,1.0,,,,,1.0,,,,,,,,,,,,,,,,,,,,,,,
https://www.mubawab.tn/fr/a/8036981/villa-s5-avec-piscine-%C3%A0-gammarth-mvl0013,Villa S5 avec piscine à Gammarth MVL0013,Gammarth à La Marsa,7 800 TND,,,5.0,6.0,1.0,1.0,1.0,1.0,1.0,Villa,Bon état,,,36.876389,10.325278,1.0,,,1.0,,,,,,,,,,,1.0,,,,,,,,,,,,,,,,,
https://www.mubawab.tn/fr/a/7535606/a-louer-villa-avec-piscine-gammart,A Louer Villa Avec piscine Gammart,La Marsa à La Marsa,6 900 TND,,8.0,6.0,4.0,1.0,1.0,1.0,1.0,1.0,Villa,Bon état,,,36.876389,10.325278,1.0,1.0,1.0,1.0,,1.0,1.0,1.0,,,,1.0,1.0,,,1.0,1.0,1.0,,,,1.0,,,,,,,,,,
https://www.mubawab.tn/fr/a/8045208/villa-s4-moderne-avec-piscine-%C3%A0-gammarth,Villa S4 moderne avec piscine à Gammarth,Gammarth à La Marsa,8 000 TND,,5.0,4.0,4.0,1.0,1.0,1.0,1.0,1.0,Villa,Bon état,1-5 ans,Marbre,36.876389,10.325278,1.0,,,1.0,1.0,1.0,,,,1.0,1.0,1.0,1.0,,,1.0,,1.0,,,,,,,,,,,,,,
https://www.mubawab.tn/fr/a/8062113/a-louer-villa-s5-avec-piscine-%C3%A0-la-soukra,A louer villa S5 avec piscine à la Soukra,La Soukra à La Soukra,5 500 TND,1200.0,7.0,5.0,4.0,1.0,,1.0,1.0,1.0,Villa,Bon état,,,36.883333,10.25,1.0,1.0,1.0,1.0,,,,1.0,,1.0,1.0,,1.0,,,,,1.0,,1.0,,,,,,,,,,,,
https://www.mubawab.tn/fr/a/7337615/coquette-villa-s4-%C3%A0-la-marsa,Coquette villa S4 à la Marsa,La Marsa à La Marsa,5 000 TND,,5.0,,2.0,,,,,1.0,Maison,Bon état,,,36.8941992,10.2762232,,,,,,,1.0,,1.0,,,,,,,,,,,,,,,,,,,,,,,
https://www.mubawab.tn/fr/a/8061947/charmante-villa-s3-%C3%A0-sidi-bou-sa%C3%AFd,Charmante villa S3 à Sidi Bou Saïd,Sidi Bousaid à Carthage,5 000 TND,200.0,4.0,3.0,3.0,1.0,1.0,,,1.0,Maison,Bon état,,,36.8566,10.3258,,,,,,,,,,,,,,,,,,,,,,,,,,,,,,,,
https://www.mubawab.tn/fr/a/8061942/duplex-s4-avec-garage-a-la-marsa,Duplex s4 avec garage a la Marsa,La Marsa à La Marsa,3 500 TND,250.0,5.0,4.0,3.0,,1.0,,1.0,1.0,Villa,Bon état,,,36.876389,10.325278,,,,1.0,,,,,1.0,,,,,,,,,,,,,,,,,,,,,,,
https://www.mubawab.tn/fr/a/8047511/villa-meubl%C3%A9e-jardin-d%E2%80%99el-menzah-2,Villa meublée jardin D’el Menzah 2,Les Jardins d'El Menzah 2 à Ariana Ville,5 000 TND,600.0,6.0,4.0,3.0,1.0,1.0,,1.0,1.0,Villa,Bon état,10-20 ans,Marbre,36.859673,10.134291,1.0,,,1.0,1.0,1.0,1.0,,,1.0,1.0,1.0,1.0,,,1.0,1.0,1.0,,1.0,1.0,1.0,,,,,Est,,,,,
https://www.mubawab.tn/fr/a/8030117/villa-s3-les-berges-du-lac-1,Villa S3 les berges du lac 1,Les Berges Du Lac 1 à La Marsa,3 000 TND,200.0,4.0,3.0,2.0,1.0,1.0,,1.0,1.0,Villa,Nouveau,1-5 ans,Marbre,36.8355152,10.2241758,1.0,,,1.0,1.0,,1.0,,,1.0,1.0,1.0,1.0,,,,,1.0,,,,,,,,,Est,,,,,
https://www.mubawab.tn/fr/a/8023278/villa-jumel%C3%A9e-avec-jardin-aux-berges-du-lac-1,Villa jumelée avec jardin aux berges du lac 1,Les Berges Du Lac 1 à La Marsa,3 200 TND,180.0,5.0,4.0,3.0,1.0,,,1.0,1.0,Maison,Bon état,10-20 ans,Marbre,36.876389,10.325278,1.0,1.0,,1.0,,1.0,1.0,,,1.0,1.0,,,,,,,,,1.0,,,,,,,Est,,,,,
https://www.mubawab.tn/fr/a/8061541/villa-%C3%A0-200-m-de-la-plage-chott-meriem,Villa à 200 m de la Plage Chott Meriem,Tantana à Akouda,1 500 TND,300.0,6.0,3.0,3.0,1.0,1.0,,1.0,,Villa,Bon état,,,35.87,10.57,1.0,,,1.0,,,,1.0,,,,,,1.0,,,,1.0,600 m²,,,,,,,,Nord,,,,,
https://www.mubawab.tn/fr/a/8052822/a-louer-villa-jumel%C3%A9e-s3-au-lac-1,A louer villa jumelée S3 au lac 1,Les Berges Du Lac 1 à La Marsa,3 500 TND,,3.0,4.0,2.0,1.0,,,1.0,1.0,Villa,Nouveau,,,36.876389,10.325278,,,,1.0,,,1.0,,,,,,,,,,,,,,,,,,,,,,,,,
https://www.mubawab.tn/fr/a/8057850/a-louer-un-%C3%A9tage-de-villa-s3-%C3%A0-la-marsa,A louer Un étage de villa S3 à la Marsa,La Marsa à La Marsa,1 250 TND,130.0,,4.0,,,,,1.0,1.0,Maison,,,,36.8941992,10.2762232,1.0,,,1.0,,,1.0,,,,,,,,,,,,,,,,,,,,,,,,,
https://www.mubawab.tn/fr/a/8058536/a-louer-villa-s4-avec-jardin-au-lac-1,A louer Villa S4 avec Jardin au Lac 1,La Marsa,3 200 TND,220.0,,4.0,,1.0,1.0,,1.0,,Maison,,,,36.876389,10.325278,1.0,,,1.0,,,,,,,,,,,,,,,,,,,,,,,,,,,,
https://www.mubawab.tn/fr/a/8060509/a-louer-villa-s5-%C3%A0-sidi-bou-sa%C3%AFd,A louer villa S5 à Sidi Bou Saïd,Carthage,6 000 TND,450.0,,6.0,,1.0,1.0,,1.0,1.0,Maison,,,,36.8566,10.3258,,,,1.0,,,,,1.0,,,,,,,,,,,,,,,,,,,,,,,
https://www.mubawab.tn/fr/a/8059612/a-louer-rdc-de-villa-de-395-m%C2%B2-sur-un-terrain-de-472-m%C2%B2,A louer RDC de villa de 395 m² sur un terrain de 472 m²,El Manar 2 à El Menzah,2 900 TND,395.0,8.0,6.0,6.0,1.0,1.0,1.0,1.0,1.0,Villa,Bon état,20-30 ans,Marbre,36.845235,10.164723,1.0,,,1.0,1.0,,1.0,1.0,,1.0,1.0,,1.0,2.0,,1.0,,,472 m²,,,,,,,,Est,,,,,
https://www.mubawab.tn/fr/a/8061196/a-louer-villa-meubl%C3%A9-au-lac-2,A louer villa meublé au lac 2,Les Berges Du Lac 2 à La Marsa,6 000 TND,280.0,,4.0,3.0,1.0,1.0,,1.0,1.0,Villa,Bon état,5-10 ans,Marbre,36.87901870000002,10.306761500000002,1.0,,,1.0,,1.0,1.0,1.0,1.0,1.0,1.0,1.0,1.0,2.0,,1.0,1.0,,,1.0,1.0,1.0,,,,,Est,,,,,
https://www.mubawab.tn/fr/a/8061120/villa-%C3%A0-louer-au-lac-2,Villa à louer au lac 2,Les Berges Du Lac 2 à La Marsa,4 500 TND,280.0,,3.0,3.0,1.0,1.0,,1.0,1.0,Villa,Bon état,1-5 ans,Marbre,36.879042,10.3067999,1.0,,,,,1.0,1.0,,,,,1.0,1.0,3.0,,1.0,1.0,,,,1.0,1.0,,,,,Nord,,,,,
https://www.mubawab.tn/fr/a/8056345/a-louer-un-duplex-s4-a-cite-des-juges-la-marsa,A louer un duplex s4 a cite des juges la marsa,Cité des Juges à La Marsa,2 500 TND,253.0,9.0,4.0,3.0,,1.0,,1.0,1.0,Maison,Nouveau,1-5 ans,,36.876389,10.325278,,,,1.0,,,,,1.0,,,,,1.0,,,,,253 m²,,,,,,,,,,,,,
https://www.mubawab.tn/fr/a/8050440/a-louer-une-villa-aux-jardins-de-carthage-avec-pisicne,A louer une villa aux Jardins de Carthage avec pisicne,Les Jardins de Carthage à Le Kram,7 000 TND,,5.0,5.0,3.0,,1.0,1.0,1.0,,Villa,Nouveau,,,36.833333,10.316667,,,,,,,,,,,,,,,,,,,,,,,,,,,,,,,,
https://www.mubawab.tn/fr/a/8050650/a-louer-une-villa-aux-jardins-de-carthage,A louer une villa aux Jardins de Carthage,Les Jardins de Carthage à Le Kram,6 500 TND,,7.0,6.0,3.0,,1.0,,,1.0,Villa,Nouveau,,,36.833333,10.316667,1.0,,,,,,,,,,,,,,,,,,,,,,,1.0,,,,,,,,
https://www.mubawab.tn/fr/a/8048087/a-louer-une-villa-meubl%C3%A9-avec-piscine-%C3%A0-hammamet-nord,A louer une villa meublé avec piscine à hammamet nord,Hammamet Nord à Hammamet,3 000 TND,1000.0,11.0,3.0,3.0,1.0,1.0,1.0,1.0,1.0,Villa,Nouveau,1-5 ans,Marbre,36.40108,10.61457,1.0,1.0,,1.0,1.0,1.0,1.0,1.0,,1.0,1.0,1.0,1.0,,,1.0,1.0,1.0,,1.0,1.0,1.0,,,1.0,1.0,,,,,,
https://www.mubawab.tn/fr/a/8038918/coquette-maison-%C3%A0-louer-%C3%A0-la-marsa,Coquette maison à louer à la marsa,Cité Les Pins à La Marsa,4 000 TND,400.0,,5.0,4.0,1.0,1.0,,1.0,1.0,Maison,Nouveau,1-5 ans,Marbre,36.87901410000001,10.3068066,1.0,,,1.0,1.0,,1.0,1.0,,,1.0,,1.0,,,,,,,,,,,,1.0,,,,,,,
https://www.mubawab.tn/fr/a/8060067/villa-pour-habitation-ou-bureau,Villa pour habitation ou bureau,La Marsa à La Marsa,4 500 TND,,8.0,6.0,3.0,1.0,1.0,,1.0,1.0,Villa,Bon état,Moins d'un an,Marbre,36.876389,10.325278,1.0,,,1.0,1.0,,,1.0,1.0,1.0,,,1.0,1.0,,,,,1 m²,,,,,,,,,,,,,
https://www.mubawab.tn/fr/a/8056314/duplex-s3-avec-jardin-%C3%A0-gammarth,Duplex S3 avec jardin à Gammarth,Gammarth à La Marsa,4 200 TND,,4.0,3.0,2.0,1.0,1.0,,1.0,1.0,Villa,Bon état,1-5 ans,Carrelage,36.876389,10.325278,1.0,,,1.0,1.0,,1.0,,,1.0,1.0,1.0,1.0,,,1.0,,1.0,,,,,,,,,,,,,,
https://www.mubawab.tn/fr/a/8059554/%C3%A9tage-villa-avec-2-places-de-parking,Étage villa avec 2 places de parking,Cité de la Rtt 3 à Mornaguia,550 TND,156.0,3.0,3.0,,1.0,1.0,,,,Maison,Bon état,10-20 ans,Carrelage,36.8094099,9.9089889,1.0,,,,,,,,,,,,,1.0,,,,,130 m²,,,,1.0,,,,Nord,,,,,
https://www.mubawab.tn/fr/a/8043019/villa-de-ma%C3%AEtre-richement-meubl%C3%A9-avec-belle-vue-sur-mer,Villa de maître richement meublé avec belle vue sur mer,La Marsa à La Marsa,10 000 TND,310.0,,5.0,4.0,1.0,1.0,1.0,1.0,1.0,Villa,Nouveau,1-5 ans,Marbre,36.8790576,10.3065019,1.0,,1.0,1.0,1.0,1.0,1.0,1.0,,1.0,1.0,1.0,1.0,,,1.0,1.0,,,1.0,1.0,1.0,,,1.0,,Nord,,,,,
https://www.mubawab.tn/fr/a/8059258/a-louer-un-etage-de-villa-s3-a-carthage-byrsa,A louer un etage de villa s3 a carthage byrsa,Carthage Byrsa à Carthage,850 TND,130.0,6.0,3.0,,,,,,1.0,Maison,Nouveau,1-5 ans,,36.8566,10.3258,,,,,,,,,,,1.0,,,1.0,,,,,130 m²,,,,1.0,,,,,,,,,
https://www.mubawab.tn/fr/a/8055351/somptueuse-duplex-%C3%A0-louer-%C3%A0-gammarth-surface-totale-200-m%C2%B2-antenne-parabolique-r%C3%A9sidence-s%C3%A9curis%C3%A9e,"Somptueuse duplex à louer à Gammarth. Surface totale 200 m². Antenne parabolique, résidence sécurisée",Gammarth à La Marsa,3 500 TND,200.0,,3.0,3.0,1.0,1.0,,1.0,1.0,Villa,Bon état,1-5 ans,Carrelage,36.917739,10.288893,1.0,,,1.0,1.0,1.0,1.0,1.0,,,1.0,1.0,1.0,1.0,,,,1.0,200 m²,,,,,1.0,,,Sud,,,,,
https://www.mubawab.tn/fr/a/8053754/etage-de-villa-s3-entr%C3%A9e-ind%C3%A9pendante-%C3%A0-la-soukra,Etage de villa S3 entrée indépendante à La Soukra,Chotrana 3 à La Soukra,1 800 TND,150.0,4.0,3.0,2.0,,1.0,,1.0,1.0,Maison,Bon état,,,36.883333,10.25,1.0,,,1.0,,,1.0,,,1.0,1.0,,,,,,,,,,,,,,,,,,,,,
https://www.mubawab.tn/fr/a/8032372/une-belle-villa-jumel%C3%A9e-%C3%A0-louer-s3-%C3%A0-la-marsa,Une belle villa jumelée à louer S3 à La Marsa,Cité El Khalil à La Marsa,3 000 TND,320.0,,4.0,,1.0,,,,,Villa,,,,36.876389,10.325278,1.0,,,,,,,,,,,,,,,,,,,,,,,,,,,,,,,
https://www.mubawab.tn/fr/a/8050463/location-villa-%C3%A0-usage-bureautique-ou-habitation,Location Villa à usage Bureautique ou Habitation,Aouina à La Marsa,2 500 TND,200.0,6.0,4.0,2.0,1.0,1.0,,1.0,1.0,Villa,Bon état,5-10 ans,,36.876389,10.325278,1.0,,,1.0,1.0,,,,,,,,,,,,,,500 m²,,,,,,,,Est,,,,,
https://www.mubawab.tn/fr/a/7948202/location-villa-mutuelle-ville,Location villa mutuelle ville,Mutuelle Ville à El Menzah,6 000 TND,550.0,5.0,4.0,2.0,1.0,1.0,,1.0,1.0,Maison,Bon état,,,36.845235,10.164723,1.0,1.0,,1.0,1.0,,,1.0,,,,1.0,1.0,,,,,,,,,,,1.0,,,,,,,,
https://www.mubawab.tn/fr/a/8058376/deux-villas-avec-piscine-%C3%A0-louer,Deux villas avec piscine à louer,Djerba à Djerba,2 800 TND,220.0,14.0,5.0,5.0,1.0,,1.0,,1.0,Villa,Nouveau,1-5 ans,Carrelage,33.80751399825332,10.989715638994776,1.0,,,1.0,,1.0,1.0,,1.0,,1.0,1.0,,1.0,,,,1.0,600 m²,1.0,1.0,1.0,,,,,Nord,,,,,
https://www.mubawab.tn/fr/a/8058293/%C3%A9tage-de-villa-spacieux-et-lumineux-%C3%A0-louer,Étage de villa spacieux et lumineux à louer,Ariana à Ariana Ville,1 200 TND,160.0,5.0,4.0,2.0,,,,1.0,,Maison,Bon état,,,36.8625,10.19556,1.0,,,,,,,,,,,,,1.0,,,,,,,,,,,,,,,,,,
https://www.mubawab.tn/fr/a/8056942/manar-1-%C3%A0-louer-grande-villa-s10,Manar 1; à louer grande villa s10,El Manar 1 à El Menzah,Prix à consulter,600.0,12.0,10.0,4.0,,1.0,,1.0,,Maison,Bon état,,,36.845235,10.164723,1.0,,,,,,,,,,,,,,,,,,,,,,,,,,,,,,,
https://www.mubawab.tn/fr/a/8058228/jardins-d-el-menzah-2-%C3%A0-louer-spacieux-rdj-villa,Jardins d'el menzah 2 à louer spacieux RDJ villa,Les Jardins d'El Menzah 2 à Ariana Ville,1 299 TND,150.0,5.0,3.0,,,,,1.0,,Maison,Bon état,,,36.859673,10.134291,1.0,,,,,,,,,,,,,,,,,,,,,,1.0,,,,,,,,,
https://www.mubawab.tn/fr/a/8057802/villa-maison-de-ma%C3%AEtre-avec-jardin-%C3%A0-la-marsa,Villa Maison de maître avec jardin à La Marsa,Cité Les Pins à La Marsa,4 200 TND,250.0,5.0,4.0,3.0,1.0,1.0,,1.0,1.0,Villa,Bon état,,,36.8590944,10.2564551,1.0,,1.0,1.0,,,,1.0,,1.0,,,,2.0,,,,1.0,500 m²,,,,,,,,,,,,,
https://www.mubawab.tn/fr/a/8056783/a-louer-villa-avec-piscine-s4-%C3%A0-gammarth-touristique,A louer villa avec piscine S4 à Gammarth touristique,Gammarth à La Marsa,5 000 TND,280.0,,5.0,,1.0,,1.0,1.0,,Maison,,,,36.917739,10.288893,1.0,,,1.0,,,,,,,,,,,,,,,,,,,,,,,,,,,,
https://www.mubawab.tn/fr/a/8044931/une-belle-villa-s5-%C3%A0-la-marsa,Une Belle Villa S5 à La Marsa,La Marsa à La Marsa,Prix à consulter,1000.0,7.0,7.0,5.0,1.0,1.0,1.0,,1.0,Villa,Bon état,,,36.876389,10.325278,,,,,,,1.0,,,,,,,,,,,,,,,,,,,,,,,,,
https://www.mubawab.tn/fr/a/8057100/coquette-maison-%C3%A0-louer-%C3%A0-gammarth,Coquette maison à louer à Gammarth,Gammarth à La Marsa,3 900 TND,400.0,,5.0,4.0,1.0,1.0,,1.0,1.0,Maison,Nouveau,1-5 ans,Marbre,36.917739,10.288893,1.0,,,1.0,,,,,,,,1.0,,,,,,,,,,,,,,,,,,,,
https://www.mubawab.tn/fr/a/8056931/rez-de-chauss%C3%A9e-%C3%A0-entr%C3%A9e-ind%C3%A9pendante-%C3%A0-louer,Rez de chaussée à entrée indépendante à louer,Gammarth à La Marsa,2 450 TND,200.0,,3.0,2.0,1.0,1.0,,1.0,1.0,Maison,Nouveau,1-5 ans,Marbre,36.917739,10.288893,1.0,,,1.0,,,,,,,,,,,,,,,,,,,,,,,,,,,,
https://www.mubawab.tn/fr/a/8056926/villa-de-ma%C3%AEtre-%C3%A0-louer-%C3%A0-la-marsa,Villa de maître à louer à la marsa,Cité Les Pins à La Marsa,12 000 TND,1000.0,,5.0,4.0,1.0,1.0,1.0,1.0,1.0,Maison,Nouveau,1-5 ans,Marbre,36.8590944,10.2564551,1.0,,1.0,1.0,1.0,,,,,,,1.0,1.0,,,,,,,,,,,,,,,,,,,
https://www.mubawab.tn/fr/a/8056781/a-louer-villa-s5-avec-jardin-%C3%A0-la-marsa,A louer villa S5 avec jardin à la Marsa,La Marsa à La Marsa,4 000 TND,340.0,,6.0,,1.0,,,1.0,,Maison,,,,36.8941992,10.2762232,1.0,,,1.0,,,,,1.0,,,,,,,,,,,,,,,,,,,,,,,
https://www.mubawab.tn/fr/a/8030727/a-louer-villa-s5-%C3%A0-mutuelleville-avec-piscine,A louer villa S5 à Mutuelleville avec piscine,Mutuelle Ville à El Menzah,6 500 TND,450.0,2.0,5.0,4.0,1.0,1.0,1.0,1.0,1.0,Villa,Bon état,,,36.84523500000001,10.164723,1.0,,,1.0,1.0,1.0,1.0,,,1.0,1.0,1.0,1.0,,,,1.0,,,,,1.0,,,,,,,,,,
https://www.mubawab.tn/fr/a/8047626/luxueuse-villa-%C3%A0-narjess-2-kantaoui,Luxueuse Villa à Narjess 2 Kantaoui,Cité Ennarjes 1,4 500 TND,850.0,10.0,6.0,6.0,1.0,,1.0,1.0,1.0,Villa,Bon état,,Marbre,35.79,10.56,1.0,,,1.0,1.0,,,1.0,,1.0,1.0,1.0,,,,1.0,,1.0,,,,,,,,,Est,,,,,
https://www.mubawab.tn/fr/a/8032420/villa-s5-avec-jardin-au-lac-1,Villa S5 avec jardin au Lac 1,Les Berges Du Lac 1 à La Marsa,7 500 TND,,6.0,5.0,3.0,1.0,1.0,,1.0,1.0,Villa,Bon état,5-10 ans,Carrelage,36.876389,10.325278,1.0,,,1.0,1.0,,1.0,,,1.0,1.0,1.0,1.0,,,1.0,,1.0,,,,,,,,,,,,,,
https://www.mubawab.tn/fr/a/8055964/a-louer-une-villa-aux-berges-du-lac1,A louer une villa aux Berges du Lac1,Les Berges Du Lac 1 à La Marsa,11 000 TND,,10.0,10.0,5.0,,,1.0,1.0,1.0,Maison,Nouveau,,,36.876389,10.325278,,,,,,,,,,,,,,,,,,,,,,,,,,,,,,,,
https://www.mubawab.tn/fr/a/7813759/une-villa-sans-meubles-avec-piscine-et-jardin,Une villa sans meubles avec piscine et jardin,Hammamet Nord à Hammamet,4 000 TND,,5.0,4.0,3.0,1.0,1.0,1.0,1.0,1.0,Villa,Bon état,,,36.40108,10.61457,1.0,,,1.0,1.0,,,,,1.0,,1.0,,,,,,,,,,,,,1.0,1.0,,,,,,
https://www.mubawab.tn/fr/a/8055227/ennasr-2-%C3%A0-louer-villa-s4-bien-situ%C3%A9e,ENNASR 2: à louer VILLA S4 BIEN Située,Cité Ennasr 2 à Ariana Ville,2 300 TND,300.0,6.0,4.0,2.0,,,,1.0,,Maison,Bon état,,,36.8625,10.19556,,,,,,,,,,,,,,,,,,,,,,,,,,,,,,,,
https://www.mubawab.tn/fr/a/8054588/location-d-une-villa-s4-avec-piscine-%C3%A0-gammarth,Location d'une villa s4 avec piscine à Gammarth,Gammarth à La Marsa,6 000 TND,606.0,4.0,4.0,,,1.0,1.0,,,Maison,Nouveau,,,36.876389,10.325278,,,1.0,,,,,,,,,,,,,,,,,,,,1.0,,,,,,,,,
https://www.mubawab.tn/fr/a/8055649/location-villa-sabeel-s5,Location Villa Sabeel S5,Hammamet Sud à Hammamet,5 000 TND,400.0,5.0,5.0,3.0,1.0,1.0,1.0,1.0,1.0,Villa,Nouveau,,,36.40108,10.61457,1.0,,1.0,1.0,,1.0,1.0,,1.0,1.0,1.0,,,,,,1.0,,700 m²,1.0,1.0,1.0,,,,,,,,,,
https://www.mubawab.tn/fr/a/8055642/location-villa-pascale-%C3%A0-hammamet,Location Villa Pascale à Hammamet,Hammamet Sud à Hammamet,5 000 TND,500.0,6.0,5.0,4.0,1.0,1.0,1.0,1.0,1.0,Villa,Bon état,5-10 ans,Marbre,36.40108,10.61457,1.0,1.0,1.0,1.0,1.0,1.0,1.0,1.0,1.0,,1.0,1.0,,1.0,,1.0,1.0,1.0,700 m²,1.0,1.0,1.0,,,,,Sud,,,,,
https://www.mubawab.tn/fr/a/8049605/a-louer-villa-%C3%A0-usage-bureautique-%C3%A0-l-ariana,A louer Villa à usage bureautique à l'Ariana,Nouvelle Ariana à Ariana Ville,20 000 TND,,,,,1.0,1.0,,,,Villa,,,,36.8604803,10.1604276,1.0,,,,,,,,,,,,,,,,,,,,,,,,,,,,,,,
https://www.mubawab.tn/fr/a/8036955/a-louer-une-villa-%C3%A0-gammarth-sup%C3%A9rieur-avec-piscine-r%C3%A9f-5a,A louer une villa à Gammarth supérieur avec piscine réf 5A,Gammarth à La Marsa,6 500 TND,,5.0,4.0,,,,1.0,1.0,1.0,Villa,Nouveau,,,36.876389,10.325278,,,,,,,1.0,,,,,,,,,,,,,,,,1.0,,1.0,,,,,,,
https://www.mubawab.tn/fr/a/8044986/a-louer-une-villa-%C3%A0-la-marsa-corniche-avec-une-vue,A Louer une villa à la Marsa CORNICHE avec une vue,La Marsa à La Marsa,10 000 TND,,4.0,4.0,,,,1.0,,1.0,Villa,Nouveau,,,36.876389,10.325278,,,,,,,,,,,,,,,,,,,,,,,1.0,,1.0,,,,,,,
https://www.mubawab.tn/fr/a/8054973/villa-avec-jardin-%C3%A0-hammamet-location,Villa avec jardin à Hammamet: Location,Hammamet à Hammamet,2 750 TND,,8.0,3.0,2.0,1.0,1.0,,1.0,1.0,Villa,Bon état,,,36.40108,10.61457,1.0,,,1.0,,1.0,1.0,,,,,1.0,,,,,1.0,,,1.0,1.0,1.0,,,,,,,,,,
https://www.mubawab.tn/fr/a/8024519/etage-de-villa-s3-%C3%A0-louer-aux-jardins-de-carthage,Etage de villa S3 à louer aux Jardins de Carthage,Les Jardins de Carthage à Le Kram,1 900 TND,160.0,,3.0,,,,,,1.0,Villa,,,,36.8555704,10.291834,1.0,,,,,,,1.0,,,,,,,,,,,,,,,,,,,,,,,,
https://www.mubawab.tn/fr/a/7968558/villa-de-3-suites-et-une-chambre-avec-piscine,Villa de 3 suites et une chambre avec piscine,Djerba à Djerba,3 000 TND,700.0,4.0,4.0,4.0,1.0,1.0,1.0,,1.0,Maison,Nouveau,,,33.8075978,10.8451467,1.0,,,1.0,1.0,1.0,1.0,,,1.0,1.0,1.0,,,,1.0,1.0,,,1.0,1.0,1.0,,,,,,,,,,
https://www.mubawab.tn/fr/a/8040982/villa-vue-sur-mer-%C3%A0-louer-%C3%A0-carthage,Villa vue sur mer à louer à Carthage,La Marsa à La Marsa,6 000 TND,280.0,,4.0,3.0,1.0,1.0,,1.0,1.0,Villa,Nouveau,1-5 ans,Marbre,36.878988100000015,10.306740700000002,1.0,,,1.0,1.0,,1.0,1.0,,,1.0,1.0,1.0,,,,,,,,,,,,1.0,,Nord,,,,,
https://www.mubawab.tn/fr/a/8053695/villa-de-plain-pied-avec-piscine-pour-location,Villa de plain pied avec piscine pour location,Djerba à Djerba,1 500 TND,200.0,4.0,3.0,,1.0,1.0,1.0,1.0,1.0,Villa,Bon état,,,33.8075978,10.8451467,1.0,,,1.0,1.0,1.0,1.0,1.0,,1.0,1.0,1.0,,1.0,,1.0,1.0,1.0,800 m²,1.0,1.0,1.0,1.0,,,,,,,,,
https://www.mubawab.tn/fr/a/8048169/a-louer-luxueuse-villa-marina-gammarth,"A louer luxueuse villa, Marina Gammarth",Gammarth Supérieur à La Marsa,8 000 TND,350.0,6.0,3.0,3.0,1.0,1.0,1.0,1.0,1.0,Villa,Bon état,1-5 ans,Marbre,36.876389,10.325278,1.0,1.0,,1.0,,,1.0,,,1.0,1.0,1.0,1.0,,,,1.0,1.0,,,,,,,,,,,,,,
https://www.mubawab.tn/fr/a/8021905/villa-avec-vue-sur-mer-%C3%A0-la-marsa,Villa avec vue sur mer à La Marsa,La Marsa à La Marsa,12 000 TND,,3.0,5.0,6.0,1.0,,1.0,1.0,1.0,Villa,Bon état,,,36.876389,10.325278,1.0,,,1.0,1.0,,1.0,1.0,,,,,1.0,,,,1.0,,,,,,,,1.0,1.0,,,,,,
https://www.mubawab.tn/fr/a/8053327/villa-avec-piscine-la-soukra,Villa avec piscine la soukra,La Soukra à La Soukra,5 000 TND,400.0,4.0,3.0,3.0,1.0,1.0,1.0,1.0,1.0,Villa,Nouveau,Moins d'un an,Marbre,36.88833,10.27417,1.0,1.0,,1.0,1.0,,,1.0,1.0,1.0,,1.0,1.0,1.0,,,,1.0,600 m²,,,,,1.0,,,Est,,,,,
https://www.mubawab.tn/fr/a/8053217/triplex-s4-la-soukra,Triplex s4 la soukra,Chotrana 1 à La Soukra,Prix à consulter,250.0,5.0,4.0,4.0,1.0,1.0,,1.0,1.0,Villa,Nouveau,Moins d'un an,Marbre,36.896544,10.217961,1.0,1.0,,1.0,1.0,1.0,1.0,,,,,1.0,1.0,2.0,,,,,20 m²,,,1.0,,1.0,,,Est,,,,,
https://www.mubawab.tn/fr/a/8053215/location-annuelle-houch-a-aghir,Location annuelle houch a aghir,Aghir,1 300 TND,,3.0,2.0,3.0,1.0,,,,1.0,Maison,Bon état,,,33.759722,11.01251,1.0,,,1.0,1.0,1.0,1.0,1.0,,1.0,1.0,,1.0,,,1.0,1.0,,1 m²,1.0,1.0,1.0,,,,,,,,,,
https://www.mubawab.tn/fr/a/7928194/villa-avec-piscine-lac-1,Villa avec piscine lac 1,Les Berges Du Lac 1 à La Marsa,Prix à consulter,1000.0,8.0,5.0,4.0,1.0,1.0,1.0,1.0,1.0,Villa,Nouveau,Moins d'un an,Marbre,36.8355152,10.2241758,1.0,1.0,,1.0,1.0,1.0,1.0,1.0,,,,1.0,1.0,,,,1.0,,,1.0,,1.0,,,,,Est,,,,,
https://www.mubawab.tn/fr/a/8041141/location-d-une-villa-richement-meubl%C3%A9-%C3%A0-gammarth,Location d une villa richement meublé à gammarth,La Marsa à La Marsa,12 000 TND,380.0,,5.0,4.0,1.0,1.0,1.0,1.0,1.0,Villa,Nouveau,1-5 ans,Marbre,36.879078500000006,10.3065162,1.0,,,1.0,1.0,1.0,1.0,1.0,,1.0,1.0,1.0,1.0,,,1.0,1.0,,,1.0,1.0,1.0,,,,,Nord,,,,,
https://www.mubawab.tn/fr/a/8039836/villa-%C3%A0-louer-%C3%A0-la-marsa-%C3%A0-proximit%C3%A9-du-lyc%C3%A9e-fran%C3%A7ais,Villa à louer à la marsa à proximité du lycée français,La Marsa à La Marsa,3 000 TND,200.0,,4.0,3.0,1.0,1.0,,1.0,1.0,Maison,Nouveau,1-5 ans,Marbre,36.8791056,10.3064889,1.0,,,1.0,1.0,,,,,,1.0,1.0,1.0,,,,,,,,,,,,,,Nord,,,,,
https://www.mubawab.tn/fr/a/8052800/location-d-une-villa-s3-%C3%A0-la-marsa,Location d'une villa S3 à la marsa,La Marsa à La Marsa,4 300 TND,680.0,3.0,5.0,,,1.0,,,,Maison,Nouveau,,,36.876389,10.325278,1.0,,,,,,,,,,,,,,,,,,,,,,1.0,,,,,,,,,
https://www.mubawab.tn/fr/a/8005016/beau-houch-pour-location-annuelle-%C3%A0-guecheine,Beau Houch pour location annuelle à Guecheine,Guechaine à Houmt Souk,2 500 TND,2000.0,5.0,4.0,2.0,1.0,,1.0,,1.0,Maison,Bon état,,,33.866667,10.85,1.0,,,,,,,,,,,,,,,1.0,,,,1.0,1.0,,,,,,,,,,,
https://www.mubawab.tn/fr/a/8052582/habitation-ou-commerciale,Habitation ou commerciale,Ain Zaghouan Nord à La Marsa,1 250 TND,120.0,4.0,3.0,,,,,,,Maison,Bon état,10-20 ans,Carrelage,36.876389,10.325278,,,,,,,,,,,,,,1.0,,,,,220 m²,,,,1.0,,,,Nord,,,,,
https://www.mubawab.tn/fr/a/8040958/a-louer-villa-s4-a-soukra,A louer villa s4 a soukra,La Soukra à La Soukra,3 300 TND,350.0,5.0,4.0,3.0,1.0,1.0,1.0,1.0,1.0,Maison,Bon état,5-10 ans,,36.883333,10.25,1.0,,,1.0,1.0,1.0,1.0,,,,,1.0,,,,1.0,,1.0,,,,,,,,,,,,,,
https://www.mubawab.tn/fr/a/8026702/villa-moderne-avec-garage-1-voiture-%C3%A0-sidi-daoud,Villa Moderne avec Garage 1 voiture à Sidi Daoud,Sidi Daoued à La Marsa,4 000 TND,500.0,7.0,4.0,2.0,1.0,1.0,,1.0,1.0,Villa,Bon état,5-10 ans,,36.876389,10.325278,1.0,,,1.0,,,,1.0,,1.0,1.0,,,,,,,,,,,,,,,,,,,,,
https://www.mubawab.tn/fr/a/7992439/duplex-meubl%C3%A9-et-avec-piscine-commune-%C3%A0-carthage,Duplex meublé et avec piscine commune à Carthage,Salambo à Carthage,4 500 TND,,4.0,3.0,2.0,1.0,,1.0,1.0,1.0,Villa,Bon état,,,36.8566,10.3258,1.0,,,1.0,1.0,1.0,1.0,,,1.0,1.0,,1.0,,,,,,,1.0,1.0,1.0,,,,,,,,,,
https://www.mubawab.tn/fr/a/8052192/un-duplex-meubl%C3%A9-%C3%A0-louer-amilcar,Un duplex meublé à louer AMILCAR,Amilcar à Carthage,3 500 TND,160.0,5.0,4.0,2.0,,,,1.0,1.0,Maison,Bon état,10-20 ans,Carrelage,36.51162,10.1941,1.0,,,1.0,,1.0,1.0,,,,1.0,,,2.0,,1.0,1.0,1.0,,1.0,1.0,1.0,,,,,Nord,,,,,
https://www.mubawab.tn/fr/a/8043519/une-villa-s3-meubl%C3%A9e-%C3%A0-la-marsa,Une villa S3 meublée à la Marsa,La Marsa à La Marsa,8 500 TND,280.0,,4.0,3.0,1.0,1.0,1.0,1.0,1.0,Villa,Bon état,,,36.8941992,10.2762232,1.0,1.0,,1.0,1.0,1.0,1.0,1.0,,1.0,,1.0,1.0,,1.0,,1.0,,,1.0,1.0,1.0,,,,,,,,,,
https://www.mubawab.tn/fr/a/8052188/une-villa-vue-mer-%C3%A0-sidi-bou-said,Une villa vue mer à Sidi bou Said,La Marsa à La Marsa,17 000 TND,450.0,,5.0,4.0,1.0,1.0,1.0,1.0,1.0,Villa,Bon état,,,36.8941992,10.2762232,1.0,,,1.0,,,,1.0,1.0,,,,,,1.0,,,,,,,,,,1.0,,,,,,,
https://www.mubawab.tn/fr/a/7929992/villa-avec-jardin-%C3%A0-louer-au-lac-1,Villa avec jardin à louer au lac 1,Les Berges Du Lac 1 à La Marsa,7 000 TND,600.0,,4.0,,1.0,,,,1.0,Villa,,,,36.8355152,10.2241758,,,,,,,,,,,,,,,,,,,,,,,,,,,,,,,,
https://www.mubawab.tn/fr/a/7897121/villa-s3-avec-piscine-%C3%A0-la-soukra,Villa S3 avec piscine à La Soukra,La Soukra à La Soukra,3 500 TND,,4.0,3.0,2.0,1.0,1.0,1.0,1.0,1.0,Villa,Bon état,,,36.883333,10.25,1.0,,,1.0,,,,,,,,,,,,,,,,,,,,,,,,,,,,
https://www.mubawab.tn/fr/a/7935357/charmante-maisonnette-s1-%C3%A0-sidi-bousaid,Charmante maisonnette S1 à Sidi Bousaid,Sidi Bousaid à Carthage,2 500 TND,70.0,2.0,,,,,,1.0,1.0,Maison,Bon état,20-30 ans,Marbre,36.86923543155249,10.334554730224609,1.0,,,1.0,1.0,1.0,1.0,1.0,,,1.0,1.0,,,,1.0,1.0,1.0,,1.0,1.0,1.0,1.0,,,,,1.0,,,,
https://www.mubawab.tn/fr/a/8028181/a-louer-%C3%A9tage-de-villa-s3-%C3%A0-la-marsa,A louer étage de villa S3 à la Marsa,La Marsa à La Marsa,2 800 TND,130.0,,4.0,,1.0,1.0,,1.0,,Maison,,,,36.8941992,10.2762232,1.0,,,1.0,,1.0,1.0,,,,,1.0,,,,,1.0,,,1.0,,,,,,,,,,,,
https://www.mubawab.tn/fr/a/8051910/rez-de-jardin-%C3%A0-gammarth,Rez de jardin à Gammarth,Gammarth à La Marsa,2 000 TND,100.0,3.0,2.0,,1.0,1.0,,,,Villa,Bon état,10-20 ans,,36.917739,10.288893,,,,1.0,,,,,1.0,,,,,,,,,,200 m²,,,,1.0,,,,,,,,,
https://www.mubawab.tn/fr/a/8051544/a-louer-une-villa-s4-%C3%A0-la-marsa-corniche,A louer une Villa S4 à la Marsa Corniche,La Marsa à La Marsa,Prix à consulter,300.0,2.0,4.0,3.0,1.0,1.0,1.0,1.0,1.0,Villa,Bon état,,Marbre,36.876389,10.325278,1.0,,,1.0,1.0,,1.0,1.0,,1.0,1.0,1.0,1.0,1.0,,,,,400 m²,,,,,,1.0,,Sud,,,,,
https://www.mubawab.tn/fr/a/8018126/villa-avec-piscine-pour-la-location,Villa avec piscine pour la location,Les Berges Du Lac 2 à La Marsa,Prix à consulter,700.0,5.0,3.0,6.0,1.0,1.0,1.0,1.0,1.0,Villa,Bon état,,,36.876389,10.325278,1.0,,,1.0,1.0,1.0,1.0,1.0,,1.0,1.0,1.0,1.0,,,,1.0,,,1.0,1.0,1.0,,,,,,,,,,
https://www.mubawab.tn/fr/a/8041709/un-duplex-s3,Un duplex S3,La Soukra à La Soukra,4 600 TND,200.0,4.0,3.0,3.0,1.0,1.0,1.0,1.0,1.0,Maison,Bon état,,,36.88833000000001,10.27417,1.0,1.0,1.0,1.0,1.0,1.0,1.0,1.0,,1.0,,1.0,1.0,,,,1.0,,,,,1.0,,1.0,,,,,,,,
https://www.mubawab.tn/fr/a/8008502/villa-s4-%C3%A0-la-marsa-centre,Villa S4 à La Marsa Centre,La Marsa à La Marsa,6 000 TND,,5.0,4.0,3.0,1.0,1.0,1.0,1.0,1.0,Villa,Bon état,1-5 ans,Marbre,36.876389,10.325278,1.0,,,1.0,1.0,,,1.0,,1.0,,1.0,1.0,,,,,1.0,,,,,,,,,,,,,,
https://www.mubawab.tn/fr/a/7892678/jardins-d-el-menzah-2-%C3%A0-louer-etage-de-villa-s4,Jardins d'el menzah 2; à louer ETAGE DE VILLA S4,Les Jardins d'El Menzah 2 à Ariana Ville,Prix à consulter,200.0,6.0,4.0,3.0,,,,1.0,1.0,Maison,Bon état,,,36.8625,10.19556,,,,1.0,,,,,,,,,,,,,,,,,,,,,,,,,,,,
https://www.mubawab.tn/fr/a/8045789/menzah-6-%C3%A0-louer-duplex-s4,Menzah 6 / à louer duplex s4,El Menzah 6 à Ariana Ville,Prix à consulter,160.0,6.0,4.0,2.0,,,,,1.0,Maison,Bon état,,,36.8625,10.19556,1.0,,,,,,,,,,,,,,,,,,,,,,,,,,,,,,,
https://www.mubawab.tn/fr/a/8051042/menzah-8-%C3%A0-louer-villa-avec-jardin,Menzah 8; à louer Villa avec jardin,El Menzah 8 à Ariana Ville,1 500 TND,250.0,5.0,3.0,2.0,,,,1.0,,Maison,Bon état,,,36.856615,10.1717264,,,,,,,,,,,,,,,,,,,,,,,,,,,,,,,,
https://www.mubawab.tn/fr/a/8051216/a-louer-penthouse-en-s4-avec-piscine-au-lac-2,A Louer Penthouse en S4 avec Piscine au Lac 2,Les Berges Du Lac 2 à La Marsa,7 500 TND,420.0,6.0,5.0,5.0,,1.0,1.0,1.0,1.0,Maison,Bon état,,,36.876389,10.325278,1.0,,,1.0,,,,,,,,,,2.0,,,,,,,,,,1.0,,,,,,,,
https://www.mubawab.tn/fr/a/8051186/location-villa-de-luxe-%C3%A0-la-marsa-5-belles-chambres-belle-terrasse-et-jardin,Location villa de luxe à La Marsa. 5 belles chambres. Belle terrasse et jardin,La Marsa à La Marsa,6 500 TND,350.0,,5.0,3.0,1.0,1.0,1.0,,1.0,Villa,Bon état,5-10 ans,Marbre,36.87908329999998,10.3065323,1.0,,,,,,,1.0,,,,,,4.0,,,,,,,,,,,,,Nord,,,,,
https://www.mubawab.tn/fr/a/8026313/villa-s4-avec-piscine-%C3%A0-la-marsa-zvl1599,Villa S4 avec piscine à La Marsa ZVL1599,La Marsa à La Marsa,Prix à consulter,,,4.0,4.0,1.0,1.0,1.0,1.0,1.0,Villa,Bon état,,,36.876389,10.325278,,,,1.0,,,,,,,,,,,1.0,,,,,,,,,,,,,,,,,
https://www.mubawab.tn/fr/a/8050952/grand-s3-pres-de-station-de-train,Grand s3 pres de station de train,Rades Meliane à Rades,1 100 TND,120.0,3.0,3.0,,,1.0,,,,Villa,Nouveau,10-20 ans,,36.7609,10.2736,1.0,,,,,,,,,,,,,1.0,,,,,,,,,1.0,,,,Nord,,,,,
https://www.mubawab.tn/fr/a/8019688/villa-verdoyante-avec-piscine-%C3%A9blouissante-%C3%A0-louer,Villa Verdoyante avec Piscine Éblouissante à Louer,Gammarth Supérieur à La Marsa,11 000 TND,1000.0,2.0,4.0,5.0,1.0,1.0,1.0,1.0,1.0,Villa,Nouveau,1-5 ans,Marbre,36.876389,10.325278,1.0,1.0,,1.0,1.0,,1.0,1.0,,1.0,1.0,1.0,1.0,,,,,1.0,,,,,,,1.0,,Est,,,,,
https://www.mubawab.tn/fr/a/7652837/villa-s3-avec-jardin-au-c%C5%93ur-de-la-marsa,Villa S3 avec jardin au cœur de la Marsa,La Marsa à La Marsa,3 800 TND,480.0,,3.0,,1.0,1.0,,,1.0,Maison,,,,36.8941992,10.2762232,1.0,,,,,,1.0,,,,,,,,,,,,,,,,,,,,,,,,,
https://www.mubawab.tn/fr/a/7988968/villa-s4-avec-piscine-%C3%A0-gammarth-mvl0118,Villa S4 avec piscine à Gammarth MVL0118,Gammarth Supérieur à La Marsa,Prix à consulter,300.0,,4.0,4.0,1.0,1.0,1.0,1.0,1.0,Villa,Bon état,,,36.876389,10.325278,1.0,,,1.0,,,,,,,,,,,1.0,,,,,,,,,,,,,,,,,
https://www.mubawab.tn/fr/a/7991661/villa-haute-standing-meubl%C3%A9,Villa haute standing meublé,Soliman,3 000 TND,500.0,7.0,7.0,3.0,1.0,1.0,1.0,1.0,1.0,Villa,Nouveau,5-10 ans,Marbre,36.723333873450166,10.458645243506554,1.0,,1.0,1.0,1.0,1.0,1.0,1.0,1.0,1.0,1.0,1.0,1.0,,,1.0,1.0,1.0,,1.0,1.0,1.0,,,1.0,1.0,Nord,,,,,
https://www.mubawab.tn/fr/a/7878339/location-maison-kamy-s4-nabeul,Location Maison Kamy S4 Nabeul,Nabeul à Nabeul,2 200 TND,350.0,3.0,2.0,2.0,1.0,1.0,,1.0,1.0,Maison,Bon état,,,36.45056,10.73505,1.0,,,1.0,,,,,,,,,,,,,,,,1.0,,,,,,,,,,,,
https://www.mubawab.tn/fr/a/8045696/villa-avec-piscine-sans-meuble-vue-mer,Villa avec piscine sans meuble vue mer,Djerba à Djerba,2 200 TND,600.0,4.0,3.0,3.0,1.0,1.0,1.0,,,Villa,Bon état,1-5 ans,Carrelage,33.8075978,10.8451467,1.0,,,,,,,1.0,,,,,,,,,,,,1.0,,,,,1.0,,,,,,,
https://www.mubawab.tn/fr/a/7993654/triplex-s4-au-lac2-ztrl0048,Triplex S4 au Lac2 ZTRL0048,Les Berges Du Lac 2 à La Marsa,6 000 TND,,,4.0,4.0,,1.0,,1.0,1.0,Villa,Bon état,,,36.876389,10.325278,1.0,1.0,,1.0,1.0,,,,,,,,1.0,,1.0,,,,,,,,,,,,,,,,,
https://www.mubawab.tn/fr/a/8029600/villa-avec-piscine-%C3%A0-sidi-bousaid,Villa avec piscine à Sidi Bousaid,Sidi Bousaid à Carthage,15 000 TND,,3.0,6.0,10.0,1.0,1.0,1.0,1.0,1.0,Villa,Bon état,,Marbre,36.8566,10.3258,1.0,1.0,,1.0,1.0,1.0,1.0,1.0,,,,,1.0,,,,,,,,,1.0,,,1.0,1.0,Sud,,,,,
https://www.mubawab.tn/fr/a/8014729/villa-avec-piscine-%C3%A0-la-marsa-cube,Villa avec piscine à La Marsa Cube,La Marsa à La Marsa,Prix à consulter,420.0,4.0,3.0,3.0,1.0,1.0,1.0,1.0,1.0,Villa,Bon état,,,36.876389,10.325278,1.0,,,1.0,1.0,,1.0,,,,1.0,,1.0,,,,1.0,,,,,,,,,,,,,,,
https://www.mubawab.tn/fr/a/7999350/%C3%A0-louer-villa-ind%C3%A9pendante-de-14-pi%C3%A8ces-%C3%A0-mutuelle-ville,À louer Villa indépendante de 14 pièces à Mutuelle ville,Mutuelle Ville à El Menzah,5 000 TND,636.0,12.0,13.0,3.0,1.0,1.0,,1.0,,Villa,Bon état,10-20 ans,Carrelage,36.845235,10.164723,1.0,,,1.0,1.0,,,1.0,,,,,,3.0,,,,1.0,,,,,,,,,,,,,,
https://www.mubawab.tn/fr/a/8016871/a-louer-villa-meubl%C3%A9e-ou-vide-avc-jardin-et-piscine-%C3%A0-notre-dame,A louer villa meublée ou vide avc jardin et piscine à Notre Dame,Mutuelle Ville à El Menzah,7 000 TND,450.0,6.0,5.0,4.0,1.0,1.0,1.0,1.0,1.0,Villa,Bon état,5-10 ans,Marbre,36.845235,10.164723,1.0,,1.0,1.0,1.0,1.0,1.0,1.0,,1.0,1.0,1.0,1.0,,,1.0,1.0,1.0,,1.0,1.0,1.0,,,,,,,,,,
https://www.mubawab.tn/fr/a/8049533/belle-maison-en-location-1-belle-chambre,Belle maison en location. 1 belle chambre,Gabès Sud,400 TND,60.0,,,,,,,,,Maison,Nouveau,5-10 ans,Carrelage,33.8644097,10.1082044,,,,,,,,,,,,,,,,,,,,,,,1.0,,,,Sud,1.0,,,,
https://www.mubawab.tn/fr/a/7822869/a-louer-un-rez-de-jardin-s3-%C3%A0-gammarth,A louer un Rez de jardin S3 à Gammarth,Gammarth Supérieur à La Marsa,4 800 TND,400.0,,3.0,2.0,1.0,,1.0,1.0,,Villa,Bon état,,,36.876389,10.325278,1.0,,,1.0,1.0,,,,,,1.0,1.0,,,1.0,,,,,,,,,,,,,,,,,
https://www.mubawab.tn/fr/a/8035711/a-louer-une-villa-moderne-avec-grand-jardin,A louer une villa moderne avec grand jardin,Gammarth à La Marsa,7 500 TND,600.0,6.0,3.0,3.0,1.0,1.0,1.0,1.0,1.0,Villa,Bon état,1-5 ans,Marbre,36.91727130776472,10.30549059629046,1.0,1.0,,1.0,1.0,1.0,1.0,1.0,,,,1.0,1.0,,,,1.0,1.0,,,,1.0,,,,,,,,,,
https://www.mubawab.tn/fr/a/8048697/a-louer-une-villa-au-manar-1,A louer une villa au Manar 1,El Menzah,4 000 TND,,7.0,6.0,2.0,,1.0,,1.0,,Villa,,,,36.845235,10.164723,,,,1.0,,,,,,,,,,,,,,,,,,,,,,,,,,,,
https://www.mubawab.tn/fr/a/7923586/a-louer-une-villa-vue-sur-mer-%C3%A0-la-marsa-mvl1466,A louer une villa vue sur mer à La Marsa MVL1466,La Marsa à La Marsa,Prix à consulter,,2.0,7.0,4.0,1.0,1.0,1.0,1.0,1.0,Villa,Bon état,,,36.876389,10.325278,1.0,,,1.0,,,,,,,,,,,,,,,,,,,,,1.0,,,,,,,
https://www.mubawab.tn/fr/a/8040762/villa-vue-sur-la-mer-%C3%A0-la-marsa,Villa vue sur la mer à La Marsa,La Marsa à La Marsa,12 000 TND,300.0,7.0,5.0,5.0,1.0,,,1.0,1.0,Villa,Bon état,,,36.876389,10.325278,1.0,,,1.0,1.0,,1.0,1.0,,,1.0,,,,,,,,,,,,,,1.0,,,,,,,
https://www.mubawab.tn/fr/a/8004579/une-maison-meubl%C3%A9e-%C3%A0-sidi-bou-said,Une maison meublée à Sidi Bou Said,Sidi Bousaid à Carthage,4 000 TND,200.0,3.0,3.0,2.0,,,,1.0,1.0,Maison,Bon état,,,36.871576,10.3343581,1.0,,,1.0,,1.0,1.0,1.0,,,1.0,,1.0,,,,1.0,,,1.0,,1.0,,,1.0,1.0,,,,,,
https://www.mubawab.tn/fr/a/8033078/une-villa-meubl%C3%A9e-tr%C3%A8s-haut-standing,Une villa meublée très haut standing,Gammarth Village à La Marsa,6 000 TND,500.0,5.0,4.0,3.0,1.0,1.0,,1.0,1.0,Villa,Nouveau,1-5 ans,Marbre,36.876389,10.325278,1.0,,,1.0,,1.0,1.0,1.0,,1.0,1.0,,1.0,,,1.0,1.0,,,1.0,1.0,1.0,,,,,Est,,,,,
https://www.mubawab.tn/fr/a/8030671/duplex-vue-mer-%C3%A0-sidi-bou-said,Duplex vue mer à Sidi Bou Said,Sidi Bousaid à Carthage,5 000 TND,280.0,7.0,6.0,4.0,,1.0,,1.0,1.0,Villa,Bon état,,,36.8566,10.3258,1.0,,,1.0,1.0,,1.0,,,,1.0,,,,,,,,,,,,,,1.0,,,,,,,
https://www.mubawab.tn/fr/a/8048163/etage-de-villa-meubl%C3%A9-s3-carthage-amilcar,"Etage de villa meublé S3, Carthage Amilcar",Amilcar à Carthage,2 500 TND,100.0,4.0,3.0,2.0,,,,1.0,1.0,Villa,Bon état,5-10 ans,Marbre,36.8566,10.3258,1.0,,,1.0,,1.0,1.0,,,,,,1.0,1.0,,,1.0,,,1.0,1.0,1.0,,,,1.0,,,,,,
https://www.mubawab.tn/fr/a/7951019/villa-%C3%A0-usage-bureautique-r%C3%A9sidentiel-%C3%A0-la-mutu,Villa à usage bureautique/résidentiel à la mutu,Mutuelle Ville à El Menzah,5 000 TND,500.0,8.0,6.0,3.0,1.0,1.0,,1.0,1.0,Maison,Nouveau,,Marbre,36.845235,10.164723,1.0,,,1.0,1.0,,,1.0,1.0,,,,1.0,1.0,,,,,,1.0,,,,,,,,,,,,
https://www.mubawab.tn/fr/a/8026092/a-louer-penthouse-avec-piscine-%C3%A1-gammarth,A louer Penthouse avec piscine á Gammarth,La Marsa à La Marsa,5 500 TND,,4.0,3.0,2.0,1.0,1.0,1.0,1.0,1.0,Villa,Bon état,,,36.876389,10.325278,1.0,,,1.0,1.0,1.0,1.0,,,,,1.0,1.0,,,,1.0,1.0,,,,1.0,,,,,,,,,,
https://www.mubawab.tn/fr/a/8047784/maison-s1-%C3%A0-louer-%C3%A0-sousse,Maison S1 à louer à Sousse,Sousse Medina à Sousse Ville,Prix à consulter,100.0,4.0,,,,1.0,,,1.0,Maison,Nouveau,,,35.82424844133236,10.631098140793018,,,,1.0,,1.0,1.0,,,,1.0,1.0,,,,,,,,1.0,1.0,,1.0,,,,,1.0,,,,
https://www.mubawab.tn/fr/a/8037610/studio-moderne-%C3%A0-louer-%C3%A0-l-ann%C3%A9e-midoun-djerba,Studio moderne à louer à l'année Midoun Djerba,Djerba à Djerba,750 TND,80.0,2.0,,,,,,,1.0,Maison,Nouveau,,,33.8075978,10.8451467,,,,1.0,1.0,1.0,1.0,,,1.0,1.0,,,,,1.0,1.0,,,,1.0,1.0,1.0,,,,,1.0,,,,
https://www.mubawab.tn/fr/a/7904459/superbe-villa-pieds-ds-l-eau,Superbe Villa Pieds ds L'eau,Chott Meriem à Akouda,7 000 TND,1000.0,10.0,7.0,7.0,1.0,1.0,1.0,1.0,1.0,Villa,Bon état,,Marbre,35.87,10.57,1.0,,1.0,1.0,1.0,1.0,1.0,1.0,,1.0,1.0,1.0,1.0,,,1.0,1.0,1.0,,1.0,1.0,1.0,,,1.0,,Est,,,,,
https://www.mubawab.tn/fr/a/7730286/villa-avec-3-chambres-et-piscine-location-annuelle,Villa avec 3 chambres et piscine location annuelle,Djerba à Djerba,2 200 TND,180.0,3.0,3.0,2.0,1.0,,1.0,,1.0,Maison,Nouveau,,,33.8075978,10.8451467,1.0,,,1.0,1.0,1.0,1.0,,,1.0,1.0,,,,,,1.0,,,,1.0,1.0,,,,,,,,,,
https://www.mubawab.tn/fr/a/8045156/villa-%C3%A0-louer-gammarth,Villa à louer Gammarth,Gammarth à La Marsa,6 500 TND,317.0,6.0,4.0,3.0,1.0,1.0,1.0,1.0,1.0,Maison,Bon état,,,36.876389,10.325278,1.0,,,1.0,1.0,,,1.0,,,,1.0,1.0,,,,,,,,,,,,,,,,,,,
https://www.mubawab.tn/fr/a/8008478/villa-%C3%A0-louer-%C3%A0-la-marsa,Villa à louer à La Marsa,La Marsa à La Marsa,6 500 TND,600.0,6.0,4.0,3.0,1.0,1.0,1.0,1.0,,Villa,Bon état,,,36.876389,10.325278,1.0,,,1.0,1.0,,,1.0,,,,,1.0,,,,,,,,,,,,,,,,,,,
https://www.mubawab.tn/fr/a/8047189/maison-ind%C3%A9pendante-%C3%A0-louer,Maison indépendante à louer,Cité Ain Meriem à Bizerte Nord,1 000 TND,160.0,4.0,3.0,,,1.0,,,1.0,Maison,Nouveau,Moins d'un an,Carrelage,37.294578603047526,9.87236064285277,1.0,,1.0,,1.0,,,,,,1.0,,1.0,,,,,,,,,,1.0,,,,Nord,,,,,
https://www.mubawab.tn/fr/a/7993669/villa-s4-avec-jardin-%C3%A0-la-marsa-mvl1397,Villa S4 avec jardin à La Marsa MVL1397,La Marsa à La Marsa,6 000 TND,,,4.0,3.0,1.0,1.0,,1.0,1.0,Villa,Bon état,,,36.876389,10.325278,1.0,,,1.0,,,,,,,,,,,1.0,,,,,,,,,,,,,,,,,
https://www.mubawab.tn/fr/a/8046987/maison-a-louer-a-cite-erriadh-bouficha,Maison a louer a cite erriadh BOUFICHA,Bouficha,400 TND,115.0,3.0,2.0,,,,,,,Maison,Nouveau,Moins d'un an,,36.30084,10.45554,1.0,,,,,,,,,,,,,,,,,,,,,,1.0,,,,Nord,,,,,
https://www.mubawab.tn/fr/a/8046533/villa-meubl%C3%A9e-%C3%A0-la-marsa,Villa Meublée à La Marsa,Cité Les Pins à La Marsa,Prix à consulter,,4.0,3.0,3.0,1.0,1.0,1.0,,1.0,Villa,Bon état,1-5 ans,Marbre,36.876389,10.325278,1.0,,,1.0,1.0,1.0,1.0,,,1.0,1.0,,1.0,,,1.0,1.0,,,1.0,1.0,1.0,,,,,,,,,,
https://www.mubawab.tn/fr/a/8046446/villa-de-luxe-avec-piscine-et-sans-meuble,Villa de luxe avec piscine et sans meuble,Djerba à Djerba,2 200 TND,600.0,4.0,3.0,3.0,1.0,1.0,1.0,,,Villa,Nouveau,1-5 ans,Carrelage,33.8075978,10.8451467,1.0,,,,,,1.0,,,,,,,,,,1.0,,,,,1.0,,,1.0,,,,,,,
https://www.mubawab.tn/fr/a/8045692/villa-location-de-vacance,Villa location de vacance,Midoune à Midoun,Prix à consulter,,4.0,3.0,3.0,1.0,1.0,1.0,,1.0,Villa,Nouveau,Moins d'un an,,33.866667,10.85,1.0,,,1.0,1.0,1.0,1.0,,,1.0,1.0,,,,,,1.0,,,1.0,1.0,1.0,,,,,,,,,,
https://www.mubawab.tn/fr/a/8046273/etage-de-villa-s4-meubl%C3%A9-%C3%A0-louer-%C3%A0-menzah-5,Etage de villa S4 meublé à louer à Menzah 5,El Menzah,2 700 TND,200.0,5.0,4.0,2.0,,1.0,,1.0,,Maison,,,,36.845235,10.164723,1.0,,,1.0,,,,,,,,,,,,,,,,,,,,,,,,,,,,
https://www.mubawab.tn/fr/a/8046264/etage-de-villa-%C3%A0-louer-%C3%A0-cit%C3%A9-el-ghazala,Etage de villa à louer à Cité El Ghazala,Ariana Ville,1 400 TND,170.0,4.0,3.0,,,,,1.0,,Maison,,,,36.8625,10.19556,1.0,,,,,,,,,,,,,,,,,,,,,,1.0,,,,,,,,,
https://www.mubawab.tn/fr/a/8046223/a-louer-villa-aux-berges-du-lac-1,A louer villa aux berges du lac 1,La Marsa,12 000 TND,950.0,7.0,,,1.0,,1.0,,,Villa,,,,36.876389,10.325278,,,,,,,,,1.0,,,,,,,,,,,,,,,,,,,,,,,
https://www.mubawab.tn/fr/a/8039805/location-villa-de-luxe-%C3%A0-cit%C3%A9-el-hana-surface-de-325-m%C2%B2-belle-terrasse-et-jardin,Location villa de luxe à Cité El Hana. Surface de 325 m². Belle terrasse et jardin,Cité El Hana à La Marsa,3 500 TND,325.0,,4.0,3.0,1.0,1.0,,1.0,1.0,Villa,Bon état,1-5 ans,Marbre,36.8791056,10.3064889,1.0,,,1.0,1.0,,1.0,1.0,,,1.0,1.0,1.0,,,,,,,,,,,,,,Nord,,,,,
https://www.mubawab.tn/fr/a/8044149/luxueux-villa-avec-piscine-%C3%A0-cit%C3%A9-ennasr-2,Luxueux villa avec piscine à cité Ennasr 2,Cité Ennasr 2 à Ariana Ville,3 800 TND,400.0,10.0,7.0,3.0,1.0,1.0,1.0,1.0,1.0,Villa,Nouveau,1-5 ans,,36.8625,10.19556,1.0,,,1.0,1.0,,,,,,,1.0,1.0,,,,,1.0,,,,,,,,,,,,,,
https://www.mubawab.tn/fr/a/7863918/coquette-villa-meubl%C3%A9e-%C3%A0-carthage,Coquette villa meublée à Carthage,Carthage à Carthage,7 500 TND,200.0,4.0,3.0,2.0,1.0,,1.0,,,Villa,Bon état,,,36.8694317,10.3164051,1.0,,,,,,,,,,,,,,,,,,,,,,,,1.0,,,,,,,
https://www.mubawab.tn/fr/a/8045820/location-d-une-villa-au-lac1,Location d'une villa au lac1,Les Berges Du Lac 1 à La Marsa,4 000 TND,259.0,4.0,4.0,,,,,,,Maison,Nouveau,,,36.876389,10.325278,,,,,,,,,,,,,,,,,,,,,,,1.0,,,,,,,,,
https://www.mubawab.tn/fr/a/8043558/a-louer-villa-de-ma%C3%AEtre-la-soukra,"A louer villa de maître, La Soukra",La Soukra à La Soukra,6 500 TND,1000.0,7.0,6.0,4.0,1.0,1.0,1.0,1.0,1.0,Villa,Bon état,,,36.88833,10.27417,1.0,1.0,1.0,1.0,1.0,1.0,1.0,1.0,,1.0,1.0,1.0,1.0,,,1.0,1.0,1.0,,1.0,1.0,1.0,,1.0,1.0,1.0,,,,,,
https://www.mubawab.tn/fr/a/8045605/a-louer-rez-de-jardin-s3-%C3%A0-carthage-salamb%C3%B4,A louer Rez de jardin S3 à Carthage Salambô,Carthage à Carthage,2 500 TND,,,4.0,,1.0,1.0,,1.0,1.0,Maison,,,,36.8694317,10.3164051,,,,1.0,,,1.0,,,,,1.0,,,,,,,,1.0,,,,,,,,,,,,
https://www.mubawab.tn/fr/a/7683725/villa-moderne-en-location-%C3%A0-carthage,Villa moderne en location à Carthage,Carthage à Carthage,8 000 TND,400.0,7.0,6.0,3.0,1.0,1.0,,1.0,1.0,Villa,Bon état,,,36.8566,10.3258,1.0,,,1.0,,,,1.0,,1.0,,,,,,,,,,,,,,,1.0,,,,,,,
https://www.mubawab.tn/fr/a/8044886/location-studio-pour-fille,Location Studio Pour fille,Nouvelle Medina à Nouvelle Medina,500 TND,80.0,,,,,,,,1.0,Maison,Bon état,1-5 ans,,36.78898,10.18348,1.0,,,1.0,,1.0,1.0,,,,1.0,1.0,,,1.0,1.0,,,,1.0,1.0,,1.0,,,,Nord,1.0,,,,
https://www.mubawab.tn/fr/a/8044764/location-d-une-villa-s5-neuf-%C3%A0-la-marsa,Location d'une villa S5 neuf à la marsa,La Marsa à La Marsa,12 000 TND,400.0,5.0,5.0,,,,1.0,,,Maison,Nouveau,,,36.876389,10.325278,,,,,,,,,,,,,,,,,,,,,,,1.0,,,,,,,,,
https://www.mubawab.tn/fr/a/8044361/duplex-s7-%C3%A0-louer-%C3%A0-sidi-bou-said,Duplex S7 à louer à Sidi Bou Said,Sidi Bousaid à Carthage,6 000 TND,300.0,5.0,7.0,,,,,,,Maison,Nouveau,,,36.8566,10.3258,1.0,,,,,,,,,,,,,,,,,,,,,,1.0,,,,,,,,,
https://www.mubawab.tn/fr/a/8040112/coquette-villa-%C3%A0-gammarth-avec-vue-sur-for%C3%AAt,Coquette villa à gammarth avec vue sur forêt,Gammarth Supérieur à La Marsa,5 000 TND,355.0,,4.0,3.0,1.0,1.0,1.0,1.0,1.0,Villa,Bon état,1-5 ans,Marbre,36.879074900000006,10.3065113,1.0,,,1.0,1.0,,,1.0,,,1.0,1.0,1.0,,,,,,,,,,,,,,Nord,,,,,
https://www.mubawab.tn/fr/a/8009238/jolie-villa-meubl%C3%A9e-%C3%A0-louer-%C3%A0-l%E2%80%99ann%C3%A9e-%C3%A0-t%C3%A9zadine,Jolie villa meublée à louer à l’année à Tézadine,Tezdaine,1 400 TND,200.0,4.0,3.0,2.0,1.0,,,,,Maison,Bon état,,,33.8039664,11.0400653,1.0,,,,,,,,,,,,,,,,,,,1.0,,,,,1.0,,,,,,,
https://www.mubawab.tn/fr/a/8005019/belle-villa-vue-de-mer-pour-location,Belle villa Vue De Mer Pour Location,Aghir,3 000 TND,500.0,4.0,3.0,3.0,1.0,1.0,1.0,,1.0,Villa,Bon état,,,33.759722,11.01251,1.0,,,1.0,,,,,,,,1.0,,,,,,,,1.0,1.0,,,,1.0,,,,,,,
https://www.mubawab.tn/fr/a/7891587/villa-de-ma%C3%AEtre-%C3%A0-la-location-%C3%A0-alain-savary,Villa de maître à la location à Alain Savary,Cité Jardins à Cité El Khadra,Prix à consulter,1000.0,7.0,6.0,4.0,1.0,1.0,,1.0,1.0,Villa,Bon état,10-20 ans,Marbre,36.8256005,10.1784327,1.0,,,1.0,1.0,,1.0,,,1.0,1.0,1.0,1.0,,,1.0,1.0,1.0,,,,,,,,,Nord,,,,,
https://www.mubawab.tn/fr/a/8043550/maison-%C3%A0-louer-%C3%A0-jardin-d-el-manzah-2,Maison à louer à jardin d'El manzah 2,Les Jardins d'El Menzah 2 à Ariana Ville,450 TND,100.0,,2.0,,,,,,,Maison,Bon état,,,36.859673,10.134291,,,,,,,,,,,,,,,1.0,,,,,,,,1.0,,,,,,,,,
https://www.mubawab.tn/fr/a/8039597/duplex-s4-lac-1,Duplex S4 lac 1,Les Berges Du Lac 1 à La Marsa,3 500 TND,250.0,4.0,3.0,3.0,1.0,1.0,,1.0,1.0,Maison,Bon état,Moins d'un an,Marbre,36.83074071778598,10.221214641247537,1.0,1.0,1.0,1.0,1.0,1.0,1.0,1.0,,1.0,1.0,1.0,1.0,,,,,,,,,,,,1.0,,Nord,,,,,
https://www.mubawab.tn/fr/a/8039188/a-louer-villa-%C3%A0-gammarth-for%C3%AAt-avec-piscine-r%C3%A9f35a,A louer villa à Gammarth Forêt avec piscine Réf35A,Gammarth à La Marsa,6 000 TND,,5.0,4.0,3.0,,1.0,1.0,1.0,,Maison,Nouveau,,,36.876389,10.325278,,,,,,,,,,,,,,,,,,,,,,,,,,,,,,,,
https://www.mubawab.tn/fr/a/7677980/villa-meubl%C3%A9e-avec-piscine-%C3%A0-sidi-bousaid,"Villa meublée, avec piscine à Sidi Bousaid",Sidi Bousaid à Carthage,Prix à consulter,240.0,4.0,3.0,3.0,,1.0,1.0,1.0,1.0,Villa,Nouveau,,,36.8566,10.3258,1.0,,,1.0,1.0,1.0,1.0,1.0,,1.0,1.0,1.0,1.0,,,,1.0,1.0,,1.0,1.0,1.0,,,,1.0,,,,,,
https://www.mubawab.tn/fr/a/8026533/villa-s3-%C3%A0-sidi-bou-said,Villa S3 à Sidi Bou Said,Sidi Bousaid à Carthage,5 500 TND,300.0,4.0,3.0,2.0,1.0,1.0,,1.0,1.0,Villa,Bon état,,,36.8566,10.3258,,,,1.0,1.0,,,,,,1.0,,,,,,,,,,,,,,,,,,,,,
https://www.mubawab.tn/fr/a/8026560/a-louer-une-villa-%C3%A0-ennasr-2,A louer une Villa à Ennasr 2,Cité Ennasr 2 à Ariana Ville,Prix à consulter,450.0,6.0,6.0,,,,,1.0,1.0,Villa,Nouveau,,,36.8625,10.19556,1.0,,,1.0,,,,,,,,,,,,,,,,,,,1.0,,,,,,,,,
https://www.mubawab.tn/fr/a/8041629/villa-meubl%C3%A9e-%C3%A0-louer-%C3%A0-gammarth,Villa Meublée à Louer à Gammarth,Gammarth à La Marsa,15 000 TND,,5.0,5.0,,,,,,1.0,Maison,Nouveau,,,36.876389,10.325278,,,,,,,,,,,,,,,,,,,,,,,1.0,,1.0,,,,,,,
https://www.mubawab.tn/fr/a/7791732/villa-s4-%C3%A0-la-marsa-%C3%A0-louer,Villa S4 à la Marsa à louer,La Marsa à La Marsa,4 000 TND,350.0,5.0,4.0,2.0,1.0,1.0,,1.0,,Villa,Bon état,1-5 ans,,36.876389,10.325278,1.0,,,1.0,1.0,,,,,,,1.0,,,,,,,,,,,,,,,,,,,,
https://www.mubawab.tn/fr/a/8042664/duplex-aux-uv4-menzah6,Duplex aux uv4 menzah6,El Menzah 6 à Ariana Ville,900 TND,130.0,5.0,3.0,,,,,,,Maison,Bon état,,,36.8491088,10.1661239,1.0,,,,,,,1.0,,,,,,,,,,,,,,,1.0,,,,,,,,,
https://www.mubawab.tn/fr/a/8042513/location-etage-de-villa-a-ariana,Location etage de villa a ariana,Ariana à Ariana Ville,1 200 TND,130.0,4.0,3.0,,,1.0,,,,Maison,Bon état,5-10 ans,,36.8625,10.19556,,,,,,,,,,,1.0,,,,,,,,,,,,1.0,,,,,,,,,
https://www.mubawab.tn/fr/a/7941955/a-louer-rdc-s2-%C3%A0-mutuelle-ville,A louer RDC S2 à Mutuelle ville,Mutuelle Ville à El Menzah,2 000 TND,110.0,3.0,2.0,,,,,1.0,1.0,Villa,Bon état,,,36.8316382,10.1641474,1.0,,,1.0,,1.0,1.0,,,,,,,,,,1.0,,,1.0,1.0,1.0,1.0,,,,,,,,,
https://www.mubawab.tn/fr/a/7856577/location-annuelle-villa-s2-avec-garage-%C3%A0-tezdaine,Location annuelle villa s2 avec garage à Tezdaine,Djerba à Djerba,900 TND,,4.0,2.0,,1.0,1.0,,,1.0,Maison,Bon état,,,33.795067103632164,11.038960260503863,1.0,,,1.0,,1.0,1.0,,,1.0,,,,,,,,,,1.0,1.0,1.0,1.0,,,,,,,,,
https://www.mubawab.tn/fr/a/8023973/villa-s6-au-lac-2-avec-piscine-et-jardin,Villa s6 au Lac 2 avec piscine et jardin,Les Berges Du Lac 2 à La Marsa,12 000 TND,800.0,8.0,6.0,6.0,1.0,1.0,1.0,1.0,1.0,Villa,Bon état,1-5 ans,,36.876389,10.325278,,1.0,1.0,1.0,1.0,,1.0,,,,,1.0,1.0,,,,,1.0,,,,,,,,,,,,,,
https://www.mubawab.tn/fr/a/8025711/location-villa-avec-piscine-%C3%A0-carthage,Location villa avec piscine à carthage,Carthage à Carthage,6 500 TND,180.0,4.0,3.0,,,,1.0,,,Maison,Nouveau,,,36.8566,10.3258,,,,,,,,,,,,,,,,,,,,,,,1.0,,,,,,,,,
https://www.mubawab.tn/fr/a/7759669/villa-s3-plain-pieds-avec-piscine-%C3%A0-hammamet-sud,"Villa S3, plain pieds avec piscine à Hammamet Sud",Hammamet Sud à Hammamet,3 000 TND,,7.0,3.0,2.0,1.0,1.0,1.0,,1.0,Villa,Bon état,,,36.40108,10.61457,1.0,,,1.0,1.0,1.0,1.0,,,,,1.0,,,,,1.0,1.0,,1.0,1.0,1.0,,,,,,,,,,
https://www.mubawab.tn/fr/a/7994371/triplex-avec-jardin-%C3%A0-louer-la-marsa,Triplex avec jardin à louer La Marsa,Cité Les Pins à La Marsa,5 500 TND,,7.0,6.0,3.0,1.0,1.0,,1.0,1.0,Maison,Bon état,,,36.876389,10.325278,1.0,,,1.0,1.0,1.0,1.0,,,,,1.0,1.0,,,,,,,,,,,,,,,,,,,
https://www.mubawab.tn/fr/a/8006757/rdc-s2-%C3%A0-louer-la-marsa,Rdc s2 à louer La Marsa,La Marsa à La Marsa,2 800 TND,,3.0,2.0,,1.0,,,1.0,1.0,Maison,Nouveau,,,36.876389,10.325278,,,,1.0,,,,,,,,,,,,,,,,,,,1.0,,,,,,,,,
https://www.mubawab.tn/fr/a/8041633/a-louer-une-villa-meubl%C3%A9e-%C3%A0-gammarthr%C3%A9f57a,A louer une villa meublée à GammarthRéf57A,Gammarth Supérieur à La Marsa,10 000 TND,,7.0,6.0,4.0,,,1.0,1.0,,Villa,Nouveau,,,36.876389,10.325278,1.0,,1.0,,,,1.0,,,,,,,,,,,,,,,,,,,,,,,,,
https://www.mubawab.tn/fr/a/7989386/villa-s3-%C3%A0-sidi-dhrif-avec-piscine,Villa S3 à Sidi Dhrif avec piscine,Sidi Bousaid à Carthage,3 000 TND,300.0,4.0,3.0,2.0,1.0,,1.0,1.0,1.0,Villa,Bon état,10-20 ans,,36.8566,10.3258,1.0,,,1.0,,1.0,,,,,,,,,,,,,,,,,,,,1.0,Est,,,,,
https://www.mubawab.tn/fr/a/7953598/villa-vue-sur-mer-%C3%A0-la-marsa,Villa vue sur mer à la Marsa,La Marsa à La Marsa,8 000 TND,500.0,5.0,5.0,,,1.0,1.0,,1.0,Maison,Nouveau,,,36.876389,10.325278,1.0,,,,,,,,,,,,,,,,,,,,,,1.0,,1.0,,,,,,,
https://www.mubawab.tn/fr/a/8040983/a-louer-une-villa-s3-meubl%C3%A9-%C3%A0-la-marsa,A louer une villa s3 meublé à la Marsa,Cité Les Pins à La Marsa,8 000 TND,,4.0,3.0,3.0,,,1.0,1.0,,Maison,Nouveau,,,36.876389,10.325278,1.0,,1.0,,,,1.0,,,,,,,,,,,,,,,,,,,,,,,,,
https://www.mubawab.tn/fr/a/7911639/magnifique-villa-vue-sur-mer-%C3%A0-gammarth-ref1862,Magnifique villa vue sur mer à Gammarth Ref1862,Gammarth Supérieur à La Marsa,15 000 TND,600.0,7.0,5.0,5.0,1.0,1.0,1.0,1.0,1.0,Villa,Nouveau,1-5 ans,,36.88852163644866,10.319057474767046,1.0,,,1.0,1.0,,,,,,,1.0,1.0,,,,,,,,,,,,1.0,1.0,,,,,,
https://www.mubawab.tn/fr/a/8032829/villa-s3-meubl%C3%A9e,Villa S3 Meublée,La Marsa à La Marsa,5 000 TND,350.0,4.0,3.0,2.0,1.0,1.0,1.0,1.0,1.0,Villa,Bon état,10-20 ans,,36.876389,10.325278,1.0,,1.0,1.0,,1.0,1.0,,,1.0,1.0,1.0,,,,1.0,1.0,1.0,,1.0,1.0,1.0,,,,,,,,,,
https://www.mubawab.tn/fr/a/8040305/a-louer-un-triplex-tout-neuf-%C3%A0-gammarth,A louer un triplex tout neuf à Gammarth,Gammarth à La Marsa,7 000 TND,,5.0,4.0,3.0,,1.0,1.0,1.0,,Villa,Nouveau,,,36.876389,10.325278,1.0,,,,,,,,,,,,,,,,,,,,,,,,,,,,,,,
https://www.mubawab.tn/fr/a/8036628/%C3%A0-louer-%C3%A9tage-de-villa-s4-meubl%C3%A9,À LOUER étage de villa S4 meublé,Cité Du Stade à La Marsa,2 300 TND,200.0,5.0,4.0,2.0,,,,1.0,1.0,Maison,Bon état,,,36.876389,10.325278,1.0,,,1.0,,1.0,1.0,,,1.0,,,,,,,1.0,,,1.0,1.0,1.0,,,,,,,,,,
https://www.mubawab.tn/fr/a/8031905/location-d-une-villa-au-lac2,Location d'une villa au lac2,Les Berges Du Lac 2 à La Marsa,10 000 TND,750.0,6.0,6.0,,,1.0,1.0,,,Maison,Nouveau,,,36.876389,10.325278,,,,,,,,,,,,,,,,,,,,,,,1.0,,,,,,,,,
https://www.mubawab.tn/fr/a/7947903/a-louer-une-villa-s5-avec-piscine-a-sidi-bou-sa%C3%AFd,A louer une villa s5 avec piscine a Sidi Bou Saïd,Sidi Bousaid à Carthage,5 500 TND,600.0,7.0,5.0,3.0,1.0,1.0,1.0,1.0,1.0,Villa,Bon état,,,36.8566,10.3258,1.0,1.0,,1.0,,,,,,,,1.0,,,,,,,,,,,,,,,,,,,,
https://www.mubawab.tn/fr/a/8015829/magnifique-villa-tr%C3%A8s-moderne-vide,Magnifique villa très moderne vide,Carthage à Carthage,Prix à consulter,600.0,8.0,4.0,4.0,,1.0,1.0,,,Villa,Nouveau,Moins d'un an,Marbre,36.8694317,10.3164051,1.0,,,,,,,,,,,,,,,,,,,,,,,,,,Est,,,,,
https://www.mubawab.tn/fr/a/8020010/a-louer-appartement-s3-cit%C3%A9-khalil-la-marsa,A louer Appartement S3 cité Khalil la Marsa,Cité El Khalil à La Marsa,1 350 TND,180.0,3.0,3.0,2.0,,,,,,Maison,Nouveau,1-5 ans,Carrelage,36.876389,10.325278,1.0,,,,1.0,1.0,,1.0,,1.0,1.0,,1.0,,,,,,,,,,,,,1.0,Est,,,,,
https://www.mubawab.tn/fr/a/8040026/a-louer-une-villa-%C3%A0-gammarth-la-zone-touristique,A louer une villa à Gammarth la zone Touristique,Gammarth à La Marsa,8 000 TND,,7.0,6.0,,,1.0,1.0,1.0,,Villa,Nouveau,,,36.876389,10.325278,1.0,,,,,,,,,,,,,,,,,,,,,,1.0,,,,,,,,,
https://www.mubawab.tn/fr/a/8026949/a-louer-une-charmante-villa-s5-avec-piscine-%C3%A0-choutrana-1,A Louer Une Charmante Villa S5 Avec Piscine à Choutrana 1,Chotrana 1 à La Soukra,4 200 TND,,5.0,5.0,,,,1.0,1.0,,Maison,Nouveau,,,36.883333,10.25,,,,1.0,,,,1.0,1.0,,,1.0,,,,,,,,,,,1.0,,,,,,,,,
https://www.mubawab.tn/fr/a/8038709/a-louer-villa-tr%C3%A8s-haute-standing-%C3%A0-cite-el-faouez,A louer villa très haute standing à cite el faouez,Cité Ennasr 2 à Ariana Ville,2 700 TND,300.0,4.0,3.0,4.0,1.0,1.0,,1.0,1.0,Villa,Nouveau,Moins d'un an,Marbre,36.8625,10.19556,1.0,,,1.0,1.0,,1.0,1.0,,,,1.0,1.0,,,,,1.0,,,,,,,,1.0,,,,,,
https://www.mubawab.tn/fr/a/8039828/villa-de-haut-standing-%C3%A0-louer-%C3%A0-gammarth-superficie-200-m%C2%B2-porte-s%C3%A9curis%C3%A9e-et-chauffage-central,Villa de haut standing à louer à Gammarth. Superficie 200 m². Porte sécurisée et chauffage central,Gammarth à La Marsa,2 400 TND,200.0,,3.0,2.0,1.0,1.0,,1.0,1.0,Villa,Nouveau,1-5 ans,Marbre,36.8791056,10.3064889,1.0,,,1.0,1.0,,1.0,1.0,,,1.0,1.0,1.0,,,,,,,,,,,,,,Nord,,,,,
https://www.mubawab.tn/fr/a/8039787/maisonnette-s1-rdc-haut-standing-meubl%C3%A9,Maisonnette s1 rdc haut standing meublé,Borj Cedria à Hammam Chatt,Prix à consulter,70.0,2.0,,,,,,1.0,1.0,Maison,Bon état,1-5 ans,,36.658969,10.405946,1.0,,,1.0,,1.0,1.0,,,,1.0,,,,,,,,,1.0,1.0,1.0,1.0,,,,,1.0,,,,
https://www.mubawab.tn/fr/a/8023935/coquet-duplex-s2-avec-jardin-%C3%A0-gammarth,Coquet duplex s2 avec jardin à Gammarth,Gammarth à La Marsa,2 800 TND,180.0,,2.0,,1.0,,,,,Villa,,,,36.917739,10.288893,,,,,,,1.0,,,,,1.0,,,,,,,,,,,,,,,,,,,,
https://www.mubawab.tn/fr/a/8039560/a-louer-une-villa-%C3%A0-la-marsa-les-pins-r%C3%A9f23a,A louer une villa à La Marsa les Pins; Réf23A,La Marsa à La Marsa,7 000 TND,,,3.0,,,,1.0,1.0,1.0,Villa,Bon état,,,36.876389,10.325278,,,,,,,,,,,,,,,1.0,,,,,,,,1.0,,,,,,,,,
https://www.mubawab.tn/fr/a/8038305/villa-de-luxe-a-louer-a-borj-touil,Villa de luxe a louer a borj touil,Borj Touil à Raoued,2 800 TND,300.0,5.0,5.0,3.0,1.0,1.0,1.0,1.0,1.0,Villa,Nouveau,5-10 ans,,36.93233300000001,10.142317000000002,1.0,,1.0,1.0,,,,,,,1.0,,1.0,,,,,,,,,,,,,1.0,Est,,,,,
https://www.mubawab.tn/fr/a/8003175/villa-%C3%A0-vendre-%C3%A0-chatt-mariem,Villa à vendre à CHATT MARIEM,Chott Meriem à Akouda,700 000 TND,730.0,6.0,3.0,,1.0,,,,,Villa,Bon état,,,35.87,10.57,,,,1.0,,,,,,,,,,,,,,,,,,,1.0,,,,,,,,,
https://www.mubawab.tn/fr/a/7683157/a-louer-une-magnifique-villa-jumel%C3%A9e-a-la-soukra,A louer une magnifique villa jumelée a la Soukra,Chotrana 1 à La Soukra,4 200 TND,394.0,5.0,5.0,3.0,1.0,1.0,1.0,1.0,1.0,Villa,Nouveau,,,36.883333,10.25,1.0,1.0,,1.0,1.0,,,1.0,,,,1.0,1.0,,,,,,,,,,,,,,,,,,,
https://www.mubawab.tn/fr/a/8037700/a-louer-une-villa-en-s5-avec-piscine-%C3%A0-carthage-r%C3%A9f6a,A louer une villa en s5 avec piscine à Carthage réf6A,Amilcar à Carthage,13 000 TND,500.0,5.0,5.0,,,1.0,1.0,,1.0,Maison,Nouveau,,,36.8566,10.3258,1.0,,,,,,,,,,,,,,,,,,,,,,1.0,,,,,,,,,
https://www.mubawab.tn/fr/a/8038844/maison-s3-de-plein-pied-gammarth,"Maison S3 de plein pied, Gammarth",Gammarth à La Marsa,2 000 TND,530.0,4.0,3.0,2.0,1.0,1.0,,,1.0,Villa,Bon état,,Carrelage,36.876389,10.325278,1.0,,,1.0,,1.0,1.0,,,,,,,,,,1.0,1.0,,,,1.0,,,,,,,,,,
https://www.mubawab.tn/fr/a/8035597/villa-s4-avec-piscine-%C3%A0-la-marsa,Villa S4 avec piscine à La Marsa,La Marsa à La Marsa,4 800 TND,,7.0,6.0,5.0,1.0,1.0,1.0,1.0,1.0,Villa,Bon état,1-5 ans,Carrelage,36.876389,10.325278,1.0,,,1.0,1.0,1.0,1.0,1.0,,1.0,1.0,1.0,1.0,,,1.0,,1.0,,,,,,,,,,,,,,
https://www.mubawab.tn/fr/a/8038739/superbe-villa-s3-avec-une-terrasse-%C3%A0-cit%C3%A9-faouez,Superbe Villa S3 avec une terrasse à Cité Faouez,Cité Ennasr 2 à Ariana Ville,2 700 TND,200.0,4.0,3.0,4.0,,,,1.0,1.0,Villa,Bon état,5-10 ans,,36.8625,10.19556,1.0,,,1.0,1.0,,1.0,,,,,,,,,,,,,,,,,,,,,,,,,
https://www.mubawab.tn/fr/a/7860219/location-villa-s5-sidi-boussaid,Location Villa S5 Sidi Boussaid,Sidi Bousaid à Carthage,7 000 TND,1000.0,7.0,5.0,4.0,1.0,1.0,,1.0,1.0,Villa,Bon état,20-30 ans,Marbre,36.871576,10.3343581,1.0,,,1.0,1.0,,,1.0,,1.0,,,,,,,,,,,,,,,,,,,,,,
https://www.mubawab.tn/fr/a/8038706/location-etage-de-villa-nord-hilton-le-belv%C3%A9d%C3%A8re,Location Etage de villa Nord Hilton le Belvédère,Mutuelle Ville à El Menzah,3 000 TND,240.0,4.0,3.0,2.0,1.0,,,1.0,,Maison,Bon état,5-10 ans,Marbre,36.845235,10.164723,1.0,,1.0,1.0,1.0,,1.0,,,1.0,1.0,1.0,1.0,,,1.0,,,,,,,,,,1.0,Nord,,,,,
https://www.mubawab.tn/fr/a/7855907/villa-avec-piscine-%C3%A0-gammarth-sup,Villa avec piscine à Gammarth Sup,Gammarth Supérieur à La Marsa,5 500 TND,600.0,5.0,4.0,3.0,1.0,1.0,1.0,1.0,1.0,Villa,Bon état,1-5 ans,Marbre,36.876389,10.325278,1.0,,,,,,,,,1.0,,,,,,,,,,,,,,,,,,,,,,
https://www.mubawab.tn/fr/a/8038014/a-louer-%C3%A9tage-de-villa-%C3%A0-el-bhira-bizerte,A Louer étage de Villa à El Bhira Bizerte,Bizerte à Bizerte Nord,900 TND,150.0,4.0,3.0,,,,,,,Maison,,,,37.1303,9.7506777,1.0,,,,,,,,,,,,,,,,,,,,,,,,,,,,,,,
https://www.mubawab.tn/fr/a/8037689/a-louer-une-villa-s4-avec-piscine-%C3%A0-gammarth-r%C3%A9f-10a,A louer une Villa S4 avec piscine à Gammarth réf 10a,Gammarth à La Marsa,9 000 TND,,6.0,4.0,3.0,,1.0,1.0,,,Maison,Nouveau,,,36.876389,10.325278,1.0,,,,,,,,,,,,,,,,,,,,,,,,,,,,,,,
https://www.mubawab.tn/fr/a/8014934/magnifique-villa-%C3%A0-louer-%C3%A0-manar-1,Magnifique villa à louer à manar 1,El Manar 1 à El Menzah,3 400 TND,600.0,7.0,5.0,3.0,1.0,1.0,,1.0,,Villa,Bon état,5-10 ans,Marbre,36.845235,10.164723,1.0,,,,,,,,,,,1.0,,,,,,,,,,,,,,,,,,,,
https://www.mubawab.tn/fr/a/8037461/villa-individuelle-en-location,Villa individuelle en location,Gammarth à La Marsa,3 000 TND,,,,,1.0,,,1.0,1.0,Villa,,,,36.917739,10.288893,1.0,,,1.0,,1.0,1.0,,,,,,,,,,,,,1.0,,,,,,,,,,,,
https://www.mubawab.tn/fr/a/8037210/a-louer-une-villa-aux-berges-du-lac1-r%C3%A9f%C3%A9rence-24,A louer une villa aux Berges du Lac1 référence 24,Les Berges Du Lac 1 à La Marsa,4 200 TND,,5.0,4.0,3.0,,,,,1.0,Villa,Nouveau,,,36.876389,10.325278,1.0,,,,,,,,,,,,,,,,,,,,,,,,,,,,,,,
https://www.mubawab.tn/fr/a/8037147/a-louer-une-villa-%C3%A0-usage-bureautique-%C3%A0-la-marsa-sidi-daoued,A louer une villa à usage bureautique à La Marsa Sidi daoued,Sidi Daoued à La Marsa,4 800 TND,,6.0,5.0,3.0,,,,,,Villa,Nouveau,,,36.876389,10.325278,1.0,,,,,,,,,,,,,,,,,,,,,,,,,,,,,,,
https://www.mubawab.tn/fr/a/8037066/superbe-villa-%C3%A0-louer-%C3%A0-cit%C3%A9-ennasr-2-surface-totale-500-m%C2%B2-meubl%C3%A9,Superbe villa à louer à Cité Ennasr 2. Surface totale 500 m². Meublé,Cité Ennasr 2 à Ariana Ville,250 TND,500.0,2.0,3.0,3.0,1.0,1.0,,,,Villa,Nouveau,5-10 ans,Marbre,36.86696332882798,10.160608738670277,1.0,,,,,,,,,,,,,,,,,,,1.0,,,,,,,,,,,,
https://www.mubawab.tn/fr/a/8036945/a-louer-villa-s5-avec-piscine-%C3%A0-gammarth-r%C3%A9f21a,A louer villa S5 avec piscine à Gammarth réf21A,La Marsa à La Marsa,6 000 TND,800.0,6.0,5.0,3.0,,1.0,1.0,,1.0,Maison,Nouveau,,,36.876389,10.325278,,,1.0,,,,,,,,,,,,,,,,,,,,,,,,,,,,,
https://www.mubawab.tn/fr/a/7959766/triplex-avec-piscine-%C3%A0-gammarth,Triplex avec piscine à Gammarth,Gammarth à La Marsa,4 500 TND,,2.0,4.0,4.0,,,1.0,1.0,1.0,Villa,Bon état,,,36.876389,10.325278,1.0,,,1.0,1.0,1.0,1.0,1.0,,,,,1.0,,,,1.0,,,,,,,,1.0,1.0,,,,,,
https://www.mubawab.tn/fr/a/8009593/duplex-en-s3,Duplex en S3,Hammamet à Hammamet,1 400 TND,250.0,3.0,3.0,,,,,,,Maison,Nouveau,,,36.40108,10.61457,,,,,,,,,,,,,,,,,,,,,,,1.0,,,,,,,,,
https://www.mubawab.tn/fr/a/7893084/triplex-s5-avec-jardin-%C3%A0-la-marsa,Triplex S5 avec jardin à La Marsa,La Marsa à La Marsa,5 500 TND,300.0,5.0,5.0,3.0,1.0,1.0,,1.0,1.0,Villa,Bon état,5-10 ans,Marbre,36.876389,10.325278,1.0,1.0,,1.0,1.0,,1.0,,,,1.0,1.0,1.0,,,,,,,,,,,,,1.0,,,,,,
https://www.mubawab.tn/fr/a/8036772/coquette-maisonnette-s3-%C3%A0-louer-%C3%A0-carthage,Coquette Maisonnette S3 à louer à Carthage,La Marsa à La Marsa,4 500 TND,350.0,,,,1.0,,,,,Villa,,,,36.8941992,10.2762232,1.0,,,,,,,,,,,,,,,,,,,,,,,,,,,,,,,
https://www.mubawab.tn/fr/a/8023998/location-villa-avec-un-grand-jardin-au-lac2,Location villa avec un grand jardin au lac2,Les Berges Du Lac 2 à La Marsa,18 000 TND,230.0,10.0,10.0,,,,,,,Maison,Nouveau,,,36.876389,10.325278,,,,,,,,,,,,,,,,,,,,,,,1.0,,,,,,,,,
https://www.mubawab.tn/fr/a/7989411/a-louer-villa-avec-piscine-aux-berges-du-lac,A louer villa avec piscine aux berges du lac,La Marsa à La Marsa,15 000 TND,,5.0,4.0,3.0,1.0,1.0,1.0,1.0,1.0,Villa,Bon état,,,36.876389,10.325278,1.0,,,1.0,1.0,1.0,1.0,1.0,,,,1.0,1.0,,,,1.0,1.0,,,,1.0,,,,,,,,,,
https://www.mubawab.tn/fr/a/8027829/un-duplex-s3-%C3%A0-la-marsa,Un Duplex S3 à la Marsa,La Marsa à La Marsa,3 500 TND,200.0,,3.0,3.0,1.0,1.0,,1.0,1.0,Villa,Nouveau,,,36.8941992,10.2762232,1.0,,,1.0,1.0,1.0,1.0,,,1.0,,1.0,1.0,,1.0,,,,,,,,,1.0,,1.0,,,,,,
https://www.mubawab.tn/fr/a/8027166/charmante-villa-avec-piscne-pres-de-la-plage,Charmante villa avec piscne pres de la plage,Djerba à Djerba,2 400 TND,350.0,4.0,3.0,3.0,,1.0,1.0,,1.0,Villa,Nouveau,Moins d'un an,Carrelage,33.8075978,10.8451467,1.0,,,1.0,1.0,1.0,1.0,1.0,,1.0,1.0,1.0,,,,1.0,1.0,,,1.0,1.0,1.0,,,,,,,,,,
https://www.mubawab.tn/fr/a/7953518/villa-s6-avec-piscine-%C3%A0-gammarth-mvl0326,Villa S6 avec piscine à Gammarth MVL0326,Gammarth Supérieur à La Marsa,8 500 TND,,,6.0,7.0,,1.0,1.0,1.0,1.0,Villa,Bon état,,,36.876389,10.325278,1.0,,,1.0,,,,,,,,,1.0,,1.0,,,,,,,,,,,,,,,,,
https://www.mubawab.tn/fr/a/8035132/coquet-appartement-meubl%C3%A9e-a-cit%C3%A9-khalil-marsa,Coquet Appartement meublée a cité Khalil Marsa,Cité El Khalil à La Marsa,1 900 TND,90.0,,2.0,,,1.0,,1.0,1.0,Maison,Nouveau,,Parquet,36.876389,10.325278,,,,1.0,,1.0,1.0,,,1.0,1.0,,,,1.0,1.0,1.0,,,1.0,1.0,1.0,1.0,,,,,,,,,
https://www.mubawab.tn/fr/a/8014284/loft-s1-avec-terrasse-meubl%C3%A9-%C3%A0-jardins-de-carthage,Loft s1 avec terrasse meublé à Jardins de Carthage,Les Jardins de Carthage à Le Kram,2 600 TND,120.0,2.0,,2.0,,,,1.0,1.0,Maison,Bon état,1-5 ans,,36.833333,10.316667,1.0,1.0,,1.0,1.0,1.0,1.0,1.0,,1.0,1.0,1.0,1.0,,,,1.0,,,1.0,1.0,1.0,,,,,,1.0,,,,
https://www.mubawab.tn/fr/a/8025575/a-louer-une-villa-avec-piscine-%C3%A0-ennasr-2,A louer une Villa avec piscine à ENNASR 2,Cité Ennasr 2 à Ariana Ville,4 200 TND,550.0,10.0,9.0,3.0,1.0,1.0,1.0,1.0,,Villa,Nouveau,,,36.8625,10.19556,1.0,,,1.0,,,,1.0,,,,,,,,,,,,,,,,,,,,,,,,
https://www.mubawab.tn/fr/a/8034557/villa-andalo-5,Villa Andalo 5,Yasmine Hammamet à Hammamet,Prix à consulter,700.0,4.0,4.0,3.0,1.0,,1.0,,,Villa,Bon état,,,36.40108,10.61457,1.0,,,1.0,,1.0,1.0,,,,,,,,,,,,,1.0,1.0,1.0,,,,,,,,,,
https://www.mubawab.tn/fr/a/7805820/duplex-meubl%C3%A9-%C3%A0-carthage,Duplex meublé à Carthage,Carthage à Carthage,4 000 TND,180.0,4.0,3.0,2.0,1.0,,1.0,1.0,1.0,Maison,Bon état,,,36.8566,10.3258,1.0,,,,,1.0,1.0,,,1.0,,,,,,,,,,1.0,1.0,1.0,,,,,,,,,,
https://www.mubawab.tn/fr/a/8034266/a-louer-villa-600m%C2%B2-au-manar-1,A louer villa 600m² au Manar 1,El Manar 1 à El Menzah,3 400 TND,600.0,5.0,6.0,3.0,1.0,1.0,,1.0,,Maison,Bon état,5-10 ans,Marbre,36.845235,10.164723,1.0,,,1.0,,,,,,,,,,,,,,,,,,,,,,,,,,,,
https://www.mubawab.tn/fr/a/8034105/villa-location-saisonniere,Villa location saisonniere,Midoune à Midoun,Prix à consulter,,5.0,4.0,3.0,1.0,1.0,1.0,,1.0,Villa,Nouveau,1-5 ans,,33.866667,10.85,1.0,,,1.0,,1.0,1.0,1.0,,1.0,1.0,,,,,1.0,1.0,,,1.0,1.0,1.0,,,,,,,,,,
https://www.mubawab.tn/fr/a/7969260/a-louer-villa-avec-jardin-et-piscine-%C3%A0-el-menzah-1,A louer Villa avec jardin et piscine à El Menzah 1,El Menzah 1 à El Menzah,7 500 TND,800.0,14.0,13.0,7.0,1.0,1.0,1.0,1.0,1.0,Villa,Bon état,5-10 ans,Marbre,36.845235,10.164723,1.0,,1.0,1.0,1.0,,1.0,1.0,,,1.0,1.0,1.0,,,1.0,1.0,1.0,,,,,,,,,,,,,,
https://www.mubawab.tn/fr/a/8033754/superbe-villa-%C3%A0-louer-4-grandes-pi%C3%A8ces-lave-linge-,Superbe villa à louer. 4 grandes pièces. Lave-linge.,Bizerte,1 200 TND,100.0,4.0,3.0,,,,,,,Villa,Bon état,,,37.266667,9.866667,,,,,,,,,,,,,,,,,,,,,1.0,1.0,1.0,,,,,,,,,
https://www.mubawab.tn/fr/a/7698098/a-louer-une-villa-avec-piscine-en-s4-%C3%A0-gammarth,A louer une villa avec piscine en S4 à Gammarth,Gammarth à La Marsa,12 000 TND,900.0,4.0,4.0,,1.0,1.0,1.0,1.0,,Maison,Nouveau,,,36.917739,10.288893,,,,,,,,,,,,,,,,,,,,,,,1.0,,,,,,,,,
https://www.mubawab.tn/fr/a/7887616/a-louer-une-villa-en-s4-avec-piscine-%C3%A0-la-marsa,A louer une villa en S4 avec piscine à la Marsa,La Marsa à La Marsa,Prix à consulter,1200.0,8.0,6.0,5.0,1.0,1.0,1.0,1.0,,Villa,Nouveau,,,36.8941992,10.2762232,1.0,,,1.0,,,,,1.0,,,1.0,,,,,,,,,,,,1.0,,,,,,,,
https://www.mubawab.tn/fr/a/8033345/villa-de-luxe-%C3%A0-louer-%C3%A0-carthage-byrsa-7-chambres-agr%C3%A9ables-chauffage-central-et-porte-blind%C3%A9e,Villa de luxe à louer à Carthage Byrsa. 7 chambres agréables. Chauffage central et porte blindée,Carthage Byrsa à Carthage,14 000 TND,700.0,7.0,3.0,3.0,1.0,1.0,1.0,1.0,1.0,Villa,Nouveau,Moins d'un an,Carrelage,36.50459999999999,10.19186,1.0,,,1.0,1.0,,,,,,1.0,1.0,1.0,,,,,1.0,,,,,,,,,Nord,,,,,
https://www.mubawab.tn/fr/a/8024372/une-villa-s4-%C3%A0-la-marsa,Une villa S4 à la Marsa,La Marsa à La Marsa,7 000 TND,350.0,,4.0,4.0,1.0,1.0,1.0,1.0,1.0,Villa,Bon état,,,36.8941992,10.2762232,1.0,,1.0,1.0,1.0,,,,,,,1.0,1.0,,1.0,,,,,,,,,,,,,,,,,
https://www.mubawab.tn/fr/a/7976159/duplex-s4-avec-jardin-%C3%A0-la-marsa,Duplex S4 avec jardin à La Marsa,La Marsa à La Marsa,4 800 TND,240.0,5.0,4.0,3.0,1.0,1.0,,1.0,1.0,Villa,Bon état,1-5 ans,Carrelage,36.876389,10.325278,1.0,,,1.0,1.0,1.0,1.0,,,1.0,1.0,1.0,1.0,,,1.0,1.0,1.0,,,,,,,,,,,,,,
https://www.mubawab.tn/fr/a/8013979/villa-s4-avec-jardin-%C3%A0-sidi-bousaid,Villa S4 avec jardin à Sidi BouSaid,Sidi Bousaid à Carthage,6 000 TND,,5.0,4.0,2.0,1.0,1.0,,1.0,1.0,Villa,Bon état,1-5 ans,Carrelage,36.8566,10.3258,1.0,,,1.0,1.0,1.0,1.0,,,1.0,1.0,1.0,1.0,,,1.0,,1.0,,,,,,,,,,,,,,
https://www.mubawab.tn/fr/a/8032911/a-louer-une-villa-style-americain-a-la-marsa,A LOUER une villa Style Americain a La marsa,La Marsa à La Marsa,4 000 TND,600.0,8.0,6.0,4.0,1.0,1.0,,1.0,,Villa,Bon état,20-30 ans,Marbre,36.876389,10.325278,1.0,,,1.0,,,,,,1.0,1.0,,,,,,,1.0,,,,,,,,,,,,,,
https://www.mubawab.tn/fr/a/8032724/villa-s4-avec-piscine,Villa S4 avec piscine,La Marsa à La Marsa,4 400 TND,,6.0,4.0,2.0,,1.0,1.0,1.0,1.0,Villa,Bon état,,,36.876389,10.325278,1.0,,,1.0,,,,,,,,,,,,,,,,,,,,,,,,,,,,
https://www.mubawab.tn/fr/a/8010028/villa-neuve-et-moderne-%C3%A0-gammarth-for%C3%AAt,Villa neuve et moderne à Gammarth forêt,Gammarth à La Marsa,6 500 TND,500.0,5.0,4.0,2.0,1.0,1.0,1.0,1.0,1.0,Villa,Nouveau,,,36.876389,10.325278,1.0,,,1.0,,,,1.0,,1.0,,,,,,,,,,,,,,,,,,,,,,
https://www.mubawab.tn/fr/a/8032465/villa-%C3%A0-louer-%C3%A0-l-ann%C3%A9e-%C3%A0-yasmine-hammamet-carreau,Villa à louer à l'année à yasmine Hammamet Carreau,Yasmine Hammamet à Hammamet,2 900 TND,400.0,4.0,3.0,3.0,1.0,,1.0,,1.0,Villa,Bon état,,,36.40108,10.61457,1.0,,,,,1.0,1.0,,,,,,,,,,,,,,1.0,,,,,,,,,,,
https://www.mubawab.tn/fr/a/8018427/villa-meubl%C3%A9e-a-mutuelle-ville,Villa meublée a Mutuelle ville,Mutuelle Ville à El Menzah,6 000 TND,524.0,4.0,4.0,3.0,1.0,1.0,1.0,1.0,1.0,Villa,Nouveau,5-10 ans,Marbre,36.845235,10.164723,,,1.0,1.0,1.0,1.0,1.0,1.0,,1.0,1.0,1.0,1.0,,,1.0,1.0,1.0,,1.0,1.0,1.0,,,,1.0,Nord,,,,,
https://www.mubawab.tn/fr/a/8032328/%C3%A0villa-jumel%C3%A9e-%C3%A0-jardin-del-menzah-2-en-hauteur,Àvilla jumelée à jardin del Menzah 2 en hauteur,Les Jardins d'El Menzah 2 à Ariana Ville,2 700 TND,300.0,4.0,3.0,4.0,,1.0,,1.0,1.0,Villa,Bon état,5-10 ans,Marbre,36.8665367,10.1647233,1.0,,,1.0,,1.0,1.0,,,,,,,,,,,1.0,,,,,,,,,,,,,,
https://www.mubawab.tn/fr/a/7994942/location-villa-de-ma%C3%AEtre-%C3%A0-gammarth,Location villa de maître à Gammarth,Gammarth à La Marsa,8 000 TND,800.0,8.0,6.0,5.0,1.0,1.0,1.0,1.0,1.0,Villa,Bon état,,,36.91773900000001,10.288893,1.0,,,1.0,1.0,,,1.0,,,1.0,1.0,1.0,,,,,,,,,,,,,,,,,,,
https://www.mubawab.tn/fr/a/8009892/location-belle-villa-a-gammarth,Location belle villa a gammarth,Gammarth à La Marsa,10 000 TND,1500.0,6.0,5.0,4.0,1.0,1.0,1.0,1.0,1.0,Villa,Bon état,,,36.91773900000001,10.288893,1.0,,,1.0,1.0,,,,,,1.0,1.0,1.0,,,,,,,1.0,,,,,1.0,,,,,,,
https://www.mubawab.tn/fr/a/8030450/rdc-de-villa-s3-ennaser-2,Rdc de villa S3 Ennaser 2,Cité Ennasr 2 à Ariana Ville,1 700 TND,200.0,4.0,3.0,2.0,,,,1.0,1.0,Maison,Bon état,,,36.8625,10.19556,1.0,,,1.0,1.0,,,1.0,,,,1.0,1.0,,,,,,,,,,,,,,,,,,,
https://www.mubawab.tn/fr/a/7994394/villa-avec-jardin-%C3%A0-louer-%C3%A0-la-marsa,Villa avec jardin à louer à La Marsa,La Marsa à La Marsa,6 000 TND,600.0,6.0,4.0,2.0,,1.0,,1.0,1.0,Villa,Bon état,,,36.876389,10.325278,1.0,,1.0,1.0,1.0,1.0,1.0,,,,,,,,,,1.0,,,,,,,,,,,,,,,
https://www.mubawab.tn/fr/a/7998061/villa-avec-piscine-%C3%A0-louer-marsa-ennassim,Villa avec piscine à louer Marsa Ennassim,La Marsa à La Marsa,6 000 TND,500.0,4.0,5.0,,,1.0,1.0,1.0,,Maison,Nouveau,,,36.876389,10.325278,1.0,,,1.0,,,,,,,,,,,,,,,,,,,1.0,,,,,,,,,
https://www.mubawab.tn/fr/a/8031375/villa-de-campagne-%C3%A0-vendre-%C3%A0-sidi-thabet-chorfoch,Villa De Campagne à Vendre à Sidi Thabet Chorfoch,Chorchef 2 à Sidi Thabet,950 000 TND,1000.0,8.0,4.0,2.0,1.0,1.0,,,1.0,Villa,Bon état,5-10 ans,Carrelage,36.8240829,10.2243965,1.0,,,1.0,1.0,,,1.0,,,1.0,1.0,1.0,,,,,1.0,,,,,,,,1.0,,,,,,
https://www.mubawab.tn/fr/a/8031211/uperbe-villa-avec-piscine-pour-vos-vacances,Uperbe villa avec piscine pour vos vacances,Djerba à Djerba,Prix à consulter,,5.0,3.0,3.0,1.0,,1.0,,1.0,Villa,Bon état,,,33.8075978,10.8451467,1.0,,,,,1.0,1.0,,,1.0,,,,,,,,,,1.0,1.0,1.0,,,,,,,,,,
https://www.mubawab.tn/fr/a/8031204/location-annuelle-villa-avec-piscine-%C3%A0-tezdaine,Location annuelle villa avec piscine à Tezdaine,Djerba à Djerba,2 500 TND,,5.0,3.0,2.0,1.0,1.0,1.0,,1.0,Maison,Bon état,,,33.77704481610293,11.0099958498525,1.0,,,1.0,,1.0,1.0,,,,,,,,,,,,,1.0,1.0,,,,,,,,,,,
https://www.mubawab.tn/fr/a/8031158/location-%C3%A0-l%E2%80%99ann%C3%A9e-villa-s3-non-meubl%C3%A9e-tezdaine,Location à l’année villa s3 non meublée Tezdaine,Djerba à Djerba,1 100 TND,,4.0,3.0,,1.0,1.0,,,,Maison,Bon état,,,33.8075978,10.8451467,,,,,,,,,,,,,,,,,,,,,,,1.0,,,,,,,,,
https://www.mubawab.tn/fr/a/7912242/etage-de-villa-s3-avec-piscine-%C3%A0-la-marsa,Etage de Villa s3 avec piscine à La Marsa,La Marsa à La Marsa,4 500 TND,160.0,,4.0,,,,,,,Villa,,,,36.8941992,10.2762232,,,,,,,,,,,,,,,,,,,,,,,,,,,,,,,,
https://www.mubawab.tn/fr/a/8030634/location-d-une-maison-1-belle-chambre-,Location d'une maison. 1 belle chambre.,Ennasr,300 TND,90.0,,,,,,,,,Maison,Nouveau,Moins d'un an,Carrelage,35.40851,10.02891,,,,,,,,,,,,,,,1.0,,,,,,,,1.0,,,,Est,1.0,,,,
https://www.mubawab.tn/fr/a/8030517/villa-lac1,Villa lac1,Les Berges Du Lac 1 à La Marsa,12 000 TND,560.0,2.0,7.0,5.0,1.0,1.0,1.0,1.0,1.0,Villa,Bon état,10-20 ans,Marbre,36.876389,10.325278,1.0,,,1.0,1.0,,,1.0,,,1.0,1.0,1.0,,,,,1.0,,,,,,,,,,,,,,
https://www.mubawab.tn/fr/a/7890487/villa-avec-jardin-et-garage-%C3%A0-hammamet-a-louer,Villa avec jardin et garage à Hammamet: A louer,Hammamet à Hammamet,1 800 TND,,7.0,3.0,2.0,1.0,1.0,,1.0,1.0,Villa,Bon état,,,36.40108,10.61457,1.0,,1.0,1.0,,1.0,1.0,,,,,1.0,,,,,1.0,,,1.0,1.0,1.0,,,,,,,,,,
https://www.mubawab.tn/fr/a/8030148/duplex-s3-%C3%A0-ain-zaghouan-nord,Duplex S3 à Ain zaghouan Nord,Ain Zaghouan Nord à La Marsa,2 000 TND,,4.0,3.0,2.0,,,,1.0,1.0,Maison,Bon état,,,36.876389,10.325278,1.0,,,1.0,,,,,,,,,,,,,,,,,,,,,,,,,,,,
https://www.mubawab.tn/fr/a/7943244/triplex-s4-avec-piscine-gammarth-sup%C3%A9rieur,"Triplex S4 avec piscine, Gammarth supérieur",Gammarth Supérieur à La Marsa,6 000 TND,300.0,5.0,4.0,4.0,,1.0,1.0,1.0,1.0,Villa,Nouveau,Moins d'un an,Marbre,36.876389,10.325278,,1.0,,1.0,,1.0,1.0,,,,,1.0,,,,,,,,,,,,1.0,1.0,,Sud,,,,,
https://www.mubawab.tn/fr/a/7937903/location-villa-avec-piscine-%C3%A0-yasmine-hammamet,Location: Villa avec piscine à Yasmine Hammamet,Yasmine Hammamet à Hammamet,4 500 TND,,9.0,4.0,3.0,1.0,1.0,1.0,1.0,1.0,Villa,Bon état,,,36.40108,10.61457,1.0,,,1.0,1.0,1.0,1.0,,,1.0,,1.0,,,,,1.0,,,1.0,1.0,1.0,,,,,,,,,,
https://www.mubawab.tn/fr/a/7985124/villa-s4-%C3%A0-gammarth-sup%C3%A9rieur,Villa S4 à Gammarth supérieur,Gammarth Supérieur à La Marsa,5 000 TND,300.0,6.0,4.0,2.0,1.0,1.0,1.0,1.0,1.0,Villa,Bon état,Moins d'un an,,36.876389,10.325278,1.0,1.0,,1.0,1.0,,1.0,,,,,1.0,1.0,,,,,1.0,,,,,,,,,,,,,,
https://www.mubawab.tn/fr/a/8029165/coquette-maison-avec-un-grand-jardin,Coquette maison avec un grand jardin,Denden à La Manouba,500 TND,70.0,,2.0,,1.0,,,,,Maison,Bon état,10-20 ans,Carrelage,36.77494,10.1306,1.0,,,1.0,1.0,,,,,,1.0,,,,1.0,,,,,,,,1.0,,,,,,,,,
https://www.mubawab.tn/fr/a/8024314/une-villa-s5-%C3%A0-la-marsa,Une villa S5 à la Marsa,La Marsa à La Marsa,3 000 TND,350.0,2.0,4.0,3.0,1.0,1.0,,1.0,1.0,Villa,Bon état,,,36.8941992,10.2762232,1.0,,,1.0,1.0,,,,,1.0,,1.0,,,,,,,,,,,,,,,,,,,,
https://www.mubawab.tn/fr/a/7994012/villa-s5-avec-piscine-et-jardin-a-la-soukra,Villa s5 avec piscine et jardin a la soukra,La Soukra à La Soukra,9 000 TND,2250.0,6.0,5.0,5.0,1.0,1.0,1.0,1.0,1.0,Villa,Bon état,1-5 ans,,36.883333,10.25,,1.0,,1.0,1.0,,1.0,1.0,,,,1.0,1.0,,,,,1.0,,,,,,,,,,,,,,
https://www.mubawab.tn/fr/a/8027986/a-louer-rez-de-chauss%C3%A9e-r%C3%A9cemment-renouvel%C3%A9,A louer Rez de chaussée récemment renouvelé,Carthage Byrsa à Carthage,1 500 TND,200.0,3.0,2.0,,1.0,1.0,1.0,1.0,1.0,Maison,Bon état,Moins d'un an,Carrelage,27.072462498132328,7.424780285358429,1.0,,,1.0,,1.0,1.0,1.0,,1.0,,1.0,1.0,,,,1.0,,,1.0,,1.0,1.0,,,,Nord,,,,,
https://www.mubawab.tn/fr/a/8027943/houch-pour-location-annuelle,Houch pour location annuelle,Aghir,2 500 TND,,3.0,2.0,3.0,1.0,,1.0,,1.0,Maison,Nouveau,1-5 ans,,33.759722,11.01251,1.0,,,1.0,1.0,1.0,1.0,1.0,,1.0,1.0,,,,,,1.0,,,1.0,1.0,1.0,,,,,,,,,,
https://www.mubawab.tn/fr/a/7836772/a-louer-villa-s5-sup-300-m%C2%B2-couv-%C3%A0-mutuelle-ville,A louer villa S5 sup 300 m² couv à Mutuelle ville,Mutuelle Ville à El Menzah,3 000 TND,300.0,6.0,5.0,2.0,1.0,,,1.0,,Maison,Bon état,1-5 ans,Marbre,36.845235,10.164723,,,,1.0,1.0,,,,,,,,,,,,,,,,,,,,,,,,,,,
https://www.mubawab.tn/fr/a/7611900/location-villa-avec-jardin-s3-a-hammamet,Location Villa avec jardin S3 a hammamet,Hammamet à Hammamet,2 200 TND,500.0,4.0,3.0,2.0,,1.0,,1.0,1.0,Villa,Bon état,,,36.40108,10.61457,,,,1.0,,,,,,1.0,,1.0,,,,,,,,,,,,,,,Sud,,,,,
https://www.mubawab.tn/fr/a/7957596/villa-a-louer-%C3%A0-gammarth-avec-piscine,Villa a louer à gammarth avec Piscine,Gammarth Supérieur à La Marsa,9 500 TND,,12.0,7.0,6.0,1.0,1.0,1.0,1.0,1.0,Villa,Bon état,1-5 ans,Marbre,36.876389,10.325278,1.0,1.0,1.0,1.0,1.0,,1.0,1.0,,1.0,1.0,1.0,1.0,,,,1.0,,,1.0,,,,,1.0,1.0,,,,,,
https://www.mubawab.tn/fr/a/8007978/belle-villa-vue-mer-et-avec-piscine-%C3%A0-la-corniche,Belle villa vue mer et avec piscine à la Corniche,Hammamet à Hammamet,5 500 TND,,5.0,3.0,3.0,1.0,1.0,1.0,1.0,1.0,Villa,Bon état,,,36.40108,10.61457,1.0,,,1.0,1.0,1.0,1.0,1.0,,1.0,,,1.0,,,,1.0,,,1.0,1.0,1.0,,,1.0,1.0,,,,,,
https://www.mubawab.tn/fr/a/8020659/villa-a-louer-avec-option-d-achat-a-rades-plage,Villa a louer avec option d'achat a Rades plage,Rades Plage à Rades,3 200 TND,330.0,5.0,3.0,2.0,1.0,1.0,,,1.0,Maison,Nouveau,1-5 ans,Marbre,36.7609,10.2736,1.0,,,1.0,1.0,1.0,1.0,1.0,,1.0,,1.0,,,,,1.0,,,1.0,,,,,,,,,,,,
https://www.mubawab.tn/fr/a/8023657/une-villa-avec-piscine-%C3%A0-gammarth,Une villa avec piscine à Gammarth,Gammarth à La Marsa,5 000 TND,320.0,,5.0,3.0,1.0,1.0,1.0,1.0,1.0,Villa,Bon état,,,36.917739,10.288893,1.0,,,1.0,,1.0,1.0,,,,,1.0,1.0,,1.0,,1.0,,,,,,,,,,,,,,,
https://www.mubawab.tn/fr/a/7855341/a-louer-villa-s4-pi%C3%A8ces-ac-jardin-%C3%A0-mutuelle-ville,A louer villa s4 pièces ac jardin à Mutuelle ville,Mutuelle Ville à El Menzah,4 500 TND,450.0,7.0,5.0,3.0,1.0,1.0,,1.0,1.0,Villa,Nouveau,1-5 ans,Marbre,36.845235,10.164723,1.0,,,1.0,1.0,,,1.0,,,,,1.0,,,,,1.0,,,,,,,,,,,,,,
https://www.mubawab.tn/fr/a/8026478/villa-s2-meubl%C3%A9-%C3%A0-louer,Villa S2 meublé à louer,Cité de la Plage à Hammam Sousse,1 100 TND,150.0,2.0,2.0,,,,,,,Maison,Nouveau,,,35.8569,10.5972,,,,1.0,,,,,,,,,,,,,,,,,,,1.0,,,,,,,,,
https://www.mubawab.tn/fr/a/8019993/duplex-s3-meubl%C3%A9-au-lac-2,Duplex S3 meublé au Lac 2,Les Berges Du Lac 2 à La Marsa,6 000 TND,,4.0,3.0,2.0,,1.0,,1.0,1.0,Villa,Bon état,1-5 ans,Carrelage,36.876389,10.325278,,,,1.0,1.0,1.0,1.0,,,1.0,1.0,1.0,1.0,,,1.0,1.0,1.0,,1.0,1.0,1.0,,,,,,,,,,
https://www.mubawab.tn/fr/a/7863742/villa-meubl%C3%A9e-avec-piscine-et-vue-sur-mer-carthage,Villa meublée avec piscine et vue sur mer Carthage,Carthage à Carthage,7 500 TND,,5.0,3.0,3.0,1.0,,1.0,1.0,1.0,Villa,Nouveau,,,36.8566,10.3258,1.0,,,1.0,1.0,1.0,1.0,,,,,1.0,1.0,,,,1.0,1.0,,1.0,1.0,1.0,,,1.0,1.0,,,,,,
https://www.mubawab.tn/fr/a/7954866/a-louer-villa-avec-piscine-carthage,A Louer Villa Avec Piscine Carthage,Carthage à Carthage,8 300 TND,,6.0,4.0,3.0,1.0,1.0,1.0,1.0,1.0,Villa,Bon état,,,36.8566,10.3258,1.0,,1.0,1.0,1.0,1.0,1.0,1.0,,,,1.0,1.0,,,,1.0,1.0,,,,1.0,,,,,,,,,,
https://www.mubawab.tn/fr/a/7989408/a-louer-villa-avec-piscine-%C3%A1-la-marsa,A louer villa avec piscine á la Marsa,La Marsa à La Marsa,7 300 TND,,5.0,4.0,3.0,1.0,1.0,1.0,1.0,1.0,Villa,Bon état,,,36.876389,10.325278,1.0,,,1.0,,1.0,1.0,1.0,,,,1.0,1.0,,,,1.0,1.0,,,,1.0,,,,,,,,,,
https://www.mubawab.tn/fr/a/7930780/a-louer-belle-villa-%C3%A0-carthage,A Louer Belle Villa À Carthage,Carthage à Carthage,8 400 TND,,6.0,4.0,3.0,1.0,1.0,1.0,1.0,1.0,Villa,Bon état,,,36.8566,10.3258,1.0,,,1.0,1.0,1.0,1.0,1.0,,,,1.0,1.0,,,,1.0,1.0,,,,1.0,,,1.0,,,,,,,
https://www.mubawab.tn/fr/a/8025644/a-louer-une-villa-s6-avec-jardin-%C3%A0-mutuelle-ville,A louer une villa S6 avec jardin à Mutuelle ville,Mutuelle Ville à El Menzah,6 000 TND,300.0,7.0,4.0,2.0,1.0,,,1.0,1.0,Villa,Bon état,1-5 ans,Marbre,36.845235,10.164723,1.0,,,1.0,1.0,,,,,,,,1.0,,,,,,,,,,,,,,,,,,,
https://www.mubawab.tn/fr/a/8025597/villas-les-hirondelles,Villas les hirondelles,Medenine,3 500 TND,350.0,4.0,3.0,3.0,1.0,1.0,1.0,,1.0,Villa,Nouveau,1-5 ans,Carrelage,33.34318,10.49143,1.0,,,1.0,1.0,1.0,1.0,,,1.0,1.0,,,,,1.0,,,,1.0,1.0,1.0,,,,,Nord,,,,,
https://www.mubawab.tn/fr/a/7993930/a-louer-villa-usg-bureau-%C3%A0-mutuelle-ville,A louer villa usg bureau à Mutuelle ville,Mutuelle Ville à El Menzah,5 500 TND,600.0,9.0,8.0,3.0,1.0,,,1.0,,Villa,Bon état,1-5 ans,Marbre,36.845235,10.164723,,,,1.0,1.0,,1.0,1.0,,,,,1.0,,,,,,,,,,,,,,,,,,,
https://www.mubawab.tn/fr/a/7979336/a-louer-villa-neuve-10-pi%C3%A8ces-haut-standing-%C3%A0-mutuelle-ville,A louer villa neuve 10 pièces haut standing à Mutuelle Ville,Mutuelle Ville à El Menzah,9 000 TND,900.0,10.0,8.0,8.0,1.0,1.0,,1.0,1.0,Villa,Nouveau,1-5 ans,Marbre,36.845235,10.164723,1.0,,,1.0,1.0,,1.0,1.0,,,,1.0,1.0,,,1.0,,1.0,,,,,,,,,,,,,,
https://www.mubawab.tn/fr/a/7826996/location-annuelle-villa-a-hammamet,Location annuelle villa a hammamet,Hammamet à Hammamet,1 300 TND,250.0,3.0,2.0,2.0,1.0,1.0,,,1.0,Maison,Nouveau,,,36.40108,10.61457,1.0,,,,,,,,,,,,,,,,,,,,,,,,,,,,,,,
https://www.mubawab.tn/fr/a/7966064/villa-s4-avec-jardin-et-piscine-%C3%A0-la-marsa,Villa S4 avec jardin et piscine à la Marsa,La Marsa à La Marsa,6 500 TND,400.0,6.0,4.0,3.0,1.0,1.0,1.0,1.0,1.0,Villa,Bon état,,,36.8768730899472,10.329646869173269,1.0,,,1.0,,,1.0,1.0,,,,,,,,,,,,,,,,,,,,,,,,
https://www.mubawab.tn/fr/a/8025052/%C3%A9tage-de-villa-meubl%C3%A9-%C3%A0-cit%C3%A9-amel-manouba,Étage de villa meublé à cité Amel Manouba,La Manouba à La Manouba,800 TND,150.0,4.0,4.0,,1.0,,,,1.0,Maison,Bon état,5-10 ans,Carrelage,36.77855,10.05538,1.0,,,1.0,1.0,1.0,1.0,1.0,,1.0,1.0,1.0,1.0,,,,,,,1.0,1.0,,1.0,,,,Nord,,,,,
https://www.mubawab.tn/fr/a/8024963/maison-a-louer-hammamet-350,Maison a louer hammamet 350,Hammamet à Hammamet,350 TND,150.0,,2.0,,,,,,,Maison,Nouveau,,,36.40108,10.61457,1.0,,,,,,,,,,,,,,1.0,,,,,,,,1.0,,,,,,,,,
https://www.mubawab.tn/fr/a/8024748/a-louer-villa-%C3%A0-usage-bureautique-lac-2,A Louer Villa à usage bureautique Lac 2,Les Berges Du Lac 2 à La Marsa,Prix à consulter,450.0,9.0,9.0,8.0,1.0,1.0,1.0,1.0,1.0,Villa,Nouveau,1-5 ans,,36.876389,10.325278,1.0,,,1.0,1.0,,,,,,,,1.0,,,,,,,,,,,,,,,,,,,
https://www.mubawab.tn/fr/a/8024653/a-louer-villa-s4-avc-piscine-aux-berges-du-lac-2,A louer Villa S4 avc piscine aux berges du lac 2,Les Berges Du Lac 2 à La Marsa,11 000 TND,595.0,5.0,4.0,2.0,1.0,,1.0,1.0,1.0,Villa,Bon état,1-5 ans,Marbre,36.876389,10.325278,,,,1.0,1.0,,1.0,1.0,,,,,1.0,,,,,,,,,,,,,,,,,,,
https://www.mubawab.tn/fr/a/8006016/a-louer-une-villa-de-ma%C3%AEtre-en-s7-%C3%A0-sidi-bou-said,A Louer une villa de maître en S7 à Sidi Bou Said,Sidi Bousaid à Carthage,16 000 TND,1000.0,10.0,9.0,8.0,1.0,1.0,1.0,1.0,1.0,Villa,Bon état,10-20 ans,Marbre,36.8566,10.3258,1.0,1.0,,1.0,1.0,1.0,1.0,1.0,,,1.0,1.0,1.0,,,1.0,1.0,1.0,,,,,,,1.0,1.0,,,,,,
https://www.mubawab.tn/fr/a/8006813/villa-s5-meubl%C3%A9-avec-piscine-au-lac-2,Villa S5 meublé avec piscine au lac 2,Les Berges Du Lac 2 à La Marsa,9 000 TND,500.0,8.0,5.0,3.0,1.0,1.0,1.0,1.0,1.0,Villa,Bon état,,,36.84620541795789,10.267162037239226,1.0,,,1.0,1.0,1.0,1.0,1.0,,,,1.0,1.0,,,,1.0,1.0,,1.0,1.0,1.0,,,,,,,,,,
https://www.mubawab.tn/fr/a/7952439/a-louer-villa-de-ma%C3%AEtre-12-pi%C3%A8ces-sup-750m%C2%B2-el-menzah-5,A louer villa de maître 12 pièces sup 750m² El Menzah 5,El Menzah 5 à Ariana Ville,9 500 TND,1400.0,14.0,12.0,6.0,1.0,1.0,1.0,1.0,1.0,Maison,Bon état,5-10 ans,Marbre,36.8625,10.19556,1.0,,1.0,1.0,1.0,,,,,,,,1.0,,,,,,,,,,,,,,,,,,,
https://www.mubawab.tn/fr/a/7958218/a-louer-villa-s8-usage-bureau-%C3%A0-cit%C3%A9-jardins,A louer villa S8 usage bureau à Cité Jardins,Cité El Mahrajene à El Menzah,7 500 TND,650.0,9.0,8.0,4.0,1.0,1.0,,1.0,,Villa,Bon état,5-10 ans,Carrelage,36.845235,10.164723,1.0,,,1.0,1.0,,,1.0,,,,,,,,,,,,,,,,,,,,,,,,
https://www.mubawab.tn/fr/a/8023628/%C3%A0-louer-%C3%A9tage-de-villa,À louer étage de villa,Cité El Boustene 1 à La Soukra,1 500 TND,300.0,5.0,5.0,,1.0,1.0,,1.0,1.0,Maison,Bon état,10-20 ans,,36.883333,10.25,,,,,1.0,,1.0,,,,,,,,,,,1.0,,,,,1.0,,,,,,,,,
https://www.mubawab.tn/fr/a/7593761/location-villa-s4-marsa-ennassim,Location villa s4 marsa ennassim,La Marsa à La Marsa,6 500 TND,600.0,5.0,4.0,3.0,1.0,1.0,1.0,1.0,1.0,Villa,Bon état,,,36.88540670792028,10.27542211401078,1.0,,,1.0,,,,,,,1.0,,,,,,,,,,,,,,,,,,,,,
https://www.mubawab.tn/fr/a/8023448/location-villa-la-marsa-corniche-2-chambres-et-un-grand-living-room-jardin-et-terrasse,Location villa La Marsa Corniche 2 chambres et un grand living room. Jardin et terrasse,Montfleury à Tunis,2 500 TND,200.0,,2.0,,1.0,1.0,,1.0,1.0,Villa,Nouveau,10-20 ans,,36.7927927927928,10.169924885260324,1.0,,,,,,,,,,,,,,,,,1.0,,,,,1.0,,,,,,,,,
https://www.mubawab.tn/fr/a/8023009/grande-villa-dans-un-quartier-r%C3%A9sidentiel,Grande villa dans un quartier résidentiel,Borj Cedria à Hammam Chatt,2 100 TND,340.0,6.0,5.0,3.0,1.0,1.0,,1.0,1.0,Maison,Bon état,10-20 ans,,36.658969000000006,10.405946000000004,1.0,,,1.0,1.0,,1.0,,,1.0,1.0,,,,,1.0,,,,,,,,,,,Ouest,,,,,
https://www.mubawab.tn/fr/a/7989773/superbe-villa-avec-piscine-et-jardin-%C3%A0-gammarth,Superbe villa avec piscine et jardin à Gammarth,Gammarth Supérieur à La Marsa,8 000 TND,800.0,6.0,5.0,3.0,1.0,1.0,1.0,1.0,1.0,Villa,Bon état,,,36.876389,10.325278,1.0,,,1.0,,,,1.0,,1.0,,,,,,,,,,,,,,,,,,,,,,
https://www.mubawab.tn/fr/a/7926344/duplex-s4-vue-mer-et-jardin-%C3%A0-gammarth,Duplex S4 Vue mer et jardin à Gammarth,Gammarth à La Marsa,Prix à consulter,500.0,5.0,4.0,4.0,1.0,1.0,,1.0,1.0,Maison,Bon état,,,36.91893030106315,10.307984732483334,1.0,1.0,,1.0,1.0,,1.0,,,,,1.0,1.0,,,,,,,,,,,1.0,1.0,1.0,,,,,,
https://www.mubawab.tn/fr/a/7976720/triplex-s5-avec-jardin-%C3%A0-la-marsa,Triplex S5 avec jardin à la Marsa,La Marsa à La Marsa,3 500 TND,350.0,6.0,5.0,3.0,1.0,1.0,,1.0,1.0,Maison,Bon état,,,36.87450530621357,10.327641316889387,1.0,,,1.0,,,,,,,,,,,,,,,,,,,,,,,,,,,,
https://www.mubawab.tn/fr/a/8002733/villa-avec-piscine-et-vue-sur-mer-a-la-marsa,Villa avec piscine et vue sur mer a la marsa,La Marsa à La Marsa,Prix à consulter,600.0,6.0,4.0,4.0,1.0,,1.0,1.0,1.0,Maison,Bon état,Moins d'un an,,36.88666323785494,10.330498923510795,1.0,,,1.0,1.0,1.0,1.0,1.0,,1.0,,1.0,,,,,1.0,,,,,,,,1.0,1.0,,,,,,
https://www.mubawab.tn/fr/a/8022732/a-louer-maison-au-kram-ouest,A louer maison au kram ouest,Erriadh à Le Kram,450 TND,64.0,3.0,2.0,,,,,,,Maison,Bon état,1-5 ans,Carrelage,36.833333,10.316667,,,,,,,,,,,,,,,,,,,,,,,1.0,,,,Ouest,,,,,
https://www.mubawab.tn/fr/a/7908561/villa-piscine-%C3%A0-louer-hammamet-nord,Villa piscine à louer Hammamet Nord,Hammamet Nord à Hammamet,4 000 TND,,8.0,3.0,3.0,1.0,1.0,1.0,,1.0,Villa,Bon état,,,36.40108,10.61457,1.0,,,1.0,1.0,1.0,1.0,,,1.0,,,,,,,1.0,,,1.0,1.0,1.0,,,,,,,,,,
https://www.mubawab.tn/fr/a/8022398/villa-piscine-s4-%C3%A0-louer-hammamet,Villa piscine s4 à louer Hammamet,Hammamet à Hammamet,4 000 TND,,9.0,4.0,2.0,1.0,1.0,1.0,1.0,1.0,Villa,Bon état,,,36.40108,10.61457,1.0,,,1.0,1.0,1.0,1.0,,,,,,,,,,1.0,1.0,,1.0,1.0,1.0,,,,,,,,,,
https://www.mubawab.tn/fr/a/8022306/%C3%A9tage-de-villa-splendide-aux-jardins-de-carthage,Étage de villa splendide aux jardins de carthage,Carthage à Carthage,2 200 TND,140.0,5.0,3.0,2.0,,,,1.0,1.0,Villa,Nouveau,5-10 ans,Marbre,36.8566,10.3258,1.0,,,1.0,1.0,,1.0,,,1.0,1.0,,,,,,,1.0,,,,,,,,,Est,,,,,
https://www.mubawab.tn/fr/a/7926859/grande-villa-avec-piscine-%C3%A0-gammarth,Grande villa avec piscine à Gammarth,Gammarth à La Marsa,9 000 TND,1000.0,6.0,4.0,3.0,1.0,,1.0,1.0,1.0,Villa,Bon état,,,36.90148338800796,10.316821915817714,1.0,,,1.0,,,,1.0,,,,,,,,,,,,,,,,,,1.0,,,,,,
https://www.mubawab.tn/fr/a/7930161/location-maison-s3-%C3%A0-gammarth,Location Maison S3 à Gammarth,Gammarth Supérieur à La Marsa,5 500 TND,,5.0,3.0,2.0,1.0,,1.0,1.0,1.0,Villa,Bon état,,,36.89317870000004,10.3099394,1.0,,1.0,1.0,,,,,,,,,,,,,,,,,,,,,,,,,,,,
https://www.mubawab.tn/fr/a/7984537/location-triplex-avec-piscine-%C3%A0-gammarth,Location Triplex avec piscine à Gammarth,Gammarth à La Marsa,4 400 TND,300.0,7.0,4.0,4.0,,,1.0,1.0,1.0,Villa,Bon état,,,36.917739,10.288893,1.0,,,1.0,,,,,,,,,,,,,,,,,,,,,,,,,,,,
https://www.mubawab.tn/fr/a/7658691/villa-s4-neuve-avec-jardin-et-piscine,Villa S4 neuve avec jardin et piscine,La Soukra à La Soukra,Prix à consulter,1000.0,5.0,4.0,4.0,1.0,1.0,1.0,1.0,1.0,Maison,Bon état,,,36.88163540529177,10.25656972600945,1.0,,,1.0,1.0,,1.0,1.0,,,,,1.0,,,,,,,,,,,,,,,,,,,
https://www.mubawab.tn/fr/a/7995680/s3-%C3%A0-louer-%C3%A0-gammarth,S3 à Louer à Gammarth,Gammarth à La Marsa,5 800 TND,,5.0,3.0,2.0,1.0,1.0,1.0,1.0,1.0,Villa,Bon état,1-5 ans,Marbre,36.876389,10.325278,,,,1.0,1.0,1.0,1.0,1.0,,1.0,1.0,1.0,1.0,,,1.0,1.0,1.0,,1.0,1.0,,,1.0,,,,,,,,
https://www.mubawab.tn/fr/a/8021728/vente-%E2%80%93-duplex-s4-avec-piscine,Vente – Duplex S4 avec piscine,Cité El Khalil à La Marsa,950 000 TND,200.0,6.0,4.0,3.0,,1.0,1.0,1.0,1.0,Villa,Bon état,,,36.876389,10.325278,1.0,,,1.0,,,1.0,,,,,,,,,,,,,,,1.0,,,,,,,,,,
https://www.mubawab.tn/fr/a/8021602/location-duplex-ali-%C3%A0-yasmine-hammamet,Location Duplex Ali à Yasmine Hammamet,Yasmine Hammamet à Hammamet,3 300 TND,220.0,5.0,4.0,3.0,,,1.0,1.0,1.0,Villa,Nouveau,Moins d'un an,Marbre,36.40108,10.61457,1.0,,,1.0,1.0,1.0,1.0,,,,1.0,1.0,1.0,,,,1.0,,,1.0,1.0,1.0,,,,,Sud,,,,,
https://www.mubawab.tn/fr/a/7775261/a-louer-%C3%A9tage-de-villa-s3-%C3%A0-l-ariana-haut-standing,A louer étage de villa S3 à l'ariana haut standing,Ariana à Ariana Ville,1 500 TND,140.0,4.0,3.0,2.0,1.0,,,1.0,1.0,Villa,Bon état,,,36.8625,10.19556,1.0,,,1.0,,,,,,,,,,,,,,,,,,,,,,,,,,,,
https://www.mubawab.tn/fr/a/8020895/location-villa-corniche-hammamet,Location Villa Corniche Hammamet,Hammamet à Hammamet,3 000 TND,250.0,6.0,5.0,4.0,1.0,,1.0,1.0,1.0,Villa,Bon état,5-10 ans,Marbre,36.40108,10.61457,1.0,1.0,,1.0,1.0,1.0,1.0,,,,1.0,1.0,1.0,,,1.0,1.0,1.0,,1.0,1.0,1.0,,,,,Nord,,,,,
https://www.mubawab.tn/fr/a/7971438/a-louer-villa-s5-avec-jardin-%C3%A0-mutuelleville,A louer Villa S5 avec jardin à Mutuelleville,Mutuelle Ville à El Menzah,4 500 TND,600.0,7.0,5.0,3.0,1.0,1.0,,1.0,1.0,Villa,Bon état,10-20 ans,Marbre,36.845235,10.164723,1.0,,1.0,1.0,1.0,1.0,1.0,,,,1.0,,,,,,,,,,,,,,,,,,,,,
https://www.mubawab.tn/fr/a/7978540/location-annuelle-a-villa-avec-piscine-a-hammamet,Location annuelle a villa avec piscine a Hammamet,Hammamet à Hammamet,2 500 TND,80.0,3.0,2.0,,1.0,,1.0,1.0,1.0,Villa,Nouveau,,,36.40108,10.61457,,,,,,,,,,,,,,,,,,,,1.0,,,1.0,1.0,,,,,,,,
https://www.mubawab.tn/fr/a/7771717/splendide-villa-meubl%C3%A9e-%C3%A0-louer-pr%C3%A8s-du-parc-%C3%A0-la-soukra,Splendide Villa Meublée à louer près du parc à La Soukra,La Soukra à La Soukra,5 000 TND,430.0,6.0,5.0,2.0,1.0,1.0,1.0,,,Maison,Bon état,5-10 ans,Marbre,36.88833,10.27417,,,1.0,,,,,,,,,,,,,,,,,,,,,,,,,,,,,
https://www.mubawab.tn/fr/a/8019865/propri%C3%A9t%C3%A9-%C3%A0-louer-%C3%A0-el-yasminette-2-chambres,Propriété à louer à El Yasminette. 2 chambres,El Yasminette à Nouvelle Medina,570 TND,95.0,2.0,2.0,2.0,,,,,,Maison,Nouveau,Moins d'un an,,36.78898,10.18348,,,,,,,,,,,,,,,,,,,,,,,,,,,,,,,,
https://www.mubawab.tn/fr/a/8019736/magnifique-triplex-%C3%A0-la-marsa,Magnifique triplex à la Marsa,La Marsa à La Marsa,5 500 TND,200.0,,4.0,,1.0,1.0,,,,Villa,,,,36.8941992,10.2762232,,,,,,,,,1.0,,,1.0,,,,,,,,,,,,,,,,,,,,
https://www.mubawab.tn/fr/a/7988958/villa-s5-avec-piscine-%C3%A0-la-soukra-mvl1601,Villa S5 avec piscine à La Soukra MVL1601,La Soukra à La Soukra,Prix à consulter,,,5.0,4.0,1.0,1.0,1.0,1.0,1.0,Villa,Bon état,,,36.883333,10.25,1.0,,,1.0,,,,,,,,,,,1.0,,,,,,,,,,,,,,,,,
https://www.mubawab.tn/fr/a/8018671/superbe-riad-%C3%A0-louer-surface-totale-500-m%C2%B2-jardin-et-terrasse-,Superbe riad à louer. Surface totale 500 m². Jardin et terrasse.,Cité Ibn Khaldoun,150 000 TND,500.0,,,,1.0,,,,1.0,Maison,Bon état,1-5 ans,Marbre,36.835267116827104,10.120367836398598,1.0,1.0,1.0,,1.0,1.0,1.0,,,1.0,,,,,1.0,1.0,,1.0,,,1.0,1.0,1.0,1.0,,,Nord,1.0,,,,
https://www.mubawab.tn/fr/a/7805805/location-villa-de-ma%C3%AEtre,Location villa de maître,La Marsa à La Marsa,14 000 TND,1000.0,6.0,5.0,5.0,1.0,1.0,1.0,1.0,1.0,Villa,Bon état,,,36.8941992,10.276223200000002,1.0,,1.0,1.0,1.0,1.0,1.0,1.0,,,1.0,1.0,1.0,,,,,,,,,1.0,,1.0,1.0,,,,,,,
https://www.mubawab.tn/fr/a/8009920/location-villa-meubl%C3%A9e-a-gammarth,Location villa meublée a gammarth,Gammarth à La Marsa,12 000 TND,8000.0,7.0,6.0,5.0,1.0,1.0,1.0,1.0,1.0,Villa,Bon état,,,36.91773900000001,10.288893,1.0,,,1.0,,1.0,1.0,,,,1.0,1.0,,,,1.0,1.0,,,1.0,1.0,1.0,,,,,,,,,,
https://www.mubawab.tn/fr/a/7993835/a-louer-une-villa-s3-tr%C3%A8s-haut-standing-meubl%C3%A9-%C3%A0-la-marsa,A Louer Une Villa S3 Très Haut Standing Meublé à La Marsa,La Marsa à La Marsa,5 000 TND,250.0,3.0,3.0,2.0,1.0,,1.0,1.0,1.0,Villa,Bon état,,,36.8941992,10.2762232,1.0,,,1.0,,,,,,,,,,,,,,,,,,,,,,,,,,,,
https://www.mubawab.tn/fr/a/8011664/villa-a-louer-%C3%A0-mutuelle-ville,Villa a louer à Mutuelle Ville,Mutuelle Ville à El Menzah,4 200 TND,400.0,7.0,5.0,2.0,1.0,,,1.0,1.0,Villa,Bon état,10-20 ans,Marbre,36.845235,10.164723,1.0,,,1.0,,,,,,,,,,,,,,,,,,,,,,,,,,,,
https://www.mubawab.tn/fr/a/8009232/%C3%A9tage-de-villa-en-s3-vide-%C3%A0-n%C3%A9apolis,Étage de villa en S3 vide à Néapolis,Neapolis à Nabeul,1 000 TND,120.0,3.0,3.0,,,,,1.0,1.0,Maison,Bon état,,,36.45056,10.73505,1.0,,,1.0,,1.0,1.0,,,,,,,,,,1.0,,,,,1.0,1.0,,,,,,,,,
https://www.mubawab.tn/fr/a/8017314/%C3%A0-louer-%C3%A9tage-de-villa-s3,À louer étage de villa s3,Sousse Jaouhara à Sousse Jaouhara,840 TND,300.0,7.0,3.0,,,,,,,Villa,Bon état,,,35.825603,10.608395,1.0,,,,,,,1.0,,,,1.0,,,,,,,,,,,1.0,,,,,,,,,
https://www.mubawab.tn/fr/a/7934313/villa-haut-standing-meubl%C3%A9e-alouer-pour-l-ann%C3%A9e,Villa haut standing meublée alouer pour l'année,Hammamet à Hammamet,5 000 TND,320.0,7.0,4.0,4.0,1.0,1.0,1.0,1.0,1.0,Villa,Nouveau,Moins d'un an,Marbre,36.40108,10.61457,1.0,,,1.0,1.0,1.0,1.0,1.0,,1.0,1.0,1.0,1.0,,,1.0,1.0,,,1.0,1.0,1.0,,,,,Est,,,,,
https://www.mubawab.tn/fr/a/7966041/une-superbe-villa-vue-mer-s3-avec-piscine,Une superbe Villa vue mer S3 avec piscine,La Marsa à La Marsa,8 000 TND,300.0,4.0,4.0,4.0,1.0,1.0,1.0,1.0,1.0,Villa,Nouveau,1-5 ans,Marbre,36.876389,10.325278,1.0,1.0,,1.0,1.0,1.0,1.0,,,,,1.0,1.0,,,1.0,1.0,1.0,,,,,,,1.0,1.0,,,,,,
https://www.mubawab.tn/fr/a/7930159/location-saisonni%C3%A9re,Location saisonniére,Aghir,3 500 TND,500.0,7.0,4.0,4.0,1.0,1.0,1.0,,1.0,Villa,Nouveau,1-5 ans,Marbre,33.78270672846435,10.887520489637676,1.0,,,1.0,1.0,1.0,1.0,1.0,,1.0,1.0,1.0,1.0,,,1.0,1.0,,,1.0,1.0,1.0,,,,,Sud,,,,,
https://www.mubawab.tn/fr/a/7832687/vue-sur-mer-luxueux-penthouse-%C3%A0-gammarth,VUE SUR MER Luxueux Penthouse à Gammarth,Gammarth à La Marsa,Prix à consulter,380.0,6.0,4.0,5.0,,,,1.0,1.0,Villa,Bon état,,,36.92152592762164,10.307916772599288,1.0,1.0,1.0,1.0,1.0,1.0,1.0,1.0,,1.0,1.0,1.0,1.0,,,1.0,1.0,1.0,,1.0,1.0,1.0,,1.0,1.0,1.0,,,,,,
https://www.mubawab.tn/fr/a/8015281/a-louer-villa-style-am%C3%A9ricain-meubl%C3%A9e-%C3%A0-la-corniche,A Louer Villa Style Américain Meublée à La Corniche,Bizerte Nord,Prix à consulter,150.0,3.0,2.0,,,,,,1.0,Maison,,,,37.272,9.8708,1.0,,,,,,,,,,,,,,,,,,,,,,,,,,,,,,,
https://www.mubawab.tn/fr/a/7947854/a-louer-%C3%A9tage-de-villa-vue-sur-mer-%C3%A0-la-corniche,A Louer étage de Villa Vue Sur Mer à La Corniche,Bizerte Nord,2 000 TND,150.0,3.0,2.0,,,,,,,Maison,,,,37.272,9.8708,1.0,,,,,,,,,,,,,,,,,,,,,,,,1.0,,,,,,,
https://www.mubawab.tn/fr/a/8015032/villa-s3-%C3%A0-l-aouina,Villa S3 à L'Aouina,Aouina à La Marsa,1 700 TND,270.0,,3.0,2.0,1.0,1.0,,1.0,,Maison,Bon état,,,36.876389,10.325278,1.0,,,,,,,,,,,,,,1.0,,,,,,,,,,,,,,,,,
https://www.mubawab.tn/fr/a/8013268/villa-s4-avec-piscine-%C3%A0-la-marsa,Villa S4 avec piscine à La Marsa,La Marsa à La Marsa,Prix à consulter,,6.0,4.0,3.0,1.0,1.0,1.0,1.0,1.0,Villa,Bon état,1-5 ans,Marbre,36.876389,10.325278,1.0,,,1.0,1.0,,,1.0,,1.0,,1.0,1.0,,,,,,,,,,,,1.0,,,,,,,
https://www.mubawab.tn/fr/a/7848246/villa-richement-meubl%C3%A9e-%C3%A0-la-marsa,Villa richement meublée à la Marsa,La Marsa à La Marsa,12 000 TND,400.0,6.0,5.0,3.0,1.0,1.0,,1.0,1.0,Villa,Bon état,,,36.876389,10.325278,1.0,,,1.0,,1.0,1.0,1.0,,1.0,,,,,,,,1.0,,1.0,,1.0,,,,,,,,,,
https://www.mubawab.tn/fr/a/8009346/villa-d-exception-avec-piscine-pas-loin-de-plage,Villa d'exception avec piscine pas loin de plage,Djerba à Djerba,2 100 TND,600.0,4.0,3.0,3.0,1.0,1.0,1.0,,1.0,Villa,Bon état,1-5 ans,Marbre,33.8075978,10.8451467,1.0,,,1.0,1.0,1.0,1.0,1.0,,1.0,1.0,,,,,1.0,1.0,,,1.0,1.0,1.0,,,1.0,1.0,Est,,,,,
https://www.mubawab.tn/fr/a/7897398/location-duplex-neuf-avec-piscine-au-lac-2,Location Duplex neuf avec piscine au lac 2,Les Berges Du Lac 2 à La Marsa,8 500 TND,500.0,4.0,4.0,,,,1.0,,1.0,Villa,Bon état,,,36.876389,10.325278,1.0,,,1.0,,,1.0,,,,,,,,,,1.0,,,,,,1.0,,,,,,,,,
https://www.mubawab.tn/fr/a/7934306/location-coquette-villa-%C3%A0-gammarth,Location coquette villa à Gammarth,Gammarth à La Marsa,4 000 TND,350.0,6.0,5.0,4.0,1.0,,1.0,1.0,1.0,Villa,Bon état,,,36.91773900000001,10.288893,1.0,,,1.0,,,,,,,1.0,,,,,,,,,,,,,,,,,,,,,
https://www.mubawab.tn/fr/a/7991569/coquet-s2-de-plain-pied-%C3%A0-gammarth,Coquet S2 de plain pied à Gammarth,Gammarth Supérieur à La Marsa,4 000 TND,700.0,,2.0,,1.0,,1.0,,1.0,Villa,,,,36.8931787,10.3099394,,,,,,,,,,,,,,,,,,,,,,,,,,,,,,,,
https://www.mubawab.tn/fr/a/7905063/location-villa,Location villa,La Marsa à La Marsa,2 000 TND,200.0,3.0,2.0,,1.0,1.0,,1.0,1.0,Maison,Bon état,20-30 ans,Carrelage,36.89378734267704,10.276201742327874,1.0,,,,,,,,,,,,,,,1.0,,,,,,,1.0,,,,Nord,,,,,
https://www.mubawab.tn/fr/a/7947946/villa-s4-%C3%A0-louer-au-gammarth,Villa S4 à louer au Gammarth,Gammarth Supérieur à La Marsa,15 000 TND,,10.0,5.0,4.0,1.0,1.0,1.0,1.0,1.0,Villa,Bon état,1-5 ans,,36.876389,10.325278,1.0,1.0,1.0,1.0,1.0,,1.0,1.0,,1.0,1.0,1.0,1.0,,,1.0,,1.0,,,,1.0,,1.0,1.0,1.0,,,,,,
https://www.mubawab.tn/fr/a/7993832/un-appartement-s3-%C3%A0-sidi-bou-said,Un appartement s3 à sidi bou said,La Marsa à La Marsa,3 800 TND,,,3.0,,,,,,1.0,Villa,,,,36.8941992,10.2762232,1.0,,,,,,,,,,,,,,,,,,,,,,,,,,,,,,,
https://www.mubawab.tn/fr/a/8009994/a-louer-une-villa-meubl%C3%A9e-en-s3-avec-piscine-%C3%A0-la-marsa,A louer une villa meublée en S3 avec piscine à la Marsa,La Marsa à La Marsa,8 000 TND,350.0,5.0,3.0,4.0,1.0,1.0,1.0,1.0,,Villa,Nouveau,,,36.8941992,10.2762232,1.0,,,1.0,,,,,1.0,,,,,,,,,,,,,,,,,,,,,,,
https://www.mubawab.tn/fr/a/8001094/villa-avec-piscine-et-jardin-%C3%A0-louer-au-lac-2,Villa avec piscine et jardin à louer au lac 2,Les Berges Du Lac 2 à La Marsa,9 000 TND,700.0,4.0,4.0,2.0,1.0,1.0,1.0,,1.0,Villa,Bon état,,,36.8468986,10.2641808,,,,,,,,,1.0,,,,,,,,,,,,,,,,,,,,,,,
https://www.mubawab.tn/fr/a/8009164/magnifique-villa-%C3%A0-sidi-bou-said,Magnifique villa à sidi bou said,La Marsa à La Marsa,15 000 TND,1000.0,,6.0,,1.0,,1.0,,,Villa,,,,36.8941992,10.2762232,1.0,1.0,,,,,,,,,,,,,,,,,,,,,,,,,,,,,,
https://www.mubawab.tn/fr/a/8011115/a-louer-maison-s1-meubl%C3%A9-longue-dur%C3%A9e-marsa,A louer maison S1 meublé longue durée marsa,Bhar Lazreg à La Marsa,Prix à consulter,75.0,4.0,2.0,,1.0,,,1.0,1.0,Maison,Nouveau,20-30 ans,Carrelage,36.87373554462236,10.286806480186891,1.0,,,1.0,,1.0,1.0,,,,1.0,,1.0,,,1.0,,1.0,,1.0,,,1.0,,,,Sud,,,,,
https://www.mubawab.tn/fr/a/8011021/etage-de-villa-%C3%A1-louer,Etage de villa á louer,Aouina à La Marsa,1 250 TND,120.0,,2.0,,,,,1.0,1.0,Villa,Bon état,1-5 ans,Marbre,36.84534027671077,10.27124951474154,,,,1.0,,,1.0,,,,1.0,,,,1.0,,,,,,,,1.0,,,,,,,,,
https://www.mubawab.tn/fr/a/8010855/une-maison-ind%C3%A9pendante-triplex-meubl%C3%A9e,Une maison indépendante triplex meublée,Monastir Ville à Monastir Ville,Prix à consulter,90.0,,2.0,,,,,,1.0,Maison,À rénover,Moins d'un an,Parquet,35.783333,10.833333,1.0,,,1.0,1.0,1.0,1.0,,,,1.0,,,,1.0,1.0,,,,1.0,1.0,1.0,1.0,,,,Est,,,,,
https://www.mubawab.tn/fr/a/8010860/a-louer-villa-sur-trois-niveaux-%C3%A0-menzeh-6,A louer Villa sur trois niveaux à Menzeh 6,El Menzah 6 à Ariana Ville,4 500 TND,679.0,3.0,8.0,,1.0,1.0,,1.0,,Maison,Nouveau,,,36.8625,10.19556,1.0,,,,1.0,,,1.0,,1.0,1.0,1.0,1.0,,,,,,,,,,1.0,,,,,,,,,
https://www.mubawab.tn/fr/a/8010683/etage-de-villa-s3-%C3%A0-la-masra,Etage de villa s3 à la masra,La Marsa à La Marsa,2 000 TND,500.0,,3.0,,,,,,1.0,Villa,,,,36.8941992,10.2762232,1.0,,,,,,,,,,,,,,,,,,,,,,,,,,,,,,,
https://www.mubawab.tn/fr/a/8010329/villa-avec-piscine-location-annuelle,Villa Avec Piscine Location Annuelle,Midoune à Midoun,1 800 TND,600.0,4.0,3.0,,1.0,1.0,1.0,,1.0,Maison,Bon état,5-10 ans,Carrelage,33.80557400962941,10.991296129417131,1.0,1.0,,1.0,,1.0,1.0,1.0,,1.0,1.0,,,,,,,1.0,,1.0,1.0,1.0,1.0,,,,Nord,,,,,
https://www.mubawab.tn/fr/a/8010117/location-%E2%80%93-villa-s4-%C3%A0-cit%C3%A9-elkhalil,Location – Villa S4 à Cité Elkhalil,La Marsa à La Marsa,3 500 TND,300.0,6.0,4.0,3.0,1.0,1.0,1.0,1.0,1.0,Villa,Bon état,,,36.876389,10.325278,1.0,,,1.0,,,,,,,,,,,,,,,,,,,,,,,,,,,,
https://www.mubawab.tn/fr/a/8009884/berges-lac-1-villa-lux-avec-jardin-lac-1,Berges lac 1 villa lux avec jardin lac 1,Charguia 1 à La Soukra,3 500 TND,400.0,,4.0,2.0,1.0,1.0,,1.0,1.0,Villa,Nouveau,5-10 ans,Marbre,36.82520695948361,10.206747119709528,1.0,,,1.0,1.0,,,1.0,,1.0,1.0,1.0,1.0,,,,,,,,,,,,,,Est,,,,,
https://www.mubawab.tn/fr/a/8009850/a-louer-un-triplex-s5-aux-jardins-del-menzah2,A Louer un Triplex S5 aux jardins dEl Menzah2,Les Jardins d'El Menzah 2 à Ariana Ville,Prix à consulter,300.0,6.0,5.0,4.0,1.0,1.0,1.0,1.0,1.0,Villa,Nouveau,1-5 ans,Marbre,36.8625,10.19556,1.0,,,1.0,1.0,1.0,1.0,1.0,,,1.0,1.0,1.0,,,,1.0,,,,,1.0,,,,,Ouest,,,,,
https://www.mubawab.tn/fr/a/8009297/grande-maison-%C3%A0-louer-el-may-annuelle,Grande maison à louer El May annuelle,El May à Midoun,1 500 TND,4000.0,6.0,4.0,,1.0,1.0,,,1.0,Maison,Bon état,,Carrelage,33.866667,10.85,1.0,,,1.0,,1.0,1.0,,,,1.0,,,,,,1.0,,,1.0,1.0,1.0,1.0,,,,,,,,,
https://www.mubawab.tn/fr/a/7983353/triplex-%C3%A0-louer-%C3%A0-la-marsa,Triplex À Louer À La Marsa,La Marsa à La Marsa,5 200 TND,,7.0,5.0,4.0,1.0,1.0,,1.0,1.0,Villa,Bon état,,,36.876389,10.325278,1.0,,,1.0,1.0,1.0,1.0,1.0,,,,1.0,1.0,,,,1.0,1.0,,,,1.0,,,,1.0,,,,,,
https://www.mubawab.tn/fr/a/8008750/a-louer-villa-s3-%C3%A0-la-marsa-cube,A louer Villa S3 à la Marsa Cube,La Marsa à La Marsa,Prix à consulter,450.0,,3.0,,1.0,1.0,1.0,1.0,1.0,Maison,Nouveau,,,36.876389,10.325278,1.0,,,1.0,1.0,,1.0,1.0,,1.0,1.0,1.0,1.0,,1.0,,,,,,,,1.0,,1.0,,,,,,,
https://www.mubawab.tn/fr/a/7087261/une-manifique-villa-de-m%C3%A8tre-%C3%A0-sidi-bousaid,Une manifique villa de mètre à sidi bousaid,Sidi Bousaid à Carthage,Prix à consulter,1500.0,,5.0,3.0,1.0,1.0,1.0,1.0,,Villa,Nouveau,Moins d'un an,Marbre,36.871576,10.3343581,1.0,1.0,,1.0,,,,1.0,,,,1.0,,,,,,,,,,,,,1.0,,,,,,,
https://www.mubawab.tn/fr/a/8008523/a-louer-triplex-en-s4-avec-piscine-%C3%A0-jardin-d-el,A louer Triplex en S4 avec piscine à Jardin d'El,Les Jardins d'El Menzah 2 à Ariana Ville,3 200 TND,350.0,2.0,4.0,,1.0,1.0,1.0,1.0,1.0,Maison,Nouveau,,,36.8625,10.19556,1.0,,,1.0,1.0,,1.0,1.0,,1.0,,1.0,1.0,,,,,,,,,,1.0,,,,,,,,,
https://www.mubawab.tn/fr/a/8008355/belle-maison-en-location-surface-de-200-m%C2%B2-bien-meubl%C3%A9,Belle maison en location. Surface de 200 m². Bien meublé,Soliman,900 TND,200.0,,3.0,,1.0,1.0,,,,Maison,Bon état,,,36.7,10.483333,1.0,,,1.0,,1.0,,,,,1.0,,,,,,,,,1.0,1.0,1.0,1.0,,,,,,,,,
https://www.mubawab.tn/fr/a/7906678/villa-de-4-chambres-et-piscine-proche-de-la-mer,Villa de 4 chambres et piscine proche de la mer,Djerba à Djerba,2 700 TND,200.0,4.0,4.0,3.0,1.0,,1.0,,1.0,Maison,Nouveau,,,33.8075978,10.8451467,1.0,,1.0,1.0,1.0,1.0,1.0,,,1.0,1.0,1.0,,,,1.0,1.0,,,1.0,1.0,1.0,,,,,,,,,,
https://www.mubawab.tn/fr/a/7957644/villa-avec-piscine-%C3%A0-louer-%C3%A0-gammarth,Villa avec piscine à Louer à Gammarth,Gammarth Supérieur à La Marsa,9 000 TND,,6.0,5.0,3.0,1.0,1.0,1.0,1.0,1.0,Villa,Bon état,,,36.876389,10.325278,1.0,,,1.0,1.0,,,1.0,,,1.0,1.0,1.0,,,,,,,,,,,,1.0,1.0,,,,,,
https://www.mubawab.tn/fr/a/7995724/villa-s4-%C3%A0-louer-%C3%A0-gammarth,Villa S4 à Louer à Gammarth,Gammarth à La Marsa,7 200 TND,350.0,7.0,4.0,5.0,1.0,,1.0,1.0,1.0,Villa,Nouveau,5-10 ans,Marbre,36.876389,10.325278,1.0,,1.0,1.0,1.0,,1.0,1.0,,,1.0,1.0,1.0,,,1.0,,1.0,,1.0,,,,,,,,,,,,
https://www.mubawab.tn/fr/a/7837228/villa-meubl%C3%A9e-avec-piscine-et-vue-mer-%C3%A0-jinen-hammamet,Villa meublée avec piscine et vue mer à Jinen Hammamet,Hammamet Sud à Hammamet,4 800 TND,,5.0,4.0,4.0,1.0,1.0,1.0,1.0,1.0,Villa,Bon état,,,36.40108,10.61457,1.0,,,1.0,1.0,1.0,1.0,1.0,,1.0,1.0,,1.0,,,,,,,1.0,1.0,1.0,,,1.0,1.0,,,,,,
https://www.mubawab.tn/fr/a/7926794/magnifique-duplex-s3-%C3%A0-la-marsa,Magnifique duplex S3 à La Marsa,La Marsa à La Marsa,2 200 TND,,,,,,,,,,Villa,,,,36.8941992,10.2762232,1.0,,,,,,,,,,,,,,,,,,,,,,,,,,,,,,,
https://www.mubawab.tn/fr/a/8007411/superbe-villa-%C3%A0-louer-%C3%A0-la-marsa-superficie-500-m%C2%B2-cuisine-enti%C3%A8rement-%C3%A9quip%C3%A9e,Superbe villa à louer à La Marsa. Superficie 500 m². Cuisine entièrement équipée,La Marsa à La Marsa,3 500 TND,500.0,,3.0,,,,,,1.0,Villa,,,,36.8941992,10.2762232,1.0,,,,,,1.0,1.0,,,,,,,,,,,,,,,,,,,,,,,,
https://www.mubawab.tn/fr/a/7998405/une-belle-villa-avec-piscine,Une belle villa avec piscine,Les Berges Du Lac 2 à La Marsa,9 500 TND,800.0,5.0,3.0,3.0,1.0,1.0,1.0,,1.0,Maison,Bon état,5-10 ans,Marbre,36.876389,10.325278,,,,,,1.0,,,,1.0,,,,,,,,,,1.0,,,,,,,,,,,,
https://www.mubawab.tn/fr/a/8007073/a-louer-triplex-en-s3-avec-piscine-%C3%A0-jardin-d-el,A louer Triplex en S3 avec piscine à Jardin d'El,Les Jardins d'El Menzah 2 à Ariana Ville,3 500 TND,350.0,3.0,3.0,,1.0,1.0,1.0,1.0,,Maison,Nouveau,,,36.8625,10.19556,1.0,,,1.0,1.0,1.0,1.0,1.0,,1.0,,1.0,1.0,,,,,,,,,,1.0,,,,,,,,,
https://www.mubawab.tn/fr/a/7984377/duplex-s4-piscine-et-vue-mer-au-golden-tulip,Duplex s4 piscine et vue mer au golden tulip,Gammarth à La Marsa,5 000 TND,500.0,6.0,4.0,,,,1.0,1.0,1.0,Maison,Bon état,5-10 ans,Marbre,36.876389,10.325278,,,,,,,,,,,,,,,,,,,,,,,1.0,,1.0,,,,,,,
https://www.mubawab.tn/fr/a/7910808/location-villa-semi-meubl%C3%A9e-piscine-gammarth-golf,Location villa semi meublée piscine gammarth golf,Gammarth à La Marsa,9 500 TND,1000.0,5.0,4.0,3.0,,,1.0,1.0,1.0,Maison,Bon état,5-10 ans,Marbre,36.876389,10.325278,,,,,,,,,,,,,,,,,,,,,,,,,,,,,,,,
https://www.mubawab.tn/fr/a/8006915/villa-de-maitre-s6-avec-vue-sur-mer-sidi-bou-said,"Villa de maitre S6 avec vue sur mer, Sidi Bou Said",Sidi Bousaid à Carthage,Prix à consulter,2000.0,7.0,6.0,6.0,1.0,1.0,1.0,1.0,1.0,Villa,Bon état,,Marbre,36.8566,10.3258,1.0,,,1.0,,1.0,1.0,1.0,,1.0,,,1.0,,,,1.0,,,1.0,1.0,1.0,,,1.0,1.0,,,,,,
https://www.mubawab.tn/fr/a/7851292/villa-s6-avec-piscine-et-vue-d%C3%A9gag%C3%A9e-gammarth-sup%C3%A9rieur,"Villa S6 avec piscine et vue dégagée, Gammarth supérieur",Gammarth Supérieur à La Marsa,9 500 TND,1000.0,7.0,6.0,6.0,,1.0,1.0,1.0,1.0,Villa,Bon état,,,36.8931787,10.3099394,1.0,,,1.0,,,,,,,,,,,,,,,,,,,,,,,,,,,,
https://www.mubawab.tn/fr/a/8006780/villa-de-ma%C3%AEtre-au-c%C5%93ur-de-sidi-bousaid,Villa de maître au cœur de Sidi Bousaid,Sidi Bousaid à Carthage,Prix à consulter,1000.0,10.0,7.0,8.0,1.0,1.0,1.0,1.0,1.0,Villa,Bon état,1-5 ans,Marbre,36.8566,10.3258,1.0,,1.0,1.0,1.0,1.0,1.0,1.0,,1.0,1.0,1.0,1.0,,,1.0,1.0,1.0,,,1.0,1.0,,,,,,,,,,
https://www.mubawab.tn/fr/a/8006779/belle-villa-%C3%A0-louer-%C3%A0-hamammet-sud,Belle Villa à louer à Hamammet Sud,Hammamet Sud à Hammamet,4 500 TND,1200.0,5.0,4.0,4.0,1.0,1.0,1.0,1.0,1.0,Maison,Nouveau,,,36.40108,10.61457,1.0,,,1.0,1.0,1.0,1.0,,,1.0,,,,,,,1.0,,,1.0,1.0,1.0,,,,1.0,,,,,,
https://www.mubawab.tn/fr/a/7966572/villa-s5-%C3%A0-louer-%C3%A0-la-marsa,Villa s5 à louer à la Marsa,La Marsa à La Marsa,4 500 TND,500.0,6.0,5.0,2.0,,1.0,,1.0,,Maison,Nouveau,,,36.876389,10.325278,1.0,,,1.0,1.0,,,,,,,,,,,,,,,,,,,,,,,,,,,
https://www.mubawab.tn/fr/a/8006598/villa-de-luxe-%C3%A0-louer-%C3%A0-cit%C3%A9-ennasr-1-4-chambres-agr%C3%A9ables,Villa de luxe à louer à Cité Ennasr 1.4 chambres agréables,Cité Ennasr 1 à Ariana Ville,Prix à consulter,230.0,,4.0,,,,,,,Villa,Bon état,10-20 ans,Marbre,36.8625,10.19556,,,,,,,,,,,,,,,,,,,,,,,1.0,,,,,,,,,
https://www.mubawab.tn/fr/a/7972291/location-belle-villa-%C3%A0-gammarth,Location belle villa à Gammarth,Gammarth à La Marsa,7 000 TND,800.0,5.0,4.0,3.0,1.0,1.0,1.0,1.0,1.0,Villa,Bon état,,,36.91773900000001,10.288893,1.0,,1.0,1.0,,1.0,1.0,1.0,,,1.0,,,,,,1.0,,,1.0,,1.0,,,,,,,,,,
https://www.mubawab.tn/fr/a/8006176/villa-meuble,Villa meuble,Cité Ons à Sakiet Ezzit,Prix à consulter,160.0,4.0,2.0,,1.0,,,,1.0,Villa,Nouveau,Moins d'un an,Carrelage,34.826932009581284,10.751128233941149,1.0,,,,,1.0,1.0,,,,1.0,,,,,1.0,,1.0,,1.0,1.0,,1.0,,,,Est,,,,,
https://www.mubawab.tn/fr/a/7541698/location-belle-villa-s4-%C3%A0-la-marsa,Location belle villa s4 à la marsa,La Marsa à La Marsa,5 500 TND,500.0,5.0,4.0,4.0,1.0,1.0,,1.0,1.0,Villa,Bon état,,,36.91773900000001,10.288893000000003,1.0,,1.0,1.0,,,,,,,1.0,,,,,1.0,,,,,,,,,,,,,,,,
https://www.mubawab.tn/fr/a/7476175/villa-s4-avec-piscine-%C3%A0-gammarth,Villa S4 avec piscine à Gammarth,Gammarth à La Marsa,10 000 TND,900.0,4.0,4.0,2.0,1.0,1.0,1.0,,1.0,Maison,Bon état,,,36.917739,10.288893,1.0,,,1.0,,,,,,,,,,,,,,,,,,,,,,,,,,,,
https://www.mubawab.tn/fr/a/8005241/a-louer-duplex-s4-au-jardin-d-el-menzeh-2,A Louer Duplex S4 au Jardin d'El Menzeh 2,Les Jardins d'El Menzah 2 à Ariana Ville,3 500 TND,350.0,4.0,4.0,,1.0,1.0,1.0,1.0,1.0,Maison,Nouveau,,,36.8625,10.19556,1.0,,,1.0,1.0,1.0,1.0,1.0,,1.0,1.0,,1.0,,,,,,,,,,1.0,,,,,,,,,
https://www.mubawab.tn/fr/a/7945958/villa-haut-de-gamme-avec-vue-sur-la-mer,Villa Haut De Gamme Avec Vue Sur La Mer,Tezdaine,3 800 TND,500.0,5.0,4.0,3.0,1.0,,1.0,,1.0,Maison,Bon état,,,33.8039664,11.0400653,1.0,,,1.0,,,,,,,,,,,,,,,,1.0,,,,,1.0,,,,,,,
https://www.mubawab.tn/fr/a/8004973/un-triplex-s3-meubl%C3%A9,Un Triplex S3 meublé,Chotrana 3 à La Soukra,4 300 TND,250.0,4.0,3.0,4.0,1.0,1.0,1.0,1.0,1.0,Villa,Bon état,,,36.89654399999999,10.217961000000004,1.0,1.0,,1.0,1.0,1.0,1.0,,,1.0,,1.0,1.0,,,1.0,1.0,1.0,,1.0,1.0,1.0,,,,,,,,,,
https://www.mubawab.tn/fr/a/7868142/un-appartement-s3-meubl%C3%A9e,Un appartement S3 meublée,La Soukra à La Soukra,2 500 TND,250.0,4.0,3.0,3.0,1.0,,,1.0,1.0,Maison,Bon état,,,36.88833000000001,10.27417,,1.0,,1.0,1.0,1.0,1.0,1.0,,1.0,,1.0,1.0,,,1.0,1.0,1.0,,1.0,1.0,1.0,,,,,,,,,,
https://www.mubawab.tn/fr/a/8005096/villa-mont-fleury,Villa Mont Fleury,Montfleury à Tunis,1 250 TND,200.0,2.0,3.0,,1.0,1.0,,,,Maison,Bon état,10-20 ans,Marbre,36.81881,10.16596,1.0,,,,,,,,,1.0,,,,,,,,,,,,,1.0,,,,Est,,,,,
https://www.mubawab.tn/fr/a/7977817/un-coquet-s2-meubl%C3%A9-de-plain-pied-avec-jardin-%C3%A0-la-marsa,Un coquet s2 meublé de plain pied avec jardin à La Marsa,La Marsa à La Marsa,3 000 TND,200.0,,2.0,,1.0,,,,,Villa,,,,36.8941992,10.2762232,1.0,,,,,,,,,,,,,,,,,,,1.0,,,,,,,,,,,,
https://www.mubawab.tn/fr/a/7722319/a-louer-villa-s2-avec-jardin-%C3%A0-mimosa,"A louer, Villa S2 avec jardin à Mimosa",Hammamet Nord à Hammamet,2 000 TND,,6.0,2.0,2.0,1.0,,,1.0,1.0,Villa,Bon état,,,36.40108,10.61457,1.0,1.0,,1.0,,1.0,1.0,,,,,1.0,,,,,1.0,,,1.0,1.0,1.0,,,,,,,,,,
https://www.mubawab.tn/fr/a/8001693/villa-des-jardins,Villa des jardins,La Marsa à La Marsa,Prix à consulter,1200.0,4.0,4.0,,,,,,,Villa,Nouveau,,,36.876389,10.325278,1.0,,,,,,,,,,,1.0,,,,,,,,,,,1.0,,,,,,,,,
https://www.mubawab.tn/fr/a/7936016/terre-d%E2%80%99elyssa,Terre D’Elyssa,Cité de la Plage à Hammam Sousse,350 TND,400.0,,,,1.0,,,,1.0,Maison,Nouveau,1-5 ans,Carrelage,35.869606313127285,10.60742617727662,1.0,,,,,1.0,,,,,1.0,,,,1.0,,,,,1.0,1.0,,1.0,,1.0,,Sud,1.0,,,,
https://www.mubawab.tn/fr/a/7947908/a-louer-une-villa-en-s6-avec-piscine-%C3%A0-carthage,A louer une villa en S6 avec piscine à Carthage,Carthage à Carthage,8 000 TND,500.0,7.0,7.0,4.0,1.0,,1.0,1.0,1.0,Villa,Nouveau,,,36.8566,10.3258,1.0,1.0,,1.0,,,,1.0,,,,,,,,,,,,,,,,,,,,,,,,
https://www.mubawab.tn/fr/a/8004076/duplex-s2-%C3%A0-hammamet-centre-zone-corniche,Duplex s2 à Hammamet centre zone corniche,Hammamet à Hammamet,1 500 TND,147.0,3.0,2.0,2.0,,,,,1.0,Villa,Bon état,1-5 ans,,36.40108,10.61457,1.0,,,1.0,,,1.0,,,,,,,,,,,,,1.0,,,,,,,,,,,,
https://www.mubawab.tn/fr/a/8003647/villa-s3-%C3%A0-la-marsa-centre,Villa S3 à La Marsa Centre,La Marsa à La Marsa,4 500 TND,,4.0,3.0,2.0,1.0,1.0,,1.0,1.0,Villa,Bon état,1-5 ans,Marbre,36.876389,10.325278,1.0,,,1.0,1.0,,1.0,,,1.0,,,1.0,,,,,,,,,,,,,,,,,,,
https://www.mubawab.tn/fr/a/8003242/un-%C3%A9tage-de-villa-%C3%A0-usage-bureautique,Un étage de villa à usage bureautique,Ariana à Ariana Ville,1 900 TND,180.0,4.0,3.0,2.0,,,,1.0,,Maison,Bon état,,,36.8625,10.19556,1.0,,,1.0,,,1.0,,,,,,,,,,,,,,,,,,,,,,,,,
https://www.mubawab.tn/fr/a/8003110/maison-s2-a-louer-hay-esseha-ariana,Maison s2 a louer hay esseha ariana,Cité de la santé à La Soukra,Prix à consulter,111111.0,,2.0,,1.0,1.0,,,,Maison,Bon état,5-10 ans,,36.883333,10.25,1.0,1.0,,,,,,,,,,,,,1.0,,,1.0,,,,,1.0,,,,,,,,,
https://www.mubawab.tn/fr/a/8002813/etage-de-villa-s3-%C3%A0-louer-au-lac-2,Etage de villa s3 à louer au lac 2,Les Berges Du Lac 2 à La Marsa,3 500 TND,180.0,,3.0,,,1.0,,,1.0,Villa,,,,36.8468986,10.2641808,1.0,,,,,,,,,,,1.0,,,,,,,,,,,,,,,,,,,,
https://www.mubawab.tn/fr/a/7831067/villa-s4-avec-jardin-%C3%A0-hammamet,Villa S4 avec jardin à Hammamet,Hammamet à Hammamet,1 700 TND,,9.0,4.0,3.0,1.0,,,1.0,1.0,Villa,Bon état,,,36.40108,10.61457,1.0,,,1.0,,1.0,1.0,,,,,1.0,,,,,1.0,,,1.0,1.0,1.0,,,,,,,,,,
https://www.mubawab.tn/fr/a/7918651/%C3%A9tage-de-villa-s4-meubl%C3%A9-ou-vide-%C3%A0-la-marsa-ville,Étage de villa s4 meublé ou vide à la marsa ville,La Marsa à La Marsa,6 000 TND,220.0,5.0,4.0,3.0,,1.0,,1.0,1.0,Maison,Bon état,10-20 ans,Marbre,36.8941992,10.2762232,1.0,,,1.0,1.0,1.0,1.0,1.0,,1.0,1.0,1.0,1.0,,,1.0,1.0,1.0,,1.0,,1.0,,,,,Nord,,,,,
https://www.mubawab.tn/fr/a/7987256/une-villa-meubl%C3%A9e-avec-piscine-%C3%A0-5-mn-de-la-mer,Une villa meublée avec piscine à 5 mn de la mer,Hammamet à Hammamet,3 000 TND,277.0,5.0,4.0,4.0,1.0,1.0,1.0,1.0,1.0,Villa,Bon état,,,36.40108,10.61457,1.0,,,1.0,1.0,1.0,1.0,1.0,,1.0,,1.0,1.0,,,,1.0,,,1.0,1.0,1.0,,,,1.0,,,,,,
https://www.mubawab.tn/fr/a/8001044/s3-neuf-riadh-andalos-ariana,S3 neuf Riadh Andalos Ariana,Riadh al Andalous à Ariana Ville,1 100 TND,100.0,4.0,3.0,,,,,1.0,,Maison,Nouveau,Moins d'un an,Carrelage,36.87856493303052,10.170042283102726,,,,,1.0,,,1.0,,,,,,,,,,,,,,,1.0,,,,Nord,,,,,
https://www.mubawab.tn/fr/a/7824815/location-anuelle,Location anuelle,Midoune à Midoun,1 500 TND,,5.0,2.0,,1.0,,,,1.0,Villa,Bon état,1-5 ans,,33.866667,10.85,1.0,,,1.0,1.0,1.0,,,,,1.0,,1.0,,,,,,,1.0,1.0,,1.0,,,,,,,,,
https://www.mubawab.tn/fr/a/7966573/villa-%C3%A0-louer-%C3%A0-la-marsa,Villa à louer à la Marsa,La Marsa à La Marsa,3 600 TND,370.0,3.0,3.0,,,1.0,,,1.0,Maison,Nouveau,,,36.876389,10.325278,,,,,,,,,,,,,,,,,,,,,,,1.0,,,,,,,,,
https://www.mubawab.tn/fr/a/8000290/villa-juml%C3%A9e-s4-%C3%A0-cit%C3%A9-el-khalil,Villa Jumlée S4 à Cité El Khalil,Cité El Khalil à La Marsa,6 500 TND,300.0,5.0,4.0,3.0,1.0,1.0,1.0,1.0,1.0,Villa,Bon état,,,36.876389,10.325278,1.0,,,1.0,,1.0,1.0,,,1.0,,1.0,,,,1.0,1.0,1.0,,,,,,,,1.0,,,,,,
https://www.mubawab.tn/fr/a/7805657/a-louer-grande-villa-s9-%C3%A0-menzah-7,A louer grande villa S9 à Menzah 7,El Menzah 7 à Ariana Ville,6 000 TND,800.0,10.0,9.0,4.0,1.0,1.0,,1.0,1.0,Villa,Bon état,,,36.8524946,10.1577208,1.0,,,1.0,,,1.0,,,,,,,,,,,,,,,,,,,,,,,,,
https://www.mubawab.tn/fr/a/7999657/petite-villa-mutueleville,Petite villa Mutueleville,Mutuelle Ville à El Menzah,2 700 TND,180.0,5.0,3.0,,,,,,,Villa,Bon état,20-30 ans,Marbre,36.8316382,10.1641474,,,,,,,,,,,,,,,,,,,,,,,1.0,,,,Est,,,,,
https://www.mubawab.tn/fr/a/7933262/a-louer-un-rez-de-jardin-en-s3-avec-piscine-%C3%A0-gammarth,A louer un rez de jardin en S3 avec piscine à Gammarth,Gammarth Supérieur à La Marsa,6 000 TND,250.0,,4.0,,1.0,1.0,1.0,1.0,,Villa,,,,36.8931787,10.3099394,1.0,,,1.0,,,,,,,,,,,,,,,,1.0,,,,,,,,,,,,
https://www.mubawab.tn/fr/a/7869607/a-louer-une-villa-de-maitre-en-s5-avec-piscine-au-lac-2,A louer une villa de maitre en S5 avec piscine au Lac 2,Les Berges Du Lac 2 à La Marsa,Prix à consulter,1275.0,7.0,5.0,5.0,1.0,1.0,1.0,1.0,1.0,Villa,Nouveau,,,36.876389,10.325278,1.0,,1.0,1.0,,,,,1.0,,,1.0,,,,,,,,,,,,1.0,,,,,,,,
https://www.mubawab.tn/fr/a/7982713/villa-de-luxe-%C3%A0-louer-%C3%A0-la-soukra,Villa de Luxe à Louer à La Soukra,Chotrana 3 à La Soukra,10 000 TND,798.0,8.0,5.0,5.0,1.0,1.0,1.0,,1.0,Villa,,,,36.896544,10.217961,1.0,,,,,,,,,,,1.0,,,,,,,,,,,,,,,,,,,,
https://www.mubawab.tn/fr/a/7998612/villa-de-haut-standing-%C3%A0-louer-%C3%A0-cit%C3%A9-el-wafa-surface-de-90-m%C2%B2-meubl%C3%A9,Villa de haut standing à louer à Cité El Wafa. Surface de 90 m². Meublé,Cité El Wafa à Nabeul,Prix à consulter,90.0,,,,1.0,1.0,,1.0,1.0,Villa,Bon état,10-20 ans,Carrelage,33.88689999999999,9.5375,,,,1.0,,1.0,1.0,,,,1.0,,,,,,,1.0,,1.0,1.0,,1.0,,,,Est,1.0,,,,
https://www.mubawab.tn/fr/a/7775960/location-maison-aicha-s1,Location Maison Aicha S1,Hammamet à Hammamet,1 000 TND,150.0,2.0,,2.0,1.0,,,1.0,1.0,Maison,Nouveau,,,36.40108,10.61457,1.0,,,1.0,,1.0,1.0,1.0,,1.0,,1.0,,,,,1.0,,,1.0,1.0,1.0,,,,,,1.0,,,,
https://www.mubawab.tn/fr/a/7957630/une-belle-villla,Une belle villla,Les Berges Du Lac 2 à La Marsa,12 000 TND,600.0,4.0,4.0,2.0,,1.0,1.0,,1.0,Maison,Bon état,5-10 ans,Marbre,36.876389,10.325278,,,,,,,,,,,,,,,,,,,,,,,,,,,,,,,,
https://www.mubawab.tn/fr/a/7880706/a-louer-villa-avec-jardin-%C3%A0-hammamet-nord,A louer: villa avec jardin à Hammamet Nord,Hammamet Nord à Hammamet,3 500 TND,,7.0,3.0,2.0,1.0,1.0,,1.0,1.0,Villa,Bon état,,,36.40108,10.61457,1.0,,,1.0,,1.0,1.0,,,,,1.0,,,,,1.0,,,1.0,1.0,1.0,,,,,,,,,,
https://www.mubawab.tn/fr/a/7863022/une-villa-%C3%A0-louer-%C3%A0-kantaoui,Une villa à louer à Kantaoui,Cité Ennarjes 1,6 500 TND,1000.0,7.0,5.0,2.0,1.0,1.0,1.0,1.0,1.0,Villa,Nouveau,5-10 ans,,35.79,10.56,1.0,,,1.0,,,,,,,,1.0,,,,,,,,,,,,,,,,,,,,
https://www.mubawab.tn/fr/a/7996435/a-louer-une-belle-villa-s5-h-s-%C3%A0-choutrana-1,A Louer Une belle Villa S5 H S à Choutrana 1,Chotrana 2 à La Soukra,3 500 TND,400.0,5.0,5.0,3.0,1.0,,1.0,1.0,1.0,Maison,Nouveau,,,36.883333,10.25,1.0,,,1.0,,,,,,,,,,,,,,,,,,,,,,,,,,,,
https://www.mubawab.tn/fr/a/7985579/villa-s3-%C3%A0-gammarth,Villa s3 à Gammarth,La Marsa à La Marsa,3 500 TND,,,5.0,,1.0,,,,,Villa,,,,36.8941992,10.2762232,,,,,,,,,,,,,,,,,,,,,,,,,,,,,,,,
https://www.mubawab.tn/fr/a/7997328/villa-a-louer-rdc-s4,Villa a louer RDC S4,Le Kram à Le Kram,1 300 TND,230.0,4.0,4.0,2.0,1.0,1.0,,1.0,1.0,Villa,Bon état,,,36.833333,10.316667,1.0,,,1.0,,1.0,1.0,1.0,,,1.0,1.0,,,,,,1.0,,1.0,,,,,,,,,,,,
https://www.mubawab.tn/fr/a/7997449/1-er-%C3%A9tage-d-une-villa,1 er étage d'une villa,Rades Meliane à Rades,620 TND,100.0,2.0,2.0,,1.0,,,,,Maison,Nouveau,1-5 ans,Marbre,36.7609,10.2736,,,,,,,,,,,1.0,,,,,,,,,,,,1.0,,,,Nord,,,,,
https://www.mubawab.tn/fr/a/7997334/louez-votre-r%C3%A9sidence-%C3%A0-sahloul2-1-belle-chambre-demi-meubl%C3%A9,Louez votre résidence à Sahloul2.1 belle chambre. Demi Meublé,Hammam Sousse à Hammam Sousse,650 TND,40.0,,,,,,,,1.0,Maison,Nouveau,Moins d'un an,,35.8569,10.591507,1.0,,,,,,,,,,,,,,,,,,,1.0,,,1.0,,,,,1.0,,,,
https://www.mubawab.tn/fr/a/7874497/villa-s4-a-la-marsa,Villa s4 a La Marsa,La Marsa à La Marsa,4 500 TND,450.0,4.0,4.0,3.0,1.0,1.0,1.0,1.0,1.0,Villa,Bon état,1-5 ans,Marbre,36.876389,10.325278,1.0,,,1.0,1.0,,,,,,,1.0,1.0,,,,,,,,,,,,,,,,,,,
https://www.mubawab.tn/fr/a/7990112/etage-de-villa-s3-%C3%A0-carthage,Etage de villa s3 à Carthage,La Marsa à La Marsa,3 000 TND,200.0,,4.0,,1.0,1.0,,,1.0,Villa,,,,36.8941992,10.2762232,,,,,,,,,,,,,,,,,,,,,,,,,,,,,,,,
https://www.mubawab.tn/fr/a/7958992/villa-avec-piscine-%C3%A0-sidi-bou-said,Villa avec piscine à sidi bou said,Carthage,5 500 TND,470.0,,5.0,,1.0,,1.0,,1.0,Villa,,,,36.8566,10.3258,1.0,,,,,,,,1.0,,,,,,,,,,,,,,,,,,,,,,,
https://www.mubawab.tn/fr/a/7995994/villa-de-luxe-a-louer,Villa de luxe a louer,Les Berges Du Lac 2 à La Marsa,11 000 TND,585.0,8.0,5.0,4.0,1.0,1.0,1.0,1.0,1.0,Villa,Nouveau,,,36.8468986,10.2641808,1.0,,,1.0,1.0,1.0,1.0,1.0,,,1.0,1.0,1.0,,,,1.0,1.0,,,,,,,,,,,,,,
https://www.mubawab.tn/fr/a/7995466/maison-meubl%C3%A9e-%C3%A0-louer-sidi-salem,Maison meublée à louer Sidi Salem,Cité Hassen Nouri à Bizerte Nord,Prix à consulter,114.0,5.0,4.0,,,,,,1.0,Maison,Bon état,,Carrelage,37.2822525202636,9.874442931764715,1.0,,,,,1.0,1.0,,,,1.0,,,,,,,,,1.0,1.0,,1.0,,,,Nord,,,,,
https://www.mubawab.tn/fr/a/7979810/a-louer-un-villa-en-s4-%C3%A0-sidi-bousaid,A louer un villa en S4 à Sidi Bousaid,Sidi Bousaid à Carthage,7 000 TND,1000.0,6.0,6.0,3.0,1.0,1.0,,1.0,,Villa,Bon état,,,36.871576,10.3343581,1.0,,,1.0,,,,,1.0,,,,,,,,,,,,,,,,,,,,,,,
https://www.mubawab.tn/fr/a/7990111/magnifique-%C3%A8tage-de-villa-s3-meubl%C3%A9-%C3%A0-sidi-bou-said,Magnifique ètage de villa S3 meublé à sidi bou said,La Marsa à La Marsa,6 000 TND,,,4.0,,,,,,,Villa,,,,36.8941992,10.2762232,,,,,,,,,,,,,,,,,,,,,,,,1.0,,,,,,,,
https://www.mubawab.tn/fr/a/7990109/villa-s2-%C3%A0-la-marsa,Villa S2 à la Marsa,La Marsa à La Marsa,1 800 TND,,,3.0,,1.0,1.0,,,,Villa,,,,36.8941992,10.2762232,,,,,,,,,,,,,,,,,,,,,,,,,,,,,,,,
https://www.mubawab.tn/fr/a/7993604/villa-%C3%A0-louer-%C3%A0-chott-mariem,Villa à louer à Chott Mariem,Chott Meriem à Akouda,3 500 TND,400.0,9.0,3.0,3.0,1.0,,,1.0,,Villa,Bon état,,,35.87,10.57,1.0,,,1.0,,,,,,,,,,,,,,,,1.0,,,,,,,,,,,,
https://www.mubawab.tn/fr/a/7994177/villa-meubl%C3%A9,Villa meublé,Kalâa Kebira,Prix à consulter,120.0,5.0,2.0,,1.0,1.0,,1.0,1.0,Villa,Bon état,5-10 ans,Marbre,35.87392,10.54372,1.0,,,1.0,,1.0,1.0,1.0,,,1.0,1.0,,,,1.0,,1.0,,1.0,1.0,1.0,1.0,,,,,,,,,
https://www.mubawab.tn/fr/a/7974732/a-louer-duplex-moderne-sur-2-niv-%C3%A1-el-menzah-1,A louer duplex moderne sur 2 niv á El Menzah 1,El Menzah 1 à El Menzah,5 000 TND,400.0,5.0,3.0,3.0,1.0,1.0,,1.0,1.0,Villa,Bon état,1-5 ans,Marbre,36.845235,10.164723,1.0,,,1.0,1.0,,,1.0,,,,1.0,1.0,,,1.0,,,,,,,,,,1.0,Nord,,,,,
https://www.mubawab.tn/fr/a/7806245/rez-de-chauss%C3%A9e-de-villa-la-marsa-corniche,Rez de chaussée de villa La Marsa Corniche,La Marsa à La Marsa,3 500 TND,200.0,4.0,3.0,2.0,1.0,1.0,,1.0,1.0,Maison,Bon état,1-5 ans,Marbre,36.876389,10.325278,1.0,,,1.0,1.0,,1.0,1.0,,1.0,1.0,1.0,1.0,,,,,1.0,,,,,,,,1.0,,,,,,
https://www.mubawab.tn/fr/a/7892560/villa-de-charme-s4-%C3%A0-sidi-bousaid,Villa de charme s4 à sidi Bousaid,Sidi Bousaid à Carthage,5 000 TND,300.0,5.0,4.0,3.0,,,,1.0,1.0,Villa,Bon état,,,36.871576,10.3343581,1.0,,,1.0,,,,,,1.0,1.0,,,,,,,,,,,,,,1.0,,,,,,,
https://www.mubawab.tn/fr/a/7974612/villa-s4-%C3%A0-sidi-bou-said,Villa S4 à Sidi Bou Said,Carthage,6 500 TND,,,5.0,,,1.0,,,,Villa,,,,36.8566,10.3258,,,,,,,,,1.0,,,,,,,,,,,,,,,,,,,,,,,
https://www.mubawab.tn/fr/a/7550724/studio-%C3%A0-louer-pour-des-%C3%A9tudiantes-%C3%A0-cit%C3%A9-el-amel,Studio à louer pour des étudiantes à Cité El Amel,Denden à La Manouba,650 TND,100.0,3.0,2.0,,1.0,,,,1.0,Maison,Nouveau,Moins d'un an,Carrelage,36.77855,10.05538,1.0,,,,1.0,1.0,,,,,1.0,1.0,1.0,,,,,,,1.0,1.0,,1.0,,,,Nord,,,,,
https://www.mubawab.tn/fr/a/7992322/a-vendre-villa-plain-pied-a-marsa,A vendre Villa plain pied a marsa,Cité Les Pins à La Marsa,2 900 000 TND,1039.0,4.0,3.0,2.0,1.0,1.0,,1.0,,Villa,Bon état,5-10 ans,,36.876389,10.325278,1.0,,,1.0,,,,,,,,,,,,,,,,,,,,,,,,,,,,
https://www.mubawab.tn/fr/a/7988255/%C3%A9tage-de-villa-s4-borj-louzir,Étage de villa S4 Borj Louzir,Borj Louzir à La Soukra,1 250 TND,650.0,10.0,4.0,2.0,1.0,1.0,,1.0,,Maison,Bon état,10-20 ans,,36.883333,10.25,1.0,,,1.0,,,,1.0,,1.0,,,,,,,,,,,,,,,,,Est,,,,,
https://www.mubawab.tn/fr/a/7929754/villa-s4-avec-piscine-%C3%A0-gammarth,Villa S4 avec piscine à Gammarth,Gammarth à La Marsa,9 000 TND,,5.0,4.0,4.0,1.0,1.0,1.0,1.0,1.0,Villa,Bon état,1-5 ans,Carrelage,36.876389,10.325278,1.0,,,1.0,1.0,1.0,1.0,,,1.0,1.0,1.0,1.0,,,1.0,1.0,1.0,,,,,,,,,,,,,,
https://www.mubawab.tn/fr/a/7963087/villa-s5-avec-piscine-%C3%A0-gammarth,Villa S5 avec piscine à Gammarth,Gammarth à La Marsa,8 500 TND,,6.0,5.0,3.0,1.0,1.0,1.0,1.0,1.0,Villa,Bon état,1-5 ans,Carrelage,36.876389,10.325278,1.0,,,1.0,1.0,1.0,1.0,,,1.0,1.0,1.0,1.0,,,1.0,1.0,1.0,,,,1.0,,,,,,,,,,
https://www.mubawab.tn/fr/a/7992143/villa-spacieuse,Villa spacieuse,Ennasr,Prix à consulter,,6.0,4.0,3.0,1.0,,,,,Maison,,,,35.40851,10.02891,,,,,,,,,,,,,,,,,,,,,,,,,,,,,,,,
https://www.mubawab.tn/fr/a/7893087/villa-s4-a-ain-zaghouan-nord,Villa S4 a Ain Zaghouan Nord,Ain Zaghouan Nord à La Marsa,7 000 TND,700.0,5.0,4.0,4.0,1.0,1.0,1.0,1.0,1.0,Villa,À rénover,10-20 ans,Carrelage,36.876389,10.325278,,,,1.0,1.0,1.0,,,,,,,1.0,,,,,,,,,,,,,,,,,,,
https://www.mubawab.tn/fr/a/7991830/maison-meubl%C3%A9e-%C3%A0-sidi-sallem-bien-%C3%A9quip%C3%A9e,Maison meublée à sidi sallem bien équipée,Sidi Salem à Bizerte Nord,Prix à consulter,100.0,3.0,2.0,,,,,,1.0,Maison,Bon état,Moins d'un an,Marbre,37.272,9.8708,1.0,,,1.0,1.0,1.0,1.0,,,1.0,1.0,,,,,1.0,,,,1.0,1.0,1.0,1.0,,,,Nord,,,,,
https://www.mubawab.tn/fr/a/7968882/a-louer-une-villa-en-s4-avec-piscine-%C3%A0-gammarth,A louer une villa en S4 avec piscine à Gammarth,Gammarth à La Marsa,Prix à consulter,400.0,,6.0,,1.0,1.0,1.0,1.0,1.0,Villa,,,,36.917739,10.288893,1.0,,,1.0,,,,,,,,,,,,,,,,,,,,,,,,,,,,
https://www.mubawab.tn/fr/a/7991686/location-maison-pour-un-club-de-chant-ou-autre,Location maison pour un club de chant ou autre,El Halfaouine à Tunis,800 TND,300.0,4.0,4.0,,,,,,1.0,Maison,Bon état,,,36.81881,10.16596,,,,1.0,,1.0,1.0,,,,,,,,,,1.0,,,1.0,1.0,1.0,1.0,,,,,,,,,
https://www.mubawab.tn/fr/a/7991377/a-louer-un-rez-de-jardin-en-s2-meubl%C3%A9-%C3%A0-carthage,A louer un rez de jardin en S2 meublé à Carthage,Carthage à Carthage,2 500 TND,120.0,3.0,2.0,,1.0,,,1.0,1.0,Maison,Bon état,,,36.8566,10.3258,1.0,,,1.0,,1.0,,,,,,,,,,1.0,,,,1.0,,,1.0,,,,,,,,,
https://www.mubawab.tn/fr/a/7991342/al-%C3%A0-l-ann%C3%A9e-villa-de-hs-meubl%C3%A9-avec-piscine-%C3%A0-dje,AL à l'année villa de HS meublé avec Piscine à Dje,Midoune à Midoun,2 500 TND,650.0,4.0,3.0,3.0,1.0,1.0,1.0,,1.0,Villa,Nouveau,1-5 ans,Carrelage,33.8182675,11.0027267,1.0,,,1.0,,1.0,1.0,1.0,,,1.0,1.0,,,,1.0,1.0,1.0,,1.0,1.0,1.0,,,,,Sud,,,,,
https://www.mubawab.tn/fr/a/7959784/a-louer-villa-carthage-avec-jardin,A Louer Villa Carthage avec jardin,Carthage à Carthage,5 000 TND,,7.0,5.0,3.0,1.0,1.0,,1.0,1.0,Villa,Bon état,,,36.8566,10.3258,1.0,,,1.0,1.0,1.0,1.0,1.0,,,,1.0,1.0,,,,1.0,1.0,,,,1.0,,,1.0,,,,,,,
https://www.mubawab.tn/fr/a/7954874/a-louer-villa-avec-piscine-gammarth,A Louer Villa Avec Piscine Gammarth,Gammarth à La Marsa,9 000 TND,,7.0,5.0,3.0,1.0,1.0,1.0,1.0,1.0,Villa,Bon état,,,36.87638899999999,10.325278000000004,1.0,,1.0,1.0,1.0,1.0,1.0,1.0,,,,1.0,1.0,,,,1.0,1.0,,,,1.0,,,,,,,,,,
https://www.mubawab.tn/fr/a/7990691/location-une-tr%C3%A8s-belle-maison,Location une très belle maison,Gammarth Supérieur à La Marsa,3 000 TND,300.0,2.0,2.0,2.0,1.0,,,1.0,1.0,Villa,Nouveau,Moins d'un an,,36.89317870000001,10.3099394,1.0,1.0,,1.0,1.0,1.0,1.0,1.0,,1.0,1.0,1.0,1.0,,,,1.0,1.0,,1.0,1.0,1.0,,,,1.0,,,,,,
https://www.mubawab.tn/fr/a/7982893/villa-avec-piscine-%C3%A0-la-marsa,Villa avec piscine à La Marsa,Cité Les Pins à La Marsa,7 000 TND,,5.0,4.0,3.0,1.0,1.0,1.0,1.0,1.0,Villa,Bon état,1-5 ans,Marbre,36.876389,10.325278,1.0,,,1.0,1.0,,,,,1.0,,,1.0,,,,,,,,,,,,,,,,,,,
https://www.mubawab.tn/fr/a/7967130/villa-s4-meubl%C3%A9e-avec-jardin-%C3%A0-gammarth-mvl1563,Villa S4 meublée avec jardin à Gammarth MVL1563,Gammarth à La Marsa,7 000 TND,,,4.0,4.0,1.0,1.0,,1.0,1.0,Villa,Bon état,,,36.876389,10.325278,1.0,,,1.0,1.0,1.0,1.0,,,,,,1.0,,1.0,,1.0,,,1.0,1.0,1.0,,,,,,,,,,
https://www.mubawab.tn/fr/a/7180900/a-louer-une-villa-avec-piscine-a-la-marsa,A louer une villa avec piscine a la Marsa,La Marsa à La Marsa,8 300 TND,,7.0,6.0,4.0,1.0,1.0,1.0,1.0,1.0,Villa,Bon état,,,36.876389,10.325278,1.0,,,1.0,,,,1.0,,,,1.0,1.0,,,1.0,,,,,,,,,1.0,,,,,,,
https://www.mubawab.tn/fr/a/7983344/a-louer-villa-avec-vue-sur-mer-et-piscine,A louer villa avec vue sur mer et piscine,La Marsa à La Marsa,8 900 TND,,5.0,3.0,3.0,1.0,,1.0,1.0,1.0,Villa,Bon état,,,36.876389,10.325278,1.0,,1.0,1.0,1.0,1.0,1.0,1.0,,,,1.0,1.0,,,,1.0,1.0,,,,1.0,,,1.0,,,,,,,
https://www.mubawab.tn/fr/a/7976106/a-louer-demeure-de-charme-%C3%A0-gammarth,A Louer Demeure De Charme À Gammarth,Gammarth à La Marsa,8 500 TND,,7.0,4.0,3.0,1.0,1.0,1.0,1.0,1.0,Villa,Bon état,,,36.876389,10.325278,1.0,,,1.0,1.0,1.0,,1.0,,,,1.0,1.0,,,,1.0,1.0,,,,1.0,,,,,,,,,,
https://www.mubawab.tn/fr/a/7981543/a-louer-un-triplex-s3-avec-piscine-%C3%A0-gammarth,A louer un triplex S3 avec piscine à Gammarth,Gammarth Supérieur à La Marsa,6 500 TND,,4.0,4.0,3.0,,1.0,1.0,,1.0,Maison,Nouveau,,,36.8931787,10.3099394,1.0,,,,,,,,,,,,,,,,,,,1.0,,,,1.0,,,,,,,,
https://www.mubawab.tn/fr/a/7989184/%C3%A0-louer-ou-%C3%A0-vendre-une-villa-de-ma%C3%AEtre-de-880-m%C3%A8tre-carr%C3%A9-situ%C3%A9e-au-gammarth-for%C3%AAt,À louer ou à vendre une villa de maître de 880 mètre carré située au gammarth forêt,Gammarth Village à La Marsa,8 000 TND,880.0,,6.0,10.0,1.0,1.0,1.0,,,Villa,Bon état,10-20 ans,Marbre,36.876389,10.325278,1.0,1.0,1.0,1.0,1.0,,,1.0,,,1.0,1.0,,,,,,,,1.0,,,,,,1.0,,,,,,
https://www.mubawab.tn/fr/a/7989134/villa-individuelle-en-location,Villa individuelle en location,El Menzah 5 à Ariana Ville,10 000 TND,1400.0,,,,1.0,1.0,1.0,1.0,1.0,Villa,,,,36.8483853,10.1745278,1.0,,1.0,1.0,,,,,,,,,,,,,,,,,,,,,,,,,,,,
https://www.mubawab.tn/fr/a/7887171/une-villa-sans-meubles-%C3%A0-r%C3%A9sidence-janette,Une villa sans meubles à résidence Janette,Hammamet Nord à Hammamet,3 500 TND,,7.0,5.0,4.0,1.0,,,1.0,1.0,Villa,Bon état,,,36.40108,10.61457,1.0,1.0,,1.0,1.0,,,1.0,,1.0,1.0,,1.0,,,,,1.0,,,,,,,,,,,,,,
https://www.mubawab.tn/fr/a/7985761/location-annuelle-villa-piscine-%C3%A0-hammamet,Location annuelle Villa piscine à Hammamet,Hammamet à Hammamet,Prix à consulter,,14.0,6.0,4.0,1.0,1.0,1.0,1.0,1.0,Villa,Bon état,,,36.40108,10.61457,1.0,,,1.0,,1.0,1.0,,,1.0,,1.0,,,,,1.0,,,1.0,1.0,1.0,,,,,,,,,,
https://www.mubawab.tn/fr/a/7988656/s2-%C3%A0-louer-bardo,S2 à louer bardo,Le Bardo à Le Bardo,Prix à consulter,100.0,3.0,2.0,,1.0,,,,1.0,Maison,Nouveau,1-5 ans,Carrelage,36.8144703,10.1344725,1.0,,,,,,,,,,,,,,,,,,,,,,1.0,,,,Est,,,,,
https://www.mubawab.tn/fr/a/7987263/belle-villa-meubl%C3%A9e-avec-piscine-%C3%A0-yasmin-hammamet,Belle villa meublée avec piscine à Yasmin Hammamet,Yasmine Hammamet à Hammamet,3 500 TND,,5.0,4.0,2.0,1.0,,1.0,1.0,1.0,Villa,Bon état,,,36.40108,10.61457,1.0,,,,1.0,1.0,1.0,,,1.0,1.0,1.0,1.0,,,,,,,1.0,1.0,1.0,,,,,,,,,,
https://www.mubawab.tn/fr/a/7987473/maison-%C3%A0-louer-cit%C3%A9-rafaha,Maison à louer cité RAFAHA,Cité Rafaha à Mnihla,630 TND,195.0,5.0,3.0,,1.0,,,,,Maison,Bon état,5-10 ans,Carrelage,36.8567806,10.1157421,,,,,,,,,,,1.0,,,,,,,,,,,,1.0,,,,Sud,,,,,
https://www.mubawab.tn/fr/a/7954933/maisonnette-neuve-avec-piscine-sur-les-hauteurs,Maisonnette neuve avec piscine sur les hauteurs,Hammamet à Hammamet,1 200 TND,,2.0,,,1.0,,1.0,,1.0,Maison,Nouveau,,,36.40108,10.61457,1.0,,,,1.0,1.0,1.0,,,1.0,1.0,,1.0,,,,,1.0,,1.0,1.0,1.0,1.0,,,1.0,,1.0,,,,
https://www.mubawab.tn/fr/a/7821451/villa-s3-avec-piscine-%C3%A0-la-soukra-mvl0021,Villa S3 avec piscine à La Soukra MVL0021,La Soukra à La Soukra,4 000 TND,,,3.0,4.0,,1.0,1.0,1.0,,Villa,Bon état,,,36.883333,10.25,1.0,,,,,,,,,,,,,,1.0,,,,,,,,,,,,,,,,,
https://www.mubawab.tn/fr/a/7905015/a-louer-une-magnifique-villa-%C3%A0-sidi-daoued,A louer une magnifique villa à Sidi Daoued,Sidi Daoued à La Marsa,5 500 TND,700.0,,4.0,3.0,1.0,1.0,,1.0,1.0,Maison,Bon état,5-10 ans,Marbre,36.876389,10.325278,1.0,,,1.0,1.0,1.0,1.0,1.0,,,,1.0,1.0,,,,1.0,,,,,,,,,,,,,,,
https://www.mubawab.tn/fr/a/7985162/location-annuelle-villa-s2-avec-piscine-%C3%A0-midoun,Location annuelle villa s2 avec piscine à Midoun,Djerba à Djerba,Prix à consulter,,5.0,2.0,,,,1.0,,1.0,Villa,Bon état,,,33.811102462389414,11.046553491236567,1.0,,,1.0,,1.0,1.0,,,,,,,,,,,,,1.0,1.0,1.0,1.0,,,,,,,,,
https://www.mubawab.tn/fr/a/7985020/villa-haut-standing-zone-touristique,Villa haut standing zone touristique,Soliman,3 500 TND,500.0,7.0,5.0,2.0,1.0,1.0,1.0,1.0,1.0,Villa,Nouveau,1-5 ans,Marbre,36.72202509090076,10.45957637122727,1.0,,1.0,1.0,1.0,1.0,1.0,1.0,,1.0,1.0,1.0,1.0,,,1.0,1.0,1.0,,1.0,1.0,1.0,,,1.0,1.0,Nord,,,,,
https://www.mubawab.tn/fr/a/7980584/%C3%A0-louer-%C3%A9tage-de-villa-%C3%A0-borj-louzir,À louer étage de villa à Borj Louzir,Borj Louzir à La Soukra,1 200 TND,150.0,4.0,4.0,2.0,,,,,,Maison,Bon état,,,36.883333,10.25,,,,,,,,,,,,,,,,,,,,,,,,,,,,,,,,
https://www.mubawab.tn/fr/a/7928083/a-louer-villa-avec-piscine-la-marsa,A Louer Villa Avec Piscine La Marsa,La Marsa à La Marsa,7 500 TND,,6.0,4.0,3.0,1.0,1.0,1.0,1.0,1.0,Villa,Bon état,,,36.87638899999999,10.325278000000004,1.0,,,1.0,1.0,1.0,1.0,,,,,1.0,1.0,,,,1.0,1.0,,,,1.0,,,,,,,,,,
https://www.mubawab.tn/fr/a/7984951/rafraf-plage-appartement-%C3%A0-louer-2-chambres-meubl%C3%A9,Rafraf plage appartement à louer. 2 chambres. Meublé,Raf Raf,Prix à consulter,100.0,,2.0,,,1.0,,,,Maison,Nouveau,30-50 ans,Carrelage,37.18962815436571,10.207287214369249,,,,1.0,,1.0,,,,1.0,1.0,1.0,,,,1.0,,,,1.0,1.0,,1.0,,,,Nord,,,,,
https://www.mubawab.tn/fr/a/7905269/location-maison-de-maitre-%C3%A0-la-marsa,Location maison de maitre à la marsa,Sidi Daoued à La Marsa,5 000 TND,500.0,6.0,5.0,3.0,1.0,1.0,,1.0,1.0,Villa,Bon état,1-5 ans,Marbre,36.876389,10.325278,1.0,,,1.0,,1.0,1.0,,,,,,,,,,,,,,,,,,,,Est,,,,,
https://www.mubawab.tn/fr/a/7983250/%C3%A0-louer-un-triplex-s4-vide-%C3%A0-la-soukra,À louer un Triplex S4 vide à la Soukra,Chotrana 2 à La Soukra,Prix à consulter,280.0,,4.0,3.0,1.0,1.0,,1.0,1.0,Villa,Nouveau,Moins d'un an,Marbre,36.883333,10.25,1.0,1.0,,1.0,1.0,1.0,1.0,1.0,,,,1.0,1.0,,1.0,,1.0,,,,,,,1.0,,1.0,Est,,,,,
https://www.mubawab.tn/fr/a/7984293/villa-jumel%C3%A9e-c%C3%B4t%C3%A9-ren%C3%A9-descartes-ennasr,Villa jumelée côté rené Descartes Ennasr,Cité Ennasr 2 à Ariana Ville,2 300 TND,300.0,5.0,4.0,2.0,1.0,1.0,,1.0,1.0,Villa,Bon état,10-20 ans,Marbre,36.8625,10.19556,1.0,,,1.0,1.0,,,,,1.0,1.0,,,,,,,,,,,,,,,,Est,,,,,
https://www.mubawab.tn/fr/a/7983980/coquet-appartement-meubl%C3%A9e-a-cit%C3%A9-khalil-marsa,Coquet Appartement meublée a cité Khalil Marsa,Cité El Khalil à La Marsa,2 600 TND,80.0,2.0,2.0,,,,,1.0,1.0,Maison,Bon état,5-10 ans,Parquet,36.887007334408096,10.303240917611092,,,,1.0,,1.0,1.0,,,1.0,,,,,,,1.0,1.0,,,1.0,1.0,1.0,,,,,,,,,
https://www.mubawab.tn/fr/a/6908456/%C3%A0-louer-belle-villa-avec-piscine-%C3%A0-100m-de-la-plage,À louer Belle Villa avec Piscine à 100m de la Plage,Hammamet Nord à Hammamet,5 000 TND,400.0,5.0,4.0,,,1.0,1.0,,1.0,Villa,Bon état,,,36.419773,10.661894,,,,1.0,,,,,,,,,,,,,,,,1.0,,,1.0,,,,,,,,,
https://www.mubawab.tn/fr/a/7942864/duplex-meubl%C3%A9-avec-vue-sur-mer-%C3%A1-la-marsa,Duplex meublé avec vue sur mer á la Marsa,La Marsa à La Marsa,5 500 TND,,4.0,3.0,3.0,,,,1.0,1.0,Maison,Bon état,,,36.876389,10.325278,1.0,,,1.0,1.0,1.0,1.0,1.0,,,,1.0,1.0,,,1.0,1.0,1.0,,1.0,1.0,1.0,,,1.0,,,,,,,
https://www.mubawab.tn/fr/a/7983342/a-louer-villa-avec-piscine-%C3%A1-la-marsa,A louer villa avec piscine á la Marsa,La Marsa à La Marsa,6 000 TND,,5.0,3.0,2.0,1.0,1.0,1.0,1.0,1.0,Villa,Bon état,,,36.876389,10.325278,1.0,,,1.0,1.0,,1.0,1.0,,,,1.0,1.0,,,,1.0,1.0,,,,,,,,,,,,,,
https://www.mubawab.tn/fr/a/7983321/duplex-s3-%C3%A0-la-marsa,Duplex s3 à la marsa,La Marsa à La Marsa,7 000 TND,350.0,,3.0,,1.0,1.0,1.0,,,Villa,,,,36.8941992,10.2762232,1.0,,,,,,,,1.0,,,,,,,,,,,,,,,,,,,,,,,
https://www.mubawab.tn/fr/a/7868394/villa-s5-aux-les-jardins-de-carthage,Villa S5 aux les jardins de Carthage,Les Jardins de Carthage à Le Kram,5 500 TND,600.0,5.0,4.0,3.0,1.0,,1.0,1.0,1.0,Villa,Bon état,10-20 ans,Marbre,36.833333,10.316667,1.0,1.0,1.0,1.0,1.0,,1.0,1.0,,,,1.0,1.0,,,,,,,,,,,,,1.0,,,,,,
https://www.mubawab.tn/fr/a/7621400/a-louer-villa-avec-piscine-a-la-marsa,A Louer Villa Avec Piscine a la Marsa,La Marsa à La Marsa,5 000 TND,,4.0,3.0,3.0,1.0,1.0,1.0,1.0,1.0,Villa,Bon état,,,36.876389,10.325278,1.0,,,1.0,,1.0,1.0,1.0,,,,1.0,1.0,,,1.0,1.0,1.0,,1.0,1.0,1.0,,,,,,,,,,
https://www.mubawab.tn/fr/a/7982204/%C3%A0-louer-un-%C3%A9tage-de-villa-s2-aux-jardins-de-carthage,À louer Un Étage de villa S2 aux Jardins de Carthage,Carthage à Carthage,1 500 TND,100.0,2.0,2.0,,,,,1.0,,Villa,Nouveau,,,36.8566,10.3258,1.0,,,1.0,,,,,,,,,,,,,,,,,,,1.0,,,,,,,,,
https://www.mubawab.tn/fr/a/7930489/rez-de-jardin-a-louer,Rez de jardin a louer,Monastir Ville à Monastir Ville,900 TND,110.0,3.0,2.0,,1.0,,,1.0,1.0,Maison,Bon état,5-10 ans,Marbre,35.78333299999999,10.833333,1.0,,,1.0,1.0,1.0,1.0,,,,1.0,1.0,,,,1.0,1.0,,,1.0,1.0,1.0,1.0,,,,Nord,,,,,
https://www.mubawab.tn/fr/a/7976098/a-louer-villa-avec-jardin,A Louer Villa Avec Jardin,La Marsa à La Marsa,3 900 TND,,7.0,4.0,3.0,1.0,1.0,,1.0,1.0,Villa,Bon état,,,36.876389,10.325278,1.0,,1.0,1.0,1.0,1.0,1.0,1.0,,,,1.0,,,,,,1.0,,,,,,,,,,,,,,
https://www.mubawab.tn/fr/a/7870238/a-louer-une-villa-de-maitre-en-s5-avec-piscine-%C3%A0-gammarth,A louer une villa de maitre en S5 avec piscine à Gammarth,Gammarth à La Marsa,12 000 TND,2000.0,7.0,7.0,4.0,1.0,,1.0,1.0,,Villa,Bon état,,,36.917739,10.288893,1.0,,,1.0,,,,,,,,1.0,,,,,,,,,,,,,,,,,,,,
https://www.mubawab.tn/fr/a/7912338/a-louer-un-rdc-de-villa-en-s3-a-sidi-bou-sa%C3%AFd,A louer un Rdc de villa en S3 a Sidi Bou Saïd,Sidi Bousaid à Carthage,4 200 TND,300.0,4.0,3.0,2.0,,,,1.0,,Villa,Nouveau,,,36.8566,10.3258,1.0,,,1.0,,,,,,,,,,,,,,,,,,,,,,,,,,,,
https://www.mubawab.tn/fr/a/7980340/a-louer-villa-meubl%C3%A9e-p%C3%A9riode-15-sept-au-15-juin,A louer villa meublée période 15 sept au 15 juin,Sidi Abdelhamid,600 TND,150.0,4.0,3.0,2.0,1.0,1.0,,,1.0,Maison,Bon état,10-20 ans,Carrelage,35.794122,10.659077,1.0,,,1.0,,1.0,1.0,,,,,,,,,,,,,,1.0,1.0,,,,,Nord,,,,,
https://www.mubawab.tn/fr/a/7582270/duplex-s4-%C3%A0-louer-%C3%A0-gammarth-en-front-de-mer,Duplex S4 à louer à Gammarth en front de mer,La Marsa à La Marsa,10 000 TND,349.0,,4.0,,1.0,1.0,,,,Villa,,,,36.8941992,10.2762232,1.0,,,,,,,,,,,,,,,,,,,1.0,,,,,,,,,,,,
https://www.mubawab.tn/fr/a/7940543/villa-avec-piscine-%C3%A0-louer-%C3%A0-la-marsa,Villa avec piscine à louer à la Marsa,Cité El Khalil à La Marsa,5 000 TND,680.0,4.0,8.0,,1.0,1.0,1.0,,,Villa,Nouveau,,,36.876389,10.325278,,,1.0,,,,,,,,,1.0,,,,,,,,,,,1.0,,,,,,,,,
https://www.mubawab.tn/fr/a/7966240/triplex-s5-%C3%A0-louer-aux-jardins-de-carthage,Triplex S5 à louer aux jardins de carthage,Les Jardins de Carthage à Le Kram,5 000 TND,,6.0,5.0,4.0,1.0,1.0,,1.0,1.0,Villa,Bon état,,,36.833333,10.316667,1.0,,,1.0,,,,1.0,,,,1.0,,,,,,,,,,,,,,,,,,,,
https://www.mubawab.tn/fr/a/7959767/a-louer-magnifique-villa-avec-piscine-et-rooftop,A Louer Magnifique Villa Avec Piscine Et Rooftop,Gammarth à La Marsa,8 000 TND,,5.0,3.0,3.0,1.0,1.0,1.0,1.0,1.0,Villa,Bon état,,,36.876389,10.325278,1.0,1.0,,1.0,1.0,1.0,1.0,1.0,,,,1.0,1.0,,,1.0,1.0,1.0,,1.0,1.0,1.0,,,1.0,,,,,,,
https://www.mubawab.tn/fr/a/7922190/a-louer-villa-meubl%C3%A9e-aux-berges-du-lac-2,A louer villa meublée aux berges du lac 2,Les Berges Du Lac 2 à La Marsa,7 000 TND,,5.0,3.0,3.0,1.0,,,1.0,1.0,Villa,Bon état,,,36.876389,10.325278,1.0,,,1.0,1.0,1.0,1.0,1.0,,,,1.0,1.0,,,,1.0,1.0,,1.0,1.0,1.0,,,,,,,,,,
https://www.mubawab.tn/fr/a/7979107/maison-%C3%A0-louer-%C3%A0-hammamet-superficie-100-m%C2%B2-cuisine-bien-%C3%A9quip%C3%A9e,Maison à louer à Hammamet. Superficie 100 m². Cuisine bien équipée,Hammamet à Hammamet,700 TND,100.0,,2.0,,,,,,1.0,Maison,Bon état,,,36.44659149999999,10.7176257,,,,1.0,,1.0,1.0,,,,1.0,,,,,1.0,,,,,1.0,,1.0,,,,,,,,,
https://www.mubawab.tn/fr/a/7978979/louez-votre-r%C3%A9sidence-%C3%A0-bellevue-2-chambres-agr%C3%A9ables-,Louez votre résidence à Bellevue. 2 chambres agréables.,Bellevue à El Ouardia,Prix à consulter,90.0,2.0,2.0,,,,,,,Maison,Bon état,,,36.83561,10.21587,,,,,,,,,,,,,,,,,,,,,,,1.0,,,,,,,,,
https://www.mubawab.tn/fr/a/7978979/louez-votre-r%C3%A9sidence-%C3%A0-bellevue-2-chambres-agr%C3%A9ables-,Louez votre résidence à Bellevue. 2 chambres agréables.,Bellevue à El Ouardia,Prix à consulter,90.0,2.0,2.0,,,,,,,Maison,Bon état,,,36.83561,10.21587,,,,,,,,,,,,,,,,,,,,,,,1.0,,,,,,,,,
https://www.mubawab.tn/fr/a/7977954/duplex-s4-avec-jardin-%C3%A0-louer-%C3%A0-la-marsa,Duplex S4 avec jardin à louer à la Marsa,Sidi Daoued à La Marsa,4 000 TND,370.0,4.0,5.0,,1.0,1.0,,,1.0,Maison,Nouveau,,,36.876389,10.325278,,,,,,,,,,,,,,,,,,,,,,,1.0,,,,,,,,,
https://www.mubawab.tn/fr/a/7959894/location-estival-studio-s2,Location estival studio s2,Hammamet à Hammamet,140 TND,100.0,2.0,2.0,,,,,,1.0,Maison,Nouveau,,,36.40108,10.61457,,,,,,,,,,,,,,,,,,,,,,,1.0,,,,,,,,,
https://www.mubawab.tn/fr/a/7952197/location-estivale-maison-s3-pied-dans-l-eau,Location Estivale Maison S3 Pied dans l'eau,Hammamet à Hammamet,280 TND,150.0,,3.0,,,,,,1.0,Maison,Bon état,,,36.40108,10.61457,1.0,,,1.0,,1.0,,,,,1.0,,,,,,1.0,,,,1.0,1.0,1.0,,,,,,,,,
https://www.mubawab.tn/fr/a/7910707/a-louer-villa-vue-sur-mer-et-piscine-%C3%A1-carthage,A Louer Villa vue sur mer et piscine á Carthage,Carthage à Carthage,8 000 TND,,4.0,3.0,3.0,1.0,,1.0,1.0,1.0,Villa,Bon état,,,36.8566,10.3258,1.0,,,1.0,1.0,1.0,1.0,1.0,,,,1.0,1.0,,,,1.0,1.0,,,,1.0,,,1.0,1.0,,,,,,
https://www.mubawab.tn/fr/a/7941630/location-annuelle-belle-villa-avec-piscine-vue-de-mer,Location Annuelle Belle Villa avec piscine vue de mer,Tezdaine,1 800 TND,200.0,3.0,2.0,2.0,1.0,1.0,1.0,,1.0,Maison,Bon état,,,33.8039664,11.0400653,1.0,,,1.0,,,,,,,,,,,,,,,,1.0,,,,,1.0,,,,,,,
https://www.mubawab.tn/fr/a/7966570/villa-%C3%A0-louer-menzah-9,Villa à louer Menzah 9,El Menzah 9 à El Menzah,Prix à consulter,380.0,3.0,3.0,,,1.0,1.0,,1.0,Maison,Nouveau,,,36.845235,10.164723,1.0,,,,,,,,,,,,,,,,,,,,,,1.0,,,,,,,,,
https://www.mubawab.tn/fr/a/7954654/magnifique-villa-s5-%C3%A0-la-marsa,Magnifique villa S5 à la Marsa,La Marsa à La Marsa,7 000 TND,400.0,,5.0,,1.0,1.0,,,1.0,Villa,,,,36.8941992,10.2762232,,,,,,,,,,,,,,,,,,,,,,,,,,,,,,,,
https://www.mubawab.tn/fr/a/7976666/a-louer-une-villa-en-s3-vue-mer-zone-touristique,A louer une Villa en S3 vue mer zone touristique,Hammamet Nord à Hammamet,3 200 TND,480.0,3.0,3.0,,,,,,,Maison,Nouveau,,,36.40108,10.61457,,,,,,,,,,,,,,,,,,,,,,,1.0,,1.0,,,,,,,
https://www.mubawab.tn/fr/a/7942424/a-louer-une-villa-avec-piscine-a-gammarth,A louer une villa avec piscine a gammarth,Gammarth Supérieur à La Marsa,8 000 TND,450.0,7.0,6.0,5.0,1.0,1.0,1.0,1.0,1.0,Villa,Bon état,,,36.876389,10.325278,1.0,,,1.0,,,,1.0,,,,,,,,,,,,,,,,,,,,,,,,
https://www.mubawab.tn/fr/a/7975259/rez-de-chauss%C3%A9e-%C3%A0-louer,Rez de chaussée à louer,Cité El Hidhab à Fouchana,Prix à consulter,120.0,,3.0,,1.0,,,,,Villa,Bon état,5-10 ans,Carrelage,36.70107,10.16982,1.0,,,,,,,,,,,,,,1.0,,,,,,,,1.0,,,,,,,,,
https://www.mubawab.tn/fr/a/7938790/villa-avec-piscine-moderne-proche-de-la-plage,Villa avec piscine moderne proche de la plage,Djerba à Djerba,1 900 TND,350.0,4.0,3.0,3.0,,1.0,1.0,,1.0,Villa,Nouveau,Moins d'un an,Carrelage,33.8075978,10.8451467,1.0,,,1.0,1.0,1.0,1.0,1.0,,1.0,1.0,,1.0,,,1.0,1.0,1.0,,1.0,1.0,1.0,,,,,,,,,,
https://www.mubawab.tn/fr/a/7934255/villa-avec-piscine-style-djerbienne-djerba,Villa avec piscine style djerbienne djerba,Djerba à Djerba,1 900 TND,700.0,4.0,3.0,2.0,1.0,1.0,1.0,,1.0,Villa,Bon état,5-10 ans,Carrelage,33.8075978,10.8451467,1.0,,,1.0,1.0,1.0,1.0,,,1.0,,,1.0,,,1.0,1.0,,,,1.0,1.0,,,,,,,,,,
https://www.mubawab.tn/fr/a/7954921/location-villa-daniella-s3,Location Villa Daniella S3,Nabeul à Nabeul,2 500 TND,202.0,4.0,3.0,2.0,1.0,1.0,1.0,1.0,1.0,Villa,Nouveau,,,36.45056,10.73505,1.0,,1.0,1.0,,1.0,1.0,,,1.0,,1.0,,,,,1.0,,,,1.0,1.0,,,,,,,,,,
https://www.mubawab.tn/fr/a/7934838/rdc-s2-avec-jardin-proche-de-la-mer-%C3%A0-louer,RDC S2 avec jardin proche de la mer à louer,Yasmine Hammamet à Hammamet,1 800 TND,,3.0,2.0,,1.0,,,1.0,1.0,Maison,Bon état,,,36.40108,10.61457,1.0,,,1.0,1.0,1.0,1.0,,,1.0,1.0,,1.0,,,,,,,1.0,1.0,1.0,1.0,,,,,,,,,
https://www.mubawab.tn/fr/a/7955385/villa-s5-avec-piscine-%C3%A0-gammarth,Villa s5 avec piscine à Gammarth,La Marsa à La Marsa,8 500 TND,800.0,,7.0,,1.0,1.0,1.0,,1.0,Villa,,,,36.8941992,10.2762232,,,,,,,,,,,,,,,,,,,,,,,,,,,,,,,,
https://www.mubawab.tn/fr/a/7910188/rdc-s3-%C3%A0-louer-sidi-bou-said,RDC S3 à louer Sidi Bou Said,Sidi Bousaid à Carthage,4 200 TND,,3.0,3.0,,,,,,,Villa,Nouveau,,,36.8566,10.3258,,,,,,,,,,,,,,,,,,,,,,,1.0,,,,,,,,,
https://www.mubawab.tn/fr/a/7941631/villa-avec-piscine-vue-lagune-%C3%A0-louer-%C3%A0-l%E2%80%99ann%C3%A9e,Villa Avec Piscine Vue Lagune À Louer À L’année,Tezdaine,2 100 TND,300.0,4.0,3.0,2.0,1.0,,1.0,,1.0,Maison,Bon état,,,33.8039664,11.0400653,1.0,,,1.0,,,,,,,,,,,,,,,,1.0,,,,,1.0,,,,,,,
https://www.mubawab.tn/fr/a/7970614/a-louer-%C3%A9tage-de-villa-haut-standing-en-s3-%C3%A0-nabeu,A louer étage de Villa haut standing en S3 à Nabeu,Nabeul à Nabeul,1 500 TND,120.0,3.0,3.0,,,,,,,Villa,Nouveau,,,36.45056,10.73505,,,,,,,,,,,,,,,,,,,,,,,1.0,,,,,,,,,
https://www.mubawab.tn/fr/a/7968853/rdc-s3-avec-jardin,RDC S3 avec jardin,La Marsa à La Marsa,4 500 TND,600.0,,3.0,,1.0,,,,1.0,Villa,,,,36.8941992,10.2762232,,,,,,,,,,,,,,,,,,,,,,,,,,,,,,,,
https://www.mubawab.tn/fr/a/7953057/a-louer-magnifique-villa-vue-mer,A Louer Magnifique Villa Vue Mer,La Marsa à La Marsa,8 500 TND,,4.0,3.0,2.0,1.0,1.0,1.0,1.0,1.0,Villa,Bon état,,,36.876389,10.325278,1.0,,,1.0,1.0,1.0,1.0,1.0,,,,1.0,1.0,,,,1.0,1.0,,1.0,,1.0,,,1.0,1.0,,,,,,
https://www.mubawab.tn/fr/a/7967522/%C3%A0-louer-une-maison-d%E2%80%99h%C3%B4te-pieds-dans-l%E2%80%99eau-%C3%A0-sounine,À louer Une Maison d’Hôte Pieds Dans l’Eau à Sounine,Ouni,1 600 TND,700.0,,,,1.0,,1.0,1.0,1.0,Villa,,,,31.33321,9.76223,1.0,,1.0,,,,,,,,,1.0,,,,,,,,1.0,,,,,,,,,,,,
https://www.mubawab.tn/fr/a/7967520/%C3%A0-louer-maison-andalouse-meubl%C3%A9e-au-c%C5%93ur-de-la-m%C3%A9dina,À louer Maison Andalouse Meublée au Cœur de la Médina,La Medina,10 000 TND,800.0,,,3.0,,,,,1.0,Maison,,,,36.798013,10.171726,,,,,,,,,,,,,,,,,,,,,,,,,,,,,,,,
https://www.mubawab.tn/fr/a/7851283/superbe-villa-vide-ou-meubl%C3%A9e-%C3%A0-la-marsa,Superbe villa vide ou meublée à La Marsa,La Marsa à La Marsa,Prix à consulter,1200.0,6.0,4.0,3.0,1.0,1.0,1.0,1.0,1.0,Villa,Nouveau,,,36.876389,10.325278,1.0,,,1.0,1.0,1.0,1.0,1.0,,1.0,1.0,1.0,1.0,,,1.0,1.0,1.0,,1.0,1.0,1.0,,1.0,,,,,,,,
https://www.mubawab.tn/fr/a/7958225/location-estival-maison-s2,Location estival Maison S2,Hammamet à Hammamet,240 TND,170.0,,2.0,,,,,,,Maison,Nouveau,,,36.40108,10.61457,,,,,,,,,,,,,,,,,,,,,,,1.0,,,,,,,,,
https://www.mubawab.tn/fr/a/7964499/penthouse-avec-piscine-au-lac-2,Penthouse avec piscine au Lac 2,Les Berges Du Lac 2 à La Marsa,Prix à consulter,,5.0,3.0,3.0,1.0,1.0,1.0,1.0,1.0,Villa,Bon état,1-5 ans,Marbre,36.876389,10.325278,1.0,1.0,,1.0,1.0,1.0,1.0,,,1.0,1.0,1.0,1.0,,,1.0,1.0,,,1.0,1.0,1.0,,,,,,,,,,
https://www.mubawab.tn/fr/a/7915431/location-villa-s4-jardin-de-carthage,Location villa s4 jardin de Carthage,Les Jardins de Carthage à Le Kram,5 000 TND,500.0,2.0,4.0,3.0,1.0,,1.0,1.0,,Villa,Bon état,,,36.855570400000005,10.291834,1.0,,1.0,1.0,,,,,,,,,,,,,,,,,,,,,,,,,,,,
https://www.mubawab.tn/fr/a/7959999/duplex-ind%C3%A9pendant-en-s4-meubl%C3%A9-dans-une-r%C3%A9sidenc,Duplex indépendant en S4 Meublé dans une Résidenc,Ain Zaghouan Nord à La Marsa,8 000 TND,350.0,4.0,4.0,,,,1.0,,,Villa,Nouveau,,,36.876389,10.325278,,,,,,,,,,,,,,,,,,,,,,,1.0,,,,,,,,,
https://www.mubawab.tn/fr/a/7958990/appartement-s3-%C3%A0-la-marsa,Appartement S3 à la Marsa,La Marsa à La Marsa,2 000 TND,100.0,,4.0,,,,,,,Villa,,,,36.8941992,10.2762232,,,,,,,,,,,,,,,,,,,,,,,,,,,,,,,,
https://www.mubawab.tn/fr/a/7777537/villa-avec-jardin-s4-%C3%A0-hammamet,Villa avec Jardin S4 à Hammamet,Hammamet à Hammamet,2 350 TND,500.0,4.0,4.0,4.0,1.0,,,1.0,1.0,Villa,Bon état,,,36.40108,10.61457,1.0,,1.0,1.0,,,,,,1.0,,,,,,,,,,1.0,,,,,,,,,,,,
https://www.mubawab.tn/fr/a/7958991/villa-jumel%C3%A9e-%C3%A0-la-marsa,Villa Jumelée à La Marsa,Cité Les Pins à La Marsa,8 000 TND,300.0,,4.0,,1.0,,1.0,,,Villa,,,,36.8590944,10.2564551,,,,,,,,,,,,,,,,,,,,,,,,,,,,,,,,
https://www.mubawab.tn/fr/a/7958533/a-louer-une-villa-avec-piscine-%C3%A0-la-soukra,A louer une villa avec piscine à La Soukra,Chotrana 2 à La Soukra,7 000 TND,1000.0,2.0,4.0,5.0,1.0,1.0,1.0,1.0,1.0,Villa,Bon état,,,36.88333299999999,10.25,1.0,,1.0,1.0,1.0,1.0,1.0,,,1.0,1.0,1.0,1.0,,,,1.0,,,,1.0,1.0,,,,,,,,,,
https://www.mubawab.tn/fr/a/7958706/location-villa-lilas-s1,Location villa lilas S1,Hammamet Sud à Hammamet,1 700 TND,80.0,2.0,,,1.0,,1.0,,1.0,Villa,Nouveau,,,36.40108,10.61457,1.0,,,,,1.0,1.0,,,,,,,,,,1.0,,,,1.0,1.0,1.0,,,1.0,,1.0,,,,
https://www.mubawab.tn/fr/a/7958244/location-estivale,Location estivale,Hammamet Nord à Hammamet,Prix à consulter,,2.0,4.0,2.0,1.0,1.0,1.0,1.0,1.0,Villa,Nouveau,,,36.40108,10.61457,1.0,,,1.0,,1.0,1.0,,,,,,,,,,,,,1.0,1.0,,,,,,,,,,,
https://www.mubawab.tn/fr/a/7476184/villa-au-coeur-de-la-marsa,Villa au coeur de la Marsa,La Marsa à La Marsa,7 500 TND,400.0,,5.0,,1.0,1.0,1.0,,,Villa,,,,36.8941992,10.2762232,,,,,,,,,,,,,,,,,,,,,,,,,,,,,,,,
https://www.mubawab.tn/fr/a/7936598/a-louer-villa-s5-%C3%A0-la-marsa-avec-vue-mer,A Louer Villa S5 à La Marsa avec vue mer,La Marsa à La Marsa,8 000 TND,400.0,5.0,5.0,,,1.0,1.0,1.0,1.0,Villa,Nouveau,,,36.876389,10.325278,1.0,,,1.0,,,,,,,,,,,,,,,,,,,1.0,,,,,,,,,
https://www.mubawab.tn/fr/a/7940902/villla-s3-%C3%A0-louer-gammarth,Villla S3 à louer Gammarth,Gammarth Supérieur à La Marsa,6 500 TND,,5.0,3.0,5.0,1.0,1.0,1.0,1.0,1.0,Villa,Bon état,1-5 ans,Marbre,36.876389,10.325278,1.0,,,1.0,1.0,,1.0,,,1.0,1.0,,1.0,,,,1.0,,,,,,,,,1.0,,,,,,
https://www.mubawab.tn/fr/a/7955690/location-villa-en-s-5,Location Villa en S 5,Dar Châabane,2 400 TND,350.0,5.0,5.0,,,1.0,,,,Maison,Nouveau,,,36.48423,10.75258,1.0,,,,,,,,,,,,,,,,,,,,,,1.0,,,,,,,,,
https://www.mubawab.tn/fr/a/7934539/villa-avec-jardin-%C3%A0-usage-bureautique-%C3%A0-louer-au-lac-2,Villa avec jardin à usage bureautique à louer au lac 2,Les Berges Du Lac 2 à La Marsa,Prix à consulter,600.0,,4.0,,1.0,,,,,Villa,,,,36.8468986,10.2641808,,,,,,,,,1.0,,,,,,,,,,,,,,,,,,,,,,,
https://www.mubawab.tn/fr/a/7955450/a-louer-un-s3-vide-occupe-le-2%C3%A9me-%C3%A9tage-%C3%A0-cit%C3%A9-wa,A Louer un S3 Vide occupe le 2éme étage à Cité Wa,Hammamet à Hammamet,900 TND,120.0,3.0,3.0,,,,,,,Maison,Nouveau,,,36.40108,10.61457,,,,,,,,,,,,,,,,,,,,,,,1.0,,,,,,,,,
https://www.mubawab.tn/fr/a/7930777/a-louer-villa-meubl%C3%A9e-%C3%A0-gammarth-sup%C3%A9rieur,A louer villa meublée à Gammarth supérieur,Gammarth Supérieur à La Marsa,5 000 TND,400.0,4.0,3.0,3.0,1.0,,,1.0,1.0,Villa,Nouveau,1-5 ans,Marbre,36.8931787,10.3099394,1.0,1.0,,1.0,1.0,,,1.0,,1.0,1.0,1.0,1.0,,,,,,,1.0,,,,,,,Est,,,,,
https://www.mubawab.tn/fr/a/7929948/bel-appartement-s3-%C3%A0-la-marsa,Bel appartement S3 à la Marsa,La Marsa à La Marsa,3 300 TND,180.0,,3.0,,,,,,,Villa,,,,36.8941992,10.2762232,,,,,,,,,,,,,,,,,,,,,,,,,,,,,,,,
https://www.mubawab.tn/fr/a/7931444/magnifique-villa-s5-vue-mer-%C3%A0-gammarth,Magnifique villa s5 vue mer à Gammarth,Gammarth à La Marsa,15 000 TND,600.0,,,,,,1.0,,1.0,Villa,,,,36.917739,10.288893,1.0,,,,,,,,,,,,,,,,,,,,,,,1.0,1.0,,,,,,,
https://www.mubawab.tn/fr/a/7939740/location-penthouse-a-la-marsa,Location penthouse a la marsa,La Marsa à La Marsa,6 400 TND,325.0,2.0,4.0,5.0,1.0,1.0,,1.0,1.0,Villa,Nouveau,,,36.8941992,10.276223200000002,1.0,1.0,,1.0,1.0,,,,,,,1.0,1.0,,,,,,,,,,,1.0,,,,,,,,
https://www.mubawab.tn/fr/a/7919039/villa-s3-avec-jardin-%C3%A0-louer-aux-jardins-de-carthage,Villa S3 Avec Jardin À Louer Aux Jardins De Carthage,Les Jardins de Carthage à Le Kram,4 200 TND,350.0,3.0,3.0,3.0,1.0,,,,1.0,Villa,Bon état,,,36.8555704,10.291834,,,,,,,,,,,,,,,,,,,,,,,,,,,,,,,,
https://www.mubawab.tn/fr/a/7945593/a-louer-villa-avec-piscine-en-s3-%C3%A0-nabeul-maamoura,A louer villa avec piscine en S3 à Nabeul Maamoura,El Maamoura à Beni Khiar,3 900 TND,300.0,3.0,3.0,,,,1.0,,,Villa,Nouveau,,,36.47,10.78,,,,,,,,,,,,,,,,,,,,,,,1.0,,,,,,,,,
https://www.mubawab.tn/fr/a/7951197/villa-tres-bien-entretenue-a-carthage-salambo,Villa tres bien entretenue a Carthage Salambo,Salambo à Carthage,800 TND,80.0,2.0,2.0,,1.0,1.0,,,1.0,Maison,Nouveau,5-10 ans,Marbre,36.50217999999999,10.19079,1.0,,,,,1.0,,,,1.0,1.0,,,,,,,,,1.0,,,1.0,,,,Est,,,,,
https://www.mubawab.tn/fr/a/7930443/a-louer-villa-avec-piscine-%C3%A0-la-soukra-chotrana-1,A Louer Villa avec piscine à la Soukra Chotrana 1,Chotrana 1 à La Soukra,4 100 TND,300.0,,4.0,,1.0,,1.0,1.0,1.0,Maison,Bon état,,,36.883333,10.25,,1.0,,1.0,1.0,,,,,,,1.0,1.0,,1.0,,,,,,,,1.0,,,,,,,,,
https://www.mubawab.tn/fr/a/7863261/rez-de-chauss%C3%A9-meubl%C3%A9-%C3%A0-el-menzah8,Rez de chaussé meublé à El Menzah8,El Menzah 8 à Ariana Ville,2 800 TND,190.0,,2.0,3.0,,,,,1.0,Villa,Bon état,,,36.856615,10.1717264,,,1.0,,,,,,,,,,,,,,,,,,,,,,,,,,,,,
https://www.mubawab.tn/fr/a/7926109/location-saisonni%C3%A8re,Location saisonnière,Tezdaine,Prix à consulter,,3.0,3.0,3.0,1.0,1.0,1.0,,1.0,Villa,Bon état,1-5 ans,,33.8039664,11.0400653,1.0,,,1.0,1.0,1.0,1.0,,,1.0,1.0,,1.0,,,,1.0,,,1.0,1.0,1.0,,,,,,,,,,
https://www.mubawab.tn/fr/a/7948551/villa-jumel%C3%A9e-s5-avec-piscine-%C3%A0-cit%C3%A9-el-khalil,Villa jumelée S5 avec piscine à Cité El Khalil,Cité El Khalil à La Marsa,5 000 TND,400.0,7.0,5.0,3.0,1.0,1.0,1.0,1.0,1.0,Villa,Bon état,10-20 ans,Marbre,36.876389,10.325278,1.0,,,1.0,,,,,,,,,,,,,,,,,,,,,,,,,,,,
https://www.mubawab.tn/fr/a/7948452/belle-villa-%C3%A0-louer-%C3%A0-hammamet-nord,Belle villa à louer à hammamet nord,Hammamet Nord à Hammamet,4 900 TND,350.0,6.0,4.0,4.0,1.0,1.0,1.0,1.0,1.0,Villa,Bon état,,,36.40108,10.61457,1.0,,,1.0,1.0,1.0,1.0,,,,,1.0,1.0,,,,1.0,,,1.0,1.0,1.0,,,,,,,,,,
https://www.mubawab.tn/fr/a/7777451/villa-avec-piscine-%C3%A0-la-marsa,Villa avec piscine à La Marsa,Gammarth Supérieur à La Marsa,5 000 TND,,6.0,5.0,3.0,1.0,1.0,1.0,1.0,1.0,Villa,Bon état,1-5 ans,Marbre,36.8931787,10.3099394,1.0,,,1.0,1.0,,,1.0,,1.0,,,1.0,,,,,1.0,,,,,,,,,,,,,,
https://www.mubawab.tn/fr/a/7934034/villa-au-coeur-de-la-marsa,Villa au coeur de La Marsa,La Marsa à La Marsa,Prix à consulter,,5.0,4.0,2.0,1.0,1.0,,1.0,1.0,Maison,Bon état,5-10 ans,Carrelage,36.876389,10.325278,,,,,1.0,,,,,1.0,,,1.0,,,,,1.0,,,,,,,,,,,,,,
https://www.mubawab.tn/fr/a/7914730/location-saisonni%C3%A8re,Location saisonnière,Aghir,Prix à consulter,,3.0,3.0,2.0,1.0,,1.0,,1.0,Villa,Nouveau,,,33.759722,11.01251,1.0,,1.0,1.0,1.0,1.0,1.0,,,1.0,1.0,,1.0,,,,1.0,,,1.0,1.0,1.0,,,,,,,,,,
https://www.mubawab.tn/fr/a/7856942/a-louer-une-villa-jumel%C3%A9e-en-s4-%C3%A0-sidi-daoud,A louer une villa jumelée en S4 à Sidi Daoud,La Marsa à La Marsa,4 000 TND,350.0,5.0,4.0,3.0,1.0,1.0,,1.0,1.0,Villa,Bon état,,,36.876389,10.325278,,,,1.0,,,,,,,,,,,,,,,,,,,,,,,,,,,,
https://www.mubawab.tn/fr/a/7468045/a-louer-un-duplex-s3-vue-sur-mer-%C3%A0-sidi-bou-sa%C3%AFd,A louer un duplex s3 vue sur mer à Sidi Bou Saïd,Sidi Bousaid à Carthage,5 000 TND,300.0,4.0,3.0,3.0,1.0,,,1.0,,Villa,Nouveau,,,36.8566,10.3258,1.0,,,1.0,,,,,,,,1.0,,,,,,,,1.0,,,,,1.0,,,,,,,
https://www.mubawab.tn/fr/a/7841876/a-louer-un-%C3%A9tage-de-villa-meubl%C3%A9-en-s3-%C3%A0-gammarth,A louer un étage de villa meublé en S3 à Gammarth,Gammarth à La Marsa,5 500 TND,180.0,,3.0,,,,,,,Villa,,,,36.917739,10.288893,1.0,,,,,,,,,,,1.0,,,,,,,,1.0,,,,,,,,,,,,
https://www.mubawab.tn/fr/a/7914540/studio-meubl%C3%A9-%C3%A0-la-marsa,Studio meublé à la Marsa,La Marsa à La Marsa,1 100 TND,,,,,,,,,,Villa,,,,36.8941992,10.2762232,,,,,,,,,,,,,,,,,,,,1.0,,,,,,,,,,,,
https://www.mubawab.tn/fr/a/7755528/magnifique-villa-s-5-%C3%A0-gammarth,Magnifique villa S 5 à Gammarth,Gammarth Supérieur à La Marsa,8 000 TND,450.0,,7.0,,1.0,1.0,1.0,,,Villa,,,,36.8931787,10.3099394,,,1.0,,,,,,,,,,,,,,,,,,,,,,,,,,,,,
https://www.mubawab.tn/fr/a/7943098/location-annuelle-villa-meubl%C3%A9e-tezdaine,Location annuelle villa meublée Tezdaine,Djerba à Djerba,1 000 TND,,4.0,2.0,,1.0,,,,1.0,Maison,Bon état,,,33.795619233183885,11.026133890743637,1.0,,,,,1.0,1.0,,,,,,,,,,,,,1.0,1.0,,1.0,,,,,,,,,
https://www.mubawab.tn/fr/a/7942987/villa-s5-%C3%A0-louer-gammarth-sup%C3%A9rieur,Villa S5 à louer Gammarth supérieur,Gammarth Supérieur à La Marsa,10 000 TND,,5.0,5.0,,,1.0,1.0,,,Villa,Nouveau,,,36.876389,10.325278,1.0,,,,,,,,,,,,,,,,,,,,,,1.0,,,,,,,,,
https://www.mubawab.tn/fr/a/7926984/villa-s4-avec-piscine-%C3%A0-louer-%C3%A0-sidi-bou-said,Villa S4 avec piscine à louer à Sidi Bou Said,Sidi Bousaid à Carthage,6 000 TND,,4.0,4.0,,,,1.0,1.0,1.0,Villa,Nouveau,,,36.8566,10.3258,1.0,,,1.0,,,,,,,,,,,,,,,,,,,1.0,,,,,,,,,
https://www.mubawab.tn/fr/a/7637777/%C3%A0-louer-une-magnifique-villa-style-am%C3%A9ricain,À louer une magnifique villa style américain,Chott Meriem à Akouda,1 900 TND,520.0,4.0,4.0,2.0,1.0,,1.0,1.0,1.0,Villa,Bon état,,,35.87,10.57,1.0,,,1.0,1.0,,,1.0,,1.0,,1.0,1.0,,,,,,,1.0,,,,1.0,,,,,,,,
https://www.mubawab.tn/fr/a/7941693/a-louer-red-de-chauss%C3%A9e-de-villa-%C3%A0-la-corniche,A Louer Red De Chaussée de Villa à La Corniche,Bizerte Le Corniche à Bizerte Nord,2 000 TND,200.0,4.0,3.0,2.0,1.0,,,,,Maison,À rénover,,,37.272,9.8708,1.0,,,,,,,,,,,,,,,,,,,,,,,,,,,,,,,
https://www.mubawab.tn/fr/a/7941524/villa-en-bande-en-location,Villa en bande en location,Ariana Ville,2 500 TND,350.0,,,,,,,,,Villa,,,,36.8625,10.19556,,,,,,,,,,,,,,,,,,,,,,,,,,,,,,,,
https://www.mubawab.tn/fr/a/7912999/a-louer-une-villa-en-s6-%C3%A0-la-marsa,A louer une villa en S6 à la Marsa,La Marsa à La Marsa,5 000 TND,350.0,,8.0,,1.0,1.0,,1.0,1.0,Villa,,,,36.8941992,10.2762232,,,,1.0,,,,,,,,,,,,,,,,,,,,,,,,,,,,
https://www.mubawab.tn/fr/a/7907853/villa-iris-%C3%A0-louer,Villa Iris à louer,Hammamet à Hammamet,1 500 TND,9500.0,5.0,5.0,,,1.0,1.0,,,Villa,Nouveau,,,36.40108,10.61457,1.0,,1.0,,,,,,,,,1.0,,,,,,,,,,,1.0,,,,,,,,,
https://www.mubawab.tn/fr/a/7937459/villa-individuelle-en-location,Villa individuelle en location,Les Berges Du Lac 1 à La Marsa,7 000 TND,600.0,,,,1.0,,,1.0,,Villa,,,,36.8355152,10.2241758,,,,1.0,,,,,,,,1.0,,,,,,,,,,,,,,,,,,,,
https://www.mubawab.tn/fr/a/7850631/villa-individuelle-en-location,Villa individuelle en location,La Marsa,3 800 TND,280.0,,,,,1.0,,,,Villa,,,,36.876389,10.325278,1.0,,,,,,,,,,,,,,,,,,,,,,,,,,,,,,,
https://www.mubawab.tn/fr/a/7934546/villa-avec-jardin-%C3%A0-louer-au-lac-2,Villa avec jardin à louer au lac 2,Les Berges Du Lac 2 à La Marsa,Prix à consulter,600.0,,4.0,,1.0,,,,,Villa,,,,36.8468986,10.2641808,,,,,,,,,1.0,,,,,,,,,,,,,,,,,,,,,,,
https://www.mubawab.tn/fr/a/7823158/villa-%C3%A0-louer,Villa à louer,Metline à Metline,6 000 TND,1300.0,4.0,3.0,3.0,1.0,1.0,1.0,1.0,1.0,Villa,Nouveau,,,37.2464,10.0469,1.0,,1.0,1.0,1.0,,1.0,1.0,,,,1.0,1.0,,,,1.0,1.0,,,1.0,1.0,,,1.0,1.0,,,,,,
https://www.mubawab.tn/fr/a/7932659/villa-%C3%A0-louer-%C3%A0-hammamet-sud-villa-linda-2,Villa à louer à Hammamet sud Villa Linda 2,Hammamet Sud à Hammamet,650 TND,200.0,4.0,3.0,4.0,1.0,1.0,1.0,1.0,1.0,Villa,Nouveau,,,36.40108,10.61457,1.0,,,1.0,,1.0,1.0,,,,,,,,,,1.0,,,1.0,1.0,,,,,,,,,,,
https://www.mubawab.tn/fr/a/7917709/location-villa-celio-s4-hammamet-yasmine,Location Villa Celio S4 Hammamet yasmine,Yasmine Hammamet à Hammamet,4 000 TND,350.0,5.0,4.0,2.0,1.0,,1.0,1.0,1.0,Villa,Bon état,,,36.40108,10.61457,,,,1.0,,,,,,,,1.0,,,,,,,,,,,,,,,,,,,,
https://www.mubawab.tn/fr/a/7914829/un-rdc-villa-s3-%C3%A0-louer,Un RDC villa s3 à Louer,La Marsa à La Marsa,6 000 TND,625.0,5.0,3.0,2.0,1.0,1.0,,1.0,1.0,Villa,Bon état,10-20 ans,Marbre,36.876389,10.325278,1.0,,,1.0,,1.0,1.0,,,,,,,,,,,,,1.0,1.0,1.0,,,,,,,,,,
https://www.mubawab.tn/fr/a/7848410/etage-de-villa-s4-avec-vue-d%C3%A9gag%C3%A9e-%C3%A0-louer-aux-jardins-de-carthage,Etage de villa S4 avec vue dégagée à louer aux Jardins de Carthage,Les Jardins de Carthage à Le Kram,3 600 TND,268.0,,4.0,,,1.0,,,,Villa,,,,36.8555704,10.291834,1.0,,,,,,,,,,,,,,,,,,,,,,,,,,,,,,,
https://www.mubawab.tn/fr/a/7929192/appartement-s2-%C3%A0-la-marsa,Appartement S2 à la Marsa,La Marsa à La Marsa,2 000 TND,83.0,,3.0,,,,,,,Villa,,,,36.8941992,10.2762232,1.0,,,,,,,,,,,,,,,,,,,,,,,,,,,,,,,
https://www.mubawab.tn/fr/a/7928089/a-louer-villa-avec-piscine-%C3%A1-la-marsa,A Louer Villa Avec Piscine á la Marsa,La Marsa à La Marsa,Prix à consulter,,6.0,5.0,4.0,1.0,1.0,1.0,1.0,1.0,Villa,Bon état,,,36.876389,10.325278,1.0,,,1.0,1.0,1.0,1.0,1.0,,,,1.0,1.0,,,,1.0,1.0,,,,1.0,,,,,,,,,,
https://www.mubawab.tn/fr/a/7885698/a-louer-une-villa-en-s4-avec-piscine-%C3%A0-gammarth,A louer une villa en S4 avec piscine à Gammarth,Gammarth à La Marsa,9 000 TND,1100.0,6.0,5.0,5.0,1.0,1.0,1.0,1.0,1.0,Villa,Nouveau,,,36.917739,10.288893,1.0,1.0,,1.0,,,1.0,,,,,,,,,,1.0,,,,,,,,,,,,,,,
https://www.mubawab.tn/fr/a/7887615/a-louer-une-villa-en-s5-avec-piscine-%C3%A0-gammarth,A louer une villa en S5 avec piscine à Gammarth,Gammarth à La Marsa,7 500 TND,980.0,,7.0,,1.0,1.0,1.0,,1.0,Villa,,,,36.917739,10.288893,1.0,1.0,,,,,,,,,,,,,,,,,,,,,,,,,,,,,,
https://www.mubawab.tn/fr/a/7912243/villa-s5-avec-studio-%C3%A0-la-marsa,Villa s5 avec studio à la Marsa,La Marsa à La Marsa,3 300 TND,,,6.0,,,,,,,Villa,,,,36.8941992,10.2762232,,,,,,,,,,,,,,,,,,,,,,,,,,,,,,,,
https://www.mubawab.tn/fr/a/7903768/villa-guzmania-%C3%A0-louer,Villa guzmania à louer,Hammamet à Hammamet,7 000 TND,,3.0,3.0,,,1.0,1.0,,,Villa,Nouveau,,,36.40108,10.61457,,,,,,,,,,,,1.0,,,,,,,,,,1.0,1.0,,,,,,,,,
https://www.mubawab.tn/fr/a/7903204/villa-amaryllis-%C3%A0-louer,Villa Amaryllis à louer,Hammamet à Hammamet,4 000 TND,250.0,2.0,2.0,,,1.0,1.0,,,Villa,Nouveau,,,36.40108,10.61457,1.0,,,,,,,,,,,,,,,,,,,,,,1.0,,,,,,,,,
https://www.mubawab.tn/fr/a/7873748/a-louer-une-villa-de-maitre-aux-berges-du-lac2,A louer une villa de maitre aux Berges du Lac2,Les Berges Du Lac 2 à La Marsa,Prix à consulter,1600.0,4.0,5.0,5.0,1.0,1.0,1.0,,1.0,Villa,Bon état,,,36.876389,10.325278,1.0,,1.0,1.0,1.0,,,,,1.0,1.0,1.0,1.0,,,,,,,,,,,1.0,,,,,,,,
https://www.mubawab.tn/fr/a/7850883/villa-avec-piscine-et-vue-imprenable-sur-la-mer,Villa avec piscine et vue imprenable sur la mer,Carthage à Carthage,13 000 TND,,7.0,5.0,4.0,1.0,1.0,1.0,1.0,1.0,Villa,Bon état,,,36.8566,10.3258,1.0,,1.0,1.0,1.0,1.0,1.0,1.0,,1.0,,1.0,1.0,,,,1.0,1.0,,,,1.0,,,1.0,1.0,,,,,,
https://www.mubawab.tn/fr/a/7916046/etage-de-villa-s4-meuble-%C3%A0-la-marsa,Etage de villa S4 meuble à la Marsa,La Marsa à La Marsa,6 000 TND,,,5.0,,1.0,1.0,,1.0,1.0,Villa,,,,36.8941992,10.2762232,,,,1.0,,,,,,,,,,,,,,,,1.0,,,,,,,,,,,,
https://www.mubawab.tn/fr/a/7898173/villa-%C3%A0-louer-%C3%A0-hammamet-pour-des-courtes-dur%C3%A9es-e,Villa à louer à Hammamet pour des courtes durées E,Hammamet Sud à Hammamet,1 500 TND,2500.0,6.0,4.0,4.0,1.0,,1.0,1.0,1.0,Villa,Bon état,,,36.40108,10.61457,1.0,,1.0,1.0,,1.0,1.0,,,,,,,,,,,,,1.0,1.0,1.0,,,,,,,,,,
https://www.mubawab.tn/fr/a/7911313/villa-avec-jardin-%C3%A0-louer-au-lac-1,Villa avec jardin à louer au Lac 1,Les Berges Du Lac 1 à La Marsa,25 000 TND,1000.0,,5.0,,1.0,1.0,,,1.0,Villa,,,,36.8355152,10.2241758,1.0,,,,,,1.0,,,,,,,,,,,,,,,,,,,,,,,,,
https://www.mubawab.tn/fr/a/7885067/villa-%C3%A0-louer-%C3%A0-gammarth-sup%C3%A9rieur,Villa à louer à Gammarth supérieur,Gammarth Supérieur à La Marsa,4 500 TND,400.0,5.0,4.0,3.0,1.0,1.0,1.0,1.0,1.0,Villa,Bon état,,,36.876389,10.325278,1.0,1.0,,1.0,1.0,,1.0,1.0,,1.0,1.0,,1.0,,,,,,,,,,,,,1.0,,,,,,
https://www.mubawab.tn/fr/a/7882415/magnifique-triplex-s4-%C3%A0-gammarth,Magnifique triplex s4 à Gammarth,La Marsa à La Marsa,6 500 TND,300.0,,5.0,,,1.0,1.0,,1.0,Villa,,,,36.8941992,10.2762232,,,,,,,,,1.0,,,,,,,,,,,,,,,1.0,,,,,,,,
https://www.mubawab.tn/fr/a/7904474/villa-%C3%A0-louer-%C3%A0-10km-%C3%A0-hammamet-rod,Villa à louer à 10km à Hammamet ROD,Hammamet à Hammamet,Prix à consulter,600.0,7.0,5.0,5.0,1.0,1.0,1.0,1.0,1.0,Villa,Bon état,,,36.40108,10.61457,1.0,,1.0,1.0,1.0,1.0,1.0,,,,,1.0,1.0,,,1.0,1.0,,10000 m²,1.0,1.0,1.0,,,,1.0,,,,,,
https://www.mubawab.tn/fr/a/7892246/villa-s4-avec-jardin-meubl%C3%A9e-ou-sans-meubles,Villa S4 avec jardin meublée ou sans meubles,Hammamet à Hammamet,1 600 TND,,5.0,4.0,3.0,1.0,1.0,,1.0,1.0,Villa,Bon état,,,36.40108,10.61457,1.0,,,1.0,1.0,,,,,1.0,1.0,,1.0,,,,,1.0,,1.0,,,,,,,,,,,,
https://www.mubawab.tn/fr/a/7903875/villa-s3-sans-meuble,Villa S3 sans meuble,Hammamet à Hammamet,1 200 TND,,3.0,3.0,,,,,,,Maison,Nouveau,,,36.40108,10.61457,,,,,,,,,,,,,,,,,,,,,,,1.0,,,,,,,,,
https://www.mubawab.tn/fr/a/7881508/villa-piscine-avec-terrasse-haut-standing-s4,Villa Piscine avec Terrasse Haut Standing S4,Hammamet à Hammamet,3 000 TND,250.0,4.0,4.0,3.0,1.0,1.0,1.0,1.0,1.0,Villa,Nouveau,,,36.40108,10.61457,1.0,,,1.0,,1.0,1.0,1.0,,,,,,,,,1.0,,,1.0,1.0,1.0,,,,,,,,,,
https://www.mubawab.tn/fr/a/7907983/villa-sans-meubles-%C3%A0-la-marsa-el-khalil-%C3%A0-louer,Villa sans meubles à la Marsa El Khalil à louer,Cité El Khalil à La Marsa,6 000 TND,,5.0,4.0,2.0,1.0,,1.0,1.0,1.0,Villa,Bon état,,,36.876389,10.325278,1.0,,,1.0,1.0,,,,,1.0,1.0,,1.0,,,,,,,,,,,,,,,,,,,
https://www.mubawab.tn/fr/a/7905904/%C3%A0-louer-un-rez-de-chauss%C3%A9e-%C3%A0-chotrana-2,À louer un rez de chaussée à chotrana 2,Chotrana 2 à La Soukra,2 700 TND,250.0,3.0,3.0,2.0,1.0,1.0,,1.0,1.0,Maison,Bon état,,,36.883333,10.25,1.0,,,1.0,,,,,,,,1.0,,,,,,,,,,,,,,,,,,,,
https://www.mubawab.tn/fr/a/7902783/villa-s4-%C3%A0-la-marsa,Villa s4 à La Marsa,La Marsa à La Marsa,4 000 TND,,,5.0,,1.0,1.0,,,,Villa,,,,36.8941992,10.2762232,,,,,,,,,,,,,,,,,,,,,,,,,,,,,,,,
https://www.mubawab.tn/fr/a/7801833/villa-avec-piscine-%C3%A0-louer-%C3%A0-l-ann%C3%A9e,Villa avec piscine à louer à l'année,Midoune à Midoun,2 000 TND,,2.0,2.0,2.0,1.0,,1.0,,1.0,Villa,Bon état,,,33.866667,10.85,,,,1.0,,1.0,1.0,,,,,,,,,,,,,1.0,1.0,1.0,,,,,,,,,,
https://www.mubawab.tn/fr/a/7802697/villa-haut-standing-%C3%A0-louer-%C3%A0-l-ann%C3%A9e,Villa Haut Standing à louer à l'année,Tezdaine,3 500 TND,,6.0,6.0,4.0,1.0,1.0,1.0,,1.0,Villa,Bon état,,,33.8039664,11.0400653,,,,1.0,,1.0,1.0,,,,,,,,,,,,,1.0,1.0,1.0,,,,,,,,,,
https://www.mubawab.tn/fr/a/7802444/villa-s3-%C3%A0-louer-%C3%A0-l-ann%C3%A9e,Villa S3 à louer à l'année,Aghir,2 100 TND,,3.0,3.0,2.0,1.0,,1.0,,1.0,Villa,Bon état,,,33.759722,11.01251,,,,1.0,,1.0,1.0,,,,,,,,,,,,,1.0,1.0,1.0,,,,,,,,,,
https://www.mubawab.tn/fr/a/7871413/magnifique-villa-s3-%C3%A0-louer-%C3%A0-l-ann%C3%A9e,Magnifique villa S3 à louer à l'année,Mezraya,3 000 TND,,3.0,3.0,3.0,1.0,,1.0,,1.0,Villa,Bon état,,,33.847685,10.9524441,,,,1.0,,,,,,,,,,,,,,,,1.0,,,,,,,,,,,,
https://www.mubawab.tn/fr/a/7860665/a-louer-une-villa-en-s4-avec-piscine-%C3%A0-la-marsa,A louer une villa en S4 avec piscine à la Marsa,La Marsa à La Marsa,7 500 TND,600.0,5.0,4.0,3.0,1.0,1.0,1.0,1.0,,Villa,Bon état,,,36.8941992,10.2762232,1.0,,,1.0,,,,,,,,,,,,,,,,,,,,,,,,,,,,
https://www.mubawab.tn/fr/a/7837454/villa-s3-avec-piscine-%C3%A0-sidi-bousaid,Villa s3 avec piscine à Sidi Bousaid,La Marsa à La Marsa,7 500 TND,400.0,,4.0,,1.0,,1.0,,,Villa,,,,36.8941992,10.2762232,,,,,,,,,1.0,,,,,,,,,,,,,,,,,,,,,,,
https://www.mubawab.tn/fr/a/7891702/villa-de-300m%C2%B2-sur-un-terrain-de-550m%C2%B2,Villa de 300m² sur un terrain de 550m²,Hammamet Nord à Hammamet,1 800 TND,300.0,6.0,4.0,2.0,1.0,,,1.0,1.0,Maison,Bon état,,,36.40108,10.61457,1.0,,1.0,1.0,,,1.0,,,,,,,,,,1.0,1.0,,,,,,,,,Nord,,,,,
https://www.mubawab.tn/fr/a/7896674/a-louer-%C3%A9tage-de-villa-%C3%A0-usage-bureautique,A louer étage de villa à usage bureautique,Tunis,7 000 TND,320.0,4.0,,,1.0,1.0,,1.0,,Villa,,,,36.81881,10.16596,,,,1.0,,,,,,,,,,,,1.0,,,,,,,,,,,,,,,,
https://www.mubawab.tn/fr/a/7872165/a-louer-rez-de-chauss%C3%A9e-de-villa-%C3%A0-la-corniche,A Louer Rez De Chaussée De Villa à La Corniche,Bizerte à Bizerte Nord,1 200 TND,250.0,5.0,4.0,,1.0,,,,,Maison,,,,37.1303,9.7506777,1.0,,,,,,,,,,,,,,,,,,,,,,,,,,,,,,,
https://www.mubawab.tn/fr/a/7896781/location-estivale-et-ann%C3%A9e-scolaire-meubl%C3%A9e-s-3,Location Estivale et Année scolaire meublée S 3,Nabeul à Nabeul,950 TND,150.0,5.0,3.0,2.0,1.0,,,,1.0,Maison,Bon état,10-20 ans,Carrelage,36.45056,10.73505,1.0,,,1.0,,1.0,1.0,,,,1.0,1.0,,,,1.0,,,,1.0,1.0,1.0,,,,,Ouest,,,,,
https://www.mubawab.tn/fr/a/7699537/a-louer-une-villa-de-maitre-en-s6-%C3%A0-gammarth,A louer une villa de maitre en S6 à Gammarth,Gammarth à La Marsa,15 000 TND,1200.0,8.0,8.0,6.0,,1.0,1.0,1.0,1.0,Villa,Nouveau,,,36.917739,10.288893,1.0,1.0,,1.0,,,,,1.0,,,1.0,,,,,,,,,,1.0,,,,,,,,,,
https://www.mubawab.tn/fr/a/7891554/villa-meubl%C3%A9e-%C3%A0-la-marsa,Villa meublée à La Marsa,Gammarth Supérieur à La Marsa,5 000 TND,,4.0,3.0,2.0,1.0,1.0,1.0,1.0,1.0,Villa,Bon état,Moins d'un an,Marbre,36.876389,10.325278,1.0,,,1.0,1.0,1.0,1.0,,,1.0,1.0,1.0,1.0,,,1.0,1.0,,,1.0,1.0,1.0,,,,,,,,,,
https://www.mubawab.tn/fr/a/7735973/a-louer-villa-avec-piscine-gammarth-sup%C3%A9rieur,A Louer Villa Avec Piscine Gammarth Supérieur,Gammarth Supérieur à La Marsa,6 800 TND,,7.0,5.0,4.0,1.0,1.0,1.0,1.0,1.0,Villa,Bon état,,,36.876389,10.325278,1.0,,,1.0,1.0,1.0,1.0,1.0,,,,1.0,1.0,,,,,1.0,,,,1.0,,,,,,,,,,
https://www.mubawab.tn/fr/a/7833979/a-louer-une-villa-en-s4-avec-piscine-%C3%A0-la-marsa-cit%C3%A9-des-juges,A louer une villa en S4 avec piscine à la Marsa Cité des juges,Cité des Juges à La Marsa,4 500 TND,400.0,,4.0,,1.0,1.0,1.0,1.0,1.0,Villa,,,,36.876389,10.325278,1.0,,,1.0,,,,,,,,,,,,,,,,,,,,,,,,,,,,
https://www.mubawab.tn/fr/a/7887958/s1-meubl%C3%A9-%C3%A0-la-marsa,S1 meublé à La Marsa,La Marsa à La Marsa,1 200 TND,70.0,,2.0,,,,,,,Villa,,,,36.8941992,10.2762232,1.0,,,,,,,,,,,,,,,,,,,1.0,,,,,,,,,,,,
https://www.mubawab.tn/fr/a/7887874/%C3%A0-louer-villa-%C3%A0-menzah-9,À louer villa à menzah 9,El Menzah 9 à El Menzah,3 800 TND,500.0,9.0,5.0,3.0,1.0,1.0,,1.0,1.0,Villa,Bon état,5-10 ans,Marbre,36.8482637,10.1410889,1.0,,1.0,1.0,1.0,,1.0,1.0,,1.0,1.0,,,,,,,,,,,,,,,,Est,,,,,
https://www.mubawab.tn/fr/a/7846049/a-louer-un-triplex-meubl%C3%A9-en-s5-avec-piscine-%C3%A0-gammarth-village,A louer un triplex meublé en S5 avec piscine à Gammarth village,Gammarth Village à La Marsa,5 500 TND,300.0,,5.0,,,1.0,1.0,1.0,,Villa,,,,36.876389,10.325278,1.0,,,1.0,,,,,,,,1.0,,,,,,,,1.0,,,,1.0,,,,,,,,
https://www.mubawab.tn/fr/a/7772282/%C3%A0-louer-belle-villa-avec-piscine-au-lac-1,À louer Belle Villa avec Piscine au Lac 1,Les Berges Du Lac 1 à La Marsa,12 000 TND,500.0,7.0,5.0,2.0,1.0,1.0,1.0,,1.0,Villa,Bon état,,,36.876389,10.325278,,,,,,,,,1.0,,,,,,,,,,,,,,,,,,,,,,,
https://www.mubawab.tn/fr/a/7675338/%C3%A0-louer-%C3%A9l%C3%A9gante-demeure-avec-piscine-%C3%A0-carthage,À louer Élégante Demeure avec Piscine à Carthage,Carthage à Carthage,Prix à consulter,500.0,,,,1.0,1.0,1.0,,,Villa,,,,36.8694317,10.3164051,1.0,,,1.0,,,,,,,,,,,,,,,,,,,,,,,,,,,,
https://www.mubawab.tn/fr/a/7886945/spacieuse-villa-avec-piscine-pour-location-annuelle,Spacieuse Villa Avec Piscine Pour Location Annuelle,Houmt Souk à Houmt Souk,3 000 TND,500.0,6.0,5.0,3.0,1.0,,1.0,,1.0,Maison,Bon état,,,33.862374952371965,10.878820032021032,1.0,,,1.0,,,,,,,,,,,,,,,,1.0,,,,,,,,,,,,
https://www.mubawab.tn/fr/a/7649618/a-louer-villa-de-maitre-berges-du-lac,A Louer Villa De Maitre Berges Du Lac,Les Berges Du Lac 2 à La Marsa,Prix à consulter,,7.0,5.0,4.0,1.0,1.0,1.0,1.0,1.0,Villa,Bon état,,,36.876389,10.325278,1.0,,,1.0,1.0,1.0,1.0,1.0,,1.0,,1.0,1.0,,,1.0,1.0,1.0,,1.0,1.0,1.0,,,,,,,,,,
https://www.mubawab.tn/fr/a/7870565/duplex-s4-%C3%A0-louer-les-berges-du-lac-2,Duplex S4 à louer Les berges du lac 2,Les Berges Du Lac 2 à La Marsa,7 000 TND,250.0,5.0,4.0,3.0,,1.0,,1.0,1.0,Villa,Bon état,1-5 ans,,36.876389,10.325278,1.0,1.0,,1.0,1.0,,1.0,1.0,,1.0,,1.0,1.0,,,,1.0,,,,,,,1.0,1.0,1.0,,,,,,
https://www.mubawab.tn/fr/a/7827337/a-louer-duplex-s6-haut-standing-%C3%A0-el-menzah-5,A louer duplex S6 haut standing à El Menzah 5,El Menzah 5 à Ariana Ville,3 500 TND,200.0,7.0,6.0,3.0,,,,1.0,1.0,Villa,Bon état,,,36.8483853,10.1745278,1.0,,,1.0,,,,,,,,,,,,,,,,,,,,,,,,,,,,
https://www.mubawab.tn/fr/a/7817177/%C3%A0-louer-une-villa-s5-%C3%A0-chotrana-2,À louer une villa s5 à chotrana 2,Chotrana 2 à La Soukra,4 000 TND,600.0,4.0,5.0,3.0,1.0,1.0,,1.0,1.0,Villa,Bon état,,,36.883333,10.25,1.0,,1.0,1.0,1.0,,,1.0,,,,1.0,1.0,,,,,1.0,,,,,,,,,,,,,,
https://www.mubawab.tn/fr/a/7855507/villa-%C3%A0-louer-avec-piscine,Villa à louer avec piscine,Les Jardins de Carthage à Le Kram,5 500 TND,300.0,5.0,4.0,4.0,1.0,1.0,1.0,1.0,1.0,Villa,Bon état,1-5 ans,,36.833333,10.316667,1.0,,,1.0,1.0,,,1.0,,1.0,,,1.0,,,,,,,,,,,,,1.0,,,,,,
https://www.mubawab.tn/fr/a/7847318/villa-de-ma%C3%AEtre-%C3%A0-la-marsa,Villa de maître à La Marsa,La Marsa à La Marsa,Prix à consulter,,8.0,7.0,5.0,1.0,1.0,1.0,1.0,1.0,Villa,Bon état,1-5 ans,,36.876389,10.325278,1.0,,1.0,1.0,1.0,1.0,1.0,1.0,,1.0,1.0,1.0,1.0,,,,,,,,,,,,1.0,1.0,,,,,,
https://www.mubawab.tn/fr/a/7852696/jolie-maison-%C3%A0-louer-%C3%A0-aghir,Jolie Maison À Louer À Aghir,Aghir à Midoun,Prix à consulter,300.0,5.0,4.0,4.0,1.0,,1.0,,1.0,Maison,Bon état,,,33.78644627905528,11.017342562216449,1.0,,,1.0,,,,,,,,,,,,,,,,1.0,,,,,,,,,,,,
https://www.mubawab.tn/fr/a/7802173/location-annuelle-villa-avec-piscine-%C3%A0-djerba-s4,Location annuelle villa avec piscine à Djerba s4,Djerba à Djerba,2 700 TND,500.0,4.0,4.0,2.0,1.0,1.0,1.0,,1.0,Villa,Nouveau,,,33.8075978,10.8451467,1.0,,,1.0,1.0,1.0,1.0,,,1.0,1.0,1.0,,,,1.0,1.0,,,1.0,1.0,1.0,,,,,,,,,,
https://www.mubawab.tn/fr/a/7841287/a-louer-une-villa-en-s3-avec-piscine-%C3%A0-gammarth,A louer une villa en S3 avec piscine à Gammarth,Gammarth à La Marsa,6 500 TND,1100.0,,3.0,,1.0,1.0,1.0,,1.0,Villa,,,,36.917739,10.288893,,,,,,,,,,,,1.0,,,,,,,,,,,,,,,,,,,,
https://www.mubawab.tn/fr/a/7801489/a-louer-une-villa-jumel%C3%A9e-en-s3-%C3%A0-sidi-bousaid,A louer une villa jumelée en S3 à Sidi Bousaid,Sidi Bousaid à Carthage,5 000 TND,350.0,,5.0,,,,,,1.0,Villa,,,,36.871576,10.3343581,1.0,,1.0,,,1.0,1.0,,,,,,,,,,1.0,,,,,1.0,,,,,,,,,,
https://www.mubawab.tn/fr/a/7852495/a-louer-un-rez-de-chauss%C3%A9e-de-villa-meubl%C3%A9-en-s4-avec-piscine-%C3%A0-gammarth,A louer un rez de chaussée de villa meublé en S4 avec piscine à Gammarth,La Marsa à La Marsa,9 000 TND,250.0,,5.0,,1.0,,1.0,1.0,,Villa,,,,36.8941992,10.2762232,1.0,,,1.0,,,1.0,,,,,,,,,,,,,1.0,,,,,,,,,,,,
https://www.mubawab.tn/fr/a/7827172/a-louer-une-villa-en-s4-avec-piscine-%C3%A0-carthage,A louer une villa en S4 avec piscine à Carthage,Carthage à Carthage,7 500 TND,701.0,7.0,5.0,4.0,1.0,1.0,1.0,1.0,1.0,Villa,Bon état,,,36.8694317,10.3164051,,,,1.0,,,,,,,,,,,,,,,,,,,,,,,,,,,,
https://www.mubawab.tn/fr/a/7844937/a-louer-une-villa-en-s5-avec-piscine-%C3%A0-carthage,A louer une villa en S5 avec piscine à Carthage,Carthage à Carthage,Prix à consulter,700.0,,5.0,,1.0,1.0,1.0,1.0,1.0,Villa,,,,36.8694317,10.3164051,1.0,,,1.0,,,,,,,,,,,,,,,,,,,,,1.0,,,,,,,
https://www.mubawab.tn/fr/a/7850987/a-louer-%C3%A9tage-de-villa-%C3%A0-cit%C3%A9-el-melouf,A louer étage de Villa à Cité El Melouf,Bizerte à Bizerte Nord,750 TND,100.0,4.0,3.0,,,,,,,Maison,,,,37.1303,9.7506777,1.0,,,,,,,,,,,,,,,,,,,,,,,,,,,,,,,
https://www.mubawab.tn/fr/a/7525070/a-louer-villa-vue-sur-mer-la-marsa,A Louer Villa vue sur mer la Marsa,La Marsa à La Marsa,10 000 TND,,6.0,4.0,4.0,1.0,1.0,1.0,1.0,1.0,Villa,Nouveau,,,36.876389,10.325278,1.0,,,1.0,1.0,1.0,1.0,1.0,,,,1.0,1.0,,,1.0,1.0,1.0,,,,1.0,,,1.0,,,,,,,
https://www.mubawab.tn/fr/a/7842897/maison-style-djerbien-%C3%A0-louer-%C3%A0-midoun,Maison Style Djerbien À Louer À Midoun,Midoune à Midoun,Prix à consulter,200.0,4.0,3.0,3.0,,,1.0,,1.0,Maison,Bon état,,,33.866667,10.85,1.0,,,1.0,,,,,,,,,,,,,,,,1.0,,,,,,,,,,,,
https://www.mubawab.tn/fr/a/7846839/a-louer-une-villa-toute-neuve-%C3%A0-chatt-mariem,A louer une villa toute neuve à chatt mariem,Akouda,2 600 TND,450.0,,2.0,,1.0,,,1.0,,Villa,,,,35.87,10.57,,,,1.0,,,,,,,,1.0,,,,,,,,1.0,,,,,,,,,,,,
https://www.mubawab.tn/fr/a/7820120/a-louer-%C3%A9tage-de-villa-vue-mer-%C3%A0-chatt-meriem,A louer étage de villa vue mer à chatt meriem,Chott Meriem à Akouda,2 000 TND,200.0,3.0,4.0,,,,,1.0,,Villa,Nouveau,,,35.951365,10.54783,1.0,,,1.0,,,,,,,,,,,,,,,,1.0,,,1.0,,,,,,,,,
https://www.mubawab.tn/fr/a/7817456/a-louer-r%C3%A9ez-de-chauss%C3%A9-s3-%C3%A0-tantana,A louer réez de chaussé s3 à tantana,Akouda à Akouda,1 200 TND,200.0,3.0,4.0,,,,,1.0,,Villa,Nouveau,,,35.874674,10.571809,,,,1.0,,,,,,,,,,,,,,,,1.0,,,1.0,,,,,,,,,
https://www.mubawab.tn/fr/a/7818828/a-louer-s1-meubl%C3%A9-%C3%A0-sahloul,A louer s1 meublé à sahloul,Sousse Jaouhara à Sousse Jaouhara,900 TND,60.0,4.0,2.0,,,,,1.0,,Villa,Nouveau,,,35.825603,10.608395,,,,1.0,,,,,,,,,,,,,,,,1.0,,,1.0,,,,,,,,,
https://www.mubawab.tn/fr/a/7810404/alouer-s2-richement-meubl%C3%A9-%C3%A0-sousse,Alouer S2 richement meublé à Sousse,Sousse Ville à Sousse Ville,1 600 TND,100.0,2.0,3.0,,,1.0,,1.0,,Maison,Nouveau,,,35.8318766,10.5945561,1.0,,,1.0,,,,,,,,1.0,,,,,,,,1.0,,,1.0,1.0,,,,,,,,
https://www.mubawab.tn/fr/a/7843897/un-%C3%A9tage-de-villa-%C3%A0-usage-professionnel-habitation,Un étage de villa à usage professionnel/habitation,Les Berges Du Lac 2 à La Marsa,4 500 TND,200.0,4.0,3.0,3.0,,1.0,,1.0,1.0,Villa,Nouveau,,,36.876389,10.325278,1.0,,,1.0,1.0,,,,,,,1.0,1.0,,,,,,,,,,,,,,,,,,,
https://www.mubawab.tn/fr/a/7845897/etage-de-villa-s4-%C3%A0-louer-aux-berges-de-lac-2,Etage de villa S4 à louer aux Berges de Lac 2,Les Berges Du Lac 2 à La Marsa,3 500 TND,240.0,,4.0,,,1.0,,,1.0,Villa,,,,36.8468986,10.2641808,1.0,,,,,,,,,,,,,,,,,,,,,,,,,,,,,,,
https://www.mubawab.tn/fr/a/7775239/superbe-villa-%C3%A0-louer-%C3%A0-guechaine-2-pi%C3%A8ces-confortables-bien-meubl%C3%A9,Superbe villa à louer à Guechaine. 2 pièces confortables. Bien meublé,Guechaine à Houmt Souk,1 500 TND,600.0,2.0,2.0,,1.0,,1.0,,1.0,Villa,Bon état,,,33.866667,10.85,,,,1.0,,1.0,1.0,,,,,,,,,,,,,1.0,1.0,1.0,1.0,,,,,,,,,
https://www.mubawab.tn/fr/a/7814432/une-maison-ind%C3%A9pendante-avec-jardin-%C3%A0-louer,Une maison indépendante avec jardin à louer,Hammamet à Hammamet,1 200 TND,,3.0,2.0,,1.0,1.0,,,1.0,Maison,Bon état,,,36.40108,10.61457,1.0,,1.0,1.0,1.0,1.0,1.0,1.0,,1.0,1.0,,1.0,,,1.0,1.0,,,1.0,1.0,1.0,1.0,,,1.0,,,,,,
https://www.mubawab.tn/fr/a/7786674/a-louer-une-belle-villa-%C3%A0-gammarth-touristique,A louer une belle villa à gammarth touristique,Gammarth à La Marsa,6 500 TND,600.0,4.0,4.0,3.0,1.0,1.0,1.0,1.0,1.0,Villa,Nouveau,,,36.876389,10.325278,1.0,,,1.0,1.0,,,1.0,,,,1.0,1.0,,,,,1.0,,,,,,,,,,,,,,
https://www.mubawab.tn/fr/a/7823065/maison-ariana,Maison Ariana,Ariana à Ariana Ville,Prix à consulter,100.0,2.0,2.0,,1.0,1.0,,,,Maison,Bon état,,,36.8625,10.19556,1.0,,,,,,,,,,,,,,,,,,130 m²,1.0,,,1.0,,,,,,,,,
https://www.mubawab.tn/fr/a/7826696/duplex-s3-avec-vue-sur-mer-gammarth-sup%C3%A9rieur,"Duplex S3 avec vue sur mer, Gammarth supérieur",Gammarth Supérieur à La Marsa,3 500 TND,130.0,4.0,3.0,3.0,,,,1.0,1.0,Villa,,,,36.8931787,10.3099394,1.0,,1.0,1.0,,,,,,,,1.0,,,,,,,,,,,,,1.0,,,,,,,
https://www.mubawab.tn/fr/a/7541627/une-somptueuse-villa-avec-piscine-%C3%A0-louer-%C3%A0-la-soukra,Une Somptueuse Villa avec piscine à louer à La Soukra,La Soukra à La Soukra,7 000 TND,1000.0,5.0,4.0,4.0,1.0,1.0,1.0,,1.0,Villa,Bon état,10-20 ans,Marbre,36.883333,10.25,,,,,,,,,,,,,,,,,,,,,,,,,,,,,,,,
https://www.mubawab.tn/fr/a/7758870/villa-s4-avec-piscine-et-jardin-%C3%A0-louer-au-lac-2,Villa S4 avec piscine et jardin à louer au Lac 2,Les Berges Du Lac 2 à La Marsa,11 000 TND,,,4.0,,1.0,1.0,1.0,,1.0,Villa,,,,36.8468986,10.2641808,,,,,,,,,1.0,,,,,,,,,,,,,,,,,,,,,,,
https://www.mubawab.tn/fr/a/7805363/un-duplex-dans-une-r%C3%A9sidence-avec-piscine,Un duplex dans une résidence avec piscine,Hammamet à Hammamet,1 800 TND,,4.0,3.0,2.0,1.0,1.0,1.0,,1.0,Maison,Bon état,,,36.40108,10.61457,1.0,1.0,,1.0,1.0,1.0,1.0,,,1.0,1.0,,1.0,,,,,,,1.0,1.0,1.0,,,,,,,,,,
https://www.mubawab.tn/fr/a/7772932/une-villa-meubl%C3%A9-ind%C3%A9pendante-%C3%A0-khzema-ouest,Une villa meublé indépendante à Khzema ouest,Khezama Ouest,Prix à consulter,300.0,4.0,3.0,,1.0,,,1.0,1.0,Villa,Bon état,,,35.7218,10.6179,1.0,,,1.0,,,,,,,,,,,,,,,,1.0,1.0,1.0,1.0,,,,,,,,,
https://www.mubawab.tn/fr/a/7803113/a-louer-un-s3-meubl%C3%A9-%C3%A0-kantaoui,A louer un s3 meublé à kantaoui,El Kantaoui à Hammam Sousse,2 000 TND,150.0,3.0,3.0,,,,,,,Villa,Nouveau,,,35.898175,10.58025,1.0,,,1.0,,,,,,,,,,,,,,,,1.0,,,1.0,,,,,,,,,
https://www.mubawab.tn/fr/a/7767192/a-louer-villa-s4-%C3%A0-kantaoui,A louer villa s4 à Kantaoui,El Kantaoui à Hammam Sousse,3 000 TND,800.0,4.0,5.0,,1.0,1.0,,1.0,,Villa,Nouveau,,,35.898175,10.58025,,,,,,,,,,,,,,,,,,,,,,,1.0,,,,,,,,,
https://www.mubawab.tn/fr/a/7768346/a-louer-villa-avec-piscine-%C3%A0-kantaoui,A louer villa avec piscine à kantaoui,El Kantaoui à Hammam Sousse,5 000 TND,800.0,4.0,4.0,,1.0,,1.0,,,Villa,Nouveau,,,35.898175,10.58025,,,,,,,,,,,,,,,,,,,,1.0,,,1.0,,,,,,,,,
https://www.mubawab.tn/fr/a/7770982/a-louer-une-belle-villa-a-gammarth-sup%C3%A9rieur,A louer une belle villa a gammarth supérieur,Gammarth Supérieur à La Marsa,15 000 TND,1200.0,7.0,7.0,6.0,1.0,1.0,1.0,1.0,1.0,Villa,Bon état,,,36.876389,10.325278,1.0,,,1.0,1.0,,,1.0,,,,1.0,1.0,,,,,1.0,,,,,,,,,,,,,,
https://www.mubawab.tn/fr/a/7789076/a-louer-une-magnifique-villa-aux-berges-du-lac-2,A louer une magnifique villa aux berges du lac 2,Les Berges Du Lac 2 à La Marsa,5 500 TND,280.0,3.0,3.0,3.0,,1.0,1.0,1.0,1.0,Villa,Nouveau,,,36.876389,10.325278,1.0,,,1.0,1.0,,,1.0,,,,1.0,1.0,,,,,,,,,,,,,,,,,,,
https://www.mubawab.tn/fr/a/7593124/%C3%A0-louer-une-villa-s5-%C3%A0-la-soukra,À louer une villa s5 à la soukra,La Soukra à La Soukra,4 800 TND,2170.0,5.0,5.0,4.0,1.0,1.0,,1.0,1.0,Villa,Bon état,,,36.883333,10.25,1.0,,,1.0,1.0,,1.0,1.0,,,,,1.0,,,,,1.0,,,,,,,,,,,,,,
https://www.mubawab.tn/fr/a/7775497/a-louer-%C3%A9tage-de-villa-s3-non-meubl%C3%A9-hammam-sousse,A louer étage de villa s3 non meublé Hammam Sousse,Hammam Sousse à Hammam Sousse,850 TND,160.0,3.0,4.0,,,,,1.0,,Villa,Nouveau,,,35.8569,10.591507,1.0,,,1.0,,,,,,,,,,,,,,,,1.0,,,1.0,,,,,,,,,
https://www.mubawab.tn/fr/a/7774176/a-louer-un-s1-meubl%C3%A9-%C3%A0-hammam-sousse,A louer un s1 meublé à hammam sousse,Hammam Sousse à Hammam Sousse,900 TND,60.0,,,,,,,1.0,,Maison,Nouveau,,,35.8569,10.591507,,,,1.0,,,,,,,,,,,1.0,,,,,1.0,,,1.0,1.0,,,,1.0,,,,
https://www.mubawab.tn/fr/a/7769109/coquette-villa-%C3%A0-la-marsa,Coquette villa à la Marsa,La Marsa à La Marsa,6 500 TND,500.0,,3.0,,1.0,1.0,1.0,,1.0,Villa,,,,36.8941992,10.2762232,,,1.0,,,,,,,,,,,,,,,,,,,,,,,,,,,,,
https://www.mubawab.tn/fr/a/7779120/a-louer-une-belle-villa-meubl%C3%A9-%C3%A0-la-soukra,A louer une belle villa meublé à la soukra,La Soukra à La Soukra,2 500 TND,280.0,3.0,3.0,3.0,1.0,1.0,1.0,1.0,1.0,Villa,Bon état,,,36.883333,10.25,1.0,,,1.0,1.0,1.0,1.0,,,,,1.0,1.0,,,,1.0,1.0,,1.0,,1.0,,,,,,,,,,
https://www.mubawab.tn/fr/a/7769623/a-louer-une-villa-haute-standing-pr%C3%A8s-du-mall-of-sousse,A louer une villa haute standing près du mall of sousse,Kalâa Sghira,2 000 TND,2000.0,2.0,2.0,,1.0,,1.0,1.0,,Maison,Nouveau,,,35.821756,10.560554,,,,1.0,,,,,,,,1.0,,,,,,,,1.0,,,1.0,,,,,,,,,
https://www.mubawab.tn/fr/a/7770450/a-louer-une-villa-meubl%C3%A9e-%C3%A0-hammam-sousse,A louer une villa meublée à hammam sousse,Hammam Sousse à Hammam Sousse,1 800 TND,270.0,3.0,3.0,,1.0,,,1.0,,Maison,Nouveau,,,35.8569,10.591507,,,,1.0,,,,,,,,,,,,,,,,1.0,,,1.0,,,,,,,,,
https://www.mubawab.tn/fr/a/7674971/a-louer-une-villa-en-s3-avec-piscine-%C3%A0-gammarth,A louer une villa en s3 avec piscine à Gammarth,Gammarth à La Marsa,Prix à consulter,980.0,,3.0,,1.0,1.0,1.0,1.0,1.0,Villa,,,,36.917739,10.288893,1.0,1.0,,1.0,,,,1.0,1.0,,,,,,,,,,,,,,,,,,,,,,,
https://www.mubawab.tn/fr/a/7736320/a-louer-une-magnifique-villa-a-la-soukra,A louer une magnifique villa a la soukra,La Soukra à La Soukra,5 500 TND,500.0,3.0,3.0,4.0,1.0,1.0,1.0,1.0,1.0,Villa,Nouveau,,,36.883333,10.25,1.0,,,1.0,1.0,,,1.0,,,,1.0,1.0,,,,,1.0,,,,,,,,,,,,,,
https://www.mubawab.tn/fr/a/7760222/a-louer-un-%C3%A9tage-de-villa-a-la-marsa,A louer un étage de villa a la marsa,La Marsa à La Marsa,2 800 TND,120.0,3.0,3.0,3.0,,1.0,,1.0,1.0,Villa,Nouveau,,,36.876389,10.325278,1.0,,,1.0,1.0,,,,,,,1.0,1.0,,,1.0,,1.0,,1.0,,,,,,,,,,,,
https://www.mubawab.tn/fr/a/7760171/a-louer-r%C3%A9ez-de-chauss%C3%A9e-meubl%C3%A9-%C3%A0-khzama-ouest,A louer Réez de chaussée meublé à khzama ouest,Lebna à Sousse Jaouhara,1 500 TND,150.0,3.0,4.0,,,,,1.0,1.0,Villa,Nouveau,,,36.71195,10.941144,1.0,,,1.0,,,,,,,,,,,,,,,,1.0,,,1.0,,,,,,,,,
https://www.mubawab.tn/fr/a/7481472/a-louer-une-villa-s8-%C3%A0-sidi-bou-said,A louer une villa S8 à Sidi Bou Said,Sidi Bousaid à Carthage,30 000 TND,1200.0,10.0,8.0,10.0,1.0,,1.0,,,Villa,Nouveau,,,36.8566,10.3258,1.0,,,,,,,,,,,,,,,,,,,,,,,,,,,,,,,
https://www.mubawab.tn/fr/a/7684275/une-villa-s5-a-louer,Une villa s5 a louer,Chott Meriem à Akouda,1 500 TND,250.0,6.0,5.0,2.0,1.0,1.0,1.0,1.0,1.0,Villa,Nouveau,,,35.87,10.57,1.0,,,1.0,,1.0,1.0,,,1.0,,1.0,,,,,1.0,,,1.0,1.0,1.0,,,1.0,,,,,,,
https://www.mubawab.tn/fr/a/7698561/a-louer-un-duplex-s3-a-la-marsa,A louer un duplex s3 a la marsa,Cité Les Pins à La Marsa,4 000 TND,260.0,3.0,3.0,2.0,,1.0,,1.0,1.0,Maison,Bon état,,,36.876389,10.325278,1.0,,,1.0,,,,,,,,,,,,,,1.0,,,,,,,,,,,,,,
https://www.mubawab.tn/fr/a/7698253/a-louer-une-villa-avec-piscine-en-s5-%C3%A0-gammarth,A louer une villa avec piscine en S5 à Gammarth,Gammarth à La Marsa,8 000 TND,600.0,7.0,7.0,3.0,1.0,1.0,1.0,1.0,1.0,Villa,Nouveau,,,36.917739,10.288893,1.0,,,1.0,,,,,1.0,,,1.0,,,,,,,,,,,,1.0,,,,,,,,
https://www.mubawab.tn/fr/a/7701137/a-louer-une-belle-villa-%C3%A0-la-soukra,A louer une belle villa à la soukra,Chotrana 2 à La Soukra,5 500 TND,360.0,3.0,3.0,3.0,1.0,1.0,1.0,1.0,1.0,Villa,Nouveau,,,36.883333,10.25,1.0,,,1.0,1.0,,,1.0,,,,1.0,1.0,,,,,,,,,,,,,,,,,,,
https://www.mubawab.tn/fr/a/7483714/a-louer-bureau-h2-%C3%A0-montplaisir,A LOUER: Bureau H2 à Montplaisir,Cité El Khadra,Prix à consulter,75.0,,2.0,,,,,,,Maison,,,,36.823935,10.226369,,,,1.0,,,,,,,,,,,,,,,,,,,,1.0,,,,,,,,
https://www.mubawab.tn/fr/a/7701254/a-louer-villa-s5-%C3%A0-la-soukra,A louer villa s5 à la soukra,La Soukra à La Soukra,3 300 TND,500.0,3.0,5.0,5.0,1.0,1.0,1.0,1.0,1.0,Villa,Bon état,,,36.883333,10.25,1.0,,1.0,1.0,1.0,,,,,,,1.0,,,,,,1.0,,,,,,,,,,,,,,
https://www.mubawab.tn/fr/a/7674970/a-louer-villa-en-s4-avec-piscine-%C3%A0-gammarth,A louer villa en S4 avec piscine à Gammarth,Gammarth à La Marsa,10 000 TND,680.0,,4.0,,1.0,,1.0,1.0,1.0,Villa,,,,36.917739,10.288893,1.0,,,1.0,,,,,1.0,,,,,,,,,,,,,,,,,,,,,,,
https://www.mubawab.tn/fr/a/7667876/a-louer-une-belle-villa-s4-%C3%A0-djerba-route-aghir,"A louer, Une belle villa s4 à Djerba route aghir",Aghir à Midoun,4 000 TND,800.0,,8.0,,,,1.0,,,Maison,,,,33.759722,11.0125,,,,1.0,,,,,,,,,,,,,,,,,,,,,,,,,,,,
https://www.mubawab.tn/fr/a/7580688/a-louer-une-villa-de-ma%C3%AEtre-%C3%A0-gammarth,A louer une villa de maître à Gammarth,Gammarth à La Marsa,10 000 TND,550.0,,5.0,,1.0,1.0,1.0,1.0,1.0,Villa,,,,36.917739,10.288893,1.0,,1.0,1.0,,,,,,,,1.0,,,,,,,,,,,,,,,,,,,,
https://www.mubawab.tn/fr/a/7590360/villa-de-ma%C3%AEtre-%C3%A0-la-marsa,Villa de maître à La Marsa,Gammarth Supérieur à La Marsa,15 000 TND,1000.0,6.0,5.0,4.0,1.0,1.0,1.0,1.0,1.0,Villa,Bon état,1-5 ans,Marbre,36.876389,10.325278,1.0,1.0,1.0,1.0,1.0,,1.0,1.0,,1.0,1.0,1.0,1.0,,,,1.0,1.0,,,,1.0,,,1.0,,,,,,,
https://www.mubawab.tn/fr/a/6962122/location-villa-karim-%C3%A0-hammamet,Location Villa Karim à Hammamet,Hammamet Sud à Hammamet,3 500 TND,400.0,5.0,4.0,3.0,,,1.0,1.0,1.0,Villa,Nouveau,Moins d'un an,Marbre,36.404007,10.568995,1.0,,,1.0,,1.0,1.0,,,,1.0,,,,,,1.0,,,,1.0,1.0,,1.0,,,Sud,,,,,
https://www.mubawab.tn/fr/a/7522777/villa-s5-%C3%A0-la-marsa,Villa s5 à la Marsa,La Marsa à La Marsa,6 000 TND,600.0,,6.0,,1.0,1.0,1.0,,1.0,Villa,,,,36.8941992,10.2762232,,,,,,,,,,,,,,,,,,,,,,,,,,,,,,,,
https://www.mubawab.tn/fr/a/7403495/location-villa-avec-piscine-%C3%A0-djerba-proche-de-la-mer,Location villa avec piscine à Djerba proche de la mer,Djerba à Djerba,4 000 TND,390.0,7.0,4.0,3.0,,,1.0,,,Maison,Nouveau,,,33.8075978,10.8451467,1.0,,,,,,,,,,,,,,,,,,,,,,,,,,,,,,,
https://www.mubawab.tn/fr/a/7083647/location-annuelle-duplex-dalia,Location annuelle Duplex Dalia,Hammamet Nord à Hammamet,2 500 TND,117.0,5.0,3.0,3.0,1.0,,1.0,1.0,1.0,Villa,Nouveau,,Marbre,36.374884,10.535237,1.0,,,1.0,1.0,1.0,1.0,,,,1.0,,,,,,1.0,,,,1.0,1.0,,,,,,,,,,
https://www.mubawab.tn/fr/a/7418574/villa-meubl%C3%A9-avec-piscine-%C3%A0-gammarth,Villa Meublé avec piscine à Gammarth,Gammarth à La Marsa,8 000 TND,,6.0,5.0,4.0,1.0,1.0,1.0,,1.0,Villa,Bon état,Moins d'un an,Marbre,36.876389,10.325278,1.0,1.0,1.0,,1.0,1.0,1.0,1.0,,1.0,1.0,,1.0,,,1.0,1.0,,,1.0,1.0,1.0,,,,,,,,,,
https://www.mubawab.tn/fr/a/7399003/location-villa-omar-%C3%A0-hammamet,Location Villa omar à Hammamet,Hammamet Sud à Hammamet,1 500 TND,150.0,4.0,3.0,2.0,1.0,1.0,,,1.0,Maison,Bon état,1-5 ans,Marbre,36.40108,10.61457,1.0,,,1.0,1.0,1.0,1.0,,,1.0,1.0,1.0,1.0,,,,1.0,,,,1.0,1.0,,,,,,,,,,
https://www.mubawab.tn/fr/a/7311164/location-villa-avec-piscine-et-un-petit-studio-midoun-djer,Location villa avec piscine et un petit studio Midoun Djer,Djerba à Djerba,Prix à consulter,,5.0,3.0,2.0,1.0,1.0,1.0,,1.0,Villa,Nouveau,1-5 ans,,33.8075978,10.8451467,1.0,,,1.0,,1.0,1.0,,,1.0,1.0,,,,,1.0,,,,1.0,1.0,1.0,,,,,,,,,,
https://www.mubawab.tn/fr/a/7403467/a-louer-quatre-appartements-s2-%C3%A0-djerba-la-zone-touristique,"A louer, quatre appartements s2 à Djerba la zone touristique",Zone touristique à Midoun,Prix à consulter,,3.0,2.0,,,,,,,Maison,,,,33.8302466,11.0143996,,,,1.0,,,,,,,,,,,,,,,,,,,1.0,,,,,,,,,
https://www.mubawab.tn/fr/a/7318331/villa-dalida-%C3%A0-hammamet-nord,Villa Dalida à Hammamet Nord,Hammamet Nord à Hammamet,3 500 TND,600.0,5.0,4.0,3.0,1.0,,1.0,1.0,1.0,Villa,Bon état,1-5 ans,Marbre,36.40108,10.61457,1.0,,,1.0,1.0,1.0,1.0,,,,1.0,1.0,1.0,,,1.0,1.0,,,,1.0,1.0,,,,,Nord,,,,,
https://www.mubawab.tn/fr/a/7403506/location-villa-des-vacances-%C3%A0-djerba,Location villa des vacances à Djerba,Zone touristique à Midoun,Prix à consulter,,,,,,,1.0,,1.0,Maison,,,,33.8302466,11.0143996,1.0,,,,,,,,,,,,,,,,,,,,,,,,,,,,,,,
https://www.mubawab.tn/fr/a/6992599/rdc-de-villa-%C3%A0-la-marsa,Rdc de villa à la Marsa,La Marsa à La Marsa,6 000 TND,130.0,3.0,3.0,,1.0,,,,1.0,Villa,Bon état,,,36.88911649999999,10.322267099999976,1.0,,,,,,,,,,,,,,,,,,,,,,1.0,,,,,,,,,
https://www.mubawab.tn/fr/a/7167589/unique-villa-jumel%C3%A9e-%C3%A0-la-marsa,Unique villa jumelée à la marsa,La Marsa à La Marsa,7 500 TND,250.0,4.0,4.0,2.0,1.0,,1.0,,1.0,Villa,Bon état,,,36.876389,10.325278,1.0,,,,,,,,,,,1.0,,,,,,,,,,,,,,,,,,,,
https://www.mubawab.tn/fr/a/6914728/magnifique-villa-%C3%A0-la-marsa,Magnifique villa à la Marsa,La Marsa à La Marsa,12 000 TND,550.0,4.0,5.0,4.0,1.0,1.0,1.0,,,Villa,,,,36.88911649999999,10.3222671,,,,,,,,,1.0,,,,,,,,,,,,,,,,,,,,,,,
https://www.mubawab.tn/fr/a/8078656/magnifique-villa-s4-vue-mer-%C3%A0-la-marsa,Magnifique Villa s4 vue mer à la Marsa,La Marsa à La Marsa,Prix à consulter,,,5.0,,,,,,,Villa,,,,36.8941992,10.2762232,,,,,,,,,,,,,,,,,,,,,,,,,1.0,,,,,,,
https://www.mubawab.tn/fr/a/8022836/villa-%C3%A0-louer-%C3%A0-gammarth,Villa à louer à gammarth,Gammarth à La Marsa,Prix à consulter,680.0,6.0,5.0,5.0,1.0,1.0,1.0,1.0,1.0,Villa,Bon état,5-10 ans,Marbre,36.91773900000001,10.288892999999996,1.0,,1.0,1.0,1.0,1.0,,1.0,,,1.0,1.0,1.0,,,,,,600 m²,,,,,,,,Est,,,,,
https://www.mubawab.tn/fr/a/8070185/a-louer-une-villa-de-ma%C3%AEtre-au-lac1,A louer une villa de maître au lac1,Les Berges Du Lac 1 à La Marsa,Prix à consulter,800.0,6.0,6.0,,,1.0,1.0,,1.0,Villa,Nouveau,,,36.876389,10.325278,,,,,,,,,,,,,,,,,,,,,,,1.0,,,,,,,,,
https://www.mubawab.tn/fr/a/8125400/a-louer-une-villa-situ%C3%A9e-%C3%A0-el-menzah-9,A louer une Villa située à el Menzah 9,El Menzah 9 à El Menzah,4 000 TND,500.0,4.0,3.0,3.0,1.0,,,1.0,1.0,Villa,Bon état,,,36.845235,10.164723,1.0,,,1.0,,,,,,,,,,1.0,,,,,,,,,,,,,,,,,,
https://www.mubawab.tn/fr/a/8124669/a-louer-une-villa-en-s5-avec-piscine-%C3%A0-gammarth,A louer une villa en S5 avec piscine à Gammarth,Gammarth à La Marsa,8 000 TND,500.0,6.0,5.0,3.0,1.0,,1.0,1.0,1.0,Villa,Nouveau,,,36.876389,10.325278,1.0,,,1.0,,,,,,,,,1.0,,,,,,,,,,,,1.0,,,,,,,
https://www.mubawab.tn/fr/a/8121175/villa-avec-piscine-%C3%A0-gammarth,Villa avec piscine à Gammarth,La Marsa à La Marsa,6 000 TND,500.0,6.0,5.0,4.0,1.0,1.0,1.0,1.0,1.0,Villa,Bon état,10-20 ans,,36.8941992,10.2762232,1.0,,1.0,1.0,,,1.0,1.0,,,,,,,,1.0,1.0,,,,,1.0,,,,,,,,,,
https://www.mubawab.tn/fr/a/8098581/appartement-s2-meubl%C3%A9-%C3%A0-la-marsa-avec-vue-sur-la-mer,Appartement S2 meublé à la Marsa avec vue sur la mer,La Marsa à La Marsa,3 860 TND,,,2.0,,1.0,,,,,Villa,,,,36.8941992,10.2762232,,,,,,,,,,,,,,,,,,,,,,,,,,,,,,,,
https://www.mubawab.tn/fr/a/8133485/villa-en-location,Villa en location,El Kantaoui à Hammam Sousse,2 500 TND,250.0,,4.0,3.0,1.0,,,1.0,1.0,Maison,Bon état,,,35.8569,10.5972,1.0,,,1.0,,,,1.0,,,1.0,,,,1.0,,,,,,,,,,,,,,,,,
https://www.mubawab.tn/fr/a/8024514/belle-villa-s5-%C3%A0-la-marsa,Belle Villa S5 à la Marsa,La Marsa à La Marsa,Prix à consulter,500.0,,4.0,,1.0,,1.0,,,Villa,,,,36.8941992,10.2762232,,,,,,,,,1.0,,,,,,,,,,,,,,,,,,,,,,,
https://www.mubawab.tn/fr/a/8094983/a-louer-une-villa-en-s3-avec-piscine-%C3%A0-gammarth,A louer une villa en S3 avec piscine à Gammarth,Gammarth à La Marsa,5 800 TND,250.0,4.0,3.0,2.0,1.0,,1.0,1.0,1.0,Maison,Nouveau,,,36.876389,10.325278,1.0,,,1.0,,,,,,,,,,,,,,,300 m²,,,,,,1.0,,,,,,,
https://www.mubawab.tn/fr/a/8093306/a-louer-une-villa-en-s4-avec-jardin-%C3%A0-sidi-bousaid,A louer une villa en S4 avec jardin à Sidi Bousaid,Sidi Bousaid à Carthage,6 000 TND,400.0,5.0,4.0,3.0,1.0,1.0,,1.0,1.0,Villa,Nouveau,,,36.8566,10.3258,1.0,,,1.0,1.0,,,,,,,,,,,,,,,,,,,,,,,,,,,
https://www.mubawab.tn/fr/a/7983323/unique-villa-style-rustique,Unique villa style rustique,La Marsa à La Marsa,6 500 TND Baisse du prix 500 TND,550.0,,,,1.0,,1.0,,,Villa,,,,36.8941992,10.2762232,,,1.0,,,,,,,,,,,,,,,,,,,,,,,,,,,,,
https://www.mubawab.tn/fr/a/8134096/villa-avec-piscine-%C3%A0-louer-la-marsa,Villa avec piscine à louer La Marsa,La Marsa à La Marsa,4 500 TND,450.0,4.0,6.0,,,1.0,1.0,,1.0,Maison,Nouveau,,,36.876389,10.325278,,,,,,,1.0,,1.0,,,,,,,,,,,,,,1.0,,,,,,,,,
https://www.mubawab.tn/fr/a/8134095/villa-avec-piscine-%C3%A0-louer-la-marsa,Villa avec piscine à louer La Marsa,La Marsa à La Marsa,7 000 TND,700.0,4.0,6.0,,,1.0,1.0,,1.0,Maison,Nouveau,,,36.876389,10.325278,,,,,,,1.0,,,,,,,,,,,,,,,,1.0,,,,,,,,,
https://www.mubawab.tn/fr/a/8039476/villa-s5-avec-piscine-%C3%A0-gammarth,Villa S5 avec piscine à Gammarth,Gammarth à La Marsa,6 300 TND,,6.0,5.0,4.0,1.0,1.0,1.0,1.0,1.0,Villa,Bon état,1-5 ans,Marbre,36.876389,10.325278,1.0,1.0,,1.0,1.0,1.0,1.0,1.0,,1.0,1.0,1.0,1.0,2.0,,1.0,1.0,1.0,,,,,,,,1.0,,,,,,
https://www.mubawab.tn/fr/a/8050473/villa-de-charme-%C3%A0-la-marsa,Villa de charme à la Marsa,La Marsa à La Marsa,5 500 TND,300.0,4.0,3.0,2.0,1.0,1.0,1.0,1.0,1.0,Villa,Bon état,,,36.876389,10.325278,1.0,,,1.0,,,,,,1.0,,,,,,,,1.0,,,,,,,,,,,,,,
https://www.mubawab.tn/fr/a/8132344/villa-s6-avec-piscine-aux-jardins-de-carthage,Villa S6 avec piscine aux jardins de carthage,Les Jardins de Carthage à Le Kram,8 000 TND,,6.0,5.0,4.0,1.0,,1.0,1.0,1.0,Maison,Nouveau,,,36.833333,10.316667,1.0,,,1.0,,,,,1.0,,,,,,,,,,,,,,,,,,,,,,,
https://www.mubawab.tn/fr/a/8135507/villa-s4-avec-piscine-%C3%A0-la-marsa,Villa S4 avec piscine à La Marsa,La Marsa à La Marsa,4 500 TND,,5.0,4.0,4.0,1.0,1.0,1.0,1.0,1.0,Villa,Bon état,1-5 ans,Carrelage,36.876389,10.325278,1.0,,,1.0,1.0,1.0,1.0,,1.0,1.0,1.0,1.0,1.0,,,1.0,,1.0,,,,,,,,,,,,,,
https://www.mubawab.tn/fr/a/7901269/villa-meubl%C3%A9e-%C3%A0-la-marsa,Villa meublée à La Marsa,Cité Les Pins à La Marsa,4 500 TND,350.0,4.0,3.0,2.0,1.0,1.0,,1.0,1.0,Villa,Bon état,,,36.876389,10.325278,1.0,1.0,,1.0,1.0,1.0,1.0,1.0,,1.0,1.0,,1.0,,,,1.0,,,1.0,1.0,1.0,,,,,,,,,,
https://www.mubawab.tn/fr/a/7065910/location-villa-faustine-s4-hammamet,Location Villa Faustine S4 Hammamet,Hammamet à Hammamet,4 000 TND,450.0,5.0,4.0,2.0,1.0,,1.0,1.0,1.0,Villa,Bon état,,,36.40108,10.61457,1.0,,,1.0,1.0,,1.0,1.0,,1.0,,,1.0,,,,,,,1.0,,,,,,,,,,,,
https://www.mubawab.tn/fr/a/8125704/a-louer-une-villa-avec-piscine-%C3%A1-gammarth,A louer une villa avec piscine á Gammarth,Gammarth à La Marsa,8 300 TND,,7.0,5.0,3.0,1.0,1.0,1.0,1.0,1.0,Villa,Bon état,,,36.876389,10.325278,1.0,,,1.0,1.0,1.0,1.0,1.0,,,,,1.0,,,,,1.0,,,,,,,,,,,,,,
https://www.mubawab.tn/fr/a/7531716/luxueux-duplex-avec-piscine-port-sidi-bou-said,Luxueux Duplex avec piscine Port Sidi Bou Said,Sidi Bousaid à Carthage,7 000 TND,,3.0,2.0,2.0,1.0,,1.0,1.0,1.0,Villa,Nouveau,,,36.8566,10.3258,1.0,,,1.0,1.0,1.0,1.0,1.0,,1.0,,1.0,1.0,,,1.0,1.0,1.0,,1.0,1.0,1.0,,,1.0,,,,,,,
https://www.mubawab.tn/fr/a/8135427/a-louer-villa-au-coeur-de-sidi-bou-said-village,A louer villa au coeur de Sidi Bou Said Village,Sidi Bousaid à Carthage,2 400 TND,,4.0,3.0,3.0,,,,1.0,1.0,Maison,Bon état,,,36.8566,10.3258,1.0,,,1.0,1.0,,,,,,,1.0,,,,,,1.0,,,,,,,1.0,,,,,,,
https://www.mubawab.tn/fr/a/8137975/villa-%C3%A0-louer-pour-l%C3%A9t%C3%A9-%C3%A0-hammamet-sud,Villa à louer pour lété à Hammamet Sud,Hammamet Sud à Hammamet,700 TND,,,4.0,4.0,1.0,1.0,1.0,1.0,1.0,Villa,Bon état,,,36.40108,10.61457,1.0,,,1.0,,1.0,1.0,,,,,,,,1.0,,1.0,,1200 m²,,1.0,1.0,,,,,,,,,,
https://www.mubawab.tn/fr/a/8071930/a-louer-une-villa-meubl%C3%A9e-en-s4-%C3%A0-gammarth-village,A louer une villa meublée en S4 à Gammarth Village,Gammarth Village à La Marsa,5 500 TND Baisse du prix 500 TND,700.0,,4.0,3.0,1.0,1.0,,1.0,1.0,Maison,Nouveau,,,36.876389,10.325278,1.0,,,1.0,1.0,1.0,1.0,,,,,,,,,,1.0,,,1.0,,1.0,,,,,,,,,,
https://www.mubawab.tn/fr/a/8073342/a-louer-un-duplex-en-s3-meubl%C3%A9-%C3%A0-sidi-bousaid,A louer un Duplex en S3 meublé à Sidi Bousaid,Sidi Bousaid à Carthage,3 300 TND,150.0,4.0,3.0,2.0,,1.0,,1.0,1.0,Maison,Nouveau,,,36.8566,10.3258,1.0,,,1.0,,1.0,1.0,,,,,,,,,,1.0,,,1.0,1.0,1.0,,,,,,,,,,
https://www.mubawab.tn/fr/a/8094262/a-louer-une-villa-en-s5-avec-piscine-%C3%A0-gammarth,A louer une villa en S5 avec piscine à Gammarth,Gammarth Supérieur à La Marsa,14 000 TND,1000.0,6.0,5.0,4.0,1.0,,1.0,1.0,1.0,Villa,Nouveau,,,36.876389,10.325278,1.0,,,1.0,1.0,1.0,1.0,,1.0,,,,,,,,1.0,,,1.0,1.0,1.0,,,,,,,,,,
https://www.mubawab.tn/fr/a/8063814/a-louer-une-villa-en-s5-%C3%A0-la-marsa,A louer une villa en S5 à la Marsa,La Marsa à La Marsa,10 000 TND,500.0,5.0,7.0,,,,,1.0,,Maison,Nouveau,,,36.876389,10.325278,1.0,,,1.0,,,,,,,,,,,,,,,,,,,1.0,,,,,,,,,
https://www.mubawab.tn/fr/a/8106083/a-louer-un-duplex-en-s3-%C3%A0-amilcar,A louer un duplex en S3 à Amilcar,Amilcar à Carthage,3 300 TND,180.0,4.0,3.0,2.0,,,,1.0,1.0,Maison,Nouveau,,,36.8566,10.3258,1.0,,,1.0,1.0,,,,1.0,,,,,,,,,,,1.0,,,,,,,,,,,,
https://www.mubawab.tn/fr/a/8134625/a-louer-une-villa-jumel%C3%A9e-en-s5-au-lac-2,A louer une villa jumelée en S5 au Lac 2,Les Berges Du Lac 2 à La Marsa,5 300 TND,250.0,6.0,5.0,3.0,1.0,1.0,,1.0,1.0,Maison,Nouveau,,,36.876389,10.325278,1.0,,,1.0,,,1.0,,1.0,,,,1.0,,,,,,,,,,,,,,,,,,,
https://www.mubawab.tn/fr/a/8072720/a-louer-une-villa-en-s4-meubl%C3%A9e-avec-piscine-%C3%A0-gammarth,A louer une villa en S4 meublée avec piscine à Gammarth,Gammarth à La Marsa,9 000 TND,400.0,6.0,4.0,4.0,1.0,,1.0,1.0,1.0,Maison,Nouveau,,,36.876389,10.325278,1.0,,,1.0,1.0,1.0,1.0,,1.0,,,1.0,1.0,1.0,,,1.0,,1100 m²,1.0,1.0,1.0,,,,,,,,,,
https://www.mubawab.tn/fr/a/8137876/a-louer-une-villa-de-charme-au-lac-2,A louer une villa de charme au Lac 2,Les Berges Du Lac 2 à La Marsa,8 000 TND,200.0,4.0,5.0,,1.0,,1.0,1.0,,Villa,Nouveau,,,36.876389,10.325278,1.0,,,1.0,,,,,1.0,,,,,,,,,,,,,,1.0,,,,,,,,,
https://www.mubawab.tn/fr/a/8137388/etage-de-villa-s3-tulipe-%C3%A0-louer-%C3%A0-salambo,Etage de Villa S3 Tulipe à louer à Salambo,Salambo à Carthage,1 200 TND Baisse du prix 100 TND,120.0,4.0,3.0,,,,,,,Maison,Bon état,,,36.8566,10.3258,,,,,,,,,,,,,,,,,,,,,,,1.0,,,,,,,,,
https://www.mubawab.tn/fr/a/8128384/charmante-villa-s5-%C3%A0-gammarth,Charmante Villa S5 à Gammarth,La Marsa à La Marsa,5 500 TND,500.0,,5.0,,1.0,1.0,1.0,,1.0,Villa,,,,36.8941992,10.2762232,,,,,,,,,1.0,,,,,,,,,,,,,,,,,,,,,,,
https://www.mubawab.tn/fr/a/7865389/a-louer-un-triplex-neuf-aux-jardins-de-carthage,A louer un triplex neuf aux Jardins de Carthage,Les Jardins de Carthage à Le Kram,4 700 TND,300.0,5.0,4.0,4.0,1.0,1.0,,1.0,1.0,Villa,Nouveau,,,36.833333,10.316667,1.0,1.0,,1.0,1.0,,1.0,,1.0,,,1.0,1.0,,,,1.0,,,,,,,1.0,,,,,,,,
https://www.mubawab.tn/fr/a/8135570/villa-avec-piscine-vue-mer-gammarth,Villa avec piscine vue mer Gammarth,Gammarth à La Marsa,8 000 TND,500.0,5.0,8.0,,1.0,,1.0,,1.0,Maison,Nouveau,,,36.876389,10.325278,,,,,,,,,,,,,,,,,,,,,,,1.0,,,,,,,,,
https://www.mubawab.tn/fr/a/8025670/a-louer-villa-meubl%C3%A9e-ou-vide-ac-jardin-et-piscine-%C3%A0-notre-dame,A louer villa meublée ou vide ac jardin et piscine à Notre Dame,Mutuelle Ville à El Menzah,6 500 TND Baisse du prix 500 TND,450.0,6.0,5.0,4.0,1.0,1.0,1.0,1.0,,Villa,Bon état,5-10 ans,Marbre,36.845235,10.164723,1.0,,1.0,1.0,1.0,1.0,1.0,1.0,,1.0,1.0,1.0,1.0,,,1.0,1.0,1.0,,1.0,1.0,1.0,,,,,,,,,,
https://www.mubawab.tn/fr/a/8118496/a-louer-%C3%A9tage-de-villa-s3-au-jardin-de-carthage,A louer étage de villa s3 au jardin de carthage,Les Jardins de Carthage à Le Kram,3 000 TND,160.0,3.0,3.0,,1.0,,,1.0,1.0,Villa,Nouveau,,,36.833333,10.316667,1.0,,,1.0,,,,,,,,,,,,,,,,,,,1.0,,,,,,,,,
https://www.mubawab.tn/fr/a/8002838/villa-de-style-colonial-%C3%A0-la-marsa,Villa de style colonial à la Marsa,La Marsa à La Marsa,5 000 TND,180.0,4.0,3.0,2.0,1.0,1.0,,1.0,1.0,Maison,Bon état,,,36.876389,10.325278,1.0,,,1.0,,1.0,1.0,1.0,,1.0,,,,,,,,,,1.0,1.0,1.0,,,,,,,,,,
https://www.mubawab.tn/fr/a/8103745/%C3%A0-louer-%E2%80%93-villa-de-prestige-%C3%A0-gammarth,À LOUER – Villa de Prestige à Gammarth,Gammarth à La Marsa,7 000 TND Baisse du prix 500 TND,300.0,5.0,3.0,3.0,1.0,1.0,1.0,1.0,1.0,Villa,Bon état,Moins d'un an,Marbre,36.8468986,10.2641808,1.0,,,1.0,1.0,1.0,1.0,1.0,1.0,,1.0,1.0,1.0,1.0,,,1.0,,,,,,,,,,Sud,,,,,
https://www.mubawab.tn/fr/a/8132341/villa-s5-avec-piscine-aux-jardins-de-carthage,Villa S5 avec piscine aux jardins de carthage,Les Jardins de Carthage à Le Kram,8 000 TND,,5.0,4.0,4.0,1.0,1.0,1.0,1.0,1.0,Maison,Nouveau,,,36.833333,10.316667,1.0,1.0,,1.0,,,,,,,,1.0,,,,,,,,,,,,,,,,,,,,
https://www.mubawab.tn/fr/a/8136546/villa-en-s4-a-carthage-byrsa-pour-la-location,Villa en S4 a Carthage Byrsa pour la location,Carthage Byrsa à Carthage,6 500 TND,400.0,5.0,4.0,4.0,1.0,1.0,1.0,1.0,1.0,Villa,Bon état,10-20 ans,Marbre,36.8566,10.3258,1.0,,,1.0,,,1.0,,,,,,1.0,2.0,,,1.0,,500 m²,,,1.0,,,1.0,,Est,,,,,
https://www.mubawab.tn/fr/a/7722300/a-louer-une-villa-a-la-marsa,A louer une villa a la marsa,La Marsa à La Marsa,Prix à consulter,400.0,6.0,5.0,3.0,1.0,1.0,1.0,1.0,,Villa,Bon état,,Marbre,36.83916031218876,10.27520596138379,1.0,,,1.0,,,,,,,,1.0,,,,,,,,,,,,,,,,,,,,
https://www.mubawab.tn/fr/a/7817191/a-louer-une-villa-en-s2-a-carthage,A louer une villa En S2 a Carthage,Carthage à Carthage,Prix à consulter,180.0,3.0,2.0,2.0,1.0,1.0,,1.0,1.0,Maison,Bon état,,,36.8566,10.3258,,1.0,,1.0,,1.0,1.0,,,1.0,,1.0,,,,,1.0,,,1.0,1.0,1.0,,,,,,,,,,
https://www.mubawab.tn/fr/a/8137038/location-belle-villa-s5-cit%C3%A9-wifek,Location belle villa s5 cité wifek,La Marsa à La Marsa,5 800 TND,300.0,6.0,5.0,4.0,1.0,1.0,,1.0,1.0,Villa,Bon état,,,36.8941992,10.2762232,1.0,,,1.0,1.0,,1.0,,,,1.0,1.0,,,,,,,600 m²,,,,,,,,,,,,,
https://www.mubawab.tn/fr/a/8135568/villa-avec-jardin-et-piscine-la-marsa-les-pins,Villa avec jardin et piscine La Marsa Les Pins,La Marsa à La Marsa,6 000 TND,400.0,3.0,4.0,,1.0,1.0,1.0,,1.0,Maison,Nouveau,,,36.876389,10.325278,,,,,,,,,,,,,,,,,,,,,,,1.0,,,,,,,,,
https://www.mubawab.tn/fr/a/8135119/a-louer-une-villa-meubl%C3%A9-aux-jardins-de-l-aouina,A louer une villa meublé aux jardins de l'aouina,Aouina à La Marsa,4 800 TND,300.0,5.0,4.0,3.0,1.0,1.0,1.0,1.0,1.0,Villa,Nouveau,1-5 ans,Marbre,36.876389,10.325278,,,1.0,1.0,1.0,1.0,1.0,1.0,,1.0,1.0,1.0,1.0,1.0,,1.0,1.0,1.0,250 m²,1.0,1.0,1.0,,,,1.0,Est,,,,,
https://www.mubawab.tn/fr/a/8129609/villa-individuelle-en-location,Villa individuelle en location,La Marsa à La Marsa,4 500 TND,300.0,9.0,6.0,3.0,1.0,1.0,,1.0,1.0,Villa,Bon état,,Marbre,36.876389,10.325278,,,,1.0,,,,,,,,,1.0,,,,,,,,,,,,,,,,,,,
https://www.mubawab.tn/fr/a/8129686/rdc-de-villa-en-location,RDC de villa en location,Carthage à Carthage,2 500 TND,130.0,5.0,3.0,2.0,,1.0,,1.0,1.0,Villa,Bon état,,,36.8694317,10.3164051,1.0,,,,,,1.0,,,,,,,,,,,,,1.0,,,,,,,,,,,,
https://www.mubawab.tn/fr/a/8129577/etage-de-villa-en-location,Etage de villa en location,Carthage à Carthage,2 500 TND,180.0,4.0,3.0,,,1.0,,1.0,1.0,Villa,Bon état,,,36.8694317,10.3164051,1.0,,,1.0,,1.0,1.0,,,,,,1.0,,,,,,,1.0,,1.0,1.0,,,,,,,,,
https://www.mubawab.tn/fr/a/8129611/villa-jumel%C3%A9e-en-location,Villa jumelée en location,Sidi Daoued à La Marsa,4 100 TND,250.0,4.0,3.0,,1.0,1.0,,1.0,1.0,Villa,Nouveau,,,36.876389,10.325278,1.0,,,1.0,,,,,,,,1.0,,,,,,,,1.0,,,1.0,,,,,,,,,
https://www.mubawab.tn/fr/a/8085020/villa-individuelle-en-location,Villa individuelle en location,La Marsa à La Marsa,4 800 TND,130.0,,,,1.0,1.0,,1.0,,Villa,,,,36.8941992,10.2762232,1.0,,,1.0,,1.0,1.0,,,,,,,,,,,,,,,1.0,,,,,,,,,,
https://www.mubawab.tn/fr/a/7901283/villa-s5-vue-mer-a-carthage,Villa s5 vue mer a Carthage,Sidi Bousaid à Carthage,7 000 TND,800.0,6.0,5.0,4.0,1.0,1.0,,1.0,1.0,Villa,Bon état,1-5 ans,,36.8566,10.3258,,,,1.0,1.0,,,1.0,,,,1.0,1.0,,,1.0,,1.0,,,,,,,1.0,,,,,,,
https://www.mubawab.tn/fr/a/8105858/etage-de-villa-en-location,Etage de villa en location,Carthage à Carthage,4 400 TND,200.0,4.0,3.0,2.0,1.0,1.0,1.0,1.0,,Villa,Bon état,1-5 ans,Marbre,36.8694317,10.3164051,1.0,,,1.0,,1.0,,,1.0,,,,1.0,,,,,,,1.0,,1.0,,,,,Sud,,,,,
https://www.mubawab.tn/fr/a/8130469/%C3%A0-louer-une-magnifique-villa-s4-%C3%A0-la-soukra,À louer une magnifique villa S4 à la Soukra,La Soukra à La Soukra,8 000 TND,365.0,4.0,4.0,3.0,1.0,1.0,1.0,1.0,1.0,Villa,Nouveau,,,36.883333,10.25,1.0,1.0,,1.0,1.0,,,,,,,1.0,1.0,,,,,,1200 m²,,,,,,,,,,,,,
https://www.mubawab.tn/fr/a/7933146/magnifique-duplex-s2-meubl%C3%A9-%C3%A0-sidi-bou-said,Magnifique duplex S2 meublé à Sidi Bou Said,Carthage,8 000 TND,160.0,,2.0,,1.0,,1.0,,,Villa,,,,36.8566,10.3258,,,,,,,,,,,,,,,,1.0,,,,1.0,,,,,,,,,,,,
https://www.mubawab.tn/fr/a/8093221/une-villa-%C3%A0-louer,Une Villa à Louer,La Soukra à La Soukra,4 000 TND,250.0,4.0,3.0,2.0,1.0,1.0,1.0,1.0,1.0,Villa,Bon état,,,36.883333,10.25,1.0,,,1.0,,,,1.0,,,,1.0,,1.0,,,,,800 m²,,,,,,,,,,,,,
https://www.mubawab.tn/fr/a/8137833/%C3%A0-louer-villa-%C3%A0-usage-bureautique-menzeh-1,À Louer Villa à Usage Bureautique Menzeh 1,El Menzah 1 à El Menzah,4 000 TND,350.0,8.0,7.0,2.0,1.0,1.0,,1.0,1.0,Villa,Bon état,,,36.845235,10.164723,1.0,1.0,,1.0,,,,,,,,1.0,,,,,,,,,,,,,,,,,,,,
https://www.mubawab.tn/fr/a/8070705/villa-s3-avec-piscine-%C3%A0-gammarth,Villa S3 avec piscine à Gammarth,Gammarth à La Marsa,6 500 TND,,4.0,3.0,3.0,1.0,1.0,1.0,1.0,1.0,Villa,Bon état,,Carrelage,36.876389,10.325278,1.0,1.0,,1.0,1.0,1.0,1.0,1.0,1.0,1.0,1.0,1.0,1.0,,,1.0,1.0,1.0,,,1.0,1.0,,,,,,,,,,
https://www.mubawab.tn/fr/a/7601060/triplex-avec-terrasse-vue-sur-mer-%C3%A0-gammarth,Triplex avec terrasse vue sur mer à Gammarth,Gammarth à La Marsa,6 500 TND,,5.0,4.0,4.0,,1.0,1.0,1.0,1.0,Villa,Nouveau,1-5 ans,,36.876389,10.325278,1.0,1.0,,1.0,1.0,1.0,1.0,1.0,,,,1.0,1.0,,,,1.0,1.0,,,,,,1.0,1.0,1.0,,,,,,
https://www.mubawab.tn/fr/a/8095571/bonne-occasion-%C3%A0-louer-%C3%A0-hammamet,Bonne Occasion à louer à Hammamet,Hammamet à Hammamet,Prix à consulter,350.0,6.0,5.0,5.0,1.0,1.0,1.0,1.0,1.0,Villa,Bon état,,,36.40108,10.61457,1.0,,,1.0,,1.0,1.0,,,,,1.0,,,,,,,,1.0,,1.0,,,,,,,,,,
https://www.mubawab.tn/fr/a/7933758/villa-s4-avec-piscine-aux-jardins-de-carthage,Villa S4 avec piscine aux Jardins De Carthage,Les Jardins de Carthage à Le Kram,5 500 TND,,,4.0,2.0,,,1.0,1.0,,Villa,Bon état,,,36.833333,10.316667,1.0,,1.0,1.0,,,1.0,,,,,,,,1.0,,1.0,,,,1.0,1.0,,,,,,,,,,
https://www.mubawab.tn/fr/a/8083006/duplex-s3-avec-piscine-%C3%A0-ain-zaghouan-nord-mdl0569,Duplex S3 avec piscine à Ain Zaghouan Nord MDL0569,Ain Zaghouan Nord à La Marsa,6 000 TND,,,3.0,3.0,,1.0,1.0,1.0,1.0,Villa,Nouveau,,,36.876389,10.325278,1.0,1.0,,1.0,,,,,1.0,,,1.0,,,1.0,,,,,1.0,,,,1.0,,,,,,,,
https://www.mubawab.tn/fr/a/8092047/villa-s5-avec-piscine-%C3%A0-gammarth-zvl1670,Villa S5 avec piscine à Gammarth ZVL1670,Gammarth à La Marsa,10 000 TND,,6.0,5.0,5.0,1.0,1.0,1.0,1.0,1.0,Villa,Bon état,,,36.876389,10.325278,1.0,1.0,,1.0,,,,,1.0,,,,,,,,,,,,,,,,,,,,,,,
https://www.mubawab.tn/fr/a/8124852/villa-s3-meubl%C3%A9e-%C3%A0-kram,Villa S3 meublée à Kram,Le Kram à Le Kram,4 500 TND,,4.0,3.0,2.0,1.0,1.0,,1.0,1.0,Maison,Bon état,,,36.833333,10.316667,1.0,,,1.0,,1.0,1.0,,,,,1.0,,1.0,,,1.0,,,1.0,1.0,1.0,,,,,,,,,,
https://www.mubawab.tn/fr/a/8126691/villa-s5-avec-jardin-%C3%A0-ain-zaghouan-nord,Villa S5 avec jardin à Ain Zaghouan nord,Ain Zaghouan Nord à La Marsa,6 500 TND,,6.0,5.0,3.0,1.0,1.0,1.0,1.0,1.0,Maison,Bon état,,,36.876389,10.325278,1.0,,,1.0,,,,1.0,,,,1.0,,,,,,,,1.0,,,,,,,,,,,,
https://www.mubawab.tn/fr/a/8124860/villa-s3-avec-piscine-%C3%A0-gammarth,Villa S3 avec piscine à Gammarth,Gammarth Supérieur à La Marsa,7 500 TND,,4.0,3.0,3.0,1.0,,1.0,1.0,1.0,Maison,Nouveau,,,36.876389,10.325278,1.0,,,1.0,,,,,1.0,,,1.0,,,,,,,,,,,,,,,,,,,,
https://www.mubawab.tn/fr/a/8128856/villa-s4-avec-piscine-%C3%A0-gammarth,Villa S4 avec piscine à Gammarth,Gammarth à La Marsa,10 000 TND,1200.0,5.0,4.0,4.0,1.0,1.0,1.0,1.0,1.0,Villa,Bon état,1-5 ans,Marbre,36.876389,10.325278,1.0,,,1.0,1.0,1.0,1.0,1.0,1.0,1.0,1.0,1.0,1.0,,,1.0,1.0,1.0,,1.0,1.0,1.0,,,,,,,,,,
https://www.mubawab.tn/fr/a/8127041/villa-s4-avec-jardin-%C3%A0-sidi-bou-said,Villa S4 avec jardin à Sidi Bou Said,Sidi Bousaid à Carthage,6 000 TND,,5.0,4.0,4.0,1.0,1.0,,1.0,1.0,Villa,Bon état,5-10 ans,Carrelage,36.8566,10.3258,1.0,,1.0,1.0,1.0,1.0,1.0,1.0,1.0,1.0,1.0,1.0,1.0,,,1.0,1.0,1.0,,,,1.0,,,,,,,,,,
https://www.mubawab.tn/fr/a/8125825/villa-s3-avec-piscine-%C3%A0-la-marsa,Villa S3 avec piscine à La Marsa,La Marsa à La Marsa,6 500 TND Baisse du prix 500 TND,,4.0,3.0,3.0,1.0,,1.0,1.0,1.0,Villa,Bon état,1-5 ans,Carrelage,36.876389,10.325278,1.0,,1.0,1.0,1.0,1.0,,,1.0,1.0,1.0,1.0,1.0,,,1.0,,1.0,,,,,,,,,,,,,,
https://www.mubawab.tn/fr/a/8130340/villa-s3-moderne-avec-piscine-%C3%A0-gammarth,Villa S3 moderne avec piscine à Gammarth,Gammarth à La Marsa,7 000 TND Baisse du prix 500 TND,,4.0,3.0,3.0,1.0,1.0,1.0,1.0,1.0,Villa,Bon état,,Carrelage,36.876389,10.325278,1.0,,,1.0,1.0,1.0,1.0,,1.0,1.0,1.0,1.0,1.0,,,1.0,,1.0,,,,,,,,,,,,,,
https://www.mubawab.tn/fr/a/8124168/villa-s3-avec-piscine-%C3%A0-la-marsa,Villa S3 avec piscine à La Marsa,La Marsa à La Marsa,6 000 TND,,5.0,4.0,3.0,1.0,1.0,1.0,1.0,1.0,Villa,Bon état,,Marbre,36.876389,10.325278,1.0,,,1.0,1.0,1.0,1.0,,1.0,1.0,1.0,1.0,1.0,1.0,,1.0,1.0,1.0,,,,1.0,,,,,,,,,,
https://www.mubawab.tn/fr/a/8130932/triplex-s4-avec-piscine-au-lac-2,Triplex S4 avec piscine au Lac 2,Les Berges Du Lac 2 à La Marsa,8 000 TND,,5.0,4.0,4.0,1.0,1.0,1.0,1.0,1.0,Villa,Bon état,,Carrelage,36.876389,10.325278,1.0,,,1.0,1.0,1.0,1.0,,1.0,1.0,1.0,1.0,1.0,,,1.0,,1.0,,,,,,,,,,,,,,
https://www.mubawab.tn/fr/a/8034212/duplex-vue-mer-avec-piscine-au-golden-tulip,Duplex vue mer avec piscine au Golden Tulip,Gammarth Supérieur à La Marsa,4 500 TND,160.0,5.0,3.0,2.0,1.0,,1.0,1.0,1.0,Villa,Bon état,,,36.876389,10.325278,,,,1.0,,1.0,1.0,,,,,1.0,,,,,1.0,,,,,1.0,,,1.0,1.0,,,,,,
https://www.mubawab.tn/fr/a/8096218/villa-%C3%A0-louer-s5-%C3%A0-mutuelleville,Villa à louer S5 à Mutuelleville,Mutuelle Ville à El Menzah,6 000 TND,600.0,6.0,5.0,3.0,1.0,1.0,,1.0,,Villa,Bon état,,Marbre,36.845235,10.164723,1.0,1.0,1.0,1.0,,,,1.0,1.0,,1.0,1.0,1.0,3.0,,,,,,,,,,,,,,,,,,
https://www.mubawab.tn/fr/a/8057033/villa-individuelle-en-location,Villa individuelle en location,La Marsa à La Marsa,2 650 TND,280.0,6.0,4.0,2.0,,,,1.0,,Maison,Bon état,,,36.8941992,10.2762232,1.0,,,1.0,,,1.0,,,,,,,,,,,,,,,,,,,,,,,,,
https://www.mubawab.tn/fr/a/8120719/villa-s1-de-plain-pied-%C3%A0-louer-%C3%A0-el-menzah-4,Villa s1 de plain pied à louer à El Menzah 4,El Menzah 4 à El Menzah,1 500 TND,100.0,2.0,,2.0,1.0,1.0,,1.0,1.0,Villa,Bon état,,,36.845235,10.164723,1.0,,,1.0,1.0,1.0,1.0,1.0,,,,1.0,1.0,,,,1.0,,,1.0,,1.0,,,,,,1.0,,,,
https://www.mubawab.tn/fr/a/8043130/duplex-s3-avec-piscine-%C3%A0-la-marsa,Duplex S3 avec piscine à La Marsa,La Marsa à La Marsa,7 500 TND,,4.0,3.0,3.0,1.0,,1.0,1.0,1.0,Villa,Bon état,1-5 ans,Marbre,36.876389,10.325278,1.0,,1.0,1.0,1.0,1.0,1.0,1.0,,1.0,1.0,1.0,1.0,,,1.0,1.0,1.0,,1.0,1.0,1.0,,,,,,,,,,
https://www.mubawab.tn/fr/a/8103190/villa-s4-avec-piscine-%C3%A0-gammarth,Villa S4 avec piscine à Gammarth,Gammarth à La Marsa,5 500 TND,,6.0,4.0,3.0,1.0,1.0,1.0,1.0,1.0,Villa,Bon état,,Carrelage,36.876389,10.325278,1.0,,1.0,1.0,1.0,,,,1.0,1.0,1.0,1.0,1.0,2.0,,1.0,,1.0,,,,,,,,,,,,,,
https://www.mubawab.tn/fr/a/8134149/a-louer-duplex-s4-%C3%A0-gammarth-avec-piscine,A louer Duplex S4 à Gammarth avec Piscine,Gammarth à La Marsa,4 700 TND,300.0,,4.0,2.0,1.0,,1.0,1.0,1.0,Maison,Bon état,,,36.87638900000003,10.325278,1.0,,,1.0,,1.0,1.0,,,,1.0,1.0,,,1.0,,,,,,,,,,1.0,,,,,,,
https://www.mubawab.tn/fr/a/8133931/a-louer-villa-s4-%C3%A0-gammarth-avec-piscine,A louer villa s4 à Gammarth avec piscine,Gammarth Supérieur à La Marsa,7 500 TND,250.0,,4.0,3.0,1.0,,1.0,1.0,1.0,Villa,Nouveau,,,36.87638900000003,10.325278,1.0,,1.0,1.0,1.0,1.0,1.0,,,1.0,1.0,1.0,1.0,,1.0,,1.0,,400 m²,,,1.0,,,,,,,,,,
https://www.mubawab.tn/fr/a/8122481/etage-de-villa-s3-%C3%A0-la-marsa,Etage de villa S3 à la Marsa,La Marsa à La Marsa,2 800 TND,180.0,4.0,3.0,2.0,,,,1.0,1.0,Villa,Bon état,,,36.876389,10.325278,,,,1.0,,,,,1.0,,,1.0,,,,,,,,,,,,,,,,,,,,
https://www.mubawab.tn/fr/a/8107055/villa-s2-meubl%C3%A9e-avec-jardin-%C3%A0-carthage,Villa S2 meublée avec jardin à Carthage,Carthage à Carthage,4 500 TND,,3.0,2.0,3.0,1.0,1.0,,1.0,1.0,Villa,Bon état,,Carrelage,36.8566,10.3258,1.0,,,1.0,1.0,1.0,1.0,,1.0,1.0,1.0,1.0,1.0,,,1.0,1.0,1.0,,1.0,1.0,1.0,,,,,,,,,,
https://www.mubawab.tn/fr/a/8110322/villa-jumel%C3%A9e-de-180m%C2%B2-aux-jardins-de-carthage,Villa jumelée de 180m² aux Jardins de Carthage,Les Jardins de Carthage à Le Kram,3 500 TND,180.0,4.0,3.0,4.0,1.0,1.0,,1.0,,Villa,Bon état,5-10 ans,Marbre,36.833333,10.316667,1.0,,,1.0,,,,1.0,,1.0,1.0,,,3.0,,,,,250 m²,,,,,,,,Sud,,,,,
https://www.mubawab.tn/fr/a/8105141/une-grande-villa-s5-%C3%A0-la-marsa,Une grande villa S5 à La Marsa,La Marsa à La Marsa,8 000 TND,700.0,5.0,4.0,4.0,1.0,1.0,1.0,1.0,1.0,Villa,Bon état,1-5 ans,,36.876389,10.325278,1.0,,,1.0,1.0,,,1.0,1.0,,,1.0,1.0,,,,,,,,,,,,,,,,,,,
https://www.mubawab.tn/fr/a/8104899/une-superbe-villa-s5-meubl%C3%A9-ou-vide-%C3%A0-gammarth,Une Superbe villa S5 meublé ou vide à Gammarth,Gammarth Supérieur à La Marsa,14 000 TND,1200.0,6.0,5.0,5.0,1.0,1.0,1.0,1.0,1.0,Villa,Bon état,10-20 ans,Marbre,36.876389,10.325278,1.0,1.0,1.0,1.0,1.0,,1.0,1.0,,,,1.0,1.0,,,,,1.0,700 m²,,,1.0,,,,1.0,,,,,,
https://www.mubawab.tn/fr/a/8102304/a-louer-une-villa-s4-%C3%A0-la-marsa,A Louer une Villa s4 à la Marsa,La Marsa à La Marsa,3 500 TND,300.0,4.0,4.0,,1.0,1.0,,1.0,,Maison,Nouveau,,,36.876389,10.325278,1.0,,,1.0,,,,,,,,,,,,,,,,,,,1.0,,,,,,,,,
https://www.mubawab.tn/fr/a/8131276/a-louer-une-villa-avec-jardin-%C3%A0-gammarth,A Louer une villa avec jardin à Gammarth,Gammarth à La Marsa,5 000 TND,350.0,3.0,3.0,,1.0,,,,,Maison,Nouveau,,,36.876389,10.325278,1.0,,,,,,,,,,,,,,,,,,,,,,1.0,,1.0,,,,,,,
https://www.mubawab.tn/fr/a/8131279/a-louer-un-duplex-en-s3-avec-piscine-et-une-vue-su,A Louer un Duplex en s3 avec piscine et une vue su,Gammarth à La Marsa,4 600 TND,300.0,3.0,3.0,,,,1.0,,,Maison,Nouveau,,,36.876389,10.325278,1.0,,,,,,,,,,,,,,,,,,,,,,1.0,,1.0,,,,,,,
https://www.mubawab.tn/fr/a/8132349/villa-s3-avec-piscine-et-vue-mer-%C3%A0-gammarth,Villa S3 avec piscine et vue mer à gammarth,Gammarth à La Marsa,4 500 TND,,4.0,3.0,2.0,1.0,1.0,1.0,1.0,1.0,Maison,Bon état,,,36.876389,10.325278,1.0,1.0,,1.0,,,,,,,,1.0,,,,,,,,,,,,,1.0,,,,,,,
https://www.mubawab.tn/fr/a/8137462/triplex-s3-avec-piscine-%C3%A0-gammarth-mtrl0097,Triplex s3 avec piscine à gammarth MTRL0097,Gammarth à La Marsa,6 500 TND,,5.0,3.0,4.0,1.0,1.0,1.0,1.0,1.0,Maison,Nouveau,,,36.876389,10.325278,1.0,,,,,,1.0,,1.0,,,,,3.0,,,1.0,,,1.0,,1.0,,1.0,1.0,,,,,,,
https://www.mubawab.tn/fr/a/8010492/duplex-s5-aux-jardins-de-carthage-mal2892,Duplex S5 aux Jardins de Carthage MAL2892,Les Jardins de Carthage à Le Kram,5 500 TND,450.0,,5.0,3.0,1.0,1.0,,1.0,1.0,Villa,Bon état,,,36.833333,10.316667,1.0,,,1.0,,,,,1.0,,,,1.0,,1.0,,,,,1.0,,,,,,,,,,,,
https://www.mubawab.tn/fr/a/8126664/duplex-s6-avec-jardin-%C3%A0-la-marsa,Duplex S6 avec jardin à la Marsa,La Marsa à La Marsa,3 200 TND,,7.0,6.0,3.0,1.0,1.0,,1.0,1.0,Maison,Bon état,,,36.876389,10.325278,1.0,,,1.0,,,,,1.0,,,,,,,,,,,1.0,,,,,,,,,,,,
https://www.mubawab.tn/fr/a/8130348/maison-%C3%A0-louer-%C3%A0-l-ann%C3%A9e-%C3%A0-hammamet-saber,Maison à louer à l'année à Hammamet Saber,Hammamet à Hammamet,2 500 TND,300.0,5.0,4.0,3.0,,1.0,,1.0,1.0,Maison,Bon état,,,36.40108,10.61457,1.0,,,1.0,,1.0,1.0,,,,,,1.0,,,,1.0,,,1.0,1.0,1.0,,,,,,,,,,
https://www.mubawab.tn/fr/a/8121848/villa-meubl%C3%A9e-%C3%A0-la-marsa-route-express-de-gammarth,Villa meublée à La Marsa route express de Gammarth,La Marsa à La Marsa,4 000 TND,350.0,4.0,3.0,2.0,1.0,1.0,1.0,1.0,1.0,Villa,Bon état,,,36.876389,10.325278,1.0,,,1.0,1.0,1.0,1.0,,1.0,1.0,1.0,1.0,1.0,2.0,,1.0,1.0,1.0,,1.0,1.0,1.0,,,,,,,,,,
https://www.mubawab.tn/fr/a/7576302/demeure-de-charme-%C3%A0-la-location-%C3%A0-sidi-bou-said,Demeure De Charme À La Location à Sidi Bou Said,La Marsa à La Marsa,6 400 TND,,5.0,3.0,4.0,,,,1.0,1.0,Villa,Bon état,,,36.876389,10.325278,1.0,,,1.0,1.0,1.0,1.0,1.0,,,,1.0,1.0,,,,1.0,1.0,,,,1.0,,,1.0,1.0,,,,,,
https://www.mubawab.tn/fr/a/8104085/a-louer-villa-avec-piscine-%C3%A1-la-marsa,A louer villa avec piscine á la Marsa,La Marsa à La Marsa,8 000 TND,,6.0,5.0,4.0,1.0,1.0,1.0,1.0,1.0,Villa,Bon état,,,36.87638899999999,10.325278,1.0,,,1.0,1.0,1.0,1.0,1.0,,,,1.0,1.0,,,,1.0,1.0,,,,,,,,,,,,,,
https://www.mubawab.tn/fr/a/8098163/a-louer-villa-avec-piscine-%C3%A1-carthage,A louer villa avec piscine á Carthage,Carthage à Carthage,11 300 TND,,5.0,4.0,3.0,1.0,1.0,1.0,1.0,1.0,Villa,Bon état,,,36.8566,10.3258,1.0,1.0,,1.0,1.0,1.0,1.0,1.0,,,,1.0,1.0,,,,1.0,1.0,,,,,,,,,,,,,,
https://www.mubawab.tn/fr/a/8132438/%C3%A0-louer-villa-avec-jardin,À louer villa avec jardin,La Marsa à La Marsa,6 000 TND,,5.0,3.0,2.0,1.0,1.0,,1.0,1.0,Villa,Bon état,,,36.8941992,10.2762232,1.0,,,1.0,1.0,1.0,1.0,1.0,,,,1.0,1.0,,,,1.0,1.0,,,,1.0,,,,,,,,,,
https://www.mubawab.tn/fr/a/8004767/villa-s4-avec-jardin-%C3%A0-carthage,Villa S4 avec jardin à Carthage,Carthage à Carthage,5 500 TND Baisse du prix 500 TND,300.0,5.0,4.0,3.0,1.0,1.0,,1.0,1.0,Villa,Bon état,,,36.8566,10.3258,,,,1.0,1.0,,1.0,1.0,,,1.0,,,,,,,,,,,,,,,,,,,,,
https://www.mubawab.tn/fr/a/8134103/villa-%C3%A0-la-marsa,Villa à La Marsa,La Marsa à La Marsa,4 500 TND,300.0,6.0,5.0,4.0,1.0,1.0,1.0,1.0,1.0,Villa,Bon état,,,36.876389,10.325278,1.0,,,1.0,1.0,,1.0,1.0,1.0,,1.0,,,,,,,,,,,,,,,,,,,,,
https://www.mubawab.tn/fr/a/8132435/duplex-s4-%C3%A0-la-marsa,Duplex S4 à La Marsa,La Marsa à La Marsa,2 400 TND,220.0,5.0,4.0,2.0,1.0,,,1.0,1.0,Maison,Bon état,,,36.876389,10.325278,1.0,1.0,,1.0,1.0,,1.0,,,,1.0,,1.0,2.0,,,,,,,,,,,,,,,,,,
https://www.mubawab.tn/fr/a/8137069/villa-s2-meubl%C3%A9-avec-piscine-%C3%A0-carthage,Villa S2 Meublé Avec Piscine à Carthage,Carthage à Carthage,8 000 TND,300.0,3.0,2.0,3.0,1.0,1.0,1.0,1.0,1.0,Villa,Nouveau,,,36.8566,10.3258,1.0,,,1.0,1.0,1.0,1.0,1.0,,1.0,1.0,1.0,1.0,,,1.0,1.0,1.0,,1.0,1.0,1.0,,1.0,1.0,,,,,,,
https://www.mubawab.tn/fr/a/8065439/un-rdc-de-villa-meubl%C3%A9-pour-la-location,Un rdc de villa meublé pour la location,Sousse Ville à Sousse Ville,2 000 TND,150.0,4.0,3.0,2.0,,,,1.0,1.0,Villa,Bon état,1-5 ans,,35.8273,10.6339,1.0,,,1.0,,1.0,1.0,,,,1.0,,,,,,1.0,,150 m²,1.0,1.0,1.0,,,,,,,,,,
https://www.mubawab.tn/fr/a/8130362/villa-s3-avec-piscine-%C3%A0-gammarth,Villa S3 avec piscine à Gammarth,Gammarth à La Marsa,7 500 TND,,4.0,3.0,3.0,1.0,1.0,1.0,1.0,1.0,Villa,Nouveau,,Carrelage,36.876389,10.325278,1.0,1.0,,1.0,1.0,1.0,,,1.0,1.0,1.0,1.0,1.0,,,1.0,,1.0,,,,,,,,1.0,,,,,,
https://www.mubawab.tn/fr/a/8137071/villa-avec-piscine-%C3%A0-la-marsa-proche-de-la-mer,Villa avec piscine à la Marsa proche de la mer,La Marsa à La Marsa,9 000 TND,,8.0,4.0,3.0,1.0,1.0,1.0,1.0,1.0,Villa,Bon état,,,36.8941992,10.2762232,1.0,1.0,,1.0,1.0,1.0,1.0,1.0,1.0,,,1.0,1.0,,,,1.0,1.0,,,,1.0,,,,,,,,,,
https://www.mubawab.tn/fr/a/8137722/une-villa-jumel%C3%A9e-s4-avec-jardin-%C3%A0-louer-%C3%A0-la-soukra,Une Villa jumelée S4 avec jardin à louer à La Soukra,Chotrana 2 à La Soukra,3 000 TND,250.0,5.0,4.0,2.0,1.0,1.0,,,1.0,Maison,Bon état,,,36.896544,10.217961,1.0,,,,,,,,,,,,,,,,,,,,,,,,,,,,,,,
https://www.mubawab.tn/fr/a/8125875/a-louer-une-villa-de-charme-%C3%A0-gammarth,A Louer une villa de charme à Gammarth,Gammarth Supérieur à La Marsa,7 500 TND,1000.0,5.0,5.0,,1.0,,1.0,,1.0,Villa,Nouveau,,,36.876389,10.325278,,,,,,,,,,,,,,,,,,,,,,,1.0,,,,,,,,,
https://www.mubawab.tn/fr/a/8114872/location-villa-meubl%C3%A9e-ou-vide-a-carthage-hannibal,Location villa meublée ou vide a carthage hannibal,Carthage à Carthage,5 000 TND,500.0,3.0,2.0,4.0,1.0,1.0,,,1.0,Maison,Bon état,5-10 ans,Marbre,36.8566,10.3258,1.0,,,,,,,,,,,,,2.0,,,,,300 m²,,,,,,,,,,,,,
https://www.mubawab.tn/fr/a/8133114/villa-s5-avec-piscine-%C3%A0-carthage,Villa S5 avec piscine à carthage,Carthage à Carthage,9 000 TND,,6.0,5.0,4.0,1.0,1.0,1.0,1.0,1.0,Villa,Bon état,,,36.8566,10.3258,1.0,,,1.0,,,,,,,,1.0,,,,,,,,,,,,,1.0,,,,,,,
https://www.mubawab.tn/fr/a/8057482/location-villa-la-rose-s3-hammamet-centre,Location Villa La Rose S3 Hammamet centre,Hammamet à Hammamet,1 800 TND,300.0,4.0,3.0,2.0,1.0,,,1.0,1.0,Villa,Bon état,,,36.40108,10.61457,1.0,,,,,,,,,,,,,,,,,,,1.0,,,,,,,,,,,,
https://www.mubawab.tn/fr/a/8128380/magnifique-villa-s3-%C3%A0-gammarth,Magnifique Villa S3 à Gammarth,La Marsa à La Marsa,7 500 TND,600.0,,3.0,,1.0,,1.0,,1.0,Villa,,,,36.8941992,10.2762232,1.0,,,,,,,,,,,,,,,,,,,,,,,,,,,,,,,
https://www.mubawab.tn/fr/a/8128561/duplex-s3-meubl%C3%A9-avec-vue-mer-au-golden-tulip,Duplex S3 Meublé avec Vue Mer au Golden Tulip,Gammarth Supérieur à La Marsa,4 500 TND,200.0,5.0,3.0,2.0,1.0,,1.0,1.0,1.0,Maison,Bon état,,,36.876389,10.325278,1.0,,,1.0,,1.0,1.0,1.0,,1.0,,1.0,,1.0,,,1.0,1.0,,1.0,1.0,1.0,,,1.0,1.0,,,,,,
https://www.mubawab.tn/fr/a/8125402/villa-%C3%A0-louer,Villa à louer,El Kantaoui à Hammam Sousse,5 000 TND,500.0,11.0,4.0,5.0,1.0,1.0,,1.0,1.0,Villa,Bon état,,,35.8569,10.5972,1.0,,,1.0,,1.0,1.0,,1.0,,,,,,,,1.0,,,1.0,1.0,1.0,,,,,,,,,,
https://www.mubawab.tn/fr/a/8126250/villa-s5-avec-piscine-et-jardin-%C3%A0-louer-%C3%A0-gammarth,Villa S5 avec piscine et jardin à louer à Gammarth,Gammarth à La Marsa,8 000 TND,450.0,6.0,5.0,3.0,1.0,1.0,1.0,1.0,1.0,Villa,Bon état,,,36.876389,10.325278,1.0,,,1.0,1.0,,1.0,,,,,1.0,1.0,,,,,,,,,,,,,,,,,,,
https://www.mubawab.tn/fr/a/8126301/villa-s4-avec-piscine-jardin-%C3%A0-louer-%C3%A0-la-soukra,Villa S4 avec piscine&jardin à louer à la Soukra,La Soukra à La Soukra,6 000 TND,800.0,7.0,6.0,4.0,1.0,1.0,1.0,1.0,1.0,Villa,Bon état,,,36.883333,10.25,1.0,,,1.0,1.0,,1.0,,,,,1.0,1.0,,,,,,,,,,,,,,,,,,,
https://www.mubawab.tn/fr/a/8126698/une-villa-s3-%C3%A0-la-soukra,Une villa s3 à la soukra,La Soukra à La Soukra,1 800 TND,200.0,4.0,3.0,2.0,1.0,1.0,1.0,1.0,1.0,Villa,Bon état,,,36.883333,10.25,1.0,,,1.0,1.0,,,,1.0,,1.0,1.0,,,,1.0,,,,,,,,,,,,,,,,
https://www.mubawab.tn/fr/a/8080911/une-villa-s5-%C3%A0-sidi-bou-sa%C3%AFd,Une villa S5 à Sidi Bou Saïd,Sidi Bousaid à Carthage,6 000 TND,480.0,6.0,5.0,,1.0,1.0,1.0,1.0,1.0,Villa,Bon état,,,36.8566,10.3258,1.0,,,1.0,1.0,,,,1.0,,,,,,,1.0,,1.0,,,,,1.0,,,,,,,,,
https://www.mubawab.tn/fr/a/8118546/villa-le-radisson-piscine-et-vue-mer,Villa Le Radisson piscine et vue mer,Hammamet Nord à Hammamet,4 500 TND,250.0,7.0,5.0,3.0,1.0,1.0,1.0,1.0,1.0,Villa,Bon état,10-20 ans,Marbre,36.40108,10.61457,1.0,,,1.0,1.0,1.0,1.0,1.0,,,,1.0,,,,,1.0,1.0,400 m²,1.0,,1.0,,,1.0,,,,,,,
https://www.mubawab.tn/fr/a/7904288/a-louer-villa-meubl%C3%A9e-%C3%A0-la-marsa,A louer villa meublée à la Marsa,La Marsa à La Marsa,Prix à consulter,300.0,3.0,3.0,3.0,1.0,1.0,1.0,1.0,1.0,Villa,Nouveau,Moins d'un an,Parquet,36.8941992,10.276223200000002,1.0,,1.0,1.0,1.0,1.0,1.0,1.0,,1.0,1.0,1.0,1.0,,,1.0,1.0,,,1.0,1.0,1.0,,,,1.0,Est,,,,,
https://www.mubawab.tn/fr/a/8029157/%C3%A0-louer-villa-s5-haut-standing-%C3%A0-gammarth,À louer villa S5 haut standing à Gammarth,Gammarth à La Marsa,6 300 TND,400.0,5.0,5.0,4.0,1.0,1.0,1.0,1.0,1.0,Villa,Nouveau,Moins d'un an,Marbre,36.91773899999996,10.288892999999996,1.0,,,1.0,1.0,1.0,1.0,1.0,,1.0,1.0,1.0,1.0,,,,1.0,1.0,500 m²,,1.0,1.0,,,,,Est,,,,,
https://www.mubawab.tn/fr/a/7939439/a-louer-joli-villa-de-ma%C3%AEtre-%C3%A0-gammarth-sup%C3%A9rieur,A louer joli villa de maître à Gammarth supérieur,Gammarth Supérieur à La Marsa,7 500 TND,600.0,5.0,4.0,4.0,1.0,1.0,1.0,1.0,,Villa,Nouveau,1-5 ans,Marbre,36.89317870000004,10.309939399999974,1.0,1.0,1.0,1.0,1.0,,,1.0,,1.0,1.0,,1.0,,,,,,1500 m²,,,,,,1.0,1.0,Est,,,,,
https://www.mubawab.tn/fr/a/8101277/a-louer-villa-avec-piscine-et-vue-sur-mer,A louer villa avec piscine et vue sur mer,Gammarth à La Marsa,11 800 TND,,5.0,4.0,4.0,1.0,1.0,1.0,1.0,1.0,Villa,Bon état,,,36.876389,10.325278,1.0,1.0,,1.0,1.0,1.0,1.0,1.0,1.0,,,1.0,1.0,,,,1.0,1.0,,,,1.0,,,1.0,,,,,,,
https://www.mubawab.tn/fr/a/7827455/a-louer-une-tr%C3%A8s-belle-villa-avec-piscine,A louer une très belle villa avec piscine,Carthage à Carthage,9 000 TND,,5.0,3.0,3.0,1.0,,1.0,1.0,1.0,Villa,Bon état,,,36.856600000000014,10.325799999999996,1.0,,1.0,1.0,,1.0,1.0,,,1.0,,1.0,1.0,,,,1.0,1.0,,,,,,,,,,,,,,
https://www.mubawab.tn/fr/a/8109125/a-louer-villa-avec-piscine-la-marsa,A louer Villa avec Piscine La Marsa,La Marsa à La Marsa,10 000 TND,,7.0,5.0,3.0,1.0,1.0,1.0,1.0,1.0,Villa,Bon état,,,36.87638899999999,10.325278,1.0,1.0,,1.0,1.0,1.0,1.0,1.0,,,,1.0,1.0,,,,1.0,1.0,,,,1.0,,,,,,,,,,
https://www.mubawab.tn/fr/a/7965993/a-louer-un-appartement-meubl%C3%A9-avec-jardin,A Louer un appartement meublé avec jardin,La Marsa à La Marsa,2 700 TND,,3.0,2.0,2.0,1.0,1.0,,1.0,1.0,Villa,Bon état,,,36.87638899999999,10.325278,1.0,,,1.0,1.0,1.0,1.0,,,,,1.0,1.0,,,1.0,1.0,1.0,,1.0,1.0,1.0,,,,,,,,,,
https://www.mubawab.tn/fr/a/8110324/a-louer-une-villa-avec-vue-sur-mer-%C3%A1-la-marsa,A louer une villa avec vue sur mer á la Marsa,La Marsa à La Marsa,9 000 TND,,6.0,5.0,4.0,1.0,1.0,,1.0,1.0,Villa,Bon état,,,36.876389,10.325278,1.0,,,1.0,1.0,1.0,1.0,1.0,,,,1.0,1.0,,,,1.0,1.0,,,,,,,1.0,1.0,,,,,,
https://www.mubawab.tn/fr/a/7959774/a-louer-villa-avec-piscine-%C3%A1-gammarth,A louer villa avec piscine á Gammarth,Gammarth à La Marsa,6 500 TND,,7.0,4.0,4.0,1.0,1.0,1.0,1.0,1.0,Villa,Bon état,,,36.876389,10.325278,1.0,,,1.0,1.0,1.0,1.0,1.0,,,,1.0,1.0,,,,1.0,1.0,,,,1.0,,,1.0,1.0,,,,,,
https://www.mubawab.tn/fr/a/8131585/a-louer-villa-avec-vue-sur-mer-%C3%A1-carthage,A louer villa avec vue sur mer á Carthage,Carthage à Carthage,6 000 TND,,5.0,4.0,3.0,1.0,1.0,,1.0,1.0,Villa,Bon état,,,36.8566,10.3258,1.0,,,1.0,1.0,1.0,1.0,1.0,,,,1.0,1.0,,,,1.0,1.0,,,,,,,1.0,1.0,,,,,,
https://www.mubawab.tn/fr/a/8136603/%C3%A0-louer-duplex-meubl%C3%A9-avec-vue-sur-mer,À louer duplex meublé avec vue sur mer,Gammarth à La Marsa,5 000 TND,,5.0,3.0,2.0,1.0,,,1.0,1.0,Villa,Bon état,,,36.917739,10.288893,1.0,,,1.0,,1.0,1.0,,,,,1.0,1.0,,,,1.0,1.0,,1.0,1.0,1.0,,,1.0,,,,,,,
https://www.mubawab.tn/fr/a/8136624/%C3%A0-louer-villa-avec-jardin-%C3%A0-carthage,À louer villa avec jardin à Carthage,Carthage à Carthage,5 500 TND,,6.0,4.0,3.0,1.0,1.0,,1.0,1.0,Villa,Bon état,,,36.8694317,10.3164051,1.0,,,1.0,1.0,1.0,1.0,1.0,,,,1.0,1.0,,,,1.0,1.0,,,,,,,1.0,,,,,,,
https://www.mubawab.tn/fr/a/8046753/duplex-%C3%A0-louer-a-gammarth,Duplex à Louer a Gammarth,Gammarth à La Marsa,5 300 TND,,7.0,2.0,2.0,1.0,1.0,1.0,1.0,1.0,Villa,Bon état,1-5 ans,Marbre,36.876389,10.325278,1.0,,,1.0,1.0,1.0,1.0,,1.0,1.0,1.0,1.0,1.0,,,1.0,1.0,1.0,,1.0,,,,1.0,,,,,,,,
https://www.mubawab.tn/fr/a/8041440/a-louer-villa-meubl%C3%A9e-avec-piscine-%C3%A0-la-marsa,A louer villa meublée avec piscine à la marsa,La Marsa à La Marsa,8 000 TND,,5.0,3.0,3.0,1.0,1.0,1.0,1.0,1.0,Villa,Bon état,,,36.87638900000003,10.325278,1.0,,1.0,1.0,1.0,1.0,1.0,,,1.0,,1.0,1.0,,,1.0,1.0,1.0,,1.0,1.0,1.0,,,,,,,,,,
https://www.mubawab.tn/fr/a/7655354/a-louer-villa-meubl%C3%A9-avec-gammarth,A Louer Villa Meublé avec Gammarth,Gammarth à La Marsa,10 000 TND,,5.0,3.0,3.0,1.0,1.0,1.0,1.0,1.0,Villa,Bon état,,,36.876389,10.325278,1.0,1.0,,1.0,1.0,1.0,1.0,1.0,,,,1.0,1.0,,,,1.0,1.0,,1.0,1.0,1.0,,,,,,,,,,
https://www.mubawab.tn/fr/a/7882437/a-louer-villa-avec-piscine-gammarth,A Louer Villa Avec Piscine Gammarth,Gammarth à La Marsa,7 500 TND,,6.0,4.0,3.0,1.0,1.0,1.0,1.0,1.0,Villa,Nouveau,,,36.876389,10.325278,1.0,1.0,,1.0,1.0,1.0,1.0,1.0,,,,1.0,1.0,,,,1.0,1.0,,,,1.0,,,1.0,,,,,,,
https://www.mubawab.tn/fr/a/8128485/a-louer-villa-avec-jardin-%C3%A1-carthage,A louer villa avec jardin á Carthage,Carthage à Carthage,5 500 TND,,4.0,2.0,2.0,1.0,,,1.0,1.0,Villa,Bon état,,,36.8566,10.3258,1.0,,,1.0,1.0,1.0,1.0,1.0,,,,1.0,1.0,,,,1.0,1.0,,,,1.0,,,1.0,,,,,,,
https://www.mubawab.tn/fr/a/7920192/a-louer-duplex-avec-jardin,A louer duplex avec jardin,Sidi Daoued à La Marsa,3 600 TND,,4.0,3.0,2.0,1.0,1.0,,1.0,1.0,Maison,Bon état,,,36.876389,10.325278,1.0,1.0,1.0,1.0,1.0,1.0,1.0,1.0,,,,1.0,1.0,,,,1.0,1.0,,,,,,,,,,,,,,
https://www.mubawab.tn/fr/a/7869904/a-louer-magnifique-villa-avec-vue-mer-et-piscine,A louer magnifique villa avec vue mer et piscine,Carthage à Carthage,Prix à consulter,,8.0,6.0,5.0,1.0,1.0,1.0,1.0,1.0,Villa,Bon état,,,36.8566,10.3258,1.0,1.0,,1.0,1.0,1.0,1.0,1.0,,,,1.0,1.0,,,,1.0,1.0,,,,1.0,,,1.0,1.0,,,,,,
https://www.mubawab.tn/fr/a/7563193/superbe-villa-s5-avec-piscine-%C3%A0-louer-%C3%A0-la-soukra,Superbe Villa S5 Avec Piscine à louer à la Soukra,La Soukra à La Soukra,5 500 TND,400.0,6.0,5.0,5.0,1.0,1.0,1.0,,1.0,Maison,Bon état,,,36.88833,10.27417,1.0,,,,,,,,,,,,,,,,,,,,,,,,,,,,,,,
https://www.mubawab.tn/fr/a/8128432/une-splendide-villa-avec-piscine-%C3%A0-louer-%C3%A0-la-soukra,Une Splendide Villa avec piscine à louer à La Soukra,La Soukra à La Soukra,Prix à consulter,1200.0,,5.0,,1.0,1.0,1.0,,1.0,Maison,,,,36.88833,10.27417,1.0,1.0,1.0,,,,,,,,,1.0,,,,,,,,,,,,,,,,,,,,
https://www.mubawab.tn/fr/a/8113457/%C3%A0-louer-villa-s5-%C3%A0-gammarth-sup%C3%A9rieur,À louer villa s5 à gammarth supérieur,Gammarth Supérieur à La Marsa,10 000 TND,500.0,6.0,5.0,4.0,1.0,1.0,1.0,1.0,1.0,Villa,Bon état,5-10 ans,Marbre,36.89317869999999,10.3099394,1.0,,,1.0,1.0,,,,,,,,1.0,2.0,,,,,1000 m²,,,,,,,,,,,,,
https://www.mubawab.tn/fr/a/8134099/villa-%C3%A0-louer-la-marsa,Villa à louer La Marsa,Sidi Daoued à La Marsa,4 000 TND,350.0,6.0,4.0,2.0,,1.0,,1.0,1.0,Maison,Nouveau,,,36.876389,10.325278,1.0,,,1.0,1.0,,1.0,,,,,,1.0,,,,,,,1.0,,,,,,,,,,,,
https://www.mubawab.tn/fr/a/8107637/a-louer-villa-s4-%C3%A0-carthage,A louer villa S4 à Carthage,Carthage à Carthage,7 500 TND,350.0,,4.0,4.0,1.0,1.0,,1.0,1.0,Villa,Bon état,,,36.85651415432552,10.33176523284907,1.0,,,1.0,1.0,1.0,1.0,1.0,,1.0,1.0,1.0,1.0,,1.0,,1.0,,500 m²,1.0,1.0,1.0,,,1.0,1.0,,,,,,
https://www.mubawab.tn/fr/a/8124574/a-louer-villa-s4-%C3%A0-gammarth-avec-piscine,A louer villa S4 à Gammarth avec piscine,Gammarth Supérieur à La Marsa,Prix à consulter,600.0,4.0,4.0,,1.0,,1.0,,1.0,Villa,Nouveau,,,36.876389,10.325278,1.0,,,,,,,,,,,,,,,,,,,,,,1.0,,,,,,,,,
https://www.mubawab.tn/fr/a/8130292/villa-avec-piscine-%C3%A0-gammarth,Villa avec piscine à Gammarth,Gammarth à La Marsa,7 000 TND,,2.0,3.0,4.0,1.0,1.0,1.0,1.0,1.0,Villa,Bon état,,,36.876389,10.325278,1.0,,,1.0,1.0,1.0,1.0,1.0,1.0,,,1.0,1.0,1.0,,,1.0,,,,,,,,,,Sud,,,,,
https://www.mubawab.tn/fr/a/8132988/villa-avec-piscine-%C3%A0-la-marsa,Villa avec piscine à La Marsa,La Marsa à La Marsa,6 000 TND,,2.0,3.0,3.0,1.0,1.0,1.0,1.0,1.0,Villa,Bon état,,,36.876389,10.325278,1.0,,,1.0,1.0,,1.0,,,,,1.0,1.0,,,,1.0,,,,,,,,,,,,,,,
https://www.mubawab.tn/fr/a/8089206/magnifique-villa-%C3%A0-louer-%C3%A0-gammarth-sup%C3%A9rieur-superficie-550-m%C2%B2-environnement-calme-avec-vue-montagne-double-vitrage,"Magnifique villa à louer à Gammarth Supérieur. Superficie 550 m². Environnement calme avec vue montagne, double vitrage",Gammarth Supérieur à La Marsa,9 000 TND,550.0,,6.0,5.0,1.0,1.0,1.0,1.0,1.0,Villa,Bon état,20-30 ans,Marbre,36.8931787,10.3099394,1.0,1.0,1.0,1.0,1.0,1.0,1.0,1.0,1.0,1.0,1.0,1.0,1.0,2.0,,1.0,1.0,1.0,350 m²,1.0,,,,1.0,1.0,1.0,Nord,,,,,
https://www.mubawab.tn/fr/a/7871712/villa-de-luxe-%C3%A0-louer-%C3%A0-gammarth-4-chambres-meubl%C3%A9,Villa de luxe à louer à Gammarth. 4 chambres. Meublé,Gammarth à La Marsa,2 500 TND,540.0,,4.0,2.0,1.0,1.0,,,,Villa,Bon état,10-20 ans,Marbre,36.917739,10.288893,1.0,,1.0,1.0,1.0,,1.0,1.0,,1.0,1.0,1.0,1.0,,,,1.0,1.0,,1.0,1.0,,,,,1.0,Est,,,,,
https://www.mubawab.tn/fr/a/8113639/propri%C3%A9t%C3%A9-%C3%A0-louer-%C3%A0-cit%C3%A9-el-ahmadi-2-belles-chambres-double-vitrage-et-porte-blind%C3%A9e,Propriété à louer à Cité El Ahmadi. 2 belles chambres. Double vitrage et porte blindée,Cité El Ahmadi à La Marsa,2 000 TND,150.0,,2.0,,1.0,,,,1.0,Maison,Nouveau,1-5 ans,Marbre,36.876389,10.325278,1.0,,,1.0,1.0,,1.0,1.0,,1.0,1.0,,1.0,1.0,,1.0,,1.0,150 m²,1.0,,,1.0,,,,Est,,,,,
https://www.mubawab.tn/fr/a/8023600/villa-s4-avec-piscine-%C3%A0-gammarth,Villa S4 avec piscine à Gammarth,Gammarth à La Marsa,5 500 TND,,5.0,4.0,3.0,1.0,1.0,1.0,1.0,1.0,Villa,Bon état,1-5 ans,Carrelage,36.876389,10.325278,1.0,,,1.0,1.0,1.0,1.0,1.0,,1.0,1.0,1.0,1.0,,,1.0,1.0,1.0,,,1.0,1.0,,,,,,,,,,
https://www.mubawab.tn/fr/a/7591711/vacances-villa-aline-s3,Vacances Villa Aline S3,Nabeul à Nabeul,5 600 TND,300.0,5.0,3.0,2.0,1.0,1.0,1.0,1.0,1.0,Villa,Nouveau,,,36.45056,10.73505,1.0,,,1.0,1.0,1.0,1.0,,,1.0,,1.0,1.0,,,,1.0,,,,1.0,1.0,,,1.0,,,,,,,
https://www.mubawab.tn/fr/a/8133757/%C3%A0-louer-villa-s4-avec-piscine-et-jardin-%C3%A0-gammarth,À louer Villa S4 avec piscine et jardin à Gammarth,Gammarth Village à La Marsa,3 500 TND,300.0,5.0,4.0,4.0,1.0,1.0,1.0,1.0,1.0,Villa,Nouveau,,,36.876389,10.325278,1.0,,,,,,1.0,,1.0,,,,,,,,,,,,,,,,,,,,,,,
https://www.mubawab.tn/fr/a/8131554/%C3%A0-louer-villa-semi-meubl%C3%A9e-%C3%A0-sidi-daoued,À louer villa semi meublée à Sidi Daoued,Sidi Daoued à La Marsa,4 500 TND,450.0,4.0,4.0,,1.0,1.0,,1.0,1.0,Maison,Nouveau,,,36.876389,10.325278,,,,1.0,,,,,1.0,,,,,,,,,,,1.0,,1.0,1.0,,,,,,,,,
https://www.mubawab.tn/fr/a/8128121/a-louer-une-villa-meubl%C3%A9e-%C3%A0-la-marsa,A louer une villa meublée à La Marsa,La Marsa à La Marsa,4 000 TND,450.0,5.0,3.0,2.0,1.0,1.0,,1.0,1.0,Villa,Bon état,,,36.876389,10.325278,1.0,,,1.0,,1.0,1.0,,,,,1.0,,,,,,,160 m²,1.0,1.0,1.0,,,,,,,,,,
https://www.mubawab.tn/fr/a/7992244/a-louer-un-rdc-de-villa-meubl%C3%A9-%C3%A0-carthage-salambo,A louer un RDC de villa meublé à Carthage Salambo,Salambo à Carthage,4 500 TND,300.0,4.0,3.0,3.0,1.0,1.0,1.0,1.0,1.0,Villa,Bon état,,,36.8566,10.3258,1.0,,,1.0,,1.0,1.0,,,,,1.0,,,,,,,,1.0,,1.0,,,,,,,,,,
https://www.mubawab.tn/fr/a/7994332/villa-s4-%C3%A0-louer-%C3%A0-gammarth,Villa S4 à Louer à Gammarth,Gammarth à La Marsa,7 000 TND,300.0,3.0,4.0,5.0,1.0,1.0,1.0,1.0,1.0,Villa,Nouveau,Moins d'un an,Marbre,36.87638900000003,10.325278,1.0,,,1.0,1.0,,1.0,1.0,,,1.0,1.0,1.0,,,1.0,,1.0,,,,,,,,,,,,,,
https://www.mubawab.tn/fr/a/7994372/villa-a-louer-%C3%A0-gammarth-avec-piscine,Villa a louer à gammarth avec Piscine,Gammarth à La Marsa,6 800 TND,630.0,8.0,3.0,3.0,1.0,1.0,1.0,1.0,1.0,Villa,Bon état,1-5 ans,Marbre,36.87638900000003,10.325278,1.0,,,1.0,1.0,,1.0,,,,1.0,1.0,1.0,,,1.0,,1.0,,,,,,,,,,,,,,
https://www.mubawab.tn/fr/a/8137663/etage-de-villa-s3-%C3%A0-la-marsa,Etage de Villa S3 à La Marsa,La Marsa à La Marsa,5 000 TND,150.0,,3.0,,,,,,1.0,Villa,,,,36.8941992,10.2762232,,,,,,,,,,,,,,,,,,,,,,,,,,,,,,,,
https://www.mubawab.tn/fr/a/8137662/spacieuse-villa-s5-%C3%A0-gammarth-for%C3%AAt-avec-piscine,Spacieuse Villa S5 à Gammarth Forêt avec Piscine,La Marsa à La Marsa,6 300 TND,200.0,,5.0,,1.0,1.0,1.0,,1.0,Villa,,,,36.8941992,10.2762232,1.0,,,,,,,,,,,,,,,,,,,,,,,,,,,,,,,
https://www.mubawab.tn/fr/a/8137661/superbe-villa-spacieuse-avec-vue-imprenable,Superbe villa spacieuse avec vue imprenable,La Marsa,6 000 TND,760.0,,4.0,,,,,,,Villa,,,,36.876389,10.325278,,,,,,,,,,,,,,,,,,,,,,,,,,,,,,,,
https://www.mubawab.tn/fr/a/8137637/a-louer-un-appartement-en-s4,A louer un appartement en S4,La Marsa à La Marsa,2 000 TND,160.0,4.0,4.0,,,1.0,,,,Maison,Nouveau,,,36.876389,10.325278,1.0,,,,,,,,,,,,,,,,,,,,,,1.0,,,,,,,,,
https://www.mubawab.tn/fr/a/8088647/villa-meubl%C3%A9e-%C3%A0-100-m-de-la-plage-chott-meriem,Villa Meublée à 100 m de la Plage Chott Meriem,Tantana à Akouda,2 500 TND,300.0,,4.0,3.0,1.0,1.0,,1.0,1.0,Villa,Bon état,10-20 ans,,35.87,10.57,1.0,,,1.0,,1.0,1.0,1.0,1.0,,1.0,1.0,,1.0,,,1.0,1.0,400 m²,1.0,1.0,1.0,,,1.0,,Nord,,,,,
https://www.mubawab.tn/fr/a/8136755/villa-s6-avec-piscine-%C3%A0-carthage,Villa S6 avec piscine à carthage,Carthage à Carthage,7 000 TND,,7.0,6.0,4.0,1.0,,1.0,1.0,1.0,Villa,Bon état,,,36.8566,10.3258,1.0,,,,,,,,,,,1.0,,,,,,,,,,,,,,,,,,,,
https://www.mubawab.tn/fr/a/8086577/une-villa-s4-%C3%A0-la-marsa,Une villa S4 à la Marsa,La Marsa à La Marsa,8 500 TND,250.0,2.0,4.0,2.0,1.0,1.0,1.0,1.0,1.0,Villa,Bon état,,,36.8941992,10.2762232,1.0,,,1.0,1.0,1.0,1.0,,1.0,1.0,,1.0,1.0,,,,,,,1.0,,,,,1.0,,,,,,,
https://www.mubawab.tn/fr/a/8137542/a-louer-triplex-%C3%A0-chotrana,A louer Triplex à Chotrana,Aéroport Tunis Carthage à La Soukra,6 000 TND,280.0,4.0,6.0,,1.0,1.0,,,,Maison,Nouveau,,,36.883333,10.25,,,,1.0,,,,,1.0,,,1.0,,,,,,,,1.0,,,1.0,1.0,,,,,,,,
https://www.mubawab.tn/fr/a/8123185/un-duplex-meubl%C3%A9-%C3%A0-louer,Un Duplex Meublé à Louer,Gammarth Supérieur à La Marsa,14 000 TND,380.0,6.0,4.0,5.0,,1.0,,1.0,1.0,Villa,Bon état,,,36.876389,10.325278,1.0,,,1.0,1.0,1.0,1.0,1.0,1.0,1.0,1.0,1.0,1.0,1.0,,1.0,1.0,,,1.0,1.0,1.0,,,1.0,1.0,,,,,,
https://www.mubawab.tn/fr/a/8086868/villa-%C3%A0-louer-%C3%A0-la-marsa,Villa à louer à La Marsa,La Marsa à La Marsa,9 000 TND,,17.0,6.0,4.0,1.0,1.0,1.0,1.0,1.0,Villa,Bon état,1-5 ans,Marbre,36.87638900000003,10.325278,1.0,,,1.0,1.0,,1.0,,1.0,,1.0,1.0,1.0,,,,1.0,1.0,,,,,,1.0,,,,,,,,
https://www.mubawab.tn/fr/a/7983526/villa-meubl%C3%A9e-cit%C3%A9-les-pins-la-marsa-avec-piscine,Villa meublée cité les pins la Marsa avec piscine,Cité Les Pins à La Marsa,5 500 TND,400.0,5.0,4.0,2.0,1.0,,1.0,1.0,1.0,Villa,Nouveau,10-20 ans,Marbre,36.8590944,10.2564551,1.0,,,1.0,1.0,1.0,1.0,1.0,,1.0,1.0,1.0,1.0,,,1.0,1.0,1.0,,1.0,1.0,1.0,,,,,Sud,,,,,
https://www.mubawab.tn/fr/a/8007103/villa-meubl%C3%A9e-avec-piscine-la-marsa-cit%C3%A9-les-pins,Villa meublée avec piscine la Marsa cité les pins,Cité Les Pins à La Marsa,5 500 TND,350.0,5.0,4.0,2.0,1.0,1.0,1.0,1.0,1.0,Villa,Bon état,10-20 ans,Marbre,36.8590944,10.2564551,1.0,,,1.0,1.0,1.0,1.0,1.0,,1.0,1.0,1.0,1.0,,,1.0,1.0,,,1.0,1.0,1.0,,,,,Est,,,,,
https://www.mubawab.tn/fr/a/7988372/villa-s6-au-berges-du-lac-2,Villa S6 au berges du lac 2,Les Berges Du Lac 2 à La Marsa,8 000 TND,400.0,7.0,5.0,4.0,1.0,1.0,1.0,1.0,1.0,Villa,Bon état,10-20 ans,Marbre,36.84365490845143,10.273470815996962,1.0,1.0,,1.0,1.0,1.0,1.0,,,1.0,1.0,1.0,1.0,,,1.0,1.0,,,1.0,1.0,1.0,,,,,Est,,,,,
https://www.mubawab.tn/fr/a/8065538/villa-%C3%A0-gammarth-s5,Villa à gammarth S5,Gammarth à La Marsa,7 800 TND,420.0,7.0,5.0,4.0,1.0,1.0,1.0,1.0,1.0,Villa,Bon état,5-10 ans,Marbre,36.91773899999998,10.288893,1.0,,1.0,1.0,1.0,1.0,1.0,1.0,,1.0,1.0,1.0,1.0,2.0,,1.0,1.0,1.0,680 m²,,1.0,1.0,,,,1.0,Est,,,,,
https://www.mubawab.tn/fr/a/7980369/villa-%C3%A0-gammarth-sup%C3%A9rieur,Villa à gammarth supérieur,Gammarth Supérieur à La Marsa,5 500 TND,500.0,5.0,4.0,2.0,1.0,1.0,1.0,1.0,1.0,Villa,Bon état,10-20 ans,Marbre,36.89317870000001,10.3099394,1.0,,,1.0,1.0,,,,,1.0,1.0,1.0,,,,,,,,,,,,,,,Est,,,,,
https://www.mubawab.tn/fr/a/7976616/villa-meubl%C3%A9e-%C3%A0-gammarth,Villa meublée à gammarth,Gammarth Supérieur à La Marsa,10 000 TND,700.0,8.0,6.0,2.0,1.0,1.0,1.0,1.0,1.0,Villa,Nouveau,1-5 ans,Marbre,36.89317870000001,10.3099394,1.0,,,1.0,1.0,1.0,1.0,,,1.0,1.0,1.0,1.0,,,1.0,1.0,1.0,,1.0,1.0,1.0,,,,,Est,,,,,
https://www.mubawab.tn/fr/a/7973029/duplex-s3-%C3%A0-louer-vide-ou-meuble-sidi-bou-sa%C3%AFd,Duplex S3 à louer VIDE ou MEUBLE Sidi Bou Saïd,Sidi Bousaid à Carthage,4 000 TND,150.0,4.0,3.0,2.0,,,,1.0,1.0,Maison,Bon état,1-5 ans,Marbre,36.8566,10.3258,1.0,1.0,,1.0,1.0,1.0,1.0,,,1.0,1.0,,1.0,,,,1.0,1.0,,1.0,1.0,1.0,,,1.0,1.0,,,,,,
https://www.mubawab.tn/fr/a/8130172/villa-plain-pied-s3-%C3%A0-gammarth,Villa Plain Pied S3 à Gammarth,La Marsa à La Marsa,2 000 TND,350.0,,3.0,,1.0,1.0,,,1.0,Villa,,,,36.8941992,10.2762232,,,,,,,,,,,,,,,,,,,,,,,,,,,,,,,,
https://www.mubawab.tn/fr/a/8133398/a-louer-une-villa-meubl%C3%A9e-ou-vide-au-nord-hilton,A louer une villa meublée ou vide au Nord Hilton,Mutuelle Ville à El Menzah,6 500 TND,480.0,10.0,4.0,,1.0,1.0,1.0,1.0,1.0,Villa,Bon état,10-20 ans,,36.845235,10.164723,1.0,,,1.0,,1.0,1.0,,1.0,,1.0,1.0,1.0,1.0,,1.0,1.0,,500 m²,1.0,1.0,1.0,1.0,,,,Sud,,,,,
https://www.mubawab.tn/fr/a/8054537/a-louer-villa-de-maitre-aux-jardins-de-carthage,A louer villa de maitre aux Jardins de Carthage,Les Jardins de Carthage à Le Kram,8 000 TND,700.0,9.0,6.0,5.0,1.0,1.0,1.0,1.0,1.0,Villa,Bon état,,,36.833333,10.316667,1.0,1.0,,1.0,1.0,,1.0,1.0,1.0,,,1.0,,,,,1.0,,1100 m²,,,,,,,,,,,,,
https://www.mubawab.tn/fr/a/8131607/%C3%A0-louer-une-belle-villa-s5-%C3%A0-chotrana-3,À louer une belle villa s5 à chotrana 3,Chotrana 3 à La Soukra,4 800 TND,500.0,7.0,5.0,5.0,1.0,1.0,,1.0,1.0,Villa,Nouveau,,,36.883333,10.25,1.0,1.0,,1.0,1.0,,,1.0,,,,1.0,1.0,,,,,,750 m²,,,,,,,,,,,,,
https://www.mubawab.tn/fr/a/7845816/location-annulle,Location Annulle,Hammamet Sud à Hammamet,3 000 TND,300.0,5.0,4.0,2.0,1.0,,,,,Villa,Bon état,,,36.40108,10.61457,,,,,,,,,,,,,,,,,,,,,,,,,,,,,,,,
https://www.mubawab.tn/fr/a/8131068/location-annuelle-a-jinen-hammamet,Location annuelle a jinen hammamet,Hammamet Sud à Hammamet,3 600 TND,320.0,6.0,6.0,2.0,1.0,1.0,,,1.0,Villa,Bon état,,,36.40108,10.61457,1.0,1.0,,1.0,,1.0,1.0,,1.0,,,1.0,1.0,2.0,,,1.0,,480 m²,1.0,1.0,1.0,,,,,,,,,,
https://www.mubawab.tn/fr/a/8009809/villa-individuelle-en-location,Villa individuelle en location,La Marsa à La Marsa,4 500 TND,550.0,5.0,4.0,2.0,1.0,1.0,,1.0,1.0,Villa,Bon état,,,36.876389,10.325278,,,,1.0,,,,,,,,,,,,,,,,,,,,,,,,,,,,
https://www.mubawab.tn/fr/a/8129196/rdc-de-villa-%C3%A0-usage-bureautique-%C3%A0-louer-aux-berges-du-lac2,RDC de villa à usage bureautique à louer aux berges du lac2,Les Berges Du Lac 2 à La Marsa,2 500 TND,75.0,,3.0,,,1.0,,,,Villa,,,,36.8468986,10.2641808,,,,,,,,,,,,1.0,,,,,,,,,,,,,,,,,,,,
https://www.mubawab.tn/fr/a/8130364/exclusivement-%C3%A0-tecnocasa-hammamet-sud,Exclusivement à tecnocasa hammamet sud,Hammamet Sud à Hammamet,3 000 TND,260.0,4.0,4.0,2.0,1.0,,1.0,1.0,1.0,Villa,Bon état,,,36.40108,10.61457,1.0,1.0,,1.0,,1.0,1.0,,1.0,,,1.0,,,,,,,730 m²,1.0,1.0,1.0,,,,,,,,,,
https://www.mubawab.tn/fr/a/8130008/loc-villa-ennasr-pres-clinique-usage-professionnel,Loc villa Ennasr pres clinique usage professionnel,Cité Ennasr 1 à Ariana Ville,4 500 TND,300.0,7.0,7.0,3.0,,,,1.0,,Villa,Bon état,,,36.8625,10.19556,1.0,,,1.0,,,,,,,,,,2.0,,,,,300 m²,,,,,,,,,,,,,
https://www.mubawab.tn/fr/a/8112302/a-louer-une-villa-s5-%C3%A0-ain-zaghouan-nord,A louer une villa S5 à Ain Zaghouan Nord,Ain Zaghouan Nord à La Marsa,7 000 TND,350.0,5.0,4.0,3.0,1.0,1.0,1.0,1.0,1.0,Maison,Nouveau,,,36.876389,10.325278,1.0,1.0,,1.0,,,1.0,,,,,,,,,,,,350 m²,,,,,,,,,,,,,
https://www.mubawab.tn/fr/a/8118815/penthouse-avec-piscine-aux-jardins-de-carthage,Penthouse avec piscine aux jardins de Carthage,La Marsa à La Marsa,5 000 TND,575.0,6.0,4.0,5.0,,1.0,1.0,1.0,1.0,Maison,Bon état,,,36.87638900000003,10.325278,1.0,1.0,,1.0,,,1.0,1.0,,,,,,,,,,,,,,,,1.0,,,,,,,,
https://www.mubawab.tn/fr/a/8125210/villa-habitation-ou-bureautique-%C3%A0-mutuelle-ville,Villa habitation ou bureautique à Mutuelle ville,Mutuelle Ville à El Menzah,2 500 TND,300.0,4.0,3.0,2.0,1.0,1.0,,1.0,1.0,Villa,Bon état,,,36.845235,10.164723,1.0,,,,1.0,,,1.0,1.0,,,,1.0,,,,,,500 m²,,,,,,,,,,,,,
https://www.mubawab.tn/fr/a/8137529/une-maison-s3-avec-piscine-a-gammarth,Une maison S3 avec piscine a Gammarth,La Marsa à La Marsa,4 500 TND,200.0,,3.0,2.0,1.0,1.0,1.0,1.0,1.0,Villa,Bon état,,,36.876389,10.325278,1.0,,,1.0,,,1.0,1.0,1.0,1.0,,1.0,1.0,,1.0,,,,,,,,,,1.0,,,,,,,
https://www.mubawab.tn/fr/a/8137517/une-villa-s5-%C3%A0-la-soukra-avec-piscine,Une villa s5 à la soukra avec piscine,La Soukra à La Soukra,5 500 TND,500.0,6.0,5.0,2.0,1.0,1.0,1.0,1.0,1.0,Villa,Bon état,,,36.883333,10.25,1.0,,,1.0,1.0,1.0,1.0,,1.0,,1.0,1.0,,,,1.0,,,,,,,,,,,,,,,,
https://www.mubawab.tn/fr/a/8107173/villa-s2-meubl%C3%A9e-carthage,"Villa S2 meublée, Carthage",Carthage à Carthage,4 500 TND,350.0,3.0,2.0,2.0,1.0,1.0,,1.0,1.0,Villa,Bon état,5-10 ans,Marbre,36.8566,10.3258,1.0,,,1.0,,1.0,1.0,,,,,,,2.0,,,1.0,,,,1.0,1.0,,,,,,,,,,
https://www.mubawab.tn/fr/a/8108610/un-duplex-%C3%A0-louer,Un Duplex à Louer,Chotrana 1 à La Soukra,2 750 TND,150.0,4.0,3.0,2.0,1.0,,,1.0,1.0,Maison,Bon état,,,36.883333,10.25,1.0,,,1.0,,,,,1.0,,,,,1.0,,,,,150 m²,,,,,,,,,,,,,
https://www.mubawab.tn/fr/a/8137475/%C3%A0-louer-villa-s5-france-ville,À louer villa S5 France ville,El Omrane à El Omrane,3 300 TND,290.0,5.0,4.0,2.0,1.0,1.0,,1.0,1.0,Villa,Bon état,,,36.814748,10.1558086,1.0,,,1.0,,,1.0,,,,,,,,,1.0,,,,,,,,,,,,,,,,
https://www.mubawab.tn/fr/a/8135469/%C3%A0-louer-villa-s6-%C3%A0-gammarth-touristique,À louer villa S6 à Gammarth Touristique,Gammarth à La Marsa,8 500 TND,350.0,7.0,6.0,4.0,1.0,,1.0,1.0,1.0,Villa,Bon état,5-10 ans,,36.876389,10.325278,1.0,1.0,,1.0,,,,,,,,,,,,,,,,,,,,,,,,,,,,
https://www.mubawab.tn/fr/a/8135495/%C3%A0-louer-une-villa-s4-%C3%A0-golden-tulip,À Louer: une villa S4 à Golden Tulip,Gammarth à La Marsa,8 000 TND,600.0,5.0,4.0,3.0,1.0,1.0,1.0,1.0,1.0,Villa,Bon état,,,36.876389,10.325278,1.0,,,1.0,,,,,,,,,,,,,,,,,,,,,,,,,,,,
https://www.mubawab.tn/fr/a/8135486/%C3%A0-louer-un-rez-de-jardin-meubl%C3%A9-en-s3,À Louer: un rez de jardin meublé en S3,La Marsa à La Marsa,4 800 TND,150.0,4.0,3.0,2.0,1.0,1.0,,1.0,1.0,Maison,Bon état,1-5 ans,,36.876389,10.325278,1.0,,,1.0,,1.0,1.0,,,,,,,,,,1.0,,,1.0,1.0,1.0,,,,,,,,,,
https://www.mubawab.tn/fr/a/8137436/a-louer-villa-%C3%A0-ennasr,A Louer Villa à Ennasr,Cité Ennasr 2 à Ariana Ville,3 300 TND,350.0,8.0,7.0,3.0,1.0,1.0,,1.0,,Villa,Bon état,,,36.8625,10.19556,1.0,,,1.0,,,,,1.0,,,,,,,,,,,,,,,,,,,,,,,
https://www.mubawab.tn/fr/a/8137425/s2-meubl%C3%A9-jasmin-%C3%A0-louer-%C3%A0-gammarth,S2 meublé Jasmin à louer à Gammarth,Salambo à Carthage,1 800 TND,120.0,3.0,2.0,2.0,,,,1.0,,Maison,Bon état,,,36.8566,10.3258,1.0,,,1.0,,,,,,,,,,,,,,,,1.0,,,,,,,,,,,,
https://www.mubawab.tn/fr/a/8087786/a-louer-villa-s5-avec-jardin-%C3%A0-yassmine-hammamet,A louer villa S5 avec jardin à Yassmine Hammamet,Yasmine Hammamet à Hammamet,2 800 TND,250.0,6.0,5.0,3.0,1.0,1.0,,1.0,1.0,Villa,Bon état,5-10 ans,Marbre,36.38283382405231,10.54619056700972,1.0,1.0,,1.0,,1.0,1.0,,1.0,1.0,1.0,1.0,1.0,1.0,,,1.0,1.0,500 m²,1.0,1.0,1.0,,,,,,,,,,
https://www.mubawab.tn/fr/a/8014478/villa-neuve-avec-piscine-les-berges-du-lac-2,Villa neuve avec piscine les berges du lac 2,Les Berges Du Lac 2 à La Marsa,11 000 TND,648.0,8.0,6.0,4.0,1.0,,1.0,1.0,1.0,Villa,Nouveau,Moins d'un an,Marbre,36.84689860000001,10.2641808,1.0,1.0,,1.0,1.0,1.0,1.0,1.0,,1.0,1.0,1.0,1.0,,,1.0,1.0,1.0,,,1.0,1.0,,,,,Est,,,,,
https://www.mubawab.tn/fr/a/8126518/duplex-s4-meubl%C3%A9-avec-piscine-et-jardin-%C3%A0-carthage,Duplex S4 Meublé avec piscine et jardin à carthage,Carthage à Carthage,6 500 TND,,5.0,4.0,4.0,1.0,1.0,1.0,1.0,1.0,Maison,Bon état,,,36.8566,10.3258,1.0,,,1.0,,1.0,1.0,,,,,1.0,,,,,1.0,,,1.0,1.0,1.0,,,,,,,,,,
https://www.mubawab.tn/fr/a/8085268/villa-s4-%C3%A0-louer-pr%C3%A8s-de-closerie-%C3%A0-la-soukra,Villa S4 à louer près de Closerie à La Soukra,La Soukra à La Soukra,5 000 TND,570.0,5.0,5.0,2.0,1.0,,,,1.0,Maison,Bon état,,,36.88833,10.27417,,,,,,,,,,,,,,,,,,,,,,,,,,,,,,,,
https://www.mubawab.tn/fr/a/7837558/location-d-une-villa-%C3%A0-gammarth,Location d'une villa à Gammarth,Gammarth à La Marsa,6 000 TND,700.0,5.0,4.0,3.0,1.0,1.0,1.0,1.0,1.0,Villa,Bon état,,,36.876389,10.325278,1.0,,,1.0,,,,,,,,1.0,1.0,,,,,,,,,,,,,,,,,,,
https://www.mubawab.tn/fr/a/8135475/%C3%A0-vendre-%E2%80%93-maison-de-charme-%C3%A0-sidi-bou-sa%C3%AFd,À vendre – Maison de charme à Sidi Bou Saïd,Sidi Bousaid à Carthage,1 500 000 TND,120.0,4.0,3.0,2.0,,,,,1.0,Maison,À rénover,10-20 ans,,36.8566,10.3258,1.0,,,,,,,,,,,,,,,,,,,,,,,,,,,,,,,
https://www.mubawab.tn/fr/a/8121340/villa-%C3%A0-louer-%C3%A0-hammamet-sud-wahbi,Villa à louer à Hammamet Sud Wahbi,Hammamet Sud à Hammamet,1 700 TND,,5.0,4.0,2.0,1.0,,,,1.0,Villa,Nouveau,,,36.40108,10.61457,1.0,,,1.0,1.0,,,,,,,1.0,1.0,,,,,,700 m²,1.0,,,,,,,,,,,,
https://www.mubawab.tn/fr/a/8087072/a-louer-duplex-moderne-2-niveaux-%C3%A0-el-menzah-1,A louer duplex moderne 2 niveaux à El Menzah 1,El Menzah 1 à El Menzah,3 500 TND,300.0,5.0,4.0,3.0,1.0,1.0,,1.0,,Villa,Bon état,Moins d'un an,Marbre,36.845235,10.164723,,,,1.0,1.0,,,,,,,,1.0,,,,,,500 m²,,,,,,,,,,,,,
https://www.mubawab.tn/fr/a/8093220/une-villa-s4-meubl%C3%A9e-ou-vide-%C3%A0-gammarth,Une villa s4 meublée ou vide à gammarth,Gammarth à La Marsa,12 000 TND,350.0,5.0,4.0,2.0,1.0,1.0,1.0,1.0,1.0,Villa,Bon état,,,36.876389,10.325278,1.0,1.0,,1.0,1.0,1.0,1.0,,1.0,,1.0,1.0,,,,1.0,1.0,1.0,,1.0,1.0,1.0,,,,,,,,,,
https://www.mubawab.tn/fr/a/8112356/a-louer-villa-duplex-s3-avec-jardin-%C3%A0-hammamet,A Louer Villa Duplex S3 Avec Jardin à Hammamet,Hammamet Nord à Hammamet,1 800 TND,220.0,4.0,3.0,2.0,1.0,,,1.0,1.0,Maison,Bon état,,,36.41101607248555,10.639096100636475,1.0,,,1.0,,1.0,1.0,1.0,,,,1.0,,,,,1.0,,300 m²,1.0,1.0,1.0,,,1.0,1.0,,,,,,
https://www.mubawab.tn/fr/a/8107668/a-louer-villa-3s5-avec-piscine-%C3%A0-sidi-mahersi,A Louer Villa 3S5 Avec Piscine à Sidi Mahersi,Sidi El Mahrsi à Nabeul,4 000 TND,840.0,8.0,5.0,4.0,1.0,1.0,1.0,1.0,1.0,Villa,Bon état,,,36.43606413772095,10.702404501711165,1.0,1.0,,1.0,,1.0,1.0,1.0,1.0,,,1.0,1.0,,,,1.0,,747 m²,1.0,1.0,1.0,,,1.0,,,,,,,
https://www.mubawab.tn/fr/a/8137417/%C3%A0-louer-villa-s5-%C3%A0-gammarth-touristique,À LOUER Villa S5 à Gammarth Touristique,Gammarth à La Marsa,14 000 TND,360.0,6.0,5.0,4.0,1.0,1.0,1.0,1.0,1.0,Villa,Bon état,,,36.904533885339646,10.298670486572265,1.0,,,1.0,,,1.0,1.0,1.0,,,,,,,,1.0,,,,,,,1.0,1.0,,,,,,,
https://www.mubawab.tn/fr/a/8058941/a-louer-etage-de-villa-s3-meubl%C3%A9,A Louer Etage De Villa S3 Meublé,Neapolis à Nabeul,1 300 TND,150.0,4.0,3.0,2.0,,,,1.0,1.0,Maison,Bon état,,,36.44702842124897,10.751206100486128,1.0,,,1.0,,1.0,,1.0,,,,,,2.0,,,,,,1.0,1.0,,,,1.0,,,,,,,
https://www.mubawab.tn/fr/a/8133134/duplex-%C3%A0-louer-%C3%A0-hammamet-zak,Duplex à louer à Hammamet Zak,Hammamet à Hammamet,Prix à consulter,150.0,3.0,2.0,2.0,1.0,,1.0,1.0,1.0,Villa,Nouveau,,,36.40108,10.61457,1.0,,1.0,1.0,1.0,1.0,1.0,,,,,,1.0,,,,,,300 m²,1.0,1.0,1.0,,,,,,,,,,
https://www.mubawab.tn/fr/a/8075904/villa-de-luxe-avec-piscine-proche-de-la-plage,Villa de luxe avec piscine proche de la plage,Djerba à Djerba,4 200 TND,150.0,4.0,3.0,3.0,1.0,1.0,1.0,,1.0,Villa,Bon état,1-5 ans,Marbre,33.8075978,10.8451467,1.0,,,1.0,1.0,1.0,1.0,1.0,,1.0,1.0,,1.0,1.0,,,1.0,,160 m²,1.0,1.0,1.0,,,,1.0,,,,,,
https://www.mubawab.tn/fr/a/8110119/penthouse-piscine-%C3%A0-louer-aux-jardins-de-carthage,Penthouse piscine à louer aux jardins de Carthage,Les Jardins de Carthage à Le Kram,5 000 TND,340.0,5.0,4.0,4.0,,1.0,1.0,1.0,1.0,Villa,Bon état,,,36.833333,10.316667,1.0,1.0,,1.0,1.0,,1.0,1.0,,,,1.0,1.0,,,,,,,,,,,1.0,,,,,,,,
https://www.mubawab.tn/fr/a/8095998/une-maison-plein-pied-s3-%C3%A0-la-marsa-vue-mer,Une maison plein pied s3 à la marsa vue mer,La Marsa à La Marsa,3 700 TND,200.0,4.0,3.0,,1.0,1.0,1.0,,1.0,Maison,Bon état,,,36.876389,10.325278,1.0,,,,1.0,,,,1.0,,1.0,1.0,,,,1.0,,,,,,,1.0,,,,,,,,,
https://www.mubawab.tn/fr/a/8133888/une-villa-s5-%C3%A0-ain-zaghouan-avec-piscine,Une villa s5 à ain zaghouan avec piscine,Ain Zaghouan Nord à La Marsa,7 000 TND,600.0,6.0,5.0,2.0,1.0,,1.0,1.0,1.0,Villa,Nouveau,,,36.876389,10.325278,,1.0,,1.0,1.0,,,,,,1.0,1.0,,,,1.0,,,,,,,,,,,,,,,,
https://www.mubawab.tn/fr/a/8085398/une-villa-s5-%C3%A0-gammarth-meubl%C3%A9,Une villa s5 à gammarth meublé,Gammarth à La Marsa,6 000 TND,400.0,6.0,5.0,3.0,1.0,1.0,1.0,1.0,1.0,Villa,Nouveau,,,36.87638900000003,10.325278,1.0,,,1.0,1.0,1.0,1.0,,,,,1.0,,,,1.0,1.0,1.0,,1.0,1.0,1.0,,,,,,,,,,
https://www.mubawab.tn/fr/a/8137189/un-rdc-de-villa-s3-tournesol-%C3%A0-louer-%C3%A0-carthage,Un Rdc de villa S3 Tournesol à louer à Carthage,Cité Mohamed Ali à Carthage,1 200 TND,100.0,4.0,3.0,,,,,1.0,,Maison,Bon état,,,36.8566,10.3258,,,,,,,,,,,,,,,,,,,,,,,1.0,,,,,,,,,
https://www.mubawab.tn/fr/a/8129662/villa-individuelle-en-location,Villa individuelle en location,Mornag à Mornag,900 TND,100.0,,,,,,,,,Villa,,,,36.68902,10.29964,1.0,,,,,,,,,,,,,,,,,,,,,,,,,,,,,,,
https://www.mubawab.tn/fr/a/8137162/%C3%A0-louer-villa-en-s4-les-berges-du-lac-1,À louer villa en S4 Les berges du Lac 1,Les Berges Du Lac 1 à La Marsa,4 800 TND,400.0,5.0,4.0,3.0,1.0,1.0,,1.0,1.0,Villa,Bon état,10-20 ans,,36.83540055629659,10.23481915986824,1.0,,,1.0,,,,,,,1.0,,1.0,2.0,,,,,,,,,,,,,,,,,,
https://www.mubawab.tn/fr/a/7951392/villa-vide-ou-meubl%C3%A9e-avec-piscine-a-el-menzah-5,Villa vide ou meublée avec piscine a el menzah 5,El Menzah 5 à Ariana Ville,Prix à consulter,700.0,7.0,5.0,4.0,1.0,,1.0,1.0,,Maison,Nouveau,5-10 ans,Marbre,36.8625,10.19556,,1.0,,,,,,,,,,,,,,,,,,,,,,,,,,,,,,
https://www.mubawab.tn/fr/a/8133799/villa-s6-avec-jardin-%C3%A0-cit%C3%A9-les-pins-la-marsa,Villa s6 avec jardin à cité les pins La Marsa,La Marsa à La Marsa,4 500 TND,400.0,7.0,6.0,3.0,1.0,1.0,,1.0,1.0,Villa,Bon état,,,36.876389,10.325278,1.0,,,1.0,,,1.0,,,,,,,,,,,,,,,,,,,,,,,,,
https://www.mubawab.tn/fr/a/8112342/maison-s4-%C3%A0-cit%C3%A9-les-pins-la-marsa,Maison S4 à Cité Les Pins La Marsa,La Marsa à La Marsa,3 100 TND,300.0,6.0,5.0,4.0,,1.0,,1.0,1.0,Villa,Bon état,,,36.876389,10.325278,1.0,,,1.0,,,1.0,,1.0,1.0,1.0,1.0,,,,,,1.0,,,,,,,,,,,,,,
https://www.mubawab.tn/fr/a/7825495/a-louer-une-magnifique-villa-a-la-soukra,A louer une magnifique villa a la soukra,La Soukra à La Soukra,7 000 TND,1000.0,4.0,4.0,3.0,1.0,1.0,1.0,1.0,1.0,Villa,À rénover,,,36.883333,10.25,1.0,,,1.0,1.0,,,1.0,,,,1.0,1.0,,,,,1.0,,,,,,,,,,,,,,
https://www.mubawab.tn/fr/a/7910038/%C3%A0-louer-une-somptueuse-villa-s6-%C3%A0-carthage,À louer une somptueuse villa s6 à carthage,Carthage Byrsa à Carthage,8 500 TND,900.0,7.0,6.0,4.0,1.0,1.0,,1.0,1.0,Villa,Bon état,,,36.8566,10.3258,1.0,,,1.0,1.0,,,1.0,,,,1.0,1.0,,,,,1.0,,,,,,,1.0,,,,,,,
https://www.mubawab.tn/fr/a/8137081/location-saisonni%C3%A8re-une-villa-a-dar-allouche-kelibia-par-semaine,Location saisonnière Une villa a Dar Allouche Kelibia Par Semaine,Kélibia,5 500 TND,180.0,,3.0,,,1.0,,,1.0,Maison,,,,36.8493,11.0918,1.0,,,,,,,,,,,,,,,,,,,1.0,,,,,,,,,,,,
https://www.mubawab.tn/fr/a/8129683/villa-individuelle-en-location,Villa individuelle en location,Ariana à Ariana Ville,5 500 TND,536.0,,,,1.0,1.0,,1.0,,Villa,,,,36.8625,10.19556,,,,,,,,,,,,,,,,,,,,,,,,,,,,,,,,
https://www.mubawab.tn/fr/a/8129704/etage-de-villa-en-location,Etage de villa en location,Hammam Sousse,900 TND,100.0,,,,,,,1.0,,Villa,,,,35.8569,10.5972,1.0,,,,,,,,,,,,,,,,,,,1.0,,,,,,,,,,,,
https://www.mubawab.tn/fr/a/7895433/une-villa-s5-%C3%A0-louer-%C3%A0-gammarth,Une Villa S5 à louer à Gammarth,La Marsa à La Marsa,8 000 TND,700.0,,7.0,,,,1.0,,,Villa,,,,36.8941992,10.2762232,,,,1.0,,,,,,,,1.0,,,,,,,,,,,,,,,,,,,,
https://www.mubawab.tn/fr/a/7906561/un-magnifique-duplex-s3-%C3%A0-la-marsa,Un magnifique duplex s3 à la marsa,La Marsa à La Marsa,3 500 TND,,,3.0,,1.0,1.0,,,,Villa,,,,36.8941992,10.2762232,,,,,,,,,1.0,,,1.0,,,,,,,,,,,,,,,,,,,,
https://www.mubawab.tn/fr/a/7967358/a-louer-villa-avec-piscine-a-douikhla-hammamet-sud,A louer villa avec piscine a Douikhla Hammamet sud,Hammamet Sud à Hammamet,950 TND,1000.0,2.0,2.0,3.0,1.0,1.0,1.0,,1.0,Villa,Nouveau,Moins d'un an,Marbre,36.40108,10.61457,1.0,1.0,,1.0,1.0,1.0,1.0,,,1.0,,1.0,,,,1.0,1.0,1.0,,1.0,1.0,1.0,,,,1.0,Est,,,,,
https://www.mubawab.tn/fr/a/7868128/etage-de-villa-jamais-habit%C3%A9-%C3%A0-khzema-est,Etage de villa jamais habité à Khzema EST,Khezama Est,2 400 TND,200.0,3.0,2.0,2.0,,1.0,,1.0,1.0,Maison,Bon état,,,35.844,10.618753,1.0,,1.0,1.0,,,,,,,,,,,,,,,,1.0,,,,,,,,,,,,
https://www.mubawab.tn/fr/a/8129602/villa-en-bande-en-location,Villa en bande en location,La Marsa à La Marsa,3 650 TND,400.0,6.0,4.0,2.0,1.0,1.0,1.0,1.0,,Villa,Bon état,,,36.8941992,10.2762232,1.0,,,1.0,,,,,,,,,1.0,,,,,,,,,,,,,,,,,,,
https://www.mubawab.tn/fr/a/7971450/location-rez-de-chauss%C3%A9e-de-villa-a-mutuelleville,Location rez de chaussée de villa a mutuelleville,Mutuelle Ville à El Menzah,2 200 TND,200.0,3.0,2.0,2.0,,1.0,,1.0,1.0,Maison,Bon état,20-30 ans,Marbre,36.845235,10.164723,1.0,,,1.0,,,1.0,,,,,,,1.0,,,,,200 m²,,,,,,,,,,,,,
https://www.mubawab.tn/fr/a/8136547/s3-et-s4-de-haut-standing-mutuelleville,S3 et s4 de haut standing mutuelleville,Mutuelle Ville à El Menzah,4 000 TND,280.0,4.0,3.0,4.0,1.0,1.0,,1.0,1.0,Maison,Nouveau,1-5 ans,,36.845235,10.164723,,,,1.0,,,,,1.0,,,,,1.0,,,,,300 m²,,,,,,,,,,,,,
https://www.mubawab.tn/fr/a/8121831/location-villa-standing-s4-a-mutuelleville,Location villa standing s4 a mutuelleville,Mutuelle Ville à El Menzah,5 000 TND,700.0,5.0,4.0,3.0,1.0,1.0,,,1.0,Maison,Bon état,5-10 ans,Parquet,36.845235,10.164723,1.0,,,,,,,,,,,,,2.0,,,,,450 m²,,,,,,,,,,,,,
https://www.mubawab.tn/fr/a/8133809/a-louer-villa-de-ma%C3%AEtre-%C3%A0-gammarth-sup%C3%A9rieur-avec-beau-jardin,A louer villa de maître à gammarth supérieur avec beau jardin,Gammarth Supérieur à La Marsa,10 000 TND,400.0,,6.0,5.0,1.0,1.0,1.0,1.0,1.0,Villa,Nouveau,1-5 ans,Marbre,36.917739,10.288893,1.0,1.0,,1.0,1.0,1.0,1.0,1.0,,,1.0,1.0,1.0,3.0,,,1.0,,,1.0,,1.0,,,,,Sud,,,,,
https://www.mubawab.tn/fr/a/8133808/a-louer-coquette-villa-avec-piscine,A louer coquette villa avec piscine,La Marsa à La Marsa,6 000 TND,350.0,,5.0,4.0,1.0,1.0,,1.0,1.0,Villa,Nouveau,1-5 ans,Marbre,36.917739,10.288893,1.0,,,1.0,1.0,,,1.0,,,,1.0,1.0,2.0,,,,,,,,,,,,,Sud,,,,,
https://www.mubawab.tn/fr/a/8128176/tr%C3%A8s-belle-villa-r%C3%A9cemment-r%C3%A9nov%C3%A9e-%C3%A0-louer-%C3%A0-gammarth,Très belle villa récemment rénovée à louer à Gammarth,Gammarth à La Marsa,9 000 TND,1200.0,,4.0,4.0,1.0,1.0,1.0,1.0,1.0,Villa,Nouveau,1-5 ans,Marbre,36.87905380000001,10.3068455,1.0,,,1.0,1.0,1.0,1.0,1.0,1.0,,1.0,1.0,1.0,2.0,,1.0,1.0,,,1.0,1.0,1.0,,,,,Sud,,,,,
https://www.mubawab.tn/fr/a/8038752/belle-villa-%C3%A0-louer-avec-vue-panoramique-sur-mer,Belle villa à louer avec vue panoramique sur mer,Gammarth Supérieur à La Marsa,8 800 TND,370.0,,6.0,4.0,1.0,1.0,,1.0,1.0,Villa,Nouveau,5-10 ans,,36.8931787,10.3099394,1.0,,,1.0,1.0,,,,,,1.0,,1.0,,,,,,,,,,,,1.0,1.0,,,,,,
https://www.mubawab.tn/fr/a/8137022/a-louer-villa-s3-%C3%A0-chotrana-2,A louer Villa S3 à Chotrana 2,Chotrana 2 à La Soukra,2 000 TND,320.0,,4.0,,,1.0,,1.0,1.0,Maison,,,,36.896544,10.217961,,,,1.0,,,,,,,,1.0,,,,,,,,,,,,,,,,,,,,
https://www.mubawab.tn/fr/a/8136938/villa-plain-pied-s4-vide-%C3%A0-louer-au-c%C5%93ur-la-marsa,Villa plain pied S4 vide à louer au cœur la Marsa,La Marsa à La Marsa,4 000 TND,300.0,5.0,4.0,2.0,1.0,1.0,,1.0,1.0,Villa,Bon état,,,36.876389,10.325278,1.0,,,1.0,1.0,,1.0,,,,,1.0,1.0,,,,,,,,,,,,,,,,,,,
https://www.mubawab.tn/fr/a/8086406/a-louer-villa-%C3%A0-carthage-avec-grand-jardin,A louer Villa à Carthage avec grand jardin,Carthage à Carthage,Prix à consulter,600.0,,3.0,4.0,1.0,1.0,,1.0,1.0,Villa,Bon état,,Marbre,36.8566,10.3258,1.0,,1.0,1.0,1.0,1.0,1.0,,,1.0,1.0,1.0,1.0,1.0,1.0,,1.0,,2000 m²,,,1.0,,,1.0,,,,,,,
https://www.mubawab.tn/fr/a/8032205/a-louer-villa-s4-%C3%A0-la-marsa-avec-vue-mer,A louer villa S4 à La Marsa avec vue mer,La Marsa à La Marsa,Prix à consulter,450.0,,4.0,5.0,1.0,,,1.0,1.0,Villa,Bon état,,,36.876389,10.325278,1.0,,,1.0,1.0,1.0,1.0,,,1.0,1.0,,1.0,,1.0,1.0,1.0,,,,,1.0,,,1.0,,,,,,,
https://www.mubawab.tn/fr/a/8133959/a-louer-villa-s4-%C3%A0-carthage-avec-piscine,A louer villa s4 à Carthage avec piscine,Carthage à Carthage,9 000 TND,400.0,,4.0,3.0,1.0,1.0,1.0,1.0,1.0,Villa,Bon état,,,36.85659999999999,10.3258,1.0,,,1.0,1.0,,,,,1.0,1.0,1.0,1.0,,1.0,,,,700 m²,,,,,,,,,,,,,
https://www.mubawab.tn/fr/a/8124186/a-louer-villa-s3-%C3%A0-la-marsa-avec-piscine,A louer villa s3 à la Marsa avec piscine,La Marsa à La Marsa,6 000 TND,250.0,,3.0,2.0,1.0,1.0,1.0,1.0,1.0,Villa,Bon état,5-10 ans,Marbre,36.876389,10.325278,1.0,,,1.0,1.0,1.0,1.0,,,1.0,1.0,1.0,1.0,1.0,1.0,,1.0,,350 m²,,1.0,1.0,,,,,,,,,,
https://www.mubawab.tn/fr/a/7915379/a-louer-une-villa-de-maitre-en-s5-vue-sur-mer-%C3%A0-gammarth,A louer une villa de maitre en S5 vue sur mer à Gammarth,Gammarth à La Marsa,15 000 TND,700.0,9.0,7.0,6.0,,1.0,1.0,,1.0,Villa,Bon état,,,36.917739,10.288893,1.0,,,,,,,,1.0,,,1.0,,,,,,,,,,,,1.0,,,,,,,,
https://www.mubawab.tn/fr/a/7657928/a-louer-un-duplex-en-s2-%C3%A0-sidi-bou-said,A louer un duplex en S2 à Sidi Bou Said,Sidi Bousaid à Carthage,7 500 TND,150.0,3.0,2.0,2.0,,,,,1.0,Villa,Nouveau,,Marbre,36.8566,10.3258,1.0,,,1.0,,,,,,,,,,,,,,,,1.0,,,,,,,,,,,,
https://www.mubawab.tn/fr/a/8075004/a-louer-une-villa-de-ma%C3%AEtre-vue-sur-mer-%C3%A0-gammarth,A louer une villa de maître vue sur mer à Gammarth,Gammarth à La Marsa,Prix à consulter,1200.0,,5.0,,1.0,1.0,1.0,1.0,1.0,Villa,,,,36.917739,10.288893,1.0,1.0,,1.0,,,,,,,,1.0,,,,,,,,,,,,,1.0,,,,,,,
https://www.mubawab.tn/fr/a/7877133/a-louer-une-villa-en-s5-avec-piscine-%C3%A0-gammarth-sup%C3%A9rieur,A louer une villa en S5 avec piscine à Gammarth supérieur,Gammarth Supérieur à La Marsa,7 000 TND,1100.0,,7.0,,1.0,1.0,1.0,1.0,1.0,Villa,,,,36.8931787,10.3099394,1.0,,,1.0,,,,,1.0,,,,,,,,,,,,,,,,,,,,,,,
https://www.mubawab.tn/fr/a/7673894/a-louer-villa-en-s4-avec-piscine-%C3%A0-gammarth,A louer villa en S4 avec piscine à Gammarth,Gammarth à La Marsa,10 000 TND,1100.0,5.0,4.0,4.0,1.0,,1.0,,1.0,Villa,Bon état,,,36.917739,10.288893,1.0,,,1.0,,,,,1.0,,,1.0,,,,,,,,,,,,,,,,,,,,
https://www.mubawab.tn/fr/a/8124618/a-louer-un-duplex-en-s3-meubl%C3%A9-a-sidi-bou-sa%C3%AFd,A louer un duplex en S3 meublé a Sidi Bou Saïd,Sidi Bousaid à Carthage,4 500 TND,400.0,3.0,3.0,,,,,1.0,1.0,Maison,Nouveau,,,36.8566,10.3258,1.0,,,1.0,,,,,,,,1.0,,,,,,,,1.0,,,1.0,,,,,,,,,
https://www.mubawab.tn/fr/a/7867671/a-louer-un-villa-en-s5-avec-piscine-%C3%A0-gammarth,A louer un villa en S5 avec piscine à Gammarth,Gammarth à La Marsa,5 000 TND,500.0,7.0,6.0,4.0,1.0,1.0,1.0,1.0,1.0,Villa,Bon état,,,36.8931787,10.3099394,,,,1.0,,,,,,,,,,,,,,,,,,,,,,,,,,,,
https://www.mubawab.tn/fr/a/7947911/a-louer-un-duplex-en-s4-%C3%A0-sidi-bousaid,A louer un duplex en S4 à Sidi Bousaid,Sidi Bousaid à Carthage,8 500 TND,250.0,5.0,5.0,3.0,,,,1.0,1.0,Villa,Nouveau,,,36.8566,10.3258,1.0,,,1.0,,,,,,,,,,,,,,,,1.0,,,,,,,,,,,,
https://www.mubawab.tn/fr/a/7542797/a-louer-une-villa-meubl%C3%A9e-en-s5-aux-berges-du-lac-2,A louer une villa meublée en S5 aux Berges du Lac 2,Les Berges Du Lac 2 à La Marsa,10 000 TND,800.0,7.0,7.0,5.0,1.0,1.0,1.0,1.0,1.0,Villa,Bon état,,,36.876389,10.325278,1.0,,,1.0,,,,,1.0,,,1.0,,,,,,,,,,,,1.0,,,,,,,,
https://www.mubawab.tn/fr/a/7856941/a-louer-une-villa-de-maitre-avec-piscine-en-s6-%C3%A0-la-marsa,A louer une villa de maitre avec piscine en S6 à la Marsa,La Marsa à La Marsa,Prix à consulter,700.0,,7.0,,1.0,1.0,1.0,,,Villa,,,,36.8941992,10.2762232,1.0,1.0,,,,,,,,,,1.0,,,,,,,,,,,,,,,,,,,,
https://www.mubawab.tn/fr/a/7968880/a-louer-une-villa-de-maitre-en-s7-avec-piscine-%C3%A0-sidi-bousaid,A louer une villa de maitre en S7 avec piscine à Sidi Bousaid,Sidi Bousaid à Carthage,Prix à consulter,1000.0,10.0,10.0,10.0,1.0,,1.0,1.0,1.0,Villa,Bon état,,,36.871576,10.3343581,1.0,1.0,,1.0,,1.0,1.0,,,,,,,,,,,,,1.0,,1.0,,,,,,,,,,
https://www.mubawab.tn/fr/a/8084563/a-louer-une-villa-en-s5-avec-vue-sur-mer-%C3%A0-sidi-bou-sa%C3%AFd,A louer une villa en S5 avec vue sur mer à Sidi Bou Saïd,Sidi Bousaid à Carthage,7 500 TND,252.0,8.0,6.0,6.0,1.0,,,1.0,,Villa,Bon état,,,36.8566,10.3258,,,,,,,,,,,,,,,,,,,,,,,,,,,,,,,,
https://www.mubawab.tn/fr/a/7967343/a-louer-une-maisonnette-en-s3-%C3%A0-marsa-nassim,A louer une maisonnette en S3 à Marsa Nassim,La Marsa à La Marsa,4 500 TND,350.0,4.0,4.0,2.0,1.0,1.0,,1.0,1.0,Villa,Bon état,,,36.876389,10.325278,1.0,,,1.0,,1.0,,,,,,1.0,,,,,,,,,,1.0,,,,,,,,,,
https://www.mubawab.tn/fr/a/8130649/%C3%A0-louer-un-duplex-en-s3-avec-vue-sur-mer-%C3%A0-sidi-bou-said,À louer un duplex en S3 avec vue sur mer à Sidi Bou Said,Amilcar à Carthage,3 500 TND,200.0,3.0,3.0,,,,,1.0,,Maison,Nouveau,,,36.8566,10.3258,1.0,,,1.0,,,,,,,,,,,,,,,,1.0,,,1.0,,1.0,,,,,,,
https://www.mubawab.tn/fr/a/8132949/louer-un-%C3%A9tage-de-villa-%C3%A0-usage-bureautique-au-lac-2,Louer un étage de villa à usage bureautique au Lac 2,La Marsa,2 800 TND,,,3.0,,,,,,,Villa,,,,36.876389,10.325278,,,,,,,,,,,,,,,,,,,,1.0,,,,,,,,,,,,
https://www.mubawab.tn/fr/a/8136666/villa-s3-avec-jardin-%C3%A0-chotrana-3-la-soukra,Villa S3 avec jardin à chotrana 3 La Soukra,La Soukra à La Soukra,2 200 TND,300.0,4.0,3.0,3.0,1.0,1.0,,1.0,1.0,Villa,Bon état,,,36.883333,10.25,,,,1.0,,,1.0,,,,,,,,,,,,280 m²,,,,,,,,,,,,,
https://www.mubawab.tn/fr/a/8077961/a-louer-plateau-open-space-neuf-500m%C2%B2-lac-3,A louer plateau open space neuf 500m² lac 3,Le Kram à Le Kram,11 700 TND,500.0,,,4.0,,1.0,,1.0,,Villa,Nouveau,Moins d'un an,,36.833333,10.316667,1.0,1.0,,1.0,1.0,,,,,,,1.0,1.0,,1.0,,,,,,,,,1.0,,,,1.0,,,,
https://www.mubawab.tn/fr/a/7966159/location-%E2%80%93-superbe-villa-avec-piscine,Location – Superbe villa avec piscine,Gammarth à La Marsa,Prix à consulter,1000.0,6.0,4.0,4.0,1.0,,1.0,1.0,1.0,Villa,Bon état,,,36.88963073846308,10.325438784649256,1.0,1.0,,1.0,1.0,1.0,1.0,1.0,,,,1.0,1.0,,,,,,,,,1.0,,,,1.0,,,,,,
https://www.mubawab.tn/fr/a/8025647/splendide-villa-jumel%C3%A9e-%C3%A0-la-marina-de-gammarth,Splendide villa jumelée à la Marina de Gammarth,Gammarth à La Marsa,Prix à consulter,700.0,6.0,4.0,4.0,1.0,1.0,1.0,1.0,1.0,Villa,Bon état,,,36.91893006648756,10.30710214622302,1.0,1.0,,1.0,1.0,1.0,1.0,,,,,1.0,1.0,,,,1.0,,,,,,,,,,,,,,,
https://www.mubawab.tn/fr/pa/7660528/joli-duplex-vide-avec-jardin-%C3%A0-la-marsa,Joli Duplex vide avec jardin à la Marsa,La Marsa à La Marsa,4 900 TND,260.0,4.0,3.0,3.0,1.0,1.0,,,1.0,Villa,Nouveau,1-5 ans,Marbre,36.88732716740928,10.322373785222368,,,,,,1.0,,,1.0,,,,,,,1.0,1.0,1.0,,1.0,1.0,,,,,,Est,,,Haut standing,Finalisé,novembre 2021
https://www.mubawab.tn/fr/a/8121357/a-louer-une-villa-en-s4-situ%C3%A9e-%C3%A0-la-soukra,A louer une villa en S4 située à la Soukra,La Soukra à La Soukra,8 000 TND,365.0,6.0,4.0,3.0,1.0,1.0,1.0,1.0,1.0,Villa,Bon état,,,36.883333,10.25,1.0,,,1.0,,,1.0,,,,,,,,,,,,,,,,,,,,,,,,,
https://www.mubawab.tn/fr/a/8098308/location-duplex-s3-avec-jardin,Location duplex s3 avec jardin,La Marsa à La Marsa,5 000 TND,20.0,4.0,3.0,3.0,1.0,1.0,,1.0,1.0,Villa,Bon état,,,36.894199199999946,10.27622320000002,1.0,1.0,,1.0,1.0,1.0,1.0,1.0,1.0,,,1.0,1.0,,,,,,400 m²,,,,,1.0,,,,,,,,
https://www.mubawab.tn/fr/a/8122585/villa-%C3%A0-louer-%C3%A0-gammarth,Villa à louer à Gammarth,Gammarth à La Marsa,13 000 TND,,13.0,4.0,6.0,1.0,1.0,1.0,1.0,1.0,Villa,Nouveau,,Marbre,36.876389,10.325278,1.0,1.0,,1.0,1.0,,1.0,1.0,1.0,,1.0,1.0,1.0,,,,1.0,,,,,,,,,,,,,,,
https://www.mubawab.tn/fr/a/8096907/duplex-meubl%C3%A9-ou-vide,Duplex meublé ou vide,Les Berges Du Lac 1 à La Marsa,2 500 TND,240.0,5.0,4.0,2.0,1.0,1.0,,1.0,1.0,Villa,Bon état,10-20 ans,Marbre,36.87638899999999,10.325278,1.0,1.0,,1.0,1.0,1.0,1.0,1.0,,,1.0,1.0,1.0,2.0,,,1.0,1.0,250 m²,1.0,,1.0,,1.0,,,Ouest,,,,,
https://www.mubawab.tn/fr/a/8097374/une-villa-ind%C3%A9pendante-avec-piscine-%C3%A0-louer-%C3%A0-la-soukra,Une Villa indépendante avec piscine à louer à La Soukra,La Soukra à La Soukra,6 000 TND,1320.0,,7.0,,1.0,1.0,1.0,1.0,,Maison,,,,36.88833,10.27417,,,1.0,1.0,,,,,,,,,,,,,,,,,,,,,,,,,,,,
https://www.mubawab.tn/fr/a/7586419/a-louer-une-villa-de-maitre-a-sidi-bou-said,A louer une villa de maitre a Sidi Bou Said,Sidi Bousaid à Carthage,15 000 TND,1400.0,10.0,8.0,6.0,1.0,1.0,1.0,1.0,,Villa,Nouveau,,,36.8566,10.3258,1.0,,1.0,1.0,,,,,1.0,,,1.0,1.0,,,,,,,,,,,,,,,,,,,
https://www.mubawab.tn/fr/a/8124845/%C3%A0-louer-villa-s4-de-400-m%C2%B2-cit%C3%A9-les-pins-la-marsa,À Louer Villa S4 de 400 m² Cité Les Pins La Marsa,La Marsa à La Marsa,6 500 TND,900.0,6.0,5.0,3.0,1.0,1.0,,1.0,1.0,Villa,Nouveau,,,36.876389,10.325278,1.0,,,1.0,,,,1.0,,,,,,,,,,,,,,,,,,,,,,,,
https://www.mubawab.tn/fr/a/8136630/villa-s4-avec-jardin-et-piscine-carthage,"Villa S4 avec jardin et piscine, Carthage",Carthage à Carthage,7 500 TND,600.0,5.0,4.0,3.0,1.0,1.0,1.0,1.0,1.0,Villa,Bon état,,Marbre,36.8566,10.3258,1.0,,,1.0,,,1.0,1.0,1.0,,,,,3.0,,,,,450 m²,,,,,,,1.0,,,,,,
https://www.mubawab.tn/fr/a/8128104/villa-avec-piscine,Villa avec piscine,Gammarth à La Marsa,4 500 TND,350.0,4.0,3.0,3.0,1.0,1.0,,1.0,1.0,Villa,Bon état,10-20 ans,Marbre,36.917739,10.288893,1.0,,,1.0,,,,,,,,,,,,,,,,,,,,,1.0,1.0,,,,,,
https://www.mubawab.tn/fr/a/8136557/rez-de-chausse-de-villa-s3-%C3%A0-la-marsa,Rez de chausse de villa S3 à La Marsa,Cité Les Pins à La Marsa,1 900 TND,200.0,3.0,3.0,,1.0,,,1.0,,Maison,Bon état,,,36.876389,10.325278,1.0,,,1.0,1.0,,,,,,,1.0,,,,,,,,1.0,,,1.0,,,,,,,,,
https://www.mubawab.tn/fr/a/8136553/villa-s4-avec-piscine-%C3%A0-gammarth,Villa S4 avec piscine à Gammarth,Gammarth à La Marsa,5 500 TND,300.0,4.0,4.0,3.0,1.0,1.0,1.0,1.0,1.0,Villa,Bon état,,,36.876389,10.325278,1.0,,1.0,1.0,1.0,1.0,1.0,,1.0,1.0,,1.0,1.0,,,,,1.0,,,,,,,,1.0,,,,,,
https://www.mubawab.tn/fr/a/8136545/a-louer-villa-s3-%C3%A0-la-marsa-avec-piscine,A louer villa s3 à la Marsa avec piscine,Cité Les Pins à La Marsa,6 000 TND,350.0,4.0,4.0,3.0,1.0,1.0,1.0,1.0,1.0,Villa,Bon état,,,36.876389,10.325278,1.0,,,1.0,1.0,,1.0,1.0,1.0,,,1.0,1.0,,,,,,,,,,,,,,,,,,,
https://www.mubawab.tn/fr/a/8136533/a-louer-une-villa-s4-%C3%A0-la-marsa,A Louer une Villa s4 à la Marsa,La Marsa à La Marsa,4 700 TND,450.0,4.0,4.0,,,,1.0,,1.0,Maison,Nouveau,,,36.876389,10.325278,1.0,,,1.0,,,,,,,,,,,,,,,,,,,1.0,,,,,,,,,
https://www.mubawab.tn/fr/a/8116396/a-louer-une-villa-s6-avec-piscine,A louer une villa s6 avec piscine,Les Jardins de Carthage à Le Kram,6 500 TND,600.0,6.0,6.0,,1.0,1.0,1.0,,1.0,Maison,Nouveau,,,36.833333,10.316667,,,,,,,,,,,,,,,,,,,,,,,1.0,,,,,,,,,
https://www.mubawab.tn/fr/a/8118816/a-louer-un-etage-de-villa-s3-%C3%A0-la-marsa,A Louer un Etage de villa s3 à la Marsa,Cité Les Pins à La Marsa,1 900 TND,160.0,3.0,3.0,,,,,,1.0,Villa,Nouveau,,,36.876389,10.325278,,,,1.0,,,,,,,,,,,,,,,,,,,1.0,,,,,,,,,
https://www.mubawab.tn/fr/a/8040662/a-louer-villa-de-luxe-a-la-marsa,A Louer Villa de luxe a la Marsa,La Marsa à La Marsa,9 000 TND,350.0,5.0,5.0,3.0,1.0,1.0,1.0,1.0,1.0,Maison,Nouveau,Moins d'un an,Marbre,36.876389,10.325278,1.0,1.0,,1.0,1.0,1.0,1.0,1.0,1.0,1.0,1.0,1.0,1.0,2.0,,,,1.0,450 m²,,,,,,1.0,1.0,Sud,,,,,
https://www.mubawab.tn/fr/a/8065170/maison-s2-avec-terrasse-%C3%A0-louer-hammamet,Maison S2 avec terrasse à louer Hammamet,Hammamet à Hammamet,1 500 TND,,6.0,2.0,2.0,,,,1.0,1.0,Maison,Bon état,,,36.40108,10.61457,1.0,,,1.0,1.0,1.0,1.0,,,1.0,1.0,1.0,,,,,,,,1.0,1.0,1.0,,,,,,,,,,
https://www.mubawab.tn/fr/a/8136459/a-louer-triplex-%C3%A0-la-soukra,A louer Triplex à La Soukra,Aéroport Tunis Carthage à La Soukra,3 000 TND,210.0,5.0,5.0,,1.0,,,,1.0,Maison,Nouveau,,,36.883333,10.25,1.0,,,,,,,,,,,,,,,,,,,,,,1.0,,,,,,,,,
https://www.mubawab.tn/fr/a/8136435/a-louer-s1-ennasr,A louer s1 ennasr,Ariana à Ariana Ville,1 150 TND,64.0,,2.0,,,1.0,,,,Maison,Nouveau,,,36.8625,10.19556,1.0,,,,,,,,,,,,,,1.0,,,,,,,,1.0,1.0,,,,,,,,
https://www.mubawab.tn/fr/a/8041471/a-louer-appartement-moderne-meubl%C3%A9-s1-%C3%A0-mutuelle-ville,A louer appartement moderne meublé S1 à Mutuelle ville,Mutuelle Ville à El Menzah,1 500 TND,50.0,2.0,,,,,,1.0,1.0,Villa,Nouveau,Moins d'un an,Marbre,36.845235,10.164723,,1.0,,1.0,1.0,1.0,,,,1.0,,1.0,1.0,,,,,,,1.0,1.0,,1.0,,,,,1.0,,,,
https://www.mubawab.tn/fr/a/8071990/a-louer-villa-8-pi%C3%A8ces-500-m%C2%B2-usg-bureau-%C3%A0-mutuelle-ville,A louer villa 8 pièces 500 m² usg bureau à Mutuelle ville,Mutuelle Ville à El Menzah,8 000 TND,510.0,8.0,6.0,4.0,1.0,1.0,,1.0,1.0,Villa,Bon état,10-20 ans,Marbre,36.845235,10.164723,1.0,1.0,,1.0,1.0,,,1.0,,,1.0,1.0,1.0,3.0,,1.0,,,650 m²,1.0,,,,,,,,,,,,
https://www.mubawab.tn/fr/a/8061671/villa-s4-plain-pieds-avec-piscine-%C3%A0-la-soukra,Villa S4 plain pieds avec piscine à La Soukra,La Soukra à La Soukra,3 800 TND,1000.0,5.0,4.0,3.0,1.0,1.0,1.0,1.0,1.0,Villa,Bon état,,,36.883333,10.25,,,,1.0,,,1.0,,,,,,,,,,,,,,,,,,,,,,,,,
https://www.mubawab.tn/fr/a/8044980/villa-s3-%C3%A0-la-marsa,Villa S3 à La Marsa,La Marsa à La Marsa,2 000 TND,300.0,4.0,3.0,3.0,,,,1.0,1.0,Villa,Nouveau,Moins d'un an,,36.87638899999999,10.325278000000004,1.0,,,1.0,1.0,,1.0,,,,1.0,,1.0,,,,,,,,,,,,,,,,,,,
https://www.mubawab.tn/fr/a/8048518/a-louer-villa-plain-pied-s6-avec-jardin-%C3%A0-el-manar-3,A louer villa plain pied S6 avec jardin à El Manar 3,El Manar 3 à El Menzah,4 300 TND,500.0,7.0,5.0,4.0,1.0,1.0,,1.0,1.0,Villa,Bon état,10-20 ans,Marbre,36.845235,10.164723,1.0,1.0,,1.0,1.0,,,1.0,,,1.0,1.0,1.0,1.0,,,,1.0,1000 m²,,,,,,,,,,,,,
https://www.mubawab.tn/fr/a/8109512/a-louer-villa-r%C3%A9nov%C3%A9e-ac-jardin-%C3%A0-mutuelle-ville,A louer villa rénovée ac jardin à Mutuelle ville,Mutuelle Ville à El Menzah,4 000 TND,200.0,4.0,3.0,2.0,1.0,1.0,,1.0,1.0,Villa,Nouveau,1-5 ans,Marbre,36.845235,10.164723,1.0,,,1.0,1.0,,1.0,1.0,,,,1.0,1.0,1.0,,,1.0,1.0,500 m²,,,,,,,,,,,,,
https://www.mubawab.tn/fr/a/7897674/a-louer-un-appartement-meubl%C3%A9-%C3%A0-kantaoui,A louer un appartement meublé à kantaoui,Cité de la Plage à Hammam Sousse,1 000 TND,100.0,,,,,,,1.0,,Maison,Nouveau,,,35.8569,10.5972,1.0,,,1.0,,,1.0,,,,,1.0,,,1.0,,,,,1.0,,,1.0,1.0,,,,1.0,,,,
https://www.mubawab.tn/fr/a/8136372/duplex-s3-meubl%C3%A9-avec-piscine-carthage,"Duplex S3 meublé avec piscine, Carthage",Carthage à Carthage,4 500 TND,185.0,4.0,3.0,3.0,1.0,,1.0,1.0,1.0,Villa,Bon état,5-10 ans,Marbre,36.8566,10.3258,1.0,,,1.0,,1.0,1.0,,,,,,,2.0,,,1.0,,,1.0,1.0,1.0,,,,1.0,,,,,,
https://www.mubawab.tn/fr/a/7919597/location-saisonni%C3%A8re-villa-avec-piscine,Location saisonnière villa avec piscine,Akouda,Prix à consulter,1000.0,,4.0,,,,,,,Villa,,,,35.87,10.57,,,,,,,,,,,,,,,,,,,,,,,,,,,,,,,,
https://www.mubawab.tn/fr/a/8136329/splendide-villa-s5-avec-piscine-aux-jardins-de-carthage,Splendide Villa S5 Avec Piscine aux jardins de Carthage,Les Jardins de Carthage à Le Kram,8 000 TND,750.0,6.0,5.0,4.0,1.0,1.0,1.0,1.0,1.0,Villa,Bon état,,,36.833333,10.316667,,,,1.0,1.0,,,,1.0,,,1.0,1.0,,,,,,,,,,,,,,,,,,,
https://www.mubawab.tn/fr/a/8136286/a-louer-villa-s5-avec-piscine-%C3%A0-l-aouina,A louer villa s5 avec piscine à l'aouina,Aouina à La Marsa,5 000 TND,1000.0,2.0,5.0,3.0,1.0,1.0,1.0,1.0,1.0,Villa,Bon état,,,36.876389,10.325278,1.0,,,1.0,1.0,,,1.0,,,1.0,,1.0,1.0,,,,,,,,,,,,,Nord,,,,,
https://www.mubawab.tn/fr/a/8136285/une-villa-s4-%C3%A0-gammarth-avec-piscine,Une villa s4 à gammarth avec piscine,Gammarth à La Marsa,6 300 TND,600.0,5.0,4.0,2.0,1.0,1.0,1.0,1.0,1.0,Villa,Bon état,,,36.876389,10.325278,1.0,,,1.0,1.0,1.0,1.0,1.0,1.0,,1.0,1.0,,,,1.0,1.0,1.0,,1.0,1.0,1.0,,,,,,,,,,
https://www.mubawab.tn/fr/a/8102323/a-louer-villa-s5-usg-habitation-bureautique-mutuelleville,A louer Villa S5 usg habitation bureautique Mutuelleville,Mutuelle Ville à El Menzah,6 500 TND,380.0,6.0,5.0,3.0,1.0,1.0,,1.0,1.0,Villa,Bon état,10-20 ans,Marbre,36.845235,10.164723,1.0,1.0,,,1.0,,,1.0,1.0,,,,,3.0,,,,1.0,500 m²,,,,,,,,,,,,,
